# This file uses centimeters as units for non-parametric coordinates.

mtllib Coffee_Cup.mtl
g default
v -1.745160 0.718631 -4.411196
v -1.630526 1.949985 -4.411196
v -1.800600 0.718631 -4.132434
v -1.694694 1.949985 -4.088548
v -1.958510 0.718631 -3.896089
v -1.877453 1.949985 -3.815032
v -2.194855 0.718631 -3.738179
v -2.150969 1.949985 -3.632273
v -2.473617 0.718631 -3.682739
v -2.473617 1.949985 -3.568105
v -2.752379 0.718631 -3.738179
v -2.796265 1.949985 -3.632273
v -2.988724 0.718631 -3.896089
v -3.069781 1.949985 -3.815032
v -3.146634 0.718631 -4.132434
v -3.252540 1.949985 -4.088548
v -3.202074 0.718631 -4.411196
v -3.316708 1.949985 -4.411196
v -3.146634 0.718631 -4.689958
v -3.252540 1.949985 -4.733844
v -2.988724 0.718631 -4.926302
v -3.069781 1.949985 -5.007360
v -2.752379 0.718631 -5.084213
v -2.796265 1.949985 -5.190119
v -2.473617 0.718631 -5.139653
v -2.473617 1.949985 -5.254287
v -2.194855 0.718631 -5.084213
v -2.150969 1.949985 -5.190119
v -1.694694 1.949985 -4.733844
v -1.800600 0.718631 -4.689958
v -1.958510 0.718631 -4.926302
v -1.877453 1.949985 -5.007360
v -1.694694 1.949985 -4.733844
v -1.630526 1.949985 -4.411196
v -1.800600 0.718631 -4.689958
v -1.745160 0.718631 -4.411196
v -1.694694 1.949985 -4.088548
v -1.800600 0.718631 -4.132434
v -1.877453 1.949985 -3.815032
v -1.958510 0.718631 -3.896089
v -2.150969 1.949985 -3.632273
v -2.194855 0.718631 -3.738179
v -2.473617 1.949985 -3.568105
v -2.473617 0.718631 -3.682739
v -2.796265 1.949985 -3.632273
v -2.752379 0.718631 -3.738179
v -3.069781 1.949985 -3.815032
v -2.988724 0.718631 -3.896089
v -3.252540 1.949985 -4.088548
v -3.146634 0.718631 -4.132434
v -3.316708 1.949985 -4.411196
v -3.202074 0.718631 -4.411196
v -3.252540 1.949985 -4.733844
v -3.146634 0.718631 -4.689958
v -3.069781 1.949985 -5.007360
v -2.988724 0.718631 -4.926302
v -2.796265 1.949985 -5.190119
v -2.752379 0.718631 -5.084213
v -2.473617 1.949985 -5.254287
v -2.473617 0.718631 -5.139653
v -2.150969 1.949985 -5.190119
v -2.194855 0.718631 -5.084213
v -1.877453 1.949985 -5.007360
v -1.958510 0.718631 -4.926302
v -1.699329 1.536443 -4.731923
v -1.635523 1.536443 -4.411196
v -1.734624 1.126000 -4.717294
v -1.673734 1.126000 -4.411196
v -1.699329 1.536443 -4.090470
v -1.734624 1.126000 -4.105099
v -1.881002 1.536443 -3.818581
v -1.908022 1.126000 -3.845601
v -2.152891 1.536443 -3.636908
v -2.167520 1.126000 -3.672203
v -2.473617 1.536443 -3.573102
v -2.473617 1.126000 -3.611313
v -2.794343 1.536443 -3.636908
v -2.779714 1.126000 -3.672203
v -3.066232 1.536443 -3.818581
v -3.039212 1.126000 -3.845601
v -3.247905 1.536443 -4.090470
v -3.212610 1.126000 -4.105099
v -3.311711 1.536443 -4.411196
v -3.273500 1.126000 -4.411196
v -3.247905 1.536443 -4.731923
v -3.212610 1.126000 -4.717294
v -3.066232 1.536443 -5.003810
v -3.039212 1.126000 -4.976791
v -2.794343 1.536443 -5.185484
v -2.779714 1.126000 -5.150189
v -2.473617 1.536443 -5.249290
v -2.473617 1.126000 -5.211079
v -2.152891 1.536443 -5.185484
v -2.167520 1.126000 -5.150189
v -1.881002 1.536443 -5.003810
v -1.908022 1.126000 -4.976791
v -1.674119 1.947905 -4.742368
v -1.665459 1.936848 -4.745941
v -1.598872 1.936848 -4.411196
v -1.608232 1.947905 -4.411196
v -1.769624 0.725730 -4.702800
v -1.780048 0.716573 -4.698482
v -1.722911 0.716573 -4.411196
v -1.711629 0.725730 -4.411196
v -1.665459 1.936848 -4.076451
v -1.674119 1.947905 -4.080024
v -1.780048 0.716573 -4.123910
v -1.769624 0.725730 -4.119592
v -1.855068 1.936848 -3.792647
v -1.861693 1.947905 -3.799272
v -1.942796 0.716573 -3.880375
v -1.934815 0.725730 -3.872394
v -2.138872 1.936848 -3.603038
v -2.142445 1.947905 -3.611697
v -2.186331 0.716573 -3.717627
v -2.182013 0.725730 -3.707203
v -2.473617 1.936848 -3.536451
v -2.473617 1.947905 -3.545811
v -2.473617 0.716573 -3.660491
v -2.473617 0.725730 -3.649208
v -2.808362 1.936848 -3.603038
v -2.804789 1.947905 -3.611697
v -2.760903 0.716573 -3.717627
v -2.765221 0.725730 -3.707203
v -3.092166 1.936848 -3.792647
v -3.085541 1.947905 -3.799272
v -3.004438 0.716573 -3.880375
v -3.012419 0.725730 -3.872394
v -3.281775 1.936848 -4.076451
v -3.273116 1.947905 -4.080024
v -3.167186 0.716573 -4.123910
v -3.177610 0.725730 -4.119592
v -3.348362 1.936848 -4.411196
v -3.339002 1.947905 -4.411196
v -3.224322 0.716573 -4.411196
v -3.235605 0.725730 -4.411196
v -3.281775 1.936848 -4.745941
v -3.273116 1.947905 -4.742368
v -3.167186 0.716573 -4.698482
v -3.177610 0.725730 -4.702800
v -3.092166 1.936848 -5.029745
v -3.085541 1.947905 -5.023120
v -3.004438 0.716573 -4.942017
v -3.012419 0.725730 -4.949998
v -2.808362 1.936848 -5.219355
v -2.804789 1.947905 -5.210694
v -2.760903 0.716573 -5.104765
v -2.765221 0.725730 -5.115189
v -2.473617 1.936848 -5.285942
v -2.473617 1.947905 -5.276581
v -2.473617 0.716573 -5.161902
v -2.473617 0.725730 -5.173184
v -2.138872 1.936848 -5.219355
v -2.142445 1.947905 -5.210694
v -2.186331 0.716573 -5.104765
v -2.182013 0.725730 -5.115189
v -1.855068 1.936848 -5.029745
v -1.861693 1.947905 -5.023120
v -1.942796 0.716573 -4.942017
v -1.934815 0.725730 -4.949998
v -1.638055 2.562451 -4.757291
v -1.834109 2.562451 -5.050704
v -2.127522 2.562451 -5.246758
v -2.473617 2.562451 -5.315606
v -2.819712 2.562451 -5.246758
v -3.113125 2.562451 -5.050704
v -3.309179 2.562451 -4.757291
v -3.378027 2.562451 -4.411196
v -3.309179 2.562451 -4.065101
v -3.113125 2.562451 -3.771688
v -2.819712 2.562451 -3.575634
v -2.473617 2.562451 -3.506786
v -2.127522 2.562451 -3.575634
v -1.834109 2.562451 -3.771688
v -1.638055 2.562451 -4.065101
v -1.569207 2.562451 -4.411196
v -2.217556 0.085318 -4.155135
v -2.217556 0.085318 -4.667257
v -2.473617 0.085318 -4.155135
v -2.473617 0.085318 -4.667257
v -2.729678 0.085318 -4.155135
v -2.729678 0.085318 -4.667257
v -2.729678 0.085318 -4.411196
v -2.473617 0.085318 -4.411196
v -2.217556 0.085318 -4.411196
v -1.855430 0.115073 -4.667257
v -1.884371 0.085318 -4.655274
v -2.022610 0.085318 -4.862203
v -2.000475 0.115073 -4.884338
v -2.217556 0.115073 -5.029383
v -2.229539 0.085318 -5.000442
v -2.473617 0.115073 -5.080324
v -2.473617 0.085318 -5.049009
v -2.729678 0.115073 -5.029383
v -2.717695 0.085318 -5.000442
v -2.924624 0.085318 -4.862203
v -2.946759 0.115073 -4.884338
v -3.091804 0.115073 -4.667257
v -3.062863 0.085318 -4.655274
v -3.142745 0.115073 -4.411196
v -3.111429 0.085318 -4.411196
v -3.091804 0.115073 -4.155135
v -3.062863 0.085318 -4.167119
v -2.924624 0.085318 -3.960189
v -2.946759 0.115073 -3.938054
v -2.729678 0.115073 -3.793009
v -2.717695 0.085318 -3.821950
v -2.473617 0.115073 -3.742068
v -2.473617 0.085318 -3.773384
v -2.217556 0.115073 -3.793009
v -2.229539 0.085318 -3.821950
v -2.022610 0.085318 -3.960189
v -2.000475 0.115073 -3.938054
v -1.855430 0.115073 -4.155135
v -1.884371 0.085318 -4.167119
v -1.804489 0.115073 -4.411196
v -1.835804 0.085318 -4.411196
v -2.968714 2.641090 -4.906292
v -2.473617 2.641090 -4.411196
v -2.473617 2.641090 -4.061099
v -2.823714 2.641090 -4.411196
v -2.772434 2.641090 -4.112379
v -2.123520 2.641090 -4.411196
v -2.174800 2.641090 -4.112379
v -2.473617 2.641090 -4.761293
v -2.174800 2.641090 -4.710013
v -2.998763 2.641090 -4.411196
v -2.946465 2.641090 -4.127799
v -2.798074 2.641090 -4.261787
v -2.972625 2.641090 -4.269497
v -2.757014 2.641090 -3.938348
v -2.900815 2.641090 -3.983998
v -2.473617 2.641090 -3.886050
v -2.623025 2.641090 -4.086739
v -2.615315 2.641090 -3.912188
v -2.473617 2.641090 -4.236147
v -2.648665 2.641090 -4.411196
v -2.635845 2.641090 -4.248968
v -2.190220 2.641090 -3.938348
v -2.324208 2.641090 -4.086739
v -2.331918 2.641090 -3.912188
v -2.000769 2.641090 -4.127799
v -2.046419 2.641090 -3.983998
v -1.948471 2.641090 -4.411196
v -2.149160 2.641090 -4.261787
v -1.974609 2.641090 -4.269497
v -2.298568 2.641090 -4.411196
v -2.311388 2.641090 -4.248968
v -2.000769 2.641090 -4.694593
v -2.149160 2.641090 -4.560605
v -1.974609 2.641090 -4.552895
v -2.190220 2.641090 -4.884044
v -2.046419 2.641090 -4.838394
v -2.473617 2.641090 -4.936341
v -2.324208 2.641090 -4.735653
v -2.331918 2.641090 -4.910204
v -2.473617 2.641090 -4.586245
v -2.311388 2.641090 -4.573425
v -2.623025 2.641090 -4.735653
v -2.615315 2.641090 -4.910204
v -2.879629 2.635166 -4.946652
v -3.024312 2.609255 -4.803507
v -2.900498 2.642921 -4.833601
v -2.798074 2.641090 -4.560605
v -2.972625 2.641090 -4.552895
v -2.635845 2.641090 -4.573425
v -3.162551 2.641090 -4.411196
v -3.173811 2.654272 -4.411196
v -3.149324 2.641090 -4.276801
v -3.160358 2.654272 -4.274608
v -3.110118 2.641090 -4.147561
v -3.120496 2.654272 -4.143242
v -3.046448 2.641090 -4.028450
v -3.055808 2.654272 -4.022186
v -2.960777 2.641090 -3.924036
v -2.968714 2.654272 -3.916099
v -2.856363 2.641090 -3.838365
v -2.862626 2.654272 -3.829005
v -2.737253 2.641090 -3.774695
v -2.741571 2.654272 -3.764317
v -2.608012 2.641090 -3.735489
v -2.610206 2.654272 -3.724455
v -2.473617 2.641090 -3.722262
v -2.473617 2.654272 -3.711002
v -2.339222 2.641090 -3.735489
v -2.337029 2.654272 -3.724455
v -2.209981 2.641090 -3.774695
v -2.205663 2.654272 -3.764317
v -2.090871 2.641090 -3.838365
v -2.084608 2.654272 -3.829005
v -1.986457 2.641090 -3.924036
v -1.978521 2.654272 -3.916099
v -1.900786 2.641090 -4.028450
v -1.891426 2.654272 -4.022186
v -1.837116 2.641090 -4.147561
v -1.826738 2.654272 -4.143242
v -1.797910 2.641090 -4.276801
v -1.786876 2.654272 -4.274608
v -1.784683 2.641090 -4.411196
v -1.773423 2.654272 -4.411196
v -1.797910 2.641090 -4.545591
v -1.786876 2.654272 -4.547785
v -1.837116 2.641090 -4.674832
v -1.826738 2.654272 -4.679150
v -1.900786 2.641090 -4.793942
v -1.891426 2.654272 -4.800205
v -1.986457 2.641090 -4.898356
v -1.978521 2.654272 -4.906292
v -2.090871 2.641090 -4.984026
v -2.084608 2.654272 -4.993388
v -2.209981 2.641090 -5.047697
v -2.205663 2.654272 -5.058075
v -2.339222 2.641090 -5.086903
v -2.337029 2.654272 -5.097937
v -2.473617 2.641090 -5.100130
v -2.473617 2.654272 -5.111391
v -2.608012 2.641090 -5.086903
v -2.610206 2.654272 -5.097937
v -2.731080 2.641090 -5.049574
v -2.741571 2.654272 -5.058075
v -2.746116 2.641090 -4.880675
v -2.757014 2.654249 -4.884044
v -2.820684 2.633493 -4.748112
v -2.828982 2.646629 -4.756658
v -3.111995 2.641090 -4.668659
v -3.120496 2.654272 -4.679150
v -2.943232 2.641090 -4.683627
v -2.946465 2.654249 -4.694593
v -3.149324 2.641090 -4.545591
v -3.160358 2.654272 -4.547785
v -2.741571 2.807863 -5.058075
v -2.737195 2.817081 -5.069298
v -2.770277 2.816523 -5.036030
v -2.793803 2.815730 -4.876562
v -2.757014 2.807863 -4.884044
v -3.120496 2.809107 -4.679150
v -3.097168 2.817435 -4.708736
v -3.131392 2.817300 -4.674650
v -2.942938 2.814819 -4.730333
v -2.946465 2.809220 -4.694593
v -2.852674 2.810924 -4.783489
v -2.828982 2.801419 -4.756658
v -3.184744 2.817422 -4.410491
v -3.173811 2.808948 -4.411196
v -3.171195 2.817427 -4.272413
v -3.160358 2.808948 -4.274608
v -3.131326 2.817428 -4.139657
v -3.120496 2.808948 -4.143242
v -3.068327 2.817428 -4.018596
v -3.055808 2.808948 -4.022186
v -2.987046 2.817428 -3.915045
v -2.968714 2.808948 -3.916099
v -2.860497 2.817428 -3.811182
v -2.862626 2.808948 -3.829005
v -2.742832 2.817428 -3.751499
v -2.741571 2.808948 -3.764317
v -2.611618 2.817428 -3.713203
v -2.610206 2.808948 -3.724455
v -2.473420 2.817428 -3.700070
v -2.473617 2.808948 -3.711002
v -2.334872 2.817428 -3.713875
v -2.337029 2.808948 -3.724455
v -2.201547 2.817428 -3.754375
v -2.205663 2.808948 -3.764317
v -2.078644 2.817428 -3.820074
v -2.084608 2.808948 -3.829005
v -1.970918 2.817428 -3.908497
v -1.978521 2.808948 -3.916099
v -1.882496 2.817428 -4.016223
v -1.891426 2.808948 -4.022186
v -1.816797 2.817428 -4.139127
v -1.826738 2.808948 -4.143242
v -1.776301 2.817428 -4.272457
v -1.786876 2.808948 -4.274608
v -1.762511 2.817428 -4.411023
v -1.773423 2.808948 -4.411196
v -1.775691 2.817428 -4.549278
v -1.786876 2.808948 -4.547785
v -1.814221 2.817428 -4.680778
v -1.826738 2.808948 -4.679150
v -1.874251 2.817428 -4.798866
v -1.891426 2.808948 -4.800205
v -1.978114 2.817428 -4.925415
v -1.978521 2.808948 -4.906292
v -2.081318 2.817428 -5.006274
v -2.084608 2.808948 -4.993388
v -2.202144 2.817426 -5.068988
v -2.205663 2.808948 -5.058075
v -2.334852 2.817421 -5.108805
v -2.337029 2.808948 -5.097937
v -2.472915 2.817404 -5.122355
v -2.473617 2.808948 -5.111391
v -2.607864 2.817322 -5.109778
v -2.610206 2.808948 -5.097937
v -3.172100 2.817417 -4.545483
v -3.160358 2.808948 -4.547785
v -2.891296 2.800537 -4.932679
v -2.872192 2.813509 -4.960648
v -2.907550 2.810770 -4.813718
v -2.879397 2.810839 -4.841878
v -2.900498 2.794071 -4.833601
v -2.998718 2.800945 -4.811963
v -3.023948 2.813823 -4.803850
v -2.968714 2.804404 -4.906292
v -2.979255 2.816078 -4.918764
v -3.267418 2.811051 -4.411196
v -3.238028 2.817755 -4.410477
v -3.252156 2.811051 -4.256339
v -3.223415 2.817759 -4.262100
v -3.207003 2.811051 -4.107428
v -3.180547 2.817760 -4.119272
v -3.133633 2.811051 -3.970183
v -3.112736 2.817760 -3.989103
v -3.034916 2.811051 -3.849897
v -3.024855 2.817760 -3.877422
v -2.914630 2.811051 -3.751180
v -2.890016 2.817760 -3.766755
v -2.777385 2.811051 -3.677810
v -2.763105 2.817760 -3.702187
v -2.628475 2.811051 -3.632658
v -2.622006 2.817760 -3.660954
v -2.473617 2.811051 -3.617395
v -2.473417 2.817760 -3.646791
v -2.318759 2.811051 -3.632658
v -2.324481 2.817760 -3.661630
v -2.169848 2.811051 -3.677810
v -2.181161 2.817760 -3.705158
v -2.032604 2.811051 -3.751180
v -2.049046 2.817760 -3.775790
v -1.912318 2.811051 -3.849897
v -1.933255 2.817760 -3.870834
v -1.813601 2.811051 -3.970183
v -1.838212 2.817760 -3.986626
v -1.740231 2.811051 -4.107428
v -1.767580 2.817760 -4.118741
v -1.695078 2.811051 -4.256339
v -1.724056 2.817760 -4.262066
v -1.679816 2.811051 -4.411196
v -1.709232 2.817760 -4.411021
v -1.695078 2.811051 -4.566053
v -1.723441 2.817760 -4.559666
v -1.740231 2.811051 -4.714965
v -1.764927 2.817760 -4.701074
v -1.813601 2.811051 -4.852209
v -1.829803 2.817760 -4.828362
v -1.912318 2.811051 -4.972496
v -1.940470 2.817760 -4.963202
v -2.032604 2.811051 -5.071212
v -2.051843 2.817760 -5.050705
v -2.169848 2.811051 -5.144582
v -2.181758 2.817759 -5.118209
v -2.318759 2.811051 -5.189734
v -2.324539 2.817755 -5.161026
v -2.473617 2.811051 -5.204997
v -2.472889 2.817739 -5.175641
v -2.628475 2.811051 -5.189734
v -2.620773 2.817693 -5.161076
v -2.777385 2.811051 -5.144582
v -2.756700 2.817533 -5.118868
v -2.914630 2.810915 -5.071212
v -2.884560 2.817090 -5.048438
v -3.034916 2.811051 -4.972496
v -3.016104 2.817268 -4.955316
v -3.133633 2.811255 -4.852209
v -3.110144 2.817657 -4.822582
v -3.207003 2.811051 -4.714965
v -3.180835 2.817663 -4.694562
v -3.252156 2.811051 -4.566053
v -3.223413 2.817741 -4.558379
v -3.275829 2.641090 -4.411196
v -3.267418 2.650948 -4.411196
v -3.260431 2.641090 -4.254688
v -3.252156 2.650948 -4.256339
v -3.214781 2.641090 -4.104194
v -3.207003 2.650948 -4.107428
v -3.140642 2.641090 -3.965503
v -3.133633 2.650948 -3.970183
v -3.040863 2.641090 -3.843950
v -3.034916 2.650948 -3.849897
v -2.919310 2.641090 -3.744171
v -2.914630 2.650948 -3.751180
v -2.780619 2.641090 -3.670032
v -2.777385 2.650948 -3.677810
v -2.630125 2.641090 -3.624382
v -2.628475 2.650948 -3.632658
v -2.473617 2.641090 -3.608984
v -2.473617 2.650948 -3.617395
v -2.317109 2.641090 -3.624382
v -2.318759 2.650948 -3.632658
v -2.166615 2.641090 -3.670032
v -2.169848 2.650948 -3.677810
v -2.027924 2.641090 -3.744171
v -2.032604 2.650948 -3.751180
v -1.906371 2.641090 -3.843950
v -1.912318 2.650948 -3.849897
v -1.806592 2.641090 -3.965503
v -1.813601 2.650948 -3.970183
v -1.732453 2.641090 -4.104194
v -1.740231 2.650948 -4.107428
v -1.686803 2.641090 -4.254688
v -1.695078 2.650948 -4.256339
v -1.671405 2.641090 -4.411196
v -1.679816 2.650948 -4.411196
v -1.686803 2.641090 -4.567704
v -1.695078 2.650948 -4.566053
v -1.732453 2.641090 -4.718198
v -1.740231 2.650948 -4.714965
v -1.806592 2.641090 -4.856889
v -1.813601 2.650948 -4.852209
v -1.906371 2.641090 -4.978442
v -1.912318 2.650948 -4.972496
v -2.027924 2.641090 -5.078221
v -2.032604 2.650948 -5.071212
v -2.166615 2.641090 -5.152360
v -2.169848 2.650948 -5.144582
v -2.317109 2.641090 -5.198010
v -2.318759 2.650948 -5.189734
v -2.473617 2.641090 -5.213408
v -2.473617 2.650948 -5.204997
v -2.630125 2.641090 -5.198010
v -2.628475 2.650948 -5.189734
v -2.780619 2.641090 -5.152360
v -2.777385 2.650948 -5.144582
v -2.919310 2.641090 -5.078221
v -2.914630 2.650948 -5.071212
v -3.040863 2.641090 -4.978442
v -3.034916 2.650948 -4.972496
v -3.140642 2.641090 -4.856889
v -3.133633 2.650948 -4.852209
v -3.214781 2.641090 -4.718198
v -3.207003 2.650948 -4.714965
v -3.260431 2.641090 -4.567704
v -3.252156 2.650948 -4.566053
v -3.396500 2.622391 -4.411196
v -3.380559 2.641090 -4.411196
v -3.378773 2.622391 -4.231151
v -3.363149 2.641090 -4.234249
v -3.326249 2.622391 -4.058024
v -3.311530 2.641090 -4.064129
v -3.240964 2.622391 -3.898463
v -3.227714 2.641090 -3.907327
v -3.126194 2.622391 -3.758619
v -3.114934 2.641090 -3.769879
v -2.986350 2.622391 -3.643849
v -2.977486 2.641090 -3.657099
v -2.826789 2.622391 -3.558564
v -2.820684 2.641090 -3.573283
v -2.653662 2.622391 -3.506040
v -2.650565 2.641090 -3.521664
v -2.473617 2.622391 -3.488313
v -2.473617 2.641090 -3.504254
v -2.293572 2.622391 -3.506040
v -2.296669 2.641090 -3.521664
v -2.120445 2.622391 -3.558564
v -2.126549 2.641090 -3.573283
v -1.960884 2.622391 -3.643849
v -1.969748 2.641090 -3.657099
v -1.821040 2.622391 -3.758619
v -1.832300 2.641090 -3.769879
v -1.706270 2.622391 -3.898463
v -1.719520 2.641090 -3.907327
v -1.620985 2.622391 -4.058024
v -1.635704 2.641090 -4.064129
v -1.568461 2.622391 -4.231151
v -1.584085 2.641090 -4.234249
v -1.550734 2.622391 -4.411196
v -1.566675 2.641090 -4.411196
v -1.568461 2.622391 -4.591242
v -1.584085 2.641090 -4.588144
v -1.620985 2.622391 -4.764369
v -1.635704 2.641090 -4.758263
v -1.706270 2.622391 -4.923929
v -1.719520 2.641090 -4.915065
v -1.821040 2.622391 -5.063773
v -1.832300 2.641090 -5.052514
v -1.960884 2.622391 -5.178543
v -1.969748 2.641090 -5.165293
v -2.120445 2.622391 -5.263829
v -2.126549 2.641090 -5.249109
v -2.293572 2.622391 -5.316352
v -2.296669 2.641090 -5.300728
v -2.473617 2.622391 -5.334078
v -2.473617 2.641090 -5.318139
v -2.653662 2.622391 -5.316352
v -2.650565 2.641090 -5.300728
v -2.826789 2.622391 -5.263829
v -2.820684 2.641090 -5.249109
v -2.986350 2.622391 -5.178543
v -2.977486 2.641090 -5.165293
v -3.126194 2.622391 -5.063773
v -3.114934 2.641090 -5.052514
v -3.240964 2.622391 -4.923929
v -3.227714 2.641090 -4.915065
v -3.326249 2.622391 -4.764369
v -3.311530 2.641090 -4.758263
v -3.378773 2.622391 -4.591242
v -3.363149 2.641090 -4.588144
v -3.402378 2.473955 -4.411196
v -3.396500 2.481936 -4.411196
v -3.384516 2.473955 -4.229997
v -3.378773 2.481936 -4.231151
v -3.331676 2.473955 -4.055786
v -3.326249 2.481936 -4.058024
v -3.245847 2.473955 -3.895208
v -3.240964 2.481936 -3.898463
v -3.130354 2.473955 -3.754459
v -3.126194 2.481936 -3.758619
v -2.989605 2.473955 -3.638966
v -2.986350 2.481936 -3.643849
v -2.829027 2.473955 -3.553137
v -2.826789 2.481936 -3.558564
v -2.654815 2.473955 -3.500297
v -2.653662 2.481936 -3.506040
v -2.473617 2.473955 -3.482435
v -2.473617 2.481936 -3.488313
v -2.292418 2.473955 -3.500297
v -2.293572 2.481936 -3.506040
v -2.118207 2.473955 -3.553137
v -2.120445 2.481936 -3.558564
v -1.957628 2.473955 -3.638966
v -1.960884 2.481936 -3.643849
v -1.816880 2.473955 -3.754459
v -1.821040 2.481936 -3.758619
v -1.701386 2.473955 -3.895208
v -1.706270 2.481936 -3.898463
v -1.615558 2.473955 -4.055786
v -1.620985 2.481936 -4.058024
v -1.562718 2.473955 -4.229997
v -1.568461 2.481936 -4.231151
v -1.544856 2.473955 -4.411196
v -1.550734 2.481936 -4.411196
v -1.562718 2.473955 -4.592395
v -1.568461 2.481936 -4.591242
v -1.615558 2.473955 -4.766606
v -1.620985 2.481936 -4.764369
v -1.701386 2.473955 -4.927185
v -1.706270 2.481936 -4.923929
v -1.816880 2.473955 -5.067934
v -1.821040 2.481936 -5.063773
v -1.957628 2.473955 -5.183426
v -1.960884 2.481936 -5.178543
v -2.118207 2.473955 -5.269255
v -2.120445 2.481936 -5.263829
v -2.292418 2.473955 -5.322095
v -2.293572 2.481936 -5.316352
v -2.473617 2.473955 -5.339957
v -2.473617 2.481936 -5.334078
v -2.654815 2.473955 -5.322095
v -2.653662 2.481936 -5.316352
v -2.829027 2.473955 -5.269255
v -2.826789 2.481936 -5.263829
v -2.989605 2.473955 -5.183426
v -2.986350 2.481936 -5.178543
v -3.130354 2.473955 -5.067934
v -3.126194 2.481936 -5.063773
v -3.245847 2.473955 -4.927185
v -3.240964 2.481936 -4.923929
v -3.331676 2.473955 -4.766606
v -3.326249 2.481936 -4.764369
v -3.384516 2.473955 -4.592395
v -3.378773 2.481936 -4.591242
v -3.438035 2.462492 -4.411196
v -3.433535 2.468596 -4.411196
v -3.419494 2.462492 -4.223056
v -3.415085 2.468596 -4.223915
v -3.364619 2.462492 -4.042129
v -3.360459 2.468596 -4.043848
v -3.275489 2.462492 -3.875401
v -3.271759 2.468596 -3.877888
v -3.155565 2.462492 -3.729249
v -3.152377 2.468596 -3.732436
v -3.009412 2.462492 -3.609324
v -3.006925 2.468596 -3.613054
v -2.842684 2.462492 -3.520194
v -2.840966 2.468596 -3.524354
v -2.661757 2.462492 -3.465319
v -2.660897 2.468596 -3.469728
v -2.473617 2.462492 -3.446779
v -2.473617 2.468596 -3.451278
v -2.285477 2.462492 -3.465319
v -2.286336 2.468596 -3.469728
v -2.104550 2.462492 -3.520194
v -2.106268 2.468596 -3.524354
v -1.937822 2.462492 -3.609324
v -1.940309 2.468596 -3.613054
v -1.791669 2.462492 -3.729249
v -1.794857 2.468596 -3.732436
v -1.671745 2.462492 -3.875401
v -1.675475 2.468596 -3.877888
v -1.582615 2.462492 -4.042129
v -1.586775 2.468596 -4.043848
v -1.527740 2.462492 -4.223056
v -1.532149 2.468596 -4.223915
v -1.509199 2.462492 -4.411196
v -1.513699 2.468596 -4.411196
v -1.527740 2.462492 -4.599336
v -1.532149 2.468596 -4.598477
v -1.582615 2.462492 -4.780263
v -1.586775 2.468596 -4.778544
v -1.671745 2.462492 -4.946991
v -1.675475 2.468596 -4.944504
v -1.791669 2.462492 -5.093144
v -1.794857 2.468596 -5.089956
v -1.937822 2.462492 -5.213068
v -1.940309 2.468596 -5.209338
v -2.104550 2.462492 -5.302198
v -2.106268 2.468596 -5.298038
v -2.285477 2.462492 -5.357073
v -2.286336 2.468596 -5.352664
v -2.473617 2.462492 -5.375614
v -2.473617 2.468596 -5.371114
v -2.661757 2.462492 -5.357073
v -2.660897 2.468596 -5.352664
v -2.842684 2.462492 -5.302198
v -2.840966 2.468596 -5.298038
v -3.009412 2.462492 -5.213068
v -3.006925 2.468596 -5.209338
v -3.155565 2.462492 -5.093144
v -3.152377 2.468596 -5.089956
v -3.275489 2.462492 -4.946991
v -3.271759 2.468596 -4.944504
v -3.364619 2.462492 -4.780263
v -3.360459 2.468596 -4.778544
v -3.419494 2.462492 -4.599336
v -3.415085 2.468596 -4.598477
v -3.384946 2.445624 -4.411196
v -3.438035 2.451910 -4.411196
v -3.367423 2.445624 -4.233412
v -3.419494 2.451910 -4.223056
v -3.315578 2.445624 -4.062456
v -3.364619 2.451910 -4.042129
v -3.231354 2.445624 -3.904885
v -3.275489 2.451910 -3.875401
v -3.118009 2.445624 -3.766804
v -3.155565 2.451910 -3.729249
v -2.979928 2.445624 -3.653459
v -3.009412 2.451910 -3.609324
v -2.822357 2.445624 -3.569236
v -2.842684 2.451910 -3.520194
v -2.651402 2.445624 -3.517390
v -2.661757 2.451910 -3.465319
v -2.473617 2.445624 -3.499867
v -2.473617 2.451910 -3.446779
v -2.295833 2.445624 -3.517390
v -2.285477 2.451910 -3.465319
v -2.124876 2.445624 -3.569236
v -2.104550 2.451910 -3.520194
v -1.967306 2.445624 -3.653459
v -1.937822 2.451910 -3.609324
v -1.829225 2.445624 -3.766804
v -1.791669 2.451910 -3.729249
v -1.715880 2.445624 -3.904885
v -1.671745 2.451910 -3.875401
v -1.631657 2.445624 -4.062456
v -1.582615 2.451910 -4.042129
v -1.579811 2.445624 -4.233412
v -1.527740 2.451910 -4.223056
v -1.562288 2.445624 -4.411196
v -1.509199 2.451910 -4.411196
v -1.579811 2.445624 -4.588981
v -1.527740 2.451910 -4.599336
v -1.631657 2.445624 -4.759936
v -1.582615 2.451910 -4.780263
v -1.715880 2.445624 -4.917508
v -1.671745 2.451910 -4.946991
v -1.829225 2.445624 -5.055588
v -1.791669 2.451910 -5.093144
v -1.967306 2.445624 -5.168933
v -1.937822 2.451910 -5.213068
v -2.124876 2.445624 -5.253157
v -2.104550 2.451910 -5.302198
v -2.295833 2.445624 -5.305002
v -2.285477 2.451910 -5.357073
v -2.473617 2.445624 -5.322525
v -2.473617 2.451910 -5.375614
v -2.651402 2.445624 -5.305002
v -2.661757 2.451910 -5.357073
v -2.822357 2.445624 -5.253157
v -2.842684 2.451910 -5.302198
v -2.979928 2.445624 -5.168933
v -3.009412 2.451910 -5.213068
v -3.118009 2.445624 -5.055588
v -3.155565 2.451910 -5.093144
v -3.231354 2.445624 -4.917508
v -3.275489 2.451910 -4.946991
v -3.315578 2.445624 -4.759936
v -3.364619 2.451910 -4.780263
v -3.367423 2.445624 -4.588981
v -3.419494 2.451910 -4.599336
v -3.367423 2.621329 -4.588981
v -3.384946 2.621329 -4.411196
v -3.367423 2.621329 -4.233412
v -3.315578 2.621329 -4.062456
v -3.231354 2.621329 -3.904885
v -3.118009 2.621329 -3.766804
v -2.979928 2.621329 -3.653459
v -2.822357 2.621329 -3.569236
v -2.651402 2.621329 -3.517390
v -2.473617 2.621329 -3.499867
v -2.295833 2.621329 -3.517390
v -2.124876 2.621329 -3.569236
v -1.967306 2.621329 -3.653459
v -1.829225 2.621329 -3.766804
v -1.715880 2.621329 -3.904885
v -1.631657 2.621329 -4.062456
v -1.579811 2.621329 -4.233412
v -1.562288 2.621329 -4.411196
v -1.579811 2.621329 -4.588981
v -1.631657 2.621329 -4.759936
v -1.715880 2.621329 -4.917508
v -1.829225 2.621329 -5.055588
v -1.967306 2.621329 -5.168933
v -2.124876 2.621329 -5.253157
v -2.295833 2.621329 -5.305002
v -2.473617 2.621329 -5.322525
v -2.651402 2.621329 -5.305002
v -2.822357 2.621329 -5.253157
v -2.979928 2.621329 -5.168933
v -3.118009 2.621329 -5.055588
v -3.231354 2.621329 -4.917508
v -3.315578 2.621329 -4.759936
v -2.965458 2.646132 -4.792631
v -2.955532 2.796499 -4.801856
v -2.972431 2.812861 -4.785428
v -3.020949 2.815338 -4.719958
v -3.037788 2.809174 -4.686476
v -3.037788 2.654249 -4.686476
v -3.031774 2.641090 -4.675781
v -3.065327 2.641090 -4.549073
v -3.084704 2.641090 -4.411196
v -3.065327 2.641090 -4.273319
v -3.032339 2.641090 -4.138177
v -2.977238 2.641090 -4.007332
v -2.911148 2.641090 -3.883315
v -2.918293 2.654272 -3.874700
v -2.918293 2.808948 -3.874700
v -2.927749 2.817428 -3.861935
v -2.961613 2.817760 -3.821068
v -2.977735 2.811051 -3.802980
v -2.977735 2.650948 -3.802980
v -2.983094 2.641090 -3.796514
v -3.049613 2.641090 -3.716270
v -3.059720 2.622391 -3.704061
v -3.059720 2.481936 -3.704061
v -3.063451 2.473955 -3.699561
v -3.083235 2.468596 -3.675685
v -3.086106 2.462492 -3.672248
v -3.086106 2.451910 -3.672248
v -3.052372 2.445624 -3.712924
v -3.052372 2.621329 -3.712924
v -2.856183 2.638150 -4.906428
v -2.865407 2.802392 -4.895620
v -2.849799 2.814221 -4.914676
v -2.781823 2.815743 -4.967587
v -2.747495 2.807863 -4.991171
v -2.747495 2.654249 -4.991171
v -2.736868 2.641090 -4.984637
v -2.610816 2.641090 -5.018960
v -2.473617 2.641090 -5.037161
v -2.336418 2.641090 -5.018960
v -2.202384 2.641090 -4.984796
v -2.073777 2.641090 -4.928044
v -1.953536 2.641090 -4.858223
v -1.945035 2.654272 -4.865504
v -1.945035 2.808948 -4.865504
v -1.930411 2.817428 -4.872712
v -1.890164 2.817760 -4.907319
v -1.874355 2.811051 -4.926258
v -1.874355 2.650948 -4.926258
v -1.868001 2.641090 -4.931707
v -1.788956 2.641090 -4.999673
v -1.776905 2.622391 -5.010006
v -1.776905 2.481936 -5.010006
v -1.772496 2.473955 -5.013827
v -1.748958 2.468596 -5.034040
v -1.745567 2.462492 -5.036957
v -1.745567 2.451910 -5.036957
v -1.785655 2.445624 -5.002500
v -1.785655 2.621329 -5.002500
v -3.005478 2.643848 -4.870342
v -2.998763 2.806167 -4.873304
v -3.015828 2.817418 -4.871495
v -3.053675 2.817333 -4.905144
v -3.069442 2.811119 -4.930418
v -3.069442 2.650948 -4.930418
v -3.075773 2.641090 -4.935935
v -3.154366 2.641090 -5.004444
v -3.166350 2.622391 -5.014867
v -3.166350 2.481936 -5.014867
v -3.170736 2.473955 -5.018711
v -3.194138 2.468596 -5.039083
v -3.197507 2.462492 -5.042022
v -3.197507 2.451910 -5.042022
v -3.157645 2.445624 -5.007293
v -3.157645 2.621329 -5.007293
v -2.919943 2.638015 -4.929875
v -2.924556 2.802414 -4.942424
v -2.924408 2.814800 -4.958003
v -2.952914 2.817061 -5.003724
v -2.972761 2.810983 -5.023527
v -2.972761 2.650948 -5.023527
v -2.978052 2.641090 -5.030016
v -3.043893 2.641090 -5.110802
v -3.053932 2.622391 -5.123103
v -3.053932 2.481936 -5.123103
v -3.057617 2.473955 -5.127625
v -3.077198 2.468596 -5.151659
v -3.080024 2.462492 -5.155118
v -3.080024 2.451910 -5.155118
v -3.046651 2.445624 -5.114172
v -3.046651 2.621329 -5.114172
vt 0.934003 0.674156
vt 0.934003 0.718371
vt 0.872139 0.718371
vt 0.872139 0.674156
vt 0.934003 0.629991
vt 0.872139 0.629991
vt 0.934003 0.584000
vt 0.872139 0.584000
vt 0.934003 0.536941
vt 0.872139 0.536941
vt 0.934003 0.490565
vt 0.872139 0.490565
vt 0.934003 0.444551
vt 0.872139 0.444551
vt 0.934003 0.397539
vt 0.872139 0.397539
vt 0.934003 0.350524
vt 0.872139 0.350524
vt 0.934003 0.304363
vt 0.872139 0.304363
vt 0.934003 0.256499
vt 0.872139 0.256499
vt 0.934003 0.209002
vt 0.872139 0.209002
vt 0.934003 0.163572
vt 0.872139 0.163572
vt 0.934003 0.119288
vt 0.872139 0.119288
vt 0.934003 0.074315
vt 0.872139 0.074315
vt 0.934003 0.029483
vt 0.872139 0.029483
vt 0.934003 0.764481
vt 0.872139 0.764481
vt 0.806465 0.733833
vt 0.806465 0.688232
vt 0.806465 0.674156
vt 0.806465 0.718371
vt 0.997559 0.660062
vt 0.997559 0.702582
vt 0.997559 0.718371
vt 0.997559 0.674156
vt 0.806465 0.643091
vt 0.806465 0.629991
vt 0.997559 0.616892
vt 0.997559 0.629991
vt 0.806465 0.595394
vt 0.806465 0.584000
vt 0.997559 0.584000
vt 0.997559 0.584000
vt 0.806465 0.536941
vt 0.806465 0.536941
vt 0.997559 0.528292
vt 0.997559 0.536941
vt 0.806465 0.490565
vt 0.806465 0.490565
vt 0.997559 0.484720
vt 0.997559 0.490565
vt 0.806465 0.448020
vt 0.806465 0.444551
vt 0.997559 0.444551
vt 0.997559 0.444551
vt 0.806465 0.397539
vt 0.806465 0.397539
vt 0.997559 0.396204
vt 0.997559 0.397539
vt 0.806465 0.349849
vt 0.806465 0.350524
vt 0.997559 0.350524
vt 0.997559 0.350524
vt 0.806465 0.304363
vt 0.806465 0.304363
vt 0.997559 0.307852
vt 0.997559 0.304363
vt 0.806465 0.250475
vt 0.806465 0.256499
vt 0.997559 0.262529
vt 0.997559 0.256499
vt 0.806465 0.198821
vt 0.806465 0.209002
vt 0.997559 0.209002
vt 0.997559 0.209002
vt 0.806465 0.163572
vt 0.806465 0.163572
vt 0.997559 0.177756
vt 0.997559 0.163572
vt 0.806465 0.100609
vt 0.806465 0.119288
vt 0.997559 0.119288
vt 0.997559 0.119288
vt 0.806465 0.051182
vt 0.806465 0.074315
vt 0.997559 0.074315
vt 0.997559 0.074315
vt 0.806465 0.002441
vt 0.806465 0.029483
vt 0.997559 0.060072
vt 0.997559 0.060071
vt 0.806465 0.781045
vt 0.806465 0.764481
vt 0.997559 0.743940
vt 0.997559 0.743941
vt 0.809751 0.718371
vt 0.811899 0.718371
vt 0.811899 0.764481
vt 0.809751 0.764481
vt 0.809751 0.674156
vt 0.811899 0.674156
vt 0.809751 0.629991
vt 0.811899 0.629991
vt 0.992665 0.718371
vt 0.994624 0.718371
vt 0.994624 0.745771
vt 0.992665 0.764481
vt 0.992665 0.674156
vt 0.994624 0.674156
vt 0.992665 0.629991
vt 0.994624 0.629991
vt 0.809751 0.584000
vt 0.811899 0.584000
vt 0.992665 0.584000
vt 0.994624 0.584000
vt 0.809751 0.536941
vt 0.811899 0.536941
vt 0.992665 0.536941
vt 0.994624 0.536941
vt 0.809751 0.490565
vt 0.811899 0.490565
vt 0.992665 0.490565
vt 0.994624 0.490565
vt 0.809751 0.444551
vt 0.811899 0.444551
vt 0.992665 0.444551
vt 0.994624 0.444551
vt 0.809751 0.397539
vt 0.811899 0.397539
vt 0.992665 0.397539
vt 0.994624 0.397539
vt 0.809751 0.350524
vt 0.811899 0.350524
vt 0.992665 0.350524
vt 0.994624 0.350524
vt 0.809751 0.304363
vt 0.811899 0.304363
vt 0.992665 0.304363
vt 0.994624 0.304363
vt 0.809751 0.256499
vt 0.811899 0.256499
vt 0.992665 0.256499
vt 0.994624 0.256499
vt 0.809751 0.209002
vt 0.811899 0.209002
vt 0.992665 0.209002
vt 0.994624 0.209002
vt 0.809751 0.163572
vt 0.811899 0.163572
vt 0.992665 0.163572
vt 0.994624 0.163572
vt 0.809751 0.119288
vt 0.811899 0.119288
vt 0.992665 0.119288
vt 0.994624 0.119288
vt 0.809751 0.074315
vt 0.811899 0.074315
vt 0.992665 0.074315
vt 0.994624 0.074315
vt 0.809751 0.029483
vt 0.811899 0.029483
vt 0.992665 0.029483
vt 0.994624 0.058035
vt 0.804031 0.508699
vt 0.761034 0.538228
vt 0.755777 0.486530
vt 0.790377 0.471496
vt 0.734509 0.601271
vt 0.727231 0.565193
vt 0.778975 0.605062
vt 0.693291 0.544847
vt 0.717128 0.519450
vt 0.720533 0.485517
vt 0.389117 0.215494
vt 0.395136 0.217145
vt 0.386455 0.253446
vt 0.380354 0.252125
vt 0.399768 0.179292
vt 0.405621 0.181456
vt 0.379402 0.290107
vt 0.373245 0.289064
vt 0.373925 0.327017
vt 0.367730 0.326240
vt 0.370015 0.364108
vt 0.363792 0.363591
vt 0.367671 0.401318
vt 0.361432 0.401063
vt 0.366892 0.438586
vt 0.360649 0.438593
vt 0.367681 0.475856
vt 0.361442 0.476124
vt 0.370031 0.513066
vt 0.363809 0.513597
vt 0.373941 0.550160
vt 0.367748 0.550952
vt 0.379407 0.587076
vt 0.373254 0.588134
vt 0.386437 0.623750
vt 0.380340 0.625084
vt 0.395079 0.660085
vt 0.389070 0.661744
vt 0.405530 0.695864
vt 0.399704 0.698020
vt 0.418633 0.730302
vt 0.413185 0.733655
vt 0.413134 0.143877
vt 0.418633 0.147230
vt 0.029252 0.179722
vt 0.041061 0.128959
vt 0.019563 0.231000
vt 0.012021 0.282687
vt 0.006645 0.334675
vt 0.003450 0.386863
vt 0.002441 0.439148
vt 0.003628 0.491429
vt 0.007005 0.543603
vt 0.012571 0.595568
vt 0.020316 0.647218
vt 0.030223 0.698446
vt 0.042267 0.749132
vt 0.056384 0.799123
vt 0.072342 0.848182
vt 0.054947 0.078832
vt 0.070822 0.029482
vt 0.688154 0.453978
vt 0.709662 0.436769
vt 0.671262 0.472955
vt 0.756332 0.670042
vt 0.800508 0.654696
vt 0.804031 0.713519
vt 0.773706 0.691144
vt 0.738275 0.424859
vt 0.772709 0.420026
vt 0.736506 0.654580
vt 0.657757 0.495416
vt 0.720209 0.640899
vt 0.650160 0.520567
vt 0.685418 0.613549
vt 0.700201 0.630596
vt 0.669508 0.594788
vt 0.657373 0.573430
vt 0.648552 0.547816
vt 0.564635 0.208538
vt 0.543788 0.216218
vt 0.535283 0.195727
vt 0.554749 0.189856
vt 0.573958 0.183790
vt 0.584939 0.201082
vt 0.607211 0.191151
vt 0.594113 0.179468
vt 0.631633 0.214713
vt 0.611442 0.226629
vt 0.597576 0.214193
vt 0.618963 0.203202
vt 0.591419 0.238953
vt 0.577129 0.224190
vt 0.571669 0.251855
vt 0.556517 0.234659
vt 0.620457 0.242139
vt 0.639125 0.229370
vt 0.647599 0.243756
vt 0.630582 0.257323
vt 0.644846 0.273646
vt 0.655097 0.259471
vt 0.623751 0.299397
vt 0.606062 0.284060
vt 0.617818 0.270450
vt 0.633853 0.286317
vt 0.588661 0.268256
vt 0.604091 0.254918
vt 0.590073 0.293722
vt 0.609091 0.308421
vt 0.595200 0.318088
vt 0.575138 0.304237
vt 0.560984 0.319124
vt 0.580024 0.327219
vt 0.525328 0.299696
vt 0.537641 0.281339
vt 0.556603 0.293011
vt 0.543260 0.309387
vt 0.553591 0.265772
vt 0.571849 0.280055
vt 0.522147 0.264135
vt 0.509893 0.283948
vt 0.525293 0.229926
vt 0.516956 0.207885
vt 0.538791 0.248572
vt 0.530076 0.174866
vt 0.529573 0.172627
vt 0.547342 0.167041
vt 0.547427 0.169306
vt 0.513482 0.183390
vt 0.512570 0.181210
vt 0.565251 0.164396
vt 0.564957 0.166631
vt 0.582827 0.164596
vt 0.582187 0.166759
vt 0.599681 0.167573
vt 0.598731 0.169550
vt 0.606086 0.171990
vt 0.607239 0.169947
vt 0.615446 0.172920
vt 0.614158 0.174789
vt 0.629676 0.180857
vt 0.628114 0.182526
vt 0.642147 0.190859
vt 0.640349 0.192285
vt 0.652566 0.202671
vt 0.650579 0.203811
vt 0.660530 0.215980
vt 0.658375 0.216812
vt 0.665974 0.230356
vt 0.663715 0.230856
vt 0.668747 0.245385
vt 0.666436 0.245541
vt 0.668767 0.260635
vt 0.666462 0.260439
vt 0.665989 0.275645
vt 0.663740 0.275102
vt 0.660527 0.289973
vt 0.658387 0.289098
vt 0.652527 0.303192
vt 0.650550 0.302003
vt 0.642204 0.314905
vt 0.640450 0.313436
vt 0.629703 0.324688
vt 0.628193 0.322969
vt 0.615473 0.332256
vt 0.614248 0.330333
vt 0.599854 0.337266
vt 0.598937 0.335259
vt 0.588967 0.336975
vt 0.589706 0.339193
vt 0.583275 0.340124
vt 0.582718 0.337940
vt 0.565989 0.339656
vt 0.565784 0.337421
vt 0.548557 0.336371
vt 0.548714 0.334131
vt 0.531380 0.330191
vt 0.531921 0.328000
vt 0.514934 0.321097
vt 0.515898 0.319016
vt 0.499894 0.309110
vt 0.501362 0.307208
vt 0.488989 0.294788
vt 0.490787 0.293882
vt 0.488419 0.285348
vt 0.490979 0.284764
vt 0.494241 0.268790
vt 0.491501 0.268263
vt 0.495891 0.242884
vt 0.498790 0.243164
vt 0.495925 0.219336
vt 0.498703 0.219360
vt 0.499519 0.193543
vt 0.497696 0.192172
vt 0.495549 0.204102
vt 0.498056 0.205095
vt 0.532360 0.184929
vt 0.550626 0.179256
vt 0.568996 0.174947
vt 0.587709 0.172964
vt 0.571171 0.333378
vt 0.553255 0.328187
vt 0.536075 0.320642
vt 0.519431 0.311465
vt 0.504852 0.298086
vt 0.515086 0.195228
vt 0.468891 0.307342
vt 0.470403 0.304772
vt 0.488604 0.325092
vt 0.487670 0.327196
vt 0.467647 0.303000
vt 0.465555 0.287955
vt 0.468157 0.289599
vt 0.467906 0.267772
vt 0.465410 0.266219
vt 0.468388 0.239983
vt 0.471050 0.240265
vt 0.473309 0.197139
vt 0.476117 0.196701
vt 0.473052 0.215117
vt 0.470597 0.214922
vt 0.482608 0.179029
vt 0.481641 0.176229
vt 0.503984 0.160285
vt 0.504440 0.162557
vt 0.525968 0.150496
vt 0.526093 0.152739
vt 0.547701 0.144830
vt 0.547518 0.147042
vt 0.569092 0.142626
vt 0.568613 0.144775
vt 0.589891 0.143657
vt 0.589125 0.145710
vt 0.609760 0.147738
vt 0.608712 0.149636
vt 0.617458 0.152943
vt 0.618620 0.151082
vt 0.628270 0.154952
vt 0.626955 0.156747
vt 0.645064 0.164803
vt 0.643520 0.166370
vt 0.659767 0.177172
vt 0.658012 0.178505
vt 0.672013 0.191688
vt 0.670082 0.192756
vt 0.681472 0.207952
vt 0.679402 0.208732
vt 0.687918 0.225497
vt 0.685753 0.225967
vt 0.691184 0.243828
vt 0.688973 0.243976
vt 0.691176 0.262425
vt 0.688967 0.262246
vt 0.687878 0.280754
vt 0.685722 0.280252
vt 0.681383 0.298282
vt 0.679326 0.297466
vt 0.671858 0.314497
vt 0.669949 0.313389
vt 0.659545 0.328924
vt 0.657826 0.327549
vt 0.644743 0.341124
vt 0.643246 0.339514
vt 0.627861 0.350746
vt 0.626618 0.348941
vt 0.609364 0.357571
vt 0.608408 0.355635
vt 0.596450 0.357742
vt 0.597214 0.359794
vt 0.589536 0.360998
vt 0.588877 0.358878
vt 0.569015 0.361387
vt 0.568662 0.359234
vt 0.548159 0.358339
vt 0.548124 0.356153
vt 0.527415 0.351805
vt 0.527703 0.349623
vt 0.507150 0.341598
vt 0.507766 0.339456
vt 0.454247 0.243393
vt 0.479177 0.180308
vt 0.438249 0.276503
vt 0.439649 0.281749
vt 0.429325 0.284502
vt 0.429634 0.281194
vt 0.446443 0.276990
vt 0.443031 0.270138
vt 0.448680 0.259362
vt 0.451268 0.266050
vt 0.455307 0.234349
vt 0.451253 0.238240
vt 0.454515 0.219582
vt 0.457972 0.213603
vt 0.453315 0.200625
vt 0.448553 0.206293
vt 0.444350 0.191049
vt 0.446148 0.187042
vt 0.421423 0.252059
vt 0.425228 0.246160
vt 0.430203 0.232976
vt 0.431588 0.219365
vt 0.414574 0.264232
vt 0.418901 0.257969
vt 0.425147 0.213924
vt 0.426973 0.204633
vt 0.525829 0.138477
vt 0.525794 0.140457
vt 0.502841 0.149644
vt 0.502711 0.147484
vt 0.548967 0.133165
vt 0.548725 0.135069
vt 0.571808 0.131349
vt 0.571345 0.133184
vt 0.594043 0.132901
vt 0.593354 0.134650
vt 0.615285 0.137789
vt 0.614382 0.139404
vt 0.623759 0.142984
vt 0.624774 0.141409
vt 0.635195 0.145575
vt 0.634071 0.147095
vt 0.653182 0.156613
vt 0.651861 0.157942
vt 0.668963 0.170212
vt 0.667470 0.171343
vt 0.682119 0.186108
vt 0.680479 0.187015
vt 0.692296 0.203882
vt 0.690541 0.204544
vt 0.699231 0.223043
vt 0.697397 0.223443
vt 0.702739 0.243056
vt 0.700865 0.243184
vt 0.702716 0.263361
vt 0.700843 0.263212
vt 0.699149 0.283381
vt 0.697321 0.282957
vt 0.692131 0.302539
vt 0.690387 0.301852
vt 0.681843 0.320288
vt 0.680222 0.319351
vt 0.668549 0.336111
vt 0.667086 0.334948
vt 0.652589 0.349546
vt 0.651312 0.348182
vt 0.634385 0.360201
vt 0.633322 0.358667
vt 0.614377 0.367714
vt 0.613550 0.366070
vt 0.600606 0.368755
vt 0.601303 0.370489
vt 0.593134 0.372093
vt 0.592554 0.370298
vt 0.570980 0.372713
vt 0.570650 0.370871
vt 0.548534 0.369875
vt 0.548453 0.367996
vt 0.526208 0.363417
vt 0.526375 0.361519
vt 0.504413 0.353265
vt 0.504816 0.351345
vt 0.483541 0.339412
vt 0.484157 0.337392
vt 0.463820 0.322687
vt 0.464576 0.320218
vt 0.444268 0.307959
vt 0.445124 0.305109
vt 0.435697 0.299650
vt 0.434742 0.302711
vt 0.423537 0.299882
vt 0.424403 0.297388
vt 0.444753 0.171733
vt 0.444523 0.168826
vt 0.458330 0.167772
vt 0.458476 0.170869
vt 0.480278 0.159270
vt 0.480486 0.161912
vt 0.527646 0.113500
vt 0.527444 0.115413
vt 0.502861 0.122074
vt 0.502935 0.119983
vt 0.552886 0.109554
vt 0.552536 0.111354
vt 0.578139 0.108809
vt 0.577620 0.110521
vt 0.602928 0.111507
vt 0.602228 0.113126
vt 0.626777 0.117633
vt 0.625880 0.119142
vt 0.636532 0.123450
vt 0.637494 0.122030
vt 0.649065 0.127497
vt 0.647984 0.128906
vt 0.669408 0.140440
vt 0.668168 0.141664
vt 0.687274 0.156428
vt 0.685879 0.157471
vt 0.702187 0.175033
vt 0.700660 0.175870
vt 0.713746 0.195774
vt 0.712116 0.196388
vt 0.721632 0.218105
vt 0.719932 0.218478
vt 0.725620 0.241419
vt 0.723882 0.241542
vt 0.725584 0.265077
vt 0.723848 0.264946
vt 0.721511 0.288420
vt 0.719815 0.288038
vt 0.713503 0.310795
vt 0.711881 0.310169
vt 0.701761 0.331572
vt 0.700249 0.330717
vt 0.686599 0.350167
vt 0.685227 0.349102
vt 0.668412 0.366060
vt 0.667208 0.364810
vt 0.647686 0.378820
vt 0.646670 0.377413
vt 0.625001 0.388174
vt 0.624191 0.386637
vt 0.609504 0.390235
vt 0.610166 0.391810
vt 0.600750 0.393563
vt 0.600149 0.391886
vt 0.575738 0.395288
vt 0.575357 0.393573
vt 0.550394 0.393156
vt 0.550225 0.391386
vt 0.525298 0.387310
vt 0.525328 0.385488
vt 0.500921 0.378066
vt 0.501136 0.376175
vt 0.477623 0.366108
vt 0.478009 0.364092
vt 0.455480 0.352873
vt 0.456044 0.350658
vt 0.433974 0.340818
vt 0.434760 0.338452
vt 0.424638 0.333221
vt 0.423738 0.335511
vt 0.412358 0.331020
vt 0.413310 0.328853
vt 0.441348 0.138010
vt 0.440967 0.135651
vt 0.456048 0.133320
vt 0.456309 0.135787
vt 0.479222 0.127365
vt 0.479308 0.129682
vt 0.529887 0.094302
vt 0.529457 0.097973
vt 0.503683 0.103290
vt 0.503849 0.099392
vt 0.556583 0.091374
vt 0.555871 0.094864
vt 0.583493 0.091486
vt 0.582463 0.094815
vt 0.610080 0.095099
vt 0.608707 0.098256
vt 0.635767 0.102470
vt 0.634057 0.105378
vt 0.645434 0.110178
vt 0.647355 0.107282
vt 0.659926 0.113324
vt 0.657860 0.116018
vt 0.681979 0.128017
vt 0.679569 0.130407
vt 0.701400 0.145862
vt 0.698693 0.147898
vt 0.717639 0.166543
vt 0.714678 0.168181
vt 0.730242 0.189563
vt 0.727080 0.190763
vt 0.738846 0.214325
vt 0.735544 0.215059
vt 0.743194 0.240174
vt 0.739824 0.240420
vt 0.743149 0.266407
vt 0.739779 0.266159
vt 0.738687 0.292305
vt 0.735392 0.291565
vt 0.729918 0.317150
vt 0.726767 0.315936
vt 0.717069 0.340255
vt 0.714131 0.338594
vt 0.700484 0.360983
vt 0.697817 0.358911
vt 0.680603 0.378768
vt 0.678261 0.376332
vt 0.657953 0.393131
vt 0.655979 0.390384
vt 0.633089 0.403631
vt 0.631518 0.400685
vt 0.615648 0.404976
vt 0.617015 0.408165
vt 0.606921 0.410419
vt 0.605763 0.407217
vt 0.579614 0.412725
vt 0.578867 0.409382
vt 0.552161 0.411146
vt 0.551810 0.407699
vt 0.525087 0.405806
vt 0.525108 0.402268
vt 0.498879 0.397192
vt 0.499244 0.393547
vt 0.473844 0.386181
vt 0.474529 0.382385
vt 0.449919 0.374125
vt 0.450926 0.370152
vt 0.426469 0.362536
vt 0.427816 0.358498
vt 0.416625 0.353001
vt 0.415043 0.357079
vt 0.402214 0.351868
vt 0.403961 0.347907
vt 0.437629 0.117291
vt 0.436927 0.113018
vt 0.453573 0.110133
vt 0.454004 0.114338
vt 0.478613 0.105207
vt 0.478730 0.109334
vt 0.532663 0.071855
vt 0.532481 0.073334
vt 0.504950 0.077348
vt 0.505028 0.075810
vt 0.561075 0.069937
vt 0.560777 0.071358
vt 0.589887 0.070999
vt 0.589463 0.072361
vt 0.618544 0.075651
vt 0.617984 0.076947
vt 0.646464 0.084147
vt 0.645757 0.085345
vt 0.658277 0.090983
vt 0.659062 0.089799
vt 0.672615 0.096820
vt 0.671769 0.097929
vt 0.696771 0.113285
vt 0.695786 0.114268
vt 0.718035 0.133291
vt 0.716927 0.134131
vt 0.735836 0.156414
vt 0.734624 0.157091
vt 0.749673 0.182115
vt 0.748379 0.182612
vt 0.759135 0.209745
vt 0.757782 0.210051
vt 0.763927 0.238583
vt 0.762543 0.238690
vt 0.763884 0.267858
vt 0.762502 0.267761
vt 0.758983 0.296774
vt 0.757630 0.296477
vt 0.749339 0.324543
vt 0.748044 0.324049
vt 0.735203 0.350405
vt 0.733995 0.349727
vt 0.716961 0.373663
vt 0.715864 0.372816
vt 0.695107 0.393700
vt 0.694141 0.392703
vt 0.670229 0.410005
vt 0.669411 0.408880
vt 0.642997 0.422280
vt 0.642351 0.421068
vt 0.624821 0.426075
vt 0.625365 0.427381
vt 0.614205 0.429901
vt 0.613715 0.428586
vt 0.584411 0.433307
vt 0.584097 0.431937
vt 0.554525 0.432435
vt 0.554370 0.431023
vt 0.525172 0.427672
vt 0.525167 0.426226
vt 0.496854 0.419659
vt 0.496987 0.418183
vt 0.469847 0.409355
vt 0.470107 0.407846
vt 0.444051 0.397983
vt 0.444422 0.396444
vt 0.418875 0.386795
vt 0.419349 0.385243
vt 0.407321 0.379949
vt 0.406801 0.381518
vt 0.393651 0.376388
vt 0.394249 0.374824
vt 0.434504 0.089188
vt 0.434329 0.087553
vt 0.451681 0.085047
vt 0.451794 0.086659
vt 0.478188 0.080585
vt 0.478209 0.082174
vt 0.533378 0.066013
vt 0.533242 0.067146
vt 0.505273 0.070930
vt 0.505329 0.069759
vt 0.562242 0.064305
vt 0.562019 0.065398
vt 0.591559 0.065585
vt 0.591236 0.066636
vt 0.620759 0.070495
vt 0.620330 0.071496
vt 0.649274 0.079389
vt 0.648736 0.080316
vt 0.661565 0.085986
vt 0.662174 0.085059
vt 0.675946 0.092407
vt 0.675298 0.093258
vt 0.700694 0.109370
vt 0.699933 0.110132
vt 0.722442 0.129943
vt 0.721587 0.130595
vt 0.740662 0.153715
vt 0.739726 0.154240
vt 0.754830 0.180130
vt 0.753829 0.180516
vt 0.764520 0.208523
vt 0.763475 0.208762
vt 0.769430 0.238159
vt 0.768362 0.238242
vt 0.769389 0.268244
vt 0.768320 0.268170
vt 0.764370 0.297966
vt 0.763323 0.297736
vt 0.754492 0.326513
vt 0.753491 0.326131
vt 0.740014 0.353108
vt 0.739079 0.352584
vt 0.721327 0.377039
vt 0.720479 0.376384
vt 0.698946 0.397675
vt 0.698201 0.396903
vt 0.673480 0.414485
vt 0.672848 0.413615
vt 0.645538 0.427099
vt 0.645039 0.426166
vt 0.627070 0.431596
vt 0.627493 0.432619
vt 0.616182 0.435126
vt 0.615810 0.434116
vt 0.585645 0.438761
vt 0.585406 0.437700
vt 0.555124 0.438050
vt 0.555008 0.436962
vt 0.525171 0.433406
vt 0.525171 0.432295
vt 0.496306 0.425498
vt 0.496413 0.424367
vt 0.468807 0.415301
vt 0.469009 0.414150
vt 0.442580 0.404017
vt 0.442862 0.402852
vt 0.417027 0.392813
vt 0.417378 0.391650
vt 0.405176 0.386494
vt 0.404797 0.387694
vt 0.391167 0.382434
vt 0.391609 0.381258
vt 0.433733 0.082373
vt 0.433614 0.081125
vt 0.451263 0.078740
vt 0.451339 0.079948
vt 0.478111 0.074359
vt 0.478128 0.075562
vt 0.534505 0.056512
vt 0.533568 0.064433
vt 0.505409 0.068125
vt 0.505791 0.059945
vt 0.564109 0.055130
vt 0.562556 0.062780
vt 0.594247 0.056758
vt 0.592012 0.064118
vt 0.624329 0.062079
vt 0.621358 0.069097
vt 0.653566 0.071605
vt 0.650009 0.078090
vt 0.663029 0.083766
vt 0.667193 0.077441
vt 0.681658 0.085168
vt 0.676863 0.091227
vt 0.707064 0.102970
vt 0.701756 0.108307
vt 0.729583 0.124467
vt 0.723634 0.129036
vt 0.748481 0.149289
vt 0.741967 0.152983
vt 0.763190 0.176859
vt 0.756223 0.179591
vt 0.773259 0.206490
vt 0.765978 0.208191
vt 0.778368 0.237418
vt 0.770920 0.238042
vt 0.778336 0.268820
vt 0.770879 0.268347
vt 0.773134 0.299848
vt 0.765829 0.298287
vt 0.762884 0.329661
vt 0.755887 0.327044
vt 0.747855 0.357451
vt 0.741315 0.353838
vt 0.728458 0.382478
vt 0.722510 0.377951
vt 0.705231 0.404092
vt 0.699987 0.398749
vt 0.678818 0.421738
vt 0.674362 0.415697
vt 0.649898 0.434849
vt 0.646248 0.428402
vt 0.628102 0.434041
vt 0.631241 0.440940
vt 0.619174 0.443781
vt 0.616683 0.436534
vt 0.587701 0.447631
vt 0.585981 0.440238
vt 0.556160 0.447177
vt 0.555288 0.439570
vt 0.525235 0.442725
vt 0.525172 0.434957
vt 0.495479 0.434980
vt 0.496160 0.427077
vt 0.467182 0.424937
vt 0.468528 0.416905
vt 0.440262 0.413777
vt 0.442185 0.405644
vt 0.414317 0.402606
vt 0.416552 0.394441
vt 0.404279 0.389372
vt 0.401884 0.397673
vt 0.388771 0.392743
vt 0.390639 0.384105
vt 0.433488 0.079379
vt 0.433230 0.070743
vt 0.450782 0.068459
vt 0.451168 0.077052
vt 0.477988 0.064288
vt 0.478091 0.072681
vt 0.506766 0.033319
vt 0.537241 0.030311
vt 0.568922 0.029483
vt 0.601436 0.031848
vt 0.634159 0.038155
vt 0.666289 0.048809
vt 0.681021 0.056058
vt 0.696927 0.064825
vt 0.725043 0.084668
vt 0.749858 0.108789
vt 0.770725 0.136603
vt 0.787004 0.167477
vt 0.798174 0.200659
vt 0.803864 0.235297
vt 0.803864 0.270479
vt 0.798135 0.305263
vt 0.786812 0.338710
vt 0.770198 0.369922
vt 0.748752 0.398076
vt 0.723084 0.422469
vt 0.693913 0.442551
vt 0.662079 0.457987
vt 0.641033 0.464344
vt 0.627768 0.467653
vt 0.593250 0.472833
vt 0.558686 0.473007
vt 0.524932 0.468864
vt 0.492633 0.461226
vt 0.462157 0.451172
vt 0.433529 0.439946
vt 0.406492 0.428800
vt 0.393834 0.423776
vt 0.380544 0.418952
vt 0.431562 0.043560
vt 0.449400 0.041402
vt 0.477548 0.037368
vt 0.422370 0.198162
vt 0.439005 0.186335
vt 0.438984 0.183297
vt 0.436950 0.170678
vt 0.436623 0.168259
vt 0.433182 0.138609
vt 0.432739 0.136345
vt 0.428390 0.118295
vt 0.427588 0.114109
vt 0.425082 0.090249
vt 0.424851 0.088603
vt 0.423961 0.083432
vt 0.423799 0.082196
vt 0.423666 0.080463
vt 0.423850 0.071704
vt 0.422123 0.044430
vn 0.995626 -0.093429 0.000001
vn 0.919839 -0.093429 -0.381009
vn 0.919969 -0.091914 -0.381063
vn 0.995767 -0.091914 0.000001
vn 0.919838 -0.093429 0.381010
vn 0.995626 -0.093429 0.000001
vn 0.995767 -0.091914 0.000001
vn 0.919968 -0.091914 0.381064
vn 0.704014 -0.093428 0.704014
vn 0.919838 -0.093429 0.381010
vn 0.919968 -0.091914 0.381064
vn 0.704114 -0.091914 0.704113
vn 0.381009 -0.093429 0.919839
vn 0.704014 -0.093428 0.704014
vn 0.704114 -0.091914 0.704113
vn 0.381064 -0.091914 0.919968
vn -0.000000 -0.093429 0.995626
vn 0.381009 -0.093429 0.919839
vn 0.381064 -0.091914 0.919968
vn -0.000000 -0.091914 0.995767
vn -0.381009 -0.093429 0.919839
vn -0.000000 -0.093429 0.995626
vn -0.000000 -0.091914 0.995767
vn -0.381064 -0.091915 0.919968
vn -0.704014 -0.093429 0.704014
vn -0.381009 -0.093429 0.919839
vn -0.381064 -0.091915 0.919968
vn -0.704113 -0.091915 0.704114
vn -0.919839 -0.093430 0.381009
vn -0.704014 -0.093429 0.704014
vn -0.704113 -0.091915 0.704114
vn -0.919968 -0.091914 0.381064
vn -0.995626 -0.093430 -0.000002
vn -0.919839 -0.093430 0.381009
vn -0.919968 -0.091914 0.381064
vn -0.995767 -0.091915 -0.000002
vn -0.919838 -0.093429 -0.381010
vn -0.995626 -0.093430 -0.000002
vn -0.995767 -0.091915 -0.000002
vn -0.919968 -0.091915 -0.381064
vn -0.704014 -0.093429 -0.704014
vn -0.919838 -0.093429 -0.381010
vn -0.919968 -0.091915 -0.381064
vn -0.704114 -0.091915 -0.704113
vn -0.381009 -0.093430 -0.919839
vn -0.704014 -0.093429 -0.704014
vn -0.704114 -0.091915 -0.704113
vn -0.381063 -0.091914 -0.919969
vn 0.000002 -0.093430 -0.995626
vn -0.381009 -0.093430 -0.919839
vn -0.381063 -0.091914 -0.919969
vn 0.000002 -0.091915 -0.995767
vn 0.381009 -0.093429 -0.919839
vn 0.000002 -0.093430 -0.995626
vn 0.000002 -0.091915 -0.995767
vn 0.381064 -0.091915 -0.919968
vn 0.704013 -0.093429 -0.704015
vn 0.381009 -0.093429 -0.919839
vn 0.381064 -0.091915 -0.919968
vn 0.704114 -0.091915 -0.704113
vn 0.919839 -0.093429 -0.381009
vn 0.704013 -0.093429 -0.704015
vn 0.704114 -0.091915 -0.704113
vn 0.919969 -0.091914 -0.381063
vn 0.000000 0.000000 0.000000
vn 0.000000 0.000000 0.000000
vn 0.000000 0.000000 0.000000
vn 0.000000 0.000000 0.000000
vn 0.000000 0.000000 0.000000
vn 0.000000 0.000000 0.000000
vn 0.000000 0.000000 0.000000
vn 0.000000 0.000000 0.000000
vn 0.000000 0.000000 0.000000
vn 0.000000 0.000000 0.000000
vn 0.000000 0.000000 0.000000
vn 0.000000 0.000000 0.000000
vn 0.000000 0.000000 0.000000
vn 0.000000 0.000000 0.000000
vn 0.000000 0.000000 0.000000
vn 0.000000 0.000000 0.000000
vn 0.000000 0.000000 0.000000
vn 0.000000 0.000000 0.000000
vn 0.000000 0.000000 0.000000
vn 0.000000 0.000000 0.000000
vn 0.000000 0.000000 0.000000
vn 0.000000 0.000000 0.000000
vn 0.000000 0.000000 0.000000
vn 0.000000 0.000000 0.000000
vn 0.000000 0.000000 0.000000
vn 0.000000 0.000000 0.000000
vn 0.000000 0.000000 0.000000
vn 0.000000 0.000000 0.000000
vn 0.000000 0.000000 0.000000
vn 0.000000 0.000000 0.000000
vn 0.000000 0.000000 0.000000
vn 0.000000 0.000000 0.000000
vn 0.000000 0.000000 0.000000
vn 0.000000 0.000000 0.000000
vn 0.000000 0.000000 0.000000
vn 0.000000 0.000000 0.000000
vn 0.000000 0.000000 0.000000
vn 0.000000 0.000000 0.000000
vn 0.000000 0.000000 0.000000
vn 0.000000 0.000000 0.000000
vn 0.000000 0.000000 0.000000
vn 0.000000 0.000000 0.000000
vn 0.000000 0.000000 0.000000
vn 0.000000 0.000000 0.000000
vn 0.000000 0.000000 0.000000
vn 0.000000 0.000000 0.000000
vn 0.000000 0.000000 0.000000
vn 0.000000 0.000000 0.000000
vn 0.000000 0.000000 0.000000
vn 0.000000 0.000000 0.000000
vn 0.000000 0.000000 0.000000
vn 0.000000 0.000000 0.000000
vn 0.000000 0.000000 0.000000
vn 0.000000 0.000000 0.000000
vn 0.000000 0.000000 0.000000
vn 0.000000 0.000000 0.000000
vn 0.000000 0.000000 0.000000
vn 0.000000 0.000000 0.000000
vn 0.000000 0.000000 0.000000
vn 0.000000 0.000000 0.000000
vn 0.000000 0.000000 0.000000
vn 0.000000 0.000000 0.000000
vn 0.000000 0.000000 0.000000
vn 0.000000 0.000000 0.000000
vn 0.000000 0.000000 0.000000
vn 0.000000 0.000000 0.000000
vn 0.000000 0.000000 0.000000
vn 0.000000 0.000000 0.000000
vn 0.000000 0.000000 0.000000
vn 0.000000 0.000000 0.000000
vn 0.000000 0.000000 0.000000
vn 0.000000 0.000000 0.000000
vn 0.000000 0.000000 0.000000
vn 0.000000 0.000000 0.000000
vn 0.000000 0.000000 0.000000
vn 0.000000 0.000000 0.000000
vn 0.000000 0.000000 0.000000
vn 0.000000 0.000000 0.000000
vn 0.000000 0.000000 0.000000
vn 0.000000 0.000000 0.000000
vn 0.000000 0.000000 0.000000
vn 0.000000 0.000000 0.000000
vn 0.000000 0.000000 0.000000
vn 0.000000 0.000000 0.000000
vn 0.000000 0.000000 0.000000
vn 0.000000 0.000000 0.000000
vn 0.000000 0.000000 0.000000
vn 0.000000 0.000000 0.000000
vn 0.000000 0.000000 0.000000
vn 0.000000 0.000000 0.000000
vn 0.000000 0.000000 0.000000
vn 0.000000 0.000000 0.000000
vn 0.000000 0.000000 0.000000
vn 0.000000 0.000000 0.000000
vn 0.000000 0.000000 0.000000
vn 0.000000 0.000000 0.000000
vn 0.000000 0.000000 0.000000
vn 0.000000 0.000000 0.000000
vn 0.000000 0.000000 0.000000
vn 0.000000 0.000000 0.000000
vn 0.000000 0.000000 0.000000
vn 0.000000 0.000000 0.000000
vn 0.000000 0.000000 0.000000
vn 0.000000 0.000000 0.000000
vn 0.000000 0.000000 0.000000
vn 0.000000 0.000000 0.000000
vn 0.000000 0.000000 0.000000
vn 0.000000 0.000000 0.000000
vn 0.000000 0.000000 0.000000
vn 0.000000 0.000000 0.000000
vn 0.000000 0.000000 0.000000
vn 0.000000 0.000000 0.000000
vn 0.000000 0.000000 0.000000
vn 0.000000 0.000000 0.000000
vn 0.000000 0.000000 0.000000
vn 0.000000 0.000000 0.000000
vn 0.000000 0.000000 0.000000
vn 0.000000 0.000000 0.000000
vn 0.000000 0.000000 0.000000
vn 0.000000 0.000000 0.000000
vn 0.000000 0.000000 0.000000
vn 0.000000 0.000000 0.000000
vn 0.000000 0.000000 0.000000
vn 0.000000 0.000000 0.000000
vn 0.000000 0.000000 0.000000
vn 0.000000 0.000000 0.000000
vn 0.000000 0.000000 0.000000
vn 0.000000 0.000000 0.000000
vn 0.704926 0.646390 -0.291991
vn 0.704928 0.646390 -0.291987
vn 0.539523 0.646391 -0.539531
vn 0.539532 0.646391 -0.539522
vn 0.704928 0.646390 -0.291987
vn 0.704926 0.646390 -0.291991
vn 0.763002 0.646396 0.000000
vn 0.763002 0.646396 0.000000
vn 0.763002 0.646396 0.000000
vn 0.763002 0.646396 0.000000
vn 0.704918 0.646401 0.291988
vn 0.704920 0.646401 0.291984
vn 0.582548 -0.776153 -0.241296
vn 0.582547 -0.776153 -0.241299
vn 0.445863 -0.776157 -0.445855
vn 0.445856 -0.776157 -0.445862
vn 0.582547 -0.776153 -0.241299
vn 0.582548 -0.776153 -0.241296
vn 0.630570 -0.776133 0.000001
vn 0.630570 -0.776133 0.000001
vn 0.630570 -0.776133 0.000001
vn 0.630570 -0.776133 0.000001
vn 0.582580 -0.776125 0.241309
vn 0.582578 -0.776125 0.241313
vn 0.704920 0.646401 0.291984
vn 0.704918 0.646401 0.291988
vn 0.539519 0.646406 0.539517
vn 0.539519 0.646406 0.539517
vn 0.582578 -0.776125 0.241313
vn 0.582580 -0.776125 0.241309
vn 0.445882 -0.776131 0.445881
vn 0.445882 -0.776131 0.445881
vn 0.539519 0.646406 0.539517
vn 0.539519 0.646406 0.539517
vn 0.291989 0.646403 0.704916
vn 0.291985 0.646403 0.704917
vn 0.445882 -0.776131 0.445881
vn 0.445882 -0.776131 0.445881
vn 0.241308 -0.776127 0.582578
vn 0.241312 -0.776127 0.582577
vn 0.291985 0.646403 0.704917
vn 0.291989 0.646403 0.704916
vn 0.000000 0.646400 0.762999
vn 0.000000 0.646400 0.762999
vn 0.241312 -0.776127 0.582577
vn 0.241308 -0.776127 0.582578
vn -0.000000 -0.776123 0.630581
vn -0.000000 -0.776124 0.630581
vn 0.000000 0.646400 0.762999
vn 0.000000 0.646400 0.762999
vn -0.291986 0.646410 0.704910
vn -0.291990 0.646410 0.704909
vn -0.000000 -0.776124 0.630581
vn -0.000000 -0.776123 0.630581
vn -0.241310 -0.776131 0.582572
vn -0.241308 -0.776131 0.582573
vn -0.291990 0.646410 0.704909
vn -0.291986 0.646410 0.704910
vn -0.539516 0.646415 0.539509
vn -0.539516 0.646415 0.539509
vn -0.241308 -0.776131 0.582573
vn -0.241310 -0.776131 0.582572
vn -0.445877 -0.776137 0.445876
vn -0.445878 -0.776136 0.445876
vn -0.539516 0.646415 0.539509
vn -0.539516 0.646415 0.539509
vn -0.704915 0.646407 0.291982
vn -0.704913 0.646407 0.291986
vn -0.445878 -0.776136 0.445876
vn -0.445877 -0.776137 0.445876
vn -0.582573 -0.776130 0.241310
vn -0.582574 -0.776130 0.241308
vn -0.704913 0.646407 0.291986
vn -0.704915 0.646407 0.291982
vn -0.762999 0.646399 0.000000
vn -0.762999 0.646399 0.000000
vn -0.582574 -0.776130 0.241308
vn -0.582573 -0.776130 0.241310
vn -0.630579 -0.776125 0.000000
vn -0.630579 -0.776125 0.000000
vn -0.762999 0.646399 0.000000
vn -0.762999 0.646399 0.000000
vn -0.704921 0.646399 -0.291985
vn -0.704920 0.646399 -0.291988
vn -0.630579 -0.776125 0.000000
vn -0.630579 -0.776125 0.000000
vn -0.582573 -0.776130 -0.241310
vn -0.582574 -0.776130 -0.241308
vn -0.704920 0.646399 -0.291988
vn -0.704921 0.646399 -0.291985
vn -0.539521 0.646395 -0.539529
vn -0.539530 0.646395 -0.539520
vn -0.582574 -0.776130 -0.241308
vn -0.582573 -0.776130 -0.241310
vn -0.445876 -0.776136 -0.445877
vn -0.445876 -0.776136 -0.445877
vn -0.539530 0.646395 -0.539520
vn -0.539521 0.646395 -0.539529
vn -0.291987 0.646397 -0.704922
vn -0.291991 0.646396 -0.704920
vn -0.445876 -0.776136 -0.445877
vn -0.445876 -0.776136 -0.445877
vn -0.241309 -0.776130 -0.582574
vn -0.241307 -0.776130 -0.582575
vn -0.291991 0.646396 -0.704920
vn -0.291987 0.646397 -0.704922
vn 0.000000 0.646398 -0.763000
vn 0.000000 0.646398 -0.763000
vn -0.241307 -0.776130 -0.582575
vn -0.241309 -0.776130 -0.582574
vn -0.000000 -0.776124 -0.630580
vn -0.000000 -0.776124 -0.630580
vn 0.000000 0.646398 -0.763000
vn 0.000000 0.646398 -0.763000
vn 0.291986 0.646397 -0.704922
vn 0.291990 0.646397 -0.704921
vn -0.000000 -0.776124 -0.630580
vn -0.000000 -0.776124 -0.630580
vn 0.241307 -0.776139 -0.582563
vn 0.241305 -0.776139 -0.582563
vn 0.291990 0.646397 -0.704921
vn 0.291986 0.646397 -0.704922
vn 0.539532 0.646391 -0.539522
vn 0.539523 0.646391 -0.539531
vn 0.241305 -0.776139 -0.582563
vn 0.241307 -0.776139 -0.582563
vn 0.445856 -0.776157 -0.445862
vn 0.445863 -0.776157 -0.445855
vn 0.995767 -0.091914 0.000001
vn 0.919969 -0.091914 -0.381063
vn 0.920033 -0.091163 -0.381090
vn 0.995836 -0.091164 0.000001
vn 0.995550 -0.094235 0.000001
vn 0.919769 -0.094233 -0.380980
vn 0.919839 -0.093429 -0.381009
vn 0.995626 -0.093429 0.000001
vn 0.919968 -0.091914 0.381064
vn 0.995767 -0.091914 0.000001
vn 0.995836 -0.091164 0.000001
vn 0.920032 -0.091165 0.381090
vn 0.919769 -0.094235 0.380980
vn 0.995550 -0.094235 0.000001
vn 0.995626 -0.093429 0.000001
vn 0.919838 -0.093429 0.381010
vn 0.704114 -0.091914 0.704113
vn 0.919968 -0.091914 0.381064
vn 0.920032 -0.091165 0.381090
vn 0.704163 -0.091165 0.704162
vn 0.703960 -0.094234 0.703960
vn 0.919769 -0.094235 0.380980
vn 0.919838 -0.093429 0.381010
vn 0.704014 -0.093428 0.704014
vn 0.381064 -0.091914 0.919968
vn 0.704114 -0.091914 0.704113
vn 0.704163 -0.091165 0.704162
vn 0.381090 -0.091165 0.920032
vn 0.380980 -0.094235 0.919769
vn 0.703960 -0.094234 0.703960
vn 0.704014 -0.093428 0.704014
vn 0.381009 -0.093429 0.919839
vn -0.000000 -0.091914 0.995767
vn 0.381064 -0.091914 0.919968
vn 0.381090 -0.091165 0.920032
vn -0.000000 -0.091164 0.995836
vn -0.000000 -0.094236 0.995550
vn 0.380980 -0.094235 0.919769
vn 0.381009 -0.093429 0.919839
vn -0.000000 -0.093429 0.995626
vn -0.381064 -0.091915 0.919968
vn -0.000000 -0.091914 0.995767
vn -0.000000 -0.091164 0.995836
vn -0.381091 -0.091165 0.920032
vn -0.380980 -0.094234 0.919769
vn -0.000000 -0.094236 0.995550
vn -0.000000 -0.093429 0.995626
vn -0.381009 -0.093429 0.919839
vn -0.704113 -0.091915 0.704114
vn -0.381064 -0.091915 0.919968
vn -0.381091 -0.091165 0.920032
vn -0.704162 -0.091164 0.704163
vn -0.703961 -0.094233 0.703960
vn -0.380980 -0.094234 0.919769
vn -0.381009 -0.093429 0.919839
vn -0.704014 -0.093429 0.704014
vn -0.919968 -0.091914 0.381064
vn -0.704113 -0.091915 0.704114
vn -0.704162 -0.091164 0.704163
vn -0.920033 -0.091163 0.381090
vn -0.919769 -0.094235 0.380980
vn -0.703961 -0.094233 0.703960
vn -0.704014 -0.093429 0.704014
vn -0.919839 -0.093430 0.381009
vn -0.995767 -0.091915 -0.000002
vn -0.919968 -0.091914 0.381064
vn -0.920033 -0.091163 0.381090
vn -0.995836 -0.091164 -0.000001
vn -0.995550 -0.094235 -0.000001
vn -0.919769 -0.094235 0.380980
vn -0.919839 -0.093430 0.381009
vn -0.995626 -0.093430 -0.000002
vn -0.919968 -0.091915 -0.381064
vn -0.995767 -0.091915 -0.000002
vn -0.995836 -0.091164 -0.000001
vn -0.920032 -0.091165 -0.381090
vn -0.919769 -0.094233 -0.380980
vn -0.995550 -0.094235 -0.000001
vn -0.995626 -0.093430 -0.000002
vn -0.919838 -0.093429 -0.381010
vn -0.704114 -0.091915 -0.704113
vn -0.919968 -0.091915 -0.381064
vn -0.920032 -0.091165 -0.381090
vn -0.704163 -0.091164 -0.704162
vn -0.703960 -0.094233 -0.703960
vn -0.919769 -0.094233 -0.380980
vn -0.919838 -0.093429 -0.381010
vn -0.704014 -0.093429 -0.704014
vn -0.381063 -0.091914 -0.919969
vn -0.704114 -0.091915 -0.704113
vn -0.704163 -0.091164 -0.704162
vn -0.381090 -0.091163 -0.920033
vn -0.380979 -0.094235 -0.919769
vn -0.703960 -0.094233 -0.703960
vn -0.704014 -0.093429 -0.704014
vn -0.381009 -0.093430 -0.919839
vn 0.000002 -0.091915 -0.995767
vn -0.381063 -0.091914 -0.919969
vn -0.381090 -0.091163 -0.920033
vn 0.000001 -0.091164 -0.995836
vn 0.000001 -0.094235 -0.995550
vn -0.380979 -0.094235 -0.919769
vn -0.381009 -0.093430 -0.919839
vn 0.000002 -0.093430 -0.995626
vn 0.381064 -0.091915 -0.919968
vn 0.000002 -0.091915 -0.995767
vn 0.000001 -0.091164 -0.995836
vn 0.381090 -0.091164 -0.920032
vn 0.380980 -0.094233 -0.919769
vn 0.000001 -0.094235 -0.995550
vn 0.000002 -0.093430 -0.995626
vn 0.381009 -0.093429 -0.919839
vn 0.704114 -0.091915 -0.704113
vn 0.381064 -0.091915 -0.919968
vn 0.381090 -0.091164 -0.920032
vn 0.704163 -0.091163 -0.704162
vn 0.703959 -0.094232 -0.703961
vn 0.380980 -0.094233 -0.919769
vn 0.381009 -0.093429 -0.919839
vn 0.704013 -0.093429 -0.704015
vn 0.919969 -0.091914 -0.381063
vn 0.704114 -0.091915 -0.704113
vn 0.704163 -0.091163 -0.704162
vn 0.920033 -0.091163 -0.381090
vn 0.919769 -0.094233 -0.380980
vn 0.703959 -0.094232 -0.703961
vn 0.704013 -0.093429 -0.704015
vn 0.919839 -0.093429 -0.381009
vn 0.085644 0.995694 -0.035474
vn 0.092702 0.995694 0.000000
vn 0.092702 0.995694 0.000001
vn 0.085644 0.995694 -0.035474
vn -0.092674 -0.995696 0.000000
vn -0.085620 -0.995697 0.035465
vn -0.085620 -0.995696 0.035466
vn -0.092674 -0.995696 0.000000
vn 0.092702 0.995694 0.000000
vn 0.085645 0.995694 0.035474
vn 0.085645 0.995694 0.035474
vn 0.092702 0.995694 0.000001
vn -0.085617 -0.995697 -0.035464
vn -0.092674 -0.995696 0.000000
vn -0.092674 -0.995696 0.000000
vn -0.085617 -0.995697 -0.035464
vn 0.085645 0.995694 0.035474
vn 0.065549 0.995694 0.065551
vn 0.065550 0.995694 0.065550
vn 0.085645 0.995694 0.035474
vn -0.065528 -0.995697 -0.065527
vn -0.085617 -0.995697 -0.035464
vn -0.085617 -0.995697 -0.035464
vn -0.065528 -0.995697 -0.065527
vn 0.065549 0.995694 0.065551
vn 0.035475 0.995694 0.085650
vn 0.035476 0.995694 0.085650
vn 0.065550 0.995694 0.065550
vn -0.035464 -0.995697 -0.085617
vn -0.065528 -0.995697 -0.065527
vn -0.065528 -0.995697 -0.065527
vn -0.035464 -0.995697 -0.085617
vn 0.035475 0.995694 0.085650
vn 0.000000 0.995694 0.092705
vn 0.000000 0.995694 0.092705
vn 0.035476 0.995694 0.085650
vn -0.000000 -0.995697 -0.092673
vn -0.035464 -0.995697 -0.085617
vn -0.035464 -0.995697 -0.085617
vn -0.000000 -0.995697 -0.092673
vn 0.000000 0.995694 0.092705
vn -0.035475 0.995694 0.085645
vn -0.035475 0.995694 0.085645
vn 0.000000 0.995694 0.092705
vn 0.035464 -0.995697 -0.085617
vn -0.000000 -0.995697 -0.092673
vn -0.000000 -0.995697 -0.092673
vn 0.035464 -0.995697 -0.085617
vn -0.035475 0.995694 0.085645
vn -0.065550 0.995694 0.065548
vn -0.065550 0.995694 0.065548
vn -0.035475 0.995694 0.085645
vn 0.065528 -0.995697 -0.065527
vn 0.035464 -0.995697 -0.085617
vn 0.035464 -0.995697 -0.085617
vn 0.065528 -0.995697 -0.065527
vn -0.065550 0.995694 0.065548
vn -0.085645 0.995694 0.035475
vn -0.085646 0.995694 0.035475
vn -0.065550 0.995694 0.065548
vn 0.085617 -0.995697 -0.035464
vn 0.065528 -0.995697 -0.065527
vn 0.065528 -0.995697 -0.065527
vn 0.085617 -0.995697 -0.035464
vn -0.085645 0.995694 0.035475
vn -0.092702 0.995694 -0.000001
vn -0.092702 0.995694 -0.000001
vn -0.085646 0.995694 0.035475
vn 0.092673 -0.995697 0.000000
vn 0.085617 -0.995697 -0.035464
vn 0.085617 -0.995697 -0.035464
vn 0.092673 -0.995697 0.000000
vn -0.092702 0.995694 -0.000001
vn -0.085644 0.995694 -0.035474
vn -0.085644 0.995694 -0.035474
vn -0.092702 0.995694 -0.000001
vn 0.085618 -0.995697 0.035464
vn 0.092673 -0.995697 0.000000
vn 0.092673 -0.995697 0.000000
vn 0.085618 -0.995697 0.035464
vn -0.085644 0.995694 -0.035474
vn -0.065548 0.995694 -0.065545
vn -0.065548 0.995694 -0.065545
vn -0.085644 0.995694 -0.035474
vn 0.065529 -0.995697 0.065529
vn 0.085618 -0.995697 0.035464
vn 0.085618 -0.995697 0.035464
vn 0.065529 -0.995697 0.065529
vn -0.065548 0.995694 -0.065545
vn -0.035474 0.995694 -0.085644
vn -0.035474 0.995694 -0.085644
vn -0.065548 0.995694 -0.065545
vn 0.035465 -0.995696 0.085621
vn 0.065529 -0.995697 0.065529
vn 0.065529 -0.995697 0.065529
vn 0.035465 -0.995696 0.085620
vn -0.035474 0.995694 -0.085644
vn 0.000000 0.995694 -0.092700
vn 0.000000 0.995694 -0.092700
vn -0.035474 0.995694 -0.085644
vn -0.000000 -0.995696 0.092675
vn 0.035465 -0.995696 0.085621
vn 0.035465 -0.995696 0.085620
vn -0.000000 -0.995696 0.092675
vn 0.000000 0.995694 -0.092700
vn 0.035474 0.995694 -0.085641
vn 0.035475 0.995694 -0.085640
vn 0.000000 0.995694 -0.092700
vn -0.035464 -0.995697 0.085618
vn -0.000000 -0.995696 0.092675
vn -0.000000 -0.995696 0.092675
vn -0.035464 -0.995697 0.085618
vn 0.035474 0.995694 -0.085641
vn 0.065548 0.995694 -0.065546
vn 0.065548 0.995694 -0.065546
vn 0.035475 0.995694 -0.085640
vn -0.065530 -0.995697 0.065530
vn -0.035464 -0.995697 0.085618
vn -0.035464 -0.995697 0.085618
vn -0.065530 -0.995697 0.065529
vn 0.065548 0.995694 -0.065546
vn 0.085644 0.995694 -0.035474
vn 0.085644 0.995694 -0.035474
vn 0.065548 0.995694 -0.065546
vn -0.085620 -0.995697 0.035465
vn -0.065530 -0.995697 0.065530
vn -0.065530 -0.995697 0.065529
vn -0.085620 -0.995696 0.035466
vn 0.000000 -1.000000 0.000000
vn 0.000000 -1.000000 0.000000
vn 0.000000 -1.000000 0.000000
vn 0.000000 -1.000000 0.000000
vn -0.000000 -1.000000 0.000000
vn -0.000000 -1.000000 0.000000
vn -0.000000 -1.000000 0.000000
vn -0.000000 -1.000000 0.000000
vn -0.000000 -1.000000 0.000000
vn -0.000000 -1.000000 0.000000
vn -0.000000 -1.000000 0.000000
vn -0.000000 -1.000000 0.000000
vn -0.000000 -1.000000 0.000000
vn -0.000000 -1.000000 0.000000
vn -0.000000 -1.000000 0.000000
vn -0.000000 -1.000000 0.000000
vn 0.636260 -0.725063 -0.263548
vn 0.636260 -0.725063 -0.263548
vn 0.486971 -0.725064 -0.486971
vn 0.486970 -0.725064 -0.486972
vn 0.636260 -0.725063 -0.263548
vn 0.636260 -0.725063 -0.263548
vn 0.688680 -0.725065 0.000001
vn 0.688680 -0.725065 0.000001
vn 0.486970 -0.725064 -0.486972
vn 0.486971 -0.725064 -0.486971
vn 0.263548 -0.725063 -0.636260
vn 0.263548 -0.725063 -0.636259
vn 0.263548 -0.725063 -0.636259
vn 0.263548 -0.725063 -0.636260
vn 0.000002 -0.725062 -0.688684
vn 0.000002 -0.725062 -0.688684
vn 0.000002 -0.725062 -0.688684
vn 0.000002 -0.725062 -0.688684
vn -0.263547 -0.725063 -0.636260
vn -0.263548 -0.725063 -0.636260
vn -0.263548 -0.725063 -0.636260
vn -0.263547 -0.725063 -0.636260
vn -0.486969 -0.725067 -0.486970
vn -0.486970 -0.725067 -0.486968
vn -0.486970 -0.725067 -0.486968
vn -0.486969 -0.725067 -0.486970
vn -0.636253 -0.725070 -0.263546
vn -0.636254 -0.725070 -0.263544
vn -0.636254 -0.725070 -0.263544
vn -0.636253 -0.725070 -0.263546
vn -0.688676 -0.725069 0.000000
vn -0.688676 -0.725069 0.000000
vn -0.688676 -0.725069 0.000000
vn -0.688676 -0.725069 0.000000
vn -0.636253 -0.725069 0.263546
vn -0.636254 -0.725069 0.263544
vn -0.636254 -0.725069 0.263544
vn -0.636253 -0.725069 0.263546
vn -0.486968 -0.725070 0.486966
vn -0.486966 -0.725070 0.486967
vn -0.486966 -0.725070 0.486967
vn -0.486968 -0.725070 0.486966
vn -0.263546 -0.725070 0.636252
vn -0.263544 -0.725070 0.636253
vn -0.263544 -0.725070 0.636253
vn -0.263546 -0.725070 0.636252
vn -0.000000 -0.725069 0.688676
vn -0.000000 -0.725069 0.688676
vn -0.000000 -0.725069 0.688676
vn -0.000000 -0.725069 0.688676
vn 0.263546 -0.725071 0.636251
vn 0.263544 -0.725071 0.636252
vn 0.263544 -0.725071 0.636252
vn 0.263546 -0.725071 0.636251
vn 0.486965 -0.725072 0.486966
vn 0.486965 -0.725072 0.486966
vn 0.486965 -0.725072 0.486966
vn 0.486965 -0.725072 0.486966
vn 0.636252 -0.725070 0.263547
vn 0.636254 -0.725070 0.263543
vn 0.636254 -0.725070 0.263543
vn 0.636252 -0.725070 0.263547
vn 0.688680 -0.725065 0.000001
vn 0.688680 -0.725065 0.000001
vn 0.919640 -0.095695 -0.380927
vn 0.703862 -0.095695 -0.703861
vn 0.703862 -0.095695 -0.703861
vn 0.919640 -0.095695 -0.380927
vn 0.703862 -0.095695 -0.703861
vn 0.380928 -0.095695 -0.919639
vn 0.380928 -0.095695 -0.919639
vn 0.703862 -0.095695 -0.703861
vn 0.380928 -0.095695 -0.919639
vn 0.000001 -0.095695 -0.995411
vn 0.000001 -0.095695 -0.995411
vn 0.380928 -0.095695 -0.919639
vn 0.000001 -0.095695 -0.995411
vn -0.380927 -0.095695 -0.919640
vn -0.380927 -0.095695 -0.919640
vn 0.000001 -0.095695 -0.995411
vn -0.380927 -0.095695 -0.919640
vn -0.703861 -0.095695 -0.703862
vn -0.703861 -0.095695 -0.703862
vn -0.380927 -0.095695 -0.919640
vn -0.703861 -0.095695 -0.703862
vn -0.919639 -0.095695 -0.380928
vn -0.919639 -0.095695 -0.380928
vn -0.703861 -0.095695 -0.703862
vn -0.919639 -0.095695 -0.380928
vn -0.995411 -0.095695 0.000000
vn -0.995411 -0.095695 0.000000
vn -0.919639 -0.095695 -0.380928
vn -0.995411 -0.095695 0.000000
vn -0.919639 -0.095695 0.380928
vn -0.919639 -0.095695 0.380928
vn -0.995411 -0.095695 0.000000
vn -0.919639 -0.095695 0.380928
vn -0.703862 -0.095694 0.703861
vn -0.703862 -0.095694 0.703861
vn -0.919639 -0.095695 0.380928
vn -0.703862 -0.095694 0.703861
vn -0.380928 -0.095695 0.919639
vn -0.380928 -0.095695 0.919639
vn -0.703862 -0.095694 0.703861
vn -0.380928 -0.095695 0.919639
vn -0.000000 -0.095695 0.995411
vn -0.000000 -0.095695 0.995411
vn -0.380928 -0.095695 0.919639
vn -0.000000 -0.095695 0.995411
vn 0.380928 -0.095695 0.919639
vn 0.380928 -0.095695 0.919639
vn -0.000000 -0.095695 0.995411
vn 0.380928 -0.095695 0.919639
vn 0.703862 -0.095694 0.703862
vn 0.703862 -0.095694 0.703862
vn 0.380928 -0.095695 0.919639
vn 0.703862 -0.095694 0.703862
vn 0.919639 -0.095695 0.380928
vn 0.919639 -0.095695 0.380928
vn 0.703862 -0.095694 0.703862
vn 0.919639 -0.095695 0.380928
vn 0.995411 -0.095695 0.000000
vn 0.995411 -0.095695 0.000000
vn 0.919639 -0.095695 0.380928
vn 0.995411 -0.095695 0.000000
vn 0.919640 -0.095695 -0.380927
vn 0.919640 -0.095695 -0.380927
vn 0.995411 -0.095695 0.000000
vn -0.000000 -1.000000 0.000000
vn -0.000000 -1.000000 0.000000
vn -0.000000 -1.000000 0.000000
vn -0.000000 -1.000000 0.000000
vn -0.000000 -1.000000 0.000000
vn -0.000000 -1.000000 0.000000
vn -0.000000 -1.000000 0.000000
vn -0.000000 -1.000000 0.000000
vn -0.000000 -1.000000 0.000000
vn -0.000000 -1.000000 0.000000
vn -0.000000 -1.000000 0.000000
vn -0.000000 -1.000000 0.000000
vn -0.000000 -1.000000 0.000000
vn -0.000000 -1.000000 0.000000
vn -0.000000 -1.000000 0.000000
vn -0.000000 -1.000000 0.000000
vn -0.000000 -1.000000 0.000000
vn -0.000000 -1.000000 0.000000
vn -0.000000 -1.000000 0.000000
vn -0.000000 -1.000000 0.000000
vn -0.000000 -1.000000 0.000000
vn -0.000000 -1.000000 0.000000
vn -0.000000 -1.000000 0.000000
vn -0.000000 -1.000000 0.000000
vn -0.000000 -1.000000 0.000000
vn -0.000000 -1.000000 0.000000
vn -0.000000 -1.000000 0.000000
vn -0.000000 -1.000000 0.000000
vn -0.000000 -1.000000 0.000000
vn -0.000000 -1.000000 0.000000
vn -0.000000 -1.000000 0.000000
vn -0.000000 -1.000000 0.000000
vn -0.000000 -1.000000 0.000000
vn -0.000000 -1.000000 0.000000
vn -0.000000 -1.000000 0.000000
vn -0.000000 -1.000000 0.000000
vn -0.000000 -1.000000 0.000000
vn -0.000000 -1.000000 0.000000
vn -0.000000 -1.000000 0.000000
vn -0.000000 -1.000000 0.000000
vn -0.000000 -1.000000 0.000000
vn -0.000000 -1.000000 0.000000
vn -0.000000 -1.000000 0.000000
vn -0.000000 -1.000000 0.000000
vn -0.000000 -1.000000 0.000000
vn -0.000000 -1.000000 0.000000
vn -0.000000 -1.000000 0.000000
vn -0.000000 -1.000000 0.000000
vn 0.000000 1.000000 -0.000001
vn 0.000000 1.000000 -0.000001
vn 0.000000 1.000000 -0.000001
vn 0.000000 1.000000 -0.000001
vn 0.000000 1.000000 -0.000001
vn 0.000000 1.000000 0.000000
vn 0.000000 1.000000 0.000000
vn 0.000000 1.000000 0.000000
vn 0.000000 1.000000 0.000001
vn 0.000000 1.000000 0.000000
vn 0.000000 1.000000 -0.000001
vn 0.000000 1.000000 0.000000
vn 0.000000 1.000000 0.000000
vn 0.000000 1.000000 0.000000
vn 0.000000 1.000000 0.000001
vn 0.000000 1.000000 0.000000
vn 0.000000 1.000000 0.000001
vn 0.000000 1.000000 0.000000
vn 0.000000 1.000000 0.000001
vn 0.000000 1.000000 0.000000
vn 0.000000 1.000000 0.000001
vn 0.000000 1.000000 0.000000
vn 0.000000 1.000000 0.000001
vn 0.000000 1.000000 0.000001
vn 0.000000 1.000000 0.000001
vn 0.000000 1.000000 0.000000
vn 0.000000 1.000000 0.000000
vn 0.000000 1.000000 0.000001
vn 0.000000 1.000000 0.000000
vn 0.000000 1.000000 0.000000
vn 0.000000 1.000000 0.000000
vn 0.000000 1.000000 0.000001
vn 0.000000 1.000000 0.000000
vn 0.000000 1.000000 0.000000
vn 0.000000 1.000000 0.000001
vn 0.000000 1.000000 0.000001
vn 0.000000 1.000000 0.000000
vn 0.000000 1.000000 0.000000
vn 0.000000 1.000000 0.000000
vn 0.000000 1.000000 0.000000
vn 0.000000 1.000000 0.000001
vn 0.000000 1.000000 0.000000
vn 0.000000 1.000000 0.000000
vn 0.000000 1.000000 0.000000
vn 0.000000 1.000000 0.000000
vn 0.000000 1.000000 0.000000
vn 0.000000 1.000000 0.000001
vn 0.000000 1.000000 0.000000
vn 0.000000 1.000000 0.000000
vn 0.000000 1.000000 0.000000
vn 0.000000 1.000000 0.000000
vn 0.000000 1.000000 0.000000
vn 0.000000 1.000000 0.000000
vn 0.000000 1.000000 0.000000
vn 0.000000 1.000000 0.000000
vn 0.000000 1.000000 0.000000
vn 0.000000 1.000000 0.000000
vn 0.000000 1.000000 0.000000
vn 0.000000 1.000000 0.000000
vn 0.000000 1.000000 0.000000
vn 0.000000 1.000000 0.000000
vn 0.000000 1.000000 0.000000
vn 0.000000 1.000000 0.000001
vn 0.000000 1.000000 0.000000
vn 0.000000 1.000000 0.000001
vn 0.000000 1.000000 0.000000
vn 0.000000 1.000000 0.000000
vn 0.000000 1.000000 0.000000
vn 0.000000 1.000000 0.000000
vn 0.000000 1.000000 0.000000
vn 0.000000 1.000000 0.000000
vn 0.000000 1.000000 0.000000
vn 0.000000 1.000000 0.000000
vn 0.000000 1.000000 0.000000
vn 0.000000 1.000000 0.000000
vn 0.000000 1.000000 0.000000
vn 0.000000 1.000000 0.000001
vn 0.000000 1.000000 0.000000
vn 0.000000 1.000000 0.000000
vn 0.000000 1.000000 0.000000
vn 0.000000 1.000000 0.000000
vn 0.000000 1.000000 0.000000
vn 0.000000 1.000000 0.000001
vn 0.000000 1.000000 0.000001
vn 0.000000 1.000000 0.000000
vn 0.000000 1.000000 0.000000
vn 0.000000 1.000000 -0.000001
vn 0.000000 1.000000 0.000001
vn 0.000000 1.000000 -0.000001
vn 0.000000 1.000000 0.000000
vn 0.000000 1.000000 0.000000
vn 0.000000 1.000000 0.000001
vn 0.000000 1.000000 -0.000001
vn 0.000000 1.000000 0.000000
vn 0.000000 1.000000 -0.000001
vn 0.000000 1.000000 -0.000001
vn 0.000000 1.000000 -0.000001
vn 0.000000 1.000000 0.000000
vn 0.000000 1.000000 0.000000
vn 0.000000 1.000000 -0.000001
vn 0.000000 1.000000 0.000000
vn 0.000000 1.000000 0.000000
vn 0.000000 1.000000 0.000000
vn 0.000000 1.000000 -0.000001
vn 0.000000 1.000000 0.000000
vn 0.000000 1.000000 0.000000
vn 0.000000 1.000000 -0.000001
vn 0.000000 1.000000 -0.000001
vn -0.011113 0.999937 -0.001813
vn 0.000000 1.000000 0.000000
vn 0.000000 1.000000 0.000000
vn -0.005862 0.999970 0.004975
vn 0.000000 1.000000 0.000000
vn 0.000000 1.000000 0.000000
vn -0.002217 0.999934 -0.011266
vn 0.005334 0.999966 -0.006294
vn -0.002217 0.999934 -0.011266
vn 0.000000 1.000000 0.000000
vn 0.000000 1.000000 0.000000
vn -0.006461 0.999958 -0.006461
vn 0.000000 1.000000 0.000000
vn 0.000000 1.000000 0.000000
vn 0.000000 1.000000 -0.000001
vn -0.006461 0.999958 -0.006461
vn 0.000000 1.000000 -0.000001
vn 0.000000 1.000000 0.000000
vn -0.011113 0.999937 -0.001813
vn -0.006461 0.999958 -0.006461
vn 0.760903 0.648866 0.000001
vn 0.760903 0.648866 0.000001
vn 0.746280 0.648870 -0.148441
vn 0.746280 0.648870 -0.148441
vn 0.760903 0.648866 0.000001
vn 0.760903 0.648866 0.000001
vn 0.746452 0.648872 0.147561
vn 0.746452 0.648872 0.147561
vn 0.746280 0.648870 -0.148441
vn 0.746280 0.648870 -0.148441
vn 0.702985 0.648862 -0.291188
vn 0.702985 0.648862 -0.291186
vn 0.702985 0.648862 -0.291186
vn 0.702985 0.648862 -0.291188
vn 0.632670 0.648862 -0.422738
vn 0.632670 0.648862 -0.422737
vn 0.632670 0.648862 -0.422737
vn 0.632670 0.648862 -0.422738
vn 0.556683 0.648647 -0.519000
vn 0.556683 0.648647 -0.519000
vn 0.483693 0.647052 -0.589377
vn 0.483693 0.647052 -0.589377
vn 0.403207 0.648680 -0.645475
vn 0.403206 0.648680 -0.645476
vn 0.403206 0.648680 -0.645476
vn 0.403207 0.648680 -0.645475
vn 0.291187 0.648859 -0.702988
vn 0.291185 0.648859 -0.702989
vn 0.291185 0.648859 -0.702989
vn 0.291187 0.648859 -0.702988
vn 0.148442 0.648865 -0.746284
vn 0.148442 0.648865 -0.746284
vn 0.148442 0.648865 -0.746284
vn 0.148442 0.648865 -0.746284
vn 0.000000 0.648864 -0.760905
vn 0.000000 0.648864 -0.760905
vn 0.000000 0.648864 -0.760905
vn 0.000000 0.648864 -0.760905
vn -0.148442 0.648865 -0.746284
vn -0.148442 0.648865 -0.746284
vn -0.148442 0.648865 -0.746284
vn -0.148442 0.648865 -0.746284
vn -0.291187 0.648859 -0.702988
vn -0.291185 0.648859 -0.702989
vn -0.291185 0.648859 -0.702989
vn -0.291187 0.648859 -0.702988
vn -0.422738 0.648863 -0.632669
vn -0.422737 0.648863 -0.632669
vn -0.422737 0.648863 -0.632669
vn -0.422738 0.648863 -0.632669
vn -0.538035 0.648873 -0.538035
vn -0.538035 0.648873 -0.538035
vn -0.538035 0.648873 -0.538035
vn -0.538035 0.648873 -0.538035
vn -0.632670 0.648862 -0.422738
vn -0.632670 0.648862 -0.422737
vn -0.632670 0.648862 -0.422737
vn -0.632670 0.648862 -0.422738
vn -0.702984 0.648862 -0.291189
vn -0.702985 0.648862 -0.291187
vn -0.702985 0.648862 -0.291187
vn -0.702984 0.648862 -0.291189
vn -0.746280 0.648870 -0.148442
vn -0.746279 0.648870 -0.148443
vn -0.746279 0.648870 -0.148443
vn -0.746280 0.648870 -0.148442
vn -0.760903 0.648866 0.000000
vn -0.760903 0.648866 0.000000
vn -0.760903 0.648866 0.000000
vn -0.760903 0.648866 0.000000
vn -0.746280 0.648870 0.148441
vn -0.746280 0.648870 0.148441
vn -0.746280 0.648870 0.148441
vn -0.746280 0.648870 0.148441
vn -0.702985 0.648862 0.291188
vn -0.702985 0.648862 0.291186
vn -0.702985 0.648862 0.291186
vn -0.702985 0.648862 0.291188
vn -0.642478 0.648753 0.407850
vn -0.642479 0.648753 0.407849
vn -0.589368 0.647072 0.483677
vn -0.589368 0.647072 0.483677
vn -0.514185 0.648517 0.561283
vn -0.514185 0.648517 0.561283
vn -0.514185 0.648517 0.561283
vn -0.514185 0.648517 0.561283
vn -0.422737 0.648863 0.632669
vn -0.422737 0.648863 0.632670
vn -0.422737 0.648863 0.632670
vn -0.422737 0.648863 0.632669
vn -0.291187 0.648859 0.702988
vn -0.291185 0.648859 0.702989
vn -0.291185 0.648859 0.702989
vn -0.291187 0.648859 0.702988
vn -0.148442 0.648865 0.746284
vn -0.148442 0.648865 0.746284
vn -0.148442 0.648865 0.746284
vn -0.148442 0.648865 0.746284
vn 0.000000 0.648864 0.760905
vn 0.000000 0.648864 0.760905
vn 0.000000 0.648864 0.760905
vn 0.000000 0.648864 0.760905
vn 0.147561 0.648871 0.746453
vn 0.147562 0.648871 0.746453
vn 0.147562 0.648871 0.746453
vn 0.147561 0.648871 0.746453
vn 0.221325 0.647064 0.729605
vn 0.221325 0.647065 0.729604
vn 0.759559 0.646922 0.067538
vn 0.759559 0.646922 0.067538
vn 0.759559 0.646922 0.067538
vn 0.759559 0.646922 0.067538
vn 0.701750 0.659679 0.269018
vn 0.703302 0.659700 0.264881
vn 0.529013 0.663172 0.529479
vn 0.529330 0.663168 0.529167
vn 0.529330 0.663168 0.529167
vn 0.529013 0.663172 0.529479
vn 0.259961 0.659720 0.705117
vn 0.264227 0.659687 0.703560
vn 0.729605 0.647064 0.221323
vn 0.729605 0.647064 0.221323
vn 0.746452 0.648872 0.147561
vn 0.746452 0.648872 0.147561
vn 0.067377 0.647628 0.758972
vn 0.067377 0.647628 0.758972
vn 0.264227 0.659687 0.703560
vn 0.259961 0.659720 0.705117
vn 0.000000 1.000000 0.000000
vn 0.000000 1.000000 0.000000
vn 0.000000 1.000000 -0.000001
vn 0.000000 1.000000 0.000000
vn 0.000000 1.000000 -0.000001
vn 0.000000 1.000000 0.000000
vn 0.000000 1.000000 -0.000001
vn 0.000000 1.000000 0.000000
vn 0.000000 1.000000 -0.000001
vn 0.000000 1.000000 0.000000
vn 0.000000 1.000000 0.000000
vn 0.000000 1.000000 0.000000
vn 0.000000 1.000000 0.000000
vn 0.000000 1.000000 0.000000
vn 0.000000 1.000000 0.000001
vn 0.000000 1.000000 0.000000
vn 0.000000 1.000000 0.000001
vn 0.000000 1.000000 0.000000
vn 0.000000 1.000000 0.000001
vn 0.000000 1.000000 0.000000
vn 0.000000 1.000000 0.000001
vn 0.000000 1.000000 0.000000
vn 0.000000 1.000000 0.000000
vn 0.000000 1.000000 0.000000
vn 0.000000 1.000000 0.000000
vn 0.000000 1.000000 0.000000
vn 0.000000 1.000000 0.000000
vn 0.000000 1.000000 0.000000
vn 0.000000 1.000000 0.000000
vn 0.000000 1.000000 0.000000
vn 0.000000 1.000000 0.000000
vn 0.000000 1.000000 0.000000
vn 0.000000 1.000000 0.000000
vn 0.000000 1.000000 0.000000
vn 0.000000 1.000000 0.000001
vn 0.000000 1.000000 0.000000
vn 0.000000 1.000000 0.000001
vn 0.000000 1.000000 0.000000
vn 0.000000 1.000000 0.000001
vn 0.000000 1.000000 0.000000
vn 0.000000 1.000000 0.000001
vn 0.000000 1.000000 -0.000002
vn 0.000000 1.000000 0.000001
vn 0.000000 1.000000 0.000000
vn 0.000000 1.000000 0.000001
vn 0.000000 1.000000 0.000000
vn 0.000000 1.000000 0.000000
vn 0.000000 1.000000 0.000000
vn 0.000000 1.000000 0.000000
vn 0.000000 1.000000 0.000000
vn 0.000000 1.000000 0.000000
vn 0.000000 1.000000 0.000000
vn 0.000000 1.000000 0.000000
vn 0.000000 1.000000 0.000000
vn 0.000000 1.000000 0.000000
vn 0.000000 1.000000 0.000000
vn 0.000000 1.000000 0.000000
vn 0.000000 1.000000 0.000000
vn 0.000000 1.000000 0.000000
vn 0.000000 1.000000 0.000000
vn 0.000000 1.000000 0.000000
vn 0.000000 1.000000 0.000001
vn 0.000000 1.000000 0.000001
vn 0.000000 1.000000 0.000000
vn 0.000000 1.000000 0.000001
vn 0.000000 1.000000 0.000001
vn 0.000000 1.000000 0.000000
vn 0.000000 1.000000 0.000001
vn 0.000000 1.000000 0.000002
vn 0.000000 1.000000 0.000003
vn 0.000000 1.000000 0.000003
vn 0.000000 1.000000 0.000001
vn 0.000000 1.000000 0.000001
vn 0.000000 1.000000 -0.000001
vn 0.000000 1.000000 0.000000
vn 0.000000 1.000000 0.000002
vn 0.000000 1.000000 -0.000002
vn 0.000000 1.000000 0.000000
vn 0.000000 1.000000 -0.000001
vn 0.000000 1.000000 -0.000002
vn 0.000000 1.000000 -0.000002
vn 0.000000 1.000000 -0.000001
vn 0.000000 1.000000 -0.000001
vn 0.000000 1.000000 -0.000002
vn 0.000000 1.000000 0.000002
vn 0.000000 1.000000 -0.000001
vn 0.000000 1.000000 -0.000001
vn 0.000000 1.000000 0.000002
vn 0.000000 1.000000 0.000002
vn 0.000000 1.000000 0.000003
vn 0.000000 1.000000 0.000003
vn 0.000000 1.000000 0.000002
vn -0.017048 0.999750 0.014470
vn -0.009749 0.999896 -0.010615
vn -0.011113 0.999937 -0.001813
vn -0.005862 0.999970 0.004975
vn 0.015592 0.999709 -0.018397
vn 0.000000 1.000000 -0.000002
vn 0.000000 1.000000 0.000000
vn 0.005334 0.999966 -0.006294
vn 0.000000 1.000000 0.000000
vn 0.000000 1.000000 0.000000
vn 0.000000 1.000000 0.000000
vn 0.005334 0.999966 -0.006294
vn -0.002217 0.999934 -0.011266
vn -0.009749 0.999896 -0.010615
vn 0.015592 0.999709 -0.018397
vn 0.005334 0.999966 -0.006294
vn -0.011113 0.999937 -0.001813
vn -0.009749 0.999896 -0.010615
vn -0.002217 0.999934 -0.011266
vn -0.006461 0.999958 -0.006461
vn 0.222740 0.631382 0.742794
vn 0.222740 0.631382 0.742794
vn 0.150196 0.640894 0.752792
vn 0.150060 0.640909 0.752807
vn 0.823955 0.557843 0.099549
vn 0.821267 0.563878 0.086959
vn 0.818465 0.569697 0.074572
vn 0.818465 0.569697 0.074572
vn 0.780020 0.578206 0.239265
vn 0.756723 0.567141 0.325148
vn 0.569678 0.594593 0.567385
vn 0.571176 0.594207 0.566283
vn 0.069087 0.627901 0.775221
vn 0.069087 0.627901 0.775221
vn 0.270514 0.634213 0.724290
vn 0.266145 0.634371 0.725769
vn 0.727917 0.648973 0.221292
vn 0.727917 0.648973 0.221292
vn 0.745482 0.649826 0.148270
vn 0.745485 0.649825 0.148252
vn 0.266145 0.634371 0.725769
vn 0.270514 0.634213 0.724290
vn 0.571176 0.594207 0.566283
vn 0.569678 0.594593 0.567385
vn 0.760919 0.648846 0.000001
vn 0.760920 0.648846 0.000001
vn 0.745485 0.649825 0.148252
vn 0.745482 0.649826 0.148270
vn 0.760920 0.648846 0.000001
vn 0.760919 0.648846 0.000001
vn 0.746307 0.648837 -0.148449
vn 0.746307 0.648837 -0.148449
vn 0.746307 0.648837 -0.148449
vn 0.746307 0.648837 -0.148449
vn 0.703008 0.648835 -0.291194
vn 0.703008 0.648835 -0.291194
vn 0.703008 0.648835 -0.291194
vn 0.703008 0.648835 -0.291194
vn 0.632686 0.648842 -0.422745
vn 0.632686 0.648842 -0.422745
vn 0.632686 0.648842 -0.422745
vn 0.632686 0.648842 -0.422745
vn 0.556706 0.648608 -0.519024
vn 0.556706 0.648608 -0.519024
vn 0.483697 0.647035 -0.589392
vn 0.483697 0.647035 -0.589392
vn 0.403209 0.648668 -0.645486
vn 0.403209 0.648668 -0.645486
vn 0.403209 0.648668 -0.645486
vn 0.403209 0.648668 -0.645486
vn 0.291197 0.648833 -0.703008
vn 0.291196 0.648833 -0.703008
vn 0.291196 0.648833 -0.703008
vn 0.291197 0.648833 -0.703008
vn 0.148449 0.648834 -0.746309
vn 0.148448 0.648835 -0.746309
vn 0.148448 0.648835 -0.746309
vn 0.148449 0.648834 -0.746309
vn 0.000000 0.648845 -0.760921
vn 0.000000 0.648845 -0.760921
vn 0.000000 0.648845 -0.760921
vn 0.000000 0.648845 -0.760921
vn -0.148448 0.648834 -0.746309
vn -0.148448 0.648834 -0.746309
vn -0.148448 0.648834 -0.746309
vn -0.148448 0.648834 -0.746309
vn -0.291197 0.648833 -0.703008
vn -0.291196 0.648833 -0.703008
vn -0.291196 0.648833 -0.703008
vn -0.291197 0.648833 -0.703008
vn -0.422745 0.648841 -0.632687
vn -0.422744 0.648841 -0.632687
vn -0.422744 0.648841 -0.632687
vn -0.422745 0.648841 -0.632687
vn -0.538058 0.648833 -0.538061
vn -0.538058 0.648833 -0.538061
vn -0.538058 0.648833 -0.538061
vn -0.538058 0.648833 -0.538061
vn -0.632697 0.648829 -0.422749
vn -0.632694 0.648829 -0.422753
vn -0.632694 0.648829 -0.422753
vn -0.632697 0.648829 -0.422749
vn -0.703011 0.648830 -0.291196
vn -0.703011 0.648830 -0.291196
vn -0.703011 0.648830 -0.291196
vn -0.703011 0.648830 -0.291196
vn -0.746306 0.648838 -0.148449
vn -0.746306 0.648838 -0.148449
vn -0.746306 0.648838 -0.148449
vn -0.746306 0.648838 -0.148449
vn -0.760919 0.648846 0.000000
vn -0.760919 0.648846 0.000000
vn -0.760919 0.648846 0.000000
vn -0.760919 0.648846 0.000000
vn -0.746307 0.648837 0.148449
vn -0.746307 0.648837 0.148449
vn -0.746307 0.648837 0.148449
vn -0.746307 0.648837 0.148449
vn -0.703008 0.648835 0.291194
vn -0.703008 0.648835 0.291194
vn -0.703008 0.648835 0.291194
vn -0.703008 0.648835 0.291194
vn -0.642491 0.648743 0.407845
vn -0.642492 0.648743 0.407844
vn -0.589405 0.647019 0.483703
vn -0.589405 0.647019 0.483703
vn -0.514209 0.648465 0.561322
vn -0.514209 0.648465 0.561322
vn -0.514209 0.648465 0.561322
vn -0.514209 0.648465 0.561322
vn -0.422748 0.648828 0.632698
vn -0.422753 0.648828 0.632695
vn -0.422753 0.648828 0.632695
vn -0.422748 0.648828 0.632698
vn -0.291200 0.648829 0.703010
vn -0.291200 0.648829 0.703010
vn -0.291200 0.648829 0.703010
vn -0.291200 0.648829 0.703010
vn -0.148449 0.648834 0.746309
vn -0.148448 0.648834 0.746309
vn -0.148448 0.648834 0.746309
vn -0.148449 0.648834 0.746309
vn 0.000000 0.648845 0.760921
vn 0.000000 0.648845 0.760921
vn 0.000000 0.648845 0.760921
vn 0.000000 0.648845 0.760921
vn 0.150060 0.640909 0.752807
vn 0.150196 0.640894 0.752792
vn -0.188090 0.980415 -0.058377
vn 0.002517 0.999996 -0.000985
vn -0.030876 0.999352 0.018483
vn 0.996089 -0.000000 0.088351
vn 0.996089 -0.000000 0.088351
vn 0.996089 -0.000000 0.088351
vn 0.996089 -0.000000 0.088351
vn 0.088351 -0.000000 0.996089
vn 0.088351 -0.000000 0.996089
vn 0.321843 -0.000000 0.946793
vn 0.315060 -0.000000 0.949072
vn 0.321843 -0.000000 0.946793
vn 0.467172 -0.000000 0.884167
vn 0.467172 -0.000000 0.884167
vn 0.315060 -0.000000 0.949072
vn 0.870636 -0.000000 0.491928
vn 0.943345 -0.000000 0.331815
vn 0.945462 -0.000000 0.325734
vn 0.870636 -0.000000 0.491928
vn 0.980786 -0.000000 -0.195088
vn 1.000000 -0.000000 0.000000
vn 1.000000 -0.000000 0.000000
vn 0.980786 -0.000000 -0.195088
vn 0.923878 -0.000000 -0.382687
vn 0.980786 -0.000000 -0.195088
vn 0.980786 -0.000000 -0.195088
vn 0.923878 -0.000000 -0.382687
vn 0.831471 -0.000000 -0.555568
vn 0.923878 -0.000000 -0.382687
vn 0.923878 -0.000000 -0.382687
vn 0.831471 -0.000000 -0.555568
vn 0.731429 -0.000000 -0.681917
vn 0.831471 -0.000000 -0.555568
vn 0.831471 -0.000000 -0.555568
vn 0.731429 -0.000000 -0.681917
vn 0.529792 -0.000000 -0.848128
vn 0.634388 -0.000000 -0.773015
vn 0.634388 -0.000000 -0.773015
vn 0.529792 -0.000000 -0.848128
vn 0.382687 -0.000000 -0.923878
vn 0.529792 -0.000000 -0.848128
vn 0.529792 -0.000000 -0.848128
vn 0.382687 -0.000000 -0.923878
vn 0.195088 -0.000000 -0.980786
vn 0.382687 -0.000000 -0.923878
vn 0.382687 -0.000000 -0.923878
vn 0.195088 -0.000000 -0.980786
vn 0.000000 0.000000 -1.000000
vn 0.195088 -0.000000 -0.980786
vn 0.195088 -0.000000 -0.980786
vn 0.000000 0.000000 -1.000000
vn -0.195088 0.000000 -0.980786
vn 0.000000 0.000000 -1.000000
vn 0.000000 0.000000 -1.000000
vn -0.195088 0.000000 -0.980786
vn -0.382687 0.000000 -0.923878
vn -0.195088 0.000000 -0.980786
vn -0.195088 0.000000 -0.980786
vn -0.382687 0.000000 -0.923878
vn -0.555569 0.000000 -0.831471
vn -0.382687 0.000000 -0.923878
vn -0.382687 0.000000 -0.923878
vn -0.555569 0.000000 -0.831471
vn -0.707107 0.000000 -0.707106
vn -0.555569 0.000000 -0.831471
vn -0.555569 0.000000 -0.831471
vn -0.707107 0.000000 -0.707106
vn -0.831471 0.000000 -0.555568
vn -0.707107 0.000000 -0.707106
vn -0.707107 0.000000 -0.707106
vn -0.831471 0.000000 -0.555568
vn -0.923878 0.000000 -0.382687
vn -0.831471 0.000000 -0.555568
vn -0.831471 0.000000 -0.555568
vn -0.923878 0.000000 -0.382687
vn -0.980786 0.000000 -0.195088
vn -0.923878 0.000000 -0.382687
vn -0.923878 0.000000 -0.382687
vn -0.980786 0.000000 -0.195088
vn -1.000000 0.000000 0.000000
vn -0.980786 0.000000 -0.195088
vn -0.980786 0.000000 -0.195088
vn -1.000000 0.000000 0.000000
vn -0.980786 0.000000 0.195088
vn -1.000000 0.000000 0.000000
vn -1.000000 0.000000 0.000000
vn -0.980786 0.000000 0.195088
vn -0.923878 0.000000 0.382687
vn -0.980786 0.000000 0.195088
vn -0.980786 0.000000 0.195088
vn -0.923878 0.000000 0.382687
vn -0.844259 0.000000 0.535936
vn -0.923878 0.000000 0.382687
vn -0.923878 0.000000 0.382687
vn -0.844259 0.000000 0.535936
vn -0.675491 0.000000 0.737368
vn -0.773015 0.000000 0.634388
vn -0.773015 0.000000 0.634388
vn -0.675491 0.000000 0.737368
vn -0.555569 0.000000 0.831471
vn -0.675491 0.000000 0.737368
vn -0.675491 0.000000 0.737368
vn -0.555569 0.000000 0.831471
vn -0.382687 0.000000 0.923878
vn -0.555569 0.000000 0.831471
vn -0.555569 0.000000 0.831471
vn -0.382687 0.000000 0.923878
vn -0.195088 0.000000 0.980786
vn -0.382687 0.000000 0.923878
vn -0.382687 0.000000 0.923878
vn -0.195088 0.000000 0.980786
vn 0.000000 0.000000 1.000000
vn -0.195088 0.000000 0.980786
vn -0.195088 0.000000 0.980786
vn 0.000000 0.000000 1.000000
vn 0.194919 -0.000000 0.980819
vn 0.000000 0.000000 1.000000
vn 0.000000 0.000000 1.000000
vn 0.194675 -0.000000 0.980868
vn 0.290290 -0.000000 0.956939
vn 0.194919 -0.000000 0.980819
vn 0.194675 -0.000000 0.980868
vn 0.290290 -0.000000 0.956939
vn 0.980781 -0.000000 0.195114
vn 0.956939 -0.000000 0.290290
vn 0.956939 -0.000000 0.290290
vn 0.980773 -0.000000 0.195151
vn 1.000000 -0.000000 0.000000
vn 0.980781 -0.000000 0.195114
vn 0.980773 -0.000000 0.195151
vn 1.000000 -0.000000 0.000000
vn 0.823955 0.557843 0.099549
vn 0.844020 0.457398 0.280032
vn 0.821267 0.563878 0.086959
vn 0.094304 0.610636 0.786276
vn 0.079379 0.617549 0.782517
vn 0.291792 0.500957 0.814800
vn 0.547474 0.131320 0.826455
vn 0.101315 0.988932 0.108397
vn 0.121049 0.986846 0.107151
vn 0.633671 0.095257 0.767716
vn -0.042187 0.997538 0.056013
vn -0.841353 0.045709 0.538550
vn -0.841679 0.021377 0.539554
vn -0.138275 0.989094 0.050725
vn -0.033898 0.983853 -0.175739
vn -0.717586 0.020584 -0.696166
vn -0.495862 0.066516 -0.865850
vn 0.050333 0.998562 -0.018438
vn 0.076633 0.991633 -0.103878
vn 0.991887 -0.019511 0.125619
vn 0.981263 0.088134 0.171333
vn 0.131132 0.949865 0.283832
vn -0.836463 -0.093660 0.539961
vn -0.836463 -0.093660 0.539961
vn -0.841679 0.021377 0.539554
vn -0.841353 0.045709 0.538550
vn -0.518990 -0.008700 -0.854736
vn -0.518990 -0.008700 -0.854736
vn -0.495862 0.066516 -0.865850
vn -0.717586 0.020584 -0.696166
vn 0.541529 0.039750 0.839742
vn 0.541529 0.039750 0.839742
vn 0.547474 0.131320 0.826455
vn 0.633671 0.095257 0.767716
vn 0.991123 -0.095937 0.092040
vn 0.991123 -0.095937 0.092040
vn 0.981263 0.088134 0.171333
vn 0.991887 -0.019511 0.125619
vn -0.138275 0.989094 0.050725
vn -0.036198 0.999213 -0.016216
vn -0.009363 0.999922 0.008220
vn -0.042187 0.997538 0.056013
vn 0.050333 0.998562 -0.018438
vn 0.064343 0.997838 0.013411
vn 0.060152 0.998187 0.002138
vn -0.033898 0.983853 -0.175739
vn -0.033898 0.983853 -0.175739
vn -0.188090 0.980415 -0.058377
vn -0.717586 0.020584 -0.696166
vn -0.760890 0.648881 0.000001
vn -0.760890 0.648881 0.000001
vn -0.746278 0.648871 -0.148441
vn -0.746278 0.648871 -0.148442
vn -0.760890 0.648881 0.000001
vn -0.760890 0.648881 0.000001
vn -0.746272 0.648879 0.148442
vn -0.746272 0.648879 0.148441
vn -0.746272 0.648879 0.148441
vn -0.746272 0.648879 0.148442
vn -0.702978 0.648870 0.291186
vn -0.702977 0.648870 0.291188
vn -0.702977 0.648870 0.291188
vn -0.702978 0.648870 0.291186
vn -0.632669 0.648862 0.422738
vn -0.632668 0.648862 0.422740
vn -0.632668 0.648862 0.422740
vn -0.632669 0.648862 0.422738
vn -0.556687 0.648638 0.519008
vn -0.556687 0.648638 0.519008
vn -0.483701 0.647025 0.589400
vn -0.483701 0.647025 0.589400
vn -0.403203 0.648676 0.645481
vn -0.403204 0.648677 0.645480
vn -0.403204 0.648677 0.645480
vn -0.403203 0.648676 0.645481
vn -0.291183 0.648869 0.702980
vn -0.291185 0.648869 0.702979
vn -0.291185 0.648869 0.702979
vn -0.291183 0.648869 0.702980
vn -0.148442 0.648879 0.746272
vn -0.148441 0.648879 0.746272
vn -0.148441 0.648879 0.746272
vn -0.148442 0.648879 0.746272
vn 0.000000 0.648880 0.760891
vn 0.000000 0.648880 0.760891
vn 0.000000 0.648880 0.760891
vn 0.000000 0.648880 0.760891
vn 0.148442 0.648879 0.746272
vn 0.148441 0.648878 0.746272
vn 0.148441 0.648878 0.746272
vn 0.148442 0.648879 0.746272
vn 0.291183 0.648869 0.702980
vn 0.291185 0.648869 0.702979
vn 0.291185 0.648869 0.702979
vn 0.291183 0.648869 0.702980
vn 0.422736 0.648863 0.632670
vn 0.422738 0.648863 0.632669
vn 0.422738 0.648863 0.632669
vn 0.422736 0.648863 0.632670
vn 0.538043 0.648863 0.538040
vn 0.538043 0.648863 0.538040
vn 0.538043 0.648863 0.538040
vn 0.538043 0.648863 0.538040
vn 0.632668 0.648861 0.422741
vn 0.632667 0.648861 0.422743
vn 0.632667 0.648861 0.422743
vn 0.632668 0.648861 0.422741
vn 0.702977 0.648870 0.291189
vn 0.702977 0.648870 0.291191
vn 0.702977 0.648870 0.291191
vn 0.702977 0.648870 0.291189
vn 0.746271 0.648880 0.148441
vn 0.746271 0.648880 0.148440
vn 0.746271 0.648880 0.148440
vn 0.746271 0.648880 0.148441
vn 0.760890 0.648881 -0.000001
vn 0.760890 0.648881 -0.000001
vn 0.760890 0.648881 -0.000001
vn 0.760890 0.648881 -0.000001
vn 0.746272 0.648879 -0.148442
vn 0.746272 0.648879 -0.148441
vn 0.746272 0.648879 -0.148441
vn 0.746272 0.648879 -0.148442
vn 0.702978 0.648870 -0.291186
vn 0.702977 0.648870 -0.291188
vn 0.702977 0.648870 -0.291188
vn 0.702978 0.648870 -0.291186
vn 0.642477 0.648754 -0.407849
vn 0.642476 0.648754 -0.407851
vn 0.589365 0.647075 -0.483676
vn 0.589365 0.647075 -0.483676
vn 0.514191 0.648512 -0.561284
vn 0.514191 0.648512 -0.561284
vn 0.514191 0.648512 -0.561284
vn 0.514191 0.648512 -0.561284
vn 0.422737 0.648863 -0.632670
vn 0.422738 0.648863 -0.632669
vn 0.422738 0.648863 -0.632669
vn 0.422737 0.648863 -0.632670
vn 0.291183 0.648869 -0.702980
vn 0.291185 0.648869 -0.702979
vn 0.291185 0.648869 -0.702979
vn 0.291183 0.648869 -0.702980
vn 0.148442 0.648879 -0.746272
vn 0.148441 0.648879 -0.746272
vn 0.148441 0.648879 -0.746272
vn 0.148442 0.648879 -0.746272
vn 0.000000 0.648880 -0.760891
vn 0.000000 0.648880 -0.760891
vn 0.000000 0.648880 -0.760891
vn 0.000000 0.648880 -0.760891
vn -0.148443 0.648875 -0.746274
vn -0.148442 0.648875 -0.746275
vn -0.148442 0.648875 -0.746275
vn -0.148443 0.648875 -0.746274
vn -0.290699 0.651395 -0.700841
vn -0.290673 0.651394 -0.700853
vn -0.290673 0.651394 -0.700853
vn -0.290699 0.651395 -0.700841
vn -0.398539 0.654425 -0.642568
vn -0.398541 0.654425 -0.642567
vn -0.481366 0.649595 -0.588483
vn -0.481366 0.649595 -0.588483
vn -0.526585 0.649339 -0.548696
vn -0.526654 0.649336 -0.548633
vn -0.594516 0.637524 -0.490014
vn -0.594516 0.637524 -0.490014
vn -0.647177 0.640852 -0.412881
vn -0.647175 0.640852 -0.412884
vn -0.647175 0.640852 -0.412884
vn -0.647177 0.640852 -0.412881
vn -0.705959 0.645315 -0.291875
vn -0.705934 0.645312 -0.291941
vn -0.705934 0.645312 -0.291941
vn -0.705959 0.645315 -0.291875
vn -0.746278 0.648871 -0.148442
vn -0.746278 0.648871 -0.148441
vn 0.000000 1.000000 0.000001
vn 0.000000 1.000000 0.000000
vn 0.000000 1.000000 0.000000
vn 0.000000 1.000000 0.000001
vn 0.000000 1.000000 -0.000001
vn 0.000000 1.000000 -0.000001
vn 0.000000 1.000000 -0.000001
vn 0.000000 1.000000 -0.000001
vn 0.000000 1.000000 -0.000001
vn 0.000000 1.000000 -0.000001
vn 0.000000 1.000000 0.000001
vn 0.000000 1.000000 0.000001
vn 0.000000 1.000000 0.000001
vn 0.000000 1.000000 0.000001
vn 0.000000 1.000000 0.000001
vn 0.000000 1.000000 0.000001
vn 0.000000 1.000000 0.000003
vn 0.000000 1.000000 0.000003
vn 0.000000 1.000000 0.000000
vn 0.000000 1.000000 0.000000
vn 0.000000 1.000000 -0.000002
vn 0.000000 1.000000 -0.000002
vn 0.000000 1.000000 0.000000
vn 0.000000 1.000000 0.000000
vn 0.000000 1.000000 0.000000
vn 0.000000 1.000000 0.000000
vn 0.000000 1.000000 0.000000
vn 0.000000 1.000000 0.000000
vn 0.000000 1.000000 -0.000001
vn 0.000000 1.000000 -0.000001
vn 0.000000 1.000000 -0.000001
vn 0.000000 1.000000 -0.000001
vn 0.000000 1.000000 0.000001
vn 0.000000 1.000000 0.000001
vn 0.000000 1.000000 0.000000
vn 0.000000 1.000000 0.000000
vn 0.000000 1.000000 -0.000001
vn 0.000000 1.000000 -0.000001
vn 0.000000 1.000000 0.000001
vn 0.000000 1.000000 0.000001
vn 0.000000 1.000000 0.000001
vn 0.000000 1.000000 0.000001
vn 0.000000 1.000000 0.000000
vn 0.000000 1.000000 0.000000
vn 0.000000 1.000000 0.000000
vn 0.000000 1.000000 0.000000
vn 0.000000 1.000000 0.000000
vn 0.000000 1.000000 0.000000
vn 0.000000 1.000000 -0.000001
vn 0.000000 1.000000 -0.000001
vn 0.000000 1.000000 -0.000001
vn 0.000000 1.000000 -0.000001
vn 0.000000 1.000000 0.000000
vn 0.000000 1.000000 0.000000
vn 0.000000 1.000000 0.000000
vn 0.000000 1.000000 0.000000
vn -0.000792 0.999996 0.002743
vn -0.000641 0.999997 0.002220
vn 0.000000 1.000000 -0.000001
vn -0.004343 0.999990 0.001053
vn -0.003564 0.999993 0.000864
vn 0.000000 1.000000 -0.000001
vn 0.007243 0.999674 0.024488
vn 0.121049 0.986846 0.107151
vn 0.101315 0.988932 0.108397
vn 0.019555 0.999808 0.000963
vn 0.012757 0.999893 -0.007165
vn 0.076633 0.991633 -0.103878
vn 0.131132 0.949865 0.283832
vn 0.048769 0.963482 0.263294
vn 0.154321 0.983259 0.096883
vn 0.024053 0.995940 -0.086745
vn -0.760904 0.648864 0.000000
vn -0.760904 0.648864 0.000000
vn -0.746289 0.648858 -0.148444
vn -0.746289 0.648858 -0.148444
vn -0.760904 0.648864 0.000000
vn -0.760904 0.648864 0.000000
vn -0.746288 0.648859 0.148446
vn -0.746288 0.648859 0.148446
vn -0.746288 0.648859 0.148446
vn -0.746288 0.648859 0.148446
vn -0.702980 0.648868 0.291186
vn -0.702982 0.648868 0.291182
vn -0.702982 0.648868 0.291182
vn -0.702980 0.648868 0.291186
vn -0.632660 0.648879 0.422726
vn -0.632662 0.648879 0.422723
vn -0.632662 0.648879 0.422723
vn -0.632660 0.648879 0.422726
vn -0.556694 0.648636 0.519002
vn -0.556694 0.648636 0.519002
vn -0.483673 0.647086 0.589356
vn -0.483673 0.647086 0.589356
vn -0.403197 0.648712 0.645449
vn -0.403195 0.648712 0.645451
vn -0.403195 0.648712 0.645451
vn -0.403197 0.648712 0.645449
vn -0.291188 0.648862 0.702985
vn -0.291188 0.648862 0.702985
vn -0.291188 0.648862 0.702985
vn -0.291188 0.648862 0.702985
vn -0.148446 0.648851 0.746295
vn -0.148446 0.648851 0.746295
vn -0.148446 0.648851 0.746295
vn -0.148446 0.648851 0.746295
vn 0.000000 0.648866 0.760903
vn 0.000000 0.648866 0.760903
vn 0.000000 0.648866 0.760903
vn 0.000000 0.648866 0.760903
vn 0.148447 0.648860 0.746287
vn 0.148447 0.648860 0.746287
vn 0.148447 0.648860 0.746287
vn 0.148447 0.648860 0.746287
vn 0.291188 0.648867 0.702980
vn 0.291184 0.648867 0.702982
vn 0.291184 0.648867 0.702982
vn 0.291188 0.648867 0.702980
vn 0.422733 0.648878 0.632656
vn 0.422730 0.648878 0.632658
vn 0.422730 0.648878 0.632658
vn 0.422733 0.648878 0.632656
vn 0.538038 0.648875 0.538030
vn 0.538038 0.648875 0.538030
vn 0.538038 0.648875 0.538030
vn 0.538038 0.648875 0.538030
vn 0.632662 0.648876 0.422728
vn 0.632664 0.648876 0.422724
vn 0.632664 0.648876 0.422724
vn 0.632662 0.648876 0.422728
vn 0.702986 0.648863 0.291184
vn 0.702986 0.648863 0.291184
vn 0.702986 0.648863 0.291184
vn 0.702986 0.648863 0.291184
vn 0.746291 0.648856 0.148445
vn 0.746291 0.648856 0.148445
vn 0.746291 0.648856 0.148445
vn 0.746291 0.648856 0.148445
vn 0.760904 0.648864 0.000000
vn 0.760904 0.648864 0.000000
vn 0.760904 0.648864 0.000000
vn 0.760904 0.648864 0.000000
vn 0.746288 0.648859 -0.148446
vn 0.746288 0.648859 -0.148446
vn 0.746288 0.648859 -0.148446
vn 0.746288 0.648859 -0.148446
vn 0.702980 0.648868 -0.291186
vn 0.702982 0.648868 -0.291182
vn 0.702982 0.648868 -0.291182
vn 0.702980 0.648868 -0.291186
vn 0.642456 0.648783 -0.407838
vn 0.642458 0.648783 -0.407835
vn 0.589398 0.647021 -0.483708
vn 0.589398 0.647021 -0.483708
vn 0.514194 0.648503 -0.561291
vn 0.514194 0.648503 -0.561291
vn 0.514194 0.648503 -0.561291
vn 0.514194 0.648503 -0.561291
vn 0.422736 0.648878 -0.632654
vn 0.422733 0.648878 -0.632656
vn 0.422733 0.648878 -0.632656
vn 0.422736 0.648878 -0.632654
vn 0.291188 0.648862 -0.702985
vn 0.291188 0.648862 -0.702985
vn 0.291188 0.648862 -0.702985
vn 0.291188 0.648862 -0.702985
vn 0.148446 0.648851 -0.746295
vn 0.148446 0.648851 -0.746295
vn 0.148446 0.648851 -0.746295
vn 0.148446 0.648851 -0.746295
vn 0.000000 0.648862 -0.760906
vn 0.000000 0.648862 -0.760906
vn 0.000000 0.648862 -0.760906
vn 0.000000 0.648862 -0.760906
vn -0.148446 0.648851 -0.746295
vn -0.148446 0.648851 -0.746295
vn -0.148446 0.648851 -0.746295
vn -0.148446 0.648851 -0.746295
vn -0.291188 0.648862 -0.702985
vn -0.291188 0.648862 -0.702985
vn -0.291188 0.648862 -0.702985
vn -0.291188 0.648862 -0.702985
vn -0.400883 0.648668 -0.646934
vn -0.400880 0.648668 -0.646935
vn -0.483705 0.647035 -0.589386
vn -0.483705 0.647035 -0.589386
vn -0.527784 0.648777 -0.548208
vn -0.527784 0.648777 -0.548208
vn -0.589361 0.647077 -0.483679
vn -0.589361 0.647077 -0.483679
vn -0.641394 0.648804 -0.409471
vn -0.641396 0.648804 -0.409468
vn -0.641396 0.648804 -0.409468
vn -0.641394 0.648804 -0.409471
vn -0.702981 0.648868 -0.291184
vn -0.702982 0.648868 -0.291180
vn -0.702982 0.648868 -0.291180
vn -0.702981 0.648868 -0.291184
vn -0.746289 0.648858 -0.148444
vn -0.746289 0.648858 -0.148444
vn -1.000000 0.000000 0.000000
vn -0.980785 0.000000 0.195090
vn -0.980785 0.000000 0.195090
vn -1.000000 0.000000 0.000000
vn -0.980785 0.000000 0.195090
vn -0.923878 0.000000 0.382687
vn -0.923878 0.000000 0.382687
vn -0.980785 0.000000 0.195090
vn -0.923878 0.000000 0.382687
vn -0.831469 0.000000 0.555572
vn -0.831469 0.000000 0.555572
vn -0.923878 0.000000 0.382687
vn -0.831469 0.000000 0.555572
vn -0.731429 0.000000 0.681917
vn -0.731429 0.000000 0.681917
vn -0.831469 0.000000 0.555572
vn -0.634387 0.000000 0.773015
vn -0.634387 0.000000 0.773015
vn -0.529796 0.000000 0.848125
vn -0.529796 0.000000 0.848125
vn -0.529796 0.000000 0.848125
vn -0.382687 0.000000 0.923878
vn -0.382687 0.000000 0.923878
vn -0.529796 0.000000 0.848125
vn -0.382687 0.000000 0.923878
vn -0.195090 0.000000 0.980785
vn -0.195090 0.000000 0.980785
vn -0.382687 0.000000 0.923878
vn -0.195090 0.000000 0.980785
vn 0.000000 0.000000 1.000000
vn 0.000000 0.000000 1.000000
vn -0.195090 0.000000 0.980785
vn 0.000000 0.000000 1.000000
vn 0.195090 -0.000000 0.980785
vn 0.195090 -0.000000 0.980785
vn 0.000000 0.000000 1.000000
vn 0.195090 -0.000000 0.980785
vn 0.382687 -0.000000 0.923878
vn 0.382687 -0.000000 0.923878
vn 0.195090 -0.000000 0.980785
vn 0.382687 -0.000000 0.923878
vn 0.555571 -0.000000 0.831469
vn 0.555571 -0.000000 0.831469
vn 0.382687 -0.000000 0.923878
vn 0.555571 -0.000000 0.831469
vn 0.707107 -0.000000 0.707107
vn 0.707107 -0.000000 0.707107
vn 0.555571 -0.000000 0.831469
vn 0.707107 -0.000000 0.707107
vn 0.831469 -0.000000 0.555572
vn 0.831469 -0.000000 0.555572
vn 0.707107 -0.000000 0.707107
vn 0.831469 -0.000000 0.555572
vn 0.923878 -0.000000 0.382687
vn 0.923878 -0.000000 0.382687
vn 0.831469 -0.000000 0.555572
vn 0.923878 -0.000000 0.382687
vn 0.980785 -0.000000 0.195090
vn 0.980785 -0.000000 0.195090
vn 0.923878 -0.000000 0.382687
vn 0.980785 -0.000000 0.195090
vn 1.000000 -0.000000 0.000000
vn 1.000000 -0.000000 0.000000
vn 0.980785 -0.000000 0.195090
vn 1.000000 -0.000000 0.000000
vn 0.980785 -0.000000 -0.195090
vn 0.980785 -0.000000 -0.195090
vn 1.000000 -0.000000 0.000000
vn 0.980785 -0.000000 -0.195090
vn 0.923878 -0.000000 -0.382687
vn 0.923878 -0.000000 -0.382687
vn 0.980785 -0.000000 -0.195090
vn 0.923878 -0.000000 -0.382687
vn 0.844256 -0.000000 -0.535940
vn 0.844256 -0.000000 -0.535940
vn 0.923878 -0.000000 -0.382687
vn 0.773016 -0.000000 -0.634387
vn 0.773016 -0.000000 -0.634387
vn 0.675491 -0.000000 -0.737369
vn 0.675491 -0.000000 -0.737369
vn 0.675491 -0.000000 -0.737369
vn 0.555571 -0.000000 -0.831469
vn 0.555571 -0.000000 -0.831469
vn 0.675491 -0.000000 -0.737369
vn 0.555571 -0.000000 -0.831469
vn 0.382687 -0.000000 -0.923878
vn 0.382687 -0.000000 -0.923878
vn 0.555571 -0.000000 -0.831469
vn 0.382687 -0.000000 -0.923878
vn 0.195090 -0.000000 -0.980785
vn 0.195090 -0.000000 -0.980785
vn 0.382687 -0.000000 -0.923878
vn 0.195090 -0.000000 -0.980785
vn 0.000000 0.000000 -1.000000
vn 0.000000 0.000000 -1.000000
vn 0.195090 -0.000000 -0.980785
vn 0.000000 0.000000 -1.000000
vn -0.195090 0.000000 -0.980785
vn -0.195090 0.000000 -0.980785
vn 0.000000 0.000000 -1.000000
vn -0.195090 0.000000 -0.980785
vn -0.382666 0.000000 -0.923887
vn -0.382639 0.000000 -0.923898
vn -0.195090 0.000000 -0.980785
vn -0.382666 0.000000 -0.923887
vn -0.526720 0.000000 -0.850039
vn -0.526720 0.000000 -0.850039
vn -0.382639 0.000000 -0.923898
vn -0.634388 0.000000 -0.773015
vn -0.634388 0.000000 -0.773015
vn -0.693570 0.000000 -0.720390
vn -0.693617 0.000000 -0.720344
vn -0.773016 0.000000 -0.634387
vn -0.773016 0.000000 -0.634387
vn -0.842876 0.000000 -0.538108
vn -0.842876 0.000000 -0.538108
vn -0.842876 0.000000 -0.538108
vn -0.923867 0.000000 -0.382715
vn -0.923852 0.000000 -0.382751
vn -0.842876 0.000000 -0.538108
vn -0.923867 0.000000 -0.382715
vn -0.980785 0.000000 -0.195090
vn -0.980785 0.000000 -0.195090
vn -0.923852 0.000000 -0.382751
vn -0.980785 0.000000 -0.195090
vn -1.000000 0.000000 0.000000
vn -1.000000 0.000000 0.000000
vn -0.980785 0.000000 -0.195090
vn -0.760930 0.648834 0.000000
vn -0.760930 0.648834 0.000000
vn -0.746295 0.648850 -0.148447
vn -0.746295 0.648850 -0.148449
vn -0.760930 0.648834 0.000000
vn -0.760930 0.648834 0.000000
vn -0.746294 0.648852 0.148448
vn -0.746294 0.648852 0.148447
vn -0.746294 0.648852 0.148447
vn -0.746294 0.648852 0.148448
vn -0.702971 0.648881 0.291179
vn -0.702970 0.648881 0.291180
vn -0.702970 0.648881 0.291180
vn -0.702971 0.648881 0.291179
vn -0.632653 0.648889 0.422722
vn -0.632651 0.648889 0.422725
vn -0.632651 0.648889 0.422725
vn -0.632653 0.648889 0.422722
vn -0.556680 0.648650 0.518999
vn -0.556680 0.648650 0.518999
vn -0.483675 0.647078 0.589363
vn -0.483675 0.647077 0.589363
vn -0.403186 0.648716 0.645452
vn -0.403189 0.648716 0.645450
vn -0.403189 0.648716 0.645450
vn -0.403186 0.648716 0.645452
vn -0.291179 0.648882 0.702970
vn -0.291180 0.648882 0.702970
vn -0.291180 0.648882 0.702970
vn -0.291179 0.648882 0.702970
vn -0.148448 0.648853 0.746293
vn -0.148446 0.648853 0.746294
vn -0.148446 0.648853 0.746294
vn -0.148448 0.648853 0.746293
vn 0.000000 0.648836 0.760929
vn 0.000000 0.648836 0.760929
vn 0.000000 0.648836 0.760929
vn 0.000000 0.648836 0.760929
vn 0.148448 0.648853 0.746293
vn 0.148446 0.648853 0.746293
vn 0.148446 0.648853 0.746293
vn 0.148448 0.648853 0.746293
vn 0.291179 0.648882 0.702970
vn 0.291180 0.648882 0.702970
vn 0.291180 0.648882 0.702970
vn 0.291179 0.648882 0.702970
vn 0.422723 0.648889 0.632651
vn 0.422727 0.648889 0.632649
vn 0.422727 0.648889 0.632649
vn 0.422723 0.648889 0.632651
vn 0.538029 0.648883 0.538029
vn 0.538029 0.648883 0.538029
vn 0.538029 0.648883 0.538029
vn 0.538029 0.648883 0.538029
vn 0.632653 0.648888 0.422723
vn 0.632651 0.648888 0.422726
vn 0.632651 0.648888 0.422726
vn 0.632653 0.648888 0.422723
vn 0.702972 0.648881 0.291178
vn 0.702971 0.648881 0.291179
vn 0.702971 0.648881 0.291179
vn 0.702972 0.648881 0.291178
vn 0.746295 0.648850 0.148449
vn 0.746295 0.648850 0.148447
vn 0.746295 0.648850 0.148447
vn 0.746295 0.648850 0.148449
vn 0.760930 0.648834 0.000000
vn 0.760930 0.648834 0.000000
vn 0.760930 0.648834 0.000000
vn 0.760930 0.648834 0.000000
vn 0.746294 0.648851 -0.148448
vn 0.746294 0.648851 -0.148447
vn 0.746294 0.648851 -0.148447
vn 0.746294 0.648851 -0.148448
vn 0.702971 0.648881 -0.291179
vn 0.702970 0.648881 -0.291180
vn 0.702970 0.648881 -0.291180
vn 0.702971 0.648881 -0.291179
vn 0.642453 0.648790 -0.407829
vn 0.642451 0.648790 -0.407832
vn 0.589375 0.647060 -0.483685
vn 0.589375 0.647060 -0.483685
vn 0.514184 0.648523 -0.561278
vn 0.514184 0.648523 -0.561278
vn 0.514184 0.648523 -0.561278
vn 0.514184 0.648523 -0.561278
vn 0.422723 0.648890 -0.632651
vn 0.422726 0.648890 -0.632649
vn 0.422726 0.648890 -0.632649
vn 0.422723 0.648890 -0.632651
vn 0.291179 0.648882 -0.702970
vn 0.291180 0.648882 -0.702970
vn 0.291180 0.648882 -0.702970
vn 0.291179 0.648882 -0.702970
vn 0.148448 0.648852 -0.746293
vn 0.148446 0.648853 -0.746294
vn 0.148446 0.648853 -0.746294
vn 0.148448 0.648852 -0.746293
vn 0.000000 0.648836 -0.760929
vn 0.000000 0.648836 -0.760929
vn 0.000000 0.648836 -0.760929
vn 0.000000 0.648836 -0.760929
vn -0.148448 0.648853 -0.746293
vn -0.148446 0.648853 -0.746293
vn -0.148446 0.648853 -0.746293
vn -0.148448 0.648853 -0.746293
vn -0.291179 0.648882 -0.702970
vn -0.291180 0.648882 -0.702970
vn -0.291180 0.648882 -0.702970
vn -0.291179 0.648882 -0.702970
vn -0.400873 0.648671 -0.646937
vn -0.400875 0.648671 -0.646935
vn -0.483685 0.647061 -0.589374
vn -0.483685 0.647061 -0.589374
vn -0.527763 0.648807 -0.548194
vn -0.527763 0.648807 -0.548194
vn -0.589366 0.647074 -0.483678
vn -0.589366 0.647074 -0.483678
vn -0.641395 0.648809 -0.409462
vn -0.641393 0.648809 -0.409465
vn -0.641393 0.648809 -0.409465
vn -0.641395 0.648809 -0.409462
vn -0.702972 0.648881 -0.291178
vn -0.702972 0.648881 -0.291179
vn -0.702972 0.648881 -0.291179
vn -0.702972 0.648881 -0.291178
vn -0.746295 0.648850 -0.148449
vn -0.746295 0.648850 -0.148447
vn 0.000000 1.000000 0.000000
vn 0.000000 1.000000 0.000000
vn 0.000000 1.000000 0.000000
vn 0.000000 1.000000 0.000000
vn 0.000000 1.000000 0.000000
vn 0.000000 1.000000 0.000000
vn 0.000000 1.000000 0.000000
vn 0.000000 1.000000 0.000000
vn 0.000000 1.000000 0.000000
vn 0.000000 1.000000 0.000000
vn 0.000000 1.000000 0.000000
vn 0.000000 1.000000 0.000000
vn 0.000000 1.000000 0.000001
vn 0.000000 1.000000 0.000000
vn 0.000000 1.000000 0.000000
vn 0.000000 1.000000 0.000001
vn 0.000000 1.000000 0.000001
vn 0.000000 1.000000 0.000000
vn 0.000000 1.000000 0.000000
vn 0.000000 1.000000 0.000001
vn 0.000000 1.000000 0.000000
vn 0.000000 1.000000 0.000001
vn 0.000000 1.000000 0.000001
vn 0.000000 1.000000 0.000000
vn 0.000000 1.000000 -0.000002
vn 0.000000 1.000000 0.000000
vn 0.000000 1.000000 0.000000
vn 0.000000 1.000000 -0.000002
vn 0.000000 1.000000 0.000000
vn 0.000000 1.000000 -0.000002
vn 0.000000 1.000000 -0.000002
vn 0.000000 1.000000 0.000000
vn 0.000000 1.000000 0.000001
vn 0.000000 1.000000 0.000000
vn 0.000000 1.000000 0.000000
vn 0.000000 1.000000 0.000001
vn 0.000000 1.000000 0.000000
vn 0.000000 1.000000 0.000001
vn 0.000000 1.000000 0.000001
vn 0.000000 1.000000 0.000000
vn 0.000000 1.000000 0.000001
vn 0.000000 1.000000 0.000000
vn 0.000000 1.000000 0.000000
vn 0.000000 1.000000 0.000001
vn 0.000000 1.000000 0.000001
vn 0.000000 1.000000 0.000001
vn 0.000000 1.000000 0.000001
vn 0.000000 1.000000 0.000001
vn 0.000000 1.000000 0.000000
vn 0.000000 1.000000 0.000001
vn 0.000000 1.000000 0.000001
vn 0.000000 1.000000 0.000000
vn 0.000000 1.000000 0.000000
vn 0.000000 1.000000 0.000000
vn 0.000000 1.000000 0.000000
vn 0.000000 1.000000 0.000000
vn 0.000000 1.000000 0.000000
vn 0.000000 1.000000 0.000000
vn 0.000000 1.000000 0.000000
vn 0.000000 1.000000 0.000000
vn 0.000000 1.000000 0.000000
vn 0.000000 1.000000 0.000000
vn 0.000000 1.000000 0.000000
vn 0.000000 1.000000 0.000000
vn 0.000000 1.000000 0.000000
vn 0.000000 1.000000 0.000000
vn 0.000000 1.000000 0.000000
vn 0.000000 1.000000 0.000000
vn 0.000000 1.000000 0.000000
vn 0.000000 1.000000 0.000000
vn 0.000000 1.000000 0.000000
vn 0.000000 1.000000 0.000000
vn 0.000000 1.000000 0.000000
vn 0.000000 1.000000 0.000000
vn 0.000000 1.000000 0.000000
vn 0.000000 1.000000 0.000000
vn 0.000000 1.000000 -0.000002
vn 0.000000 1.000000 0.000000
vn 0.000000 1.000000 0.000000
vn 0.000000 1.000000 -0.000002
vn 0.000000 1.000000 -0.000002
vn 0.000000 1.000000 -0.000002
vn 0.000000 1.000000 -0.000002
vn 0.000000 1.000000 -0.000002
vn 0.000000 1.000000 0.000000
vn 0.000000 1.000000 -0.000002
vn 0.000000 1.000000 -0.000002
vn 0.000000 1.000000 0.000000
vn 0.000000 1.000000 0.000001
vn 0.000000 1.000000 0.000000
vn 0.000000 1.000000 0.000000
vn 0.000000 1.000000 0.000001
vn 0.000000 1.000000 0.000000
vn 0.000000 1.000000 0.000001
vn 0.000000 1.000000 0.000001
vn 0.000000 1.000000 0.000000
vn 0.000000 1.000000 0.000000
vn 0.000000 1.000000 0.000000
vn 0.000000 1.000000 0.000000
vn 0.000000 1.000000 0.000000
vn 0.000000 1.000000 0.000000
vn 0.000000 1.000000 0.000000
vn 0.000000 1.000000 0.000000
vn 0.000000 1.000000 0.000000
vn 0.000000 1.000000 -0.000001
vn 0.000000 1.000000 0.000000
vn 0.000000 1.000000 0.000000
vn 0.000000 1.000000 -0.000001
vn 0.000000 1.000000 0.000000
vn 0.000000 1.000000 0.000000
vn 0.000000 1.000000 0.000000
vn 0.000000 1.000000 0.000000
vn 0.000000 1.000000 0.000000
vn 0.000000 1.000000 -0.000001
vn 0.000000 1.000000 -0.000001
vn 0.000000 1.000000 0.000000
vn 0.000000 1.000000 0.000000
vn 0.000000 1.000000 0.000000
vn 0.000000 1.000000 0.000000
vn 0.000000 1.000000 0.000000
vn 0.000000 1.000000 0.000000
vn 0.000000 1.000000 0.000000
vn 0.000000 1.000000 0.000000
vn 0.000000 1.000000 0.000000
vn 0.000000 1.000000 0.000000
vn 0.000000 1.000000 0.000000
vn 0.000000 1.000000 0.000000
vn 0.000000 1.000000 0.000000
vn -0.805140 0.593085 0.000000
vn -0.805140 0.593085 0.000000
vn -0.789681 0.593068 -0.157081
vn -0.789681 0.593068 -0.157080
vn -0.805140 0.593085 0.000000
vn -0.805140 0.593085 0.000000
vn -0.789680 0.593071 0.157076
vn -0.789679 0.593071 0.157077
vn -0.789679 0.593071 0.157077
vn -0.789680 0.593071 0.157076
vn -0.743869 0.593061 0.308119
vn -0.743870 0.593061 0.308119
vn -0.743870 0.593061 0.308119
vn -0.743869 0.593061 0.308119
vn -0.669464 0.593055 0.447329
vn -0.669465 0.593055 0.447328
vn -0.669465 0.593055 0.447328
vn -0.669464 0.593055 0.447329
vn -0.589049 0.592805 0.549185
vn -0.589049 0.592805 0.549185
vn -0.511652 0.591211 0.623443
vn -0.511652 0.591211 0.623444
vn -0.426635 0.592885 0.682986
vn -0.426633 0.592885 0.682987
vn -0.426633 0.592885 0.682987
vn -0.426635 0.592885 0.682986
vn -0.308117 0.593063 0.743869
vn -0.308117 0.593063 0.743869
vn -0.308117 0.593063 0.743869
vn -0.308117 0.593063 0.743869
vn -0.157074 0.593074 0.789678
vn -0.157075 0.593074 0.789678
vn -0.157075 0.593074 0.789678
vn -0.157074 0.593074 0.789678
vn 0.000000 0.593088 0.805138
vn 0.000000 0.593088 0.805138
vn 0.000000 0.593088 0.805138
vn 0.000000 0.593088 0.805138
vn 0.157074 0.593074 0.789678
vn 0.157076 0.593074 0.789677
vn 0.157076 0.593074 0.789677
vn 0.157074 0.593074 0.789678
vn 0.308115 0.593060 0.743872
vn 0.308114 0.593060 0.743872
vn 0.308114 0.593060 0.743872
vn 0.308115 0.593060 0.743872
vn 0.447323 0.593055 0.669468
vn 0.447322 0.593055 0.669470
vn 0.447322 0.593055 0.669470
vn 0.447323 0.593055 0.669468
vn 0.569339 0.593048 0.569339
vn 0.569339 0.593048 0.569339
vn 0.569339 0.593048 0.569339
vn 0.569339 0.593048 0.569339
vn 0.669464 0.593055 0.447329
vn 0.669466 0.593055 0.447327
vn 0.669466 0.593055 0.447327
vn 0.669464 0.593055 0.447329
vn 0.743868 0.593060 0.308123
vn 0.743869 0.593060 0.308122
vn 0.743869 0.593060 0.308122
vn 0.743868 0.593060 0.308123
vn 0.789679 0.593071 0.157080
vn 0.789679 0.593071 0.157081
vn 0.789679 0.593071 0.157081
vn 0.789679 0.593071 0.157080
vn 0.805140 0.593085 0.000000
vn 0.805140 0.593085 0.000000
vn 0.805140 0.593085 0.000000
vn 0.805140 0.593085 0.000000
vn 0.789680 0.593071 -0.157076
vn 0.789679 0.593071 -0.157077
vn 0.789679 0.593071 -0.157077
vn 0.789680 0.593071 -0.157076
vn 0.743869 0.593061 -0.308119
vn 0.743870 0.593061 -0.308119
vn 0.743870 0.593061 -0.308119
vn 0.743869 0.593061 -0.308119
vn 0.679823 0.592957 -0.431559
vn 0.679824 0.592957 -0.431557
vn 0.623466 0.591170 -0.511671
vn 0.623466 0.591170 -0.511671
vn 0.544085 0.592655 -0.593913
vn 0.544085 0.592655 -0.593913
vn 0.544085 0.592655 -0.593913
vn 0.544085 0.592655 -0.593913
vn 0.447331 0.593033 -0.669482
vn 0.447339 0.593033 -0.669477
vn 0.447339 0.593033 -0.669477
vn 0.447331 0.593033 -0.669482
vn 0.308120 0.593051 -0.743876
vn 0.308120 0.593051 -0.743877
vn 0.308120 0.593051 -0.743877
vn 0.308120 0.593051 -0.743876
vn 0.157074 0.593074 -0.789678
vn 0.157076 0.593074 -0.789678
vn 0.157076 0.593074 -0.789678
vn 0.157074 0.593074 -0.789678
vn 0.000000 0.593088 -0.805138
vn 0.000000 0.593089 -0.805137
vn 0.000000 0.593089 -0.805137
vn 0.000000 0.593088 -0.805138
vn -0.157074 0.593067 -0.789683
vn -0.157075 0.593067 -0.789683
vn -0.157075 0.593067 -0.789683
vn -0.157074 0.593067 -0.789683
vn -0.308115 0.593052 -0.743878
vn -0.308120 0.593051 -0.743877
vn -0.308120 0.593051 -0.743877
vn -0.308115 0.593052 -0.743878
vn -0.424184 0.592835 -0.684554
vn -0.424183 0.592835 -0.684555
vn -0.511663 0.591170 -0.623473
vn -0.511663 0.591170 -0.623473
vn -0.558469 0.592957 -0.580099
vn -0.558469 0.592956 -0.580099
vn -0.623444 0.591210 -0.511652
vn -0.623444 0.591210 -0.511652
vn -0.678707 0.592974 -0.433289
vn -0.678708 0.592974 -0.433287
vn -0.678708 0.592974 -0.433287
vn -0.678707 0.592974 -0.433289
vn -0.743875 0.593052 -0.308122
vn -0.743873 0.593052 -0.308128
vn -0.743873 0.593052 -0.308128
vn -0.743875 0.593052 -0.308122
vn -0.789681 0.593068 -0.157080
vn -0.789681 0.593068 -0.157081
vn -0.980786 0.000000 0.195086
vn -1.000000 0.000000 0.000000
vn -1.000000 0.000000 0.000000
vn -0.980786 0.000000 0.195086
vn -0.923881 0.000000 0.382680
vn -0.980786 0.000000 0.195086
vn -0.980786 0.000000 0.195086
vn -0.923881 0.000000 0.382680
vn -0.831469 0.000000 0.555571
vn -0.923881 0.000000 0.382680
vn -0.923881 0.000000 0.382680
vn -0.831469 0.000000 0.555571
vn -0.731427 0.000000 0.681920
vn -0.831469 0.000000 0.555571
vn -0.831469 0.000000 0.555571
vn -0.731427 0.000000 0.681920
vn -0.529791 0.000000 0.848128
vn -0.634395 0.000000 0.773009
vn -0.634395 0.000000 0.773009
vn -0.529791 0.000000 0.848128
vn -0.382679 0.000000 0.923881
vn -0.529791 0.000000 0.848128
vn -0.529791 0.000000 0.848128
vn -0.382679 0.000000 0.923881
vn -0.195086 0.000000 0.980786
vn -0.382679 0.000000 0.923881
vn -0.382679 0.000000 0.923881
vn -0.195086 0.000000 0.980786
vn 0.000000 0.000000 1.000000
vn -0.195086 0.000000 0.980786
vn -0.195086 0.000000 0.980786
vn 0.000000 0.000000 1.000000
vn 0.195086 -0.000000 0.980786
vn 0.000000 0.000000 1.000000
vn 0.000000 0.000000 1.000000
vn 0.195086 -0.000000 0.980786
vn 0.382680 -0.000000 0.923881
vn 0.195086 -0.000000 0.980786
vn 0.195086 -0.000000 0.980786
vn 0.382680 -0.000000 0.923881
vn 0.555571 -0.000000 0.831469
vn 0.382680 -0.000000 0.923881
vn 0.382680 -0.000000 0.923881
vn 0.555571 -0.000000 0.831469
vn 0.707107 -0.000000 0.707107
vn 0.555571 -0.000000 0.831469
vn 0.555571 -0.000000 0.831469
vn 0.707107 -0.000000 0.707107
vn 0.831469 -0.000000 0.555571
vn 0.707107 -0.000000 0.707107
vn 0.707107 -0.000000 0.707107
vn 0.831469 -0.000000 0.555571
vn 0.923881 -0.000000 0.382680
vn 0.831469 -0.000000 0.555571
vn 0.831469 -0.000000 0.555571
vn 0.923881 -0.000000 0.382680
vn 0.980786 -0.000000 0.195086
vn 0.923881 -0.000000 0.382680
vn 0.923881 -0.000000 0.382680
vn 0.980786 -0.000000 0.195086
vn 1.000000 -0.000000 0.000000
vn 0.980786 -0.000000 0.195086
vn 0.980786 -0.000000 0.195086
vn 1.000000 -0.000000 0.000000
vn 0.980786 -0.000000 -0.195086
vn 1.000000 -0.000000 0.000000
vn 1.000000 -0.000000 0.000000
vn 0.980786 -0.000000 -0.195086
vn 0.923881 -0.000000 -0.382680
vn 0.980786 -0.000000 -0.195086
vn 0.980786 -0.000000 -0.195086
vn 0.923881 -0.000000 -0.382680
vn 0.844258 -0.000000 -0.535937
vn 0.923881 -0.000000 -0.382680
vn 0.923881 -0.000000 -0.382680
vn 0.844258 -0.000000 -0.535937
vn 0.675494 -0.000000 -0.737366
vn 0.773009 -0.000000 -0.634395
vn 0.773009 -0.000000 -0.634395
vn 0.675494 -0.000000 -0.737366
vn 0.555570 -0.000000 -0.831470
vn 0.675494 -0.000000 -0.737366
vn 0.675494 -0.000000 -0.737366
vn 0.555570 -0.000000 -0.831470
vn 0.382679 -0.000000 -0.923881
vn 0.555570 -0.000000 -0.831470
vn 0.555570 -0.000000 -0.831470
vn 0.382679 -0.000000 -0.923881
vn 0.195086 -0.000000 -0.980786
vn 0.382679 -0.000000 -0.923881
vn 0.382679 -0.000000 -0.923881
vn 0.195086 -0.000000 -0.980786
vn 0.000000 0.000000 -1.000000
vn 0.195086 -0.000000 -0.980786
vn 0.195086 -0.000000 -0.980786
vn 0.000000 0.000000 -1.000000
vn -0.195086 0.000000 -0.980786
vn 0.000000 0.000000 -1.000000
vn 0.000000 0.000000 -1.000000
vn -0.195086 0.000000 -0.980786
vn -0.382680 0.000000 -0.923881
vn -0.195086 0.000000 -0.980786
vn -0.195086 0.000000 -0.980786
vn -0.382680 0.000000 -0.923881
vn -0.526726 0.000000 -0.850035
vn -0.382680 0.000000 -0.923881
vn -0.382680 0.000000 -0.923881
vn -0.526726 0.000000 -0.850035
vn -0.693556 0.000000 -0.720403
vn -0.634396 0.000000 -0.773008
vn -0.634396 0.000000 -0.773008
vn -0.693556 0.000000 -0.720403
vn -0.842883 0.000000 -0.538098
vn -0.773009 0.000000 -0.634395
vn -0.773009 0.000000 -0.634395
vn -0.842883 0.000000 -0.538098
vn -0.923881 0.000000 -0.382680
vn -0.842883 0.000000 -0.538098
vn -0.842883 0.000000 -0.538098
vn -0.923881 0.000000 -0.382680
vn -0.980786 0.000000 -0.195086
vn -0.923881 0.000000 -0.382680
vn -0.923881 0.000000 -0.382680
vn -0.980786 0.000000 -0.195086
vn -1.000000 0.000000 0.000000
vn -0.980786 0.000000 -0.195086
vn -0.980786 0.000000 -0.195086
vn -1.000000 0.000000 0.000000
vn -0.805182 0.593027 0.000000
vn -0.805182 0.593027 0.000000
vn -0.789716 0.593021 -0.157082
vn -0.789717 0.593021 -0.157076
vn -0.805182 0.593027 0.000000
vn -0.805182 0.593027 0.000000
vn -0.789714 0.593025 0.157081
vn -0.789714 0.593025 0.157078
vn -0.789714 0.593025 0.157078
vn -0.789714 0.593025 0.157081
vn -0.743941 0.592961 0.308137
vn -0.743938 0.592961 0.308146
vn -0.743938 0.592961 0.308146
vn -0.743941 0.592961 0.308137
vn -0.669546 0.592918 0.447387
vn -0.669553 0.592918 0.447377
vn -0.669553 0.592918 0.447377
vn -0.669546 0.592918 0.447387
vn -0.589094 0.592716 0.549232
vn -0.589094 0.592716 0.549232
vn -0.511728 0.591031 0.623552
vn -0.511728 0.591031 0.623552
vn -0.426701 0.592714 0.683093
vn -0.426692 0.592714 0.683099
vn -0.426692 0.592714 0.683099
vn -0.426701 0.592714 0.683093
vn -0.308141 0.592951 0.743948
vn -0.308150 0.592951 0.743944
vn -0.308150 0.592951 0.743944
vn -0.308141 0.592951 0.743948
vn -0.157079 0.593015 0.789721
vn -0.157085 0.593015 0.789720
vn -0.157085 0.593015 0.789720
vn -0.157079 0.593015 0.789721
vn 0.000000 0.593030 0.805181
vn 0.000000 0.593030 0.805181
vn 0.000000 0.593030 0.805181
vn 0.000000 0.593030 0.805181
vn 0.157082 0.593021 0.789716
vn 0.157080 0.593021 0.789717
vn 0.157080 0.593021 0.789717
vn 0.157082 0.593021 0.789716
vn 0.308128 0.593006 0.743909
vn 0.308137 0.593006 0.743905
vn 0.308137 0.593006 0.743905
vn 0.308128 0.593006 0.743909
vn 0.447338 0.593016 0.669493
vn 0.447345 0.593016 0.669488
vn 0.447345 0.593016 0.669488
vn 0.447338 0.593016 0.669493
vn 0.569372 0.592980 0.569377
vn 0.569372 0.592980 0.569377
vn 0.569372 0.592980 0.569377
vn 0.569372 0.592980 0.569377
vn 0.669546 0.592918 0.447388
vn 0.669553 0.592918 0.447378
vn 0.669553 0.592918 0.447378
vn 0.669546 0.592918 0.447388
vn 0.743942 0.592961 0.308137
vn 0.743938 0.592961 0.308146
vn 0.743938 0.592961 0.308146
vn 0.743942 0.592961 0.308137
vn 0.789717 0.593021 0.157076
vn 0.789716 0.593021 0.157082
vn 0.789716 0.593021 0.157082
vn 0.789717 0.593021 0.157076
vn 0.805182 0.593027 0.000000
vn 0.805182 0.593027 0.000000
vn 0.805182 0.593027 0.000000
vn 0.805182 0.593027 0.000000
vn 0.789714 0.593025 -0.157081
vn 0.789714 0.593025 -0.157078
vn 0.789714 0.593025 -0.157078
vn 0.789714 0.593025 -0.157081
vn 0.743941 0.592961 -0.308137
vn 0.743938 0.592961 -0.308146
vn 0.743938 0.592961 -0.308146
vn 0.743941 0.592961 -0.308137
vn 0.679924 0.592797 -0.431619
vn 0.679930 0.592797 -0.431609
vn 0.623479 0.591151 -0.511678
vn 0.623479 0.591151 -0.511678
vn 0.544117 0.592592 -0.593946
vn 0.544117 0.592592 -0.593946
vn 0.544117 0.592592 -0.593946
vn 0.544117 0.592592 -0.593946
vn 0.447385 0.592922 -0.669545
vn 0.447376 0.592922 -0.669551
vn 0.447376 0.592922 -0.669551
vn 0.447385 0.592922 -0.669545
vn 0.308141 0.592951 -0.743948
vn 0.308150 0.592951 -0.743944
vn 0.308150 0.592951 -0.743944
vn 0.308141 0.592951 -0.743948
vn 0.157079 0.593015 -0.789721
vn 0.157085 0.593015 -0.789720
vn 0.157085 0.593015 -0.789720
vn 0.157079 0.593015 -0.789721
vn 0.000000 0.593030 -0.805181
vn 0.000000 0.593030 -0.805181
vn 0.000000 0.593030 -0.805181
vn 0.000000 0.593030 -0.805181
vn -0.157082 0.593021 -0.789716
vn -0.157080 0.593021 -0.789717
vn -0.157080 0.593021 -0.789717
vn -0.157082 0.593021 -0.789716
vn -0.308140 0.592955 -0.743945
vn -0.308149 0.592955 -0.743941
vn -0.308149 0.592955 -0.743941
vn -0.308140 0.592955 -0.743945
vn -0.424249 0.592667 -0.684659
vn -0.424240 0.592667 -0.684665
vn -0.511686 0.591137 -0.623486
vn -0.511686 0.591137 -0.623486
vn -0.558487 0.592928 -0.580110
vn -0.558487 0.592928 -0.580110
vn -0.623532 0.591049 -0.511732
vn -0.623532 0.591049 -0.511732
vn -0.678800 0.592821 -0.433352
vn -0.678807 0.592821 -0.433342
vn -0.678807 0.592821 -0.433342
vn -0.678800 0.592821 -0.433352
vn -0.743942 0.592961 -0.308137
vn -0.743938 0.592961 -0.308146
vn -0.743938 0.592961 -0.308146
vn -0.743942 0.592961 -0.308137
vn -0.789717 0.593021 -0.157076
vn -0.789716 0.593021 -0.157082
vn -0.166660 0.985457 0.033151
vn -0.169924 0.985457 0.000000
vn -0.169924 0.985457 0.000000
vn -0.166659 0.985457 0.033151
vn -0.156989 0.985457 0.065027
vn -0.166660 0.985457 0.033151
vn -0.166659 0.985457 0.033151
vn -0.156989 0.985457 0.065027
vn -0.141285 0.985458 0.094403
vn -0.156989 0.985457 0.065027
vn -0.156989 0.985457 0.065027
vn -0.141285 0.985458 0.094403
vn -0.124359 0.985440 0.115942
vn -0.141285 0.985458 0.094403
vn -0.141285 0.985458 0.094403
vn -0.124359 0.985440 0.115942
vn -0.090064 0.985444 0.144180
vn -0.108305 0.985320 0.131962
vn -0.108305 0.985320 0.131962
vn -0.090064 0.985444 0.144180
vn -0.065025 0.985458 0.156988
vn -0.090064 0.985444 0.144180
vn -0.090064 0.985444 0.144180
vn -0.065026 0.985457 0.156988
vn -0.033150 0.985457 0.166660
vn -0.065025 0.985458 0.156988
vn -0.065026 0.985457 0.156988
vn -0.033150 0.985457 0.166660
vn 0.000000 0.985456 0.169928
vn -0.033150 0.985457 0.166660
vn -0.033150 0.985457 0.166660
vn 0.000000 0.985456 0.169928
vn 0.033150 0.985457 0.166659
vn 0.000000 0.985456 0.169928
vn 0.000000 0.985456 0.169928
vn 0.033150 0.985457 0.166659
vn 0.065028 0.985457 0.156989
vn 0.033150 0.985457 0.166659
vn 0.033150 0.985457 0.166659
vn 0.065028 0.985457 0.156989
vn 0.094407 0.985456 0.141290
vn 0.065028 0.985457 0.156989
vn 0.065028 0.985457 0.156989
vn 0.094408 0.985456 0.141290
vn 0.120154 0.985457 0.120157
vn 0.094407 0.985456 0.141290
vn 0.094408 0.985456 0.141290
vn 0.120154 0.985457 0.120157
vn 0.141284 0.985458 0.094405
vn 0.120154 0.985457 0.120157
vn 0.120154 0.985457 0.120157
vn 0.141285 0.985458 0.094404
vn 0.156989 0.985457 0.065026
vn 0.141284 0.985458 0.094405
vn 0.141285 0.985458 0.094404
vn 0.156988 0.985457 0.065027
vn 0.166659 0.985457 0.033150
vn 0.156989 0.985457 0.065026
vn 0.156988 0.985457 0.065027
vn 0.166659 0.985457 0.033150
vn 0.169924 0.985457 0.000000
vn 0.166659 0.985457 0.033150
vn 0.166659 0.985457 0.033150
vn 0.169924 0.985457 0.000000
vn 0.166660 0.985457 -0.033151
vn 0.169924 0.985457 0.000000
vn 0.169924 0.985457 0.000000
vn 0.166659 0.985457 -0.033151
vn 0.156989 0.985457 -0.065027
vn 0.166660 0.985457 -0.033151
vn 0.166659 0.985457 -0.033151
vn 0.156989 0.985457 -0.065027
vn 0.143496 0.985450 -0.091092
vn 0.156989 0.985457 -0.065027
vn 0.156989 0.985457 -0.065027
vn 0.143496 0.985450 -0.091092
vn 0.114887 0.985430 -0.125412
vn 0.131968 0.985319 -0.108310
vn 0.131968 0.985319 -0.108310
vn 0.114887 0.985430 -0.125412
vn 0.094402 0.985458 -0.141282
vn 0.114887 0.985430 -0.125412
vn 0.114887 0.985430 -0.125412
vn 0.094403 0.985458 -0.141282
vn 0.065025 0.985458 -0.156985
vn 0.094402 0.985458 -0.141282
vn 0.094403 0.985458 -0.141282
vn 0.065026 0.985458 -0.156985
vn 0.033150 0.985457 -0.166660
vn 0.065025 0.985458 -0.156985
vn 0.065026 0.985458 -0.156985
vn 0.033150 0.985457 -0.166660
vn 0.000000 0.985457 -0.169928
vn 0.033150 0.985457 -0.166660
vn 0.033150 0.985457 -0.166660
vn 0.000000 0.985457 -0.169928
vn -0.033150 0.985457 -0.166658
vn 0.000000 0.985457 -0.169928
vn 0.000000 0.985457 -0.169928
vn -0.033150 0.985457 -0.166658
vn -0.065025 0.985458 -0.156984
vn -0.033150 0.985457 -0.166658
vn -0.033150 0.985457 -0.166658
vn -0.065026 0.985458 -0.156984
vn -0.089553 0.985441 -0.144520
vn -0.065025 0.985458 -0.156984
vn -0.065026 0.985458 -0.156984
vn -0.089553 0.985441 -0.144520
vn -0.117872 0.985453 -0.122431
vn -0.108306 0.985320 -0.131964
vn -0.108306 0.985320 -0.131964
vn -0.117872 0.985453 -0.122431
vn -0.143254 0.985451 -0.091454
vn -0.131967 0.985320 -0.108304
vn -0.131967 0.985320 -0.108304
vn -0.143254 0.985451 -0.091454
vn -0.156989 0.985457 -0.065026
vn -0.143254 0.985451 -0.091454
vn -0.143254 0.985451 -0.091454
vn -0.156988 0.985457 -0.065027
vn -0.166659 0.985457 -0.033150
vn -0.156989 0.985457 -0.065026
vn -0.156988 0.985457 -0.065027
vn -0.166659 0.985457 -0.033150
vn -0.169924 0.985457 0.000000
vn -0.166659 0.985457 -0.033150
vn -0.166659 0.985457 -0.033150
vn -0.169924 0.985457 0.000000
vn -0.117422 -0.993082 0.000000
vn -0.117422 -0.993082 0.000000
vn -0.115165 -0.993082 -0.022908
vn -0.115165 -0.993082 -0.022908
vn -0.117422 -0.993082 0.000000
vn -0.117422 -0.993082 0.000000
vn -0.115165 -0.993082 0.022907
vn -0.115165 -0.993082 0.022907
vn -0.115165 -0.993082 0.022907
vn -0.115165 -0.993082 0.022907
vn -0.108483 -0.993082 0.044936
vn -0.108483 -0.993082 0.044936
vn -0.108483 -0.993082 0.044936
vn -0.108483 -0.993082 0.044936
vn -0.097632 -0.993082 0.065237
vn -0.097632 -0.993082 0.065237
vn -0.097632 -0.993082 0.065237
vn -0.097632 -0.993082 0.065237
vn -0.085937 -0.993074 0.080122
vn -0.085937 -0.993074 0.080122
vn -0.074845 -0.993016 0.091201
vn -0.074845 -0.993016 0.091201
vn -0.062237 -0.993076 0.099633
vn -0.062237 -0.993076 0.099633
vn -0.062237 -0.993076 0.099633
vn -0.062237 -0.993076 0.099633
vn -0.044935 -0.993082 0.108481
vn -0.044935 -0.993082 0.108481
vn -0.044935 -0.993082 0.108481
vn -0.044935 -0.993082 0.108481
vn -0.022908 -0.993082 0.115166
vn -0.022908 -0.993082 0.115166
vn -0.022908 -0.993082 0.115166
vn -0.022908 -0.993082 0.115166
vn -0.000000 -0.993082 0.117423
vn -0.000000 -0.993082 0.117423
vn -0.000000 -0.993082 0.117423
vn -0.000000 -0.993082 0.117423
vn 0.022908 -0.993082 0.115166
vn 0.022908 -0.993082 0.115166
vn 0.022908 -0.993082 0.115166
vn 0.022908 -0.993082 0.115166
vn 0.044935 -0.993082 0.108483
vn 0.044935 -0.993082 0.108483
vn 0.044935 -0.993082 0.108483
vn 0.044935 -0.993082 0.108483
vn 0.065236 -0.993082 0.097632
vn 0.065236 -0.993082 0.097632
vn 0.065236 -0.993082 0.097632
vn 0.065236 -0.993082 0.097632
vn 0.083029 -0.993082 0.083029
vn 0.083029 -0.993082 0.083029
vn 0.083029 -0.993082 0.083029
vn 0.083029 -0.993082 0.083029
vn 0.097632 -0.993082 0.065236
vn 0.097632 -0.993082 0.065236
vn 0.097632 -0.993082 0.065236
vn 0.097632 -0.993082 0.065236
vn 0.108482 -0.993082 0.044936
vn 0.108482 -0.993082 0.044936
vn 0.108482 -0.993082 0.044936
vn 0.108482 -0.993082 0.044936
vn 0.115165 -0.993082 0.022908
vn 0.115165 -0.993082 0.022908
vn 0.115165 -0.993082 0.022908
vn 0.115165 -0.993082 0.022908
vn 0.117422 -0.993082 0.000000
vn 0.117422 -0.993082 0.000000
vn 0.117422 -0.993082 0.000000
vn 0.117422 -0.993082 0.000000
vn 0.115165 -0.993082 -0.022907
vn 0.115165 -0.993082 -0.022907
vn 0.115165 -0.993082 -0.022907
vn 0.115165 -0.993082 -0.022907
vn 0.108483 -0.993082 -0.044936
vn 0.108483 -0.993082 -0.044936
vn 0.108483 -0.993082 -0.044936
vn 0.108483 -0.993082 -0.044936
vn 0.099161 -0.993078 -0.062949
vn 0.099161 -0.993078 -0.062949
vn 0.091202 -0.993016 -0.074850
vn 0.091202 -0.993016 -0.074850
vn 0.079392 -0.993069 -0.086667
vn 0.079392 -0.993069 -0.086667
vn 0.079392 -0.993069 -0.086667
vn 0.079392 -0.993069 -0.086667
vn 0.065235 -0.993082 -0.097632
vn 0.065235 -0.993082 -0.097632
vn 0.065235 -0.993082 -0.097632
vn 0.065235 -0.993082 -0.097632
vn 0.044935 -0.993082 -0.108481
vn 0.044935 -0.993082 -0.108481
vn 0.044935 -0.993082 -0.108481
vn 0.044935 -0.993082 -0.108481
vn 0.022908 -0.993082 -0.115166
vn 0.022908 -0.993082 -0.115166
vn 0.022908 -0.993082 -0.115166
vn 0.022908 -0.993082 -0.115166
vn -0.000000 -0.993082 -0.117423
vn -0.000000 -0.993082 -0.117423
vn -0.000000 -0.993082 -0.117423
vn -0.000000 -0.993082 -0.117423
vn -0.022908 -0.993082 -0.115166
vn -0.022908 -0.993082 -0.115166
vn -0.022908 -0.993082 -0.115166
vn -0.022908 -0.993082 -0.115166
vn -0.044935 -0.993082 -0.108483
vn -0.044935 -0.993082 -0.108483
vn -0.044935 -0.993082 -0.108483
vn -0.044935 -0.993082 -0.108483
vn -0.061885 -0.993074 -0.099871
vn -0.061885 -0.993074 -0.099871
vn -0.074847 -0.993016 -0.091198
vn -0.074847 -0.993016 -0.091198
vn -0.081453 -0.993080 -0.084604
vn -0.081453 -0.993080 -0.084604
vn -0.091201 -0.993016 -0.074847
vn -0.091202 -0.993016 -0.074847
vn -0.098994 -0.993079 -0.063198
vn -0.098994 -0.993079 -0.063198
vn -0.098994 -0.993079 -0.063198
vn -0.098994 -0.993079 -0.063198
vn -0.108483 -0.993082 -0.044936
vn -0.108483 -0.993082 -0.044936
vn -0.108483 -0.993082 -0.044936
vn -0.108483 -0.993082 -0.044936
vn -0.115165 -0.993082 -0.022908
vn -0.115165 -0.993082 -0.022908
vn -0.980786 0.000000 0.195088
vn -1.000000 0.000000 0.000000
vn -1.000000 0.000000 0.000000
vn -0.980786 0.000000 0.195088
vn -0.923879 0.000000 0.382684
vn -0.980786 0.000000 0.195088
vn -0.980786 0.000000 0.195088
vn -0.923879 0.000000 0.382684
vn -0.831470 0.000000 0.555570
vn -0.923879 0.000000 0.382684
vn -0.923879 0.000000 0.382684
vn -0.831470 0.000000 0.555570
vn -0.731429 -0.000003 0.681918
vn -0.831470 0.000000 0.555570
vn -0.831470 0.000000 0.555570
vn -0.731429 -0.000003 0.681918
vn -0.529792 -0.000001 0.848128
vn -0.634399 -0.000004 0.773006
vn -0.634399 -0.000004 0.773006
vn -0.529792 -0.000001 0.848128
vn -0.382682 0.000000 0.923880
vn -0.529792 -0.000001 0.848128
vn -0.529792 -0.000001 0.848128
vn -0.382682 0.000000 0.923880
vn -0.195089 0.000000 0.980786
vn -0.382682 0.000000 0.923880
vn -0.382682 0.000000 0.923880
vn -0.195089 0.000000 0.980786
vn 0.000000 0.000000 1.000000
vn -0.195089 0.000000 0.980786
vn -0.195089 0.000000 0.980786
vn 0.000000 0.000000 1.000000
vn 0.195089 -0.000000 0.980786
vn 0.000000 0.000000 1.000000
vn 0.000000 0.000000 1.000000
vn 0.195089 -0.000000 0.980786
vn 0.382682 -0.000000 0.923880
vn 0.195089 -0.000000 0.980786
vn 0.195089 -0.000000 0.980786
vn 0.382682 -0.000000 0.923880
vn 0.555567 -0.000000 0.831472
vn 0.382682 -0.000000 0.923880
vn 0.382682 -0.000000 0.923880
vn 0.555567 -0.000000 0.831472
vn 0.707105 -0.000000 0.707108
vn 0.555567 -0.000000 0.831472
vn 0.555567 -0.000000 0.831472
vn 0.707105 -0.000000 0.707108
vn 0.831470 -0.000000 0.555570
vn 0.707105 -0.000000 0.707108
vn 0.707105 -0.000000 0.707108
vn 0.831470 -0.000000 0.555570
vn 0.923880 -0.000000 0.382683
vn 0.831470 -0.000000 0.555570
vn 0.831470 -0.000000 0.555570
vn 0.923880 -0.000000 0.382683
vn 0.980786 -0.000000 0.195088
vn 0.923880 -0.000000 0.382683
vn 0.923880 -0.000000 0.382683
vn 0.980786 -0.000000 0.195088
vn 1.000000 -0.000000 0.000000
vn 0.980786 -0.000000 0.195088
vn 0.980786 -0.000000 0.195088
vn 1.000000 -0.000000 0.000000
vn 0.980786 -0.000000 -0.195088
vn 1.000000 -0.000000 0.000000
vn 1.000000 -0.000000 0.000000
vn 0.980786 -0.000000 -0.195088
vn 0.923879 -0.000000 -0.382684
vn 0.980786 -0.000000 -0.195088
vn 0.980786 -0.000000 -0.195088
vn 0.923879 -0.000000 -0.382684
vn 0.844259 -0.000000 -0.535935
vn 0.923879 -0.000000 -0.382684
vn 0.923879 -0.000000 -0.382684
vn 0.844259 -0.000000 -0.535935
vn 0.675491 -0.000000 -0.737369
vn 0.773011 -0.000000 -0.634392
vn 0.773011 -0.000000 -0.634392
vn 0.675491 -0.000000 -0.737369
vn 0.555567 -0.000000 -0.831472
vn 0.675491 -0.000000 -0.737369
vn 0.675491 -0.000000 -0.737369
vn 0.555567 -0.000000 -0.831472
vn 0.382682 -0.000000 -0.923880
vn 0.555567 -0.000000 -0.831472
vn 0.555567 -0.000000 -0.831472
vn 0.382682 -0.000000 -0.923880
vn 0.195089 -0.000000 -0.980786
vn 0.382682 -0.000000 -0.923880
vn 0.382682 -0.000000 -0.923880
vn 0.195089 -0.000000 -0.980786
vn 0.000000 0.000000 -1.000000
vn 0.195089 -0.000000 -0.980786
vn 0.195089 -0.000000 -0.980786
vn 0.000000 0.000000 -1.000000
vn -0.195089 0.000000 -0.980786
vn 0.000000 0.000000 -1.000000
vn 0.000000 0.000000 -1.000000
vn -0.195089 0.000000 -0.980786
vn -0.382682 0.000000 -0.923880
vn -0.195089 0.000000 -0.980786
vn -0.195089 0.000000 -0.980786
vn -0.382682 0.000000 -0.923880
vn -0.526724 -0.000003 -0.850037
vn -0.382682 0.000000 -0.923880
vn -0.382682 0.000000 -0.923880
vn -0.526724 -0.000003 -0.850037
vn -0.693556 -0.000006 -0.720402
vn -0.634391 -0.000007 -0.773012
vn -0.634391 -0.000007 -0.773012
vn -0.693556 -0.000006 -0.720402
vn -0.842883 -0.000002 -0.538097
vn -0.773012 -0.000006 -0.634392
vn -0.773012 -0.000006 -0.634392
vn -0.842883 -0.000002 -0.538097
vn -0.923880 0.000000 -0.382683
vn -0.842883 -0.000002 -0.538097
vn -0.842883 -0.000002 -0.538097
vn -0.923880 0.000000 -0.382683
vn -0.980786 0.000000 -0.195088
vn -0.923880 0.000000 -0.382683
vn -0.923880 0.000000 -0.382683
vn -0.980786 0.000000 -0.195088
vn -1.000000 0.000000 0.000000
vn -0.980786 0.000000 -0.195088
vn -0.980786 0.000000 -0.195088
vn -1.000000 0.000000 0.000000
vn 0.995184 -0.000000 0.098022
vn 0.995184 -0.000000 0.098022
vn 0.995184 -0.000000 0.098022
vn 0.995184 -0.000000 0.098022
vn 0.995184 -0.000000 -0.098022
vn 0.995184 -0.000000 -0.098022
vn 0.995184 -0.000000 -0.098022
vn 0.995184 -0.000000 -0.098022
vn 0.956941 -0.000000 -0.290281
vn 0.956941 -0.000000 -0.290281
vn 0.956941 -0.000000 -0.290281
vn 0.956941 -0.000000 -0.290281
vn 0.881920 -0.000000 -0.471400
vn 0.881920 -0.000000 -0.471400
vn 0.881920 -0.000000 -0.471400
vn 0.881920 -0.000000 -0.471400
vn 0.773013 -0.000000 -0.634390
vn 0.773013 -0.000000 -0.634390
vn 0.773013 -0.000000 -0.634390
vn 0.773013 -0.000000 -0.634390
vn 0.634386 -0.000000 -0.773016
vn 0.634386 -0.000000 -0.773016
vn 0.634386 -0.000000 -0.773016
vn 0.634386 -0.000000 -0.773016
vn 0.471404 -0.000000 -0.881918
vn 0.471404 -0.000000 -0.881918
vn 0.471404 -0.000000 -0.881918
vn 0.471404 -0.000000 -0.881918
vn 0.290281 -0.000000 -0.956941
vn 0.290281 -0.000000 -0.956941
vn 0.290281 -0.000000 -0.956941
vn 0.290281 -0.000000 -0.956941
vn 0.098022 -0.000000 -0.995184
vn 0.098022 -0.000000 -0.995184
vn 0.098022 -0.000000 -0.995184
vn 0.098022 -0.000000 -0.995184
vn -0.098022 0.000000 -0.995184
vn -0.098022 0.000000 -0.995184
vn -0.098022 0.000000 -0.995184
vn -0.098022 0.000000 -0.995184
vn -0.290281 0.000000 -0.956941
vn -0.290281 0.000000 -0.956941
vn -0.290281 0.000000 -0.956941
vn -0.290281 0.000000 -0.956941
vn -0.471400 0.000000 -0.881920
vn -0.471400 0.000000 -0.881920
vn -0.471400 0.000000 -0.881920
vn -0.471400 0.000000 -0.881920
vn -0.634390 0.000000 -0.773013
vn -0.634390 0.000000 -0.773013
vn -0.634390 0.000000 -0.773013
vn -0.634390 0.000000 -0.773013
vn -0.773016 0.000000 -0.634386
vn -0.773016 0.000000 -0.634386
vn -0.773016 0.000000 -0.634386
vn -0.773016 0.000000 -0.634386
vn -0.881918 0.000000 -0.471403
vn -0.881918 0.000000 -0.471403
vn -0.881918 0.000000 -0.471403
vn -0.881918 0.000000 -0.471403
vn -0.956941 0.000000 -0.290281
vn -0.956941 0.000000 -0.290281
vn -0.956941 0.000000 -0.290281
vn -0.956941 0.000000 -0.290281
vn -0.995184 0.000000 -0.098022
vn -0.995184 0.000000 -0.098022
vn -0.995184 0.000000 -0.098022
vn -0.995184 0.000000 -0.098022
vn -0.995184 0.000000 0.098022
vn -0.995184 0.000000 0.098022
vn -0.995184 0.000000 0.098022
vn -0.995184 0.000000 0.098022
vn -0.956941 0.000000 0.290281
vn -0.956941 0.000000 0.290281
vn -0.956941 0.000000 0.290281
vn -0.956941 0.000000 0.290281
vn -0.881920 0.000000 0.471400
vn -0.881920 0.000000 0.471400
vn -0.881920 0.000000 0.471400
vn -0.881920 0.000000 0.471400
vn -0.773013 0.000000 0.634391
vn -0.773013 0.000000 0.634391
vn -0.773013 0.000000 0.634391
vn -0.773013 0.000000 0.634391
vn -0.634386 0.000000 0.773017
vn -0.634386 0.000000 0.773017
vn -0.634386 0.000000 0.773017
vn -0.634386 0.000000 0.773017
vn -0.471404 0.000000 0.881918
vn -0.471404 0.000000 0.881918
vn -0.471404 0.000000 0.881918
vn -0.471404 0.000000 0.881918
vn -0.290281 0.000000 0.956941
vn -0.290281 0.000000 0.956941
vn -0.290281 0.000000 0.956941
vn -0.290281 0.000000 0.956941
vn -0.098022 0.000000 0.995184
vn -0.098022 0.000000 0.995184
vn -0.098022 0.000000 0.995184
vn -0.098022 0.000000 0.995184
vn 0.098022 -0.000000 0.995184
vn 0.098022 -0.000000 0.995184
vn 0.098022 -0.000000 0.995184
vn 0.098022 -0.000000 0.995184
vn 0.290281 -0.000000 0.956941
vn 0.290281 -0.000000 0.956941
vn 0.290281 -0.000000 0.956941
vn 0.290281 -0.000000 0.956941
vn 0.471400 -0.000000 0.881920
vn 0.471400 -0.000000 0.881920
vn 0.471400 -0.000000 0.881920
vn 0.471400 -0.000000 0.881920
vn 0.634390 -0.000000 0.773013
vn 0.634390 -0.000000 0.773013
vn 0.634390 -0.000000 0.773013
vn 0.634390 -0.000000 0.773013
vn 0.773014 -0.000000 0.634389
vn 0.773014 -0.000000 0.634389
vn 0.773014 -0.000000 0.634389
vn 0.773014 -0.000000 0.634389
vn 0.881920 -0.000000 0.471400
vn 0.881920 -0.000000 0.471400
vn 0.881920 -0.000000 0.471400
vn 0.881920 -0.000000 0.471400
vn 0.956941 -0.000000 0.290281
vn 0.956941 -0.000000 0.290281
vn 0.956941 -0.000000 0.290281
vn 0.956941 -0.000000 0.290281
vn -0.495862 0.066516 -0.865850
vn -0.518990 -0.008700 -0.854736
vn 0.991123 -0.095937 0.092040
vn 0.991887 -0.019511 0.125619
vn 0.050333 0.998562 -0.018438
vn -0.495862 0.066516 -0.865850
vn 0.991887 -0.019511 0.125619
vn 0.076633 0.991633 -0.103878
vn 0.079379 0.617549 0.782517
vn 0.094304 0.610636 0.786276
vn 0.069502 0.622021 0.779910
vn 0.069502 0.622021 0.779910
vn 0.088351 -0.000000 0.996089
vn 0.088351 -0.000000 0.996089
vn 0.088351 -0.000000 0.996089
vn 0.088351 -0.000000 0.996089
vn 0.067404 0.647236 0.759304
vn 0.067404 0.647236 0.759304
vn 0.067404 0.647236 0.759304
vn 0.067404 0.647236 0.759304
vn 0.000000 1.000000 -0.000001
vn 0.000000 1.000000 0.000000
vn 0.000000 1.000000 0.000000
vn 0.000000 1.000000 -0.000001
vn 0.000000 1.000000 -0.000001
vn 0.000000 1.000000 -0.000001
vn 0.000000 1.000000 -0.000001
vn 0.000000 1.000000 -0.000001
vn 0.000000 1.000000 0.000000
vn 0.000000 1.000000 -0.000001
vn 0.000000 1.000000 -0.000001
vn 0.000000 1.000000 0.000000
vn 0.000000 1.000000 0.000000
vn 0.000000 1.000000 0.000000
vn 0.000000 1.000000 0.000001
vn 0.000000 1.000000 0.000000
vn 0.000000 1.000000 -0.000001
vn 0.000000 1.000000 0.000001
vn 0.000000 1.000000 0.000000
vn 0.000000 1.000000 0.000001
vn 0.000000 1.000000 0.000001
vn 0.000000 1.000000 -0.000003
vn 0.000000 1.000000 -0.000003
vn 0.000000 1.000000 -0.000001
vn 0.556683 0.648647 -0.519000
vn 0.556683 0.648647 -0.519000
vn 0.483682 0.647072 -0.589364
vn 0.483682 0.647072 -0.589364
vn 0.634388 -0.000000 -0.773015
vn 0.634388 -0.000000 -0.773015
vn 0.731429 -0.000000 -0.681917
vn 0.731429 -0.000000 -0.681917
vn 0.556706 0.648608 -0.519024
vn 0.556706 0.648608 -0.519024
vn 0.483707 0.647021 -0.589399
vn 0.483707 0.647021 -0.589399
vn -0.556687 0.648638 0.519008
vn -0.556687 0.648638 0.519008
vn -0.483680 0.647067 0.589371
vn -0.483680 0.647067 0.589371
vn -0.731429 0.000000 0.681917
vn -0.634388 0.000000 0.773015
vn -0.634388 0.000000 0.773015
vn -0.731429 0.000000 0.681917
vn -0.556694 0.648636 0.519002
vn -0.556694 0.648636 0.519002
vn -0.483705 0.647030 0.589391
vn -0.483705 0.647030 0.589391
vn 0.000000 1.000000 0.000002
vn 0.000000 1.000000 0.000002
vn 0.000000 1.000000 0.000001
vn 0.000000 1.000000 0.000001
vn -0.556680 0.648650 0.518999
vn -0.556680 0.648650 0.518999
vn -0.483685 0.647060 0.589374
vn -0.483685 0.647060 0.589374
vn -0.634396 0.000000 0.773008
vn -0.634396 0.000000 0.773008
vn -0.731427 0.000000 0.681920
vn -0.731427 0.000000 0.681920
vn -0.589049 0.592805 0.549185
vn -0.589049 0.592805 0.549185
vn -0.511671 0.591173 0.623464
vn -0.511671 0.591173 0.623464
vn -0.108305 0.985319 0.131969
vn -0.108305 0.985319 0.131969
vn -0.124359 0.985440 0.115942
vn -0.124359 0.985440 0.115942
vn -0.589094 0.592716 0.549232
vn -0.589094 0.592716 0.549232
vn -0.511683 0.591140 0.623485
vn -0.511683 0.591140 0.623485
vn -0.634396 -0.000008 0.773009
vn -0.634396 -0.000008 0.773009
vn -0.731429 -0.000003 0.681918
vn -0.731429 -0.000003 0.681918
vn -0.085937 -0.993074 0.080122
vn -0.085937 -0.993074 0.080122
vn -0.074847 -0.993016 0.091204
vn -0.074847 -0.993016 0.091204
vn 0.634386 -0.000000 -0.773016
vn 0.634386 -0.000000 -0.773016
vn 0.634386 -0.000000 -0.773016
vn 0.634386 -0.000000 -0.773016
vn -0.841679 0.021377 0.539554
vn -0.836463 -0.093660 0.539961
vn -0.518990 -0.008700 -0.854736
vn -0.717586 0.020584 -0.696166
vn -0.138275 0.989094 0.050725
vn -0.841679 0.021377 0.539554
vn -0.717586 0.020584 -0.696166
vn -0.188090 0.980415 -0.058377
vn 0.806699 0.586379 0.073456
vn 0.806699 0.586379 0.073456
vn 0.756723 0.567141 0.325148
vn 0.780020 0.578206 0.239265
vn 0.943345 -0.000000 0.331815
vn 0.996089 -0.000000 0.088351
vn 0.996089 -0.000000 0.088351
vn 0.945462 -0.000000 0.325734
vn 0.759958 0.646449 0.067576
vn 0.759958 0.646449 0.067576
vn 0.703302 0.659700 0.264881
vn 0.701750 0.659679 0.269018
vn 0.000000 1.000000 -0.000002
vn 0.000000 1.000000 -0.000002
vn -0.017048 0.999750 0.014470
vn -0.005862 0.999970 0.004975
vn 0.000000 1.000000 0.000000
vn 0.000000 1.000000 0.000000
vn 0.000000 1.000000 -0.000002
vn -0.005862 0.999970 0.004975
vn 0.000000 1.000000 0.000003
vn 0.000000 1.000000 0.000000
vn 0.000000 1.000000 0.000000
vn 0.000000 1.000000 0.000001
vn 0.000000 1.000000 0.000000
vn 0.000000 1.000000 0.000001
vn 0.000000 1.000000 0.000003
vn 0.000000 1.000000 0.000001
vn 0.000000 1.000000 0.000001
vn 0.000000 1.000000 0.000001
vn 0.000000 1.000000 0.000000
vn 0.000000 1.000000 0.000001
vn 0.000000 1.000000 0.000000
vn 0.000000 1.000000 0.000004
vn 0.000000 1.000000 0.000001
vn 0.000000 1.000000 0.000001
vn -0.642479 0.648753 0.407849
vn -0.642478 0.648753 0.407850
vn -0.589380 0.647050 0.483692
vn -0.589380 0.647050 0.483692
vn -0.773014 0.000000 0.634389
vn -0.773014 0.000000 0.634389
vn -0.844259 0.000000 0.535936
vn -0.844259 0.000000 0.535936
vn -0.642492 0.648743 0.407844
vn -0.642491 0.648743 0.407845
vn -0.589397 0.647038 0.483688
vn -0.589397 0.647038 0.483688
vn 0.642476 0.648754 -0.407851
vn 0.642477 0.648754 -0.407849
vn 0.589390 0.647033 -0.483702
vn 0.589390 0.647033 -0.483702
vn 0.844256 -0.000000 -0.535940
vn 0.773015 -0.000000 -0.634388
vn 0.773015 -0.000000 -0.634388
vn 0.844256 -0.000000 -0.535940
vn 0.642458 0.648783 -0.407835
vn 0.642456 0.648783 -0.407838
vn 0.589359 0.647075 -0.483683
vn 0.589359 0.647075 -0.483683
vn 0.000000 1.000000 0.000000
vn 0.000000 1.000000 0.000000
vn 0.000000 1.000000 0.000000
vn 0.000000 1.000000 0.000000
vn 0.642451 0.648790 -0.407832
vn 0.642453 0.648790 -0.407829
vn 0.589362 0.647078 -0.483677
vn 0.589362 0.647078 -0.483677
vn 0.773009 -0.000000 -0.634395
vn 0.773009 -0.000000 -0.634395
vn 0.844258 -0.000000 -0.535937
vn 0.844258 -0.000000 -0.535937
vn 0.679824 0.592957 -0.431557
vn 0.679823 0.592957 -0.431559
vn 0.623444 0.591204 -0.511660
vn 0.623444 0.591204 -0.511660
vn 0.131967 0.985320 -0.108305
vn 0.131967 0.985320 -0.108305
vn 0.143496 0.985450 -0.091092
vn 0.143496 0.985450 -0.091092
vn 0.679930 0.592797 -0.431609
vn 0.679924 0.592797 -0.431619
vn 0.623539 0.591045 -0.511728
vn 0.623539 0.591045 -0.511728
vn 0.773014 -0.000000 -0.634390
vn 0.773014 -0.000000 -0.634390
vn 0.844259 -0.000000 -0.535935
vn 0.844259 -0.000000 -0.535935
vn 0.099161 -0.993078 -0.062949
vn 0.099161 -0.993078 -0.062949
vn 0.091201 -0.993016 -0.074849
vn 0.091201 -0.993016 -0.074849
vn -0.773014 0.000000 0.634389
vn -0.773014 0.000000 0.634389
vn -0.773014 0.000000 0.634389
vn -0.773014 0.000000 0.634389
vn 0.981263 0.088134 0.171333
vn 0.991123 -0.095937 0.092040
vn 0.541529 0.039750 0.839742
vn 0.633671 0.095257 0.767716
vn 0.131132 0.949865 0.283832
vn 0.981263 0.088134 0.171333
vn -0.526654 0.649336 -0.548633
vn -0.526585 0.649339 -0.548696
vn -0.589910 0.644643 -0.486252
vn -0.589910 0.644643 -0.486252
vn -0.693570 0.000000 -0.720390
vn -0.773015 0.000000 -0.634388
vn -0.773015 0.000000 -0.634388
vn -0.693617 0.000000 -0.720344
vn -0.527784 0.648777 -0.548208
vn -0.527784 0.648777 -0.548208
vn -0.589399 0.647023 -0.483705
vn -0.589399 0.647023 -0.483705
vn 0.000000 1.000000 0.000001
vn 0.000000 1.000000 0.000001
vn 0.000000 1.000000 0.000000
vn 0.000000 1.000000 0.000000
vn -0.527763 0.648807 -0.548194
vn -0.527763 0.648807 -0.548194
vn -0.589374 0.647059 -0.483688
vn -0.589374 0.647059 -0.483688
vn -0.773008 0.000000 -0.634396
vn -0.773008 0.000000 -0.634396
vn -0.693556 0.000000 -0.720403
vn -0.693556 0.000000 -0.720403
vn -0.558469 0.592956 -0.580099
vn -0.558469 0.592957 -0.580099
vn -0.623465 0.591170 -0.511674
vn -0.623465 0.591170 -0.511674
vn -0.131968 0.985320 -0.108304
vn -0.131968 0.985320 -0.108304
vn -0.117872 0.985453 -0.122431
vn -0.117872 0.985453 -0.122431
vn -0.558487 0.592928 -0.580110
vn -0.558487 0.592928 -0.580110
vn -0.623473 0.591150 -0.511687
vn -0.623473 0.591150 -0.511687
vn -0.773015 -0.000005 -0.634388
vn -0.773015 -0.000005 -0.634388
vn -0.693556 -0.000006 -0.720402
vn -0.693556 -0.000006 -0.720402
vn -0.081453 -0.993080 -0.084604
vn -0.081453 -0.993080 -0.084604
vn -0.091202 -0.993016 -0.074847
vn -0.091202 -0.993016 -0.074847
vn 0.773013 -0.000000 0.634390
vn 0.773013 -0.000000 0.634390
vn 0.773013 -0.000000 0.634390
vn 0.773013 -0.000000 0.634390
vn 0.547474 0.131320 0.826455
vn 0.541529 0.039750 0.839742
vn -0.836463 -0.093660 0.539961
vn -0.841353 0.045709 0.538550
vn -0.841353 0.045709 0.538550
vn -0.042187 0.997538 0.056013
vn 0.101315 0.988932 0.108397
vn 0.547474 0.131320 0.826455
vn -0.398541 0.654425 -0.642567
vn -0.398539 0.654425 -0.642568
vn -0.478624 0.654640 -0.585120
vn -0.478624 0.654640 -0.585120
vn -0.526720 0.000000 -0.850039
vn -0.634387 0.000000 -0.773015
vn -0.634387 0.000000 -0.773015
vn -0.526720 0.000000 -0.850039
vn -0.400880 0.648668 -0.646935
vn -0.400883 0.648668 -0.646934
vn -0.483670 0.647087 -0.589357
vn -0.483670 0.647087 -0.589357
vn 0.000000 1.000000 -0.000002
vn 0.000000 1.000000 -0.000002
vn 0.000000 1.000000 -0.000001
vn 0.000000 1.000000 -0.000001
vn -0.400875 0.648671 -0.646935
vn -0.400873 0.648671 -0.646937
vn -0.483675 0.647077 -0.589364
vn -0.483675 0.647077 -0.589364
vn -0.634396 0.000000 -0.773008
vn -0.634396 0.000000 -0.773008
vn -0.526726 0.000000 -0.850035
vn -0.526726 0.000000 -0.850035
vn -0.424183 0.592835 -0.684555
vn -0.424184 0.592835 -0.684554
vn -0.511651 0.591215 -0.623440
vn -0.511651 0.591215 -0.623440
vn -0.108305 0.985319 -0.131969
vn -0.108305 0.985319 -0.131969
vn -0.089553 0.985441 -0.144520
vn -0.089553 0.985441 -0.144520
vn -0.424240 0.592667 -0.684665
vn -0.424249 0.592667 -0.684659
vn -0.511728 0.591025 -0.623557
vn -0.511728 0.591025 -0.623557
vn -0.634396 -0.000008 -0.773008
vn -0.634396 -0.000008 -0.773009
vn -0.526724 -0.000003 -0.850037
vn -0.526724 -0.000003 -0.850037
vn -0.061885 -0.993074 -0.099871
vn -0.061885 -0.993074 -0.099871
vn -0.074847 -0.993016 -0.091203
vn -0.074847 -0.993016 -0.091203
vn 0.634389 -0.000000 0.773014
vn 0.634389 -0.000000 0.773014
vn 0.634389 -0.000000 0.773014
vn 0.634389 -0.000000 0.773014
g CoffeeCup:FCSET_pCylinder2_001_0p453_0p966_0p36Sleevegroup1
usemtl CoffeeCup:lambert2SG
f 68/1/1 67/2/2 65/3/3 66/4/4
f 70/5/5 68/1/6 66/4/7 69/6/8
f 72/7/9 70/5/10 69/6/11 71/8/12
f 74/9/13 72/7/14 71/8/15 73/10/16
f 76/11/17 74/9/18 73/10/19 75/12/20
f 78/13/21 76/11/22 75/12/23 77/14/24
f 80/15/25 78/13/26 77/14/27 79/16/28
f 82/17/29 80/15/30 79/16/31 81/18/32
f 84/19/33 82/17/34 81/18/35 83/20/36
f 86/21/37 84/19/38 83/20/39 85/22/40
f 88/23/41 86/21/42 85/22/43 87/24/44
f 90/25/45 88/23/46 87/24/47 89/26/48
f 92/27/49 90/25/50 89/26/51 91/28/52
f 94/29/53 92/27/54 91/28/55 93/30/56
f 96/31/57 94/29/58 93/30/59 95/32/60
f 67/2/61 96/33/62 95/34/63 65/3/64
f 29/35/65 2/36/66 34/37/67 33/38/68
f 1/39/69 30/40/70 35/41/71 36/42/72
f 2/36/73 4/43/74 37/44/75 34/37/76
f 3/45/77 1/39/78 36/42/79 38/46/80
f 4/43/81 6/47/82 39/48/83 37/44/84
f 5/49/85 3/45/86 38/46/87 40/50/88
f 6/47/89 8/51/90 41/52/91 39/48/92
f 7/53/93 5/49/94 40/50/95 42/54/96
f 8/51/97 10/55/98 43/56/99 41/52/100
f 9/57/101 7/53/102 42/54/103 44/58/104
f 10/55/105 12/59/106 45/60/107 43/56/108
f 11/61/109 9/57/110 44/58/111 46/62/112
f 12/59/113 14/63/114 47/64/115 45/60/116
f 13/65/117 11/61/118 46/62/119 48/66/120
f 14/63/121 16/67/122 49/68/123 47/64/124
f 15/69/125 13/65/126 48/66/127 50/70/128
f 16/67/129 18/71/130 51/72/131 49/68/132
f 17/73/133 15/69/134 50/70/135 52/74/136
f 18/71/137 20/75/138 53/76/139 51/72/140
f 19/77/141 17/73/142 52/74/143 54/78/144
f 20/75/145 22/79/146 55/80/147 53/76/148
f 21/81/149 19/77/150 54/78/151 56/82/152
f 22/79/153 24/83/154 57/84/155 55/80/156
f 23/85/157 21/81/158 56/82/159 58/86/160
f 24/83/161 26/87/162 59/88/163 57/84/164
f 25/89/165 23/85/166 58/86/167 60/90/168
f 26/87/169 28/91/170 61/92/171 59/88/172
f 27/93/173 25/89/174 60/90/175 62/94/176
f 28/91/177 32/95/178 63/96/179 61/92/180
f 31/97/181 27/93/182 62/94/183 64/98/184
f 32/99/185 29/35/186 33/38/187 63/100/188
f 30/40/189 31/101/190 64/102/191 35/41/192
f 97/103/193 98/104/194 157/105/195 158/106/196
f 98/104/197 97/103/198 100/107/199 99/108/200
f 99/108/201 100/107/202 106/109/203 105/110/204
f 101/111/205 102/112/206 159/113/207 160/114/208
f 102/112/209 101/111/210 104/115/211 103/116/212
f 103/116/213 104/115/214 108/117/215 107/118/216
f 105/110/217 106/109/218 110/119/219 109/120/220
f 107/118/221 108/117/222 112/121/223 111/122/224
f 109/120/225 110/119/226 114/123/227 113/124/228
f 111/122/229 112/121/230 116/125/231 115/126/232
f 113/124/233 114/123/234 118/127/235 117/128/236
f 115/126/237 116/125/238 120/129/239 119/130/240
f 117/128/241 118/127/242 122/131/243 121/132/244
f 119/130/245 120/129/246 124/133/247 123/134/248
f 121/132/249 122/131/250 126/135/251 125/136/252
f 123/134/253 124/133/254 128/137/255 127/138/256
f 125/136/257 126/135/258 130/139/259 129/140/260
f 127/138/261 128/137/262 132/141/263 131/142/264
f 129/140/265 130/139/266 134/143/267 133/144/268
f 131/142/269 132/141/270 136/145/271 135/146/272
f 133/144/273 134/143/274 138/147/275 137/148/276
f 135/146/277 136/145/278 140/149/279 139/150/280
f 137/148/281 138/147/282 142/151/283 141/152/284
f 139/150/285 140/149/286 144/153/287 143/154/288
f 141/152/289 142/151/290 146/155/291 145/156/292
f 143/154/293 144/153/294 148/157/295 147/158/296
f 145/156/297 146/155/298 150/159/299 149/160/300
f 147/158/301 148/157/302 152/161/303 151/162/304
f 149/160/305 150/159/306 154/163/307 153/164/308
f 151/162/309 152/161/310 156/165/311 155/166/312
f 153/164/313 154/163/314 158/167/315 157/168/316
f 155/166/317 156/165/318 160/169/319 159/170/320
f 66/4/321 65/3/322 98/104/323 99/108/324
f 104/115/325 101/111/326 67/2/327 68/1/328
f 69/6/329 66/4/330 99/108/331 105/110/332
f 108/117/333 104/115/334 68/1/335 70/5/336
f 71/8/337 69/6/338 105/110/339 109/120/340
f 112/121/341 108/117/342 70/5/343 72/7/344
f 73/10/345 71/8/346 109/120/347 113/124/348
f 116/125/349 112/121/350 72/7/351 74/9/352
f 75/12/353 73/10/354 113/124/355 117/128/356
f 120/129/357 116/125/358 74/9/359 76/11/360
f 77/14/361 75/12/362 117/128/363 121/132/364
f 124/133/365 120/129/366 76/11/367 78/13/368
f 79/16/369 77/14/370 121/132/371 125/136/372
f 128/137/373 124/133/374 78/13/375 80/15/376
f 81/18/377 79/16/378 125/136/379 129/140/380
f 132/141/381 128/137/382 80/15/383 82/17/384
f 83/20/385 81/18/386 129/140/387 133/144/388
f 136/145/389 132/141/390 82/17/391 84/19/392
f 85/22/393 83/20/394 133/144/395 137/148/396
f 140/149/397 136/145/398 84/19/399 86/21/400
f 87/24/401 85/22/402 137/148/403 141/152/404
f 144/153/405 140/149/406 86/21/407 88/23/408
f 89/26/409 87/24/410 141/152/411 145/156/412
f 148/157/413 144/153/414 88/23/415 90/25/416
f 91/28/417 89/26/418 145/156/419 149/160/420
f 152/161/421 148/157/422 90/25/423 92/27/424
f 93/30/425 91/28/426 149/160/427 153/164/428
f 156/165/429 152/161/430 92/27/431 94/29/432
f 95/32/433 93/30/434 153/164/435 157/168/436
f 160/169/437 156/165/438 94/29/439 96/31/440
f 65/3/441 95/34/442 157/105/443 98/104/444
f 101/111/445 160/114/446 96/33/447 67/2/448
f 33/38/449 34/37/450 100/107/451 97/103/452
f 36/42/453 35/41/454 102/112/455 103/116/456
f 34/37/457 37/44/458 106/109/459 100/107/460
f 38/46/461 36/42/462 103/116/463 107/118/464
f 37/44/465 39/48/466 110/119/467 106/109/468
f 40/50/469 38/46/470 107/118/471 111/122/472
f 39/48/473 41/52/474 114/123/475 110/119/476
f 42/54/477 40/50/478 111/122/479 115/126/480
f 41/52/481 43/56/482 118/127/483 114/123/484
f 44/58/485 42/54/486 115/126/487 119/130/488
f 43/56/489 45/60/490 122/131/491 118/127/492
f 46/62/493 44/58/494 119/130/495 123/134/496
f 45/60/497 47/64/498 126/135/499 122/131/500
f 48/66/501 46/62/502 123/134/503 127/138/504
f 47/64/505 49/68/506 130/139/507 126/135/508
f 50/70/509 48/66/510 127/138/511 131/142/512
f 49/68/513 51/72/514 134/143/515 130/139/516
f 52/74/517 50/70/518 131/142/519 135/146/520
f 51/72/521 53/76/522 138/147/523 134/143/524
f 54/78/525 52/74/526 135/146/527 139/150/528
f 53/76/529 55/80/530 142/151/531 138/147/532
f 56/82/533 54/78/534 139/150/535 143/154/536
f 55/80/537 57/84/538 146/155/539 142/151/540
f 58/86/541 56/82/542 143/154/543 147/158/544
f 57/84/545 59/88/546 150/159/547 146/155/548
f 60/90/549 58/86/550 147/158/551 151/162/552
f 59/88/553 61/92/554 154/163/555 150/159/556
f 62/94/557 60/90/558 151/162/559 155/166/560
f 61/92/561 63/96/562 158/167/563 154/163/564
f 64/98/565 62/94/566 155/166/567 159/170/568
f 63/100/569 33/38/570 97/103/571 158/106/572
f 35/41/573 64/102/574 159/113/575 102/112/576
usemtl CoffeeCup:initialShadingGroup
f 179/171/577 184/172/578 185/173/579 177/174/580
f 181/175/581 183/176/582 184/172/583 179/177/584
f 184/172/585 183/176/586 182/178/587 180/179/588
f 185/173/589 184/172/590 180/179/591 178/180/592
usemtl CoffeeCup:lambert2SG
f 186/181/593 187/182/594 188/183/595 189/184/596
f 187/182/597 186/181/598 216/185/599 217/186/600
f 189/184/601 188/183/602 191/187/603 190/188/604
f 190/188/605 191/187/606 193/189/607 192/190/608
f 192/190/609 193/189/610 195/191/611 194/192/612
f 194/192/613 195/191/614 196/193/615 197/194/616
f 197/194/617 196/193/618 199/195/619 198/196/620
f 198/196/621 199/195/622 201/197/623 200/198/624
f 200/198/625 201/197/626 203/199/627 202/200/628
f 202/200/629 203/199/630 204/201/631 205/202/632
f 205/202/633 204/201/634 207/203/635 206/204/636
f 206/204/637 207/203/638 209/205/639 208/206/640
f 208/206/641 209/205/642 211/207/643 210/208/644
f 210/208/645 211/207/646 212/209/647 213/210/648
f 213/210/649 212/209/650 215/211/651 214/212/652
f 214/213/653 215/214/654 217/186/655 216/185/656
f 186/181/657 189/184/658 162/215/659 161/216/660
f 189/184/661 190/188/662 163/217/663 162/215/664
f 190/188/665 192/190/666 164/218/667 163/217/668
f 192/190/669 194/192/670 165/219/671 164/218/672
f 194/192/673 197/194/674 166/220/675 165/219/676
f 197/194/677 198/196/678 167/221/679 166/220/680
f 198/196/681 200/198/682 168/222/683 167/221/684
f 200/198/685 202/200/686 169/223/687 168/222/688
f 202/200/689 205/202/690 170/224/691 169/223/692
f 205/202/693 206/204/694 171/225/695 170/224/696
f 206/204/697 208/206/698 172/226/699 171/225/700
f 208/206/701 210/208/702 173/227/703 172/226/704
f 210/208/705 213/210/706 174/228/707 173/227/708
f 213/210/709 214/212/710 175/229/711 174/228/712
f 214/213/713 216/185/714 176/230/715 175/231/716
f 216/185/717 186/181/718 161/216/719 176/230/720
usemtl CoffeeCup:initialShadingGroup
f 188/232/721 187/233/722 178/180/723 191/234/724
f 211/235/725 177/236/726 215/237/727 212/238/728
f 177/174/729 185/173/730 217/239/731 215/240/732
f 209/241/733 179/177/734 177/236/735 211/235/736
f 191/234/737 178/180/738 180/179/739 193/242/740
f 207/243/741 181/175/742 179/177/743 209/241/744
f 193/242/745 180/179/746 182/178/747 195/244/748
f 203/245/749 181/175/750 207/243/751 204/246/752
f 201/247/753 183/176/754 181/175/755 203/245/756
f 195/244/757 182/178/758 199/248/759 196/249/760
f 199/248/761 182/178/762 183/176/763 201/247/764
f 217/239/765 185/173/766 178/180/767 187/233/768
usemtl CoffeeCup:lambert2SG
f 229/250/769 221/251/770 227/252/771 230/253/772
f 228/254/773 222/255/774 229/250/775 230/253/776
f 231/256/777 222/255/778 228/254/779 232/257/780
f 233/258/781 220/259/782 234/260/783 235/261/784
f 234/260/785 222/255/786 231/256/787 235/261/788
f 234/260/789 220/259/790 236/262/791 238/263/792
f 236/262/793 219/264/794 237/265/795 238/263/796
f 237/265/797 221/251/798 229/250/799 238/263/800
f 229/250/801 222/255/802 234/260/803 238/263/804
f 240/266/805 220/259/806 233/258/807 241/267/808
f 239/268/809 224/269/810 240/266/811 241/267/812
f 242/270/813 224/269/814 239/268/815 243/271/816
f 244/272/817 223/273/818 245/274/819 246/275/820
f 245/274/821 224/269/822 242/270/823 246/275/824
f 245/274/825 223/273/826 247/276/827 248/277/828
f 247/276/829 219/264/830 236/262/831 248/277/832
f 236/262/833 220/259/834 240/266/835 248/277/836
f 240/266/837 224/269/838 245/274/839 248/277/840
f 250/278/841 223/273/842 244/272/843 251/279/844
f 249/280/845 226/281/846 250/278/847 251/279/848
f 252/282/849 226/281/850 249/280/851 253/283/852
f 254/284/853 225/285/854 255/286/855 256/287/856
f 255/286/857 226/281/858 252/282/859 256/287/860
f 255/286/861 225/285/862 257/288/863 258/289/864
f 257/288/865 219/264/866 247/276/867 258/289/868
f 247/276/869 223/273/870 250/278/871 258/289/872
f 250/278/873 226/281/874 255/286/875 258/289/876
f 259/290/877 225/285/878 254/284/879 260/291/880
f 227/252/881 221/251/882 264/292/883 265/293/884
f 264/292/885 221/251/886 237/265/887 266/294/888
f 237/265/889 219/264/890 257/288/891 266/294/892
f 257/288/893 225/285/894 259/290/895 266/294/896
f 267/295/897 268/296/898 270/297/899 269/298/900
f 268/296/901 267/295/902 329/299/903 330/300/904
f 269/298/905 270/297/906 272/301/907 271/302/908
f 271/302/909 272/301/910 274/303/911 273/304/912
f 273/304/913 274/303/914 276/305/915 275/306/916
f 834/307/917 835/308/918 278/309/919 277/310/920
f 277/310/921 278/309/922 280/311/923 279/312/924
f 279/312/925 280/311/926 282/313/927 281/314/928
f 281/314/929 282/313/930 284/315/931 283/316/932
f 283/316/933 284/315/934 286/317/935 285/318/936
f 285/318/937 286/317/938 288/319/939 287/320/940
f 287/320/941 288/319/942 290/321/943 289/322/944
f 289/322/945 290/321/946 292/323/947 291/324/948
f 291/324/949 292/323/950 294/325/951 293/326/952
f 293/326/953 294/325/954 296/327/955 295/328/956
f 295/328/957 296/327/958 298/329/959 297/330/960
f 297/330/961 298/329/962 300/331/963 299/332/964
f 299/332/965 300/331/966 302/333/967 301/334/968
f 301/334/969 302/333/970 304/335/971 303/336/972
f 303/336/973 304/335/974 306/337/975 305/338/976
f 863/339/977 864/340/978 308/341/979 307/342/980
f 307/342/981 308/341/982 310/343/983 309/344/984
f 309/344/985 310/343/986 312/345/987 311/346/988
f 311/346/989 312/345/990 314/347/991 313/348/992
f 313/348/993 314/347/994 316/349/995 315/350/996
f 315/350/997 316/349/998 318/351/999 317/352/1000
f 317/352/1001 318/351/1002 320/353/1003 319/354/1004
f 319/354/1005 320/353/1006 856/355/1007 857/356/1008
f 321/357/1009 322/358/1010 324/359/1011 323/360/1012
f 323/360/1013 324/359/1014 328/361/1015 327/362/1016
f 325/363/1017 326/364/1018 330/300/1019 329/299/1020
f 827/365/1021 828/366/1022 327/362/1023 328/361/1024
f 227/252/1025 830/367/1026 831/368/1027 230/253/1028
f 831/368/1029 832/369/1030 228/254/1031 230/253/1032
f 228/254/1033 832/369/1034 833/370/1035 232/257/1036
f 833/370/1037 834/307/1038 277/310/1039 232/257/1040
f 277/310/1041 279/312/1042 231/256/1043 232/257/1044
f 231/256/1045 279/312/1046 281/314/1047 235/261/1048
f 281/314/1049 283/316/1050 233/258/1051 235/261/1052
f 233/258/1053 283/316/1054 285/318/1055 241/267/1056
f 285/318/1057 287/320/1058 239/268/1059 241/267/1060
f 239/268/1061 287/320/1062 289/322/1063 243/271/1064
f 289/322/1065 291/324/1066 293/326/1067 243/271/1068
f 293/326/1069 295/328/1070 242/270/1071 243/271/1072
f 242/270/1073 295/328/1074 297/330/1075 246/275/1076
f 297/330/1077 299/332/1078 244/272/1079 246/275/1080
f 244/272/1081 299/332/1082 301/334/1083 251/279/1084
f 301/334/1085 303/336/1086 249/280/1087 251/279/1088
f 249/280/1089 303/336/1090 305/338/1091 253/283/1092
f 862/371/1093 863/339/1094 307/342/1095 309/344/1096
f 309/344/1097 311/346/1098 861/372/1099 862/371/1100
f 860/373/1101 861/372/1102 311/346/1103 313/348/1104
f 313/348/1105 315/350/1106 859/374/1107 860/373/1108
f 858/375/1109 859/374/1110 315/350/1111 317/352/1112
f 317/352/1113 319/354/1114 857/356/1115 858/375/1116
f 321/357/1117 323/360/1118 259/290/1119 260/291/1120
f 327/362/1121 828/366/1122 829/376/1123 265/293/1124
f 829/376/1125 830/367/1126 227/252/1127 265/293/1128
f 264/292/1129 323/360/1130 327/362/1131 265/293/1132
f 259/290/1133 323/360/1134 264/292/1135 266/294/1136
f 332/377/1137 331/378/1138 394/379/1139 393/380/1140
f 331/378/1141 333/381/1142 854/382/1143 855/383/1144
f 335/384/1145 334/385/1146 341/386/1147 342/387/1148
f 825/388/1149 826/389/1150 340/390/1151 339/391/1152
f 336/392/1153 338/393/1154 395/394/1155 396/395/1156
f 339/391/1157 340/390/1158 342/387/1159 341/386/1160
f 343/396/1161 344/397/1162 396/395/1163 395/394/1164
f 344/397/1165 343/396/1166 345/398/1167 346/399/1168
f 346/399/1169 345/398/1170 347/400/1171 348/401/1172
f 348/401/1173 347/400/1174 349/402/1175 350/403/1176
f 350/403/1177 349/402/1178 351/404/1179 352/405/1180
f 836/406/1181 837/407/1182 353/408/1183 354/409/1184
f 354/409/1185 353/408/1186 355/410/1187 356/411/1188
f 356/411/1189 355/410/1190 357/412/1191 358/413/1192
f 358/413/1193 357/412/1194 359/414/1195 360/415/1196
f 360/415/1197 359/414/1198 361/416/1199 362/417/1200
f 362/417/1201 361/416/1202 363/418/1203 364/419/1204
f 364/419/1205 363/418/1206 365/420/1207 366/421/1208
f 366/421/1209 365/420/1210 367/422/1211 368/423/1212
f 368/423/1213 367/422/1214 369/424/1215 370/425/1216
f 370/425/1217 369/424/1218 371/426/1219 372/427/1220
f 372/427/1221 371/426/1222 373/428/1223 374/429/1224
f 374/429/1225 373/428/1226 375/430/1227 376/431/1228
f 376/431/1229 375/430/1230 377/432/1231 378/433/1232
f 378/433/1233 377/432/1234 379/434/1235 380/435/1236
f 380/435/1237 379/434/1238 381/436/1239 382/437/1240
f 865/438/1241 866/439/1242 383/440/1243 384/441/1244
f 384/441/1245 383/440/1246 385/442/1247 386/443/1248
f 386/443/1249 385/442/1250 387/444/1251 388/445/1252
f 388/445/1253 387/444/1254 389/446/1255 390/447/1256
f 390/447/1257 389/446/1258 391/448/1259 392/449/1260
f 392/449/1261 391/448/1262 393/380/1263 394/379/1264
f 400/450/1265 341/386/1266 334/385/1267
f 855/383/1268 856/355/1269 320/353/1270 331/378/1271
f 826/389/1272 827/365/1273 328/361/1274 340/390/1275
f 328/361/1276 324/359/1277 342/387/1278 340/390/1279
f 324/359/1280 322/358/1281 335/384/1282 342/387/1283
f 270/297/1284 268/296/1285 344/397/1286 346/399/1287
f 272/301/1288 270/297/1289 346/399/1290 348/401/1291
f 274/303/1292 272/301/1293 348/401/1294 350/403/1295
f 276/305/1296 274/303/1297 350/403/1298 352/405/1299
f 278/309/1300 835/308/1301 836/406/1302 354/409/1303
f 280/311/1304 278/309/1305 354/409/1306 356/411/1307
f 282/313/1308 280/311/1309 356/411/1310 358/413/1311
f 284/315/1312 282/313/1313 358/413/1314 360/415/1315
f 286/317/1316 284/315/1317 360/415/1318 362/417/1319
f 288/319/1320 286/317/1321 362/417/1322 364/419/1323
f 290/321/1324 288/319/1325 364/419/1326 366/421/1327
f 292/323/1328 290/321/1329 366/421/1330 368/423/1331
f 294/325/1332 292/323/1333 368/423/1334 370/425/1335
f 296/327/1336 294/325/1337 370/425/1338 372/427/1339
f 298/329/1340 296/327/1341 372/427/1342 374/429/1343
f 300/331/1344 298/329/1345 374/429/1346 376/431/1347
f 302/333/1348 300/331/1349 376/431/1350 378/433/1351
f 304/335/1352 302/333/1353 378/433/1354 380/435/1355
f 306/337/1356 304/335/1357 380/435/1358 382/437/1359
f 308/341/1360 864/340/1361 865/438/1362 384/441/1363
f 310/343/1364 308/341/1365 384/441/1366 386/443/1367
f 312/345/1368 310/343/1369 386/443/1370 388/445/1371
f 314/347/1372 312/345/1373 388/445/1374 390/447/1375
f 316/349/1376 314/347/1377 390/447/1378 392/449/1379
f 318/351/1380 316/349/1381 392/449/1382 394/379/1383
f 320/353/1384 318/351/1385 394/379/1386 331/378/1387
f 330/300/1388 326/364/1389 336/392/1390 396/395/1391
f 268/296/1392 330/300/1393 396/395/1394 344/397/1395
f 331/378/1396 332/377/1397 333/381/1398
f 336/392/1399 337/451/1400 338/393/1401
f 897/452/1402 898/453/1403 405/454/1404 404/455/1405
f 398/456/1406 397/457/1407 852/458/1408 853/459/1409
f 399/460/1410 401/461/1411 823/462/1412 824/463/1413
f 403/464/1414 402/465/1415 881/466/1416 882/467/1417
f 261/468/1418 851/469/1419 852/458/1420 397/457/1421
f 263/470/1422 822/471/1423 823/462/1424 401/461/1425
f 218/472/1426 896/473/1427 897/452/1428 404/455/1429
f 262/474/1430 880/475/1431 881/466/1432 402/465/1433
f 853/459/1434 854/382/1435 333/381/1436 398/456/1437
f 824/463/1438 825/388/1439 339/391/1440 399/460/1441
f 399/460/1442 400/450/1443 401/461/1444
f 406/476/1445 407/477/1446 469/478/1447 468/479/1448
f 407/477/1449 406/476/1450 408/480/1451 409/481/1452
f 409/481/1453 408/480/1454 410/482/1455 411/483/1456
f 411/483/1457 410/482/1458 412/484/1459 413/485/1460
f 413/485/1461 412/484/1462 414/486/1463 415/487/1464
f 838/488/1465 839/489/1466 416/490/1467 417/491/1468
f 417/491/1469 416/490/1470 418/492/1471 419/493/1472
f 419/493/1473 418/492/1474 420/494/1475 421/495/1476
f 421/495/1477 420/494/1478 422/496/1479 423/497/1480
f 423/497/1481 422/496/1482 424/498/1483 425/499/1484
f 425/499/1485 424/498/1486 426/500/1487 427/501/1488
f 427/501/1489 426/500/1490 428/502/1491 429/503/1492
f 429/503/1493 428/502/1494 430/504/1495 431/505/1496
f 431/505/1497 430/504/1498 432/506/1499 433/507/1500
f 433/507/1501 432/506/1502 434/508/1503 435/509/1504
f 435/509/1505 434/508/1506 436/510/1507 437/511/1508
f 437/511/1509 436/510/1510 438/512/1511 439/513/1512
f 439/513/1513 438/512/1514 440/514/1515 441/515/1516
f 441/515/1517 440/514/1518 442/516/1519 443/517/1520
f 443/517/1521 442/516/1522 444/518/1523 445/519/1524
f 867/520/1525 868/521/1526 446/522/1527 447/523/1528
f 447/523/1529 446/522/1530 448/524/1531 449/525/1532
f 449/525/1533 448/524/1534 450/526/1535 451/527/1536
f 451/527/1537 450/526/1538 452/528/1539 453/529/1540
f 453/529/1541 452/528/1542 454/530/1543 455/531/1544
f 455/531/1545 454/530/1546 456/532/1547 457/533/1548
f 457/533/1549 456/532/1550 458/534/1551 459/535/1552
f 459/535/1553 458/534/1554 460/536/1555 461/537/1556
f 899/538/1557 900/539/1558 462/540/1559 463/541/1560
f 883/542/1561 884/543/1562 464/544/1563 465/545/1564
f 465/545/1565 464/544/1566 466/546/1567 467/547/1568
f 467/547/1569 466/546/1570 468/479/1571 469/478/1572
f 345/398/1573 343/396/1574 407/477/1575 409/481/1576
f 347/400/1577 345/398/1573 409/481/1576 411/483/1578
f 349/402/1579 347/400/1577 411/483/1578 413/485/1580
f 351/404/1581 349/402/1579 413/485/1580 415/487/1582
f 353/408/1583 837/407/1584 838/488/1585 417/491/1586
f 355/410/1587 353/408/1583 417/491/1586 419/493/1588
f 357/412/1589 355/410/1587 419/493/1588 421/495/1590
f 359/414/1591 357/412/1589 421/495/1590 423/497/1592
f 361/416/1593 359/414/1591 423/497/1592 425/499/1594
f 363/418/1595 361/416/1593 425/499/1594 427/501/1596
f 365/420/1597 363/418/1595 427/501/1596 429/503/1598
f 367/422/1599 365/420/1597 429/503/1598 431/505/1600
f 369/424/1601 367/422/1599 431/505/1600 433/507/1602
f 371/426/1603 369/424/1601 433/507/1602 435/509/1604
f 373/428/1605 371/426/1603 435/509/1604 437/511/1606
f 375/430/1607 373/428/1605 437/511/1606 439/513/1608
f 377/432/1609 375/430/1607 439/513/1608 441/515/1610
f 379/434/1611 377/432/1609 441/515/1610 443/517/1612
f 381/436/1613 379/434/1611 443/517/1612 445/519/1614
f 383/440/1615 866/439/1616 867/520/1617 447/523/1618
f 385/442/1619 383/440/1615 447/523/1618 449/525/1620
f 387/444/1621 385/442/1619 449/525/1620 451/527/1622
f 389/446/1623 387/444/1621 451/527/1622 453/529/1624
f 391/448/1625 389/446/1623 453/529/1624 455/531/1626
f 393/380/1627 391/448/1625 455/531/1626 457/533/1628
f 332/377/1629 393/380/1627 457/533/1628 459/535/1630
f 395/394/1631 338/393/1632 467/547/1633 469/478/1634
f 343/396/1574 395/394/1631 469/478/1634 407/477/1575
f 461/537/1635 333/381/1436 332/377/1629 459/535/1630
f 405/454/1636 898/453/1637 899/538/1638 463/541/1639
f 403/464/1640 882/467/1641 883/542/1642 465/545/1643
f 338/393/1632 337/451/1644 465/545/1643 467/547/1633
f 470/548/1645 471/549/1646 533/550/1647 532/551/1648
f 471/549/1649 470/548/1650 472/552/1651 473/553/1652
f 473/553/1653 472/552/1654 474/554/1655 475/555/1656
f 475/555/1657 474/554/1658 476/556/1659 477/557/1660
f 477/557/1661 476/556/1662 478/558/1663 479/559/1664
f 840/560/1665 841/561/1666 480/562/1667 481/563/1668
f 481/563/1669 480/562/1670 482/564/1671 483/565/1672
f 483/565/1673 482/564/1674 484/566/1675 485/567/1676
f 485/567/1677 484/566/1678 486/568/1679 487/569/1680
f 487/569/1681 486/568/1682 488/570/1683 489/571/1684
f 489/571/1685 488/570/1686 490/572/1687 491/573/1688
f 491/573/1689 490/572/1690 492/574/1691 493/575/1692
f 493/575/1693 492/574/1694 494/576/1695 495/577/1696
f 495/577/1697 494/576/1698 496/578/1699 497/579/1700
f 497/579/1701 496/578/1702 498/580/1703 499/581/1704
f 499/581/1705 498/580/1706 500/582/1707 501/583/1708
f 501/583/1709 500/582/1710 502/584/1711 503/585/1712
f 503/585/1713 502/584/1714 504/586/1715 505/587/1716
f 505/587/1717 504/586/1718 506/588/1719 507/589/1720
f 507/589/1721 506/588/1722 508/590/1723 509/591/1724
f 869/592/1725 870/593/1726 510/594/1727 511/595/1728
f 511/595/1729 510/594/1730 512/596/1731 513/597/1732
f 513/597/1733 512/596/1734 514/598/1735 515/599/1736
f 515/599/1737 514/598/1738 516/600/1739 517/601/1740
f 517/601/1741 516/600/1742 518/602/1743 519/603/1744
f 519/603/1745 518/602/1746 520/604/1747 521/605/1748
f 521/605/1749 520/604/1750 522/606/1751 523/607/1752
f 523/607/1753 522/606/1754 524/608/1755 525/609/1756
f 901/610/1757 902/611/1758 526/612/1759 527/613/1760
f 885/614/1761 886/615/1762 528/616/1763 529/617/1764
f 529/617/1765 528/616/1766 530/618/1767 531/619/1768
f 531/619/1769 530/618/1770 532/551/1771 533/550/1772
f 471/549/1773 473/553/1774 408/480/1775 406/476/1776
f 473/553/1777 475/555/1778 410/482/1779 408/480/1780
f 475/555/1781 477/557/1782 412/484/1783 410/482/1784
f 477/557/1785 479/559/1786 414/486/1787 412/484/1788
f 839/489/1789 840/560/1790 481/563/1791 416/490/1792
f 481/563/1793 483/565/1794 418/492/1795 416/490/1796
f 483/565/1797 485/567/1798 420/494/1799 418/492/1800
f 485/567/1801 487/569/1802 422/496/1803 420/494/1804
f 487/569/1805 489/571/1806 424/498/1807 422/496/1808
f 489/571/1809 491/573/1810 426/500/1811 424/498/1812
f 491/573/1813 493/575/1814 428/502/1815 426/500/1816
f 493/575/1817 495/577/1818 430/504/1819 428/502/1820
f 495/577/1821 497/579/1822 432/506/1823 430/504/1824
f 497/579/1825 499/581/1826 434/508/1827 432/506/1828
f 499/581/1829 501/583/1830 436/510/1831 434/508/1832
f 501/583/1833 503/585/1834 438/512/1835 436/510/1836
f 503/585/1837 505/587/1838 440/514/1839 438/512/1840
f 505/587/1841 507/589/1842 442/516/1843 440/514/1844
f 507/589/1845 509/591/1846 444/518/1847 442/516/1848
f 868/521/1849 869/592/1850 511/595/1851 446/522/1852
f 511/595/1853 513/597/1854 448/524/1855 446/522/1856
f 513/597/1857 515/599/1858 450/526/1859 448/524/1860
f 515/599/1861 517/601/1862 452/528/1863 450/526/1864
f 517/601/1865 519/603/1866 454/530/1867 452/528/1868
f 519/603/1869 521/605/1870 456/532/1871 454/530/1872
f 521/605/1873 523/607/1874 458/534/1875 456/532/1876
f 523/607/1877 525/609/1878 460/536/1879 458/534/1880
f 900/539/1881 901/610/1882 527/613/1883 462/540/1884
f 884/543/1885 885/614/1886 529/617/1887 464/544/1888
f 529/617/1889 531/619/1890 466/546/1891 464/544/1892
f 531/619/1893 533/550/1894 468/479/1895 466/546/1896
f 533/550/1897 471/549/1898 406/476/1899 468/479/1900
f 534/620/1901 535/621/1902 597/622/1903 596/623/1904
f 535/621/1905 534/620/1906 536/624/1907 537/625/1908
f 537/625/1909 536/624/1910 538/626/1911 539/627/1912
f 539/627/1913 538/626/1914 540/628/1915 541/629/1916
f 541/629/1917 540/628/1918 542/630/1919 543/631/1920
f 842/632/1921 843/633/1922 544/634/1923 545/635/1924
f 545/635/1925 544/634/1926 546/636/1927 547/637/1928
f 547/637/1929 546/636/1930 548/638/1931 549/639/1932
f 549/639/1933 548/638/1934 550/640/1935 551/641/1936
f 551/641/1937 550/640/1938 552/642/1939 553/643/1940
f 553/643/1941 552/642/1942 554/644/1943 555/645/1944
f 555/645/1945 554/644/1946 556/646/1947 557/647/1948
f 557/647/1949 556/646/1950 558/648/1951 559/649/1952
f 559/649/1953 558/648/1954 560/650/1955 561/651/1956
f 561/651/1957 560/650/1958 562/652/1959 563/653/1960
f 563/653/1961 562/652/1962 564/654/1963 565/655/1964
f 565/655/1965 564/654/1966 566/656/1967 567/657/1968
f 567/657/1969 566/656/1970 568/658/1971 569/659/1972
f 569/659/1973 568/658/1974 570/660/1975 571/661/1976
f 571/661/1977 570/660/1978 572/662/1979 573/663/1980
f 871/664/1981 872/665/1982 574/666/1983 575/667/1984
f 575/667/1985 574/666/1986 576/668/1987 577/669/1988
f 577/669/1989 576/668/1990 578/670/1991 579/671/1992
f 579/671/1993 578/670/1994 580/672/1995 581/673/1996
f 581/673/1997 580/672/1998 582/674/1999 583/675/2000
f 583/675/2001 582/674/2002 584/676/2003 585/677/2004
f 585/677/2005 584/676/2006 586/678/2007 587/679/2008
f 587/679/2009 586/678/2010 588/680/2011 589/681/2012
f 903/682/2013 904/683/2014 590/684/2015 591/685/2016
f 887/686/2017 888/687/2018 592/688/2019 593/689/2020
f 593/689/2021 592/688/2022 594/690/2023 595/691/2024
f 595/691/2025 594/690/2026 596/623/2027 597/622/2028
f 472/552/2029 470/548/2030 535/621/2031 537/625/2032
f 474/554/2033 472/552/2034 537/625/2035 539/627/2036
f 476/556/2037 474/554/2038 539/627/2039 541/629/2040
f 478/558/2041 476/556/2042 541/629/2043 543/631/2044
f 480/562/2045 841/561/2046 842/632/2047 545/635/2048
f 482/564/2049 480/562/2050 545/635/2051 547/637/2052
f 484/566/2053 482/564/2054 547/637/2055 549/639/2056
f 486/568/2057 484/566/2058 549/639/2059 551/641/2060
f 488/570/2061 486/568/2062 551/641/2063 553/643/2064
f 490/572/2065 488/570/2066 553/643/2067 555/645/2068
f 492/574/2069 490/572/2070 555/645/2071 557/647/2072
f 494/576/2073 492/574/2074 557/647/2075 559/649/2076
f 496/578/2077 494/576/2078 559/649/2079 561/651/2080
f 498/580/2081 496/578/2082 561/651/2083 563/653/2084
f 500/582/2085 498/580/2086 563/653/2087 565/655/2088
f 502/584/2089 500/582/2090 565/655/2091 567/657/2092
f 504/586/2093 502/584/2094 567/657/2095 569/659/2096
f 506/588/2097 504/586/2098 569/659/2099 571/661/2100
f 508/590/2101 506/588/2102 571/661/2103 573/663/2104
f 510/594/2105 870/593/2106 871/664/2107 575/667/2108
f 512/596/2109 510/594/2110 575/667/2111 577/669/2112
f 514/598/2113 512/596/2114 577/669/2115 579/671/2116
f 516/600/2117 514/598/2118 579/671/2119 581/673/2120
f 518/602/2121 516/600/2122 581/673/2123 583/675/2124
f 520/604/2125 518/602/2126 583/675/2127 585/677/2128
f 522/606/2129 520/604/2130 585/677/2131 587/679/2132
f 524/608/2133 522/606/2134 587/679/2135 589/681/2136
f 526/612/2137 902/611/2138 903/682/2139 591/685/2140
f 528/616/2141 886/615/2142 887/686/2143 593/689/2144
f 530/618/2145 528/616/2146 593/689/2147 595/691/2148
f 532/551/2149 530/618/2150 595/691/2151 597/622/2152
f 470/548/2153 532/551/2154 597/622/2155 535/621/2156
f 598/692/2157 599/693/2158 661/694/2159 660/695/2160
f 599/693/2161 598/692/2162 600/696/2163 601/697/2164
f 601/697/2165 600/696/2166 602/698/2167 603/699/2168
f 603/699/2169 602/698/2170 604/700/2171 605/701/2172
f 605/701/2173 604/700/2174 606/702/2175 607/703/2176
f 844/704/2177 845/705/2178 608/706/2179 609/707/2180
f 609/707/2181 608/706/2182 610/708/2183 611/709/2184
f 611/709/2185 610/708/2186 612/710/2187 613/711/2188
f 613/711/2189 612/710/2190 614/712/2191 615/713/2192
f 615/713/2193 614/712/2194 616/714/2195 617/715/2196
f 617/715/2197 616/714/2198 618/716/2199 619/717/2200
f 619/717/2201 618/716/2202 620/718/2203 621/719/2204
f 621/719/2205 620/718/2206 622/720/2207 623/721/2208
f 623/721/2209 622/720/2210 624/722/2211 625/723/2212
f 625/723/2213 624/722/2214 626/724/2215 627/725/2216
f 627/725/2217 626/724/2218 628/726/2219 629/727/2220
f 629/727/2221 628/726/2222 630/728/2223 631/729/2224
f 631/729/2225 630/728/2226 632/730/2227 633/731/2228
f 633/731/2229 632/730/2230 634/732/2231 635/733/2232
f 635/733/2233 634/732/2234 636/734/2235 637/735/2236
f 873/736/2237 874/737/2238 638/738/2239 639/739/2240
f 639/739/2241 638/738/2242 640/740/2243 641/741/2244
f 641/741/2245 640/740/2246 642/742/2247 643/743/2248
f 643/743/2249 642/742/2250 644/744/2251 645/745/2252
f 645/745/2253 644/744/2254 646/746/2255 647/747/2256
f 647/747/2257 646/746/2258 648/748/2259 649/749/2260
f 649/749/2261 648/748/2262 650/750/2263 651/751/2264
f 651/751/2265 650/750/2266 652/752/2267 653/753/2268
f 905/754/2269 906/755/2270 654/756/2271 655/757/2272
f 889/758/2273 890/759/2274 656/760/2275 657/761/2276
f 657/761/2277 656/760/2278 658/762/2279 659/763/2280
f 659/763/2281 658/762/2282 660/695/2283 661/694/2284
f 536/624/2285 534/620/2286 599/693/2287 601/697/2288
f 538/626/2289 536/624/2290 601/697/2291 603/699/2292
f 540/628/2293 538/626/2294 603/699/2295 605/701/2296
f 542/630/2297 540/628/2298 605/701/2299 607/703/2300
f 544/634/2301 843/633/2302 844/704/2303 609/707/2304
f 546/636/2305 544/634/2306 609/707/2307 611/709/2308
f 548/638/2309 546/636/2310 611/709/2311 613/711/2312
f 550/640/2313 548/638/2314 613/711/2315 615/713/2316
f 552/642/2317 550/640/2318 615/713/2319 617/715/2320
f 554/644/2321 552/642/2322 617/715/2323 619/717/2324
f 556/646/2325 554/644/2326 619/717/2327 621/719/2328
f 558/648/2329 556/646/2330 621/719/2331 623/721/2332
f 560/650/2333 558/648/2334 623/721/2335 625/723/2336
f 562/652/2337 560/650/2338 625/723/2339 627/725/2340
f 564/654/2341 562/652/2342 627/725/2343 629/727/2344
f 566/656/2345 564/654/2346 629/727/2347 631/729/2348
f 568/658/2349 566/656/2350 631/729/2351 633/731/2352
f 570/660/2353 568/658/2354 633/731/2355 635/733/2356
f 572/662/2357 570/660/2358 635/733/2359 637/735/2360
f 574/666/2361 872/665/2362 873/736/2363 639/739/2364
f 576/668/2365 574/666/2366 639/739/2367 641/741/2368
f 578/670/2369 576/668/2370 641/741/2371 643/743/2372
f 580/672/2373 578/670/2374 643/743/2375 645/745/2376
f 582/674/2377 580/672/2378 645/745/2379 647/747/2380
f 584/676/2381 582/674/2382 647/747/2383 649/749/2384
f 586/678/2385 584/676/2386 649/749/2387 651/751/2388
f 588/680/2389 586/678/2390 651/751/2391 653/753/2392
f 590/684/2393 904/683/2394 905/754/2395 655/757/2396
f 592/688/2397 888/687/2398 889/758/2399 657/761/2400
f 594/690/2401 592/688/2402 657/761/2403 659/763/2404
f 596/623/2405 594/690/2406 659/763/2407 661/694/2408
f 534/620/2409 596/623/2410 661/694/2411 599/693/2412
f 662/764/2413 663/765/2414 725/766/2415 724/767/2416
f 663/765/2417 662/764/2418 664/768/2419 665/769/2420
f 665/769/2421 664/768/2422 666/770/2423 667/771/2424
f 667/771/2425 666/770/2426 668/772/2427 669/773/2428
f 669/773/2429 668/772/2430 670/774/2431 671/775/2432
f 846/776/2433 847/777/2434 672/778/2435 673/779/2436
f 673/779/2437 672/778/2438 674/780/2439 675/781/2440
f 675/781/2441 674/780/2442 676/782/2443 677/783/2444
f 677/783/2445 676/782/2446 678/784/2447 679/785/2448
f 679/785/2449 678/784/2450 680/786/2451 681/787/2452
f 681/787/2453 680/786/2454 682/788/2455 683/789/2456
f 683/789/2457 682/788/2458 684/790/2459 685/791/2460
f 685/791/2461 684/790/2462 686/792/2463 687/793/2464
f 687/793/2465 686/792/2466 688/794/2467 689/795/2468
f 689/795/2469 688/794/2470 690/796/2471 691/797/2472
f 691/797/2473 690/796/2474 692/798/2475 693/799/2476
f 693/799/2477 692/798/2478 694/800/2479 695/801/2480
f 695/801/2481 694/800/2482 696/802/2483 697/803/2484
f 697/803/2485 696/802/2486 698/804/2487 699/805/2488
f 699/805/2489 698/804/2490 700/806/2491 701/807/2492
f 875/808/2493 876/809/2494 702/810/2495 703/811/2496
f 703/811/2497 702/810/2498 704/812/2499 705/813/2500
f 705/813/2501 704/812/2502 706/814/2503 707/815/2504
f 707/815/2505 706/814/2506 708/816/2507 709/817/2508
f 709/817/2509 708/816/2510 710/818/2511 711/819/2512
f 711/819/2513 710/818/2514 712/820/2515 713/821/2516
f 713/821/2517 712/820/2518 714/822/2519 715/823/2520
f 715/823/2521 714/822/2522 716/824/2523 717/825/2524
f 907/826/2525 908/827/2526 718/828/2527 719/829/2528
f 891/830/2529 892/831/2530 720/832/2531 721/833/2532
f 721/833/2533 720/832/2534 722/834/2535 723/835/2536
f 723/835/2537 722/834/2538 724/767/2539 725/766/2540
f 600/696/2541 598/692/2542 663/765/2543 665/769/2544
f 602/698/2545 600/696/2546 665/769/2547 667/771/2548
f 604/700/2549 602/698/2550 667/771/2551 669/773/2552
f 606/702/2553 604/700/2554 669/773/2555 671/775/2556
f 608/706/2557 845/705/2558 846/776/2559 673/779/2560
f 610/708/2561 608/706/2562 673/779/2563 675/781/2564
f 612/710/2565 610/708/2566 675/781/2567 677/783/2568
f 614/712/2569 612/710/2570 677/783/2571 679/785/2572
f 616/714/2573 614/712/2574 679/785/2575 681/787/2576
f 618/716/2577 616/714/2578 681/787/2579 683/789/2580
f 620/718/2581 618/716/2582 683/789/2583 685/791/2584
f 622/720/2585 620/718/2586 685/791/2587 687/793/2588
f 624/722/2589 622/720/2590 687/793/2591 689/795/2592
f 626/724/2593 624/722/2594 689/795/2595 691/797/2596
f 628/726/2597 626/724/2598 691/797/2599 693/799/2600
f 630/728/2601 628/726/2602 693/799/2603 695/801/2604
f 632/730/2605 630/728/2606 695/801/2607 697/803/2608
f 634/732/2609 632/730/2610 697/803/2611 699/805/2612
f 636/734/2613 634/732/2614 699/805/2615 701/807/2616
f 638/738/2617 874/737/2618 875/808/2619 703/811/2620
f 640/740/2621 638/738/2622 703/811/2623 705/813/2624
f 642/742/2625 640/740/2626 705/813/2627 707/815/2628
f 644/744/2629 642/742/2630 707/815/2631 709/817/2632
f 646/746/2633 644/744/2634 709/817/2635 711/819/2636
f 648/748/2637 646/746/2638 711/819/2639 713/821/2640
f 650/750/2641 648/748/2642 713/821/2643 715/823/2644
f 652/752/2645 650/750/2646 715/823/2647 717/825/2648
f 654/756/2649 906/755/2650 907/826/2651 719/829/2652
f 656/760/2653 890/759/2654 891/830/2655 721/833/2656
f 658/762/2657 656/760/2658 721/833/2659 723/835/2660
f 660/695/2661 658/762/2662 723/835/2663 725/766/2664
f 598/692/2665 660/695/2666 725/766/2667 663/765/2668
f 726/836/2669 727/837/2670 789/838/2671 788/839/2672
f 727/837/2673 726/836/2674 728/840/2675 729/841/2676
f 729/841/2677 728/840/2678 730/842/2679 731/843/2680
f 731/843/2681 730/842/2682 732/844/2683 733/845/2684
f 733/845/2685 732/844/2686 734/846/2687 735/847/2688
f 848/848/2689 849/849/2690 736/850/2691 737/851/2692
f 737/851/2693 736/850/2694 738/852/2695 739/853/2696
f 739/853/2697 738/852/2698 740/854/2699 741/855/2700
f 741/855/2701 740/854/2702 742/856/2703 743/857/2704
f 743/857/2705 742/856/2706 744/858/2707 745/859/2708
f 745/859/2709 744/858/2710 746/860/2711 747/861/2712
f 747/861/2713 746/860/2714 748/862/2715 749/863/2716
f 749/863/2717 748/862/2718 750/864/2719 751/865/2720
f 751/865/2721 750/864/2722 752/866/2723 753/867/2724
f 753/867/2725 752/866/2726 754/868/2727 755/869/2728
f 755/869/2729 754/868/2730 756/870/2731 757/871/2732
f 757/871/2733 756/870/2734 758/872/2735 759/873/2736
f 759/873/2737 758/872/2738 760/874/2739 761/875/2740
f 761/875/2741 760/874/2742 762/876/2743 763/877/2744
f 763/877/2745 762/876/2746 764/878/2747 765/879/2748
f 877/880/2749 878/881/2750 766/882/2751 767/883/2752
f 767/883/2753 766/882/2754 768/884/2755 769/885/2756
f 769/885/2757 768/884/2758 770/886/2759 771/887/2760
f 771/887/2761 770/886/2762 772/888/2763 773/889/2764
f 773/889/2765 772/888/2766 774/890/2767 775/891/2768
f 775/891/2769 774/890/2770 776/892/2771 777/893/2772
f 777/893/2773 776/892/2774 778/894/2775 779/895/2776
f 779/895/2777 778/894/2778 780/896/2779 781/897/2780
f 909/898/2781 910/899/2782 782/900/2783 783/901/2784
f 893/902/2785 894/903/2786 784/904/2787 785/905/2788
f 785/905/2789 784/904/2790 786/906/2791 787/907/2792
f 787/907/2793 786/906/2794 788/839/2795 789/838/2796
f 664/768/2797 662/764/2798 727/837/2799 729/841/2800
f 666/770/2801 664/768/2802 729/841/2803 731/843/2804
f 668/772/2805 666/770/2806 731/843/2807 733/845/2808
f 670/774/2809 668/772/2810 733/845/2811 735/847/2812
f 672/778/2813 847/777/2814 848/848/2815 737/851/2816
f 674/780/2817 672/778/2818 737/851/2819 739/853/2820
f 676/782/2821 674/780/2822 739/853/2823 741/855/2824
f 678/784/2825 676/782/2826 741/855/2827 743/857/2828
f 680/786/2829 678/784/2830 743/857/2831 745/859/2832
f 682/788/2833 680/786/2834 745/859/2835 747/861/2836
f 684/790/2837 682/788/2838 747/861/2839 749/863/2840
f 686/792/2841 684/790/2842 749/863/2843 751/865/2844
f 688/794/2845 686/792/2846 751/865/2847 753/867/2848
f 690/796/2849 688/794/2850 753/867/2851 755/869/2852
f 692/798/2853 690/796/2854 755/869/2855 757/871/2856
f 694/800/2857 692/798/2858 757/871/2859 759/873/2860
f 696/802/2861 694/800/2862 759/873/2863 761/875/2864
f 698/804/2865 696/802/2866 761/875/2867 763/877/2868
f 700/806/2869 698/804/2870 763/877/2871 765/879/2872
f 702/810/2873 876/809/2874 877/880/2875 767/883/2876
f 704/812/2877 702/810/2878 767/883/2879 769/885/2880
f 706/814/2881 704/812/2882 769/885/2883 771/887/2884
f 708/816/2885 706/814/2886 771/887/2887 773/889/2888
f 710/818/2889 708/816/2890 773/889/2891 775/891/2892
f 712/820/2893 710/818/2894 775/891/2895 777/893/2896
f 714/822/2897 712/820/2898 777/893/2899 779/895/2900
f 716/824/2901 714/822/2902 779/895/2903 781/897/2904
f 718/828/2905 908/827/2906 909/898/2907 783/901/2908
f 720/832/2909 892/831/2910 893/902/2911 785/905/2912
f 722/834/2913 720/832/2914 785/905/2915 787/907/2916
f 724/767/2917 722/834/2918 787/907/2919 789/838/2920
f 662/764/2921 724/767/2922 789/838/2923 727/837/2924
f 726/836/2925 788/839/2926 790/908/2927 791/909/2928
f 728/840/2929 726/836/2930 791/909/2931 792/910/2932
f 730/842/2933 728/840/2934 792/910/2935 793/911/2936
f 732/844/2937 730/842/2938 793/911/2939 794/912/2940
f 734/846/2941 732/844/2942 794/912/2943 795/913/2944
f 736/850/2945 849/849/2946 850/914/2947 796/915/2948
f 738/852/2949 736/850/2950 796/915/2951 797/916/2952
f 740/854/2953 738/852/2954 797/916/2955 798/917/2956
f 742/856/2957 740/854/2958 798/917/2959 799/918/2960
f 744/858/2961 742/856/2962 799/918/2963 800/919/2964
f 746/860/2965 744/858/2966 800/919/2967 801/920/2968
f 748/862/2969 746/860/2970 801/920/2971 802/921/2972
f 750/864/2973 748/862/2974 802/921/2975 803/922/2976
f 752/866/2977 750/864/2978 803/922/2979 804/923/2980
f 754/868/2981 752/866/2982 804/923/2983 805/924/2984
f 756/870/2985 754/868/2986 805/924/2987 806/925/2988
f 758/872/2989 756/870/2990 806/925/2991 807/926/2992
f 760/874/2993 758/872/2994 807/926/2995 808/927/2996
f 762/876/2997 760/874/2998 808/927/2999 809/928/3000
f 764/878/3001 762/876/3002 809/928/3003 810/929/3004
f 766/882/3005 878/881/3006 879/930/3007 811/931/3008
f 768/884/3009 766/882/3010 811/931/3011 812/932/3012
f 770/886/3013 768/884/3014 812/932/3015 813/933/3016
f 772/888/3017 770/886/3018 813/933/3019 814/934/3020
f 774/890/3021 772/888/3022 814/934/3023 815/935/3024
f 776/892/3025 774/890/3026 815/935/3027 816/936/3028
f 778/894/3029 776/892/3030 816/936/3031 817/937/3032
f 780/896/3033 778/894/3034 817/937/3035 818/938/3036
f 782/900/3037 910/899/3038 911/939/3039 819/940/3040
f 784/904/3041 894/903/3042 895/941/3043 820/942/3044
f 786/906/3045 784/904/3046 820/942/3047 821/943/3048
f 788/839/3049 786/906/3050 821/943/3051 790/908/3052
f 398/456/1437 333/381/1436 461/537/1635
f 339/391/1440 341/386/1266 399/460/1441
f 399/460/1441 341/386/1266 400/450/1265
f 465/545/1643 337/451/1644 403/464/1640
f 823/462/3053 822/471/3054 262/474/3055 402/465/3056
f 824/463/3057 823/462/3058 402/465/3059 403/464/3060
f 403/464/1640 337/451/1644 825/388/1439 824/463/1438
f 337/451/3061 336/392/3062 826/389/3063 825/388/3064
f 326/364/3065 827/365/3066 826/389/3067 336/392/3068
f 326/364/3069 325/363/3070 828/366/3071 827/365/3072
f 829/376/3073 828/366/3074 325/363/3075 329/299/3076
f 329/299/3077 267/295/3078 830/367/3079 829/376/3080
f 831/368/3081 830/367/3082 267/295/3083 269/298/3084
f 269/298/3085 271/302/3086 832/369/3087 831/368/3088
f 833/370/3089 832/369/3090 271/302/3091 273/304/3092
f 273/304/3093 275/306/3094 834/307/3095 833/370/3096
f 275/306/3097 276/305/3098 835/308/3099 834/307/3100
f 836/406/3101 835/308/3102 276/305/3103 352/405/3104
f 352/405/3105 351/404/3106 837/407/3107 836/406/3108
f 838/488/1585 837/407/1584 351/404/1581 415/487/1582
f 415/487/3109 414/486/3110 839/489/3111 838/488/3112
f 479/559/3113 840/560/3114 839/489/3115 414/486/3116
f 479/559/3117 478/558/3118 841/561/3119 840/560/3120
f 842/632/3121 841/561/3122 478/558/3123 543/631/3124
f 543/631/3125 542/630/3126 843/633/3127 842/632/3128
f 844/704/3129 843/633/3130 542/630/3131 607/703/3132
f 607/703/3133 606/702/3134 845/705/3135 844/704/3136
f 846/776/3137 845/705/3138 606/702/3139 671/775/3140
f 671/775/3141 670/774/3142 847/777/3143 846/776/3144
f 848/848/3145 847/777/3146 670/774/3147 735/847/3148
f 735/847/3149 734/846/3150 849/849/3151 848/848/3152
f 850/914/3153 849/849/3154 734/846/3155 795/913/3156
f 852/458/3157 851/469/3158 263/470/3159 401/461/3160
f 853/459/3161 852/458/3162 401/461/3163 400/450/3164
f 334/385/1267 854/382/1435 853/459/1434 400/450/1265
f 855/383/3165 854/382/3166 334/385/3167 335/384/3168
f 322/358/3169 856/355/3170 855/383/3171 335/384/3172
f 857/356/3173 856/355/3174 322/358/3175 321/357/3176
f 858/375/3177 857/356/3178 321/357/3179 260/291/3180
f 254/284/3181 859/374/3182 858/375/3183 260/291/3184
f 860/373/3185 859/374/3186 254/284/3187 256/287/3188
f 252/282/3189 861/372/3190 860/373/3191 256/287/3192
f 862/371/3193 861/372/3194 252/282/3195 253/283/3196
f 305/338/3197 863/339/3198 862/371/3199 253/283/3200
f 305/338/3201 306/337/3202 864/340/3203 863/339/3204
f 865/438/3205 864/340/3206 306/337/3207 382/437/3208
f 382/437/3209 381/436/3210 866/439/3211 865/438/3212
f 867/520/1617 866/439/1616 381/436/1613 445/519/1614
f 445/519/3213 444/518/3214 868/521/3215 867/520/3216
f 509/591/3217 869/592/3218 868/521/3219 444/518/3220
f 509/591/3221 508/590/3222 870/593/3223 869/592/3224
f 871/664/3225 870/593/3226 508/590/3227 573/663/3228
f 573/663/3229 572/662/3230 872/665/3231 871/664/3232
f 873/736/3233 872/665/3234 572/662/3235 637/735/3236
f 637/735/3237 636/734/3238 874/737/3239 873/736/3240
f 875/808/3241 874/737/3242 636/734/3243 701/807/3244
f 701/807/3245 700/806/3246 876/809/3247 875/808/3248
f 877/880/3249 876/809/3250 700/806/3251 765/879/3252
f 765/879/3253 764/878/3254 878/881/3255 877/880/3256
f 879/930/3257 878/881/3258 764/878/3259 810/929/3260
f 881/466/3261 880/475/3262 218/944/3263 404/945/3264
f 882/467/3265 881/466/3266 404/945/1405 405/946/1404
f 883/542/1642 882/467/1641 405/946/1636 463/947/1639
f 463/947/3267 462/948/3268 884/543/3269 883/542/3270
f 527/949/3271 885/614/3272 884/543/3273 462/948/3274
f 527/949/3275 526/950/3276 886/615/3277 885/614/3278
f 887/686/3279 886/615/3280 526/950/3281 591/951/3282
f 591/951/3283 590/952/3284 888/687/3285 887/686/3286
f 889/758/3287 888/687/3288 590/952/3289 655/953/3290
f 655/953/3291 654/954/3292 890/759/3293 889/758/3294
f 891/830/3295 890/759/3296 654/954/3297 719/955/3298
f 719/955/3299 718/956/3300 892/831/3301 891/830/3302
f 893/902/3303 892/831/3304 718/956/3305 783/957/3306
f 783/957/3307 782/958/3308 894/903/3309 893/902/3310
f 895/941/3311 894/903/3312 782/958/3313 819/959/3314
f 897/452/3315 896/473/3316 261/468/3317 397/457/3318
f 397/457/3319 398/456/3320 898/453/3321 897/452/3322
f 899/538/1638 898/453/1637 398/456/1437 461/537/1635
f 461/537/3323 460/536/3324 900/539/3325 899/538/3326
f 525/609/3327 901/610/3328 900/539/3329 460/536/3330
f 525/609/3331 524/608/3332 902/611/3333 901/610/3334
f 903/682/3335 902/611/3336 524/608/3337 589/681/3338
f 589/681/3339 588/680/3340 904/683/3341 903/682/3342
f 905/754/3343 904/683/3344 588/680/3345 653/753/3346
f 653/753/3347 652/752/3348 906/755/3349 905/754/3350
f 907/826/3351 906/755/3352 652/752/3353 717/825/3354
f 717/825/3355 716/824/3356 908/827/3357 907/826/3358
f 909/898/3359 908/827/3360 716/824/3361 781/897/3362
f 781/897/3363 780/896/3364 910/899/3365 909/898/3366
f 911/939/3367 910/899/3368 780/896/3369 818/938/3370
