# This file uses centimeters as units for non-parametric coordinates.

mtllib CoffeeCup1.mtl
g default
v -1.638055 2.562451 -4.757291
v -1.834109 2.562451 -5.050704
v -2.127522 2.562451 -5.246758
v -2.473617 2.562451 -5.315606
v -2.819712 2.562451 -5.246758
v -3.113125 2.562451 -5.050704
v -3.309179 2.562451 -4.757291
v -3.378027 2.562451 -4.411196
v -3.309179 2.562451 -4.065101
v -3.113125 2.562451 -3.771688
v -2.819712 2.562451 -3.575634
v -2.473617 2.562451 -3.506786
v -2.127522 2.562451 -3.575634
v -1.834109 2.562451 -3.771688
v -1.638055 2.562451 -4.065101
v -1.569207 2.562451 -4.411196
v -2.217556 0.085318 -4.155135
v -2.217556 0.085318 -4.667257
v -2.473617 0.085318 -4.155135
v -2.473617 0.085318 -4.667257
v -2.729678 0.085318 -4.155135
v -2.729678 0.085318 -4.667257
v -2.729678 0.085318 -4.411196
v -2.473617 0.085318 -4.411196
v -2.217556 0.085318 -4.411196
v -1.855430 0.115073 -4.667257
v -1.884371 0.085318 -4.655274
v -2.022610 0.085318 -4.862203
v -2.000475 0.115073 -4.884338
v -2.217556 0.115073 -5.029383
v -2.229539 0.085318 -5.000442
v -2.473617 0.115073 -5.080324
v -2.473617 0.085318 -5.049009
v -2.729678 0.115073 -5.029383
v -2.717695 0.085318 -5.000442
v -2.924624 0.085318 -4.862203
v -2.946759 0.115073 -4.884338
v -3.091804 0.115073 -4.667257
v -3.062863 0.085318 -4.655274
v -3.142745 0.115073 -4.411196
v -3.111429 0.085318 -4.411196
v -3.091804 0.115073 -4.155135
v -3.062863 0.085318 -4.167119
v -2.924624 0.085318 -3.960189
v -2.946759 0.115073 -3.938054
v -2.729678 0.115073 -3.793009
v -2.717695 0.085318 -3.821950
v -2.473617 0.115073 -3.742068
v -2.473617 0.085318 -3.773384
v -2.217556 0.115073 -3.793009
v -2.229539 0.085318 -3.821950
v -2.022610 0.085318 -3.960189
v -2.000475 0.115073 -3.938054
v -1.855430 0.115073 -4.155135
v -1.884371 0.085318 -4.167119
v -1.804489 0.115073 -4.411196
v -1.835804 0.085318 -4.411196
vt 0.804031 0.508699
vt 0.761034 0.538228
vt 0.755777 0.486530
vt 0.790377 0.471496
vt 0.734509 0.601271
vt 0.727231 0.565193
vt 0.778975 0.605062
vt 0.693291 0.544847
vt 0.717128 0.519450
vt 0.720533 0.485517
vt 0.389117 0.215494
vt 0.395136 0.217145
vt 0.386455 0.253446
vt 0.380354 0.252125
vt 0.399768 0.179292
vt 0.405621 0.181456
vt 0.379402 0.290107
vt 0.373245 0.289064
vt 0.373925 0.327017
vt 0.367730 0.326240
vt 0.370015 0.364108
vt 0.363792 0.363591
vt 0.367671 0.401318
vt 0.361432 0.401063
vt 0.366892 0.438586
vt 0.360649 0.438593
vt 0.367681 0.475856
vt 0.361442 0.476124
vt 0.370031 0.513066
vt 0.363809 0.513597
vt 0.373941 0.550160
vt 0.367748 0.550952
vt 0.379407 0.587076
vt 0.373254 0.588134
vt 0.386437 0.623750
vt 0.380340 0.625084
vt 0.395079 0.660085
vt 0.389070 0.661744
vt 0.405530 0.695864
vt 0.399704 0.698020
vt 0.418633 0.730302
vt 0.413185 0.733655
vt 0.413134 0.143877
vt 0.418633 0.147230
vt 0.029252 0.179722
vt 0.041061 0.128959
vt 0.019563 0.231000
vt 0.012021 0.282687
vt 0.006645 0.334675
vt 0.003450 0.386863
vt 0.002441 0.439148
vt 0.003628 0.491429
vt 0.007005 0.543603
vt 0.012571 0.595568
vt 0.020316 0.647218
vt 0.030223 0.698446
vt 0.042267 0.749132
vt 0.056384 0.799123
vt 0.072342 0.848182
vt 0.054947 0.078832
vt 0.070822 0.029482
vt 0.688154 0.453978
vt 0.709662 0.436769
vt 0.671262 0.472955
vt 0.756332 0.670042
vt 0.800508 0.654696
vt 0.804031 0.713519
vt 0.773706 0.691144
vt 0.738275 0.424859
vt 0.772709 0.420026
vt 0.736506 0.654580
vt 0.657757 0.495416
vt 0.720209 0.640899
vt 0.650160 0.520567
vt 0.685418 0.613549
vt 0.700201 0.630596
vt 0.669508 0.594788
vt 0.657373 0.573430
vt 0.648552 0.547816
vn 0.000000 -1.000000 0.000000
vn 0.000000 -1.000000 0.000000
vn 0.000000 -1.000000 0.000000
vn 0.000000 -1.000000 0.000000
vn -0.000000 -1.000000 0.000000
vn -0.000000 -1.000000 0.000000
vn -0.000000 -1.000000 0.000000
vn -0.000000 -1.000000 0.000000
vn -0.000000 -1.000000 0.000000
vn -0.000000 -1.000000 0.000000
vn -0.000000 -1.000000 0.000000
vn -0.000000 -1.000000 0.000000
vn -0.000000 -1.000000 0.000000
vn -0.000000 -1.000000 0.000000
vn -0.000000 -1.000000 0.000000
vn -0.000000 -1.000000 0.000000
vn 0.636260 -0.725063 -0.263548
vn 0.636260 -0.725063 -0.263548
vn 0.486971 -0.725064 -0.486971
vn 0.486970 -0.725064 -0.486972
vn 0.636260 -0.725063 -0.263548
vn 0.636260 -0.725063 -0.263548
vn 0.688680 -0.725065 0.000001
vn 0.688680 -0.725065 0.000001
vn 0.486970 -0.725064 -0.486972
vn 0.486971 -0.725064 -0.486971
vn 0.263548 -0.725063 -0.636260
vn 0.263548 -0.725063 -0.636259
vn 0.263548 -0.725063 -0.636259
vn 0.263548 -0.725063 -0.636260
vn 0.000002 -0.725062 -0.688684
vn 0.000002 -0.725062 -0.688684
vn 0.000002 -0.725062 -0.688684
vn 0.000002 -0.725062 -0.688684
vn -0.263547 -0.725063 -0.636260
vn -0.263548 -0.725063 -0.636260
vn -0.263548 -0.725063 -0.636260
vn -0.263547 -0.725063 -0.636260
vn -0.486969 -0.725067 -0.486970
vn -0.486970 -0.725067 -0.486968
vn -0.486970 -0.725067 -0.486968
vn -0.486969 -0.725067 -0.486970
vn -0.636253 -0.725070 -0.263546
vn -0.636254 -0.725070 -0.263544
vn -0.636254 -0.725070 -0.263544
vn -0.636253 -0.725070 -0.263546
vn -0.688676 -0.725069 0.000000
vn -0.688676 -0.725069 0.000000
vn -0.688676 -0.725069 0.000000
vn -0.688676 -0.725069 0.000000
vn -0.636253 -0.725069 0.263546
vn -0.636254 -0.725069 0.263544
vn -0.636254 -0.725069 0.263544
vn -0.636253 -0.725069 0.263546
vn -0.486968 -0.725070 0.486966
vn -0.486966 -0.725070 0.486967
vn -0.486966 -0.725070 0.486967
vn -0.486968 -0.725070 0.486966
vn -0.263546 -0.725070 0.636252
vn -0.263544 -0.725070 0.636253
vn -0.263544 -0.725070 0.636253
vn -0.263546 -0.725070 0.636252
vn -0.000000 -0.725069 0.688676
vn -0.000000 -0.725069 0.688676
vn -0.000000 -0.725069 0.688676
vn -0.000000 -0.725069 0.688676
vn 0.263546 -0.725071 0.636251
vn 0.263544 -0.725071 0.636252
vn 0.263544 -0.725071 0.636252
vn 0.263546 -0.725071 0.636251
vn 0.486965 -0.725072 0.486966
vn 0.486965 -0.725072 0.486966
vn 0.486965 -0.725072 0.486966
vn 0.486965 -0.725072 0.486966
vn 0.636252 -0.725070 0.263547
vn 0.636254 -0.725070 0.263543
vn 0.636254 -0.725070 0.263543
vn 0.636252 -0.725070 0.263547
vn 0.688680 -0.725065 0.000001
vn 0.688680 -0.725065 0.000001
vn 0.919640 -0.095695 -0.380927
vn 0.703862 -0.095695 -0.703861
vn 0.703862 -0.095695 -0.703861
vn 0.919640 -0.095695 -0.380927
vn 0.703862 -0.095695 -0.703861
vn 0.380928 -0.095695 -0.919639
vn 0.380928 -0.095695 -0.919639
vn 0.703862 -0.095695 -0.703861
vn 0.380928 -0.095695 -0.919639
vn 0.000001 -0.095695 -0.995411
vn 0.000001 -0.095695 -0.995411
vn 0.380928 -0.095695 -0.919639
vn 0.000001 -0.095695 -0.995411
vn -0.380927 -0.095695 -0.919640
vn -0.380927 -0.095695 -0.919640
vn 0.000001 -0.095695 -0.995411
vn -0.380927 -0.095695 -0.919640
vn -0.703861 -0.095695 -0.703862
vn -0.703861 -0.095695 -0.703862
vn -0.380927 -0.095695 -0.919640
vn -0.703861 -0.095695 -0.703862
vn -0.919639 -0.095695 -0.380928
vn -0.919639 -0.095695 -0.380928
vn -0.703861 -0.095695 -0.703862
vn -0.919639 -0.095695 -0.380928
vn -0.995411 -0.095695 0.000000
vn -0.995411 -0.095695 0.000000
vn -0.919639 -0.095695 -0.380928
vn -0.995411 -0.095695 0.000000
vn -0.919639 -0.095695 0.380928
vn -0.919639 -0.095695 0.380928
vn -0.995411 -0.095695 0.000000
vn -0.919639 -0.095695 0.380928
vn -0.703862 -0.095694 0.703861
vn -0.703862 -0.095694 0.703861
vn -0.919639 -0.095695 0.380928
vn -0.703862 -0.095694 0.703861
vn -0.380928 -0.095695 0.919639
vn -0.380928 -0.095695 0.919639
vn -0.703862 -0.095694 0.703861
vn -0.380928 -0.095695 0.919639
vn -0.000000 -0.095695 0.995411
vn -0.000000 -0.095695 0.995411
vn -0.380928 -0.095695 0.919639
vn -0.000000 -0.095695 0.995411
vn 0.380928 -0.095695 0.919639
vn 0.380928 -0.095695 0.919639
vn -0.000000 -0.095695 0.995411
vn 0.380928 -0.095695 0.919639
vn 0.703862 -0.095694 0.703862
vn 0.703862 -0.095694 0.703862
vn 0.380928 -0.095695 0.919639
vn 0.703862 -0.095694 0.703862
vn 0.919639 -0.095695 0.380928
vn 0.919639 -0.095695 0.380928
vn 0.703862 -0.095694 0.703862
vn 0.919639 -0.095695 0.380928
vn 0.995411 -0.095695 0.000000
vn 0.995411 -0.095695 0.000000
vn 0.919639 -0.095695 0.380928
vn 0.995411 -0.095695 0.000000
vn 0.919640 -0.095695 -0.380927
vn 0.919640 -0.095695 -0.380927
vn 0.995411 -0.095695 0.000000
vn -0.000000 -1.000000 0.000000
vn -0.000000 -1.000000 0.000000
vn -0.000000 -1.000000 0.000000
vn -0.000000 -1.000000 0.000000
vn -0.000000 -1.000000 0.000000
vn -0.000000 -1.000000 0.000000
vn -0.000000 -1.000000 0.000000
vn -0.000000 -1.000000 0.000000
vn -0.000000 -1.000000 0.000000
vn -0.000000 -1.000000 0.000000
vn -0.000000 -1.000000 0.000000
vn -0.000000 -1.000000 0.000000
vn -0.000000 -1.000000 0.000000
vn -0.000000 -1.000000 0.000000
vn -0.000000 -1.000000 0.000000
vn -0.000000 -1.000000 0.000000
vn -0.000000 -1.000000 0.000000
vn -0.000000 -1.000000 0.000000
vn -0.000000 -1.000000 0.000000
vn -0.000000 -1.000000 0.000000
vn -0.000000 -1.000000 0.000000
vn -0.000000 -1.000000 0.000000
vn -0.000000 -1.000000 0.000000
vn -0.000000 -1.000000 0.000000
vn -0.000000 -1.000000 0.000000
vn -0.000000 -1.000000 0.000000
vn -0.000000 -1.000000 0.000000
vn -0.000000 -1.000000 0.000000
vn -0.000000 -1.000000 0.000000
vn -0.000000 -1.000000 0.000000
vn -0.000000 -1.000000 0.000000
vn -0.000000 -1.000000 0.000000
vn -0.000000 -1.000000 0.000000
vn -0.000000 -1.000000 0.000000
vn -0.000000 -1.000000 0.000000
vn -0.000000 -1.000000 0.000000
vn -0.000000 -1.000000 0.000000
vn -0.000000 -1.000000 0.000000
vn -0.000000 -1.000000 0.000000
vn -0.000000 -1.000000 0.000000
vn -0.000000 -1.000000 0.000000
vn -0.000000 -1.000000 0.000000
vn -0.000000 -1.000000 0.000000
vn -0.000000 -1.000000 0.000000
vn -0.000000 -1.000000 0.000000
vn -0.000000 -1.000000 0.000000
vn -0.000000 -1.000000 0.000000
vn -0.000000 -1.000000 0.000000
g CoffeeCup:FCSET_pCylinder1_001_0p265_0p996_0p773group1Cup Coffee_Cup group1
usemtl CoffeeCup:initialShadingGroup
f 19/1/1 24/2/2 25/3/3 17/4/4
f 21/5/5 23/6/6 24/2/7 19/7/8
f 24/2/9 23/6/10 22/8/11 20/9/12
f 25/3/13 24/2/14 20/9/15 18/10/16
usemtl CoffeeCup:lambert2SG
f 26/11/17 27/12/18 28/13/19 29/14/20
f 27/12/21 26/11/22 56/15/23 57/16/24
f 29/14/25 28/13/26 31/17/27 30/18/28
f 30/18/29 31/17/30 33/19/31 32/20/32
f 32/20/33 33/19/34 35/21/35 34/22/36
f 34/22/37 35/21/38 36/23/39 37/24/40
f 37/24/41 36/23/42 39/25/43 38/26/44
f 38/26/45 39/25/46 41/27/47 40/28/48
f 40/28/49 41/27/50 43/29/51 42/30/52
f 42/30/53 43/29/54 44/31/55 45/32/56
f 45/32/57 44/31/58 47/33/59 46/34/60
f 46/34/61 47/33/62 49/35/63 48/36/64
f 48/36/65 49/35/66 51/37/67 50/38/68
f 50/38/69 51/37/70 52/39/71 53/40/72
f 53/40/73 52/39/74 55/41/75 54/42/76
f 54/43/77 55/44/78 57/16/79 56/15/80
f 26/11/81 29/14/82 2/45/83 1/46/84
f 29/14/85 30/18/86 3/47/87 2/45/88
f 30/18/89 32/20/90 4/48/91 3/47/92
f 32/20/93 34/22/94 5/49/95 4/48/96
f 34/22/97 37/24/98 6/50/99 5/49/100
f 37/24/101 38/26/102 7/51/103 6/50/104
f 38/26/105 40/28/106 8/52/107 7/51/108
f 40/28/109 42/30/110 9/53/111 8/52/112
f 42/30/113 45/32/114 10/54/115 9/53/116
f 45/32/117 46/34/118 11/55/119 10/54/120
f 46/34/121 48/36/122 12/56/123 11/55/124
f 48/36/125 50/38/126 13/57/127 12/56/128
f 50/38/129 53/40/130 14/58/131 13/57/132
f 53/40/133 54/42/134 15/59/135 14/58/136
f 54/43/137 56/15/138 16/60/139 15/61/140
f 56/15/141 26/11/142 1/46/143 16/60/144
usemtl CoffeeCup:initialShadingGroup
f 28/62/145 27/63/146 18/10/147 31/64/148
f 51/65/149 17/66/150 55/67/151 52/68/152
f 17/4/153 25/3/154 57/69/155 55/70/156
f 49/71/157 19/7/158 17/66/159 51/65/160
f 31/64/161 18/10/162 20/9/163 33/72/164
f 47/73/165 21/5/166 19/7/167 49/71/168
f 33/72/169 20/9/170 22/8/171 35/74/172
f 43/75/173 21/5/174 47/73/175 44/76/176
f 41/77/177 23/6/178 21/5/179 43/75/180
f 35/74/181 22/8/182 39/78/183 36/79/184
f 39/78/185 22/8/186 23/6/187 41/77/188
f 57/69/189 25/3/190 18/10/191 27/63/192
g default
v -2.968714 2.641090 -4.906292
v -2.473617 2.641090 -4.411196
v -2.473617 2.641090 -4.061099
v -2.823714 2.641090 -4.411196
v -2.772434 2.641090 -4.112379
v -2.123520 2.641090 -4.411196
v -2.174800 2.641090 -4.112379
v -2.473617 2.641090 -4.761293
v -2.174800 2.641090 -4.710013
v -2.998763 2.641090 -4.411196
v -2.946465 2.641090 -4.127799
v -2.798074 2.641090 -4.261787
v -2.972625 2.641090 -4.269497
v -2.757014 2.641090 -3.938348
v -2.900815 2.641090 -3.983998
v -2.473617 2.641090 -3.886050
v -2.623025 2.641090 -4.086739
v -2.615315 2.641090 -3.912188
v -2.473617 2.641090 -4.236147
v -2.648665 2.641090 -4.411196
v -2.635845 2.641090 -4.248968
v -2.190220 2.641090 -3.938348
v -2.324208 2.641090 -4.086739
v -2.331918 2.641090 -3.912188
v -2.000769 2.641090 -4.127799
v -2.046419 2.641090 -3.983998
v -1.948471 2.641090 -4.411196
v -2.149160 2.641090 -4.261787
v -1.974609 2.641090 -4.269497
v -2.298568 2.641090 -4.411196
v -2.311388 2.641090 -4.248968
v -2.000769 2.641090 -4.694593
v -2.149160 2.641090 -4.560605
v -1.974609 2.641090 -4.552895
v -2.190220 2.641090 -4.884044
v -2.046419 2.641090 -4.838394
v -2.473617 2.641090 -4.936341
v -2.324208 2.641090 -4.735653
v -2.331918 2.641090 -4.910204
v -2.473617 2.641090 -4.586245
v -2.311388 2.641090 -4.573425
v -2.623025 2.641090 -4.735653
v -2.615315 2.641090 -4.910204
v -2.879629 2.635166 -4.946652
v -3.024312 2.609255 -4.803507
v -2.900498 2.642921 -4.833601
v -2.798074 2.641090 -4.560605
v -2.972625 2.641090 -4.552895
v -2.635845 2.641090 -4.573425
v -3.162551 2.641090 -4.411196
v -3.173811 2.654272 -4.411196
v -3.149324 2.641090 -4.276801
v -3.160358 2.654272 -4.274608
v -3.110118 2.641090 -4.147561
v -3.120496 2.654272 -4.143242
v -3.046448 2.641090 -4.028450
v -3.055808 2.654272 -4.022186
v -2.960777 2.641090 -3.924036
v -2.968714 2.654272 -3.916099
v -2.856363 2.641090 -3.838365
v -2.862626 2.654272 -3.829005
v -2.737253 2.641090 -3.774695
v -2.741571 2.654272 -3.764317
v -2.608012 2.641090 -3.735489
v -2.610206 2.654272 -3.724455
v -2.473617 2.641090 -3.722262
v -2.473617 2.654272 -3.711002
v -2.339222 2.641090 -3.735489
v -2.337029 2.654272 -3.724455
v -2.209981 2.641090 -3.774695
v -2.205663 2.654272 -3.764317
v -2.090871 2.641090 -3.838365
v -2.084608 2.654272 -3.829005
v -1.986457 2.641090 -3.924036
v -1.978521 2.654272 -3.916099
v -1.900786 2.641090 -4.028450
v -1.891426 2.654272 -4.022186
v -1.837116 2.641090 -4.147561
v -1.826738 2.654272 -4.143242
v -1.797910 2.641090 -4.276801
v -1.786876 2.654272 -4.274608
v -1.784683 2.641090 -4.411196
v -1.773423 2.654272 -4.411196
v -1.797910 2.641090 -4.545591
v -1.786876 2.654272 -4.547785
v -1.837116 2.641090 -4.674832
v -1.826738 2.654272 -4.679150
v -1.900786 2.641090 -4.793942
v -1.891426 2.654272 -4.800205
v -1.986457 2.641090 -4.898356
v -1.978521 2.654272 -4.906292
v -2.090871 2.641090 -4.984026
v -2.084608 2.654272 -4.993388
v -2.209981 2.641090 -5.047697
v -2.205663 2.654272 -5.058075
v -2.339222 2.641090 -5.086903
v -2.337029 2.654272 -5.097937
v -2.473617 2.641090 -5.100130
v -2.473617 2.654272 -5.111391
v -2.608012 2.641090 -5.086903
v -2.610206 2.654272 -5.097937
v -2.731080 2.641090 -5.049574
v -2.741571 2.654272 -5.058075
v -2.746116 2.641090 -4.880675
v -2.757014 2.654249 -4.884044
v -2.820684 2.633493 -4.748112
v -2.828982 2.646629 -4.756658
v -3.111995 2.641090 -4.668659
v -3.120496 2.654272 -4.679150
v -2.943232 2.641090 -4.683627
v -2.946465 2.654249 -4.694593
v -3.149324 2.641090 -4.545591
v -3.160358 2.654272 -4.547785
v -2.741571 2.807863 -5.058075
v -2.737195 2.817081 -5.069298
v -2.770277 2.816523 -5.036030
v -2.793803 2.815730 -4.876562
v -2.757014 2.807863 -4.884044
v -3.120496 2.809107 -4.679150
v -3.097168 2.817435 -4.708736
v -3.131392 2.817300 -4.674650
v -2.942938 2.814819 -4.730333
v -2.946465 2.809220 -4.694593
v -2.852674 2.810924 -4.783489
v -2.828982 2.801419 -4.756658
v -3.184744 2.817422 -4.410491
v -3.173811 2.808948 -4.411196
v -3.171195 2.817427 -4.272413
v -3.160358 2.808948 -4.274608
v -3.131326 2.817428 -4.139657
v -3.120496 2.808948 -4.143242
v -3.068327 2.817428 -4.018596
v -3.055808 2.808948 -4.022186
v -2.987046 2.817428 -3.915045
v -2.968714 2.808948 -3.916099
v -2.860497 2.817428 -3.811182
v -2.862626 2.808948 -3.829005
v -2.742832 2.817428 -3.751499
v -2.741571 2.808948 -3.764317
v -2.611618 2.817428 -3.713203
v -2.610206 2.808948 -3.724455
v -2.473420 2.817428 -3.700070
v -2.473617 2.808948 -3.711002
v -2.334872 2.817428 -3.713875
v -2.337029 2.808948 -3.724455
v -2.201547 2.817428 -3.754375
v -2.205663 2.808948 -3.764317
v -2.078644 2.817428 -3.820074
v -2.084608 2.808948 -3.829005
v -1.970918 2.817428 -3.908497
v -1.978521 2.808948 -3.916099
v -1.882496 2.817428 -4.016223
v -1.891426 2.808948 -4.022186
v -1.816797 2.817428 -4.139127
v -1.826738 2.808948 -4.143242
v -1.776301 2.817428 -4.272457
v -1.786876 2.808948 -4.274608
v -1.762511 2.817428 -4.411023
v -1.773423 2.808948 -4.411196
v -1.775691 2.817428 -4.549278
v -1.786876 2.808948 -4.547785
v -1.814221 2.817428 -4.680778
v -1.826738 2.808948 -4.679150
v -1.874251 2.817428 -4.798866
v -1.891426 2.808948 -4.800205
v -1.978114 2.817428 -4.925415
v -1.978521 2.808948 -4.906292
v -2.081318 2.817428 -5.006274
v -2.084608 2.808948 -4.993388
v -2.202144 2.817426 -5.068988
v -2.205663 2.808948 -5.058075
v -2.334852 2.817421 -5.108805
v -2.337029 2.808948 -5.097937
v -2.472915 2.817404 -5.122355
v -2.473617 2.808948 -5.111391
v -2.607864 2.817322 -5.109778
v -2.610206 2.808948 -5.097937
v -3.172100 2.817417 -4.545483
v -3.160358 2.808948 -4.547785
v -2.891296 2.800537 -4.932679
v -2.872192 2.813509 -4.960648
v -2.907550 2.810770 -4.813718
v -2.879397 2.810839 -4.841878
v -2.900498 2.794071 -4.833601
v -2.998718 2.800945 -4.811963
v -3.023948 2.813823 -4.803850
v -2.968714 2.804404 -4.906292
v -2.979255 2.816078 -4.918764
v -3.267418 2.811051 -4.411196
v -3.238028 2.817755 -4.410477
v -3.252156 2.811051 -4.256339
v -3.223415 2.817759 -4.262100
v -3.207003 2.811051 -4.107428
v -3.180547 2.817760 -4.119272
v -3.133633 2.811051 -3.970183
v -3.112736 2.817760 -3.989103
v -3.034916 2.811051 -3.849897
v -3.024855 2.817760 -3.877422
v -2.914630 2.811051 -3.751180
v -2.890016 2.817760 -3.766755
v -2.777385 2.811051 -3.677810
v -2.763105 2.817760 -3.702187
v -2.628475 2.811051 -3.632658
v -2.622006 2.817760 -3.660954
v -2.473617 2.811051 -3.617395
v -2.473417 2.817760 -3.646791
v -2.318759 2.811051 -3.632658
v -2.324481 2.817760 -3.661630
v -2.169848 2.811051 -3.677810
v -2.181161 2.817760 -3.705158
v -2.032604 2.811051 -3.751180
v -2.049046 2.817760 -3.775790
v -1.912318 2.811051 -3.849897
v -1.933255 2.817760 -3.870834
v -1.813601 2.811051 -3.970183
v -1.838212 2.817760 -3.986626
v -1.740231 2.811051 -4.107428
v -1.767580 2.817760 -4.118741
v -1.695078 2.811051 -4.256339
v -1.724056 2.817760 -4.262066
v -1.679816 2.811051 -4.411196
v -1.709232 2.817760 -4.411021
v -1.695078 2.811051 -4.566053
v -1.723441 2.817760 -4.559666
v -1.740231 2.811051 -4.714965
v -1.764927 2.817760 -4.701074
v -1.813601 2.811051 -4.852209
v -1.829803 2.817760 -4.828362
v -1.912318 2.811051 -4.972496
v -1.940470 2.817760 -4.963202
v -2.032604 2.811051 -5.071212
v -2.051843 2.817760 -5.050705
v -2.169848 2.811051 -5.144582
v -2.181758 2.817759 -5.118209
v -2.318759 2.811051 -5.189734
v -2.324539 2.817755 -5.161026
v -2.473617 2.811051 -5.204997
v -2.472889 2.817739 -5.175641
v -2.628475 2.811051 -5.189734
v -2.620773 2.817693 -5.161076
v -2.777385 2.811051 -5.144582
v -2.756700 2.817533 -5.118868
v -2.914630 2.810915 -5.071212
v -2.884560 2.817090 -5.048438
v -3.034916 2.811051 -4.972496
v -3.016104 2.817268 -4.955316
v -3.133633 2.811255 -4.852209
v -3.110144 2.817657 -4.822582
v -3.207003 2.811051 -4.714965
v -3.180835 2.817663 -4.694562
v -3.252156 2.811051 -4.566053
v -3.223413 2.817741 -4.558379
v -3.275829 2.641090 -4.411196
v -3.267418 2.650948 -4.411196
v -3.260431 2.641090 -4.254688
v -3.252156 2.650948 -4.256339
v -3.214781 2.641090 -4.104194
v -3.207003 2.650948 -4.107428
v -3.140642 2.641090 -3.965503
v -3.133633 2.650948 -3.970183
v -3.040863 2.641090 -3.843950
v -3.034916 2.650948 -3.849897
v -2.919310 2.641090 -3.744171
v -2.914630 2.650948 -3.751180
v -2.780619 2.641090 -3.670032
v -2.777385 2.650948 -3.677810
v -2.630125 2.641090 -3.624382
v -2.628475 2.650948 -3.632658
v -2.473617 2.641090 -3.608984
v -2.473617 2.650948 -3.617395
v -2.317109 2.641090 -3.624382
v -2.318759 2.650948 -3.632658
v -2.166615 2.641090 -3.670032
v -2.169848 2.650948 -3.677810
v -2.027924 2.641090 -3.744171
v -2.032604 2.650948 -3.751180
v -1.906371 2.641090 -3.843950
v -1.912318 2.650948 -3.849897
v -1.806592 2.641090 -3.965503
v -1.813601 2.650948 -3.970183
v -1.732453 2.641090 -4.104194
v -1.740231 2.650948 -4.107428
v -1.686803 2.641090 -4.254688
v -1.695078 2.650948 -4.256339
v -1.671405 2.641090 -4.411196
v -1.679816 2.650948 -4.411196
v -1.686803 2.641090 -4.567704
v -1.695078 2.650948 -4.566053
v -1.732453 2.641090 -4.718198
v -1.740231 2.650948 -4.714965
v -1.806592 2.641090 -4.856889
v -1.813601 2.650948 -4.852209
v -1.906371 2.641090 -4.978442
v -1.912318 2.650948 -4.972496
v -2.027924 2.641090 -5.078221
v -2.032604 2.650948 -5.071212
v -2.166615 2.641090 -5.152360
v -2.169848 2.650948 -5.144582
v -2.317109 2.641090 -5.198010
v -2.318759 2.650948 -5.189734
v -2.473617 2.641090 -5.213408
v -2.473617 2.650948 -5.204997
v -2.630125 2.641090 -5.198010
v -2.628475 2.650948 -5.189734
v -2.780619 2.641090 -5.152360
v -2.777385 2.650948 -5.144582
v -2.919310 2.641090 -5.078221
v -2.914630 2.650948 -5.071212
v -3.040863 2.641090 -4.978442
v -3.034916 2.650948 -4.972496
v -3.140642 2.641090 -4.856889
v -3.133633 2.650948 -4.852209
v -3.214781 2.641090 -4.718198
v -3.207003 2.650948 -4.714965
v -3.260431 2.641090 -4.567704
v -3.252156 2.650948 -4.566053
v -3.396500 2.622391 -4.411196
v -3.380559 2.641090 -4.411196
v -3.378773 2.622391 -4.231151
v -3.363149 2.641090 -4.234249
v -3.326249 2.622391 -4.058024
v -3.311530 2.641090 -4.064129
v -3.240964 2.622391 -3.898463
v -3.227714 2.641090 -3.907327
v -3.126194 2.622391 -3.758619
v -3.114934 2.641090 -3.769879
v -2.986350 2.622391 -3.643849
v -2.977486 2.641090 -3.657099
v -2.826789 2.622391 -3.558564
v -2.820684 2.641090 -3.573283
v -2.653662 2.622391 -3.506040
v -2.650565 2.641090 -3.521664
v -2.473617 2.622391 -3.488313
v -2.473617 2.641090 -3.504254
v -2.293572 2.622391 -3.506040
v -2.296669 2.641090 -3.521664
v -2.120445 2.622391 -3.558564
v -2.126549 2.641090 -3.573283
v -1.960884 2.622391 -3.643849
v -1.969748 2.641090 -3.657099
v -1.821040 2.622391 -3.758619
v -1.832300 2.641090 -3.769879
v -1.706270 2.622391 -3.898463
v -1.719520 2.641090 -3.907327
v -1.620985 2.622391 -4.058024
v -1.635704 2.641090 -4.064129
v -1.568461 2.622391 -4.231151
v -1.584085 2.641090 -4.234249
v -1.550734 2.622391 -4.411196
v -1.566675 2.641090 -4.411196
v -1.568461 2.622391 -4.591242
v -1.584085 2.641090 -4.588144
v -1.620985 2.622391 -4.764369
v -1.635704 2.641090 -4.758263
v -1.706270 2.622391 -4.923929
v -1.719520 2.641090 -4.915065
v -1.821040 2.622391 -5.063773
v -1.832300 2.641090 -5.052514
v -1.960884 2.622391 -5.178543
v -1.969748 2.641090 -5.165293
v -2.120445 2.622391 -5.263829
v -2.126549 2.641090 -5.249109
v -2.293572 2.622391 -5.316352
v -2.296669 2.641090 -5.300728
v -2.473617 2.622391 -5.334078
v -2.473617 2.641090 -5.318139
v -2.653662 2.622391 -5.316352
v -2.650565 2.641090 -5.300728
v -2.826789 2.622391 -5.263829
v -2.820684 2.641090 -5.249109
v -2.986350 2.622391 -5.178543
v -2.977486 2.641090 -5.165293
v -3.126194 2.622391 -5.063773
v -3.114934 2.641090 -5.052514
v -3.240964 2.622391 -4.923929
v -3.227714 2.641090 -4.915065
v -3.326249 2.622391 -4.764369
v -3.311530 2.641090 -4.758263
v -3.378773 2.622391 -4.591242
v -3.363149 2.641090 -4.588144
v -3.402378 2.473955 -4.411196
v -3.396500 2.481936 -4.411196
v -3.384516 2.473955 -4.229997
v -3.378773 2.481936 -4.231151
v -3.331676 2.473955 -4.055786
v -3.326249 2.481936 -4.058024
v -3.245847 2.473955 -3.895208
v -3.240964 2.481936 -3.898463
v -3.130354 2.473955 -3.754459
v -3.126194 2.481936 -3.758619
v -2.989605 2.473955 -3.638966
v -2.986350 2.481936 -3.643849
v -2.829027 2.473955 -3.553137
v -2.826789 2.481936 -3.558564
v -2.654815 2.473955 -3.500297
v -2.653662 2.481936 -3.506040
v -2.473617 2.473955 -3.482435
v -2.473617 2.481936 -3.488313
v -2.292418 2.473955 -3.500297
v -2.293572 2.481936 -3.506040
v -2.118207 2.473955 -3.553137
v -2.120445 2.481936 -3.558564
v -1.957628 2.473955 -3.638966
v -1.960884 2.481936 -3.643849
v -1.816880 2.473955 -3.754459
v -1.821040 2.481936 -3.758619
v -1.701386 2.473955 -3.895208
v -1.706270 2.481936 -3.898463
v -1.615558 2.473955 -4.055786
v -1.620985 2.481936 -4.058024
v -1.562718 2.473955 -4.229997
v -1.568461 2.481936 -4.231151
v -1.544856 2.473955 -4.411196
v -1.550734 2.481936 -4.411196
v -1.562718 2.473955 -4.592395
v -1.568461 2.481936 -4.591242
v -1.615558 2.473955 -4.766606
v -1.620985 2.481936 -4.764369
v -1.701386 2.473955 -4.927185
v -1.706270 2.481936 -4.923929
v -1.816880 2.473955 -5.067934
v -1.821040 2.481936 -5.063773
v -1.957628 2.473955 -5.183426
v -1.960884 2.481936 -5.178543
v -2.118207 2.473955 -5.269255
v -2.120445 2.481936 -5.263829
v -2.292418 2.473955 -5.322095
v -2.293572 2.481936 -5.316352
v -2.473617 2.473955 -5.339957
v -2.473617 2.481936 -5.334078
v -2.654815 2.473955 -5.322095
v -2.653662 2.481936 -5.316352
v -2.829027 2.473955 -5.269255
v -2.826789 2.481936 -5.263829
v -2.989605 2.473955 -5.183426
v -2.986350 2.481936 -5.178543
v -3.130354 2.473955 -5.067934
v -3.126194 2.481936 -5.063773
v -3.245847 2.473955 -4.927185
v -3.240964 2.481936 -4.923929
v -3.331676 2.473955 -4.766606
v -3.326249 2.481936 -4.764369
v -3.384516 2.473955 -4.592395
v -3.378773 2.481936 -4.591242
v -3.438035 2.462492 -4.411196
v -3.433535 2.468596 -4.411196
v -3.419494 2.462492 -4.223056
v -3.415085 2.468596 -4.223915
v -3.364619 2.462492 -4.042129
v -3.360459 2.468596 -4.043848
v -3.275489 2.462492 -3.875401
v -3.271759 2.468596 -3.877888
v -3.155565 2.462492 -3.729249
v -3.152377 2.468596 -3.732436
v -3.009412 2.462492 -3.609324
v -3.006925 2.468596 -3.613054
v -2.842684 2.462492 -3.520194
v -2.840966 2.468596 -3.524354
v -2.661757 2.462492 -3.465319
v -2.660897 2.468596 -3.469728
v -2.473617 2.462492 -3.446779
v -2.473617 2.468596 -3.451278
v -2.285477 2.462492 -3.465319
v -2.286336 2.468596 -3.469728
v -2.104550 2.462492 -3.520194
v -2.106268 2.468596 -3.524354
v -1.937822 2.462492 -3.609324
v -1.940309 2.468596 -3.613054
v -1.791669 2.462492 -3.729249
v -1.794857 2.468596 -3.732436
v -1.671745 2.462492 -3.875401
v -1.675475 2.468596 -3.877888
v -1.582615 2.462492 -4.042129
v -1.586775 2.468596 -4.043848
v -1.527740 2.462492 -4.223056
v -1.532149 2.468596 -4.223915
v -1.509199 2.462492 -4.411196
v -1.513699 2.468596 -4.411196
v -1.527740 2.462492 -4.599336
v -1.532149 2.468596 -4.598477
v -1.582615 2.462492 -4.780263
v -1.586775 2.468596 -4.778544
v -1.671745 2.462492 -4.946991
v -1.675475 2.468596 -4.944504
v -1.791669 2.462492 -5.093144
v -1.794857 2.468596 -5.089956
v -1.937822 2.462492 -5.213068
v -1.940309 2.468596 -5.209338
v -2.104550 2.462492 -5.302198
v -2.106268 2.468596 -5.298038
v -2.285477 2.462492 -5.357073
v -2.286336 2.468596 -5.352664
v -2.473617 2.462492 -5.375614
v -2.473617 2.468596 -5.371114
v -2.661757 2.462492 -5.357073
v -2.660897 2.468596 -5.352664
v -2.842684 2.462492 -5.302198
v -2.840966 2.468596 -5.298038
v -3.009412 2.462492 -5.213068
v -3.006925 2.468596 -5.209338
v -3.155565 2.462492 -5.093144
v -3.152377 2.468596 -5.089956
v -3.275489 2.462492 -4.946991
v -3.271759 2.468596 -4.944504
v -3.364619 2.462492 -4.780263
v -3.360459 2.468596 -4.778544
v -3.419494 2.462492 -4.599336
v -3.415085 2.468596 -4.598477
v -3.384946 2.445624 -4.411196
v -3.438035 2.451910 -4.411196
v -3.367423 2.445624 -4.233412
v -3.419494 2.451910 -4.223056
v -3.315578 2.445624 -4.062456
v -3.364619 2.451910 -4.042129
v -3.231354 2.445624 -3.904885
v -3.275489 2.451910 -3.875401
v -3.118009 2.445624 -3.766804
v -3.155565 2.451910 -3.729249
v -2.979928 2.445624 -3.653459
v -3.009412 2.451910 -3.609324
v -2.822357 2.445624 -3.569236
v -2.842684 2.451910 -3.520194
v -2.651402 2.445624 -3.517390
v -2.661757 2.451910 -3.465319
v -2.473617 2.445624 -3.499867
v -2.473617 2.451910 -3.446779
v -2.295833 2.445624 -3.517390
v -2.285477 2.451910 -3.465319
v -2.124876 2.445624 -3.569236
v -2.104550 2.451910 -3.520194
v -1.967306 2.445624 -3.653459
v -1.937822 2.451910 -3.609324
v -1.829225 2.445624 -3.766804
v -1.791669 2.451910 -3.729249
v -1.715880 2.445624 -3.904885
v -1.671745 2.451910 -3.875401
v -1.631657 2.445624 -4.062456
v -1.582615 2.451910 -4.042129
v -1.579811 2.445624 -4.233412
v -1.527740 2.451910 -4.223056
v -1.562288 2.445624 -4.411196
v -1.509199 2.451910 -4.411196
v -1.579811 2.445624 -4.588981
v -1.527740 2.451910 -4.599336
v -1.631657 2.445624 -4.759936
v -1.582615 2.451910 -4.780263
v -1.715880 2.445624 -4.917508
v -1.671745 2.451910 -4.946991
v -1.829225 2.445624 -5.055588
v -1.791669 2.451910 -5.093144
v -1.967306 2.445624 -5.168933
v -1.937822 2.451910 -5.213068
v -2.124876 2.445624 -5.253157
v -2.104550 2.451910 -5.302198
v -2.295833 2.445624 -5.305002
v -2.285477 2.451910 -5.357073
v -2.473617 2.445624 -5.322525
v -2.473617 2.451910 -5.375614
v -2.651402 2.445624 -5.305002
v -2.661757 2.451910 -5.357073
v -2.822357 2.445624 -5.253157
v -2.842684 2.451910 -5.302198
v -2.979928 2.445624 -5.168933
v -3.009412 2.451910 -5.213068
v -3.118009 2.445624 -5.055588
v -3.155565 2.451910 -5.093144
v -3.231354 2.445624 -4.917508
v -3.275489 2.451910 -4.946991
v -3.315578 2.445624 -4.759936
v -3.364619 2.451910 -4.780263
v -3.367423 2.445624 -4.588981
v -3.419494 2.451910 -4.599336
v -3.367423 2.621329 -4.588981
v -3.384946 2.621329 -4.411196
v -3.367423 2.621329 -4.233412
v -3.315578 2.621329 -4.062456
v -3.231354 2.621329 -3.904885
v -3.118009 2.621329 -3.766804
v -2.979928 2.621329 -3.653459
v -2.822357 2.621329 -3.569236
v -2.651402 2.621329 -3.517390
v -2.473617 2.621329 -3.499867
v -2.295833 2.621329 -3.517390
v -2.124876 2.621329 -3.569236
v -1.967306 2.621329 -3.653459
v -1.829225 2.621329 -3.766804
v -1.715880 2.621329 -3.904885
v -1.631657 2.621329 -4.062456
v -1.579811 2.621329 -4.233412
v -1.562288 2.621329 -4.411196
v -1.579811 2.621329 -4.588981
v -1.631657 2.621329 -4.759936
v -1.715880 2.621329 -4.917508
v -1.829225 2.621329 -5.055588
v -1.967306 2.621329 -5.168933
v -2.124876 2.621329 -5.253157
v -2.295833 2.621329 -5.305002
v -2.473617 2.621329 -5.322525
v -2.651402 2.621329 -5.305002
v -2.822357 2.621329 -5.253157
v -2.979928 2.621329 -5.168933
v -3.118009 2.621329 -5.055588
v -3.231354 2.621329 -4.917508
v -3.315578 2.621329 -4.759936
v -2.965458 2.646132 -4.792631
v -2.955532 2.796499 -4.801856
v -2.972431 2.812861 -4.785428
v -3.020949 2.815338 -4.719958
v -3.037788 2.809174 -4.686476
v -3.037788 2.654249 -4.686476
v -3.031774 2.641090 -4.675781
v -3.065327 2.641090 -4.549073
v -3.084704 2.641090 -4.411196
v -3.065327 2.641090 -4.273319
v -3.032339 2.641090 -4.138177
v -2.977238 2.641090 -4.007332
v -2.911148 2.641090 -3.883315
v -2.918293 2.654272 -3.874700
v -2.918293 2.808948 -3.874700
v -2.927749 2.817428 -3.861935
v -2.961613 2.817760 -3.821068
v -2.977735 2.811051 -3.802980
v -2.977735 2.650948 -3.802980
v -2.983094 2.641090 -3.796514
v -3.049613 2.641090 -3.716270
v -3.059720 2.622391 -3.704061
v -3.059720 2.481936 -3.704061
v -3.063451 2.473955 -3.699561
v -3.083235 2.468596 -3.675685
v -3.086106 2.462492 -3.672248
v -3.086106 2.451910 -3.672248
v -3.052372 2.445624 -3.712924
v -3.052372 2.621329 -3.712924
v -2.856183 2.638150 -4.906428
v -2.865407 2.802392 -4.895620
v -2.849799 2.814221 -4.914676
v -2.781823 2.815743 -4.967587
v -2.747495 2.807863 -4.991171
v -2.747495 2.654249 -4.991171
v -2.736868 2.641090 -4.984637
v -2.610816 2.641090 -5.018960
v -2.473617 2.641090 -5.037161
v -2.336418 2.641090 -5.018960
v -2.202384 2.641090 -4.984796
v -2.073777 2.641090 -4.928044
v -1.953536 2.641090 -4.858223
v -1.945035 2.654272 -4.865504
v -1.945035 2.808948 -4.865504
v -1.930411 2.817428 -4.872712
v -1.890164 2.817760 -4.907319
v -1.874355 2.811051 -4.926258
v -1.874355 2.650948 -4.926258
v -1.868001 2.641090 -4.931707
v -1.788956 2.641090 -4.999673
v -1.776905 2.622391 -5.010006
v -1.776905 2.481936 -5.010006
v -1.772496 2.473955 -5.013827
v -1.748958 2.468596 -5.034040
v -1.745567 2.462492 -5.036957
v -1.745567 2.451910 -5.036957
v -1.785655 2.445624 -5.002500
v -1.785655 2.621329 -5.002500
v -3.005478 2.643848 -4.870342
v -2.998763 2.806167 -4.873304
v -3.015828 2.817418 -4.871495
v -3.053675 2.817333 -4.905144
v -3.069442 2.811119 -4.930418
v -3.069442 2.650948 -4.930418
v -3.075773 2.641090 -4.935935
v -3.154366 2.641090 -5.004444
v -3.166350 2.622391 -5.014867
v -3.166350 2.481936 -5.014867
v -3.170736 2.473955 -5.018711
v -3.194138 2.468596 -5.039083
v -3.197507 2.462492 -5.042022
v -3.197507 2.451910 -5.042022
v -3.157645 2.445624 -5.007293
v -3.157645 2.621329 -5.007293
v -2.919943 2.638015 -4.929875
v -2.924556 2.802414 -4.942424
v -2.924408 2.814800 -4.958003
v -2.952914 2.817061 -5.003724
v -2.972761 2.810983 -5.023527
v -2.972761 2.650948 -5.023527
v -2.978052 2.641090 -5.030016
v -3.043893 2.641090 -5.110802
v -3.053932 2.622391 -5.123103
v -3.053932 2.481936 -5.123103
v -3.057617 2.473955 -5.127625
v -3.077198 2.468596 -5.151659
v -3.080024 2.462492 -5.155118
v -3.080024 2.451910 -5.155118
v -3.046651 2.445624 -5.114172
v -3.046651 2.621329 -5.114172
vt 0.564635 0.208538
vt 0.543788 0.216218
vt 0.535283 0.195727
vt 0.554749 0.189856
vt 0.573958 0.183790
vt 0.584939 0.201082
vt 0.607211 0.191151
vt 0.594113 0.179468
vt 0.631633 0.214713
vt 0.611442 0.226629
vt 0.597576 0.214193
vt 0.618963 0.203202
vt 0.591419 0.238953
vt 0.577129 0.224190
vt 0.571669 0.251855
vt 0.556517 0.234659
vt 0.620457 0.242139
vt 0.639125 0.229370
vt 0.647599 0.243756
vt 0.630582 0.257323
vt 0.644846 0.273646
vt 0.655097 0.259471
vt 0.623751 0.299397
vt 0.606062 0.284060
vt 0.617818 0.270450
vt 0.633853 0.286317
vt 0.588661 0.268256
vt 0.604091 0.254918
vt 0.590073 0.293722
vt 0.609091 0.308421
vt 0.595200 0.318088
vt 0.575138 0.304237
vt 0.560984 0.319124
vt 0.580024 0.327219
vt 0.525328 0.299696
vt 0.537641 0.281339
vt 0.556603 0.293011
vt 0.543260 0.309387
vt 0.553591 0.265772
vt 0.571849 0.280055
vt 0.522147 0.264135
vt 0.509893 0.283948
vt 0.525293 0.229926
vt 0.516956 0.207885
vt 0.538791 0.248572
vt 0.530076 0.174866
vt 0.529573 0.172627
vt 0.547342 0.167041
vt 0.547427 0.169306
vt 0.513482 0.183390
vt 0.512570 0.181210
vt 0.565251 0.164396
vt 0.564957 0.166631
vt 0.582827 0.164596
vt 0.582187 0.166759
vt 0.599681 0.167573
vt 0.598731 0.169550
vt 0.606086 0.171990
vt 0.607239 0.169947
vt 0.615446 0.172920
vt 0.614158 0.174789
vt 0.629676 0.180857
vt 0.628114 0.182526
vt 0.642147 0.190859
vt 0.640349 0.192285
vt 0.652566 0.202671
vt 0.650579 0.203811
vt 0.660530 0.215980
vt 0.658375 0.216812
vt 0.665974 0.230356
vt 0.663715 0.230856
vt 0.668747 0.245385
vt 0.666436 0.245541
vt 0.668767 0.260635
vt 0.666462 0.260439
vt 0.665989 0.275645
vt 0.663740 0.275102
vt 0.660527 0.289973
vt 0.658387 0.289098
vt 0.652527 0.303192
vt 0.650550 0.302003
vt 0.642204 0.314905
vt 0.640450 0.313436
vt 0.629703 0.324688
vt 0.628193 0.322969
vt 0.615473 0.332256
vt 0.614248 0.330333
vt 0.599854 0.337266
vt 0.598937 0.335259
vt 0.588967 0.336975
vt 0.589706 0.339193
vt 0.583275 0.340124
vt 0.582718 0.337940
vt 0.565989 0.339656
vt 0.565784 0.337421
vt 0.548557 0.336371
vt 0.548714 0.334131
vt 0.531380 0.330191
vt 0.531921 0.328000
vt 0.514934 0.321097
vt 0.515898 0.319016
vt 0.499894 0.309110
vt 0.501362 0.307208
vt 0.488989 0.294788
vt 0.490787 0.293882
vt 0.488419 0.285348
vt 0.490979 0.284764
vt 0.494241 0.268790
vt 0.491501 0.268263
vt 0.495891 0.242884
vt 0.498790 0.243164
vt 0.495925 0.219336
vt 0.498703 0.219360
vt 0.499519 0.193543
vt 0.497696 0.192172
vt 0.495549 0.204102
vt 0.498056 0.205095
vt 0.532360 0.184929
vt 0.550626 0.179256
vt 0.568996 0.174947
vt 0.587709 0.172964
vt 0.571171 0.333378
vt 0.553255 0.328187
vt 0.536075 0.320642
vt 0.519431 0.311465
vt 0.504852 0.298086
vt 0.515086 0.195228
vt 0.468891 0.307342
vt 0.470403 0.304772
vt 0.488604 0.325092
vt 0.487670 0.327196
vt 0.467647 0.303000
vt 0.465555 0.287955
vt 0.468157 0.289599
vt 0.467906 0.267772
vt 0.465410 0.266219
vt 0.468388 0.239983
vt 0.471050 0.240265
vt 0.473309 0.197139
vt 0.476117 0.196701
vt 0.473052 0.215117
vt 0.470597 0.214922
vt 0.482608 0.179029
vt 0.481641 0.176229
vt 0.503984 0.160285
vt 0.504440 0.162557
vt 0.525968 0.150496
vt 0.526093 0.152739
vt 0.547701 0.144830
vt 0.547518 0.147042
vt 0.569092 0.142626
vt 0.568613 0.144775
vt 0.589891 0.143657
vt 0.589125 0.145710
vt 0.609760 0.147738
vt 0.608712 0.149636
vt 0.617458 0.152943
vt 0.618620 0.151082
vt 0.628270 0.154952
vt 0.626955 0.156747
vt 0.645064 0.164803
vt 0.643520 0.166370
vt 0.659767 0.177172
vt 0.658012 0.178505
vt 0.672013 0.191688
vt 0.670082 0.192756
vt 0.681472 0.207952
vt 0.679402 0.208732
vt 0.687918 0.225497
vt 0.685753 0.225967
vt 0.691184 0.243828
vt 0.688973 0.243976
vt 0.691176 0.262425
vt 0.688967 0.262246
vt 0.687878 0.280754
vt 0.685722 0.280252
vt 0.681383 0.298282
vt 0.679326 0.297466
vt 0.671858 0.314497
vt 0.669949 0.313389
vt 0.659545 0.328924
vt 0.657826 0.327549
vt 0.644743 0.341124
vt 0.643246 0.339514
vt 0.627861 0.350746
vt 0.626618 0.348941
vt 0.609364 0.357571
vt 0.608408 0.355635
vt 0.596450 0.357742
vt 0.597214 0.359794
vt 0.589536 0.360998
vt 0.588877 0.358878
vt 0.569015 0.361387
vt 0.568662 0.359234
vt 0.548159 0.358339
vt 0.548124 0.356153
vt 0.527415 0.351805
vt 0.527703 0.349623
vt 0.507150 0.341598
vt 0.507766 0.339456
vt 0.454247 0.243393
vt 0.479177 0.180308
vt 0.438249 0.276503
vt 0.439649 0.281749
vt 0.429325 0.284502
vt 0.429634 0.281194
vt 0.446443 0.276990
vt 0.443031 0.270138
vt 0.448680 0.259362
vt 0.451268 0.266050
vt 0.455307 0.234349
vt 0.451253 0.238240
vt 0.454515 0.219582
vt 0.457972 0.213603
vt 0.453315 0.200625
vt 0.448553 0.206293
vt 0.444350 0.191049
vt 0.446148 0.187042
vt 0.421423 0.252059
vt 0.425228 0.246160
vt 0.430203 0.232976
vt 0.431588 0.219365
vt 0.414574 0.264232
vt 0.418901 0.257969
vt 0.425147 0.213924
vt 0.426973 0.204633
vt 0.525829 0.138477
vt 0.525794 0.140457
vt 0.502841 0.149644
vt 0.502711 0.147484
vt 0.548967 0.133165
vt 0.548725 0.135069
vt 0.571808 0.131349
vt 0.571345 0.133184
vt 0.594043 0.132901
vt 0.593354 0.134650
vt 0.615285 0.137789
vt 0.614382 0.139404
vt 0.623759 0.142984
vt 0.624774 0.141409
vt 0.635195 0.145575
vt 0.634071 0.147095
vt 0.653182 0.156613
vt 0.651861 0.157942
vt 0.668963 0.170212
vt 0.667470 0.171343
vt 0.682119 0.186108
vt 0.680479 0.187015
vt 0.692296 0.203882
vt 0.690541 0.204544
vt 0.699231 0.223043
vt 0.697397 0.223443
vt 0.702739 0.243056
vt 0.700865 0.243184
vt 0.702716 0.263361
vt 0.700843 0.263212
vt 0.699149 0.283381
vt 0.697321 0.282957
vt 0.692131 0.302539
vt 0.690387 0.301852
vt 0.681843 0.320288
vt 0.680222 0.319351
vt 0.668549 0.336111
vt 0.667086 0.334948
vt 0.652589 0.349546
vt 0.651312 0.348182
vt 0.634385 0.360201
vt 0.633322 0.358667
vt 0.614377 0.367714
vt 0.613550 0.366070
vt 0.600606 0.368755
vt 0.601303 0.370489
vt 0.593134 0.372093
vt 0.592554 0.370298
vt 0.570980 0.372713
vt 0.570650 0.370871
vt 0.548534 0.369875
vt 0.548453 0.367996
vt 0.526208 0.363417
vt 0.526375 0.361519
vt 0.504413 0.353265
vt 0.504816 0.351345
vt 0.483541 0.339412
vt 0.484157 0.337392
vt 0.463820 0.322687
vt 0.464576 0.320218
vt 0.444268 0.307959
vt 0.445124 0.305109
vt 0.435697 0.299650
vt 0.434742 0.302711
vt 0.423537 0.299882
vt 0.424403 0.297388
vt 0.444753 0.171733
vt 0.444523 0.168826
vt 0.458330 0.167772
vt 0.458476 0.170869
vt 0.480278 0.159270
vt 0.480486 0.161912
vt 0.527646 0.113500
vt 0.527444 0.115413
vt 0.502861 0.122074
vt 0.502935 0.119983
vt 0.552886 0.109554
vt 0.552536 0.111354
vt 0.578139 0.108809
vt 0.577620 0.110521
vt 0.602928 0.111507
vt 0.602228 0.113126
vt 0.626777 0.117633
vt 0.625880 0.119142
vt 0.636532 0.123450
vt 0.637494 0.122030
vt 0.649065 0.127497
vt 0.647984 0.128906
vt 0.669408 0.140440
vt 0.668168 0.141664
vt 0.687274 0.156428
vt 0.685879 0.157471
vt 0.702187 0.175033
vt 0.700660 0.175870
vt 0.713746 0.195774
vt 0.712116 0.196388
vt 0.721632 0.218105
vt 0.719932 0.218478
vt 0.725620 0.241419
vt 0.723882 0.241542
vt 0.725584 0.265077
vt 0.723848 0.264946
vt 0.721511 0.288420
vt 0.719815 0.288038
vt 0.713503 0.310795
vt 0.711881 0.310169
vt 0.701761 0.331572
vt 0.700249 0.330717
vt 0.686599 0.350167
vt 0.685227 0.349102
vt 0.668412 0.366060
vt 0.667208 0.364810
vt 0.647686 0.378820
vt 0.646670 0.377413
vt 0.625001 0.388174
vt 0.624191 0.386637
vt 0.609504 0.390235
vt 0.610166 0.391810
vt 0.600750 0.393563
vt 0.600149 0.391886
vt 0.575738 0.395288
vt 0.575357 0.393573
vt 0.550394 0.393156
vt 0.550225 0.391386
vt 0.525298 0.387310
vt 0.525328 0.385488
vt 0.500921 0.378066
vt 0.501136 0.376175
vt 0.477623 0.366108
vt 0.478009 0.364092
vt 0.455480 0.352873
vt 0.456044 0.350658
vt 0.433974 0.340818
vt 0.434760 0.338452
vt 0.424638 0.333221
vt 0.423738 0.335511
vt 0.412358 0.331020
vt 0.413310 0.328853
vt 0.441348 0.138010
vt 0.440967 0.135651
vt 0.456048 0.133320
vt 0.456309 0.135787
vt 0.479222 0.127365
vt 0.479308 0.129682
vt 0.529887 0.094302
vt 0.529457 0.097973
vt 0.503683 0.103290
vt 0.503849 0.099392
vt 0.556583 0.091374
vt 0.555871 0.094864
vt 0.583493 0.091486
vt 0.582463 0.094815
vt 0.610080 0.095099
vt 0.608707 0.098256
vt 0.635767 0.102470
vt 0.634057 0.105378
vt 0.645434 0.110178
vt 0.647355 0.107282
vt 0.659926 0.113324
vt 0.657860 0.116018
vt 0.681979 0.128017
vt 0.679569 0.130407
vt 0.701400 0.145862
vt 0.698693 0.147898
vt 0.717639 0.166543
vt 0.714678 0.168181
vt 0.730242 0.189563
vt 0.727080 0.190763
vt 0.738846 0.214325
vt 0.735544 0.215059
vt 0.743194 0.240174
vt 0.739824 0.240420
vt 0.743149 0.266407
vt 0.739779 0.266159
vt 0.738687 0.292305
vt 0.735392 0.291565
vt 0.729918 0.317150
vt 0.726767 0.315936
vt 0.717069 0.340255
vt 0.714131 0.338594
vt 0.700484 0.360983
vt 0.697817 0.358911
vt 0.680603 0.378768
vt 0.678261 0.376332
vt 0.657953 0.393131
vt 0.655979 0.390384
vt 0.633089 0.403631
vt 0.631518 0.400685
vt 0.615648 0.404976
vt 0.617015 0.408165
vt 0.606921 0.410419
vt 0.605763 0.407217
vt 0.579614 0.412725
vt 0.578867 0.409382
vt 0.552161 0.411146
vt 0.551810 0.407699
vt 0.525087 0.405806
vt 0.525108 0.402268
vt 0.498879 0.397192
vt 0.499244 0.393547
vt 0.473844 0.386181
vt 0.474529 0.382385
vt 0.449919 0.374125
vt 0.450926 0.370152
vt 0.426469 0.362536
vt 0.427816 0.358498
vt 0.416625 0.353001
vt 0.415043 0.357079
vt 0.402214 0.351868
vt 0.403961 0.347907
vt 0.437629 0.117291
vt 0.436927 0.113018
vt 0.453573 0.110133
vt 0.454004 0.114338
vt 0.478613 0.105207
vt 0.478730 0.109334
vt 0.532663 0.071855
vt 0.532481 0.073334
vt 0.504950 0.077348
vt 0.505028 0.075810
vt 0.561075 0.069937
vt 0.560777 0.071358
vt 0.589887 0.070999
vt 0.589463 0.072361
vt 0.618544 0.075651
vt 0.617984 0.076947
vt 0.646464 0.084147
vt 0.645757 0.085345
vt 0.658277 0.090983
vt 0.659062 0.089799
vt 0.672615 0.096820
vt 0.671769 0.097929
vt 0.696771 0.113285
vt 0.695786 0.114268
vt 0.718035 0.133291
vt 0.716927 0.134131
vt 0.735836 0.156414
vt 0.734624 0.157091
vt 0.749673 0.182115
vt 0.748379 0.182612
vt 0.759135 0.209745
vt 0.757782 0.210051
vt 0.763927 0.238583
vt 0.762543 0.238690
vt 0.763884 0.267858
vt 0.762502 0.267761
vt 0.758983 0.296774
vt 0.757630 0.296477
vt 0.749339 0.324543
vt 0.748044 0.324049
vt 0.735203 0.350405
vt 0.733995 0.349727
vt 0.716961 0.373663
vt 0.715864 0.372816
vt 0.695107 0.393700
vt 0.694141 0.392703
vt 0.670229 0.410005
vt 0.669411 0.408880
vt 0.642997 0.422280
vt 0.642351 0.421068
vt 0.624821 0.426075
vt 0.625365 0.427381
vt 0.614205 0.429901
vt 0.613715 0.428586
vt 0.584411 0.433307
vt 0.584097 0.431937
vt 0.554525 0.432435
vt 0.554370 0.431023
vt 0.525172 0.427672
vt 0.525167 0.426226
vt 0.496854 0.419659
vt 0.496987 0.418183
vt 0.469847 0.409355
vt 0.470107 0.407846
vt 0.444051 0.397983
vt 0.444422 0.396444
vt 0.418875 0.386795
vt 0.419349 0.385243
vt 0.407321 0.379949
vt 0.406801 0.381518
vt 0.393651 0.376388
vt 0.394249 0.374824
vt 0.434504 0.089188
vt 0.434329 0.087553
vt 0.451681 0.085047
vt 0.451794 0.086659
vt 0.478188 0.080585
vt 0.478209 0.082174
vt 0.533378 0.066013
vt 0.533242 0.067146
vt 0.505273 0.070930
vt 0.505329 0.069759
vt 0.562242 0.064305
vt 0.562019 0.065398
vt 0.591559 0.065585
vt 0.591236 0.066636
vt 0.620759 0.070495
vt 0.620330 0.071496
vt 0.649274 0.079389
vt 0.648736 0.080316
vt 0.661565 0.085986
vt 0.662174 0.085059
vt 0.675946 0.092407
vt 0.675298 0.093258
vt 0.700694 0.109370
vt 0.699933 0.110132
vt 0.722442 0.129943
vt 0.721587 0.130595
vt 0.740662 0.153715
vt 0.739726 0.154240
vt 0.754830 0.180130
vt 0.753829 0.180516
vt 0.764520 0.208523
vt 0.763475 0.208762
vt 0.769430 0.238159
vt 0.768362 0.238242
vt 0.769389 0.268244
vt 0.768320 0.268170
vt 0.764370 0.297966
vt 0.763323 0.297736
vt 0.754492 0.326513
vt 0.753491 0.326131
vt 0.740014 0.353108
vt 0.739079 0.352584
vt 0.721327 0.377039
vt 0.720479 0.376384
vt 0.698946 0.397675
vt 0.698201 0.396903
vt 0.673480 0.414485
vt 0.672848 0.413615
vt 0.645538 0.427099
vt 0.645039 0.426166
vt 0.627070 0.431596
vt 0.627493 0.432619
vt 0.616182 0.435126
vt 0.615810 0.434116
vt 0.585645 0.438761
vt 0.585406 0.437700
vt 0.555124 0.438050
vt 0.555008 0.436962
vt 0.525171 0.433406
vt 0.525171 0.432295
vt 0.496306 0.425498
vt 0.496413 0.424367
vt 0.468807 0.415301
vt 0.469009 0.414150
vt 0.442580 0.404017
vt 0.442862 0.402852
vt 0.417027 0.392813
vt 0.417378 0.391650
vt 0.405176 0.386494
vt 0.404797 0.387694
vt 0.391167 0.382434
vt 0.391609 0.381258
vt 0.433733 0.082373
vt 0.433614 0.081125
vt 0.451263 0.078740
vt 0.451339 0.079948
vt 0.478111 0.074359
vt 0.478128 0.075562
vt 0.534505 0.056512
vt 0.533568 0.064433
vt 0.505409 0.068125
vt 0.505791 0.059945
vt 0.564109 0.055130
vt 0.562556 0.062780
vt 0.594247 0.056758
vt 0.592012 0.064118
vt 0.624329 0.062079
vt 0.621358 0.069097
vt 0.653566 0.071605
vt 0.650009 0.078090
vt 0.663029 0.083766
vt 0.667193 0.077441
vt 0.681658 0.085168
vt 0.676863 0.091227
vt 0.707064 0.102970
vt 0.701756 0.108307
vt 0.729583 0.124467
vt 0.723634 0.129036
vt 0.748481 0.149289
vt 0.741967 0.152983
vt 0.763190 0.176859
vt 0.756223 0.179591
vt 0.773259 0.206490
vt 0.765978 0.208191
vt 0.778368 0.237418
vt 0.770920 0.238042
vt 0.778336 0.268820
vt 0.770879 0.268347
vt 0.773134 0.299848
vt 0.765829 0.298287
vt 0.762884 0.329661
vt 0.755887 0.327044
vt 0.747855 0.357451
vt 0.741315 0.353838
vt 0.728458 0.382478
vt 0.722510 0.377951
vt 0.705231 0.404092
vt 0.699987 0.398749
vt 0.678818 0.421738
vt 0.674362 0.415697
vt 0.649898 0.434849
vt 0.646248 0.428402
vt 0.628102 0.434041
vt 0.631241 0.440940
vt 0.619174 0.443781
vt 0.616683 0.436534
vt 0.587701 0.447631
vt 0.585981 0.440238
vt 0.556160 0.447177
vt 0.555288 0.439570
vt 0.525235 0.442725
vt 0.525172 0.434957
vt 0.495479 0.434980
vt 0.496160 0.427077
vt 0.467182 0.424937
vt 0.468528 0.416905
vt 0.440262 0.413777
vt 0.442185 0.405644
vt 0.414317 0.402606
vt 0.416552 0.394441
vt 0.404279 0.389372
vt 0.401884 0.397673
vt 0.388771 0.392743
vt 0.390639 0.384105
vt 0.433488 0.079379
vt 0.433230 0.070743
vt 0.450782 0.068459
vt 0.451168 0.077052
vt 0.477988 0.064288
vt 0.478091 0.072681
vt 0.506766 0.033319
vt 0.537241 0.030311
vt 0.568922 0.029483
vt 0.601436 0.031848
vt 0.634159 0.038155
vt 0.666289 0.048809
vt 0.681021 0.056058
vt 0.696927 0.064825
vt 0.725043 0.084668
vt 0.749858 0.108789
vt 0.770725 0.136603
vt 0.787004 0.167477
vt 0.798174 0.200659
vt 0.803864 0.235297
vt 0.803864 0.270479
vt 0.798135 0.305263
vt 0.786812 0.338710
vt 0.770198 0.369922
vt 0.748752 0.398076
vt 0.723084 0.422469
vt 0.693913 0.442551
vt 0.662079 0.457987
vt 0.641033 0.464344
vt 0.627768 0.467653
vt 0.593250 0.472833
vt 0.558686 0.473007
vt 0.524932 0.468864
vt 0.492633 0.461226
vt 0.462157 0.451172
vt 0.433529 0.439946
vt 0.406492 0.428800
vt 0.393834 0.423776
vt 0.380544 0.418952
vt 0.431562 0.043560
vt 0.449400 0.041402
vt 0.477548 0.037368
vt 0.422370 0.198162
vt 0.439005 0.186335
vt 0.438984 0.183297
vt 0.436950 0.170678
vt 0.436623 0.168259
vt 0.433182 0.138609
vt 0.432739 0.136345
vt 0.428390 0.118295
vt 0.427588 0.114109
vt 0.425082 0.090249
vt 0.424851 0.088603
vt 0.423961 0.083432
vt 0.423799 0.082196
vt 0.423666 0.080463
vt 0.423850 0.071704
vt 0.422123 0.044430
vn 0.000000 1.000000 -0.000001
vn 0.000000 1.000000 -0.000001
vn 0.000000 1.000000 -0.000001
vn 0.000000 1.000000 -0.000001
vn 0.000000 1.000000 -0.000001
vn 0.000000 1.000000 0.000000
vn 0.000000 1.000000 0.000000
vn 0.000000 1.000000 0.000000
vn 0.000000 1.000000 0.000001
vn 0.000000 1.000000 0.000000
vn 0.000000 1.000000 -0.000001
vn 0.000000 1.000000 0.000000
vn 0.000000 1.000000 0.000000
vn 0.000000 1.000000 0.000000
vn 0.000000 1.000000 0.000001
vn 0.000000 1.000000 0.000000
vn 0.000000 1.000000 0.000001
vn 0.000000 1.000000 0.000000
vn 0.000000 1.000000 0.000001
vn 0.000000 1.000000 0.000000
vn 0.000000 1.000000 0.000001
vn 0.000000 1.000000 0.000000
vn 0.000000 1.000000 0.000001
vn 0.000000 1.000000 0.000001
vn 0.000000 1.000000 0.000001
vn 0.000000 1.000000 0.000000
vn 0.000000 1.000000 0.000000
vn 0.000000 1.000000 0.000001
vn 0.000000 1.000000 0.000000
vn 0.000000 1.000000 0.000000
vn 0.000000 1.000000 0.000000
vn 0.000000 1.000000 0.000001
vn 0.000000 1.000000 0.000000
vn 0.000000 1.000000 0.000000
vn 0.000000 1.000000 0.000001
vn 0.000000 1.000000 0.000001
vn 0.000000 1.000000 0.000000
vn 0.000000 1.000000 0.000000
vn 0.000000 1.000000 0.000000
vn 0.000000 1.000000 0.000000
vn 0.000000 1.000000 0.000001
vn 0.000000 1.000000 0.000000
vn 0.000000 1.000000 0.000000
vn 0.000000 1.000000 0.000000
vn 0.000000 1.000000 0.000000
vn 0.000000 1.000000 0.000000
vn 0.000000 1.000000 0.000001
vn 0.000000 1.000000 0.000000
vn 0.000000 1.000000 0.000000
vn 0.000000 1.000000 0.000000
vn 0.000000 1.000000 0.000000
vn 0.000000 1.000000 0.000000
vn 0.000000 1.000000 0.000000
vn 0.000000 1.000000 0.000000
vn 0.000000 1.000000 0.000000
vn 0.000000 1.000000 0.000000
vn 0.000000 1.000000 0.000000
vn 0.000000 1.000000 0.000000
vn 0.000000 1.000000 0.000000
vn 0.000000 1.000000 0.000000
vn 0.000000 1.000000 0.000000
vn 0.000000 1.000000 0.000000
vn 0.000000 1.000000 0.000001
vn 0.000000 1.000000 0.000000
vn 0.000000 1.000000 0.000001
vn 0.000000 1.000000 0.000000
vn 0.000000 1.000000 0.000000
vn 0.000000 1.000000 0.000000
vn 0.000000 1.000000 0.000000
vn 0.000000 1.000000 0.000000
vn 0.000000 1.000000 0.000000
vn 0.000000 1.000000 0.000000
vn 0.000000 1.000000 0.000000
vn 0.000000 1.000000 0.000000
vn 0.000000 1.000000 0.000000
vn 0.000000 1.000000 0.000000
vn 0.000000 1.000000 0.000001
vn 0.000000 1.000000 0.000000
vn 0.000000 1.000000 0.000000
vn 0.000000 1.000000 0.000000
vn 0.000000 1.000000 0.000000
vn 0.000000 1.000000 0.000000
vn 0.000000 1.000000 0.000001
vn 0.000000 1.000000 0.000001
vn 0.000000 1.000000 0.000000
vn 0.000000 1.000000 0.000000
vn 0.000000 1.000000 -0.000001
vn 0.000000 1.000000 0.000001
vn 0.000000 1.000000 -0.000001
vn 0.000000 1.000000 0.000000
vn 0.000000 1.000000 0.000000
vn 0.000000 1.000000 0.000001
vn 0.000000 1.000000 -0.000001
vn 0.000000 1.000000 0.000000
vn 0.000000 1.000000 -0.000001
vn 0.000000 1.000000 -0.000001
vn 0.000000 1.000000 -0.000001
vn 0.000000 1.000000 0.000000
vn 0.000000 1.000000 0.000000
vn 0.000000 1.000000 -0.000001
vn 0.000000 1.000000 0.000000
vn 0.000000 1.000000 0.000000
vn 0.000000 1.000000 0.000000
vn 0.000000 1.000000 -0.000001
vn 0.000000 1.000000 0.000000
vn 0.000000 1.000000 0.000000
vn 0.000000 1.000000 -0.000001
vn 0.000000 1.000000 -0.000001
vn -0.011113 0.999937 -0.001813
vn 0.000000 1.000000 0.000000
vn 0.000000 1.000000 0.000000
vn -0.005862 0.999970 0.004975
vn 0.000000 1.000000 0.000000
vn 0.000000 1.000000 0.000000
vn -0.002217 0.999934 -0.011266
vn 0.005334 0.999966 -0.006294
vn -0.002217 0.999934 -0.011266
vn 0.000000 1.000000 0.000000
vn 0.000000 1.000000 0.000000
vn -0.006461 0.999958 -0.006461
vn 0.000000 1.000000 0.000000
vn 0.000000 1.000000 0.000000
vn 0.000000 1.000000 -0.000001
vn -0.006461 0.999958 -0.006461
vn 0.000000 1.000000 -0.000001
vn 0.000000 1.000000 0.000000
vn -0.011113 0.999937 -0.001813
vn -0.006461 0.999958 -0.006461
vn 0.760903 0.648866 0.000001
vn 0.760903 0.648866 0.000001
vn 0.746280 0.648870 -0.148441
vn 0.746280 0.648870 -0.148441
vn 0.760903 0.648866 0.000001
vn 0.760903 0.648866 0.000001
vn 0.746452 0.648872 0.147561
vn 0.746452 0.648872 0.147561
vn 0.746280 0.648870 -0.148441
vn 0.746280 0.648870 -0.148441
vn 0.702985 0.648862 -0.291188
vn 0.702985 0.648862 -0.291186
vn 0.702985 0.648862 -0.291186
vn 0.702985 0.648862 -0.291188
vn 0.632670 0.648862 -0.422738
vn 0.632670 0.648862 -0.422737
vn 0.632670 0.648862 -0.422737
vn 0.632670 0.648862 -0.422738
vn 0.556683 0.648647 -0.519000
vn 0.556683 0.648647 -0.519000
vn 0.483693 0.647052 -0.589377
vn 0.483693 0.647052 -0.589377
vn 0.403207 0.648680 -0.645475
vn 0.403206 0.648680 -0.645476
vn 0.403206 0.648680 -0.645476
vn 0.403207 0.648680 -0.645475
vn 0.291187 0.648859 -0.702988
vn 0.291185 0.648859 -0.702989
vn 0.291185 0.648859 -0.702989
vn 0.291187 0.648859 -0.702988
vn 0.148442 0.648865 -0.746284
vn 0.148442 0.648865 -0.746284
vn 0.148442 0.648865 -0.746284
vn 0.148442 0.648865 -0.746284
vn 0.000000 0.648864 -0.760905
vn 0.000000 0.648864 -0.760905
vn 0.000000 0.648864 -0.760905
vn 0.000000 0.648864 -0.760905
vn -0.148442 0.648865 -0.746284
vn -0.148442 0.648865 -0.746284
vn -0.148442 0.648865 -0.746284
vn -0.148442 0.648865 -0.746284
vn -0.291187 0.648859 -0.702988
vn -0.291185 0.648859 -0.702989
vn -0.291185 0.648859 -0.702989
vn -0.291187 0.648859 -0.702988
vn -0.422738 0.648863 -0.632669
vn -0.422737 0.648863 -0.632669
vn -0.422737 0.648863 -0.632669
vn -0.422738 0.648863 -0.632669
vn -0.538035 0.648873 -0.538035
vn -0.538035 0.648873 -0.538035
vn -0.538035 0.648873 -0.538035
vn -0.538035 0.648873 -0.538035
vn -0.632670 0.648862 -0.422738
vn -0.632670 0.648862 -0.422737
vn -0.632670 0.648862 -0.422737
vn -0.632670 0.648862 -0.422738
vn -0.702984 0.648862 -0.291189
vn -0.702985 0.648862 -0.291187
vn -0.702985 0.648862 -0.291187
vn -0.702984 0.648862 -0.291189
vn -0.746280 0.648870 -0.148442
vn -0.746279 0.648870 -0.148443
vn -0.746279 0.648870 -0.148443
vn -0.746280 0.648870 -0.148442
vn -0.760903 0.648866 0.000000
vn -0.760903 0.648866 0.000000
vn -0.760903 0.648866 0.000000
vn -0.760903 0.648866 0.000000
vn -0.746280 0.648870 0.148441
vn -0.746280 0.648870 0.148441
vn -0.746280 0.648870 0.148441
vn -0.746280 0.648870 0.148441
vn -0.702985 0.648862 0.291188
vn -0.702985 0.648862 0.291186
vn -0.702985 0.648862 0.291186
vn -0.702985 0.648862 0.291188
vn -0.642478 0.648753 0.407850
vn -0.642479 0.648753 0.407849
vn -0.589368 0.647072 0.483677
vn -0.589368 0.647072 0.483677
vn -0.514185 0.648517 0.561283
vn -0.514185 0.648517 0.561283
vn -0.514185 0.648517 0.561283
vn -0.514185 0.648517 0.561283
vn -0.422737 0.648863 0.632669
vn -0.422737 0.648863 0.632670
vn -0.422737 0.648863 0.632670
vn -0.422737 0.648863 0.632669
vn -0.291187 0.648859 0.702988
vn -0.291185 0.648859 0.702989
vn -0.291185 0.648859 0.702989
vn -0.291187 0.648859 0.702988
vn -0.148442 0.648865 0.746284
vn -0.148442 0.648865 0.746284
vn -0.148442 0.648865 0.746284
vn -0.148442 0.648865 0.746284
vn 0.000000 0.648864 0.760905
vn 0.000000 0.648864 0.760905
vn 0.000000 0.648864 0.760905
vn 0.000000 0.648864 0.760905
vn 0.147561 0.648871 0.746453
vn 0.147562 0.648871 0.746453
vn 0.147562 0.648871 0.746453
vn 0.147561 0.648871 0.746453
vn 0.221325 0.647064 0.729605
vn 0.221325 0.647065 0.729604
vn 0.759559 0.646922 0.067538
vn 0.759559 0.646922 0.067538
vn 0.759559 0.646922 0.067538
vn 0.759559 0.646922 0.067538
vn 0.701750 0.659679 0.269018
vn 0.703302 0.659700 0.264881
vn 0.529013 0.663172 0.529479
vn 0.529330 0.663168 0.529167
vn 0.529330 0.663168 0.529167
vn 0.529013 0.663172 0.529479
vn 0.259961 0.659720 0.705117
vn 0.264227 0.659687 0.703560
vn 0.729605 0.647064 0.221323
vn 0.729605 0.647064 0.221323
vn 0.746452 0.648872 0.147561
vn 0.746452 0.648872 0.147561
vn 0.067377 0.647628 0.758972
vn 0.067377 0.647628 0.758972
vn 0.264227 0.659687 0.703560
vn 0.259961 0.659720 0.705117
vn 0.000000 1.000000 0.000000
vn 0.000000 1.000000 0.000000
vn 0.000000 1.000000 -0.000001
vn 0.000000 1.000000 0.000000
vn 0.000000 1.000000 -0.000001
vn 0.000000 1.000000 0.000000
vn 0.000000 1.000000 -0.000001
vn 0.000000 1.000000 0.000000
vn 0.000000 1.000000 -0.000001
vn 0.000000 1.000000 0.000000
vn 0.000000 1.000000 0.000000
vn 0.000000 1.000000 0.000000
vn 0.000000 1.000000 0.000000
vn 0.000000 1.000000 0.000000
vn 0.000000 1.000000 0.000001
vn 0.000000 1.000000 0.000000
vn 0.000000 1.000000 0.000001
vn 0.000000 1.000000 0.000000
vn 0.000000 1.000000 0.000001
vn 0.000000 1.000000 0.000000
vn 0.000000 1.000000 0.000001
vn 0.000000 1.000000 0.000000
vn 0.000000 1.000000 0.000000
vn 0.000000 1.000000 0.000000
vn 0.000000 1.000000 0.000000
vn 0.000000 1.000000 0.000000
vn 0.000000 1.000000 0.000000
vn 0.000000 1.000000 0.000000
vn 0.000000 1.000000 0.000000
vn 0.000000 1.000000 0.000000
vn 0.000000 1.000000 0.000000
vn 0.000000 1.000000 0.000000
vn 0.000000 1.000000 0.000000
vn 0.000000 1.000000 0.000000
vn 0.000000 1.000000 0.000001
vn 0.000000 1.000000 0.000000
vn 0.000000 1.000000 0.000001
vn 0.000000 1.000000 0.000000
vn 0.000000 1.000000 0.000001
vn 0.000000 1.000000 0.000000
vn 0.000000 1.000000 0.000001
vn 0.000000 1.000000 -0.000002
vn 0.000000 1.000000 0.000001
vn 0.000000 1.000000 0.000000
vn 0.000000 1.000000 0.000001
vn 0.000000 1.000000 0.000000
vn 0.000000 1.000000 0.000000
vn 0.000000 1.000000 0.000000
vn 0.000000 1.000000 0.000000
vn 0.000000 1.000000 0.000000
vn 0.000000 1.000000 0.000000
vn 0.000000 1.000000 0.000000
vn 0.000000 1.000000 0.000000
vn 0.000000 1.000000 0.000000
vn 0.000000 1.000000 0.000000
vn 0.000000 1.000000 0.000000
vn 0.000000 1.000000 0.000000
vn 0.000000 1.000000 0.000000
vn 0.000000 1.000000 0.000000
vn 0.000000 1.000000 0.000000
vn 0.000000 1.000000 0.000000
vn 0.000000 1.000000 0.000001
vn 0.000000 1.000000 0.000001
vn 0.000000 1.000000 0.000000
vn 0.000000 1.000000 0.000001
vn 0.000000 1.000000 0.000001
vn 0.000000 1.000000 0.000000
vn 0.000000 1.000000 0.000001
vn 0.000000 1.000000 0.000002
vn 0.000000 1.000000 0.000003
vn 0.000000 1.000000 0.000003
vn 0.000000 1.000000 0.000001
vn 0.000000 1.000000 0.000001
vn 0.000000 1.000000 -0.000001
vn 0.000000 1.000000 0.000000
vn 0.000000 1.000000 0.000002
vn 0.000000 1.000000 -0.000002
vn 0.000000 1.000000 0.000000
vn 0.000000 1.000000 -0.000001
vn 0.000000 1.000000 -0.000002
vn 0.000000 1.000000 -0.000002
vn 0.000000 1.000000 -0.000001
vn 0.000000 1.000000 -0.000001
vn 0.000000 1.000000 -0.000002
vn 0.000000 1.000000 0.000002
vn 0.000000 1.000000 -0.000001
vn 0.000000 1.000000 -0.000001
vn 0.000000 1.000000 0.000002
vn 0.000000 1.000000 0.000002
vn 0.000000 1.000000 0.000003
vn 0.000000 1.000000 0.000003
vn 0.000000 1.000000 0.000002
vn -0.017048 0.999750 0.014470
vn -0.009749 0.999896 -0.010615
vn -0.011113 0.999937 -0.001813
vn -0.005862 0.999970 0.004975
vn 0.015592 0.999709 -0.018397
vn 0.000000 1.000000 -0.000002
vn 0.000000 1.000000 0.000000
vn 0.005334 0.999966 -0.006294
vn 0.000000 1.000000 0.000000
vn 0.000000 1.000000 0.000000
vn 0.000000 1.000000 0.000000
vn 0.005334 0.999966 -0.006294
vn -0.002217 0.999934 -0.011266
vn -0.009749 0.999896 -0.010615
vn 0.015592 0.999709 -0.018397
vn 0.005334 0.999966 -0.006294
vn -0.011113 0.999937 -0.001813
vn -0.009749 0.999896 -0.010615
vn -0.002217 0.999934 -0.011266
vn -0.006461 0.999958 -0.006461
vn 0.222740 0.631382 0.742794
vn 0.222740 0.631382 0.742794
vn 0.150196 0.640894 0.752792
vn 0.150060 0.640909 0.752807
vn 0.823955 0.557843 0.099549
vn 0.821267 0.563878 0.086959
vn 0.818465 0.569697 0.074572
vn 0.818465 0.569697 0.074572
vn 0.780020 0.578206 0.239265
vn 0.756723 0.567141 0.325148
vn 0.569678 0.594593 0.567385
vn 0.571176 0.594207 0.566283
vn 0.069087 0.627901 0.775221
vn 0.069087 0.627901 0.775221
vn 0.270514 0.634213 0.724290
vn 0.266145 0.634371 0.725769
vn 0.727917 0.648973 0.221292
vn 0.727917 0.648973 0.221292
vn 0.745482 0.649826 0.148270
vn 0.745485 0.649825 0.148252
vn 0.266145 0.634371 0.725769
vn 0.270514 0.634213 0.724290
vn 0.571176 0.594207 0.566283
vn 0.569678 0.594593 0.567385
vn 0.760919 0.648846 0.000001
vn 0.760920 0.648846 0.000001
vn 0.745485 0.649825 0.148252
vn 0.745482 0.649826 0.148270
vn 0.760920 0.648846 0.000001
vn 0.760919 0.648846 0.000001
vn 0.746307 0.648837 -0.148449
vn 0.746307 0.648837 -0.148449
vn 0.746307 0.648837 -0.148449
vn 0.746307 0.648837 -0.148449
vn 0.703008 0.648835 -0.291194
vn 0.703008 0.648835 -0.291194
vn 0.703008 0.648835 -0.291194
vn 0.703008 0.648835 -0.291194
vn 0.632686 0.648842 -0.422745
vn 0.632686 0.648842 -0.422745
vn 0.632686 0.648842 -0.422745
vn 0.632686 0.648842 -0.422745
vn 0.556706 0.648608 -0.519024
vn 0.556706 0.648608 -0.519024
vn 0.483697 0.647035 -0.589392
vn 0.483697 0.647035 -0.589392
vn 0.403209 0.648668 -0.645486
vn 0.403209 0.648668 -0.645486
vn 0.403209 0.648668 -0.645486
vn 0.403209 0.648668 -0.645486
vn 0.291197 0.648833 -0.703008
vn 0.291196 0.648833 -0.703008
vn 0.291196 0.648833 -0.703008
vn 0.291197 0.648833 -0.703008
vn 0.148449 0.648834 -0.746309
vn 0.148448 0.648835 -0.746309
vn 0.148448 0.648835 -0.746309
vn 0.148449 0.648834 -0.746309
vn 0.000000 0.648845 -0.760921
vn 0.000000 0.648845 -0.760921
vn 0.000000 0.648845 -0.760921
vn 0.000000 0.648845 -0.760921
vn -0.148448 0.648834 -0.746309
vn -0.148448 0.648834 -0.746309
vn -0.148448 0.648834 -0.746309
vn -0.148448 0.648834 -0.746309
vn -0.291197 0.648833 -0.703008
vn -0.291196 0.648833 -0.703008
vn -0.291196 0.648833 -0.703008
vn -0.291197 0.648833 -0.703008
vn -0.422745 0.648841 -0.632687
vn -0.422744 0.648841 -0.632687
vn -0.422744 0.648841 -0.632687
vn -0.422745 0.648841 -0.632687
vn -0.538058 0.648833 -0.538061
vn -0.538058 0.648833 -0.538061
vn -0.538058 0.648833 -0.538061
vn -0.538058 0.648833 -0.538061
vn -0.632697 0.648829 -0.422749
vn -0.632694 0.648829 -0.422753
vn -0.632694 0.648829 -0.422753
vn -0.632697 0.648829 -0.422749
vn -0.703011 0.648830 -0.291196
vn -0.703011 0.648830 -0.291196
vn -0.703011 0.648830 -0.291196
vn -0.703011 0.648830 -0.291196
vn -0.746306 0.648838 -0.148449
vn -0.746306 0.648838 -0.148449
vn -0.746306 0.648838 -0.148449
vn -0.746306 0.648838 -0.148449
vn -0.760919 0.648846 0.000000
vn -0.760919 0.648846 0.000000
vn -0.760919 0.648846 0.000000
vn -0.760919 0.648846 0.000000
vn -0.746307 0.648837 0.148449
vn -0.746307 0.648837 0.148449
vn -0.746307 0.648837 0.148449
vn -0.746307 0.648837 0.148449
vn -0.703008 0.648835 0.291194
vn -0.703008 0.648835 0.291194
vn -0.703008 0.648835 0.291194
vn -0.703008 0.648835 0.291194
vn -0.642491 0.648743 0.407845
vn -0.642492 0.648743 0.407844
vn -0.589405 0.647019 0.483703
vn -0.589405 0.647019 0.483703
vn -0.514209 0.648465 0.561322
vn -0.514209 0.648465 0.561322
vn -0.514209 0.648465 0.561322
vn -0.514209 0.648465 0.561322
vn -0.422748 0.648828 0.632698
vn -0.422753 0.648828 0.632695
vn -0.422753 0.648828 0.632695
vn -0.422748 0.648828 0.632698
vn -0.291200 0.648829 0.703010
vn -0.291200 0.648829 0.703010
vn -0.291200 0.648829 0.703010
vn -0.291200 0.648829 0.703010
vn -0.148449 0.648834 0.746309
vn -0.148448 0.648834 0.746309
vn -0.148448 0.648834 0.746309
vn -0.148449 0.648834 0.746309
vn 0.000000 0.648845 0.760921
vn 0.000000 0.648845 0.760921
vn 0.000000 0.648845 0.760921
vn 0.000000 0.648845 0.760921
vn 0.150060 0.640909 0.752807
vn 0.150196 0.640894 0.752792
vn -0.188090 0.980415 -0.058377
vn 0.002517 0.999996 -0.000985
vn -0.030876 0.999352 0.018483
vn 0.996089 -0.000000 0.088351
vn 0.996089 -0.000000 0.088351
vn 0.996089 -0.000000 0.088351
vn 0.996089 -0.000000 0.088351
vn 0.088351 -0.000000 0.996089
vn 0.088351 -0.000000 0.996089
vn 0.321843 -0.000000 0.946793
vn 0.315060 -0.000000 0.949072
vn 0.321843 -0.000000 0.946793
vn 0.467172 -0.000000 0.884167
vn 0.467172 -0.000000 0.884167
vn 0.315060 -0.000000 0.949072
vn 0.870636 -0.000000 0.491928
vn 0.943345 -0.000000 0.331815
vn 0.945462 -0.000000 0.325734
vn 0.870636 -0.000000 0.491928
vn 0.980786 -0.000000 -0.195088
vn 1.000000 -0.000000 0.000000
vn 1.000000 -0.000000 0.000000
vn 0.980786 -0.000000 -0.195088
vn 0.923878 -0.000000 -0.382687
vn 0.980786 -0.000000 -0.195088
vn 0.980786 -0.000000 -0.195088
vn 0.923878 -0.000000 -0.382687
vn 0.831471 -0.000000 -0.555568
vn 0.923878 -0.000000 -0.382687
vn 0.923878 -0.000000 -0.382687
vn 0.831471 -0.000000 -0.555568
vn 0.731429 -0.000000 -0.681917
vn 0.831471 -0.000000 -0.555568
vn 0.831471 -0.000000 -0.555568
vn 0.731429 -0.000000 -0.681917
vn 0.529792 -0.000000 -0.848128
vn 0.634388 -0.000000 -0.773015
vn 0.634388 -0.000000 -0.773015
vn 0.529792 -0.000000 -0.848128
vn 0.382687 -0.000000 -0.923878
vn 0.529792 -0.000000 -0.848128
vn 0.529792 -0.000000 -0.848128
vn 0.382687 -0.000000 -0.923878
vn 0.195088 -0.000000 -0.980786
vn 0.382687 -0.000000 -0.923878
vn 0.382687 -0.000000 -0.923878
vn 0.195088 -0.000000 -0.980786
vn 0.000000 0.000000 -1.000000
vn 0.195088 -0.000000 -0.980786
vn 0.195088 -0.000000 -0.980786
vn 0.000000 0.000000 -1.000000
vn -0.195088 0.000000 -0.980786
vn 0.000000 0.000000 -1.000000
vn 0.000000 0.000000 -1.000000
vn -0.195088 0.000000 -0.980786
vn -0.382687 0.000000 -0.923878
vn -0.195088 0.000000 -0.980786
vn -0.195088 0.000000 -0.980786
vn -0.382687 0.000000 -0.923878
vn -0.555569 0.000000 -0.831471
vn -0.382687 0.000000 -0.923878
vn -0.382687 0.000000 -0.923878
vn -0.555569 0.000000 -0.831471
vn -0.707107 0.000000 -0.707106
vn -0.555569 0.000000 -0.831471
vn -0.555569 0.000000 -0.831471
vn -0.707107 0.000000 -0.707106
vn -0.831471 0.000000 -0.555568
vn -0.707107 0.000000 -0.707106
vn -0.707107 0.000000 -0.707106
vn -0.831471 0.000000 -0.555568
vn -0.923878 0.000000 -0.382687
vn -0.831471 0.000000 -0.555568
vn -0.831471 0.000000 -0.555568
vn -0.923878 0.000000 -0.382687
vn -0.980786 0.000000 -0.195088
vn -0.923878 0.000000 -0.382687
vn -0.923878 0.000000 -0.382687
vn -0.980786 0.000000 -0.195088
vn -1.000000 0.000000 0.000000
vn -0.980786 0.000000 -0.195088
vn -0.980786 0.000000 -0.195088
vn -1.000000 0.000000 0.000000
vn -0.980786 0.000000 0.195088
vn -1.000000 0.000000 0.000000
vn -1.000000 0.000000 0.000000
vn -0.980786 0.000000 0.195088
vn -0.923878 0.000000 0.382687
vn -0.980786 0.000000 0.195088
vn -0.980786 0.000000 0.195088
vn -0.923878 0.000000 0.382687
vn -0.844259 0.000000 0.535936
vn -0.923878 0.000000 0.382687
vn -0.923878 0.000000 0.382687
vn -0.844259 0.000000 0.535936
vn -0.675491 0.000000 0.737368
vn -0.773015 0.000000 0.634388
vn -0.773015 0.000000 0.634388
vn -0.675491 0.000000 0.737368
vn -0.555569 0.000000 0.831471
vn -0.675491 0.000000 0.737368
vn -0.675491 0.000000 0.737368
vn -0.555569 0.000000 0.831471
vn -0.382687 0.000000 0.923878
vn -0.555569 0.000000 0.831471
vn -0.555569 0.000000 0.831471
vn -0.382687 0.000000 0.923878
vn -0.195088 0.000000 0.980786
vn -0.382687 0.000000 0.923878
vn -0.382687 0.000000 0.923878
vn -0.195088 0.000000 0.980786
vn 0.000000 0.000000 1.000000
vn -0.195088 0.000000 0.980786
vn -0.195088 0.000000 0.980786
vn 0.000000 0.000000 1.000000
vn 0.194919 -0.000000 0.980819
vn 0.000000 0.000000 1.000000
vn 0.000000 0.000000 1.000000
vn 0.194675 -0.000000 0.980868
vn 0.290290 -0.000000 0.956939
vn 0.194919 -0.000000 0.980819
vn 0.194675 -0.000000 0.980868
vn 0.290290 -0.000000 0.956939
vn 0.980781 -0.000000 0.195114
vn 0.956939 -0.000000 0.290290
vn 0.956939 -0.000000 0.290290
vn 0.980773 -0.000000 0.195151
vn 1.000000 -0.000000 0.000000
vn 0.980781 -0.000000 0.195114
vn 0.980773 -0.000000 0.195151
vn 1.000000 -0.000000 0.000000
vn 0.823955 0.557843 0.099549
vn 0.844020 0.457398 0.280032
vn 0.821267 0.563878 0.086959
vn 0.094304 0.610636 0.786276
vn 0.079379 0.617549 0.782517
vn 0.291792 0.500957 0.814800
vn 0.547474 0.131320 0.826455
vn 0.101315 0.988932 0.108397
vn 0.121049 0.986846 0.107151
vn 0.633671 0.095257 0.767716
vn -0.042187 0.997538 0.056013
vn -0.841353 0.045709 0.538550
vn -0.841679 0.021377 0.539554
vn -0.138275 0.989094 0.050725
vn -0.033898 0.983853 -0.175739
vn -0.717586 0.020584 -0.696166
vn -0.495862 0.066516 -0.865850
vn 0.050333 0.998562 -0.018438
vn 0.076633 0.991633 -0.103878
vn 0.991887 -0.019511 0.125619
vn 0.981263 0.088134 0.171333
vn 0.131132 0.949865 0.283832
vn -0.836463 -0.093660 0.539961
vn -0.836463 -0.093660 0.539961
vn -0.841679 0.021377 0.539554
vn -0.841353 0.045709 0.538550
vn -0.518990 -0.008700 -0.854736
vn -0.518990 -0.008700 -0.854736
vn -0.495862 0.066516 -0.865850
vn -0.717586 0.020584 -0.696166
vn 0.541529 0.039750 0.839742
vn 0.541529 0.039750 0.839742
vn 0.547474 0.131320 0.826455
vn 0.633671 0.095257 0.767716
vn 0.991123 -0.095937 0.092040
vn 0.991123 -0.095937 0.092040
vn 0.981263 0.088134 0.171333
vn 0.991887 -0.019511 0.125619
vn -0.138275 0.989094 0.050725
vn -0.036198 0.999213 -0.016216
vn -0.009363 0.999922 0.008220
vn -0.042187 0.997538 0.056013
vn 0.050333 0.998562 -0.018438
vn 0.064343 0.997838 0.013411
vn 0.060152 0.998187 0.002138
vn -0.033898 0.983853 -0.175739
vn -0.033898 0.983853 -0.175739
vn -0.188090 0.980415 -0.058377
vn -0.717586 0.020584 -0.696166
vn -0.760890 0.648881 0.000001
vn -0.760890 0.648881 0.000001
vn -0.746278 0.648871 -0.148441
vn -0.746278 0.648871 -0.148442
vn -0.760890 0.648881 0.000001
vn -0.760890 0.648881 0.000001
vn -0.746272 0.648879 0.148442
vn -0.746272 0.648879 0.148441
vn -0.746272 0.648879 0.148441
vn -0.746272 0.648879 0.148442
vn -0.702978 0.648870 0.291186
vn -0.702977 0.648870 0.291188
vn -0.702977 0.648870 0.291188
vn -0.702978 0.648870 0.291186
vn -0.632669 0.648862 0.422738
vn -0.632668 0.648862 0.422740
vn -0.632668 0.648862 0.422740
vn -0.632669 0.648862 0.422738
vn -0.556687 0.648638 0.519008
vn -0.556687 0.648638 0.519008
vn -0.483701 0.647025 0.589400
vn -0.483701 0.647025 0.589400
vn -0.403203 0.648676 0.645481
vn -0.403204 0.648677 0.645480
vn -0.403204 0.648677 0.645480
vn -0.403203 0.648676 0.645481
vn -0.291183 0.648869 0.702980
vn -0.291185 0.648869 0.702979
vn -0.291185 0.648869 0.702979
vn -0.291183 0.648869 0.702980
vn -0.148442 0.648879 0.746272
vn -0.148441 0.648879 0.746272
vn -0.148441 0.648879 0.746272
vn -0.148442 0.648879 0.746272
vn 0.000000 0.648880 0.760891
vn 0.000000 0.648880 0.760891
vn 0.000000 0.648880 0.760891
vn 0.000000 0.648880 0.760891
vn 0.148442 0.648879 0.746272
vn 0.148441 0.648878 0.746272
vn 0.148441 0.648878 0.746272
vn 0.148442 0.648879 0.746272
vn 0.291183 0.648869 0.702980
vn 0.291185 0.648869 0.702979
vn 0.291185 0.648869 0.702979
vn 0.291183 0.648869 0.702980
vn 0.422736 0.648863 0.632670
vn 0.422738 0.648863 0.632669
vn 0.422738 0.648863 0.632669
vn 0.422736 0.648863 0.632670
vn 0.538043 0.648863 0.538040
vn 0.538043 0.648863 0.538040
vn 0.538043 0.648863 0.538040
vn 0.538043 0.648863 0.538040
vn 0.632668 0.648861 0.422741
vn 0.632667 0.648861 0.422743
vn 0.632667 0.648861 0.422743
vn 0.632668 0.648861 0.422741
vn 0.702977 0.648870 0.291189
vn 0.702977 0.648870 0.291191
vn 0.702977 0.648870 0.291191
vn 0.702977 0.648870 0.291189
vn 0.746271 0.648880 0.148441
vn 0.746271 0.648880 0.148440
vn 0.746271 0.648880 0.148440
vn 0.746271 0.648880 0.148441
vn 0.760890 0.648881 -0.000001
vn 0.760890 0.648881 -0.000001
vn 0.760890 0.648881 -0.000001
vn 0.760890 0.648881 -0.000001
vn 0.746272 0.648879 -0.148442
vn 0.746272 0.648879 -0.148441
vn 0.746272 0.648879 -0.148441
vn 0.746272 0.648879 -0.148442
vn 0.702978 0.648870 -0.291186
vn 0.702977 0.648870 -0.291188
vn 0.702977 0.648870 -0.291188
vn 0.702978 0.648870 -0.291186
vn 0.642477 0.648754 -0.407849
vn 0.642476 0.648754 -0.407851
vn 0.589365 0.647075 -0.483676
vn 0.589365 0.647075 -0.483676
vn 0.514191 0.648512 -0.561284
vn 0.514191 0.648512 -0.561284
vn 0.514191 0.648512 -0.561284
vn 0.514191 0.648512 -0.561284
vn 0.422737 0.648863 -0.632670
vn 0.422738 0.648863 -0.632669
vn 0.422738 0.648863 -0.632669
vn 0.422737 0.648863 -0.632670
vn 0.291183 0.648869 -0.702980
vn 0.291185 0.648869 -0.702979
vn 0.291185 0.648869 -0.702979
vn 0.291183 0.648869 -0.702980
vn 0.148442 0.648879 -0.746272
vn 0.148441 0.648879 -0.746272
vn 0.148441 0.648879 -0.746272
vn 0.148442 0.648879 -0.746272
vn 0.000000 0.648880 -0.760891
vn 0.000000 0.648880 -0.760891
vn 0.000000 0.648880 -0.760891
vn 0.000000 0.648880 -0.760891
vn -0.148443 0.648875 -0.746274
vn -0.148442 0.648875 -0.746275
vn -0.148442 0.648875 -0.746275
vn -0.148443 0.648875 -0.746274
vn -0.290699 0.651395 -0.700841
vn -0.290673 0.651394 -0.700853
vn -0.290673 0.651394 -0.700853
vn -0.290699 0.651395 -0.700841
vn -0.398539 0.654425 -0.642568
vn -0.398541 0.654425 -0.642567
vn -0.481366 0.649595 -0.588483
vn -0.481366 0.649595 -0.588483
vn -0.526585 0.649339 -0.548696
vn -0.526654 0.649336 -0.548633
vn -0.594516 0.637524 -0.490014
vn -0.594516 0.637524 -0.490014
vn -0.647177 0.640852 -0.412881
vn -0.647175 0.640852 -0.412884
vn -0.647175 0.640852 -0.412884
vn -0.647177 0.640852 -0.412881
vn -0.705959 0.645315 -0.291875
vn -0.705934 0.645312 -0.291941
vn -0.705934 0.645312 -0.291941
vn -0.705959 0.645315 -0.291875
vn -0.746278 0.648871 -0.148442
vn -0.746278 0.648871 -0.148441
vn 0.000000 1.000000 0.000001
vn 0.000000 1.000000 0.000000
vn 0.000000 1.000000 0.000000
vn 0.000000 1.000000 0.000001
vn 0.000000 1.000000 -0.000001
vn 0.000000 1.000000 -0.000001
vn 0.000000 1.000000 -0.000001
vn 0.000000 1.000000 -0.000001
vn 0.000000 1.000000 -0.000001
vn 0.000000 1.000000 -0.000001
vn 0.000000 1.000000 0.000001
vn 0.000000 1.000000 0.000001
vn 0.000000 1.000000 0.000001
vn 0.000000 1.000000 0.000001
vn 0.000000 1.000000 0.000001
vn 0.000000 1.000000 0.000001
vn 0.000000 1.000000 0.000003
vn 0.000000 1.000000 0.000003
vn 0.000000 1.000000 0.000000
vn 0.000000 1.000000 0.000000
vn 0.000000 1.000000 -0.000002
vn 0.000000 1.000000 -0.000002
vn 0.000000 1.000000 0.000000
vn 0.000000 1.000000 0.000000
vn 0.000000 1.000000 0.000000
vn 0.000000 1.000000 0.000000
vn 0.000000 1.000000 0.000000
vn 0.000000 1.000000 0.000000
vn 0.000000 1.000000 -0.000001
vn 0.000000 1.000000 -0.000001
vn 0.000000 1.000000 -0.000001
vn 0.000000 1.000000 -0.000001
vn 0.000000 1.000000 0.000001
vn 0.000000 1.000000 0.000001
vn 0.000000 1.000000 0.000000
vn 0.000000 1.000000 0.000000
vn 0.000000 1.000000 -0.000001
vn 0.000000 1.000000 -0.000001
vn 0.000000 1.000000 0.000001
vn 0.000000 1.000000 0.000001
vn 0.000000 1.000000 0.000001
vn 0.000000 1.000000 0.000001
vn 0.000000 1.000000 0.000000
vn 0.000000 1.000000 0.000000
vn 0.000000 1.000000 0.000000
vn 0.000000 1.000000 0.000000
vn 0.000000 1.000000 0.000000
vn 0.000000 1.000000 0.000000
vn 0.000000 1.000000 -0.000001
vn 0.000000 1.000000 -0.000001
vn 0.000000 1.000000 -0.000001
vn 0.000000 1.000000 -0.000001
vn 0.000000 1.000000 0.000000
vn 0.000000 1.000000 0.000000
vn 0.000000 1.000000 0.000000
vn 0.000000 1.000000 0.000000
vn -0.000792 0.999996 0.002743
vn -0.000641 0.999997 0.002220
vn 0.000000 1.000000 -0.000001
vn -0.004343 0.999990 0.001053
vn -0.003564 0.999993 0.000864
vn 0.000000 1.000000 -0.000001
vn 0.007243 0.999674 0.024488
vn 0.121049 0.986846 0.107151
vn 0.101315 0.988932 0.108397
vn 0.019555 0.999808 0.000963
vn 0.012757 0.999893 -0.007165
vn 0.076633 0.991633 -0.103878
vn 0.131132 0.949865 0.283832
vn 0.048769 0.963482 0.263294
vn 0.154321 0.983259 0.096883
vn 0.024053 0.995940 -0.086745
vn -0.760904 0.648864 0.000000
vn -0.760904 0.648864 0.000000
vn -0.746289 0.648858 -0.148444
vn -0.746289 0.648858 -0.148444
vn -0.760904 0.648864 0.000000
vn -0.760904 0.648864 0.000000
vn -0.746288 0.648859 0.148446
vn -0.746288 0.648859 0.148446
vn -0.746288 0.648859 0.148446
vn -0.746288 0.648859 0.148446
vn -0.702980 0.648868 0.291186
vn -0.702982 0.648868 0.291182
vn -0.702982 0.648868 0.291182
vn -0.702980 0.648868 0.291186
vn -0.632660 0.648879 0.422726
vn -0.632662 0.648879 0.422723
vn -0.632662 0.648879 0.422723
vn -0.632660 0.648879 0.422726
vn -0.556694 0.648636 0.519002
vn -0.556694 0.648636 0.519002
vn -0.483673 0.647086 0.589356
vn -0.483673 0.647086 0.589356
vn -0.403197 0.648712 0.645449
vn -0.403195 0.648712 0.645451
vn -0.403195 0.648712 0.645451
vn -0.403197 0.648712 0.645449
vn -0.291188 0.648862 0.702985
vn -0.291188 0.648862 0.702985
vn -0.291188 0.648862 0.702985
vn -0.291188 0.648862 0.702985
vn -0.148446 0.648851 0.746295
vn -0.148446 0.648851 0.746295
vn -0.148446 0.648851 0.746295
vn -0.148446 0.648851 0.746295
vn 0.000000 0.648866 0.760903
vn 0.000000 0.648866 0.760903
vn 0.000000 0.648866 0.760903
vn 0.000000 0.648866 0.760903
vn 0.148447 0.648860 0.746287
vn 0.148447 0.648860 0.746287
vn 0.148447 0.648860 0.746287
vn 0.148447 0.648860 0.746287
vn 0.291188 0.648867 0.702980
vn 0.291184 0.648867 0.702982
vn 0.291184 0.648867 0.702982
vn 0.291188 0.648867 0.702980
vn 0.422733 0.648878 0.632656
vn 0.422730 0.648878 0.632658
vn 0.422730 0.648878 0.632658
vn 0.422733 0.648878 0.632656
vn 0.538038 0.648875 0.538030
vn 0.538038 0.648875 0.538030
vn 0.538038 0.648875 0.538030
vn 0.538038 0.648875 0.538030
vn 0.632662 0.648876 0.422728
vn 0.632664 0.648876 0.422724
vn 0.632664 0.648876 0.422724
vn 0.632662 0.648876 0.422728
vn 0.702986 0.648863 0.291184
vn 0.702986 0.648863 0.291184
vn 0.702986 0.648863 0.291184
vn 0.702986 0.648863 0.291184
vn 0.746291 0.648856 0.148445
vn 0.746291 0.648856 0.148445
vn 0.746291 0.648856 0.148445
vn 0.746291 0.648856 0.148445
vn 0.760904 0.648864 0.000000
vn 0.760904 0.648864 0.000000
vn 0.760904 0.648864 0.000000
vn 0.760904 0.648864 0.000000
vn 0.746288 0.648859 -0.148446
vn 0.746288 0.648859 -0.148446
vn 0.746288 0.648859 -0.148446
vn 0.746288 0.648859 -0.148446
vn 0.702980 0.648868 -0.291186
vn 0.702982 0.648868 -0.291182
vn 0.702982 0.648868 -0.291182
vn 0.702980 0.648868 -0.291186
vn 0.642456 0.648783 -0.407838
vn 0.642458 0.648783 -0.407835
vn 0.589398 0.647021 -0.483708
vn 0.589398 0.647021 -0.483708
vn 0.514194 0.648503 -0.561291
vn 0.514194 0.648503 -0.561291
vn 0.514194 0.648503 -0.561291
vn 0.514194 0.648503 -0.561291
vn 0.422736 0.648878 -0.632654
vn 0.422733 0.648878 -0.632656
vn 0.422733 0.648878 -0.632656
vn 0.422736 0.648878 -0.632654
vn 0.291188 0.648862 -0.702985
vn 0.291188 0.648862 -0.702985
vn 0.291188 0.648862 -0.702985
vn 0.291188 0.648862 -0.702985
vn 0.148446 0.648851 -0.746295
vn 0.148446 0.648851 -0.746295
vn 0.148446 0.648851 -0.746295
vn 0.148446 0.648851 -0.746295
vn 0.000000 0.648862 -0.760906
vn 0.000000 0.648862 -0.760906
vn 0.000000 0.648862 -0.760906
vn 0.000000 0.648862 -0.760906
vn -0.148446 0.648851 -0.746295
vn -0.148446 0.648851 -0.746295
vn -0.148446 0.648851 -0.746295
vn -0.148446 0.648851 -0.746295
vn -0.291188 0.648862 -0.702985
vn -0.291188 0.648862 -0.702985
vn -0.291188 0.648862 -0.702985
vn -0.291188 0.648862 -0.702985
vn -0.400883 0.648668 -0.646934
vn -0.400880 0.648668 -0.646935
vn -0.483705 0.647035 -0.589386
vn -0.483705 0.647035 -0.589386
vn -0.527784 0.648777 -0.548208
vn -0.527784 0.648777 -0.548208
vn -0.589361 0.647077 -0.483679
vn -0.589361 0.647077 -0.483679
vn -0.641394 0.648804 -0.409471
vn -0.641396 0.648804 -0.409468
vn -0.641396 0.648804 -0.409468
vn -0.641394 0.648804 -0.409471
vn -0.702981 0.648868 -0.291184
vn -0.702982 0.648868 -0.291180
vn -0.702982 0.648868 -0.291180
vn -0.702981 0.648868 -0.291184
vn -0.746289 0.648858 -0.148444
vn -0.746289 0.648858 -0.148444
vn -1.000000 0.000000 0.000000
vn -0.980785 0.000000 0.195090
vn -0.980785 0.000000 0.195090
vn -1.000000 0.000000 0.000000
vn -0.980785 0.000000 0.195090
vn -0.923878 0.000000 0.382687
vn -0.923878 0.000000 0.382687
vn -0.980785 0.000000 0.195090
vn -0.923878 0.000000 0.382687
vn -0.831469 0.000000 0.555572
vn -0.831469 0.000000 0.555572
vn -0.923878 0.000000 0.382687
vn -0.831469 0.000000 0.555572
vn -0.731429 0.000000 0.681917
vn -0.731429 0.000000 0.681917
vn -0.831469 0.000000 0.555572
vn -0.634387 0.000000 0.773015
vn -0.634387 0.000000 0.773015
vn -0.529796 0.000000 0.848125
vn -0.529796 0.000000 0.848125
vn -0.529796 0.000000 0.848125
vn -0.382687 0.000000 0.923878
vn -0.382687 0.000000 0.923878
vn -0.529796 0.000000 0.848125
vn -0.382687 0.000000 0.923878
vn -0.195090 0.000000 0.980785
vn -0.195090 0.000000 0.980785
vn -0.382687 0.000000 0.923878
vn -0.195090 0.000000 0.980785
vn 0.000000 0.000000 1.000000
vn 0.000000 0.000000 1.000000
vn -0.195090 0.000000 0.980785
vn 0.000000 0.000000 1.000000
vn 0.195090 -0.000000 0.980785
vn 0.195090 -0.000000 0.980785
vn 0.000000 0.000000 1.000000
vn 0.195090 -0.000000 0.980785
vn 0.382687 -0.000000 0.923878
vn 0.382687 -0.000000 0.923878
vn 0.195090 -0.000000 0.980785
vn 0.382687 -0.000000 0.923878
vn 0.555571 -0.000000 0.831469
vn 0.555571 -0.000000 0.831469
vn 0.382687 -0.000000 0.923878
vn 0.555571 -0.000000 0.831469
vn 0.707107 -0.000000 0.707107
vn 0.707107 -0.000000 0.707107
vn 0.555571 -0.000000 0.831469
vn 0.707107 -0.000000 0.707107
vn 0.831469 -0.000000 0.555572
vn 0.831469 -0.000000 0.555572
vn 0.707107 -0.000000 0.707107
vn 0.831469 -0.000000 0.555572
vn 0.923878 -0.000000 0.382687
vn 0.923878 -0.000000 0.382687
vn 0.831469 -0.000000 0.555572
vn 0.923878 -0.000000 0.382687
vn 0.980785 -0.000000 0.195090
vn 0.980785 -0.000000 0.195090
vn 0.923878 -0.000000 0.382687
vn 0.980785 -0.000000 0.195090
vn 1.000000 -0.000000 0.000000
vn 1.000000 -0.000000 0.000000
vn 0.980785 -0.000000 0.195090
vn 1.000000 -0.000000 0.000000
vn 0.980785 -0.000000 -0.195090
vn 0.980785 -0.000000 -0.195090
vn 1.000000 -0.000000 0.000000
vn 0.980785 -0.000000 -0.195090
vn 0.923878 -0.000000 -0.382687
vn 0.923878 -0.000000 -0.382687
vn 0.980785 -0.000000 -0.195090
vn 0.923878 -0.000000 -0.382687
vn 0.844256 -0.000000 -0.535940
vn 0.844256 -0.000000 -0.535940
vn 0.923878 -0.000000 -0.382687
vn 0.773016 -0.000000 -0.634387
vn 0.773016 -0.000000 -0.634387
vn 0.675491 -0.000000 -0.737369
vn 0.675491 -0.000000 -0.737369
vn 0.675491 -0.000000 -0.737369
vn 0.555571 -0.000000 -0.831469
vn 0.555571 -0.000000 -0.831469
vn 0.675491 -0.000000 -0.737369
vn 0.555571 -0.000000 -0.831469
vn 0.382687 -0.000000 -0.923878
vn 0.382687 -0.000000 -0.923878
vn 0.555571 -0.000000 -0.831469
vn 0.382687 -0.000000 -0.923878
vn 0.195090 -0.000000 -0.980785
vn 0.195090 -0.000000 -0.980785
vn 0.382687 -0.000000 -0.923878
vn 0.195090 -0.000000 -0.980785
vn 0.000000 0.000000 -1.000000
vn 0.000000 0.000000 -1.000000
vn 0.195090 -0.000000 -0.980785
vn 0.000000 0.000000 -1.000000
vn -0.195090 0.000000 -0.980785
vn -0.195090 0.000000 -0.980785
vn 0.000000 0.000000 -1.000000
vn -0.195090 0.000000 -0.980785
vn -0.382666 0.000000 -0.923887
vn -0.382639 0.000000 -0.923898
vn -0.195090 0.000000 -0.980785
vn -0.382666 0.000000 -0.923887
vn -0.526720 0.000000 -0.850039
vn -0.526720 0.000000 -0.850039
vn -0.382639 0.000000 -0.923898
vn -0.634388 0.000000 -0.773015
vn -0.634388 0.000000 -0.773015
vn -0.693570 0.000000 -0.720390
vn -0.693617 0.000000 -0.720344
vn -0.773016 0.000000 -0.634387
vn -0.773016 0.000000 -0.634387
vn -0.842876 0.000000 -0.538108
vn -0.842876 0.000000 -0.538108
vn -0.842876 0.000000 -0.538108
vn -0.923867 0.000000 -0.382715
vn -0.923852 0.000000 -0.382751
vn -0.842876 0.000000 -0.538108
vn -0.923867 0.000000 -0.382715
vn -0.980785 0.000000 -0.195090
vn -0.980785 0.000000 -0.195090
vn -0.923852 0.000000 -0.382751
vn -0.980785 0.000000 -0.195090
vn -1.000000 0.000000 0.000000
vn -1.000000 0.000000 0.000000
vn -0.980785 0.000000 -0.195090
vn -0.760930 0.648834 0.000000
vn -0.760930 0.648834 0.000000
vn -0.746295 0.648850 -0.148447
vn -0.746295 0.648850 -0.148449
vn -0.760930 0.648834 0.000000
vn -0.760930 0.648834 0.000000
vn -0.746294 0.648852 0.148448
vn -0.746294 0.648852 0.148447
vn -0.746294 0.648852 0.148447
vn -0.746294 0.648852 0.148448
vn -0.702971 0.648881 0.291179
vn -0.702970 0.648881 0.291180
vn -0.702970 0.648881 0.291180
vn -0.702971 0.648881 0.291179
vn -0.632653 0.648889 0.422722
vn -0.632651 0.648889 0.422725
vn -0.632651 0.648889 0.422725
vn -0.632653 0.648889 0.422722
vn -0.556680 0.648650 0.518999
vn -0.556680 0.648650 0.518999
vn -0.483675 0.647078 0.589363
vn -0.483675 0.647077 0.589363
vn -0.403186 0.648716 0.645452
vn -0.403189 0.648716 0.645450
vn -0.403189 0.648716 0.645450
vn -0.403186 0.648716 0.645452
vn -0.291179 0.648882 0.702970
vn -0.291180 0.648882 0.702970
vn -0.291180 0.648882 0.702970
vn -0.291179 0.648882 0.702970
vn -0.148448 0.648853 0.746293
vn -0.148446 0.648853 0.746294
vn -0.148446 0.648853 0.746294
vn -0.148448 0.648853 0.746293
vn 0.000000 0.648836 0.760929
vn 0.000000 0.648836 0.760929
vn 0.000000 0.648836 0.760929
vn 0.000000 0.648836 0.760929
vn 0.148448 0.648853 0.746293
vn 0.148446 0.648853 0.746293
vn 0.148446 0.648853 0.746293
vn 0.148448 0.648853 0.746293
vn 0.291179 0.648882 0.702970
vn 0.291180 0.648882 0.702970
vn 0.291180 0.648882 0.702970
vn 0.291179 0.648882 0.702970
vn 0.422723 0.648889 0.632651
vn 0.422727 0.648889 0.632649
vn 0.422727 0.648889 0.632649
vn 0.422723 0.648889 0.632651
vn 0.538029 0.648883 0.538029
vn 0.538029 0.648883 0.538029
vn 0.538029 0.648883 0.538029
vn 0.538029 0.648883 0.538029
vn 0.632653 0.648888 0.422723
vn 0.632651 0.648888 0.422726
vn 0.632651 0.648888 0.422726
vn 0.632653 0.648888 0.422723
vn 0.702972 0.648881 0.291178
vn 0.702971 0.648881 0.291179
vn 0.702971 0.648881 0.291179
vn 0.702972 0.648881 0.291178
vn 0.746295 0.648850 0.148449
vn 0.746295 0.648850 0.148447
vn 0.746295 0.648850 0.148447
vn 0.746295 0.648850 0.148449
vn 0.760930 0.648834 0.000000
vn 0.760930 0.648834 0.000000
vn 0.760930 0.648834 0.000000
vn 0.760930 0.648834 0.000000
vn 0.746294 0.648851 -0.148448
vn 0.746294 0.648851 -0.148447
vn 0.746294 0.648851 -0.148447
vn 0.746294 0.648851 -0.148448
vn 0.702971 0.648881 -0.291179
vn 0.702970 0.648881 -0.291180
vn 0.702970 0.648881 -0.291180
vn 0.702971 0.648881 -0.291179
vn 0.642453 0.648790 -0.407829
vn 0.642451 0.648790 -0.407832
vn 0.589375 0.647060 -0.483685
vn 0.589375 0.647060 -0.483685
vn 0.514184 0.648523 -0.561278
vn 0.514184 0.648523 -0.561278
vn 0.514184 0.648523 -0.561278
vn 0.514184 0.648523 -0.561278
vn 0.422723 0.648890 -0.632651
vn 0.422726 0.648890 -0.632649
vn 0.422726 0.648890 -0.632649
vn 0.422723 0.648890 -0.632651
vn 0.291179 0.648882 -0.702970
vn 0.291180 0.648882 -0.702970
vn 0.291180 0.648882 -0.702970
vn 0.291179 0.648882 -0.702970
vn 0.148448 0.648852 -0.746293
vn 0.148446 0.648853 -0.746294
vn 0.148446 0.648853 -0.746294
vn 0.148448 0.648852 -0.746293
vn 0.000000 0.648836 -0.760929
vn 0.000000 0.648836 -0.760929
vn 0.000000 0.648836 -0.760929
vn 0.000000 0.648836 -0.760929
vn -0.148448 0.648853 -0.746293
vn -0.148446 0.648853 -0.746293
vn -0.148446 0.648853 -0.746293
vn -0.148448 0.648853 -0.746293
vn -0.291179 0.648882 -0.702970
vn -0.291180 0.648882 -0.702970
vn -0.291180 0.648882 -0.702970
vn -0.291179 0.648882 -0.702970
vn -0.400873 0.648671 -0.646937
vn -0.400875 0.648671 -0.646935
vn -0.483685 0.647061 -0.589374
vn -0.483685 0.647061 -0.589374
vn -0.527763 0.648807 -0.548194
vn -0.527763 0.648807 -0.548194
vn -0.589366 0.647074 -0.483678
vn -0.589366 0.647074 -0.483678
vn -0.641395 0.648809 -0.409462
vn -0.641393 0.648809 -0.409465
vn -0.641393 0.648809 -0.409465
vn -0.641395 0.648809 -0.409462
vn -0.702972 0.648881 -0.291178
vn -0.702972 0.648881 -0.291179
vn -0.702972 0.648881 -0.291179
vn -0.702972 0.648881 -0.291178
vn -0.746295 0.648850 -0.148449
vn -0.746295 0.648850 -0.148447
vn 0.000000 1.000000 0.000000
vn 0.000000 1.000000 0.000000
vn 0.000000 1.000000 0.000000
vn 0.000000 1.000000 0.000000
vn 0.000000 1.000000 0.000000
vn 0.000000 1.000000 0.000000
vn 0.000000 1.000000 0.000000
vn 0.000000 1.000000 0.000000
vn 0.000000 1.000000 0.000000
vn 0.000000 1.000000 0.000000
vn 0.000000 1.000000 0.000000
vn 0.000000 1.000000 0.000000
vn 0.000000 1.000000 0.000001
vn 0.000000 1.000000 0.000000
vn 0.000000 1.000000 0.000000
vn 0.000000 1.000000 0.000001
vn 0.000000 1.000000 0.000001
vn 0.000000 1.000000 0.000000
vn 0.000000 1.000000 0.000000
vn 0.000000 1.000000 0.000001
vn 0.000000 1.000000 0.000000
vn 0.000000 1.000000 0.000001
vn 0.000000 1.000000 0.000001
vn 0.000000 1.000000 0.000000
vn 0.000000 1.000000 -0.000002
vn 0.000000 1.000000 0.000000
vn 0.000000 1.000000 0.000000
vn 0.000000 1.000000 -0.000002
vn 0.000000 1.000000 0.000000
vn 0.000000 1.000000 -0.000002
vn 0.000000 1.000000 -0.000002
vn 0.000000 1.000000 0.000000
vn 0.000000 1.000000 0.000001
vn 0.000000 1.000000 0.000000
vn 0.000000 1.000000 0.000000
vn 0.000000 1.000000 0.000001
vn 0.000000 1.000000 0.000000
vn 0.000000 1.000000 0.000001
vn 0.000000 1.000000 0.000001
vn 0.000000 1.000000 0.000000
vn 0.000000 1.000000 0.000001
vn 0.000000 1.000000 0.000000
vn 0.000000 1.000000 0.000000
vn 0.000000 1.000000 0.000001
vn 0.000000 1.000000 0.000001
vn 0.000000 1.000000 0.000001
vn 0.000000 1.000000 0.000001
vn 0.000000 1.000000 0.000001
vn 0.000000 1.000000 0.000000
vn 0.000000 1.000000 0.000001
vn 0.000000 1.000000 0.000001
vn 0.000000 1.000000 0.000000
vn 0.000000 1.000000 0.000000
vn 0.000000 1.000000 0.000000
vn 0.000000 1.000000 0.000000
vn 0.000000 1.000000 0.000000
vn 0.000000 1.000000 0.000000
vn 0.000000 1.000000 0.000000
vn 0.000000 1.000000 0.000000
vn 0.000000 1.000000 0.000000
vn 0.000000 1.000000 0.000000
vn 0.000000 1.000000 0.000000
vn 0.000000 1.000000 0.000000
vn 0.000000 1.000000 0.000000
vn 0.000000 1.000000 0.000000
vn 0.000000 1.000000 0.000000
vn 0.000000 1.000000 0.000000
vn 0.000000 1.000000 0.000000
vn 0.000000 1.000000 0.000000
vn 0.000000 1.000000 0.000000
vn 0.000000 1.000000 0.000000
vn 0.000000 1.000000 0.000000
vn 0.000000 1.000000 0.000000
vn 0.000000 1.000000 0.000000
vn 0.000000 1.000000 0.000000
vn 0.000000 1.000000 0.000000
vn 0.000000 1.000000 -0.000002
vn 0.000000 1.000000 0.000000
vn 0.000000 1.000000 0.000000
vn 0.000000 1.000000 -0.000002
vn 0.000000 1.000000 -0.000002
vn 0.000000 1.000000 -0.000002
vn 0.000000 1.000000 -0.000002
vn 0.000000 1.000000 -0.000002
vn 0.000000 1.000000 0.000000
vn 0.000000 1.000000 -0.000002
vn 0.000000 1.000000 -0.000002
vn 0.000000 1.000000 0.000000
vn 0.000000 1.000000 0.000001
vn 0.000000 1.000000 0.000000
vn 0.000000 1.000000 0.000000
vn 0.000000 1.000000 0.000001
vn 0.000000 1.000000 0.000000
vn 0.000000 1.000000 0.000001
vn 0.000000 1.000000 0.000001
vn 0.000000 1.000000 0.000000
vn 0.000000 1.000000 0.000000
vn 0.000000 1.000000 0.000000
vn 0.000000 1.000000 0.000000
vn 0.000000 1.000000 0.000000
vn 0.000000 1.000000 0.000000
vn 0.000000 1.000000 0.000000
vn 0.000000 1.000000 0.000000
vn 0.000000 1.000000 0.000000
vn 0.000000 1.000000 -0.000001
vn 0.000000 1.000000 0.000000
vn 0.000000 1.000000 0.000000
vn 0.000000 1.000000 -0.000001
vn 0.000000 1.000000 0.000000
vn 0.000000 1.000000 0.000000
vn 0.000000 1.000000 0.000000
vn 0.000000 1.000000 0.000000
vn 0.000000 1.000000 0.000000
vn 0.000000 1.000000 -0.000001
vn 0.000000 1.000000 -0.000001
vn 0.000000 1.000000 0.000000
vn 0.000000 1.000000 0.000000
vn 0.000000 1.000000 0.000000
vn 0.000000 1.000000 0.000000
vn 0.000000 1.000000 0.000000
vn 0.000000 1.000000 0.000000
vn 0.000000 1.000000 0.000000
vn 0.000000 1.000000 0.000000
vn 0.000000 1.000000 0.000000
vn 0.000000 1.000000 0.000000
vn 0.000000 1.000000 0.000000
vn 0.000000 1.000000 0.000000
vn 0.000000 1.000000 0.000000
vn -0.805140 0.593085 0.000000
vn -0.805140 0.593085 0.000000
vn -0.789681 0.593068 -0.157081
vn -0.789681 0.593068 -0.157080
vn -0.805140 0.593085 0.000000
vn -0.805140 0.593085 0.000000
vn -0.789680 0.593071 0.157076
vn -0.789679 0.593071 0.157077
vn -0.789679 0.593071 0.157077
vn -0.789680 0.593071 0.157076
vn -0.743869 0.593061 0.308119
vn -0.743870 0.593061 0.308119
vn -0.743870 0.593061 0.308119
vn -0.743869 0.593061 0.308119
vn -0.669464 0.593055 0.447329
vn -0.669465 0.593055 0.447328
vn -0.669465 0.593055 0.447328
vn -0.669464 0.593055 0.447329
vn -0.589049 0.592805 0.549185
vn -0.589049 0.592805 0.549185
vn -0.511652 0.591211 0.623443
vn -0.511652 0.591211 0.623444
vn -0.426635 0.592885 0.682986
vn -0.426633 0.592885 0.682987
vn -0.426633 0.592885 0.682987
vn -0.426635 0.592885 0.682986
vn -0.308117 0.593063 0.743869
vn -0.308117 0.593063 0.743869
vn -0.308117 0.593063 0.743869
vn -0.308117 0.593063 0.743869
vn -0.157074 0.593074 0.789678
vn -0.157075 0.593074 0.789678
vn -0.157075 0.593074 0.789678
vn -0.157074 0.593074 0.789678
vn 0.000000 0.593088 0.805138
vn 0.000000 0.593088 0.805138
vn 0.000000 0.593088 0.805138
vn 0.000000 0.593088 0.805138
vn 0.157074 0.593074 0.789678
vn 0.157076 0.593074 0.789677
vn 0.157076 0.593074 0.789677
vn 0.157074 0.593074 0.789678
vn 0.308115 0.593060 0.743872
vn 0.308114 0.593060 0.743872
vn 0.308114 0.593060 0.743872
vn 0.308115 0.593060 0.743872
vn 0.447323 0.593055 0.669468
vn 0.447322 0.593055 0.669470
vn 0.447322 0.593055 0.669470
vn 0.447323 0.593055 0.669468
vn 0.569339 0.593048 0.569339
vn 0.569339 0.593048 0.569339
vn 0.569339 0.593048 0.569339
vn 0.569339 0.593048 0.569339
vn 0.669464 0.593055 0.447329
vn 0.669466 0.593055 0.447327
vn 0.669466 0.593055 0.447327
vn 0.669464 0.593055 0.447329
vn 0.743868 0.593060 0.308123
vn 0.743869 0.593060 0.308122
vn 0.743869 0.593060 0.308122
vn 0.743868 0.593060 0.308123
vn 0.789679 0.593071 0.157080
vn 0.789679 0.593071 0.157081
vn 0.789679 0.593071 0.157081
vn 0.789679 0.593071 0.157080
vn 0.805140 0.593085 0.000000
vn 0.805140 0.593085 0.000000
vn 0.805140 0.593085 0.000000
vn 0.805140 0.593085 0.000000
vn 0.789680 0.593071 -0.157076
vn 0.789679 0.593071 -0.157077
vn 0.789679 0.593071 -0.157077
vn 0.789680 0.593071 -0.157076
vn 0.743869 0.593061 -0.308119
vn 0.743870 0.593061 -0.308119
vn 0.743870 0.593061 -0.308119
vn 0.743869 0.593061 -0.308119
vn 0.679823 0.592957 -0.431559
vn 0.679824 0.592957 -0.431557
vn 0.623466 0.591170 -0.511671
vn 0.623466 0.591170 -0.511671
vn 0.544085 0.592655 -0.593913
vn 0.544085 0.592655 -0.593913
vn 0.544085 0.592655 -0.593913
vn 0.544085 0.592655 -0.593913
vn 0.447331 0.593033 -0.669482
vn 0.447339 0.593033 -0.669477
vn 0.447339 0.593033 -0.669477
vn 0.447331 0.593033 -0.669482
vn 0.308120 0.593051 -0.743876
vn 0.308120 0.593051 -0.743877
vn 0.308120 0.593051 -0.743877
vn 0.308120 0.593051 -0.743876
vn 0.157074 0.593074 -0.789678
vn 0.157076 0.593074 -0.789678
vn 0.157076 0.593074 -0.789678
vn 0.157074 0.593074 -0.789678
vn 0.000000 0.593088 -0.805138
vn 0.000000 0.593089 -0.805137
vn 0.000000 0.593089 -0.805137
vn 0.000000 0.593088 -0.805138
vn -0.157074 0.593067 -0.789683
vn -0.157075 0.593067 -0.789683
vn -0.157075 0.593067 -0.789683
vn -0.157074 0.593067 -0.789683
vn -0.308115 0.593052 -0.743878
vn -0.308120 0.593051 -0.743877
vn -0.308120 0.593051 -0.743877
vn -0.308115 0.593052 -0.743878
vn -0.424184 0.592835 -0.684554
vn -0.424183 0.592835 -0.684555
vn -0.511663 0.591170 -0.623473
vn -0.511663 0.591170 -0.623473
vn -0.558469 0.592957 -0.580099
vn -0.558469 0.592956 -0.580099
vn -0.623444 0.591210 -0.511652
vn -0.623444 0.591210 -0.511652
vn -0.678707 0.592974 -0.433289
vn -0.678708 0.592974 -0.433287
vn -0.678708 0.592974 -0.433287
vn -0.678707 0.592974 -0.433289
vn -0.743875 0.593052 -0.308122
vn -0.743873 0.593052 -0.308128
vn -0.743873 0.593052 -0.308128
vn -0.743875 0.593052 -0.308122
vn -0.789681 0.593068 -0.157080
vn -0.789681 0.593068 -0.157081
vn -0.980786 0.000000 0.195086
vn -1.000000 0.000000 0.000000
vn -1.000000 0.000000 0.000000
vn -0.980786 0.000000 0.195086
vn -0.923881 0.000000 0.382680
vn -0.980786 0.000000 0.195086
vn -0.980786 0.000000 0.195086
vn -0.923881 0.000000 0.382680
vn -0.831469 0.000000 0.555571
vn -0.923881 0.000000 0.382680
vn -0.923881 0.000000 0.382680
vn -0.831469 0.000000 0.555571
vn -0.731427 0.000000 0.681920
vn -0.831469 0.000000 0.555571
vn -0.831469 0.000000 0.555571
vn -0.731427 0.000000 0.681920
vn -0.529791 0.000000 0.848128
vn -0.634395 0.000000 0.773009
vn -0.634395 0.000000 0.773009
vn -0.529791 0.000000 0.848128
vn -0.382679 0.000000 0.923881
vn -0.529791 0.000000 0.848128
vn -0.529791 0.000000 0.848128
vn -0.382679 0.000000 0.923881
vn -0.195086 0.000000 0.980786
vn -0.382679 0.000000 0.923881
vn -0.382679 0.000000 0.923881
vn -0.195086 0.000000 0.980786
vn 0.000000 0.000000 1.000000
vn -0.195086 0.000000 0.980786
vn -0.195086 0.000000 0.980786
vn 0.000000 0.000000 1.000000
vn 0.195086 -0.000000 0.980786
vn 0.000000 0.000000 1.000000
vn 0.000000 0.000000 1.000000
vn 0.195086 -0.000000 0.980786
vn 0.382680 -0.000000 0.923881
vn 0.195086 -0.000000 0.980786
vn 0.195086 -0.000000 0.980786
vn 0.382680 -0.000000 0.923881
vn 0.555571 -0.000000 0.831469
vn 0.382680 -0.000000 0.923881
vn 0.382680 -0.000000 0.923881
vn 0.555571 -0.000000 0.831469
vn 0.707107 -0.000000 0.707107
vn 0.555571 -0.000000 0.831469
vn 0.555571 -0.000000 0.831469
vn 0.707107 -0.000000 0.707107
vn 0.831469 -0.000000 0.555571
vn 0.707107 -0.000000 0.707107
vn 0.707107 -0.000000 0.707107
vn 0.831469 -0.000000 0.555571
vn 0.923881 -0.000000 0.382680
vn 0.831469 -0.000000 0.555571
vn 0.831469 -0.000000 0.555571
vn 0.923881 -0.000000 0.382680
vn 0.980786 -0.000000 0.195086
vn 0.923881 -0.000000 0.382680
vn 0.923881 -0.000000 0.382680
vn 0.980786 -0.000000 0.195086
vn 1.000000 -0.000000 0.000000
vn 0.980786 -0.000000 0.195086
vn 0.980786 -0.000000 0.195086
vn 1.000000 -0.000000 0.000000
vn 0.980786 -0.000000 -0.195086
vn 1.000000 -0.000000 0.000000
vn 1.000000 -0.000000 0.000000
vn 0.980786 -0.000000 -0.195086
vn 0.923881 -0.000000 -0.382680
vn 0.980786 -0.000000 -0.195086
vn 0.980786 -0.000000 -0.195086
vn 0.923881 -0.000000 -0.382680
vn 0.844258 -0.000000 -0.535937
vn 0.923881 -0.000000 -0.382680
vn 0.923881 -0.000000 -0.382680
vn 0.844258 -0.000000 -0.535937
vn 0.675494 -0.000000 -0.737366
vn 0.773009 -0.000000 -0.634395
vn 0.773009 -0.000000 -0.634395
vn 0.675494 -0.000000 -0.737366
vn 0.555570 -0.000000 -0.831470
vn 0.675494 -0.000000 -0.737366
vn 0.675494 -0.000000 -0.737366
vn 0.555570 -0.000000 -0.831470
vn 0.382679 -0.000000 -0.923881
vn 0.555570 -0.000000 -0.831470
vn 0.555570 -0.000000 -0.831470
vn 0.382679 -0.000000 -0.923881
vn 0.195086 -0.000000 -0.980786
vn 0.382679 -0.000000 -0.923881
vn 0.382679 -0.000000 -0.923881
vn 0.195086 -0.000000 -0.980786
vn 0.000000 0.000000 -1.000000
vn 0.195086 -0.000000 -0.980786
vn 0.195086 -0.000000 -0.980786
vn 0.000000 0.000000 -1.000000
vn -0.195086 0.000000 -0.980786
vn 0.000000 0.000000 -1.000000
vn 0.000000 0.000000 -1.000000
vn -0.195086 0.000000 -0.980786
vn -0.382680 0.000000 -0.923881
vn -0.195086 0.000000 -0.980786
vn -0.195086 0.000000 -0.980786
vn -0.382680 0.000000 -0.923881
vn -0.526726 0.000000 -0.850035
vn -0.382680 0.000000 -0.923881
vn -0.382680 0.000000 -0.923881
vn -0.526726 0.000000 -0.850035
vn -0.693556 0.000000 -0.720403
vn -0.634396 0.000000 -0.773008
vn -0.634396 0.000000 -0.773008
vn -0.693556 0.000000 -0.720403
vn -0.842883 0.000000 -0.538098
vn -0.773009 0.000000 -0.634395
vn -0.773009 0.000000 -0.634395
vn -0.842883 0.000000 -0.538098
vn -0.923881 0.000000 -0.382680
vn -0.842883 0.000000 -0.538098
vn -0.842883 0.000000 -0.538098
vn -0.923881 0.000000 -0.382680
vn -0.980786 0.000000 -0.195086
vn -0.923881 0.000000 -0.382680
vn -0.923881 0.000000 -0.382680
vn -0.980786 0.000000 -0.195086
vn -1.000000 0.000000 0.000000
vn -0.980786 0.000000 -0.195086
vn -0.980786 0.000000 -0.195086
vn -1.000000 0.000000 0.000000
vn -0.805182 0.593027 0.000000
vn -0.805182 0.593027 0.000000
vn -0.789716 0.593021 -0.157082
vn -0.789717 0.593021 -0.157076
vn -0.805182 0.593027 0.000000
vn -0.805182 0.593027 0.000000
vn -0.789714 0.593025 0.157081
vn -0.789714 0.593025 0.157078
vn -0.789714 0.593025 0.157078
vn -0.789714 0.593025 0.157081
vn -0.743941 0.592961 0.308137
vn -0.743938 0.592961 0.308146
vn -0.743938 0.592961 0.308146
vn -0.743941 0.592961 0.308137
vn -0.669546 0.592918 0.447387
vn -0.669553 0.592918 0.447377
vn -0.669553 0.592918 0.447377
vn -0.669546 0.592918 0.447387
vn -0.589094 0.592716 0.549232
vn -0.589094 0.592716 0.549232
vn -0.511728 0.591031 0.623552
vn -0.511728 0.591031 0.623552
vn -0.426701 0.592714 0.683093
vn -0.426692 0.592714 0.683099
vn -0.426692 0.592714 0.683099
vn -0.426701 0.592714 0.683093
vn -0.308141 0.592951 0.743948
vn -0.308150 0.592951 0.743944
vn -0.308150 0.592951 0.743944
vn -0.308141 0.592951 0.743948
vn -0.157079 0.593015 0.789721
vn -0.157085 0.593015 0.789720
vn -0.157085 0.593015 0.789720
vn -0.157079 0.593015 0.789721
vn 0.000000 0.593030 0.805181
vn 0.000000 0.593030 0.805181
vn 0.000000 0.593030 0.805181
vn 0.000000 0.593030 0.805181
vn 0.157082 0.593021 0.789716
vn 0.157080 0.593021 0.789717
vn 0.157080 0.593021 0.789717
vn 0.157082 0.593021 0.789716
vn 0.308128 0.593006 0.743909
vn 0.308137 0.593006 0.743905
vn 0.308137 0.593006 0.743905
vn 0.308128 0.593006 0.743909
vn 0.447338 0.593016 0.669493
vn 0.447345 0.593016 0.669488
vn 0.447345 0.593016 0.669488
vn 0.447338 0.593016 0.669493
vn 0.569372 0.592980 0.569377
vn 0.569372 0.592980 0.569377
vn 0.569372 0.592980 0.569377
vn 0.569372 0.592980 0.569377
vn 0.669546 0.592918 0.447388
vn 0.669553 0.592918 0.447378
vn 0.669553 0.592918 0.447378
vn 0.669546 0.592918 0.447388
vn 0.743942 0.592961 0.308137
vn 0.743938 0.592961 0.308146
vn 0.743938 0.592961 0.308146
vn 0.743942 0.592961 0.308137
vn 0.789717 0.593021 0.157076
vn 0.789716 0.593021 0.157082
vn 0.789716 0.593021 0.157082
vn 0.789717 0.593021 0.157076
vn 0.805182 0.593027 0.000000
vn 0.805182 0.593027 0.000000
vn 0.805182 0.593027 0.000000
vn 0.805182 0.593027 0.000000
vn 0.789714 0.593025 -0.157081
vn 0.789714 0.593025 -0.157078
vn 0.789714 0.593025 -0.157078
vn 0.789714 0.593025 -0.157081
vn 0.743941 0.592961 -0.308137
vn 0.743938 0.592961 -0.308146
vn 0.743938 0.592961 -0.308146
vn 0.743941 0.592961 -0.308137
vn 0.679924 0.592797 -0.431619
vn 0.679930 0.592797 -0.431609
vn 0.623479 0.591151 -0.511678
vn 0.623479 0.591151 -0.511678
vn 0.544117 0.592592 -0.593946
vn 0.544117 0.592592 -0.593946
vn 0.544117 0.592592 -0.593946
vn 0.544117 0.592592 -0.593946
vn 0.447385 0.592922 -0.669545
vn 0.447376 0.592922 -0.669551
vn 0.447376 0.592922 -0.669551
vn 0.447385 0.592922 -0.669545
vn 0.308141 0.592951 -0.743948
vn 0.308150 0.592951 -0.743944
vn 0.308150 0.592951 -0.743944
vn 0.308141 0.592951 -0.743948
vn 0.157079 0.593015 -0.789721
vn 0.157085 0.593015 -0.789720
vn 0.157085 0.593015 -0.789720
vn 0.157079 0.593015 -0.789721
vn 0.000000 0.593030 -0.805181
vn 0.000000 0.593030 -0.805181
vn 0.000000 0.593030 -0.805181
vn 0.000000 0.593030 -0.805181
vn -0.157082 0.593021 -0.789716
vn -0.157080 0.593021 -0.789717
vn -0.157080 0.593021 -0.789717
vn -0.157082 0.593021 -0.789716
vn -0.308140 0.592955 -0.743945
vn -0.308149 0.592955 -0.743941
vn -0.308149 0.592955 -0.743941
vn -0.308140 0.592955 -0.743945
vn -0.424249 0.592667 -0.684659
vn -0.424240 0.592667 -0.684665
vn -0.511686 0.591137 -0.623486
vn -0.511686 0.591137 -0.623486
vn -0.558487 0.592928 -0.580110
vn -0.558487 0.592928 -0.580110
vn -0.623532 0.591049 -0.511732
vn -0.623532 0.591049 -0.511732
vn -0.678800 0.592821 -0.433352
vn -0.678807 0.592821 -0.433342
vn -0.678807 0.592821 -0.433342
vn -0.678800 0.592821 -0.433352
vn -0.743942 0.592961 -0.308137
vn -0.743938 0.592961 -0.308146
vn -0.743938 0.592961 -0.308146
vn -0.743942 0.592961 -0.308137
vn -0.789717 0.593021 -0.157076
vn -0.789716 0.593021 -0.157082
vn -0.166660 0.985457 0.033151
vn -0.169924 0.985457 0.000000
vn -0.169924 0.985457 0.000000
vn -0.166659 0.985457 0.033151
vn -0.156989 0.985457 0.065027
vn -0.166660 0.985457 0.033151
vn -0.166659 0.985457 0.033151
vn -0.156989 0.985457 0.065027
vn -0.141285 0.985458 0.094403
vn -0.156989 0.985457 0.065027
vn -0.156989 0.985457 0.065027
vn -0.141285 0.985458 0.094403
vn -0.124359 0.985440 0.115942
vn -0.141285 0.985458 0.094403
vn -0.141285 0.985458 0.094403
vn -0.124359 0.985440 0.115942
vn -0.090064 0.985444 0.144180
vn -0.108305 0.985320 0.131962
vn -0.108305 0.985320 0.131962
vn -0.090064 0.985444 0.144180
vn -0.065025 0.985458 0.156988
vn -0.090064 0.985444 0.144180
vn -0.090064 0.985444 0.144180
vn -0.065026 0.985457 0.156988
vn -0.033150 0.985457 0.166660
vn -0.065025 0.985458 0.156988
vn -0.065026 0.985457 0.156988
vn -0.033150 0.985457 0.166660
vn 0.000000 0.985456 0.169928
vn -0.033150 0.985457 0.166660
vn -0.033150 0.985457 0.166660
vn 0.000000 0.985456 0.169928
vn 0.033150 0.985457 0.166659
vn 0.000000 0.985456 0.169928
vn 0.000000 0.985456 0.169928
vn 0.033150 0.985457 0.166659
vn 0.065028 0.985457 0.156989
vn 0.033150 0.985457 0.166659
vn 0.033150 0.985457 0.166659
vn 0.065028 0.985457 0.156989
vn 0.094407 0.985456 0.141290
vn 0.065028 0.985457 0.156989
vn 0.065028 0.985457 0.156989
vn 0.094408 0.985456 0.141290
vn 0.120154 0.985457 0.120157
vn 0.094407 0.985456 0.141290
vn 0.094408 0.985456 0.141290
vn 0.120154 0.985457 0.120157
vn 0.141284 0.985458 0.094405
vn 0.120154 0.985457 0.120157
vn 0.120154 0.985457 0.120157
vn 0.141285 0.985458 0.094404
vn 0.156989 0.985457 0.065026
vn 0.141284 0.985458 0.094405
vn 0.141285 0.985458 0.094404
vn 0.156988 0.985457 0.065027
vn 0.166659 0.985457 0.033150
vn 0.156989 0.985457 0.065026
vn 0.156988 0.985457 0.065027
vn 0.166659 0.985457 0.033150
vn 0.169924 0.985457 0.000000
vn 0.166659 0.985457 0.033150
vn 0.166659 0.985457 0.033150
vn 0.169924 0.985457 0.000000
vn 0.166660 0.985457 -0.033151
vn 0.169924 0.985457 0.000000
vn 0.169924 0.985457 0.000000
vn 0.166659 0.985457 -0.033151
vn 0.156989 0.985457 -0.065027
vn 0.166660 0.985457 -0.033151
vn 0.166659 0.985457 -0.033151
vn 0.156989 0.985457 -0.065027
vn 0.143496 0.985450 -0.091092
vn 0.156989 0.985457 -0.065027
vn 0.156989 0.985457 -0.065027
vn 0.143496 0.985450 -0.091092
vn 0.114887 0.985430 -0.125412
vn 0.131968 0.985319 -0.108310
vn 0.131968 0.985319 -0.108310
vn 0.114887 0.985430 -0.125412
vn 0.094402 0.985458 -0.141282
vn 0.114887 0.985430 -0.125412
vn 0.114887 0.985430 -0.125412
vn 0.094403 0.985458 -0.141282
vn 0.065025 0.985458 -0.156985
vn 0.094402 0.985458 -0.141282
vn 0.094403 0.985458 -0.141282
vn 0.065026 0.985458 -0.156985
vn 0.033150 0.985457 -0.166660
vn 0.065025 0.985458 -0.156985
vn 0.065026 0.985458 -0.156985
vn 0.033150 0.985457 -0.166660
vn 0.000000 0.985457 -0.169928
vn 0.033150 0.985457 -0.166660
vn 0.033150 0.985457 -0.166660
vn 0.000000 0.985457 -0.169928
vn -0.033150 0.985457 -0.166658
vn 0.000000 0.985457 -0.169928
vn 0.000000 0.985457 -0.169928
vn -0.033150 0.985457 -0.166658
vn -0.065025 0.985458 -0.156984
vn -0.033150 0.985457 -0.166658
vn -0.033150 0.985457 -0.166658
vn -0.065026 0.985458 -0.156984
vn -0.089553 0.985441 -0.144520
vn -0.065025 0.985458 -0.156984
vn -0.065026 0.985458 -0.156984
vn -0.089553 0.985441 -0.144520
vn -0.117872 0.985453 -0.122431
vn -0.108306 0.985320 -0.131964
vn -0.108306 0.985320 -0.131964
vn -0.117872 0.985453 -0.122431
vn -0.143254 0.985451 -0.091454
vn -0.131967 0.985320 -0.108304
vn -0.131967 0.985320 -0.108304
vn -0.143254 0.985451 -0.091454
vn -0.156989 0.985457 -0.065026
vn -0.143254 0.985451 -0.091454
vn -0.143254 0.985451 -0.091454
vn -0.156988 0.985457 -0.065027
vn -0.166659 0.985457 -0.033150
vn -0.156989 0.985457 -0.065026
vn -0.156988 0.985457 -0.065027
vn -0.166659 0.985457 -0.033150
vn -0.169924 0.985457 0.000000
vn -0.166659 0.985457 -0.033150
vn -0.166659 0.985457 -0.033150
vn -0.169924 0.985457 0.000000
vn -0.117422 -0.993082 0.000000
vn -0.117422 -0.993082 0.000000
vn -0.115165 -0.993082 -0.022908
vn -0.115165 -0.993082 -0.022908
vn -0.117422 -0.993082 0.000000
vn -0.117422 -0.993082 0.000000
vn -0.115165 -0.993082 0.022907
vn -0.115165 -0.993082 0.022907
vn -0.115165 -0.993082 0.022907
vn -0.115165 -0.993082 0.022907
vn -0.108483 -0.993082 0.044936
vn -0.108483 -0.993082 0.044936
vn -0.108483 -0.993082 0.044936
vn -0.108483 -0.993082 0.044936
vn -0.097632 -0.993082 0.065237
vn -0.097632 -0.993082 0.065237
vn -0.097632 -0.993082 0.065237
vn -0.097632 -0.993082 0.065237
vn -0.085937 -0.993074 0.080122
vn -0.085937 -0.993074 0.080122
vn -0.074845 -0.993016 0.091201
vn -0.074845 -0.993016 0.091201
vn -0.062237 -0.993076 0.099633
vn -0.062237 -0.993076 0.099633
vn -0.062237 -0.993076 0.099633
vn -0.062237 -0.993076 0.099633
vn -0.044935 -0.993082 0.108481
vn -0.044935 -0.993082 0.108481
vn -0.044935 -0.993082 0.108481
vn -0.044935 -0.993082 0.108481
vn -0.022908 -0.993082 0.115166
vn -0.022908 -0.993082 0.115166
vn -0.022908 -0.993082 0.115166
vn -0.022908 -0.993082 0.115166
vn -0.000000 -0.993082 0.117423
vn -0.000000 -0.993082 0.117423
vn -0.000000 -0.993082 0.117423
vn -0.000000 -0.993082 0.117423
vn 0.022908 -0.993082 0.115166
vn 0.022908 -0.993082 0.115166
vn 0.022908 -0.993082 0.115166
vn 0.022908 -0.993082 0.115166
vn 0.044935 -0.993082 0.108483
vn 0.044935 -0.993082 0.108483
vn 0.044935 -0.993082 0.108483
vn 0.044935 -0.993082 0.108483
vn 0.065236 -0.993082 0.097632
vn 0.065236 -0.993082 0.097632
vn 0.065236 -0.993082 0.097632
vn 0.065236 -0.993082 0.097632
vn 0.083029 -0.993082 0.083029
vn 0.083029 -0.993082 0.083029
vn 0.083029 -0.993082 0.083029
vn 0.083029 -0.993082 0.083029
vn 0.097632 -0.993082 0.065236
vn 0.097632 -0.993082 0.065236
vn 0.097632 -0.993082 0.065236
vn 0.097632 -0.993082 0.065236
vn 0.108482 -0.993082 0.044936
vn 0.108482 -0.993082 0.044936
vn 0.108482 -0.993082 0.044936
vn 0.108482 -0.993082 0.044936
vn 0.115165 -0.993082 0.022908
vn 0.115165 -0.993082 0.022908
vn 0.115165 -0.993082 0.022908
vn 0.115165 -0.993082 0.022908
vn 0.117422 -0.993082 0.000000
vn 0.117422 -0.993082 0.000000
vn 0.117422 -0.993082 0.000000
vn 0.117422 -0.993082 0.000000
vn 0.115165 -0.993082 -0.022907
vn 0.115165 -0.993082 -0.022907
vn 0.115165 -0.993082 -0.022907
vn 0.115165 -0.993082 -0.022907
vn 0.108483 -0.993082 -0.044936
vn 0.108483 -0.993082 -0.044936
vn 0.108483 -0.993082 -0.044936
vn 0.108483 -0.993082 -0.044936
vn 0.099161 -0.993078 -0.062949
vn 0.099161 -0.993078 -0.062949
vn 0.091202 -0.993016 -0.074850
vn 0.091202 -0.993016 -0.074850
vn 0.079392 -0.993069 -0.086667
vn 0.079392 -0.993069 -0.086667
vn 0.079392 -0.993069 -0.086667
vn 0.079392 -0.993069 -0.086667
vn 0.065235 -0.993082 -0.097632
vn 0.065235 -0.993082 -0.097632
vn 0.065235 -0.993082 -0.097632
vn 0.065235 -0.993082 -0.097632
vn 0.044935 -0.993082 -0.108481
vn 0.044935 -0.993082 -0.108481
vn 0.044935 -0.993082 -0.108481
vn 0.044935 -0.993082 -0.108481
vn 0.022908 -0.993082 -0.115166
vn 0.022908 -0.993082 -0.115166
vn 0.022908 -0.993082 -0.115166
vn 0.022908 -0.993082 -0.115166
vn -0.000000 -0.993082 -0.117423
vn -0.000000 -0.993082 -0.117423
vn -0.000000 -0.993082 -0.117423
vn -0.000000 -0.993082 -0.117423
vn -0.022908 -0.993082 -0.115166
vn -0.022908 -0.993082 -0.115166
vn -0.022908 -0.993082 -0.115166
vn -0.022908 -0.993082 -0.115166
vn -0.044935 -0.993082 -0.108483
vn -0.044935 -0.993082 -0.108483
vn -0.044935 -0.993082 -0.108483
vn -0.044935 -0.993082 -0.108483
vn -0.061885 -0.993074 -0.099871
vn -0.061885 -0.993074 -0.099871
vn -0.074847 -0.993016 -0.091198
vn -0.074847 -0.993016 -0.091198
vn -0.081453 -0.993080 -0.084604
vn -0.081453 -0.993080 -0.084604
vn -0.091201 -0.993016 -0.074847
vn -0.091202 -0.993016 -0.074847
vn -0.098994 -0.993079 -0.063198
vn -0.098994 -0.993079 -0.063198
vn -0.098994 -0.993079 -0.063198
vn -0.098994 -0.993079 -0.063198
vn -0.108483 -0.993082 -0.044936
vn -0.108483 -0.993082 -0.044936
vn -0.108483 -0.993082 -0.044936
vn -0.108483 -0.993082 -0.044936
vn -0.115165 -0.993082 -0.022908
vn -0.115165 -0.993082 -0.022908
vn -0.980786 0.000000 0.195088
vn -1.000000 0.000000 0.000000
vn -1.000000 0.000000 0.000000
vn -0.980786 0.000000 0.195088
vn -0.923879 0.000000 0.382684
vn -0.980786 0.000000 0.195088
vn -0.980786 0.000000 0.195088
vn -0.923879 0.000000 0.382684
vn -0.831470 0.000000 0.555570
vn -0.923879 0.000000 0.382684
vn -0.923879 0.000000 0.382684
vn -0.831470 0.000000 0.555570
vn -0.731429 -0.000003 0.681918
vn -0.831470 0.000000 0.555570
vn -0.831470 0.000000 0.555570
vn -0.731429 -0.000003 0.681918
vn -0.529792 -0.000001 0.848128
vn -0.634399 -0.000004 0.773006
vn -0.634399 -0.000004 0.773006
vn -0.529792 -0.000001 0.848128
vn -0.382682 0.000000 0.923880
vn -0.529792 -0.000001 0.848128
vn -0.529792 -0.000001 0.848128
vn -0.382682 0.000000 0.923880
vn -0.195089 0.000000 0.980786
vn -0.382682 0.000000 0.923880
vn -0.382682 0.000000 0.923880
vn -0.195089 0.000000 0.980786
vn 0.000000 0.000000 1.000000
vn -0.195089 0.000000 0.980786
vn -0.195089 0.000000 0.980786
vn 0.000000 0.000000 1.000000
vn 0.195089 -0.000000 0.980786
vn 0.000000 0.000000 1.000000
vn 0.000000 0.000000 1.000000
vn 0.195089 -0.000000 0.980786
vn 0.382682 -0.000000 0.923880
vn 0.195089 -0.000000 0.980786
vn 0.195089 -0.000000 0.980786
vn 0.382682 -0.000000 0.923880
vn 0.555567 -0.000000 0.831472
vn 0.382682 -0.000000 0.923880
vn 0.382682 -0.000000 0.923880
vn 0.555567 -0.000000 0.831472
vn 0.707105 -0.000000 0.707108
vn 0.555567 -0.000000 0.831472
vn 0.555567 -0.000000 0.831472
vn 0.707105 -0.000000 0.707108
vn 0.831470 -0.000000 0.555570
vn 0.707105 -0.000000 0.707108
vn 0.707105 -0.000000 0.707108
vn 0.831470 -0.000000 0.555570
vn 0.923880 -0.000000 0.382683
vn 0.831470 -0.000000 0.555570
vn 0.831470 -0.000000 0.555570
vn 0.923880 -0.000000 0.382683
vn 0.980786 -0.000000 0.195088
vn 0.923880 -0.000000 0.382683
vn 0.923880 -0.000000 0.382683
vn 0.980786 -0.000000 0.195088
vn 1.000000 -0.000000 0.000000
vn 0.980786 -0.000000 0.195088
vn 0.980786 -0.000000 0.195088
vn 1.000000 -0.000000 0.000000
vn 0.980786 -0.000000 -0.195088
vn 1.000000 -0.000000 0.000000
vn 1.000000 -0.000000 0.000000
vn 0.980786 -0.000000 -0.195088
vn 0.923879 -0.000000 -0.382684
vn 0.980786 -0.000000 -0.195088
vn 0.980786 -0.000000 -0.195088
vn 0.923879 -0.000000 -0.382684
vn 0.844259 -0.000000 -0.535935
vn 0.923879 -0.000000 -0.382684
vn 0.923879 -0.000000 -0.382684
vn 0.844259 -0.000000 -0.535935
vn 0.675491 -0.000000 -0.737369
vn 0.773011 -0.000000 -0.634392
vn 0.773011 -0.000000 -0.634392
vn 0.675491 -0.000000 -0.737369
vn 0.555567 -0.000000 -0.831472
vn 0.675491 -0.000000 -0.737369
vn 0.675491 -0.000000 -0.737369
vn 0.555567 -0.000000 -0.831472
vn 0.382682 -0.000000 -0.923880
vn 0.555567 -0.000000 -0.831472
vn 0.555567 -0.000000 -0.831472
vn 0.382682 -0.000000 -0.923880
vn 0.195089 -0.000000 -0.980786
vn 0.382682 -0.000000 -0.923880
vn 0.382682 -0.000000 -0.923880
vn 0.195089 -0.000000 -0.980786
vn 0.000000 0.000000 -1.000000
vn 0.195089 -0.000000 -0.980786
vn 0.195089 -0.000000 -0.980786
vn 0.000000 0.000000 -1.000000
vn -0.195089 0.000000 -0.980786
vn 0.000000 0.000000 -1.000000
vn 0.000000 0.000000 -1.000000
vn -0.195089 0.000000 -0.980786
vn -0.382682 0.000000 -0.923880
vn -0.195089 0.000000 -0.980786
vn -0.195089 0.000000 -0.980786
vn -0.382682 0.000000 -0.923880
vn -0.526724 -0.000003 -0.850037
vn -0.382682 0.000000 -0.923880
vn -0.382682 0.000000 -0.923880
vn -0.526724 -0.000003 -0.850037
vn -0.693556 -0.000006 -0.720402
vn -0.634391 -0.000007 -0.773012
vn -0.634391 -0.000007 -0.773012
vn -0.693556 -0.000006 -0.720402
vn -0.842883 -0.000002 -0.538097
vn -0.773012 -0.000006 -0.634392
vn -0.773012 -0.000006 -0.634392
vn -0.842883 -0.000002 -0.538097
vn -0.923880 0.000000 -0.382683
vn -0.842883 -0.000002 -0.538097
vn -0.842883 -0.000002 -0.538097
vn -0.923880 0.000000 -0.382683
vn -0.980786 0.000000 -0.195088
vn -0.923880 0.000000 -0.382683
vn -0.923880 0.000000 -0.382683
vn -0.980786 0.000000 -0.195088
vn -1.000000 0.000000 0.000000
vn -0.980786 0.000000 -0.195088
vn -0.980786 0.000000 -0.195088
vn -1.000000 0.000000 0.000000
vn 0.995184 -0.000000 0.098022
vn 0.995184 -0.000000 0.098022
vn 0.995184 -0.000000 0.098022
vn 0.995184 -0.000000 0.098022
vn 0.995184 -0.000000 -0.098022
vn 0.995184 -0.000000 -0.098022
vn 0.995184 -0.000000 -0.098022
vn 0.995184 -0.000000 -0.098022
vn 0.956941 -0.000000 -0.290281
vn 0.956941 -0.000000 -0.290281
vn 0.956941 -0.000000 -0.290281
vn 0.956941 -0.000000 -0.290281
vn 0.881920 -0.000000 -0.471400
vn 0.881920 -0.000000 -0.471400
vn 0.881920 -0.000000 -0.471400
vn 0.881920 -0.000000 -0.471400
vn 0.773013 -0.000000 -0.634390
vn 0.773013 -0.000000 -0.634390
vn 0.773013 -0.000000 -0.634390
vn 0.773013 -0.000000 -0.634390
vn 0.634386 -0.000000 -0.773016
vn 0.634386 -0.000000 -0.773016
vn 0.634386 -0.000000 -0.773016
vn 0.634386 -0.000000 -0.773016
vn 0.471404 -0.000000 -0.881918
vn 0.471404 -0.000000 -0.881918
vn 0.471404 -0.000000 -0.881918
vn 0.471404 -0.000000 -0.881918
vn 0.290281 -0.000000 -0.956941
vn 0.290281 -0.000000 -0.956941
vn 0.290281 -0.000000 -0.956941
vn 0.290281 -0.000000 -0.956941
vn 0.098022 -0.000000 -0.995184
vn 0.098022 -0.000000 -0.995184
vn 0.098022 -0.000000 -0.995184
vn 0.098022 -0.000000 -0.995184
vn -0.098022 0.000000 -0.995184
vn -0.098022 0.000000 -0.995184
vn -0.098022 0.000000 -0.995184
vn -0.098022 0.000000 -0.995184
vn -0.290281 0.000000 -0.956941
vn -0.290281 0.000000 -0.956941
vn -0.290281 0.000000 -0.956941
vn -0.290281 0.000000 -0.956941
vn -0.471400 0.000000 -0.881920
vn -0.471400 0.000000 -0.881920
vn -0.471400 0.000000 -0.881920
vn -0.471400 0.000000 -0.881920
vn -0.634390 0.000000 -0.773013
vn -0.634390 0.000000 -0.773013
vn -0.634390 0.000000 -0.773013
vn -0.634390 0.000000 -0.773013
vn -0.773016 0.000000 -0.634386
vn -0.773016 0.000000 -0.634386
vn -0.773016 0.000000 -0.634386
vn -0.773016 0.000000 -0.634386
vn -0.881918 0.000000 -0.471403
vn -0.881918 0.000000 -0.471403
vn -0.881918 0.000000 -0.471403
vn -0.881918 0.000000 -0.471403
vn -0.956941 0.000000 -0.290281
vn -0.956941 0.000000 -0.290281
vn -0.956941 0.000000 -0.290281
vn -0.956941 0.000000 -0.290281
vn -0.995184 0.000000 -0.098022
vn -0.995184 0.000000 -0.098022
vn -0.995184 0.000000 -0.098022
vn -0.995184 0.000000 -0.098022
vn -0.995184 0.000000 0.098022
vn -0.995184 0.000000 0.098022
vn -0.995184 0.000000 0.098022
vn -0.995184 0.000000 0.098022
vn -0.956941 0.000000 0.290281
vn -0.956941 0.000000 0.290281
vn -0.956941 0.000000 0.290281
vn -0.956941 0.000000 0.290281
vn -0.881920 0.000000 0.471400
vn -0.881920 0.000000 0.471400
vn -0.881920 0.000000 0.471400
vn -0.881920 0.000000 0.471400
vn -0.773013 0.000000 0.634391
vn -0.773013 0.000000 0.634391
vn -0.773013 0.000000 0.634391
vn -0.773013 0.000000 0.634391
vn -0.634386 0.000000 0.773017
vn -0.634386 0.000000 0.773017
vn -0.634386 0.000000 0.773017
vn -0.634386 0.000000 0.773017
vn -0.471404 0.000000 0.881918
vn -0.471404 0.000000 0.881918
vn -0.471404 0.000000 0.881918
vn -0.471404 0.000000 0.881918
vn -0.290281 0.000000 0.956941
vn -0.290281 0.000000 0.956941
vn -0.290281 0.000000 0.956941
vn -0.290281 0.000000 0.956941
vn -0.098022 0.000000 0.995184
vn -0.098022 0.000000 0.995184
vn -0.098022 0.000000 0.995184
vn -0.098022 0.000000 0.995184
vn 0.098022 -0.000000 0.995184
vn 0.098022 -0.000000 0.995184
vn 0.098022 -0.000000 0.995184
vn 0.098022 -0.000000 0.995184
vn 0.290281 -0.000000 0.956941
vn 0.290281 -0.000000 0.956941
vn 0.290281 -0.000000 0.956941
vn 0.290281 -0.000000 0.956941
vn 0.471400 -0.000000 0.881920
vn 0.471400 -0.000000 0.881920
vn 0.471400 -0.000000 0.881920
vn 0.471400 -0.000000 0.881920
vn 0.634390 -0.000000 0.773013
vn 0.634390 -0.000000 0.773013
vn 0.634390 -0.000000 0.773013
vn 0.634390 -0.000000 0.773013
vn 0.773014 -0.000000 0.634389
vn 0.773014 -0.000000 0.634389
vn 0.773014 -0.000000 0.634389
vn 0.773014 -0.000000 0.634389
vn 0.881920 -0.000000 0.471400
vn 0.881920 -0.000000 0.471400
vn 0.881920 -0.000000 0.471400
vn 0.881920 -0.000000 0.471400
vn 0.956941 -0.000000 0.290281
vn 0.956941 -0.000000 0.290281
vn 0.956941 -0.000000 0.290281
vn 0.956941 -0.000000 0.290281
vn -0.495862 0.066516 -0.865850
vn -0.518990 -0.008700 -0.854736
vn 0.991123 -0.095937 0.092040
vn 0.991887 -0.019511 0.125619
vn 0.050333 0.998562 -0.018438
vn -0.495862 0.066516 -0.865850
vn 0.991887 -0.019511 0.125619
vn 0.076633 0.991633 -0.103878
vn 0.079379 0.617549 0.782517
vn 0.094304 0.610636 0.786276
vn 0.069502 0.622021 0.779910
vn 0.069502 0.622021 0.779910
vn 0.088351 -0.000000 0.996089
vn 0.088351 -0.000000 0.996089
vn 0.088351 -0.000000 0.996089
vn 0.088351 -0.000000 0.996089
vn 0.067404 0.647236 0.759304
vn 0.067404 0.647236 0.759304
vn 0.067404 0.647236 0.759304
vn 0.067404 0.647236 0.759304
vn 0.000000 1.000000 -0.000001
vn 0.000000 1.000000 0.000000
vn 0.000000 1.000000 0.000000
vn 0.000000 1.000000 -0.000001
vn 0.000000 1.000000 -0.000001
vn 0.000000 1.000000 -0.000001
vn 0.000000 1.000000 -0.000001
vn 0.000000 1.000000 -0.000001
vn 0.000000 1.000000 0.000000
vn 0.000000 1.000000 -0.000001
vn 0.000000 1.000000 -0.000001
vn 0.000000 1.000000 0.000000
vn 0.000000 1.000000 0.000000
vn 0.000000 1.000000 0.000000
vn 0.000000 1.000000 0.000001
vn 0.000000 1.000000 0.000000
vn 0.000000 1.000000 -0.000001
vn 0.000000 1.000000 0.000001
vn 0.000000 1.000000 0.000000
vn 0.000000 1.000000 0.000001
vn 0.000000 1.000000 0.000001
vn 0.000000 1.000000 -0.000003
vn 0.000000 1.000000 -0.000003
vn 0.000000 1.000000 -0.000001
vn 0.556683 0.648647 -0.519000
vn 0.556683 0.648647 -0.519000
vn 0.483682 0.647072 -0.589364
vn 0.483682 0.647072 -0.589364
vn 0.634388 -0.000000 -0.773015
vn 0.634388 -0.000000 -0.773015
vn 0.731429 -0.000000 -0.681917
vn 0.731429 -0.000000 -0.681917
vn 0.556706 0.648608 -0.519024
vn 0.556706 0.648608 -0.519024
vn 0.483707 0.647021 -0.589399
vn 0.483707 0.647021 -0.589399
vn -0.556687 0.648638 0.519008
vn -0.556687 0.648638 0.519008
vn -0.483680 0.647067 0.589371
vn -0.483680 0.647067 0.589371
vn -0.731429 0.000000 0.681917
vn -0.634388 0.000000 0.773015
vn -0.634388 0.000000 0.773015
vn -0.731429 0.000000 0.681917
vn -0.556694 0.648636 0.519002
vn -0.556694 0.648636 0.519002
vn -0.483705 0.647030 0.589391
vn -0.483705 0.647030 0.589391
vn 0.000000 1.000000 0.000002
vn 0.000000 1.000000 0.000002
vn 0.000000 1.000000 0.000001
vn 0.000000 1.000000 0.000001
vn -0.556680 0.648650 0.518999
vn -0.556680 0.648650 0.518999
vn -0.483685 0.647060 0.589374
vn -0.483685 0.647060 0.589374
vn -0.634396 0.000000 0.773008
vn -0.634396 0.000000 0.773008
vn -0.731427 0.000000 0.681920
vn -0.731427 0.000000 0.681920
vn -0.589049 0.592805 0.549185
vn -0.589049 0.592805 0.549185
vn -0.511671 0.591173 0.623464
vn -0.511671 0.591173 0.623464
vn -0.108305 0.985319 0.131969
vn -0.108305 0.985319 0.131969
vn -0.124359 0.985440 0.115942
vn -0.124359 0.985440 0.115942
vn -0.589094 0.592716 0.549232
vn -0.589094 0.592716 0.549232
vn -0.511683 0.591140 0.623485
vn -0.511683 0.591140 0.623485
vn -0.634396 -0.000008 0.773009
vn -0.634396 -0.000008 0.773009
vn -0.731429 -0.000003 0.681918
vn -0.731429 -0.000003 0.681918
vn -0.085937 -0.993074 0.080122
vn -0.085937 -0.993074 0.080122
vn -0.074847 -0.993016 0.091204
vn -0.074847 -0.993016 0.091204
vn 0.634386 -0.000000 -0.773016
vn 0.634386 -0.000000 -0.773016
vn 0.634386 -0.000000 -0.773016
vn 0.634386 -0.000000 -0.773016
vn -0.841679 0.021377 0.539554
vn -0.836463 -0.093660 0.539961
vn -0.518990 -0.008700 -0.854736
vn -0.717586 0.020584 -0.696166
vn -0.138275 0.989094 0.050725
vn -0.841679 0.021377 0.539554
vn -0.717586 0.020584 -0.696166
vn -0.188090 0.980415 -0.058377
vn 0.806699 0.586379 0.073456
vn 0.806699 0.586379 0.073456
vn 0.756723 0.567141 0.325148
vn 0.780020 0.578206 0.239265
vn 0.943345 -0.000000 0.331815
vn 0.996089 -0.000000 0.088351
vn 0.996089 -0.000000 0.088351
vn 0.945462 -0.000000 0.325734
vn 0.759958 0.646449 0.067576
vn 0.759958 0.646449 0.067576
vn 0.703302 0.659700 0.264881
vn 0.701750 0.659679 0.269018
vn 0.000000 1.000000 -0.000002
vn 0.000000 1.000000 -0.000002
vn -0.017048 0.999750 0.014470
vn -0.005862 0.999970 0.004975
vn 0.000000 1.000000 0.000000
vn 0.000000 1.000000 0.000000
vn 0.000000 1.000000 -0.000002
vn -0.005862 0.999970 0.004975
vn 0.000000 1.000000 0.000003
vn 0.000000 1.000000 0.000000
vn 0.000000 1.000000 0.000000
vn 0.000000 1.000000 0.000001
vn 0.000000 1.000000 0.000000
vn 0.000000 1.000000 0.000001
vn 0.000000 1.000000 0.000003
vn 0.000000 1.000000 0.000001
vn 0.000000 1.000000 0.000001
vn 0.000000 1.000000 0.000001
vn 0.000000 1.000000 0.000000
vn 0.000000 1.000000 0.000001
vn 0.000000 1.000000 0.000000
vn 0.000000 1.000000 0.000004
vn 0.000000 1.000000 0.000001
vn 0.000000 1.000000 0.000001
vn -0.642479 0.648753 0.407849
vn -0.642478 0.648753 0.407850
vn -0.589380 0.647050 0.483692
vn -0.589380 0.647050 0.483692
vn -0.773014 0.000000 0.634389
vn -0.773014 0.000000 0.634389
vn -0.844259 0.000000 0.535936
vn -0.844259 0.000000 0.535936
vn -0.642492 0.648743 0.407844
vn -0.642491 0.648743 0.407845
vn -0.589397 0.647038 0.483688
vn -0.589397 0.647038 0.483688
vn 0.642476 0.648754 -0.407851
vn 0.642477 0.648754 -0.407849
vn 0.589390 0.647033 -0.483702
vn 0.589390 0.647033 -0.483702
vn 0.844256 -0.000000 -0.535940
vn 0.773015 -0.000000 -0.634388
vn 0.773015 -0.000000 -0.634388
vn 0.844256 -0.000000 -0.535940
vn 0.642458 0.648783 -0.407835
vn 0.642456 0.648783 -0.407838
vn 0.589359 0.647075 -0.483683
vn 0.589359 0.647075 -0.483683
vn 0.000000 1.000000 0.000000
vn 0.000000 1.000000 0.000000
vn 0.000000 1.000000 0.000000
vn 0.000000 1.000000 0.000000
vn 0.642451 0.648790 -0.407832
vn 0.642453 0.648790 -0.407829
vn 0.589362 0.647078 -0.483677
vn 0.589362 0.647078 -0.483677
vn 0.773009 -0.000000 -0.634395
vn 0.773009 -0.000000 -0.634395
vn 0.844258 -0.000000 -0.535937
vn 0.844258 -0.000000 -0.535937
vn 0.679824 0.592957 -0.431557
vn 0.679823 0.592957 -0.431559
vn 0.623444 0.591204 -0.511660
vn 0.623444 0.591204 -0.511660
vn 0.131967 0.985320 -0.108305
vn 0.131967 0.985320 -0.108305
vn 0.143496 0.985450 -0.091092
vn 0.143496 0.985450 -0.091092
vn 0.679930 0.592797 -0.431609
vn 0.679924 0.592797 -0.431619
vn 0.623539 0.591045 -0.511728
vn 0.623539 0.591045 -0.511728
vn 0.773014 -0.000000 -0.634390
vn 0.773014 -0.000000 -0.634390
vn 0.844259 -0.000000 -0.535935
vn 0.844259 -0.000000 -0.535935
vn 0.099161 -0.993078 -0.062949
vn 0.099161 -0.993078 -0.062949
vn 0.091201 -0.993016 -0.074849
vn 0.091201 -0.993016 -0.074849
vn -0.773014 0.000000 0.634389
vn -0.773014 0.000000 0.634389
vn -0.773014 0.000000 0.634389
vn -0.773014 0.000000 0.634389
vn 0.981263 0.088134 0.171333
vn 0.991123 -0.095937 0.092040
vn 0.541529 0.039750 0.839742
vn 0.633671 0.095257 0.767716
vn 0.131132 0.949865 0.283832
vn 0.981263 0.088134 0.171333
vn -0.526654 0.649336 -0.548633
vn -0.526585 0.649339 -0.548696
vn -0.589910 0.644643 -0.486252
vn -0.589910 0.644643 -0.486252
vn -0.693570 0.000000 -0.720390
vn -0.773015 0.000000 -0.634388
vn -0.773015 0.000000 -0.634388
vn -0.693617 0.000000 -0.720344
vn -0.527784 0.648777 -0.548208
vn -0.527784 0.648777 -0.548208
vn -0.589399 0.647023 -0.483705
vn -0.589399 0.647023 -0.483705
vn 0.000000 1.000000 0.000001
vn 0.000000 1.000000 0.000001
vn 0.000000 1.000000 0.000000
vn 0.000000 1.000000 0.000000
vn -0.527763 0.648807 -0.548194
vn -0.527763 0.648807 -0.548194
vn -0.589374 0.647059 -0.483688
vn -0.589374 0.647059 -0.483688
vn -0.773008 0.000000 -0.634396
vn -0.773008 0.000000 -0.634396
vn -0.693556 0.000000 -0.720403
vn -0.693556 0.000000 -0.720403
vn -0.558469 0.592956 -0.580099
vn -0.558469 0.592957 -0.580099
vn -0.623465 0.591170 -0.511674
vn -0.623465 0.591170 -0.511674
vn -0.131968 0.985320 -0.108304
vn -0.131968 0.985320 -0.108304
vn -0.117872 0.985453 -0.122431
vn -0.117872 0.985453 -0.122431
vn -0.558487 0.592928 -0.580110
vn -0.558487 0.592928 -0.580110
vn -0.623473 0.591150 -0.511687
vn -0.623473 0.591150 -0.511687
vn -0.773015 -0.000005 -0.634388
vn -0.773015 -0.000005 -0.634388
vn -0.693556 -0.000006 -0.720402
vn -0.693556 -0.000006 -0.720402
vn -0.081453 -0.993080 -0.084604
vn -0.081453 -0.993080 -0.084604
vn -0.091202 -0.993016 -0.074847
vn -0.091202 -0.993016 -0.074847
vn 0.773013 -0.000000 0.634390
vn 0.773013 -0.000000 0.634390
vn 0.773013 -0.000000 0.634390
vn 0.773013 -0.000000 0.634390
vn 0.547474 0.131320 0.826455
vn 0.541529 0.039750 0.839742
vn -0.836463 -0.093660 0.539961
vn -0.841353 0.045709 0.538550
vn -0.841353 0.045709 0.538550
vn -0.042187 0.997538 0.056013
vn 0.101315 0.988932 0.108397
vn 0.547474 0.131320 0.826455
vn -0.398541 0.654425 -0.642567
vn -0.398539 0.654425 -0.642568
vn -0.478624 0.654640 -0.585120
vn -0.478624 0.654640 -0.585120
vn -0.526720 0.000000 -0.850039
vn -0.634387 0.000000 -0.773015
vn -0.634387 0.000000 -0.773015
vn -0.526720 0.000000 -0.850039
vn -0.400880 0.648668 -0.646935
vn -0.400883 0.648668 -0.646934
vn -0.483670 0.647087 -0.589357
vn -0.483670 0.647087 -0.589357
vn 0.000000 1.000000 -0.000002
vn 0.000000 1.000000 -0.000002
vn 0.000000 1.000000 -0.000001
vn 0.000000 1.000000 -0.000001
vn -0.400875 0.648671 -0.646935
vn -0.400873 0.648671 -0.646937
vn -0.483675 0.647077 -0.589364
vn -0.483675 0.647077 -0.589364
vn -0.634396 0.000000 -0.773008
vn -0.634396 0.000000 -0.773008
vn -0.526726 0.000000 -0.850035
vn -0.526726 0.000000 -0.850035
vn -0.424183 0.592835 -0.684555
vn -0.424184 0.592835 -0.684554
vn -0.511651 0.591215 -0.623440
vn -0.511651 0.591215 -0.623440
vn -0.108305 0.985319 -0.131969
vn -0.108305 0.985319 -0.131969
vn -0.089553 0.985441 -0.144520
vn -0.089553 0.985441 -0.144520
vn -0.424240 0.592667 -0.684665
vn -0.424249 0.592667 -0.684659
vn -0.511728 0.591025 -0.623557
vn -0.511728 0.591025 -0.623557
vn -0.634396 -0.000008 -0.773008
vn -0.634396 -0.000008 -0.773009
vn -0.526724 -0.000003 -0.850037
vn -0.526724 -0.000003 -0.850037
vn -0.061885 -0.993074 -0.099871
vn -0.061885 -0.993074 -0.099871
vn -0.074847 -0.993016 -0.091203
vn -0.074847 -0.993016 -0.091203
vn 0.634389 -0.000000 0.773014
vn 0.634389 -0.000000 0.773014
vn 0.634389 -0.000000 0.773014
vn 0.634389 -0.000000 0.773014
g Coffee_Cup group1 CoffeeCup:FCSET_Lid_001_0p367_0p074_0p673FCSET_pDisc3_001_0p367_0p074_0p673group1Lid
usemtl CoffeeCup:lambert2SG
f 69/80/193 61/81/194 67/82/195 70/83/196
f 68/84/197 62/85/198 69/80/199 70/83/200
f 71/86/201 62/85/202 68/84/203 72/87/204
f 73/88/205 60/89/206 74/90/207 75/91/208
f 74/90/209 62/85/210 71/86/211 75/91/212
f 74/90/213 60/89/214 76/92/215 78/93/216
f 76/92/217 59/94/218 77/95/219 78/93/220
f 77/95/221 61/81/222 69/80/223 78/93/224
f 69/80/225 62/85/226 74/90/227 78/93/228
f 80/96/229 60/89/230 73/88/231 81/97/232
f 79/98/233 64/99/234 80/96/235 81/97/236
f 82/100/237 64/99/238 79/98/239 83/101/240
f 84/102/241 63/103/242 85/104/243 86/105/244
f 85/104/245 64/99/246 82/100/247 86/105/248
f 85/104/249 63/103/250 87/106/251 88/107/252
f 87/106/253 59/94/254 76/92/255 88/107/256
f 76/92/257 60/89/258 80/96/259 88/107/260
f 80/96/261 64/99/262 85/104/263 88/107/264
f 90/108/265 63/103/266 84/102/267 91/109/268
f 89/110/269 66/111/270 90/108/271 91/109/272
f 92/112/273 66/111/274 89/110/275 93/113/276
f 94/114/277 65/115/278 95/116/279 96/117/280
f 95/116/281 66/111/282 92/112/283 96/117/284
f 95/116/285 65/115/286 97/118/287 98/119/288
f 97/118/289 59/94/290 87/106/291 98/119/292
f 87/106/293 63/103/294 90/108/295 98/119/296
f 90/108/297 66/111/298 95/116/299 98/119/300
f 99/120/301 65/115/302 94/114/303 100/121/304
f 67/82/305 61/81/306 104/122/307 105/123/308
f 104/122/309 61/81/310 77/95/311 106/124/312
f 77/95/313 59/94/314 97/118/315 106/124/316
f 97/118/317 65/115/318 99/120/319 106/124/320
f 107/125/321 108/126/322 110/127/323 109/128/324
f 108/126/325 107/125/326 169/129/327 170/130/328
f 109/128/329 110/127/330 112/131/331 111/132/332
f 111/132/333 112/131/334 114/133/335 113/134/336
f 113/134/337 114/133/338 116/135/339 115/136/340
f 674/137/341 675/138/342 118/139/343 117/140/344
f 117/140/345 118/139/346 120/141/347 119/142/348
f 119/142/349 120/141/350 122/143/351 121/144/352
f 121/144/353 122/143/354 124/145/355 123/146/356
f 123/146/357 124/145/358 126/147/359 125/148/360
f 125/148/361 126/147/362 128/149/363 127/150/364
f 127/150/365 128/149/366 130/151/367 129/152/368
f 129/152/369 130/151/370 132/153/371 131/154/372
f 131/154/373 132/153/374 134/155/375 133/156/376
f 133/156/377 134/155/378 136/157/379 135/158/380
f 135/158/381 136/157/382 138/159/383 137/160/384
f 137/160/385 138/159/386 140/161/387 139/162/388
f 139/162/389 140/161/390 142/163/391 141/164/392
f 141/164/393 142/163/394 144/165/395 143/166/396
f 143/166/397 144/165/398 146/167/399 145/168/400
f 703/169/401 704/170/402 148/171/403 147/172/404
f 147/172/405 148/171/406 150/173/407 149/174/408
f 149/174/409 150/173/410 152/175/411 151/176/412
f 151/176/413 152/175/414 154/177/415 153/178/416
f 153/178/417 154/177/418 156/179/419 155/180/420
f 155/180/421 156/179/422 158/181/423 157/182/424
f 157/182/425 158/181/426 160/183/427 159/184/428
f 159/184/429 160/183/430 696/185/431 697/186/432
f 161/187/433 162/188/434 164/189/435 163/190/436
f 163/190/437 164/189/438 168/191/439 167/192/440
f 165/193/441 166/194/442 170/130/443 169/129/444
f 667/195/445 668/196/446 167/192/447 168/191/448
f 67/82/449 670/197/450 671/198/451 70/83/452
f 671/198/453 672/199/454 68/84/455 70/83/456
f 68/84/457 672/199/458 673/200/459 72/87/460
f 673/200/461 674/137/462 117/140/463 72/87/464
f 117/140/465 119/142/466 71/86/467 72/87/468
f 71/86/469 119/142/470 121/144/471 75/91/472
f 121/144/473 123/146/474 73/88/475 75/91/476
f 73/88/477 123/146/478 125/148/479 81/97/480
f 125/148/481 127/150/482 79/98/483 81/97/484
f 79/98/485 127/150/486 129/152/487 83/101/488
f 129/152/489 131/154/490 133/156/491 83/101/492
f 133/156/493 135/158/494 82/100/495 83/101/496
f 82/100/497 135/158/498 137/160/499 86/105/500
f 137/160/501 139/162/502 84/102/503 86/105/504
f 84/102/505 139/162/506 141/164/507 91/109/508
f 141/164/509 143/166/510 89/110/511 91/109/512
f 89/110/513 143/166/514 145/168/515 93/113/516
f 702/201/517 703/169/518 147/172/519 149/174/520
f 149/174/521 151/176/522 701/202/523 702/201/524
f 700/203/525 701/202/526 151/176/527 153/178/528
f 153/178/529 155/180/530 699/204/531 700/203/532
f 698/205/533 699/204/534 155/180/535 157/182/536
f 157/182/537 159/184/538 697/186/539 698/205/540
f 161/187/541 163/190/542 99/120/543 100/121/544
f 167/192/545 668/196/546 669/206/547 105/123/548
f 669/206/549 670/197/550 67/82/551 105/123/552
f 104/122/553 163/190/554 167/192/555 105/123/556
f 99/120/557 163/190/558 104/122/559 106/124/560
f 172/207/561 171/208/562 234/209/563 233/210/564
f 171/208/565 173/211/566 694/212/567 695/213/568
f 175/214/569 174/215/570 181/216/571 182/217/572
f 665/218/573 666/219/574 180/220/575 179/221/576
f 176/222/577 178/223/578 235/224/579 236/225/580
f 179/221/581 180/220/582 182/217/583 181/216/584
f 183/226/585 184/227/586 236/225/587 235/224/588
f 184/227/589 183/226/590 185/228/591 186/229/592
f 186/229/593 185/228/594 187/230/595 188/231/596
f 188/231/597 187/230/598 189/232/599 190/233/600
f 190/233/601 189/232/602 191/234/603 192/235/604
f 676/236/605 677/237/606 193/238/607 194/239/608
f 194/239/609 193/238/610 195/240/611 196/241/612
f 196/241/613 195/240/614 197/242/615 198/243/616
f 198/243/617 197/242/618 199/244/619 200/245/620
f 200/245/621 199/244/622 201/246/623 202/247/624
f 202/247/625 201/246/626 203/248/627 204/249/628
f 204/249/629 203/248/630 205/250/631 206/251/632
f 206/251/633 205/250/634 207/252/635 208/253/636
f 208/253/637 207/252/638 209/254/639 210/255/640
f 210/255/641 209/254/642 211/256/643 212/257/644
f 212/257/645 211/256/646 213/258/647 214/259/648
f 214/259/649 213/258/650 215/260/651 216/261/652
f 216/261/653 215/260/654 217/262/655 218/263/656
f 218/263/657 217/262/658 219/264/659 220/265/660
f 220/265/661 219/264/662 221/266/663 222/267/664
f 705/268/665 706/269/666 223/270/667 224/271/668
f 224/271/669 223/270/670 225/272/671 226/273/672
f 226/273/673 225/272/674 227/274/675 228/275/676
f 228/275/677 227/274/678 229/276/679 230/277/680
f 230/277/681 229/276/682 231/278/683 232/279/684
f 232/279/685 231/278/686 233/210/687 234/209/688
f 240/280/689 181/216/690 174/215/691
f 695/213/692 696/185/693 160/183/694 171/208/695
f 666/219/696 667/195/697 168/191/698 180/220/699
f 168/191/700 164/189/701 182/217/702 180/220/703
f 164/189/704 162/188/705 175/214/706 182/217/707
f 110/127/708 108/126/709 184/227/710 186/229/711
f 112/131/712 110/127/713 186/229/714 188/231/715
f 114/133/716 112/131/717 188/231/718 190/233/719
f 116/135/720 114/133/721 190/233/722 192/235/723
f 118/139/724 675/138/725 676/236/726 194/239/727
f 120/141/728 118/139/729 194/239/730 196/241/731
f 122/143/732 120/141/733 196/241/734 198/243/735
f 124/145/736 122/143/737 198/243/738 200/245/739
f 126/147/740 124/145/741 200/245/742 202/247/743
f 128/149/744 126/147/745 202/247/746 204/249/747
f 130/151/748 128/149/749 204/249/750 206/251/751
f 132/153/752 130/151/753 206/251/754 208/253/755
f 134/155/756 132/153/757 208/253/758 210/255/759
f 136/157/760 134/155/761 210/255/762 212/257/763
f 138/159/764 136/157/765 212/257/766 214/259/767
f 140/161/768 138/159/769 214/259/770 216/261/771
f 142/163/772 140/161/773 216/261/774 218/263/775
f 144/165/776 142/163/777 218/263/778 220/265/779
f 146/167/780 144/165/781 220/265/782 222/267/783
f 148/171/784 704/170/785 705/268/786 224/271/787
f 150/173/788 148/171/789 224/271/790 226/273/791
f 152/175/792 150/173/793 226/273/794 228/275/795
f 154/177/796 152/175/797 228/275/798 230/277/799
f 156/179/800 154/177/801 230/277/802 232/279/803
f 158/181/804 156/179/805 232/279/806 234/209/807
f 160/183/808 158/181/809 234/209/810 171/208/811
f 170/130/812 166/194/813 176/222/814 236/225/815
f 108/126/816 170/130/817 236/225/818 184/227/819
f 171/208/820 172/207/821 173/211/822
f 176/222/823 177/281/824 178/223/825
f 737/282/826 738/283/827 245/284/828 244/285/829
f 238/286/830 237/287/831 692/288/832 693/289/833
f 239/290/834 241/291/835 663/292/836 664/293/837
f 243/294/838 242/295/839 721/296/840 722/297/841
f 101/298/842 691/299/843 692/288/844 237/287/845
f 103/300/846 662/301/847 663/292/848 241/291/849
f 58/302/850 736/303/851 737/282/852 244/285/853
f 102/304/854 720/305/855 721/296/856 242/295/857
f 693/289/858 694/212/859 173/211/860 238/286/861
f 664/293/862 665/218/863 179/221/864 239/290/865
f 239/290/866 240/280/867 241/291/868
f 246/306/869 247/307/870 309/308/871 308/309/872
f 247/307/873 246/306/874 248/310/875 249/311/876
f 249/311/877 248/310/878 250/312/879 251/313/880
f 251/313/881 250/312/882 252/314/883 253/315/884
f 253/315/885 252/314/886 254/316/887 255/317/888
f 678/318/889 679/319/890 256/320/891 257/321/892
f 257/321/893 256/320/894 258/322/895 259/323/896
f 259/323/897 258/322/898 260/324/899 261/325/900
f 261/325/901 260/324/902 262/326/903 263/327/904
f 263/327/905 262/326/906 264/328/907 265/329/908
f 265/329/909 264/328/910 266/330/911 267/331/912
f 267/331/913 266/330/914 268/332/915 269/333/916
f 269/333/917 268/332/918 270/334/919 271/335/920
f 271/335/921 270/334/922 272/336/923 273/337/924
f 273/337/925 272/336/926 274/338/927 275/339/928
f 275/339/929 274/338/930 276/340/931 277/341/932
f 277/341/933 276/340/934 278/342/935 279/343/936
f 279/343/937 278/342/938 280/344/939 281/345/940
f 281/345/941 280/344/942 282/346/943 283/347/944
f 283/347/945 282/346/946 284/348/947 285/349/948
f 707/350/949 708/351/950 286/352/951 287/353/952
f 287/353/953 286/352/954 288/354/955 289/355/956
f 289/355/957 288/354/958 290/356/959 291/357/960
f 291/357/961 290/356/962 292/358/963 293/359/964
f 293/359/965 292/358/966 294/360/967 295/361/968
f 295/361/969 294/360/970 296/362/971 297/363/972
f 297/363/973 296/362/974 298/364/975 299/365/976
f 299/365/977 298/364/978 300/366/979 301/367/980
f 739/368/981 740/369/982 302/370/983 303/371/984
f 723/372/985 724/373/986 304/374/987 305/375/988
f 305/375/989 304/374/990 306/376/991 307/377/992
f 307/377/993 306/376/994 308/309/995 309/308/996
f 185/228/997 183/226/998 247/307/999 249/311/1000
f 187/230/1001 185/228/997 249/311/1000 251/313/1002
f 189/232/1003 187/230/1001 251/313/1002 253/315/1004
f 191/234/1005 189/232/1003 253/315/1004 255/317/1006
f 193/238/1007 677/237/1008 678/318/1009 257/321/1010
f 195/240/1011 193/238/1007 257/321/1010 259/323/1012
f 197/242/1013 195/240/1011 259/323/1012 261/325/1014
f 199/244/1015 197/242/1013 261/325/1014 263/327/1016
f 201/246/1017 199/244/1015 263/327/1016 265/329/1018
f 203/248/1019 201/246/1017 265/329/1018 267/331/1020
f 205/250/1021 203/248/1019 267/331/1020 269/333/1022
f 207/252/1023 205/250/1021 269/333/1022 271/335/1024
f 209/254/1025 207/252/1023 271/335/1024 273/337/1026
f 211/256/1027 209/254/1025 273/337/1026 275/339/1028
f 213/258/1029 211/256/1027 275/339/1028 277/341/1030
f 215/260/1031 213/258/1029 277/341/1030 279/343/1032
f 217/262/1033 215/260/1031 279/343/1032 281/345/1034
f 219/264/1035 217/262/1033 281/345/1034 283/347/1036
f 221/266/1037 219/264/1035 283/347/1036 285/349/1038
f 223/270/1039 706/269/1040 707/350/1041 287/353/1042
f 225/272/1043 223/270/1039 287/353/1042 289/355/1044
f 227/274/1045 225/272/1043 289/355/1044 291/357/1046
f 229/276/1047 227/274/1045 291/357/1046 293/359/1048
f 231/278/1049 229/276/1047 293/359/1048 295/361/1050
f 233/210/1051 231/278/1049 295/361/1050 297/363/1052
f 172/207/1053 233/210/1051 297/363/1052 299/365/1054
f 235/224/1055 178/223/1056 307/377/1057 309/308/1058
f 183/226/998 235/224/1055 309/308/1058 247/307/999
f 301/367/1059 173/211/860 172/207/1053 299/365/1054
f 245/284/1060 738/283/1061 739/368/1062 303/371/1063
f 243/294/1064 722/297/1065 723/372/1066 305/375/1067
f 178/223/1056 177/281/1068 305/375/1067 307/377/1057
f 310/378/1069 311/379/1070 373/380/1071 372/381/1072
f 311/379/1073 310/378/1074 312/382/1075 313/383/1076
f 313/383/1077 312/382/1078 314/384/1079 315/385/1080
f 315/385/1081 314/384/1082 316/386/1083 317/387/1084
f 317/387/1085 316/386/1086 318/388/1087 319/389/1088
f 680/390/1089 681/391/1090 320/392/1091 321/393/1092
f 321/393/1093 320/392/1094 322/394/1095 323/395/1096
f 323/395/1097 322/394/1098 324/396/1099 325/397/1100
f 325/397/1101 324/396/1102 326/398/1103 327/399/1104
f 327/399/1105 326/398/1106 328/400/1107 329/401/1108
f 329/401/1109 328/400/1110 330/402/1111 331/403/1112
f 331/403/1113 330/402/1114 332/404/1115 333/405/1116
f 333/405/1117 332/404/1118 334/406/1119 335/407/1120
f 335/407/1121 334/406/1122 336/408/1123 337/409/1124
f 337/409/1125 336/408/1126 338/410/1127 339/411/1128
f 339/411/1129 338/410/1130 340/412/1131 341/413/1132
f 341/413/1133 340/412/1134 342/414/1135 343/415/1136
f 343/415/1137 342/414/1138 344/416/1139 345/417/1140
f 345/417/1141 344/416/1142 346/418/1143 347/419/1144
f 347/419/1145 346/418/1146 348/420/1147 349/421/1148
f 709/422/1149 710/423/1150 350/424/1151 351/425/1152
f 351/425/1153 350/424/1154 352/426/1155 353/427/1156
f 353/427/1157 352/426/1158 354/428/1159 355/429/1160
f 355/429/1161 354/428/1162 356/430/1163 357/431/1164
f 357/431/1165 356/430/1166 358/432/1167 359/433/1168
f 359/433/1169 358/432/1170 360/434/1171 361/435/1172
f 361/435/1173 360/434/1174 362/436/1175 363/437/1176
f 363/437/1177 362/436/1178 364/438/1179 365/439/1180
f 741/440/1181 742/441/1182 366/442/1183 367/443/1184
f 725/444/1185 726/445/1186 368/446/1187 369/447/1188
f 369/447/1189 368/446/1190 370/448/1191 371/449/1192
f 371/449/1193 370/448/1194 372/381/1195 373/380/1196
f 311/379/1197 313/383/1198 248/310/1199 246/306/1200
f 313/383/1201 315/385/1202 250/312/1203 248/310/1204
f 315/385/1205 317/387/1206 252/314/1207 250/312/1208
f 317/387/1209 319/389/1210 254/316/1211 252/314/1212
f 679/319/1213 680/390/1214 321/393/1215 256/320/1216
f 321/393/1217 323/395/1218 258/322/1219 256/320/1220
f 323/395/1221 325/397/1222 260/324/1223 258/322/1224
f 325/397/1225 327/399/1226 262/326/1227 260/324/1228
f 327/399/1229 329/401/1230 264/328/1231 262/326/1232
f 329/401/1233 331/403/1234 266/330/1235 264/328/1236
f 331/403/1237 333/405/1238 268/332/1239 266/330/1240
f 333/405/1241 335/407/1242 270/334/1243 268/332/1244
f 335/407/1245 337/409/1246 272/336/1247 270/334/1248
f 337/409/1249 339/411/1250 274/338/1251 272/336/1252
f 339/411/1253 341/413/1254 276/340/1255 274/338/1256
f 341/413/1257 343/415/1258 278/342/1259 276/340/1260
f 343/415/1261 345/417/1262 280/344/1263 278/342/1264
f 345/417/1265 347/419/1266 282/346/1267 280/344/1268
f 347/419/1269 349/421/1270 284/348/1271 282/346/1272
f 708/351/1273 709/422/1274 351/425/1275 286/352/1276
f 351/425/1277 353/427/1278 288/354/1279 286/352/1280
f 353/427/1281 355/429/1282 290/356/1283 288/354/1284
f 355/429/1285 357/431/1286 292/358/1287 290/356/1288
f 357/431/1289 359/433/1290 294/360/1291 292/358/1292
f 359/433/1293 361/435/1294 296/362/1295 294/360/1296
f 361/435/1297 363/437/1298 298/364/1299 296/362/1300
f 363/437/1301 365/439/1302 300/366/1303 298/364/1304
f 740/369/1305 741/440/1306 367/443/1307 302/370/1308
f 724/373/1309 725/444/1310 369/447/1311 304/374/1312
f 369/447/1313 371/449/1314 306/376/1315 304/374/1316
f 371/449/1317 373/380/1318 308/309/1319 306/376/1320
f 373/380/1321 311/379/1322 246/306/1323 308/309/1324
f 374/450/1325 375/451/1326 437/452/1327 436/453/1328
f 375/451/1329 374/450/1330 376/454/1331 377/455/1332
f 377/455/1333 376/454/1334 378/456/1335 379/457/1336
f 379/457/1337 378/456/1338 380/458/1339 381/459/1340
f 381/459/1341 380/458/1342 382/460/1343 383/461/1344
f 682/462/1345 683/463/1346 384/464/1347 385/465/1348
f 385/465/1349 384/464/1350 386/466/1351 387/467/1352
f 387/467/1353 386/466/1354 388/468/1355 389/469/1356
f 389/469/1357 388/468/1358 390/470/1359 391/471/1360
f 391/471/1361 390/470/1362 392/472/1363 393/473/1364
f 393/473/1365 392/472/1366 394/474/1367 395/475/1368
f 395/475/1369 394/474/1370 396/476/1371 397/477/1372
f 397/477/1373 396/476/1374 398/478/1375 399/479/1376
f 399/479/1377 398/478/1378 400/480/1379 401/481/1380
f 401/481/1381 400/480/1382 402/482/1383 403/483/1384
f 403/483/1385 402/482/1386 404/484/1387 405/485/1388
f 405/485/1389 404/484/1390 406/486/1391 407/487/1392
f 407/487/1393 406/486/1394 408/488/1395 409/489/1396
f 409/489/1397 408/488/1398 410/490/1399 411/491/1400
f 411/491/1401 410/490/1402 412/492/1403 413/493/1404
f 711/494/1405 712/495/1406 414/496/1407 415/497/1408
f 415/497/1409 414/496/1410 416/498/1411 417/499/1412
f 417/499/1413 416/498/1414 418/500/1415 419/501/1416
f 419/501/1417 418/500/1418 420/502/1419 421/503/1420
f 421/503/1421 420/502/1422 422/504/1423 423/505/1424
f 423/505/1425 422/504/1426 424/506/1427 425/507/1428
f 425/507/1429 424/506/1430 426/508/1431 427/509/1432
f 427/509/1433 426/508/1434 428/510/1435 429/511/1436
f 743/512/1437 744/513/1438 430/514/1439 431/515/1440
f 727/516/1441 728/517/1442 432/518/1443 433/519/1444
f 433/519/1445 432/518/1446 434/520/1447 435/521/1448
f 435/521/1449 434/520/1450 436/453/1451 437/452/1452
f 312/382/1453 310/378/1454 375/451/1455 377/455/1456
f 314/384/1457 312/382/1458 377/455/1459 379/457/1460
f 316/386/1461 314/384/1462 379/457/1463 381/459/1464
f 318/388/1465 316/386/1466 381/459/1467 383/461/1468
f 320/392/1469 681/391/1470 682/462/1471 385/465/1472
f 322/394/1473 320/392/1474 385/465/1475 387/467/1476
f 324/396/1477 322/394/1478 387/467/1479 389/469/1480
f 326/398/1481 324/396/1482 389/469/1483 391/471/1484
f 328/400/1485 326/398/1486 391/471/1487 393/473/1488
f 330/402/1489 328/400/1490 393/473/1491 395/475/1492
f 332/404/1493 330/402/1494 395/475/1495 397/477/1496
f 334/406/1497 332/404/1498 397/477/1499 399/479/1500
f 336/408/1501 334/406/1502 399/479/1503 401/481/1504
f 338/410/1505 336/408/1506 401/481/1507 403/483/1508
f 340/412/1509 338/410/1510 403/483/1511 405/485/1512
f 342/414/1513 340/412/1514 405/485/1515 407/487/1516
f 344/416/1517 342/414/1518 407/487/1519 409/489/1520
f 346/418/1521 344/416/1522 409/489/1523 411/491/1524
f 348/420/1525 346/418/1526 411/491/1527 413/493/1528
f 350/424/1529 710/423/1530 711/494/1531 415/497/1532
f 352/426/1533 350/424/1534 415/497/1535 417/499/1536
f 354/428/1537 352/426/1538 417/499/1539 419/501/1540
f 356/430/1541 354/428/1542 419/501/1543 421/503/1544
f 358/432/1545 356/430/1546 421/503/1547 423/505/1548
f 360/434/1549 358/432/1550 423/505/1551 425/507/1552
f 362/436/1553 360/434/1554 425/507/1555 427/509/1556
f 364/438/1557 362/436/1558 427/509/1559 429/511/1560
f 366/442/1561 742/441/1562 743/512/1563 431/515/1564
f 368/446/1565 726/445/1566 727/516/1567 433/519/1568
f 370/448/1569 368/446/1570 433/519/1571 435/521/1572
f 372/381/1573 370/448/1574 435/521/1575 437/452/1576
f 310/378/1577 372/381/1578 437/452/1579 375/451/1580
f 438/522/1581 439/523/1582 501/524/1583 500/525/1584
f 439/523/1585 438/522/1586 440/526/1587 441/527/1588
f 441/527/1589 440/526/1590 442/528/1591 443/529/1592
f 443/529/1593 442/528/1594 444/530/1595 445/531/1596
f 445/531/1597 444/530/1598 446/532/1599 447/533/1600
f 684/534/1601 685/535/1602 448/536/1603 449/537/1604
f 449/537/1605 448/536/1606 450/538/1607 451/539/1608
f 451/539/1609 450/538/1610 452/540/1611 453/541/1612
f 453/541/1613 452/540/1614 454/542/1615 455/543/1616
f 455/543/1617 454/542/1618 456/544/1619 457/545/1620
f 457/545/1621 456/544/1622 458/546/1623 459/547/1624
f 459/547/1625 458/546/1626 460/548/1627 461/549/1628
f 461/549/1629 460/548/1630 462/550/1631 463/551/1632
f 463/551/1633 462/550/1634 464/552/1635 465/553/1636
f 465/553/1637 464/552/1638 466/554/1639 467/555/1640
f 467/555/1641 466/554/1642 468/556/1643 469/557/1644
f 469/557/1645 468/556/1646 470/558/1647 471/559/1648
f 471/559/1649 470/558/1650 472/560/1651 473/561/1652
f 473/561/1653 472/560/1654 474/562/1655 475/563/1656
f 475/563/1657 474/562/1658 476/564/1659 477/565/1660
f 713/566/1661 714/567/1662 478/568/1663 479/569/1664
f 479/569/1665 478/568/1666 480/570/1667 481/571/1668
f 481/571/1669 480/570/1670 482/572/1671 483/573/1672
f 483/573/1673 482/572/1674 484/574/1675 485/575/1676
f 485/575/1677 484/574/1678 486/576/1679 487/577/1680
f 487/577/1681 486/576/1682 488/578/1683 489/579/1684
f 489/579/1685 488/578/1686 490/580/1687 491/581/1688
f 491/581/1689 490/580/1690 492/582/1691 493/583/1692
f 745/584/1693 746/585/1694 494/586/1695 495/587/1696
f 729/588/1697 730/589/1698 496/590/1699 497/591/1700
f 497/591/1701 496/590/1702 498/592/1703 499/593/1704
f 499/593/1705 498/592/1706 500/525/1707 501/524/1708
f 376/454/1709 374/450/1710 439/523/1711 441/527/1712
f 378/456/1713 376/454/1714 441/527/1715 443/529/1716
f 380/458/1717 378/456/1718 443/529/1719 445/531/1720
f 382/460/1721 380/458/1722 445/531/1723 447/533/1724
f 384/464/1725 683/463/1726 684/534/1727 449/537/1728
f 386/466/1729 384/464/1730 449/537/1731 451/539/1732
f 388/468/1733 386/466/1734 451/539/1735 453/541/1736
f 390/470/1737 388/468/1738 453/541/1739 455/543/1740
f 392/472/1741 390/470/1742 455/543/1743 457/545/1744
f 394/474/1745 392/472/1746 457/545/1747 459/547/1748
f 396/476/1749 394/474/1750 459/547/1751 461/549/1752
f 398/478/1753 396/476/1754 461/549/1755 463/551/1756
f 400/480/1757 398/478/1758 463/551/1759 465/553/1760
f 402/482/1761 400/480/1762 465/553/1763 467/555/1764
f 404/484/1765 402/482/1766 467/555/1767 469/557/1768
f 406/486/1769 404/484/1770 469/557/1771 471/559/1772
f 408/488/1773 406/486/1774 471/559/1775 473/561/1776
f 410/490/1777 408/488/1778 473/561/1779 475/563/1780
f 412/492/1781 410/490/1782 475/563/1783 477/565/1784
f 414/496/1785 712/495/1786 713/566/1787 479/569/1788
f 416/498/1789 414/496/1790 479/569/1791 481/571/1792
f 418/500/1793 416/498/1794 481/571/1795 483/573/1796
f 420/502/1797 418/500/1798 483/573/1799 485/575/1800
f 422/504/1801 420/502/1802 485/575/1803 487/577/1804
f 424/506/1805 422/504/1806 487/577/1807 489/579/1808
f 426/508/1809 424/506/1810 489/579/1811 491/581/1812
f 428/510/1813 426/508/1814 491/581/1815 493/583/1816
f 430/514/1817 744/513/1818 745/584/1819 495/587/1820
f 432/518/1821 728/517/1822 729/588/1823 497/591/1824
f 434/520/1825 432/518/1826 497/591/1827 499/593/1828
f 436/453/1829 434/520/1830 499/593/1831 501/524/1832
f 374/450/1833 436/453/1834 501/524/1835 439/523/1836
f 502/594/1837 503/595/1838 565/596/1839 564/597/1840
f 503/595/1841 502/594/1842 504/598/1843 505/599/1844
f 505/599/1845 504/598/1846 506/600/1847 507/601/1848
f 507/601/1849 506/600/1850 508/602/1851 509/603/1852
f 509/603/1853 508/602/1854 510/604/1855 511/605/1856
f 686/606/1857 687/607/1858 512/608/1859 513/609/1860
f 513/609/1861 512/608/1862 514/610/1863 515/611/1864
f 515/611/1865 514/610/1866 516/612/1867 517/613/1868
f 517/613/1869 516/612/1870 518/614/1871 519/615/1872
f 519/615/1873 518/614/1874 520/616/1875 521/617/1876
f 521/617/1877 520/616/1878 522/618/1879 523/619/1880
f 523/619/1881 522/618/1882 524/620/1883 525/621/1884
f 525/621/1885 524/620/1886 526/622/1887 527/623/1888
f 527/623/1889 526/622/1890 528/624/1891 529/625/1892
f 529/625/1893 528/624/1894 530/626/1895 531/627/1896
f 531/627/1897 530/626/1898 532/628/1899 533/629/1900
f 533/629/1901 532/628/1902 534/630/1903 535/631/1904
f 535/631/1905 534/630/1906 536/632/1907 537/633/1908
f 537/633/1909 536/632/1910 538/634/1911 539/635/1912
f 539/635/1913 538/634/1914 540/636/1915 541/637/1916
f 715/638/1917 716/639/1918 542/640/1919 543/641/1920
f 543/641/1921 542/640/1922 544/642/1923 545/643/1924
f 545/643/1925 544/642/1926 546/644/1927 547/645/1928
f 547/645/1929 546/644/1930 548/646/1931 549/647/1932
f 549/647/1933 548/646/1934 550/648/1935 551/649/1936
f 551/649/1937 550/648/1938 552/650/1939 553/651/1940
f 553/651/1941 552/650/1942 554/652/1943 555/653/1944
f 555/653/1945 554/652/1946 556/654/1947 557/655/1948
f 747/656/1949 748/657/1950 558/658/1951 559/659/1952
f 731/660/1953 732/661/1954 560/662/1955 561/663/1956
f 561/663/1957 560/662/1958 562/664/1959 563/665/1960
f 563/665/1961 562/664/1962 564/597/1963 565/596/1964
f 440/526/1965 438/522/1966 503/595/1967 505/599/1968
f 442/528/1969 440/526/1970 505/599/1971 507/601/1972
f 444/530/1973 442/528/1974 507/601/1975 509/603/1976
f 446/532/1977 444/530/1978 509/603/1979 511/605/1980
f 448/536/1981 685/535/1982 686/606/1983 513/609/1984
f 450/538/1985 448/536/1986 513/609/1987 515/611/1988
f 452/540/1989 450/538/1990 515/611/1991 517/613/1992
f 454/542/1993 452/540/1994 517/613/1995 519/615/1996
f 456/544/1997 454/542/1998 519/615/1999 521/617/2000
f 458/546/2001 456/544/2002 521/617/2003 523/619/2004
f 460/548/2005 458/546/2006 523/619/2007 525/621/2008
f 462/550/2009 460/548/2010 525/621/2011 527/623/2012
f 464/552/2013 462/550/2014 527/623/2015 529/625/2016
f 466/554/2017 464/552/2018 529/625/2019 531/627/2020
f 468/556/2021 466/554/2022 531/627/2023 533/629/2024
f 470/558/2025 468/556/2026 533/629/2027 535/631/2028
f 472/560/2029 470/558/2030 535/631/2031 537/633/2032
f 474/562/2033 472/560/2034 537/633/2035 539/635/2036
f 476/564/2037 474/562/2038 539/635/2039 541/637/2040
f 478/568/2041 714/567/2042 715/638/2043 543/641/2044
f 480/570/2045 478/568/2046 543/641/2047 545/643/2048
f 482/572/2049 480/570/2050 545/643/2051 547/645/2052
f 484/574/2053 482/572/2054 547/645/2055 549/647/2056
f 486/576/2057 484/574/2058 549/647/2059 551/649/2060
f 488/578/2061 486/576/2062 551/649/2063 553/651/2064
f 490/580/2065 488/578/2066 553/651/2067 555/653/2068
f 492/582/2069 490/580/2070 555/653/2071 557/655/2072
f 494/586/2073 746/585/2074 747/656/2075 559/659/2076
f 496/590/2077 730/589/2078 731/660/2079 561/663/2080
f 498/592/2081 496/590/2082 561/663/2083 563/665/2084
f 500/525/2085 498/592/2086 563/665/2087 565/596/2088
f 438/522/2089 500/525/2090 565/596/2091 503/595/2092
f 566/666/2093 567/667/2094 629/668/2095 628/669/2096
f 567/667/2097 566/666/2098 568/670/2099 569/671/2100
f 569/671/2101 568/670/2102 570/672/2103 571/673/2104
f 571/673/2105 570/672/2106 572/674/2107 573/675/2108
f 573/675/2109 572/674/2110 574/676/2111 575/677/2112
f 688/678/2113 689/679/2114 576/680/2115 577/681/2116
f 577/681/2117 576/680/2118 578/682/2119 579/683/2120
f 579/683/2121 578/682/2122 580/684/2123 581/685/2124
f 581/685/2125 580/684/2126 582/686/2127 583/687/2128
f 583/687/2129 582/686/2130 584/688/2131 585/689/2132
f 585/689/2133 584/688/2134 586/690/2135 587/691/2136
f 587/691/2137 586/690/2138 588/692/2139 589/693/2140
f 589/693/2141 588/692/2142 590/694/2143 591/695/2144
f 591/695/2145 590/694/2146 592/696/2147 593/697/2148
f 593/697/2149 592/696/2150 594/698/2151 595/699/2152
f 595/699/2153 594/698/2154 596/700/2155 597/701/2156
f 597/701/2157 596/700/2158 598/702/2159 599/703/2160
f 599/703/2161 598/702/2162 600/704/2163 601/705/2164
f 601/705/2165 600/704/2166 602/706/2167 603/707/2168
f 603/707/2169 602/706/2170 604/708/2171 605/709/2172
f 717/710/2173 718/711/2174 606/712/2175 607/713/2176
f 607/713/2177 606/712/2178 608/714/2179 609/715/2180
f 609/715/2181 608/714/2182 610/716/2183 611/717/2184
f 611/717/2185 610/716/2186 612/718/2187 613/719/2188
f 613/719/2189 612/718/2190 614/720/2191 615/721/2192
f 615/721/2193 614/720/2194 616/722/2195 617/723/2196
f 617/723/2197 616/722/2198 618/724/2199 619/725/2200
f 619/725/2201 618/724/2202 620/726/2203 621/727/2204
f 749/728/2205 750/729/2206 622/730/2207 623/731/2208
f 733/732/2209 734/733/2210 624/734/2211 625/735/2212
f 625/735/2213 624/734/2214 626/736/2215 627/737/2216
f 627/737/2217 626/736/2218 628/669/2219 629/668/2220
f 504/598/2221 502/594/2222 567/667/2223 569/671/2224
f 506/600/2225 504/598/2226 569/671/2227 571/673/2228
f 508/602/2229 506/600/2230 571/673/2231 573/675/2232
f 510/604/2233 508/602/2234 573/675/2235 575/677/2236
f 512/608/2237 687/607/2238 688/678/2239 577/681/2240
f 514/610/2241 512/608/2242 577/681/2243 579/683/2244
f 516/612/2245 514/610/2246 579/683/2247 581/685/2248
f 518/614/2249 516/612/2250 581/685/2251 583/687/2252
f 520/616/2253 518/614/2254 583/687/2255 585/689/2256
f 522/618/2257 520/616/2258 585/689/2259 587/691/2260
f 524/620/2261 522/618/2262 587/691/2263 589/693/2264
f 526/622/2265 524/620/2266 589/693/2267 591/695/2268
f 528/624/2269 526/622/2270 591/695/2271 593/697/2272
f 530/626/2273 528/624/2274 593/697/2275 595/699/2276
f 532/628/2277 530/626/2278 595/699/2279 597/701/2280
f 534/630/2281 532/628/2282 597/701/2283 599/703/2284
f 536/632/2285 534/630/2286 599/703/2287 601/705/2288
f 538/634/2289 536/632/2290 601/705/2291 603/707/2292
f 540/636/2293 538/634/2294 603/707/2295 605/709/2296
f 542/640/2297 716/639/2298 717/710/2299 607/713/2300
f 544/642/2301 542/640/2302 607/713/2303 609/715/2304
f 546/644/2305 544/642/2306 609/715/2307 611/717/2308
f 548/646/2309 546/644/2310 611/717/2311 613/719/2312
f 550/648/2313 548/646/2314 613/719/2315 615/721/2316
f 552/650/2317 550/648/2318 615/721/2319 617/723/2320
f 554/652/2321 552/650/2322 617/723/2323 619/725/2324
f 556/654/2325 554/652/2326 619/725/2327 621/727/2328
f 558/658/2329 748/657/2330 749/728/2331 623/731/2332
f 560/662/2333 732/661/2334 733/732/2335 625/735/2336
f 562/664/2337 560/662/2338 625/735/2339 627/737/2340
f 564/597/2341 562/664/2342 627/737/2343 629/668/2344
f 502/594/2345 564/597/2346 629/668/2347 567/667/2348
f 566/666/2349 628/669/2350 630/738/2351 631/739/2352
f 568/670/2353 566/666/2354 631/739/2355 632/740/2356
f 570/672/2357 568/670/2358 632/740/2359 633/741/2360
f 572/674/2361 570/672/2362 633/741/2363 634/742/2364
f 574/676/2365 572/674/2366 634/742/2367 635/743/2368
f 576/680/2369 689/679/2370 690/744/2371 636/745/2372
f 578/682/2373 576/680/2374 636/745/2375 637/746/2376
f 580/684/2377 578/682/2378 637/746/2379 638/747/2380
f 582/686/2381 580/684/2382 638/747/2383 639/748/2384
f 584/688/2385 582/686/2386 639/748/2387 640/749/2388
f 586/690/2389 584/688/2390 640/749/2391 641/750/2392
f 588/692/2393 586/690/2394 641/750/2395 642/751/2396
f 590/694/2397 588/692/2398 642/751/2399 643/752/2400
f 592/696/2401 590/694/2402 643/752/2403 644/753/2404
f 594/698/2405 592/696/2406 644/753/2407 645/754/2408
f 596/700/2409 594/698/2410 645/754/2411 646/755/2412
f 598/702/2413 596/700/2414 646/755/2415 647/756/2416
f 600/704/2417 598/702/2418 647/756/2419 648/757/2420
f 602/706/2421 600/704/2422 648/757/2423 649/758/2424
f 604/708/2425 602/706/2426 649/758/2427 650/759/2428
f 606/712/2429 718/711/2430 719/760/2431 651/761/2432
f 608/714/2433 606/712/2434 651/761/2435 652/762/2436
f 610/716/2437 608/714/2438 652/762/2439 653/763/2440
f 612/718/2441 610/716/2442 653/763/2443 654/764/2444
f 614/720/2445 612/718/2446 654/764/2447 655/765/2448
f 616/722/2449 614/720/2450 655/765/2451 656/766/2452
f 618/724/2453 616/722/2454 656/766/2455 657/767/2456
f 620/726/2457 618/724/2458 657/767/2459 658/768/2460
f 622/730/2461 750/729/2462 751/769/2463 659/770/2464
f 624/734/2465 734/733/2466 735/771/2467 660/772/2468
f 626/736/2469 624/734/2470 660/772/2471 661/773/2472
f 628/669/2473 626/736/2474 661/773/2475 630/738/2476
f 238/286/861 173/211/860 301/367/1059
f 179/221/864 181/216/690 239/290/865
f 239/290/865 181/216/690 240/280/689
f 305/375/1067 177/281/1068 243/294/1064
f 663/292/2477 662/301/2478 102/304/2479 242/295/2480
f 664/293/2481 663/292/2482 242/295/2483 243/294/2484
f 243/294/1064 177/281/1068 665/218/863 664/293/862
f 177/281/2485 176/222/2486 666/219/2487 665/218/2488
f 166/194/2489 667/195/2490 666/219/2491 176/222/2492
f 166/194/2493 165/193/2494 668/196/2495 667/195/2496
f 669/206/2497 668/196/2498 165/193/2499 169/129/2500
f 169/129/2501 107/125/2502 670/197/2503 669/206/2504
f 671/198/2505 670/197/2506 107/125/2507 109/128/2508
f 109/128/2509 111/132/2510 672/199/2511 671/198/2512
f 673/200/2513 672/199/2514 111/132/2515 113/134/2516
f 113/134/2517 115/136/2518 674/137/2519 673/200/2520
f 115/136/2521 116/135/2522 675/138/2523 674/137/2524
f 676/236/2525 675/138/2526 116/135/2527 192/235/2528
f 192/235/2529 191/234/2530 677/237/2531 676/236/2532
f 678/318/1009 677/237/1008 191/234/1005 255/317/1006
f 255/317/2533 254/316/2534 679/319/2535 678/318/2536
f 319/389/2537 680/390/2538 679/319/2539 254/316/2540
f 319/389/2541 318/388/2542 681/391/2543 680/390/2544
f 682/462/2545 681/391/2546 318/388/2547 383/461/2548
f 383/461/2549 382/460/2550 683/463/2551 682/462/2552
f 684/534/2553 683/463/2554 382/460/2555 447/533/2556
f 447/533/2557 446/532/2558 685/535/2559 684/534/2560
f 686/606/2561 685/535/2562 446/532/2563 511/605/2564
f 511/605/2565 510/604/2566 687/607/2567 686/606/2568
f 688/678/2569 687/607/2570 510/604/2571 575/677/2572
f 575/677/2573 574/676/2574 689/679/2575 688/678/2576
f 690/744/2577 689/679/2578 574/676/2579 635/743/2580
f 692/288/2581 691/299/2582 103/300/2583 241/291/2584
f 693/289/2585 692/288/2586 241/291/2587 240/280/2588
f 174/215/691 694/212/859 693/289/858 240/280/689
f 695/213/2589 694/212/2590 174/215/2591 175/214/2592
f 162/188/2593 696/185/2594 695/213/2595 175/214/2596
f 697/186/2597 696/185/2598 162/188/2599 161/187/2600
f 698/205/2601 697/186/2602 161/187/2603 100/121/2604
f 94/114/2605 699/204/2606 698/205/2607 100/121/2608
f 700/203/2609 699/204/2610 94/114/2611 96/117/2612
f 92/112/2613 701/202/2614 700/203/2615 96/117/2616
f 702/201/2617 701/202/2618 92/112/2619 93/113/2620
f 145/168/2621 703/169/2622 702/201/2623 93/113/2624
f 145/168/2625 146/167/2626 704/170/2627 703/169/2628
f 705/268/2629 704/170/2630 146/167/2631 222/267/2632
f 222/267/2633 221/266/2634 706/269/2635 705/268/2636
f 707/350/1041 706/269/1040 221/266/1037 285/349/1038
f 285/349/2637 284/348/2638 708/351/2639 707/350/2640
f 349/421/2641 709/422/2642 708/351/2643 284/348/2644
f 349/421/2645 348/420/2646 710/423/2647 709/422/2648
f 711/494/2649 710/423/2650 348/420/2651 413/493/2652
f 413/493/2653 412/492/2654 712/495/2655 711/494/2656
f 713/566/2657 712/495/2658 412/492/2659 477/565/2660
f 477/565/2661 476/564/2662 714/567/2663 713/566/2664
f 715/638/2665 714/567/2666 476/564/2667 541/637/2668
f 541/637/2669 540/636/2670 716/639/2671 715/638/2672
f 717/710/2673 716/639/2674 540/636/2675 605/709/2676
f 605/709/2677 604/708/2678 718/711/2679 717/710/2680
f 719/760/2681 718/711/2682 604/708/2683 650/759/2684
f 721/296/2685 720/305/2686 58/774/2687 244/775/2688
f 722/297/2689 721/296/2690 244/775/829 245/776/828
f 723/372/1066 722/297/1065 245/776/1060 303/777/1063
f 303/777/2691 302/778/2692 724/373/2693 723/372/2694
f 367/779/2695 725/444/2696 724/373/2697 302/778/2698
f 367/779/2699 366/780/2700 726/445/2701 725/444/2702
f 727/516/2703 726/445/2704 366/780/2705 431/781/2706
f 431/781/2707 430/782/2708 728/517/2709 727/516/2710
f 729/588/2711 728/517/2712 430/782/2713 495/783/2714
f 495/783/2715 494/784/2716 730/589/2717 729/588/2718
f 731/660/2719 730/589/2720 494/784/2721 559/785/2722
f 559/785/2723 558/786/2724 732/661/2725 731/660/2726
f 733/732/2727 732/661/2728 558/786/2729 623/787/2730
f 623/787/2731 622/788/2732 734/733/2733 733/732/2734
f 735/771/2735 734/733/2736 622/788/2737 659/789/2738
f 737/282/2739 736/303/2740 101/298/2741 237/287/2742
f 237/287/2743 238/286/2744 738/283/2745 737/282/2746
f 739/368/1062 738/283/1061 238/286/861 301/367/1059
f 301/367/2747 300/366/2748 740/369/2749 739/368/2750
f 365/439/2751 741/440/2752 740/369/2753 300/366/2754
f 365/439/2755 364/438/2756 742/441/2757 741/440/2758
f 743/512/2759 742/441/2760 364/438/2761 429/511/2762
f 429/511/2763 428/510/2764 744/513/2765 743/512/2766
f 745/584/2767 744/513/2768 428/510/2769 493/583/2770
f 493/583/2771 492/582/2772 746/585/2773 745/584/2774
f 747/656/2775 746/585/2776 492/582/2777 557/655/2778
f 557/655/2779 556/654/2780 748/657/2781 747/656/2782
f 749/728/2783 748/657/2784 556/654/2785 621/727/2786
f 621/727/2787 620/726/2788 750/729/2789 749/728/2790
f 751/769/2791 750/729/2792 620/726/2793 658/768/2794
g default
v -1.745160 0.718631 -4.411196
v -1.630526 1.949985 -4.411196
v -1.800600 0.718631 -4.132434
v -1.694694 1.949985 -4.088548
v -1.958510 0.718631 -3.896089
v -1.877453 1.949985 -3.815032
v -2.194855 0.718631 -3.738179
v -2.150969 1.949985 -3.632273
v -2.473617 0.718631 -3.682739
v -2.473617 1.949985 -3.568105
v -2.752379 0.718631 -3.738179
v -2.796265 1.949985 -3.632273
v -2.988724 0.718631 -3.896089
v -3.069781 1.949985 -3.815032
v -3.146634 0.718631 -4.132434
v -3.252540 1.949985 -4.088548
v -3.202074 0.718631 -4.411196
v -3.316708 1.949985 -4.411196
v -3.146634 0.718631 -4.689958
v -3.252540 1.949985 -4.733844
v -2.988724 0.718631 -4.926302
v -3.069781 1.949985 -5.007360
v -2.752379 0.718631 -5.084213
v -2.796265 1.949985 -5.190119
v -2.473617 0.718631 -5.139653
v -2.473617 1.949985 -5.254287
v -2.194855 0.718631 -5.084213
v -2.150969 1.949985 -5.190119
v -1.694694 1.949985 -4.733844
v -1.800600 0.718631 -4.689958
v -1.958510 0.718631 -4.926302
v -1.877453 1.949985 -5.007360
v -1.694694 1.949985 -4.733844
v -1.630526 1.949985 -4.411196
v -1.800600 0.718631 -4.689958
v -1.745160 0.718631 -4.411196
v -1.694694 1.949985 -4.088548
v -1.800600 0.718631 -4.132434
v -1.877453 1.949985 -3.815032
v -1.958510 0.718631 -3.896089
v -2.150969 1.949985 -3.632273
v -2.194855 0.718631 -3.738179
v -2.473617 1.949985 -3.568105
v -2.473617 0.718631 -3.682739
v -2.796265 1.949985 -3.632273
v -2.752379 0.718631 -3.738179
v -3.069781 1.949985 -3.815032
v -2.988724 0.718631 -3.896089
v -3.252540 1.949985 -4.088548
v -3.146634 0.718631 -4.132434
v -3.316708 1.949985 -4.411196
v -3.202074 0.718631 -4.411196
v -3.252540 1.949985 -4.733844
v -3.146634 0.718631 -4.689958
v -3.069781 1.949985 -5.007360
v -2.988724 0.718631 -4.926302
v -2.796265 1.949985 -5.190119
v -2.752379 0.718631 -5.084213
v -2.473617 1.949985 -5.254287
v -2.473617 0.718631 -5.139653
v -2.150969 1.949985 -5.190119
v -2.194855 0.718631 -5.084213
v -1.877453 1.949985 -5.007360
v -1.958510 0.718631 -4.926302
v -1.699329 1.536443 -4.731923
v -1.635523 1.536443 -4.411196
v -1.734624 1.126000 -4.717294
v -1.673734 1.126000 -4.411196
v -1.699329 1.536443 -4.090470
v -1.734624 1.126000 -4.105099
v -1.881002 1.536443 -3.818581
v -1.908022 1.126000 -3.845601
v -2.152891 1.536443 -3.636908
v -2.167520 1.126000 -3.672203
v -2.473617 1.536443 -3.573102
v -2.473617 1.126000 -3.611313
v -2.794343 1.536443 -3.636908
v -2.779714 1.126000 -3.672203
v -3.066232 1.536443 -3.818581
v -3.039212 1.126000 -3.845601
v -3.247905 1.536443 -4.090470
v -3.212610 1.126000 -4.105099
v -3.311711 1.536443 -4.411196
v -3.273500 1.126000 -4.411196
v -3.247905 1.536443 -4.731923
v -3.212610 1.126000 -4.717294
v -3.066232 1.536443 -5.003810
v -3.039212 1.126000 -4.976791
v -2.794343 1.536443 -5.185484
v -2.779714 1.126000 -5.150189
v -2.473617 1.536443 -5.249290
v -2.473617 1.126000 -5.211079
v -2.152891 1.536443 -5.185484
v -2.167520 1.126000 -5.150189
v -1.881002 1.536443 -5.003810
v -1.908022 1.126000 -4.976791
v -1.674119 1.947905 -4.742368
v -1.665459 1.936848 -4.745941
v -1.598872 1.936848 -4.411196
v -1.608232 1.947905 -4.411196
v -1.769624 0.725730 -4.702800
v -1.780048 0.716573 -4.698482
v -1.722911 0.716573 -4.411196
v -1.711629 0.725730 -4.411196
v -1.665459 1.936848 -4.076451
v -1.674119 1.947905 -4.080024
v -1.780048 0.716573 -4.123910
v -1.769624 0.725730 -4.119592
v -1.855068 1.936848 -3.792647
v -1.861693 1.947905 -3.799272
v -1.942796 0.716573 -3.880375
v -1.934815 0.725730 -3.872394
v -2.138872 1.936848 -3.603038
v -2.142445 1.947905 -3.611697
v -2.186331 0.716573 -3.717627
v -2.182013 0.725730 -3.707203
v -2.473617 1.936848 -3.536451
v -2.473617 1.947905 -3.545811
v -2.473617 0.716573 -3.660491
v -2.473617 0.725730 -3.649208
v -2.808362 1.936848 -3.603038
v -2.804789 1.947905 -3.611697
v -2.760903 0.716573 -3.717627
v -2.765221 0.725730 -3.707203
v -3.092166 1.936848 -3.792647
v -3.085541 1.947905 -3.799272
v -3.004438 0.716573 -3.880375
v -3.012419 0.725730 -3.872394
v -3.281775 1.936848 -4.076451
v -3.273116 1.947905 -4.080024
v -3.167186 0.716573 -4.123910
v -3.177610 0.725730 -4.119592
v -3.348362 1.936848 -4.411196
v -3.339002 1.947905 -4.411196
v -3.224322 0.716573 -4.411196
v -3.235605 0.725730 -4.411196
v -3.281775 1.936848 -4.745941
v -3.273116 1.947905 -4.742368
v -3.167186 0.716573 -4.698482
v -3.177610 0.725730 -4.702800
v -3.092166 1.936848 -5.029745
v -3.085541 1.947905 -5.023120
v -3.004438 0.716573 -4.942017
v -3.012419 0.725730 -4.949998
v -2.808362 1.936848 -5.219355
v -2.804789 1.947905 -5.210694
v -2.760903 0.716573 -5.104765
v -2.765221 0.725730 -5.115189
v -2.473617 1.936848 -5.285942
v -2.473617 1.947905 -5.276581
v -2.473617 0.716573 -5.161902
v -2.473617 0.725730 -5.173184
v -2.138872 1.936848 -5.219355
v -2.142445 1.947905 -5.210694
v -2.186331 0.716573 -5.104765
v -2.182013 0.725730 -5.115189
v -1.855068 1.936848 -5.029745
v -1.861693 1.947905 -5.023120
v -1.942796 0.716573 -4.942017
v -1.934815 0.725730 -4.949998
vt 0.934003 0.674156
vt 0.934003 0.718371
vt 0.872139 0.718371
vt 0.872139 0.674156
vt 0.934003 0.629991
vt 0.872139 0.629991
vt 0.934003 0.584000
vt 0.872139 0.584000
vt 0.934003 0.536941
vt 0.872139 0.536941
vt 0.934003 0.490565
vt 0.872139 0.490565
vt 0.934003 0.444551
vt 0.872139 0.444551
vt 0.934003 0.397539
vt 0.872139 0.397539
vt 0.934003 0.350524
vt 0.872139 0.350524
vt 0.934003 0.304363
vt 0.872139 0.304363
vt 0.934003 0.256499
vt 0.872139 0.256499
vt 0.934003 0.209002
vt 0.872139 0.209002
vt 0.934003 0.163572
vt 0.872139 0.163572
vt 0.934003 0.119288
vt 0.872139 0.119288
vt 0.934003 0.074315
vt 0.872139 0.074315
vt 0.934003 0.029483
vt 0.872139 0.029483
vt 0.934003 0.764481
vt 0.872139 0.764481
vt 0.806465 0.733833
vt 0.806465 0.688232
vt 0.806465 0.674156
vt 0.806465 0.718371
vt 0.997559 0.660062
vt 0.997559 0.702582
vt 0.997559 0.718371
vt 0.997559 0.674156
vt 0.806465 0.643091
vt 0.806465 0.629991
vt 0.997559 0.616892
vt 0.997559 0.629991
vt 0.806465 0.595394
vt 0.806465 0.584000
vt 0.997559 0.584000
vt 0.997559 0.584000
vt 0.806465 0.536941
vt 0.806465 0.536941
vt 0.997559 0.528292
vt 0.997559 0.536941
vt 0.806465 0.490565
vt 0.806465 0.490565
vt 0.997559 0.484720
vt 0.997559 0.490565
vt 0.806465 0.448020
vt 0.806465 0.444551
vt 0.997559 0.444551
vt 0.997559 0.444551
vt 0.806465 0.397539
vt 0.806465 0.397539
vt 0.997559 0.396204
vt 0.997559 0.397539
vt 0.806465 0.349849
vt 0.806465 0.350524
vt 0.997559 0.350524
vt 0.997559 0.350524
vt 0.806465 0.304363
vt 0.806465 0.304363
vt 0.997559 0.307852
vt 0.997559 0.304363
vt 0.806465 0.250475
vt 0.806465 0.256499
vt 0.997559 0.262529
vt 0.997559 0.256499
vt 0.806465 0.198821
vt 0.806465 0.209002
vt 0.997559 0.209002
vt 0.997559 0.209002
vt 0.806465 0.163572
vt 0.806465 0.163572
vt 0.997559 0.177756
vt 0.997559 0.163572
vt 0.806465 0.100609
vt 0.806465 0.119288
vt 0.997559 0.119288
vt 0.997559 0.119288
vt 0.806465 0.051182
vt 0.806465 0.074315
vt 0.997559 0.074315
vt 0.997559 0.074315
vt 0.806465 0.002441
vt 0.806465 0.029483
vt 0.997559 0.060072
vt 0.997559 0.060071
vt 0.806465 0.781045
vt 0.806465 0.764481
vt 0.997559 0.743940
vt 0.997559 0.743941
vt 0.809751 0.718371
vt 0.811899 0.718371
vt 0.811899 0.764481
vt 0.809751 0.764481
vt 0.809751 0.674156
vt 0.811899 0.674156
vt 0.809751 0.629991
vt 0.811899 0.629991
vt 0.992665 0.718371
vt 0.994624 0.718371
vt 0.994624 0.745771
vt 0.992665 0.764481
vt 0.992665 0.674156
vt 0.994624 0.674156
vt 0.992665 0.629991
vt 0.994624 0.629991
vt 0.809751 0.584000
vt 0.811899 0.584000
vt 0.992665 0.584000
vt 0.994624 0.584000
vt 0.809751 0.536941
vt 0.811899 0.536941
vt 0.992665 0.536941
vt 0.994624 0.536941
vt 0.809751 0.490565
vt 0.811899 0.490565
vt 0.992665 0.490565
vt 0.994624 0.490565
vt 0.809751 0.444551
vt 0.811899 0.444551
vt 0.992665 0.444551
vt 0.994624 0.444551
vt 0.809751 0.397539
vt 0.811899 0.397539
vt 0.992665 0.397539
vt 0.994624 0.397539
vt 0.809751 0.350524
vt 0.811899 0.350524
vt 0.992665 0.350524
vt 0.994624 0.350524
vt 0.809751 0.304363
vt 0.811899 0.304363
vt 0.992665 0.304363
vt 0.994624 0.304363
vt 0.809751 0.256499
vt 0.811899 0.256499
vt 0.992665 0.256499
vt 0.994624 0.256499
vt 0.809751 0.209002
vt 0.811899 0.209002
vt 0.992665 0.209002
vt 0.994624 0.209002
vt 0.809751 0.163572
vt 0.811899 0.163572
vt 0.992665 0.163572
vt 0.994624 0.163572
vt 0.809751 0.119288
vt 0.811899 0.119288
vt 0.992665 0.119288
vt 0.994624 0.119288
vt 0.809751 0.074315
vt 0.811899 0.074315
vt 0.992665 0.074315
vt 0.994624 0.074315
vt 0.809751 0.029483
vt 0.811899 0.029483
vt 0.992665 0.029483
vt 0.994624 0.058035
vn 0.995626 -0.093429 0.000001
vn 0.919839 -0.093429 -0.381009
vn 0.919969 -0.091914 -0.381063
vn 0.995767 -0.091914 0.000001
vn 0.919838 -0.093429 0.381010
vn 0.995626 -0.093429 0.000001
vn 0.995767 -0.091914 0.000001
vn 0.919968 -0.091914 0.381064
vn 0.704014 -0.093428 0.704014
vn 0.919838 -0.093429 0.381010
vn 0.919968 -0.091914 0.381064
vn 0.704114 -0.091914 0.704113
vn 0.381009 -0.093429 0.919839
vn 0.704014 -0.093428 0.704014
vn 0.704114 -0.091914 0.704113
vn 0.381064 -0.091914 0.919968
vn -0.000000 -0.093429 0.995626
vn 0.381009 -0.093429 0.919839
vn 0.381064 -0.091914 0.919968
vn -0.000000 -0.091914 0.995767
vn -0.381009 -0.093429 0.919839
vn -0.000000 -0.093429 0.995626
vn -0.000000 -0.091914 0.995767
vn -0.381064 -0.091915 0.919968
vn -0.704014 -0.093429 0.704014
vn -0.381009 -0.093429 0.919839
vn -0.381064 -0.091915 0.919968
vn -0.704113 -0.091915 0.704114
vn -0.919839 -0.093430 0.381009
vn -0.704014 -0.093429 0.704014
vn -0.704113 -0.091915 0.704114
vn -0.919968 -0.091914 0.381064
vn -0.995626 -0.093430 -0.000002
vn -0.919839 -0.093430 0.381009
vn -0.919968 -0.091914 0.381064
vn -0.995767 -0.091915 -0.000002
vn -0.919838 -0.093429 -0.381010
vn -0.995626 -0.093430 -0.000002
vn -0.995767 -0.091915 -0.000002
vn -0.919968 -0.091915 -0.381064
vn -0.704014 -0.093429 -0.704014
vn -0.919838 -0.093429 -0.381010
vn -0.919968 -0.091915 -0.381064
vn -0.704114 -0.091915 -0.704113
vn -0.381009 -0.093430 -0.919839
vn -0.704014 -0.093429 -0.704014
vn -0.704114 -0.091915 -0.704113
vn -0.381063 -0.091914 -0.919969
vn 0.000002 -0.093430 -0.995626
vn -0.381009 -0.093430 -0.919839
vn -0.381063 -0.091914 -0.919969
vn 0.000002 -0.091915 -0.995767
vn 0.381009 -0.093429 -0.919839
vn 0.000002 -0.093430 -0.995626
vn 0.000002 -0.091915 -0.995767
vn 0.381064 -0.091915 -0.919968
vn 0.704013 -0.093429 -0.704015
vn 0.381009 -0.093429 -0.919839
vn 0.381064 -0.091915 -0.919968
vn 0.704114 -0.091915 -0.704113
vn 0.919839 -0.093429 -0.381009
vn 0.704013 -0.093429 -0.704015
vn 0.704114 -0.091915 -0.704113
vn 0.919969 -0.091914 -0.381063
vn 0.000000 0.000000 0.000000
vn 0.000000 0.000000 0.000000
vn 0.000000 0.000000 0.000000
vn 0.000000 0.000000 0.000000
vn 0.000000 0.000000 0.000000
vn 0.000000 0.000000 0.000000
vn 0.000000 0.000000 0.000000
vn 0.000000 0.000000 0.000000
vn 0.000000 0.000000 0.000000
vn 0.000000 0.000000 0.000000
vn 0.000000 0.000000 0.000000
vn 0.000000 0.000000 0.000000
vn 0.000000 0.000000 0.000000
vn 0.000000 0.000000 0.000000
vn 0.000000 0.000000 0.000000
vn 0.000000 0.000000 0.000000
vn 0.000000 0.000000 0.000000
vn 0.000000 0.000000 0.000000
vn 0.000000 0.000000 0.000000
vn 0.000000 0.000000 0.000000
vn 0.000000 0.000000 0.000000
vn 0.000000 0.000000 0.000000
vn 0.000000 0.000000 0.000000
vn 0.000000 0.000000 0.000000
vn 0.000000 0.000000 0.000000
vn 0.000000 0.000000 0.000000
vn 0.000000 0.000000 0.000000
vn 0.000000 0.000000 0.000000
vn 0.000000 0.000000 0.000000
vn 0.000000 0.000000 0.000000
vn 0.000000 0.000000 0.000000
vn 0.000000 0.000000 0.000000
vn 0.000000 0.000000 0.000000
vn 0.000000 0.000000 0.000000
vn 0.000000 0.000000 0.000000
vn 0.000000 0.000000 0.000000
vn 0.000000 0.000000 0.000000
vn 0.000000 0.000000 0.000000
vn 0.000000 0.000000 0.000000
vn 0.000000 0.000000 0.000000
vn 0.000000 0.000000 0.000000
vn 0.000000 0.000000 0.000000
vn 0.000000 0.000000 0.000000
vn 0.000000 0.000000 0.000000
vn 0.000000 0.000000 0.000000
vn 0.000000 0.000000 0.000000
vn 0.000000 0.000000 0.000000
vn 0.000000 0.000000 0.000000
vn 0.000000 0.000000 0.000000
vn 0.000000 0.000000 0.000000
vn 0.000000 0.000000 0.000000
vn 0.000000 0.000000 0.000000
vn 0.000000 0.000000 0.000000
vn 0.000000 0.000000 0.000000
vn 0.000000 0.000000 0.000000
vn 0.000000 0.000000 0.000000
vn 0.000000 0.000000 0.000000
vn 0.000000 0.000000 0.000000
vn 0.000000 0.000000 0.000000
vn 0.000000 0.000000 0.000000
vn 0.000000 0.000000 0.000000
vn 0.000000 0.000000 0.000000
vn 0.000000 0.000000 0.000000
vn 0.000000 0.000000 0.000000
vn 0.000000 0.000000 0.000000
vn 0.000000 0.000000 0.000000
vn 0.000000 0.000000 0.000000
vn 0.000000 0.000000 0.000000
vn 0.000000 0.000000 0.000000
vn 0.000000 0.000000 0.000000
vn 0.000000 0.000000 0.000000
vn 0.000000 0.000000 0.000000
vn 0.000000 0.000000 0.000000
vn 0.000000 0.000000 0.000000
vn 0.000000 0.000000 0.000000
vn 0.000000 0.000000 0.000000
vn 0.000000 0.000000 0.000000
vn 0.000000 0.000000 0.000000
vn 0.000000 0.000000 0.000000
vn 0.000000 0.000000 0.000000
vn 0.000000 0.000000 0.000000
vn 0.000000 0.000000 0.000000
vn 0.000000 0.000000 0.000000
vn 0.000000 0.000000 0.000000
vn 0.000000 0.000000 0.000000
vn 0.000000 0.000000 0.000000
vn 0.000000 0.000000 0.000000
vn 0.000000 0.000000 0.000000
vn 0.000000 0.000000 0.000000
vn 0.000000 0.000000 0.000000
vn 0.000000 0.000000 0.000000
vn 0.000000 0.000000 0.000000
vn 0.000000 0.000000 0.000000
vn 0.000000 0.000000 0.000000
vn 0.000000 0.000000 0.000000
vn 0.000000 0.000000 0.000000
vn 0.000000 0.000000 0.000000
vn 0.000000 0.000000 0.000000
vn 0.000000 0.000000 0.000000
vn 0.000000 0.000000 0.000000
vn 0.000000 0.000000 0.000000
vn 0.000000 0.000000 0.000000
vn 0.000000 0.000000 0.000000
vn 0.000000 0.000000 0.000000
vn 0.000000 0.000000 0.000000
vn 0.000000 0.000000 0.000000
vn 0.000000 0.000000 0.000000
vn 0.000000 0.000000 0.000000
vn 0.000000 0.000000 0.000000
vn 0.000000 0.000000 0.000000
vn 0.000000 0.000000 0.000000
vn 0.000000 0.000000 0.000000
vn 0.000000 0.000000 0.000000
vn 0.000000 0.000000 0.000000
vn 0.000000 0.000000 0.000000
vn 0.000000 0.000000 0.000000
vn 0.000000 0.000000 0.000000
vn 0.000000 0.000000 0.000000
vn 0.000000 0.000000 0.000000
vn 0.000000 0.000000 0.000000
vn 0.000000 0.000000 0.000000
vn 0.000000 0.000000 0.000000
vn 0.000000 0.000000 0.000000
vn 0.000000 0.000000 0.000000
vn 0.000000 0.000000 0.000000
vn 0.000000 0.000000 0.000000
vn 0.000000 0.000000 0.000000
vn 0.000000 0.000000 0.000000
vn 0.704926 0.646390 -0.291991
vn 0.704928 0.646390 -0.291987
vn 0.539523 0.646391 -0.539531
vn 0.539532 0.646391 -0.539522
vn 0.704928 0.646390 -0.291987
vn 0.704926 0.646390 -0.291991
vn 0.763002 0.646396 0.000000
vn 0.763002 0.646396 0.000000
vn 0.763002 0.646396 0.000000
vn 0.763002 0.646396 0.000000
vn 0.704918 0.646401 0.291988
vn 0.704920 0.646401 0.291984
vn 0.582548 -0.776153 -0.241296
vn 0.582547 -0.776153 -0.241299
vn 0.445863 -0.776157 -0.445855
vn 0.445856 -0.776157 -0.445862
vn 0.582547 -0.776153 -0.241299
vn 0.582548 -0.776153 -0.241296
vn 0.630570 -0.776133 0.000001
vn 0.630570 -0.776133 0.000001
vn 0.630570 -0.776133 0.000001
vn 0.630570 -0.776133 0.000001
vn 0.582580 -0.776125 0.241309
vn 0.582578 -0.776125 0.241313
vn 0.704920 0.646401 0.291984
vn 0.704918 0.646401 0.291988
vn 0.539519 0.646406 0.539517
vn 0.539519 0.646406 0.539517
vn 0.582578 -0.776125 0.241313
vn 0.582580 -0.776125 0.241309
vn 0.445882 -0.776131 0.445881
vn 0.445882 -0.776131 0.445881
vn 0.539519 0.646406 0.539517
vn 0.539519 0.646406 0.539517
vn 0.291989 0.646403 0.704916
vn 0.291985 0.646403 0.704917
vn 0.445882 -0.776131 0.445881
vn 0.445882 -0.776131 0.445881
vn 0.241308 -0.776127 0.582578
vn 0.241312 -0.776127 0.582577
vn 0.291985 0.646403 0.704917
vn 0.291989 0.646403 0.704916
vn 0.000000 0.646400 0.762999
vn 0.000000 0.646400 0.762999
vn 0.241312 -0.776127 0.582577
vn 0.241308 -0.776127 0.582578
vn -0.000000 -0.776123 0.630581
vn -0.000000 -0.776124 0.630581
vn 0.000000 0.646400 0.762999
vn 0.000000 0.646400 0.762999
vn -0.291986 0.646410 0.704910
vn -0.291990 0.646410 0.704909
vn -0.000000 -0.776124 0.630581
vn -0.000000 -0.776123 0.630581
vn -0.241310 -0.776131 0.582572
vn -0.241308 -0.776131 0.582573
vn -0.291990 0.646410 0.704909
vn -0.291986 0.646410 0.704910
vn -0.539516 0.646415 0.539509
vn -0.539516 0.646415 0.539509
vn -0.241308 -0.776131 0.582573
vn -0.241310 -0.776131 0.582572
vn -0.445877 -0.776137 0.445876
vn -0.445878 -0.776136 0.445876
vn -0.539516 0.646415 0.539509
vn -0.539516 0.646415 0.539509
vn -0.704915 0.646407 0.291982
vn -0.704913 0.646407 0.291986
vn -0.445878 -0.776136 0.445876
vn -0.445877 -0.776137 0.445876
vn -0.582573 -0.776130 0.241310
vn -0.582574 -0.776130 0.241308
vn -0.704913 0.646407 0.291986
vn -0.704915 0.646407 0.291982
vn -0.762999 0.646399 0.000000
vn -0.762999 0.646399 0.000000
vn -0.582574 -0.776130 0.241308
vn -0.582573 -0.776130 0.241310
vn -0.630579 -0.776125 0.000000
vn -0.630579 -0.776125 0.000000
vn -0.762999 0.646399 0.000000
vn -0.762999 0.646399 0.000000
vn -0.704921 0.646399 -0.291985
vn -0.704920 0.646399 -0.291988
vn -0.630579 -0.776125 0.000000
vn -0.630579 -0.776125 0.000000
vn -0.582573 -0.776130 -0.241310
vn -0.582574 -0.776130 -0.241308
vn -0.704920 0.646399 -0.291988
vn -0.704921 0.646399 -0.291985
vn -0.539521 0.646395 -0.539529
vn -0.539530 0.646395 -0.539520
vn -0.582574 -0.776130 -0.241308
vn -0.582573 -0.776130 -0.241310
vn -0.445876 -0.776136 -0.445877
vn -0.445876 -0.776136 -0.445877
vn -0.539530 0.646395 -0.539520
vn -0.539521 0.646395 -0.539529
vn -0.291987 0.646397 -0.704922
vn -0.291991 0.646396 -0.704920
vn -0.445876 -0.776136 -0.445877
vn -0.445876 -0.776136 -0.445877
vn -0.241309 -0.776130 -0.582574
vn -0.241307 -0.776130 -0.582575
vn -0.291991 0.646396 -0.704920
vn -0.291987 0.646397 -0.704922
vn 0.000000 0.646398 -0.763000
vn 0.000000 0.646398 -0.763000
vn -0.241307 -0.776130 -0.582575
vn -0.241309 -0.776130 -0.582574
vn -0.000000 -0.776124 -0.630580
vn -0.000000 -0.776124 -0.630580
vn 0.000000 0.646398 -0.763000
vn 0.000000 0.646398 -0.763000
vn 0.291986 0.646397 -0.704922
vn 0.291990 0.646397 -0.704921
vn -0.000000 -0.776124 -0.630580
vn -0.000000 -0.776124 -0.630580
vn 0.241307 -0.776139 -0.582563
vn 0.241305 -0.776139 -0.582563
vn 0.291990 0.646397 -0.704921
vn 0.291986 0.646397 -0.704922
vn 0.539532 0.646391 -0.539522
vn 0.539523 0.646391 -0.539531
vn 0.241305 -0.776139 -0.582563
vn 0.241307 -0.776139 -0.582563
vn 0.445856 -0.776157 -0.445862
vn 0.445863 -0.776157 -0.445855
vn 0.995767 -0.091914 0.000001
vn 0.919969 -0.091914 -0.381063
vn 0.920033 -0.091163 -0.381090
vn 0.995836 -0.091164 0.000001
vn 0.995550 -0.094235 0.000001
vn 0.919769 -0.094233 -0.380980
vn 0.919839 -0.093429 -0.381009
vn 0.995626 -0.093429 0.000001
vn 0.919968 -0.091914 0.381064
vn 0.995767 -0.091914 0.000001
vn 0.995836 -0.091164 0.000001
vn 0.920032 -0.091165 0.381090
vn 0.919769 -0.094235 0.380980
vn 0.995550 -0.094235 0.000001
vn 0.995626 -0.093429 0.000001
vn 0.919838 -0.093429 0.381010
vn 0.704114 -0.091914 0.704113
vn 0.919968 -0.091914 0.381064
vn 0.920032 -0.091165 0.381090
vn 0.704163 -0.091165 0.704162
vn 0.703960 -0.094234 0.703960
vn 0.919769 -0.094235 0.380980
vn 0.919838 -0.093429 0.381010
vn 0.704014 -0.093428 0.704014
vn 0.381064 -0.091914 0.919968
vn 0.704114 -0.091914 0.704113
vn 0.704163 -0.091165 0.704162
vn 0.381090 -0.091165 0.920032
vn 0.380980 -0.094235 0.919769
vn 0.703960 -0.094234 0.703960
vn 0.704014 -0.093428 0.704014
vn 0.381009 -0.093429 0.919839
vn -0.000000 -0.091914 0.995767
vn 0.381064 -0.091914 0.919968
vn 0.381090 -0.091165 0.920032
vn -0.000000 -0.091164 0.995836
vn -0.000000 -0.094236 0.995550
vn 0.380980 -0.094235 0.919769
vn 0.381009 -0.093429 0.919839
vn -0.000000 -0.093429 0.995626
vn -0.381064 -0.091915 0.919968
vn -0.000000 -0.091914 0.995767
vn -0.000000 -0.091164 0.995836
vn -0.381091 -0.091165 0.920032
vn -0.380980 -0.094234 0.919769
vn -0.000000 -0.094236 0.995550
vn -0.000000 -0.093429 0.995626
vn -0.381009 -0.093429 0.919839
vn -0.704113 -0.091915 0.704114
vn -0.381064 -0.091915 0.919968
vn -0.381091 -0.091165 0.920032
vn -0.704162 -0.091164 0.704163
vn -0.703961 -0.094233 0.703960
vn -0.380980 -0.094234 0.919769
vn -0.381009 -0.093429 0.919839
vn -0.704014 -0.093429 0.704014
vn -0.919968 -0.091914 0.381064
vn -0.704113 -0.091915 0.704114
vn -0.704162 -0.091164 0.704163
vn -0.920033 -0.091163 0.381090
vn -0.919769 -0.094235 0.380980
vn -0.703961 -0.094233 0.703960
vn -0.704014 -0.093429 0.704014
vn -0.919839 -0.093430 0.381009
vn -0.995767 -0.091915 -0.000002
vn -0.919968 -0.091914 0.381064
vn -0.920033 -0.091163 0.381090
vn -0.995836 -0.091164 -0.000001
vn -0.995550 -0.094235 -0.000001
vn -0.919769 -0.094235 0.380980
vn -0.919839 -0.093430 0.381009
vn -0.995626 -0.093430 -0.000002
vn -0.919968 -0.091915 -0.381064
vn -0.995767 -0.091915 -0.000002
vn -0.995836 -0.091164 -0.000001
vn -0.920032 -0.091165 -0.381090
vn -0.919769 -0.094233 -0.380980
vn -0.995550 -0.094235 -0.000001
vn -0.995626 -0.093430 -0.000002
vn -0.919838 -0.093429 -0.381010
vn -0.704114 -0.091915 -0.704113
vn -0.919968 -0.091915 -0.381064
vn -0.920032 -0.091165 -0.381090
vn -0.704163 -0.091164 -0.704162
vn -0.703960 -0.094233 -0.703960
vn -0.919769 -0.094233 -0.380980
vn -0.919838 -0.093429 -0.381010
vn -0.704014 -0.093429 -0.704014
vn -0.381063 -0.091914 -0.919969
vn -0.704114 -0.091915 -0.704113
vn -0.704163 -0.091164 -0.704162
vn -0.381090 -0.091163 -0.920033
vn -0.380979 -0.094235 -0.919769
vn -0.703960 -0.094233 -0.703960
vn -0.704014 -0.093429 -0.704014
vn -0.381009 -0.093430 -0.919839
vn 0.000002 -0.091915 -0.995767
vn -0.381063 -0.091914 -0.919969
vn -0.381090 -0.091163 -0.920033
vn 0.000001 -0.091164 -0.995836
vn 0.000001 -0.094235 -0.995550
vn -0.380979 -0.094235 -0.919769
vn -0.381009 -0.093430 -0.919839
vn 0.000002 -0.093430 -0.995626
vn 0.381064 -0.091915 -0.919968
vn 0.000002 -0.091915 -0.995767
vn 0.000001 -0.091164 -0.995836
vn 0.381090 -0.091164 -0.920032
vn 0.380980 -0.094233 -0.919769
vn 0.000001 -0.094235 -0.995550
vn 0.000002 -0.093430 -0.995626
vn 0.381009 -0.093429 -0.919839
vn 0.704114 -0.091915 -0.704113
vn 0.381064 -0.091915 -0.919968
vn 0.381090 -0.091164 -0.920032
vn 0.704163 -0.091163 -0.704162
vn 0.703959 -0.094232 -0.703961
vn 0.380980 -0.094233 -0.919769
vn 0.381009 -0.093429 -0.919839
vn 0.704013 -0.093429 -0.704015
vn 0.919969 -0.091914 -0.381063
vn 0.704114 -0.091915 -0.704113
vn 0.704163 -0.091163 -0.704162
vn 0.920033 -0.091163 -0.381090
vn 0.919769 -0.094233 -0.380980
vn 0.703959 -0.094232 -0.703961
vn 0.704013 -0.093429 -0.704015
vn 0.919839 -0.093429 -0.381009
vn 0.085644 0.995694 -0.035474
vn 0.092702 0.995694 0.000000
vn 0.092702 0.995694 0.000001
vn 0.085644 0.995694 -0.035474
vn -0.092674 -0.995696 0.000000
vn -0.085620 -0.995697 0.035465
vn -0.085620 -0.995696 0.035466
vn -0.092674 -0.995696 0.000000
vn 0.092702 0.995694 0.000000
vn 0.085645 0.995694 0.035474
vn 0.085645 0.995694 0.035474
vn 0.092702 0.995694 0.000001
vn -0.085617 -0.995697 -0.035464
vn -0.092674 -0.995696 0.000000
vn -0.092674 -0.995696 0.000000
vn -0.085617 -0.995697 -0.035464
vn 0.085645 0.995694 0.035474
vn 0.065549 0.995694 0.065551
vn 0.065550 0.995694 0.065550
vn 0.085645 0.995694 0.035474
vn -0.065528 -0.995697 -0.065527
vn -0.085617 -0.995697 -0.035464
vn -0.085617 -0.995697 -0.035464
vn -0.065528 -0.995697 -0.065527
vn 0.065549 0.995694 0.065551
vn 0.035475 0.995694 0.085650
vn 0.035476 0.995694 0.085650
vn 0.065550 0.995694 0.065550
vn -0.035464 -0.995697 -0.085617
vn -0.065528 -0.995697 -0.065527
vn -0.065528 -0.995697 -0.065527
vn -0.035464 -0.995697 -0.085617
vn 0.035475 0.995694 0.085650
vn 0.000000 0.995694 0.092705
vn 0.000000 0.995694 0.092705
vn 0.035476 0.995694 0.085650
vn -0.000000 -0.995697 -0.092673
vn -0.035464 -0.995697 -0.085617
vn -0.035464 -0.995697 -0.085617
vn -0.000000 -0.995697 -0.092673
vn 0.000000 0.995694 0.092705
vn -0.035475 0.995694 0.085645
vn -0.035475 0.995694 0.085645
vn 0.000000 0.995694 0.092705
vn 0.035464 -0.995697 -0.085617
vn -0.000000 -0.995697 -0.092673
vn -0.000000 -0.995697 -0.092673
vn 0.035464 -0.995697 -0.085617
vn -0.035475 0.995694 0.085645
vn -0.065550 0.995694 0.065548
vn -0.065550 0.995694 0.065548
vn -0.035475 0.995694 0.085645
vn 0.065528 -0.995697 -0.065527
vn 0.035464 -0.995697 -0.085617
vn 0.035464 -0.995697 -0.085617
vn 0.065528 -0.995697 -0.065527
vn -0.065550 0.995694 0.065548
vn -0.085645 0.995694 0.035475
vn -0.085646 0.995694 0.035475
vn -0.065550 0.995694 0.065548
vn 0.085617 -0.995697 -0.035464
vn 0.065528 -0.995697 -0.065527
vn 0.065528 -0.995697 -0.065527
vn 0.085617 -0.995697 -0.035464
vn -0.085645 0.995694 0.035475
vn -0.092702 0.995694 -0.000001
vn -0.092702 0.995694 -0.000001
vn -0.085646 0.995694 0.035475
vn 0.092673 -0.995697 0.000000
vn 0.085617 -0.995697 -0.035464
vn 0.085617 -0.995697 -0.035464
vn 0.092673 -0.995697 0.000000
vn -0.092702 0.995694 -0.000001
vn -0.085644 0.995694 -0.035474
vn -0.085644 0.995694 -0.035474
vn -0.092702 0.995694 -0.000001
vn 0.085618 -0.995697 0.035464
vn 0.092673 -0.995697 0.000000
vn 0.092673 -0.995697 0.000000
vn 0.085618 -0.995697 0.035464
vn -0.085644 0.995694 -0.035474
vn -0.065548 0.995694 -0.065545
vn -0.065548 0.995694 -0.065545
vn -0.085644 0.995694 -0.035474
vn 0.065529 -0.995697 0.065529
vn 0.085618 -0.995697 0.035464
vn 0.085618 -0.995697 0.035464
vn 0.065529 -0.995697 0.065529
vn -0.065548 0.995694 -0.065545
vn -0.035474 0.995694 -0.085644
vn -0.035474 0.995694 -0.085644
vn -0.065548 0.995694 -0.065545
vn 0.035465 -0.995696 0.085621
vn 0.065529 -0.995697 0.065529
vn 0.065529 -0.995697 0.065529
vn 0.035465 -0.995696 0.085620
vn -0.035474 0.995694 -0.085644
vn 0.000000 0.995694 -0.092700
vn 0.000000 0.995694 -0.092700
vn -0.035474 0.995694 -0.085644
vn -0.000000 -0.995696 0.092675
vn 0.035465 -0.995696 0.085621
vn 0.035465 -0.995696 0.085620
vn -0.000000 -0.995696 0.092675
vn 0.000000 0.995694 -0.092700
vn 0.035474 0.995694 -0.085641
vn 0.035475 0.995694 -0.085640
vn 0.000000 0.995694 -0.092700
vn -0.035464 -0.995697 0.085618
vn -0.000000 -0.995696 0.092675
vn -0.000000 -0.995696 0.092675
vn -0.035464 -0.995697 0.085618
vn 0.035474 0.995694 -0.085641
vn 0.065548 0.995694 -0.065546
vn 0.065548 0.995694 -0.065546
vn 0.035475 0.995694 -0.085640
vn -0.065530 -0.995697 0.065530
vn -0.035464 -0.995697 0.085618
vn -0.035464 -0.995697 0.085618
vn -0.065530 -0.995697 0.065529
vn 0.065548 0.995694 -0.065546
vn 0.085644 0.995694 -0.035474
vn 0.085644 0.995694 -0.035474
vn 0.065548 0.995694 -0.065546
vn -0.085620 -0.995697 0.035465
vn -0.065530 -0.995697 0.065530
vn -0.065530 -0.995697 0.065529
vn -0.085620 -0.995696 0.035466
g Coffee_Cup group1 CoffeeCup:FCSET_pCylinder2_001_0p453_0p966_0p36Sleevegroup1
usemtl CoffeeCup:lambert2SG
f 819/790/2795 818/791/2796 816/792/2797 817/793/2798
f 821/794/2799 819/790/2800 817/793/2801 820/795/2802
f 823/796/2803 821/794/2804 820/795/2805 822/797/2806
f 825/798/2807 823/796/2808 822/797/2809 824/799/2810
f 827/800/2811 825/798/2812 824/799/2813 826/801/2814
f 829/802/2815 827/800/2816 826/801/2817 828/803/2818
f 831/804/2819 829/802/2820 828/803/2821 830/805/2822
f 833/806/2823 831/804/2824 830/805/2825 832/807/2826
f 835/808/2827 833/806/2828 832/807/2829 834/809/2830
f 837/810/2831 835/808/2832 834/809/2833 836/811/2834
f 839/812/2835 837/810/2836 836/811/2837 838/813/2838
f 841/814/2839 839/812/2840 838/813/2841 840/815/2842
f 843/816/2843 841/814/2844 840/815/2845 842/817/2846
f 845/818/2847 843/816/2848 842/817/2849 844/819/2850
f 847/820/2851 845/818/2852 844/819/2853 846/821/2854
f 818/791/2855 847/822/2856 846/823/2857 816/792/2858
f 780/824/2859 753/825/2860 785/826/2861 784/827/2862
f 752/828/2863 781/829/2864 786/830/2865 787/831/2866
f 753/825/2867 755/832/2868 788/833/2869 785/826/2870
f 754/834/2871 752/828/2872 787/831/2873 789/835/2874
f 755/832/2875 757/836/2876 790/837/2877 788/833/2878
f 756/838/2879 754/834/2880 789/835/2881 791/839/2882
f 757/836/2883 759/840/2884 792/841/2885 790/837/2886
f 758/842/2887 756/838/2888 791/839/2889 793/843/2890
f 759/840/2891 761/844/2892 794/845/2893 792/841/2894
f 760/846/2895 758/842/2896 793/843/2897 795/847/2898
f 761/844/2899 763/848/2900 796/849/2901 794/845/2902
f 762/850/2903 760/846/2904 795/847/2905 797/851/2906
f 763/848/2907 765/852/2908 798/853/2909 796/849/2910
f 764/854/2911 762/850/2912 797/851/2913 799/855/2914
f 765/852/2915 767/856/2916 800/857/2917 798/853/2918
f 766/858/2919 764/854/2920 799/855/2921 801/859/2922
f 767/856/2923 769/860/2924 802/861/2925 800/857/2926
f 768/862/2927 766/858/2928 801/859/2929 803/863/2930
f 769/860/2931 771/864/2932 804/865/2933 802/861/2934
f 770/866/2935 768/862/2936 803/863/2937 805/867/2938
f 771/864/2939 773/868/2940 806/869/2941 804/865/2942
f 772/870/2943 770/866/2944 805/867/2945 807/871/2946
f 773/868/2947 775/872/2948 808/873/2949 806/869/2950
f 774/874/2951 772/870/2952 807/871/2953 809/875/2954
f 775/872/2955 777/876/2956 810/877/2957 808/873/2958
f 776/878/2959 774/874/2960 809/875/2961 811/879/2962
f 777/876/2963 779/880/2964 812/881/2965 810/877/2966
f 778/882/2967 776/878/2968 811/879/2969 813/883/2970
f 779/880/2971 783/884/2972 814/885/2973 812/881/2974
f 782/886/2975 778/882/2976 813/883/2977 815/887/2978
f 783/888/2979 780/824/2980 784/827/2981 814/889/2982
f 781/829/2983 782/890/2984 815/891/2985 786/830/2986
f 848/892/2987 849/893/2988 908/894/2989 909/895/2990
f 849/893/2991 848/892/2992 851/896/2993 850/897/2994
f 850/897/2995 851/896/2996 857/898/2997 856/899/2998
f 852/900/2999 853/901/3000 910/902/3001 911/903/3002
f 853/901/3003 852/900/3004 855/904/3005 854/905/3006
f 854/905/3007 855/904/3008 859/906/3009 858/907/3010
f 856/899/3011 857/898/3012 861/908/3013 860/909/3014
f 858/907/3015 859/906/3016 863/910/3017 862/911/3018
f 860/909/3019 861/908/3020 865/912/3021 864/913/3022
f 862/911/3023 863/910/3024 867/914/3025 866/915/3026
f 864/913/3027 865/912/3028 869/916/3029 868/917/3030
f 866/915/3031 867/914/3032 871/918/3033 870/919/3034
f 868/917/3035 869/916/3036 873/920/3037 872/921/3038
f 870/919/3039 871/918/3040 875/922/3041 874/923/3042
f 872/921/3043 873/920/3044 877/924/3045 876/925/3046
f 874/923/3047 875/922/3048 879/926/3049 878/927/3050
f 876/925/3051 877/924/3052 881/928/3053 880/929/3054
f 878/927/3055 879/926/3056 883/930/3057 882/931/3058
f 880/929/3059 881/928/3060 885/932/3061 884/933/3062
f 882/931/3063 883/930/3064 887/934/3065 886/935/3066
f 884/933/3067 885/932/3068 889/936/3069 888/937/3070
f 886/935/3071 887/934/3072 891/938/3073 890/939/3074
f 888/937/3075 889/936/3076 893/940/3077 892/941/3078
f 890/939/3079 891/938/3080 895/942/3081 894/943/3082
f 892/941/3083 893/940/3084 897/944/3085 896/945/3086
f 894/943/3087 895/942/3088 899/946/3089 898/947/3090
f 896/945/3091 897/944/3092 901/948/3093 900/949/3094
f 898/947/3095 899/946/3096 903/950/3097 902/951/3098
f 900/949/3099 901/948/3100 905/952/3101 904/953/3102
f 902/951/3103 903/950/3104 907/954/3105 906/955/3106
f 904/953/3107 905/952/3108 909/956/3109 908/957/3110
f 906/955/3111 907/954/3112 911/958/3113 910/959/3114
f 817/793/3115 816/792/3116 849/893/3117 850/897/3118
f 855/904/3119 852/900/3120 818/791/3121 819/790/3122
f 820/795/3123 817/793/3124 850/897/3125 856/899/3126
f 859/906/3127 855/904/3128 819/790/3129 821/794/3130
f 822/797/3131 820/795/3132 856/899/3133 860/909/3134
f 863/910/3135 859/906/3136 821/794/3137 823/796/3138
f 824/799/3139 822/797/3140 860/909/3141 864/913/3142
f 867/914/3143 863/910/3144 823/796/3145 825/798/3146
f 826/801/3147 824/799/3148 864/913/3149 868/917/3150
f 871/918/3151 867/914/3152 825/798/3153 827/800/3154
f 828/803/3155 826/801/3156 868/917/3157 872/921/3158
f 875/922/3159 871/918/3160 827/800/3161 829/802/3162
f 830/805/3163 828/803/3164 872/921/3165 876/925/3166
f 879/926/3167 875/922/3168 829/802/3169 831/804/3170
f 832/807/3171 830/805/3172 876/925/3173 880/929/3174
f 883/930/3175 879/926/3176 831/804/3177 833/806/3178
f 834/809/3179 832/807/3180 880/929/3181 884/933/3182
f 887/934/3183 883/930/3184 833/806/3185 835/808/3186
f 836/811/3187 834/809/3188 884/933/3189 888/937/3190
f 891/938/3191 887/934/3192 835/808/3193 837/810/3194
f 838/813/3195 836/811/3196 888/937/3197 892/941/3198
f 895/942/3199 891/938/3200 837/810/3201 839/812/3202
f 840/815/3203 838/813/3204 892/941/3205 896/945/3206
f 899/946/3207 895/942/3208 839/812/3209 841/814/3210
f 842/817/3211 840/815/3212 896/945/3213 900/949/3214
f 903/950/3215 899/946/3216 841/814/3217 843/816/3218
f 844/819/3219 842/817/3220 900/949/3221 904/953/3222
f 907/954/3223 903/950/3224 843/816/3225 845/818/3226
f 846/821/3227 844/819/3228 904/953/3229 908/957/3230
f 911/958/3231 907/954/3232 845/818/3233 847/820/3234
f 816/792/3235 846/823/3236 908/894/3237 849/893/3238
f 852/900/3239 911/903/3240 847/822/3241 818/791/3242
f 784/827/3243 785/826/3244 851/896/3245 848/892/3246
f 787/831/3247 786/830/3248 853/901/3249 854/905/3250
f 785/826/3251 788/833/3252 857/898/3253 851/896/3254
f 789/835/3255 787/831/3256 854/905/3257 858/907/3258
f 788/833/3259 790/837/3260 861/908/3261 857/898/3262
f 791/839/3263 789/835/3264 858/907/3265 862/911/3266
f 790/837/3267 792/841/3268 865/912/3269 861/908/3270
f 793/843/3271 791/839/3272 862/911/3273 866/915/3274
f 792/841/3275 794/845/3276 869/916/3277 865/912/3278
f 795/847/3279 793/843/3280 866/915/3281 870/919/3282
f 794/845/3283 796/849/3284 873/920/3285 869/916/3286
f 797/851/3287 795/847/3288 870/919/3289 874/923/3290
f 796/849/3291 798/853/3292 877/924/3293 873/920/3294
f 799/855/3295 797/851/3296 874/923/3297 878/927/3298
f 798/853/3299 800/857/3300 881/928/3301 877/924/3302
f 801/859/3303 799/855/3304 878/927/3305 882/931/3306
f 800/857/3307 802/861/3308 885/932/3309 881/928/3310
f 803/863/3311 801/859/3312 882/931/3313 886/935/3314
f 802/861/3315 804/865/3316 889/936/3317 885/932/3318
f 805/867/3319 803/863/3320 886/935/3321 890/939/3322
f 804/865/3323 806/869/3324 893/940/3325 889/936/3326
f 807/871/3327 805/867/3328 890/939/3329 894/943/3330
f 806/869/3331 808/873/3332 897/944/3333 893/940/3334
f 809/875/3335 807/871/3336 894/943/3337 898/947/3338
f 808/873/3339 810/877/3340 901/948/3341 897/944/3342
f 811/879/3343 809/875/3344 898/947/3345 902/951/3346
f 810/877/3347 812/881/3348 905/952/3349 901/948/3350
f 813/883/3351 811/879/3352 902/951/3353 906/955/3354
f 812/881/3355 814/885/3356 909/956/3357 905/952/3358
f 815/887/3359 813/883/3360 906/955/3361 910/959/3362
f 814/889/3363 784/827/3364 848/892/3365 909/895/3366
f 786/830/3367 815/891/3368 910/902/3369 853/901/3370
