# This file uses centimeters as units for non-parametric coordinates.

mtllib Logo_Sign.mtl
g default
v 3.253298 7.274420 -4.047555
v 3.253298 7.495634 -4.047354
v 3.253298 7.274311 -3.779699
v 3.253298 7.281393 -3.521472
v 3.253298 7.495523 -3.780647
v 3.253298 7.501913 -3.522655
v 2.796623 7.789862 -3.783182
v 2.806381 7.788954 -3.525269
v 2.301342 7.799360 -4.045877
v 2.303141 7.799437 -3.783307
v 1.772567 7.695311 -4.045957
v 2.812048 5.228178 -4.046812
v 2.404329 5.194387 -4.046515
v 1.929224 5.239964 -4.046313
v 1.431261 5.422037 -4.046229
v 2.816349 5.228760 -3.784514
v 2.409554 5.194535 -3.784412
v 1.933471 5.239082 -3.784084
v 2.429867 5.195110 -3.526346
v 3.166891 5.303560 -3.526315
v 2.795973 7.789923 -4.046101
v 3.443005 6.261097 -4.043940
v 3.443005 6.013107 -3.529829
v 3.443005 6.021048 -3.786849
v 3.443005 6.020130 -4.045376
v 3.443005 5.787922 -3.529977
v 3.443005 5.795755 -3.787514
v 3.443005 5.794460 -4.047143
v 3.443005 5.590145 -3.786451
v 3.443005 6.261713 -3.785326
v 3.443005 6.256172 -3.528658
v 3.443005 6.510881 -4.043884
v 3.443005 5.587732 -4.048914
v 3.443005 5.583473 -3.527857
v 2.358786 6.764154 -3.525060
v 2.358143 6.764154 -4.040891
v 3.443005 6.508707 -3.526642
v 3.443005 6.511105 -3.783520
v 2.630426 6.478531 -3.276387
v 3.182207 6.764154 -3.526682
v 3.182800 6.764154 -3.783292
v 3.182806 6.764154 -4.044082
v 2.911068 6.764154 -4.042443
v 2.911095 6.764154 -3.527858
v 2.634621 6.764154 -3.527094
v 2.911228 6.764154 -3.783817
v 2.634666 6.764154 -3.782649
v 2.358419 6.764154 -3.780304
v 2.634411 6.764154 -4.041202
v 2.088260 6.476597 -3.778484
v 2.088260 6.476650 -4.041343
v 2.088260 6.476574 -3.522900
v 2.906540 6.486088 -3.276387
v 3.179077 6.495804 -3.276387
v 2.898529 6.206970 -3.276387
v 3.174360 6.229080 -3.276387
v 2.351711 6.187887 -3.524132
v 2.351194 6.187887 -3.779495
v 2.350998 6.187887 -4.042415
v 2.861210 5.469748 -3.276387
v 1.767065 6.419619 -4.044576
v 1.829317 6.149961 -3.524679
v 1.830497 6.147408 -3.782248
v 1.831160 6.145975 -4.044788
v 2.008139 5.926996 -3.524937
v 2.012113 5.923677 -3.781929
v 2.013011 5.922928 -4.044580
v 2.302691 5.820538 -3.781705
v 2.303457 5.820480 -4.043716
v 2.294847 5.821146 -3.524246
v 2.532078 7.190151 -4.046196
v 2.895870 7.158394 -4.047007
v 2.896170 7.158331 -3.779321
v 1.623446 6.749048 -3.276387
v 1.803862 7.039028 -3.276387
v 2.098527 7.239958 -3.276387
v 2.408367 7.535803 -3.276387
v 2.839584 7.548891 -3.276387
v 1.975393 7.428335 -3.276387
v 1.600596 7.188166 -3.276387
v 1.360470 6.824615 -3.276387
v 1.299950 6.397295 -3.276387
v 1.578737 6.414274 -3.276387
v 1.422288 5.987362 -3.276387
v 1.671830 6.093201 -3.276387
v 1.710464 5.674522 -3.276387
v 1.890153 5.841948 -3.276387
v 2.098790 5.501612 -3.276387
v 2.547289 5.661469 -3.276387
v 2.500660 5.449634 -3.276387
v 2.200197 5.697144 -3.276387
v 2.857214 7.338903 -3.276387
v 2.464952 7.333879 -3.276387
v 2.890387 5.936121 -3.276387
v 3.170294 5.971094 -3.276387
v 3.166840 5.731470 -3.276387
v 3.153021 5.299660 -4.047342
v 3.155413 5.300331 -3.784604
v 2.835506 5.231774 -3.526276
v 1.766946 6.421303 -3.782429
v 1.766843 6.422741 -3.524040
v 1.792099 6.701809 -4.044628
v 1.792481 6.703207 -3.781968
v 1.792658 6.703850 -3.523873
v 1.928290 6.959654 -4.044826
v 1.928917 6.960384 -3.781341
v 1.927876 6.959171 -3.523584
v 2.189495 7.137882 -4.045048
v 2.189922 7.138079 -3.780778
v 2.183752 7.135218 -3.522129
v 2.532455 7.190144 -3.779728
v 2.522894 7.190323 -3.520158
v 2.887701 7.160015 -3.519551
v 2.316460 7.800009 -3.525713
v 1.775467 7.696402 -3.782921
v 1.786406 7.700525 -3.525506
v 1.280616 7.406729 -4.045809
v 1.283754 7.409826 -3.782457
v 1.290111 7.416101 -3.525147
v 0.964251 6.925268 -4.045587
v 0.966075 6.930353 -3.782279
v 0.968763 6.937843 -3.524776
v 0.891639 6.357533 -4.045607
v 0.891254 6.361967 -3.782505
v 0.890805 6.367142 -3.524854
v 1.043268 5.815720 -4.045979
v 1.042624 5.816854 -3.782773
v 1.042843 5.816469 -3.525077
v 1.432862 5.420965 -3.783390
v 1.438870 5.416943 -3.525740
v 1.948200 5.236019 -3.526327
v 2.869234 5.694895 -3.276387
v 3.170448 5.515940 -3.276387
v 2.615229 6.187887 -3.524061
v 2.615229 6.187887 -3.780235
v 2.615229 6.187887 -4.042888
v 2.357418 6.476864 -3.276387
v 2.615229 5.826616 -4.043336
v 2.615229 5.826616 -3.780967
v 2.615229 5.826616 -3.524177
v 6.532501 5.789877 -3.706471
v 4.069563 5.791248 -3.690384
v 4.067982 5.787035 -4.125201
v 6.264664 5.238043 -3.699193
v 5.799229 6.798664 -3.276387
v 5.676563 7.286377 -3.276387
v 5.417866 6.731567 -3.691185
v 5.956646 6.292400 -3.276387
v 4.642090 7.319674 -4.142984
v 5.989548 7.329744 -3.687238
v 5.615227 7.765104 -4.134534
v 4.268984 6.323626 -3.697906
v 4.268747 6.322996 -4.128429
v 4.459879 6.833239 -3.706291
v 4.461691 6.838079 -4.138678
v 4.640511 7.315447 -3.707413
v 5.372169 7.765104 -3.689890
v 5.375881 7.765104 -4.138649
v 5.612782 7.765104 -3.686440
v 5.103420 7.765104 -3.694498
v 5.106003 7.765104 -4.141897
v 5.164669 6.721041 -3.690067
v 5.991386 7.324530 -4.122591
v 6.157669 6.852934 -3.691813
v 6.159859 6.846718 -4.124006
v 6.340645 6.333992 -3.702159
v 6.114479 5.760527 -3.276387
v 5.418087 6.730776 -4.132733
v 5.164772 6.721415 -4.131321
v 5.307110 7.212866 -3.688804
v 5.288013 7.212866 -4.131452
v 4.757221 5.238043 -3.693990
v 5.307110 7.212866 -4.132464
v 5.288013 7.212866 -3.688221
v 9.047653 5.611866 -3.276387
v 8.765152 5.609095 -3.276387
v 7.866611 7.765104 -3.701464
v 7.562595 7.765104 -3.703187
v 7.259232 6.211515 -3.700550
v 7.259232 6.728527 -3.702777
v 7.259232 7.249393 -3.704388
v 7.259232 5.712078 -3.698648
v 7.623466 5.238043 -3.699021
v 7.621353 5.695982 -3.276387
v 7.985481 5.701092 -3.701726
v 7.985481 6.186050 -3.701540
v 9.654625 7.765104 -3.700506
v 9.945633 7.765104 -3.699244
v 10.591522 5.695938 -3.704873
v 10.591522 6.183636 -3.703516
v 10.591522 6.698387 -3.701239
v 10.183708 5.238043 -3.702961
v 8.759048 5.238043 -3.700112
v 9.020264 5.238043 -3.700965
v 9.775246 6.169373 -3.702601
v 9.775246 5.690977 -3.701881
v 10.184128 5.682266 -3.276387
v 10.191223 6.678715 -3.276387
v 10.185493 6.164427 -3.276387
v 9.380333 5.640579 -3.702589
v 9.501968 6.097601 -3.702314
v 10.591522 7.229551 -3.699031
v 8.253178 6.096056 -3.701601
v 8.381954 5.639496 -3.700702
v 7.618259 6.190037 -3.276387
v 7.612556 6.709221 -3.276387
v 7.596283 7.231222 -3.276387
v 10.259277 7.765104 -3.697979
v 9.076370 6.624239 -3.700552
v 9.226097 7.204182 -3.701354
v 8.651501 7.210619 -3.700745
v 8.810608 6.631992 -3.700908
v 8.176136 7.765104 -3.700225
v 7.978966 6.682211 -3.701335
v 9.775604 6.666519 -3.702852
v 10.208694 7.215099 -3.276387
v 8.108822 6.607851 -3.702060
v 9.638550 6.610762 -3.701966
v 8.951279 6.020462 -3.699937
v 8.939781 6.020462 -3.700256
v 7.958679 7.169458 -3.701514
v 7.981632 7.169456 -3.701886
v 9.794395 7.169456 -3.702512
v 9.771400 7.169456 -3.702069
v 12.272408 7.765104 -3.915795
v 11.421906 6.279938 -3.914161
v 11.421906 6.796650 -3.914641
v 11.421906 5.758656 -3.913817
v 11.421906 7.293625 -3.915123
v 12.299995 5.238043 -3.914649
v 12.249718 7.169456 -3.918072
v 12.249718 6.801147 -3.918776
v 12.249718 6.205502 -3.917974
v 12.249718 5.833652 -3.917431
v 13.659782 5.843733 -4.005560
v 13.659782 5.497017 -4.005438
v 13.659782 5.669271 -4.005485
v 13.659782 5.497032 -3.822857
v 13.659782 5.669369 -3.823018
v 13.659782 5.843857 -3.823149
v 13.659782 5.493467 -3.640457
v 13.659782 5.664860 -3.640666
v 13.659782 5.840435 -3.640863
v 13.659660 5.483587 -3.458300
v 13.659782 5.651583 -3.458504
v 14.850258 7.239447 -3.458642
v 15.057449 7.216602 -3.458715
v 15.075562 7.213114 -3.640851
v 15.287361 7.155483 -3.640827
v 14.669670 7.223824 -3.823223
v 14.874359 7.237886 -3.823286
v 15.083183 7.211645 -3.823303
v 14.515457 7.106300 -4.005952
v 14.669655 7.223820 -4.005988
v 14.874336 7.237886 -4.005942
v 15.497421 7.230526 -4.005744
v 15.274490 7.159580 -3.458688
v 13.659775 5.829527 -3.458770
v 15.292480 7.153854 -3.823275
v 15.292458 7.153860 -4.005907
v 15.083160 7.211649 -4.005921
v 14.337112 5.198462 -3.458652
v 14.712799 5.208478 -3.458904
v 15.103493 5.293093 -3.458990
v 15.455017 5.519108 -3.458621
v 15.634537 5.889284 -3.458599
v 15.582275 6.276230 -3.459492
v 15.344688 6.553917 -3.460575
v 15.063759 6.714157 -3.460432
v 14.804680 6.820175 -3.459733
v 14.587219 6.925644 -3.459280
v 14.515900 7.107279 -3.458586
v 14.656403 7.220057 -3.458518
v 14.737572 5.211051 -3.640778
v 15.124191 5.301675 -3.640764
v 15.461746 5.526415 -3.640592
v 15.634064 5.882986 -3.640719
v 15.593643 6.254189 -3.641407
v 15.379410 6.527048 -3.642154
v 15.107384 6.691938 -3.642104
v 14.843987 6.804495 -3.641597
v 14.606079 6.913471 -3.641181
v 14.515648 7.106733 -3.640722
v 15.463982 5.528833 -3.822987
v 15.633102 5.877575 -3.823095
v 15.598724 6.244307 -3.823361
v 15.392998 6.514997 -3.823636
v 15.125504 6.682716 -3.823664
v 14.859840 6.798168 -3.823524
v 14.613686 6.908567 -3.823372
v 14.515457 7.106304 -3.823225
v 15.633102 5.877573 -4.005664
v 15.598724 6.244305 -4.005499
v 15.393013 6.514990 -4.005312
v 15.125504 6.682713 -4.005357
v 14.859840 6.798166 -4.005557
v 14.613686 6.908566 -4.005760
v 15.463982 5.528835 -4.005657
v 15.132057 5.304931 -4.005530
v 15.132050 5.304928 -3.822991
v 14.747719 5.212104 -3.822970
v 14.367004 5.197274 -3.822891
v 14.358192 5.197624 -3.640627
v 13.997185 5.235988 -3.640452
v 13.984268 5.238786 -3.458404
v 14.747734 5.212106 -4.005429
v 14.367020 5.197274 -4.005392
v 14.002258 5.234888 -3.822807
v 14.002266 5.234885 -4.005392
v 15.144302 7.781294 -4.005527
v 14.776718 7.807035 -4.005513
v 14.776772 7.807035 -3.823088
v 14.397186 7.775110 -3.823123
v 14.407158 7.777006 -3.640949
v 14.397141 7.775095 -4.005542
v 14.027962 7.648600 -4.005642
v 14.028000 7.648626 -3.823093
v 14.034859 7.652632 -3.640839
v 13.739632 7.393450 -4.005755
v 13.739655 7.393484 -3.823053
v 13.741150 7.395647 -3.640608
v 13.745735 7.402304 -3.458571
v 13.625671 7.040892 -4.005735
v 13.625671 7.040926 -3.823141
v 13.625275 7.037252 -3.640741
v 13.624611 7.031136 -3.458590
v 13.706474 6.685652 -4.005553
v 13.706459 6.685677 -3.823381
v 13.711777 6.676796 -3.641413
v 13.928261 6.434238 -4.005361
v 13.928238 6.434258 -3.823621
v 14.194534 6.286203 -4.005393
v 13.862274 5.905939 -4.005670
v 14.683548 6.038145 -3.458898
v 14.691254 5.854319 -3.458529
v 14.524597 5.768742 -3.458648
v 14.319328 5.768526 -3.458835
v 14.105331 5.813251 -3.459061
v 13.884140 5.896061 -3.459126
v 13.723938 6.656502 -3.459523
v 13.941124 6.423605 -3.642149
v 13.973175 6.397097 -3.460742
v 14.194496 6.286221 -3.823626
v 14.211472 6.278303 -3.642051
v 14.252556 6.259142 -3.460344
v 14.450089 6.183966 -4.005573
v 14.450058 6.183979 -3.823469
v 14.464882 6.178074 -3.641513
v 14.500595 6.163189 -3.459711
v 14.665665 6.059715 -4.005766
v 14.665642 6.059740 -3.823284
v 14.671280 6.053595 -3.641016
v 14.690170 5.852911 -4.005888
v 14.690178 5.852921 -3.823173
v 14.690292 5.853069 -3.640673
v 14.505669 5.765913 -4.005857
v 14.505669 5.765913 -3.823215
v 14.510818 5.766684 -3.640760
v 14.289261 5.772745 -4.005772
v 14.289253 5.772745 -3.823301
v 14.297714 5.771561 -3.640957
v 14.074081 5.822760 -4.005707
v 14.074074 5.822762 -3.823339
v 14.083252 5.819969 -3.641108
v 13.862267 5.905941 -3.823311
v 13.868370 5.903183 -3.641113
v 15.144333 7.781294 -3.823024
v 15.149750 7.780588 -3.640694
v 15.163063 7.778864 -3.458607
v 14.785919 7.806948 -3.640851
v 14.807922 7.806730 -3.458838
v 14.431366 7.781614 -3.459056
v 14.052727 7.663065 -3.459058
v 15.201889 7.599371 -3.276387
v 15.221733 7.440310 -3.276356
v 14.896179 7.605669 -3.276387
v 14.948540 7.444143 -3.276387
v 14.992523 7.317102 -3.276387
v 14.585442 7.570322 -3.276387
v 14.686501 7.411345 -3.276387
v 14.764160 7.303568 -3.276387
v 14.289703 7.467234 -3.276387
v 14.454910 7.328020 -3.276387
v 14.293480 6.492640 -3.276387
v 14.092651 6.721540 -3.276387
v 14.005020 6.997892 -3.276387
v 14.074463 7.266745 -3.276387
v 14.970261 5.975491 -3.276387
v 14.911552 6.184437 -3.276387
v 14.752426 6.384954 -3.276387
v 14.544441 6.574163 -3.276387
v 14.366302 6.771687 -3.276387
v 14.276283 6.980112 -3.276387
v 14.305977 7.177296 -3.276387
v 14.575493 5.422996 -3.276387
v 14.886261 5.502777 -3.276387
v 15.133087 5.681662 -3.276387
v 15.244034 5.944351 -3.276387
v 15.192207 6.225105 -3.276387
v 15.009727 6.463745 -3.276387
v 14.778770 6.652842 -3.276387
v 14.582481 6.817303 -3.276387
v 14.464996 6.975849 -3.276387
v 14.463379 7.126026 -3.276387
v 14.573975 7.241541 -3.276387
v 14.521538 6.311050 -3.276387
v 14.909309 5.784811 -3.276387
v 14.735336 5.648636 -3.276387
v 14.261093 5.403701 -3.276387
v 13.953903 5.425488 -3.276290
v 15.239182 7.295382 -3.276265
v 15.497299 7.239365 -3.458407
v 15.497421 7.230423 -3.823186
v 15.497421 7.392305 -4.005644
v 15.497421 7.552530 -4.005595
v 15.497429 7.403826 -3.458379
v 15.497520 7.561674 -3.458372
v 15.497421 7.232590 -3.640722
v 15.497421 7.395170 -3.640656
v 15.497421 7.554937 -3.640569
v 15.497421 7.392218 -3.823109
v 15.497429 7.552515 -3.823013
v 14.697182 6.149078 -3.276387
v 14.780991 5.990234 -3.276387
v 14.755211 5.844217 -3.276387
v 14.621666 5.740927 -3.276387
v 14.415009 5.696417 -3.276387
v 14.486786 5.584486 -3.276387
v 14.177116 5.702387 -3.276387
v 14.216629 5.569780 -3.276387
v 13.924454 5.744551 -3.276387
v 13.938751 5.591068 -3.276387
v 3.253298 7.081123 -4.047206
v 3.223175 7.058802 -4.047137
v 3.253298 7.081125 -3.779613
v 3.223173 7.058804 -3.779575
v 3.253298 7.689425 -4.046778
v 3.229055 7.718023 -4.046673
v 3.253298 7.689425 -3.781940
v 3.229055 7.718027 -3.782161
v 3.253298 7.081078 -3.521019
v 3.223198 7.058723 -3.520833
v 3.253298 7.300779 -3.299899
v 3.226801 7.305254 -3.276387
v 3.223619 7.058376 -3.299617
v 3.253298 7.080215 -3.299347
v 3.225916 7.086245 -3.276387
v 3.253298 7.518690 -3.299887
v 3.226789 7.522280 -3.276387
v 3.253298 7.689444 -3.524029
v 3.229078 7.718061 -3.524266
v 3.226788 7.691645 -3.276387
v 3.253298 7.687490 -3.299886
v 3.227167 7.718477 -3.299886
v 2.825314 7.787191 -3.299859
v 2.824629 7.760450 -3.276387
v 2.347967 7.774809 -3.276387
v 2.343330 7.801165 -3.299788
v 3.421427 5.395926 -4.048380
v 3.443005 5.426587 -4.048520
v 1.974666 5.230516 -3.299829
v 1.982648 5.256059 -3.276387
v 2.459093 5.195936 -3.299793
v 2.461687 5.222566 -3.276387
v 2.862354 5.236725 -3.299792
v 2.860872 5.263412 -3.276387
v 3.443005 5.426582 -3.785227
v 3.421434 5.395915 -3.785021
v 3.421480 5.395862 -3.526576
v 3.443005 5.426558 -3.526758
v 3.188023 5.309503 -3.299899
v 3.182699 5.335541 -3.276387
v 3.417189 5.421638 -3.276387
v 3.421400 5.395671 -3.300084
v 3.443005 5.426702 -3.300084
v 3.443005 5.766308 -3.299927
v 3.416538 5.760971 -3.276387
v 3.443005 5.995304 -3.299898
v 3.416506 5.991312 -3.276387
v 3.443005 6.244875 -3.299892
v 3.416500 6.242271 -3.276387
v 3.443005 5.563736 -3.300014
v 3.416639 5.557264 -3.276387
v 3.443005 6.503847 -3.299889
v 3.416496 6.502588 -3.276387
v 3.443005 6.737644 -4.044467
v 3.416492 6.764154 -4.044489
v 3.443005 6.737644 -3.782963
v 3.416492 6.764154 -3.782938
v 2.358482 6.764154 -3.299886
v 2.358355 6.737644 -3.276387
v 2.633760 6.764154 -3.299887
v 2.633369 6.737644 -3.276387
v 2.114771 6.764154 -3.523672
v 2.088260 6.737644 -3.523463
v 2.114771 6.737644 -3.276387
v 2.114771 6.764154 -3.299886
v 2.088260 6.737644 -3.299886
v 2.114771 6.764154 -3.779044
v 2.088260 6.737644 -3.778868
v 2.114771 6.764154 -4.040980
v 2.088260 6.737644 -4.041023
v 3.443005 6.737644 -3.526003
v 3.416492 6.764154 -3.526005
v 3.416492 6.737644 -3.276387
v 3.443005 6.737644 -3.299886
v 3.416492 6.764154 -3.299886
v 2.353331 6.187887 -3.299887
v 2.353861 6.214399 -3.276387
v 2.641741 6.214399 -3.276387
v 2.615229 6.187887 -3.299886
v 2.910759 6.764154 -3.299887
v 2.910326 6.737644 -3.276387
v 3.181389 6.764154 -3.299887
v 3.181084 6.737644 -3.276387
v 2.088260 6.214399 -3.523372
v 2.114771 6.187887 -3.523491
v 2.088260 6.214399 -3.778955
v 2.114771 6.187887 -3.779053
v 2.088260 6.214399 -4.041715
v 2.114771 6.187887 -4.041820
v 2.088260 6.476608 -3.299886
v 2.114771 6.476637 -3.276387
v 2.114771 6.214399 -3.276387
v 2.088260 6.214399 -3.299886
v 2.114771 6.187887 -3.299886
v 2.615229 5.826616 -3.299886
v 2.641741 5.800390 -3.276387
v 1.827937 6.152952 -3.299887
v 1.803203 6.141598 -3.276387
v 2.000089 5.933716 -3.299899
v 1.982604 5.912386 -3.276387
v 1.739940 6.422842 -3.276387
v 1.766726 6.424387 -3.299886
v 2.274443 5.822729 -3.299746
v 2.267227 5.796186 -3.276387
v 1.905144 6.974623 -3.276387
v 1.925847 6.956804 -3.299888
v 1.767083 6.712719 -3.276387
v 1.792946 6.704901 -3.299875
v 2.164620 7.156389 -3.276387
v 2.175919 7.131588 -3.299894
v 2.504877 7.217255 -3.276387
v 2.507833 7.190470 -3.299822
v 1.819153 7.684267 -3.276387
v 1.808022 7.708673 -3.299862
v 1.319107 7.406645 -3.276387
v 1.299827 7.425692 -3.299894
v 0.996566 6.934931 -3.276387
v 0.971005 6.944092 -3.299890
v 0.917529 6.371994 -3.276387
v 0.890562 6.369940 -3.299889
v 1.068255 5.827353 -3.276387
v 1.044378 5.813766 -3.299887
v 1.467534 5.430772 -3.276387
v 1.451741 5.408323 -3.299890
v 2.873537 7.189232 -3.276387
v 2.870548 7.162603 -3.299911
v 6.524643 5.812157 -3.305076
v 6.491940 5.809572 -3.276387
v 6.688423 5.238043 -3.304378
v 6.714409 5.273972 -3.303973
v 6.679981 5.271375 -3.276387
v 6.714039 5.275024 -3.703165
v 6.687866 5.238043 -3.702610
v 6.300533 6.352036 -3.276387
v 6.332897 6.355970 -3.304962
v 4.087166 5.838247 -3.304937
v 4.120420 5.836193 -3.276387
v 4.284277 6.364449 -3.304993
v 4.317400 6.362234 -3.276387
v 3.876286 5.275276 -3.690074
v 3.902098 5.238043 -3.690227
v 3.910553 5.271469 -3.276387
v 3.876072 5.274705 -3.304347
v 3.901487 5.238043 -3.304347
v 5.857029 5.238043 -3.699416
v 5.821194 5.265765 -3.699400
v 6.232433 5.238043 -3.305083
v 6.223076 5.269737 -3.276387
v 5.821148 5.265947 -3.304967
v 5.857403 5.238043 -3.305153
v 5.852673 5.269436 -3.276387
v 5.951855 7.340765 -3.276387
v 5.983883 7.345808 -3.304918
v 6.118382 6.868330 -3.276387
v 6.150360 6.873667 -3.304873
v 5.450600 6.733448 -3.276387
v 5.419430 6.725954 -3.304782
v 5.515953 6.246691 -3.304497
v 5.562336 6.213997 -3.276387
v 5.585709 6.250391 -3.276387
v 5.543083 6.282383 -3.304653
v 5.307110 7.212866 -3.304782
v 5.338543 7.219122 -3.276387
v 5.310364 7.241318 -3.276387
v 5.366650 7.733175 -3.276387
v 5.370434 7.765104 -3.304874
v 5.628948 7.733152 -3.276387
v 5.624657 7.765104 -3.304857
v 5.807835 7.765104 -3.305247
v 5.813942 7.733881 -3.276387
v 5.845421 7.738504 -3.305247
v 5.542976 6.282772 -3.691482
v 5.515575 6.246691 -3.691454
v 4.799274 7.739290 -4.142889
v 4.836510 7.765104 -4.142792
v 4.799274 7.739290 -3.701522
v 4.836506 7.765104 -3.700539
v 5.845268 7.738932 -3.686710
v 5.808289 7.765104 -3.686648
v 5.808292 7.765104 -4.129209
v 5.845268 7.738928 -4.128096
v 4.469995 6.860245 -3.304900
v 4.502207 6.855288 -3.276387
v 4.648376 7.336451 -3.304959
v 4.680607 7.331739 -3.276387
v 4.836742 7.765104 -3.305025
v 4.799110 7.738852 -3.305267
v 4.830566 7.733919 -3.276387
v 5.114902 7.765104 -3.305429
v 5.125519 7.733816 -3.276387
v 5.040825 6.282822 -3.690725
v 5.068157 6.246691 -3.690832
v 5.161922 6.711266 -3.304783
v 5.130970 6.719528 -3.276387
v 5.021999 6.213985 -3.276387
v 5.067760 6.246691 -3.304482
v 5.040607 6.282057 -3.304272
v 4.998230 6.251938 -3.276387
v 5.280121 7.238178 -3.276387
v 5.256531 7.219027 -3.276387
v 5.288013 7.212866 -3.304782
v 5.678844 5.703257 -3.304967
v 5.714958 5.675175 -3.305153
v 5.731960 5.734650 -3.276387
v 4.732925 5.270079 -3.276387
v 4.757221 5.238043 -3.304782
v 5.714867 5.675535 -3.698942
v 5.679031 5.703257 -3.698859
v 4.879845 5.675880 -3.697235
v 4.915943 5.703257 -3.697489
v 4.879791 5.675692 -3.304978
v 4.916336 5.703257 -3.305175
v 4.863735 5.734612 -3.276387
v 5.745346 5.683058 -3.276387
v 5.678844 5.734648 -3.276387
v 4.916332 5.734613 -3.276387
v 4.849541 5.684210 -3.276387
v 9.394897 7.765104 -3.701278
v 9.364922 7.741888 -3.701350
v 9.343788 5.606125 -3.276387
v 9.371552 5.607573 -3.300464
v 9.460503 6.043894 -3.276387
v 9.488808 6.048143 -3.300637
v 9.030304 5.264839 -3.276387
v 9.028481 5.238043 -3.300164
v 9.279427 5.261459 -3.300468
v 9.253014 5.264305 -3.276387
v 9.248970 5.238043 -3.300468
v 8.758896 5.264853 -3.276387
v 8.758446 5.238043 -3.300154
v 8.420918 5.598812 -3.276387
v 8.392994 5.600353 -3.300462
v 8.519291 5.238043 -3.300482
v 8.515049 5.264279 -3.276387
v 8.488644 5.261248 -3.300482
v 8.269260 6.039042 -3.300580
v 8.297749 6.034981 -3.276387
v 8.505352 7.742121 -3.700121
v 8.475193 7.765104 -3.700104
v 7.873505 7.765104 -3.300269
v 7.877712 7.738428 -3.276387
v 8.160099 7.765104 -3.300645
v 8.151306 7.738863 -3.276387
v 7.571098 7.765104 -3.300162
v 7.572842 7.738306 -3.276387
v 7.286041 7.765104 -3.704445
v 7.259232 7.738295 -3.704557
v 7.286041 7.738295 -3.276387
v 7.286041 7.765104 -3.300152
v 7.259232 7.738295 -3.300152
v 7.259232 5.703581 -3.300152
v 7.286041 5.702549 -3.276387
v 7.259232 6.201759 -3.300155
v 7.286041 6.200348 -3.276387
v 7.259232 6.723103 -3.300159
v 7.286034 6.721754 -3.276387
v 7.259232 7.246500 -3.300163
v 7.286030 7.245129 -3.276387
v 7.259232 5.264854 -3.698133
v 7.286041 5.238043 -3.698169
v 7.286041 5.264854 -3.276387
v 7.259232 5.264854 -3.300152
v 7.286041 5.238043 -3.300152
v 7.958668 5.238043 -3.700692
v 7.985481 5.264854 -3.700878
v 7.622810 5.238043 -3.300152
v 7.622688 5.264854 -3.276387
v 7.958668 5.264854 -3.276387
v 7.958668 5.238043 -3.300152
v 7.985481 5.264854 -3.300152
v 7.958672 5.697468 -3.276387
v 7.985481 5.697781 -3.300152
v 7.958668 6.186436 -3.276387
v 7.985481 6.186148 -3.300155
v 7.951778 6.692423 -3.276387
v 7.978577 6.693165 -3.300154
v 9.657677 7.765104 -3.300363
v 9.662926 7.738535 -3.276387
v 9.927414 7.765104 -3.300426
v 9.920448 7.738607 -3.276387
v 9.391266 7.738829 -3.276387
v 9.395050 7.765104 -3.300306
v 9.364883 7.741735 -3.300306
v 10.247093 7.765104 -3.300175
v 10.244537 7.738321 -3.276387
v 10.591522 6.173334 -3.300151
v 10.564713 6.172180 -3.276387
v 10.591522 5.690142 -3.300153
v 10.564713 5.689306 -3.276387
v 10.591522 5.264854 -3.704592
v 10.564713 5.238043 -3.704468
v 10.564713 5.238043 -3.300152
v 10.591522 5.264854 -3.300152
v 10.564713 5.264854 -3.276387
v 10.591522 6.689737 -3.300154
v 10.564713 6.688524 -3.276387
v 10.564713 7.223654 -3.276387
v 10.591522 7.224594 -3.300155
v 10.183708 5.238043 -3.300152
v 10.183739 5.264854 -3.276387
v 9.802055 5.238043 -3.701979
v 9.775246 5.264854 -3.701909
v 9.775246 5.264854 -3.300152
v 9.802055 5.238043 -3.300152
v 9.802055 5.264854 -3.276387
v 8.518963 5.238043 -3.700014
v 8.488728 5.260928 -3.700044
v 9.249283 5.238043 -3.701982
v 9.279343 5.261152 -3.702117
v 9.775642 6.670336 -3.300155
v 9.802444 6.669823 -3.276387
v 9.775246 6.164661 -3.300151
v 9.802055 6.164387 -3.276387
v 9.775246 5.685070 -3.300151
v 9.802055 5.684561 -3.276387
v 9.794395 7.169456 -3.300152
v 9.821342 7.172426 -3.276387
v 9.799927 7.194407 -3.276387
v 9.629829 6.578011 -3.300152
v 9.603836 6.584581 -3.276387
v 10.591522 7.738295 -3.697974
v 10.564713 7.765104 -3.697924
v 10.564713 7.738295 -3.276387
v 10.591522 7.738295 -3.300152
v 10.564713 7.765104 -3.300152
v 8.118839 6.572350 -3.300104
v 8.145359 6.576889 -3.276387
v 7.954914 7.195913 -3.276387
v 7.931648 7.174063 -3.276387
v 7.958679 7.169456 -3.300152
v 9.081825 6.645378 -3.300152
v 9.108269 6.640535 -3.276387
v 8.951279 6.020462 -3.300152
v 8.956558 5.998081 -3.276387
v 8.978935 6.021736 -3.276387
v 9.231377 7.224623 -3.300270
v 9.258514 7.223036 -3.276387
v 8.644115 7.237473 -3.300288
v 8.616810 7.236252 -3.276387
v 8.803093 6.659327 -3.300109
v 8.776642 6.654587 -3.276387
v 8.479023 7.738859 -3.276387
v 8.505390 7.741964 -3.300314
v 8.475033 7.765104 -3.300314
v 8.939781 6.020462 -3.300152
v 8.912224 6.021084 -3.276387
v 8.931305 6.000496 -3.276387
v 7.981632 7.169456 -3.300152
v 8.008499 7.172283 -3.276387
v 7.988033 7.190922 -3.276387
v 9.767059 7.192232 -3.276387
v 9.744507 7.172268 -3.276387
v 9.771400 7.169456 -3.300152
v 12.270103 7.765104 -3.295520
v 12.269302 7.743532 -3.276387
v 13.133102 7.743525 -3.295514
v 13.111526 7.765104 -3.295514
v 13.111526 7.743525 -3.276387
v 13.111526 7.765104 -3.916454
v 13.133102 7.743525 -3.916500
v 11.443481 7.765104 -3.915411
v 11.421906 7.743525 -3.915389
v 11.443481 7.743525 -3.276387
v 11.443481 7.765104 -3.295514
v 11.421906 7.743525 -3.295514
v 11.421906 6.271454 -3.295544
v 11.443451 6.269484 -3.276387
v 11.421906 6.789190 -3.295515
v 11.443481 6.789274 -3.276387
v 11.421906 5.763914 -3.295547
v 11.443443 5.765888 -3.276387
v 11.421906 7.276209 -3.295589
v 11.443398 7.272911 -3.276387
v 11.421906 5.259624 -3.914014
v 11.443481 5.238043 -3.914038
v 11.443481 5.259624 -3.276387
v 11.421906 5.259624 -3.295514
v 11.443481 5.238043 -3.295514
v 12.296158 5.238043 -3.295543
v 12.294365 5.259589 -3.276387
v 13.174744 5.238043 -3.915449
v 13.196327 5.259624 -3.915506
v 13.174744 5.259624 -3.276387
v 13.174744 5.238043 -3.295514
v 13.196327 5.259624 -3.295514
v 13.111526 7.169456 -3.917294
v 13.133102 7.191036 -3.917245
v 13.111526 7.191036 -3.276387
v 13.111526 7.169456 -3.295514
v 13.133102 7.191036 -3.295514
v 12.250458 7.191036 -3.276387
v 12.228729 7.172152 -3.276387
v 12.249718 7.148293 -3.276387
v 12.249718 7.169456 -3.295514
v 13.057877 6.801147 -3.918957
v 13.079453 6.779570 -3.918946
v 12.227058 6.800814 -3.276387
v 12.249718 6.779570 -3.276387
v 12.249718 6.801147 -3.295514
v 12.249718 6.823814 -3.276387
v 13.057877 6.801147 -3.295514
v 13.079453 6.779570 -3.276387
v 13.079453 6.227083 -3.918529
v 13.057877 6.205502 -3.918499
v 13.057877 6.205502 -3.295514
v 13.079453 6.227083 -3.276387
v 12.249718 6.227083 -3.276387
v 12.228020 6.207224 -3.276387
v 12.249718 6.183733 -3.276387
v 12.249718 6.205502 -3.295514
v 13.174744 5.833652 -3.916540
v 13.196327 5.812075 -3.916481
v 13.196327 5.812075 -3.295514
v 13.174744 5.833652 -3.295514
v 13.174744 5.812075 -3.276387
v 12.251396 5.812075 -3.276387
v 12.249718 5.833652 -3.295514
v 12.249718 5.855362 -3.276387
v 12.228088 5.831837 -3.276387
v 13.659782 6.000324 -4.005622
v 13.677307 6.010550 -4.005633
v 13.659782 6.000324 -3.823227
v 13.677307 6.010550 -3.823243
v 13.659782 5.340681 -4.005410
v 13.672104 5.324562 -4.005407
v 13.659782 5.340681 -3.822788
v 13.672104 5.324562 -3.822783
v 13.659782 5.340677 -3.640397
v 13.672104 5.324553 -3.640393
v 13.659782 6.000368 -3.641030
v 13.677299 6.010614 -3.641057
v 13.659485 5.340446 -3.458313
v 13.671783 5.324308 -3.458318
v 13.659492 6.001001 -3.459022
v 13.676979 6.011303 -3.459057
v 13.672691 5.337921 -3.275634
v 13.658676 5.340109 -3.288454
v 13.671005 5.323816 -3.288446
v 13.659225 5.464157 -3.288636
v 13.673546 5.460882 -3.275897
v 13.659676 5.627060 -3.288983
v 13.674026 5.623465 -3.276274
v 13.660294 5.801619 -3.289268
v 13.674591 5.796551 -3.276494
v 14.867737 7.238314 -3.649786
v 14.877472 7.237116 -3.640795
v 14.866547 7.238390 -3.631800
v 14.658020 7.216599 -3.640670
v 14.666237 7.222847 -3.649660
v 14.665581 7.222660 -3.631674
v 14.635338 7.213312 -3.288973
v 14.627510 7.226061 -3.276387
v 14.819084 7.241465 -3.288922
v 14.816307 7.255899 -3.276387
v 15.027214 7.222349 -3.288943
v 15.027344 7.236948 -3.276332
v 15.249947 7.167065 -3.288837
v 15.252533 7.181326 -3.276165
v 15.497421 7.085608 -3.823228
v 15.480515 7.074394 -3.823237
v 15.480522 7.074345 -3.640821
v 15.497421 7.085577 -3.640810
v 15.480858 7.073778 -3.458714
v 15.497711 7.085064 -3.458683
v 15.497421 7.085608 -4.005838
v 15.480515 7.074394 -4.005855
v 15.482582 7.089546 -3.276463
v 15.481003 7.073984 -3.288980
v 15.497574 7.085114 -3.288975
v 13.677200 6.010683 -3.289021
v 13.660210 6.001017 -3.288711
v 13.675537 5.994169 -3.276628
v 13.959557 5.243858 -3.288877
v 13.960594 5.258468 -3.276218
v 14.303123 5.199811 -3.289028
v 14.301453 5.214497 -3.276387
v 14.670853 5.204119 -3.288961
v 14.666298 5.218448 -3.276387
v 15.059868 5.278383 -3.288879
v 15.051384 5.291360 -3.276387
v 15.440109 5.502956 -3.289068
v 15.427803 5.512157 -3.276387
v 15.635216 5.898283 -3.289079
v 15.620445 5.901087 -3.276387
v 15.563850 6.311981 -3.288981
v 15.549416 6.307793 -3.276387
v 15.280571 6.595856 -3.288535
v 15.267578 6.587091 -3.276387
v 14.984390 6.747101 -3.288324
v 14.972755 6.735983 -3.276387
v 14.736511 6.848642 -3.288679
v 14.725029 6.837337 -3.276387
v 14.554604 6.953190 -3.288768
v 14.539375 6.945683 -3.276387
v 14.516396 7.108368 -3.289109
v 14.500488 7.113508 -3.276387
v 15.484558 7.713045 -4.005557
v 15.497421 7.697348 -4.005561
v 15.484558 7.713045 -3.822987
v 15.497421 7.697348 -3.822988
v 14.093163 7.685095 -3.288976
v 14.103043 7.673098 -3.276387
v 13.755470 7.416437 -3.289086
v 13.768623 7.408747 -3.276387
v 13.624268 7.027998 -3.289113
v 13.639267 7.027483 -3.276387
v 13.743790 6.623358 -3.289020
v 13.757652 6.628830 -3.276387
v 14.559334 6.135984 -3.288512
v 14.571518 6.146830 -3.276387
v 14.698593 6.012192 -3.288980
v 14.714622 6.016603 -3.276387
v 14.694946 5.859100 -3.289082
v 14.709206 5.851353 -3.276387
v 14.553848 5.773781 -3.288911
v 14.560272 5.760315 -3.276387
v 14.357544 5.765053 -3.288941
v 14.359505 5.750448 -3.276387
v 14.142021 5.802166 -3.288929
v 14.141136 5.787445 -3.276387
v 13.915489 5.881901 -3.288998
v 13.911995 5.867683 -3.276390
v 14.043373 6.357201 -3.288464
v 14.056107 6.366573 -3.276387
v 14.330322 6.228304 -3.288443
v 14.341568 6.239775 -3.276387
v 15.484566 7.713057 -3.640602
v 15.497421 7.697355 -3.640595
v 15.484802 7.713358 -3.458506
v 15.497627 7.697638 -3.458490
v 15.187553 7.775328 -3.289055
v 15.187256 7.760733 -3.276387
v 14.844460 7.805658 -3.288984
v 14.846825 7.790995 -3.276387
v 15.497238 7.696428 -3.289192
v 15.484406 7.713419 -3.288105
v 15.482872 7.699102 -3.276489
v 14.473495 7.789637 -3.288999
v 14.478889 7.775553 -3.276387
v 15.483315 7.577284 -3.276146
v 15.497650 7.575148 -3.288866
v 15.483192 7.421938 -3.276237
v 15.497536 7.419733 -3.288949
v 15.484055 7.261648 -3.276019
v 15.498337 7.258244 -3.288798
vt 0.798707 0.435814
vt 0.804466 0.441576
vt 0.797390 0.448150
vt 0.791719 0.442531
vt 0.790692 0.454775
vt 0.785154 0.449253
vt 0.814177 0.466193
vt 0.825134 0.480963
vt 0.816881 0.485335
vt 0.806552 0.471579
vt 0.821760 0.460500
vt 0.833331 0.476240
vt 0.843887 0.495325
vt 0.835038 0.498578
vt 0.826319 0.501555
vt 0.851115 0.517842
vt 0.841826 0.519055
vt 0.766983 0.629493
vt 0.765582 0.620261
vt 0.780768 0.615671
vt 0.783999 0.624542
vt 0.751279 0.631166
vt 0.751952 0.622002
vt 0.797454 0.608113
vt 0.802262 0.616215
vt 0.814419 0.596930
vt 0.820548 0.603669
vt 0.828772 0.581320
vt 0.836362 0.586683
vt 0.752303 0.613317
vt 0.763750 0.611219
vt 0.777161 0.606910
vt 0.792488 0.600153
vt 0.808254 0.590244
vt 0.704418 0.606198
vt 0.711936 0.601210
vt 0.718557 0.608250
vt 0.712139 0.614705
vt 0.698143 0.595878
vt 0.706448 0.592701
vt 0.725265 0.601938
vt 0.731093 0.606697
vt 0.725627 0.613867
vt 0.719481 0.596262
vt 0.720512 0.621344
vt 0.736859 0.610379
vt 0.732799 0.618050
vt 0.729089 0.626108
vt 0.714232 0.589722
vt 0.722407 0.550150
vt 0.717761 0.557387
vt 0.710405 0.552510
vt 0.717120 0.543920
vt 0.711517 0.537169
vt 0.702996 0.547497
vt 0.711414 0.573827
vt 0.703090 0.572892
vt 0.705767 0.562415
vt 0.713921 0.565301
vt 0.694231 0.572039
vt 0.697239 0.559361
vt 0.731778 0.572686
vt 0.740567 0.576648
vt 0.733592 0.584148
vt 0.726737 0.579526
vt 0.748023 0.582239
vt 0.739703 0.588989
vt 0.751717 0.553037
vt 0.756116 0.545757
vt 0.762599 0.553480
vt 0.756055 0.561317
vt 0.760850 0.537972
vt 0.768699 0.546024
vt 0.758185 0.595052
vt 0.749055 0.599206
vt 0.744924 0.593956
vt 0.753905 0.588123
vt 0.764253 0.583211
vt 0.768954 0.590195
vt 0.743360 0.380258
vt 0.736704 0.386938
vt 0.729581 0.379758
vt 0.736250 0.373071
vt 0.750534 0.387495
vt 0.743859 0.394182
vt 0.723069 0.386349
vt 0.730138 0.393516
vt 0.715839 0.379039
vt 0.722277 0.372404
vt 0.728958 0.365724
vt 0.708076 0.371253
vt 0.714460 0.364535
vt 0.721136 0.357881
vt 0.699967 0.363060
vt 0.771541 0.563280
vt 0.778089 0.556019
vt 0.774742 0.411844
vt 0.784026 0.421154
vt 0.777174 0.427935
vt 0.767936 0.418598
vt 0.759193 0.409717
vt 0.765936 0.403016
vt 0.770297 0.434299
vt 0.761055 0.424930
vt 0.802277 0.535616
vt 0.811967 0.537028
vt 0.808828 0.551392
vt 0.799217 0.548228
vt 0.802321 0.522481
vt 0.811282 0.522101
vt 0.799241 0.509276
vt 0.807061 0.507338
vt 0.793303 0.496525
vt 0.800219 0.493456
vt 0.785380 0.484547
vt 0.791990 0.480834
vt 0.802338 0.564484
vt 0.793794 0.559928
vt 0.792777 0.575485
vt 0.785864 0.569979
vt 0.781088 0.584013
vt 0.775716 0.577816
vt 0.737280 0.400733
vt 0.757923 0.394941
vt 0.751213 0.401636
vt 0.744588 0.408122
vt 0.752413 0.416095
vt 0.832845 0.520142
vt 0.852499 0.542057
vt 0.843236 0.540904
vt 0.834305 0.539774
vt 0.847367 0.565662
vt 0.838703 0.562234
vt 0.830303 0.558983
vt 0.821597 0.576366
vt 0.922608 0.650017
vt 0.912053 0.669008
vt 0.898408 0.660986
vt 0.908937 0.642153
vt 0.943641 0.752839
vt 0.941531 0.736235
vt 0.958340 0.736984
vt 0.959475 0.753541
vt 0.880297 0.694689
vt 0.888847 0.678508
vt 0.903093 0.686086
vt 0.894893 0.701247
vt 0.888345 0.760633
vt 0.892861 0.776495
vt 0.876953 0.780957
vt 0.872169 0.763764
vt 0.868423 0.739062
vt 0.868849 0.730266
vt 0.885217 0.732199
vt 0.884629 0.739662
vt 0.870289 0.720417
vt 0.886168 0.723919
vt 0.946648 0.719089
vt 0.961837 0.719774
vt 0.958342 0.736422
vt 0.941556 0.735583
vt 0.790092 0.137812
vt 0.774608 0.142550
vt 0.790006 0.137584
vt 0.774389 0.141798
vt 0.841602 0.644877
vt 0.851869 0.654054
vt 0.826206 0.663228
vt 0.793305 0.797861
vt 0.802990 0.807220
vt 0.801706 0.807071
vt 0.774957 0.656876
vt 0.797760 0.668973
vt 0.769017 0.668291
vt 0.775003 0.779361
vt 0.788880 0.680973
vt 0.765864 0.769710
vt 0.131536 0.886946
vt 0.132876 0.893961
vt 0.126264 0.894253
vt 0.125006 0.887669
vt 0.133457 0.901309
vt 0.127105 0.900986
vt 0.120837 0.900810
vt 0.119813 0.894658
vt 0.118383 0.888498
vt 0.114783 0.901039
vt 0.113425 0.895652
vt 0.111738 0.889892
vt 0.036071 0.798533
vt 0.042355 0.801751
vt 0.037281 0.807087
vt 0.030933 0.803171
vt 0.029591 0.795275
vt 0.024151 0.799023
vt 0.030340 0.803200
vt 0.018101 0.793417
vt 0.023319 0.791367
vt 0.030398 0.803637
vt 0.036762 0.807610
vt 0.031905 0.812498
vt 0.025313 0.807856
vt 0.018610 0.802357
vt 0.012648 0.795259
vt 0.027267 0.817538
vt 0.020369 0.812381
vt 0.037732 0.816752
vt 0.002441 0.949006
vt 0.042715 0.811230
vt 0.037323 0.807559
vt 0.013202 0.805965
vt 0.006848 0.797504
vt 0.012594 0.947198
vt 0.009371 0.953008
vt 0.002441 0.779365
vt 0.003636 0.770920
vt 0.009391 0.772693
vt 0.008184 0.779750
vt 0.106531 0.926646
vt 0.111838 0.930747
vt 0.103877 0.941998
vt 0.099416 0.936945
vt 0.112151 0.916424
vt 0.117869 0.919080
vt 0.093825 0.952432
vt 0.090564 0.946831
vt 0.081353 0.960404
vt 0.079384 0.954640
vt 0.067346 0.963744
vt 0.066542 0.958022
vt 0.053779 0.962551
vt 0.053919 0.956406
vt 0.042058 0.957690
vt 0.043041 0.950933
vt 0.032286 0.951526
vt 0.034133 0.944345
vt 0.023680 0.945984
vt 0.025895 0.939190
vt 0.015648 0.941146
vt 0.018395 0.934914
vt 0.047875 0.805365
vt 0.117286 0.934462
vt 0.108481 0.946713
vt 0.097295 0.957851
vt 0.083393 0.966054
vt 0.068218 0.969834
vt 0.053388 0.968761
vt 0.040662 0.964105
vt 0.030072 0.958058
vt 0.020969 0.952319
vt 0.085773 0.972209
vt 0.068870 0.976192
vt 0.100936 0.963049
vt 0.052518 0.975074
vt 0.038638 0.970229
vt 0.027327 0.964027
vt 0.017868 0.958179
vt 0.113411 0.951231
vt 0.122898 0.937885
vt 0.123765 0.921444
vt 0.129866 0.923657
vt 0.027951 0.748264
vt 0.044992 0.745828
vt 0.045425 0.752322
vt 0.030231 0.753937
vt 0.062078 0.747797
vt 0.060741 0.754357
vt 0.045557 0.758764
vt 0.032419 0.759655
vt 0.059132 0.760661
vt 0.078358 0.753921
vt 0.075590 0.759600
vt 0.072609 0.765247
vt 0.057133 0.767005
vt 0.045253 0.765313
vt 0.069360 0.770770
vt 0.092550 0.763419
vt 0.088464 0.768386
vt 0.084553 0.772997
vt 0.080477 0.777546
vt 0.103251 0.775883
vt 0.098125 0.779796
vt 0.093230 0.783676
vt 0.088590 0.787356
vt 0.110117 0.790144
vt 0.104260 0.793002
vt 0.098635 0.796163
vt 0.093067 0.799472
vt 0.113612 0.803583
vt 0.107313 0.805678
vt 0.100996 0.808391
vt 0.094433 0.811671
vt 0.115829 0.815179
vt 0.109387 0.816848
vt 0.102922 0.819189
vt 0.117736 0.825222
vt 0.111272 0.826711
vt 0.128174 0.872341
vt 0.121675 0.873588
vt 0.119774 0.865531
vt 0.126253 0.864163
vt 0.100256 0.839272
vt 0.106619 0.837246
vt 0.108171 0.844347
vt 0.101697 0.845741
vt 0.098577 0.831492
vt 0.104844 0.828754
vt 0.109736 0.851362
vt 0.103177 0.852333
vt 0.111429 0.858860
vt 0.104798 0.859547
vt 0.113174 0.866578
vt 0.106489 0.867220
vt 0.115011 0.874636
vt 0.108254 0.875462
vt 0.096475 0.822253
vt 0.119528 0.834111
vt 0.113064 0.835548
vt 0.121102 0.841480
vt 0.114646 0.842910
vt 0.122693 0.848680
vt 0.116243 0.850105
vt 0.124428 0.856327
vt 0.117976 0.857736
vt 0.034191 0.765414
vt 0.034289 0.776971
vt 0.042442 0.779067
vt 0.039784 0.784568
vt 0.032456 0.781491
vt 0.036909 0.788371
vt 0.030262 0.785134
vt 0.051162 0.781688
vt 0.047331 0.787760
vt 0.043764 0.791487
vt 0.060197 0.784915
vt 0.054933 0.791031
vt 0.050437 0.794828
vt 0.068012 0.790111
vt 0.060961 0.795618
vt 0.055466 0.798860
vt 0.074228 0.817746
vt 0.051769 0.914980
vt 0.049147 0.923486
vt 0.041819 0.916740
vt 0.065382 0.810183
vt 0.075547 0.807378
vt 0.064548 0.802078
vt 0.073088 0.797885
vt 0.064865 0.930172
vt 0.072407 0.929436
vt 0.074199 0.937705
vt 0.065007 0.939452
vt 0.065218 0.923600
vt 0.071724 0.923645
vt 0.057046 0.928178
vt 0.058538 0.920716
vt 0.055646 0.937862
vt 0.046621 0.933242
vt 0.038837 0.926494
vt 0.057227 0.811668
vt 0.058080 0.804455
vt 0.089732 0.924720
vt 0.086202 0.918871
vt 0.092625 0.911353
vt 0.096286 0.916580
vt 0.082497 0.932380
vt 0.079499 0.925476
vt 0.078200 0.920366
vt 0.084345 0.914317
vt 0.099276 0.903757
vt 0.102330 0.908630
vt 0.018303 0.780606
vt 0.013412 0.780210
vt 0.014579 0.774359
vt 0.019624 0.776055
vt 0.007095 0.763079
vt 0.012371 0.766271
vt 0.017157 0.769159
vt 0.021702 0.772018
vt 0.090228 0.906828
vt 0.096910 0.898973
vt 0.792750 0.429896
vt 0.793715 0.430855
vt 0.786803 0.437611
vt 0.785849 0.436656
vt 0.780114 0.444172
vt 0.779167 0.443222
vt 0.809562 0.446786
vt 0.810560 0.447816
vt 0.803360 0.454092
vt 0.802397 0.453107
vt 0.796387 0.460276
vt 0.795408 0.459372
vt 0.774428 0.449820
vt 0.769812 0.478714
vt 0.779971 0.455467
vt 0.777455 0.473617
vt 0.770912 0.478009
vt 0.785377 0.461051
vt 0.784216 0.469397
vt 0.780604 0.487042
vt 0.764245 0.439426
vt 0.789462 0.465297
vt 0.789695 0.466613
vt 0.790693 0.465960
vt 0.799747 0.476182
vt 0.798692 0.476953
vt 0.809429 0.488995
vt 0.808301 0.489638
vt 0.818558 0.504052
vt 0.817368 0.504520
vt 0.737964 0.629580
vt 0.736216 0.629049
vt 0.739069 0.620387
vt 0.740554 0.620793
vt 0.787860 0.593104
vt 0.787199 0.591958
vt 0.801917 0.583444
vt 0.802746 0.584416
vt 0.773618 0.599136
vt 0.773099 0.597889
vt 0.761541 0.603260
vt 0.761175 0.601996
vt 0.751798 0.605812
vt 0.751593 0.604612
vt 0.741762 0.612519
vt 0.743030 0.612879
vt 0.744012 0.606199
vt 0.744924 0.606445
vt 0.744707 0.605545
vt 0.741046 0.604116
vt 0.741956 0.603280
vt 0.736676 0.600539
vt 0.737670 0.599659
vt 0.731651 0.596170
vt 0.732691 0.595287
vt 0.726216 0.591250
vt 0.727245 0.590411
vt 0.720916 0.586159
vt 0.721862 0.585392
vt 0.716691 0.581891
vt 0.717364 0.581288
vt 0.694762 0.585321
vt 0.694494 0.583455
vt 0.703030 0.582336
vt 0.703371 0.583853
vt 0.710662 0.581441
vt 0.710877 0.582712
vt 0.727863 0.555121
vt 0.728914 0.555772
vt 0.726278 0.562136
vt 0.725030 0.561555
vt 0.730820 0.550138
vt 0.731500 0.550649
vt 0.723072 0.568860
vt 0.721809 0.568363
vt 0.727968 0.544962
vt 0.729064 0.544410
vt 0.731540 0.549701
vt 0.725123 0.538212
vt 0.726546 0.537597
vt 0.737392 0.550533
vt 0.737403 0.551645
vt 0.721720 0.530393
vt 0.723604 0.529709
vt 0.716587 0.580987
vt 0.718675 0.575061
vt 0.719852 0.575509
vt 0.746557 0.558441
vt 0.745576 0.558917
vt 0.743512 0.552059
vt 0.744267 0.551723
vt 0.748037 0.567308
vt 0.746391 0.568078
vt 0.758759 0.577935
vt 0.758519 0.579631
vt 0.745296 0.545927
vt 0.746305 0.546679
vt 0.743488 0.551112
vt 0.747369 0.538863
vt 0.748727 0.539637
vt 0.749997 0.530733
vt 0.751739 0.531528
vt 0.702845 0.377451
vt 0.772239 0.575026
vt 0.717407 0.392122
vt 0.789204 0.557907
vt 0.782223 0.567906
vt 0.710350 0.384999
vt 0.724451 0.399232
vt 0.793642 0.546478
vt 0.731584 0.406432
vt 0.797066 0.534631
vt 0.798063 0.522255
vt 0.738795 0.413709
vt 0.746519 0.421505
vt 0.795479 0.509720
vt 0.755044 0.430127
vt 0.789144 0.497989
vt 0.824977 0.521096
vt 0.823737 0.521305
vt 0.826498 0.538900
vt 0.825245 0.538793
vt 0.823096 0.556316
vt 0.821906 0.555893
vt 0.815115 0.571998
vt 0.814086 0.571277
vt 0.735756 0.565844
vt 0.737075 0.558390
vt 0.737080 0.535956
vt 0.737277 0.543623
vt 0.736987 0.526933
vt 0.911344 0.807804
vt 0.912935 0.807201
vt 0.913712 0.824214
vt 0.912570 0.824696
vt 0.910697 0.789134
vt 0.912337 0.788563
vt 0.913482 0.825472
vt 0.926169 0.821743
vt 0.926024 0.823455
vt 0.907419 0.834659
vt 0.905615 0.833445
vt 0.907183 0.771703
vt 0.908745 0.771014
vt 0.931971 0.661479
vt 0.933053 0.662804
vt 0.925031 0.679859
vt 0.923792 0.678665
vt 0.942446 0.646028
vt 0.943035 0.647177
vt 0.917091 0.696171
vt 0.915813 0.695052
vt 0.942173 0.634095
vt 0.944735 0.633479
vt 0.943639 0.646140
vt 0.962112 0.661185
vt 0.960752 0.662102
vt 0.942790 0.831315
vt 0.941240 0.832543
vt 0.936437 0.819937
vt 0.937490 0.819115
vt 0.936455 0.818587
vt 0.903788 0.755441
vt 0.902281 0.756345
vt 0.897211 0.746186
vt 0.898277 0.745517
vt 0.931183 0.758946
vt 0.932408 0.758371
vt 0.941190 0.777184
vt 0.940107 0.779557
vt 0.923009 0.736947
vt 0.924681 0.735554
vt 0.941506 0.780813
vt 0.943052 0.778700
vt 0.961224 0.778773
vt 0.947420 0.695279
vt 0.950438 0.765903
vt 0.951355 0.766354
vt 0.901579 0.733943
vt 0.899856 0.733811
vt 0.900452 0.727097
vt 0.902107 0.727554
vt 0.900088 0.740783
vt 0.898490 0.740412
vt 0.897165 0.745062
vt 0.884538 0.747455
vt 0.884450 0.745947
vt 0.872922 0.710703
vt 0.873442 0.709079
vt 0.888341 0.714083
vt 0.887883 0.715499
vt 0.900673 0.718937
vt 0.900287 0.720006
vt 0.868978 0.747949
vt 0.868792 0.746245
vt 0.909266 0.711180
vt 0.907992 0.709857
vt 0.901602 0.719873
vt 0.963469 0.768806
vt 0.956426 0.705878
vt 0.946094 0.698049
vt 0.935991 0.713314
vt 0.934832 0.712603
vt 0.945686 0.695875
vt 0.924801 0.734281
vt 0.923372 0.732553
vt 0.943029 0.805653
vt 0.944196 0.804140
vt 0.953387 0.817556
vt 0.952539 0.818539
vt 0.975005 0.672416
vt 0.975384 0.674043
vt 0.970285 0.795691
vt 0.960042 0.676495
vt 0.896883 0.813246
vt 0.895758 0.793087
vt 0.925377 0.837889
vt 0.920259 0.765582
vt 0.912727 0.748200
vt 0.925771 0.784394
vt 0.926915 0.804032
vt 0.941566 0.802662
vt 0.941424 0.804915
vt 0.972684 0.654832
vt 0.957053 0.678085
vt 0.958043 0.676265
vt 0.969778 0.794352
vt 0.943527 0.802312
vt 0.806079 0.082413
vt 0.805922 0.083825
vt 0.792306 0.081712
vt 0.792536 0.080814
vt 0.750093 0.135784
vt 0.748987 0.134994
vt 0.756598 0.123913
vt 0.757749 0.124924
vt 0.742958 0.143206
vt 0.742217 0.142621
vt 0.761174 0.104625
vt 0.762329 0.104975
vt 0.743929 0.148519
vt 0.742571 0.148853
vt 0.741915 0.143486
vt 0.744987 0.155222
vt 0.743626 0.155602
vt 0.728200 0.142290
vt 0.728518 0.140789
vt 0.746811 0.160849
vt 0.745776 0.161052
vt 0.756042 0.164373
vt 0.755438 0.165583
vt 0.746365 0.161737
vt 0.767634 0.170651
vt 0.767091 0.172053
vt 0.735387 0.169808
vt 0.734428 0.168634
vt 0.781506 0.184976
vt 0.780679 0.185964
vt 0.832109 0.180208
vt 0.832763 0.181521
vt 0.820979 0.188071
vt 0.820501 0.187275
vt 0.822481 0.204045
vt 0.820973 0.204128
vt 0.820019 0.196798
vt 0.821411 0.196294
vt 0.825419 0.212168
vt 0.824037 0.212347
vt 0.819823 0.188113
vt 0.828116 0.219723
vt 0.827130 0.219899
vt 0.839428 0.223948
vt 0.838939 0.225529
vt 0.827741 0.220679
vt 0.815204 0.228324
vt 0.814187 0.227329
vt 0.775791 0.266473
vt 0.774782 0.265685
vt 0.787930 0.252633
vt 0.788936 0.253448
vt 0.763940 0.277974
vt 0.763081 0.277246
vt 0.801240 0.239187
vt 0.802240 0.240084
vt 0.775119 0.287160
vt 0.774263 0.288130
vt 0.762517 0.278566
vt 0.755509 0.289013
vt 0.754337 0.267208
vt 0.759623 0.307990
vt 0.758744 0.309151
vt 0.747454 0.299610
vt 0.745771 0.257865
vt 0.746924 0.257295
vt 0.737346 0.310886
vt 0.758382 0.247440
vt 0.724772 0.322036
vt 0.770827 0.235475
vt 0.709781 0.331013
vt 0.783833 0.221836
vt 0.796814 0.205178
vt 0.797998 0.206326
vt 0.790590 0.074483
vt 0.789150 0.074625
vt 0.788314 0.067774
vt 0.789792 0.067234
vt 0.791396 0.081177
vt 0.788793 0.058173
vt 0.790138 0.057825
vt 0.783991 0.094553
vt 0.782753 0.093767
vt 0.789522 0.048828
vt 0.790478 0.048695
vt 0.745904 0.027574
vt 0.745277 0.028767
vt 0.731387 0.020092
vt 0.731876 0.018887
vt 0.760588 0.036986
vt 0.759970 0.038222
vt 0.718969 0.015205
vt 0.719184 0.014327
vt 0.714627 0.003186
vt 0.716530 0.002441
vt 0.718179 0.014374
vt 0.712569 0.023258
vt 0.711439 0.022507
vt 0.775513 0.044523
vt 0.774904 0.045841
vt 0.789885 0.047870
vt 0.708483 0.032744
vt 0.707575 0.032293
vt 0.694443 0.034144
vt 0.694231 0.032069
vt 0.707669 0.033226
vt 0.716986 0.042369
vt 0.715997 0.043216
vt 0.746393 0.064581
vt 0.747139 0.063600
vt 0.765277 0.076187
vt 0.764282 0.077811
vt 0.729894 0.053527
vt 0.730727 0.052528
vt 0.764879 0.079204
vt 0.766443 0.080051
vt 0.798874 0.039855
vt 0.799831 0.041177
vt 0.797562 0.202578
vt 0.796700 0.203973
vt 0.779081 0.115248
vt 0.777912 0.114830
vt 0.772903 0.140690
vt 0.808427 0.178054
vt 0.807670 0.179248
vt 0.792634 0.163661
vt 0.793451 0.162718
vt 0.773895 0.144248
vt 0.755977 0.144016
vt 0.757859 0.152365
vt 0.838363 0.201914
vt 0.836102 0.191848
vt 0.840305 0.212666
vt 0.799540 0.263464
vt 0.786591 0.276065
vt 0.812728 0.250828
vt 0.826281 0.239170
vt 0.767219 0.297973
vt 0.766400 0.257012
vt 0.779422 0.244259
vt 0.747543 0.321498
vt 0.733143 0.333550
vt 0.716923 0.343800
vt 0.806127 0.073166
vt 0.805042 0.063727
vt 0.804005 0.052680
vt 0.734999 0.005221
vt 0.751859 0.014097
vt 0.767118 0.023359
vt 0.782597 0.030786
vt 0.700339 0.014831
vt 0.730795 0.160346
vt 0.728337 0.150909
vt 0.719804 0.063604
vt 0.735462 0.074455
vt 0.704496 0.050822
vt 0.725051 0.031739
vt 0.738720 0.041246
vt 0.754090 0.051335
vt 0.770513 0.059546
vt 0.735473 0.129262
vt 0.743120 0.117186
vt 0.748147 0.101014
vt 0.758783 0.184751
vt 0.771129 0.197001
vt 0.746495 0.177113
vt 0.792851 0.230315
vt 0.806760 0.217681
vt 0.792483 0.118435
vt 0.798009 0.099512
vt 0.818563 0.167521
vt 0.803302 0.153054
vt 0.699861 0.351149
vt 0.749681 0.083909
vt 0.784478 0.212946
vt 0.749835 0.084316
vt 0.810395 0.832875
vt 0.809895 0.831709
vt 0.833765 0.826769
vt 0.834065 0.827496
vt 0.787517 0.839977
vt 0.787165 0.839191
vt 0.834421 0.826821
vt 0.831382 0.812900
vt 0.832375 0.812834
vt 0.851869 0.831866
vt 0.851246 0.833466
vt 0.785551 0.860868
vt 0.784097 0.860355
vt 0.786699 0.839909
vt 0.777553 0.830241
vt 0.778266 0.829338
vt 0.754504 0.805124
vt 0.755341 0.804303
vt 0.767523 0.817472
vt 0.766685 0.818282
vt 0.743199 0.792447
vt 0.744091 0.791768
vt 0.733618 0.781698
vt 0.734359 0.781222
vt 0.713249 0.783405
vt 0.712894 0.781911
vt 0.733594 0.780873
vt 0.744053 0.756371
vt 0.745113 0.756905
vt 0.755990 0.727721
vt 0.756874 0.728082
vt 0.736808 0.716452
vt 0.737481 0.715409
vt 0.756875 0.726997
vt 0.768474 0.710547
vt 0.776333 0.735007
vt 0.846740 0.802645
vt 0.847600 0.804086
vt 0.831737 0.812292
vt 0.802955 0.808644
vt 0.817242 0.621893
vt 0.818800 0.622459
vt 0.812696 0.638959
vt 0.811920 0.639026
vt 0.791941 0.796415
vt 0.788674 0.627504
vt 0.789975 0.626610
vt 0.799696 0.645024
vt 0.798985 0.645305
vt 0.799225 0.669035
vt 0.749179 0.697750
vt 0.749832 0.696801
vt 0.769102 0.709609
vt 0.764347 0.768266
vt 0.819675 0.855015
vt 0.736468 0.820723
vt 0.750568 0.836084
vt 0.722319 0.804391
vt 0.765796 0.850475
vt 0.721925 0.748555
vt 0.791973 0.797621
vt 0.775172 0.780667
vt 0.764614 0.769569
vt 0.801800 0.808289
vt 0.130052 0.880144
vt 0.130233 0.880912
vt 0.123653 0.881953
vt 0.123478 0.881218
vt 0.116983 0.882967
vt 0.116809 0.882264
vt 0.133385 0.908181
vt 0.133288 0.909099
vt 0.127089 0.908125
vt 0.127137 0.907302
vt 0.121035 0.907207
vt 0.121072 0.906450
vt 0.115355 0.906443
vt 0.115363 0.905750
vt 0.110171 0.884253
vt 0.110006 0.883577
vt 0.110407 0.905838
vt 0.110421 0.905341
vt 0.103624 0.885920
vt 0.102622 0.885826
vt 0.109977 0.905542
vt 0.107058 0.913322
vt 0.106472 0.912937
vt 0.108759 0.902397
vt 0.109353 0.902126
vt 0.107007 0.897969
vt 0.107642 0.897645
vt 0.105048 0.892856
vt 0.105710 0.892437
vt 0.102946 0.886506
vt 0.047595 0.796094
vt 0.048137 0.795401
vt 0.054012 0.799578
vt 0.015257 0.926059
vt 0.040905 0.793385
vt 0.041327 0.792736
vt 0.034136 0.790896
vt 0.034520 0.790325
vt 0.027720 0.788170
vt 0.028067 0.787685
vt 0.022135 0.785290
vt 0.022433 0.784939
vt 0.008939 0.786156
vt 0.009129 0.787036
vt 0.003234 0.787868
vt 0.002985 0.786835
vt 0.013973 0.785725
vt 0.014180 0.786472
vt 0.018384 0.785341
vt 0.018579 0.785963
vt 0.021966 0.784828
vt 0.023243 0.781387
vt 0.023825 0.781574
vt 0.095261 0.894871
vt 0.101949 0.875726
vt 0.101739 0.922363
vt 0.101172 0.921900
vt 0.095313 0.931862
vt 0.094798 0.931336
vt 0.087694 0.941219
vt 0.087290 0.940633
vt 0.077680 0.949180
vt 0.077426 0.948566
vt 0.065776 0.952747
vt 0.065704 0.952108
vt 0.054010 0.950557
vt 0.054120 0.949922
vt 0.043864 0.944031
vt 0.044108 0.943352
vt 0.035704 0.936613
vt 0.045805 0.820159
vt 0.026914 0.932532
vt 0.052342 0.813099
vt 0.020317 0.928825
vt 0.056260 0.806522
vt 0.011883 0.756895
vt 0.012688 0.756101
vt 0.017067 0.760701
vt 0.016417 0.761308
vt 0.021121 0.764714
vt 0.020556 0.765206
vt 0.065781 0.775864
vt 0.065442 0.776492
vt 0.054617 0.773777
vt 0.054822 0.773063
vt 0.076520 0.781667
vt 0.076090 0.782178
vt 0.084154 0.790506
vt 0.083604 0.790858
vt 0.087688 0.802555
vt 0.087052 0.802781
vt 0.087643 0.815560
vt 0.048978 0.898408
vt 0.092976 0.834977
vt 0.058285 0.916395
vt 0.054049 0.908452
vt 0.090969 0.826326
vt 0.094438 0.841519
vt 0.064261 0.921272
vt 0.095665 0.846887
vt 0.072133 0.921948
vt 0.096957 0.852675
vt 0.078921 0.917957
vt 0.098509 0.859575
vt 0.084149 0.911353
vt 0.100187 0.867270
vt 0.089218 0.903492
vt 0.024785 0.768535
vt 0.024297 0.768934
vt 0.027741 0.772174
vt 0.027362 0.772421
vt 0.035067 0.771011
vt 0.035130 0.771679
vt 0.027796 0.772615
vt 0.044377 0.771577
vt 0.044299 0.772303
vt 0.026558 0.775062
vt 0.026006 0.774788
vt 0.025146 0.778269
vt 0.024562 0.778020
vt 0.922757 0.733827
vt 0.922572 0.735301
vt 0.798097 0.203631
vt 0.798458 0.205050
vt 0.772697 0.142120
vt 0.773072 0.143328
vt 0.766596 0.078697
vt 0.766237 0.077187
vt 0.798644 0.669947
vt 0.824945 0.663828
vt 0.958562 0.679262
vt 0.963037 0.779887
vt 0.818546 0.787757
vt 0.793056 0.796794
vt 0.036163 0.935744
vt 0.053450 0.820028
vt 0.044710 0.907190
vt 0.086698 0.815749
vt 0.012274 0.931459
vt 0.053209 0.799945
vt 0.049444 0.897865
vt 0.054580 0.907970
vt 0.088706 0.903021
vt 0.094773 0.894386
vt 0.083644 0.910870
vt 0.078502 0.917387
vt 0.071999 0.921211
vt 0.064574 0.920596
vt 0.058795 0.915885
vt 0.055498 0.806401
vt 0.051683 0.812794
vt 0.045147 0.819862
vt 0.103581 0.885230
vt 0.777386 0.735215
vt 0.765367 0.768619
vt 0.776731 0.734011
vt 0.789983 0.680670
vt 0.797667 0.670054
vt 0.782798 0.221038
vt 0.694231 0.337195
vt 0.769863 0.234584
vt 0.757525 0.246450
vt 0.746056 0.256320
vt 0.753231 0.267917
vt 0.748319 0.298612
vt 0.960376 0.678133
vt 0.975384 0.807980
vt 0.947444 0.697070
vt 0.957544 0.704667
vt 0.694231 0.368732
vt 0.764615 0.570998
vt 0.788068 0.498689
vt 0.779622 0.487878
vt 0.794274 0.510198
vt 0.795792 0.534435
vt 0.796771 0.522379
vt 0.792429 0.546092
vt 0.771517 0.573923
vt 0.781269 0.567005
vt 0.788054 0.557304
vt 0.783527 0.468322
vt 0.773510 0.448866
vt 0.776622 0.472626
vt 0.769919 0.477181
vt 0.062936 0.819244
vt 0.008980 0.937320
vt 0.005690 0.943200
vt 0.033224 0.821902
vt 0.784968 0.213599
vt 0.713235 0.349922
vt 0.706530 0.356563
vn 1.000000 0.000000 0.000000
vn 1.000000 0.000000 0.000000
vn 1.000000 0.000000 0.000000
vn 1.000000 0.000000 0.000000
vn 1.000000 0.000000 0.000000
vn 1.000000 -0.000000 0.000000
vn 0.087260 0.996185 -0.000460
vn -0.091639 0.995792 -0.000243
vn -0.087157 0.996194 -0.000691
vn 0.088942 0.996036 -0.001467
vn 0.087522 0.996163 -0.000107
vn -0.092062 0.995753 -0.000297
vn -0.359295 0.933224 -0.000791
vn -0.357539 0.933898 -0.000601
vn -0.351632 0.936138 -0.000495
vn -0.690339 0.723485 -0.000908
vn -0.687628 0.726063 -0.000687
vn 0.139277 -0.990253 -0.000201
vn 0.140322 -0.990106 -0.000147
vn -0.011963 -0.999928 0.000464
vn -0.013600 -0.999908 0.000113
vn 0.265619 -0.964078 -0.000320
vn 0.266181 -0.963923 -0.000707
vn -0.226134 -0.974096 0.000624
vn -0.228183 -0.973618 0.000319
vn -0.544527 -0.838742 0.001288
vn -0.545522 -0.838096 0.000885
vn -0.866741 -0.498755 0.001793
vn -0.866048 -0.499959 0.001205
vn 0.268837 -0.963185 -0.001174
vn 0.145598 -0.989344 0.000315
vn -0.004775 -0.999989 0.000389
vn -0.219421 -0.975630 0.000100
vn -0.540840 -0.841124 0.001917
vn 1.000000 -0.000000 0.000000
vn 1.000000 -0.000000 0.000000
vn 1.000000 0.000000 0.000000
vn 1.000000 0.000000 0.000000
vn 1.000000 -0.000000 0.000000
vn 1.000000 -0.000000 0.000000
vn 1.000000 0.000000 0.000000
vn 1.000000 0.000000 0.000000
vn 1.000000 0.000000 0.000000
vn 1.000000 -0.000000 0.000000
vn 1.000000 0.000000 0.000000
vn 1.000000 -0.000000 0.000000
vn 1.000000 0.000000 0.000000
vn 1.000000 0.000000 0.000000
vn 1.000000 -0.000000 0.000000
vn 0.000000 1.000000 0.000000
vn 0.000000 1.000000 -0.000000
vn 0.000000 1.000000 -0.000000
vn 0.000000 1.000000 -0.000000
vn 0.000000 1.000000 -0.000000
vn 0.000000 1.000000 0.000000
vn 0.000000 1.000000 0.000000
vn 0.000000 1.000000 0.000000
vn 0.000000 1.000000 0.000000
vn 0.000000 1.000000 -0.000000
vn 0.000000 1.000000 -0.000000
vn 0.000000 1.000000 0.000000
vn 0.000000 0.000000 1.000000
vn -0.000000 0.000000 1.000000
vn 0.000000 0.000000 1.000000
vn 0.000000 0.000000 1.000000
vn -0.000000 0.000000 1.000000
vn 0.000000 0.000000 1.000000
vn 0.000000 -1.000000 0.000000
vn 0.000000 -1.000000 0.000001
vn 0.000000 -1.000000 0.000001
vn 0.000000 -1.000000 0.000000
vn 0.000000 -1.000000 0.000001
vn 0.000000 -1.000000 0.000002
vn 0.000000 0.000000 1.000000
vn -0.000000 0.000000 1.000000
vn -0.000000 0.000000 1.000000
vn 0.000000 0.000000 1.000000
vn -0.000000 0.000000 1.000000
vn 0.000000 0.000000 1.000000
vn 0.997559 0.069829 0.000065
vn 0.997681 0.068066 0.000260
vn 0.897232 0.441558 0.000276
vn 0.896165 0.443721 -0.000113
vn 0.958067 -0.286544 0.000115
vn 0.957775 -0.287519 0.000360
vn 0.899475 0.436971 0.001310
vn 0.997817 0.066039 0.000513
vn 0.577517 0.816375 0.002447
vn 0.569645 0.821891 0.000139
vn 0.568065 0.822983 -0.000368
vn 0.160872 0.986975 -0.000117
vn 0.158185 0.987409 -0.000359
vn 0.158356 0.987382 -0.000268
vn -0.016291 0.999864 -0.002753
vn -0.018903 0.999821 -0.000798
vn -0.019561 0.999809 -0.000138
vn 0.028358 -0.999598 0.000050
vn -0.186875 -0.982384 0.000014
vn -0.187375 -0.982288 -0.000271
vn 0.028670 -0.999589 0.000095
vn 0.355249 -0.934772 0.000332
vn 0.355579 -0.934646 0.000226
vn -0.185727 -0.982600 -0.001652
vn 0.034728 -0.999397 0.000348
vn 0.000000 0.000000 1.000000
vn 0.000000 0.000000 1.000000
vn 0.000000 0.000000 1.000000
vn -0.000000 0.000000 1.000000
vn 0.000000 0.000000 1.000000
vn 0.000000 0.000000 1.000000
vn 0.000000 0.000000 1.000000
vn 0.000000 0.000000 1.000000
vn 0.000000 0.000000 1.000000
vn 0.000000 0.000000 1.000000
vn -0.000000 0.000000 1.000000
vn -0.000000 0.000000 1.000000
vn 0.000000 0.000000 1.000000
vn -0.000000 0.000000 1.000000
vn -0.000000 0.000000 1.000000
vn -0.000000 0.000000 1.000000
vn -0.000000 0.000000 1.000000
vn -0.000000 0.000000 1.000000
vn 0.957898 -0.287109 0.000858
vn 0.738692 -0.674044 0.000272
vn 0.738381 -0.674384 0.000737
vn 0.740647 -0.671893 0.001506
vn 0.362430 -0.932011 0.000820
vn -0.682723 0.730678 0.000300
vn -0.938044 0.346516 -0.000154
vn -0.936547 0.350542 0.000128
vn -0.934443 0.356112 0.001152
vn -0.997406 -0.071972 0.000685
vn -0.997634 -0.068741 0.001126
vn -0.997831 -0.065794 0.001903
vn -0.866144 -0.499784 0.003131
vn -1.000000 -0.000000 0.000000
vn -1.000000 0.000000 0.000000
vn -1.000000 0.000000 0.000000
vn -1.000000 -0.000000 0.000000
vn -1.000000 0.000001 0.000000
vn -1.000000 0.000001 0.000000
vn -0.936456 0.350785 0.000000
vn -0.936456 0.350785 0.000002
vn -0.936456 0.350785 0.000003
vn -0.936456 0.350785 0.000004
vn -0.971332 -0.237728 0.000095
vn -0.974497 -0.224400 0.000137
vn -0.974521 -0.224295 -0.000043
vn -0.974521 -0.224295 -0.000043
vn -0.936456 0.350785 0.000005
vn -0.936456 0.350786 0.000004
vn -0.936456 0.350786 0.000002
vn -0.936456 0.350785 0.000002
vn 0.943092 0.332532 -0.000002
vn 0.943093 0.332530 -0.000003
vn 0.943093 0.332529 -0.000002
vn 0.943092 0.332532 -0.000002
vn 0.000000 1.000000 -0.000001
vn 0.000000 1.000000 -0.000000
vn 0.000000 1.000000 0.000000
vn 0.000000 1.000000 0.000000
vn 0.000000 1.000000 -0.000001
vn 0.000000 1.000000 -0.000000
vn 0.967826 -0.251622 0.000122
vn 0.969964 -0.243248 0.000010
vn 0.969964 -0.243248 0.000010
vn 0.969931 -0.243379 0.000178
vn 0.000000 -1.000000 0.000000
vn 0.000000 -1.000000 0.000000
vn 0.000000 -1.000000 0.000000
vn 0.000000 -1.000000 0.000000
vn 0.000000 1.000000 0.000000
vn 0.000000 1.000000 0.000000
vn 0.000000 1.000000 0.000000
vn 0.000000 1.000000 0.000000
vn 1.000000 0.000000 0.000000
vn 1.000000 -0.000000 0.000000
vn 1.000000 -0.000003 0.000000
vn 1.000000 -0.000002 0.000000
vn 1.000000 0.000000 0.000000
vn 1.000000 0.000000 0.000000
vn 1.000000 -0.000002 0.000000
vn 1.000000 -0.000002 0.000000
vn 1.000000 -0.000002 0.000000
vn 1.000000 0.000000 0.000000
vn 1.000000 0.000000 0.000000
vn 1.000000 0.000000 0.000000
vn -1.000000 0.000003 0.000000
vn -1.000000 0.000005 0.000000
vn -1.000000 0.000003 0.000000
vn -1.000000 0.000002 0.000000
vn -1.000000 0.000001 0.000000
vn -1.000000 0.000001 0.000000
vn -1.000000 0.000231 -0.000336
vn -1.000000 0.000080 -0.000079
vn -1.000000 -0.000223 -0.000220
vn -0.999998 0.001252 -0.001434
vn -1.000000 0.000922 0.000022
vn -0.999999 -0.000108 0.001116
vn 0.007931 -0.999965 0.002804
vn 0.323963 -0.945991 0.012218
vn 0.196788 -0.980431 0.005508
vn 0.036985 -0.999316 0.000555
vn -0.196981 -0.980407 0.000131
vn -0.219151 -0.975691 0.000107
vn -0.119409 -0.992832 0.005117
vn -0.324507 -0.945881 -0.002203
vn -0.320051 -0.947393 -0.003728
vn 0.011094 -0.999938 -0.000311
vn 0.195040 -0.980793 0.002042
vn 0.305352 -0.952239 0.001192
vn -0.015979 -0.999872 0.000167
vn -0.207442 -0.978247 0.000072
vn -0.326492 -0.945200 -0.000622
vn 0.344278 -0.938868 -0.000003
vn -0.029392 -0.999568 0.000005
vn 0.998408 -0.056164 0.005261
vn 0.984479 -0.175504 -0.000010
vn 0.997615 0.066227 0.019445
vn 0.611318 -0.791382 0.002466
vn -0.197018 -0.980400 0.000008
vn -0.326486 -0.945202 0.000009
vn 0.665749 0.746172 0.002297
vn 0.667185 0.744892 -0.000009
vn 1.000000 0.000000 0.000000
vn 1.000000 -0.000012 -0.000010
vn 1.000000 -0.000014 0.000000
vn 1.000000 -0.000001 0.000000
vn -0.041348 -0.999143 -0.001969
vn -0.033374 -0.999443 -0.000305
vn 0.135107 -0.990831 -0.000881
vn 0.123522 -0.992337 -0.003078
vn -0.185019 -0.982731 -0.002774
vn -0.181421 -0.983405 -0.000913
vn 0.401232 -0.915976 0.001358
vn 0.390081 -0.920774 0.003433
vn 0.752842 -0.658160 0.007370
vn 0.748789 -0.662620 0.015809
vn 0.984069 -0.177346 0.012558
vn 0.985698 -0.166718 0.024570
vn 0.930659 0.365700 0.011694
vn 0.917249 0.397652 0.022942
vn 0.671354 0.741133 0.002318
vn 0.645844 0.763409 0.009627
vn 0.460533 0.887626 -0.005370
vn 0.443196 0.896422 -0.002094
vn 0.403250 0.915083 -0.003599
vn 0.407641 0.913132 -0.004350
vn 0.675739 0.737082 0.009356
vn 0.701667 0.712275 0.018091
vn 0.992861 -0.110631 0.044595
vn -0.030254 -0.999542 -0.000001
vn 0.139882 -0.990168 -0.000014
vn 0.405585 -0.914057 0.000643
vn 0.753398 -0.657560 0.002390
vn 0.982521 -0.186120 0.003578
vn 0.936350 0.351057 0.002879
vn 0.681210 0.732088 0.000133
vn 0.469057 0.883166 -0.001646
vn 0.403589 0.914940 -0.000969
vn 0.752615 -0.658461 0.000000
vn 0.982680 -0.185313 -0.000001
vn 0.404508 -0.914535 0.000002
vn 0.935971 0.352078 0.000008
vn 0.679717 0.733475 0.000007
vn 0.469014 0.883191 -0.000009
vn 0.403723 0.914881 -0.000012
vn 0.139367 -0.990241 0.000001
vn -0.030553 -0.999533 -0.000001
vn -0.179908 -0.983684 -0.000184
vn -0.180187 -0.983632 0.000001
vn 0.131643 0.991297 -0.000018
vn -0.008293 0.999966 -0.000020
vn -0.008615 0.999963 -0.000348
vn 0.131439 0.991324 -0.000438
vn -0.207050 0.978331 -0.000028
vn -0.207674 0.978198 -0.000319
vn -0.005144 0.999986 -0.001552
vn 0.132833 0.991137 -0.001778
vn -0.201980 0.979388 -0.001981
vn -0.502113 0.864802 -0.000024
vn -0.503118 0.864217 0.000489
vn -0.498854 0.866686 0.000863
vn -0.187112 0.982307 -0.007913
vn 0.003868 0.999986 -0.003677
vn -0.489582 0.871957 0.000208
vn -0.833878 0.551950 -0.000007
vn -0.834169 0.551507 0.001701
vn -0.833138 0.553038 0.005490
vn -0.828279 0.560210 0.010869
vn -0.998893 0.047037 -0.000001
vn -0.998881 0.047240 0.002453
vn -0.999136 0.040706 0.008362
vn -0.999495 0.026875 0.016937
vn -0.895032 -0.446003 -0.000002
vn -0.895573 -0.444912 0.001843
vn -0.890139 -0.455653 0.005747
vn -0.876190 -0.481648 0.017492
vn -0.633451 -0.773783 0.000004
vn -0.634805 -0.772672 -0.000802
vn -0.626018 -0.779795 -0.004688
vn -0.603251 -0.797540 0.004184
vn -0.432399 -0.901682 0.000008
vn -0.432212 -0.901770 -0.002181
vn -0.423429 -0.905873 -0.010115
vn -0.433356 -0.901223 0.000013
vn -0.432842 -0.901469 -0.000820
vn 0.427793 0.903877 0.000004
vn 0.427861 0.903844 -0.000708
vn 0.297775 0.954636 -0.000315
vn 0.297766 0.954639 0.000005
vn -0.850841 -0.524877 0.023971
vn -0.821234 -0.570470 0.011808
vn -0.870652 0.491555 0.018384
vn -0.860780 0.507824 0.034237
vn -0.455794 -0.890074 -0.004495
vn -0.437991 -0.898972 -0.003636
vn -0.203313 0.979107 0.003763
vn -0.222719 0.974854 0.007459
vn 0.123269 0.992373 0.000533
vn 0.104688 0.994505 0.000810
vn 0.292972 0.956121 -0.000558
vn 0.280285 0.959917 0.000427
vn 0.425622 0.904898 -0.002456
vn 0.420681 0.907203 -0.003189
vn -0.407780 -0.913026 -0.010003
vn -0.809913 -0.586550 -0.000005
vn -0.809038 -0.587747 0.003431
vn -0.878110 0.478460 -0.000028
vn -0.876731 0.480950 0.005456
vn -0.196205 0.980563 -0.000007
vn -0.195866 0.980630 0.000984
vn 0.130528 0.991445 0.000004
vn 0.130296 0.991475 -0.000016
vn 0.136088 0.990693 -0.002716
vn -0.000168 0.000272 1.000000
vn -0.000009 0.000014 1.000000
vn -0.000066 0.000076 1.000000
vn -0.000411 0.000221 1.000000
vn -0.000218 0.000277 1.000000
vn -0.000428 0.000268 1.000000
vn -0.000000 0.000000 1.000000
vn 0.000000 0.000000 1.000000
vn -0.000010 0.000030 1.000000
vn -0.000000 0.000000 1.000000
vn 0.000000 0.000000 1.000000
vn 0.000000 0.000000 1.000000
vn 0.000001 0.000000 1.000000
vn 0.000000 0.000000 1.000000
vn -0.000000 0.000000 1.000000
vn -0.000000 0.000000 1.000000
vn 0.000001 0.000000 1.000000
vn 0.000000 0.000000 1.000000
vn 0.000000 0.000000 1.000000
vn 0.000000 0.000000 1.000000
vn -0.000000 0.000000 1.000000
vn 0.000000 0.000000 1.000000
vn 0.000000 0.000000 1.000000
vn 0.000000 0.000000 1.000000
vn -0.000000 0.000000 1.000000
vn -0.000000 0.000000 1.000000
vn -0.000000 0.000000 1.000000
vn 0.000000 0.000000 1.000000
vn 0.000001 0.000000 1.000000
vn 0.000000 0.000000 1.000000
vn 0.000000 0.000000 1.000000
vn -0.000000 0.000000 1.000000
vn -0.000000 0.000000 1.000000
vn 0.000000 0.000000 1.000000
vn 0.000000 0.000000 1.000000
vn 0.000000 0.000000 1.000000
vn -0.000000 0.000000 1.000000
vn 0.000000 0.000000 1.000000
vn 0.000067 0.000115 1.000000
vn 0.000164 0.000134 1.000000
vn 0.000000 0.000000 1.000000
vn 0.000000 0.000000 1.000000
vn 0.000001 0.000000 1.000000
vn 0.000000 0.000000 1.000000
vn 0.000404 0.000669 1.000000
vn 0.000870 0.000752 0.999999
vn 0.999999 0.000403 -0.001527
vn 1.000000 0.000238 -0.000035
vn 1.000000 -0.000180 0.000025
vn 0.999999 0.000210 -0.001061
vn 1.000000 0.000004 -0.000021
vn 1.000000 0.000003 0.000000
vn 1.000000 -0.000164 -0.000253
vn 1.000000 -0.000116 -0.000315
vn 0.000000 0.000002 1.000000
vn -0.000080 0.000335 1.000000
vn 0.595362 -0.803458 0.000008
vn 0.595362 -0.803458 0.000008
vn 0.595572 -0.803302 -0.000107
vn 0.595572 -0.803302 -0.000107
vn 0.595188 -0.803585 -0.001385
vn 0.595183 -0.803589 -0.001394
vn 0.762834 0.646594 -0.000005
vn 0.762834 0.646594 -0.000005
vn 0.762961 0.646444 -0.000052
vn 0.762962 0.646443 -0.000053
vn 0.763477 0.645830 0.002539
vn 0.763481 0.645826 0.002561
vn 0.594471 -0.804112 -0.002762
vn 0.594471 -0.804112 -0.002762
vn 0.657879 -0.000199 0.753123
vn 0.658707 -0.000171 0.752399
vn 0.653095 -0.000364 0.757276
vn 0.653095 -0.000364 0.757276
vn 0.663460 -0.000001 0.748212
vn 0.663447 -0.000000 0.748223
vn -0.185205 -0.629455 0.754643
vn -0.185205 -0.629455 0.754643
vn -0.115917 -0.646450 0.754099
vn -0.120382 -0.645458 0.754249
vn 0.663340 0.000002 0.748318
vn 0.663340 0.000002 0.748318
vn 0.763898 0.645314 0.005467
vn 0.763898 0.645314 0.005467
vn 0.111862 0.653858 0.748303
vn 0.111862 0.653858 0.748303
vn 0.060455 0.659370 0.749384
vn 0.063695 0.659075 0.749375
vn -0.053883 0.659756 0.749546
vn -0.047320 0.660145 0.749646
vn -0.227738 0.619016 0.751635
vn -0.218731 0.622198 0.751682
vn 0.817865 -0.575410 -0.000028
vn 0.817865 -0.575410 -0.000028
vn 0.818107 -0.575067 -0.000093
vn 0.818108 -0.575064 -0.000093
vn -0.140192 -0.644932 0.751272
vn -0.131938 -0.646697 0.751249
vn -0.342447 -0.554113 0.758742
vn -0.349603 -0.549569 0.758783
vn 0.001905 -0.661874 0.749613
vn 0.007997 -0.661731 0.749698
vn 0.100334 -0.654523 0.749354
vn 0.104225 -0.653942 0.749331
vn 0.180703 -0.640854 0.746091
vn 0.184155 -0.640191 0.745816
vn 0.818999 -0.573795 -0.000045
vn 0.819003 -0.573789 -0.000044
vn 0.819735 -0.572743 0.000085
vn 0.819735 -0.572743 0.000085
vn 0.248527 -0.626023 0.739141
vn 0.425721 -0.438277 0.791628
vn 0.674796 -0.028400 0.737458
vn 0.667952 0.000406 0.744204
vn 0.668576 0.000534 0.743644
vn 0.664912 0.000002 0.746922
vn 0.665088 0.000002 0.746765
vn 0.663829 -0.000000 0.747884
vn 0.663867 -0.000000 0.747850
vn 0.663518 -0.000001 0.748160
vn 0.663525 -0.000001 0.748154
vn 0.663400 0.000000 0.748265
vn 0.663402 0.000000 0.748263
vn 0.663343 0.000002 0.748316
vn 0.663343 0.000002 0.748316
vn 0.707083 0.707130 0.000000
vn 0.707083 0.707130 0.000000
vn 0.707082 0.707132 0.000000
vn 0.707082 0.707132 0.000000
vn 0.707081 0.707132 0.000000
vn 0.707081 0.707132 0.000000
vn 0.000001 0.663326 0.748330
vn 0.000001 0.663326 0.748330
vn 0.000001 0.663331 0.748327
vn 0.000001 0.663331 0.748327
vn 0.000000 0.663323 0.748333
vn 0.000000 0.663323 0.748333
vn 0.000000 0.663334 0.748324
vn 0.000000 0.663334 0.748324
vn -0.707094 0.707120 0.000000
vn -0.707093 0.707120 0.000000
vn -0.707094 0.707120 0.000000
vn -0.707094 0.707120 0.000000
vn -0.707095 0.707119 0.000000
vn -0.707095 0.707119 0.000000
vn -0.663307 0.000000 0.748348
vn -0.663307 0.000000 0.748348
vn -0.663306 0.000000 0.748349
vn -0.663306 0.000000 0.748349
vn -0.707096 0.707117 0.000000
vn -0.707096 0.707117 0.000000
vn 0.707083 0.707131 0.000000
vn 0.707083 0.707131 0.000000
vn -0.000002 0.663329 0.748327
vn -0.000002 0.663329 0.748328
vn -0.000001 0.663333 0.748325
vn -0.000001 0.663333 0.748325
vn 0.000000 -0.663301 0.748353
vn -0.000000 -0.663301 0.748353
vn 0.000002 -0.663306 0.748348
vn 0.000002 -0.663306 0.748348
vn -0.000002 -0.663297 0.748357
vn -0.000002 -0.663297 0.748356
vn -0.663296 0.000000 0.748357
vn -0.663296 0.000000 0.748357
vn -0.663296 0.000000 0.748357
vn -0.663296 0.000000 0.748357
vn -0.707119 -0.707095 0.000000
vn -0.707119 -0.707095 0.000000
vn -0.707120 -0.707094 0.000000
vn -0.707120 -0.707094 0.000000
vn -0.707119 -0.707095 0.000000
vn -0.707119 -0.707095 0.000000
vn -0.707119 -0.707095 0.000000
vn -0.707119 -0.707095 0.000000
vn -0.663305 0.000000 0.748350
vn -0.663305 0.000000 0.748350
vn -0.007346 0.662454 0.749066
vn -0.007346 0.662454 0.749066
vn 0.106252 0.644488 0.757196
vn 0.115939 0.642547 0.757425
vn 0.588964 0.281000 0.757734
vn 0.589753 0.279366 0.757724
vn 0.388388 0.516915 0.762859
vn 0.382956 0.520914 0.762885
vn 0.657103 0.041923 0.752634
vn 0.657147 0.041273 0.752632
vn 0.628212 -0.187674 0.755068
vn 0.628057 -0.188186 0.755070
vn 0.485603 -0.434161 0.758745
vn 0.484378 -0.435535 0.758741
vn 0.241989 -0.605957 0.757798
vn 0.246345 -0.604182 0.757811
vn 0.027640 -0.657647 0.752819
vn 0.032432 -0.657407 0.752837
vn -0.444210 0.480552 0.756140
vn -0.438515 0.485785 0.756120
vn -0.610272 0.234534 0.756678
vn -0.608935 0.238003 0.756672
vn -0.653597 -0.043132 0.755613
vn -0.653695 -0.041731 0.755607
vn -0.560434 -0.326030 0.761326
vn -0.559437 -0.327710 0.761339
vn 1.000000 -0.000001 0.000000
vn 1.000000 -0.000001 0.000000
vn 1.000000 -0.000001 0.000000
vn 1.000000 -0.000001 0.000000
vn 1.000000 -0.000000 0.000000
vn 1.000000 0.000000 0.000000
vn 1.000000 0.000000 0.000000
vn 1.000000 0.000000 0.000000
vn 1.000000 0.000000 0.000000
vn 1.000000 0.000000 0.000000
vn 0.164222 0.986423 -0.000763
vn 0.163824 0.986490 -0.000094
vn 0.165685 0.986176 -0.002325
vn -0.074037 0.997255 -0.001258
vn 0.094915 0.995483 -0.002298
vn 0.166939 0.985962 -0.003365
vn 0.008178 -0.999967 0.000085
vn -0.202763 -0.979227 -0.000834
vn 0.154286 -0.988026 0.000812
vn 0.338648 -0.940913 -0.001058
vn 0.341276 -0.939959 -0.002804
vn 0.275429 -0.961320 -0.001498
vn 0.343483 -0.939150 -0.004038
vn 1.000000 0.000001 0.000000
vn 1.000000 0.000000 0.000000
vn 1.000000 0.000000 0.000000
vn 1.000000 -0.000001 0.000000
vn 1.000000 0.000000 0.000000
vn 1.000000 0.000000 0.000000
vn 1.000000 -0.000001 0.000000
vn 1.000000 -0.000001 0.000000
vn 1.000000 0.000000 0.000000
vn 1.000000 0.000000 0.000000
vn 1.000000 -0.000002 0.000000
vn 0.000000 1.000000 0.000001
vn 0.000000 1.000000 0.000000
vn 0.000000 1.000000 -0.000000
vn 0.000000 1.000000 -0.000000
vn 0.000000 1.000000 -0.000000
vn 0.000000 1.000000 -0.000000
vn 1.000000 0.000000 0.000000
vn 1.000000 0.000000 0.000000
vn -0.000000 0.000000 1.000000
vn -0.000001 0.000000 1.000000
vn -0.000000 0.000000 1.000000
vn -0.000000 0.000000 1.000000
vn 0.000000 0.000000 1.000000
vn -0.000000 0.000000 1.000000
vn 0.000000 0.000000 1.000000
vn 0.000000 1.000000 0.000000
vn 0.000000 1.000000 0.000000
vn 0.000000 1.000000 -0.000000
vn 0.000000 1.000000 0.000000
vn 0.000000 1.000000 -0.000001
vn 0.000000 1.000000 -0.000001
vn -1.000000 0.000000 0.000000
vn -1.000000 0.000001 0.000000
vn -1.000000 0.000000 0.000000
vn -1.000000 0.000000 0.000000
vn -1.000000 0.000000 0.000000
vn -1.000000 0.000000 0.000000
vn -1.000000 0.000000 0.000000
vn -1.000000 0.000000 0.000000
vn -1.000000 0.000000 0.000000
vn -1.000000 -0.000000 0.000000
vn -1.000000 0.000000 0.000000
vn -1.000000 -0.000001 0.000000
vn 0.000000 0.000000 1.000000
vn -0.000000 0.000000 1.000000
vn 0.000000 0.000000 1.000000
vn 0.000000 0.000000 1.000000
vn -0.000000 0.000000 1.000000
vn 0.000000 0.000000 1.000000
vn 0.000000 -1.000000 0.000000
vn 0.000000 -1.000000 0.000001
vn 0.000000 -1.000000 0.000000
vn 0.000000 -1.000000 0.000000
vn 0.000000 -1.000000 0.000001
vn 0.000000 -1.000000 0.000001
vn 0.000000 0.000000 1.000000
vn -0.000000 0.000000 1.000000
vn 0.000001 0.000000 1.000000
vn 0.901902 0.431936 0.002029
vn 0.783270 0.621675 0.003001
vn 0.997946 0.064059 0.000571
vn 0.360477 0.932751 0.005591
vn 0.178309 0.983974 0.000773
vn -0.014152 0.999891 -0.004171
vn -0.291138 -0.956681 0.000052
vn -0.290621 -0.956838 -0.000847
vn -0.288182 -0.957569 -0.003740
vn 0.000001 0.000000 1.000000
vn 0.000001 0.000000 1.000000
vn 0.000001 0.000000 1.000000
vn 0.000000 0.000000 1.000000
vn 0.000000 0.000000 1.000000
vn 0.000000 0.000000 1.000000
vn 0.000000 0.000000 1.000000
vn 0.000000 0.000000 1.000000
vn 0.000000 0.000000 1.000000
vn 0.000000 0.000000 1.000000
vn -0.000000 0.000000 1.000000
vn 0.000000 0.000000 1.000000
vn 0.000000 0.000000 1.000000
vn 0.000001 0.000000 1.000000
vn 0.000001 0.000000 1.000000
vn 0.000000 0.000000 1.000000
vn -0.000000 0.000000 1.000000
vn -0.000001 0.000000 1.000000
vn -0.000000 0.000000 1.000000
vn -0.000000 0.000000 1.000000
vn -0.000000 0.000000 1.000000
vn -0.000000 0.000000 1.000000
vn -0.000000 0.000000 1.000000
vn -0.000000 0.000000 1.000000
vn 0.337870 -0.941193 -0.000357
vn 0.957804 -0.287419 0.001151
vn 0.744233 -0.667918 0.001854
vn 0.373044 -0.927813 0.001251
vn 0.045611 -0.998959 0.000640
vn -0.178014 -0.984025 -0.002649
vn -0.286008 -0.958209 -0.005986
vn -0.334078 0.942545 -0.000684
vn -0.671608 0.740906 0.001079
vn -0.931918 0.362664 0.002012
vn -0.997959 -0.063813 0.002275
vn -0.863690 -0.504007 0.003986
vn -0.526856 -0.849952 0.001945
vn 0.000000 0.000000 1.000000
vn -1.000000 0.000000 0.000000
vn -1.000000 0.000000 0.000000
vn -0.000001 0.000000 1.000000
vn -0.000000 0.000000 1.000000
vn -0.000001 0.000000 1.000000
vn 0.433728 -0.597736 0.674234
vn 0.433728 -0.597736 0.674234
vn 0.433728 -0.597736 0.674234
vn 0.612022 0.516108 0.599217
vn 0.612022 0.516108 0.599217
vn 0.612022 0.516108 0.599217
vn -0.552755 0.552769 0.623625
vn -0.552756 0.552769 0.623625
vn -0.552756 0.552769 0.623625
vn 0.552751 0.552778 0.623620
vn 0.552751 0.552778 0.623620
vn 0.552751 0.552778 0.623620
vn -0.552756 -0.552742 0.623648
vn -0.552756 -0.552742 0.623648
vn -0.552756 -0.552742 0.623648
vn 0.623436 0.219703 0.750372
vn 0.625198 0.220351 0.748714
vn 0.617144 0.217391 0.756224
vn 0.617144 0.217391 0.756224
vn 0.630316 0.222249 0.743847
vn 0.630056 0.222157 0.744094
vn 0.000596 -0.657023 0.753870
vn 0.000596 -0.657023 0.753870
vn 0.000394 -0.665471 0.746424
vn 0.000447 -0.663266 0.748384
vn 0.813310 -0.581828 -0.001714
vn 0.813310 -0.581828 -0.001714
vn 0.813310 -0.581828 -0.001714
vn 0.813310 -0.581828 -0.001714
vn 0.628663 0.221666 0.745417
vn 0.628618 0.221650 0.745460
vn -0.618176 0.231258 0.751251
vn -0.619975 0.232004 0.749537
vn -0.625386 0.234263 0.744321
vn -0.625449 0.234285 0.744261
vn -0.612959 0.229094 0.756173
vn -0.612959 0.229094 0.756173
vn -0.624959 0.234102 0.744730
vn -0.625000 0.234118 0.744690
vn -0.821832 -0.569728 -0.001300
vn -0.821832 -0.569728 -0.001300
vn -0.821832 -0.569728 -0.001300
vn -0.821832 -0.569728 -0.001300
vn -0.000344 -0.652473 0.757812
vn -0.000344 -0.652473 0.757812
vn -0.000344 -0.652473 0.757812
vn -0.000344 -0.652473 0.757812
vn -0.610904 -0.791705 0.000437
vn -0.610904 -0.791705 0.000437
vn -0.610904 -0.791705 0.000437
vn -0.610904 -0.791705 0.000437
vn 0.000203 -0.673350 0.739324
vn 0.000203 -0.673350 0.739324
vn 0.631446 0.222520 0.742806
vn 0.630910 0.222353 0.743311
vn 0.631782 0.235638 0.738462
vn 0.471367 0.394420 0.788826
vn -0.641091 -0.163119 0.749929
vn -0.641160 -0.162935 0.749911
vn -0.635715 -0.177421 0.751258
vn -0.635715 -0.177421 0.751258
vn -0.646208 -0.149081 0.748458
vn -0.646208 -0.149081 0.748458
vn 0.000003 0.651785 0.758404
vn 0.000003 0.651785 0.758404
vn 0.000003 0.651785 0.758404
vn 0.000003 0.651785 0.758404
vn -0.796252 0.604965 0.000803
vn -0.796252 0.604965 0.000803
vn -0.796252 0.604965 0.000803
vn -0.796252 0.604965 0.000803
vn 0.000024 0.669421 0.742883
vn 0.000022 0.669001 0.743261
vn 0.000407 0.676315 0.736612
vn 0.000315 0.675490 0.737369
vn -0.000241 0.668398 0.743804
vn -0.000207 0.668002 0.744159
vn 0.026664 0.674981 0.737354
vn 0.577688 0.816258 0.000684
vn 0.577688 0.816258 0.000684
vn 0.577723 0.816233 0.000317
vn 0.577723 0.816233 0.000318
vn -0.569762 0.821810 -0.000003
vn -0.569762 0.821810 -0.000003
vn -0.570332 0.821414 0.000235
vn -0.570349 0.821403 0.000242
vn -0.570982 0.820963 0.000507
vn -0.570982 0.820963 0.000507
vn 0.577753 0.816211 -0.000002
vn 0.577753 0.816211 -0.000002
vn -0.627911 0.235074 0.741935
vn -0.627288 0.234867 0.742528
vn -0.409939 0.451162 0.792718
vn -0.628180 0.247409 0.737684
vn -0.017086 0.680111 0.732910
vn 0.795373 0.606120 0.001231
vn 0.795373 0.606120 0.001231
vn 0.795372 0.606120 0.001231
vn 0.795372 0.606120 0.001231
vn 0.637980 -0.169741 0.751112
vn 0.637977 -0.169746 0.751114
vn 0.632002 -0.178611 0.754104
vn 0.632002 -0.178611 0.754103
vn 0.643311 -0.161714 0.748331
vn 0.643311 -0.161714 0.748331
vn -0.612865 -0.790188 -0.000436
vn -0.612865 -0.790188 -0.000436
vn -0.612865 -0.790188 -0.000436
vn -0.612865 -0.790188 -0.000436
vn 0.603216 -0.797578 -0.000453
vn 0.603216 -0.797578 -0.000453
vn 0.603216 -0.797578 -0.000453
vn 0.603216 -0.797578 -0.000453
vn 0.943091 0.332534 0.000002
vn 0.943091 0.332534 0.000002
vn 0.943091 0.332536 0.000004
vn 0.943091 0.332536 0.000004
vn 0.943092 0.332531 -0.000002
vn 0.943093 0.332531 -0.000002
vn -0.936456 0.350785 -0.000002
vn -0.936456 0.350785 0.000000
vn -0.936456 0.350784 -0.000002
vn -0.936456 0.350784 -0.000002
vn 0.000000 -1.000000 -0.000000
vn 0.000000 -1.000000 -0.000000
vn 0.000000 -1.000000 0.000000
vn 0.000000 -1.000000 0.000000
vn 0.000000 -1.000000 -0.000001
vn 0.000000 -1.000000 -0.000001
vn -0.000000 0.000000 1.000000
vn 0.000000 0.000000 1.000000
vn 0.000000 0.000000 1.000000
vn -0.000000 0.000000 1.000000
vn -0.000000 0.000000 1.000000
vn -0.000000 0.000000 1.000000
vn -0.000000 0.000000 1.000000
vn -0.000001 0.000000 1.000000
vn -0.000000 0.000000 1.000000
vn 0.000000 0.000000 1.000000
vn 0.000000 0.000000 1.000000
vn -0.969252 -0.246070 0.000174
vn -0.974470 -0.224519 0.000342
vn -0.963271 -0.268530 -0.000003
vn -0.963271 -0.268530 -0.000003
vn -0.000000 0.000000 1.000000
vn -0.000000 0.000000 1.000000
vn -0.000000 0.000000 1.000000
vn 0.000000 0.000000 1.000000
vn -0.936457 0.350783 0.000002
vn -0.936457 0.350784 0.000004
vn 0.943092 0.332532 -0.000002
vn 0.943093 0.332531 -0.000003
vn 0.943091 0.332534 -0.000002
vn 0.943092 0.332531 -0.000002
vn 0.943091 0.332536 -0.000001
vn 0.000000 1.000000 0.000000
vn 0.000000 1.000000 0.000000
vn -0.936456 0.350786 0.000000
vn -0.936456 0.350784 -0.000002
vn -0.936457 0.350782 -0.000001
vn 0.000000 1.000000 0.000001
vn 0.000000 1.000000 0.000001
vn 0.000000 1.000000 0.000001
vn 0.000000 1.000000 0.000000
vn 0.000000 1.000000 -0.000001
vn 0.000000 1.000000 0.000001
vn 0.000000 1.000000 -0.000002
vn 0.966374 -0.257142 0.000184
vn 0.962305 -0.271974 -0.000019
vn 0.962305 -0.271974 -0.000019
vn 0.969894 -0.243528 0.000369
vn -0.000000 0.000000 1.000000
vn -0.000000 0.000000 1.000000
vn -0.000000 0.000000 1.000000
vn 0.000000 0.000000 1.000000
vn 0.000000 -1.000000 0.000000
vn 0.000000 -1.000000 0.000000
vn 0.000000 -1.000000 0.000000
vn 0.000000 -1.000000 0.000000
vn -0.967944 -0.251167 -0.000001
vn -0.967944 -0.251167 -0.000001
vn -0.967944 -0.251167 -0.000001
vn -0.967944 -0.251167 -0.000001
vn -0.000000 0.000000 1.000000
vn -0.000000 0.000000 1.000000
vn 0.000000 0.000000 1.000000
vn -0.000000 0.000000 1.000000
vn 0.000000 0.000000 1.000000
vn -0.000000 0.000000 1.000000
vn 0.962948 -0.269688 0.000001
vn 0.962948 -0.269688 0.000001
vn 0.962948 -0.269688 0.000001
vn 0.962948 -0.269688 0.000001
vn 0.000000 -1.000000 0.000001
vn 0.000000 -1.000000 0.000001
vn 0.000000 -1.000000 0.000001
vn 0.000000 -1.000000 0.000001
vn 0.000000 0.000000 1.000000
vn -0.000000 0.000000 1.000000
vn -0.000001 0.000000 1.000000
vn 0.000000 0.000000 1.000000
vn -0.000000 0.000000 1.000000
vn -0.000000 0.000000 1.000000
vn 0.000001 0.000000 1.000000
vn -0.000000 0.000000 1.000000
vn -0.000000 0.000000 1.000000
vn 0.000000 1.000000 0.000000
vn 0.000000 1.000000 0.000000
vn 0.000000 1.000000 0.000000
vn 0.000000 1.000000 0.000000
vn 0.584025 -0.430166 0.688383
vn 0.584025 -0.430166 0.688383
vn 0.584025 -0.430166 0.688383
vn -0.596549 -0.413546 0.687829
vn -0.596549 -0.413546 0.687829
vn -0.596549 -0.413546 0.687829
vn -0.482004 -0.630293 0.608607
vn -0.482004 -0.630293 0.608607
vn -0.482004 -0.630293 0.608607
vn -0.372580 0.262956 0.889966
vn -0.372580 0.262956 0.889966
vn -0.372580 0.262956 0.889966
vn -0.372580 0.262956 0.889965
vn 0.378545 0.260364 0.888209
vn 0.378545 0.260364 0.888209
vn 0.378545 0.260364 0.888209
vn 0.378545 0.260364 0.888209
vn -0.652818 -0.169229 0.738370
vn -0.652818 -0.169229 0.738370
vn -0.642046 -0.208574 0.737749
vn -0.633535 -0.236988 0.736526
vn -0.042146 -0.674117 0.737422
vn -0.023611 -0.674546 0.737856
vn 0.023245 -0.674572 0.737843
vn 0.040911 -0.674189 0.737425
vn 0.643220 -0.180451 0.744113
vn 0.643220 -0.180451 0.744113
vn 0.624474 -0.244713 0.741719
vn 0.632724 -0.217739 0.743135
vn -0.612366 0.790575 0.000238
vn -0.612366 0.790575 0.000238
vn -0.612366 0.790574 0.000238
vn -0.612366 0.790575 0.000238
vn 0.652402 -0.173545 0.737735
vn 0.652577 -0.173619 0.737563
vn 0.650006 -0.172993 0.739977
vn 0.650914 -0.173237 0.739121
vn 0.651823 -0.173302 0.738304
vn 0.651823 -0.173302 0.738304
vn 0.646689 -0.163077 0.745117
vn 0.646688 -0.163073 0.745119
vn -0.000139 -0.666439 0.745560
vn -0.000130 -0.666242 0.745736
vn -0.000297 -0.669763 0.742574
vn -0.000297 -0.669764 0.742574
vn 0.000134 -0.666499 0.745506
vn 0.000137 -0.666552 0.745459
vn 0.609508 -0.792780 0.000477
vn 0.609508 -0.792780 0.000477
vn 0.609508 -0.792780 0.000477
vn 0.609508 -0.792780 0.000477
vn 0.000290 -0.669874 0.742475
vn 0.000290 -0.669873 0.742475
vn -0.649480 -0.183094 0.738006
vn -0.649504 -0.183132 0.737975
vn -0.649402 -0.182974 0.738104
vn -0.649402 -0.182974 0.738104
vn -0.647473 -0.182651 0.739877
vn -0.646551 -0.182400 0.740744
vn -0.603584 -0.797299 0.000503
vn -0.603584 -0.797299 0.000503
vn -0.603584 -0.797299 0.000503
vn -0.603584 -0.797299 0.000503
vn -0.645408 -0.165040 0.745795
vn -0.645438 -0.163752 0.746053
vn 0.606169 0.795336 0.000248
vn 0.606169 0.795336 0.000248
vn 0.606169 0.795336 0.000248
vn 0.606169 0.795336 0.000248
vn -0.000013 0.668699 0.743533
vn -0.000015 0.669261 0.743028
vn -0.000186 0.674459 0.738313
vn -0.000239 0.674975 0.737841
vn -0.000001 0.664413 0.747366
vn -0.000001 0.664470 0.747315
vn -0.000376 0.676290 0.736635
vn -0.000376 0.676290 0.736635
vn 0.000000 0.663495 0.748181
vn 0.000000 0.663495 0.748181
vn -0.707109 0.707105 0.000000
vn -0.707109 0.707105 0.000000
vn -0.707109 0.707105 0.000000
vn -0.707109 0.707105 0.000000
vn -0.663501 -0.000001 0.748176
vn -0.663501 -0.000001 0.748176
vn -0.663557 -0.000000 0.748126
vn -0.663559 -0.000000 0.748124
vn -0.663342 0.000001 0.748316
vn -0.663342 0.000001 0.748316
vn -0.663409 0.000000 0.748257
vn -0.663412 0.000000 0.748254
vn -0.663330 0.000000 0.748327
vn -0.663330 0.000000 0.748327
vn -0.663537 -0.000001 0.748143
vn -0.663541 -0.000000 0.748140
vn -0.707126 -0.707088 0.000000
vn -0.707126 -0.707088 0.000000
vn -0.707126 -0.707088 0.000000
vn -0.707126 -0.707088 0.000000
vn 0.000000 -0.663308 0.748347
vn 0.000000 -0.663308 0.748347
vn 0.000000 -0.663304 0.748350
vn 0.000000 -0.663304 0.748350
vn 0.707080 -0.707134 0.000000
vn 0.707080 -0.707134 0.000000
vn 0.707080 -0.707134 0.000000
vn 0.707080 -0.707134 0.000000
vn 0.000000 -0.663300 0.748354
vn 0.000000 -0.663300 0.748354
vn 0.663306 -0.000003 0.748348
vn 0.663306 -0.000003 0.748348
vn 0.663315 0.000001 0.748340
vn 0.663315 0.000001 0.748340
vn 0.663345 0.004561 0.748299
vn 0.663346 0.004637 0.748299
vn 0.663093 0.018106 0.748318
vn 0.663093 0.018106 0.748318
vn 0.662758 0.027692 0.748322
vn 0.662758 0.027692 0.748322
vn 0.000244 0.671277 0.741207
vn 0.000202 0.671219 0.741259
vn 0.000002 0.669496 0.742815
vn 0.000003 0.669140 0.743137
vn 0.000447 0.671559 0.740951
vn 0.000447 0.671559 0.740951
vn 0.000004 0.665954 0.745993
vn 0.000004 0.665760 0.746166
vn -0.648899 0.167297 0.742255
vn -0.648899 0.167297 0.742255
vn -0.646109 0.166711 0.744816
vn -0.646556 0.166805 0.744407
vn 0.000001 0.663700 0.747999
vn 0.000001 0.663700 0.747999
vn 0.663335 0.000001 0.748323
vn 0.663335 0.000001 0.748323
vn 0.663336 -0.000001 0.748321
vn 0.663336 -0.000001 0.748321
vn 0.663352 0.000002 0.748308
vn 0.663351 0.000002 0.748308
vn 0.663341 -0.000000 0.748317
vn 0.663341 -0.000000 0.748317
vn 0.707128 -0.707085 0.000000
vn 0.707128 -0.707085 0.000000
vn 0.707128 -0.707085 0.000000
vn 0.707128 -0.707085 0.000000
vn 0.000000 -0.663308 0.748346
vn 0.000000 -0.663308 0.748346
vn 0.000000 -0.663308 0.748347
vn 0.000000 -0.663308 0.748347
vn 0.663359 -0.000001 0.748301
vn 0.663359 -0.000001 0.748301
vn 0.663353 -0.000002 0.748307
vn 0.663353 -0.000002 0.748307
vn 0.000000 -0.663307 0.748347
vn 0.000000 -0.663307 0.748347
vn -0.707130 -0.707084 0.000000
vn -0.707130 -0.707084 0.000000
vn -0.707130 -0.707084 0.000000
vn -0.707130 -0.707084 0.000000
vn -0.663326 -0.000000 0.748331
vn -0.663326 -0.000000 0.748331
vn -0.663321 -0.000000 0.748335
vn -0.663320 -0.000000 0.748335
vn -0.663191 0.012664 0.748343
vn -0.663191 0.012665 0.748343
vn -0.662888 0.024913 0.748304
vn -0.662888 0.024913 0.748304
vn -0.663355 0.000267 0.748305
vn -0.663355 0.000265 0.748305
vn 0.645118 -0.154417 0.748317
vn 0.645118 -0.154417 0.748317
vn 0.707103 0.707111 0.000000
vn 0.707103 0.707111 0.000000
vn 0.707103 0.707111 0.000000
vn 0.707103 0.707111 0.000000
vn -0.645707 -0.148370 0.749032
vn -0.645707 -0.148370 0.749032
vn -0.646656 0.150145 0.747858
vn -0.646546 0.150849 0.747812
vn -0.648853 0.135581 0.748737
vn -0.648853 0.135581 0.748737
vn 0.643736 0.176942 0.744511
vn 0.644270 0.177057 0.744021
vn 0.644956 0.157388 0.747837
vn 0.645142 0.156266 0.747912
vn 0.646698 0.177578 0.741787
vn 0.646698 0.177578 0.741787
vn 0.647946 0.138628 0.748965
vn 0.647946 0.138628 0.748965
vn 0.000000 0.000000 1.000000
vn 0.000000 0.000000 1.000000
vn 0.000000 0.000000 1.000000
vn -0.000000 0.000000 1.000000
vn -0.000000 0.000000 1.000000
vn -0.000000 0.000000 1.000000
vn -0.000000 0.000000 1.000000
vn 0.000001 0.000000 1.000000
vn 0.000001 0.000000 1.000000
vn 0.000001 0.000000 1.000000
vn 0.000001 0.000000 1.000000
vn 0.000001 0.000000 1.000000
vn 0.000000 0.000000 1.000000
vn 0.000001 0.000000 1.000000
vn 0.000000 1.000000 -0.000000
vn 0.000000 1.000000 -0.000000
vn 0.000000 1.000000 0.000000
vn 0.000000 1.000000 0.000000
vn 0.000000 1.000000 -0.000001
vn 0.000000 1.000000 -0.000001
vn 0.000000 1.000000 -0.000001
vn 0.000000 1.000000 -0.000001
vn -1.000000 -0.000000 0.000000
vn -1.000000 0.000001 0.000000
vn -1.000000 0.000001 0.000000
vn -1.000000 -0.000000 0.000000
vn -1.000000 -0.000000 0.000000
vn -1.000000 -0.000000 0.000000
vn -1.000000 0.000000 0.000000
vn -1.000000 0.000000 0.000000
vn -1.000000 0.000001 0.000000
vn -1.000000 0.000001 0.000000
vn -1.000000 0.000001 0.000000
vn -1.000000 0.000001 0.000000
vn 0.000000 -1.000000 -0.000000
vn 0.000000 -1.000000 -0.000000
vn 0.000000 -1.000000 0.000000
vn 0.000000 -1.000000 0.000000
vn 0.000000 -1.000000 -0.000000
vn 0.000000 -1.000000 -0.000000
vn -0.000000 0.000000 1.000000
vn 0.000000 0.000000 1.000000
vn 0.000000 0.000000 1.000000
vn -0.000000 0.000000 1.000000
vn 0.000000 0.000000 1.000000
vn 0.000000 0.000000 1.000000
vn -0.000000 0.000000 1.000000
vn 0.000000 0.000000 1.000000
vn -0.000000 0.000000 1.000000
vn 1.000000 -0.000000 0.000000
vn 1.000000 -0.000000 0.000000
vn 1.000000 -0.000001 0.000000
vn 1.000000 -0.000001 0.000000
vn 0.999977 0.006785 0.000152
vn 0.999977 0.006789 0.000153
vn 0.999636 0.027000 0.000115
vn 0.999622 0.027492 0.000109
vn 0.000000 1.000000 0.000000
vn 0.000000 1.000000 0.000000
vn 0.000000 1.000000 0.000001
vn 0.000000 1.000000 0.000001
vn 0.000000 1.000000 -0.000002
vn 0.000000 1.000000 -0.000002
vn 0.000000 1.000000 0.000000
vn 0.000000 1.000000 0.000000
vn 1.000000 0.000001 0.000000
vn 1.000000 -0.000001 0.000000
vn 1.000000 -0.000001 0.000000
vn 1.000000 0.000001 0.000000
vn 1.000000 0.000001 0.000000
vn 1.000000 0.000001 0.000000
vn 1.000000 0.000000 0.000000
vn 1.000000 -0.000000 0.000000
vn 1.000000 0.000002 0.000000
vn 1.000000 0.000002 0.000000
vn 0.000000 -1.000000 0.000000
vn 0.000000 -1.000000 0.000000
vn 0.000000 -1.000000 0.000000
vn 0.000000 -1.000000 0.000000
vn 0.000000 -1.000000 0.000000
vn 0.000000 -1.000000 0.000000
vn 0.000000 -1.000000 0.000000
vn 0.000000 -1.000000 0.000000
vn 0.000000 -1.000000 0.000000
vn 0.000000 -1.000000 0.000000
vn 0.000000 -1.000000 0.000001
vn 0.000000 -1.000000 0.000001
vn 0.000000 -1.000000 0.000001
vn 0.000000 -1.000000 0.000001
vn -1.000000 0.000388 0.000025
vn -1.000000 0.000382 0.000024
vn -0.999815 0.019209 -0.000042
vn -0.999820 0.018987 -0.000040
vn -1.000000 0.000000 0.000000
vn -1.000000 0.000000 0.000000
vn -1.000000 0.000000 0.000000
vn -1.000000 0.000000 0.000000
vn -0.000000 0.000000 1.000000
vn -0.000000 0.000000 1.000000
vn -0.000000 0.000000 1.000000
vn 0.000000 0.000000 1.000000
vn -0.000000 0.000000 1.000000
vn -0.000000 0.000000 1.000000
vn 0.000000 0.000000 1.000000
vn 0.000000 0.000000 1.000000
vn 0.000000 0.000000 1.000000
vn -0.000000 0.000000 1.000000
vn -0.000000 0.000000 1.000000
vn 0.000000 0.000000 1.000000
vn 0.000000 0.000000 1.000000
vn -0.000000 0.000000 1.000000
vn 0.000000 0.000000 1.000000
vn 0.966358 -0.257201 -0.000007
vn 0.966359 -0.257196 -0.000002
vn 0.966359 -0.257195 -0.000003
vn 0.966358 -0.257202 -0.000007
vn 0.966355 -0.257212 -0.000007
vn 0.966355 -0.257212 -0.000007
vn 0.969921 -0.243419 0.000603
vn 0.969584 -0.244757 0.000545
vn 1.000000 0.000002 0.000000
vn 1.000000 0.000002 0.000000
vn -0.962449 -0.271464 0.000004
vn -0.962449 -0.271464 0.000004
vn -0.968926 -0.247348 0.001152
vn -0.969648 -0.244500 0.001286
vn -0.962449 -0.271464 0.000003
vn -0.962449 -0.271464 0.000004
vn -0.962449 -0.271462 0.000007
vn -0.962449 -0.271462 0.000007
vn 0.000000 0.000000 1.000000
vn -0.000000 0.000000 1.000000
vn -0.000000 0.000000 1.000000
vn 0.000000 0.000000 1.000000
vn -0.000000 0.000000 1.000000
vn -0.000000 0.000000 1.000000
vn -0.000000 0.000000 1.000000
vn -0.000000 0.000000 1.000000
vn -0.000000 0.000000 1.000000
vn 0.000000 1.000000 0.000000
vn 0.000000 1.000000 0.000000
vn -0.974222 0.225592 0.000683
vn -0.979034 0.203695 0.001293
vn -0.979033 0.203695 0.001293
vn -0.973853 0.227177 0.000639
vn -0.968251 0.249982 0.000002
vn -0.968251 0.249982 0.000001
vn -0.968251 0.249981 0.000004
vn -0.968251 0.249981 0.000004
vn 0.964211 0.265135 0.000003
vn 0.964211 0.265135 0.000004
vn 0.971500 0.237038 0.001027
vn 0.972120 0.234480 0.001120
vn 0.964211 0.265136 0.000008
vn 0.964211 0.265136 0.000008
vn 0.978132 0.207974 0.002080
vn 0.978132 0.207974 0.002080
vn 0.000000 1.000000 0.000000
vn 0.000000 1.000000 0.000000
vn 0.999131 0.041670 -0.000084
vn 0.999131 0.041670 -0.000084
vn -0.999299 0.037441 -0.000130
vn -0.999299 0.037441 -0.000130
vn 0.000000 0.000000 1.000000
vn -0.000001 0.000000 1.000000
vn 0.000001 0.000000 1.000000
vn -0.974938 -0.222464 0.002325
vn -0.974938 -0.222464 0.002325
vn 0.972695 -0.232083 0.001097
vn 0.972695 -0.232083 0.001097
vn -0.000000 0.000000 1.000000
vn -0.000000 0.000000 1.000000
vn -0.000000 0.000000 1.000000
vn 0.000000 0.000000 1.000000
vn 0.000000 0.000000 1.000000
vn -0.000000 0.000000 1.000000
vn 0.000000 0.000000 1.000000
vn 0.000000 0.000000 1.000000
vn -0.000000 0.000000 1.000000
vn -0.000001 0.000000 1.000000
vn 0.484758 -0.630494 0.606207
vn 0.484758 -0.630494 0.606207
vn 0.484758 -0.630494 0.606207
vn -0.480163 -0.634177 0.606023
vn -0.480163 -0.634177 0.606023
vn -0.480163 -0.634177 0.606023
vn -0.552768 0.552768 0.623615
vn -0.552768 0.552768 0.623615
vn -0.552768 0.552768 0.623615
vn -0.552786 -0.552734 0.623629
vn -0.552786 -0.552734 0.623629
vn -0.552786 -0.552734 0.623629
vn 0.552744 -0.552770 0.623634
vn 0.552744 -0.552770 0.623634
vn 0.552744 -0.552770 0.623634
vn -0.484850 0.625911 0.610865
vn -0.484850 0.625911 0.610865
vn -0.484850 0.625911 0.610865
vn 0.552786 -0.552734 0.623629
vn 0.552786 -0.552734 0.623629
vn 0.552786 -0.552734 0.623629
vn -0.552778 -0.552752 0.623620
vn -0.552778 -0.552752 0.623620
vn -0.552778 -0.552752 0.623620
vn 0.552768 0.552768 0.623615
vn 0.552768 0.552768 0.623615
vn 0.552768 0.552768 0.623615
vn 0.480039 0.629751 0.610717
vn 0.480039 0.629751 0.610717
vn 0.480039 0.629751 0.610717
vn 0.000000 0.663416 0.748251
vn -0.000000 0.663415 0.748251
vn 0.000001 0.663415 0.748251
vn 0.000001 0.663415 0.748251
vn -0.000001 0.663416 0.748251
vn -0.000001 0.663416 0.748251
vn 0.663363 0.000000 0.748298
vn 0.663363 0.000000 0.748298
vn 0.663363 0.000000 0.748298
vn 0.663363 0.000000 0.748298
vn 0.707161 0.707053 0.000000
vn 0.707161 0.707053 0.000000
vn 0.707161 0.707053 0.000000
vn 0.707161 0.707053 0.000000
vn -0.707164 0.707049 0.000000
vn -0.707164 0.707049 0.000000
vn -0.707164 0.707049 0.000000
vn -0.707164 0.707049 0.000000
vn -0.664819 -0.000001 0.747005
vn -0.664819 -0.000001 0.747005
vn -0.664822 -0.000001 0.747002
vn -0.664822 -0.000001 0.747001
vn -0.664221 0.000000 0.747536
vn -0.664250 0.000001 0.747511
vn -0.664356 -0.000001 0.747416
vn -0.664354 -0.000001 0.747418
vn -0.664278 0.000001 0.747486
vn -0.664302 0.000001 0.747464
vn -0.664015 0.000000 0.747719
vn -0.664015 0.000000 0.747719
vn -0.707190 -0.707023 0.000000
vn -0.707190 -0.707023 0.000000
vn -0.707190 -0.707023 0.000000
vn -0.707190 -0.707023 0.000000
vn -0.000001 -0.663844 0.747871
vn -0.000001 -0.663844 0.747871
vn 0.000000 -0.663853 0.747863
vn -0.000000 -0.663853 0.747863
vn 0.000001 -0.663861 0.747856
vn 0.000001 -0.663861 0.747856
vn 0.707060 -0.707153 0.000000
vn 0.707060 -0.707153 0.000000
vn 0.707060 -0.707153 0.000000
vn 0.707060 -0.707153 0.000000
vn 0.663231 0.000000 0.748415
vn 0.663231 0.000000 0.748415
vn 0.663231 0.000000 0.748415
vn 0.663231 0.000000 0.748415
vn 0.707184 -0.707029 0.000000
vn 0.707184 -0.707029 0.000000
vn 0.707184 -0.707029 0.000000
vn 0.707184 -0.707029 0.000000
vn 0.000000 -0.663289 0.748364
vn 0.000000 -0.663289 0.748364
vn 0.000000 -0.663289 0.748364
vn 0.000000 -0.663289 0.748364
vn 0.707138 0.707075 0.000000
vn 0.707138 0.707075 0.000000
vn 0.707138 0.707075 0.000000
vn 0.707138 0.707075 0.000000
vn 0.000000 0.663338 0.748320
vn 0.000000 0.663338 0.748320
vn 0.000000 0.663338 0.748320
vn 0.000000 0.663338 0.748320
vn 0.707179 -0.707035 0.000000
vn 0.707179 -0.707035 0.000000
vn 0.707179 -0.707035 0.000000
vn 0.707179 -0.707035 0.000000
vn 0.000000 -0.663268 0.748382
vn 0.000000 -0.663268 0.748382
vn 0.000000 -0.663268 0.748382
vn 0.000000 -0.663268 0.748382
vn 0.706997 0.707216 0.000000
vn 0.706997 0.707216 0.000000
vn 0.706998 0.707216 0.000000
vn 0.706998 0.707216 0.000000
vn 0.000000 0.663322 0.748334
vn 0.000000 0.663322 0.748334
vn 0.000000 0.663322 0.748334
vn 0.000000 0.663322 0.748334
vn 0.000000 1.000000 0.000000
vn 0.000000 1.000000 0.000000
vn 0.000000 1.000000 0.000000
vn 0.000000 1.000000 0.000000
vn 0.000000 1.000000 0.000000
vn 0.000000 1.000000 0.000000
vn -1.000000 0.000001 0.000000
vn -1.000000 0.000001 0.000000
vn -1.000000 0.000000 0.000000
vn -1.000000 0.000000 0.000000
vn -1.000000 0.000001 0.000000
vn -1.000000 0.000001 0.000000
vn -1.000000 -0.000000 0.000000
vn -1.000000 -0.000000 0.000000
vn -1.000000 0.000000 0.000000
vn -1.000000 0.000000 0.000000
vn -1.000000 -0.000000 0.000000
vn -1.000000 -0.000000 0.000000
vn 0.000000 -1.000000 0.000000
vn 0.000000 -1.000000 0.000000
vn 0.000000 -1.000000 0.000000
vn 0.000000 -1.000000 0.000000
vn 0.000000 -1.000000 0.000000
vn 0.000000 -1.000000 0.000000
vn 0.000000 -1.000000 0.000000
vn 0.000000 -1.000000 0.000000
vn 0.000000 -1.000000 0.000000
vn 0.000000 -1.000000 0.000000
vn 0.000000 1.000000 0.000000
vn 0.000000 1.000000 0.000000
vn 0.000000 1.000000 0.000000
vn 0.000000 1.000000 0.000000
vn 1.000000 0.000002 0.000000
vn 1.000000 0.000002 0.000000
vn 1.000000 0.000002 0.000000
vn 1.000000 0.000002 0.000000
vn 0.000000 -1.000000 0.000000
vn 0.000000 -1.000000 0.000000
vn 0.000000 -1.000000 0.000000
vn 0.000000 -1.000000 0.000000
vn 0.000000 1.000000 0.000000
vn 0.000000 1.000000 0.000000
vn 0.000000 1.000000 0.000000
vn 0.000000 1.000000 0.000000
vn -0.000000 0.000000 1.000000
vn 0.000000 0.000000 1.000000
vn 0.000000 0.000000 1.000000
vn 0.000000 0.000000 1.000000
vn -0.000000 0.000000 1.000000
vn 0.000000 0.000000 1.000000
vn 0.000000 0.000000 1.000000
vn -0.000000 0.000000 1.000000
vn -0.000001 0.000000 1.000000
vn 0.000000 0.000000 1.000000
vn 0.000000 0.000000 1.000000
vn -0.000001 0.000000 1.000000
vn -0.000001 0.000000 1.000000
vn 0.000000 0.000000 1.000000
vn -0.000000 0.000000 1.000000
vn 0.000000 0.000000 1.000000
vn -0.000000 0.000000 1.000000
vn -0.000000 0.000000 1.000000
vn -0.000000 0.000000 1.000000
vn 1.000000 -0.000003 0.000000
vn 1.000000 -0.000003 0.000000
vn 1.000000 -0.000003 0.000000
vn 1.000000 -0.000003 0.000000
vn 1.000000 -0.000003 0.000000
vn 1.000000 -0.000003 0.000000
vn 1.000000 -0.000003 0.000000
vn 1.000000 -0.000003 0.000000
vn 0.000000 0.000000 1.000000
vn -0.000000 0.000000 1.000000
vn 0.000000 0.000000 1.000000
vn 0.000000 0.000000 1.000000
vn 0.000000 0.000000 1.000000
vn 0.000000 0.000000 1.000000
vn 0.000000 0.000000 1.000000
vn 0.552832 0.552692 0.623625
vn 0.552832 0.552692 0.623625
vn 0.552832 0.552692 0.623625
vn -0.552808 0.552748 0.623597
vn -0.552808 0.552748 0.623597
vn -0.552808 0.552748 0.623597
vn -0.552808 -0.552728 0.623615
vn -0.552808 -0.552728 0.623615
vn -0.552808 -0.552728 0.623615
vn 0.552690 -0.552770 0.623682
vn 0.552690 -0.552770 0.623682
vn 0.552690 -0.552770 0.623682
vn 0.552832 -0.552692 0.623625
vn 0.552832 -0.552692 0.623625
vn 0.552832 -0.552692 0.623625
vn 0.672713 -0.011648 0.739812
vn 0.672713 -0.011648 0.739812
vn 0.672713 -0.011648 0.739812
vn 0.672713 -0.011648 0.739812
vn 0.645034 0.000000 0.764154
vn 0.645034 0.000000 0.764154
vn 0.645033 0.000000 0.764154
vn 0.645033 0.000000 0.764154
vn 0.661275 0.000000 0.750144
vn 0.661275 0.000000 0.750144
vn 0.661275 0.000000 0.750144
vn 0.661275 0.000000 0.750144
vn 0.552676 0.552816 0.623654
vn 0.552676 0.552816 0.623654
vn 0.552676 0.552816 0.623654
vn 0.661030 0.025626 0.749922
vn 0.661030 0.025626 0.749922
vn 0.661030 0.025626 0.749922
vn 0.661030 0.025626 0.749922
vn -0.503981 0.863715 0.000000
vn -0.503981 0.863715 0.000000
vn -0.504191 0.863592 -0.000135
vn -0.504191 0.863592 -0.000135
vn -0.505330 0.862924 -0.002124
vn -0.505329 0.862924 -0.002122
vn -0.794472 -0.607301 0.000000
vn -0.794472 -0.607301 0.000000
vn -0.794497 -0.607268 -0.000011
vn -0.794497 -0.607268 -0.000011
vn -0.794747 -0.606939 -0.001081
vn -0.794747 -0.606939 -0.001081
vn -0.795659 -0.605734 -0.003618
vn -0.795659 -0.605733 -0.003620
vn -0.503829 0.863803 -0.000678
vn -0.503832 0.863802 -0.000681
vn -0.796391 -0.604760 -0.005197
vn -0.796391 -0.604760 -0.005197
vn -0.501173 0.865342 0.002920
vn -0.501173 0.865342 0.002920
vn -0.176707 -0.643726 0.744575
vn -0.176707 -0.643726 0.744575
vn -0.123786 -0.649352 0.750346
vn -0.129538 -0.648832 0.749824
vn -0.669238 0.005145 0.743031
vn -0.669238 0.005145 0.743031
vn -0.666197 0.004326 0.745763
vn -0.665581 0.004161 0.746314
vn -0.663668 0.003461 0.748019
vn -0.663751 0.003435 0.747945
vn -0.654406 0.002090 0.756140
vn -0.650923 0.001642 0.759142
vn -0.642629 0.000580 0.766177
vn -0.642629 0.000580 0.766177
vn 0.254288 -0.591406 0.765230
vn 0.272598 -0.582644 0.765648
vn 0.434296 -0.491607 0.754791
vn 0.434296 -0.491607 0.754791
vn 0.010579 -0.657372 0.753492
vn 0.022913 -0.657168 0.753396
vn -0.115687 -0.649250 0.751726
vn -0.108143 -0.650367 0.751883
vn -0.205323 -0.622823 0.754940
vn -0.200066 -0.625110 0.754461
vn -0.242266 -0.606083 0.757609
vn -0.242266 -0.606083 0.757608
vn 0.552918 -0.833236 -0.000097
vn 0.552918 -0.833236 -0.000097
vn 0.552738 -0.833355 0.000000
vn 0.552738 -0.833355 0.000000
vn 0.554055 -0.832478 -0.001806
vn 0.554054 -0.832479 -0.001805
vn 0.555951 -0.831214 -0.001481
vn 0.555949 -0.831215 -0.001485
vn 0.556964 -0.830537 0.000612
vn 0.556964 -0.830537 0.000612
vn 0.652883 -0.005585 0.757438
vn 0.652883 -0.005585 0.757438
vn 0.658271 -0.001396 0.752780
vn 0.659680 -0.000295 0.751546
vn 0.305770 0.569448 0.763042
vn 0.305770 0.569448 0.763042
vn 0.261078 0.596771 0.758751
vn 0.268439 0.592413 0.759596
vn -0.032902 -0.654523 0.755326
vn -0.040438 -0.654310 0.755145
vn 0.072580 -0.647029 0.759004
vn 0.061017 -0.648655 0.758633
vn 0.244441 -0.594824 0.765789
vn 0.222022 -0.603788 0.765602
vn 0.471575 -0.422414 0.774069
vn 0.457937 -0.436822 0.774261
vn 0.626646 -0.101363 0.772684
vn 0.628080 -0.092616 0.772617
vn 0.579224 0.268644 0.769630
vn 0.561361 0.303100 0.770068
vn 0.402272 0.504829 0.763758
vn 0.372378 0.523702 0.766205
vn 0.272424 0.577022 0.769955
vn 0.262883 0.580209 0.770877
vn 0.269594 0.575612 0.772004
vn 0.283068 0.569932 0.771395
vn 0.320363 0.553429 0.768820
vn 0.320363 0.553429 0.768820
vn 0.613985 0.147366 0.775439
vn 0.613985 0.147366 0.775439
vn 0.613985 0.147366 0.775439
vn 0.613985 0.147366 0.775439
vn 0.773483 0.633817 0.000000
vn 0.773484 0.633817 0.000000
vn 0.773551 0.633734 -0.000024
vn 0.773551 0.633734 -0.000024
vn 0.773945 0.633252 -0.001001
vn 0.773945 0.633252 -0.001001
vn -0.309542 0.563231 0.766130
vn -0.284495 0.576768 0.765769
vn -0.095601 0.645117 0.758079
vn -0.110470 0.642577 0.758216
vn -0.522461 0.362617 0.771715
vn -0.513273 0.375058 0.771934
vn -0.638209 0.011199 0.769782
vn -0.638274 0.008224 0.769765
vn -0.553646 -0.321786 0.768069
vn -0.535118 -0.350315 0.768718
vn -0.375164 -0.524184 0.764515
vn -0.344613 -0.542143 0.766370
vn -0.308747 -0.547613 0.777686
vn -0.335650 -0.530951 0.778094
vn -0.248701 -0.587430 0.770113
vn -0.253272 -0.587035 0.768923
vn -0.422928 -0.471539 0.773811
vn -0.422928 -0.471539 0.773811
vn -0.639605 0.017963 0.768494
vn -0.639605 0.017963 0.768494
vn -0.639605 0.017963 0.768494
vn -0.639605 0.017963 0.768494
vn -0.341475 0.562321 0.753120
vn -0.341475 0.562321 0.753120
vn -0.167136 0.626480 0.761307
vn -0.189806 0.619468 0.761731
vn 0.050187 0.655384 0.753626
vn 0.036848 0.656563 0.753370
vn 0.171964 0.633946 0.754016
vn 0.161947 0.636518 0.754068
vn 0.780486 0.625173 0.000909
vn 0.780495 0.625162 0.000913
vn 0.786899 0.617070 0.003904
vn 0.786899 0.617070 0.003904
vn 0.089587 0.645754 0.758272
vn 0.094011 0.644423 0.758869
vn 0.130848 0.632764 0.763209
vn 0.130848 0.632764 0.763209
vn 0.009595 0.655395 0.755225
vn 0.017208 0.655405 0.755082
vn 0.665034 0.021029 0.746517
vn 0.665741 0.029237 0.745610
vn 0.663436 0.001598 0.748231
vn 0.663433 0.001227 0.748235
vn 0.664407 0.001537 0.747369
vn 0.664563 0.001922 0.747230
vn -1.000000 -0.000001 0.000000
vn -1.000000 -0.000002 0.000000
vn -1.000000 0.000000 0.000000
vn -1.000000 0.000000 0.000000
vn -1.000000 0.000290 -0.000555
vn -1.000000 -0.000436 -0.000430
vn -0.999996 0.001558 -0.002219
vn -0.999999 -0.000919 0.001406
vn -0.999990 0.002702 -0.003505
vn -0.999995 0.002199 -0.002405
vn -0.999999 0.001730 -0.000033
vn -0.999997 0.000479 0.002440
vn 0.020046 -0.999786 0.005054
vn 0.124920 -0.992152 0.005410
vn -0.169157 -0.985588 0.001453
vn -0.308769 -0.951128 -0.004056
vn -0.388748 -0.921344 -0.000725
vn -0.386865 -0.922132 -0.002920
vn -0.381994 -0.924150 -0.005290
vn 1.000000 0.000007 0.000000
vn 1.000000 0.000009 0.000000
vn -0.378513 -0.925575 -0.006237
vn -0.999993 -0.000983 0.003556
vn -0.389247 -0.921134 0.000010
vn -0.057367 -0.998348 -0.003171
vn -0.196011 -0.980591 -0.004572
vn 0.099031 -0.995074 -0.004638
vn 0.346373 -0.938092 0.003053
vn 0.524279 -0.851448 0.012988
vn 0.897844 -0.439396 0.028409
vn 0.897844 -0.439396 0.028409
vn 0.987793 0.152557 0.031475
vn 0.987793 0.152557 0.031475
vn 0.586909 0.809546 0.013141
vn 0.732977 0.679884 0.022423
vn 0.417476 0.908688 0.000956
vn 0.429697 0.902955 -0.005683
vn 0.465417 0.885057 -0.007809
vn 0.949072 0.308559 0.063674
vn 0.949072 0.308559 0.063674
vn 0.642590 -0.765762 0.026213
vn 0.642590 -0.765762 0.026213
vn -0.264365 -0.964411 -0.004738
vn -0.262940 -0.964811 -0.001775
vn -0.262300 -0.964986 -0.000381
vn -0.265448 -0.964100 -0.006924
vn -0.262118 -0.965036 0.000002
vn 0.196932 0.980417 -0.000541
vn 0.196672 0.980469 -0.000019
vn -0.634591 0.772763 0.011465
vn -0.442372 0.896820 -0.004452
vn -0.948889 0.315200 0.016066
vn -0.948889 0.315200 0.016066
vn -0.962412 -0.270310 0.026378
vn -0.962412 -0.270310 0.026378
vn 0.492290 0.870431 0.000006
vn 0.491732 0.870746 -0.000894
vn -0.611204 -0.791423 0.008871
vn -0.507617 -0.861583 -0.000106
vn -0.998448 -0.011984 0.054381
vn -0.998448 -0.011984 0.054381
vn -0.270988 0.962513 0.011603
vn -0.485355 0.874045 0.021833
vn 0.072563 0.997364 0.000273
vn 0.257470 0.966286 0.001136
vn 0.405402 0.914136 -0.002116
vn 0.484163 0.874958 -0.005897
vn 0.480435 0.877006 -0.006481
vn 0.489565 0.871960 -0.003585
vn -0.541185 -0.840846 0.009868
vn -0.691353 -0.721983 0.027780
vn -0.391153 -0.920292 -0.007826
vn 0.197884 0.980223 -0.002295
vn 0.200069 0.979774 -0.003897
vn 0.021091 0.999769 -0.004245
vn 0.145160 0.989404 -0.002910
vn 0.201746 0.979428 -0.004282
vn -0.154849 0.987871 -0.011525
vn -0.000023 0.000420 1.000000
vn 0.000000 0.000000 1.000000
vn -0.000396 0.000436 1.000000
vn -0.000065 0.001209 0.999999
vn -0.000652 0.000368 1.000000
vn -0.000412 -0.000140 1.000000
vn -0.000000 0.000000 1.000000
vn -0.000413 0.000600 1.000000
vn -0.000291 -0.000686 1.000000
vn -0.000100 0.000287 1.000000
vn -0.000000 0.000000 1.000000
vn 0.000000 0.000000 1.000000
vn 0.000001 0.000000 1.000000
vn -0.000000 0.000000 1.000000
vn 0.000000 0.000000 1.000000
vn -0.000000 0.000000 1.000000
vn 0.000000 0.000000 1.000000
vn 0.000161 0.000096 1.000000
vn 0.000000 0.000000 1.000000
vn 0.000000 0.000000 1.000000
vn -0.000000 0.000000 1.000000
vn -0.000000 0.000000 1.000000
vn -0.000001 0.000000 1.000000
vn -0.000000 0.000000 1.000000
vn 0.000000 0.000000 1.000000
vn 0.000000 0.000000 1.000000
vn 0.000000 0.000000 1.000000
vn 0.000000 0.000000 1.000000
vn 0.000002 0.000000 1.000000
vn 0.000960 0.000580 0.999999
vn 0.000597 0.001069 0.999999
vn 0.001489 0.001362 0.999998
vn 0.001963 0.001194 0.999997
vn -0.000211 -0.001209 0.999999
vn 0.999999 0.000142 -0.001545
vn 1.000000 0.000699 -0.000246
vn 0.999995 0.000596 -0.003124
vn 0.999996 -0.001074 -0.002594
vn 0.999998 0.000646 -0.002056
vn 1.000000 0.000027 -0.000021
vn 1.000000 0.000028 -0.000000
vn 1.000000 0.000218 0.000008
vn 1.000000 0.000338 -0.000114
vn 0.999999 0.001182 0.000723
vn 1.000000 -0.000174 -0.000398
vn 0.000001 0.000000 1.000000
vn 0.000002 0.000000 1.000000
vn 0.000000 0.000000 1.000000
vn 0.000000 0.000000 1.000000
vn -0.000001 0.000010 1.000000
vn -0.000424 0.000310 1.000000
vn -0.000248 0.000530 1.000000
vn -0.000560 0.000405 1.000000
vn -0.632250 -0.478157 0.609611
vn -0.632250 -0.478157 0.609611
vn -0.632250 -0.478157 0.609611
vn 0.401624 -0.598444 0.693227
vn 0.401624 -0.598444 0.693227
vn 0.401624 -0.598444 0.693227
vn -0.321505 0.588868 0.741532
vn -0.321505 0.588868 0.741532
vn -0.321505 0.588868 0.741532
vn 0.638906 0.442299 0.629421
vn 0.000000 -1.000000 0.000000
vn 0.000000 -1.000000 0.000000
vn 0.000000 -1.000000 0.000000
vn 0.000000 -1.000000 0.000000
vn 0.476161 -0.586510 0.655192
vn 0.476161 -0.586510 0.655192
vn 0.476161 -0.586510 0.655192
vn 0.000000 0.000000 1.000000
vn 0.000000 0.000000 1.000000
vn 0.000000 0.000000 1.000000
vn 0.000000 0.000000 1.000000
vn -0.000001 0.000000 1.000000
vn -0.000001 0.000000 1.000000
vn -0.000001 0.000000 1.000000
vn -0.000001 0.000000 1.000000
vn 0.000002 0.000000 1.000000
vn 0.000002 0.000000 1.000000
vn 0.000002 0.000000 1.000000
vn 0.000002 0.000000 1.000000
vn -0.469591 -0.596174 0.651199
vn -0.469591 -0.596174 0.651199
vn -0.469591 -0.596174 0.651199
vn 0.046036 -0.723535 0.688751
vn 0.046036 -0.723535 0.688751
vn 0.046036 -0.723535 0.688751
vn 0.046036 -0.723535 0.688751
vn -0.513239 -0.563573 0.647280
vn -0.513239 -0.563573 0.647280
vn -0.513239 -0.563573 0.647280
vn 0.000000 0.000000 1.000000
vn 0.000000 0.000000 1.000000
vn 0.000000 0.000000 1.000000
vn 0.000000 0.000000 1.000000
vn -0.000000 0.000000 1.000000
vn -0.000000 0.000000 1.000000
vn -0.000000 0.000000 1.000000
vn -0.000000 0.000000 1.000000
vn -0.000000 0.000000 1.000000
vn -0.000000 0.000000 1.000000
vn -0.000000 0.000000 1.000000
vn -0.000000 0.000000 1.000000
vn 0.503815 -0.536471 0.677030
vn 0.503815 -0.536471 0.677030
vn 0.503815 -0.536471 0.677030
vn -0.062415 -0.701087 0.710339
vn -0.062415 -0.701087 0.710339
vn -0.062415 -0.701087 0.710339
vn -0.062415 -0.701087 0.710339
vn -0.000042 -1.000000 -0.000002
vn -0.000042 -1.000000 -0.000002
vn -0.000042 -1.000000 -0.000002
vn -0.000042 -1.000000 -0.000002
vn -0.564893 0.534386 0.628751
vn -0.564893 0.534386 0.628751
vn -0.564893 0.534386 0.628751
vn 0.563618 0.522355 0.639906
vn 0.563618 0.522355 0.639906
vn 0.563618 0.522355 0.639906
vn 0.048892 0.744101 0.666276
vn 0.048892 0.744101 0.666276
vn 0.048892 0.744101 0.666276
vn 0.048892 0.744101 0.666276
vn -0.000001 0.000000 1.000000
vn -0.000001 0.000000 1.000000
vn -0.000001 0.000000 1.000000
vn -0.000001 0.000000 1.000000
vn -0.000002 0.000000 1.000000
vn -0.000002 0.000000 1.000000
vn -0.000002 0.000000 1.000000
vn -0.000002 0.000000 1.000000
vn 0.000002 0.000000 1.000000
vn 0.000002 0.000000 1.000000
vn 0.000002 0.000000 1.000000
vn 0.000002 0.000000 1.000000
vn 0.507867 -0.573697 0.642606
vn 0.507867 -0.573697 0.642606
vn 0.507867 -0.573697 0.642606
vn 0.000000 -1.000000 0.000000
vn 0.000000 -1.000000 0.000000
vn 0.000000 -1.000000 0.000000
vn 0.000000 -1.000000 0.000000
vn -0.532559 -0.518871 0.668696
vn -0.532559 -0.518871 0.668696
vn -0.532559 -0.518871 0.668696
vn 0.027473 -0.705722 0.707956
vn 0.027473 -0.705722 0.707956
vn 0.027473 -0.705722 0.707956
vn 0.027473 -0.705722 0.707956
vn 0.000000 0.000000 1.000000
vn 0.000000 0.000000 1.000000
vn 0.000000 0.000000 1.000000
vn 0.000000 0.000000 1.000000
vn 0.000001 0.000000 1.000000
vn 0.000001 0.000000 1.000000
vn 0.000001 0.000000 1.000000
vn 0.000001 0.000000 1.000000
vn 0.000000 0.000000 1.000000
vn 0.000000 0.000000 1.000000
vn 0.000000 0.000000 1.000000
vn 0.000000 0.000000 1.000000
g FCSET_typeMesh2_001_0p989_0p606_0p698 Games Sign group1
usemtl lambert1SG
f 1/1/1 2/2/2 5/3/3 3/4/4
f 3/4/4 5/3/3 6/5/5 4/6/6
f 7/7/7 10/8/8 114/9/9 8/10/10
f 7/7/7 21/11/11 9/12/12 10/8/8
f 9/12/12 11/13/13 115/14/14 10/8/8
f 10/8/8 115/14/14 116/15/15 114/9/9
f 11/13/13 117/16/16 118/17/17 115/14/14
f 12/18/18 16/19/19 17/20/20 13/21/21
f 12/18/18 97/22/22 98/23/23 16/19/19
f 13/21/21 17/20/20 18/24/24 14/25/25
f 14/25/25 18/24/24 129/26/26 15/27/27
f 15/27/27 129/26/26 127/28/28 126/29/29
f 16/19/19 98/23/23 20/30/30 99/31/31
f 16/19/19 99/31/31 19/32/32 17/20/20
f 17/20/20 19/32/32 131/33/33 18/24/24
f 18/24/24 131/33/33 130/34/34 129/26/26
f 22/35/35 30/36/36 24/37/37 25/38/38
f 22/35/35 32/39/39 38/40/40 30/36/36
f 23/41/41 26/42/42 27/43/43 24/37/37
f 23/41/41 24/37/37 30/36/36 31/44/44
f 24/37/37 27/43/43 28/45/45 25/38/38
f 26/42/42 34/46/46 29/47/47 27/43/43
f 27/43/43 29/47/47 33/48/48 28/45/45
f 30/36/36 38/40/40 37/49/49 31/44/44
f 35/50/50 45/51/51 47/52/52 48/53/53
f 36/54/54 48/53/53 47/52/52 49/55/55
f 40/56/56 41/57/57 46/58/58 44/59/59
f 41/57/57 42/60/60 43/61/61 46/58/58
f 43/61/61 49/55/55 47/52/52 46/58/58
f 44/59/59 46/58/58 47/52/52 45/51/51
f 53/62/62 55/63/63 56/64/64 54/65/65
f 55/63/63 94/66/66 95/67/67 56/64/64
f 57/68/68 58/69/69 135/70/70 134/71/71
f 58/69/69 59/72/72 136/73/73 135/70/70
f 60/74/74 133/75/75 96/76/76 132/77/77
f 60/74/74 132/77/77 89/78/78 90/79/79
f 61/80/80 100/81/81 63/82/82 64/83/83
f 61/80/80 102/84/84 103/85/85 100/81/81
f 62/86/86 63/82/82 100/81/81 101/87/87
f 62/86/86 65/88/88 66/89/89 63/82/82
f 63/82/82 66/89/89 67/90/90 64/83/83
f 65/88/88 70/91/91 68/92/92 66/89/89
f 66/89/89 68/92/92 69/93/93 67/90/90
f 68/92/92 70/91/91 140/94/94 139/1040/95
f 68/92/92 139/1040/95 138/1039/96 69/93/93
f 71/97/97 72/98/98 73/99/99 111/100/100
f 71/97/97 111/100/100 109/101/101 108/102/102
f 73/99/99 113/103/103 112/104/104 111/100/100
f 74/105/105 81/106/106 82/107/107 83/108/108
f 74/105/105 75/109/109 80/110/110 81/106/106
f 75/109/109 76/111/111 79/112/112 80/110/110
f 76/111/111 93/113/113 77/114/114 79/112/112
f 77/114/114 93/113/113 92/115/115 78/116/116
f 82/107/107 84/117/117 85/118/118 83/108/108
f 84/117/117 86/119/119 87/120/120 85/118/118
f 86/119/119 88/121/121 91/122/122 87/120/120
f 88/121/121 90/79/79 89/78/78 91/122/122
f 94/66/66 132/77/77 96/76/76 95/67/67
f 100/81/81 103/85/85 104/123/123 101/87/87
f 102/84/84 105/124/124 106/125/125 103/85/85
f 103/85/85 106/125/125 107/126/126 104/123/123
f 105/124/124 108/102/102 109/101/101 106/125/125
f 106/125/125 109/101/101 110/127/127 107/126/126
f 109/101/101 111/100/100 112/104/104 110/127/127
f 115/14/14 118/17/17 119/128/128 116/15/15
f 117/16/16 120/129/129 121/130/130 118/17/17
f 118/17/17 121/130/130 122/131/131 119/128/128
f 120/129/129 123/132/132 124/133/133 121/130/130
f 121/130/130 124/133/133 125/134/134 122/131/131
f 123/132/132 126/29/29 127/28/28 124/133/133
f 124/133/133 127/28/28 128/135/135 125/134/134
f 127/28/28 129/26/26 130/34/34 128/135/135
f 134/71/136 135/70/137 139/95/138 140/1020/139
f 135/70/137 136/73/140 138/96/141 139/95/138
f 142/136/142 152/137/143 153/138/144 143/139/145
f 147/140/146 170/141/147 173/142/148 168/143/149
f 149/144/150 155/145/151 154/146/152 156/147/153
f 150/148/154 164/149/155 165/150/156 163/151/157
f 151/152/158 158/153/159 157/154/160 159/155/161
f 152/137/143 154/146/152 155/145/151 153/138/144
f 157/154/160 158/153/159 161/156/162 160/157/163
f 162/158/164 169/159/165 171/160/166 174/161/167
f 170/141/168 174/161/169 171/160/170 173/142/171
f 220/162/172 777/163/173 219/164/174
f 219/164/174 777/163/173 765/165/175
f 232/166/176 231/167/177 831/168/178
f 831/983/178 231/982/177 832/169/179
f 231/982/177 826/170/180 832/169/179
f 826/170/180 825/171/181 832/169/179
f 233/172/182 842/173/183 234/174/184
f 842/173/183 841/1007/185 234/174/184
f 234/174/184 841/1007/185 849/176/186
f 841/1007/185 850/1006/187 849/176/186
f 235/178/188 237/179/189 239/180/190 240/181/191
f 236/182/192 238/183/193 239/180/190 237/179/189
f 238/183/193 241/184/194 242/185/195 239/180/190
f 239/180/190 242/185/195 243/186/196 240/181/191
f 241/184/194 244/187/197 245/188/198 242/185/195
f 242/185/195 245/188/198 258/189/199 243/186/196
f 246/190/200 273/191/201 882/192/202 879/193/203
f 246/190/200 879/193/203 247/194/204
f 248/195/205 247/194/204 878/196/206
f 879/193/203 878/196/206 247/194/204
f 247/194/204 248/195/205 249/197/207 257/198/208
f 877/199/209 881/200/210 250/201/211 251/202/212
f 248/195/205 252/203/213 259/204/214 249/197/207
f 250/201/211 254/205/215 255/206/216 251/202/212
f 250/201/211 291/207/217 253/1037/218 254/205/215
f 283/209/219 291/207/217 880/210/220
f 880/210/220 291/207/217 881/200/210
f 250/201/211 881/200/210 291/207/217
f 251/202/212 255/206/216 261/211/221 252/203/213
f 252/203/213 261/211/221 260/212/222 259/204/214
f 253/208/218 291/1036/217 290/213/223 297/214/224
f 256/215/225 414/216/226 421/217/227 413/218/228
f 262/219/229 303/220/230 274/221/231 263/222/232
f 262/219/229 305/223/233 304/224/234 303/220/230
f 263/222/232 274/221/231 275/225/235 264/226/236
f 264/226/236 275/225/235 276/227/237 265/228/238
f 265/228/238 276/227/237 277/229/239 266/230/240
f 266/230/240 277/229/239 278/231/241 267/232/242
f 267/232/242 278/231/241 279/233/243 268/234/244
f 268/234/244 279/233/243 280/235/245 269/236/246
f 269/236/246 280/235/245 281/237/247 270/238/248
f 270/238/248 281/237/247 282/239/249 271/240/250
f 271/240/250 282/239/249 283/1035/219 272/988/251
f 283/209/219 880/210/220 272/241/251
f 880/210/220 882/192/202 272/241/251
f 272/241/251 882/192/202 273/191/201
f 274/221/231 303/220/230 302/242/252 301/243/253
f 274/221/231 301/243/253 300/244/254 275/225/235
f 275/225/235 300/244/254 284/245/255 276/227/237
f 276/227/237 284/245/255 285/246/256 277/229/239
f 277/229/239 285/246/256 286/247/257 278/231/241
f 278/231/241 286/247/257 287/248/258 279/233/243
f 279/233/243 287/248/258 288/249/259 280/235/245
f 280/235/245 288/249/259 289/250/260 281/237/247
f 281/237/247 289/250/260 290/213/223 282/239/249
f 282/239/249 290/213/223 291/1036/217 283/1035/219
f 284/245/255 298/251/261 292/252/262 285/246/256
f 284/245/255 300/244/254 299/253/263 298/251/261
f 285/246/256 292/252/262 293/254/264 286/247/257
f 286/247/257 293/254/264 294/255/265 287/248/258
f 287/248/258 294/255/265 295/256/266 288/249/259
f 288/249/259 295/256/266 296/257/267 289/250/260
f 289/250/260 296/257/267 297/214/224 290/213/223
f 299/253/263 300/244/254 301/243/253 306/258/268
f 301/243/253 302/242/252 307/259/269 306/258/268
f 302/242/252 308/260/270 309/261/271 307/259/269
f 302/242/252 303/220/230 304/224/234 308/260/270
f 310/262/272 311/263/273 312/264/274 367/265/275
f 311/263/273 315/266/276 313/267/277 312/264/274
f 312/264/274 370/268/278 368/269/279 367/265/275
f 312/264/274 313/267/277 314/270/280 370/268/278
f 313/267/277 315/266/276 316/271/281 317/272/282
f 313/267/277 317/272/282 318/273/283 314/270/280
f 314/270/280 372/274/284 371/275/285 370/268/278
f 314/270/280 318/273/283 373/276/286 372/274/284
f 316/271/281 319/277/287 320/278/288 317/272/282
f 317/272/282 320/278/288 321/279/289 318/273/283
f 318/273/283 321/279/289 322/280/290 373/276/286
f 319/277/287 323/281/291 324/282/292 320/278/288
f 320/278/288 324/282/292 325/283/293 321/279/289
f 321/279/289 325/283/293 326/284/294 322/280/290
f 323/281/291 327/285/295 328/286/296 324/282/292
f 324/282/292 328/286/296 329/287/297 325/283/293
f 325/283/293 329/287/297 340/288/298 326/284/294
f 327/285/295 330/289/299 331/290/300 328/286/296
f 328/286/296 331/290/300 341/291/301 329/287/297
f 329/287/297 341/291/301 342/292/302 340/288/298
f 330/289/299 332/293/303 343/294/304 331/290/300
f 331/290/300 343/294/304 344/295/305 341/291/301
f 332/293/303 346/296/306 347/297/307 343/294/304
f 333/298/308 365/299/309 363/300/310 362/301/311
f 334/302/312 352/303/313 355/304/314 335/305/315
f 334/302/312 349/306/316 348/307/317 352/303/313
f 335/305/315 355/304/314 358/308/318 336/309/319
f 336/309/319 358/308/318 361/310/320 337/311/321
f 337/311/321 361/310/320 364/312/322 338/313/323
f 338/313/323 364/312/322 366/314/324 339/315/325
f 341/291/301 344/295/305 345/316/326 342/292/302
f 343/294/304 347/297/307 348/307/317 344/295/305
f 344/295/305 348/307/317 349/306/316 345/316/326
f 346/296/306 350/317/327 351/318/328 347/297/307
f 347/297/307 351/318/328 352/303/313 348/307/317
f 350/317/327 353/319/329 354/320/330 351/318/328
f 351/318/328 354/320/330 355/304/314 352/303/313
f 353/319/329 356/321/331 357/322/332 354/320/330
f 354/320/330 357/322/332 358/308/318 355/304/314
f 356/321/331 359/323/333 360/324/334 357/322/332
f 357/322/332 360/324/334 361/310/320 358/308/318
f 359/323/333 362/301/311 363/300/310 360/324/334
f 360/324/334 363/300/310 364/312/322 361/310/320
f 363/300/310 365/299/309 366/314/324 364/312/322
f 368/269/279 370/268/278 371/275/285 369/325/335
f 374/326/336 376/327/337 377/328/338 375/329/339
f 375/329/339 377/328/338 378/330/340 411/331/341
f 376/327/337 379/332/342 380/333/343 377/328/338
f 377/328/338 380/333/343 381/334/344 378/330/340
f 379/332/342 382/335/345 383/336/346 380/333/343
f 380/333/343 383/336/346 405/337/347 381/334/344
f 382/335/345 387/338/348 394/339/349 383/336/346
f 383/336/346 394/339/349 404/340/350 405/337/347
f 384/986/351 406/342/352 390/343/353 391/344/354
f 384/341/351 391/1034/354 392/345/355 385/346/356
f 385/346/356 392/345/355 393/347/357 386/348/358
f 386/348/358 393/347/357 394/339/349 387/338/348
f 388/349/359 407/350/360 397/351/361 398/352/362
f 388/349/359 424/353/363 425/354/364 407/350/360
f 388/349/359 389/355/365 423/356/366 424/353/363
f 388/349/359 398/352/362 399/357/367 389/355/365
f 389/355/365 399/357/367 400/358/368 390/343/353
f 389/355/365 390/343/353 406/342/352 423/356/366
f 390/343/353 400/358/368 401/359/369 391/344/354
f 391/1034/354 401/985/369 402/360/370 392/345/355
f 392/345/355 402/360/370 403/361/371 393/347/357
f 393/347/357 403/361/371 404/340/350 394/339/349
f 395/362/372 428/363/373 430/364/374 409/365/375
f 395/362/372 396/366/376 408/367/377 428/363/373
f 396/366/376 397/351/361 407/350/360 408/367/377
f 407/350/360 425/354/364 426/368/378 408/367/377
f 408/367/377 426/368/378 427/369/379 428/363/373
f 409/365/375 430/364/374 432/370/380 410/371/381
f 412/372/382 418/373/383 419/374/384 416/375/385
f 413/218/228 421/217/227 419/374/384 418/373/383
f 414/216/226 415/376/386 422/377/387 421/217/227
f 416/375/385 419/374/384 420/378/388 417/379/389
f 419/374/384 421/217/227 422/377/387 420/378/388
f 427/369/379 429/380/390 430/364/374 428/363/373
f 429/380/390 431/381/391 432/370/380 430/364/374
f 434/382/392 433/383/393 435/384/394 436/385/395
f 436/385/395 435/384/394 441/386/396 442/387/397
f 437/388/398 438/389/399 440/390/400 439/391/401
f 439/391/401 440/390/400 451/392/402 450/393/403
f 442/387/397 441/386/396 446/394/404 445/1031/405
f 443/1032/406 444/397/407 447/398/408 446/1033/409
f 444/397/407 443/1032/406 448/1030/410 449/400/411
f 445/395/412 447/398/413 557/401/414 558/1022/415
f 449/400/411 448/1030/410 453/403/416 452/404/417
f 450/393/403 451/392/402 454/405/418 453/403/419
f 452/404/420 454/405/421 455/406/422 456/407/423
f 456/407/423 455/406/422 458/408/424 457/409/425
f 457/409/425 458/408/424 546/410/426 545/411/427
f 459/412/428 460/413/429 467/414/430 468/415/431
f 461/416/432 462/417/433 555/418/434 556/419/435
f 462/417/433 461/416/432 463/420/436 464/421/437
f 464/421/437 463/420/436 465/422/438 466/423/439
f 466/423/439 465/422/438 471/424/440 472/425/441
f 468/415/431 467/414/430 470/426/442 469/427/443
f 469/427/443 470/426/442 475/428/444 474/429/445
f 472/425/441 471/424/440 474/429/446 473/430/447
f 473/430/447 475/428/448 482/431/449 483/432/450
f 476/433/451 477/434/452 483/432/450 482/431/449
f 477/434/452 476/433/451 478/435/453 479/436/454
f 479/436/454 478/435/453 480/437/455 481/438/456
f 481/438/456 480/437/455 484/439/457 485/440/458
f 485/440/458 484/439/457 506/441/459 505/442/460
f 486/443/461 487/444/462 489/445/463 488/446/464
f 488/446/464 489/445/463 504/447/465 503/448/466
f 490/449/467 491/450/468 493/451/469 492/452/470
f 491/450/468 490/449/467 497/453/471 496/454/472
f 492/452/470 493/451/469 513/455/473 512/456/474
f 494/457/475 495/458/476 498/459/477 497/453/478
f 495/458/476 494/457/475 499/460/479 500/461/480
f 496/454/481 498/459/482 522/462/483 523/463/484
f 500/461/480 499/460/479 501/464/485 502/465/486
f 503/448/466 504/447/465 507/466/487 506/441/488
f 505/442/489 507/466/490 514/467/491 515/468/492
f 508/469/493 509/470/494 524/471/495 526/472/496
f 509/470/494 508/469/493 511/473/497 510/474/498
f 510/474/499 511/473/500 527/475/501 528/476/502
f 512/456/474 513/455/473 515/468/492 514/467/491
f 516/477/503 517/478/504 526/472/505 525/479/506
f 517/478/504 516/477/503 518/480/507 519/481/508
f 519/481/508 518/480/507 520/482/509 521/483/510
f 523/463/484 522/462/483 525/479/511 524/471/512
f 528/476/513 527/475/514 535/1027/515 536/485/516
f 529/1029/517 530/487/518 532/488/519 531/1028/520
f 530/487/518 529/1029/517 534/1026/521 533/491/522
f 531/1028/520 532/488/519 536/485/516 535/1027/515
f 533/491/522 534/1026/521 540/1024/523 539/493/524
f 537/494/525 538/1025/526 542/1023/527 541/497/528
f 538/1025/526 537/494/525 539/493/524 540/1024/523
f 541/497/528 542/1023/527 544/1021/529 543/499/530
f 543/499/530 544/1021/529 558/1022/415 557/401/414
f 545/411/427 546/410/426 548/500/531 547/501/532
f 547/501/532 548/500/531 550/502/533 549/503/534
f 549/503/534 550/502/533 552/504/535 551/505/536
f 551/505/536 552/504/535 554/506/537 553/507/538
f 553/507/538 554/506/537 556/419/435 555/418/434
f 1/1/1 3/4/4 435/384/539 433/383/540
f 2/2/2 437/388/541 439/391/542 5/3/3
f 3/4/4 4/6/6 441/386/543 435/384/539
f 4/6/6 443/396/544 446/394/545 441/386/543
f 4/6/6 6/5/5 448/399/546 443/396/544
f 5/3/3 439/391/542 450/393/547 6/5/5
f 6/5/5 450/393/547 453/403/548 448/399/546
f 7/7/7 440/390/549 438/389/550 21/11/11
f 7/7/7 8/10/10 451/392/551 440/390/549
f 8/10/10 114/9/9 458/408/552 455/406/553
f 8/10/10 455/406/553 454/405/554 451/392/551
f 19/32/32 463/420/555 461/416/556 131/33/33
f 19/32/32 99/31/31 465/422/557 463/420/555
f 20/30/30 98/23/23 468/415/558 469/427/559
f 20/30/30 471/424/560 465/422/557 99/31/31
f 20/30/30 469/427/559 474/429/561 471/424/560
f 23/41/41 478/435/562 476/433/563 26/42/42
f 23/41/41 31/44/44 480/437/564 478/435/562
f 26/42/42 476/433/563 482/431/565 34/46/46
f 29/47/47 467/414/566 460/413/567 33/48/48
f 29/47/47 34/46/46 470/426/568 467/414/566
f 31/44/44 37/49/49 484/439/569 480/437/564
f 32/39/39 486/443/570 488/446/571 38/40/40
f 34/46/46 482/431/565 475/428/572 470/426/568
f 35/50/50 490/449/573 492/452/574 45/51/51
f 35/50/50 494/457/575 497/453/576 490/449/573
f 35/50/50 48/53/53 499/460/577 494/457/575
f 36/54/54 501/464/578 499/460/577 48/53/53
f 37/49/49 503/448/579 506/441/580 484/439/569
f 37/49/49 38/40/40 488/446/571 503/448/579
f 39/508/581 510/474/582 55/63/63 53/62/62
f 39/508/581 137/509/583 509/470/584 510/474/582
f 39/508/581 493/451/585 491/450/586 137/509/583
f 39/508/581 53/62/62 513/455/587 493/451/585
f 40/56/56 504/447/588 489/445/589 41/57/57
f 40/56/56 514/467/590 507/466/591 504/447/588
f 40/56/56 44/59/59 512/456/592 514/467/590
f 41/57/57 489/445/589 487/444/593 42/60/60
f 44/59/59 45/51/51 492/452/574 512/456/592
f 50/510/594 518/480/595 516/477/596 52/511/597
f 50/510/594 51/512/598 520/482/599 518/480/595
f 50/510/594 500/461/600 502/465/601 51/512/598
f 50/510/594 52/511/597 495/458/602 500/461/600
f 52/511/597 522/462/603 498/459/604 495/458/602
f 52/511/597 516/477/596 525/479/605 522/462/603
f 53/62/62 54/65/65 515/468/606 513/455/587
f 54/65/65 485/440/607 505/442/608 515/468/606
f 54/65/65 56/64/64 481/438/609 485/440/607
f 55/63/63 510/474/582 528/476/610 94/66/66
f 56/64/64 95/67/67 479/436/611 481/438/609
f 57/68/68 517/478/612 519/481/613 58/69/69
f 57/68/68 508/469/614 526/472/615 517/478/612
f 57/68/68 134/71/71 511/473/616 508/469/614
f 58/69/69 519/481/613 521/483/617 59/72/72
f 60/74/74 466/423/618 472/425/619 133/75/75
f 60/74/74 90/79/79 464/421/620 466/423/618
f 62/86/86 529/486/621 531/489/622 65/88/88
f 62/86/86 101/87/87 534/490/623 529/486/621
f 65/88/88 531/489/624 535/484/625 70/91/91
f 70/91/91 535/484/625 527/1019/626 140/94/94
f 72/98/98 434/382/627 436/385/628 73/99/99
f 73/99/99 436/385/628 442/387/629 113/103/103
f 74/105/105 539/493/630 537/494/631 75/109/109
f 74/105/105 83/108/108 533/491/632 539/493/630
f 75/109/109 537/494/631 541/497/633 76/111/111
f 76/111/111 541/497/633 543/499/634 93/113/113
f 77/114/114 78/116/116 456/407/635 457/409/636
f 77/114/114 457/409/636 545/411/637 79/112/112
f 78/116/116 449/400/638 452/404/639 456/407/635
f 78/116/116 92/115/115 444/397/640 449/400/638
f 79/112/112 545/411/637 547/501/641 80/110/110
f 80/110/110 547/501/641 549/503/642 81/106/106
f 81/106/106 549/503/642 551/505/643 82/107/107
f 82/107/107 551/505/643 553/507/644 84/117/117
f 83/108/108 85/118/118 530/487/645 533/491/632
f 84/117/117 553/507/644 555/418/646 86/119/119
f 85/118/118 87/120/120 532/488/647 530/487/645
f 86/119/119 555/418/646 462/417/648 88/121/121
f 87/120/120 91/122/122 536/485/649 532/488/647
f 88/121/121 462/417/648 464/421/620 90/79/79
f 89/78/78 528/476/610 536/485/649 91/122/122
f 89/78/78 132/77/77 94/66/66 528/476/610
f 92/115/115 93/113/113 543/499/634 557/401/650
f 92/115/115 557/401/650 447/398/651 444/397/640
f 95/67/67 96/76/76 477/434/652 479/436/611
f 96/76/76 133/75/75 483/432/653 477/434/652
f 97/22/22 459/412/654 468/415/558 98/23/23
f 101/87/87 104/123/123 540/492/655 534/490/623
f 104/123/123 107/126/126 538/495/656 540/492/655
f 107/126/126 110/127/127 542/496/657 538/495/656
f 110/127/127 112/104/104 544/498/658 542/496/657
f 112/104/104 113/103/103 558/402/659 544/498/658
f 113/103/103 442/387/629 445/1031/660 558/402/659
f 114/9/9 116/15/15 546/410/661 458/408/552
f 116/15/15 119/128/128 548/500/662 546/410/661
f 119/128/128 122/131/131 550/502/663 548/500/662
f 122/131/131 125/134/134 552/504/664 550/502/663
f 125/134/134 128/135/135 554/506/665 552/504/664
f 128/135/135 130/34/34 556/419/666 554/506/665
f 130/34/34 131/33/33 461/416/556 556/419/666
f 483/432/653 133/75/75 472/425/619 473/430/667
f 134/71/136 140/1020/139 527/475/668 511/473/669
f 523/463/670 524/471/671 509/470/584 137/509/583
f 523/463/670 137/509/583 491/450/586 496/454/672
f 445/395/673 446/1033/674 447/398/675
f 452/404/676 453/403/677 454/405/678
f 473/430/447 474/429/446 475/428/448
f 496/454/679 497/453/680 498/459/681
f 505/442/682 506/441/683 507/466/684
f 524/471/685 525/479/686 526/472/687
f 559/513/688 560/514/689 563/515/690 562/516/691
f 560/514/689 559/513/688 567/517/692 566/518/693
f 561/519/694 563/515/695 580/520/696 579/521/697
f 562/516/698 561/519/699 565/522/700 564/523/701
f 566/518/693 567/517/692 587/524/702 586/525/703
f 568/526/704 569/527/705 571/528/706 570/529/707
f 569/527/705 568/526/704 575/530/708 574/531/709
f 570/529/707 571/528/706 615/532/710 614/533/711
f 572/534/712 573/535/713 576/536/714 575/530/715
f 574/531/716 576/536/717 638/537/718 637/538/719
f 578/539/720 577/540/721 582/541/722 581/542/723
f 579/521/697 580/520/696 583/543/724 582/541/725
f 584/544/726 585/545/727 603/546/728 602/547/729
f 585/545/727 584/544/726 586/525/703 587/524/702
f 588/548/730 589/549/731 593/550/732 592/551/733
f 589/549/731 588/548/730 595/552/734 594/553/735
f 591/554/736 590/555/737 628/556/738 627/981/739
f 590/555/740 593/550/741 604/558/742 605/559/743
f 597/560/744 598/561/745 621/562/746 622/563/747
f 598/561/745 597/560/744 599/564/748 600/565/749
f 600/565/749 599/564/748 602/547/729 601/566/750
f 601/566/751 603/546/752 610/567/753 611/568/754
f 607/569/755 606/570/756 608/571/757 609/572/758
f 609/572/758 608/571/757 619/573/759 618/574/760
f 611/568/754 610/567/753 613/575/761 612/576/762
f 614/533/711 615/532/710 617/577/763 616/578/764
f 616/578/764 617/577/763 620/579/765 619/573/766
f 618/574/767 620/579/765 622/563/747 621/562/746
f 624/1018/768 623/581/769 629/582/770 628/1017/771
f 625/583/772 626/584/773 630/585/774 629/582/775
f 626/584/773 625/583/772 633/586/776 632/587/777
f 635/588/778 634/589/779 640/590/780 639/591/781
f 641/592/782 642/593/783 644/1015/784 643/595/785
f 141/596/786 559/513/787 562/516/788 564/523/789
f 141/596/786 166/597/790 567/517/791 559/513/787
f 142/136/142 568/526/792 570/529/793 152/137/143
f 142/136/142 572/534/794 575/530/795 568/526/792
f 144/598/796 579/521/797 582/541/798 577/540/799
f 144/598/796 565/522/800 561/519/801 579/521/797
f 145/599/802 586/525/803 584/544/804 146/600/805
f 145/599/802 148/601/806 566/518/807 586/525/803
f 145/599/802 588/548/808 592/551/809 148/601/806
f 145/599/802 146/600/805 595/552/810 588/548/808
f 146/600/805 599/564/811 595/552/810
f 146/600/805 584/544/804 602/547/812 599/564/811
f 147/140/146 589/549/813 594/553/814 170/141/147
f 147/140/146 604/558/815 593/550/816 589/549/813
f 148/601/806 167/602/817 560/514/818 566/518/807
f 167/602/817 148/601/806 636/603/819
f 636/603/819 148/601/806 591/554/820
f 148/601/806 592/551/809 591/554/820
f 149/144/150 156/147/153 608/571/821 606/570/822
f 150/148/154 585/545/823 587/524/824 164/149/155
f 150/148/154 610/567/825 603/546/826 585/545/823
f 150/148/154 163/151/157 613/575/827 610/567/825
f 151/152/158 159/155/161 611/568/828 612/576/829
f 152/137/143 570/529/793 614/533/830 154/146/152
f 154/146/152 614/533/830 616/578/831 156/147/153
f 156/147/153 616/578/831 619/573/832 608/571/821
f 157/154/160 598/561/833 600/565/834 159/155/161
f 157/154/160 160/157/163 621/562/835 598/561/833
f 159/155/161 600/565/834 601/566/836 611/568/828
f 160/157/163 609/572/837 618/574/838 621/562/835
f 160/157/163 161/156/162 607/569/839 609/572/837
f 162/158/164 625/583/840 629/582/841 623/581/842
f 162/158/164 174/161/167 633/586/843 625/583/840
f 164/149/155 587/524/824 567/517/791 166/597/790
f 167/602/817 580/520/844 563/515/845 560/514/818
f 580/520/844 167/602/817 583/543/846
f 636/603/819 646/604/847 167/602/817
f 167/602/817 646/604/847 583/543/846
f 573/535/848 172/605/849 638/537/850 576/536/851
f 578/539/852 581/542/853 635/588/854 639/591/855
f 626/584/856 632/587/857 617/577/858 615/532/859
f 626/584/856 615/532/859 571/528/860 630/585/861
f 641/592/862 643/595/863 638/537/864 172/605/865
f 642/1016/866 640/590/867 634/589/868 644/594/869
f 569/527/870 645/606/871 571/528/860
f 571/528/860 645/606/871 630/585/861
f 645/606/871 627/557/872 630/585/861
f 574/531/873 637/538/874 569/527/870
f 645/606/871 569/527/870 649/607/875
f 569/527/870 637/538/874 649/607/875
f 617/577/858 632/587/857 620/579/876
f 645/606/871 648/980/877 627/557/872
f 636/603/819 591/554/820 647/609/878
f 647/609/878 591/554/820 648/608/877
f 591/554/820 627/981/872 648/608/877
f 624/580/879 628/556/880 590/555/881 605/559/882
f 561/519/883 562/516/884 563/515/885
f 574/531/886 575/530/887 576/536/888
f 581/542/889 582/541/890 583/543/891
f 590/555/892 591/554/893 592/551/894 593/550/895
f 601/566/750 602/547/729 603/546/728
f 618/574/767 619/573/766 620/579/765
f 627/557/896 628/1017/897 629/582/898 630/585/899
f 581/542/900 583/543/901 646/604/902 635/588/903
f 636/603/819 647/609/878 646/604/847
f 634/589/904 635/588/903 646/604/902 647/609/905
f 634/589/904 647/609/905 648/608/906 644/594/907
f 637/538/908 638/537/909 643/595/910 649/607/911
f 645/606/871 649/607/875 648/980/877
f 643/595/910 644/1015/907 648/980/906 649/607/911
f 650/610/912 651/611/913 715/612/914 714/613/915
f 652/614/916 653/615/917 655/616/918 654/617/919
f 653/615/917 652/614/916 659/618/920 658/619/921
f 654/617/919 655/616/918 751/620/922 752/621/923
f 656/622/924 657/623/925 660/624/926 659/618/927
f 657/623/925 656/622/924 661/625/928 662/626/929
f 658/619/930 660/624/931 740/627/932 741/628/933
f 662/626/929 661/625/928 666/629/934 665/630/935
f 663/631/936 664/632/937 667/633/938 666/629/939
f 664/632/937 663/631/936 669/634/940 668/635/941
f 665/630/942 667/633/943 739/636/944 738/637/945
f 668/635/941 669/634/940 759/638/946 758/639/947
f 670/640/948 671/641/949 776/642/950 775/643/951
f 672/644/952 673/645/953 675/646/954 674/647/955
f 673/645/953 672/644/952 676/648/956 677/649/957
f 674/647/955 675/646/954 774/650/958 776/642/959
f 677/649/957 676/648/956 681/651/960 680/652/961
f 678/653/962 679/654/963 682/655/964 681/651/965
f 680/652/966 682/655/967 689/656/968 690/657/969
f 683/658/970 684/659/971 686/660/972 685/661/973
f 684/659/971 683/658/970 694/662/974 693/663/975
f 685/661/973 686/660/972 688/664/976 687/665/977
f 687/665/977 688/664/976 690/657/969 689/656/968
f 691/666/978 692/667/979 695/668/980 694/662/981
f 693/663/982 695/668/983 698/1013/984 699/670/985
f 696/671/986 697/672/987 702/673/988 701/1014/989
f 699/670/985 698/1013/984 701/674/990 700/675/991
f 700/675/992 702/1012/993 704/1011/994 703/677/995
f 703/677/995 704/1011/994 706/1010/996 705/679/997
f 705/679/997 706/1010/996 708/1008/998 707/681/999
f 707/681/999 708/1008/998 762/682/1000 761/683/1001
f 709/684/1002 710/685/1003 712/686/1004 711/687/1005
f 710/685/1003 709/684/1002 714/613/1006 713/688/1007
f 711/687/1005 712/686/1004 717/689/1008 716/690/1009
f 713/688/1010 715/612/1011 768/691/1012 769/692/1013
f 716/690/1009 717/689/1008 755/693/1014 757/694/1015
f 718/695/1016 719/696/1017 721/697/1018 720/698/1019
f 719/696/1017 718/695/1016 727/699/1020 728/700/1021
f 720/698/1019 721/697/1018 726/701/1022 725/702/1023
f 723/703/1024 722/704/1025 725/702/1026 724/705/1027
f 724/705/1028 726/701/1029 732/706/1030 731/707/1031
f 728/700/1021 727/699/1020 730/708/1032 729/709/1033
f 729/709/1033 730/708/1032 756/710/1034 755/693/1035
f 731/707/1031 732/706/1030 737/711/1036 736/712/1037
f 734/713/1038 733/714/1039 736/712/1040 735/715/1041
f 735/715/1042 737/711/1043 747/716/1044 746/717/1045
f 742/718/1046 743/719/1047 749/720/1048 748/721/1049
f 743/719/1047 742/718/1046 744/722/1050 745/723/1051
f 745/723/1051 744/722/1050 746/717/1045 747/716/1044
f 752/621/923 751/620/922 785/724/1052 784/725/1053
f 753/726/1054 754/727/1055 757/694/1056 756/710/1057
f 758/639/947 759/638/946 781/728/1058 780/729/1059
f 763/730/1060 764/731/1061 769/692/1013 768/691/1012
f 764/731/1061 763/730/1060 765/165/1062 767/732/1063
f 770/733/1064 771/734/1065 773/735/1066 772/736/1067
f 771/734/1065 770/733/1064 775/643/1068 774/650/1069
f 772/736/1067 773/735/1066 778/737/1070 777/163/1071
f 654/617/1072 767/732/1073 652/614/1074
f 175/738/1075 656/622/1076 659/618/1077 652/614/1078
f 175/738/1075 176/739/1079 661/625/1080 656/622/1076
f 176/739/1079 663/631/1081 666/629/1082 661/625/1080
f 669/634/1083 663/631/1084 778/737/1085
f 177/740/1086 672/644/1087 674/647/1088 213/741/1089
f 177/740/1086 178/742/1090 676/648/1091 672/644/1087
f 178/742/1090 678/653/1092 681/651/1093 676/648/1091
f 179/743/1094 182/744/1095 683/658/1096 685/661/1097
f 179/743/1094 685/661/1097 687/665/1098 180/745/1099
f 180/745/1099 687/665/1098 689/656/1100 181/746/1101
f 181/746/1101 689/656/1100 682/655/1102 679/654/1103
f 182/744/1095 691/666/1104 694/662/1105 683/658/1096
f 183/747/1106 698/669/1107 695/668/1108 692/667/1109
f 183/747/1106 696/671/1110 701/1014/1111 698/669/1107
f 184/748/1112 703/677/1113 705/679/1114 205/749/1115
f 184/748/1112 699/670/1116 700/675/1117 703/677/1113
f 184/748/1112 684/659/1118 693/663/1119 699/670/1116
f 184/748/1112 205/749/1115 686/660/1120 684/659/1118
f 185/750/1121 704/676/1122 702/673/1123 697/672/1124
f 185/750/1121 186/751/1125 706/678/1126 704/676/1122
f 186/751/1125 214/752/1127 708/680/1128 706/678/1126
f 187/753/1129 709/684/1130 711/687/1131 188/754/1132
f 187/753/1129 650/610/1133 714/613/1134 709/684/1130
f 188/754/1132 711/687/1131 716/690/1135 208/755/1136
f 189/756/1137 190/757/1138 718/695/1139 720/698/1140
f 189/756/1137 720/698/1140 725/702/1141 722/704/1142
f 190/757/1138 191/758/1143 727/699/1144 718/695/1139
f 191/758/1143 202/759/1145 730/708/1146 727/699/1144
f 192/760/1147 723/703/1148 724/705/1149 731/707/1150
f 192/760/1147 731/707/1150 736/712/1151 733/714/1152
f 193/761/1153 194/762/1154 657/623/1155 662/626/1156
f 193/761/1153 662/626/1156 665/630/1157 738/637/1158
f 194/762/1154 740/627/1159 660/624/1160 657/623/1155
f 195/763/1161 744/722/1162 742/718/1163 215/764/1164
f 195/763/1161 196/765/1165 746/717/1166 744/722/1162
f 196/765/1165 734/713/1167 735/715/1168 746/717/1166
f 197/766/1169 721/697/1170 719/696/1171 199/767/1172
f 197/766/1169 732/706/1173 726/701/1174 721/697/1170
f 197/766/1169 747/716/1175 737/711/1176 732/706/1173
f 197/766/1169 199/767/1172 745/723/1177 747/716/1175
f 198/768/1178 216/769/1179 749/720/1180 743/719/1181
f 198/768/1178 728/700/1182 729/709/1183 216/769/1179
f 198/768/1178 199/767/1172 719/696/1171 728/700/1182
f 198/768/1178 743/719/1181 745/723/1177 199/767/1172
f 200/770/1184 201/771/1185 655/616/1186 653/615/1187
f 200/770/1184 653/615/1187 658/619/1188 741/628/1189
f 201/771/1185 218/772/1190 751/620/1191 655/616/1186
f 202/759/1145 753/726/1192 756/710/1193 730/708/1146
f 203/773/1194 668/635/1195 758/639/1196 217/774/1197
f 203/773/1194 204/775/1198 664/632/1199 668/635/1195
f 204/775/1198 739/636/1200 667/633/1201 664/632/1199
f 205/749/1115 705/679/1114 707/681/1202 206/776/1203
f 205/749/1115 206/776/1203 688/664/1204 686/660/1120
f 206/776/1203 707/681/1202 761/683/1205 207/777/1206
f 206/776/1203 207/777/1206 690/657/1207 688/664/1204
f 207/777/1206 677/649/1208 680/652/1209 690/657/1207
f 677/649/1208 207/777/1206 673/645/1210
f 208/755/1136 716/690/1135 757/694/1211 754/727/1212
f 209/778/1213 219/164/1214 765/165/1215 763/730/1216
f 209/778/1213 763/730/1216 768/691/1217 210/779/1218
f 210/779/1218 768/691/1217 715/612/1219 651/611/1220
f 211/780/1221 770/733/1222 772/736/1223 212/781/1224
f 211/780/1221 670/640/1225 775/643/1226 770/733/1222
f 212/781/1224 772/736/1223 777/163/1227 220/162/1228
f 213/741/1089 674/647/1088 776/642/1229 671/641/1230
f 214/752/1127 221/782/1231 762/1009/1232 708/680/1128
f 215/764/1164 742/718/1163 748/721/1233 223/783/1234
f 717/689/1235 712/686/1236 216/769/1179
f 216/769/1179 729/709/1183 755/693/1237 717/689/1235
f 217/774/1197 758/639/1196 780/729/1238 222/784/1239
f 218/772/1190 224/785/1240 785/724/1241 751/620/1191
f 771/734/1242 774/650/1243 781/728/1244
f 771/734/1242 781/728/1244 759/638/1245 773/735/1246
f 769/692/1247 764/731/1248 752/621/1249 784/725/1250
f 769/692/1247 784/725/1250 713/688/1251
f 669/634/1083 778/737/1085 773/735/1246 759/638/1245
f 654/617/1072 752/621/1249 764/731/1248 767/732/1073
f 658/619/1252 659/618/1253 660/624/1254
f 665/630/1255 666/629/1256 667/633/1257
f 680/652/1258 681/651/1259 682/655/1260
f 693/663/1261 694/662/1262 695/668/1263
f 700/675/1264 701/674/1265 702/1012/1266
f 713/688/1267 714/613/1268 715/612/1269
f 724/705/1270 725/702/1271 726/701/1272
f 735/715/1273 736/712/1274 737/711/1275
f 755/693/1276 756/710/1277 757/694/1278
f 774/650/1279 775/643/1280 776/642/1281
f 786/786/1282 787/787/1283 790/788/1284 789/789/1285
f 787/787/1283 786/786/1282 796/790/1286 795/791/1287
f 788/792/1288 790/788/1289 820/793/1290 822/794/1291
f 789/789/1292 788/792/1293 792/795/1294 791/796/1295
f 793/797/1296 794/798/1297 797/799/1298 796/790/1299
f 795/791/1300 797/799/1301 804/800/1302 805/801/1303
f 798/802/1304 799/803/1305 801/804/1306 800/805/1307
f 799/803/1305 798/802/1304 802/806/1308 803/807/1309
f 800/805/1307 801/804/1306 805/801/1303 804/800/1302
f 803/807/1309 802/806/1308 809/808/1310 808/809/1311
f 806/810/1312 807/811/1313 810/812/1314 809/808/1315
f 808/809/1316 810/812/1317 811/813/1318 812/814/1319
f 812/814/1319 811/813/1318 816/815/1320 815/816/1321
f 813/817/1322 814/818/1323 817/819/1324 816/815/1325
f 815/816/1326 817/819/1327 845/1005/1328 847/821/1329
f 818/822/1330 819/823/1331 822/794/1332 821/824/1333
f 821/824/1334 820/793/1335 823/825/1336 826/170/1337
f 828/826/1338 827/827/1339 833/828/1340 834/829/1341
f 831/168/1342 830/979/1343 834/829/1344 833/828/1345
f 836/831/1346 835/832/1347 838/833/1348 837/834/1349
f 837/834/1350 838/833/1351 839/835/1352 842/173/1353
f 844/836/1354 843/837/1355 846/838/1356 845/820/1357
f 847/821/1358 846/1003/1359 849/1004/1360 848/839/1361
f 225/840/1362 786/786/1363 789/789/1364 791/796/1365
f 225/840/1362 793/797/1366 796/790/1367 786/786/1363
f 226/841/1368 798/802/1369 800/805/1370 227/842/1371
f 226/841/1368 228/843/1372 802/806/1373 798/802/1369
f 227/842/1371 800/805/1370 804/800/1374 229/844/1375
f 228/843/1372 806/810/1376 809/808/1377 802/806/1373
f 229/844/1375 804/800/1374 797/799/1378 794/798/1379
f 230/845/1380 811/813/1381 810/812/1382 807/811/1383
f 230/845/1380 813/817/1384 816/815/1385 811/813/1381
f 231/982/1386 818/822/1387 821/824/1388 826/170/1389
f 232/166/1390 831/168/1391 833/828/1392 827/827/1393
f 828/826/1394 834/829/1395 838/833/1396 835/832/1397
f 836/831/1398 837/834/1399 842/173/1400 233/172/1401
f 234/174/1402 849/176/1403 846/838/1404 843/837/1405
f 801/804/1406 799/803/1407 829/846/1408
f 829/846/1408 799/803/1407 830/830/1409
f 799/803/1407 840/847/1410 830/830/1409
f 840/978/1410 839/835/1411 830/979/1409
f 799/803/1407 803/807/1412 840/847/1410
f 840/847/1410 803/807/1412 841/175/1413
f 803/807/1412 851/848/1414 841/175/1413
f 851/848/1414 850/177/1415 841/175/1413
f 805/801/1416 801/804/1406 824/849/1417
f 824/849/1417 801/804/1406 825/171/1418
f 801/804/1406 829/846/1408 825/171/1418
f 829/846/1408 832/169/1419 825/171/1418
f 787/787/1420 795/791/1421 823/825/1422
f 823/825/1422 795/791/1421 824/849/1417
f 805/801/1416 824/849/1417 795/791/1421
f 787/787/1420 823/825/1422 820/793/1423 790/788/1424
f 819/823/1425 792/795/1426 788/792/1427 822/794/1428
f 814/818/1429 844/836/1430 845/820/1431 817/819/1432
f 812/814/1433 848/839/1434 808/809/1435
f 848/839/1434 851/848/1414 808/809/1435
f 851/848/1414 803/807/1412 808/809/1435
f 812/814/1433 815/816/1436 847/821/1437 848/839/1434
f 839/835/1411 838/833/1438 834/829/1439 830/979/1409
f 788/792/1440 789/789/1441 790/788/1442
f 795/791/1443 796/790/1444 797/799/1445
f 808/809/1446 809/808/1447 810/812/1448
f 815/816/1449 816/815/1450 817/819/1451
f 820/793/1452 821/824/1453 822/794/1454
f 823/825/1455 824/849/1456 825/171/1457 826/170/1458
f 829/846/1459 830/830/1460 831/983/1461 832/169/1462
f 839/835/1463 840/978/1464 841/1007/1465 842/173/1466
f 845/1005/1467 846/1003/1468 847/821/1469
f 848/839/1470 849/1004/1471 850/177/1472 851/848/1473
f 252/203/213 248/195/205 251/202/212
f 251/202/212 248/195/205 877/199/209
f 878/196/206 877/199/209 248/195/205
f 853/850/1474 852/851/1475 854/852/1476 855/853/1477
f 855/853/1477 854/852/1476 862/854/1478 863/855/1479
f 856/856/1480 857/857/1481 859/858/1482 858/859/1483
f 858/859/1483 859/858/1482 861/860/1484 860/861/1485
f 860/861/1485 861/860/1484 865/862/1486 864/863/1487
f 863/855/1479 862/854/1478 866/864/1488 867/865/1489
f 864/863/1487 865/862/1486 870/866/1490 869/867/1491
f 867/865/1489 866/864/1488 903/868/1492 902/1002/1493
f 868/870/1494 870/866/1495 905/871/1496 906/872/1497
f 869/867/1498 868/870/1499 872/873/1500 871/874/1501
f 871/874/1501 872/873/1500 874/875/1502 873/876/1503
f 873/876/1503 874/875/1502 876/877/1504 875/878/1505
f 875/878/1505 876/877/1504 904/879/1506 903/868/1507
f 877/199/209 879/193/203 882/192/202 881/200/210
f 883/880/1508 884/881/1509 928/882/1510 927/989/1511
f 884/881/1509 883/880/1508 885/884/1512 886/885/1513
f 886/885/1513 885/884/1512 887/886/1514 888/887/1515
f 888/887/1515 887/886/1514 889/888/1516 890/889/1517
f 890/889/1517 889/888/1516 900/890/1518 899/891/1519
f 891/892/1520 892/893/1521 898/894/1522 897/895/1523
f 892/893/1521 891/892/1520 894/896/1524 893/897/1525
f 893/897/1525 894/896/1524 896/898/1526 895/899/1527
f 895/899/1527 896/898/1526 901/900/1528 900/890/1529
f 899/891/1530 901/900/1531 977/901/1532 976/902/1533
f 902/869/1534 904/879/1535 954/903/1536 953/993/1537
f 906/872/1497 905/871/1496 907/905/1538 908/906/1539
f 908/906/1539 907/905/1538 909/907/1540 910/908/1541
f 910/908/1541 909/907/1540 911/909/1542 912/910/1543
f 912/910/1543 911/909/1542 913/911/1544 914/912/1545
f 914/912/1545 913/911/1544 915/913/1546 916/914/1547
f 916/914/1547 915/913/1546 917/915/1548 918/916/1549
f 918/916/1549 917/915/1548 919/917/1550 920/918/1551
f 920/918/1551 919/917/1550 921/919/1552 922/984/1553
f 922/920/1553 921/1001/1552 923/1000/1554 924/922/1555
f 924/922/1555 923/1000/1554 925/999/1556 926/924/1557
f 926/924/1558 925/999/1559 927/989/1560 928/882/1561
f 930/925/1562 929/926/1563 931/927/1564 932/928/1565
f 932/928/1565 931/927/1564 959/929/1566 960/930/1567
f 933/931/1568 934/932/1569 971/933/1570 970/934/1571
f 934/932/1569 933/931/1568 935/935/1572 936/936/1573
f 936/936/1573 935/935/1572 937/937/1574 938/938/1575
f 938/938/1575 937/937/1574 939/939/1576 940/940/1577
f 940/940/1577 939/939/1576 955/941/1578 956/987/1579
f 941/998/1580 942/944/1581 958/945/1582 957/991/1583
f 942/944/1581 941/998/1580 943/997/1584 944/948/1585
f 944/948/1586 943/997/1587 945/996/1588 946/950/1589
f 946/950/1590 945/996/1591 947/995/1592 948/952/1593
f 948/952/1593 947/995/1592 949/994/1594 950/954/1595
f 950/954/1595 949/994/1594 951/992/1596 952/956/1597
f 952/956/1597 951/992/1596 953/993/1537 954/903/1536
f 956/942/1579 955/990/1578 957/991/1583 958/945/1582
f 960/930/1567 959/929/1566 961/957/1598 962/958/1599
f 962/958/1599 961/957/1598 968/959/1600 967/960/1601
f 963/961/1602 964/962/1603 969/963/1604 968/959/1605
f 964/962/1603 963/961/1602 965/964/1606 966/965/1607
f 966/965/1607 965/964/1606 970/934/1571 971/933/1570
f 967/960/1608 969/963/1609 972/966/1610 973/967/1611
f 973/967/1611 972/966/1610 974/968/1612 975/969/1613
f 975/969/1613 974/968/1612 976/902/1533 977/901/1532
f 235/178/188 240/181/191 854/852/1614 852/851/1615
f 236/182/192 856/856/1616 858/859/1617 238/183/193
f 238/183/193 858/859/1617 860/861/1618 241/184/194
f 240/181/191 243/186/196 862/854/1619 854/852/1614
f 241/184/194 860/861/1618 864/863/1620 244/187/197
f 243/186/196 258/189/199 866/864/1621 862/854/1619
f 244/187/197 864/863/1620 869/867/1622 871/874/1623
f 244/187/197 871/874/1623 873/876/1624 245/188/198
f 245/188/198 873/876/1624 875/878/1625 258/189/199
f 246/190/200 885/884/1626 883/880/1627 273/191/201
f 246/190/200 247/194/204 887/886/1628 885/884/1626
f 247/194/204 257/198/208 889/888/1629 887/886/1628
f 249/197/207 259/204/214 892/893/1630 893/897/1631
f 249/197/207 893/897/1631 895/899/1632 257/198/208
f 256/215/225 413/218/228 891/892/1633 897/895/1634
f 257/198/208 895/899/1632 900/890/1635 889/888/1629
f 258/189/199 875/878/1625 903/868/1636 866/864/1621
f 259/204/214 260/212/222 898/894/1637 892/893/1630
f 262/219/229 907/905/1638 905/871/1639 305/223/233
f 262/219/229 263/222/232 909/907/1640 907/905/1638
f 263/222/232 264/226/236 911/909/1641 909/907/1640
f 264/226/236 265/228/238 913/911/1642 911/909/1641
f 265/228/238 266/230/240 915/913/1643 913/911/1644
f 266/230/240 267/232/242 917/915/1645 915/913/1646
f 267/232/242 268/234/244 919/917/1647 917/915/1648
f 268/234/244 269/236/246 921/919/1649 919/917/1647
f 269/236/246 270/238/248 923/921/1650 921/919/1649
f 270/238/248 271/240/250 925/923/1651 923/921/1650
f 271/240/250 272/988/251 927/883/1652 925/923/1653
f 272/241/251 273/191/201 883/880/1654 927/989/1655
f 304/224/234 305/223/233 865/862/1656 861/860/1657
f 304/224/234 861/860/1657 859/858/1658 308/260/270
f 305/223/233 905/871/1639 870/866/1659 865/862/1656
f 308/260/270 859/858/1658 857/857/1660 309/261/271
f 310/262/272 367/265/275 931/927/1661 929/926/1662
f 322/280/290 935/935/1663 933/931/1664 373/276/286
f 322/280/290 326/284/294 937/937/1665 935/935/1666
f 326/284/294 340/288/298 939/939/1667 937/937/1668
f 333/298/308 853/850/1669 855/853/1670 365/299/309
f 334/302/312 943/947/1671 941/943/1672 349/306/316
f 334/302/312 335/305/315 945/949/1673 943/947/1674
f 335/305/315 336/309/319 947/951/1675 945/949/1676
f 336/309/319 337/311/321 949/953/1677 947/951/1675
f 337/311/321 338/313/323 951/955/1678 949/953/1677
f 338/313/323 339/315/325 953/904/1679 951/955/1678
f 339/315/325 867/865/1680 902/1002/1681 953/904/1679
f 339/315/325 366/314/324 863/855/1682 867/865/1680
f 340/288/298 342/292/302 955/941/1683 939/939/1684
f 342/292/302 345/316/326 957/946/1685 955/941/1683
f 345/316/326 349/306/316 941/943/1672 957/946/1685
f 365/299/309 855/853/1670 863/855/1682 366/314/324
f 367/265/275 368/269/279 959/929/1686 931/927/1661
f 368/269/279 369/325/335 961/957/1687 959/929/1686
f 369/325/335 371/275/285 965/964/1688 963/961/1689
f 369/325/335 963/961/1689 968/959/1690 961/957/1687
f 371/275/285 372/274/284 970/934/1691 965/964/1688
f 372/274/284 373/276/286 933/931/1664 970/934/1691
f 374/326/336 964/962/1692 966/965/1693 376/327/337
f 374/326/336 972/966/1694 969/963/1695 964/962/1692
f 374/326/336 375/329/339 974/968/1696 972/966/1694
f 375/329/339 411/331/341 976/902/1697 974/968/1696
f 376/327/337 966/965/1693 971/933/1698 379/332/342
f 378/330/340 888/887/1699 890/889/1700 411/331/341
f 378/330/340 381/334/344 886/885/1701 888/887/1699
f 379/332/342 971/933/1698 934/932/1702 382/335/345
f 381/334/344 405/337/347 884/881/1703 886/885/1701
f 382/335/345 934/932/1702 936/936/1704 387/338/348
f 384/986/351 956/942/1705 958/945/1706 406/342/352
f 384/341/351 385/346/356 940/940/1707 956/987/1705
f 385/346/356 386/348/358 938/938/1708 940/940/1707
f 386/348/358 387/338/348 936/936/1704 938/938/1708
f 395/362/372 409/365/375 908/906/1709 910/908/1710
f 395/362/372 910/908/1710 912/910/1711 396/366/376
f 396/366/376 912/910/1711 914/912/1712 397/351/361
f 397/351/361 914/912/1712 916/914/1713 398/352/362
f 398/352/362 916/914/1713 918/916/1714 399/357/367
f 399/357/367 918/916/1714 920/918/1715 400/358/368
f 400/358/368 920/918/1715 922/984/1716 401/359/369
f 401/985/369 922/920/1716 924/922/1717 402/360/370
f 402/360/370 924/922/1717 926/924/1718 403/361/371
f 403/361/371 926/924/1718 928/882/1719 404/340/350
f 404/340/350 928/882/1719 884/881/1703 405/337/347
f 406/342/352 958/945/1706 942/944/1720 423/356/366
f 409/365/375 410/371/381 906/872/1721 908/906/1709
f 410/371/381 432/370/380 874/875/1722 872/873/1723
f 410/371/381 872/873/1723 868/870/1724 906/872/1721
f 411/331/341 890/889/1700 899/891/1725 976/902/1697
f 412/372/382 896/898/1726 894/896/1727 418/373/383
f 412/372/382 977/901/1728 901/900/1729 896/898/1726
f 412/372/382 416/375/385 975/969/1730 977/901/1728
f 413/218/228 418/373/383 894/896/1727 891/892/1633
f 415/376/386 930/925/1731 932/928/1732 422/377/387
f 416/375/385 417/379/389 973/967/1733 975/969/1730
f 417/379/389 962/958/1734 967/960/1735 973/967/1733
f 417/379/389 420/378/388 960/930/1736 962/958/1734
f 420/378/388 422/377/387 932/928/1732 960/930/1736
f 423/356/366 942/944/1720 944/948/1737 424/353/363
f 424/353/363 944/948/1737 946/950/1738 425/354/364
f 425/354/364 946/950/1738 948/952/1739 426/368/378
f 426/368/378 948/952/1739 950/954/1740 427/369/379
f 427/369/379 950/954/1740 952/956/1741 429/380/390
f 429/380/390 952/956/1741 954/903/1742 431/381/391
f 431/381/391 876/877/1743 874/875/1722 432/370/380
f 431/381/391 954/903/1742 904/879/1744 876/877/1743
f 868/870/1745 869/867/1746 870/866/1747
f 877/199/209 878/196/206 879/193/203
f 880/210/220 881/200/210 882/192/202
f 899/891/1748 900/890/1749 901/900/1750
f 902/869/1751 903/868/1752 904/879/1753
f 967/960/1608 968/959/1754 969/963/1609
f 633/586/1755 174/161/1756 170/141/1757 594/553/1758
f 633/586/1759 631/970/1760 632/587/1761
f 597/560/1762 596/971/1763 595/552/1764 599/564/1765
f 631/970/1766 622/563/1767 620/579/1768 632/587/1769
f 597/560/1770 622/563/1771 631/970/1772 596/971/1773
f 595/552/1774 596/971/1775 594/553/1776
f 594/553/1777 596/971/1778 631/970/1779 633/586/1780
f 781/728/1781 782/972/1782 780/729/1783
f 207/777/1784 761/683/1785 760/973/1786 673/645/1787
f 673/645/1788 760/973/1789 782/972/1790 675/646/1791
f 675/646/1792 782/972/1793 781/728/1794 774/650/1795
f 762/682/1796 760/973/1797 761/683/1798
f 780/729/1799 782/972/1800 760/973/1801 762/682/1802
f 221/1038/1803 222/784/1804 780/729/1805 762/682/1806
f 765/165/1807 766/974/1808 767/732/1809
f 778/737/1810 779/975/1811 777/163/1812
f 777/163/1813 779/975/1814 766/974/1815 765/165/1816
f 176/739/1817 779/975/1818 778/737/1819 663/631/1820
f 767/732/1821 766/974/1822 175/738/1823 652/614/1824
f 176/739/1825 175/738/1826 766/974/1827 779/975/1828
f 784/725/1829 785/724/1830 783/976/1831
f 785/724/1832 224/785/1833 223/783/1834 748/721/1835
f 750/977/1836 748/721/1837 749/720/1838
f 783/976/1839 785/724/1840 748/721/1841 750/977/1842
f 712/686/1843 710/685/1844 783/976/1845 750/977/1846
f 749/720/1847 216/769/1848 712/686/1849 750/977/1850
f 783/976/1851 710/685/1852 713/688/1853 784/725/1854
g default
v 18.149609 12.744344 -3.390882
v -1.475048 12.744344 -3.390882
v 18.149609 4.205717 -3.390882
v -1.475048 4.205717 -3.390882
v 18.149609 4.205717 -4.338580
v -1.475048 4.205717 -4.338580
v 18.149609 12.744344 -4.338580
v -1.475048 12.744344 -4.338580
v -1.317789 12.575025 -3.390882
v 17.992357 12.575025 -3.390882
v -1.317789 4.375036 -3.390882
v 17.992357 4.375036 -3.390882
v -1.128501 12.454811 -3.554379
v 17.803064 12.454811 -3.554379
v -1.128501 4.495248 -3.554379
v 17.803064 4.495248 -3.554379
v 18.149609 12.939909 -3.616938
v 18.149609 12.956301 -3.662680
v 18.361578 12.744344 -3.662680
v 18.345186 12.744344 -3.616938
v 18.345186 12.744344 -4.112524
v 18.361578 12.744344 -4.066782
v 18.149609 12.956301 -4.066783
v 18.149609 12.939909 -4.112524
v -1.475048 12.939909 -3.616938
v -1.475048 12.956301 -3.662680
v 18.345186 4.205717 -3.616938
v 18.361578 4.205717 -3.662680
v -1.670612 12.744344 -3.616938
v -1.687004 12.744344 -3.662680
v -1.475048 12.939909 -4.112524
v -1.475048 12.956301 -4.066783
v -1.687004 12.744344 -4.066783
v -1.670612 12.744344 -4.112524
v -1.670612 4.205717 -3.616938
v -1.687004 4.205717 -3.662680
v 18.149609 3.993760 -3.662680
v 18.149609 4.010152 -3.616938
v 18.361578 4.205717 -4.066782
v 18.345186 4.205717 -4.112524
v 18.149609 4.010152 -4.112524
v 18.149609 3.993760 -4.066783
v -1.475048 4.010152 -3.616938
v -1.475048 3.993760 -3.662680
v -1.475048 3.993760 -4.066783
v -1.475048 4.010152 -4.112524
v -1.670612 4.205717 -4.112524
v -1.687004 4.205717 -4.066783
v -1.475048 4.205717 -4.338580
v 18.149609 4.205717 -4.338580
v -1.475048 12.744344 -4.338580
v 18.149609 12.744344 -4.338580
vt 0.691036 0.029496
vt 0.691048 0.742586
vt 0.384949 0.732045
vt 0.389850 0.038548
vt 0.358258 0.031468
vt 0.353422 0.737996
vt 0.347466 0.731959
vt 0.352260 0.037490
vt 0.041349 0.730606
vt 0.047511 0.724848
vt 0.050609 0.032922
vt 0.056648 0.038723
vt 0.340941 0.723561
vt 0.054540 0.717560
vt 0.345437 0.045239
vt 0.063252 0.047022
vt 0.366915 0.031060
vt 0.368300 0.031445
vt 0.363356 0.738624
vt 0.361963 0.738955
vt 0.366199 0.020115
vt 0.367556 0.018268
vt 0.048311 0.022439
vt 0.047831 0.020765
vt 0.381769 0.030202
vt 0.380344 0.028897
vt 0.689316 0.016881
vt 0.024589 0.020098
vt 0.381290 0.035460
vt 0.379917 0.034907
vt 0.376131 0.734022
vt 0.374710 0.734299
vt 0.362197 0.751593
vt 0.360927 0.749703
vt 0.040277 0.031185
vt 0.038585 0.030947
vt 0.687870 0.770011
vt 0.038515 0.740775
vt 0.376353 0.740076
vt 0.374860 0.741340
vt 0.689356 0.753565
vt 0.017066 0.742639
vt 0.029137 0.731030
vt 0.030845 0.731122
vt 0.024234 0.030691
vt 0.022541 0.030348
vt 0.014843 0.732197
vt 0.013113 0.732231
vt 0.691063 0.029481
vt 0.389828 0.038539
vt 0.691063 0.742615
vt 0.384936 0.732074
vt 0.002441 0.732680
vt 0.014681 0.742012
vt 0.689532 0.018642
vt 0.011977 0.028995
vt 0.037964 0.742420
vt 0.689129 0.755330
vt 0.026938 0.019469
vt 0.688650 0.002442
vn 0.000000 0.000000 -1.000000
vn 0.000000 0.000000 -1.000000
vn 0.000000 0.000000 -1.000000
vn 0.000000 0.000000 -1.000000
vn 0.000000 0.000000 1.000000
vn 0.000000 0.000000 1.000000
vn 0.000000 0.000000 1.000000
vn 0.000000 0.000000 1.000000
vn -0.000001 0.000000 1.000000
vn -0.000001 0.000000 1.000000
vn -0.000001 0.000000 1.000000
vn -0.000001 0.000000 1.000000
vn 0.000000 0.000000 1.000000
vn 0.000000 0.000000 1.000000
vn 0.000000 0.000000 1.000000
vn 0.000000 0.000000 1.000000
vn 0.000001 0.000000 1.000000
vn 0.000001 0.000000 1.000000
vn 0.000001 0.000000 1.000000
vn 0.000001 0.000000 1.000000
vn 0.010874 -0.029592 0.999503
vn 0.318020 -0.549767 0.772411
vn 0.318022 0.549768 0.772410
vn 0.010874 0.029592 0.999503
vn -0.010874 -0.029592 0.999503
vn -0.318022 -0.549758 0.772417
vn -0.010874 0.029592 0.999503
vn -0.318023 0.549759 0.772416
vn 0.000000 0.788567 0.614949
vn 0.000000 0.999337 0.036415
vn 0.000000 0.999337 0.036415
vn 0.000000 0.788567 0.614949
vn 0.706923 0.706967 0.021371
vn 0.641379 0.641429 0.420953
vn 0.641380 0.641430 0.420950
vn 0.706923 0.706967 0.021370
vn 0.999337 0.000000 0.036415
vn 0.788549 0.000000 0.614972
vn 0.788549 0.000000 0.614972
vn 0.999337 0.000000 0.036415
vn 0.788549 0.000000 -0.614972
vn 0.999337 0.000000 -0.036415
vn 0.999337 0.000000 -0.036415
vn 0.788549 0.000000 -0.614972
vn 0.706923 0.706967 -0.021370
vn 0.641380 0.641429 -0.420953
vn 0.641378 0.641428 -0.420957
vn 0.706923 0.706967 -0.021371
vn 0.000000 0.999337 -0.036415
vn 0.000000 0.788565 -0.614951
vn 0.000000 0.788565 -0.614951
vn 0.000000 0.999337 -0.036415
vn -0.641405 0.641404 0.420951
vn -0.706946 0.706944 0.021373
vn -0.706946 0.706944 0.021373
vn -0.641405 0.641404 0.420952
vn 0.706922 -0.706968 0.021371
vn 0.641380 -0.641431 0.420950
vn 0.641378 -0.641429 0.420954
vn 0.706922 -0.706968 0.021372
vn -0.788568 0.000000 0.614948
vn -0.999337 0.000000 0.036414
vn -0.999337 0.000000 0.036414
vn -0.788568 0.000000 0.614948
vn -0.706947 0.706944 -0.021373
vn -0.641404 0.641402 -0.420956
vn -0.641404 0.641402 -0.420956
vn -0.706947 0.706944 -0.021373
vn -0.999337 0.000000 -0.036415
vn -0.788566 0.000000 -0.614950
vn -0.788566 0.000000 -0.614950
vn -0.999337 0.000000 -0.036415
vn -0.641406 -0.641406 0.420946
vn -0.706946 -0.706945 0.021371
vn -0.706946 -0.706945 0.021371
vn -0.641407 -0.641406 0.420946
vn 0.000000 -0.999337 0.036415
vn 0.000000 -0.788567 0.614949
vn 0.000000 -0.788567 0.614949
vn 0.000000 -0.999337 0.036415
vn 0.641379 -0.641429 -0.420954
vn 0.706922 -0.706968 -0.021371
vn 0.706922 -0.706968 -0.021372
vn 0.641378 -0.641428 -0.420957
vn 0.000000 -0.788565 -0.614951
vn 0.000000 -0.999337 -0.036415
vn 0.000000 -0.999337 -0.036415
vn 0.000000 -0.788565 -0.614951
vn -0.641404 -0.641405 -0.420951
vn -0.706946 -0.706945 -0.021371
vn -0.706946 -0.706945 -0.021371
vn -0.641404 -0.641405 -0.420951
vn 0.000000 0.756269 0.654261
vn 0.000000 0.756269 0.654261
vn 0.756248 0.000000 0.654286
vn 0.756248 0.000000 0.654286
vn -0.756269 0.000000 0.654261
vn -0.756269 0.000000 0.654261
vn 0.000000 -0.756269 0.654261
vn 0.000000 -0.756269 0.654261
vn 0.756248 0.000000 -0.654286
vn 0.756248 0.000000 -0.654286
vn 0.000000 -0.756269 -0.654261
vn 0.000000 -0.756269 -0.654261
vn -0.756269 0.000000 -0.654261
vn -0.756269 0.000000 -0.654261
vn 0.000000 0.756269 -0.654261
vn 0.000000 0.756269 -0.654261
vn 0.603164 0.603215 0.521847
vn -0.603196 0.603194 0.521836
vn 0.603165 -0.603217 0.521844
vn -0.603195 -0.603194 0.521836
vn 0.603164 -0.603218 -0.521845
vn -0.603194 -0.603195 -0.521836
vn 0.603163 0.603215 -0.521848
vn -0.603195 0.603194 -0.521836
vn 0.000000 0.000000 0.000000
vn 0.000000 0.000000 0.000000
vn 0.000000 0.000000 0.000000
vn 0.000000 0.000000 0.000000
vn 0.000000 0.000000 0.000000
vn 0.000000 0.000000 0.000000
vn 0.000000 0.000000 0.000000
vn 0.000000 0.000000 0.000000
vn 0.000000 0.000000 0.000000
vn 0.000000 0.000000 0.000000
vn 0.000000 0.000000 0.000000
vn 0.000000 0.000000 0.000000
vn 0.000000 0.000000 0.000000
vn 0.000000 0.000000 0.000000
vn 0.000000 0.000000 0.000000
vn 0.000000 0.000000 0.000000
g FCSET_pCube1_001_0p551_0p896_0p78 Sign group1 Plaque
usemtl lambert1SG
f 1027/1041/1855 1026/1042/1856 1028/1043/1857 1029/1044/1858
f 978/1045/1859 979/1046/1860 986/1047/1861 987/1048/1862
f 979/1046/1863 981/1049/1864 988/1050/1865 986/1047/1866
f 981/1049/1867 980/1051/1868 989/1052/1869 988/1050/1870
f 980/1051/1871 978/1045/1872 987/1048/1873 989/1052/1874
f 990/1053/1875 986/1047/1876 988/1050/1877 992/1054/1878
f 986/1047/1876 990/1053/1875 991/1055/1879 987/1048/1880
f 987/1048/1880 991/1055/1879 993/1056/1881 989/1052/1882
f 992/1054/1878 988/1050/1877 989/1052/1882 993/1056/1881
f 991/1055/1879 990/1053/1875 992/1054/1878 993/1056/1881
f 994/1057/1883 995/1058/1884 1003/1059/1885 1002/1060/1886
f 995/1058/1887 994/1057/1888 997/1061/1889 996/1062/1890
f 996/1062/1891 997/1061/1892 1004/1063/1893 1005/1064/1894
f 998/1065/1895 999/1066/1896 1016/1067/1897 1017/1095/1898
f 999/1066/1899 998/1065/1900 1001/1069/1901 1000/1070/1902
f 1000/1070/1903 1001/1069/1904 1008/1071/1905 1009/1072/1906
f 1002/1060/1907 1003/1059/1908 1007/1073/1909 1006/1074/1910
f 1005/1064/1911 1004/1063/1912 1015/1075/1913 1014/1076/1914
f 1006/1074/1915 1007/1073/1916 1013/1097/1917 1012/1078/1918
f 1009/1072/1919 1008/1071/1920 1011/1079/1921 1010/1080/1922
f 1010/1080/1923 1011/1079/1924 1024/1081/1925 1025/1098/1926
f 1012/1078/1927 1013/1097/1928 1021/1083/1929 1020/1084/1930
f 1014/1076/1931 1015/1075/1932 1020/1084/1933 1021/1083/1934
f 1017/1068/1935 1016/1099/1936 1019/1085/1937 1018/1086/1938
f 1018/1086/1939 1019/1085/1940 1022/1087/1941 1023/1088/1942
f 1023/1088/1943 1022/1087/1944 1025/1082/1945 1024/1094/1946
f 995/1058/1887 996/1062/1890 999/1066/1899 1000/1070/1902
f 978/1045/1947 994/1057/1883 1002/1060/1886 979/1046/1948
f 997/1061/1892 978/1045/1949 980/1051/1950 1004/1063/1893
f 1007/1073/1909 1003/1059/1908 1009/1072/1919 1010/1080/1922
f 979/1046/1951 1006/1074/1915 1012/1078/1918 981/1049/1952
f 1005/1064/1911 1014/1076/1914 1019/1085/1937 1016/1099/1936
f 1015/1075/1932 980/1051/1953 981/1049/1954 1020/1084/1933
f 1021/1083/1929 1013/1097/1928 1025/1082/1945 1022/1087/1944
f 1017/1095/1898 982/1089/1955 984/1090/1956 998/1065/1895
f 982/1096/1957 1018/1086/1939 1023/1088/1942 983/1093/1958
f 983/1091/1959 1024/1081/1925 1011/1079/1924 985/1092/1960
f 1001/1069/1904 984/1090/1961 985/1092/1962 1008/1071/1905
f 1014/1076/1931 1021/1083/1934 1022/1087/1941 1019/1085/1940
f 1000/1070/1903 1009/1072/1906 1003/1059/1885 995/1058/1884
f 1007/1073/1916 1010/1080/1923 1025/1098/1926 1013/1077/1917
f 999/1066/1896 996/1062/1891 1005/1100/1894 1016/1067/1897
f 994/1057/1888 978/1045/1963 997/1061/1889
f 1006/1074/1910 979/1046/1964 1002/1060/1907
f 1004/1063/1912 980/1051/1965 1015/1075/1913
f 1020/1084/1930 981/1049/1966 1012/1078/1927
f 1017/1068/1935 1018/1086/1938 982/1096/1967
f 983/1093/1968 1023/1088/1943 1024/1094/1946
f 998/1065/1900 984/1090/1969 1001/1069/1901
f 1008/1071/1920 985/1092/1970 1011/1079/1921
f 982/1089/1971 983/1091/1972 1026/1042/1973 1027/1041/1974
f 983/1091/1975 985/1092/1976 1028/1043/1977 1026/1042/1978
f 985/1092/1979 984/1090/1980 1029/1044/1981 1028/1043/1982
f 984/1090/1983 982/1089/1984 1027/1041/1985 1029/1044/1986
g default
v 1.884698 12.048294 -3.861029
v 1.261306 8.960966 -3.855750
v 1.261306 9.742908 -3.856756
v 1.261306 10.538574 -3.858226
v 1.261306 11.314653 -3.859733
v 1.887282 8.211681 -3.857436
v 1.878897 11.232119 -3.863035
v 1.878897 9.729081 -3.862180
v 4.129900 10.361320 -3.568535
v 4.599230 10.361324 -3.857200
v 4.598766 10.361361 -3.568857
v 4.368418 10.361324 -3.856747
v 4.368079 10.361324 -3.569081
v 4.130093 10.361326 -3.856094
v 3.886700 10.116311 -3.568452
v 3.886696 9.868485 -3.568601
v 3.886733 10.117524 -3.855546
v 3.886733 9.869400 -3.855855
v 4.599434 10.094013 -3.282473
v 4.588855 9.788117 -3.282824
v 4.548847 9.434633 -3.282786
v 4.367017 9.827097 -3.282461
v 4.342743 9.527780 -3.281724
v 4.372925 10.106458 -3.283060
v 4.134253 10.112529 -3.285936
v 4.137933 9.858598 -3.286192
v 4.046396 11.131977 -3.856555
v 3.890554 9.003881 -3.569126
v 3.705773 9.048635 -3.568895
v 3.568934 9.276458 -3.568194
v 3.505845 9.609383 -3.567210
v 3.485451 10.002048 -3.566960
v 3.488461 10.410019 -3.567005
v 3.519289 10.785892 -3.567313
v 3.590771 11.089046 -3.568337
v 3.740050 11.271818 -3.568800
v 3.913640 11.272610 -3.568654
v 3.567797 9.280998 -3.856966
v 3.505156 9.615385 -3.856997
v 3.485429 10.003100 -3.857044
v 3.488216 10.405964 -3.857067
v 3.518340 10.778044 -3.857022
v 3.589492 11.085678 -3.856953
v 3.706990 9.047835 -3.856981
v 3.890733 9.003845 -3.857094
v 4.055138 9.109077 -3.857209
v 4.151016 9.352429 -3.857212
v 4.055346 9.109311 -3.569156
v 4.150461 9.347527 -3.568714
v 4.523130 11.160032 -3.856482
v 4.326501 11.045879 -3.856317
v 4.517738 11.156916 -3.564908
v 4.320341 11.044415 -3.565052
v 3.609998 12.110012 -3.856843
v 4.084997 12.113783 -3.856761
v 4.484336 11.793041 -3.856713
v 4.818217 10.060517 -3.568950
v 4.818195 10.052972 -3.857536
v 4.817701 9.706666 -3.569350
v 4.816995 9.691060 -3.857580
v 4.789767 9.282684 -3.569421
v 4.787266 9.266336 -3.857641
v 4.674832 8.778814 -3.857669
v 4.387214 8.327877 -3.857615
v 3.945297 8.127383 -3.857520
v 3.467471 8.226616 -3.857434
v 3.085721 8.664186 -3.857338
v 2.892933 9.274069 -3.857251
v 2.831078 9.922080 -3.857179
v 2.838197 10.572151 -3.857107
v 2.939340 11.215570 -3.857017
v 3.188757 11.786663 -3.856926
v 4.678422 8.791089 -3.569407
v 4.390077 8.330215 -3.569269
v 3.946205 8.127498 -3.569028
v 3.465034 8.227783 -3.568924
v 3.082721 8.671571 -3.569015
v 2.891198 9.281199 -3.569080
v 2.830999 9.924279 -3.569119
v 2.838093 10.569305 -3.569058
v 2.938111 11.210548 -3.568824
v 3.186128 11.782768 -3.568585
v 3.606597 12.108484 -3.568485
v 4.082298 12.114328 -3.568314
v 4.484226 11.793190 -3.567814
v 3.320840 8.974382 -3.282750
v 3.155618 9.433283 -3.282750
v 3.088678 9.958931 -3.282750
v 3.100415 10.499777 -3.282750
v 3.197179 11.012228 -3.282750
v 3.397718 11.425669 -3.282750
v 3.686621 11.656294 -3.282750
v 4.006188 11.663197 -3.282750
v 4.290104 11.465250 -3.282792
v 3.382924 10.886620 -3.282750
v 3.526309 11.222269 -3.282750
v 3.730697 11.401934 -3.282750
v 3.954819 11.405046 -3.282750
v 4.151698 11.259264 -3.282780
v 4.439910 9.056680 -3.282767
v 4.224764 8.735407 -3.282751
v 3.921681 8.587455 -3.282747
v 3.594355 8.666686 -3.282750
v 4.264954 9.221630 -3.282664
v 4.116026 8.971717 -3.282724
v 3.903271 8.855680 -3.282693
v 3.671579 8.914791 -3.282750
v 3.477386 9.154138 -3.282750
v 3.355228 9.530643 -3.282750
v 3.302934 9.982416 -3.282750
v 3.311440 10.452803 -3.282750
v 3.913808 11.272554 -3.856693
v 3.742649 11.272654 -3.856851
v 4.046313 11.132128 -3.567984
v 5.818207 12.048294 -3.859784
v 5.194809 8.960852 -3.855657
v 5.194809 9.743361 -3.856669
v 5.194809 10.539726 -3.858065
v 5.194807 11.315849 -3.859211
v 5.820786 8.211681 -3.857390
v 5.812400 11.232119 -3.861804
v 5.812403 9.729081 -3.862131
v 6.448317 9.030737 -3.860673
v 6.448317 9.030741 -3.282750
v 8.884188 10.854250 -3.857089
v 8.884188 9.577104 -3.857458
v 8.266597 10.947607 -3.857141
v 8.003303 10.641079 -3.857559
v 7.739281 11.385599 -3.857760
v 7.206905 12.048294 -3.858033
v 8.545493 8.211681 -3.858016
v 7.861010 9.315209 -3.857892
v 6.880594 9.214116 -3.857119
v 6.880594 10.203905 -3.857362
v 6.880594 11.157965 -3.857760
v 7.498190 9.286693 -3.857327
v 7.322826 11.262609 -3.282750
v 7.481865 10.390047 -3.857615
v 9.369133 11.739023 -3.861122
v 9.369134 9.927037 -3.856500
v 9.369133 10.311083 -3.857891
v 9.369134 10.692541 -3.571200
v 9.369134 10.691647 -3.859121
v 9.369137 11.061104 -3.571768
v 9.369129 11.059509 -3.859973
v 9.369134 11.409292 -3.860602
v 9.369133 10.310303 -3.570331
v 9.369133 9.924037 -3.569283
v 9.369134 9.544928 -3.568410
v 9.369133 9.182114 -3.567847
v 9.369129 8.839243 -3.567358
v 9.369134 8.516311 -3.566783
v 9.369133 9.549591 -3.855354
v 9.369134 9.186872 -3.854631
v 9.369133 8.842714 -3.854131
v 9.369129 8.517773 -3.853740
v 9.651100 8.211681 -3.567671
v 10.256645 11.138636 -3.742423
v 10.430262 10.809248 -3.508083
v 10.261385 11.133919 -3.509581
v 10.342464 8.279252 -3.568900
v 9.971832 8.211681 -3.568576
v 9.981035 8.212164 -3.856087
v 9.654599 8.211681 -3.855133
v 11.020933 11.207224 -3.857850
v 11.152704 10.521479 -3.857510
v 11.156324 9.795529 -3.568916
v 11.156628 9.798668 -3.857254
v 11.035591 9.098863 -3.568918
v 11.036360 9.101513 -3.857095
v 10.742247 8.548265 -3.568964
v 10.746233 8.553143 -3.856906
v 10.351871 8.283055 -3.856598
v 10.430342 10.808985 -3.742394
v 10.491299 10.380262 -3.741721
v 10.491220 10.381815 -3.506238
v 10.493694 9.925252 -3.741822
v 10.493708 9.925811 -3.506157
v 10.265371 9.159130 -3.510123
v 10.333796 11.197176 -3.282750
v 10.082098 11.363316 -3.282750
v 10.836946 10.445492 -3.282750
v 10.710375 10.982397 -3.282749
v 10.472040 11.387871 -3.282750
v 10.173002 11.617710 -3.282750
v 9.875571 11.708702 -3.282750
v 9.788763 11.079224 -3.282750
v 9.577355 11.075933 -3.282750
v 9.591499 11.418333 -3.282750
v 10.630672 9.903347 -3.282750
v 10.626984 10.405872 -3.282750
v 10.525585 10.862534 -3.282750
v 10.840424 9.862148 -3.282750
v 9.988015 9.466812 -3.744595
v 9.988010 9.900455 -3.744533
v 9.988010 10.337982 -3.743819
v 9.988010 10.333628 -3.512431
v 9.988010 10.779797 -3.743091
v 9.988010 10.771904 -3.510974
v 9.988015 9.470702 -3.512401
v 9.988010 9.900807 -3.512964
v 9.777707 9.917030 -3.282750
v 9.777381 10.316280 -3.282750
v 9.779106 10.711302 -3.282750
v 9.571810 10.702461 -3.282750
v 9.780812 9.530665 -3.282750
v 9.793698 9.175715 -3.282750
v 9.569548 10.313089 -3.282750
v 9.569865 9.918031 -3.282750
v 9.573826 9.537619 -3.282750
v 9.583221 9.179785 -3.282750
v 9.603745 8.846257 -3.282750
v 10.482393 8.897131 -3.282750
v 10.091393 8.908655 -3.282750
v 10.186439 8.654781 -3.282750
v 9.892560 8.557616 -3.282750
v 10.536085 9.438178 -3.282750
v 10.719236 9.316793 -3.282750
v 10.342384 9.091181 -3.282750
v 10.440416 9.488994 -3.742965
v 10.440809 9.490951 -3.508067
v 10.261847 9.155840 -3.743613
v 9.369134 11.410372 -3.572095
v 9.369137 11.739035 -3.572149
v 11.152966 10.515676 -3.569205
v 11.022552 11.201838 -3.569483
v 10.721642 11.730938 -3.569821
v 10.321711 11.983648 -3.570279
v 9.955641 12.047256 -3.570718
v 9.642550 12.048294 -3.571141
v 10.720512 11.732311 -3.858154
v 10.326607 11.981853 -3.858480
v 9.963419 12.046427 -3.858962
v 9.645957 12.048294 -3.859896
v 9.831089 11.401628 -3.282750
v 9.609961 11.736795 -3.282750
v 9.844198 8.862474 -3.282750
v 9.623977 8.527912 -3.282750
v 11.767933 11.317596 -3.860681
v 11.623135 10.547628 -3.858713
v 12.136753 12.048294 -3.858659
v 11.474384 9.756688 -3.856231
v 11.327349 8.974831 -3.854589
v 12.366617 12.048294 -3.855813
v 12.152086 10.367554 -3.660317
v 13.174297 8.985728 -3.860801
v 13.026432 9.771986 -3.858574
v 12.878002 10.561224 -3.855983
v 12.734264 11.325489 -3.853980
v 12.335711 10.364805 -3.661504
v 12.247763 11.167658 -4.061006
v 12.239614 11.167658 -4.060719
v 12.247763 11.167658 -3.661152
v 12.239620 11.167658 -3.659787
v 13.851894 8.211681 -3.664368
v 14.161060 8.781172 -3.665393
v 14.161060 9.362037 -3.665565
v 13.822998 9.851128 -3.282750
v 13.850250 8.756607 -3.282750
v 13.845913 9.306993 -3.282750
v 13.779728 10.342102 -3.282750
v 13.966349 10.811571 -3.282750
v 13.994766 10.374825 -3.282750
v 13.781963 11.646690 -3.282750
v 13.762299 11.237036 -3.282750
v 13.976707 11.230324 -3.282750
v 13.759701 10.802994 -3.282750
v 14.553009 8.623198 -3.665279
v 14.428200 9.059904 -3.665493
v 14.982046 8.211681 -3.665279
v 14.994083 9.364778 -3.665627
v 15.157310 8.792307 -3.665545
v 13.823544 12.048290 -3.667116
v 14.155994 12.048294 -3.666783
v 14.564445 11.997910 -3.666790
v 15.024364 11.619247 -3.666330
v 14.613056 11.298925 -3.282750
v 14.730068 10.844097 -3.282750
v 14.327141 11.550318 -3.282750
v 14.627783 10.393091 -3.282750
v 15.199467 10.754019 -3.665899
v 14.300285 9.507465 -3.665533
v 14.710764 9.201060 -3.282750
v 14.844673 8.704997 -3.282750
v 13.543467 10.294804 -3.665910
v 13.543467 10.775412 -3.666333
v 13.543465 11.226442 -3.666740
v 13.543467 11.651028 -3.667301
v 13.543467 8.739202 -3.664606
v 14.039860 11.624458 -3.282750
v 14.433229 11.220411 -3.567228
v 14.564049 10.919716 -3.567365
v 14.525944 10.599360 -3.567358
v 14.360415 10.439640 -3.567159
v 13.543465 9.267190 -3.665047
v 13.543465 9.789006 -3.665491
v 14.162083 10.847971 -3.566525
v 14.567080 9.692330 -3.282750
v 14.171242 9.958976 -3.665479
v 14.434204 10.120668 -3.282750
v 14.670620 8.211681 -3.665159
v 14.829578 9.941734 -3.665685
v 14.161060 9.958976 -3.665506
v 16.308823 9.776940 -3.282750
v 16.310152 8.949561 -3.282750
v 16.033125 11.426701 -3.665493
v 15.439564 11.264399 -3.665774
v 15.890575 9.722288 -3.664329
v 15.700596 10.502207 -3.665047
v 15.890575 8.947548 -3.664317
v 16.308695 8.211681 -3.666021
v 16.100113 8.211681 -3.665039
v 16.516315 8.931438 -3.667223
v 16.368866 11.426538 -3.664663
v 16.971239 11.257177 -3.665213
v 16.704155 10.488272 -3.666109
v 16.516315 9.700450 -3.666893
v 16.099583 9.783919 -3.282750
v 16.100801 8.955647 -3.282750
v 16.190847 10.772266 -3.665051
v 16.213991 10.772266 -3.664758
v 0.394218 10.148372 -3.308136
v 0.365163 10.145774 -3.282750
v 0.365161 11.129553 -3.282750
v 0.394218 11.131266 -3.308135
v -0.195154 11.133911 -3.282750
v -0.223793 11.134115 -3.308135
v -0.195156 10.156301 -3.282750
v -0.223792 10.156815 -3.308137
v 0.423302 9.098896 -3.308135
v 0.394636 9.129979 -3.308135
v 0.365226 9.102397 -3.282750
v 0.392221 9.071020 -3.282750
v -0.195219 9.156063 -3.282750
v -0.223792 9.158785 -3.308193
v 0.366336 12.049154 -3.308135
v 0.365161 12.019653 -3.282750
v 0.394218 12.022692 -3.308135
v -0.223792 12.019653 -3.308135
v -0.195153 12.019653 -3.282750
v -0.195153 12.048294 -3.308135
v 0.854351 8.240322 -3.282750
v 0.854350 8.211681 -3.308135
v 0.883242 8.241735 -3.308135
v 0.344842 8.211681 -3.308155
v 0.346420 8.240298 -3.282750
v -0.223792 8.240322 -3.308135
v -0.195153 8.211681 -3.308135
v -0.195153 8.240322 -3.282750
v 0.853163 9.098135 -3.308135
v 0.854350 9.071021 -3.282750
v 0.883116 9.073225 -3.308135
v 1.293405 12.048294 -3.860307
v 1.261306 12.016193 -3.860245
v 2.478667 12.048290 -3.862249
v 2.510766 12.016191 -3.862347
v 1.884174 12.048294 -3.311203
v 1.883941 12.016193 -3.282750
v 2.510767 12.016193 -3.311202
v 2.478668 12.048294 -3.311202
v 2.478668 12.016193 -3.282750
v 1.293405 12.016193 -3.282750
v 1.293405 12.048294 -3.311202
v 1.261306 12.016193 -3.311202
v 1.261305 8.968013 -3.311273
v 1.293324 8.971616 -3.282750
v 1.261306 9.738948 -3.311204
v 1.293404 9.738241 -3.282750
v 1.261306 8.243780 -3.856228
v 1.293405 8.211681 -3.856310
v 1.293405 8.243783 -3.282750
v 1.261306 8.243783 -3.311202
v 1.293405 8.211681 -3.311202
v 1.261307 10.529799 -3.311201
v 1.293407 10.529123 -3.282750
v 1.261306 11.298307 -3.311275
v 1.293322 11.294071 -3.282750
v 1.886372 8.211681 -3.311203
v 1.886033 8.243780 -3.282750
v 2.482715 8.211681 -3.858813
v 2.514814 8.243780 -3.858958
v 2.482715 8.243780 -3.282750
v 2.482716 8.211683 -3.311203
v 2.514816 8.243780 -3.311203
v 2.510767 11.264217 -3.863094
v 2.478665 11.232119 -3.863121
v 2.478665 11.232119 -3.311202
v 2.510767 11.264217 -3.311202
v 2.478667 11.264217 -3.282750
v 1.878898 10.557226 -3.862946
v 1.910996 10.525124 -3.862941
v 1.878898 11.232119 -3.311202
v 1.846799 11.264219 -3.282750
v 1.846799 10.525343 -3.282750
v 1.878896 10.493025 -3.282750
v 1.910998 10.525124 -3.311202
v 1.878897 10.557224 -3.311202
v 2.395095 10.525124 -3.862943
v 2.427195 10.493025 -3.862925
v 2.427196 10.493025 -3.311202
v 2.395095 10.525124 -3.311202
v 2.395095 10.493027 -3.282750
v 2.427195 9.761181 -3.862518
v 2.395095 9.729081 -3.862481
v 2.395095 9.729082 -3.311203
v 2.427195 9.761181 -3.311202
v 2.395096 9.761181 -3.282750
v 1.878896 9.729081 -3.311203
v 1.846799 9.761181 -3.282750
v 1.878897 9.062838 -3.861938
v 1.910996 9.030737 -3.861865
v 1.846879 9.027505 -3.282750
v 1.879189 8.998639 -3.282750
v 1.910997 9.030737 -3.311203
v 1.878897 9.062838 -3.311202
v 2.482715 9.030737 -3.860752
v 2.514814 8.998639 -3.860618
v 2.514814 8.998639 -3.311202
v 2.482715 9.030737 -3.311202
v 2.482715 8.998639 -3.282750
v 3.920800 10.361330 -3.855773
v 3.886731 10.327259 -3.855697
v 3.920393 10.362070 -3.568071
v 3.886296 10.328028 -3.568058
v 4.370607 10.361561 -3.312842
v 4.371175 10.327471 -3.282662
v 4.131919 10.361303 -3.313159
v 4.132449 10.326984 -3.283181
v 3.920589 10.327772 -3.282719
v 3.920620 10.361912 -3.312618
v 3.886467 10.327885 -3.312871
v 4.784121 10.361324 -3.857327
v 4.818192 10.327255 -3.857371
v 4.784409 10.361868 -3.568763
v 4.818507 10.327827 -3.568769
v 4.599784 10.362305 -3.312327
v 4.599846 10.328257 -3.282106
v 4.818309 10.327599 -3.312726
v 4.784300 10.361740 -3.312636
v 4.784270 10.327688 -3.282499
v 3.887842 10.112317 -3.316446
v 3.921950 10.112092 -3.286280
v 3.887803 9.868309 -3.316601
v 3.921917 9.868480 -3.286441
v 3.886732 9.651026 -3.856447
v 3.920803 9.616957 -3.856600
v 3.886250 9.650369 -3.568324
v 3.920371 9.616345 -3.568276
v 3.920695 9.650447 -3.282637
v 3.886301 9.649841 -3.312976
v 3.920451 9.616078 -3.312571
v 4.784336 10.078270 -3.282546
v 4.818348 10.073805 -3.312796
v 4.784005 9.742577 -3.282748
v 4.818154 9.737968 -3.312876
v 4.761248 9.324273 -3.282755
v 4.794834 9.315801 -3.312882
v 4.688255 8.824732 -3.312680
v 4.657636 8.841130 -3.282751
v 4.177225 9.319261 -3.282541
v 4.144636 9.329887 -3.312774
v 4.139194 9.617087 -3.312383
v 4.171450 9.581293 -3.312408
v 4.206677 9.600520 -3.280347
v 4.170125 9.651550 -3.280908
v 4.122374 10.968538 -3.856236
v 4.168335 10.954075 -3.856197
v 4.120146 10.972015 -3.566984
v 4.166000 10.957211 -3.566911
v 4.051192 9.104366 -3.312907
v 4.078061 9.080557 -3.282715
v 3.890561 9.003948 -3.312869
v 3.896621 8.967573 -3.282671
v 3.709372 9.046083 -3.312879
v 3.688518 9.015818 -3.282694
v 3.572249 9.264442 -3.312864
v 3.540603 9.250321 -3.282750
v 3.507089 9.600710 -3.312957
v 3.473370 9.595490 -3.282750
v 3.485497 9.999757 -3.312944
v 3.451430 9.998700 -3.282750
v 3.488875 10.416946 -3.312968
v 3.454846 10.419344 -3.282750
v 3.521282 10.802412 -3.312883
v 3.487737 10.810007 -3.282750
v 3.597237 11.106075 -3.312804
v 3.566863 11.124613 -3.282750
v 3.745107 11.273109 -3.312989
v 3.730557 11.307695 -3.282750
v 3.917470 11.271297 -3.312930
v 3.933071 11.305101 -3.282750
v 4.075578 11.149950 -3.282539
v 4.046914 11.131037 -3.312828
v 4.170997 9.581437 -3.857069
v 4.138440 9.616959 -3.856984
v 4.171387 9.581977 -3.568305
v 4.138777 9.617444 -3.568248
v 4.698215 11.261675 -3.856792
v 4.712573 11.307667 -3.856835
v 4.698985 11.261427 -3.566698
v 4.713383 11.307407 -3.567027
v 4.296249 11.021326 -3.308075
v 4.279488 11.050871 -3.277787
v 4.494815 11.132019 -3.305802
v 4.477805 11.161303 -3.275424
v 4.684810 11.289703 -3.280710
v 4.698931 11.258991 -3.310878
v 4.713527 11.307566 -3.311339
v 4.122238 10.967348 -3.311835
v 4.167251 10.953087 -3.312032
v 4.152125 10.982624 -3.281177
v 4.395876 8.334956 -3.312963
v 4.372725 8.361900 -3.282750
v 3.948504 8.127790 -3.312947
v 3.944672 8.163429 -3.282749
v 3.463327 8.228601 -3.312956
v 3.481737 8.259680 -3.282750
v 3.072321 8.697149 -3.312731
v 3.101928 8.716719 -3.282750
v 2.887842 9.305581 -3.312824
v 2.921190 9.315004 -3.282750
v 2.830808 9.929444 -3.312961
v 2.864887 9.931419 -3.282750
v 2.837630 10.556622 -3.312919
v 2.871533 10.552401 -3.282750
v 2.933469 11.191626 -3.312881
v 2.965843 11.180155 -3.282750
v 3.177753 11.770365 -3.312888
v 3.204604 11.747833 -3.282750
v 3.597922 12.104593 -3.312907
v 3.609124 12.070570 -3.282750
v 4.074425 12.115915 -3.312897
v 4.062103 12.081942 -3.282750
v 4.487859 11.788763 -3.312598
v 4.460764 11.766422 -3.282410
v 6.412167 12.048294 -3.860803
v 6.444265 12.016193 -3.860885
v 5.817649 12.048294 -3.311202
v 5.817415 12.016193 -3.282750
v 6.444268 12.016193 -3.311202
v 6.412169 12.048294 -3.311202
v 6.412169 12.016193 -3.282750
v 5.226907 12.048294 -3.859319
v 5.194807 12.016193 -3.859291
v 5.226910 12.016193 -3.282750
v 5.226910 12.048294 -3.311201
v 5.194809 12.016193 -3.311201
v 5.194809 8.967942 -3.311274
v 5.226830 8.971553 -3.282750
v 5.194809 9.739143 -3.311204
v 5.226907 9.738413 -3.282750
v 5.194807 8.243780 -3.856151
v 5.226907 8.211681 -3.856236
v 5.226907 8.243780 -3.282750
v 5.194807 8.243780 -3.311202
v 5.226907 8.211681 -3.311202
v 5.194809 10.530422 -3.311201
v 5.226910 10.529688 -3.282750
v 5.194807 11.298969 -3.311277
v 5.226822 11.294672 -3.282750
v 5.819876 8.211683 -3.311203
v 5.819538 8.243783 -3.282750
v 6.416218 8.211681 -3.858786
v 6.448317 8.243780 -3.858932
v 6.416218 8.211681 -3.311202
v 6.448317 8.243780 -3.282750
v 6.412169 11.232119 -3.861551
v 6.444268 11.264217 -3.861511
v 5.812400 10.557224 -3.862266
v 5.844501 10.525124 -3.862309
v 5.812400 11.232119 -3.311203
v 5.780297 11.264217 -3.282750
v 5.780300 10.525373 -3.282750
v 5.812400 10.493025 -3.282750
v 5.844501 10.525124 -3.311201
v 5.812400 10.557224 -3.311202
v 6.412167 11.264217 -3.282750
v 6.412167 11.232119 -3.311202
v 6.444265 11.264217 -3.311201
v 6.328597 10.525124 -3.862621
v 6.360698 10.493025 -3.862630
v 6.360701 10.493025 -3.311202
v 6.328601 10.525124 -3.311202
v 6.328601 10.493025 -3.282750
v 6.360701 9.761181 -3.862383
v 6.328601 9.729081 -3.862358
v 6.328597 9.729081 -3.311202
v 6.360698 9.761181 -3.311202
v 6.328597 9.761181 -3.282750
v 5.812403 9.761181 -3.282750
v 5.778714 9.729617 -3.282750
v 5.812403 9.695392 -3.282750
v 5.812403 9.729082 -3.311202
v 5.812400 9.062838 -3.861917
v 5.844501 9.030737 -3.861844
v 5.784354 9.027902 -3.282750
v 5.812655 9.002550 -3.282750
v 5.844501 9.030737 -3.282750
v 5.812400 9.062838 -3.282750
v 8.884188 10.880060 -3.314048
v 8.848961 10.884388 -3.282750
v 8.884191 9.619229 -3.314908
v 8.849963 9.634016 -3.282750
v 8.884191 12.013025 -3.856693
v 8.848921 12.048294 -3.856687
v 8.848921 12.013025 -3.282750
v 8.884191 12.013025 -3.314011
v 8.848921 12.048294 -3.314011
v 8.884188 8.246952 -3.857807
v 8.848919 8.211681 -3.857837
v 8.848919 8.211683 -3.314011
v 8.884188 8.246952 -3.314011
v 8.848919 8.246952 -3.282750
v 8.266601 12.013025 -3.856785
v 8.301870 12.048294 -3.856768
v 8.266613 10.931406 -3.314018
v 8.301871 10.931767 -3.282750
v 8.301870 12.048294 -3.314011
v 8.266601 12.013025 -3.314011
v 8.301870 12.013025 -3.282750
v 8.285865 9.991579 -3.857339
v 8.236797 9.982627 -3.857406
v 8.286282 9.969055 -3.309480
v 8.251903 9.940029 -3.304948
v 8.339181 9.560664 -3.282750
v 7.998683 10.654095 -3.314145
v 7.966887 10.638687 -3.282750
v 7.729446 11.413340 -3.313996
v 7.695839 11.402536 -3.282750
v 7.514484 12.019516 -3.857919
v 7.473745 12.048294 -3.857937
v 7.480002 12.013922 -3.282750
v 7.514569 12.019281 -3.314268
v 7.473497 12.048294 -3.314268
v 6.915865 12.048294 -3.858005
v 6.880597 12.013025 -3.857992
v 7.228844 12.048294 -3.314109
v 7.234257 12.013136 -3.282750
v 6.915865 12.013027 -3.282750
v 6.915865 12.048296 -3.314011
v 6.880597 12.013027 -3.314011
v 8.509589 8.211681 -3.314125
v 8.502790 8.246820 -3.282750
v 8.240030 8.240730 -3.314267
v 8.281327 8.211683 -3.314523
v 8.274601 8.246057 -3.282750
v 8.280827 8.211681 -3.858019
v 8.240112 8.240493 -3.858016
v 7.855933 9.329602 -3.316154
v 7.880178 9.359096 -3.282750
v 7.481864 10.390047 -3.314011
v 7.443456 10.604948 -3.282750
v 6.880594 9.231593 -3.314035
v 6.915836 9.234783 -3.282750
v 6.880594 10.244286 -3.314407
v 6.915413 10.254944 -3.282750
v 6.880594 8.246952 -3.856935
v 6.915863 8.211681 -3.856936
v 6.915863 8.246952 -3.282750
v 6.880592 8.246952 -3.314011
v 6.915863 8.211681 -3.314011
v 6.880597 11.182728 -3.314239
v 6.915606 11.190372 -3.282750
v 7.498188 9.271739 -3.314041
v 7.462953 9.268694 -3.282750
v 7.462923 8.211681 -3.314011
v 7.498194 8.246952 -3.314011
v 7.462925 8.246952 -3.282750
v 7.498188 8.246952 -3.857071
v 7.462919 8.211681 -3.857055
v 8.212830 9.926535 -3.282750
v 8.328037 9.970192 -3.282750
v 9.369133 8.239870 -3.854218
v 9.397320 8.211681 -3.854352
v 9.369134 12.020107 -3.571761
v 9.397321 12.048296 -3.571662
v 9.369133 12.020107 -3.860744
v 9.397321 12.048294 -3.860624
v 9.369134 11.069946 -3.307733
v 9.397324 11.071480 -3.282750
v 9.369137 10.698738 -3.307733
v 9.397326 10.699764 -3.282750
v 9.369133 10.311514 -3.307734
v 9.397320 10.311836 -3.282750
v 9.369133 11.416964 -3.307731
v 9.397324 11.417681 -3.282750
v 9.369134 9.919974 -3.307734
v 9.397324 9.919367 -3.282750
v 9.369134 9.538097 -3.307731
v 9.397326 9.537464 -3.282750
v 9.369133 9.176065 -3.307734
v 9.397320 9.176050 -3.282750
v 9.369134 8.837418 -3.307744
v 9.397312 8.838326 -3.282750
v 9.369137 8.518318 -3.307743
v 9.397316 8.519549 -3.282750
v 9.369134 8.239870 -3.567060
v 9.397324 8.211681 -3.567147
v 9.397324 8.239870 -3.282750
v 9.369137 8.239870 -3.307734
v 9.397324 8.211681 -3.307734
v 9.641750 8.211681 -3.307746
v 9.639347 8.239856 -3.282750
v 9.944817 8.211681 -3.307597
v 9.940124 8.239926 -3.282750
v 10.020292 11.216042 -3.742583
v 9.988010 11.192652 -3.742642
v 10.020413 11.215630 -3.510087
v 9.988015 11.192404 -3.510217
v 10.431158 10.806192 -3.307737
v 10.458559 10.814398 -3.282750
v 10.268812 11.125561 -3.307788
v 10.290077 11.147503 -3.282750
v 10.491201 10.382122 -3.307733
v 10.519375 10.384222 -3.282750
v 9.988015 11.192354 -3.307407
v 10.019772 11.215105 -3.307458
v 10.004689 11.250835 -3.282750
v 9.959042 11.205181 -3.282750
v 10.316820 8.268890 -3.307710
v 10.304102 8.295230 -3.282750
v 10.731428 8.535013 -3.307759
v 10.708839 8.553759 -3.282750
v 11.036121 9.100705 -3.307730
v 11.009203 9.110207 -3.282749
v 11.156252 9.794754 -3.307737
v 11.128048 9.797050 -3.282750
v 11.125473 10.499569 -3.282750
v 11.153517 10.503384 -3.307709
v 10.493679 9.924568 -3.307736
v 10.521872 9.922780 -3.282750
v 10.441088 9.492356 -3.307742
v 10.468489 9.484138 -3.282750
v 10.021421 9.051047 -3.511020
v 9.988010 9.072786 -3.511249
v 10.007001 9.012806 -3.282750
v 10.021198 9.051453 -3.307464
v 9.988010 9.072248 -3.309505
v 9.962157 9.054798 -3.282750
v 10.273285 9.166523 -3.307714
v 10.294729 9.146038 -3.282750
v 9.988010 9.072639 -3.744281
v 10.021363 9.050809 -3.744174
v 10.998533 11.182968 -3.282750
v 11.025053 11.193535 -3.307714
v 10.693705 11.718924 -3.282750
v 10.715319 11.738605 -3.307760
v 10.287760 11.965202 -3.282750
v 10.299732 11.991726 -3.307700
v 9.925013 12.020006 -3.282750
v 9.929592 12.048203 -3.307645
v 9.628900 12.020128 -3.282750
v 9.631803 12.048294 -3.307754
v 9.988010 10.752621 -3.307903
v 9.960016 10.745014 -3.282750
v 9.369134 11.740267 -3.307736
v 9.397320 11.739967 -3.282750
v 9.988010 10.326197 -3.307740
v 9.959831 10.324083 -3.282750
v 9.988015 9.906140 -3.307746
v 9.959841 9.908162 -3.282750
v 9.988010 9.489388 -3.307910
v 9.960022 9.496952 -3.282750
v 9.397324 12.048294 -3.307734
v 9.369134 12.020107 -3.307734
v 9.397324 12.020107 -3.282750
v 11.901651 12.028624 -3.861120
v 11.925362 12.048294 -3.860918
v 11.769455 11.325687 -3.302151
v 11.790257 11.318981 -3.282750
v 11.927134 12.048294 -3.302059
v 11.901655 12.028625 -3.300490
v 11.923420 12.026508 -3.282750
v 11.624599 10.555428 -3.302137
v 11.645460 10.548943 -3.282750
v 11.475620 9.763246 -3.302223
v 11.496143 9.755522 -3.282750
v 12.136763 12.048294 -3.302125
v 12.139297 12.026583 -3.282750
v 12.358349 12.048294 -3.302133
v 12.355341 12.026592 -3.282750
v 11.331470 8.996799 -3.302067
v 11.352793 8.992359 -3.282750
v 11.188282 8.235394 -3.854556
v 11.207949 8.211681 -3.854635
v 11.210606 8.233899 -3.282750
v 11.188251 8.235233 -3.301928
v 11.207787 8.211681 -3.301928
v 12.578323 12.048294 -3.853634
v 12.602036 12.028624 -3.853443
v 12.602360 12.026884 -3.302059
v 12.578320 12.048294 -3.300490
v 12.580265 12.026508 -3.282750
v 12.038139 9.569613 -3.661168
v 12.058321 9.546339 -3.661193
v 12.154001 10.383801 -3.302063
v 12.132387 10.386517 -3.282750
v 12.031258 9.524554 -3.282750
v 12.056599 9.546339 -3.302059
v 12.038130 9.569609 -3.303583
v 12.014242 9.554329 -3.282750
v 12.259977 11.167658 -3.282750
v 12.237259 11.187878 -3.282750
v 12.218483 11.174776 -3.282750
v 12.239620 11.167658 -3.302059
v 13.315411 8.235394 -3.862154
v 13.295740 8.211681 -3.862142
v 13.170452 9.006149 -3.302075
v 13.149200 9.001391 -3.282749
v 13.295906 8.211681 -3.301928
v 13.315470 8.235072 -3.301796
v 13.293091 8.233900 -3.282750
v 13.025665 9.776049 -3.302246
v 13.005230 9.767978 -3.282750
v 12.877060 10.566227 -3.302151
v 12.856276 10.559441 -3.282750
v 12.732952 11.332499 -3.302155
v 12.712173 11.325693 -3.282750
v 12.451214 9.569639 -3.661205
v 12.431055 9.546339 -3.661195
v 12.458315 9.524714 -3.282750
v 12.475399 9.554712 -3.282750
v 12.451471 9.567900 -3.302059
v 12.431061 9.546339 -3.303612
v 12.333235 10.383945 -3.302068
v 12.354837 10.386686 -3.282750
v 12.268894 11.174849 -3.282750
v 12.250282 11.187775 -3.282750
v 12.227489 11.167658 -3.282750
v 12.247763 11.167658 -3.302059
v 11.793430 8.211681 -3.856592
v 11.816956 8.231572 -3.856709
v 11.795181 8.233467 -3.282750
v 11.791815 8.211681 -3.302059
v 11.817219 8.233162 -3.302059
v 12.698084 8.211681 -3.860778
v 12.674614 8.231647 -3.860685
v 12.674366 8.233187 -3.302059
v 12.698084 8.211681 -3.300676
v 12.696388 8.233467 -3.282750
v 12.577118 8.832554 -3.859284
v 12.553654 8.852519 -3.859206
v 12.570137 8.874304 -3.282750
v 12.552097 8.852519 -3.302060
v 12.577118 8.832554 -3.300678
v 12.595013 8.857987 -3.282750
v 11.925163 8.874160 -3.282750
v 11.900419 8.857733 -3.282750
v 11.918013 8.831038 -3.302059
v 11.941803 8.852519 -3.300630
v 11.941807 8.852519 -3.858290
v 11.918282 8.832626 -3.858210
v 13.572750 8.211681 -3.664263
v 13.543467 8.240963 -3.664272
v 13.851625 8.211681 -3.308704
v 13.851534 8.240961 -3.282750
v 13.543465 8.240963 -3.308704
v 13.572744 8.211681 -3.308704
v 13.572744 8.240963 -3.282750
v 14.131777 8.211681 -3.664834
v 14.161060 8.240961 -3.664909
v 14.131777 8.240961 -3.282750
v 14.131777 8.211681 -3.308704
v 14.161060 8.240961 -3.308704
v 14.161060 9.345144 -3.308780
v 14.131866 9.340492 -3.282750
v 14.161060 8.771909 -3.308715
v 14.131790 8.769857 -3.282750
v 14.186510 9.958976 -3.282750
v 14.151609 9.982608 -3.282750
v 14.131777 9.949634 -3.282750
v 14.161060 9.958976 -3.308704
v 13.572699 9.283856 -3.282750
v 13.543465 9.280416 -3.308743
v 13.572609 9.814160 -3.282750
v 13.543467 9.808439 -3.308829
v 13.572666 10.317894 -3.282750
v 13.543467 10.313143 -3.308778
v 13.572737 8.746604 -3.282750
v 13.543465 8.745117 -3.308711
v 13.572727 10.791588 -3.282750
v 13.543465 10.788828 -3.308721
v 14.132912 10.832857 -3.282750
v 14.162083 10.837631 -3.308801
v 14.162083 11.269384 -3.309032
v 14.195103 11.292696 -3.308446
v 14.179090 11.329857 -3.282750
v 14.133224 11.292978 -3.282750
v 14.193922 10.404570 -3.308525
v 14.162079 10.430346 -3.308454
v 14.132530 10.393984 -3.282750
v 14.162708 10.367907 -3.282750
v 14.115019 12.048294 -3.308525
v 14.110821 12.019064 -3.282750
v 13.805445 12.019030 -3.282750
v 13.808390 12.048294 -3.308720
v 13.572742 11.650515 -3.282750
v 13.543465 11.651049 -3.308706
v 13.572752 11.234756 -3.282750
v 13.543467 11.233866 -3.308703
v 13.543465 12.019012 -3.308704
v 13.572744 12.019012 -3.282750
v 13.572744 12.048294 -3.308704
v 14.558403 8.604324 -3.308715
v 14.586418 8.612811 -3.282750
v 14.430590 9.051525 -3.308998
v 14.456871 9.064908 -3.282750
v 14.692701 8.240961 -3.282750
v 14.670620 8.211681 -3.308704
v 14.299358 9.510713 -3.309357
v 14.324144 9.527790 -3.282750
v 15.288490 8.211681 -3.665355
v 15.313435 8.244734 -3.665374
v 14.949568 8.211681 -3.308935
v 14.941151 8.240699 -3.282750
v 15.282831 8.241891 -3.282750
v 15.288866 8.211681 -3.308418
v 15.313538 8.244369 -3.308418
v 15.151676 8.812063 -3.308712
v 15.123617 8.803714 -3.282750
v 14.993946 9.365242 -3.309104
v 14.968218 9.350364 -3.282750
v 14.829582 9.941732 -3.308704
v 14.798492 9.943980 -3.282750
v 13.572744 12.048296 -3.667361
v 13.543465 12.019012 -3.667383
v 14.518843 12.012625 -3.308543
v 14.504944 11.985659 -3.282750
v 15.005075 11.649298 -3.308661
v 14.977808 11.634693 -3.282750
v 15.199980 10.765802 -3.308677
v 15.169485 10.769779 -3.282750
v 14.478935 11.221392 -3.282750
v 14.454370 11.200968 -3.308645
v 14.595230 10.894732 -3.282750
v 14.565252 10.894455 -3.308707
v 14.545635 10.572603 -3.282750
v 14.519089 10.588184 -3.308727
v 14.371250 10.410805 -3.282750
v 14.357668 10.437981 -3.308694
v 14.197144 9.974903 -3.282750
v 14.170670 9.986348 -3.282750
v 14.143866 9.958976 -3.282750
v 14.171242 9.958976 -3.308704
v 14.195415 11.294188 -3.566891
v 14.162079 11.269623 -3.566819
v 14.194221 10.404825 -3.566824
v 14.162079 10.430933 -3.566741
v 17.236916 12.022036 -3.664463
v 17.218239 12.048294 -3.664433
v 16.493586 9.712328 -3.282750
v 16.516312 9.709179 -3.302919
v 16.493555 8.936274 -3.282750
v 16.516312 8.934457 -3.302970
v 16.673859 10.470509 -3.282750
v 16.696199 10.465389 -3.302914
v 16.309492 8.234465 -3.282750
v 16.309427 8.211681 -3.302944
v 16.516312 8.234465 -3.302944
v 16.493528 8.234465 -3.282750
v 16.493528 8.211681 -3.302944
v 16.100763 8.211681 -3.302944
v 16.100801 8.234465 -3.282750
v 15.869392 12.028728 -3.665737
v 15.843792 12.048296 -3.665751
v 15.847023 12.025984 -3.282750
v 15.869429 12.028597 -3.303081
v 15.843655 12.048294 -3.303081
v 16.026009 11.453310 -3.302948
v 16.003975 11.447525 -3.282750
v 16.177969 10.759933 -3.282750
v 16.190847 10.772266 -3.302944
v 15.456444 11.215109 -3.302889
v 15.478470 11.221308 -3.282750
v 15.198418 12.048294 -3.302666
v 15.179821 12.022799 -3.302389
v 15.204220 12.024618 -3.282750
v 15.180067 12.022078 -3.665942
v 15.198799 12.048294 -3.665940
v 15.708973 10.477770 -3.302944
v 15.731337 10.482788 -3.282750
v 15.890575 8.234465 -3.664374
v 15.913359 8.211681 -3.664448
v 15.890575 9.726622 -3.302932
v 15.913330 9.729573 -3.282750
v 15.890575 8.947891 -3.302951
v 15.913349 8.948749 -3.282750
v 15.913359 8.234465 -3.282750
v 15.890575 8.234465 -3.302944
v 15.913359 8.211681 -3.302944
v 16.493528 8.211681 -3.666800
v 16.516312 8.234465 -3.666906
v 16.375446 11.451395 -3.302948
v 16.397501 11.445673 -3.282750
v 16.557148 12.048294 -3.303080
v 16.531359 12.028440 -3.303216
v 16.553806 12.025982 -3.282750
v 16.531433 12.028704 -3.664332
v 16.557013 12.048294 -3.664325
v 16.213991 10.772266 -3.302944
v 16.226791 10.759483 -3.282750
v 16.953875 11.207174 -3.302885
v 16.931847 11.213404 -3.282750
v 17.212729 12.024603 -3.282750
v 17.237043 12.022404 -3.302661
v 17.218632 12.048294 -3.302661
v -0.195153 12.048294 -3.958459
v -0.223792 12.019653 -3.958459
v -0.223792 11.133642 -3.958459
v -0.223792 10.156210 -3.958460
v -0.223792 9.158413 -3.958483
v -0.223792 8.240322 -3.958458
v -0.195153 8.211681 -3.958459
v 0.344841 8.211681 -3.958467
v 0.854350 8.211683 -3.958458
v 0.883409 8.242665 -3.958458
v 0.883366 9.075609 -3.958459
v 0.852631 9.099512 -3.958459
v 0.423339 9.099773 -3.958459
v 0.395224 9.131964 -3.958459
v 0.395082 10.152438 -3.958459
v 0.395082 11.134537 -3.958459
v 0.395082 12.026676 -3.958459
v 0.366630 12.050146 -3.958459
vt 0.871051 0.616805
vt 0.875686 0.623597
vt 0.868301 0.630095
vt 0.862239 0.620816
vt 0.876568 0.636878
vt 0.881505 0.628961
vt 0.870800 0.600547
vt 0.861238 0.598870
vt 0.866514 0.588505
vt 0.875479 0.592822
vt 0.894052 0.616185
vt 0.889820 0.611127
vt 0.896913 0.604233
vt 0.901903 0.610196
vt 0.904321 0.596447
vt 0.910665 0.602577
vt 0.913427 0.588482
vt 0.920834 0.594220
vt 0.898913 0.593336
vt 0.896573 0.593932
vt 0.891083 0.599985
vt 0.885052 0.606483
vt 0.870246 0.471949
vt 0.879330 0.467038
vt 0.885515 0.471321
vt 0.876384 0.477026
vt 0.912506 0.564884
vt 0.902885 0.560292
vt 0.905168 0.555271
vt 0.915025 0.557857
vt 0.907962 0.571142
vt 0.899187 0.564944
vt 0.905608 0.546940
vt 0.916051 0.547563
vt 0.903989 0.535811
vt 0.914445 0.534704
vt 0.900653 0.522718
vt 0.910989 0.520360
vt 0.896561 0.509109
vt 0.906619 0.505866
vt 0.891904 0.496968
vt 0.901716 0.492715
vt 0.886732 0.487562
vt 0.896313 0.482379
vt 0.881315 0.481237
vt 0.890609 0.475512
vt 0.900334 0.577755
vt 0.892306 0.570288
vt 0.859713 0.444421
vt 0.869063 0.446915
vt 0.870120 0.455007
vt 0.860342 0.455509
vt 0.939481 0.439066
vt 0.923523 0.422717
vt 0.903836 0.415545
vt 0.882131 0.418866
vt 0.919247 0.431929
vt 0.903743 0.425560
vt 0.931867 0.446232
vt 0.886176 0.427408
vt 0.898597 0.631300
vt 0.910082 0.626657
vt 0.913283 0.636556
vt 0.898946 0.641306
vt 0.922641 0.619583
vt 0.927661 0.629023
vt 0.936813 0.611028
vt 0.943219 0.619595
vt 0.950948 0.600425
vt 0.958705 0.607305
vt 0.960458 0.587559
vt 0.969278 0.592036
vt 0.964890 0.572002
vt 0.974972 0.574092
vt 0.963590 0.552795
vt 0.974202 0.552415
vt 0.958879 0.532039
vt 0.969348 0.530083
vt 0.953374 0.510535
vt 0.963619 0.507709
vt 0.947445 0.488610
vt 0.957419 0.484980
vt 0.940670 0.466664
vt 0.950096 0.461658
vt 0.939833 0.551253
vt 0.940023 0.565390
vt 0.930446 0.562461
vt 0.931127 0.549635
vt 0.929925 0.533905
vt 0.937966 0.534043
vt 0.926789 0.516834
vt 0.934443 0.515237
vt 0.921773 0.499938
vt 0.928979 0.496491
vt 0.915532 0.484580
vt 0.922161 0.479214
vt 0.908803 0.472197
vt 0.915066 0.465057
vt 0.902464 0.463909
vt 0.907937 0.455408
vt 0.895803 0.459409
vt 0.899371 0.449983
vt 0.887901 0.456751
vt 0.889481 0.448868
vt 0.921879 0.580323
vt 0.930489 0.585642
vt 0.927528 0.572039
vt 0.937041 0.576411
vt 0.237805 0.769599
vt 0.243600 0.783046
vt 0.233673 0.786459
vt 0.229112 0.774921
vt 0.252989 0.843499
vt 0.242636 0.843685
vt 0.242346 0.828363
vt 0.252657 0.827621
vt 0.251741 0.859048
vt 0.241337 0.858630
vt 0.240475 0.813328
vt 0.250748 0.812075
vt 0.237328 0.799295
vt 0.247654 0.797193
vt 0.249303 0.873867
vt 0.238854 0.872574
vt 0.246004 0.888029
vt 0.235892 0.885336
vt 0.240990 0.901717
vt 0.232158 0.896925
vt 0.216320 0.752319
vt 0.200682 0.750227
vt 0.215926 0.911044
vt 0.219705 0.920249
vt 0.203635 0.923065
vt 0.203140 0.912924
vt 0.190501 0.810076
vt 0.184115 0.818054
vt 0.178972 0.814585
vt 0.188183 0.805106
vt 0.181748 0.829954
vt 0.174506 0.828805
vt 0.187601 0.911160
vt 0.184798 0.920949
vt 0.163050 0.910763
vt 0.169085 0.902549
vt 0.141331 0.784928
vt 0.149642 0.790941
vt 0.138067 0.820163
vt 0.128108 0.817730
vt 0.161974 0.763225
vt 0.167322 0.771449
vt 0.138199 0.853290
vt 0.128108 0.854938
vt 0.150460 0.882839
vt 0.141742 0.888235
vt 0.181183 0.843003
vt 0.174199 0.844153
vt 0.184883 0.855145
vt 0.179258 0.858561
vt 0.189126 0.867994
vt 0.191349 0.862886
vt 0.183534 0.798465
vt 0.179632 0.791842
vt 0.192164 0.785155
vt 0.195962 0.794227
vt 0.171500 0.809551
vt 0.166428 0.804837
vt 0.202857 0.782212
vt 0.206010 0.792610
vt 0.211340 0.802955
vt 0.202847 0.799535
vt 0.199988 0.798112
vt 0.157681 0.824997
vt 0.164301 0.826712
vt 0.164271 0.846309
vt 0.157818 0.848286
vt 0.212103 0.780995
vt 0.215292 0.790950
vt 0.219409 0.801981
vt 0.223863 0.814960
vt 0.216937 0.815587
vt 0.171921 0.863728
vt 0.167131 0.868666
vt 0.198111 0.853381
vt 0.197843 0.842393
vt 0.205695 0.843103
vt 0.205010 0.856077
vt 0.197487 0.831217
vt 0.205435 0.830393
vt 0.197084 0.819913
vt 0.204087 0.817295
vt 0.219603 0.843570
vt 0.226423 0.843749
vt 0.224619 0.857749
vt 0.217710 0.857371
vt 0.219311 0.829495
vt 0.226197 0.829157
vt 0.220726 0.870398
vt 0.212599 0.869871
vt 0.216977 0.881400
vt 0.207522 0.880195
vt 0.204298 0.873579
vt 0.197529 0.878967
vt 0.201598 0.875079
vt 0.214233 0.891550
vt 0.204823 0.890874
vt 0.181043 0.881666
vt 0.184580 0.874841
vt 0.194013 0.888085
vt 0.182574 0.752879
vt 0.185238 0.762681
vt 0.200358 0.760388
vt 0.212815 0.761686
vt 0.316583 0.863057
vt 0.316791 0.871163
vt 0.306812 0.846918
vt 0.325510 0.846446
vt 0.317044 0.871113
vt 0.316567 0.862789
vt 0.317347 0.878199
vt 0.316661 0.878232
vt 0.316923 0.878224
vt 0.317032 0.879026
vt 0.327175 0.816152
vt 0.303714 0.816890
vt 0.300587 0.789655
vt 0.329807 0.788629
vt 0.898439 0.090790
vt 0.884761 0.098602
vt 0.891784 0.074827
vt 0.883101 0.097968
vt 0.884117 0.077979
vt 0.883077 0.059752
vt 0.888910 0.057085
vt 0.875728 0.044847
vt 0.882550 0.041635
vt 0.878938 0.079486
vt 0.877921 0.081109
vt 0.882063 0.098134
vt 0.882936 0.098900
vt 0.883161 0.099026
vt 0.875676 0.028632
vt 0.867570 0.032425
vt 0.869492 0.044686
vt 0.867047 0.043951
vt 0.858958 0.037817
vt 0.854414 0.005376
vt 0.838224 0.013767
vt 0.868744 0.002443
vt 0.822788 0.034568
vt 0.821142 0.070705
vt 0.901090 0.031406
vt 0.893213 0.016018
vt 0.907070 0.047546
vt 0.911771 0.062768
vt 0.861024 0.054626
vt 0.859566 0.063399
vt 0.862611 0.071930
vt 0.868004 0.075270
vt 0.887652 0.113857
vt 0.887516 0.113830
vt 0.883251 0.100080
vt 0.882584 0.100356
vt 0.383159 0.797982
vt 0.393538 0.823681
vt 0.413693 0.850886
vt 0.421066 0.853323
vt 0.410476 0.882462
vt 0.403057 0.880024
vt 0.456601 0.789743
vt 0.437750 0.797101
vt 0.454216 0.845323
vt 0.478623 0.832487
vt 0.427776 0.779098
vt 0.437447 0.797013
vt 0.432659 0.812228
vt 0.431499 0.811780
vt 0.709864 0.903522
vt 0.711382 0.903555
vt 0.713640 0.942323
vt 0.711804 0.941697
vt 0.707541 0.868718
vt 0.709044 0.868874
vt 0.708703 0.841858
vt 0.709741 0.842272
vt 0.730629 0.867314
vt 0.732056 0.866927
vt 0.735421 0.901506
vt 0.733894 0.901722
vt 0.724681 0.840747
vt 0.725669 0.840338
vt 0.737846 0.937641
vt 0.736288 0.937765
vt 0.711203 0.943410
vt 0.713121 0.943745
vt 0.702218 0.957550
vt 0.701334 0.957411
vt 0.741178 0.967414
vt 0.740082 0.967339
vt 0.709485 0.841021
vt 0.724692 0.839857
vt 0.714600 0.976257
vt 0.713697 0.976823
vt 0.701363 0.958528
vt 0.714676 0.977432
vt 0.726453 0.972388
vt 0.726860 0.973751
vt 0.740583 0.968482
vt 0.673858 0.786877
vt 0.675154 0.789010
vt 0.661466 0.799968
vt 0.660735 0.798940
vt 0.619100 0.770365
vt 0.621467 0.769564
vt 0.629196 0.784896
vt 0.628118 0.785510
vt 0.645251 0.791664
vt 0.644701 0.793461
vt 0.629048 0.786138
vt 0.660253 0.800004
vt 0.619215 0.804306
vt 0.618100 0.803206
vt 0.657715 0.824022
vt 0.655949 0.824165
vt 0.657838 0.912246
vt 0.656087 0.912223
vt 0.652188 0.883743
vt 0.653924 0.883624
vt 0.662375 0.934894
vt 0.661106 0.934825
vt 0.652241 0.852483
vt 0.653974 0.852528
vt 0.676853 0.945402
vt 0.675738 0.947562
vt 0.661721 0.935951
vt 0.647640 0.945097
vt 0.647036 0.943378
vt 0.631852 0.952663
vt 0.631636 0.951428
vt 0.625300 0.968421
vt 0.622872 0.967789
vt 0.630747 0.952091
vt 0.619402 0.934608
vt 0.620469 0.933435
vt 0.602228 0.801901
vt 0.602123 0.799631
vt 0.618152 0.804451
vt 0.633904 0.821054
vt 0.631883 0.821699
vt 0.607092 0.841661
vt 0.607900 0.840719
vt 0.628378 0.849043
vt 0.627400 0.850633
vt 0.630237 0.850705
vt 0.629336 0.852118
vt 0.612161 0.859178
vt 0.611451 0.858310
vt 0.595008 0.853881
vt 0.596135 0.852255
vt 0.610813 0.859311
vt 0.614491 0.878756
vt 0.613053 0.878717
vt 0.594204 0.884071
vt 0.593449 0.882369
vt 0.613746 0.879736
vt 0.629589 0.884985
vt 0.627806 0.886551
vt 0.633239 0.914714
vt 0.631101 0.913908
vt 0.609854 0.917125
vt 0.610331 0.915740
vt 0.630656 0.915927
vt 0.632668 0.916339
vt 0.619407 0.933312
vt 0.603833 0.939282
vt 0.603767 0.937021
vt 0.650581 0.771858
vt 0.679411 0.913607
vt 0.675268 0.883015
vt 0.675644 0.852732
vt 0.679411 0.821478
vt 0.654138 0.964253
vt 0.609208 0.821054
vt 0.606350 0.897494
vt 0.859749 0.611192
vt 0.859713 0.608811
vt 0.868745 0.607798
vt 0.868855 0.609568
vt 0.875587 0.607508
vt 0.875590 0.608708
vt 0.882499 0.617551
vt 0.883796 0.616444
vt 0.887648 0.620764
vt 0.886491 0.621898
vt 0.878649 0.612767
vt 0.879946 0.611760
vt 0.876541 0.607970
vt 0.878440 0.602123
vt 0.879840 0.602769
vt 0.886519 0.641463
vt 0.884265 0.640862
vt 0.887414 0.631752
vt 0.889150 0.632130
vt 0.889970 0.624693
vt 0.891070 0.624940
vt 0.890794 0.623850
vt 0.897085 0.621324
vt 0.897627 0.622781
vt 0.882976 0.596556
vt 0.884434 0.597198
vt 0.887379 0.591944
vt 0.888656 0.592411
vt 0.873375 0.581164
vt 0.875162 0.579833
vt 0.882893 0.586282
vt 0.881312 0.587265
vt 0.888648 0.591297
vt 0.896110 0.591720
vt 0.905873 0.616249
vt 0.906558 0.617840
vt 0.916755 0.609315
vt 0.917616 0.610928
vt 0.929548 0.601769
vt 0.930566 0.603240
vt 0.942910 0.592997
vt 0.944083 0.594198
vt 0.908653 0.586412
vt 0.907500 0.584982
vt 0.916069 0.577491
vt 0.917473 0.578929
vt 0.898231 0.591189
vt 0.890834 0.582879
vt 0.892499 0.582177
vt 0.864910 0.465624
vt 0.863632 0.463684
vt 0.872836 0.461100
vt 0.874015 0.462647
vt 0.879364 0.458687
vt 0.880091 0.459638
vt 0.921466 0.569290
vt 0.923258 0.570255
vt 0.925003 0.560063
vt 0.927008 0.560286
vt 0.925606 0.547851
vt 0.927351 0.547647
vt 0.923542 0.533547
vt 0.925148 0.533206
vt 0.919930 0.518241
vt 0.921508 0.517822
vt 0.915394 0.502883
vt 0.916979 0.502383
vt 0.910444 0.488620
vt 0.912064 0.487995
vt 0.905229 0.476853
vt 0.906967 0.475940
vt 0.899296 0.468923
vt 0.900883 0.467464
vt 0.892854 0.464615
vt 0.893727 0.462883
vt 0.885624 0.461883
vt 0.886110 0.460488
vt 0.880534 0.458760
vt 0.883229 0.575372
vt 0.884905 0.574465
vt 0.862567 0.434758
vt 0.863550 0.432482
vt 0.871461 0.438018
vt 0.870653 0.439556
vt 0.877713 0.442481
vt 0.877045 0.443509
vt 0.878402 0.455193
vt 0.879970 0.455338
vt 0.877356 0.449453
vt 0.878879 0.449632
vt 0.878298 0.443618
vt 0.889360 0.435291
vt 0.889923 0.436907
vt 0.951246 0.582928
vt 0.952710 0.583676
vt 0.954330 0.570143
vt 0.955975 0.570354
vt 0.952120 0.553065
vt 0.953861 0.552914
vt 0.947591 0.533908
vt 0.949289 0.533546
vt 0.942523 0.513535
vt 0.944153 0.513067
vt 0.936880 0.492703
vt 0.938492 0.492125
vt 0.930535 0.472225
vt 0.932111 0.471456
vt 0.923729 0.453786
vt 0.925043 0.452719
vt 0.914572 0.441339
vt 0.915401 0.439941
vt 0.903360 0.435951
vt 0.903504 0.434324
vt 0.565480 0.964298
vt 0.563113 0.965110
vt 0.555373 0.949810
vt 0.556454 0.949193
vt 0.539271 0.943038
vt 0.539821 0.941239
vt 0.555521 0.948567
vt 0.523759 0.935752
vt 0.524249 0.934693
vt 0.565369 0.930365
vt 0.566486 0.931463
vt 0.510614 0.947764
vt 0.509316 0.945623
vt 0.523033 0.934718
vt 0.526814 0.910655
vt 0.528581 0.910504
vt 0.526705 0.822217
vt 0.528449 0.822231
vt 0.532727 0.850865
vt 0.530986 0.850971
vt 0.522217 0.799241
vt 0.523463 0.799285
vt 0.532202 0.882123
vt 0.530483 0.882083
vt 0.507844 0.788755
vt 0.509089 0.786623
vt 0.522894 0.798157
vt 0.537406 0.789071
vt 0.538072 0.790740
vt 0.554044 0.782081
vt 0.554935 0.783088
vt 0.560980 0.766126
vt 0.563419 0.766844
vt 0.582347 0.932717
vt 0.582456 0.934989
vt 0.566431 0.930215
vt 0.577449 0.892950
vt 0.576654 0.893891
vt 0.556202 0.885555
vt 0.557194 0.883939
vt 0.552685 0.912969
vt 0.550660 0.913618
vt 0.554331 0.883925
vt 0.555319 0.882402
vt 0.572338 0.875502
vt 0.573051 0.876377
vt 0.589443 0.880922
vt 0.588304 0.882522
vt 0.573677 0.875384
vt 0.569908 0.855924
vt 0.571362 0.855931
vt 0.590386 0.851044
vt 0.591058 0.852726
vt 0.570646 0.854926
vt 0.555969 0.849474
vt 0.557022 0.847495
vt 0.575356 0.818126
vt 0.574850 0.819457
vt 0.552894 0.820315
vt 0.553274 0.818233
vt 0.533940 0.962818
vt 0.505109 0.821152
vt 0.509644 0.851681
vt 0.508923 0.881965
vt 0.505109 0.913157
vt 0.531411 0.769863
vt 0.575339 0.913546
vt 0.578676 0.837590
vt 0.555715 0.846339
vt 0.565755 0.801198
vt 0.582142 0.797701
vt 0.551727 0.818113
vt 0.551241 0.819529
vt 0.554650 0.848084
vt 0.865757 0.267293
vt 0.867019 0.268746
vt 0.835375 0.295809
vt 0.833947 0.294249
vt 0.892863 0.240456
vt 0.893444 0.241581
vt 0.790552 0.304765
vt 0.789854 0.303564
vt 0.891604 0.223714
vt 0.894793 0.224464
vt 0.894172 0.240095
vt 0.905706 0.250071
vt 0.904851 0.250959
vt 0.774292 0.297486
vt 0.775293 0.294786
vt 0.789047 0.304661
vt 0.791589 0.314020
vt 0.789714 0.313924
vt 0.920135 0.242264
vt 0.921261 0.245375
vt 0.906090 0.251333
vt 0.884513 0.282466
vt 0.883024 0.281565
vt 0.879547 0.315687
vt 0.879187 0.316348
vt 0.857980 0.318139
vt 0.858528 0.314854
vt 0.877572 0.343773
vt 0.878977 0.342677
vt 0.903471 0.361912
vt 0.902111 0.363208
vt 0.919488 0.377204
vt 0.918631 0.378044
vt 0.937649 0.374814
vt 0.937936 0.377695
vt 0.919782 0.378547
vt 0.918677 0.385203
vt 0.916932 0.384467
vt 0.926845 0.406212
vt 0.924904 0.408444
vt 0.914914 0.393888
vt 0.916098 0.393295
vt 0.914699 0.392615
vt 0.887991 0.393221
vt 0.888250 0.391267
vt 0.791788 0.320231
vt 0.790578 0.320191
vt 0.791215 0.321395
vt 0.831433 0.331380
vt 0.829887 0.332553
vt 0.775850 0.329991
vt 0.774539 0.327498
vt 0.868856 0.364889
vt 0.861637 0.362627
vt 0.820902 0.372572
vt 0.820761 0.370958
vt 0.819270 0.395567
vt 0.819696 0.393755
vt 0.856044 0.389119
vt 0.855570 0.391136
vt 0.785387 0.392644
vt 0.785896 0.391481
vt 0.772675 0.400062
vt 0.771373 0.397195
vt 0.784377 0.391507
vt 0.787164 0.376716
vt 0.788520 0.377008
vt 0.787970 0.375832
vt 0.771900 0.366803
vt 0.773605 0.364140
vt 0.853715 0.250308
vt 0.821174 0.275471
vt 0.904530 0.290485
vt 0.895337 0.329519
vt 0.919284 0.349550
vt 0.935482 0.392346
vt 0.771373 0.313686
vt 0.815884 0.349636
vt 0.839058 0.358653
vt 0.813679 0.416212
vt 0.853184 0.413190
vt 0.889186 0.414107
vt 0.817430 0.354945
vt 0.892617 0.375508
vt 0.856352 0.320426
vt 0.839845 0.315076
vt 0.856976 0.312853
vt 0.233020 0.912844
vt 0.231377 0.914241
vt 0.224857 0.906844
vt 0.226012 0.905785
vt 0.222914 0.766292
vt 0.221643 0.765361
vt 0.227812 0.757571
vt 0.229495 0.758886
vt 0.217633 0.772217
vt 0.216889 0.771605
vt 0.227634 0.800917
vt 0.226212 0.801092
vt 0.222763 0.789585
vt 0.224193 0.789275
vt 0.231177 0.814247
vt 0.229863 0.814357
vt 0.233292 0.828834
vt 0.232007 0.828891
vt 0.233516 0.843801
vt 0.232226 0.843816
vt 0.219699 0.779785
vt 0.221019 0.779354
vt 0.232041 0.858269
vt 0.230718 0.858199
vt 0.229182 0.871425
vt 0.227757 0.871242
vt 0.226356 0.882958
vt 0.224927 0.882628
vt 0.223590 0.893043
vt 0.222296 0.892651
vt 0.221238 0.900316
vt 0.220192 0.899963
vt 0.220365 0.900904
vt 0.213383 0.902699
vt 0.213270 0.901368
vt 0.203546 0.903676
vt 0.203613 0.902300
vt 0.190777 0.902602
vt 0.191181 0.901316
vt 0.196095 0.809757
vt 0.196533 0.810640
vt 0.197748 0.804540
vt 0.199013 0.805205
vt 0.199358 0.799451
vt 0.201754 0.800286
vt 0.174080 0.811971
vt 0.173089 0.811459
vt 0.184775 0.800135
vt 0.185472 0.801048
vt 0.168651 0.827871
vt 0.167524 0.827696
vt 0.168646 0.845182
vt 0.167524 0.845364
vt 0.211074 0.815613
vt 0.209900 0.815702
vt 0.174863 0.895650
vt 0.175674 0.894591
vt 0.157909 0.878196
vt 0.159048 0.877508
vt 0.147294 0.851696
vt 0.148568 0.851483
vt 0.146821 0.822294
vt 0.148089 0.822550
vt 0.156950 0.795798
vt 0.158074 0.796497
vt 0.174471 0.861327
vt 0.173490 0.861856
vt 0.186456 0.872082
vt 0.185795 0.872969
vt 0.198407 0.862989
vt 0.197743 0.863600
vt 0.199342 0.868631
vt 0.200632 0.867909
vt 0.203301 0.872712
vt 0.200886 0.873682
vt 0.210771 0.857573
vt 0.211930 0.857624
vt 0.172969 0.778478
vt 0.173769 0.779541
vt 0.188432 0.771241
vt 0.188852 0.772517
vt 0.200958 0.769663
vt 0.201065 0.771035
vt 0.210434 0.770163
vt 0.210373 0.771500
vt 0.216720 0.772600
vt 0.213427 0.829795
vt 0.212193 0.829837
vt 0.213598 0.843582
vt 0.212362 0.843549
vt 0.300150 0.925163
vt 0.298483 0.924536
vt 0.308021 0.909069
vt 0.308666 0.909652
vt 0.297392 0.887698
vt 0.298450 0.887070
vt 0.308582 0.908582
vt 0.282670 0.861193
vt 0.283601 0.860735
vt 0.314607 0.909153
vt 0.314599 0.910275
vt 0.279238 0.828738
vt 0.280346 0.828232
vt 0.276662 0.801419
vt 0.277896 0.801124
vt 0.320807 0.908703
vt 0.321064 0.909808
vt 0.327030 0.907490
vt 0.326974 0.908292
vt 0.267069 0.780325
vt 0.267958 0.780369
vt 0.253775 0.769918
vt 0.254626 0.768385
vt 0.267519 0.779744
vt 0.282991 0.773588
vt 0.283667 0.774488
vt 0.337311 0.924332
vt 0.335730 0.925137
vt 0.327714 0.907923
vt 0.336524 0.886601
vt 0.337614 0.887182
vt 0.309975 0.824537
vt 0.309459 0.825297
vt 0.303174 0.818955
vt 0.304913 0.817921
vt 0.297774 0.851235
vt 0.297024 0.851459
vt 0.302416 0.818180
vt 0.315694 0.878773
vt 0.325967 0.817134
vt 0.375718 0.768051
vt 0.376674 0.769400
vt 0.362866 0.777924
vt 0.362576 0.777144
vt 0.354170 0.800157
vt 0.352950 0.799881
vt 0.362041 0.777849
vt 0.352598 0.827638
vt 0.351478 0.827154
vt 0.345034 0.773339
vt 0.345652 0.772625
vt 0.350713 0.860113
vt 0.349760 0.859683
vt 0.321605 0.825603
vt 0.320969 0.825181
vt 0.327745 0.818036
vt 0.328508 0.817393
vt 0.335547 0.850463
vt 0.334795 0.850271
vt 0.318320 0.878713
vt 0.279453 0.756657
vt 0.281052 0.756420
vt 0.283827 0.773850
vt 0.299974 0.787641
vt 0.299457 0.789225
vt 0.350181 0.754505
vt 0.351738 0.754487
vt 0.344818 0.772559
vt 0.330947 0.788207
vt 0.330343 0.786737
vt 0.324860 0.763294
vt 0.325819 0.762853
vt 0.328899 0.787249
vt 0.301376 0.788247
vt 0.302557 0.765350
vt 0.303530 0.765640
vt 0.279111 0.898957
vt 0.263275 0.867194
vt 0.257943 0.832663
vt 0.311617 0.928272
vt 0.324318 0.928153
vt 0.253775 0.802582
vt 0.377080 0.801223
vt 0.374026 0.830967
vt 0.370217 0.865374
vt 0.355954 0.897783
vt 0.316694 0.879083
vt 0.317327 0.879069
vt 0.961767 0.116385
vt 0.961825 0.118685
vt 0.951192 0.116702
vt 0.951318 0.115586
vt 0.947073 0.123554
vt 0.945919 0.122608
vt 0.950373 0.116150
vt 0.941979 0.129236
vt 0.941156 0.128290
vt 0.938449 0.105081
vt 0.939588 0.104151
vt 0.944935 0.139325
vt 0.942845 0.140174
vt 0.940881 0.129274
vt 0.925213 0.122108
vt 0.925848 0.120826
vt 0.907333 0.110599
vt 0.908099 0.109484
vt 0.922760 0.094551
vt 0.923893 0.093560
vt 0.907475 0.084455
vt 0.908837 0.083527
vt 0.898952 0.070718
vt 0.900280 0.069942
vt 0.894534 0.054254
vt 0.895738 0.053607
vt 0.888674 0.038624
vt 0.889935 0.037955
vt 0.878767 0.060754
vt 0.877839 0.060978
vt 0.868924 0.046046
vt 0.877628 0.078123
vt 0.866866 0.045571
vt 0.866779 0.053121
vt 0.865882 0.052868
vt 0.856069 0.051096
vt 0.855084 0.050406
vt 0.876043 0.079761
vt 0.867664 0.082559
vt 0.867874 0.081336
vt 0.872539 0.075544
vt 0.873280 0.074767
vt 0.859837 0.017523
vt 0.860438 0.018918
vt 0.848607 0.023827
vt 0.847660 0.022741
vt 0.869313 0.015126
vt 0.869694 0.016573
vt 0.876110 0.014651
vt 0.876234 0.015741
vt 0.882459 0.025238
vt 0.883678 0.024435
vt 0.877080 0.015092
vt 0.880306 0.003444
vt 0.882283 0.004228
vt 0.855777 0.149766
vt 0.854578 0.148900
vt 0.861573 0.133326
vt 0.862720 0.134271
vt 0.848361 0.160161
vt 0.847908 0.158974
vt 0.869275 0.116187
vt 0.870305 0.117234
vt 0.840593 0.160663
vt 0.841039 0.159171
vt 0.880821 0.099053
vt 0.823913 0.165102
vt 0.822436 0.163416
vt 0.830544 0.157944
vt 0.831159 0.158931
vt 0.831658 0.157868
vt 0.834762 0.139207
vt 0.836189 0.139494
vt 0.842480 0.120295
vt 0.843841 0.120874
vt 0.848727 0.099846
vt 0.850521 0.099848
vt 0.833419 0.069765
vt 0.834811 0.069688
vt 0.836188 0.038726
vt 0.834857 0.038211
vt 0.853251 0.064342
vt 0.852208 0.064397
vt 0.858594 0.076706
vt 0.857715 0.077435
vt 0.956183 0.131070
vt 0.921513 0.133979
vt 0.903018 0.121470
vt 0.915187 0.101731
vt 0.931552 0.112351
vt 0.865522 0.157593
vt 0.873562 0.141161
vt 0.852550 0.171666
vt 0.880527 0.125985
vt 0.837209 0.172447
vt 0.829058 0.117712
vt 0.821142 0.138880
vt 0.834660 0.099925
vt 0.850384 0.048767
vt 0.848666 0.066727
vt 0.856757 0.084125
vt 0.867805 0.093663
vt 0.860766 0.108974
vt 0.853084 0.126711
vt 0.846010 0.143603
vt 0.919725 0.074670
vt 0.950660 0.096610
vt 0.933866 0.084201
vt 0.871619 0.062779
vt 0.381859 0.761947
vt 0.380686 0.763615
vt 0.389970 0.770474
vt 0.389356 0.771084
vt 0.406104 0.851309
vt 0.404938 0.851171
vt 0.407868 0.822704
vt 0.409115 0.822554
vt 0.396299 0.878703
vt 0.395154 0.878513
vt 0.390453 0.901477
vt 0.389595 0.901313
vt 0.397991 0.798083
vt 0.399193 0.797977
vt 0.395359 0.903435
vt 0.394934 0.904501
vt 0.390006 0.902157
vt 0.401088 0.905074
vt 0.400904 0.906234
vt 0.381860 0.907988
vt 0.380686 0.906639
vt 0.406241 0.906069
vt 0.406290 0.906786
vt 0.482829 0.783792
vt 0.481121 0.783344
vt 0.478671 0.794335
vt 0.477739 0.794132
vt 0.477731 0.794920
vt 0.490734 0.807191
vt 0.490019 0.807579
vt 0.459542 0.802419
vt 0.459250 0.801372
vt 0.432705 0.813522
vt 0.467187 0.823016
vt 0.466326 0.822170
vt 0.490789 0.808040
vt 0.443894 0.835381
vt 0.443027 0.834470
vt 0.502395 0.805775
vt 0.502268 0.807803
vt 0.427778 0.858813
vt 0.426789 0.858184
vt 0.411481 0.918160
vt 0.409663 0.918498
vt 0.407038 0.906297
vt 0.417791 0.886299
vt 0.416813 0.885619
vt 0.418298 0.786350
vt 0.417401 0.786966
vt 0.408299 0.769431
vt 0.408808 0.768824
vt 0.430644 0.812774
vt 0.407945 0.768374
vt 0.390250 0.771233
vt 0.411554 0.757649
vt 0.413135 0.758383
vt 0.439009 0.866158
vt 0.428883 0.892986
vt 0.389249 0.914550
vt 0.399527 0.918338
vt 0.381152 0.876560
vt 0.391407 0.849656
vt 0.729679 0.821696
vt 0.731852 0.822604
vt 0.756023 0.857437
vt 0.760328 0.898743
vt 0.763325 0.939262
vt 0.755790 0.979452
vt 0.754359 0.981089
vt 0.732079 0.997559
vt 0.705650 0.996023
vt 0.703433 0.995227
vt 0.683033 0.962710
vt 0.683163 0.960751
vt 0.685899 0.943758
vt 0.686153 0.942152
vt 0.684430 0.903849
vt 0.683033 0.864163
vt 0.699114 0.827835
vt 0.700840 0.826750
vn 0.001022 0.999999 -0.000345
vn -0.000542 1.000000 -0.000641
vn -0.000041 1.000000 -0.000027
vn 0.000837 1.000000 -0.000589
vn -0.000655 1.000000 -0.000483
vn -0.000756 0.999999 -0.001186
vn -0.999998 -0.001135 0.001435
vn -1.000000 -0.000439 -0.000440
vn -1.000000 0.000484 -0.000484
vn -0.999998 0.001266 0.001345
vn -0.000489 -0.000657 1.000000
vn -0.006097 -0.001683 0.999980
vn -0.003159 0.002066 0.999993
vn 0.000765 0.000122 1.000000
vn 0.003304 -0.001288 0.999994
vn 0.000971 -0.000286 1.000000
vn 0.001136 -0.001570 0.999998
vn 0.000246 -0.000256 1.000000
vn 0.005019 -0.001215 0.999987
vn -0.005492 0.020201 0.999781
vn -0.007699 0.008360 0.999935
vn -0.006106 -0.004963 0.999969
vn -0.824481 -0.565889 -0.000520
vn -0.825440 -0.564490 0.000513
vn -0.417172 -0.908827 0.000447
vn -0.417724 -0.908574 -0.000732
vn -0.170868 0.985293 0.001385
vn -0.172422 0.985023 -0.000656
vn 0.648160 0.761502 0.001806
vn 0.646744 0.762703 0.002615
vn -0.798011 0.602642 0.001063
vn -0.799435 0.600751 0.001284
vn 0.942739 0.333526 0.001683
vn 0.941970 0.335695 0.001274
vn 0.993611 0.112855 -0.000202
vn 0.993423 0.114498 -0.000706
vn 0.999769 0.021489 -0.000510
vn 0.999764 0.021728 -0.000792
vn 0.999099 -0.042440 -0.000406
vn 0.999068 -0.043150 -0.000623
vn 0.989163 -0.146824 0.000080
vn 0.988798 -0.149258 -0.000310
vn 0.911461 -0.411379 0.002386
vn 0.910442 -0.413631 0.002284
vn 0.494985 -0.868899 0.002282
vn 0.490851 -0.871238 0.003014
vn -0.971374 0.237553 -0.001440
vn -0.971570 0.236747 0.001462
vn 0.499655 -0.866224 0.001095
vn 0.501605 -0.864995 -0.013306
vn 0.493063 -0.869916 -0.011582
vn 0.497909 -0.867209 0.005980
vn -0.342494 0.939519 0.001386
vn -0.346884 0.937904 0.002820
vn 0.339948 0.940434 0.004498
vn 0.341487 0.939884 0.001976
vn -0.799558 0.600589 0.000528
vn -0.801353 0.598191 0.001488
vn 0.786436 0.617669 0.001825
vn 0.788615 0.614887 0.000523
vn 0.999999 -0.001219 -0.000744
vn 0.999333 -0.036459 -0.001867
vn 0.999237 -0.039035 -0.001518
vn 0.999998 -0.001608 -0.000916
vn 0.988593 -0.150609 -0.000913
vn 0.987917 -0.154987 -0.000365
vn 0.920922 -0.389719 0.004814
vn 0.919156 -0.393884 0.002558
vn 0.672588 -0.739997 0.005407
vn 0.667050 -0.745007 0.002797
vn 0.110174 -0.993910 0.001939
vn 0.109117 -0.994028 0.001473
vn -0.535267 -0.844662 0.005914
vn -0.529726 -0.848166 0.002270
vn -0.876507 -0.481363 0.005111
vn -0.875722 -0.482814 0.001145
vn -0.980139 -0.198311 -0.000083
vn -0.979915 -0.199413 -0.000937
vn -0.999143 -0.041371 -0.001141
vn -0.999120 -0.041927 -0.000962
vn -0.996512 0.083448 -0.000499
vn -0.996495 0.083652 -0.000239
vn -0.960942 0.276750 0.000016
vn -0.960603 0.277923 -0.000071
vn -0.000001 -0.000000 1.000000
vn -0.000019 -0.000012 1.000000
vn -0.000095 -0.000078 1.000000
vn -0.000046 -0.000018 1.000000
vn -0.000001 -0.000000 1.000000
vn -0.000000 -0.000000 1.000000
vn -0.000001 -0.000000 1.000000
vn 0.000000 -0.000000 1.000000
vn -0.000001 -0.000000 1.000000
vn 0.000000 -0.000000 1.000000
vn -0.000000 -0.000000 1.000000
vn 0.000000 0.000000 1.000000
vn 0.000001 -0.000000 1.000000
vn 0.000000 0.000000 1.000000
vn 0.000000 -0.000000 1.000000
vn -0.000000 0.000000 1.000000
vn 0.000089 0.000075 1.000000
vn -0.000260 -0.000132 1.000000
vn -0.010030 0.006066 0.999931
vn -0.002472 0.005633 0.999981
vn 0.000171 -0.000186 1.000000
vn 0.000039 -0.000029 1.000000
vn -0.000000 -0.000129 1.000000
vn 0.000000 -0.000025 1.000000
vn -1.000000 -0.000001 0.000007
vn -1.000000 0.000004 0.000010
vn -1.000000 0.000002 0.000002
vn -1.000000 0.000000 0.000001
vn -1.000000 -0.000000 -0.000001
vn -1.000000 -0.000001 0.000000
vn -1.000000 0.000002 0.000001
vn -1.000000 0.000000 -0.000001
vn -1.000000 0.000000 -0.000000
vn -1.000000 0.000000 0.000000
vn -1.000000 0.000001 0.000005
vn -1.000000 -0.000002 0.000007
vn -1.000000 -0.000002 0.000005
vn -1.000000 -0.000001 0.000013
vn -1.000000 0.000002 -0.000004
vn -1.000000 0.000003 -0.000000
vn -1.000000 0.000003 -0.000003
vn -1.000000 0.000001 0.000004
vn -1.000000 -0.000002 0.000005
vn -1.000000 -0.000003 0.000009
vn 0.000219 -1.000000 -0.000244
vn 0.000419 -1.000000 -0.000466
vn 0.101551 -0.994830 -0.001139
vn 0.097075 -0.995276 -0.001381
vn -0.885919 -0.463819 0.004415
vn -0.955980 -0.293424 0.002173
vn -0.956210 -0.292671 0.002648
vn -0.887415 -0.460946 0.004863
vn -0.997461 -0.071216 0.000044
vn -0.997438 -0.071530 0.000263
vn 0.401067 -0.916049 -0.000563
vn 0.407994 -0.912984 -0.000263
vn 0.767551 -0.640988 0.000945
vn 0.764786 -0.644279 0.002646
vn 0.941404 0.337281 0.001032
vn 0.942041 0.335488 0.002532
vn 0.995440 0.095391 0.000340
vn 0.995334 0.096491 0.000296
vn 0.743967 0.668213 0.002263
vn 0.745658 0.666318 0.003769
vn 0.996570 -0.082749 -0.000244
vn 0.996676 -0.081474 0.000137
vn 0.948631 -0.316381 0.001812
vn 0.949744 -0.313029 0.000612
vn -0.998382 0.056858 0.000046
vn -0.998406 0.056442 0.000122
vn -0.957707 0.287743 0.001114
vn -0.958582 0.284805 0.002456
vn -0.884411 0.466685 0.004706
vn -0.882710 0.469913 0.002117
vn -0.000001 -0.000000 1.000000
vn -0.000000 0.000000 1.000000
vn 0.000000 0.000000 1.000000
vn 0.000000 0.000000 1.000000
vn -0.000001 -0.000001 1.000000
vn -0.000000 0.000000 1.000000
vn 0.000000 0.000000 1.000000
vn 0.000000 0.000000 1.000000
vn 0.000000 0.000000 1.000000
vn 0.000001 0.000000 1.000000
vn 0.000001 0.000000 1.000000
vn 0.000000 -0.000000 1.000000
vn -0.000000 -0.000000 1.000000
vn 0.000000 0.000000 1.000000
vn -0.000001 0.000000 1.000000
vn -0.000000 0.000000 1.000000
vn -0.000000 0.000000 1.000000
vn 0.000000 0.000000 1.000000
vn -0.000000 0.000000 1.000000
vn -0.000000 0.000000 1.000000
vn -0.000000 0.000000 1.000000
vn -0.000000 0.000000 1.000000
vn 1.000000 -0.000001 -0.000000
vn 1.000000 0.000005 -0.000000
vn 1.000000 0.000004 -0.000003
vn 1.000000 -0.000001 0.000003
vn 1.000000 0.000001 0.000000
vn 1.000000 0.000002 -0.000003
vn 1.000000 -0.000001 -0.000005
vn 1.000000 -0.000004 -0.000003
vn -0.000000 -0.000000 1.000000
vn 0.000000 0.000000 1.000000
vn 0.000000 0.000000 1.000000
vn 0.000000 0.000000 1.000000
vn -0.000000 -0.000000 1.000000
vn -0.000000 -0.000000 1.000000
vn 0.000000 0.000000 1.000000
vn -0.000000 0.000000 1.000000
vn -0.000001 -0.000000 1.000000
vn -0.000000 -0.000000 1.000000
vn 0.000001 0.000000 1.000000
vn 0.000000 -0.000001 1.000000
vn -0.000001 0.000000 1.000000
vn -0.000001 -0.000000 1.000000
vn -0.000000 -0.000000 1.000000
vn -0.000000 -0.000000 1.000000
vn -0.000000 -0.000000 1.000000
vn -0.000000 0.000000 1.000000
vn 0.384373 0.923177 0.001354
vn 0.382112 0.924116 0.001078
vn 0.097245 0.995260 -0.000985
vn 0.094476 0.995526 -0.001476
vn 0.002598 0.999996 -0.000760
vn 0.001860 0.999998 -0.000847
vn 0.000000 -1.000000 0.000000
vn 0.000000 -1.000000 0.000000
vn 0.000000 -1.000000 0.000000
vn 0.000000 -1.000000 0.000000
vn 0.000000 -1.000000 0.000002
vn 0.000000 -1.000000 0.000008
vn 0.000000 1.000000 0.000006
vn 0.000000 1.000000 0.000000
vn 0.000000 -0.000000 1.000000
vn 0.000001 -0.000000 1.000000
vn 0.000000 -0.000000 1.000000
vn -0.000000 -0.000001 1.000000
vn -0.000000 0.000000 1.000000
vn 0.000001 0.000000 1.000000
vn 0.000000 -0.000000 1.000000
vn 0.000003 -0.000000 1.000000
vn 0.000001 -0.000000 1.000000
vn 0.000001 -0.000000 1.000000
vn 0.000001 -0.000000 1.000000
vn 0.000000 0.000000 1.000000
vn 0.000000 0.000000 1.000000
vn -0.000002 -0.000001 1.000000
vn -0.000003 -0.000000 1.000000
vn 0.000013 -0.000001 1.000000
vn 0.000000 0.000000 -1.000000
vn 0.000000 0.000000 -1.000000
vn -0.000001 0.000000 1.000000
vn 0.000000 -0.000000 1.000000
vn 0.000002 0.000000 1.000000
vn -0.000001 0.000000 1.000000
vn -0.000000 -0.000000 1.000000
vn 0.000000 -1.000000 0.000000
vn 0.000000 -1.000000 0.000000
vn 0.000000 -1.000000 -0.000015
vn 0.000000 -1.000000 -0.000002
vn 0.000000 1.000000 -0.000032
vn 0.000000 1.000000 -0.000027
vn -0.000000 0.000000 1.000000
vn 0.000000 0.000000 1.000000
vn 0.000000 0.000000 1.000000
vn 0.000000 0.000000 1.000000
vn 0.000000 1.000000 0.000000
vn 0.000000 1.000000 0.000000
vn 0.000000 1.000000 0.000000
vn 0.000000 1.000000 0.000000
vn 0.656805 0.000076 0.754061
vn 0.656706 0.000082 0.754147
vn 0.639645 0.027834 0.768167
vn 0.648653 0.012399 0.760984
vn 0.657929 0.000000 0.753080
vn 0.657930 0.000000 0.753079
vn 0.657916 -0.000000 0.753091
vn 0.657916 -0.000000 0.753091
vn -0.663330 0.000000 0.748327
vn -0.663329 0.000000 0.748328
vn -0.663768 -0.000000 0.747939
vn -0.663775 -0.000000 0.747932
vn -0.663312 0.000000 0.748343
vn -0.663312 0.000000 0.748343
vn -0.664169 -0.000000 0.747583
vn -0.664167 -0.000000 0.747585
vn 0.000578 0.678171 0.734904
vn 0.000578 0.678171 0.734904
vn 0.000578 0.678171 0.734904
vn 0.000578 0.678171 0.734904
vn -0.664145 -0.000000 0.747604
vn -0.664145 -0.000000 0.747604
vn -0.000505 0.657757 0.753230
vn -0.000505 0.657757 0.753230
vn -0.000505 0.657757 0.753230
vn -0.000505 0.657757 0.753230
vn -0.707120 0.707094 -0.000000
vn -0.707120 0.707094 -0.000000
vn -0.707120 0.707094 -0.000000
vn -0.707120 0.707094 -0.000000
vn 0.660845 0.000050 0.750522
vn 0.660845 0.000050 0.750522
vn 0.660845 0.000050 0.750522
vn 0.660845 0.000050 0.750522
vn 0.000002 -0.663571 0.748113
vn 0.000002 -0.663571 0.748113
vn 0.000000 -0.663580 0.748105
vn -0.000000 -0.663581 0.748105
vn -0.000001 -0.663589 0.748097
vn -0.000001 -0.663589 0.748097
vn -0.707127 -0.707087 0.000000
vn -0.707127 -0.707087 0.000000
vn -0.707127 -0.707087 0.000000
vn -0.707127 -0.707087 0.000000
vn -0.000000 -0.000000 1.000000
vn -0.000000 0.000000 1.000000
vn -0.000000 0.000000 1.000000
vn -0.000000 -0.000000 1.000000
vn -0.000000 -0.000000 1.000000
vn -0.000001 -0.000000 1.000000
vn -0.000000 0.000000 1.000000
vn -0.000000 0.000000 1.000000
vn 0.000001 -1.000000 -0.000000
vn 0.000001 -1.000000 -0.000000
vn 0.000002 -1.000000 -0.000001
vn 0.000002 -1.000000 -0.000001
vn 0.000000 -1.000000 0.000000
vn 0.000000 -1.000000 0.000000
vn -0.000001 0.000000 1.000000
vn -0.000000 0.000000 1.000000
vn -0.000000 -0.000000 1.000000
vn 0.000001 -0.000000 1.000000
vn 0.000001 -0.000000 1.000000
vn -1.000000 -0.000000 -0.000000
vn -1.000000 0.000000 -0.000000
vn -1.000000 0.000000 -0.000000
vn -1.000000 -0.000000 -0.000000
vn -1.000000 -0.000000 -0.000000
vn -1.000000 -0.000000 -0.000000
vn -1.000000 -0.000000 -0.000000
vn -1.000000 -0.000000 -0.000000
vn -1.000000 -0.000000 -0.000000
vn -1.000000 -0.000000 -0.000000
vn -0.002415 0.999997 0.000764
vn -0.002415 0.999997 0.000764
vn -0.002415 0.999997 0.000764
vn -0.002415 0.999997 0.000764
vn 0.392789 0.350045 0.850403
vn 0.392789 0.350045 0.850403
vn 0.518130 0.545905 0.658429
vn 0.518130 0.545905 0.658429
vn 0.518130 0.545905 0.658429
vn -0.552777 0.552753 0.623620
vn -0.552777 0.552753 0.623620
vn -0.552777 0.552753 0.623620
vn 0.567896 -0.545947 0.615984
vn 0.567896 -0.545947 0.615984
vn 0.567896 -0.545947 0.615984
vn -0.552772 -0.552749 0.623628
vn -0.552772 -0.552749 0.623628
vn -0.552772 -0.552749 0.623628
vn 0.501412 0.602900 0.620562
vn 0.501412 0.602900 0.620562
vn 0.501412 0.602900 0.620562
vn -0.707120 0.707093 0.000000
vn -0.707120 0.707093 0.000000
vn -0.707120 0.707093 0.000000
vn -0.707120 0.707093 0.000000
vn 0.707113 0.707100 -0.000005
vn 0.707113 0.707100 -0.000005
vn 0.707113 0.707100 -0.000005
vn 0.707113 0.707100 -0.000005
vn -0.000000 0.663304 0.748350
vn 0.000000 0.663304 0.748350
vn -0.000000 0.663301 0.748353
vn -0.000000 0.663301 0.748353
vn 0.000000 0.663307 0.748348
vn 0.000000 0.663307 0.748348
vn 0.663300 -0.000000 0.748354
vn 0.663300 -0.000000 0.748354
vn 0.663300 -0.000000 0.748354
vn 0.663300 -0.000000 0.748354
vn -0.664273 0.000000 0.747490
vn -0.664273 0.000000 0.747490
vn -0.664268 -0.000000 0.747495
vn -0.664267 -0.000001 0.747495
vn -0.664250 0.000000 0.747510
vn -0.664252 0.000000 0.747509
vn -0.663789 0.000001 0.747920
vn -0.663779 0.000001 0.747929
vn -0.664239 -0.000001 0.747521
vn -0.664239 -0.000001 0.747521
vn -0.663779 -0.000000 0.747929
vn -0.663788 -0.000000 0.747921
vn -0.707112 -0.707102 0.000001
vn -0.707112 -0.707102 0.000001
vn -0.707112 -0.707102 0.000001
vn -0.707112 -0.707102 0.000001
vn -0.000001 -0.663291 0.748361
vn -0.000001 -0.663291 0.748361
vn -0.000000 -0.663318 0.748338
vn -0.000000 -0.663318 0.748338
vn 0.000001 -0.663344 0.748315
vn 0.000001 -0.663344 0.748315
vn 0.707082 -0.707131 -0.000000
vn 0.707082 -0.707131 -0.000000
vn 0.707082 -0.707131 -0.000000
vn 0.707082 -0.707131 -0.000000
vn 0.663298 0.000000 0.748355
vn 0.663298 0.000000 0.748355
vn 0.663298 0.000000 0.748355
vn 0.663298 0.000000 0.748355
vn 0.707072 -0.707142 0.000000
vn 0.707072 -0.707142 0.000000
vn 0.707072 -0.707142 0.000000
vn 0.707072 -0.707142 0.000000
vn -0.000001 -0.663312 0.748343
vn -0.000001 -0.663312 0.748343
vn -0.000001 -0.663312 0.748343
vn -0.000001 -0.663312 0.748343
vn 0.707129 0.707085 0.000000
vn 0.707129 0.707085 0.000000
vn 0.707129 0.707085 0.000000
vn 0.707129 0.707085 0.000000
vn 0.663319 -0.000000 0.748337
vn 0.663319 -0.000000 0.748337
vn 0.636980 0.045290 0.769549
vn 0.651712 0.020410 0.758192
vn -0.000001 0.663328 0.748329
vn -0.000001 0.663328 0.748329
vn -0.000001 0.663328 0.748329
vn -0.000001 0.663328 0.748329
vn 0.707092 0.707122 -0.000000
vn 0.707092 0.707122 -0.000000
vn 0.707092 0.707122 -0.000000
vn 0.707092 0.707122 -0.000000
vn 0.663304 0.000000 0.748350
vn 0.663304 0.000000 0.748350
vn 0.663304 0.000000 0.748350
vn 0.663304 0.000000 0.748350
vn 0.707104 -0.707110 0.000001
vn 0.707104 -0.707110 0.000001
vn 0.707104 -0.707110 0.000001
vn 0.707104 -0.707110 0.000001
vn 0.000001 -0.663325 0.748332
vn 0.000001 -0.663325 0.748332
vn 0.000001 -0.663325 0.748332
vn 0.000001 -0.663325 0.748332
vn 0.663796 0.000039 0.747914
vn 0.663796 0.000039 0.747914
vn 0.663796 0.000039 0.747914
vn 0.663796 0.000039 0.747914
vn 0.707120 0.707094 -0.000001
vn 0.707120 0.707094 -0.000001
vn 0.707120 0.707094 -0.000001
vn 0.707120 0.707094 -0.000001
vn 0.023115 0.649489 0.760020
vn 0.051795 0.631513 0.773633
vn -0.000001 0.663334 0.748323
vn -0.000001 0.663334 0.748323
vn 0.707085 0.707129 0.000000
vn 0.707085 0.707129 0.000000
vn 0.707085 0.707129 0.000000
vn 0.707085 0.707129 0.000000
vn 0.000002 1.000000 -0.000002
vn 0.000002 1.000000 -0.000002
vn 0.000003 1.000000 -0.000003
vn 0.000003 1.000000 -0.000003
vn 0.000000 1.000000 -0.000000
vn 0.000000 1.000000 -0.000000
vn -1.000000 0.000000 -0.000000
vn -1.000000 0.000000 -0.000000
vn -1.000000 0.000001 0.000000
vn -1.000000 0.000001 0.000000
vn -1.000000 -0.000000 -0.000000
vn -1.000000 -0.000000 -0.000000
vn -1.000000 0.000000 0.000001
vn -1.000000 0.000000 0.000001
vn -1.000000 -0.000000 0.000001
vn -1.000000 -0.000000 0.000001
vn -1.000000 -0.000000 0.000000
vn -1.000000 -0.000000 0.000000
vn 0.000001 -1.000000 0.000001
vn 0.000001 -1.000000 0.000001
vn 0.000000 -1.000000 0.000000
vn 0.000000 -1.000000 0.000000
vn 0.000002 -1.000000 0.000003
vn 0.000002 -1.000000 0.000003
vn 1.000000 0.000001 -0.000001
vn 1.000000 0.000001 -0.000001
vn 1.000000 0.000001 -0.000001
vn 1.000000 0.000001 -0.000001
vn 1.000000 0.000000 0.000000
vn 1.000000 0.000000 0.000000
vn 1.000000 0.000000 0.000000
vn 1.000000 0.000000 0.000000
vn 0.000000 -1.000000 -0.000001
vn 0.000000 -1.000000 -0.000001
vn 0.000000 -1.000000 -0.000001
vn 0.000000 -1.000000 -0.000001
vn 0.000000 1.000000 0.000000
vn 0.000000 1.000000 0.000000
vn 0.000000 1.000000 0.000000
vn 0.000000 1.000000 0.000000
vn 1.000000 -0.000001 -0.000001
vn 1.000000 -0.000001 -0.000001
vn 1.000000 -0.000001 -0.000001
vn 1.000000 -0.000001 -0.000001
vn 0.000001 -1.000000 0.000002
vn 0.000001 -1.000000 0.000002
vn 0.000001 -1.000000 0.000002
vn 0.000001 -1.000000 0.000002
vn 1.000000 0.000001 0.000001
vn 1.000000 0.000001 0.000001
vn 1.000000 0.000001 0.000001
vn 1.000000 0.000001 0.000001
vn 0.000000 1.000000 0.000000
vn 0.000000 1.000000 0.000000
vn 0.000000 1.000000 0.000000
vn 0.000000 1.000000 0.000000
vn 0.000000 0.000000 1.000000
vn -0.000000 0.000000 1.000000
vn 0.000001 0.000000 1.000000
vn 0.000001 0.000000 1.000000
vn -0.000001 0.000000 1.000000
vn -0.000000 0.000000 1.000000
vn 1.000000 0.000001 -0.000001
vn 1.000000 0.000001 -0.000001
vn 1.000000 0.000001 -0.000001
vn 1.000000 0.000001 -0.000001
vn 0.000000 0.000000 1.000000
vn 0.000000 0.000000 1.000000
vn 0.000000 0.000000 1.000000
vn 0.000000 0.000000 1.000000
vn 0.000000 0.000000 1.000000
vn 0.000000 0.000000 1.000000
vn 0.000000 0.000000 1.000000
vn 0.000000 0.000000 1.000000
vn 0.000000 0.000000 1.000000
vn 0.000000 0.000000 1.000000
vn 0.000000 0.000000 1.000000
vn 0.000000 0.000000 1.000000
vn 0.000001 0.000000 1.000000
vn 0.000001 0.000000 1.000000
vn 0.552770 0.552761 0.623620
vn 0.552770 0.552761 0.623620
vn 0.552770 0.552761 0.623620
vn -0.552771 0.552757 0.623621
vn -0.552771 0.552757 0.623621
vn -0.552771 0.552757 0.623621
vn -0.552759 -0.552727 0.623659
vn -0.552759 -0.552727 0.623659
vn -0.552759 -0.552727 0.623659
vn 0.552751 -0.552796 0.623604
vn 0.552751 -0.552796 0.623604
vn 0.552751 -0.552796 0.623604
vn 0.552741 -0.552795 0.623615
vn 0.552741 -0.552795 0.623615
vn 0.552741 -0.552795 0.623615
vn 0.376614 0.375331 0.846929
vn 0.376614 0.375331 0.846929
vn 0.552760 0.552788 0.623604
vn 0.552760 0.552788 0.623604
vn 0.552760 0.552788 0.623604
vn 0.552759 -0.552786 0.623607
vn 0.552759 -0.552786 0.623607
vn 0.552759 -0.552786 0.623607
vn 0.359214 0.379495 0.852613
vn 0.359214 0.379495 0.852613
vn 0.552741 0.552768 0.623639
vn 0.552741 0.552768 0.623639
vn 0.552741 0.552768 0.623638
vn -0.706825 0.707383 -0.002889
vn -0.706825 0.707383 -0.002889
vn -0.706517 0.707695 -0.001076
vn -0.706517 0.707695 -0.001075
vn -0.706168 0.708044 0.000967
vn -0.706168 0.708044 0.000967
vn -0.003132 0.661784 0.749688
vn -0.003144 0.661806 0.749668
vn -0.000651 0.663303 0.748351
vn -0.000657 0.663303 0.748350
vn 0.000638 0.659406 0.751787
vn 0.000590 0.659421 0.751774
vn 0.003956 0.658362 0.752691
vn 0.003956 0.658362 0.752691
vn -0.662285 -0.016597 0.749069
vn -0.662285 -0.016597 0.749069
vn -0.662383 -0.008004 0.749122
vn -0.662383 -0.007988 0.749123
vn 0.706792 0.707418 -0.002104
vn 0.706792 0.707418 -0.002104
vn 0.707123 0.707090 -0.000683
vn 0.707123 0.707091 -0.000683
vn 0.707494 0.706719 0.000918
vn 0.707494 0.706719 0.000918
vn 0.003461 0.663280 0.748363
vn 0.003461 0.663280 0.748363
vn 0.664285 -0.000036 0.747479
vn 0.664285 -0.000036 0.747479
vn 0.663597 -0.000468 0.748090
vn 0.663520 -0.000517 0.748159
vn -0.662228 0.007793 0.749262
vn -0.662228 0.007785 0.749262
vn -0.661952 0.016883 0.749356
vn -0.661952 0.016883 0.749356
vn -0.706589 -0.707620 -0.002677
vn -0.706589 -0.707620 -0.002677
vn -0.705646 -0.708562 -0.001852
vn -0.705648 -0.708560 -0.001854
vn -0.704581 -0.709623 -0.000921
vn -0.704581 -0.709623 -0.000921
vn -0.000052 -0.665722 0.746200
vn -0.000052 -0.665722 0.746200
vn -0.000052 -0.665722 0.746200
vn -0.000052 -0.665722 0.746200
vn 0.661673 -0.019635 0.749536
vn 0.661534 -0.021417 0.749610
vn 0.654385 -0.089475 0.750849
vn 0.653655 -0.095060 0.750799
vn 0.610240 -0.241323 0.754566
vn 0.605691 -0.252494 0.754576
vn 0.444298 -0.467396 0.764290
vn 0.440934 -0.470536 0.764313
vn -0.649571 0.161864 0.742871
vn -0.651580 0.156213 0.742321
vn -0.507361 0.397587 0.764532
vn -0.504596 0.400909 0.764627
vn -0.679588 0.068276 0.730410
vn -0.679588 0.068276 0.730410
vn -0.739513 -0.673142 -0.000675
vn -0.739513 -0.673142 -0.000675
vn -0.738012 -0.674787 0.000811
vn -0.738012 -0.674787 0.000812
vn -0.303715 -0.952725 0.008495
vn -0.303715 -0.952725 0.008495
vn -0.304175 -0.952614 -0.002190
vn -0.304174 -0.952614 -0.002164
vn -0.304659 -0.952352 -0.014419
vn -0.304659 -0.952352 -0.014419
vn -0.349914 0.561190 0.750084
vn -0.349914 0.561190 0.750084
vn 0.149781 0.645418 0.749000
vn 0.149781 0.645418 0.749000
vn 0.149781 0.645418 0.749000
vn 0.149781 0.645418 0.749000
vn 0.561123 0.353244 0.748572
vn 0.561123 0.353244 0.748572
vn 0.617881 0.224986 0.753395
vn 0.616067 0.229634 0.753478
vn 0.658742 0.077464 0.748371
vn 0.658588 0.078782 0.748368
vn 0.663425 0.014785 0.748097
vn 0.663423 0.014942 0.748096
vn 0.662319 -0.029312 0.748648
vn 0.662284 -0.029895 0.748656
vn 0.652880 -0.101760 0.750595
vn 0.652352 -0.104655 0.750656
vn 0.586779 -0.278196 0.760458
vn 0.582513 -0.286436 0.760679
vn 0.492261 -0.437663 0.752416
vn 0.492261 -0.437663 0.752416
vn -0.007897 -0.661996 0.749465
vn -0.007897 -0.661996 0.749465
vn -0.007897 -0.661996 0.749466
vn -0.007897 -0.661996 0.749466
vn -0.488237 -0.448668 0.748546
vn -0.488237 -0.448668 0.748546
vn -0.549666 -0.368698 0.749620
vn -0.550085 -0.368111 0.749600
vn -0.611469 -0.275266 0.741845
vn -0.611469 -0.275266 0.741845
vn -0.736678 -0.676240 0.002129
vn -0.736678 -0.676240 0.002129
vn 0.954426 -0.298434 -0.002862
vn 0.954426 -0.298434 -0.002862
vn 0.955201 -0.295950 -0.002205
vn 0.955210 -0.295920 -0.002197
vn 0.956056 -0.293180 -0.001473
vn 0.956056 -0.293180 -0.001473
vn 0.310888 -0.592754 0.742962
vn 0.310876 -0.592765 0.742958
vn 0.299900 -0.603078 0.739160
vn 0.299900 -0.603078 0.739160
vn 0.342998 -0.572797 0.744484
vn 0.343016 -0.572787 0.744483
vn 0.366468 -0.559819 0.743171
vn 0.366468 -0.559819 0.743171
vn 0.604309 0.286003 0.743648
vn 0.604309 0.286003 0.743648
vn 0.512492 0.407082 0.756066
vn 0.514483 0.404709 0.755988
vn 0.073796 -0.639319 0.765392
vn 0.072278 -0.639490 0.765395
vn -0.348639 -0.533620 0.770520
vn -0.347577 -0.534303 0.770526
vn -0.575647 -0.300949 0.760303
vn -0.570085 -0.311056 0.760426
vn -0.646807 -0.123697 0.752555
vn -0.645630 -0.128901 0.752693
vn -0.662173 -0.026242 0.748891
vn -0.662137 -0.026810 0.748903
vn -0.661080 0.052617 0.748468
vn -0.660930 0.054531 0.748464
vn -0.637700 0.175569 0.750009
vn -0.636288 0.180641 0.750004
vn -0.530295 0.380238 0.757764
vn -0.525548 0.386586 0.757859
vn -0.235168 0.599379 0.765141
vn -0.229185 0.601611 0.765205
vn 0.211883 0.602862 0.769197
vn 0.217216 0.600987 0.769176
vn 0.001797 0.999998 -0.001271
vn 0.002473 0.999997 -0.000515
vn 0.001212 0.999999 -0.000072
vn -0.001115 0.999999 -0.001347
vn 0.003228 0.999995 0.000328
vn -0.000653 0.999999 -0.001280
vn -0.001369 0.999999 -0.001004
vn -0.000867 0.999998 -0.001977
vn 0.000154 0.999999 -0.001591
vn -0.999997 -0.002488 0.000780
vn -0.999999 -0.000963 -0.000815
vn -0.999992 -0.001898 0.003577
vn -0.999988 -0.004187 0.002556
vn -0.999992 0.002172 0.003430
vn -0.999999 0.001024 -0.000897
vn -0.999996 0.002648 0.000599
vn -0.999987 0.004482 0.002287
vn -0.000804 -0.001302 0.999999
vn -0.004887 -0.004506 0.999978
vn 0.000395 -0.000859 1.000000
vn 0.001221 -0.000856 0.999999
vn -0.000206 -0.000278 1.000000
vn -0.000127 0.000050 1.000000
vn -0.000026 0.000031 1.000000
vn 0.001736 -0.004359 0.999989
vn -0.003686 -0.010770 0.999935
vn -0.000632 -0.007233 0.999974
vn -0.002548 0.009413 0.999952
vn 0.000267 -0.014679 0.999892
vn -0.003851 0.021095 0.999770
vn -0.907445 -0.420170 -0.000989
vn -0.907834 -0.419329 -0.000490
vn -0.534580 0.845110 0.003723
vn -0.534580 0.845110 0.003723
vn 0.231000 0.972949 0.003094
vn 0.231000 0.972949 0.003094
vn 0.938724 0.344669 0.000909
vn 0.852177 0.523242 0.003383
vn 0.993094 0.117316 -0.001278
vn 0.999753 0.022192 -0.001111
vn 0.999009 -0.044511 -0.000868
vn 0.987838 -0.155484 -0.000754
vn 0.902389 -0.430915 0.002423
vn 0.762132 -0.647394 0.006020
vn -0.002950 -0.999996 0.000013
vn -0.002950 -0.999996 0.000013
vn -0.827207 -0.561894 0.001671
vn -0.730938 -0.682437 0.003128
vn -0.995689 0.092686 -0.003519
vn -0.996128 0.087920 0.000380
vn -0.926349 0.376665 -0.001439
vn -0.968791 0.247840 -0.004436
vn -0.995177 0.097795 -0.007702
vn 0.500769 -0.865580 -0.001030
vn 0.507520 -0.861563 -0.011532
vn 0.490148 -0.871622 -0.005565
vn 0.496981 -0.867707 0.009769
vn 0.501676 -0.864535 -0.030008
vn 0.486584 -0.873075 -0.031256
vn 0.514504 -0.857192 -0.022543
vn 0.481226 -0.876237 -0.025110
vn 0.904784 0.425867 -0.002006
vn 0.904682 0.426085 -0.001013
vn 1.000000 -0.000785 -0.000517
vn 0.999500 -0.031533 -0.002127
vn 1.000000 -0.000509 -0.000244
vn 1.000000 -0.000484 0.000143
vn 1.000000 -0.000531 -0.000575
vn 0.990262 -0.139205 -0.001662
vn 0.929552 -0.368638 0.006268
vn 0.853301 -0.521257 0.012998
vn 0.417831 -0.908522 0.002319
vn 0.417831 -0.908522 0.002319
vn -0.203734 -0.979023 0.002357
vn -0.203734 -0.979023 0.002357
vn -0.762742 -0.646522 0.015291
vn -0.886449 -0.462743 0.008776
vn -0.982066 -0.188537 0.000629
vn -0.999199 -0.040003 -0.001346
vn -0.996810 0.079809 -0.000813
vn -0.963731 0.266876 0.000061
vn -0.810782 0.585343 0.002441
vn -0.617494 0.786563 0.004478
vn -0.018025 0.999830 0.003923
vn -0.018025 0.999830 0.003923
vn 0.622318 0.782707 0.009523
vn 0.788241 0.615359 0.003101
vn 0.904897 0.425619 -0.003132
vn 0.000000 0.000000 1.000000
vn -0.000003 -0.000001 1.000000
vn 0.000001 -0.000000 1.000000
vn 0.000001 -0.000000 1.000000
vn 0.000001 -0.000000 1.000000
vn 0.000000 0.000000 1.000000
vn 0.000000 0.000000 1.000000
vn -0.000000 0.000001 1.000000
vn -0.000276 -0.000129 1.000000
vn -0.000514 0.003247 0.999995
vn -0.019262 0.010657 0.999758
vn -0.006845 0.011907 0.999906
vn -0.000139 0.011542 0.999933
vn 0.000001 0.000000 1.000000
vn -0.000001 -0.000000 1.000000
vn 0.000001 -0.000001 1.000000
vn 0.000001 -0.000001 1.000000
vn 0.000207 0.000594 1.000000
vn -0.012912 0.004027 0.999909
vn -0.020497 0.005764 0.999773
vn 0.000003 0.000009 1.000000
vn 0.000001 -0.000001 1.000000
vn 0.000173 -0.000401 1.000000
vn 0.000003 -0.000213 1.000000
vn -0.000323 -0.000216 1.000000
vn -0.000085 -0.000033 1.000000
vn -0.000001 0.000000 1.000000
vn 0.000000 0.000000 1.000000
vn -0.908269 -0.418386 0.000070
vn 0.002524 -0.999997 -0.000218
vn 0.002524 -0.999997 -0.000218
vn 0.003606 -0.999993 -0.000691
vn 0.003605 -0.999993 -0.000691
vn 0.004822 -0.999988 -0.001223
vn 0.004822 -0.999988 -0.001223
vn -0.552177 0.549556 0.626968
vn -0.552177 0.549556 0.626968
vn -0.552177 0.549556 0.626968
vn 0.554884 0.551101 0.623210
vn 0.554884 0.551102 0.623210
vn 0.554884 0.551102 0.623210
vn -0.548322 -0.547022 0.632542
vn -0.548322 -0.547022 0.632542
vn -0.548322 -0.547022 0.632542
vn -0.470950 -0.368284 0.801607
vn -0.470950 -0.368284 0.801607
vn -0.470950 -0.368284 0.801607
vn -0.470950 -0.368284 0.801607
vn 0.772993 -0.226657 0.592544
vn 0.772993 -0.226657 0.592544
vn 0.772993 -0.226657 0.592544
vn -0.237237 -0.757218 0.608555
vn -0.237237 -0.757218 0.608555
vn -0.237237 -0.757218 0.608555
vn 0.707120 0.707093 -0.000003
vn 0.707120 0.707093 -0.000003
vn 0.707120 0.707093 -0.000003
vn 0.707120 0.707093 -0.000003
vn 0.000000 0.663296 0.748357
vn 0.000000 0.663296 0.748357
vn 0.000000 0.663295 0.748358
vn 0.000000 0.663295 0.748358
vn 0.000001 0.663298 0.748355
vn 0.000001 0.663298 0.748355
vn 0.663308 -0.000002 0.748346
vn 0.663308 -0.000002 0.748346
vn 0.663308 -0.000002 0.748346
vn 0.663308 -0.000002 0.748346
vn -0.707110 0.707104 0.000003
vn -0.707110 0.707103 0.000003
vn -0.707110 0.707103 0.000003
vn -0.707110 0.707103 0.000003
vn -0.664279 0.000002 0.747485
vn -0.664279 0.000002 0.747485
vn -0.664278 0.000000 0.747486
vn -0.664278 -0.000000 0.747486
vn -0.664243 0.000001 0.747517
vn -0.664244 0.000001 0.747516
vn -0.663779 -0.000000 0.747929
vn -0.663769 -0.000000 0.747938
vn -0.664234 0.000003 0.747525
vn -0.664234 0.000003 0.747525
vn -0.663780 -0.000001 0.747928
vn -0.663791 -0.000001 0.747918
vn -0.707094 -0.707120 0.000000
vn -0.707094 -0.707120 0.000000
vn -0.707094 -0.707120 0.000000
vn -0.707094 -0.707120 0.000000
vn 0.000003 -0.663312 0.748343
vn 0.000003 -0.663312 0.748343
vn -0.000000 -0.663308 0.748346
vn 0.000000 -0.663308 0.748346
vn -0.000003 -0.663305 0.748349
vn -0.000003 -0.663305 0.748349
vn 0.707109 -0.707105 0.000000
vn 0.707109 -0.707105 0.000000
vn 0.707109 -0.707105 0.000000
vn 0.707109 -0.707105 0.000000
vn 0.707107 -0.707107 0.000003
vn 0.707107 -0.707107 0.000003
vn 0.707107 -0.707107 0.000003
vn 0.707107 -0.707107 0.000003
vn 0.707108 0.707106 0.000000
vn 0.707108 0.707106 0.000000
vn 0.707108 0.707106 0.000000
vn 0.707108 0.707106 0.000000
vn 0.663290 0.000002 0.748363
vn 0.663290 0.000002 0.748363
vn 0.636978 0.045271 0.769551
vn 0.651684 0.020422 0.758216
vn -0.000001 -0.663322 0.748334
vn -0.000001 -0.663322 0.748334
vn -0.000001 -0.663322 0.748334
vn -0.000001 -0.663322 0.748334
vn 0.000000 0.663316 0.748340
vn 0.000000 0.663316 0.748340
vn 0.000000 0.663316 0.748340
vn 0.000000 0.663316 0.748340
vn 0.707094 0.707120 -0.000004
vn 0.707094 0.707120 -0.000004
vn 0.707094 0.707120 -0.000004
vn 0.707094 0.707120 -0.000004
vn 0.663304 -0.000003 0.748350
vn 0.663304 -0.000003 0.748350
vn 0.663304 -0.000003 0.748350
vn 0.663304 -0.000003 0.748350
vn 0.707098 -0.707115 0.000004
vn 0.707098 -0.707115 0.000004
vn 0.707098 -0.707115 0.000004
vn 0.707098 -0.707115 0.000004
vn -0.000000 -0.663319 0.748337
vn -0.000000 -0.663319 0.748337
vn -0.000000 -0.663319 0.748337
vn -0.000000 -0.663319 0.748337
vn 0.707107 0.707106 0.000000
vn 0.707107 0.707106 0.000000
vn 0.707107 0.707106 0.000000
vn 0.707107 0.707106 0.000000
vn 0.000000 1.000000 0.000000
vn 0.000000 1.000000 0.000000
vn 0.000000 1.000000 0.000000
vn 0.000000 1.000000 0.000000
vn 0.000000 1.000000 0.000001
vn 0.000000 1.000000 0.000001
vn -1.000000 0.000002 -0.000000
vn -1.000000 0.000002 -0.000000
vn -1.000000 -0.000000 0.000000
vn -1.000000 -0.000000 0.000000
vn -1.000000 0.000003 -0.000000
vn -1.000000 0.000003 -0.000000
vn -1.000000 -0.000001 -0.000000
vn -1.000000 -0.000001 -0.000000
vn -1.000000 -0.000000 0.000001
vn -1.000000 -0.000000 0.000001
vn -1.000000 0.000002 0.000002
vn -1.000000 0.000002 0.000002
vn -0.000000 -1.000000 0.000001
vn 0.000000 -1.000000 0.000001
vn 0.000002 -1.000000 0.000001
vn 0.000002 -1.000000 0.000001
vn -0.000002 -1.000000 0.000001
vn -0.000002 -1.000000 0.000001
vn 1.000000 0.000000 0.000000
vn 1.000000 0.000000 0.000000
vn 1.000000 0.000000 0.000000
vn 1.000000 0.000000 0.000000
vn 0.000000 -1.000000 0.000000
vn 0.000000 -1.000000 0.000000
vn 0.000000 -1.000000 0.000000
vn 0.000000 -1.000000 0.000000
vn 0.000000 1.000000 0.000000
vn 0.000000 1.000000 0.000000
vn 0.000000 1.000000 0.000000
vn 0.000000 1.000000 0.000000
vn 1.000000 0.000000 0.000000
vn 1.000000 0.000000 0.000000
vn 1.000000 0.000000 0.000000
vn 1.000000 0.000000 0.000000
vn -0.000001 -1.000000 0.000002
vn -0.000001 -1.000000 0.000002
vn -0.000001 -1.000000 0.000002
vn -0.000001 -1.000000 0.000002
vn 1.000000 -0.000004 0.000000
vn 1.000000 -0.000004 -0.000000
vn 1.000000 -0.000004 -0.000000
vn 1.000000 -0.000003 -0.000000
vn 1.000000 -0.000004 0.000000
vn -0.000003 1.000000 -0.000003
vn -0.000003 1.000000 -0.000003
vn -0.000003 1.000000 -0.000003
vn -0.000003 1.000000 -0.000003
vn 0.000000 -0.000000 1.000000
vn 0.000000 -0.000000 1.000000
vn 0.000000 -0.000000 1.000000
vn 0.000000 -0.000000 1.000000
vn 0.000001 -0.000000 1.000000
vn 0.000000 -0.000000 1.000000
vn 1.000000 -0.000001 0.000000
vn 1.000000 -0.000001 0.000000
vn 1.000000 -0.000001 0.000000
vn 1.000000 -0.000001 0.000000
vn 1.000000 -0.000000 0.000000
vn 1.000000 -0.000000 0.000000
vn 1.000000 -0.000000 0.000000
vn 1.000000 -0.000000 0.000000
vn 0.000000 0.000000 1.000000
vn 0.000000 0.000000 1.000000
vn 0.000000 0.000000 1.000000
vn -0.000000 0.000000 1.000000
vn 0.000000 0.000000 1.000000
vn -0.000000 0.000000 1.000000
vn -0.000000 0.000000 1.000000
vn -0.000000 0.000000 1.000000
vn -0.000001 0.000000 1.000000
vn -0.000000 0.000000 1.000000
vn -0.000000 -0.000000 1.000000
vn -0.000001 0.000000 1.000000
vn -0.000000 0.000000 1.000000
vn 0.000000 0.000000 1.000000
vn -0.000000 -0.000000 1.000000
vn -0.000001 0.000000 1.000000
vn 0.000000 0.000000 1.000000
vn 0.000000 0.000000 1.000000
vn 0.552772 0.552754 0.623623
vn 0.552772 0.552754 0.623623
vn 0.552772 0.552754 0.623623
vn -0.552754 0.552754 0.623639
vn -0.552754 0.552754 0.623639
vn -0.552754 0.552754 0.623639
vn -0.552754 -0.552763 0.623632
vn -0.552754 -0.552763 0.623632
vn -0.552754 -0.552763 0.623632
vn 0.376763 0.375312 0.846871
vn 0.376763 0.375312 0.846871
vn 0.552760 -0.552778 0.623613
vn 0.552760 -0.552778 0.623613
vn 0.552760 -0.552778 0.623613
vn 0.552754 0.552763 0.623632
vn 0.552754 0.552763 0.623632
vn 0.552754 0.552763 0.623632
vn 0.552742 -0.552760 0.623645
vn 0.552742 -0.552760 0.623645
vn 0.552742 -0.552760 0.623645
vn 0.645221 0.000000 0.763996
vn 0.645221 0.000000 0.763996
vn 0.645221 0.000000 0.763996
vn 0.645221 0.000000 0.763996
vn 0.669734 0.000009 0.742602
vn 0.669106 0.000008 0.743167
vn 0.674322 0.000003 0.738437
vn 0.674236 -0.000003 0.738516
vn 0.663743 -0.000002 0.747961
vn 0.663743 -0.000002 0.747960
vn 0.674068 -0.000016 0.738669
vn 0.674068 -0.000016 0.738669
vn 0.707104 0.707109 0.000000
vn 0.707104 0.707109 0.000000
vn 0.707104 0.707109 0.000000
vn 0.707104 0.707109 0.000000
vn 0.000000 0.663305 0.748349
vn 0.000000 0.663305 0.748349
vn 0.000000 0.663305 0.748349
vn 0.000000 0.663305 0.748349
vn 0.707120 -0.707093 0.000001
vn 0.707120 -0.707093 0.000001
vn 0.707120 -0.707093 0.000001
vn 0.707120 -0.707093 0.000001
vn 0.000006 -0.664657 0.747149
vn 0.000006 -0.664657 0.747149
vn 0.000214 -0.668073 0.744096
vn 0.000173 -0.667404 0.744696
vn -0.707099 0.707115 0.000000
vn -0.707099 0.707115 0.000000
vn -0.707099 0.707115 0.000000
vn -0.707099 0.707115 0.000000
vn -0.634395 -0.005931 0.772987
vn -0.634314 -0.005947 0.773052
vn -0.663399 -0.000007 0.748265
vn -0.663399 -0.000007 0.748266
vn -0.410855 0.909748 0.059638
vn -0.410855 0.909748 0.059638
vn -0.412596 0.907041 0.083908
vn -0.412178 0.907779 0.077761
vn 0.583558 0.208353 0.784888
vn 0.588284 0.209877 0.780944
vn 0.628458 0.222714 0.745278
vn 0.628521 0.222731 0.745220
vn 0.628999 0.232009 0.741979
vn 0.486950 0.375235 0.788719
vn 0.576961 0.816772 0.000263
vn 0.576961 0.816772 0.000263
vn 0.576961 0.816772 0.000263
vn 0.576961 0.816772 0.000263
vn 0.021624 0.673037 0.739293
vn -0.000332 0.666958 0.745095
vn -0.000392 0.667397 0.744702
vn -0.707120 0.707093 -0.000003
vn -0.707120 0.707093 -0.000003
vn -0.707120 0.707093 -0.000003
vn -0.707120 0.707093 -0.000003
vn 0.000003 0.664482 0.747304
vn 0.000003 0.664482 0.747304
vn -0.666037 0.000002 0.745918
vn -0.666037 0.000002 0.745918
vn -0.668773 0.000003 0.743467
vn -0.668293 0.000003 0.743898
vn -0.572410 -0.322207 0.754009
vn -0.023349 -0.674990 0.737457
vn -0.654649 -0.236148 0.718101
vn -0.652409 -0.230043 0.722110
vn -0.653853 -0.230558 0.720638
vn -0.576487 -0.817107 0.000402
vn -0.576487 -0.817107 0.000402
vn -0.576487 -0.817107 0.000402
vn -0.576487 -0.817107 0.000402
vn -0.650349 -0.229309 0.724198
vn -0.650349 -0.229309 0.724198
vn 0.663361 0.009672 0.748237
vn 0.663361 0.009672 0.748237
vn 0.663509 0.005097 0.748151
vn 0.663498 0.005457 0.748159
vn -0.665881 -0.000001 0.746059
vn -0.666083 -0.000001 0.745877
vn -0.669644 0.000001 0.742682
vn -0.669301 -0.000000 0.742992
vn -0.663581 0.000001 0.748105
vn -0.663581 0.000001 0.748105
vn -0.707116 -0.707097 -0.000001
vn -0.707116 -0.707097 -0.000001
vn -0.707116 -0.707097 -0.000001
vn -0.707116 -0.707097 -0.000001
vn 0.000000 -0.663285 0.748367
vn 0.000000 -0.663285 0.748367
vn 0.000000 -0.663285 0.748367
vn 0.000000 -0.663285 0.748367
vn 0.663657 0.000004 0.748037
vn 0.663657 0.000004 0.748037
vn 0.707120 -0.707094 -0.000006
vn 0.707120 -0.707094 -0.000006
vn 0.707120 -0.707094 -0.000006
vn 0.707120 -0.707094 -0.000006
vn 1.000000 -0.000000 -0.000001
vn 1.000000 -0.000000 -0.000001
vn 1.000000 -0.000000 -0.000003
vn 1.000000 -0.000000 -0.000003
vn 1.000000 -0.000002 0.000000
vn 1.000000 -0.000002 0.000000
vn 1.000000 -0.000002 -0.000003
vn 1.000000 -0.000002 -0.000003
vn -0.999956 -0.009413 -0.000142
vn -0.999952 -0.009810 -0.000149
vn -1.000000 -0.000004 0.000015
vn -1.000000 -0.000004 0.000015
vn -0.999794 -0.020293 -0.000324
vn -0.999794 -0.020293 -0.000324
vn 0.942494 0.334222 0.000002
vn 0.942494 0.334222 0.000002
vn 0.942494 0.334222 0.000004
vn 0.942494 0.334222 0.000004
vn 0.942494 0.334223 -0.000001
vn 0.942494 0.334223 -0.000002
vn 0.942494 0.334224 -0.000004
vn 0.942494 0.334224 -0.000004
vn 0.000002 1.000000 -0.000001
vn 0.000002 1.000000 -0.000001
vn 0.000000 1.000000 0.000000
vn 0.000000 1.000000 0.000000
vn 0.000003 1.000000 -0.000002
vn 0.000003 1.000000 -0.000002
vn 0.000000 -1.000000 0.000002
vn -0.000000 -1.000000 0.000002
vn -0.000004 -1.000000 0.000002
vn -0.000004 -1.000000 0.000002
vn 0.000003 -1.000000 0.000002
vn 0.000003 -1.000000 0.000002
vn -0.943048 -0.332657 0.000001
vn -0.943048 -0.332658 0.000002
vn -0.943048 -0.332658 0.000002
vn -0.943048 -0.332657 0.000001
vn -0.943048 -0.332657 -0.000000
vn -0.943048 -0.332657 -0.000000
vn -1.000000 0.000001 -0.000001
vn -1.000000 0.000001 -0.000001
vn -1.000000 0.000001 0.000001
vn -1.000000 0.000001 0.000001
vn -1.000000 0.000001 -0.000002
vn -1.000000 0.000001 -0.000002
vn -1.000000 0.000002 0.000003
vn -1.000000 0.000002 0.000003
vn -1.000000 0.000002 0.000003
vn -1.000000 0.000002 0.000003
vn 0.999970 0.007749 0.000106
vn 0.999972 0.007491 0.000103
vn 1.000000 0.000002 -0.000003
vn 1.000000 0.000002 -0.000003
vn 0.999892 0.014694 0.000205
vn 0.999892 0.014694 0.000205
vn 0.000000 0.000000 1.000000
vn 0.000000 0.000000 1.000000
vn 0.000000 0.000000 1.000000
vn -0.000000 0.000000 1.000000
vn 0.000000 0.000000 1.000000
vn 0.000001 0.000000 1.000000
vn 0.000000 0.000000 1.000000
vn 0.000000 0.000000 1.000000
vn -0.000000 0.000000 1.000000
vn 0.000000 -1.000000 -0.000002
vn 0.000000 -1.000000 -0.000002
vn 0.000000 -1.000000 -0.000002
vn 0.000000 -1.000000 -0.000002
vn -0.000001 -0.000000 1.000000
vn -0.000001 0.000000 1.000000
vn 0.000000 -0.000000 1.000000
vn -0.000001 -0.000000 1.000000
vn 0.000000 -0.000000 1.000000
vn 0.000000 0.000000 1.000000
vn -0.000000 0.000000 1.000000
vn 0.000000 0.000000 1.000000
vn 0.000000 0.000000 1.000000
vn -0.000000 0.000000 1.000000
vn 0.000000 0.000000 1.000000
vn 0.000001 0.000000 1.000000
vn 0.000000 0.000000 1.000000
vn 0.000000 0.000000 1.000000
vn 0.000000 0.000000 1.000000
vn 0.000000 0.000000 1.000000
vn 0.000000 1.000000 0.000000
vn 0.000000 1.000000 0.000000
vn 0.000000 1.000000 0.000000
vn 0.000000 1.000000 0.000000
vn 0.552751 0.552773 0.623625
vn 0.552751 0.552773 0.623625
vn 0.552751 0.552773 0.623625
vn 0.552760 -0.552752 0.623636
vn 0.552760 -0.552752 0.623636
vn 0.552760 -0.552752 0.623636
vn -0.552742 0.552794 0.623615
vn -0.552742 0.552794 0.623615
vn -0.552742 0.552794 0.623615
vn -0.552764 0.552742 0.623641
vn -0.552764 0.552742 0.623641
vn -0.552764 0.552742 0.623641
vn -0.552751 -0.552743 0.623652
vn -0.552751 -0.552743 0.623652
vn -0.552751 -0.552743 0.623652
vn 0.552760 -0.552767 0.623622
vn 0.552760 -0.552767 0.623622
vn 0.552760 -0.552767 0.623622
vn 0.540045 0.194290 0.818903
vn 0.540045 0.194290 0.818903
vn -0.601374 -0.012442 0.798871
vn -0.601374 -0.012442 0.798871
vn -0.417850 0.875161 0.243915
vn -0.417850 0.875161 0.243915
vn -0.707107 -0.707106 0.000006
vn -0.707107 -0.707106 0.000006
vn -0.707106 -0.707108 0.000005
vn -0.707106 -0.707108 0.000005
vn -0.707102 0.707111 0.000003
vn -0.707102 0.707111 0.000003
vn -0.707103 0.707111 -0.000002
vn -0.707103 0.707111 -0.000002
vn -0.707102 0.707112 0.000007
vn -0.707102 0.707112 0.000007
vn -0.663253 -0.000005 0.748395
vn -0.663253 -0.000005 0.748395
vn -0.663263 -0.000000 0.748386
vn -0.663263 -0.000001 0.748387
vn -0.663274 0.000002 0.748377
vn -0.663274 0.000001 0.748377
vn -0.663287 0.000003 0.748365
vn -0.663287 0.000003 0.748365
vn -0.663257 -0.000002 0.748392
vn -0.663256 -0.000002 0.748392
vn -0.663297 0.000002 0.748356
vn -0.663298 0.000002 0.748356
vn -0.663238 0.000002 0.748409
vn -0.663238 0.000002 0.748409
vn -0.663343 0.000000 0.748316
vn -0.663343 -0.000000 0.748316
vn -0.663499 -0.000006 0.748177
vn -0.663497 -0.000006 0.748179
vn -0.663500 -0.000002 0.748176
vn -0.663503 -0.000002 0.748174
vn -0.663434 0.000005 0.748235
vn -0.663434 0.000005 0.748235
vn -0.707104 -0.707110 0.000004
vn -0.707104 -0.707110 0.000004
vn -0.000000 -0.663475 0.748199
vn -0.000000 -0.663475 0.748199
vn -0.000063 -0.662674 0.748908
vn -0.000058 -0.662730 0.748858
vn 0.057413 -0.657726 0.751066
vn 0.053191 -0.658120 0.751031
vn 0.253237 -0.600646 0.758351
vn 0.242363 -0.604973 0.758464
vn 0.584672 -0.811269 -0.001310
vn 0.584672 -0.811269 -0.001310
vn 0.583673 -0.811988 -0.000808
vn 0.583676 -0.811986 -0.000809
vn 0.582517 -0.812819 -0.000227
vn 0.582517 -0.812819 -0.000227
vn -0.628279 -0.189110 0.754654
vn -0.628726 -0.187735 0.754625
vn -0.588118 -0.298139 0.751819
vn -0.588118 -0.298139 0.751819
vn -0.660531 -0.046844 0.749336
vn -0.660526 -0.046905 0.749336
vn -0.224250 -0.622641 0.749687
vn -0.224250 -0.622641 0.749687
vn -0.224250 -0.622641 0.749687
vn -0.224250 -0.622641 0.749687
vn -0.661521 0.037223 0.749002
vn -0.661508 0.037442 0.749003
vn 0.658240 0.000296 0.752809
vn 0.658240 0.000296 0.752809
vn 0.662455 0.000132 0.749101
vn 0.661482 0.000170 0.749961
vn 0.492938 -0.419900 0.762034
vn 0.487055 -0.426422 0.762195
vn 0.622205 -0.210224 0.754100
vn 0.622429 -0.209608 0.754086
vn 0.660055 -0.055185 0.749188
vn 0.660043 -0.055328 0.749188
vn 0.659281 0.062937 0.749258
vn 0.659508 0.060585 0.749252
vn 0.618672 0.221091 0.753899
vn 0.619744 0.218247 0.753848
vn -0.630469 0.184193 0.754044
vn -0.630688 0.183477 0.754035
vn -0.457389 0.446978 0.768769
vn -0.464159 0.440385 0.768517
vn 0.542671 0.839945 -0.000142
vn 0.542699 0.839927 -0.000147
vn 0.538227 0.842799 0.000574
vn 0.538227 0.842799 0.000574
vn 0.546510 0.837452 -0.000763
vn 0.546510 0.837452 -0.000763
vn -0.274940 0.598478 0.752484
vn -0.274940 0.598478 0.752484
vn 0.694071 0.000389 0.719906
vn 0.694071 0.000389 0.719906
vn 0.682194 0.000220 0.731171
vn 0.678632 0.000169 0.734479
vn 0.481682 0.433835 0.761426
vn 0.478150 0.437554 0.761524
vn 0.243688 0.605877 0.757317
vn 0.234925 0.609228 0.757398
vn 0.057337 0.658260 0.750604
vn 0.053320 0.658654 0.750555
vn 0.000060 0.663166 0.748472
vn 0.000056 0.663202 0.748440
vn 0.000003 0.663600 0.748087
vn 0.000003 0.663600 0.748087
vn 0.664719 0.000002 0.747094
vn 0.664803 0.000002 0.747019
vn -0.663314 0.000002 0.748341
vn -0.663314 0.000002 0.748341
vn 0.664787 0.000001 0.747033
vn 0.664873 0.000000 0.746956
vn -1.000000 -0.000006 0.000002
vn -1.000000 -0.000008 0.000008
vn -1.000000 0.000003 0.000003
vn -1.000000 -0.000003 -0.000004
vn -1.000000 0.000004 0.000004
vn -1.000000 0.000001 -0.000007
vn -1.000000 -0.000001 0.000002
vn -1.000000 0.000000 0.000001
vn -1.000000 0.000004 0.000005
vn -1.000000 -0.000001 0.000012
vn -1.000000 -0.000005 0.000013
vn -1.000000 -0.000002 0.000010
vn -1.000000 0.000000 0.000011
vn -1.000000 -0.000005 0.000010
vn 0.000000 -1.000000 -0.000001
vn 0.000000 -1.000000 -0.000001
vn 0.000000 -1.000000 -0.000000
vn 0.000000 -1.000000 0.000000
vn 0.085636 -0.996325 -0.001477
vn -0.316227 -0.948657 -0.007148
vn -0.322860 -0.946382 -0.011054
vn -0.322686 -0.946443 -0.010951
vn -0.316227 -0.948657 -0.007148
vn -0.957481 -0.288478 0.003168
vn -0.889278 -0.457334 0.005426
vn -0.997447 -0.071413 0.000521
vn -0.329880 -0.943901 -0.015199
vn -0.329880 -0.943901 -0.015199
vn 0.377591 -0.925972 -0.001066
vn 0.753345 -0.657612 0.004224
vn 0.996539 -0.083119 -0.000666
vn 0.948546 -0.316626 0.003083
vn 0.995815 0.091395 0.000322
vn -0.998388 0.056760 0.000215
vn -0.959288 0.282403 0.004017
vn -0.406338 0.913699 -0.006692
vn -0.406238 0.913744 -0.006614
vn -0.410238 0.911927 -0.009745
vn -0.410238 0.911927 -0.009745
vn -0.402667 0.915339 -0.003827
vn -0.402667 0.915339 -0.003827
vn -0.886502 0.462656 0.007928
vn -0.000002 -0.000001 1.000000
vn -0.000002 -0.000001 1.000000
vn -0.000001 0.000000 1.000000
vn 0.000000 -0.000000 1.000000
vn 0.000000 0.000000 1.000000
vn 0.000000 0.000000 1.000000
vn 0.000000 0.000000 1.000000
vn 0.000000 0.000000 1.000000
vn 0.000000 0.000000 1.000000
vn 0.000000 0.000000 1.000000
vn -0.000000 0.000000 1.000000
vn 0.000000 0.000000 1.000000
vn 0.000000 0.000000 1.000000
vn -0.000001 0.000000 1.000000
vn 0.000001 0.000000 1.000000
vn 0.000001 0.000000 1.000000
vn 0.000000 0.000000 1.000000
vn -0.000000 0.000000 1.000000
vn 1.000000 -0.000008 0.000006
vn 1.000000 -0.000012 0.000000
vn 1.000000 -0.000007 -0.000000
vn 1.000000 0.000003 -0.000006
vn 1.000000 0.000004 -0.000006
vn 1.000000 -0.000005 -0.000010
vn 1.000000 -0.000008 -0.000006
vn 1.000000 -0.000011 -0.000001
vn 1.000000 -0.000001 0.000006
vn 1.000000 -0.000003 0.000012
vn -0.000001 0.000000 1.000000
vn -0.000001 -0.000000 1.000000
vn -0.000001 0.000000 1.000000
vn 0.000000 0.000000 1.000000
vn -0.000001 0.000000 1.000000
vn -0.000001 0.000000 1.000000
vn 0.000001 0.000000 1.000000
vn -0.000000 -0.000000 1.000000
vn -0.000001 -0.000000 1.000000
vn -0.000000 0.000001 1.000000
vn -0.000000 0.000000 1.000000
vn -0.000002 0.000000 1.000000
vn -0.000001 0.000000 1.000000
vn -0.000001 -0.000001 1.000000
vn -1.000000 0.000001 -0.000006
vn -1.000000 -0.000005 -0.000005
vn 0.943539 0.331237 0.004075
vn 0.738241 0.674516 0.005304
vn 0.363695 0.931518 0.000538
vn 0.084586 0.996414 -0.001968
vn 0.001014 0.999999 -0.000911
vn 0.000004 1.000000 0.000000
vn 0.000004 1.000000 0.000004
vn 0.000004 1.000000 -0.000003
vn 0.000000 0.000000 1.000000
vn 0.000000 0.000000 1.000000
vn -0.552781 -0.552746 0.623623
vn -0.552781 -0.552746 0.623623
vn -0.552781 -0.552746 0.623623
vn 0.398625 -0.450468 0.798860
vn 0.398625 -0.450468 0.798860
vn 0.398625 -0.450468 0.798860
vn 0.398625 -0.450468 0.798860
vn 0.362333 0.476344 0.801131
vn 0.362333 0.476344 0.801131
vn 0.362333 0.476344 0.801131
vn 0.362333 0.476344 0.801131
vn -0.552719 0.552789 0.623639
vn -0.552719 0.552789 0.623639
vn -0.552719 0.552789 0.623639
vn -0.624574 0.780965 0.000988
vn -0.624574 0.780965 0.000988
vn -0.624574 0.780965 0.000988
vn -0.624574 0.780965 0.000988
vn -0.646817 0.121217 0.752951
vn -0.647794 0.121451 0.752073
vn -0.638616 0.119255 0.760229
vn -0.638616 0.119255 0.760229
vn -0.655715 0.123317 0.744870
vn -0.655792 0.123332 0.744800
vn -0.015080 0.665881 0.745905
vn -0.021982 0.666435 0.745239
vn -0.000001 0.665304 0.746573
vn -0.000001 0.665227 0.746641
vn -0.655861 0.123348 0.744736
vn -0.655755 0.123328 0.744833
vn -0.651228 0.122413 0.748944
vn -0.651153 0.122398 0.749011
vn -0.001254 0.658224 0.752821
vn -0.001429 0.657147 0.753762
vn -0.002686 0.649316 0.760514
vn -0.002686 0.649316 0.760514
vn -0.647204 0.121591 0.752557
vn -0.647204 0.121591 0.752557
vn -0.769707 -0.638397 -0.000227
vn -0.769707 -0.638397 -0.000227
vn -0.769707 -0.638397 -0.000227
vn -0.769707 -0.638397 -0.000227
vn -0.000158 -0.658332 0.752728
vn -0.000158 -0.658332 0.752728
vn -0.000158 -0.658332 0.752728
vn -0.000158 -0.658332 0.752728
vn 0.652181 0.758063 0.001006
vn 0.652181 0.758063 0.001006
vn 0.652181 0.758063 0.001006
vn 0.652181 0.758063 0.001006
vn 0.653248 0.127552 0.746323
vn 0.653033 0.129730 0.746135
vn 0.654645 0.123117 0.745843
vn 0.654539 0.123097 0.745940
vn 0.769318 0.638864 0.001864
vn 0.769318 0.638864 0.001864
vn 0.769318 0.638864 0.001864
vn 0.769318 0.638864 0.001864
vn 0.666699 -0.084615 0.740508
vn 0.666697 -0.084610 0.740511
vn 0.673336 -0.096387 0.733027
vn 0.673336 -0.096387 0.733027
vn 0.659441 -0.072030 0.748297
vn 0.659441 -0.072030 0.748297
vn 0.001286 0.679247 0.733908
vn 0.001286 0.679247 0.733908
vn 0.001286 0.679247 0.733908
vn 0.001286 0.679247 0.733908
vn 0.768377 -0.639998 -0.000337
vn 0.768377 -0.639998 -0.000337
vn 0.768377 -0.639998 -0.000337
vn 0.768377 -0.639998 -0.000337
vn 0.651021 0.122408 0.749125
vn 0.650863 0.122378 0.749267
vn 0.646158 0.121469 0.753475
vn 0.646158 0.121469 0.753475
vn 0.656499 0.123464 0.744154
vn 0.656372 0.123440 0.744271
vn 0.001035 -0.644558 0.764555
vn 0.001035 -0.644558 0.764555
vn 0.001035 -0.644558 0.764555
vn 0.001035 -0.644558 0.764555
vn 0.656232 0.123416 0.744398
vn 0.656338 0.123436 0.744301
vn -0.741693 0.670737 0.001900
vn -0.741693 0.670737 0.001900
vn -0.741693 0.670737 0.001900
vn -0.741693 0.670737 0.001900
vn -0.650997 -0.079378 0.754918
vn -0.647167 -0.068944 0.759224
vn -0.658104 -0.083841 0.748245
vn -0.658104 -0.083841 0.748245
vn -0.659580 -0.071932 0.748184
vn -0.659580 -0.071932 0.748184
vn 0.645665 -0.763619 0.001882
vn 0.645665 -0.763619 0.001882
vn 0.645665 -0.763619 0.001882
vn 0.645665 -0.763619 0.001882
vn 0.654091 -0.110269 0.748335
vn 0.654091 -0.110269 0.748335
vn 0.644268 -0.122383 0.754944
vn 0.627786 -0.142143 0.765297
vn -0.660165 -0.751120 0.000888
vn -0.660165 -0.751120 0.000888
vn -0.660165 -0.751120 0.000888
vn -0.660165 -0.751120 0.000888
vn -0.641078 -0.110585 0.759467
vn -0.640947 -0.112944 0.759231
vn -0.617237 -0.135671 0.774992
vn -0.631273 -0.118003 0.766531
vn -0.635715 -0.771923 -0.000887
vn -0.635715 -0.771923 -0.000887
vn -0.635715 -0.771923 -0.000887
vn -0.635715 -0.771923 -0.000887
vn -0.012779 -0.643025 0.765738
vn -0.028742 -0.634096 0.772720
vn 0.027872 -0.635405 0.771676
vn 0.015009 -0.642703 0.765968
vn 0.658270 -0.752782 -0.000914
vn 0.658270 -0.752782 -0.000914
vn 0.658269 -0.752782 -0.000914
vn 0.658270 -0.752782 -0.000914
vn -0.982772 0.184823 0.000001
vn -0.982772 0.184823 0.000001
vn -0.982771 0.184826 0.000004
vn -0.982771 0.184826 0.000004
vn -0.982772 0.184822 -0.000000
vn -0.982772 0.184822 -0.000000
vn -0.982771 0.184826 -0.000003
vn -0.982771 0.184825 -0.000003
vn 0.000000 1.000000 -0.000001
vn 0.000000 1.000000 -0.000001
vn 0.000000 1.000000 -0.000001
vn 0.000000 1.000000 -0.000001
vn 0.000000 1.000000 -0.000000
vn 0.000000 1.000000 -0.000000
vn -0.982771 0.184826 -0.000008
vn -0.982771 0.184826 -0.000008
vn -0.982772 0.184824 -0.000009
vn -0.982772 0.184824 -0.000009
vn 0.000000 1.000000 0.000000
vn 0.000000 1.000000 0.000000
vn 0.992085 -0.125571 0.000202
vn 0.992206 -0.124609 0.000180
vn 0.989991 -0.141129 0.000567
vn 0.989991 -0.141129 0.000567
vn 0.994078 -0.108669 -0.000193
vn 0.994078 -0.108669 -0.000193
vn 0.982772 0.184824 0.000006
vn 0.982772 0.184824 0.000006
vn 0.982771 0.184829 0.000005
vn 0.982771 0.184829 0.000005
vn 0.982772 0.184823 0.000005
vn 0.982772 0.184823 0.000005
vn 0.982771 0.184827 0.000000
vn 0.982771 0.184827 -0.000000
vn 0.982771 0.184826 -0.000003
vn 0.982771 0.184826 -0.000003
vn 0.982772 0.184822 -0.000003
vn 0.982772 0.184822 -0.000003
vn -0.991915 -0.126904 -0.000034
vn -0.989640 -0.143569 0.000421
vn -0.989640 -0.143569 0.000421
vn -0.992067 -0.125712 -0.000066
vn -0.994079 -0.108659 -0.000531
vn -0.994079 -0.108659 -0.000531
vn 0.000000 -1.000000 -0.000001
vn 0.000000 -1.000000 -0.000001
vn 0.000000 -1.000000 -0.000001
vn 0.000000 -1.000000 -0.000001
vn 0.000000 -1.000000 0.000000
vn 0.000000 -1.000000 0.000000
vn 0.000000 -1.000000 0.000000
vn 0.000000 -1.000000 0.000000
vn -0.000000 0.000000 1.000000
vn -0.000000 0.000000 1.000000
vn 0.000000 0.000000 1.000000
vn 0.000000 0.000000 1.000000
vn 0.000000 0.000000 1.000000
vn -0.000000 0.000000 1.000000
vn -0.000000 0.000000 1.000000
vn 0.000000 0.000000 1.000000
vn 0.000011 0.000000 1.000000
vn -0.000001 0.000000 1.000000
vn 0.000008 0.000000 1.000000
vn 0.000007 0.000000 -1.000000
vn 0.000000 0.000000 -1.000000
vn 0.000000 0.000000 1.000000
vn 0.000000 0.000000 1.000000
vn -0.000000 0.000000 1.000000
vn -0.000000 0.000000 1.000000
vn 0.000001 0.000000 1.000000
vn 0.000000 0.000000 1.000000
vn -0.987092 -0.160156 0.000002
vn -0.987092 -0.160156 0.000002
vn -0.987092 -0.160156 0.000002
vn -0.987092 -0.160156 0.000002
vn 0.986086 -0.166237 0.000005
vn 0.986086 -0.166237 0.000005
vn 0.986086 -0.166237 0.000005
vn 0.986086 -0.166237 0.000005
vn -0.000001 -0.000000 1.000000
vn -0.000001 -0.000000 1.000000
vn -0.000001 -0.000000 1.000000
vn -0.000001 -0.000000 1.000000
vn -0.000001 0.000000 1.000000
vn 0.000000 0.000000 1.000000
vn 0.000000 0.000000 1.000000
vn 0.000000 0.000000 1.000000
vn 0.000000 0.000000 1.000000
vn 0.000000 1.000000 0.000002
vn 0.000000 1.000000 0.000002
vn 0.000000 1.000000 0.000002
vn 0.000000 1.000000 0.000002
vn 0.000000 -1.000000 0.000000
vn 0.000000 -1.000000 0.000000
vn 0.000000 -1.000000 0.000000
vn 0.000000 -1.000000 0.000000
vn -0.450630 0.633898 0.628574
vn -0.585662 -0.485788 0.648853
vn -0.585662 -0.485788 0.648853
vn -0.585662 -0.485788 0.648853
vn 0.539791 0.560044 0.628471
vn 0.442304 0.319950 0.837854
vn 0.442304 0.319950 0.837854
vn 0.442304 0.319950 0.837854
vn 0.442304 0.319950 0.837854
vn -0.118885 -0.692960 0.711106
vn -0.118885 -0.692960 0.711107
vn -0.118885 -0.692960 0.711107
vn -0.118885 -0.692960 0.711107
vn 0.580137 -0.488830 0.651526
vn 0.580137 -0.488830 0.651526
vn 0.580137 -0.488830 0.651526
vn -0.451998 0.303424 0.838827
vn -0.451999 0.303424 0.838827
vn 0.120742 -0.695254 0.708550
vn 0.120742 -0.695254 0.708550
vn 0.120742 -0.695254 0.708550
vn 0.120742 -0.695254 0.708550
vn 0.516788 -0.611184 0.599487
vn 0.516788 -0.611184 0.599487
vn 0.516788 -0.611184 0.599487
vn -0.542875 -0.558430 0.627251
vn -0.707114 -0.707100 -0.000008
vn -0.707114 -0.707100 -0.000008
vn -0.707114 -0.707100 -0.000008
vn -0.707114 -0.707100 -0.000008
vn -0.000001 -0.663323 0.748334
vn -0.000001 -0.663323 0.748334
vn -0.000002 -0.663310 0.748345
vn -0.000002 -0.663310 0.748344
vn 0.000000 -0.663335 0.748323
vn 0.000000 -0.663335 0.748323
vn -0.663424 -0.000001 0.748244
vn -0.663424 -0.000001 0.748244
vn -0.663727 -0.000001 0.747975
vn -0.663713 -0.000001 0.747987
vn 0.707060 -0.707154 0.000000
vn 0.707060 -0.707153 0.000000
vn 0.707060 -0.707154 0.000000
vn 0.707060 -0.707154 0.000000
vn 0.663441 -0.000001 0.748229
vn 0.663441 -0.000001 0.748229
vn 0.664042 -0.000001 0.747696
vn 0.664004 -0.000001 0.747729
vn 0.664470 0.000001 0.747315
vn 0.664483 0.000001 0.747304
vn 0.664396 0.000002 0.747381
vn 0.664396 0.000002 0.747381
vn -0.664873 0.000003 0.746956
vn -0.664780 0.000002 0.747039
vn -0.665912 0.000002 0.746031
vn -0.665869 0.000003 0.746069
vn -0.665326 -0.000002 0.746553
vn -0.665444 -0.000002 0.746448
vn -0.664051 0.000001 0.747687
vn -0.664100 0.000000 0.747644
vn -0.663415 -0.000001 0.748252
vn -0.663418 -0.000001 0.748249
vn 0.665253 -0.000017 0.746618
vn 0.665913 -0.000021 0.746030
vn 0.669712 -0.000043 0.742621
vn 0.669712 -0.000043 0.742621
vn 0.661215 0.000006 0.750196
vn 0.661215 0.000006 0.750196
vn 0.585111 -0.810949 -0.002368
vn 0.585111 -0.810949 -0.002368
vn 0.585111 -0.810949 -0.002368
vn 0.585111 -0.810949 -0.002368
vn -0.225755 -0.631238 0.742007
vn -0.225755 -0.631238 0.742007
vn -0.225755 -0.631238 0.742007
vn -0.225755 -0.631238 0.742007
vn -0.132018 0.645741 0.752057
vn -0.132018 0.645741 0.752057
vn -0.310297 0.567874 0.762388
vn -0.312177 0.566906 0.762341
vn 0.629825 0.776736 0.001633
vn 0.629825 0.776736 0.001633
vn 0.629825 0.776736 0.001633
vn 0.629825 0.776736 0.001633
vn 0.033738 0.664205 0.746789
vn 0.031028 0.664104 0.746996
vn 0.258016 0.599200 0.757883
vn 0.275891 0.591810 0.757394
vn -0.000162 0.662982 0.748635
vn -0.000149 0.663027 0.748596
vn 0.000001 0.663541 0.748140
vn 0.000001 0.663541 0.748140
vn -0.663329 -0.000003 0.748328
vn -0.663329 -0.000003 0.748327
vn -0.663353 0.000002 0.748307
vn -0.663353 0.000002 0.748307
vn -0.707135 0.707078 0.000002
vn -0.707135 0.707078 0.000002
vn -0.707135 0.707078 0.000002
vn -0.707135 0.707078 0.000002
vn -0.640123 -0.182949 0.746171
vn -0.640153 -0.182958 0.746144
vn -0.646893 -0.184895 0.739827
vn -0.646085 -0.184664 0.740590
vn -0.637960 -0.182323 0.748175
vn -0.637960 -0.182323 0.748175
vn -0.648587 -0.185357 0.738226
vn -0.649202 -0.185540 0.737639
vn -0.000004 -0.666655 0.745366
vn -0.000004 -0.666655 0.745366
vn 0.000365 -0.661607 0.749851
vn 0.000288 -0.662670 0.748912
vn -0.646862 -0.184845 0.739866
vn -0.646862 -0.184845 0.739866
vn 0.798175 -0.602425 -0.000843
vn 0.798175 -0.602425 -0.000843
vn 0.798175 -0.602425 -0.000843
vn 0.798175 -0.602425 -0.000843
vn 0.000582 -0.658633 0.752464
vn 0.000582 -0.658633 0.752464
vn 0.630458 0.179410 0.755205
vn 0.630458 0.179410 0.755205
vn 0.636950 0.181432 0.749251
vn 0.636873 0.181408 0.749322
vn 0.643468 0.183469 0.743161
vn 0.643482 0.183472 0.743148
vn 0.635914 -0.091009 0.766375
vn 0.635908 -0.091061 0.766374
vn 0.638696 -0.070042 0.766265
vn 0.639279 -0.064407 0.766273
vn 0.558030 0.313369 0.768377
vn 0.567333 0.297648 0.767815
vn -0.625338 -0.224438 0.747382
vn -0.625338 -0.224438 0.747382
vn -0.649387 -0.073857 0.756863
vn -0.650824 -0.060063 0.756849
vn -0.586927 0.264908 0.765075
vn -0.582690 0.273241 0.765384
vn 0.000000 -1.000000 0.000000
vn 0.000000 -1.000000 0.000000
vn 0.000000 -1.000000 0.000000
vn 0.000000 -1.000000 0.000000
vn 0.000000 -1.000000 0.000001
vn 0.000000 -1.000000 0.000001
vn 1.000000 0.000001 0.000000
vn 1.000000 0.000001 0.000000
vn 1.000000 0.000001 0.000000
vn 1.000000 0.000001 0.000000
vn 1.000000 -0.000001 0.000000
vn 1.000000 -0.000001 0.000000
vn 1.000000 0.000000 0.000000
vn 1.000000 0.000000 0.000000
vn -0.000000 0.000000 1.000000
vn 0.000000 0.000000 1.000000
vn -0.000001 0.000000 1.000000
vn -0.000000 0.000000 1.000000
vn -0.000001 -0.000000 1.000000
vn -0.000000 0.000000 1.000000
vn -0.000000 0.000000 1.000000
vn 0.000001 0.000000 1.000000
vn 0.000000 0.000000 1.000000
vn -0.000000 0.000000 1.000000
vn -0.000001 0.000000 1.000000
vn 0.000001 0.000000 1.000000
vn 0.000000 0.000000 1.000000
vn 0.000000 -0.000000 1.000000
vn -0.000001 0.000000 1.000000
vn -0.000001 0.000000 1.000000
vn 0.000001 0.000000 1.000000
vn -0.000002 0.000001 1.000000
vn -0.961502 -0.274799 -0.000004
vn -0.961502 -0.274799 -0.000003
vn -0.961502 -0.274797 -0.000006
vn -0.961502 -0.274797 -0.000006
vn -0.961502 -0.274798 -0.000000
vn -0.961502 -0.274798 -0.000000
vn -0.961502 -0.274798 -0.000002
vn -0.961502 -0.274798 -0.000002
vn 0.000000 -1.000000 -0.000000
vn 0.000000 -1.000000 -0.000000
vn 0.000000 -1.000000 0.000000
vn 0.000000 -1.000000 0.000000
vn 0.000000 -1.000000 -0.000000
vn 0.000000 -1.000000 -0.000000
vn 0.961673 0.274197 0.000005
vn 0.961673 0.274197 0.000005
vn 0.961673 0.274198 0.000006
vn 0.961674 0.274197 0.000006
vn 0.961675 0.274191 0.000002
vn 0.961675 0.274191 0.000002
vn 0.961675 0.274192 0.000003
vn 0.961675 0.274192 0.000003
vn 0.000001 1.000000 -0.000005
vn 0.000002 1.000000 -0.000005
vn 0.055395 0.998456 -0.004048
vn 0.062880 0.998011 -0.004594
vn 0.000012 1.000000 -0.000001
vn 0.000012 1.000000 -0.000001
vn 0.105349 0.994406 -0.007691
vn 0.105349 0.994406 -0.007691
vn 0.617078 0.786873 0.006731
vn 0.617078 0.786873 0.006731
vn 0.617078 0.786873 0.006731
vn 0.617078 0.786873 0.006731
vn 0.978249 0.206988 0.013580
vn 0.978249 0.206988 0.013580
vn 0.978249 0.206988 0.013580
vn 0.978249 0.206988 0.013580
vn -0.000000 0.000000 1.000000
vn -0.000001 0.000001 1.000000
vn -0.000000 -0.000000 1.000000
vn -0.000000 -0.000000 1.000000
vn -0.000000 -0.000000 1.000000
vn -0.000000 0.000000 1.000000
vn -0.000001 -0.000000 1.000000
vn -0.000002 0.000000 1.000000
vn -0.000001 0.000000 1.000000
vn -0.000001 -0.000000 1.000000
vn -0.000001 0.000000 1.000000
vn -0.000000 0.000000 1.000000
vn -0.000001 0.000002 1.000000
vn 0.911085 -0.412173 0.006140
vn 0.911085 -0.412173 0.006140
vn 0.911085 -0.412173 0.006140
vn 0.911085 -0.412173 0.006140
vn -0.961501 -0.274801 0.000001
vn -0.961501 -0.274801 0.000001
vn 0.000000 0.000000 1.000000
vn 0.000000 0.000000 1.000000
vn 0.000000 0.000000 1.000000
vn 0.000000 0.000000 1.000000
vn -0.000000 0.000000 1.000000
vn -0.000000 0.000000 1.000000
vn 0.000000 0.000000 1.000000
vn 0.000000 -0.000000 1.000000
vn 0.000000 -0.000000 1.000000
vn 0.000000 0.000000 1.000000
vn -1.000000 0.000001 0.000000
vn -1.000000 0.000001 -0.000000
vn -1.000000 -0.000001 -0.000001
vn -1.000000 -0.000001 -0.000001
vn -1.000000 0.000002 0.000003
vn -1.000000 0.000002 0.000003
vn -1.000000 -0.000001 0.000000
vn -1.000000 -0.000001 0.000000
vn -1.000000 -0.000002 -0.000001
vn -1.000000 -0.000002 -0.000001
vn -1.000000 -0.000003 -0.000003
vn -1.000000 -0.000003 -0.000003
vn -1.000000 -0.000002 -0.000004
vn -1.000000 -0.000002 -0.000004
vn -1.000000 -0.000001 0.000000
vn -1.000000 -0.000001 -0.000000
vn -1.000000 0.000000 -0.000005
vn -1.000000 0.000000 -0.000005
vn -0.315824 -0.948470 -0.025681
vn -0.315824 -0.948470 -0.025681
vn -0.315824 -0.948470 -0.025681
vn -0.315824 -0.948470 -0.025681
vn -0.929066 -0.369823 0.008172
vn -0.989858 -0.142008 0.003857
vn -0.993819 -0.110961 0.003264
vn -0.929066 -0.369823 0.008172
vn -0.991077 0.133280 -0.001440
vn -0.991077 0.133280 -0.001440
vn -0.687945 0.725744 0.005240
vn -0.687945 0.725744 0.005240
vn -0.687945 0.725744 0.005240
vn -0.687945 0.725744 0.005240
vn -0.202494 0.979280 0.002434
vn -0.202494 0.979281 0.002434
vn -0.202494 0.979280 0.002434
vn -0.202494 0.979281 0.002434
vn 1.000000 -0.000002 -0.000004
vn 1.000000 -0.000003 -0.000004
vn 1.000000 -0.000009 -0.000000
vn 1.000000 -0.000009 -0.000000
vn 1.000000 0.000004 -0.000007
vn 1.000000 0.000004 -0.000007
vn -0.000000 -0.000000 1.000000
vn -0.552798 -0.552733 0.623619
vn -0.552798 -0.552733 0.623619
vn -0.552798 -0.552733 0.623619
vn 0.552727 -0.552792 0.623630
vn 0.552727 -0.552792 0.623630
vn 0.552727 -0.552792 0.623630
vn 0.121444 -0.711508 0.692103
vn 0.121444 -0.711508 0.692103
vn 0.121444 -0.711509 0.692103
vn 0.121444 -0.711508 0.692103
vn 0.340015 -0.453660 0.823761
vn 0.340015 -0.453660 0.823761
vn 0.340015 -0.453660 0.823761
vn 0.340015 -0.453660 0.823761
vn 0.306195 0.365043 0.879198
vn 0.306195 0.365043 0.879198
vn 0.306195 0.365043 0.879198
vn 0.306195 0.365043 0.879198
vn -0.552798 0.552733 0.623619
vn -0.552798 0.552733 0.623619
vn -0.552798 0.552733 0.623619
vn 0.594265 -0.448551 0.667571
vn 0.594265 -0.448551 0.667571
vn 0.594265 -0.448551 0.667571
vn 0.200849 -0.671845 0.712940
vn 0.200849 -0.671845 0.712940
vn 0.200849 -0.671845 0.712940
vn 0.200849 -0.671846 0.712940
vn 0.814918 0.579576 -0.000881
vn 0.814918 0.579576 -0.000881
vn 0.814918 0.579576 -0.000881
vn 0.814918 0.579576 -0.000881
vn 0.655462 -0.077808 0.751209
vn 0.655670 -0.076271 0.751185
vn 0.634359 -0.186198 0.750280
vn 0.634864 -0.184399 0.750296
vn 0.663893 -0.000019 0.747828
vn 0.663884 -0.000017 0.747835
vn 0.663769 0.000003 0.747938
vn 0.663769 0.000003 0.747938
vn 0.620377 -0.215364 0.754155
vn 0.620631 -0.215459 0.753920
vn 0.000000 -0.663320 0.748336
vn 0.000000 -0.663320 0.748336
vn 0.000000 -0.663325 0.748331
vn 0.000000 -0.663325 0.748331
vn 0.000000 -0.663317 0.748338
vn 0.000000 -0.663317 0.748338
vn 0.707118 -0.707095 0.000000
vn 0.707118 -0.707095 0.000000
vn 0.707118 -0.707095 0.000000
vn 0.707118 -0.707095 0.000000
vn 0.000000 -0.663319 0.748337
vn 0.000000 -0.663319 0.748337
vn 0.607232 0.794524 0.000231
vn 0.607232 0.794524 0.000231
vn 0.607232 0.794524 0.000231
vn 0.607232 0.794524 0.000231
vn -0.000456 0.658544 0.752542
vn -0.000456 0.658544 0.752542
vn -0.000456 0.658544 0.752542
vn -0.000456 0.658544 0.752542
vn 0.645100 0.175393 0.743696
vn 0.645100 0.175393 0.743696
vn 0.676739 0.175080 0.715102
vn 0.676659 0.175081 0.715178
vn 0.704876 0.174508 0.687530
vn 0.704876 0.174508 0.687530
vn -0.620301 -0.212393 0.755060
vn -0.620609 -0.212501 0.754777
vn -0.614865 -0.210483 0.760025
vn -0.614865 -0.210483 0.760025
vn -0.634978 -0.186084 0.749784
vn -0.635482 -0.184312 0.749794
vn -0.810835 0.585274 -0.001280
vn -0.810835 0.585274 -0.001280
vn -0.810835 0.585274 -0.001280
vn -0.810835 0.585274 -0.001280
vn -0.655555 -0.077422 0.751168
vn -0.655454 -0.078199 0.751176
vn -0.707104 -0.707109 0.000000
vn -0.707104 -0.707109 0.000000
vn -0.707104 -0.707109 0.000000
vn -0.707104 -0.707109 0.000000
vn -0.663511 -0.000009 0.748166
vn -0.663513 -0.000009 0.748164
vn -0.663451 0.000000 0.748219
vn -0.663451 0.000000 0.748219
vn -0.677582 0.173216 0.714758
vn -0.677664 0.173212 0.714681
vn -0.646514 0.174579 0.742659
vn -0.646514 0.174579 0.742659
vn -0.705596 0.171666 0.687507
vn -0.705596 0.171666 0.687507
vn 0.000449 0.658358 0.752705
vn 0.000449 0.658358 0.752705
vn 0.000449 0.658358 0.752705
vn 0.000449 0.658358 0.752705
vn -0.609040 0.793140 0.000340
vn -0.609040 0.793140 0.000340
vn -0.609040 0.793140 0.000340
vn -0.609040 0.793140 0.000340
vn 0.616163 -0.213795 0.758047
vn 0.616163 -0.213795 0.758047
vn 0.000001 0.000000 1.000000
vn 0.000000 0.000000 1.000000
vn -0.000000 0.000000 1.000000
vn 0.000000 0.000000 1.000000
vn 0.000000 0.000000 1.000000
vn 0.000000 0.000000 1.000000
vn 0.000000 0.000000 1.000000
vn 0.968964 0.247201 0.000438
vn 0.964924 0.262529 -0.000165
vn 0.964924 0.262529 -0.000165
vn 0.968624 0.248531 0.000386
vn 0.972048 0.234779 0.000925
vn 0.972048 0.234779 0.000925
vn -0.946054 -0.324009 0.000004
vn -0.946054 -0.324009 0.000005
vn -0.946053 -0.324013 0.000000
vn -0.946053 -0.324013 0.000000
vn -0.959288 -0.282419 0.002239
vn -0.960461 -0.278402 0.002453
vn -0.992915 -0.118801 0.002367
vn -0.992704 -0.120554 0.002402
vn -1.000000 0.000000 0.000000
vn -1.000000 0.000000 0.000000
vn -1.000000 0.000000 0.000000
vn -1.000000 0.000000 0.000000
vn 0.000000 -1.000000 0.000000
vn 0.000000 -1.000000 0.000001
vn 0.000000 -1.000000 0.000001
vn 0.000000 -1.000000 0.000000
vn 0.000000 -1.000000 0.000000
vn 0.000000 -1.000000 0.000000
vn 0.000000 -1.000000 0.000000
vn 0.000000 -1.000000 0.000000
vn 1.000000 -0.000002 0.000008
vn 1.000000 -0.000002 0.000008
vn 1.000000 -0.000004 0.000005
vn 1.000000 -0.000004 0.000005
vn 0.993202 -0.116364 0.003088
vn 0.992777 -0.119930 0.003183
vn -0.969707 0.244270 0.000425
vn -0.969367 0.245618 0.000376
vn -0.965411 0.260734 -0.000182
vn -0.965411 0.260734 -0.000182
vn -0.972994 0.230830 0.000919
vn -0.972994 0.230830 0.000919
vn 0.944634 -0.328126 -0.000002
vn 0.944634 -0.328128 -0.000001
vn 0.960476 -0.278346 0.003196
vn 0.959293 -0.282398 0.002939
vn 0.944636 -0.328121 -0.000005
vn 0.944636 -0.328121 -0.000005
vn 0.000001 0.000000 1.000000
vn 0.000001 0.000000 1.000000
vn 0.000000 0.000000 1.000000
vn 0.000000 0.000000 1.000000
vn 0.000000 0.000000 1.000000
vn 0.000000 1.000000 -0.000000
vn 0.000000 1.000000 -0.000000
vn 0.000000 1.000000 -0.000000
vn 0.000000 1.000000 -0.000000
vn 0.000000 0.000000 1.000000
vn 0.000001 -0.000000 1.000000
vn 0.000001 -0.000000 1.000000
vn 0.000000 0.000000 1.000000
vn -0.000000 0.000000 1.000000
vn -0.000000 0.000000 1.000000
vn -0.000000 0.000000 1.000000
vn -0.000000 0.000000 1.000000
vn -0.000001 1.000000 0.000002
vn -0.000001 1.000000 0.000002
vn -0.000001 1.000000 0.000002
vn -0.000001 1.000000 0.000002
vn 0.552754 -0.552808 0.623592
vn 0.552754 -0.552808 0.623592
vn 0.552754 -0.552808 0.623592
vn 0.480785 0.629168 0.610732
vn 0.480785 0.629168 0.610732
vn 0.480785 0.629168 0.610732
vn -0.584409 0.433724 0.685821
vn -0.584409 0.433724 0.685821
vn -0.584409 0.433724 0.685821
vn -0.552776 -0.552758 0.623616
vn -0.552776 -0.552758 0.623616
vn -0.552776 -0.552758 0.623616
vn -0.486117 0.627208 0.608523
vn -0.486117 0.627208 0.608523
vn -0.486117 0.627208 0.608523
vn 0.596413 0.424158 0.681455
vn 0.596413 0.424158 0.681455
vn 0.596413 0.424158 0.681455
vn 0.000001 0.000000 1.000000
vn 0.000001 0.000000 1.000000
vn 0.000001 0.000000 1.000000
vn 0.000001 0.000000 1.000000
vn 0.005316 0.849170 0.528093
vn 0.005316 0.849170 0.528093
vn 0.005316 0.849170 0.528093
vn 0.005316 0.849170 0.528093
vn 0.725197 -0.688542 -0.000401
vn 0.725197 -0.688542 -0.000401
vn 0.725197 -0.688542 -0.000401
vn 0.725197 -0.688542 -0.000401
vn 1.000000 0.000102 0.000321
vn 1.000000 0.000102 0.000321
vn 1.000000 0.000102 0.000321
vn 1.000000 0.000102 0.000321
vn 0.626748 0.779220 0.002117
vn 0.626748 0.779220 0.002117
vn 0.626748 0.779220 0.002117
vn 0.626748 0.779219 0.002117
vn 0.001190 0.999998 0.001732
vn 0.001190 0.999998 0.001732
vn 0.001190 0.999998 0.001732
vn 0.001190 0.999998 0.001732
vn 0.744259 0.667888 0.001827
vn 0.744259 0.667888 0.001827
vn 0.744259 0.667888 0.001827
vn 0.744259 0.667888 0.001827
vn 0.999999 0.000275 0.001117
vn 0.999999 0.000275 0.001117
vn 0.999999 0.000275 0.001117
vn 0.999999 0.000275 0.001117
vn 0.999999 0.000000 0.001328
vn 0.999999 0.000000 0.001328
vn 0.999999 0.000000 0.001328
vn 0.999999 0.000000 0.001328
vn 0.999999 -0.000000 0.001328
vn 0.999999 -0.000000 0.001328
vn 0.999999 -0.000000 0.001328
vn 0.999999 -0.000000 0.001328
vn 0.663309 0.748338 0.003454
vn 0.663309 0.748338 0.003454
vn 0.663309 0.748338 0.003454
vn 0.663309 0.748338 0.003454
g FCSET_Legendary_001_0p924_0p982_0p619 FCSET_typeMesh1_001_0p064_0p922_0p367 Sign group1 Legendary
usemtl lambert1SG
f 1038/1101/1987 1042/1102/1988 1041/1103/1989 1043/1104/1990
f 1039/1105/1991 1041/1103/1989 1042/1102/1988 1040/1106/1992
f 1044/1107/1993 1046/1108/1994 1047/1109/1995 1045/1110/1996
f 1048/1111/1997 1053/1112/1998 1051/1113/1999 1049/1114/2000
f 1049/1114/2000 1051/1113/1999 1052/1115/2001 1050/1116/2002
f 1050/1116/2002 1052/1115/2001 1133/1117/2003 1129/1118/2004
f 1052/1115/2001 1051/1113/1999 1493/1119/2005
f 1493/1119/2005 1051/1113/1999 1494/1120/2006
f 1051/1113/1999 1055/1121/2007 1494/1120/2006
f 1051/1113/1999 1053/1112/1998 1054/1122/2008 1055/1121/2007
f 1056/1123/2009 1143/1124/2010 1066/1125/2011 1141/1126/2012
f 1057/1127/2013 1074/1128/2014 1073/1129/2015 1058/1130/2016
f 1057/1127/2013 1077/1131/2017 1075/1132/2018 1074/1128/2014
f 1058/1130/2016 1073/1129/2015 1067/1133/2019 1059/1134/2020
f 1059/1134/2020 1067/1133/2019 1068/1135/2021 1060/1136/2022
f 1060/1136/2022 1068/1135/2021 1069/1137/2023 1061/1138/2024
f 1061/1138/2024 1069/1137/2023 1070/1139/2025 1062/1140/2026
f 1062/1140/2026 1070/1139/2025 1071/1141/2027 1063/1142/2028
f 1063/1142/2028 1071/1141/2027 1072/1143/2029 1064/1144/2030
f 1064/1144/2030 1072/1143/2029 1142/1145/2031 1065/1146/2032
f 1065/1146/2032 1142/1145/2031 1141/1126/2012 1066/1125/2011
f 1075/1132/2018 1077/1131/2017 1078/1147/2033 1076/1148/2034
f 1079/1149/2035 1081/1150/2036 1082/1151/2037 1080/1152/2038
f 1083/1154/2039 1112/1157/2040 1113/1158/2041 1084/1155/2042
f 1083/1154/2039 1101/1153/2043 1111/1159/2044 1112/1157/2040
f 1084/1155/2042 1113/1158/2041 1114/1160/2045 1085/1156/2046
f 1086/1161/2047 1088/1162/2048 1089/1163/2049 1087/1164/2050
f 1088/1162/2048 1090/1165/2051 1091/1166/2052 1089/1163/2049
f 1090/1165/2051 1102/1167/2053 1092/1168/2054 1091/1166/2052
f 1092/1168/2054 1102/1167/2053 1103/1169/2055 1093/1170/2056
f 1093/1170/2056 1103/1169/2055 1104/1171/2057 1094/1172/2058
f 1094/1172/2058 1104/1171/2057 1105/1173/2059 1095/1174/2060
f 1095/1174/2060 1105/1173/2059 1106/1175/2061 1096/1176/2062
f 1096/1176/2062 1106/1175/2061 1107/1177/2063 1097/1178/2064
f 1097/1178/2064 1107/1177/2063 1108/1179/2065 1098/1180/2066
f 1098/1180/2066 1108/1179/2065 1109/1181/2067 1099/1182/2068
f 1099/1182/2068 1109/1181/2067 1110/1183/2069 1100/1184/2070
f 1100/1184/2070 1110/1183/2069 1111/1159/2044 1101/1153/2043
f 1115/1185/2071 1132/1186/2072 1136/1187/2073 1137/1188/2074
f 1115/1185/2071 1137/1188/2074 1138/1189/2075 1116/1190/2076
f 1116/1190/2076 1138/1189/2075 1139/1191/2077 1117/1192/2078
f 1117/1192/2078 1139/1191/2077 1140/1193/2079 1118/1194/2080
f 1118/1194/2080 1140/1193/2079 1124/1195/2081 1119/1196/2082
f 1119/1196/2082 1124/1195/2081 1125/1197/2083 1120/1198/2084
f 1120/1198/2084 1125/1197/2083 1126/1199/2085 1121/1200/2086
f 1121/1200/2086 1126/1199/2085 1127/1201/2087 1122/1202/2088
f 1122/1202/2088 1127/1201/2087 1128/1203/2089 1123/1204/2090
f 1129/1118/2004 1133/1117/2003 1134/1205/2091 1130/1206/2092
f 1130/1206/2092 1134/1205/2091 1135/1207/2093 1131/1208/2094
f 1131/1208/2094 1135/1207/2093 1136/1187/2073 1132/1186/2072
f 1168/1209/2095 1175/1210/2096 1252/1211/2097 1253/1212/2098
f 1169/1213/2099 1177/1214/2100 1176/1215/2101 1170/1216/2102
f 1169/1213/2099 1182/1217/2103 1178/1218/2104 1177/1214/2100
f 1170/1216/2102 1176/1215/2101 1171/1219/2105 1172/1220/2106
f 1171/1219/2105 1173/1221/2107 1174/1222/2108 1172/1220/2106
f 1173/1221/2107 1252/1211/2097 1175/1210/2096 1174/1222/2108
f 1178/1218/2104 1182/1217/2103 1183/1223/2109 1179/1224/2110
f 1179/1224/2110 1183/1223/2109 1184/1225/2111 1180/1226/2112
f 1180/1226/2112 1184/1225/2111 1185/1227/2113 1181/1228/2114
f 1186/1231/2115 1193/1232/2116 1192/1233/2117 1191/1234/2118
f 1187/1235/2119 1203/1236/2120 1188/1237/2121 1189/1238/2122
f 1188/1237/2121 1203/1236/2120 1204/1239/2123 1205/1240/2124
f 1190/1241/2125 1191/1234/2118 1192/1233/2117 1202/1242/2126
f 1190/1241/2125 1202/1242/2126 1201/1243/2127 1200/1244/2128
f 1194/1245/2129 1255/1246/2130 1254/1247/2131 1195/1248/2132
f 1194/1245/2129 1260/1249/2133 1256/1250/2134 1255/1246/2130
f 1195/1248/2132 1254/1247/2131 1196/1251/2135 1197/1252/2136
f 1196/1251/2135 1198/1253/2137 1199/1254/2138 1197/1252/2136
f 1198/1253/2137 1200/1244/2128 1201/1243/2127 1199/1254/2138
f 1204/1239/2123 1206/1255/2139 1207/1256/2140 1205/1240/2124
f 1206/1255/2139 1249/1257/2141 1250/1258/2142 1207/1256/2140
f 1208/1259/2143 1250/1258/2142 1249/1257/2141 1251/1260/2144
f 1209/1261/2145 1213/1262/2146 1214/1263/2147 1210/1264/2148
f 1209/1261/2145 1221/1265/2149 1212/1266/2150 1213/1262/2146
f 1210/1264/2148 1214/1263/2147 1215/1267/2151 1264/1268/2152
f 1216/1269/2153 1748/1270/2154 1264/1268/2152
f 1210/1264/2148 1264/1268/2152 1747/1271/2155
f 1264/1268/2152 1748/1270/2154 1747/1271/2155
f 1211/1272/2156 1220/1273/2157 1219/1274/2158 1222/1275/2159
f 1211/1272/2156 1212/1266/2150 1221/1265/2149 1220/1273/2157
f 1215/1267/2151 1265/1276/2160 1218/1277/2161 1264/1268/2152
f 1216/1269/2153 1264/1268/2152 1218/1277/2161 1217/1278/2162
f 1216/1269/2153 1217/1278/2162 1234/1279/2163 1233/1280/2164
f 1219/1274/2158 1246/1281/2165 1247/1282/2166 1222/1275/2159
f 1223/1283/2167 1224/1284/2168 1230/1285/2169 1229/1286/2170
f 1224/1284/2168 1225/1287/2171 1226/1288/2172 1230/1285/2169
f 1225/1287/2171 1227/1289/2173 1228/1290/2174 1226/1288/2172
f 1231/1291/2175 1238/1292/2176 1239/1293/2177 1235/1294/2178
f 1231/1291/2175 1232/1295/2179 1237/1296/2180 1238/1292/2176
f 1232/1295/2179 1233/1280/2164 1234/1279/2163 1237/1296/2180
f 1235/1294/2178 1239/1293/2177 1240/1297/2181 1236/1298/2182
f 1236/1298/2182 1240/1297/2181 1241/1299/2183 1266/1300/2184
f 1236/1298/2182 1266/1300/2184 1768/1301/2185
f 1243/1302/2186 1765/1303/2187 1266/1300/2184
f 1266/1300/2184 1765/1303/2187 1768/1301/2185
f 1241/1299/2183 1267/1304/2188 1245/1305/2189 1266/1300/2184
f 1242/1306/2190 1248/1307/2191 1243/1302/2186 1244/1308/2192
f 1242/1306/2190 1247/1282/2166 1246/1281/2165 1248/1307/2191
f 1243/1302/2186 1266/1300/2184 1245/1305/2189 1244/1308/2192
f 1256/1250/2134 1260/1249/2133 1261/1309/2193 1257/1310/2194
f 1257/1310/2194 1261/1309/2193 1262/1230/2195 1258/1311/2196
f 1258/1311/2196 1262/1230/2195 1263/1229/2197 1259/1312/2198
f 1280/1318/2199 1282/1317/2200 1283/1314/2201 1281/1313/2202
f 1282/1317/2200 1859/1319/2203 1283/1314/2201
f 1283/1314/2201 1859/1319/2203 1834/1320/2204
f 1859/1319/2203 1858/1321/2205 1834/1320/2204
f 1858/1321/2205 1831/1322/2206 1834/1320/2204
f 1850/1323/2207 1827/1324/2208 1876/1325/2209 1872/1326/2210
f 1287/1327/2211 1900/1328/2212 1290/1329/2213
f 1900/1328/2212 1899/1330/2214 1290/1329/2213
f 1899/1330/2214 1292/1331/2215 1290/1329/2213
f 1290/1329/2213 1292/1331/2215 1291/1332/2216 1296/1333/2217
f 1291/1332/2216 1295/1334/2218 1294/1335/2219 1296/1333/2217
f 1292/1331/2215 1899/1330/2214 1920/1336/2220
f 1920/1336/2220 1899/1330/2214 1921/1337/2221
f 1921/1337/2221 1899/1330/2214 1971/1338/2222
f 1971/1338/2222 1899/1330/2214 1972/1339/2223
f 1899/1330/2214 1898/1340/2224 1972/1339/2223
f 1293/1341/2225 1294/1335/2219 1295/1334/2218 1319/1342/2226
f 1295/1334/2218 1917/1343/2227 1319/1342/2226
f 1917/1343/2227 1916/1344/2228 1319/1342/2226
f 1916/1344/2228 1308/1345/2229 1319/1342/2226
f 1332/1359/2230 1328/1360/2231 1901/1361/2232
f 1328/1360/2231 1973/1362/2233 1901/1361/2232
f 1973/1362/2233 1972/1339/2234 1901/1361/2232
f 1972/1339/2234 1898/1340/2235 1901/1361/2232
f 1333/1365/2236 1347/1366/2237 1348/1367/2238 1334/1368/2239
f 1349/1370/2240 2001/1375/2241 1350/1374/2242
f 1350/1374/2242 2001/1375/2241 2029/1376/2243
f 1351/1377/2244 1352/1378/2245 1361/1379/2246 1360/1380/2247
f 1352/1378/2245 1351/1377/2244 1354/1381/2248 1353/1382/2249
f 1353/1382/2249 1354/1381/2248 1367/1383/2250 1366/1384/2251
f 1355/1385/2252 1356/1386/2253 1358/1387/2254 1357/1388/2255
f 1356/1386/2253 1355/1385/2252 1369/1389/2256 1368/1390/2257
f 1357/1388/2255 1358/1387/2254 1364/1391/2258 1363/1392/2259
f 1359/1393/2260 1362/1394/2261 1380/1395/2262 1379/1396/2263
f 1363/1392/2259 1364/1391/2258 1376/1397/2264 1378/1398/2265
f 1366/1384/2266 1365/1399/2267 1370/1400/2268 1369/1389/2269
f 1368/1390/2270 1370/1400/2271 2036/2107/2272 2037/2108/2273
f 1371/1401/2274 1373/1402/2275 1381/1403/2276 1380/1395/2277
f 1372/1404/2278 1371/1401/2279 1375/1405/2280 1374/1406/2281
f 1374/1406/2281 1375/1405/2280 1378/1398/2282 1377/1407/2283
f 1377/1407/2284 1376/1397/2285 2041/2112/2286 2042/2113/2287
f 1352/1378/2288 1353/1382/2289 1355/1385/2290 1357/1388/2291
f 1352/1378/2288 1357/1388/2291 1363/1392/2292 1361/1379/2293
f 1353/1382/2289 1366/1384/2294 1369/1389/2295 1355/1385/2290
f 1374/1406/2296 2043/2114/2297 2044/2115/2298 1372/1404/2299
f 1374/1406/2296 1377/1407/2300 2042/2113/2301 2043/2114/2297
f 1363/1392/2292 1378/1398/2302 1361/1379/2293
f 1361/1379/2293 1378/1398/2302 1362/1394/2303
f 1375/1405/2304 1362/1394/2303 1378/1398/2302
f 1375/1405/2304 1371/1401/2305 1380/1395/2306 1362/1394/2303
f 1356/1386/2307 1368/1390/2308 2037/2108/2309 2038/2109/2310
f 1356/1386/2307 2038/2109/2310 2039/2110/2311 1358/1387/2312
f 2039/2110/2311 2040/2111/2313 1364/1391/2314 1358/1387/2312
f 1364/1391/2314 2040/2111/2313 2041/2112/2315 1376/1397/2316
f 1370/1400/2317 1365/1399/2318 2053/2124/2319 2036/2107/2320
f 1359/1393/2321 1360/1380/2247 1361/1379/2246 1362/1394/2322
f 1365/1399/2323 1366/1384/2324 1367/1383/2325
f 1368/1390/2326 1369/1389/2327 1370/1400/2328
f 1371/1401/2329 1372/1404/2330 1373/1402/2331
f 1376/1397/2332 1377/1407/2333 1378/1398/2334
f 1379/1396/2335 1380/1395/2336 1381/1403/2337
f 1382/1408/2338 1383/1409/2339 1393/1410/2340 1392/1411/2341
f 1385/1412/2342 1384/1413/2343 1389/1414/2344 1388/1415/2345
f 1386/1416/2346 1387/1417/2347 1390/1418/2348 1389/1414/2349
f 1387/1417/2347 1386/1416/2346 1392/1411/2350 1391/1419/2351
f 1388/1415/2352 1390/1418/2353 1418/1420/2354 1417/1421/2355
f 1391/1419/2356 1393/1410/2357 1405/1422/2358 1406/1423/2359
f 1394/1424/2360 1395/1425/2361 1397/1426/2362 1396/1427/2363
f 1395/1425/2361 1394/1424/2360 1401/1428/2364 1400/1429/2365
f 1396/1427/2363 1397/1426/2362 1404/1430/2366 1403/1431/2367
f 1398/1432/2368 1399/1433/2369 1402/1434/2370 1401/1428/2371
f 1400/1429/2372 1402/1434/2373 1407/1435/2374 1408/1436/2375
f 1403/1431/2367 1404/1430/2366 1406/1423/2359 1405/1422/2358
f 1408/1436/2375 1407/1435/2374 1412/1437/2376 1411/1438/2377
f 1409/1439/2378 1410/1440/2379 1413/1441/2380 1412/1437/2381
f 1411/1438/2382 1413/1441/2383 1447/1442/2384 1449/1443/2385
f 1415/1444/2386 1414/1445/2387 1417/1421/2388 1416/1446/2389
f 1416/1446/2390 1418/1420/2391 1422/1447/2392 1421/1448/2393
f 1420/1449/2394 1419/1450/2395 1426/1451/2396 1425/1452/2397
f 1421/1448/2398 1422/1447/2399 1423/1453/2400 1426/1451/2401
f 1425/1452/2402 1424/1454/2403 1431/1455/2404 1430/1456/2405
f 1428/1457/2406 1427/1458/2407 1430/1456/2408 1429/1459/2409
f 1429/1459/2410 1431/1455/2411 1436/1460/2412 1435/1461/2413
f 1433/1462/2414 1432/1463/2415 1435/1461/2416 1434/1464/2417
f 1434/1464/2418 1436/1460/2419 1438/1465/2420 1437/1466/2421
f 1437/1466/2422 1438/1465/2423 1441/1467/2424 1444/1468/2425
f 1440/1469/2426 1439/1470/2427 1444/1468/2428 1443/1471/2429
f 1443/1471/2430 1442/1472/2431 1449/1443/2432 1448/1473/2433
f 1446/1474/2434 1445/1475/2435 1448/1473/2436 1447/1442/2437
f 1030/1476/2438 1386/1416/2439 1389/1414/2440 1384/1413/2441
f 1030/1476/2438 1382/1408/2442 1392/1411/2443 1386/1416/2439
f 1031/1477/2444 1394/1424/2445 1396/1427/2446 1032/1478/2447
f 1031/1477/2444 1398/1432/2448 1401/1428/2449 1394/1424/2445
f 1032/1478/2447 1396/1427/2446 1403/1431/2450 1033/1479/2451
f 1033/1479/2451 1403/1431/2450 1405/1422/2452 1034/1480/2453
f 1034/1480/2453 1405/1422/2452 1393/1410/2454 1383/1409/2455
f 1035/1481/2456 1407/1435/2457 1402/1434/2458 1399/1433/2459
f 1035/1481/2456 1409/1439/2460 1412/1437/2461 1407/1435/2457
f 1385/1412/2462 1388/1415/2463 1417/1421/2464 1414/1445/2465
f 1036/1482/2466 1421/1448/2467 1426/1451/2468 1419/1450/2469
f 1036/1482/2470 1415/1444/2471 1416/1446/2472 1421/1448/2473
f 1420/1449/2474 1425/1452/2475 1430/1456/2476 1427/1458/2477
f 1428/1457/2478 1429/1459/2479 1435/1461/2480 1432/1463/2481
f 1433/1462/2482 1434/1464/2483 1437/1466/2484 1037/1483/2485
f 1037/1483/2486 1437/1466/2487 1444/1468/2488 1439/1470/2489
f 1440/1469/2490 1443/1471/2491 1448/1473/2492 1445/1475/2493
f 1387/1417/2494 1422/1447/2495 1418/1420/2496 1390/1418/2497
f 1387/1417/2494 1391/1419/2498 1406/1423/2499 1422/1447/2495
f 1446/1474/2500 1447/1442/2501 1413/1441/2502 1410/1440/2503
f 1408/1436/2504 1442/1472/2505 1400/1429/2506
f 1442/1472/2505 1441/1467/2507 1400/1429/2506
f 1441/1467/2507 1395/1425/2508 1400/1429/2506
f 1408/1436/2504 1411/1438/2509 1449/1443/2510 1442/1472/2505
f 1395/1425/2508 1441/1467/2507 1438/1465/2511 1397/1426/2512
f 1397/1426/2512 1438/1465/2511 1404/1430/2513
f 1438/1465/2511 1424/1454/2514 1404/1430/2513
f 1424/1454/2514 1423/1453/2515 1404/1430/2513
f 1404/1430/2513 1423/1453/2515 1422/1447/2495 1406/1423/2499
f 1438/1465/2511 1436/1460/2516 1431/1455/2517 1424/1454/2514
f 1388/1415/2518 1389/1414/2519 1390/1418/2520
f 1391/1419/2521 1392/1411/2522 1393/1410/2523
f 1400/1429/2524 1401/1428/2525 1402/1434/2526
f 1411/1438/2527 1412/1437/2528 1413/1441/2529
f 1416/1446/2530 1417/1421/2531 1418/1420/2532
f 1423/1453/2400 1424/1454/2533 1425/1452/2534 1426/1451/2401
f 1429/1459/2535 1430/1456/2536 1431/1455/2537
f 1434/1464/2538 1435/1461/2539 1436/1460/2540
f 1441/1467/2541 1442/1472/2431 1443/1471/2430 1444/1468/2542
f 1447/1442/2543 1448/1473/2544 1449/1443/2545
f 1450/1484/2546 1451/1485/2547 1453/1486/2548 1452/1487/2549
f 1452/1487/2549 1453/1486/2548 1460/1488/2550 1459/1489/2551
f 1454/1490/2552 1455/1491/2553 1466/1492/2554 1465/1493/2555
f 1455/1491/2553 1454/1490/2552 1456/1494/2556 1457/1495/2557
f 1457/1495/2557 1456/1494/2556 1459/1489/2558 1458/1496/2559
f 1458/1496/2560 1460/1488/2561 1470/1497/2562 1471/1498/2563
f 1462/1499/2564 1461/1500/2565 1463/1501/2566 1464/1502/2567
f 1464/1502/2567 1463/1501/2566 1468/1503/2568 1467/1504/2569
f 1465/1493/2555 1466/1492/2554 1469/1505/2570 1468/1503/2571
f 1467/1504/2572 1469/1505/2573 1481/1506/2574 1482/1507/2575
f 1471/1498/2563 1470/1497/2562 1472/1508/2576 1473/1509/2577
f 1473/1509/2577 1472/1508/2576 1479/1510/2578 1478/1511/2579
f 1474/1512/2580 1475/1513/2581 1477/1514/2582 1476/1515/2583
f 1476/1515/2583 1477/1514/2582 1480/1516/2584 1479/1510/2585
f 1478/1511/2586 1480/1516/2587 1491/1517/2588 1494/1120/2589
f 1482/1507/2575 1481/1506/2574 1483/1518/2590 1484/1519/2591
f 1484/1519/2591 1483/1518/2590 1485/1520/2592 1486/1521/2593
f 1486/1521/2593 1485/1520/2592 1488/1522/2594 1487/1523/2595
f 1487/1523/2595 1488/1522/2594 1542/1524/2596 1541/1525/2597
f 1489/1526/2598 1490/1527/2599 1499/1528/2600 1500/1529/2601
f 1490/1527/2599 1489/1526/2598 1493/1119/2602 1492/1530/2603
f 1492/1530/2604 1491/1517/2605 1526/1531/2606 1525/1532/2607
f 1495/1533/2608 1496/1534/2609 1498/1535/2610 1497/1536/2611
f 1497/1536/2611 1498/1535/2610 1539/1537/2612 1538/1538/2613
f 1500/1529/2601 1499/1528/2600 1501/1539/2614 1502/1540/2615
f 1502/1540/2616 1501/1539/2617 1503/1541/2618 1504/1542/2619
f 1504/1542/2620 1503/1541/2621 1505/1543/2622 1506/1544/2623
f 1506/1544/2623 1505/1543/2622 1507/1545/2624 1508/1546/2625
f 1508/1546/2625 1507/1545/2624 1509/1547/2626 1510/1548/2627
f 1510/1548/2627 1509/1547/2626 1511/1549/2628 1512/1550/2629
f 1512/1550/2629 1511/1549/2628 1513/1551/2630 1514/1552/2631
f 1514/1552/2631 1513/1551/2630 1515/1553/2632 1516/1554/2633
f 1516/1554/2633 1515/1553/2632 1517/1555/2634 1518/1556/2635
f 1518/1556/2636 1517/1555/2637 1519/1557/2638 1520/1558/2639
f 1520/1558/2640 1519/1557/2641 1522/1559/2642 1521/1560/2643
f 1521/1560/2643 1522/1559/2642 1538/1538/2644 1540/1561/2645
f 1524/1562/2646 1523/1563/2647 1525/1532/2607 1526/1531/2606
f 1527/1564/2648 1528/1565/2649 1530/1566/2650 1529/1567/2651
f 1529/1567/2651 1530/1566/2650 1537/1568/2652 1536/1569/2653
f 1531/1570/2654 1532/1571/2655 1540/1561/2656 1539/1537/2657
f 1532/1571/2655 1531/1570/2654 1533/1572/2658 1534/1573/2659
f 1534/1573/2659 1533/1572/2658 1536/1569/2660 1535/1574/2661
f 1535/1574/2662 1537/1568/2663 1563/1575/2664 1564/1576/2665
f 1541/1525/2597 1542/1524/2596 1544/1577/2666 1543/1578/2667
f 1543/1578/2667 1544/1577/2666 1546/1579/2668 1545/1580/2669
f 1545/1580/2669 1546/1579/2668 1548/1581/2670 1547/1582/2671
f 1547/1582/2671 1548/1581/2670 1550/1583/2672 1549/1584/2673
f 1549/1584/2673 1550/1583/2672 1552/1585/2674 1551/1586/2675
f 1551/1586/2675 1552/1585/2674 1554/1587/2676 1553/1588/2677
f 1553/1588/2677 1554/1587/2676 1556/1589/2678 1555/1590/2679
f 1555/1590/2679 1556/1589/2678 1558/1591/2680 1557/1592/2681
f 1557/1592/2681 1558/1591/2680 1560/1593/2682 1559/1594/2683
f 1559/1594/2683 1560/1593/2682 1562/1595/2684 1561/1596/2685
f 1561/1596/2685 1562/1595/2684 1564/1576/2665 1563/1575/2664
f 1038/1101/1987 1043/1104/1990 1450/1484/2686 1452/1487/2687
f 1038/1101/1987 1456/1494/2688 1454/1490/2689 1042/1102/1988
f 1038/1101/1987 1452/1487/2687 1459/1489/2690 1456/1494/2688
f 1039/1105/1991 1040/1106/1992 1463/1501/2691 1461/1500/2692
f 1040/1106/1992 1042/1102/1988 1454/1490/2689 1465/1493/2693
f 1040/1106/1992 1465/1493/2693 1468/1503/2694 1463/1501/2691
f 1044/1107/1993 1453/1486/2695 1451/1485/2696 1046/1108/1994
f 1044/1107/1993 1470/1497/2697 1460/1488/2698 1453/1486/2695
f 1044/1107/1993 1045/1110/1996 1472/1508/2699 1470/1497/2697
f 1045/1110/1996 1047/1109/1995 1474/1512/2700 1476/1515/2701
f 1045/1110/1996 1476/1515/2701 1479/1510/2702 1472/1508/2699
f 1048/1111/1997 1466/1492/2703 1455/1491/2704 1053/1112/1998
f 1048/1111/1997 1481/1506/2705 1469/1505/2706 1466/1492/2703
f 1048/1111/1997 1049/1114/2000 1483/1518/2707 1481/1506/2705
f 1049/1114/2000 1050/1116/2002 1485/1520/2708 1483/1518/2707
f 1050/1116/2002 1129/1118/2004 1488/1522/2709 1485/1520/2708
f 1052/1115/2001 1493/1119/2005 1489/1526/2710 1133/1117/2003
f 1053/1112/1998 1455/1491/2704 1457/1495/2711 1054/1122/2008
f 1054/1122/2008 1471/1498/2712 1473/1509/2713 1055/1121/2007
f 1054/1122/2008 1457/1495/2711 1458/1496/2714 1471/1498/2712
f 1055/1121/2007 1473/1509/2713 1478/1511/2715 1494/1120/2006
f 1056/1123/2009 1495/1533/2716 1497/1536/2717 1143/1124/2010
f 1057/1127/2013 1501/1539/2718 1499/1528/2719 1077/1131/2017
f 1057/1127/2013 1058/1130/2016 1503/1541/2720 1501/1539/2721
f 1058/1130/2016 1059/1134/2020 1505/1543/2722 1503/1541/2723
f 1059/1134/2020 1060/1136/2022 1507/1545/2724 1505/1543/2722
f 1060/1136/2022 1061/1138/2024 1509/1547/2725 1507/1545/2724
f 1061/1138/2024 1062/1140/2026 1511/1549/2726 1509/1547/2725
f 1062/1140/2026 1063/1142/2028 1513/1551/2727 1511/1549/2726
f 1063/1142/2028 1064/1144/2030 1515/1553/2728 1513/1551/2727
f 1064/1144/2030 1065/1146/2032 1517/1555/2729 1515/1553/2728
f 1065/1146/2032 1066/1125/2011 1519/1557/2730 1517/1555/2731
f 1066/1125/2011 1143/1124/2010 1522/1559/2732 1519/1557/2733
f 1076/1148/2034 1078/1147/2033 1525/1532/2734 1523/1563/2735
f 1077/1131/2017 1499/1528/2736 1490/1527/2737 1078/1147/2033
f 1078/1147/2033 1490/1527/2737 1492/1530/2738 1525/1532/2734
f 1079/1149/2035 1527/1564/2739 1529/1567/2740 1081/1150/2036
f 1080/1152/2038 1082/1151/2037 1498/1535/2741 1496/1534/2742
f 1081/1150/2036 1533/1572/2743 1531/1570/2744 1082/1151/2037
f 1081/1150/2036 1529/1567/2740 1536/1569/2745 1533/1572/2743
f 1082/1151/2037 1531/1570/2744 1539/1537/2746 1498/1535/2741
f 1085/1156/2046 1114/1160/2045 1530/1566/2747 1528/1565/2748
f 1086/1161/2047 1482/1507/2749 1484/1519/2750 1088/1162/2048
f 1086/1161/2047 1464/1502/2751 1467/1504/2752 1482/1507/2749
f 1086/1161/2047 1087/1164/2050 1462/1499/2753 1464/1502/2751
f 1088/1162/2048 1484/1519/2750 1486/1521/2754 1090/1165/2051
f 1090/1165/2051 1486/1521/2754 1487/1523/2755 1102/1167/2053
f 1102/1167/2053 1487/1523/2755 1541/1525/2756 1103/1169/2055
f 1103/1169/2055 1541/1525/2757 1543/1578/2758 1104/1171/2057
f 1104/1171/2057 1543/1578/2759 1545/1580/2760 1105/1173/2059
f 1105/1173/2059 1545/1580/2761 1547/1582/2762 1106/1175/2061
f 1106/1175/2061 1547/1582/2762 1549/1584/2763 1107/1177/2063
f 1107/1177/2063 1549/1584/2763 1551/1586/2764 1108/1179/2065
f 1108/1179/2065 1551/1586/2764 1553/1588/2765 1109/1181/2067
f 1109/1181/2067 1553/1588/2765 1555/1590/2766 1110/1183/2069
f 1110/1183/2069 1555/1590/2766 1557/1592/2767 1111/1159/2044
f 1111/1159/2044 1557/1592/2767 1559/1594/2768 1112/1157/2040
f 1112/1157/2040 1559/1594/2769 1561/1596/2770 1113/1158/2041
f 1113/1158/2041 1561/1596/2771 1563/1575/2772 1114/1160/2045
f 1114/1160/2045 1563/1575/2772 1537/1568/2773 1530/1566/2747
f 1115/1185/2071 1548/1581/2774 1546/1579/2775 1132/1186/2072
f 1115/1185/2071 1116/1190/2076 1550/1583/2776 1548/1581/2774
f 1116/1190/2076 1117/1192/2078 1552/1585/2777 1550/1583/2776
f 1117/1192/2078 1118/1194/2080 1554/1587/2778 1552/1585/2777
f 1118/1194/2080 1119/1196/2082 1556/1589/2779 1554/1587/2778
f 1119/1196/2082 1120/1198/2084 1558/1591/2780 1556/1589/2779
f 1120/1198/2084 1121/1200/2086 1560/1593/2781 1558/1591/2780
f 1121/1200/2086 1122/1202/2088 1562/1595/2782 1560/1593/2781
f 1122/1202/2088 1123/1204/2090 1564/1576/2783 1562/1595/2782
f 1123/1204/2090 1128/1203/2089 1532/1571/2784 1534/1573/2785
f 1123/1204/2090 1534/1573/2785 1535/1574/2786 1564/1576/2783
f 1124/1195/2081 1140/1193/2079 1512/1550/2787 1514/1552/2788
f 1124/1195/2081 1514/1552/2788 1516/1554/2789 1125/1197/2083
f 1125/1197/2083 1516/1554/2789 1518/1556/2790 1126/1199/2085
f 1126/1199/2085 1518/1556/2790 1520/1558/2791 1127/1201/2087
f 1127/1201/2087 1520/1558/2791 1521/1560/2792 1128/1203/2089
f 1128/1203/2089 1521/1560/2792 1540/1561/2793 1532/1571/2784
f 1129/1118/2004 1130/1206/2092 1542/1524/2794 1488/1522/2709
f 1130/1206/2092 1131/1208/2094 1544/1577/2795 1542/1524/2794
f 1131/1208/2094 1132/1186/2072 1546/1579/2775 1544/1577/2795
f 1133/1117/2003 1489/1526/2710 1500/1529/2796 1134/1205/2091
f 1134/1205/2091 1500/1529/2796 1502/1540/2797 1135/1207/2093
f 1135/1207/2093 1502/1540/2797 1504/1542/2798 1136/1187/2073
f 1136/1187/2073 1504/1542/2798 1506/1544/2799 1137/1188/2074
f 1137/1188/2074 1506/1544/2799 1508/1546/2800 1138/1189/2075
f 1138/1189/2075 1508/1546/2800 1510/1548/2801 1139/1191/2077
f 1139/1191/2077 1510/1548/2801 1512/1550/2787 1140/1193/2079
f 1143/1124/2010 1497/1536/2717 1538/1538/2802 1522/1559/2732
f 1475/1513/2803 1524/1562/2804 1526/1531/2805 1477/1514/2806
f 1477/1514/2806 1526/1531/2805 1491/1517/2807 1480/1516/2808
f 1458/1496/2809 1459/1489/2810 1460/1488/2811
f 1467/1504/2812 1468/1503/2813 1469/1505/2814
f 1478/1511/2815 1479/1510/2816 1480/1516/2817
f 1491/1517/2818 1492/1530/2819 1493/1119/2820 1494/1120/2821
f 1535/1574/2822 1536/1569/2823 1537/1568/2824
f 1538/1538/2825 1539/1537/2826 1540/1561/2827
f 1566/1597/2828 1565/1598/2829 1570/1599/2830 1569/1600/2831
f 1567/1601/2832 1568/1602/2833 1571/1603/2834 1570/1599/2835
f 1568/1602/2833 1567/1601/2832 1575/1604/2836 1574/1605/2837
f 1569/1600/2838 1571/1603/2839 1606/1606/2840 1608/1607/2841
f 1572/1608/2842 1573/1609/2843 1576/1610/2844 1575/1604/2845
f 1574/1605/2846 1576/1610/2847 1588/1611/2848 1589/1612/2849
f 1577/1613/2850 1578/1614/2851 1580/1615/2852 1579/1616/2853
f 1578/1614/2851 1577/1613/2850 1584/1617/2854 1583/1618/2855
f 1579/1616/2853 1580/1615/2852 1587/1619/2856 1586/1620/2857
f 1581/1621/2858 1582/1622/2859 1585/1623/2860 1584/1617/2861
f 1583/1618/2862 1585/1623/2863 1590/1624/2864 1591/1625/2865
f 1586/1620/2857 1587/1619/2856 1589/1612/2849 1588/1611/2848
f 1591/1625/2865 1590/1624/2864 1594/1626/2866 1595/1627/2867
f 1592/1628/2868 1593/1629/2869 1595/1627/2870 1594/1626/2871
f 1596/1630/2872 1597/1631/2873 1608/1607/2874 1607/1632/2875
f 1599/1633/2876 1598/1634/2877 1605/1635/2878 1604/1636/2879
f 1600/1637/2880 1601/1638/2881 1602/1639/2882 1605/1635/2883
f 1601/1638/2884 1600/1637/2885 1607/1632/2886 1606/1606/2887
f 1604/1636/2888 1603/1640/2889 1613/1641/2890 1612/1642/2891
f 1610/1643/2892 1609/1644/2893 1612/1642/2894 1611/1645/2895
f 1611/1645/2896 1613/1641/2897 1618/1646/2898 1617/1647/2899
f 1615/1648/2900 1614/1649/2901 1617/1647/2902 1616/1650/2903
f 1616/1650/2904 1618/1646/2905 1619/1651/2906 1622/1652/2907
f 1624/1653/2908 1623/1654/2909 1628/1655/2910 1627/1656/2911
f 1144/1657/2912 1567/1601/2913 1570/1599/2914 1565/1598/2915
f 1144/1657/2912 1572/1608/2916 1575/1604/2917 1567/1601/2913
f 1145/1658/2918 1577/1613/2919 1579/1616/2920 1146/1659/2921
f 1145/1658/2918 1581/1621/2922 1584/1617/2923 1577/1613/2919
f 1146/1659/2921 1579/1616/2920 1586/1620/2924 1147/1660/2925
f 1147/1660/2925 1586/1620/2924 1588/1611/2926 1148/1661/2927
f 1148/1661/2927 1588/1611/2926 1576/1610/2928 1573/1609/2929
f 1149/1662/2930 1590/1624/2931 1585/1623/2932 1582/1622/2933
f 1149/1662/2930 1592/1628/2934 1594/1626/2935 1590/1624/2931
f 1150/1663/2936 1600/1637/2937 1605/1635/2938 1598/1634/2939
f 1150/1663/2940 1596/1630/2941 1607/1632/2942 1600/1637/2943
f 1599/1633/2944 1604/1636/2945 1612/1642/2946 1609/1644/2947
f 1610/1643/2948 1611/1645/2949 1617/1647/2950 1614/1649/2951
f 1615/1648/2952 1616/1650/2953 1622/1652/2954 1151/1664/2955
f 1151/1664/2956 1622/1652/2957 1623/1654/2958
f 1622/1652/2957 1621/1665/2959 1623/1654/2958
f 1621/1665/2959 1628/1655/2960 1623/1654/2958
f 1624/1653/2961 1627/1656/2962 1153/1666/2963 1152/1667/2964
f 1568/1602/2965 1601/1638/2966 1606/1606/2967 1571/1603/2968
f 1568/1602/2965 1574/1605/2969 1589/1612/2970 1601/1638/2966
f 1597/1631/2971 1566/1597/2972 1569/1600/2973 1608/1607/2974
f 1152/1667/2975 1153/1666/2976 1595/1627/2977 1593/1629/2978
f 1591/1625/2979 1626/1668/2980 1583/1618/2981
f 1626/1668/2980 1625/1669/2982 1583/1618/2981
f 1625/1669/2982 1578/1614/2983 1583/1618/2981
f 1595/1627/2984 1153/1666/2985 1591/1625/2979
f 1591/1625/2979 1153/1666/2985 1626/1668/2980
f 1153/1666/2985 1627/1656/2986 1626/1668/2980
f 1578/1614/2983 1625/1669/2982 1580/1615/2987
f 1625/1669/2982 1628/1655/2988 1580/1615/2987
f 1628/1655/2988 1621/1665/2989 1580/1615/2987
f 1621/1665/2989 1620/1670/2990 1580/1615/2987
f 1587/1619/2991 1580/1615/2987 1602/1639/2992
f 1602/1639/2992 1580/1615/2987 1603/1640/2993
f 1603/1640/2993 1580/1615/2987 1619/1651/2994
f 1580/1615/2987 1620/1670/2990 1619/1651/2994
f 1587/1619/2991 1602/1639/2992 1601/1638/2966 1589/1612/2970
f 1619/1651/2994 1618/1646/2995 1613/1641/2996 1603/1640/2993
f 1569/1600/2997 1570/1599/2998 1571/1603/2999
f 1574/1605/3000 1575/1604/3001 1576/1610/3002
f 1583/1618/3003 1584/1617/3004 1585/1623/3005
f 1602/1639/2882 1603/1640/3006 1604/1636/3007 1605/1635/2883
f 1606/1606/3008 1607/1632/3009 1608/1607/3010
f 1611/1645/3011 1612/1642/3012 1613/1641/3013
f 1616/1650/3014 1617/1647/3015 1618/1646/3016
f 1619/1651/3017 1620/1670/3018 1621/1665/3019 1622/1652/3020
f 1625/1669/2982 1626/1668/2980 1627/1656/2986 1628/1655/2988
f 1629/1671/3021 1630/1672/3022 1632/1673/3023 1631/1674/3024
f 1630/1672/3022 1629/1671/3021 1636/1675/3025 1635/1676/3026
f 1631/1674/3024 1632/1673/3023 1642/1677/3027 1641/1678/3028
f 1633/1679/3029 1634/1680/3030 1637/1681/3031 1636/1675/3032
f 1635/1676/3033 1637/1681/3034 1647/1682/3035 1649/1683/3036
f 1639/1684/3037 1638/1685/3038 1641/1678/3039 1640/1686/3040
f 1640/1686/3041 1642/1677/3042 1672/1687/3043 1671/1688/3044
f 1644/1689/3045 1643/1690/3046 1648/1691/3047 1647/1682/3048
f 1645/1692/3049 1646/1693/3050 1649/1683/3051 1648/1691/3052
f 1650/1694/3053 1651/1695/3054 1653/1696/3055 1652/1697/3056
f 1656/1698/3057 1655/1699/3058 1657/1700/3059 1658/1701/3060
f 1658/1701/3060 1657/1700/3059 1662/1702/3061 1661/1703/3062
f 1659/1704/3063 1660/1705/3064 1663/1706/3065 1662/1702/3066
f 1661/1703/3062 1663/1706/3067 1666/1707/3068 1667/1708/3069
f 1664/1709/3070 1665/1710/3071 1670/1711/3072 1669/1712/3073
f 1667/1708/3069 1666/1707/3068 1669/1712/3074 1668/1713/3075
f 1668/1713/3076 1670/1711/3077 1691/1714/3078 1692/1715/3079
f 1671/1688/3044 1672/1687/3043 1675/1716/3080 1674/1717/3081
f 1673/1718/3082 1675/1716/3080 1679/1719/3083 1678/1720/3084
f 1674/1717/3085 1673/1718/3086 1677/1721/3087 1676/1722/3088
f 1678/1720/3084 1679/1719/3083 1681/1723/3089 1680/1724/3090
f 1680/1724/3091 1681/1723/3092 1694/1725/3093 1693/1726/3094
f 1682/1727/3095 1683/1728/3096 1685/1729/3097 1684/1730/3098
f 1683/1728/3096 1682/1727/3095 1689/1731/3099 1688/1732/3100
f 1684/1730/3098 1685/1729/3097 1692/1715/3079 1691/1714/3078
f 1686/1733/3101 1687/1734/3102 1690/1735/3103 1689/1731/3104
f 1688/1732/3105 1690/1735/3106 1695/1736/3107 1697/1737/3108
f 1693/1726/3094 1694/1725/3093 1697/1737/3109 1696/1738/3110
f 1696/1738/3111 1695/1736/3112 1699/1739/3113 1698/1740/3114
f 1154/1741/3115 1629/1671/3116 1631/1674/3117 1155/1742/3118
f 1154/1741/3115 1633/1679/3119 1636/1675/3120 1629/1671/3116
f 1155/1742/3118 1631/1674/3117 1641/1678/3121 1638/1685/3122
f 1156/1743/3123 1645/1692/3124 1648/1691/3125 1643/1690/3126
f 1156/1743/3123 1650/1694/3127 1652/1697/3128 1645/1692/3124
f 1157/1744/3129 1655/1699/3130 1653/1696/3131 1651/1695/3132
f 1157/1744/3129 1158/1745/3133 1657/1700/3134 1655/1699/3130
f 1158/1745/3133 1659/1704/3135 1662/1702/3136 1657/1700/3134
f 1159/1746/3137 1666/1707/3138 1663/1706/3139 1660/1705/3140
f 1159/1746/3137 1664/1709/3141 1669/1712/3142 1666/1707/3138
f 1160/1747/3143 1671/1688/3144 1674/1717/3145 1676/1722/3146
f 1160/1747/3143 1639/1684/3147 1640/1686/3148 1671/1688/3144
f 1161/1748/3149 1677/1721/3150 1673/1718/3151 1678/1720/3152
f 1161/1748/3149 1678/1720/3152 1680/1724/3153 1167/1749/3154
f 1162/1750/3155 1682/1727/3156 1684/1730/3157 1163/1751/3158
f 1162/1750/3155 1686/1733/3159 1689/1731/3160 1682/1727/3156
f 1163/1751/3158 1684/1730/3157 1691/1714/3161 1164/1752/3162
f 1164/1752/3162 1691/1714/3161 1670/1711/3163 1665/1710/3164
f 1165/1753/3165 1693/1726/3166 1696/1738/3167 1698/1740/3168
f 1165/1753/3165 1167/1749/3169 1680/1724/3170 1693/1726/3166
f 1166/1754/3171 1692/1715/3172 1685/1729/3173 1681/1723/3174
f 1166/1754/3171 1667/1708/3175 1668/1713/3176 1692/1715/3172
f 1166/1754/3171 1658/1701/3177 1661/1703/3178 1667/1708/3175
f 1166/1754/3171 1681/1723/3174 1656/1698/3179 1658/1701/3177
f 1687/1734/3180 1699/1739/3181 1695/1736/3182 1690/1735/3183
f 1681/1723/3174 1679/1719/3184 1656/1698/3179
f 1656/1698/3179 1679/1719/3184 1700/1755/3185
f 1679/1719/3184 1654/1756/3186 1700/1755/3185
f 1679/1719/3184 1675/1716/3187 1672/1687/3188 1654/1756/3186
f 1646/1693/3189 1630/1672/3190 1635/1676/3191 1649/1683/3192
f 1646/1693/3189 1701/1757/3193 1630/1672/3190
f 1654/1756/3186 1632/1673/3194 1701/1757/3193
f 1701/1757/3193 1632/1673/3194 1630/1672/3190
f 1672/1687/3188 1642/1677/3195 1632/1673/3194 1654/1756/3186
f 1694/1725/3196 1683/1728/3197 1688/1732/3198 1697/1737/3199
f 1694/1725/3196 1681/1723/3174 1685/1729/3173 1683/1728/3197
f 1634/1680/3200 1644/1689/3201 1647/1682/3202 1637/1681/3203
f 1635/1676/3204 1636/1675/3205 1637/1681/3206
f 1640/1686/3207 1641/1678/3208 1642/1677/3209
f 1647/1682/3210 1648/1691/3211 1649/1683/3212
f 1661/1703/3062 1662/1702/3061 1663/1706/3067
f 1668/1713/3213 1669/1712/3214 1670/1711/3215
f 1673/1718/3082 1674/1717/3081 1675/1716/3080
f 1688/1732/3216 1689/1731/3217 1690/1735/3218
f 1695/1736/3219 1696/1738/3220 1697/1737/3221
f 1653/1696/3222 1655/1699/3058 1656/1698/3057 1700/1755/3223
f 1646/1693/3050 1645/1692/3049 1652/1697/3224 1701/1757/3225
f 1654/1756/3186 1701/1757/3193 1700/1755/3185
f 1652/1697/3056 1653/1696/3055 1700/1755/3226 1701/1757/3227
f 1702/1758/3228 1703/1759/3229 1727/1760/3230 1726/1761/3231
f 1704/1762/3232 1705/1763/3233 1707/1764/3234 1706/1765/3235
f 1705/1763/3233 1704/1762/3232 1794/1766/3236 1793/1767/3237
f 1708/1768/3238 1709/1769/3239 1715/1770/3240 1714/1771/3241
f 1709/1769/3239 1708/1768/3238 1710/1772/3242 1711/1773/3243
f 1711/1773/3243 1710/1772/3242 1712/1774/3244 1713/1775/3245
f 1713/1775/3245 1712/1774/3244 1716/1776/3246 1717/1777/3247
f 1714/1771/3241 1715/1770/3240 1786/1778/3248 1785/1779/3249
f 1717/1777/3247 1716/1776/3246 1718/1780/3250 1719/1781/3251
f 1719/1781/3251 1718/1780/3250 1720/1782/3252 1721/1783/3253
f 1721/1783/3253 1720/1782/3252 1722/1784/3254 1723/1785/3255
f 1723/1785/3255 1722/1784/3254 1724/1786/3256 1725/1787/3257
f 1725/1787/3257 1724/1786/3256 1729/1788/3258 1728/1789/3259
f 1726/1761/3231 1727/1760/3230 1730/1790/3260 1729/1788/3261
f 1728/1789/3262 1730/1790/3263 1731/1791/3264 1732/1792/3265
f 1732/1792/3265 1731/1791/3264 1733/1793/3266 1734/1794/3267
f 1734/1794/3267 1733/1793/3266 1749/1795/3268 1750/1796/3269
f 1736/1798/3270 1735/1797/3271 1737/1799/3272 1738/1800/3273
f 1738/1800/3273 1737/1799/3272 1746/1801/3274 1745/1802/3275
f 1739/1803/3276 1740/1804/3277 1742/1805/3278 1741/1806/3279
f 1740/1804/3277 1739/1803/3276 1743/1807/3280 1744/1808/3281
f 1741/1806/3282 1742/1805/3283 1747/1271/3284 1746/1801/3285
f 1744/1808/3281 1743/1807/3280 1759/1809/3286 1760/1810/3287
f 1745/1802/3288 1748/1270/3289 1784/1811/3290 1783/1812/3291
f 1750/1796/3269 1749/1795/3268 1751/1813/3292 1752/1814/3293
f 1752/1814/3293 1751/1813/3292 1753/1815/3294 1754/1816/3295
f 1754/1816/3295 1753/1815/3294 1755/1817/3296 1756/1818/3297
f 1756/1818/3297 1755/1817/3296 1758/1819/3298 1757/1820/3299
f 1757/1820/3299 1758/1819/3298 1774/1821/3300 1773/1822/3301
f 1760/1810/3287 1759/1809/3286 1761/1823/3302 1762/1824/3303
f 1762/1824/3303 1761/1823/3302 1769/1825/3304 1770/1826/3305
f 1763/1829/3306 1764/1830/3307 1767/1831/3308 1766/1832/3309
f 1764/1830/3307 1763/1829/3306 1772/1828/3310 1771/1827/3311
f 1766/1832/3312 1765/1303/3313 1770/1826/3305 1769/1825/3304
f 1768/1301/3314 1767/1831/3315 1791/1833/3316 1792/1834/3317
f 1773/1822/3301 1774/1821/3300 1776/1835/3318 1775/1836/3319
f 1775/1836/3319 1776/1835/3318 1778/1837/3320 1777/1838/3321
f 1777/1838/3321 1778/1837/3320 1780/1839/3322 1779/1840/3323
f 1779/1840/3323 1780/1839/3322 1782/1841/3324 1781/1842/3325
f 1781/1842/3325 1782/1841/3324 1793/1767/3326 1795/1843/3327
f 1783/1812/3291 1784/1811/3290 1788/1844/3328 1787/1845/3329
f 1785/1779/3249 1786/1778/3248 1795/1843/3330 1794/1766/3331
f 1787/1845/3329 1788/1844/3328 1790/1846/3332 1789/1847/3333
f 1789/1847/3333 1790/1846/3332 1792/1834/3317 1791/1833/3316
f 1168/1209/2095 1253/1212/2098 1704/1762/3334 1706/1765/3335
f 1171/1219/2105 1710/1772/3336 1708/1768/3337 1173/1221/2107
f 1171/1219/2105 1176/1215/2101 1712/1774/3338 1710/1772/3336
f 1173/1221/2107 1708/1768/3337 1714/1771/3339 1252/1211/2097
f 1176/1215/2101 1177/1214/2100 1716/1776/3340 1712/1774/3338
f 1177/1214/2100 1178/1218/2104 1718/1780/3341 1716/1776/3340
f 1178/1218/2104 1179/1224/2110 1720/1782/3342 1718/1780/3341
f 1179/1224/2110 1180/1226/2112 1722/1784/3343 1720/1782/3342
f 1180/1226/2112 1181/1228/2114 1724/1786/3344 1722/1784/3343
f 1181/1228/2114 1726/1761/3345 1729/1788/3346 1724/1786/3344
f 1181/1228/2114 1185/1227/2113 1702/1758/3347 1726/1761/3345
f 1186/1231/2115 1727/1760/3348 1703/1759/3349 1193/1232/2116
f 1186/1231/2115 1731/1791/3350 1730/1790/3351 1727/1760/3348
f 1186/1231/2115 1191/1234/2118 1733/1793/3352 1731/1791/3350
f 1187/1235/3353 1189/1238/3354 1737/1799/3355 1735/1797/3356
f 1188/1237/2121 1739/1803/3357 1741/1806/3358 1189/1238/2122
f 1188/1237/2121 1205/1240/2124 1743/1807/3359 1739/1803/3357
f 1189/1238/3354 1741/1806/3360 1746/1801/3361 1737/1799/3355
f 1190/1241/2125 1749/1795/3362 1733/1793/3352 1191/1234/2118
f 1190/1241/2125 1200/1244/2128 1751/1813/3363 1749/1795/3362
f 1196/1251/2135 1755/1817/3364 1753/1815/3365 1198/1253/2137
f 1196/1251/2135 1254/1247/2131 1758/1819/3366 1755/1817/3364
f 1198/1253/2137 1753/1815/3365 1751/1813/3363 1200/1244/2128
f 1205/1240/2124 1207/1256/2140 1759/1809/3367 1743/1807/3359
f 1207/1256/2140 1250/1258/2142 1761/1823/3368 1759/1809/3367
f 1208/1259/3369 1763/1829/3370 1766/1832/3371 1769/1825/3372
f 1208/1259/3369 1251/1260/3373 1772/1828/3374 1763/1829/3370
f 1208/1259/2143 1769/1825/3375 1761/1823/3368 1250/1258/2142
f 1209/1261/2145 1742/1805/3376 1740/1804/3377 1221/1265/2149
f 1209/1261/2145 1210/1264/2148 1747/1271/2155 1742/1805/3376
f 1211/1272/2156 1222/1275/2159 1756/1818/3378 1757/1820/3379
f 1211/1272/2156 1757/1820/3379 1773/1822/3380 1212/1266/2150
f 1212/1266/2150 1773/1822/3380 1775/1836/3381 1213/1262/2146
f 1213/1262/2146 1775/1836/3381 1777/1838/3382 1214/1263/2147
f 1214/1263/2147 1777/1838/3382 1779/1840/3383 1215/1267/2151
f 1215/1267/2151 1779/1840/3383 1781/1842/3384 1265/1276/2160
f 1216/1269/2153 1233/1280/2164 1784/1811/3385 1748/1270/2154
f 1217/1278/2162 1218/1277/2161 1715/1770/3386 1709/1769/3387
f 1217/1278/2162 1709/1769/3387 1711/1773/3388 1234/1279/2163
f 1218/1277/2161 1265/1276/2160 1786/1778/3389 1715/1770/3386
f 1219/1274/2158 1760/1810/3390 1762/1824/3391 1246/1281/2165
f 1219/1274/2158 1220/1273/2157 1744/1808/3392 1760/1810/3390
f 1220/1273/2157 1221/1265/2149 1740/1804/3377 1744/1808/3392
f 1222/1275/2159 1247/1282/2166 1754/1816/3393 1756/1818/3378
f 1223/1283/2167 1229/1286/2170 1764/1830/3394 1771/1827/3395
f 1226/1288/2172 1228/1290/2174 1783/1812/3396 1787/1845/3397
f 1226/1288/2172 1787/1845/3397 1789/1847/3398 1230/1285/2169
f 1227/1289/2173 1736/1798/3399 1738/1800/3400 1228/1290/2174
f 1228/1290/2174 1738/1800/3400 1745/1802/3401 1783/1812/3396
f 1229/1286/2170 1230/1285/2169 1789/1847/3398 1791/1833/3402
f 1229/1286/2170 1791/1833/3402 1767/1831/3403 1764/1830/3394
f 1231/1291/2175 1790/1846/3404 1788/1844/3405 1232/1295/2179
f 1231/1291/2175 1235/1294/2178 1792/1834/3406 1790/1846/3404
f 1232/1295/2179 1788/1844/3405 1784/1811/3385 1233/1280/2164
f 1234/1279/2163 1711/1773/3388 1713/1775/3407 1237/1296/2180
f 1235/1294/2178 1236/1298/2182 1768/1301/2185 1792/1834/3406
f 1237/1296/2180 1713/1775/3407 1717/1777/3408 1238/1292/2176
f 1238/1292/2176 1717/1777/3408 1719/1781/3409 1239/1293/2177
f 1239/1293/2177 1719/1781/3409 1721/1783/3410 1240/1297/2181
f 1240/1297/2181 1721/1783/3410 1723/1785/3411 1241/1299/2183
f 1241/1299/2183 1723/1785/3411 1725/1787/3412 1267/1304/2188
f 1242/1306/2190 1244/1308/2192 1750/1796/3413 1752/1814/3414
f 1242/1306/2190 1752/1814/3414 1754/1816/3393 1247/1282/2166
f 1243/1302/2186 1248/1307/2191 1770/1826/3415 1765/1303/2187
f 1244/1308/2192 1245/1305/2189 1734/1794/3416 1750/1796/3413
f 1245/1305/2189 1267/1304/2188 1732/1792/3417 1734/1794/3416
f 1246/1281/2165 1762/1824/3391 1770/1826/3415 1248/1307/2191
f 1252/1211/2097 1714/1771/3339 1785/1779/3418 1253/1212/2098
f 1253/1212/2098 1785/1779/3418 1794/1766/3419 1704/1762/3334
f 1254/1247/2131 1255/1246/2130 1774/1821/3420 1758/1819/3366
f 1255/1246/2130 1256/1250/2134 1776/1835/3421 1774/1821/3420
f 1256/1250/2134 1257/1310/2194 1778/1837/3422 1776/1835/3421
f 1257/1310/2194 1258/1311/2196 1780/1839/3423 1778/1837/3422
f 1258/1311/2196 1259/1312/2198 1782/1841/3424 1780/1839/3423
f 1259/1312/2198 1705/1763/3425 1793/1767/3426 1782/1841/3424
f 1259/1312/2198 1263/1229/2197 1707/1764/3427 1705/1763/3425
f 1732/1792/3417 1267/1304/2188 1725/1787/3412 1728/1789/3428
f 1265/1276/2160 1781/1842/3384 1795/1843/3429 1786/1778/3389
f 1728/1789/3430 1729/1788/3431 1730/1790/3432
f 1745/1802/3433 1746/1801/3434 1747/1271/3435 1748/1270/3436
f 1765/1303/3437 1766/1832/3438 1767/1831/3439 1768/1301/3440
f 1793/1767/3441 1794/1766/3442 1795/1843/3443
f 1797/1848/3444 1796/1849/3445 1801/1850/3446 1800/1851/3447
f 1798/1852/3448 1799/1853/3449 1802/1854/3450 1801/1850/3451
f 1799/1853/3449 1798/1852/3448 1803/1855/3452 1804/1856/3453
f 1800/1851/3454 1802/1854/3455 1808/1857/3456 1807/1858/3457
f 1804/1856/3453 1803/1855/3452 1805/1859/3458 1806/1860/3459
f 1806/1860/3459 1805/1859/3458 1811/1861/3460 1812/1862/3461
f 1807/1858/3457 1808/1857/3456 1810/1863/3462 1809/1864/3463
f 1809/1864/3463 1810/1863/3462 1822/1865/3464 1821/1866/3465
f 1812/1862/3461 1811/1861/3460 1816/1867/3466 1815/1868/3467
f 1813/1869/3468 1814/1870/3469 1817/1871/3470 1816/1867/3471
f 1815/1868/3472 1817/1871/3473 1863/1872/3474 1862/1873/3475
f 1819/1874/3476 1818/1875/3477 1821/1866/3478 1820/1876/3479
f 1820/1876/3480 1822/1865/3481 1847/1877/3482 1846/1878/3483
f 1824/1879/3484 1823/1880/3485 1829/1881/3486 1828/1882/3487
f 1825/1883/3488 1826/1884/3489 1830/1885/3490 1829/1881/3491
f 1826/1884/3489 1825/1883/3488 1834/1320/3492 1833/1886/3493
f 1828/1882/3494 1827/1324/3495 1850/1323/3496 1853/1887/3497
f 1836/1888/3498 1835/1889/3499 1840/1890/3500 1839/1891/3501
f 1837/1892/3502 1838/1893/3503 1841/1894/3504 1840/1890/3505
f 1838/1893/3503 1837/1892/3502 1842/1895/3506 1843/1896/3507
f 1839/1891/3508 1841/1894/3509 1869/1897/3510 1868/1898/3511
f 1843/1896/3507 1842/1895/3506 1844/1899/3512 1845/1900/3513
f 1845/1900/3513 1844/1899/3512 1846/1878/3483 1847/1877/3482
f 1848/1901/3514 1849/1902/3515 1853/1887/3516 1852/1903/3517
f 1852/1903/3518 1851/1904/3519 1855/1905/3520 1854/1906/3521
f 1854/1906/3521 1855/1905/3520 1856/1907/3522 1859/1319/3523
f 1860/1908/3524 1861/1909/3525 1864/1910/3526 1863/1872/3527
f 1862/1873/3528 1864/1910/3529 1878/1911/3530 1877/1912/3531
f 1866/1913/3532 1865/1914/3533 1868/1898/3534 1867/1915/3535
f 1867/1915/3536 1869/1897/3537 1875/1916/3538 1874/1917/3539
f 1871/1918/3540 1870/1919/3541 1874/1917/3542 1873/1920/3543
f 1873/1920/3544 1872/1326/3545 1876/1325/3546 1879/1921/3547
f 1879/1921/3548 1878/1911/3549 1881/1922/3550 1880/1923/3551
f 1268/1924/3552 1798/1852/3553 1801/1850/3554 1796/1849/3555
f 1268/1924/3552 1269/1925/3556 1803/1855/3557 1798/1852/3553
f 1269/1925/3556 1271/1926/3558 1805/1859/3559 1803/1855/3557
f 1270/1927/3560 1807/1858/3561 1809/1864/3562 1273/1928/3563
f 1270/1927/3560 1797/1848/3564 1800/1851/3565 1807/1858/3561
f 1271/1926/3558 1272/1929/3566 1811/1861/3567 1805/1859/3559
f 1272/1929/3566 1813/1869/3568 1816/1867/3569 1811/1861/3567
f 1273/1928/3563 1809/1864/3562 1821/1866/3570 1818/1875/3571
f 1274/1315/3572 1825/1883/3573 1829/1881/3574 1823/1880/3575
f 1274/1315/3572 1283/1314/3576 1834/1320/3577 1825/1883/3573
f 1275/1930/3578 1837/1892/3579 1840/1890/3580 1835/1889/3581
f 1275/1930/3578 1276/1931/3582 1842/1895/3583 1837/1892/3579
f 1276/1931/3582 1277/1932/3584 1844/1899/3585 1842/1895/3583
f 1277/1932/3584 1278/1933/3586 1846/1878/3587 1844/1899/3585
f 1278/1933/3586 1819/1874/3588 1820/1876/3589 1846/1878/3587
f 1279/1316/3590 1848/1901/3591 1852/1903/3592 1854/1906/3593
f 1279/1316/3590 1854/1906/3593 1859/1319/3594 1282/1317/3595
f 1814/1870/3596 1860/1908/3597 1863/1872/3598 1817/1871/3599
f 1836/1888/3600 1839/1891/3601 1868/1898/3602 1865/1914/3603
f 1826/1884/3604 1804/1856/3605 1806/1860/3606 1830/1885/3607
f 1826/1884/3604 1833/1886/3608 1799/1853/3609 1804/1856/3605
f 1808/1857/3610 1802/1854/3611 1832/1934/3612
f 1799/1853/3609 1833/1886/3608 1802/1854/3611
f 1802/1854/3611 1833/1886/3608 1832/1934/3612
f 1808/1857/3610 1832/1934/3612 1810/1863/3613
f 1810/1863/3613 1832/1934/3612 1857/1935/3614
f 1832/1934/3612 1831/1322/3615 1857/1935/3614
f 1831/1322/3615 1858/1321/3616 1857/1935/3614
f 1855/1905/3617 1845/1900/3618 1847/1877/3619 1856/1907/3620
f 1855/1905/3617 1851/1904/3621 1843/1896/3622 1845/1900/3618
f 1870/1919/3623 1866/1913/3624 1867/1915/3625 1874/1917/3626
f 1861/1909/3627 1881/1922/3628 1878/1911/3629 1864/1910/3630
f 1838/1893/3631 1875/1916/3632 1869/1897/3633 1841/1894/3634
f 1843/1896/3622 1851/1904/3621 1838/1893/3631
f 1851/1904/3621 1850/1323/2207 1838/1893/3631
f 1850/1323/2207 1872/1326/2210 1838/1893/3631
f 1838/1893/3631 1872/1326/2210 1875/1916/3632
f 1810/1863/3613 1857/1935/3614 1822/1865/3635
f 1847/1877/3619 1822/1865/3635 1856/1907/3620
f 1857/1935/3614 1856/1907/3620 1822/1865/3635
f 1806/1860/3606 1812/1862/3636 1830/1885/3607
f 1830/1885/3607 1812/1862/3636 1827/1324/2208
f 1827/1324/2208 1812/1862/3636 1876/1325/2209
f 1812/1862/3636 1877/1912/3637 1876/1325/2209
f 1812/1862/3636 1815/1868/3638 1862/1873/3639 1877/1912/3637
f 1824/1879/3640 1828/1882/3641 1853/1887/3642 1849/1902/3643
f 1871/1918/3644 1873/1920/3645 1879/1921/3646 1880/1923/3647
f 1800/1851/3454 1801/1850/3648 1802/1854/3455
f 1815/1868/3649 1816/1867/3650 1817/1871/3651
f 1820/1876/3480 1821/1866/3652 1822/1865/3481
f 1827/1324/3653 1828/1882/3654 1829/1881/3655 1830/1885/3656
f 1831/1322/3657 1832/1934/3658 1833/1886/3659 1834/1320/3660
f 1839/1891/3661 1840/1890/3662 1841/1894/3663
f 1850/1323/3664 1851/1904/3519 1852/1903/3518 1853/1887/3665
f 1856/1907/3666 1857/1935/3667 1858/1321/3668 1859/1319/3669
f 1862/1873/3670 1863/1872/3671 1864/1910/3672
f 1867/1915/3536 1868/1898/3673 1869/1897/3537
f 1872/1326/3545 1873/1920/3544 1874/1917/3539 1875/1916/3538
f 1876/1325/3546 1877/1912/3531 1878/1911/3530 1879/1921/3547
f 1883/1936/3674 1882/1937/3675 1887/1938/3676 1886/1939/3677
f 1884/1940/3678 1885/1941/3679 1888/1942/3680 1887/1938/3681
f 1885/1941/3679 1884/1940/3678 1892/1943/3682 1891/1944/3683
f 1886/1939/3684 1888/1942/3685 1908/1945/3686 1909/1946/3687
f 1889/1947/3688 1890/1948/3689 1893/1949/3690 1892/1943/3691
f 1891/1944/3692 1893/1949/3693 1896/1950/3694 1897/1951/3695
f 1894/1952/3696 1895/1953/3697 1897/1951/3695 1896/1950/3694
f 1895/1953/3697 1894/1952/3696 1901/1361/3698 1900/1328/3699
f 1902/1954/3700 1903/1955/3701 1909/1946/3687 1908/1945/3686
f 1903/1955/3701 1902/1954/3700 1904/1956/3702 1905/1957/3703
f 1905/1957/3703 1904/1956/3702 1906/1958/3704 1907/1959/3705
f 1907/1959/3705 1906/1958/3704 1910/1960/3706 1911/1961/3707
f 1911/1961/3707 1910/1960/3706 1928/1962/3708 1929/1963/3709
f 1912/1964/3710 1913/1965/3711 1914/1966/3712 1917/1343/3713
f 1913/1965/3711 1912/1964/3710 1920/1336/3714 1919/1967/3715
f 1915/1968/3716 1914/1966/3717 1975/1969/3718 1974/1970/3719
f 1916/1344/3720 1915/1968/3721 1963/1971/3722 1962/1972/3723
f 1918/1973/3724 1921/1337/3725 1968/1974/3726 1969/1975/3727
f 1919/1967/3728 1918/1973/3729 1976/1976/3730 1977/1977/3731
f 1922/1978/3732 1923/1979/3733 1957/1980/3734 1956/1981/3735
f 1923/1979/3733 1922/1978/3732 1925/1982/3736 1924/1983/3737
f 1924/1983/3737 1925/1982/3736 1932/1984/3738 1931/1985/3739
f 1926/1986/3740 1927/1987/3741 1929/1963/3709 1928/1962/3708
f 1927/1987/3741 1926/1986/3740 1931/1985/3742 1930/1988/3743
f 1930/1988/3744 1932/1984/3745 1954/1989/3746 1955/1990/3747
f 1933/1991/3748 1934/1992/3749 1936/1993/3750 1935/1994/3751
f 1934/1992/3749 1933/1991/3748 1938/1995/3752 1937/1996/3753
f 1935/1994/3751 1936/1993/3750 1940/1997/3754 1939/1998/3755
f 1937/1996/3756 1938/1995/3757 1943/1999/3758 1944/2000/3759
f 1939/1998/3755 1940/1997/3754 1970/2001/3760 1973/1362/3761
f 1941/2002/3762 1942/2003/3763 1947/2004/3764 1946/2005/3765
f 1944/2000/3759 1943/1999/3758 1946/2005/3766 1945/2006/3767
f 1945/2006/3768 1947/2004/3769 1948/2007/3770 1949/2008/3771
f 1949/2008/3771 1948/2007/3770 1950/2009/3772 1951/2010/3773
f 1951/2010/3773 1950/2009/3772 1952/2011/3774 1953/2012/3775
f 1953/2012/3775 1952/2011/3774 1960/2013/3776 1961/2014/3777
f 1956/1981/3735 1957/1980/3734 1959/2015/3778 1958/2016/3779
f 1958/2016/3779 1959/2015/3778 1961/2014/3777 1960/2013/3776
f 1962/1972/3780 1963/1971/3781 1965/2017/3782 1964/2018/3783
f 1964/2018/3783 1965/2017/3782 1967/2019/3784 1966/2020/3785
f 1966/2020/3785 1967/2019/3784 1969/1975/3727 1968/1974/3726
f 1284/2021/3786 1884/1940/3787 1887/1938/3788 1882/1937/3789
f 1284/2021/3786 1889/1947/3790 1892/1943/3791 1884/1940/3787
f 1285/2022/3792 1286/2023/3793 1894/1952/3794 1896/1950/3795
f 1285/2022/3792 1896/1950/3795 1893/1949/3796 1890/1948/3797
f 1286/2023/3793 1332/1359/3798 1901/1361/3799 1894/1952/3794
f 1287/1327/2211 1289/2024/3800 1895/1953/3801 1900/1328/2212
f 1287/1327/2211 1904/1956/3802 1902/1954/3803 1289/2024/3800
f 1287/1327/2211 1290/1329/2213 1906/1958/3804 1904/1956/3802
f 1288/2025/3805 1885/1941/3806 1891/1944/3807 1897/1951/3808
f 1288/2025/3805 1908/1945/3809 1888/1942/3810 1885/1941/3806
f 1288/2025/3805 1289/2024/3800 1902/1954/3803 1908/1945/3809
f 1288/2025/3805 1897/1951/3808 1895/1953/3801 1289/2024/3800
f 1290/1329/2213 1296/1333/2217 1910/1960/3811 1906/1958/3804
f 1291/1332/2216 1912/1964/3812 1917/1343/2227 1295/1334/2218
f 1291/1332/2216 1292/1331/2215 1920/1336/2220 1912/1964/3812
f 1293/1341/2225 1319/1342/2226 1923/1979/3813 1924/1983/3814
f 1293/1341/2225 1926/1986/3815 1928/1962/3816 1294/1335/2219
f 1293/1341/2225 1924/1983/3814 1931/1985/3817 1926/1986/3815
f 1294/1335/2219 1928/1962/3816 1910/1960/3811 1296/1333/2217
f 1297/2026/3818 1933/1991/3819 1935/1994/3820 1298/2027/3821
f 1297/2026/3818 1330/2028/3822 1938/1995/3823 1933/1991/3819
f 1298/2027/3821 1935/1994/3820 1939/1998/3824 1311/2029/3825
f 1299/2030/3826 1943/1999/3827 1938/1995/3828 1330/2028/3829
f 1299/2030/3826 1941/2002/3830 1946/2005/3831 1943/1999/3827
f 1300/2031/3832 1950/2009/3833 1948/2007/3834 1301/2032/3835
f 1300/2031/3832 1331/2033/3836 1952/2011/3837 1950/2009/3833
f 1301/2032/3835 1948/2007/3834 1947/2004/3838 1942/2003/3839
f 1302/1348/3840 1925/1982/3841 1922/1978/3842 1303/1346/3843
f 1302/1348/3840 1954/1989/3844 1932/1984/3845 1925/1982/3841
f 1303/1346/3843 1922/1978/3842 1956/1981/3846 1304/1347/3847
f 1304/1347/3848 1956/1981/3849 1958/2016/3850 1305/1349/3851
f 1305/1349/3852 1958/2016/3853 1960/2013/3854 1310/1350/3855
f 1306/2034/3856 1308/1345/2229 1916/1344/2228 1962/1972/3857
f 1306/2034/3856 1959/2015/3858 1957/1980/3859 1308/1345/2229
f 1306/2034/3856 1307/2035/3860 1961/2014/3861 1959/2015/3858
f 1306/2034/3856 1962/1972/3857 1964/2018/3862 1307/2035/3860
f 1307/2035/3860 1964/2018/3862 1966/2020/3863 1309/2036/3864
f 1307/2035/3860 1309/2036/3864 1953/2012/3865 1961/2014/3861
f 1308/1345/2229 1957/1980/3859 1923/1979/3813 1319/1342/2226
f 1309/2036/3864 1329/2037/3866 1327/2038/3867 1953/2012/3865
f 1309/2036/3864 1966/2020/3863 1968/1974/3868 1329/2037/3866
f 1310/1350/3869 1960/2013/3870 1952/2011/3871 1331/2033/3872
f 1311/2029/3825 1939/1998/3824 1973/1362/3873 1328/1360/3874
f 1312/2039/3875 1313/2040/3876 1949/2008/3877 1951/2010/3878
f 1312/2039/3875 1936/1993/3879 1934/1992/3880 1313/2040/3876
f 1312/2039/3875 1327/2038/3867 1940/1997/3881 1936/1993/3879
f 1312/2039/3875 1951/2010/3878 1953/2012/3865 1327/2038/3867
f 1313/2040/3876 1944/2000/3882 1945/2006/3883 1949/2008/3877
f 1313/2040/3876 1934/1992/3880 1937/1996/3884 1944/2000/3882
f 1314/1354/3885 1907/1959/3886 1911/1961/3887 1315/1353/3888
f 1314/1354/3885 1325/2041/3889 1905/1957/3890 1907/1959/3886
f 1315/1353/3888 1911/1961/3887 1929/1963/3891 1316/1351/3892
f 1316/1351/3892 1929/1963/3891 1927/1987/3893 1317/1352/3894
f 1317/1352/3894 1927/1987/3893 1930/1988/3895 1955/1990/3896
f 1318/2042/3897 1909/1946/3898 1903/1955/3899 1324/2043/3900
f 1318/2042/3897 1883/1936/3901 1886/1939/3902 1909/1946/3898
f 1320/1355/3903 1963/1971/3904 1915/1968/3905 1974/1970/3906
f 1320/1355/3907 1321/1356/3908 1965/2017/3909 1963/1971/3910
f 1321/1356/3908 1322/1357/3911 1967/2019/3912 1965/2017/3909
f 1322/1357/3913 1323/1358/3914 1969/1975/3915 1967/2019/3916
f 1323/1358/3917 1976/1976/3918 1918/1973/3919 1969/1975/3920
f 1324/2043/3900 1903/1955/3899 1905/1957/3890 1325/2041/3889
f 1326/2044/3921 1913/1965/3922 1919/1967/3923 1977/1977/3924
f 1326/2044/3921 1975/1969/3925 1914/1966/3926 1913/1965/3922
f 1327/2038/3867 1329/2037/3866 1970/2001/3927 1940/1997/3881
f 1968/1974/3868 1921/1337/2221 1329/2037/3866
f 1971/1338/2222 1970/2001/3927 1921/1337/2221
f 1921/1337/2221 1970/2001/3927 1329/2037/3866
f 1886/1939/3928 1887/1938/3929 1888/1942/3930
f 1891/1944/3931 1892/1943/3932 1893/1949/3933
f 1898/1340/3934 1899/1330/3935 1900/1328/3936 1901/1361/3937
f 1914/1966/3938 1915/1968/3939 1916/1344/3940 1917/1343/3941
f 1918/1973/3942 1919/1967/3943 1920/1336/3944 1921/1337/3945
f 1930/1988/3946 1931/1985/3947 1932/1984/3948
f 1945/2006/3949 1946/2005/3950 1947/2004/3951
f 1970/2001/3952 1971/1338/3953 1972/1339/3954 1973/1362/3955
f 1978/2046/3956 1979/2045/3957 2035/2047/3958 2034/2048/3959
f 1980/2049/3960 1981/2050/3961 1985/2051/3962 1984/2052/3963
f 1981/2050/3961 1980/2049/3960 1982/2053/3964 1983/2054/3965
f 1983/2054/3965 1982/2053/3964 1989/2055/3966 1988/2056/3967
f 1984/2052/3963 1985/2051/3962 2031/2057/3968 2032/2058/3969
f 1986/2059/3970 1987/2060/3971 1990/2061/3972 1989/2055/3973
f 1987/2060/3971 1986/2059/3970 1992/2062/3974 1991/2063/3975
f 1988/2056/3976 1990/2061/3977 2020/2064/3978 2021/2065/3979
f 1991/2063/3975 1992/2062/3974 2017/2066/3980 2019/2067/3981
f 1993/2069/3982 1994/2068/3983 1997/2070/3984 1996/2071/3985
f 1995/2072/3986 1997/2070/3987 2004/2073/3988 2006/2074/3989
f 1996/2071/3990 1995/2072/3991 1999/2075/3992 1998/2076/3993
f 1998/2076/3993 1999/2075/3992 2000/2077/3994 2001/1375/3995
f 2002/2078/3996 2003/2079/3997 2006/2074/3998 2005/2080/3999
f 2003/2079/3997 2002/2078/3996 2009/2081/4000 2010/2082/4001
f 2005/2080/4002 2004/2073/4003 2008/2083/4004 2007/2084/4005
f 2010/2082/4001 2009/2081/4000 2013/2085/4006 2014/2086/4007
f 2011/2087/4008 2012/2088/4009 2019/2067/4010 2018/2089/4011
f 2014/2086/4007 2013/2085/4006 2015/2090/4012 2016/2091/4013
f 2016/2091/4013 2015/2090/4012 2018/2089/4014 2017/2066/4015
f 2022/2092/4016 2023/2093/4017 2026/2094/4018 2025/2095/4019
f 2023/2093/4017 2022/2092/4016 2029/1376/4020 2030/2096/4021
f 2024/2097/4022 2026/2094/4023 2033/2098/4024 2035/2047/4025
f 2025/2095/4026 2024/2097/4027 2028/2099/4028 2027/2100/4029
f 2032/2058/3969 2031/2057/3968 2034/2048/4030 2033/2098/4031
f 1333/1365/2236 1334/1368/2239 1982/2053/4032 1980/2049/4033
f 1980/2049/4033 1984/2052/4034 1333/1365/2236
f 1333/1365/2236 1984/2052/4034 2030/2096/4035
f 1334/1368/2239 1986/2059/4036 1989/2055/4037 1982/2053/4032
f 1334/1368/2239 1348/1367/2238 1992/2062/4038 1986/2059/4036
f 1335/1369/4039 1993/2069/4040 1996/2071/4041 1998/2076/4042
f 1335/1369/4039 1998/2076/4042 2001/1375/4043 1349/1370/4044
f 1336/1372/4045 2002/2078/4046 2005/2080/4047 2007/2084/4048
f 1336/1372/4045 1338/1371/4049 2009/2081/4050 2002/2078/4046
f 1337/2101/4051 2013/2085/4052 2009/2081/4050 1338/1371/4049
f 1337/2101/4051 1339/2102/4053 2015/2090/4054 2013/2085/4052
f 1339/2102/4053 2011/2087/4055 2018/2089/4056 2015/2090/4054
f 1340/2103/4057 2020/2064/4058 1990/2061/4059 1987/2060/4060
f 1340/2103/4057 1987/2060/4060 1991/2063/4061 1341/2104/4062
f 1341/2104/4062 1991/2063/4061 2019/2067/4063 2012/2088/4064
f 1342/2105/4065 1983/2054/4066 1988/2056/4067 2021/2065/4068
f 1342/2105/4065 1346/2106/4069 1981/2050/4070 1983/2054/4066
f 1343/1373/4071 2022/2092/4072 2025/2095/4073 2027/2100/4074
f 1343/1373/4071 1350/1374/4075 2029/1376/4076 2022/2092/4072
f 1344/1363/4077 2031/2057/4078 1985/2051/4079 1345/1364/4080
f 1344/1363/4077 1978/2046/4081 2034/2048/4082 2031/2057/4078
f 1345/1364/4080 1985/2051/4079 1981/2050/4070 1346/2106/4069
f 1347/1366/2237 2014/2086/4083 2016/2091/4084 1348/1367/2238
f 2014/2086/4083 1347/1366/2237 2010/2082/4085
f 1347/1366/2237 2000/2077/4086 2010/2082/4085
f 1348/1367/2238 2016/2091/4084 2017/2066/4087 1992/2062/4038
f 1979/2045/4088 2028/2099/4089 2024/2097/4090 2035/2047/4091
f 1999/2075/4092 1995/2072/4093 2006/2074/4094 2003/2079/4095
f 1999/2075/4092 2003/2079/4095 2010/2082/4085 2000/2077/4086
f 2032/2058/4096 2023/2093/4097 2030/2096/4035 1984/2052/4034
f 2032/2058/4096 2033/2098/4098 2026/2094/4099 2023/2093/4097
f 1994/2068/4100 2008/2083/4101 2004/2073/4102 1997/2070/4103
f 1988/2056/4104 1989/2055/4105 1990/2061/4106
f 1995/2072/4107 1996/2071/4108 1997/2070/4109
f 2004/2073/4110 2005/2080/4111 2006/2074/4112
f 2017/2066/4113 2018/2089/4114 2019/2067/4115
f 2024/2097/4116 2025/2095/4117 2026/2094/4118
f 2033/2098/4119 2034/2048/4120 2035/2047/4121
f 1333/1365/4122 2030/2096/4123 2000/2077/4124 1347/1366/4125
f 2001/1375/4126 2000/2077/4127 2030/2096/4128 2029/1376/4129
f 1372/1404/4130 2044/2115/4131 2045/2116/4132 1373/1402/4133
f 1373/1402/4134 2045/2116/4135 2046/2117/4136 1381/1403/4137
f 1381/1403/4138 2046/2117/4139 2047/2118/4140 1379/1396/4141
f 1379/1396/4142 2047/2118/4143 2048/2119/4144 1359/1393/4145
f 1359/1393/4146 2048/2119/4147 2049/2120/4148 1360/1380/4149
f 1360/1380/4150 2049/2120/4151 2050/2121/4152 1351/1377/4153
f 1351/1377/4154 2050/2121/4155 2051/2122/4156 1354/1381/4157
f 1354/1381/4158 2051/2122/4159 2052/2123/4160 1367/1383/4161
f 1367/1383/4162 2052/2123/4163 2053/2124/4164 1365/1399/4165
