# This file uses centimeters as units for non-parametric coordinates.

mtllib Note_Container.mtl
g default
v -0.494976 -0.214700 -0.500000
v -0.500000 -0.214700 -0.494976
v -0.500000 -0.232981 -0.494976
v -0.494976 -0.232981 -0.500000
v -0.494976 -0.251262 -0.500000
v -0.500000 -0.251262 -0.494976
v -0.500000 -0.269544 -0.494976
v -0.494976 -0.269544 -0.500000
v -0.494976 -0.287824 -0.500000
v -0.500000 -0.287824 -0.494976
v -0.500000 -0.306106 -0.494976
v -0.494976 -0.306106 -0.500000
v -0.494976 -0.324387 -0.500000
v -0.500000 -0.324387 -0.494976
v -0.500000 -0.342668 -0.494976
v -0.494976 -0.342668 -0.500000
v -0.494976 -0.360949 -0.500000
v -0.500000 -0.360949 -0.494976
v -0.500000 -0.379230 -0.494976
v -0.494976 -0.379230 -0.500000
v -0.494976 -0.397511 -0.500000
v -0.500000 -0.397511 -0.494976
v -0.500000 -0.415792 -0.494976
v -0.494976 -0.415792 -0.500000
v -0.494976 -0.434073 -0.500000
v -0.500000 -0.434073 -0.494976
v -0.500000 -0.452354 -0.494976
v -0.494976 -0.452354 -0.500000
v -0.494976 -0.470635 -0.500000
v -0.500000 -0.470635 -0.494976
v -0.500000 -0.488916 -0.494976
v -0.494976 -0.488916 -0.500000
v -0.494976 -0.507197 -0.500000
v -0.500000 -0.507197 -0.494976
v -0.500000 -0.525478 -0.494976
v -0.494976 -0.525478 -0.500000
v -0.494976 -0.543759 -0.500000
v -0.500000 -0.543759 -0.494976
v -0.500000 -0.562040 -0.494976
v -0.494976 -0.562040 -0.500000
v -0.494976 -0.580321 -0.500000
v -0.500000 -0.580321 -0.494976
v -0.500000 -0.598602 -0.494976
v -0.494976 -0.598602 -0.500000
v -0.494976 -0.616883 -0.500000
v -0.500000 -0.616883 -0.494976
v -0.500000 -0.635164 -0.494976
v -0.494976 -0.635164 -0.500000
v -0.494976 -0.653445 -0.500000
v -0.500000 -0.653445 -0.494976
v -0.500000 -0.671726 -0.494976
v -0.494976 -0.671726 -0.500000
v -0.494976 -0.690007 -0.500000
v -0.500000 -0.690007 -0.494976
v -0.500000 -0.708288 -0.494976
v -0.494976 -0.708288 -0.500000
v 0.500000 -0.214700 -0.494976
v 0.494976 -0.214700 -0.500000
v 0.494976 -0.232981 -0.500000
v 0.500000 -0.232981 -0.494976
v 0.500000 -0.251262 -0.494976
v 0.494976 -0.251262 -0.500000
v 0.494976 -0.269544 -0.500000
v 0.500000 -0.269544 -0.494976
v 0.500000 -0.287824 -0.494976
v 0.494976 -0.287824 -0.500000
v 0.494976 -0.306106 -0.500000
v 0.500000 -0.306106 -0.494976
v 0.500000 -0.324387 -0.494976
v 0.494976 -0.324387 -0.500000
v 0.494976 -0.342668 -0.500000
v 0.500000 -0.342668 -0.494976
v 0.500000 -0.360949 -0.494976
v 0.494976 -0.360949 -0.500000
v 0.494976 -0.379230 -0.500000
v 0.500000 -0.379230 -0.494976
v 0.500000 -0.397511 -0.494976
v 0.494976 -0.397511 -0.500000
v 0.494976 -0.415792 -0.500000
v 0.500000 -0.415792 -0.494976
v 0.500000 -0.434073 -0.494976
v 0.494976 -0.434073 -0.500000
v 0.494976 -0.452354 -0.500000
v 0.500000 -0.452354 -0.494976
v 0.500000 -0.470635 -0.494976
v 0.494976 -0.470635 -0.500000
v 0.494976 -0.488916 -0.500000
v 0.500000 -0.488916 -0.494976
v 0.500000 -0.507197 -0.494976
v 0.494976 -0.507197 -0.500000
v 0.494976 -0.525478 -0.500000
v 0.500000 -0.525478 -0.494976
v 0.500000 -0.543759 -0.494976
v 0.494976 -0.543759 -0.500000
v 0.494976 -0.562040 -0.500000
v 0.500000 -0.562040 -0.494976
v 0.500000 -0.580321 -0.494976
v 0.494976 -0.580321 -0.500000
v 0.494976 -0.598602 -0.500000
v 0.500000 -0.598602 -0.494976
v 0.500000 -0.616883 -0.494976
v 0.494976 -0.616883 -0.500000
v 0.494976 -0.635164 -0.500000
v 0.500000 -0.635164 -0.494976
v 0.500000 -0.653445 -0.494976
v 0.494976 -0.653445 -0.500000
v 0.494976 -0.671726 -0.500000
v 0.500000 -0.671726 -0.494976
v 0.500000 -0.690007 -0.494976
v 0.494976 -0.690007 -0.500000
v 0.494976 -0.708288 -0.500000
v 0.500000 -0.708288 -0.494976
v 0.494976 -0.214700 0.500000
v 0.500000 -0.214700 0.494976
v 0.500000 -0.232981 0.494976
v 0.494976 -0.232981 0.500000
v 0.494976 -0.251262 0.500000
v 0.500000 -0.251262 0.494976
v 0.500000 -0.269544 0.494976
v 0.494976 -0.269544 0.500000
v 0.494976 -0.287824 0.500000
v 0.500000 -0.287824 0.494976
v 0.500000 -0.306106 0.494976
v 0.494976 -0.306106 0.500000
v 0.494976 -0.324387 0.500000
v 0.500000 -0.324387 0.494976
v 0.500000 -0.342668 0.494976
v 0.494976 -0.342668 0.500000
v 0.494976 -0.360949 0.500000
v 0.500000 -0.360949 0.494976
v 0.500000 -0.379230 0.494976
v 0.494976 -0.379230 0.500000
v 0.494976 -0.397511 0.500000
v 0.500000 -0.397511 0.494976
v 0.500000 -0.415792 0.494976
v 0.494976 -0.415792 0.500000
v 0.494976 -0.434073 0.500000
v 0.500000 -0.434073 0.494976
v 0.500000 -0.452354 0.494976
v 0.494976 -0.452354 0.500000
v 0.494976 -0.470635 0.500000
v 0.500000 -0.470635 0.494976
v 0.500000 -0.488916 0.494976
v 0.494976 -0.488916 0.500000
v 0.494976 -0.507197 0.500000
v 0.500000 -0.507197 0.494976
v 0.500000 -0.525478 0.494976
v 0.494976 -0.525478 0.500000
v 0.494976 -0.543759 0.500000
v 0.500000 -0.543759 0.494976
v 0.500000 -0.562040 0.494976
v 0.494976 -0.562040 0.500000
v 0.494976 -0.580321 0.500000
v 0.500000 -0.580321 0.494976
v 0.500000 -0.598602 0.494976
v 0.494976 -0.598602 0.500000
v 0.494976 -0.616883 0.500000
v 0.500000 -0.616883 0.494976
v 0.500000 -0.635164 0.494976
v 0.494976 -0.635164 0.500000
v 0.494976 -0.653445 0.500000
v 0.500000 -0.653445 0.494976
v 0.500000 -0.671726 0.494976
v 0.494976 -0.671726 0.500000
v 0.494976 -0.690007 0.500000
v 0.500000 -0.690007 0.494976
v 0.500000 -0.708288 0.494976
v 0.494976 -0.708288 0.500000
v -0.500000 -0.214700 0.494976
v -0.494976 -0.214700 0.500000
v -0.494976 -0.232981 0.500000
v -0.500000 -0.232981 0.494976
v -0.500000 -0.251262 0.494976
v -0.494976 -0.251262 0.500000
v -0.494976 -0.269544 0.500000
v -0.500000 -0.269544 0.494976
v -0.500000 -0.287824 0.494976
v -0.494976 -0.287824 0.500000
v -0.494976 -0.306106 0.500000
v -0.500000 -0.306106 0.494976
v -0.500000 -0.324387 0.494976
v -0.494976 -0.324387 0.500000
v -0.494976 -0.342668 0.500000
v -0.500000 -0.342668 0.494976
v -0.500000 -0.360949 0.494976
v -0.494976 -0.360949 0.500000
v -0.494976 -0.379230 0.500000
v -0.500000 -0.379230 0.494976
v -0.500000 -0.397511 0.494976
v -0.494976 -0.397511 0.500000
v -0.494976 -0.415792 0.500000
v -0.500000 -0.415792 0.494976
v -0.500000 -0.434073 0.494976
v -0.494976 -0.434073 0.500000
v -0.494976 -0.452354 0.500000
v -0.500000 -0.452354 0.494976
v -0.500000 -0.470635 0.494976
v -0.494976 -0.470635 0.500000
v -0.494976 -0.488916 0.500000
v -0.500000 -0.488916 0.494976
v -0.500000 -0.507197 0.494976
v -0.494976 -0.507197 0.500000
v -0.494976 -0.525478 0.500000
v -0.500000 -0.525478 0.494976
v -0.500000 -0.543759 0.494976
v -0.494976 -0.543759 0.500000
v -0.494976 -0.562040 0.500000
v -0.500000 -0.562040 0.494976
v -0.500000 -0.580321 0.494976
v -0.494976 -0.580321 0.500000
v -0.494976 -0.598602 0.500000
v -0.500000 -0.598602 0.494976
v -0.500000 -0.616883 0.494976
v -0.494976 -0.616883 0.500000
v -0.494976 -0.635164 0.500000
v -0.500000 -0.635164 0.494976
v -0.500000 -0.653445 0.494976
v -0.494976 -0.653445 0.500000
v -0.494976 -0.671726 0.500000
v -0.500000 -0.671726 0.494976
v -0.500000 -0.690007 0.494976
v -0.494976 -0.690007 0.500000
v -0.494976 -0.708288 0.500000
v -0.500000 -0.708288 0.494976
v -0.500000 -0.726569 -0.494976
v -0.494976 -0.726569 -0.500000
v -0.494976 -0.726569 0.500000
v -0.500000 -0.726569 0.494976
v 0.494976 -0.726569 -0.500000
v 0.500000 -0.726569 -0.494976
v 0.500000 -0.726569 0.494976
v 0.494976 -0.726569 0.500000
v -0.494976 -0.196419 -0.500000
v -0.500000 -0.196419 -0.494976
v -0.500000 -0.196419 0.494976
v -0.494976 -0.196419 0.500000
v 0.500000 -0.196419 -0.494976
v 0.494976 -0.196419 -0.500000
v 0.494976 -0.196419 0.500000
v 0.500000 -0.196419 0.494976
v -0.492353 -0.704513 -0.487329
v -0.487329 -0.704513 -0.492353
v -0.492353 -0.704513 0.487329
v -0.487329 -0.704513 0.492353
v -0.492353 -0.722515 -0.487329
v -0.487329 -0.722515 -0.492353
v -0.492353 -0.722515 0.487329
v -0.487329 -0.722515 0.492353
v 0.487329 -0.704513 -0.492353
v 0.492353 -0.704513 -0.487329
v 0.487329 -0.722515 -0.492353
v 0.492353 -0.722515 -0.487329
v 0.492353 -0.704513 0.487329
v 0.487329 -0.704513 0.492353
v 0.492353 -0.722515 0.487329
v 0.487329 -0.722515 0.492353
v -0.492353 -0.668511 -0.487329
v -0.487329 -0.668511 -0.492353
v -0.492353 -0.668511 0.487329
v -0.487329 -0.668511 0.492353
v -0.492353 -0.686512 -0.487329
v -0.487329 -0.686512 -0.492353
v -0.492353 -0.686512 0.487329
v -0.487329 -0.686512 0.492353
v 0.487329 -0.668511 -0.492353
v 0.492353 -0.668511 -0.487329
v 0.487329 -0.686512 -0.492353
v 0.492353 -0.686512 -0.487329
v 0.492353 -0.668511 0.487329
v 0.487329 -0.668511 0.492353
v 0.492353 -0.686512 0.487329
v 0.487329 -0.686512 0.492353
v -0.492353 -0.632508 -0.487329
v -0.487329 -0.632508 -0.492353
v -0.492353 -0.632508 0.487329
v -0.487329 -0.632508 0.492353
v -0.492353 -0.650509 -0.487329
v -0.487329 -0.650509 -0.492353
v -0.492353 -0.650509 0.487329
v -0.487329 -0.650509 0.492353
v 0.487329 -0.632508 -0.492353
v 0.492353 -0.632508 -0.487329
v 0.487329 -0.650509 -0.492353
v 0.492353 -0.650509 -0.487329
v 0.492353 -0.632508 0.487329
v 0.487329 -0.632508 0.492353
v 0.492353 -0.650509 0.487329
v 0.487329 -0.650509 0.492353
v -0.492353 -0.596505 -0.487329
v -0.487329 -0.596505 -0.492353
v -0.492353 -0.596505 0.487329
v -0.487329 -0.596505 0.492353
v -0.492353 -0.614506 -0.487329
v -0.487329 -0.614506 -0.492353
v -0.492353 -0.614506 0.487329
v -0.487329 -0.614506 0.492353
v 0.487329 -0.596505 -0.492353
v 0.492353 -0.596505 -0.487329
v 0.487329 -0.614506 -0.492353
v 0.492353 -0.614506 -0.487329
v 0.492353 -0.596505 0.487329
v 0.487329 -0.596505 0.492353
v 0.492353 -0.614506 0.487329
v 0.487329 -0.614506 0.492353
v -0.492353 -0.560502 -0.487329
v -0.487329 -0.560502 -0.492353
v -0.492353 -0.560502 0.487329
v -0.487329 -0.560502 0.492353
v -0.492353 -0.578503 -0.487329
v -0.487329 -0.578503 -0.492353
v -0.492353 -0.578503 0.487329
v -0.487329 -0.578503 0.492353
v 0.487329 -0.560502 -0.492353
v 0.492353 -0.560502 -0.487329
v 0.487329 -0.578503 -0.492353
v 0.492353 -0.578503 -0.487329
v 0.492353 -0.560502 0.487329
v 0.487329 -0.560502 0.492353
v 0.492353 -0.578503 0.487329
v 0.487329 -0.578503 0.492353
v -0.492353 -0.524499 -0.487329
v -0.487329 -0.524499 -0.492353
v -0.492353 -0.524499 0.487329
v -0.487329 -0.524499 0.492353
v -0.492353 -0.542501 -0.487329
v -0.487329 -0.542501 -0.492353
v -0.492353 -0.542501 0.487329
v -0.487329 -0.542501 0.492353
v 0.487329 -0.524499 -0.492353
v 0.492353 -0.524499 -0.487329
v 0.487329 -0.542501 -0.492353
v 0.492353 -0.542501 -0.487329
v 0.492353 -0.524499 0.487329
v 0.487329 -0.524499 0.492353
v 0.492353 -0.542501 0.487329
v 0.487329 -0.542501 0.492353
v -0.492353 -0.488496 -0.487329
v -0.487329 -0.488496 -0.492353
v -0.492353 -0.488496 0.487329
v -0.487329 -0.488496 0.492353
v -0.492353 -0.506498 -0.487329
v -0.487329 -0.506498 -0.492353
v -0.492353 -0.506498 0.487329
v -0.487329 -0.506498 0.492353
v 0.487329 -0.488496 -0.492353
v 0.492353 -0.488496 -0.487329
v 0.487329 -0.506498 -0.492353
v 0.492353 -0.506498 -0.487329
v 0.492353 -0.488496 0.487329
v 0.487329 -0.488496 0.492353
v 0.492353 -0.506498 0.487329
v 0.487329 -0.506498 0.492353
v -0.492353 -0.452494 -0.487329
v -0.487329 -0.452494 -0.492353
v -0.492353 -0.452494 0.487329
v -0.487329 -0.452494 0.492353
v -0.492353 -0.470495 -0.487329
v -0.487329 -0.470495 -0.492353
v -0.492353 -0.470495 0.487329
v -0.487329 -0.470495 0.492353
v 0.487329 -0.452494 -0.492353
v 0.492353 -0.452494 -0.487329
v 0.487329 -0.470495 -0.492353
v 0.492353 -0.470495 -0.487329
v 0.492353 -0.452494 0.487329
v 0.487329 -0.452494 0.492353
v 0.492353 -0.470495 0.487329
v 0.487329 -0.470495 0.492353
v -0.492353 -0.416491 -0.487329
v -0.487329 -0.416491 -0.492353
v -0.492353 -0.416491 0.487329
v -0.487329 -0.416491 0.492353
v -0.492353 -0.434492 -0.487329
v -0.487329 -0.434492 -0.492353
v -0.492353 -0.434492 0.487329
v -0.487329 -0.434492 0.492353
v 0.487329 -0.416491 -0.492353
v 0.492353 -0.416491 -0.487329
v 0.487329 -0.434492 -0.492353
v 0.492353 -0.434492 -0.487329
v 0.492353 -0.416491 0.487329
v 0.487329 -0.416491 0.492353
v 0.492353 -0.434492 0.487329
v 0.487329 -0.434492 0.492353
v -0.492353 -0.380488 -0.487329
v -0.487329 -0.380488 -0.492353
v -0.492353 -0.380488 0.487329
v -0.487329 -0.380488 0.492353
v -0.492353 -0.398489 -0.487329
v -0.487329 -0.398489 -0.492353
v -0.492353 -0.398489 0.487329
v -0.487329 -0.398489 0.492353
v 0.487329 -0.380488 -0.492353
v 0.492353 -0.380488 -0.487329
v 0.487329 -0.398489 -0.492353
v 0.492353 -0.398489 -0.487329
v 0.492353 -0.380488 0.487329
v 0.487329 -0.380488 0.492353
v 0.492353 -0.398489 0.487329
v 0.487329 -0.398489 0.492353
v -0.492353 -0.344485 -0.487329
v -0.487329 -0.344485 -0.492353
v -0.492353 -0.344485 0.487329
v -0.487329 -0.344485 0.492353
v -0.492353 -0.362486 -0.487329
v -0.487329 -0.362486 -0.492353
v -0.492353 -0.362486 0.487329
v -0.487329 -0.362486 0.492353
v 0.487329 -0.344485 -0.492353
v 0.492353 -0.344485 -0.487329
v 0.487329 -0.362486 -0.492353
v 0.492353 -0.362486 -0.487329
v 0.492353 -0.344485 0.487329
v 0.487329 -0.344485 0.492353
v 0.492353 -0.362486 0.487329
v 0.487329 -0.362486 0.492353
v -0.492353 -0.308482 -0.487329
v -0.487329 -0.308482 -0.492353
v -0.492353 -0.308482 0.487329
v -0.487329 -0.308482 0.492353
v -0.492353 -0.326484 -0.487329
v -0.487329 -0.326484 -0.492353
v -0.492353 -0.326484 0.487329
v -0.487329 -0.326484 0.492353
v 0.487329 -0.308482 -0.492353
v 0.492353 -0.308482 -0.487329
v 0.487329 -0.326484 -0.492353
v 0.492353 -0.326484 -0.487329
v 0.492353 -0.308482 0.487329
v 0.487329 -0.308482 0.492353
v 0.492353 -0.326484 0.487329
v 0.487329 -0.326484 0.492353
v -0.492353 -0.272479 -0.487329
v -0.487329 -0.272479 -0.492353
v -0.492353 -0.272479 0.487329
v -0.487329 -0.272479 0.492353
v -0.492353 -0.290481 -0.487329
v -0.487329 -0.290481 -0.492353
v -0.492353 -0.290481 0.487329
v -0.487329 -0.290481 0.492353
v 0.487329 -0.272479 -0.492353
v 0.492353 -0.272479 -0.487329
v 0.487329 -0.290481 -0.492353
v 0.492353 -0.290481 -0.487329
v 0.492353 -0.272479 0.487329
v 0.487329 -0.272479 0.492353
v 0.492353 -0.290481 0.487329
v 0.487329 -0.290481 0.492353
v -0.492353 -0.236476 -0.487329
v -0.487329 -0.236476 -0.492353
v -0.492353 -0.236476 0.487329
v -0.487329 -0.236476 0.492353
v -0.492353 -0.254478 -0.487329
v -0.487329 -0.254478 -0.492353
v -0.492353 -0.254478 0.487329
v -0.487329 -0.254478 0.492353
v 0.487329 -0.236476 -0.492353
v 0.492353 -0.236476 -0.487329
v 0.487329 -0.254478 -0.492353
v 0.492353 -0.254478 -0.487329
v 0.492353 -0.236476 0.487329
v 0.487329 -0.236476 0.492353
v 0.492353 -0.254478 0.487329
v 0.487329 -0.254478 0.492353
v -0.492353 -0.200474 -0.487329
v -0.487329 -0.200474 -0.492353
v -0.492353 -0.200474 0.487329
v -0.487329 -0.200474 0.492353
v -0.492353 -0.218475 -0.487329
v -0.487329 -0.218475 -0.492353
v -0.492353 -0.218475 0.487329
v -0.487329 -0.218475 0.492353
v 0.487329 -0.200474 -0.492353
v 0.492353 -0.200474 -0.487329
v 0.487329 -0.218475 -0.492353
v 0.492353 -0.218475 -0.487329
v 0.492353 -0.200474 0.487329
v 0.487329 -0.200474 0.492353
v 0.492353 -0.218475 0.487329
v 0.487329 -0.218475 0.492353
v -0.494976 -0.183935 0.500000
v -0.500000 -0.183935 0.494976
v -0.489180 -0.178138 0.494204
v -0.494204 -0.178138 0.489180
v -0.489180 -0.178138 -0.494204
v -0.494204 -0.178138 -0.489180
v -0.500000 -0.183935 -0.494976
v -0.494976 -0.183935 -0.500000
v 0.494204 -0.178138 0.489180
v 0.489180 -0.178138 0.494204
v 0.500000 -0.183935 0.494976
v 0.494976 -0.183935 0.500000
v 0.489180 -0.178138 -0.494204
v 0.494204 -0.178138 -0.489180
v 0.494976 -0.183935 -0.500000
v 0.500000 -0.183935 -0.494976
v -0.494204 -0.744850 -0.489180
v -0.489180 -0.744850 -0.494204
v -0.494976 -0.739054 -0.500000
v -0.500000 -0.739054 -0.494976
v 0.494204 -0.744850 -0.489180
v 0.489180 -0.744850 -0.494204
v 0.500000 -0.739054 -0.494976
v 0.494976 -0.739054 -0.500000
v -0.500000 -0.739054 0.494976
v -0.494976 -0.739054 0.500000
v -0.489180 -0.744850 0.494204
v -0.494204 -0.744850 0.489180
v 0.494204 -0.744850 0.489180
v 0.489180 -0.744850 0.494204
v 0.494976 -0.739054 0.500000
v 0.500000 -0.739054 0.494976
vt 0.691031 0.340651
vt 0.689509 0.341506
vt 0.522486 0.341506
vt 0.521738 0.340651
vt 0.597083 0.474189
vt 0.383891 0.005883
vt 0.384704 0.007406
vt 0.384704 0.171781
vt 0.690472 0.351022
vt 0.700176 0.341467
vt 0.703306 0.341467
vt 0.690472 0.354209
vt 0.690463 0.360052
vt 0.709247 0.341484
vt 0.712376 0.341484
vt 0.690463 0.363235
vt 0.690637 0.368945
vt 0.718246 0.341498
vt 0.721375 0.341498
vt 0.690637 0.372306
vt 0.690729 0.377770
vt 0.727185 0.341511
vt 0.730314 0.341511
vt 0.690729 0.380987
vt 0.690961 0.386724
vt 0.736077 0.341522
vt 0.739206 0.341522
vt 0.690961 0.389881
vt 0.691099 0.395685
vt 0.744934 0.341532
vt 0.748064 0.341532
vt 0.691099 0.398851
vt 0.691174 0.404290
vt 0.753771 0.341541
vt 0.756900 0.341541
vt 0.691174 0.407506
vt 0.691639 0.413159
vt 0.762600 0.341549
vt 0.765730 0.341549
vt 0.691639 0.416341
vt 0.692066 0.421984
vt 0.771437 0.341556
vt 0.774566 0.341556
vt 0.692066 0.425167
vt 0.692487 0.430838
vt 0.780294 0.341562
vt 0.783424 0.341562
vt 0.692487 0.434023
vt 0.692900 0.439734
vt 0.789186 0.341567
vt 0.792315 0.341567
vt 0.692900 0.442921
vt 0.692865 0.448794
vt 0.798125 0.341571
vt 0.801255 0.341571
vt 0.692865 0.451979
vt 0.692825 0.457789
vt 0.807124 0.341575
vt 0.810254 0.341575
vt 0.692825 0.460977
vt 0.693185 0.466789
vt 0.816195 0.341578
vt 0.819324 0.341578
vt 0.693185 0.470024
vt 0.700176 0.172243
vt 0.511680 0.003934
vt 0.508613 0.003934
vt 0.703306 0.172243
vt 0.709247 0.172233
vt 0.502694 0.004164
vt 0.499627 0.004164
vt 0.712376 0.172233
vt 0.718246 0.172225
vt 0.493899 0.004414
vt 0.490803 0.004414
vt 0.721375 0.172225
vt 0.727185 0.172218
vt 0.485060 0.004473
vt 0.481965 0.004473
vt 0.730314 0.172218
vt 0.736077 0.172212
vt 0.476270 0.004530
vt 0.473176 0.004530
vt 0.739206 0.172212
vt 0.744934 0.172207
vt 0.467514 0.004586
vt 0.464421 0.004586
vt 0.748064 0.172207
vt 0.753771 0.172203
vt 0.458781 0.004644
vt 0.455691 0.004644
vt 0.756900 0.172203
vt 0.762600 0.172200
vt 0.449895 0.004761
vt 0.446783 0.004761
vt 0.765730 0.172200
vt 0.771437 0.172198
vt 0.441151 0.005118
vt 0.438042 0.005118
vt 0.774566 0.172198
vt 0.780294 0.172196
vt 0.432449 0.005309
vt 0.429369 0.005309
vt 0.783424 0.172196
vt 0.789186 0.172195
vt 0.423608 0.005451
vt 0.420527 0.005451
vt 0.792315 0.172195
vt 0.798125 0.172195
vt 0.414721 0.005518
vt 0.411636 0.005518
vt 0.801255 0.172195
vt 0.807124 0.172195
vt 0.405779 0.006079
vt 0.402696 0.006079
vt 0.810254 0.172195
vt 0.816195 0.172196
vt 0.397093 0.006239
vt 0.394007 0.006239
vt 0.819324 0.172196
vt 0.511680 0.172482
vt 0.511680 0.172864
vt 0.508613 0.172864
vt 0.508613 0.172482
vt 0.502694 0.172506
vt 0.502694 0.172869
vt 0.499627 0.172869
vt 0.499627 0.172506
vt 0.493899 0.172509
vt 0.493899 0.172862
vt 0.490803 0.172862
vt 0.490803 0.172509
vt 0.485060 0.172500
vt 0.485060 0.172846
vt 0.481965 0.172846
vt 0.481965 0.172500
vt 0.476270 0.172480
vt 0.476270 0.172821
vt 0.473176 0.172821
vt 0.473176 0.172480
vt 0.467514 0.172449
vt 0.467514 0.172788
vt 0.464421 0.172788
vt 0.464421 0.172449
vt 0.458781 0.172408
vt 0.458781 0.172745
vt 0.455691 0.172745
vt 0.455691 0.172408
vt 0.449895 0.172371
vt 0.449895 0.172708
vt 0.446783 0.172708
vt 0.446783 0.172371
vt 0.441151 0.172329
vt 0.441151 0.172668
vt 0.438042 0.172668
vt 0.438042 0.172329
vt 0.432449 0.172281
vt 0.432449 0.172622
vt 0.429369 0.172622
vt 0.429369 0.172281
vt 0.423608 0.172220
vt 0.423608 0.172566
vt 0.420527 0.172566
vt 0.420527 0.172220
vt 0.414721 0.172144
vt 0.414721 0.172493
vt 0.411636 0.172493
vt 0.411636 0.172144
vt 0.405779 0.172049
vt 0.405779 0.172767
vt 0.402696 0.172767
vt 0.402696 0.172049
vt 0.397093 0.171964
vt 0.396692 0.172588
vt 0.393589 0.172588
vt 0.394007 0.171964
vt 0.511680 0.341798
vt 0.521522 0.351022
vt 0.521522 0.354209
vt 0.508613 0.341798
vt 0.502694 0.341770
vt 0.521598 0.360052
vt 0.521598 0.363235
vt 0.499627 0.341770
vt 0.493899 0.341735
vt 0.521659 0.368945
vt 0.521659 0.372306
vt 0.490803 0.341735
vt 0.485060 0.341690
vt 0.521933 0.377770
vt 0.521933 0.380987
vt 0.481965 0.341690
vt 0.476270 0.341635
vt 0.522017 0.386724
vt 0.522017 0.389881
vt 0.473176 0.341635
vt 0.467514 0.341567
vt 0.522095 0.395685
vt 0.522095 0.398851
vt 0.464421 0.341567
vt 0.458781 0.341485
vt 0.522161 0.404290
vt 0.522161 0.407506
vt 0.455691 0.341485
vt 0.449895 0.341387
vt 0.522225 0.413159
vt 0.522225 0.416341
vt 0.446783 0.341387
vt 0.441151 0.341272
vt 0.522278 0.421984
vt 0.522278 0.425167
vt 0.438042 0.341272
vt 0.432449 0.341138
vt 0.522322 0.430838
vt 0.522322 0.434023
vt 0.429369 0.341138
vt 0.423608 0.340982
vt 0.522355 0.439734
vt 0.522355 0.442921
vt 0.420527 0.340982
vt 0.414721 0.340804
vt 0.522367 0.448794
vt 0.522367 0.451979
vt 0.411636 0.340804
vt 0.405779 0.340599
vt 0.522356 0.457789
vt 0.522356 0.460977
vt 0.402696 0.340599
vt 0.396692 0.340368
vt 0.522368 0.466789
vt 0.522368 0.470024
vt 0.393589 0.340368
vt 0.820784 0.340271
vt 0.392273 0.502362
vt 0.523550 0.471814
vt 0.392273 0.339681
vt 0.386810 0.503577
vt 0.825347 0.341580
vt 0.827484 0.341580
vt 0.384705 0.503577
vt 0.389212 0.502362
vt 0.823865 0.340271
vt 0.387546 0.339681
vt 0.386810 0.339681
vt 0.384705 0.339681
vt 0.385401 0.339681
vt 0.389212 0.339681
vt 0.389212 0.339681
vt 0.392273 0.007367
vt 0.820784 0.173505
vt 0.825347 0.172197
vt 0.388117 0.006447
vt 0.385904 0.006447
vt 0.827484 0.172197
vt 0.823865 0.173505
vt 0.389212 0.007367
vt 0.392273 0.172588
vt 0.392273 0.171781
vt 0.388117 0.171781
vt 0.387546 0.171781
vt 0.385401 0.171781
vt 0.385904 0.171781
vt 0.389212 0.171781
vt 0.389212 0.172588
vt 0.811674 0.340268
vt 0.691754 0.462488
vt 0.523420 0.462488
vt 0.401291 0.339181
vt 0.691754 0.465313
vt 0.814755 0.340268
vt 0.398215 0.339181
vt 0.523420 0.465313
vt 0.401291 0.007200
vt 0.811674 0.173503
vt 0.814755 0.173503
vt 0.398215 0.007200
vt 0.401291 0.172767
vt 0.401291 0.171176
vt 0.398215 0.171176
vt 0.398215 0.172767
vt 0.802640 0.340265
vt 0.691770 0.453458
vt 0.523436 0.453458
vt 0.410263 0.339398
vt 0.691770 0.456296
vt 0.805722 0.340265
vt 0.407179 0.339398
vt 0.523436 0.456296
vt 0.410263 0.007031
vt 0.802640 0.173503
vt 0.805722 0.173503
vt 0.407179 0.007031
vt 0.410263 0.173278
vt 0.410263 0.171266
vt 0.407179 0.171266
vt 0.407179 0.173278
vt 0.793673 0.340260
vt 0.691848 0.444504
vt 0.523439 0.444504
vt 0.419179 0.339588
vt 0.691848 0.447338
vt 0.796754 0.340260
vt 0.416088 0.339588
vt 0.523439 0.447338
vt 0.419179 0.006826
vt 0.793673 0.173503
vt 0.796754 0.173503
vt 0.416088 0.006826
vt 0.419179 0.173372
vt 0.419179 0.171343
vt 0.416088 0.171343
vt 0.416088 0.173372
vt 0.784759 0.340256
vt 0.691465 0.435465
vt 0.523417 0.435465
vt 0.428040 0.339755
vt 0.691465 0.438300
vt 0.787840 0.340256
vt 0.424949 0.339755
vt 0.523417 0.438300
vt 0.428040 0.006673
vt 0.784759 0.173504
vt 0.787840 0.173504
vt 0.424949 0.006673
vt 0.428040 0.173440
vt 0.428040 0.171404
vt 0.424949 0.171404
vt 0.424949 0.173440
vt 0.775886 0.340250
vt 0.691049 0.426593
vt 0.523378 0.426593
vt 0.436864 0.339899
vt 0.691049 0.429423
vt 0.778967 0.340250
vt 0.433770 0.339899
vt 0.523378 0.429423
vt 0.436864 0.006543
vt 0.775886 0.173505
vt 0.778967 0.173505
vt 0.433770 0.006543
vt 0.436864 0.173496
vt 0.436864 0.171454
vt 0.433770 0.171454
vt 0.433770 0.173496
vt 0.767041 0.340244
vt 0.690627 0.417756
vt 0.523328 0.417756
vt 0.445667 0.340023
vt 0.690627 0.420582
vt 0.770122 0.340244
vt 0.442573 0.340023
vt 0.523328 0.420582
vt 0.445667 0.006185
vt 0.767041 0.173507
vt 0.770122 0.173507
vt 0.442573 0.006185
vt 0.445667 0.173542
vt 0.445667 0.171495
vt 0.442573 0.171495
vt 0.442573 0.173542
vt 0.758209 0.340237
vt 0.690201 0.408941
vt 0.523269 0.408941
vt 0.454300 0.340129
vt 0.690201 0.411763
vt 0.761291 0.340237
vt 0.451351 0.340129
vt 0.523269 0.411763
vt 0.454300 0.005699
vt 0.758209 0.173510
vt 0.761291 0.173510
vt 0.451351 0.005699
vt 0.454300 0.173578
vt 0.454300 0.171533
vt 0.451351 0.171533
vt 0.451351 0.173578
vt 0.749378 0.340229
vt 0.689788 0.400253
vt 0.523202 0.400253
vt 0.463019 0.340219
vt 0.689788 0.403191
vt 0.752460 0.340229
vt 0.460073 0.340219
vt 0.523202 0.403191
vt 0.463019 0.005677
vt 0.749378 0.173513
vt 0.752460 0.173513
vt 0.460073 0.005677
vt 0.463019 0.173623
vt 0.463019 0.171574
vt 0.460073 0.171574
vt 0.460073 0.173623
vt 0.740533 0.340220
vt 0.689783 0.391422
vt 0.523126 0.391422
vt 0.471763 0.340293
vt 0.689783 0.394360
vt 0.743614 0.340220
vt 0.468815 0.340293
vt 0.523126 0.394360
vt 0.471763 0.005620
vt 0.740533 0.173518
vt 0.743614 0.173518
vt 0.468815 0.005620
vt 0.471763 0.173660
vt 0.471763 0.171612
vt 0.468815 0.171612
vt 0.468815 0.173660
vt 0.731660 0.340209
vt 0.689759 0.382575
vt 0.523044 0.382575
vt 0.480535 0.340355
vt 0.689759 0.385362
vt 0.734742 0.340209
vt 0.477587 0.340355
vt 0.523044 0.385362
vt 0.480535 0.005562
vt 0.731660 0.173523
vt 0.734742 0.173523
vt 0.477587 0.005562
vt 0.480535 0.173686
vt 0.480535 0.171640
vt 0.477587 0.171640
vt 0.477587 0.173686
vt 0.722746 0.340197
vt 0.689340 0.373706
vt 0.522937 0.373706
vt 0.489350 0.340405
vt 0.689340 0.376625
vt 0.725828 0.340197
vt 0.486399 0.340405
vt 0.522937 0.376625
vt 0.489350 0.005503
vt 0.722746 0.173529
vt 0.725828 0.173529
vt 0.486399 0.005503
vt 0.489350 0.173703
vt 0.489350 0.171658
vt 0.486399 0.171658
vt 0.486399 0.173703
vt 0.713779 0.340184
vt 0.689456 0.364711
vt 0.522662 0.364711
vt 0.498199 0.340445
vt 0.689456 0.367480
vt 0.716860 0.340184
vt 0.495266 0.340445
vt 0.522662 0.367480
vt 0.498199 0.005422
vt 0.713779 0.173536
vt 0.716860 0.173536
vt 0.495266 0.005422
vt 0.498199 0.173710
vt 0.498199 0.171667
vt 0.495266 0.171667
vt 0.495266 0.173710
vt 0.704745 0.340169
vt 0.689405 0.355727
vt 0.522622 0.355727
vt 0.507157 0.340476
vt 0.689405 0.358551
vt 0.707827 0.340169
vt 0.504215 0.340476
vt 0.522622 0.358551
vt 0.507157 0.005148
vt 0.704745 0.173545
vt 0.707827 0.173545
vt 0.504215 0.005148
vt 0.507157 0.173700
vt 0.507157 0.171657
vt 0.504215 0.171657
vt 0.504215 0.173700
vt 0.694153 0.341450
vt 0.690445 0.345259
vt 0.690445 0.342755
vt 0.692016 0.341450
vt 0.695635 0.340151
vt 0.689416 0.346697
vt 0.521410 0.345259
vt 0.517599 0.341817
vt 0.519950 0.341817
vt 0.521410 0.342755
vt 0.522495 0.346697
vt 0.516175 0.340501
vt 0.689416 0.349483
vt 0.698717 0.340151
vt 0.513244 0.340501
vt 0.522495 0.349483
vt 0.517599 0.003868
vt 0.694153 0.172254
vt 0.692016 0.172254
vt 0.519950 0.003868
vt 0.516175 0.004893
vt 0.695635 0.173555
vt 0.698717 0.173555
vt 0.513244 0.004893
vt 0.517599 0.172982
vt 0.517599 0.171997
vt 0.519950 0.171997
vt 0.519950 0.172982
vt 0.516175 0.172982
vt 0.516175 0.171997
vt 0.513244 0.171997
vt 0.513244 0.172982
vt 0.521301 0.171299
vt 0.522153 0.172982
vt 0.691031 0.173533
vt 0.521301 0.004936
vt 0.763879 0.642698
vt 0.383382 0.502697
vt 0.383382 0.339681
vt 0.383891 0.339681
vt 0.520224 0.342755
vt 0.392273 0.339681
vt 0.693185 0.471437
vt 0.521299 0.349483
vt 0.521299 0.346697
vt 0.521387 0.358551
vt 0.521387 0.355727
vt 0.521450 0.367480
vt 0.521450 0.364711
vt 0.521719 0.376625
vt 0.521719 0.373706
vt 0.521813 0.385362
vt 0.521813 0.382575
vt 0.521890 0.394360
vt 0.521890 0.391422
vt 0.521967 0.403191
vt 0.521967 0.400253
vt 0.522034 0.411763
vt 0.522034 0.408941
vt 0.522091 0.420582
vt 0.522091 0.417756
vt 0.522140 0.429423
vt 0.522140 0.426593
vt 0.522178 0.438300
vt 0.522178 0.435465
vt 0.522202 0.447338
vt 0.522202 0.444504
vt 0.522196 0.456296
vt 0.522196 0.453458
vt 0.522177 0.465313
vt 0.522177 0.462488
vt 0.392273 0.504034
vt 0.389212 0.504034
vt 0.520410 0.351022
vt 0.520271 0.345259
vt 0.520487 0.360052
vt 0.520410 0.354209
vt 0.520509 0.368945
vt 0.520487 0.363235
vt 0.520827 0.377770
vt 0.520509 0.372306
vt 0.520912 0.386724
vt 0.520827 0.380987
vt 0.520992 0.395685
vt 0.520912 0.389881
vt 0.521057 0.404290
vt 0.520992 0.398851
vt 0.521120 0.413159
vt 0.521057 0.407506
vt 0.521172 0.421984
vt 0.521120 0.416341
vt 0.521214 0.430838
vt 0.521172 0.425167
vt 0.521246 0.439734
vt 0.521214 0.434023
vt 0.521255 0.448794
vt 0.521246 0.442921
vt 0.521241 0.457789
vt 0.521255 0.451979
vt 0.521246 0.466789
vt 0.521241 0.460977
vt 0.386810 0.504034
vt 0.522347 0.471814
vt 0.521246 0.470024
vt 0.427547 0.004462
vt 0.016445 0.002452
vt 0.693648 0.434023
vt 0.031249 0.002800
vt 0.012688 0.003961
vt 0.513244 0.003720
vt 0.516175 0.003720
vt 0.504215 0.003953
vt 0.507157 0.003953
vt 0.495266 0.004207
vt 0.498199 0.004207
vt 0.486399 0.004272
vt 0.489350 0.004272
vt 0.012688 0.002452
vt 0.012688 0.003026
vt 0.477587 0.004332
vt 0.480535 0.004332
vt 0.690952 0.382575
vt 0.690952 0.385362
vt 0.468815 0.004390
vt 0.471763 0.004390
vt 0.023734 0.003373
vt 0.023734 0.002799
vt 0.460073 0.004448
vt 0.463019 0.004448
vt 0.020203 0.002452
vt 0.020203 0.003026
vt 0.451351 0.004494
vt 0.454300 0.004494
vt 0.691355 0.408941
vt 0.691355 0.411763
vt 0.027718 0.002452
vt 0.027718 0.003026
vt 0.691784 0.417756
vt 0.691784 0.420582
vt 0.016219 0.003955
vt 0.016219 0.003382
vt 0.692208 0.426593
vt 0.692208 0.429423
vt 0.008930 0.002452
vt 0.008930 0.003026
vt 0.692626 0.435465
vt 0.692626 0.438300
vt 0.008930 0.004309
vt 0.008930 0.004883
vt 0.511680 0.002775
vt 0.502694 0.003006
vt 0.508613 0.002775
vt 0.493899 0.003306
vt 0.499627 0.003006
vt 0.485060 0.003366
vt 0.490803 0.003306
vt 0.690427 0.375470
vt 0.691880 0.377770
vt 0.012688 0.003379
vt 0.476270 0.003425
vt 0.481965 0.003366
vt 0.692119 0.386724
vt 0.691880 0.380987
vt 0.691805 0.380987
vt 0.467514 0.003482
vt 0.473176 0.003425
vt 0.690649 0.393041
vt 0.691976 0.394366
vt 0.023734 0.002452
vt 0.458781 0.003541
vt 0.464421 0.003482
vt 0.690868 0.401980
vt 0.692325 0.404290
vt 0.020203 0.003371
vt 0.449895 0.003618
vt 0.449895 0.003671
vt 0.455691 0.003541
vt 0.692798 0.413159
vt 0.042521 0.002797
vt 0.042521 0.002452
vt 0.027718 0.003371
vt 0.443973 0.005100
vt 0.446783 0.003618
vt 0.693226 0.421984
vt 0.038990 0.002452
vt 0.038990 0.002797
vt 0.016219 0.003035
vt 0.435177 0.005457
vt 0.438042 0.003975
vt 0.693648 0.430838
vt 0.035232 0.002452
vt 0.035232 0.002798
vt 0.008930 0.003375
vt 0.426224 0.005796
vt 0.694063 0.439734
vt 0.031475 0.002452
vt 0.031475 0.002800
vt 0.008930 0.003958
vt 0.520605 0.368945
vt 0.016219 0.002452
vt 0.441151 0.003975
vt 0.694063 0.442921
vt 0.693226 0.425167
vt 0.692798 0.416341
vt 0.692325 0.407506
vt 0.020203 0.003954
vt 0.692119 0.389881
vt 0.763879 0.474189
vt 0.828888 0.340589
vt 0.383891 0.171781
vt 0.597083 0.642698
vt 0.520224 0.345259
vt 0.517599 0.002729
vt 0.517599 0.002682
vt 0.828888 0.173189
vt 0.385904 0.005883
vt 0.519950 0.002682
vt 0.027491 0.003026
vt 0.027491 0.002452
vt 0.016445 0.003382
vt 0.016445 0.003955
vt 0.008704 0.003026
vt 0.008704 0.002452
vt 0.415487 0.004383
vt 0.008704 0.004883
vt 0.008704 0.004309
vt 0.407179 0.005820
vt 0.410263 0.005820
vt 0.398215 0.005972
vt 0.401291 0.005972
vt 0.389212 0.005883
vt 0.392273 0.005883
vt 0.027491 0.003371
vt 0.016445 0.003035
vt 0.008704 0.003375
vt 0.415487 0.005518
vt 0.414721 0.004383
vt 0.008704 0.003958
vt 0.405779 0.004971
vt 0.411636 0.004383
vt 0.397093 0.005128
vt 0.402696 0.004971
vt 0.388117 0.005883
vt 0.394007 0.005128
vt 0.502694 0.003110
vt 0.511680 0.002877
vt 0.384705 0.504034
vt 0.383891 0.504034
vt 0.522153 0.004007
vt 0.521738 0.173533
vt 0.691031 0.342755
vt 0.690655 0.346697
vt 0.690655 0.349483
vt 0.690640 0.355727
vt 0.690640 0.358551
vt 0.690644 0.364711
vt 0.690644 0.367480
vt 0.012461 0.003026
vt 0.012461 0.002452
vt 0.023960 0.002799
vt 0.023960 0.003373
vt 0.019976 0.003026
vt 0.019976 0.002452
vt 0.042747 0.002797
vt 0.038763 0.002452
vt 0.035006 0.002452
vt 0.031249 0.002452
vt 0.693064 0.444504
vt 0.693064 0.447338
vt 0.693010 0.453458
vt 0.693010 0.456296
vt 0.692980 0.462488
vt 0.692980 0.465313
vt 0.694335 0.471437
vt 0.691586 0.351022
vt 0.691031 0.345259
vt 0.691572 0.360052
vt 0.691586 0.354209
vt 0.691649 0.368945
vt 0.012461 0.003961
vt 0.691572 0.363235
vt 0.012461 0.003379
vt 0.019976 0.003954
vt 0.023960 0.002452
vt 0.019976 0.003371
vt 0.042747 0.002452
vt 0.038763 0.002797
vt 0.035006 0.002798
vt 0.693977 0.448794
vt 0.693944 0.442921
vt 0.693939 0.457789
vt 0.693977 0.451979
vt 0.694335 0.466789
vt 0.693939 0.460977
vt 0.691769 0.471814
vt 0.694335 0.470024
vn -0.000007 1.000000 0.000000
vn -0.000007 1.000000 0.000000
vn -0.000007 1.000000 0.000000
vn -0.000007 1.000000 0.000000
vn -0.000003 -1.000000 0.000000
vn -0.000003 -1.000000 0.000000
vn -0.000003 -1.000000 0.000000
vn -0.000003 -1.000000 0.000000
vn -0.707107 0.000000 -0.707107
vn -0.707107 0.000000 -0.707107
vn -0.707107 0.000000 -0.707107
vn -0.707107 0.000000 -0.707107
vn -0.707107 0.000000 -0.707106
vn -0.707107 0.000000 -0.707106
vn -0.707107 0.000000 -0.707106
vn -0.707107 0.000000 -0.707106
vn -0.707107 0.000000 -0.707107
vn -0.707107 0.000000 -0.707107
vn -0.707107 0.000000 -0.707107
vn -0.707107 0.000000 -0.707107
vn -0.707106 0.000000 -0.707108
vn -0.707106 0.000000 -0.707108
vn -0.707106 0.000000 -0.707108
vn -0.707106 0.000000 -0.707108
vn -0.707108 0.000000 -0.707106
vn -0.707108 0.000000 -0.707106
vn -0.707108 0.000000 -0.707106
vn -0.707108 0.000000 -0.707106
vn -0.707107 0.000000 -0.707106
vn -0.707107 0.000000 -0.707106
vn -0.707107 0.000000 -0.707106
vn -0.707107 0.000000 -0.707106
vn -0.707107 0.000000 -0.707107
vn -0.707107 0.000000 -0.707107
vn -0.707107 0.000000 -0.707107
vn -0.707107 0.000000 -0.707107
vn -0.707108 0.000000 -0.707106
vn -0.707108 0.000000 -0.707106
vn -0.707108 0.000000 -0.707106
vn -0.707108 0.000000 -0.707106
vn -0.707107 0.000000 -0.707107
vn -0.707107 0.000000 -0.707107
vn -0.707107 0.000000 -0.707107
vn -0.707107 0.000000 -0.707107
vn -0.707106 0.000000 -0.707107
vn -0.707106 0.000000 -0.707107
vn -0.707106 0.000000 -0.707107
vn -0.707106 0.000000 -0.707107
vn -0.707107 0.000000 -0.707107
vn -0.707107 0.000000 -0.707107
vn -0.707107 0.000000 -0.707107
vn -0.707107 0.000000 -0.707107
vn -0.707107 0.000000 -0.707107
vn -0.707107 0.000000 -0.707107
vn -0.707107 0.000000 -0.707107
vn -0.707107 0.000000 -0.707107
vn -0.707108 0.000000 -0.707106
vn -0.707108 0.000000 -0.707106
vn -0.707108 0.000000 -0.707106
vn -0.707108 0.000000 -0.707106
vn -0.707107 0.000000 -0.707107
vn -0.707107 0.000000 -0.707107
vn -0.707107 0.000000 -0.707107
vn -0.707107 0.000000 -0.707107
vn 0.707107 -0.000000 -0.707107
vn 0.707107 -0.000000 -0.707107
vn 0.707107 -0.000000 -0.707107
vn 0.707107 -0.000000 -0.707107
vn 0.707107 -0.000000 -0.707106
vn 0.707107 -0.000000 -0.707106
vn 0.707107 -0.000000 -0.707106
vn 0.707107 -0.000000 -0.707106
vn 0.707107 -0.000000 -0.707107
vn 0.707107 -0.000000 -0.707107
vn 0.707107 -0.000000 -0.707107
vn 0.707107 -0.000000 -0.707107
vn 0.707106 -0.000000 -0.707108
vn 0.707106 -0.000000 -0.707108
vn 0.707106 -0.000000 -0.707108
vn 0.707106 -0.000000 -0.707108
vn 0.707108 -0.000000 -0.707106
vn 0.707108 -0.000000 -0.707106
vn 0.707108 -0.000000 -0.707106
vn 0.707108 -0.000000 -0.707106
vn 0.707107 -0.000000 -0.707106
vn 0.707107 -0.000000 -0.707106
vn 0.707107 -0.000000 -0.707106
vn 0.707107 -0.000000 -0.707106
vn 0.707107 -0.000000 -0.707107
vn 0.707107 -0.000000 -0.707107
vn 0.707107 -0.000000 -0.707107
vn 0.707107 -0.000000 -0.707107
vn 0.707108 -0.000000 -0.707106
vn 0.707108 -0.000000 -0.707106
vn 0.707108 -0.000000 -0.707106
vn 0.707108 -0.000000 -0.707106
vn 0.707107 -0.000000 -0.707107
vn 0.707107 -0.000000 -0.707107
vn 0.707107 -0.000000 -0.707107
vn 0.707107 -0.000000 -0.707107
vn 0.707106 -0.000000 -0.707107
vn 0.707106 -0.000000 -0.707107
vn 0.707106 -0.000000 -0.707107
vn 0.707106 -0.000000 -0.707107
vn 0.707107 -0.000000 -0.707107
vn 0.707107 -0.000000 -0.707107
vn 0.707107 -0.000000 -0.707107
vn 0.707107 -0.000000 -0.707107
vn 0.707107 -0.000000 -0.707107
vn 0.707107 -0.000000 -0.707107
vn 0.707107 -0.000000 -0.707107
vn 0.707107 -0.000000 -0.707107
vn 0.707108 -0.000000 -0.707106
vn 0.707108 -0.000000 -0.707106
vn 0.707108 -0.000000 -0.707106
vn 0.707108 -0.000000 -0.707106
vn 0.707107 -0.000000 -0.707107
vn 0.707107 -0.000000 -0.707107
vn 0.707107 -0.000000 -0.707107
vn 0.707107 -0.000000 -0.707107
vn 0.707107 -0.000000 0.707107
vn 0.707107 -0.000000 0.707107
vn 0.707107 -0.000000 0.707107
vn 0.707107 -0.000000 0.707107
vn 0.707107 -0.000000 0.707106
vn 0.707107 -0.000000 0.707106
vn 0.707107 -0.000000 0.707106
vn 0.707107 -0.000000 0.707106
vn 0.707107 -0.000000 0.707107
vn 0.707107 -0.000000 0.707107
vn 0.707107 -0.000000 0.707107
vn 0.707107 -0.000000 0.707107
vn 0.707106 -0.000000 0.707108
vn 0.707106 -0.000000 0.707108
vn 0.707106 -0.000000 0.707108
vn 0.707106 -0.000000 0.707108
vn 0.707108 -0.000000 0.707106
vn 0.707108 -0.000000 0.707106
vn 0.707108 -0.000000 0.707106
vn 0.707108 -0.000000 0.707106
vn 0.707107 -0.000000 0.707106
vn 0.707107 -0.000000 0.707106
vn 0.707107 -0.000000 0.707106
vn 0.707107 -0.000000 0.707106
vn 0.707107 -0.000000 0.707107
vn 0.707107 -0.000000 0.707107
vn 0.707107 -0.000000 0.707107
vn 0.707107 -0.000000 0.707107
vn 0.707108 -0.000000 0.707106
vn 0.707108 -0.000000 0.707106
vn 0.707108 -0.000000 0.707106
vn 0.707108 -0.000000 0.707106
vn 0.707107 -0.000000 0.707107
vn 0.707107 -0.000000 0.707107
vn 0.707107 -0.000000 0.707107
vn 0.707107 -0.000000 0.707107
vn 0.707106 -0.000000 0.707107
vn 0.707106 -0.000000 0.707107
vn 0.707106 -0.000000 0.707107
vn 0.707106 -0.000000 0.707107
vn 0.707107 -0.000000 0.707107
vn 0.707107 -0.000000 0.707107
vn 0.707107 -0.000000 0.707107
vn 0.707107 -0.000000 0.707107
vn 0.707107 -0.000000 0.707107
vn 0.707107 -0.000000 0.707107
vn 0.707107 -0.000000 0.707107
vn 0.707107 -0.000000 0.707107
vn 0.707108 -0.000000 0.707106
vn 0.707108 -0.000000 0.707106
vn 0.707108 -0.000000 0.707106
vn 0.707108 -0.000000 0.707106
vn 0.707107 -0.000000 0.707107
vn 0.707107 -0.000000 0.707107
vn 0.707107 -0.000000 0.707107
vn 0.707107 -0.000000 0.707107
vn -0.707107 0.000000 0.707107
vn -0.707107 0.000000 0.707107
vn -0.707107 0.000000 0.707107
vn -0.707107 0.000000 0.707107
vn -0.707107 0.000000 0.707106
vn -0.707107 0.000000 0.707106
vn -0.707107 0.000000 0.707106
vn -0.707107 0.000000 0.707106
vn -0.707107 0.000000 0.707107
vn -0.707107 0.000000 0.707107
vn -0.707107 0.000000 0.707107
vn -0.707107 0.000000 0.707107
vn -0.707106 0.000000 0.707108
vn -0.707106 0.000000 0.707108
vn -0.707106 0.000000 0.707108
vn -0.707106 0.000000 0.707108
vn -0.707108 0.000000 0.707106
vn -0.707108 0.000000 0.707106
vn -0.707108 0.000000 0.707106
vn -0.707108 0.000000 0.707106
vn -0.707107 0.000000 0.707106
vn -0.707107 0.000000 0.707106
vn -0.707107 0.000000 0.707106
vn -0.707107 0.000000 0.707106
vn -0.707107 0.000000 0.707107
vn -0.707107 0.000000 0.707107
vn -0.707107 0.000000 0.707107
vn -0.707107 0.000000 0.707107
vn -0.707108 0.000000 0.707106
vn -0.707108 0.000000 0.707106
vn -0.707108 0.000000 0.707106
vn -0.707108 0.000000 0.707106
vn -0.707107 0.000000 0.707107
vn -0.707107 0.000000 0.707107
vn -0.707107 0.000000 0.707107
vn -0.707107 0.000000 0.707107
vn -0.707106 0.000000 0.707107
vn -0.707106 0.000000 0.707107
vn -0.707106 0.000000 0.707107
vn -0.707106 0.000000 0.707107
vn -0.707107 0.000000 0.707107
vn -0.707107 0.000000 0.707107
vn -0.707107 0.000000 0.707107
vn -0.707107 0.000000 0.707107
vn -0.707107 0.000000 0.707107
vn -0.707107 0.000000 0.707107
vn -0.707107 0.000000 0.707107
vn -0.707107 0.000000 0.707107
vn -0.707108 0.000000 0.707106
vn -0.707108 0.000000 0.707106
vn -0.707108 0.000000 0.707106
vn -0.707108 0.000000 0.707106
vn -0.707107 0.000000 0.707107
vn -0.707107 0.000000 0.707107
vn -0.707107 0.000000 0.707107
vn -0.707107 0.000000 0.707107
vn 0.439537 -0.898217 0.003812
vn 0.003812 -0.898216 0.439538
vn 0.001589 -0.897343 0.441330
vn 0.441329 -0.897344 0.001589
vn 0.003812 -0.898216 -0.439538
vn 0.439537 -0.898217 -0.003812
vn 0.441329 -0.897344 -0.001589
vn 0.001589 -0.897343 -0.441330
vn -0.707106 0.000000 -0.707107
vn -0.707106 0.000000 -0.707107
vn -0.707106 0.000000 -0.707107
vn -0.707106 0.000000 -0.707107
vn -0.003971 0.885153 -0.465283
vn -0.465283 0.885153 -0.003972
vn -0.467067 0.884220 -0.001693
vn -0.001693 0.884220 -0.467067
vn -0.707106 0.000000 0.707107
vn -0.707106 0.000000 0.707107
vn -0.707106 0.000000 0.707107
vn -0.707106 0.000000 0.707107
vn -0.465283 0.885153 0.003972
vn -0.003971 0.885153 0.465283
vn -0.001693 0.884220 0.467067
vn -0.467067 0.884220 0.001693
vn -0.003812 -0.898216 0.439538
vn -0.439537 -0.898217 0.003812
vn -0.441329 -0.897344 0.001589
vn -0.001589 -0.897343 0.441330
vn 0.707106 -0.000000 -0.707107
vn 0.707106 -0.000000 -0.707107
vn 0.707106 -0.000000 -0.707107
vn 0.707106 -0.000000 -0.707107
vn 0.465283 0.885153 -0.003972
vn 0.003971 0.885153 -0.465283
vn 0.001693 0.884220 -0.467067
vn 0.467067 0.884220 -0.001693
vn -0.439537 -0.898217 -0.003812
vn -0.003812 -0.898216 -0.439538
vn -0.001589 -0.897343 -0.441330
vn -0.441329 -0.897344 -0.001589
vn 0.707106 -0.000000 0.707107
vn 0.707106 -0.000000 0.707107
vn 0.707106 -0.000000 0.707107
vn 0.707106 -0.000000 0.707107
vn 0.003971 0.885153 0.465283
vn 0.465283 0.885153 0.003972
vn 0.467067 0.884220 0.001693
vn 0.001693 0.884220 0.467067
vn 0.384657 -0.923053 0.003446
vn 0.003446 -0.923053 0.384656
vn 0.001373 -0.922321 0.386421
vn 0.386422 -0.922321 0.001373
vn 0.003446 -0.923053 -0.384656
vn 0.384657 -0.923053 -0.003446
vn 0.386422 -0.922321 -0.001373
vn 0.001373 -0.922321 -0.386421
vn -0.003637 0.910877 -0.412662
vn -0.412664 0.910876 -0.003637
vn -0.414450 0.910071 -0.001482
vn -0.001482 0.910071 -0.414449
vn -0.412664 0.910876 0.003637
vn -0.003637 0.910877 0.412662
vn -0.001482 0.910071 0.414449
vn -0.414450 0.910071 0.001482
vn -0.003446 -0.923053 0.384656
vn -0.384657 -0.923053 0.003446
vn -0.386422 -0.922321 0.001373
vn -0.001373 -0.922321 0.386421
vn 0.412664 0.910876 -0.003637
vn 0.003637 0.910877 -0.412662
vn 0.001482 0.910071 -0.414449
vn 0.414450 0.910071 -0.001482
vn -0.384657 -0.923053 -0.003446
vn -0.003446 -0.923053 -0.384656
vn -0.001373 -0.922321 -0.386421
vn -0.386422 -0.922321 -0.001373
vn 0.003637 0.910877 0.412662
vn 0.412664 0.910876 0.003637
vn 0.414450 0.910071 0.001482
vn 0.001482 0.910071 0.414449
vn 0.325444 -0.945557 0.003010
vn 0.003010 -0.945557 0.325444
vn 0.001148 -0.944987 0.327107
vn 0.327107 -0.944987 0.001148
vn 0.003010 -0.945557 -0.325444
vn 0.325444 -0.945557 -0.003010
vn 0.327107 -0.944987 -0.001148
vn 0.001148 -0.944987 -0.327107
vn -0.003237 0.934641 -0.355577
vn -0.355577 0.934641 -0.003237
vn -0.357302 0.933988 -0.001262
vn -0.001262 0.933988 -0.357301
vn -0.355577 0.934641 0.003237
vn -0.003237 0.934641 0.355577
vn -0.001262 0.933988 0.357301
vn -0.357302 0.933988 0.001262
vn -0.003010 -0.945557 0.325444
vn -0.325444 -0.945557 0.003010
vn -0.327107 -0.944987 0.001148
vn -0.001148 -0.944987 0.327107
vn 0.355577 0.934641 -0.003237
vn 0.003237 0.934641 -0.355577
vn 0.001262 0.933988 -0.357301
vn 0.357302 0.933988 -0.001262
vn -0.325444 -0.945557 -0.003010
vn -0.003010 -0.945557 -0.325444
vn -0.001148 -0.944987 -0.327107
vn -0.327107 -0.944987 -0.001148
vn 0.003237 0.934641 0.355577
vn 0.355577 0.934641 0.003237
vn 0.357302 0.933988 0.001262
vn 0.001262 0.933988 0.357301
vn 0.262125 -0.965031 0.002498
vn 0.002498 -0.965031 0.262125
vn 0.000915 -0.964632 0.263598
vn 0.263599 -0.964632 0.000915
vn 0.002498 -0.965031 -0.262125
vn 0.262125 -0.965031 -0.002498
vn 0.263599 -0.964632 -0.000915
vn 0.000915 -0.964632 -0.263598
vn -0.002763 0.955728 -0.294240
vn -0.294240 0.955728 -0.002763
vn -0.295821 0.955243 -0.001032
vn -0.001032 0.955243 -0.295820
vn -0.294240 0.955728 0.002763
vn -0.002763 0.955728 0.294240
vn -0.001032 0.955243 0.295820
vn -0.295821 0.955243 0.001032
vn -0.002498 -0.965031 0.262125
vn -0.262125 -0.965031 0.002498
vn -0.263599 -0.964632 0.000915
vn -0.000915 -0.964632 0.263598
vn 0.294240 0.955728 -0.002763
vn 0.002763 0.955728 -0.294240
vn 0.001032 0.955243 -0.295820
vn 0.295821 0.955243 -0.001032
vn -0.262125 -0.965031 -0.002498
vn -0.002498 -0.965031 -0.262125
vn -0.000915 -0.964632 -0.263598
vn -0.263599 -0.964632 -0.000915
vn 0.002763 0.955728 0.294240
vn 0.294240 0.955728 0.002763
vn 0.295821 0.955243 0.001032
vn 0.001032 0.955243 0.295820
vn 0.195307 -0.980740 0.001910
vn 0.001910 -0.980740 0.195307
vn 0.000676 -0.980505 0.196494
vn 0.196494 -0.980505 0.000676
vn 0.001910 -0.980740 -0.195307
vn 0.195307 -0.980740 -0.001910
vn 0.196494 -0.980505 -0.000676
vn 0.000676 -0.980505 -0.196494
vn -0.002213 0.973396 -0.229117
vn -0.229118 0.973396 -0.002213
vn -0.230461 0.973081 -0.000796
vn -0.000796 0.973081 -0.230460
vn -0.229118 0.973396 0.002213
vn -0.002213 0.973396 0.229117
vn -0.000796 0.973081 0.230460
vn -0.230461 0.973081 0.000796
vn -0.001910 -0.980740 0.195307
vn -0.195307 -0.980740 0.001910
vn -0.196494 -0.980505 0.000676
vn -0.000676 -0.980505 0.196494
vn 0.229118 0.973396 -0.002213
vn 0.002213 0.973396 -0.229117
vn 0.000796 0.973081 -0.230460
vn 0.230461 0.973081 -0.000796
vn -0.195307 -0.980740 -0.001910
vn -0.001910 -0.980740 -0.195307
vn -0.000676 -0.980505 -0.196494
vn -0.196494 -0.980505 -0.000676
vn 0.002213 0.973396 0.229117
vn 0.229118 0.973396 0.002213
vn 0.230461 0.973081 0.000796
vn 0.000796 0.973081 0.230460
vn 0.125699 -0.992068 0.001254
vn 0.001254 -0.992068 0.125699
vn 0.000432 -0.991965 0.126508
vn 0.126509 -0.991965 0.000432
vn 0.001254 -0.992068 -0.125699
vn 0.125699 -0.992068 -0.001254
vn 0.126509 -0.991965 -0.000432
vn 0.000432 -0.991965 -0.126508
vn -0.001590 0.986986 -0.160796
vn -0.160796 0.986986 -0.001590
vn -0.161804 0.986823 -0.000554
vn -0.000554 0.986823 -0.161805
vn -0.160796 0.986986 0.001590
vn -0.001590 0.986986 0.160796
vn -0.000554 0.986823 0.161805
vn -0.161804 0.986823 0.000554
vn -0.001254 -0.992068 0.125699
vn -0.125699 -0.992068 0.001254
vn -0.126509 -0.991965 0.000432
vn -0.000432 -0.991965 0.126508
vn 0.160796 0.986986 -0.001590
vn 0.001590 0.986986 -0.160796
vn 0.000554 0.986823 -0.161805
vn 0.161804 0.986823 -0.000554
vn -0.125699 -0.992068 -0.001254
vn -0.001254 -0.992068 -0.125699
vn -0.000432 -0.991965 -0.126508
vn -0.126509 -0.991965 -0.000432
vn 0.001590 0.986986 0.160796
vn 0.160796 0.986986 0.001590
vn 0.161804 0.986823 0.000554
vn 0.000554 0.986823 0.161805
vn 0.054223 -0.998529 0.000547
vn 0.000547 -0.998529 0.054223
vn 0.000186 -0.998509 0.054584
vn 0.054584 -0.998509 0.000186
vn 0.000547 -0.998529 -0.054223
vn 0.054223 -0.998529 -0.000547
vn 0.054584 -0.998509 -0.000186
vn 0.000186 -0.998509 -0.054584
vn -0.000906 0.995930 -0.090123
vn -0.090123 0.995930 -0.000906
vn -0.090715 0.995877 -0.000309
vn -0.000309 0.995877 -0.090715
vn -0.090123 0.995930 0.000906
vn -0.000906 0.995930 0.090123
vn -0.000309 0.995877 0.090715
vn -0.090715 0.995877 0.000309
vn -0.000547 -0.998529 0.054223
vn -0.054223 -0.998529 0.000547
vn -0.054584 -0.998509 0.000186
vn -0.000186 -0.998509 0.054584
vn 0.090123 0.995930 -0.000906
vn 0.000906 0.995930 -0.090123
vn 0.000309 0.995877 -0.090715
vn 0.090715 0.995877 -0.000309
vn -0.054223 -0.998529 -0.000547
vn -0.000547 -0.998529 -0.054223
vn -0.000186 -0.998509 -0.054584
vn -0.054584 -0.998509 -0.000186
vn 0.000906 0.995930 0.090123
vn 0.090123 0.995930 0.000906
vn 0.090715 0.995877 0.000309
vn 0.000309 0.995877 0.090715
vn -0.018098 -0.999836 -0.000183
vn -0.000183 -0.999836 -0.018098
vn -0.000062 -0.999834 -0.018219
vn -0.018219 -0.999834 -0.000062
vn -0.000183 -0.999836 0.018098
vn -0.018098 -0.999836 0.000183
vn -0.018219 -0.999834 0.000062
vn -0.000062 -0.999834 0.018219
vn -0.000183 0.999836 -0.018107
vn -0.018107 0.999836 -0.000183
vn -0.018228 0.999834 -0.000062
vn -0.000062 0.999834 -0.018228
vn -0.018107 0.999836 0.000183
vn -0.000183 0.999836 0.018107
vn -0.000062 0.999834 0.018228
vn -0.018228 0.999834 0.000062
vn 0.000183 -0.999836 -0.018098
vn 0.018098 -0.999836 -0.000183
vn 0.018219 -0.999834 -0.000062
vn 0.000062 -0.999834 -0.018219
vn 0.018107 0.999836 -0.000183
vn 0.000183 0.999836 -0.018107
vn 0.000062 0.999834 -0.018228
vn 0.018228 0.999834 -0.000062
vn 0.018098 -0.999836 0.000183
vn 0.000183 -0.999836 0.018098
vn 0.000062 -0.999834 0.018219
vn 0.018219 -0.999834 0.000062
vn 0.000183 0.999836 0.018107
vn 0.018107 0.999836 0.000183
vn 0.018228 0.999834 0.000062
vn 0.000062 0.999834 0.018228
vn -0.090123 -0.995930 -0.000906
vn -0.000906 -0.995930 -0.090123
vn -0.000309 -0.995877 -0.090715
vn -0.090715 -0.995877 -0.000309
vn -0.000906 -0.995930 0.090123
vn -0.090123 -0.995930 0.000906
vn -0.090715 -0.995877 0.000309
vn -0.000309 -0.995877 0.090715
vn 0.000547 0.998529 0.054214
vn 0.054214 0.998529 0.000547
vn 0.054575 0.998510 0.000186
vn 0.000186 0.998510 0.054575
vn 0.054214 0.998529 -0.000547
vn 0.000547 0.998529 -0.054214
vn 0.000186 0.998510 -0.054575
vn 0.054575 0.998510 -0.000186
vn 0.000906 -0.995930 -0.090123
vn 0.090123 -0.995930 -0.000906
vn 0.090715 -0.995877 -0.000309
vn 0.000309 -0.995877 -0.090715
vn -0.054214 0.998529 0.000547
vn -0.000547 0.998529 0.054214
vn -0.000186 0.998510 0.054575
vn -0.054575 0.998510 0.000186
vn 0.090123 -0.995930 0.000906
vn 0.000906 -0.995930 0.090123
vn 0.000309 -0.995877 0.090715
vn 0.090715 -0.995877 0.000309
vn -0.000547 0.998529 -0.054214
vn -0.054214 0.998529 -0.000547
vn -0.054575 0.998510 -0.000186
vn -0.000186 0.998510 -0.054575
vn -0.160796 -0.986986 -0.001590
vn -0.001590 -0.986986 -0.160796
vn -0.000554 -0.986823 -0.161805
vn -0.161805 -0.986823 -0.000554
vn -0.001590 -0.986986 0.160796
vn -0.160796 -0.986986 0.001590
vn -0.161805 -0.986823 0.000554
vn -0.000554 -0.986823 0.161805
vn 0.001254 0.992068 0.125699
vn 0.125699 0.992068 0.001254
vn 0.126508 0.991966 0.000432
vn 0.000432 0.991965 0.126508
vn 0.125699 0.992068 -0.001254
vn 0.001254 0.992068 -0.125699
vn 0.000432 0.991965 -0.126508
vn 0.126508 0.991966 -0.000432
vn 0.001590 -0.986986 -0.160796
vn 0.160796 -0.986986 -0.001590
vn 0.161805 -0.986823 -0.000554
vn 0.000554 -0.986823 -0.161805
vn -0.125699 0.992068 0.001254
vn -0.001254 0.992068 0.125699
vn -0.000432 0.991965 0.126508
vn -0.126508 0.991966 0.000432
vn 0.160796 -0.986986 0.001590
vn 0.001590 -0.986986 0.160796
vn 0.000554 -0.986823 0.161805
vn 0.161805 -0.986823 0.000554
vn -0.001254 0.992068 -0.125699
vn -0.125699 0.992068 -0.001254
vn -0.126508 0.991966 -0.000432
vn -0.000432 0.991965 -0.126508
vn -0.229109 -0.973398 -0.002213
vn -0.002213 -0.973398 -0.229109
vn -0.000796 -0.973083 -0.230451
vn -0.230452 -0.973083 -0.000796
vn -0.002213 -0.973398 0.229109
vn -0.229109 -0.973398 0.002213
vn -0.230452 -0.973083 0.000796
vn -0.000796 -0.973083 0.230451
vn 0.001910 0.980740 0.195307
vn 0.195307 0.980740 0.001910
vn 0.196494 0.980505 0.000676
vn 0.000676 0.980505 0.196494
vn 0.195307 0.980740 -0.001910
vn 0.001910 0.980740 -0.195307
vn 0.000676 0.980505 -0.196494
vn 0.196494 0.980505 -0.000676
vn 0.002213 -0.973398 -0.229109
vn 0.229109 -0.973398 -0.002213
vn 0.230452 -0.973083 -0.000796
vn 0.000796 -0.973083 -0.230451
vn -0.195307 0.980740 0.001910
vn -0.001910 0.980740 0.195307
vn -0.000676 0.980505 0.196494
vn -0.196494 0.980505 0.000676
vn 0.229109 -0.973398 0.002213
vn 0.002213 -0.973398 0.229109
vn 0.000796 -0.973083 0.230451
vn 0.230452 -0.973083 0.000796
vn -0.001910 0.980740 -0.195307
vn -0.195307 0.980740 -0.001910
vn -0.196494 0.980505 -0.000676
vn -0.000676 0.980505 -0.196494
vn -0.294255 -0.955723 -0.002763
vn -0.002763 -0.955723 -0.294255
vn -0.001032 -0.955238 -0.295836
vn -0.295836 -0.955238 -0.001032
vn -0.002763 -0.955723 0.294255
vn -0.294255 -0.955723 0.002763
vn -0.295836 -0.955238 0.001032
vn -0.001032 -0.955238 0.295836
vn 0.002498 0.965030 0.262129
vn 0.262128 0.965030 0.002498
vn 0.263602 0.964631 0.000915
vn 0.000915 0.964631 0.263602
vn 0.262128 0.965030 -0.002498
vn 0.002498 0.965030 -0.262129
vn 0.000915 0.964631 -0.263602
vn 0.263602 0.964631 -0.000915
vn 0.002763 -0.955723 -0.294255
vn 0.294255 -0.955723 -0.002763
vn 0.295836 -0.955238 -0.001032
vn 0.001032 -0.955238 -0.295836
vn -0.262128 0.965030 0.002498
vn -0.002498 0.965030 0.262129
vn -0.000915 0.964631 0.263602
vn -0.263602 0.964631 0.000915
vn 0.294255 -0.955723 0.002763
vn 0.002763 -0.955723 0.294255
vn 0.001032 -0.955238 0.295836
vn 0.295836 -0.955238 0.001032
vn -0.002498 0.965030 -0.262129
vn -0.262128 0.965030 -0.002498
vn -0.263602 0.964631 -0.000915
vn -0.000915 0.964631 -0.263602
vn -0.355569 -0.934645 -0.003237
vn -0.003237 -0.934645 -0.355568
vn -0.001262 -0.933992 -0.357292
vn -0.357293 -0.933992 -0.001262
vn -0.003237 -0.934645 0.355568
vn -0.355569 -0.934645 0.003237
vn -0.357293 -0.933992 0.001262
vn -0.001262 -0.933992 0.357292
vn 0.003009 0.945563 0.325424
vn 0.325423 0.945564 0.003009
vn 0.327087 0.944994 0.001148
vn 0.001148 0.944993 0.327088
vn 0.325423 0.945564 -0.003009
vn 0.003009 0.945563 -0.325424
vn 0.001148 0.944993 -0.327088
vn 0.327087 0.944994 -0.001148
vn 0.003237 -0.934645 -0.355568
vn 0.355569 -0.934645 -0.003237
vn 0.357293 -0.933992 -0.001262
vn 0.001262 -0.933992 -0.357292
vn -0.325423 0.945564 0.003009
vn -0.003009 0.945563 0.325424
vn -0.001148 0.944993 0.327088
vn -0.327087 0.944994 0.001148
vn 0.355569 -0.934645 0.003237
vn 0.003237 -0.934645 0.355568
vn 0.001262 -0.933992 0.357292
vn 0.357293 -0.933992 0.001262
vn -0.003009 0.945563 -0.325424
vn -0.325423 0.945564 -0.003009
vn -0.327087 0.944994 -0.001148
vn -0.001148 0.944993 -0.327088
vn -0.412657 -0.910879 -0.003637
vn -0.003637 -0.910879 -0.412657
vn -0.001482 -0.910074 -0.414444
vn -0.414444 -0.910074 -0.001482
vn -0.003637 -0.910879 0.412657
vn -0.412657 -0.910879 0.003637
vn -0.414444 -0.910074 0.001482
vn -0.001482 -0.910074 0.414444
vn 0.003446 0.923050 0.384665
vn 0.384665 0.923050 0.003446
vn 0.386430 0.922318 0.001373
vn 0.001373 0.922318 0.386430
vn 0.384665 0.923050 -0.003446
vn 0.003446 0.923050 -0.384665
vn 0.001373 0.922318 -0.386430
vn 0.386430 0.922318 -0.001373
vn 0.003637 -0.910879 -0.412657
vn 0.412657 -0.910879 -0.003637
vn 0.414444 -0.910074 -0.001482
vn 0.001482 -0.910074 -0.414444
vn -0.384665 0.923050 0.003446
vn -0.003446 0.923050 0.384665
vn -0.001373 0.922318 0.386430
vn -0.386430 0.922318 0.001373
vn 0.412657 -0.910879 0.003637
vn 0.003637 -0.910879 0.412657
vn 0.001482 -0.910074 0.414444
vn 0.414444 -0.910074 0.001482
vn -0.003446 0.923050 -0.384665
vn -0.384665 0.923050 -0.003446
vn -0.386430 0.922318 -0.001373
vn -0.001373 0.922318 -0.386430
vn -0.707108 0.000000 -0.707106
vn -0.707108 0.000000 -0.707106
vn -0.707108 0.000000 -0.707106
vn -0.707108 0.000000 -0.707106
vn -0.465295 -0.885147 -0.003972
vn -0.003972 -0.885147 -0.465295
vn -0.001693 -0.884214 -0.467080
vn -0.467079 -0.884214 -0.001693
vn -0.707108 0.000000 0.707106
vn -0.707108 0.000000 0.707106
vn -0.707108 0.000000 0.707106
vn -0.707108 0.000000 0.707106
vn -0.003972 -0.885147 0.465295
vn -0.465295 -0.885147 0.003972
vn -0.467079 -0.884214 0.001693
vn -0.001693 -0.884214 0.467080
vn 0.003812 0.898218 0.439533
vn 0.439532 0.898219 0.003812
vn 0.441325 0.897346 0.001589
vn 0.001589 0.897346 0.441326
vn 0.439532 0.898219 -0.003812
vn 0.003812 0.898218 -0.439533
vn 0.001589 0.897346 -0.441326
vn 0.441325 0.897346 -0.001589
vn 0.707108 -0.000000 -0.707106
vn 0.707108 -0.000000 -0.707106
vn 0.707108 -0.000000 -0.707106
vn 0.707108 -0.000000 -0.707106
vn 0.003972 -0.885147 -0.465295
vn 0.465295 -0.885147 -0.003972
vn 0.467079 -0.884214 -0.001693
vn 0.001693 -0.884214 -0.467080
vn -0.439532 0.898219 0.003812
vn -0.003812 0.898218 0.439533
vn -0.001589 0.897346 0.441326
vn -0.441325 0.897346 0.001589
vn 0.707108 -0.000000 0.707106
vn 0.707108 -0.000000 0.707106
vn 0.707108 -0.000000 0.707106
vn 0.707108 -0.000000 0.707106
vn 0.465295 -0.885147 0.003972
vn 0.003972 -0.885147 0.465295
vn 0.001693 -0.884214 0.467080
vn 0.467079 -0.884214 0.001693
vn -0.003812 0.898218 -0.439533
vn -0.439532 0.898219 -0.003812
vn -0.441325 0.897346 -0.001589
vn -0.001589 0.897346 -0.441326
vn -0.707107 0.000000 -0.707106
vn -0.707107 0.000000 -0.707106
vn -0.707107 0.000000 -0.707106
vn -0.707107 0.000000 -0.707106
vn -0.707107 0.000000 0.707106
vn -0.707107 0.000000 0.707106
vn -0.707107 0.000000 0.707106
vn -0.707107 0.000000 0.707106
vn 0.707107 -0.000000 -0.707106
vn 0.707107 -0.000000 -0.707106
vn 0.707107 -0.000000 -0.707106
vn 0.707107 -0.000000 -0.707106
vn 0.707107 -0.000000 0.707106
vn 0.707107 -0.000000 0.707106
vn 0.707107 -0.000000 0.707106
vn 0.707107 -0.000000 0.707106
vn -0.707108 0.000000 -0.707106
vn -0.707108 0.000000 -0.707106
vn -0.707108 0.000000 -0.707106
vn -0.707108 0.000000 -0.707106
vn -0.707108 0.000000 0.707106
vn -0.707108 0.000000 0.707106
vn -0.707108 0.000000 0.707106
vn -0.707108 0.000000 0.707106
vn 0.707108 -0.000000 -0.707106
vn 0.707108 -0.000000 -0.707106
vn 0.707108 -0.000000 -0.707106
vn 0.707108 -0.000000 -0.707106
vn 0.707108 -0.000000 0.707106
vn 0.707108 -0.000000 0.707106
vn 0.707108 -0.000000 0.707106
vn 0.707108 -0.000000 0.707106
vn -0.707107 0.000000 -0.707107
vn -0.707107 0.000000 -0.707107
vn -0.707107 0.000000 -0.707107
vn -0.707107 0.000000 -0.707107
vn -0.707107 0.000000 0.707107
vn -0.707107 0.000000 0.707107
vn -0.707107 0.000000 0.707107
vn -0.707107 0.000000 0.707107
vn 0.707107 -0.000000 -0.707107
vn 0.707107 -0.000000 -0.707107
vn 0.707107 -0.000000 -0.707107
vn 0.707107 -0.000000 -0.707107
vn 0.707107 -0.000000 0.707107
vn 0.707107 -0.000000 0.707107
vn 0.707107 -0.000000 0.707107
vn 0.707107 -0.000000 0.707107
vn -0.707108 0.000000 -0.707106
vn -0.707108 0.000000 -0.707106
vn -0.707108 0.000000 -0.707106
vn -0.707108 0.000000 -0.707106
vn -0.707108 0.000000 0.707106
vn -0.707108 0.000000 0.707106
vn -0.707108 0.000000 0.707106
vn -0.707108 0.000000 0.707106
vn 0.707108 -0.000000 -0.707106
vn 0.707108 -0.000000 -0.707106
vn 0.707108 -0.000000 -0.707106
vn 0.707108 -0.000000 -0.707106
vn 0.707108 -0.000000 0.707106
vn 0.707108 -0.000000 0.707106
vn 0.707108 -0.000000 0.707106
vn 0.707108 -0.000000 0.707106
vn -0.707107 0.000000 -0.707106
vn -0.707107 0.000000 -0.707106
vn -0.707107 0.000000 -0.707106
vn -0.707107 0.000000 -0.707106
vn -0.707107 0.000000 0.707106
vn -0.707107 0.000000 0.707106
vn -0.707107 0.000000 0.707106
vn -0.707107 0.000000 0.707106
vn 0.707107 -0.000000 -0.707106
vn 0.707107 -0.000000 -0.707106
vn 0.707107 -0.000000 -0.707106
vn 0.707107 -0.000000 -0.707106
vn 0.707107 -0.000000 0.707106
vn 0.707107 -0.000000 0.707106
vn 0.707107 -0.000000 0.707106
vn 0.707107 -0.000000 0.707106
vn -0.707107 0.000000 -0.707106
vn -0.707107 0.000000 -0.707106
vn -0.707107 0.000000 -0.707106
vn -0.707107 0.000000 -0.707106
vn -0.707107 0.000000 0.707106
vn -0.707107 0.000000 0.707106
vn -0.707107 0.000000 0.707106
vn -0.707107 0.000000 0.707106
vn 0.707107 -0.000000 -0.707106
vn 0.707107 -0.000000 -0.707106
vn 0.707107 -0.000000 -0.707106
vn 0.707107 -0.000000 -0.707106
vn 0.707107 -0.000000 0.707106
vn 0.707107 -0.000000 0.707106
vn 0.707107 -0.000000 0.707106
vn 0.707107 -0.000000 0.707106
vn -0.707107 0.000000 -0.707106
vn -0.707107 0.000000 -0.707106
vn -0.707107 0.000000 -0.707106
vn -0.707107 0.000000 -0.707106
vn -0.707107 0.000000 0.707106
vn -0.707107 0.000000 0.707106
vn -0.707107 0.000000 0.707106
vn -0.707107 0.000000 0.707106
vn 0.707107 -0.000000 -0.707106
vn 0.707107 -0.000000 -0.707106
vn 0.707107 -0.000000 -0.707106
vn 0.707107 -0.000000 -0.707106
vn 0.707107 -0.000000 0.707106
vn 0.707107 -0.000000 0.707106
vn 0.707107 -0.000000 0.707106
vn 0.707107 -0.000000 0.707106
vn -0.707105 0.000000 -0.707108
vn -0.707105 0.000000 -0.707108
vn -0.707105 0.000000 -0.707108
vn -0.707105 0.000000 -0.707108
vn -0.707105 0.000000 0.707108
vn -0.707105 0.000000 0.707108
vn -0.707105 0.000000 0.707108
vn -0.707105 0.000000 0.707108
vn 0.707105 -0.000000 -0.707108
vn 0.707105 -0.000000 -0.707108
vn 0.707105 -0.000000 -0.707108
vn 0.707105 -0.000000 -0.707108
vn 0.707105 -0.000000 0.707108
vn 0.707105 -0.000000 0.707108
vn 0.707105 -0.000000 0.707108
vn 0.707105 -0.000000 0.707108
vn -0.707107 0.000000 -0.707106
vn -0.707107 0.000000 -0.707106
vn -0.707107 0.000000 -0.707106
vn -0.707107 0.000000 -0.707106
vn -0.707107 0.000000 0.707106
vn -0.707107 0.000000 0.707106
vn -0.707107 0.000000 0.707106
vn -0.707107 0.000000 0.707106
vn 0.707107 -0.000000 -0.707106
vn 0.707107 -0.000000 -0.707106
vn 0.707107 -0.000000 -0.707106
vn 0.707107 -0.000000 -0.707106
vn 0.707107 -0.000000 0.707106
vn 0.707107 -0.000000 0.707106
vn 0.707107 -0.000000 0.707106
vn 0.707107 -0.000000 0.707106
vn -0.707108 0.000000 -0.707106
vn -0.707108 0.000000 -0.707106
vn -0.707108 0.000000 -0.707106
vn -0.707108 0.000000 -0.707106
vn -0.707108 0.000000 0.707106
vn -0.707108 0.000000 0.707106
vn -0.707108 0.000000 0.707106
vn -0.707108 0.000000 0.707106
vn 0.707108 -0.000000 -0.707106
vn 0.707108 -0.000000 -0.707106
vn 0.707108 -0.000000 -0.707106
vn 0.707108 -0.000000 -0.707106
vn 0.707108 -0.000000 0.707106
vn 0.707108 -0.000000 0.707106
vn 0.707108 -0.000000 0.707106
vn 0.707108 -0.000000 0.707106
vn -0.707106 0.000000 -0.707108
vn -0.707106 0.000000 -0.707108
vn -0.707106 0.000000 -0.707108
vn -0.707106 0.000000 -0.707108
vn -0.707106 0.000000 0.707108
vn -0.707106 0.000000 0.707108
vn -0.707106 0.000000 0.707108
vn -0.707106 0.000000 0.707108
vn 0.707106 -0.000000 -0.707108
vn 0.707106 -0.000000 -0.707108
vn 0.707106 -0.000000 -0.707108
vn 0.707106 -0.000000 -0.707108
vn 0.707106 -0.000000 0.707108
vn 0.707106 -0.000000 0.707108
vn 0.707106 -0.000000 0.707108
vn 0.707106 -0.000000 0.707108
vn -0.707107 0.000000 -0.707106
vn -0.707107 0.000000 -0.707106
vn -0.707107 0.000000 -0.707106
vn -0.707107 0.000000 -0.707106
vn -0.707107 0.000000 0.707106
vn -0.707107 0.000000 0.707106
vn -0.707107 0.000000 0.707106
vn -0.707107 0.000000 0.707106
vn 0.707107 -0.000000 -0.707106
vn 0.707107 -0.000000 -0.707106
vn 0.707107 -0.000000 -0.707106
vn 0.707107 -0.000000 -0.707106
vn 0.707107 -0.000000 0.707106
vn 0.707107 -0.000000 0.707106
vn 0.707107 -0.000000 0.707106
vn 0.707107 -0.000000 0.707106
vn -0.707107 0.000000 -0.707107
vn -0.707107 0.000000 -0.707107
vn -0.707107 0.000000 -0.707107
vn -0.707107 0.000000 -0.707107
vn -0.707107 0.000000 0.707107
vn -0.707107 0.000000 0.707107
vn -0.707107 0.000000 0.707107
vn -0.707107 0.000000 0.707107
vn 0.707107 -0.000000 -0.707107
vn 0.707107 -0.000000 -0.707107
vn 0.707107 -0.000000 -0.707107
vn 0.707107 -0.000000 -0.707107
vn 0.707107 -0.000000 0.707107
vn 0.707107 -0.000000 0.707107
vn 0.707107 -0.000000 0.707107
vn 0.707107 -0.000000 0.707107
vn -0.707107 0.000000 -0.707107
vn -0.707107 0.000000 -0.707107
vn -0.707107 0.000000 -0.707107
vn -0.707107 0.000000 -0.707107
vn -0.707107 0.000000 0.707107
vn -0.707107 0.000000 0.707107
vn -0.707107 0.000000 0.707107
vn -0.707107 0.000000 0.707107
vn 0.707107 -0.000000 -0.707107
vn 0.707107 -0.000000 -0.707107
vn 0.707107 -0.000000 -0.707107
vn 0.707107 -0.000000 -0.707107
vn 0.707107 -0.000000 0.707107
vn 0.707107 -0.000000 0.707107
vn 0.707107 -0.000000 0.707107
vn 0.707107 -0.000000 0.707107
vn -0.707107 0.000000 -0.707106
vn -0.707107 0.000000 -0.707106
vn -0.707107 0.000000 -0.707106
vn -0.707107 0.000000 -0.707106
vn -0.707107 0.000000 0.707106
vn -0.707107 0.000000 0.707106
vn -0.707107 0.000000 0.707106
vn -0.707107 0.000000 0.707106
vn 0.707107 -0.000000 -0.707106
vn 0.707107 -0.000000 -0.707106
vn 0.707107 -0.000000 -0.707106
vn 0.707107 -0.000000 -0.707106
vn 0.707107 -0.000000 0.707106
vn 0.707107 -0.000000 0.707106
vn 0.707107 -0.000000 0.707106
vn 0.707107 -0.000000 0.707106
vn -0.704545 0.709641 0.005084
vn -0.005084 0.709637 0.704549
vn -0.002765 0.708487 0.705718
vn -0.705714 0.708491 0.002765
vn -0.705714 0.708491 -0.002765
vn -0.002765 0.708487 -0.705718
vn -0.005084 0.709637 -0.704549
vn -0.704545 0.709641 -0.005084
vn 0.705714 0.708491 0.002765
vn 0.002765 0.708487 0.705718
vn 0.005084 0.709637 0.704549
vn 0.704545 0.709641 0.005084
vn 0.002765 0.708487 -0.705718
vn 0.705714 0.708491 -0.002765
vn 0.704545 0.709641 -0.005084
vn 0.005084 0.709637 -0.704549
vn -0.002765 -0.708487 -0.705718
vn -0.705717 -0.708489 -0.002765
vn -0.704548 -0.709639 -0.005084
vn -0.005084 -0.709637 -0.704549
vn 0.705717 -0.708489 -0.002765
vn 0.002765 -0.708487 -0.705718
vn 0.005084 -0.709637 -0.704549
vn 0.704548 -0.709639 -0.005084
vn -0.005084 -0.709637 0.704549
vn -0.704548 -0.709639 0.005084
vn -0.705717 -0.708489 0.002765
vn -0.002765 -0.708487 0.705718
vn 0.002765 -0.708487 0.705718
vn 0.705717 -0.708489 0.002765
vn 0.704548 -0.709639 0.005084
vn 0.005084 -0.709637 0.704549
vn -1.000000 0.000000 0.000000
vn -1.000000 0.000000 0.000000
vn -1.000000 0.000000 0.000000
vn -1.000000 0.000000 0.000000
vn -1.000000 0.000000 0.000000
vn -1.000000 0.000000 0.000000
vn -1.000000 0.000000 0.000000
vn -1.000000 0.000000 0.000000
vn -1.000000 0.000000 0.000000
vn -1.000000 0.000000 0.000000
vn -1.000000 0.000000 0.000000
vn -1.000000 0.000000 0.000000
vn -1.000000 0.000000 0.000000
vn -1.000000 0.000000 0.000000
vn -1.000000 0.000000 0.000000
vn -1.000000 0.000000 0.000000
vn -1.000000 0.000000 0.000000
vn -1.000000 0.000000 0.000000
vn -1.000000 0.000000 0.000000
vn -1.000000 0.000000 0.000000
vn -1.000000 0.000000 0.000000
vn -1.000000 0.000000 0.000000
vn -1.000000 0.000000 0.000000
vn -1.000000 0.000000 0.000000
vn -1.000000 0.000000 0.000000
vn -1.000000 0.000000 0.000000
vn -1.000000 0.000000 0.000000
vn -1.000000 0.000000 0.000000
vn -1.000000 0.000000 0.000000
vn -1.000000 0.000000 0.000000
vn -1.000000 0.000000 0.000000
vn -1.000000 0.000000 0.000000
vn -1.000000 0.000000 0.000000
vn -1.000000 0.000000 0.000000
vn -1.000000 0.000000 0.000000
vn -1.000000 0.000000 0.000000
vn -1.000000 0.000000 0.000000
vn -1.000000 0.000000 0.000000
vn -1.000000 0.000000 0.000000
vn -1.000000 0.000000 0.000000
vn -1.000000 0.000000 0.000000
vn -1.000000 0.000000 0.000000
vn -1.000000 0.000000 0.000000
vn -1.000000 0.000000 0.000000
vn -1.000000 0.000000 0.000000
vn -1.000000 0.000000 0.000000
vn -1.000000 0.000000 0.000000
vn -1.000000 0.000000 0.000000
vn -1.000000 0.000000 0.000000
vn -1.000000 0.000000 0.000000
vn -1.000000 0.000000 0.000000
vn -1.000000 0.000000 0.000000
vn -1.000000 0.000000 0.000000
vn -1.000000 0.000000 0.000000
vn -1.000000 0.000000 0.000000
vn -1.000000 0.000000 0.000000
vn -1.000000 0.000000 0.000000
vn -1.000000 0.000000 0.000000
vn -1.000000 0.000000 0.000000
vn -1.000000 0.000000 0.000000
vn -1.000000 0.000000 0.000000
vn -1.000000 0.000000 0.000000
vn -1.000000 0.000000 0.000000
vn -1.000000 0.000000 0.000000
vn -1.000000 0.000000 0.000000
vn -1.000000 0.000000 0.000000
vn -1.000000 0.000000 0.000000
vn -1.000000 0.000000 0.000000
vn -1.000000 0.000000 0.000000
vn -1.000000 0.000000 0.000000
vn -1.000000 0.000000 0.000000
vn -1.000000 0.000000 0.000000
vn -1.000000 0.000000 0.000000
vn -1.000000 0.000000 0.000000
vn -1.000000 0.000000 0.000000
vn -1.000000 0.000000 0.000000
vn -1.000000 0.000000 0.000000
vn -1.000000 0.000000 0.000000
vn -1.000000 0.000000 0.000000
vn -1.000000 0.000000 0.000000
vn -1.000000 0.000000 0.000000
vn -1.000000 0.000000 0.000000
vn -1.000000 0.000000 0.000000
vn -1.000000 0.000000 0.000000
vn -1.000000 0.000000 0.000000
vn -1.000000 0.000000 0.000000
vn -1.000000 0.000000 0.000000
vn -1.000000 0.000000 0.000000
vn -1.000000 0.000000 0.000000
vn -1.000000 0.000000 0.000000
vn -1.000000 0.000000 0.000000
vn -1.000000 0.000000 0.000000
vn -1.000000 0.000000 0.000000
vn -1.000000 0.000000 0.000000
vn -1.000000 0.000000 0.000000
vn -1.000000 0.000000 0.000000
vn -1.000000 0.000000 0.000000
vn -1.000000 0.000000 0.000000
vn -1.000000 0.000000 0.000000
vn -1.000000 0.000000 0.000000
vn -1.000000 0.000000 0.000000
vn -1.000000 0.000000 0.000000
vn -1.000000 0.000000 0.000000
vn -1.000000 0.000000 0.000000
vn -1.000000 0.000000 0.000000
vn -1.000000 0.000000 0.000000
vn -1.000000 0.000000 0.000000
vn -1.000000 0.000000 0.000000
vn -1.000000 0.000000 0.000000
vn -1.000000 0.000000 0.000000
vn -1.000000 0.000000 0.000000
vn -1.000000 0.000000 0.000000
vn -1.000000 0.000000 0.000000
vn -1.000000 0.000000 0.000000
vn -1.000000 0.000000 0.000000
vn -1.000000 0.000000 0.000000
vn 0.000000 0.000000 -1.000000
vn 0.000000 0.000000 -1.000000
vn 0.000000 0.000000 -1.000000
vn 0.000000 0.000000 -1.000000
vn 0.000000 0.000000 -1.000000
vn 0.000000 0.000000 -1.000000
vn 0.000000 0.000000 -1.000000
vn 0.000000 0.000000 -1.000000
vn 0.000000 0.000000 -1.000000
vn 0.000000 0.000000 -1.000000
vn 0.000000 0.000000 -1.000000
vn 0.000000 0.000000 -1.000000
vn 0.000000 0.000000 -1.000000
vn 0.000000 0.000000 -1.000000
vn 0.000000 0.000000 -1.000000
vn 0.000000 0.000000 -1.000000
vn 0.000000 0.000000 -1.000000
vn 0.000000 0.000000 -1.000000
vn 0.000000 0.000000 -1.000000
vn 0.000000 0.000000 -1.000000
vn 0.000000 0.000000 -1.000000
vn 0.000000 0.000000 -1.000000
vn 0.000000 0.000000 -1.000000
vn 0.000000 0.000000 -1.000000
vn 0.000000 0.000000 -1.000000
vn 0.000000 0.000000 -1.000000
vn 0.000000 0.000000 -1.000000
vn 0.000000 0.000000 -1.000000
vn 0.000000 0.000000 -1.000000
vn 0.000000 0.000000 -1.000000
vn 0.000000 0.000000 -1.000000
vn 0.000000 0.000000 -1.000000
vn 0.000000 0.000000 -1.000000
vn 0.000000 0.000000 -1.000000
vn 0.000000 0.000000 -1.000000
vn 0.000000 0.000000 -1.000000
vn 0.000000 0.000000 -1.000000
vn 0.000000 0.000000 -1.000000
vn 0.000000 0.000000 -1.000000
vn 0.000000 0.000000 -1.000000
vn 0.000000 0.000000 -1.000000
vn 0.000000 0.000000 -1.000000
vn 0.000000 0.000000 -1.000000
vn 0.000000 0.000000 -1.000000
vn 0.000000 0.000000 -1.000000
vn 0.000000 0.000000 -1.000000
vn 0.000000 0.000000 -1.000000
vn 0.000000 0.000000 -1.000000
vn 0.000000 0.000000 -1.000000
vn 0.000000 0.000000 -1.000000
vn 0.000000 0.000000 -1.000000
vn 0.000000 0.000000 -1.000000
vn 0.000000 0.000000 -1.000000
vn 0.000000 0.000000 -1.000000
vn 0.000000 0.000000 -1.000000
vn 0.000000 0.000000 -1.000000
vn 0.000000 0.000000 -1.000000
vn 0.000000 0.000000 -1.000000
vn 0.000000 0.000000 -1.000000
vn 0.000000 0.000000 -1.000000
vn 0.000000 0.000000 -1.000000
vn 0.000000 0.000000 -1.000000
vn 0.000000 0.000000 -1.000000
vn 0.000000 0.000000 -1.000000
vn 0.000000 0.000000 -1.000000
vn 0.000000 0.000000 -1.000000
vn 0.000000 0.000000 -1.000000
vn 0.000000 0.000000 -1.000000
vn 0.000000 0.000000 -1.000000
vn 0.000000 0.000000 -1.000000
vn 0.000000 0.000000 -1.000000
vn 0.000000 0.000000 -1.000000
vn 0.000000 0.000000 -1.000000
vn 0.000000 0.000000 -1.000000
vn 0.000000 0.000000 -1.000000
vn 0.000000 0.000000 -1.000000
vn 0.000000 0.000000 -1.000000
vn 0.000000 0.000000 -1.000000
vn 0.000000 0.000000 -1.000000
vn 0.000000 0.000000 -1.000000
vn 0.000000 0.000000 -1.000000
vn 0.000000 0.000000 -1.000000
vn 0.000000 0.000000 -1.000000
vn 0.000000 0.000000 -1.000000
vn 0.000000 0.000000 -1.000000
vn 0.000000 0.000000 -1.000000
vn 0.000000 0.000000 -1.000000
vn 0.000000 0.000000 -1.000000
vn 0.000000 0.000000 -1.000000
vn 0.000000 0.000000 -1.000000
vn 0.000000 0.000000 -1.000000
vn 0.000000 0.000000 -1.000000
vn 0.000000 0.000000 -1.000000
vn 0.000000 0.000000 -1.000000
vn 0.000000 0.000000 -1.000000
vn 0.000000 0.000000 -1.000000
vn 0.000000 0.000000 -1.000000
vn 0.000000 0.000000 -1.000000
vn 0.000000 0.000000 -1.000000
vn 0.000000 0.000000 -1.000000
vn 0.000000 0.000000 -1.000000
vn 0.000000 0.000000 -1.000000
vn 0.000000 0.000000 -1.000000
vn 0.000000 0.000000 -1.000000
vn 0.000000 0.000000 -1.000000
vn 0.000000 0.000000 -1.000000
vn 0.000000 0.000000 -1.000000
vn 0.000000 0.000000 -1.000000
vn 0.000000 0.000000 -1.000000
vn 0.000000 0.000000 -1.000000
vn 0.000000 0.000000 -1.000000
vn 0.000000 0.000000 -1.000000
vn 0.000000 0.000000 -1.000000
vn 0.000000 0.000000 -1.000000
vn 0.000000 0.000000 -1.000000
vn 0.000000 0.000000 -1.000000
vn 1.000000 -0.000000 0.000000
vn 1.000000 -0.000000 0.000000
vn 1.000000 -0.000000 0.000000
vn 1.000000 -0.000000 0.000000
vn 1.000000 -0.000000 0.000000
vn 1.000000 -0.000000 0.000000
vn 1.000000 -0.000000 0.000000
vn 1.000000 -0.000000 0.000000
vn 1.000000 -0.000000 0.000000
vn 1.000000 -0.000000 0.000000
vn 1.000000 -0.000000 0.000000
vn 1.000000 -0.000000 0.000000
vn 1.000000 -0.000000 0.000000
vn 1.000000 -0.000000 0.000000
vn 1.000000 -0.000000 0.000000
vn 1.000000 -0.000000 0.000000
vn 1.000000 -0.000000 0.000000
vn 1.000000 -0.000000 0.000000
vn 1.000000 -0.000000 0.000000
vn 1.000000 -0.000000 0.000000
vn 1.000000 -0.000000 0.000000
vn 1.000000 -0.000000 0.000000
vn 1.000000 -0.000000 0.000000
vn 1.000000 -0.000000 0.000000
vn 1.000000 -0.000000 0.000000
vn 1.000000 -0.000000 0.000000
vn 1.000000 -0.000000 0.000000
vn 1.000000 -0.000000 0.000000
vn 1.000000 -0.000000 0.000000
vn 1.000000 -0.000000 0.000000
vn 1.000000 -0.000000 0.000000
vn 1.000000 -0.000000 0.000000
vn 1.000000 -0.000000 0.000000
vn 1.000000 -0.000000 0.000000
vn 1.000000 -0.000000 0.000000
vn 1.000000 -0.000000 0.000000
vn 1.000000 -0.000000 0.000000
vn 1.000000 -0.000000 0.000000
vn 1.000000 -0.000000 0.000000
vn 1.000000 -0.000000 0.000000
vn 1.000000 -0.000000 0.000000
vn 1.000000 -0.000000 0.000000
vn 1.000000 -0.000000 0.000000
vn 1.000000 -0.000000 0.000000
vn 1.000000 -0.000000 0.000000
vn 1.000000 -0.000000 0.000000
vn 1.000000 -0.000000 0.000000
vn 1.000000 -0.000000 0.000000
vn 1.000000 -0.000000 0.000000
vn 1.000000 -0.000000 0.000000
vn 1.000000 -0.000000 0.000000
vn 1.000000 -0.000000 0.000000
vn 1.000000 -0.000000 0.000000
vn 1.000000 -0.000000 0.000000
vn 1.000000 -0.000000 0.000000
vn 1.000000 -0.000000 0.000000
vn 1.000000 -0.000000 0.000000
vn 1.000000 -0.000000 0.000000
vn 1.000000 -0.000000 0.000000
vn 1.000000 -0.000000 0.000000
vn 1.000000 -0.000000 0.000000
vn 1.000000 -0.000000 0.000000
vn 1.000000 -0.000000 0.000000
vn 1.000000 -0.000000 0.000000
vn 1.000000 -0.000000 0.000000
vn 1.000000 -0.000000 0.000000
vn 1.000000 -0.000000 0.000000
vn 1.000000 -0.000000 0.000000
vn 1.000000 -0.000000 0.000000
vn 1.000000 -0.000000 0.000000
vn 1.000000 -0.000000 0.000000
vn 1.000000 -0.000000 0.000000
vn 1.000000 -0.000000 0.000000
vn 1.000000 -0.000000 0.000000
vn 1.000000 -0.000000 0.000000
vn 1.000000 -0.000000 0.000000
vn 1.000000 -0.000000 0.000000
vn 1.000000 -0.000000 0.000000
vn 1.000000 -0.000000 0.000000
vn 1.000000 -0.000000 0.000000
vn 1.000000 -0.000000 0.000000
vn 1.000000 -0.000000 0.000000
vn 1.000000 -0.000000 0.000000
vn 1.000000 -0.000000 0.000000
vn 1.000000 -0.000000 0.000000
vn 1.000000 -0.000000 0.000000
vn 1.000000 -0.000000 0.000000
vn 1.000000 -0.000000 0.000000
vn 1.000000 -0.000000 0.000000
vn 1.000000 -0.000000 0.000000
vn 1.000000 -0.000000 0.000000
vn 1.000000 -0.000000 0.000000
vn 1.000000 -0.000000 0.000000
vn 1.000000 -0.000000 0.000000
vn 1.000000 -0.000000 0.000000
vn 1.000000 -0.000000 0.000000
vn 1.000000 -0.000000 0.000000
vn 1.000000 -0.000000 0.000000
vn 1.000000 -0.000000 0.000000
vn 1.000000 -0.000000 0.000000
vn 1.000000 -0.000000 0.000000
vn 1.000000 -0.000000 0.000000
vn 1.000000 -0.000000 0.000000
vn 1.000000 -0.000000 0.000000
vn 1.000000 -0.000000 0.000000
vn 1.000000 -0.000000 0.000000
vn 1.000000 -0.000000 0.000000
vn 1.000000 -0.000000 0.000000
vn 1.000000 -0.000000 0.000000
vn 1.000000 -0.000000 0.000000
vn 1.000000 -0.000000 0.000000
vn 1.000000 -0.000000 0.000000
vn 1.000000 -0.000000 0.000000
vn 1.000000 -0.000000 0.000000
vn 1.000000 -0.000000 0.000000
vn 1.000000 -0.000000 0.000000
vn 0.000000 -0.000000 1.000000
vn 0.000000 -0.000000 1.000000
vn 0.000000 -0.000000 1.000000
vn 0.000000 -0.000000 1.000000
vn 0.000000 -0.000000 1.000000
vn 0.000000 -0.000000 1.000000
vn 0.000000 -0.000000 1.000000
vn 0.000000 -0.000000 1.000000
vn 0.000000 -0.000000 1.000000
vn 0.000000 -0.000000 1.000000
vn 0.000000 -0.000000 1.000000
vn 0.000000 -0.000000 1.000000
vn 0.000000 -0.000000 1.000000
vn 0.000000 -0.000000 1.000000
vn 0.000000 -0.000000 1.000000
vn 0.000000 -0.000000 1.000000
vn 0.000000 -0.000000 1.000000
vn 0.000000 -0.000000 1.000000
vn 0.000000 -0.000000 1.000000
vn 0.000000 -0.000000 1.000000
vn 0.000000 -0.000000 1.000000
vn 0.000000 -0.000000 1.000000
vn 0.000000 -0.000000 1.000000
vn 0.000000 -0.000000 1.000000
vn 0.000000 -0.000000 1.000000
vn 0.000000 -0.000000 1.000000
vn 0.000000 -0.000000 1.000000
vn 0.000000 -0.000000 1.000000
vn 0.000000 -0.000000 1.000000
vn 0.000000 -0.000000 1.000000
vn 0.000000 -0.000000 1.000000
vn 0.000000 -0.000000 1.000000
vn 0.000000 -0.000000 1.000000
vn 0.000000 -0.000000 1.000000
vn 0.000000 -0.000000 1.000000
vn 0.000000 -0.000000 1.000000
vn 0.000000 -0.000000 1.000000
vn 0.000000 -0.000000 1.000000
vn 0.000000 -0.000000 1.000000
vn 0.000000 -0.000000 1.000000
vn 0.000000 -0.000000 1.000000
vn 0.000000 -0.000000 1.000000
vn 0.000000 -0.000000 1.000000
vn 0.000000 -0.000000 1.000000
vn 0.000000 -0.000000 1.000000
vn 0.000000 -0.000000 1.000000
vn 0.000000 -0.000000 1.000000
vn 0.000000 -0.000000 1.000000
vn 0.000000 -0.000000 1.000000
vn 0.000000 -0.000000 1.000000
vn 0.000000 -0.000000 1.000000
vn 0.000000 -0.000000 1.000000
vn 0.000000 -0.000000 1.000000
vn 0.000000 -0.000000 1.000000
vn 0.000000 -0.000000 1.000000
vn 0.000000 -0.000000 1.000000
vn 0.000000 -0.000000 1.000000
vn 0.000000 -0.000000 1.000000
vn 0.000000 -0.000000 1.000000
vn 0.000000 -0.000000 1.000000
vn 0.000000 -0.000000 1.000000
vn 0.000000 -0.000000 1.000000
vn 0.000000 -0.000000 1.000000
vn 0.000000 -0.000000 1.000000
vn 0.000000 -0.000000 1.000000
vn 0.000000 -0.000000 1.000000
vn 0.000000 -0.000000 1.000000
vn 0.000000 -0.000000 1.000000
vn 0.000000 -0.000000 1.000000
vn 0.000000 -0.000000 1.000000
vn 0.000000 -0.000000 1.000000
vn 0.000000 -0.000000 1.000000
vn 0.000000 -0.000000 1.000000
vn 0.000000 -0.000000 1.000000
vn 0.000000 -0.000000 1.000000
vn 0.000000 -0.000000 1.000000
vn 0.000000 -0.000000 1.000000
vn 0.000000 -0.000000 1.000000
vn 0.000000 -0.000000 1.000000
vn 0.000000 -0.000000 1.000000
vn 0.000000 -0.000000 1.000000
vn 0.000000 -0.000000 1.000000
vn 0.000000 -0.000000 1.000000
vn 0.000000 -0.000000 1.000000
vn 0.000000 -0.000000 1.000000
vn 0.000000 -0.000000 1.000000
vn 0.000000 -0.000000 1.000000
vn 0.000000 -0.000000 1.000000
vn 0.000000 -0.000000 1.000000
vn 0.000000 -0.000000 1.000000
vn 0.000000 -0.000000 1.000000
vn 0.000000 -0.000000 1.000000
vn 0.000000 -0.000000 1.000000
vn 0.000000 -0.000000 1.000000
vn 0.000000 -0.000000 1.000000
vn 0.000000 -0.000000 1.000000
vn 0.000000 -0.000000 1.000000
vn 0.000000 -0.000000 1.000000
vn 0.000000 -0.000000 1.000000
vn 0.000000 -0.000000 1.000000
vn 0.000000 -0.000000 1.000000
vn 0.000000 -0.000000 1.000000
vn 0.000000 -0.000000 1.000000
vn 0.000000 -0.000000 1.000000
vn 0.000000 -0.000000 1.000000
vn 0.000000 -0.000000 1.000000
vn 0.000000 -0.000000 1.000000
vn 0.000000 -0.000000 1.000000
vn 0.000000 -0.000000 1.000000
vn 0.000000 -0.000000 1.000000
vn 0.000000 -0.000000 1.000000
vn 0.000000 -0.000000 1.000000
vn 0.000000 -0.000000 1.000000
vn 0.000000 -0.000000 1.000000
vn 0.000000 -0.000000 1.000000
vn 0.000000 -0.000000 1.000000
vn 0.000000 -0.000000 1.000000
vn 0.000000 -0.000000 1.000000
vn 0.000000 -0.000000 1.000000
vn 0.000000 -0.000000 1.000000
vn 1.000000 -0.000000 0.000000
vn 1.000000 -0.000000 0.000000
vn 1.000000 -0.000000 0.000000
vn 1.000000 -0.000000 0.000000
vn 0.000000 0.000000 -1.000000
vn 0.000000 0.000000 -1.000000
vn 0.000000 0.000000 -1.000000
vn 0.000000 0.000000 -1.000000
vn -1.000000 0.000000 0.000000
vn -1.000000 0.000000 0.000000
vn -1.000000 0.000000 0.000000
vn -1.000000 0.000000 0.000000
vn -1.000000 0.000000 0.000000
vn -1.000000 0.000000 0.000000
vn -1.000000 0.000000 0.000000
vn -1.000000 0.000000 0.000000
vn 0.000000 0.000000 -1.000000
vn 0.000000 0.000000 -1.000000
vn 0.000000 0.000000 -1.000000
vn 0.000000 0.000000 -1.000000
vn 1.000000 -0.000000 0.000000
vn 1.000000 -0.000000 0.000000
vn 1.000000 -0.000000 0.000000
vn 1.000000 -0.000000 0.000000
vn 0.000000 -0.000000 1.000000
vn 0.000000 -0.000000 1.000000
vn 0.000000 -0.000000 1.000000
vn 0.000000 -0.000000 1.000000
vn 0.000000 1.000000 0.000000
vn 0.000000 1.000000 0.000000
vn 0.000000 1.000000 0.000000
vn 0.000000 1.000000 0.000000
vn 0.000005 1.000000 0.000000
vn 0.000005 1.000000 0.000000
vn 0.000005 1.000000 0.000000
vn 0.000005 1.000000 0.000000
vn -0.000000 -1.000000 0.000000
vn -0.000000 -1.000000 0.000000
vn -0.000000 -1.000000 0.000000
vn -0.000000 -1.000000 0.000000
vn 0.000004 -1.000000 0.000000
vn 0.000004 -1.000000 0.000000
vn 0.000004 -1.000000 0.000000
vn 0.000004 -1.000000 0.000000
g FCSET_Note_Stack_Tall_001_0p056_0p094_0p774 Note_Stack_Tall Post_Its
usemtl lambert1SG
f 485/1/1 486/2/2 484/3/3 483/4/4
f 510/682/5 502/6/6 501/7/7 509/8/8
f 2/9/9 1/747/10 4/750/11 3/12/12
f 6/13/13 5/749/14 8/753/15 7/16/16
f 10/581/17 9/752/18 12/754/19 11/631/20
f 14/21/21 13/630/22 16/635/23 15/24/24
f 18/25/25 17/634/26 20/679/27 19/28/28
f 22/678/29 21/755/30 24/757/31 23/646/32
f 26/33/33 25/645/34 28/677/35 27/36/36
f 30/37/37 29/650/38 32/676/39 31/40/40
f 34/41/41 33/656/42 36/675/43 35/44/44
f 38/45/45 37/662/46 40/579/47 39/48/48
f 42/49/49 41/667/50 44/674/51 43/52/52
f 46/53/53 45/761/54 48/764/55 47/56/56
f 50/57/57 49/763/58 52/766/59 51/60/60
f 54/61/61 53/765/62 56/768/63 55/64/64
f 58/622/65 57/66/66 60/67/67 59/624/68
f 62/623/69 61/70/70 64/71/71 63/626/72
f 66/625/73 65/74/74 68/75/75 67/628/76
f 70/627/77 69/78/78 72/79/79 71/633/80
f 74/632/81 73/82/82 76/83/83 75/638/84
f 78/637/85 77/86/86 80/87/87 79/643/88
f 82/642/89 81/90/90 84/91/91 83/649/92
f 86/647/93 85/94/94 88/95/95 87/655/96
f 90/673/97 89/98/98 92/99/99 91/661/100
f 94/706/101 93/659/102 96/672/103 95/578/104
f 98/707/105 97/665/106 100/670/107 99/710/108
f 102/709/109 101/110/110 104/111/111 103/712/112
f 106/711/113 105/114/114 108/115/115 107/714/116
f 110/713/117 109/118/118 112/119/119 111/716/120
f 114/121/121 113/122/122 116/123/123 115/124/124
f 118/125/125 117/126/126 120/127/127 119/128/128
f 122/129/129 121/130/130 124/131/131 123/132/132
f 126/133/133 125/134/134 128/135/135 127/136/136
f 130/137/137 129/138/138 132/139/139 131/140/140
f 134/141/141 133/142/142 136/143/143 135/144/144
f 138/145/145 137/146/146 140/147/147 139/148/148
f 142/149/149 141/150/150 144/151/151 143/152/152
f 146/153/153 145/154/154 148/155/155 147/156/156
f 150/157/157 149/158/158 152/159/159 151/160/160
f 154/161/161 153/162/162 156/163/163 155/164/164
f 158/165/165 157/166/166 160/167/167 159/168/168
f 162/169/169 161/170/170 164/171/171 163/172/172
f 166/173/173 165/174/174 168/175/175 167/176/176
f 170/546/177 169/178/178 172/179/179 171/549/180
f 174/548/181 173/182/182 176/183/183 175/551/184
f 178/550/185 177/186/186 180/187/187 179/553/188
f 182/552/189 181/190/190 184/191/191 183/555/192
f 186/554/193 185/194/194 188/195/195 187/557/196
f 190/556/197 189/198/198 192/199/199 191/559/200
f 194/558/201 193/202/202 196/203/203 195/561/204
f 198/560/205 197/206/206 200/207/207 199/563/208
f 202/562/209 201/210/210 204/211/211 203/565/212
f 206/564/213 205/214/214 208/215/215 207/567/216
f 210/566/217 209/218/218 212/219/219 211/569/220
f 214/568/221 213/222/222 216/223/223 215/571/224
f 218/570/225 217/226/226 220/227/227 219/573/228
f 222/572/229 221/230/230 224/231/231 223/576/232
f 55/64/233 56/768/234 242/746/235 241/515/236
f 223/576/237 224/231/238 243/235/239 244/575/240
f 225/237/241 226/574/242 499/719/243 500/240/244
f 226/574/245 225/237/246 245/241/247 246/545/248
f 227/243/249 228/244/250 505/245/251 506/246/252
f 228/244/253 227/243/254 248/247/255 247/248/256
f 111/716/257 112/119/258 250/249/259 249/704/260
f 229/715/261 230/252/262 503/253/263 504/688/264
f 230/252/265 229/715/266 251/703/267 252/256/268
f 167/176/269 168/175/270 254/257/271 253/258/272
f 231/259/273 232/260/274 511/261/275 512/262/276
f 232/260/277 231/259/278 255/263/279 256/264/280
f 51/60/281 52/766/282 258/744/283 257/266/284
f 219/573/285 220/227/286 259/267/287 260/543/288
f 53/765/289 54/61/290 261/269/291 262/745/292
f 221/230/293 222/572/294 264/542/295 263/272/296
f 107/714/297 108/115/298 266/273/299 265/702/300
f 109/118/301 110/713/302 267/701/303 268/276/304
f 163/172/305 164/171/306 270/277/307 269/278/308
f 165/174/309 166/173/310 271/279/311 272/280/312
f 47/56/313 48/764/314 274/742/315 273/282/316
f 215/571/317 216/223/318 275/283/319 276/541/320
f 49/763/321 50/57/322 277/285/323 278/743/324
f 217/226/325 218/570/326 280/540/327 279/288/328
f 103/712/329 104/111/330 282/289/331 281/700/332
f 105/114/333 106/711/334 283/699/335 284/292/336
f 159/168/337 160/167/338 286/293/339 285/294/340
f 161/170/341 162/169/342 287/295/343 288/296/344
f 43/52/345 44/762/346 290/740/347 289/298/348
f 211/569/349 212/219/350 291/299/351 292/539/352
f 45/761/353 46/53/354 293/301/355 294/741/356
f 213/222/357 214/568/358 296/538/359 295/304/360
f 99/710/361 100/670/362 298/620/363 297/698/364
f 101/110/365 102/709/366 299/696/367 300/708/368
f 155/164/369 156/163/370 302/309/371 301/310/372
f 157/166/373 158/165/374 303/311/375 304/312/376
f 39/669/377 40/580/378 306/739/379 305/668/380
f 207/567/381 208/215/382 307/315/383 308/537/384
f 41/667/385 42/49/386 309/317/387 310/619/388
f 209/218/389 210/566/390 312/536/391 311/320/392
f 95/577/393 96/103/394 314/321/395 313/666/396
f 97/665/397 98/707/398 315/694/399 316/617/400
f 151/160/401 152/159/402 318/325/403 317/326/404
f 153/162/405 154/161/406 319/327/407 320/328/408
f 35/664/409 36/760/410 322/738/411 321/663/412
f 203/565/413 204/211/414 323/331/415 324/535/416
f 37/662/417 38/45/418 325/333/419 326/615/420
f 205/214/421 206/564/422 328/534/423 327/336/424
f 91/661/425 92/99/426 330/337/427 329/660/428
f 93/659/429 94/706/430 331/692/431 332/613/432
f 147/156/433 148/155/434 334/341/435 333/342/436
f 149/158/437 150/157/438 335/343/439 336/344/440
f 31/658/441 32/759/442 338/737/443 337/657/444
f 199/563/445 200/207/446 339/347/447 340/533/448
f 33/656/449 34/41/450 341/349/451 342/611/452
f 201/210/453 202/562/454 344/532/455 343/352/456
f 87/655/457 88/95/458 346/353/459 345/654/460
f 89/653/461 90/705/462 347/690/463 348/609/464
f 143/152/465 144/151/466 350/357/467 349/358/468
f 145/154/469 146/153/470 351/359/471 352/360/472
f 27/652/473 28/758/474 354/736/475 353/651/476
f 195/561/477 196/203/478 355/363/479 356/531/480
f 29/650/481 30/37/482 357/365/483 358/607/484
f 197/206/485 198/560/486 360/530/487 359/368/488
f 83/649/489 84/91/490 362/369/491 361/605/492
f 85/94/493 86/648/494 363/604/495 364/372/496
f 139/148/497 140/147/498 366/373/499 365/374/500
f 141/150/501 142/149/502 367/375/503 368/376/504
f 23/646/505 24/757/506 370/734/507 369/603/508
f 191/559/509 192/199/510 371/379/511 372/529/512
f 25/645/513 26/33/514 373/381/515 374/644/516
f 193/202/517 194/558/518 376/528/519 375/384/520
f 79/643/521 80/87/522 378/385/523 377/601/524
f 81/90/525 82/642/526 379/600/527 380/388/528
f 135/144/529 136/143/530 382/389/531 381/390/532
f 137/146/533 138/145/534 383/391/535 384/392/536
f 19/641/537 20/756/538 386/732/539 385/599/540
f 187/557/541 188/195/542 387/395/543 388/527/544
f 21/640/545 22/29/546 389/397/547 390/639/548
f 189/198/549 190/556/550 392/526/551 391/400/552
f 75/638/553 76/83/554 394/401/555 393/597/556
f 77/86/557 78/637/558 395/596/559 396/404/560
f 131/140/561 132/139/562 398/405/563 397/406/564
f 133/142/565 134/141/566 399/407/567 400/408/568
f 15/24/569 16/636/570 402/594/571 401/410/572
f 183/555/573 184/191/574 403/411/575 404/525/576
f 17/634/577 18/25/578 405/413/579 406/595/580
f 185/194/581 186/554/582 408/524/583 407/416/584
f 71/633/585 72/79/586 410/417/587 409/593/588
f 73/82/589 74/632/590 411/592/591 412/420/592
f 127/136/593 128/135/594 414/421/595 413/422/596
f 129/138/597 130/137/598 415/423/599 416/424/600
f 11/631/601 12/754/602 418/730/603 417/591/604
f 179/553/605 180/187/606 419/427/607 420/523/608
f 13/630/609 14/21/610 421/429/611 422/629/612
f 181/190/613 182/552/614 424/522/615 423/432/616
f 67/628/617 68/75/618 426/433/619 425/589/620
f 69/78/621 70/627/622 427/588/623 428/436/624
f 123/132/625 124/131/626 430/437/627 429/438/628
f 125/134/629 126/133/630 431/439/631 432/440/632
f 7/16/633 8/753/634 434/728/635 433/442/636
f 175/551/637 176/183/638 435/443/639 436/521/640
f 9/751/641 10/17/642 437/445/643 438/729/644
f 177/186/645 178/671/646 440/520/647 439/448/648
f 63/626/649 64/71/650 442/449/651 441/587/652
f 65/74/653 66/625/654 443/586/655 444/452/656
f 119/128/657 120/127/658 446/453/659 445/454/660
f 121/130/661 122/129/662 447/455/663 448/456/664
f 3/12/665 4/750/666 450/726/667 449/458/668
f 171/549/669 172/179/670 451/459/671 452/519/672
f 5/749/673 6/13/674 453/461/675 454/727/676
f 173/182/677 174/548/678 456/518/679 455/464/680
f 59/624/681 60/67/682 458/465/683 457/585/684
f 61/70/685 62/717/686 459/584/687 460/468/688
f 115/124/689 116/123/690 462/469/691 461/470/692
f 117/126/693 118/125/694 463/471/695 464/472/696
f 233/748/697 234/474/698 487/475/699 488/723/700
f 234/474/701 233/748/702 466/724/703 465/478/704
f 235/479/705 236/684/706 481/513/707 482/482/708
f 236/547/709 235/479/710 467/483/711 468/517/712
f 1/747/713 2/9/714 469/485/715 470/725/716
f 169/178/717 170/546/718 472/516/719 471/488/720
f 237/489/721 238/686/722 495/689/723 496/492/724
f 238/685/725 237/489/726 474/493/727 473/583/728
f 57/66/729 58/718/730 475/582/731 476/496/732
f 239/497/733 240/498/734 491/499/735 492/500/736
f 240/498/737 239/497/738 478/501/739 477/502/740
f 113/122/741 114/121/742 479/503/743 480/504/744
f 241/234/745 242/544/746 246/545/747 245/241/748
f 244/236/749 243/514/750 247/248/751 248/247/752
f 249/704/753 250/249/754 252/256/755 251/703/756
f 253/258/757 254/257/758 256/264/759 255/263/760
f 257/266/761 258/744/762 262/745/763 261/269/764
f 260/543/765 259/267/766 263/272/767 264/542/768
f 265/702/769 266/273/770 268/276/771 267/701/772
f 269/278/773 270/277/774 272/280/775 271/279/776
f 273/282/777 274/742/778 278/743/779 277/285/780
f 276/541/781 275/283/782 279/288/783 280/540/784
f 281/700/785 282/289/786 284/292/787 283/699/788
f 285/294/789 286/293/790 288/296/791 287/295/792
f 289/298/793 290/740/794 294/741/795 293/301/796
f 292/539/797 291/299/798 295/304/799 296/538/800
f 297/698/801 298/620/802 300/621/803 299/697/804
f 301/310/805 302/309/806 304/312/807 303/311/808
f 305/314/809 306/618/810 310/619/811 309/317/812
f 308/537/813 307/315/814 311/320/815 312/536/816
f 313/695/817 314/616/818 316/617/819 315/694/820
f 317/326/821 318/325/822 320/328/823 319/327/824
f 321/330/825 322/614/826 326/615/827 325/333/828
f 324/535/829 323/331/830 327/336/831 328/534/832
f 329/693/833 330/612/834 332/613/835 331/692/836
f 333/342/837 334/341/838 336/344/839 335/343/840
f 337/346/841 338/610/842 342/611/843 341/349/844
f 340/533/845 339/347/846 343/352/847 344/532/848
f 345/691/849 346/608/850 348/609/851 347/690/852
f 349/358/853 350/357/854 352/360/855 351/359/856
f 353/362/857 354/606/858 358/607/859 357/365/860
f 356/531/861 355/363/862 359/368/863 360/530/864
f 361/605/865 362/369/866 364/372/867 363/604/868
f 365/374/869 366/373/870 368/376/871 367/375/872
f 369/603/873 370/734/874 374/735/875 373/602/876
f 372/529/877 371/379/878 375/384/879 376/528/880
f 377/601/881 378/385/882 380/388/883 379/600/884
f 381/390/885 382/389/886 384/392/887 383/391/888
f 385/599/889 386/732/890 390/733/891 389/598/892
f 388/527/893 387/395/894 391/400/895 392/526/896
f 393/597/897 394/401/898 396/404/899 395/596/900
f 397/406/901 398/405/902 400/408/903 399/407/904
f 401/410/905 402/594/906 406/595/907 405/413/908
f 404/525/909 403/411/910 407/416/911 408/524/912
f 409/593/913 410/417/914 412/420/915 411/592/916
f 413/422/917 414/421/918 416/424/919 415/423/920
f 417/591/921 418/730/922 422/731/923 421/590/924
f 420/523/925 419/427/926 423/432/927 424/522/928
f 425/589/929 426/433/930 428/436/931 427/588/932
f 429/438/933 430/437/934 432/440/935 431/439/936
f 433/442/937 434/728/938 438/729/939 437/445/940
f 436/521/941 435/443/942 439/448/943 440/520/944
f 441/587/945 442/449/946 444/452/947 443/586/948
f 445/454/949 446/453/950 448/456/951 447/455/952
f 449/458/953 450/726/954 454/727/955 453/461/956
f 452/519/957 451/459/958 455/464/959 456/518/960
f 457/585/961 458/465/962 460/468/963 459/584/964
f 461/470/965 462/469/966 464/472/967 463/471/968
f 465/478/969 466/724/970 470/725/971 469/485/972
f 468/517/973 467/483/974 471/488/975 472/516/976
f 473/583/977 474/493/978 476/496/979 475/582/980
f 477/502/981 478/501/982 480/504/983 479/503/984
f 482/482/985 481/513/986 483/4/987 484/3/988
f 486/2/989 485/1/990 488/723/991 487/475/992
f 489/505/993 490/506/994 492/500/995 491/499/996
f 493/721/997 494/508/998 496/492/999 495/689/1000
f 498/720/1001 497/510/1002 500/240/1003 499/719/1004
f 501/7/1005 502/6/1006 504/688/1007 503/253/1008
f 506/246/1009 505/245/1010 508/511/1011 507/512/1012
f 510/682/1013 509/8/1014 512/262/1015 511/261/1016
f 243/514/1017 241/234/1018 245/241/1019 247/248/1020
f 221/230/1021 54/61/1022 55/64/1023 224/231/1024
f 259/267/1025 257/266/1026 261/269/1027 263/272/1028
f 217/226/1029 50/57/1030 51/60/1031 220/227/1032
f 275/283/1033 273/282/1034 277/285/1035 279/288/1036
f 213/222/1037 46/53/1038 47/56/1039 216/223/1040
f 291/299/1041 289/298/1042 293/301/1043 295/304/1044
f 209/218/1045 42/49/1046 43/52/1047 212/219/1048
f 307/315/1049 305/314/1050 309/317/1051 311/320/1052
f 205/214/1053 38/45/1054 39/48/1055 208/215/1056
f 323/331/1057 321/330/1058 325/333/1059 327/336/1060
f 201/210/1061 34/41/1062 35/44/1063 204/211/1064
f 339/347/1065 337/346/1066 341/349/1067 343/352/1068
f 197/206/1069 30/37/1070 31/40/1071 200/207/1072
f 355/363/1073 353/362/1074 357/365/1075 359/368/1076
f 193/202/1077 26/33/1078 27/36/1079 196/203/1080
f 371/379/1081 369/378/1082 373/381/1083 375/384/1084
f 189/198/1085 22/29/1086 23/32/1087 192/199/1088
f 387/395/1089 385/394/1090 389/397/1091 391/400/1092
f 185/194/1093 18/25/1094 19/28/1095 188/195/1096
f 403/411/1097 401/410/1098 405/413/1099 407/416/1100
f 181/190/1101 14/21/1102 15/24/1103 184/191/1104
f 419/427/1105 417/426/1106 421/429/1107 423/432/1108
f 177/186/1109 10/17/1110 11/20/1111 180/187/1112
f 435/443/1113 433/442/1114 437/445/1115 439/448/1116
f 173/182/1117 6/13/1118 7/16/1119 176/183/1120
f 451/459/1121 449/458/1122 453/461/1123 455/464/1124
f 169/178/1125 2/9/1126 3/12/1127 172/179/1128
f 467/483/1129 465/478/1130 469/485/1131 471/488/1132
f 242/233/1133 249/250/1134 251/255/1135 246/242/1136
f 53/62/1137 110/117/1138 111/120/1139 56/63/1140
f 258/265/1141 265/274/1142 267/275/1143 262/270/1144
f 49/58/1145 106/113/1146 107/116/1147 52/59/1148
f 274/281/1149 281/290/1150 283/291/1151 278/286/1152
f 45/54/1153 102/109/1154 103/112/1155 48/55/1156
f 290/297/1157 297/306/1158 299/307/1159 294/302/1160
f 41/50/1161 98/105/1162 99/108/1163 44/51/1164
f 306/313/1165 313/322/1166 315/323/1167 310/318/1168
f 37/46/1169 94/101/1170 95/104/1171 40/47/1172
f 322/329/1173 329/338/1174 331/339/1175 326/334/1176
f 33/42/1177 90/97/1178 91/100/1179 36/43/1180
f 338/345/1181 345/354/1182 347/355/1183 342/350/1184
f 29/38/1185 86/93/1186 87/96/1187 32/39/1188
f 354/361/1189 361/370/1190 363/371/1191 358/366/1192
f 25/34/1193 82/89/1194 83/92/1195 28/35/1196
f 370/377/1197 377/386/1198 379/387/1199 374/382/1200
f 21/30/1201 78/85/1202 79/88/1203 24/31/1204
f 386/393/1205 393/402/1206 395/403/1207 390/398/1208
f 17/26/1209 74/81/1210 75/84/1211 20/27/1212
f 402/409/1213 409/418/1214 411/419/1215 406/414/1216
f 13/22/1217 70/77/1218 71/80/1219 16/23/1220
f 418/425/1221 425/434/1222 427/435/1223 422/430/1224
f 9/18/1225 66/73/1226 67/76/1227 12/19/1228
f 434/441/1229 441/450/1230 443/451/1231 438/446/1232
f 5/14/1233 62/69/1234 63/72/1235 8/15/1236
f 450/457/1237 457/466/1238 459/467/1239 454/462/1240
f 1/10/1241 58/65/1242 59/68/1243 4/11/1244
f 466/477/1245 473/494/1246 475/495/1247 470/486/1248
f 250/249/1249 253/258/1250 255/263/1251 252/256/1252
f 109/118/1253 166/173/1254 167/176/1255 112/119/1256
f 266/273/1257 269/278/1258 271/279/1259 268/276/1260
f 105/114/1261 162/169/1262 163/172/1263 108/115/1264
f 282/289/1265 285/294/1266 287/295/1267 284/292/1268
f 101/110/1269 158/165/1270 159/168/1271 104/111/1272
f 298/305/1273 301/310/1274 303/311/1275 300/308/1276
f 97/106/1277 154/161/1278 155/164/1279 100/107/1280
f 314/321/1281 317/326/1282 319/327/1283 316/324/1284
f 93/102/1285 150/157/1286 151/160/1287 96/103/1288
f 330/337/1289 333/342/1290 335/343/1291 332/340/1292
f 89/98/1293 146/153/1294 147/156/1295 92/99/1296
f 346/353/1297 349/358/1298 351/359/1299 348/356/1300
f 85/94/1301 142/149/1302 143/152/1303 88/95/1304
f 362/369/1305 365/374/1306 367/375/1307 364/372/1308
f 81/90/1309 138/145/1310 139/148/1311 84/91/1312
f 378/385/1313 381/390/1314 383/391/1315 380/388/1316
f 77/86/1317 134/141/1318 135/144/1319 80/87/1320
f 394/401/1321 397/406/1322 399/407/1323 396/404/1324
f 73/82/1325 130/137/1326 131/140/1327 76/83/1328
f 410/417/1329 413/422/1330 415/423/1331 412/420/1332
f 69/78/1333 126/133/1334 127/136/1335 72/79/1336
f 426/433/1337 429/438/1338 431/439/1339 428/436/1340
f 65/74/1341 122/129/1342 123/132/1343 68/75/1344
f 442/449/1345 445/454/1346 447/455/1347 444/452/1348
f 61/70/1349 118/125/1350 119/128/1351 64/71/1352
f 458/465/1353 461/470/1354 463/471/1355 460/468/1356
f 57/66/1357 114/121/1358 115/124/1359 60/67/1360
f 474/493/1361 477/502/1362 479/503/1363 476/496/1364
f 254/257/1365 244/236/1366 248/247/1367 256/264/1368
f 165/174/1369 222/229/1370 223/232/1371 168/175/1372
f 270/277/1373 260/268/1374 264/271/1375 272/280/1376
f 161/170/1377 218/225/1378 219/228/1379 164/171/1380
f 286/293/1381 276/284/1382 280/287/1383 288/296/1384
f 157/166/1385 214/221/1386 215/224/1387 160/167/1388
f 302/309/1389 292/300/1390 296/303/1391 304/312/1392
f 153/162/1393 210/217/1394 211/220/1395 156/163/1396
f 318/325/1397 308/316/1398 312/319/1399 320/328/1400
f 149/158/1401 206/213/1402 207/216/1403 152/159/1404
f 334/341/1405 324/332/1406 328/335/1407 336/344/1408
f 145/154/1409 202/209/1410 203/212/1411 148/155/1412
f 350/357/1413 340/348/1414 344/351/1415 352/360/1416
f 141/150/1417 198/205/1418 199/208/1419 144/151/1420
f 366/373/1421 356/364/1422 360/367/1423 368/376/1424
f 137/146/1425 194/201/1426 195/204/1427 140/147/1428
f 382/389/1429 372/380/1430 376/383/1431 384/392/1432
f 133/142/1433 190/197/1434 191/200/1435 136/143/1436
f 398/405/1437 388/396/1438 392/399/1439 400/408/1440
f 129/138/1441 186/193/1442 187/196/1443 132/139/1444
f 414/421/1445 404/412/1446 408/415/1447 416/424/1448
f 125/134/1449 182/189/1450 183/192/1451 128/135/1452
f 430/437/1453 420/428/1454 424/431/1455 432/440/1456
f 121/130/1457 178/185/1458 179/188/1459 124/131/1460
f 446/453/1461 436/444/1462 440/447/1463 448/456/1464
f 117/126/1465 174/181/1466 175/184/1467 120/127/1468
f 462/469/1469 452/460/1470 456/463/1471 464/472/1472
f 113/122/1473 170/177/1474 171/180/1475 116/123/1476
f 478/501/1477 468/484/1478 472/487/1479 480/504/1480
f 224/231/238 55/64/233 241/767/236 243/235/239
f 225/237/246 228/244/253 247/248/256 245/241/247
f 56/63/234 111/120/257 249/250/260 242/233/235
f 229/251/266 226/238/245 246/242/248 251/255/267
f 112/119/258 167/176/269 253/258/272 250/249/259
f 231/259/278 230/252/265 252/256/268 255/263/279
f 168/175/270 223/232/237 244/236/240 254/257/271
f 227/243/254 232/260/277 256/264/280 248/247/255
f 220/227/286 51/60/281 257/266/284 259/267/287
f 54/61/290 221/230/293 263/272/296 261/269/291
f 52/59/282 107/116/297 265/274/300 258/265/283
f 110/117/302 53/62/289 262/270/292 267/275/303
f 108/115/298 163/172/305 269/278/308 266/273/299
f 166/173/310 109/118/301 268/276/304 271/279/311
f 164/171/306 219/228/285 260/268/288 270/277/307
f 222/229/294 165/174/309 272/280/312 264/271/295
f 216/223/318 47/56/313 273/282/316 275/283/319
f 50/57/322 217/226/325 279/288/328 277/285/323
f 48/55/314 103/112/329 281/290/332 274/281/315
f 106/113/334 49/58/321 278/286/324 283/291/335
f 104/111/330 159/168/337 285/294/340 282/289/331
f 162/169/342 105/114/333 284/292/336 287/295/343
f 160/167/338 215/224/317 276/284/320 286/293/339
f 218/225/326 161/170/341 288/296/344 280/287/327
f 212/219/350 43/52/345 289/298/348 291/299/351
f 46/53/354 213/222/357 295/304/360 293/301/355
f 44/51/346 99/108/361 297/306/364 290/297/347
f 102/109/366 45/54/353 294/302/356 299/307/367
f 100/107/362 155/164/369 301/310/372 298/305/363
f 158/165/374 101/110/365 300/308/368 303/311/375
f 156/163/370 211/220/349 292/300/352 302/309/371
f 214/221/358 157/166/373 304/312/376 296/303/359
f 208/215/382 39/48/377 305/314/380 307/315/383
f 42/49/386 209/218/389 311/320/392 309/317/387
f 40/47/378 95/104/393 313/322/396 306/313/379
f 98/105/398 41/50/385 310/318/388 315/323/399
f 96/103/394 151/160/401 317/326/404 314/321/395
f 154/161/406 97/106/397 316/324/400 319/327/407
f 152/159/402 207/216/381 308/316/384 318/325/403
f 210/217/390 153/162/405 320/328/408 312/319/391
f 204/211/414 35/44/409 321/330/412 323/331/415
f 38/45/418 205/214/421 327/336/424 325/333/419
f 36/43/410 91/100/425 329/338/428 322/329/411
f 94/101/430 37/46/417 326/334/420 331/339/431
f 92/99/426 147/156/433 333/342/436 330/337/427
f 150/157/438 93/102/429 332/340/432 335/343/439
f 148/155/434 203/212/413 324/332/416 334/341/435
f 206/213/422 149/158/437 336/344/440 328/335/423
f 200/207/446 31/40/441 337/346/444 339/347/447
f 34/41/450 201/210/453 343/352/456 341/349/451
f 32/39/442 87/96/457 345/354/460 338/345/443
f 90/97/462 33/42/449 342/350/452 347/355/463
f 88/95/458 143/152/465 349/358/468 346/353/459
f 146/153/470 89/98/461 348/356/464 351/359/471
f 144/151/466 199/208/445 340/348/448 350/357/467
f 202/209/454 145/154/469 352/360/472 344/351/455
f 196/203/478 27/36/473 353/362/476 355/363/479
f 30/37/482 197/206/485 359/368/488 357/365/483
f 28/35/474 83/92/489 361/370/492 354/361/475
f 86/93/494 29/38/481 358/366/484 363/371/495
f 84/91/490 139/148/497 365/374/500 362/369/491
f 142/149/502 85/94/493 364/372/496 367/375/503
f 140/147/498 195/204/477 356/364/480 366/373/499
f 198/205/486 141/150/501 368/376/504 360/367/487
f 192/199/510 23/32/505 369/378/508 371/379/511
f 26/33/514 193/202/517 375/384/520 373/381/515
f 24/31/506 79/88/521 377/386/524 370/377/507
f 82/89/526 25/34/513 374/382/516 379/387/527
f 80/87/522 135/144/529 381/390/532 378/385/523
f 138/145/534 81/90/525 380/388/528 383/391/535
f 136/143/530 191/200/509 372/380/512 382/389/531
f 194/201/518 137/146/533 384/392/536 376/383/519
f 188/195/542 19/28/537 385/394/540 387/395/543
f 22/29/546 189/198/549 391/400/552 389/397/547
f 20/27/538 75/84/553 393/402/556 386/393/539
f 78/85/558 21/30/545 390/398/548 395/403/559
f 76/83/554 131/140/561 397/406/564 394/401/555
f 134/141/566 77/86/557 396/404/560 399/407/567
f 132/139/562 187/196/541 388/396/544 398/405/563
f 190/197/550 133/142/565 400/408/568 392/399/551
f 184/191/574 15/24/569 401/410/572 403/411/575
f 18/25/578 185/194/581 407/416/584 405/413/579
f 16/23/570 71/80/585 409/418/588 402/409/571
f 74/81/590 17/26/577 406/414/580 411/419/591
f 72/79/586 127/136/593 413/422/596 410/417/587
f 130/137/598 73/82/589 412/420/592 415/423/599
f 128/135/594 183/192/573 404/412/576 414/421/595
f 186/193/582 129/138/597 416/424/600 408/415/583
f 180/187/606 11/20/601 417/426/604 419/427/607
f 14/21/610 181/190/613 423/432/616 421/429/611
f 12/19/602 67/76/617 425/434/620 418/425/603
f 70/77/622 13/22/609 422/430/612 427/435/623
f 68/75/618 123/132/625 429/438/628 426/433/619
f 126/133/630 69/78/621 428/436/624 431/439/631
f 124/131/626 179/188/605 420/428/608 430/437/627
f 182/189/614 125/134/629 432/440/632 424/431/615
f 176/183/638 7/16/633 433/442/636 435/443/639
f 10/17/642 177/186/645 439/448/648 437/445/643
f 8/15/634 63/72/649 441/450/652 434/441/635
f 66/73/654 9/18/641 438/446/644 443/451/655
f 64/71/650 119/128/657 445/454/660 442/449/651
f 122/129/662 65/74/653 444/452/656 447/455/663
f 120/127/658 175/184/637 436/444/640 446/453/659
f 178/185/646 121/130/661 448/456/664 440/447/647
f 172/179/670 3/12/665 449/458/668 451/459/671
f 6/13/674 173/182/677 455/464/680 453/461/675
f 4/11/666 59/68/681 457/466/684 450/457/667
f 62/69/686 5/14/673 454/462/676 459/467/687
f 60/67/682 115/124/689 461/470/692 458/465/683
f 118/125/694 61/70/685 460/468/688 463/471/695
f 116/123/690 171/180/669 452/460/672 462/469/691
f 174/181/678 117/126/693 464/472/696 456/463/679
f 235/479/710 234/474/701 465/478/704 467/483/711
f 2/9/714 169/178/717 471/488/720 469/485/715
f 233/473/702 238/490/725 473/494/728 466/477/703
f 58/65/730 1/10/713 470/486/716 475/495/731
f 237/489/726 240/498/737 477/502/740 474/493/727
f 114/121/742 57/66/729 476/496/732 479/503/743
f 239/497/738 236/480/709 468/484/712 478/501/739
f 170/177/718 113/122/741 480/504/744 472/487/719
f 482/482/985 484/3/988 486/2/989 487/475/992
f 483/4/987 481/481/986 492/500/995 490/722/994
f 489/505/993 491/499/996 496/492/999 494/508/998
f 493/507/997 495/491/1000 488/476/991 485/1/990
f 498/681/1001 499/239/1004 504/254/1007 502/687/1006
f 500/240/1003 497/510/1002 508/511/1011 505/245/1010
f 506/246/1009 507/512/1012 510/682/1013 511/261/1016
f 501/7/1005 503/253/1008 512/262/1015 509/8/1014
f 481/481/1481 236/480/1482 239/497/1483 492/500/1484
f 491/499/1485 240/498/1486 237/489/1487 496/492/1488
f 495/491/1489 238/490/1490 233/473/1491 488/476/1492
f 487/475/1493 234/474/1494 235/479/1495 482/482/1496
f 228/244/1497 225/237/1498 500/240/1499 505/245/1500
f 226/238/1501 229/251/1502 504/254/1503 499/239/1504
f 230/252/1505 231/259/1506 512/262/1507 503/253/1508
f 232/260/1509 227/243/1510 506/246/1511 511/261/1512
f 485/1/1513 483/4/1514 490/722/1515 493/507/1516
f 493/721/1517 490/506/1518 489/505/1519 494/508/1520
f 507/680/1521 498/509/1522 502/683/1523 510/5/1524
f 507/512/1525 508/511/1526 497/510/1527 498/720/1528
g default
v -0.638361 -0.541805 0.586405
v -0.638361 -0.541805 0.571497
v -0.627819 -0.552347 0.571497
v -0.627819 -0.552347 0.586405
v -0.565891 -0.552347 0.586405
v -0.580799 -0.552347 0.586405
v -0.580799 -0.552347 0.571497
v -0.565891 -0.552347 0.571497
v -0.627819 -0.552347 -0.587926
v -0.627819 -0.552347 -0.573017
v -0.638361 -0.541805 -0.573017
v -0.638361 -0.541805 -0.587926
v -0.565891 -0.552347 -0.573017
v -0.580799 -0.552347 -0.573017
v -0.580799 -0.552347 -0.587926
v -0.565891 -0.552347 -0.587926
v -0.638361 -0.493367 0.571497
v -0.638361 -0.508276 0.571497
v -0.638361 -0.508276 0.586405
v -0.638361 -0.493367 0.586405
v -0.638361 -0.493367 -0.587926
v -0.638361 -0.508276 -0.587926
v -0.638361 -0.508276 -0.573017
v -0.638361 -0.493367 -0.573017
v -0.580799 -0.552347 0.627819
v -0.565891 -0.552347 0.627819
v -0.565891 -0.541805 0.638361
v -0.580799 -0.541805 0.638361
v -0.580799 -0.493367 0.638361
v -0.580799 -0.508276 0.638361
v -0.565891 -0.508276 0.638361
v -0.565891 -0.493367 0.638361
v 0.580379 -0.541805 0.638361
v 0.565471 -0.541805 0.638361
v 0.565471 -0.552347 0.627819
v 0.580379 -0.552347 0.627819
v 0.565471 -0.493367 0.638361
v 0.565471 -0.508276 0.638361
v 0.580379 -0.508276 0.638361
v 0.580379 -0.493367 0.638361
v 0.580379 -0.552347 0.571497
v 0.580379 -0.552347 0.586405
v 0.565471 -0.552347 0.586405
v 0.565471 -0.552347 0.571497
v -0.627819 -0.508276 0.638361
v -0.627819 -0.493367 0.638361
v -0.638361 -0.493367 0.627819
v -0.638361 -0.508276 0.627819
v -0.638361 -0.183014 0.627819
v -0.638361 -0.197922 0.627819
v -0.627819 -0.197922 0.638361
v -0.627819 -0.183014 0.638361
v -0.638361 -0.197922 0.571497
v -0.638361 -0.197922 0.586405
v -0.638361 -0.183014 0.586405
v -0.638361 -0.183014 0.571497
v -0.565891 -0.183014 0.638361
v -0.580799 -0.183014 0.638361
v -0.580799 -0.197922 0.638361
v -0.565891 -0.197922 0.638361
v 0.627819 -0.552347 0.586405
v 0.627819 -0.552347 0.571497
v 0.638361 -0.541805 0.571497
v 0.638361 -0.541805 0.586405
v 0.638361 -0.493367 0.586405
v 0.638361 -0.508276 0.586405
v 0.638361 -0.508276 0.571497
v 0.638361 -0.493367 0.571497
v 0.638361 -0.541805 -0.587926
v 0.638361 -0.541805 -0.573017
v 0.627819 -0.552347 -0.573017
v 0.627819 -0.552347 -0.587926
v 0.638361 -0.493367 -0.587926
v 0.638361 -0.493367 -0.573017
v 0.638361 -0.508276 -0.573017
v 0.638361 -0.508276 -0.587926
v 0.565471 -0.552347 -0.587926
v 0.580379 -0.552347 -0.587926
v 0.580379 -0.552347 -0.573017
v 0.565471 -0.552347 -0.573017
v 0.638361 -0.508276 0.627819
v 0.638361 -0.493367 0.627819
v 0.627819 -0.493367 0.638361
v 0.627819 -0.508276 0.638361
v 0.627819 -0.183014 0.638361
v 0.627819 -0.197922 0.638361
v 0.638361 -0.197922 0.627819
v 0.638361 -0.183014 0.627819
v 0.565471 -0.183014 0.638361
v 0.565471 -0.197922 0.638361
v 0.580379 -0.197922 0.638361
v 0.580379 -0.183014 0.638361
v 0.638361 -0.183014 0.571497
v 0.638361 -0.183014 0.586405
v 0.638361 -0.197922 0.586405
v 0.638361 -0.197922 0.571497
v -0.627819 -0.138942 0.586405
v -0.627819 -0.138942 0.571497
v -0.638361 -0.149484 0.571497
v -0.638361 -0.149484 0.586405
v -0.638361 -0.149484 -0.587926
v -0.638361 -0.149484 -0.573017
v -0.627819 -0.138942 -0.573017
v -0.627819 -0.138942 -0.587926
v -0.638361 -0.197922 -0.573017
v -0.638361 -0.183014 -0.573017
v -0.638361 -0.183014 -0.587926
v -0.638361 -0.197922 -0.587926
v -0.565891 -0.138942 0.571497
v -0.580799 -0.138942 0.571497
v -0.580799 -0.138942 0.586405
v -0.565891 -0.138942 0.586405
v -0.565891 -0.138942 -0.587926
v -0.580799 -0.138942 -0.587926
v -0.580799 -0.138942 -0.573017
v -0.565891 -0.138942 -0.573017
v -0.580799 -0.149484 0.638361
v -0.565891 -0.149484 0.638361
v -0.565891 -0.138942 0.627819
v -0.580799 -0.138942 0.627819
v 0.580379 -0.138942 0.627819
v 0.565471 -0.138942 0.627819
v 0.565471 -0.149484 0.638361
v 0.580379 -0.149484 0.638361
v 0.565471 -0.138942 0.571497
v 0.565471 -0.138942 0.586405
v 0.580379 -0.138942 0.586405
v 0.580379 -0.138942 0.571497
v 0.638361 -0.149484 0.586405
v 0.638361 -0.149484 0.571497
v 0.627819 -0.138942 0.571497
v 0.627819 -0.138942 0.586405
v 0.627819 -0.138942 -0.587926
v 0.627819 -0.138942 -0.573017
v 0.638361 -0.149484 -0.573017
v 0.638361 -0.149484 -0.587926
v 0.565471 -0.138942 -0.587926
v 0.565471 -0.138942 -0.573017
v 0.580379 -0.138942 -0.573017
v 0.580379 -0.138942 -0.587926
v 0.638361 -0.197922 -0.587926
v 0.638361 -0.183014 -0.587926
v 0.638361 -0.183014 -0.573017
v 0.638361 -0.197922 -0.573017
v -0.627819 -0.183014 -0.638361
v -0.627819 -0.197922 -0.638361
v -0.638361 -0.197922 -0.627819
v -0.638361 -0.183014 -0.627819
v -0.638361 -0.508276 -0.627819
v -0.638361 -0.493367 -0.627819
v -0.627819 -0.493367 -0.638361
v -0.627819 -0.508276 -0.638361
v -0.565891 -0.197922 -0.638361
v -0.580799 -0.197922 -0.638361
v -0.580799 -0.183014 -0.638361
v -0.565891 -0.183014 -0.638361
v -0.565891 -0.508276 -0.638361
v -0.580799 -0.508276 -0.638361
v -0.580799 -0.493367 -0.638361
v -0.565891 -0.493367 -0.638361
v -0.580799 -0.138942 -0.627819
v -0.565891 -0.138942 -0.627819
v -0.565891 -0.149484 -0.638361
v -0.580799 -0.149484 -0.638361
v 0.580379 -0.149484 -0.638361
v 0.565471 -0.149484 -0.638361
v 0.565471 -0.138942 -0.627819
v 0.580379 -0.138942 -0.627819
v 0.565471 -0.197922 -0.638361
v 0.565471 -0.183014 -0.638361
v 0.580379 -0.183014 -0.638361
v 0.580379 -0.197922 -0.638361
v 0.638361 -0.183014 -0.627819
v 0.638361 -0.197922 -0.627819
v 0.627819 -0.197922 -0.638361
v 0.627819 -0.183014 -0.638361
v 0.627819 -0.508276 -0.638361
v 0.627819 -0.493367 -0.638361
v 0.638361 -0.493367 -0.627819
v 0.638361 -0.508276 -0.627819
v 0.565471 -0.508276 -0.638361
v 0.565471 -0.493367 -0.638361
v 0.580379 -0.493367 -0.638361
v 0.580379 -0.508276 -0.638361
v -0.580799 -0.541805 -0.638361
v -0.565891 -0.541805 -0.638361
v -0.565891 -0.552347 -0.627819
v -0.580799 -0.552347 -0.627819
v 0.580379 -0.552347 -0.627819
v 0.565471 -0.552347 -0.627819
v 0.565471 -0.541805 -0.638361
v 0.580379 -0.541805 -0.638361
v -0.627819 -0.541805 0.638361
v -0.638361 -0.541805 0.627819
v -0.627819 -0.552347 0.627819
v 0.627819 -0.541805 0.638361
v 0.627819 -0.552347 0.627819
v 0.638361 -0.541805 0.627819
v -0.627819 -0.149484 0.638361
v -0.627819 -0.138942 0.627819
v -0.638361 -0.149484 0.627819
v 0.627819 -0.149484 0.638361
v 0.638361 -0.149484 0.627819
v 0.627819 -0.138942 0.627819
v -0.627819 -0.138942 -0.627819
v -0.627819 -0.149484 -0.638361
v -0.638361 -0.149484 -0.627819
v 0.627819 -0.138942 -0.627819
v 0.638361 -0.149484 -0.627819
v 0.627819 -0.149484 -0.638361
v -0.627819 -0.541805 -0.638361
v -0.627819 -0.552347 -0.627819
v -0.638361 -0.541805 -0.627819
v 0.627819 -0.541805 -0.638361
v 0.638361 -0.541805 -0.627819
v 0.627819 -0.552347 -0.627819
v 0.565471 -0.192553 -0.573017
v -0.565891 -0.192553 -0.573017
v 0.565471 -0.192553 0.571497
v -0.565891 -0.192553 0.571497
v -0.565891 -0.482212 0.571497
v 0.565471 -0.482212 0.571497
v 0.565471 -0.482212 -0.573017
v -0.565891 -0.482212 -0.573017
v -0.565891 -0.497917 0.571497
v 0.565471 -0.497917 0.571497
v 0.565471 -0.497917 -0.573017
v -0.565891 -0.497917 -0.573017
v -0.565891 -0.535135 0.571497
v 0.565471 -0.535135 0.571497
v 0.565471 -0.535135 -0.573017
v -0.565891 -0.535135 -0.573017
v -0.638361 -0.216851 0.586405
v -0.638361 -0.216852 0.571497
v -0.565891 -0.211111 0.571497
v 0.565471 -0.211111 0.571497
v 0.565471 -0.211111 -0.573017
v -0.565891 -0.211111 -0.573017
v -0.638361 -0.216851 -0.573017
v -0.638361 -0.216852 -0.587926
v -0.638361 -0.216851 -0.627819
v -0.627819 -0.216852 -0.638361
v -0.580799 -0.216851 -0.638361
v -0.565891 -0.216852 -0.638361
v 0.565471 -0.216851 -0.638361
v 0.580379 -0.216852 -0.638361
v 0.627819 -0.216851 -0.638361
v 0.638361 -0.216852 -0.627819
v 0.638361 -0.216851 -0.587926
v 0.638361 -0.216852 -0.573017
v 0.638361 -0.216851 0.571497
v 0.638361 -0.216852 0.586405
v 0.638361 -0.216851 0.627819
v 0.627819 -0.216852 0.638361
v 0.580379 -0.216851 0.638361
v 0.565471 -0.216852 0.638361
v -0.565891 -0.216851 0.638361
v -0.580799 -0.216852 0.638361
v -0.627819 -0.216851 0.638361
v -0.638361 -0.216852 0.627819
v 0.565471 -0.552347 0.551877
v 0.580379 -0.552347 0.551878
v 0.627819 -0.552347 0.551877
v 0.638361 -0.541805 0.551878
v 0.638361 -0.508276 0.551877
v 0.638361 -0.493367 0.551878
v 0.638361 -0.216851 0.551878
v 0.638361 -0.197922 0.551877
v 0.638361 -0.183014 0.551878
v 0.638361 -0.149484 0.551877
v 0.627819 -0.138942 0.551878
v 0.580379 -0.138942 0.551877
v 0.565471 -0.138942 0.551878
v -0.565891 -0.138942 0.551877
v -0.580799 -0.138942 0.551878
v -0.627819 -0.138942 0.551877
v -0.638361 -0.149484 0.551878
v -0.638361 -0.183014 0.551877
v -0.638361 -0.197922 0.551878
v -0.565891 -0.192553 0.551878
v 0.565471 -0.192553 0.551877
v 0.565471 -0.211111 0.551877
v 0.565471 -0.482212 0.551877
v 0.565471 -0.497917 0.551877
v 0.565471 -0.535135 0.551877
v 0.552136 -0.552347 0.571497
v 0.552135 -0.552347 0.586405
v 0.552136 -0.552347 0.627819
v 0.552135 -0.541805 0.638361
v 0.552136 -0.508276 0.638361
v 0.552135 -0.493367 0.638361
v 0.552135 -0.216852 0.638361
v 0.552136 -0.197922 0.638361
v 0.552135 -0.183014 0.638361
v 0.552136 -0.149484 0.638361
v 0.552135 -0.138942 0.627819
v 0.552136 -0.138942 0.586405
v 0.552135 -0.138942 0.571497
v 0.552135 -0.138942 0.551878
v 0.552136 -0.138942 -0.573017
v 0.552135 -0.138942 -0.587926
v 0.552136 -0.138942 -0.627819
v 0.552135 -0.149484 -0.638361
v 0.552136 -0.183014 -0.638361
v 0.552135 -0.197922 -0.638361
v 0.552136 -0.216851 -0.638361
v 0.552136 -0.493367 -0.638361
v 0.552135 -0.508276 -0.638361
v 0.552136 -0.541805 -0.638361
v 0.552135 -0.552347 -0.627819
v 0.552136 -0.552347 -0.587926
v 0.552135 -0.552347 -0.573018
v 0.552135 -0.535135 -0.573017
v 0.552135 -0.497917 -0.573018
v 0.552135 -0.482212 -0.573018
v 0.552135 -0.211111 -0.573018
v 0.552135 -0.192553 -0.573018
v 0.552136 -0.192553 0.551877
v 0.552136 -0.192553 0.571497
v 0.552136 -0.211111 0.571497
v 0.552136 -0.482212 0.571497
v 0.552136 -0.497917 0.571497
v 0.552136 -0.535135 0.571497
v 0.580379 -0.552347 -0.560035
v 0.565471 -0.552347 -0.560035
v 0.565471 -0.535135 -0.560035
v 0.565471 -0.497917 -0.560035
v 0.565471 -0.482212 -0.560035
v 0.565471 -0.211111 -0.560035
v 0.565471 -0.192553 -0.560035
v 0.552135 -0.192553 -0.560035
v -0.565891 -0.192553 -0.560035
v -0.638361 -0.197922 -0.560035
v -0.638361 -0.183014 -0.560035
v -0.638361 -0.149484 -0.560035
v -0.627819 -0.138942 -0.560035
v -0.580799 -0.138942 -0.560035
v -0.565891 -0.138942 -0.560035
v 0.552136 -0.138942 -0.560035
v 0.565471 -0.138942 -0.560035
v 0.580379 -0.138942 -0.560035
v 0.627819 -0.138942 -0.560035
v 0.638361 -0.149484 -0.560035
v 0.638361 -0.183014 -0.560035
v 0.638361 -0.197922 -0.560035
v 0.638361 -0.216852 -0.560035
v 0.638361 -0.493367 -0.560035
v 0.638361 -0.508276 -0.560035
v 0.638361 -0.541805 -0.560035
v 0.627819 -0.552347 -0.560035
vt 0.363255 0.151619
vt 0.346263 0.180241
vt 0.339317 0.180241
vt 0.339317 0.166850
vt 0.273026 0.997481
vt 0.357929 0.151619
vt 0.269210 0.993106
vt 0.275578 0.997481
vt 0.281600 0.992229
vt 0.346263 0.185559
vt 0.346263 0.188474
vt 0.283538 0.990536
vt 0.425717 0.863307
vt 0.346263 0.373373
vt 0.339317 0.188474
vt 0.339317 0.185559
vt 0.062558 0.760483
vt 0.050167 0.760976
vt 0.056198 0.755891
vt 0.058212 0.755891
vt 0.064053 0.759524
vt 0.068758 0.755267
vt 0.070386 0.759524
vt 0.064053 0.764442
vt 0.067574 0.768894
vt 0.045878 0.756856
vt 0.072345 0.755455
vt 0.070689 0.753628
vt 0.214666 0.618016
vt 0.216666 0.619733
vt 0.064311 0.750405
vt 0.066219 0.748770
vt 0.355560 0.149539
vt 0.355560 0.151619
vt 0.311581 0.151619
vt 0.236172 0.955517
vt 0.357929 0.166850
vt 0.288703 0.166850
vt 0.043925 0.754944
vt 0.069342 0.770827
vt 0.009317 0.719230
vt 0.011442 0.717831
vt 0.049035 0.750276
vt 0.050952 0.752147
vt 0.337215 0.185559
vt 0.337215 0.180241
vt 0.337215 0.188474
vt 0.339317 0.373373
vt 0.337215 0.373373
vt 0.291229 0.188474
vt 0.291229 0.185559
vt 0.288703 0.185559
vt 0.288703 0.188474
vt 0.242752 0.188474
vt 0.242752 0.185559
vt 0.288703 0.180241
vt 0.291229 0.180241
vt 0.291229 0.373373
vt 0.288703 0.373373
vt 0.337215 0.375294
vt 0.339317 0.386227
vt 0.266087 0.383535
vt 0.263360 0.381565
vt 0.337215 0.373677
vt 0.291229 0.375294
vt 0.291229 0.373677
vt 0.339317 0.373677
vt 0.346263 0.388006
vt 0.313740 0.390957
vt 0.288703 0.373677
vt 0.288703 0.375294
vt 0.242752 0.375294
vt 0.242752 0.373677
vt 0.291229 0.381565
vt 0.288703 0.381565
vt 0.414586 0.576323
vt 0.348593 0.389520
vt 0.411456 0.579258
vt 0.411456 0.576323
vt 0.414586 0.568457
vt 0.266087 0.390133
vt 0.242752 0.180241
vt 0.311581 0.166850
vt 0.276971 0.166850
vt 0.276971 0.180241
vt 0.273885 0.180241
vt 0.273885 0.166850
vt 0.239800 0.166850
vt 0.276971 0.151619
vt 0.239800 0.151619
vt 0.239800 0.180241
vt 0.239800 0.185559
vt 0.276971 0.185559
vt 0.306267 0.149539
vt 0.303825 0.149539
vt 0.301646 0.156698
vt 0.303757 0.155259
vt 0.300087 0.151619
vt 0.298755 0.149539
vt 0.276971 0.188474
vt 0.239800 0.188474
vt 0.239800 0.373373
vt 0.276971 0.373373
vt 0.273885 0.188474
vt 0.273885 0.185559
vt 0.263360 0.390133
vt 0.263360 0.383535
vt 0.263360 0.392425
vt 0.266087 0.394088
vt 0.263360 0.394088
vt 0.291229 0.392425
vt 0.291229 0.390133
vt 0.288703 0.390133
vt 0.288703 0.392425
vt 0.242752 0.392425
vt 0.242752 0.390133
vt 0.288703 0.383535
vt 0.291229 0.383535
vt 0.291229 0.394088
vt 0.288703 0.394088
vt 0.220648 0.588110
vt 0.217841 0.568457
vt 0.212838 0.601503
vt 0.215877 0.596834
vt 0.222313 0.571653
vt 0.215689 0.588110
vt 0.217240 0.571653
vt 0.224561 0.571653
vt 0.220546 0.576323
vt 0.217841 0.576323
vt 0.213484 0.588110
vt 0.211407 0.593975
vt 0.209426 0.592621
vt 0.214981 0.571653
vt 0.242752 0.562594
vt 0.242752 0.571653
vt 0.217841 0.579258
vt 0.212838 0.611715
vt 0.212838 0.609252
vt 0.242752 0.383535
vt 0.242752 0.381565
vt 0.276971 0.381565
vt 0.276971 0.383535
vt 0.273885 0.383535
vt 0.273885 0.381565
vt 0.239800 0.381565
vt 0.276971 0.375294
vt 0.239800 0.375294
vt 0.239800 0.383535
vt 0.239800 0.390133
vt 0.276971 0.390133
vt 0.276971 0.373677
vt 0.273885 0.375294
vt 0.273885 0.373677
vt 0.205770 0.392425
vt 0.239800 0.392425
vt 0.239800 0.394088
vt 0.205770 0.394088
vt 0.239534 0.379944
vt 0.240787 0.378134
vt 0.298036 0.165710
vt 0.271829 0.180241
vt 0.296652 0.163930
vt 0.263471 0.185559
vt 0.997120 0.541876
vt 0.294829 0.161506
vt 0.296891 0.159970
vt 0.008319 0.705476
vt 0.008319 0.703203
vt 0.013875 0.703203
vt 0.013875 0.705476
vt 0.005865 0.705476
vt 0.008319 0.711521
vt 0.005865 0.711521
vt 0.005865 0.703203
vt 0.005865 0.695873
vt 0.008319 0.695873
vt 0.008319 0.713874
vt 0.013875 0.711521
vt 0.013875 0.713874
vt 0.994578 0.541876
vt 0.263471 0.188474
vt 0.803971 0.544417
vt 0.803971 0.541876
vt 0.994578 0.538531
vt 0.997120 0.538531
vt 0.271829 0.185559
vt 0.271829 0.188474
vt 0.994578 0.344211
vt 0.994578 0.346753
vt 0.803971 0.346753
vt 0.149017 0.562099
vt 0.017230 0.695974
vt 0.015776 0.695873
vt 0.273885 0.373373
vt 0.271829 0.373373
vt 0.271829 0.375294
vt 0.271829 0.381565
vt 0.271829 0.373677
vt 0.263471 0.375294
vt 0.801698 0.544417
vt 0.801698 0.541876
vt 0.232140 0.372111
vt 0.799156 0.538531
vt 0.801698 0.538531
vt 0.263471 0.376396
vt 0.237512 0.378322
vt 0.200736 0.394088
vt 0.198641 0.394088
vt 0.198641 0.559356
vt 0.200736 0.559356
vt 0.200736 0.563820
vt 0.198641 0.563820
vt 0.198641 0.571653
vt 0.191424 0.559356
vt 0.799156 0.346753
vt 0.200736 0.571653
vt 0.205770 0.571653
vt 0.205770 0.559356
vt 0.152877 0.560205
vt 0.191424 0.563820
vt 0.152877 0.566353
vt 0.239800 0.559356
vt 0.239800 0.566368
vt 0.205770 0.565218
vt 0.016418 0.708616
vt 0.013972 0.705476
vt 0.017619 0.710462
vt 0.021763 0.703427
vt 0.023352 0.705308
vt 0.017208 0.714297
vt 0.019256 0.712786
vt 0.050936 0.748522
vt 0.052694 0.750307
vt 0.056198 0.753868
vt 0.056953 0.742924
vt 0.058677 0.744671
vt 0.024985 0.703625
vt 0.023226 0.701768
vt 0.158505 0.574044
vt 0.160312 0.575911
vt 0.025325 0.707685
vt 0.027189 0.706004
vt 0.058891 0.741194
vt 0.017769 0.699372
vt 0.019114 0.697719
vt 0.060623 0.742975
vt 0.200200 0.606909
vt 0.202207 0.608586
vt 0.064507 0.746977
vt 0.062613 0.748631
vt 0.153007 0.567667
vt 0.154656 0.569662
vt 0.157585 0.567305
vt 0.198641 0.564346
vt 0.156009 0.568499
vt 0.161264 0.571594
vt 0.159778 0.572884
vt 0.163952 0.576739
vt 0.165363 0.575083
vt 0.203151 0.602635
vt 0.201609 0.604913
vt 0.163037 0.573164
vt 0.165973 0.566974
vt 0.167627 0.568196
vt 0.169812 0.569700
vt 0.242752 0.567832
vt 0.207905 0.595038
vt 0.209861 0.596475
vt 0.211910 0.599090
vt 0.205158 0.604226
vt 0.203623 0.606545
vt 0.211910 0.607738
vt 0.208212 0.610141
vt 0.206859 0.612231
vt 0.208917 0.613873
vt 0.242752 0.373373
vt 0.803971 0.538531
vt 0.162682 0.578206
vt 0.240701 0.941951
vt 0.382324 0.814899
vt 0.384573 0.817400
vt 0.242950 0.944422
vt 0.242752 0.394088
vt 0.220546 0.579258
vt 0.239800 0.373677
vt 0.005865 0.713874
vt 0.801698 0.346753
vt 0.239800 0.571653
vt 0.161592 0.574621
vt 0.218640 0.622043
vt 0.074233 0.759524
vt 0.411456 0.582184
vt 0.425457 0.859592
vt 0.423756 0.861112
vt 0.281600 0.988338
vt 0.245028 0.946804
vt 0.275563 0.981577
vt 0.386701 0.819767
vt 0.417721 0.854361
vt 0.411456 0.630934
vt 0.411456 0.589667
vt 0.419422 0.852840
vt 0.388401 0.818246
vt 0.080079 0.764115
vt 0.224207 0.629512
vt 0.250512 0.668852
vt 0.110434 0.797482
vt 0.419512 0.856364
vt 0.277348 0.983584
vt 0.411456 0.587237
vt 0.421213 0.854844
vt 0.078341 0.762174
vt 0.222544 0.627315
vt 0.384030 0.813385
vt 0.386274 0.815882
vt 0.252570 0.671297
vt 0.112559 0.799798
vt 0.225239 0.576323
vt 0.225239 0.579258
vt 0.225239 0.568457
vt 0.263360 0.568902
vt 0.291229 0.568902
vt 0.288703 0.568902
vt 0.242752 0.568902
vt 0.239800 0.568902
vt 0.205770 0.568902
vt 0.200736 0.568902
vt 0.198641 0.568902
vt 0.191424 0.568902
vt 0.801698 0.348966
vt 0.994578 0.348966
vt 0.803971 0.348966
vt 0.997120 0.348966
vt 0.181689 0.008860
vt 0.183748 0.007349
vt 0.188379 0.003950
vt 0.190437 0.002441
vt 0.114011 0.801451
vt 0.254063 0.672963
vt 0.251866 0.667897
vt 0.253898 0.630934
vt 0.255782 0.671477
vt 0.253808 0.634032
vt 0.226406 0.628127
vt 0.225239 0.589667
vt 0.224937 0.625805
vt 0.225239 0.587237
vt 0.220546 0.582184
vt 0.225239 0.582184
vt 0.104672 0.809635
vt 0.231617 0.950452
vt 0.234023 0.952960
vt 0.100842 0.805476
vt 0.103179 0.807877
vt 0.311581 0.149539
vt 0.267511 0.991190
vt 0.041985 0.756611
vt 0.043987 0.758583
vt 0.357929 0.149539
vt 0.048284 0.762759
vt 0.060764 0.762521
vt 0.363255 0.149539
vt 0.346263 0.166850
vt 0.242752 0.166850
vt 0.355560 0.166850
vt 0.291229 0.166850
vt 0.363255 0.166850
vt 0.266087 0.568902
vt 0.220546 0.568457
vt 0.348593 0.373373
vt 0.414586 0.579258
vt 0.411456 0.568457
vt 0.217690 0.599090
vt 0.222851 0.591503
vt 0.266087 0.392425
vt 0.315399 0.392876
vt 0.348593 0.188474
vt 0.348593 0.185559
vt 0.348593 0.180241
vt 0.348593 0.166850
vt 0.799156 0.348966
vt 0.191424 0.571653
vt 0.175206 0.013619
vt 0.288575 0.166646
vt 0.803971 0.344211
vt 0.011864 0.691669
vt 0.263471 0.373373
vt 0.263471 0.373677
vt 0.290681 0.169756
vt 0.191424 0.376602
vt 0.801698 0.344211
vt 0.799156 0.344211
vt 0.799156 0.541876
vt 0.799156 0.544417
vt 0.997120 0.344211
vt 0.994578 0.544417
vt 0.997120 0.544417
vt 0.997120 0.346753
vt 0.003629 0.703203
vt 0.003629 0.695873
vt 0.003629 0.705476
vt 0.003629 0.711521
vt 0.003629 0.713874
vt 0.253898 0.634032
vt 0.411456 0.634032
vt 0.414586 0.630934
vt 0.414586 0.634032
vt 0.414586 0.582184
vt 0.414586 0.587237
vt 0.414586 0.589667
vt 0.427418 0.861787
vn -0.707103 -0.707111 0.000000
vn -0.707103 -0.707111 0.000000
vn -0.707102 -0.707111 0.000000
vn -0.707102 -0.707111 0.000000
vn -1.000000 0.000000 0.000000
vn -1.000000 0.000000 0.000000
vn -1.000000 0.000000 0.000000
vn -1.000000 0.000000 0.000000
vn 0.000000 -1.000000 0.000000
vn 0.000000 -1.000000 0.000000
vn 0.000000 -1.000000 0.000000
vn 0.000000 -1.000000 0.000000
vn 0.000000 -1.000000 0.000000
vn 0.000000 -1.000000 0.000003
vn 0.000000 -1.000000 0.000003
vn 0.000000 -1.000000 0.000000
vn 0.000000 -1.000000 -0.000001
vn 0.000000 -1.000000 0.000000
vn -0.707103 -0.707111 0.000000
vn -0.707103 -0.707111 0.000000
vn -0.707103 -0.707111 0.000000
vn -0.707103 -0.707111 0.000000
vn 0.000000 -1.000000 0.000000
vn 0.000000 -1.000000 0.000000
vn 0.000000 -1.000000 0.000000
vn 0.000000 -1.000000 0.000000
vn -1.000000 0.000000 0.000000
vn -1.000000 0.000000 0.000000
vn -1.000000 0.000000 0.000000
vn -1.000000 0.000000 0.000000
vn 0.000000 -1.000000 0.000003
vn 0.000000 -1.000000 -0.000000
vn 0.000000 -1.000000 -0.000000
vn 0.000000 -1.000000 0.000003
vn 0.000000 -1.000000 0.000000
vn 0.000000 -1.000000 -0.000001
vn -1.000000 -0.000000 0.000000
vn -1.000000 -0.000000 0.000000
vn -1.000000 -0.000000 0.000000
vn -1.000000 -0.000000 0.000000
vn -1.000000 0.000000 0.000000
vn -1.000000 0.000000 0.000000
vn -1.000000 0.000000 0.000000
vn -1.000000 0.000000 0.000000
vn -1.000000 0.000000 0.000000
vn -1.000000 0.000000 0.000000
vn -1.000000 0.000000 0.000000
vn -1.000000 0.000000 0.000000
vn 0.000000 -0.707109 0.707104
vn 0.000000 -0.707109 0.707104
vn 0.000000 -0.707109 0.707105
vn 0.000000 -0.707109 0.707105
vn 0.000000 -0.707109 0.707105
vn 0.000000 -0.707109 0.707105
vn 0.000000 -0.707109 0.707105
vn 0.000000 -0.707109 0.707105
vn 0.000000 0.000000 1.000000
vn 0.000000 0.000000 1.000000
vn 0.000000 0.000000 1.000000
vn 0.000000 0.000000 1.000000
vn 0.000001 0.000000 1.000000
vn 0.000000 0.000000 1.000000
vn 0.000000 0.000000 1.000000
vn 0.000001 0.000000 1.000000
vn 0.000001 0.000000 1.000000
vn 0.000000 0.000000 1.000000
vn 0.000000 0.000000 1.000000
vn 0.000000 0.000000 1.000000
vn 0.000000 -0.707110 0.707103
vn 0.000000 -0.707110 0.707103
vn 0.000000 -0.707111 0.707103
vn 0.000000 -0.707111 0.707103
vn 0.000000 0.000000 1.000000
vn 0.000000 0.000000 1.000000
vn 0.000000 0.000000 1.000000
vn 0.000000 0.000000 1.000000
vn 0.000000 -1.000000 0.000000
vn 0.000000 -1.000000 0.000000
vn 0.000000 -1.000000 0.000000
vn 0.000000 -1.000000 0.000000
vn 0.000000 0.000000 1.000000
vn 0.000000 0.000000 1.000000
vn 0.000000 0.000000 1.000000
vn 0.000000 0.000000 1.000000
vn 0.000000 0.000000 1.000000
vn 0.000000 0.000000 1.000000
vn 0.000000 -1.000000 0.000000
vn 0.000000 -1.000000 0.000000
vn 0.000000 -1.000000 0.000000
vn 0.000000 -1.000000 0.000000
vn 0.000000 -1.000000 0.000000
vn 0.000000 -1.000000 0.000000
vn -0.707107 0.000000 0.707106
vn -0.707107 0.000000 0.707106
vn -0.707107 0.000000 0.707107
vn -0.707107 0.000000 0.707107
vn -0.707106 0.000000 0.707107
vn -0.707106 0.000000 0.707107
vn -0.707106 0.000000 0.707108
vn -0.707106 0.000000 0.707108
vn -0.707108 0.000000 0.707106
vn -0.707108 0.000000 0.707106
vn -0.707107 0.000000 0.707106
vn -0.707107 0.000000 0.707106
vn -1.000000 0.000000 0.000000
vn -1.000000 0.000000 0.000000
vn -1.000000 0.000000 0.000000
vn -1.000000 0.000000 0.000000
vn 0.000000 0.000000 1.000000
vn 0.000000 0.000000 1.000000
vn 0.000000 0.000000 1.000000
vn 0.000000 0.000000 1.000000
vn -1.000000 0.000000 0.000000
vn -1.000000 0.000000 0.000000
vn -1.000000 0.000000 0.000000
vn -1.000000 0.000000 0.000000
vn -1.000000 0.000000 0.000000
vn -1.000000 0.000000 0.000000
vn 0.000000 0.000000 1.000000
vn -0.000000 0.000000 1.000000
vn -0.000000 0.000000 1.000000
vn 0.000000 0.000000 1.000000
vn 0.000000 0.000000 1.000000
vn 0.000000 0.000000 1.000000
vn 0.707103 -0.707111 0.000000
vn 0.707103 -0.707111 0.000000
vn 0.707102 -0.707111 0.000000
vn 0.707102 -0.707111 0.000000
vn 0.707103 -0.707111 0.000000
vn 0.707103 -0.707111 0.000000
vn 0.707103 -0.707111 0.000000
vn 0.707103 -0.707111 0.000000
vn 1.000000 0.000000 0.000000
vn 1.000000 0.000000 0.000000
vn 1.000000 0.000000 0.000000
vn 1.000000 0.000000 0.000000
vn 1.000000 0.000000 0.000000
vn 1.000000 0.000000 0.000000
vn 1.000000 0.000000 0.000000
vn 1.000000 0.000000 0.000000
vn 1.000000 0.000000 0.000000
vn 1.000000 0.000000 0.000000
vn 1.000000 0.000000 0.000000
vn 1.000000 0.000000 0.000000
vn 0.707103 -0.707111 0.000000
vn 0.707103 -0.707111 0.000000
vn 0.707103 -0.707111 0.000000
vn 0.707103 -0.707111 0.000000
vn 1.000000 0.000000 0.000000
vn 1.000000 0.000000 0.000000
vn 1.000000 0.000000 0.000000
vn 1.000000 0.000000 0.000000
vn 0.000000 -1.000000 0.000000
vn 0.000000 -1.000000 0.000000
vn 0.000000 -1.000000 0.000000
vn 0.000000 -1.000000 0.000000
vn 1.000000 0.000000 0.000000
vn 1.000000 0.000000 0.000000
vn 1.000000 0.000000 0.000000
vn 1.000000 0.000000 0.000000
vn 1.000000 0.000000 0.000000
vn 1.000000 0.000000 0.000000
vn 0.000000 -1.000000 0.000000
vn 0.000000 -1.000000 0.000000
vn 0.000000 -1.000000 0.000000
vn 0.707107 0.000000 0.707106
vn 0.707107 0.000000 0.707106
vn 0.707107 0.000000 0.707107
vn 0.707107 0.000000 0.707107
vn 0.707108 0.000000 0.707106
vn 0.707108 0.000000 0.707106
vn 0.707107 0.000000 0.707106
vn 0.707107 0.000000 0.707106
vn 0.707108 0.000000 0.707106
vn 0.707108 0.000000 0.707106
vn 0.707107 0.000000 0.707106
vn 0.707107 0.000000 0.707106
vn 0.000000 0.000000 1.000000
vn 0.000000 0.000000 1.000000
vn 0.000000 0.000000 1.000000
vn 0.000000 0.000000 1.000000
vn 1.000000 0.000000 0.000000
vn 1.000000 0.000000 0.000000
vn 1.000000 0.000000 0.000000
vn 1.000000 0.000000 0.000000
vn 0.000000 0.000000 1.000000
vn 0.000000 0.000000 1.000000
vn 0.000000 0.000000 1.000000
vn 1.000000 0.000000 0.000000
vn 1.000000 0.000000 0.000000
vn 1.000000 0.000000 0.000000
vn 1.000000 0.000000 0.000000
vn 1.000000 0.000000 0.000000
vn 1.000000 0.000000 0.000000
vn -0.707112 0.707102 0.000000
vn -0.707112 0.707102 0.000000
vn -0.707112 0.707102 0.000000
vn -0.707112 0.707102 0.000000
vn 0.000000 1.000000 0.000000
vn 0.000000 1.000000 0.000000
vn 0.000000 1.000000 0.000000
vn 0.000000 1.000000 0.000000
vn -0.707112 0.707101 0.000000
vn -0.707112 0.707101 0.000000
vn -0.707112 0.707101 0.000000
vn -0.707112 0.707101 0.000000
vn -0.707112 0.707102 0.000000
vn -0.707112 0.707102 0.000000
vn -0.707112 0.707102 0.000000
vn -0.707112 0.707102 0.000000
vn -1.000000 0.000000 0.000000
vn -1.000000 0.000000 0.000000
vn -1.000000 0.000000 0.000000
vn -1.000000 0.000000 0.000000
vn 0.000000 1.000000 0.000000
vn 0.000000 1.000000 0.000000
vn 0.000000 1.000000 0.000000
vn 0.000000 1.000000 0.000000
vn -1.000000 0.000000 0.000000
vn -1.000000 0.000000 0.000000
vn -1.000000 0.000000 0.000000
vn 0.000000 1.000000 0.000001
vn 0.000000 1.000000 0.000000
vn 0.000000 1.000000 -0.000000
vn 0.000000 1.000000 0.000001
vn 0.000000 1.000000 0.000000
vn 0.000000 1.000000 0.000000
vn 0.000000 1.000000 0.000000
vn 0.000000 1.000000 -0.000001
vn 0.000000 1.000000 -0.000000
vn 0.000000 1.000000 0.000001
vn 0.000000 1.000000 0.000001
vn 0.000000 1.000000 0.000000
vn 0.000000 1.000000 -0.000001
vn 0.000000 1.000000 0.000000
vn 0.000000 0.707101 0.707112
vn 0.000000 0.707101 0.707112
vn 0.000000 0.707101 0.707112
vn 0.000000 0.707101 0.707112
vn 0.000000 0.707100 0.707114
vn 0.000000 0.707100 0.707114
vn 0.000000 0.707100 0.707114
vn 0.000000 0.707100 0.707114
vn 0.000000 0.707101 0.707112
vn 0.000000 0.707101 0.707112
vn 0.000000 0.707101 0.707112
vn 0.000000 0.707101 0.707112
vn 0.000000 1.000000 0.000000
vn 0.000000 1.000000 0.000000
vn 0.000000 1.000000 0.000000
vn 0.000000 1.000000 0.000000
vn 0.000000 1.000000 -0.000000
vn 0.000000 1.000000 0.000000
vn 0.000000 1.000000 0.000000
vn 0.000000 1.000000 0.000000
vn 0.000000 1.000000 0.000000
vn 0.000000 1.000000 0.000000
vn 0.707112 0.707102 0.000000
vn 0.707112 0.707102 0.000000
vn 0.707112 0.707102 0.000000
vn 0.707112 0.707102 0.000000
vn 0.707111 0.707102 0.000000
vn 0.707111 0.707102 0.000000
vn 0.707111 0.707103 0.000000
vn 0.707111 0.707103 0.000000
vn 0.707112 0.707102 0.000000
vn 0.707112 0.707102 0.000000
vn 0.707112 0.707102 0.000000
vn 0.707112 0.707102 0.000000
vn 0.000000 1.000000 0.000000
vn 0.000000 1.000000 0.000000
vn 0.000000 1.000000 0.000000
vn 0.000000 1.000000 0.000000
vn 1.000000 0.000000 0.000000
vn 1.000000 0.000000 0.000000
vn 1.000000 0.000000 0.000000
vn 1.000000 0.000000 0.000000
vn 0.000000 1.000000 -0.000000
vn 0.000000 1.000000 0.000000
vn 0.000000 1.000000 0.000000
vn 1.000000 0.000000 0.000000
vn 1.000000 0.000000 0.000000
vn 1.000000 0.000000 0.000000
vn -0.707108 0.000000 -0.707106
vn -0.707108 0.000000 -0.707106
vn -0.707107 0.000000 -0.707106
vn -0.707107 0.000000 -0.707106
vn 0.000000 0.000000 -1.000000
vn 0.000000 0.000000 -1.000000
vn 0.000000 0.000000 -1.000000
vn 0.000000 0.000000 -1.000000
vn -0.707107 0.000000 -0.707106
vn -0.707108 0.000000 -0.707106
vn -0.707108 0.000000 -0.707106
vn -0.707108 0.000000 -0.707106
vn -0.707107 0.000000 -0.707106
vn -0.707107 0.000000 -0.707106
vn -0.707107 0.000000 -0.707107
vn -0.707107 0.000000 -0.707107
vn 0.000000 0.000000 -1.000000
vn 0.000000 0.000000 -1.000000
vn 0.000000 0.000000 -1.000000
vn 0.000000 0.000000 -1.000000
vn 0.000000 0.000000 -1.000000
vn 0.000000 0.000000 -1.000000
vn 0.000000 0.000000 -1.000000
vn 0.000000 0.000000 -1.000000
vn 0.000000 0.000000 -1.000000
vn 0.000000 0.000000 -1.000000
vn 0.000000 0.000000 -1.000000
vn 0.000000 0.000000 -1.000000
vn 0.000000 0.000000 -1.000000
vn 0.000000 0.000000 -1.000000
vn 0.000000 0.000000 -1.000000
vn 0.000000 0.000000 -1.000000
vn 0.000000 0.000000 -1.000000
vn 0.000000 0.000000 -1.000000
vn 0.000000 0.707101 -0.707112
vn 0.000000 0.707101 -0.707112
vn 0.000000 0.707101 -0.707112
vn 0.000000 0.707101 -0.707112
vn 0.000000 0.707102 -0.707112
vn 0.000000 0.707102 -0.707112
vn 0.000000 0.707102 -0.707112
vn 0.000000 0.707102 -0.707112
vn 0.000000 0.707101 -0.707112
vn 0.000000 0.707101 -0.707112
vn 0.000000 0.707101 -0.707112
vn 0.000000 0.707101 -0.707112
vn 0.000000 0.000000 -1.000000
vn 0.000000 0.000000 -1.000000
vn 0.000000 0.000000 -1.000000
vn 0.000000 0.000000 -1.000000
vn 0.000000 0.000000 -1.000000
vn 0.000000 0.000000 -1.000000
vn 0.000000 0.000000 -1.000000
vn 0.000000 0.000000 -1.000000
vn 0.000000 0.000000 -1.000000
vn 0.000000 0.000000 -1.000000
vn 0.000000 0.000000 -1.000000
vn 0.707108 0.000000 -0.707106
vn 0.707108 0.000000 -0.707106
vn 0.707107 0.000000 -0.707106
vn 0.707107 0.000000 -0.707106
vn 0.707106 0.000000 -0.707108
vn 0.707106 0.000000 -0.707108
vn 0.707106 0.000000 -0.707107
vn 0.707106 0.000000 -0.707107
vn 0.707107 0.000000 -0.707106
vn 0.707107 0.000000 -0.707106
vn 0.707107 0.000000 -0.707107
vn 0.707107 0.000000 -0.707107
vn 0.000000 0.000000 -1.000000
vn 0.000000 0.000000 -1.000000
vn 0.000000 0.000000 -1.000000
vn 0.000000 0.000000 -1.000000
vn 0.000000 0.000000 -1.000000
vn 0.000000 0.000000 -1.000000
vn 0.000000 -0.707109 -0.707104
vn 0.000000 -0.707109 -0.707104
vn 0.000000 -0.707109 -0.707105
vn 0.000000 -0.707109 -0.707105
vn 0.000000 -0.707111 -0.707102
vn 0.000000 -0.707111 -0.707102
vn 0.000000 -0.707111 -0.707102
vn 0.000000 -0.707111 -0.707102
vn 0.000000 -0.707110 -0.707103
vn 0.000000 -0.707110 -0.707103
vn 0.000000 -0.707111 -0.707103
vn 0.000000 -0.707111 -0.707103
vn 0.000000 0.000000 1.000000
vn 0.000000 -1.000000 -0.000001
vn -1.000000 0.000000 0.000000
vn 0.000001 0.000000 1.000000
vn 1.000000 0.000000 0.000000
vn 0.000000 -1.000000 0.000000
vn 0.000000 0.000000 1.000000
vn 1.000000 0.000000 0.000000
vn -1.000000 0.000000 0.000000
vn 0.000000 1.000000 0.000000
vn 0.000000 1.000000 -0.000001
vn 0.000000 0.000000 1.000000
vn 0.000000 1.000000 0.000000
vn 1.000000 0.000000 0.000000
vn -1.000000 0.000000 0.000000
vn 0.000000 0.000000 -1.000000
vn 0.000000 0.000000 -1.000000
vn 0.000000 1.000000 -0.000001
vn 0.000000 0.000000 -1.000000
vn 1.000000 0.000000 0.000000
vn 0.000000 -1.000000 -0.000001
vn 0.000000 0.000000 -1.000000
vn 0.000000 0.000000 1.000000
vn 0.000000 1.000000 0.000000
vn 0.000000 0.000000 -1.000000
vn 0.000000 -1.000000 0.000000
vn 0.000000 -1.000000 0.000000
vn 0.000000 -1.000000 0.000000
vn 0.000000 -1.000000 0.000000
vn 1.000000 0.000000 0.000000
vn -1.000000 0.000000 0.000000
vn 0.000000 -1.000000 0.000000
vn 0.000000 0.000000 1.000000
vn 0.000000 -1.000000 0.000000
vn 1.000000 0.000000 0.000000
vn 0.000000 0.000000 1.000000
vn 0.000000 1.000000 0.000000
vn -1.000000 0.000000 0.000000
vn 0.000000 0.000000 1.000000
vn 1.000000 0.000000 0.000000
vn 0.000000 1.000000 0.000000
vn 0.000000 0.000000 1.000000
vn 0.000000 0.000000 -1.000000
vn -1.000000 0.000000 0.000000
vn 0.000000 1.000000 0.000000
vn 1.000000 0.000000 0.000000
vn 0.000000 0.000000 -1.000000
vn 0.000000 1.000000 0.000000
vn 0.000000 -1.000000 0.000000
vn -1.000000 0.000000 0.000000
vn 0.000000 0.000000 -1.000000
vn 1.000000 0.000000 0.000000
vn 0.000000 -1.000000 0.000000
vn 0.000000 0.000000 -1.000000
vn -0.707103 -0.707110 0.000000
vn -0.707103 -0.707110 0.000000
vn -0.707102 -0.707111 0.000000
vn -0.707102 -0.707111 0.000000
vn 0.000000 -0.707110 0.707104
vn 0.000000 -0.707110 0.707104
vn -0.707107 0.000000 0.707107
vn -0.707107 0.000000 0.707107
vn 0.707103 -0.707111 0.000000
vn 0.707103 -0.707111 0.000000
vn 0.000000 -1.000000 0.000000
vn 0.707108 0.000000 0.707106
vn 0.707108 0.000000 0.707106
vn 0.000000 0.000000 1.000000
vn -0.707112 0.707102 0.000000
vn -0.707112 0.707102 0.000000
vn -1.000000 0.000000 0.000000
vn 0.000000 0.707100 0.707113
vn 0.000000 0.707100 0.707113
vn 0.707112 0.707102 0.000000
vn 0.707112 0.707102 0.000000
vn 0.000000 1.000000 -0.000000
vn 1.000000 0.000000 0.000000
vn -0.707108 0.000000 -0.707106
vn -0.707108 0.000000 -0.707106
vn 0.000000 0.707101 -0.707113
vn 0.000000 0.707101 -0.707113
vn 0.000000 0.000000 -1.000000
vn 0.707107 0.000000 -0.707107
vn 0.707107 0.000000 -0.707107
vn 0.000000 -0.707109 -0.707105
vn 0.000000 -0.707109 -0.707104
vn -0.577353 -0.577353 0.577345
vn -0.577353 -0.577353 0.577345
vn -0.577353 -0.577353 0.577345
vn 0.577353 -0.577353 0.577345
vn 0.577353 -0.577353 0.577345
vn 0.577353 -0.577353 0.577345
vn -0.577356 0.577340 0.577354
vn -0.577356 0.577340 0.577354
vn -0.577356 0.577340 0.577354
vn 0.577356 0.577340 0.577354
vn 0.577356 0.577340 0.577354
vn 0.577356 0.577340 0.577354
vn -0.577356 0.577340 -0.577354
vn -0.577356 0.577340 -0.577354
vn -0.577356 0.577340 -0.577354
vn 0.577356 0.577340 -0.577354
vn 0.577356 0.577340 -0.577354
vn 0.577356 0.577340 -0.577354
vn -0.577353 -0.577353 -0.577345
vn -0.577353 -0.577353 -0.577345
vn -0.577353 -0.577353 -0.577345
vn 0.577353 -0.577353 -0.577345
vn 0.577353 -0.577353 -0.577345
vn 0.577353 -0.577353 -0.577345
vn 0.000000 -0.000002 1.000000
vn 0.000000 -0.000002 1.000000
vn 0.000000 -0.000002 1.000000
vn 0.000000 -0.000002 1.000000
vn -1.000000 0.000000 0.000000
vn -1.000000 0.000000 0.000000
vn -1.000000 0.000000 0.000000
vn -1.000000 0.000000 0.000000
vn 0.000000 0.000000 -1.000000
vn 0.000000 0.000000 -1.000000
vn 0.000000 0.000000 -1.000000
vn 0.000000 0.000000 -1.000000
vn 0.073892 -0.997266 0.000000
vn 0.073892 -0.997266 0.000000
vn 0.073892 -0.997266 0.000000
vn 0.073892 -0.997266 0.000000
vn 0.000000 -0.000000 -1.000000
vn 0.000000 -0.000000 -1.000000
vn 0.000000 -0.000000 -1.000000
vn 0.000000 -0.000000 -1.000000
vn 0.000000 0.000000 1.000000
vn 0.000000 0.000000 1.000000
vn 0.000000 0.000000 1.000000
vn 0.000000 0.000000 1.000000
vn 0.000000 0.000000 1.000000
vn 0.000000 0.000000 -1.000000
vn 0.000000 0.000000 -1.000000
vn 0.000000 0.000000 -1.000000
vn 0.000000 0.000000 -1.000000
vn -1.000000 0.000000 0.000000
vn -1.000000 0.000000 0.000000
vn -1.000000 0.000000 0.000000
vn -1.000000 0.000000 0.000000
vn 0.000000 0.000000 1.000000
vn 0.000000 0.000000 1.000000
vn 0.000000 0.000000 1.000000
vn 0.000000 0.000000 1.000000
vn 0.000000 0.000000 -1.000000
vn 0.000000 0.000000 -1.000000
vn 0.000000 0.000000 -1.000000
vn 0.000000 0.000000 -1.000000
vn -1.000000 0.000000 0.000000
vn -1.000000 0.000000 0.000000
vn -1.000000 0.000000 0.000000
vn -1.000000 0.000000 0.000000
vn 0.000000 0.000000 1.000000
vn 0.000000 0.000000 1.000000
vn 0.000000 0.000000 1.000000
vn 0.000000 0.000000 1.000000
vn -0.000001 0.000000 -1.000000
vn -0.000001 0.000000 -1.000000
vn -0.000001 0.000000 -1.000000
vn -0.000001 0.000000 -1.000000
vn 0.000000 0.000000 -1.000000
vn 0.000000 0.000000 -1.000000
vn 0.000000 0.000000 -1.000000
vn 0.000000 0.000000 -1.000000
vn 0.000000 0.000000 -1.000000
vn 0.000000 0.000000 -1.000000
vn 0.000000 0.000000 -1.000000
vn 0.000000 0.000000 -1.000000
vn -1.000000 0.000000 0.000000
vn -1.000000 0.000000 0.000000
vn -1.000000 0.000000 0.000000
vn -1.000000 0.000000 0.000000
vn 0.000000 0.000001 1.000000
vn 0.000000 0.000001 1.000000
vn 0.000000 0.000001 1.000000
vn 0.000000 0.000001 1.000000
vn 0.000000 0.000000 -1.000000
vn 0.000000 0.000000 -1.000000
vn 0.000000 0.000000 -1.000000
vn 0.000000 0.000000 -1.000000
vn 0.000000 0.000000 -1.000000
vn -0.000001 0.000000 1.000000
vn -0.000001 0.000000 1.000000
vn -0.000001 0.000000 1.000000
vn -0.000001 0.000000 1.000000
vn 0.000000 0.000000 1.000000
vn 0.000000 0.000000 1.000000
vn 0.000000 0.000000 1.000000
vn 0.000000 0.000000 1.000000
vn 0.000000 0.000000 1.000000
vn 0.000000 0.000000 1.000000
vn 0.000000 0.000000 1.000000
vn 0.000000 0.000000 1.000000
vn -1.000000 0.000001 0.000000
vn -1.000000 0.000000 0.000000
vn 0.000001 0.000001 -1.000000
vn 0.000001 0.000001 -1.000000
vn 0.000001 0.000001 -1.000000
vn 0.000001 0.000001 -1.000000
vn 0.000000 0.000000 -1.000000
vn 0.000000 0.000000 -1.000000
vn 0.000000 0.000000 -1.000000
vn 0.000000 0.000000 -1.000000
vn -1.000000 0.000000 0.000000
vn -1.000000 0.000000 0.000000
vn -1.000000 0.000000 0.000000
vn -1.000000 0.000000 0.000000
vn 0.000000 0.000000 1.000000
vn 0.000000 0.000000 1.000000
vn 0.000000 0.000000 1.000000
vn 0.000000 0.000000 1.000000
vn 0.000001 0.000000 1.000000
vn 0.000001 0.000000 1.000000
vn 0.000001 0.000000 1.000000
vn 0.000001 0.000000 1.000000
vn -1.000000 0.000000 0.000000
vn -1.000000 0.000000 0.000000
vn -1.000000 0.000000 0.000000
vn -0.707107 0.000000 -0.707106
vn -0.707107 0.000000 -0.707106
vn 0.000000 0.000000 -1.000000
vn 0.000000 0.000000 -1.000000
vn 0.000000 0.000000 -1.000000
vn 0.000000 0.000000 -1.000000
vn 0.000000 0.000000 -1.000000
vn 0.000000 0.000000 -1.000000
vn 0.000000 0.000000 -1.000000
vn 0.707106 0.000000 -0.707107
vn 0.707106 0.000000 -0.707107
vn 1.000000 0.000000 0.000000
vn 1.000000 0.000000 0.000000
vn 1.000000 0.000000 0.000000
vn 1.000000 0.000000 0.000000
vn 1.000000 0.000000 0.000000
vn 1.000000 0.000000 0.000000
vn 1.000000 0.000000 0.000000
vn 0.707107 0.000000 0.707106
vn 0.707107 0.000000 0.707106
vn 0.000000 0.000000 1.000000
vn 0.000000 0.000000 1.000000
vn 0.000000 0.000000 1.000000
vn -0.000000 0.000000 1.000000
vn -0.000000 0.000000 1.000000
vn 0.000001 0.000000 1.000000
vn 0.000001 0.000000 1.000000
vn -0.707106 0.000000 0.707107
vn -0.707106 0.000000 0.707107
vn -1.000000 0.000000 0.000000
vn 0.000000 -1.000000 0.000000
vn 0.000000 -1.000000 0.000000
vn 0.000000 -1.000000 0.000000
vn 0.707103 -0.707111 0.000000
vn 0.707103 -0.707111 0.000000
vn 1.000000 0.000000 0.000000
vn 1.000000 0.000000 0.000000
vn 1.000000 0.000000 0.000000
vn 1.000000 0.000000 0.000000
vn 1.000000 0.000000 0.000000
vn 1.000000 0.000000 0.000000
vn 1.000000 0.000000 0.000000
vn 1.000000 0.000000 0.000000
vn 0.707112 0.707102 0.000000
vn 0.707112 0.707102 0.000000
vn 0.000000 1.000000 0.000000
vn 0.000000 1.000000 0.000000
vn 0.000000 1.000000 0.000000
vn 0.000000 1.000000 0.000000
vn 0.000000 1.000000 0.000000
vn 0.000000 1.000000 0.000000
vn 0.000000 1.000000 0.000000
vn -0.707112 0.707102 0.000000
vn -0.707112 0.707102 0.000000
vn -1.000000 0.000000 0.000000
vn -1.000000 0.000000 0.000000
vn -1.000000 0.000000 0.000000
vn 0.073892 -0.997266 0.000000
vn 0.073892 -0.997266 0.000000
vn 0.073892 -0.997266 0.000000
vn 0.073892 -0.997266 0.000000
vn 0.000000 -1.000000 0.000000
vn 0.000000 -1.000000 0.000000
vn 0.000000 -1.000000 0.000000
vn 0.000000 -1.000000 0.000000
vn -1.000000 0.000000 0.000000
vn -1.000000 0.000000 0.000000
vn -1.000000 0.000000 0.000000
vn -1.000000 0.000000 0.000000
vn -1.000000 0.000000 0.000000
vn -1.000000 0.000000 0.000000
vn -1.000000 0.000000 0.000000
vn -1.000000 0.000000 0.000000
vn -1.000000 0.000000 0.000000
vn -1.000000 0.000000 0.000000
vn -1.000000 0.000000 0.000000
vn -1.000000 0.000000 0.000000
vn -1.000000 0.000000 0.000000
vn -1.000000 0.000000 0.000000
vn -1.000000 0.000000 0.000000
vn -1.000000 0.000000 0.000000
vn -1.000000 0.000000 0.000000
vn -1.000000 0.000000 0.000000
vn -1.000000 0.000000 0.000000
vn -1.000000 0.000000 0.000000
vn 0.000000 -1.000000 0.000000
vn 0.000000 -1.000000 0.000000
vn 0.000000 -1.000000 0.000000
vn 0.000000 -0.707110 0.707104
vn 0.000000 -0.707110 0.707104
vn 0.000000 0.000000 1.000000
vn 0.000000 0.000000 1.000000
vn 0.000000 0.000000 1.000000
vn 0.000000 0.000000 1.000000
vn 0.000000 0.000000 1.000000
vn 0.000000 0.000000 1.000000
vn 0.000000 0.000000 1.000000
vn 0.000000 0.000000 1.000000
vn 0.000000 0.707100 0.707114
vn 0.000000 0.707100 0.707114
vn 0.000000 1.000000 -0.000000
vn 0.000000 1.000000 0.000001
vn 0.000000 1.000000 -0.000001
vn 0.000000 1.000000 0.000000
vn 0.000000 1.000000 -0.000001
vn 0.000000 1.000000 0.000000
vn 0.000000 1.000000 0.000000
vn 0.000000 1.000000 0.000001
vn 0.000000 0.707101 -0.707113
vn 0.000000 0.707101 -0.707113
vn 0.000000 0.000000 -1.000000
vn 0.000000 0.000000 -1.000000
vn 0.000000 0.000000 -1.000000
vn 0.000000 0.000000 -1.000000
vn 0.000000 0.000000 -1.000000
vn 0.000000 0.000000 -1.000000
vn 0.000000 0.000000 -1.000000
vn 0.000000 0.000000 -1.000000
vn 0.000000 -0.707109 -0.707105
vn 0.000000 -0.707109 -0.707105
vn 0.000000 -1.000000 0.000000
vn 0.000000 -1.000000 0.000000
vn 0.000000 -1.000000 0.000000
vn 0.000000 -0.000002 1.000000
vn 0.000000 -0.000002 1.000000
vn 0.000000 -0.000002 1.000000
vn 0.000000 -0.000002 1.000000
vn 0.000000 0.000001 1.000000
vn 0.000000 0.000001 1.000000
vn 0.000000 0.000001 1.000000
vn 0.000000 0.000001 1.000000
vn -0.000004 0.000000 1.000000
vn -0.000004 0.000000 1.000000
vn -0.000004 0.000000 1.000000
vn -0.000004 0.000000 1.000000
vn -0.000003 0.000000 1.000000
vn -0.000003 0.000000 1.000000
vn -0.000003 0.000000 1.000000
vn -0.000003 0.000000 1.000000
vn -0.000003 0.000000 1.000000
vn -0.000003 0.000000 1.000000
vn -0.000003 0.000000 1.000000
vn -0.000003 0.000000 1.000000
vn 0.000000 -1.000000 0.000000
vn 0.000000 -1.000000 0.000000
vn 0.000000 -1.000000 0.000000
vn 0.000000 -1.000000 0.000000
vn 0.000000 -1.000000 0.000000
vn 0.000000 -1.000000 0.000000
vn 0.000000 -1.000000 0.000000
vn 0.000000 -1.000000 0.000000
vn 0.000000 0.000000 -1.000000
vn 0.000000 0.000000 -1.000000
vn 0.000000 0.000000 -1.000000
vn 0.000000 0.000000 -1.000000
vn 0.000000 0.000000 -1.000000
vn 0.000000 0.000000 -1.000000
vn 0.000000 0.000000 -1.000000
vn 0.000000 0.000000 -1.000000
vn 0.000000 0.000000 -1.000000
vn 0.000000 0.000000 -1.000000
vn 0.000000 0.000000 -1.000000
vn 0.000000 0.000000 -1.000000
vn 0.000000 0.000000 -1.000000
vn 0.000000 0.000000 -1.000000
vn 0.000000 0.000000 -1.000000
vn 0.000000 0.000000 -1.000000
vn 0.000000 0.000000 -1.000000
vn 0.000000 0.000000 -1.000000
vn 0.000000 0.000000 -1.000000
vn 0.000000 0.000000 -1.000000
vn 0.000000 -1.000000 0.000000
vn 0.000000 -1.000000 0.000000
vn 0.000000 -1.000000 0.000000
vn 0.000000 -1.000000 0.000000
vn -1.000000 0.000000 0.000000
vn -1.000000 0.000000 0.000000
vn -1.000000 0.000000 0.000000
vn -1.000000 0.000000 0.000000
vn -1.000000 0.000000 0.000000
vn -1.000000 0.000000 0.000000
vn -1.000000 0.000000 0.000000
vn -1.000000 0.000000 0.000000
vn -1.000000 0.000000 0.000000
vn -1.000000 0.000000 0.000000
vn -1.000000 0.000000 0.000000
vn -1.000000 0.000000 0.000000
vn -1.000000 0.000000 0.000000
vn -1.000000 0.000000 0.000000
vn -1.000000 0.000000 0.000000
vn -1.000000 0.000000 0.000000
vn -1.000000 0.000000 0.000000
vn -1.000000 0.000000 0.000000
vn -1.000000 0.000000 0.000000
vn -1.000000 0.000000 0.000000
vn 0.000000 -1.000000 0.000000
vn 0.000000 -1.000000 0.000000
vn 0.000000 -1.000000 0.000000
vn 0.000000 -1.000000 0.000000
vn 0.000000 -1.000000 -0.000000
vn 0.000000 -1.000000 -0.000000
vn 0.000000 -1.000000 -0.000000
vn 0.000000 -1.000000 -0.000000
vn 0.073892 -0.997266 0.000000
vn 0.073892 -0.997266 0.000000
vn 0.073892 -0.997266 0.000000
vn 0.073892 -0.997266 0.000000
vn -1.000000 0.000000 0.000000
vn -1.000000 0.000000 0.000000
vn -1.000000 0.000000 0.000000
vn -1.000000 0.000000 0.000000
vn -1.000000 0.000000 0.000000
vn -1.000000 0.000000 0.000000
vn -0.707112 0.707101 0.000000
vn -0.707112 0.707101 0.000000
vn -0.707112 0.707101 0.000000
vn -0.707112 0.707101 0.000000
vn 0.000000 1.000000 0.000000
vn 0.000000 1.000000 0.000000
vn 0.000000 1.000000 0.000000
vn 0.000000 1.000000 0.000000
vn 0.000000 1.000000 -0.000000
vn 0.000000 1.000000 -0.000000
vn 0.000000 1.000000 -0.000000
vn 0.000000 1.000000 -0.000000
vn 0.000000 1.000000 0.000000
vn 0.000000 1.000000 0.000000
vn 0.000000 1.000000 0.000000
vn 0.000000 1.000000 0.000000
vn 0.000000 1.000000 0.000000
vn 0.000000 1.000000 0.000000
vn 0.000000 1.000000 0.000000
vn 0.000000 1.000000 0.000000
vn 0.707112 0.707101 0.000000
vn 0.707112 0.707101 0.000000
vn 0.707112 0.707101 0.000000
vn 0.707112 0.707101 0.000000
vn 1.000000 0.000000 0.000000
vn 1.000000 0.000000 0.000000
vn 1.000000 0.000000 0.000000
vn 1.000000 0.000000 0.000000
vn 1.000000 0.000000 0.000000
vn 1.000000 0.000000 0.000000
vn 1.000000 0.000000 0.000000
vn 1.000000 0.000000 0.000000
vn 1.000000 0.000000 0.000000
vn 1.000000 0.000000 0.000000
vn 1.000000 0.000000 0.000000
vn 1.000000 0.000000 0.000000
vn 1.000000 0.000000 0.000000
vn 1.000000 0.000000 0.000000
vn 1.000000 0.000000 0.000000
vn 1.000000 0.000000 0.000000
vn 0.707103 -0.707111 0.000000
vn 0.707103 -0.707111 0.000000
vn 0.707103 -0.707111 0.000000
vn 0.707103 -0.707111 0.000000
vn 0.000000 -1.000000 0.000000
vn 0.000000 -1.000000 0.000000
g FCSET_Note_Holder_001_0p07_0p643_0p54 Post_Its Note_Holder
usemtl lambert1SG
f 513/1132/1529 516/770/1530 707/771/1531 706/772/1532
f 514/1131/1533 513/769/1534 531/774/1535 530/1128/1536
f 516/770/1537 515/1148/1538 519/1147/1539 518/778/1540
f 517/779/1541 520/1146/1542 798/1139/1543 799/782/1544
f 518/778/1540 517/779/1541 538/783/1545 537/784/1546
f 521/785/1547 524/1130/1548 725/787/1549 724/788/1550
f 522/789/1551 521/785/1552 527/790/1553 526/791/1554
f 524/786/1555 523/1129/1556 535/1127/1557 534/794/1558
f 525/795/1559 528/796/1560 823/797/1561 824/798/1562
f 528/796/1560 527/790/1553 700/799/1563 699/800/1564
f 529/801/1565 532/802/1566 745/803/1567 746/1124/1568
f 532/802/1566 531/774/1535 560/805/1569 559/1134/1570
f 533/807/1571 536/1126/1572 751/809/1573 752/810/1574
f 534/794/1558 533/807/1571 662/811/1575 661/812/1576
f 537/784/1577 540/813/1578 705/814/1579 707/771/1580
f 539/815/1581 538/783/1582 800/816/1583 801/817/1584
f 540/813/1585 539/815/1586 543/818/1587 542/819/1588
f 541/820/1589 544/821/1590 769/822/1591 770/823/1592
f 542/819/1588 541/820/1589 558/824/1593 557/825/1594
f 544/821/1590 543/818/1587 802/826/1595 803/827/1596
f 545/828/1597 548/829/1598 709/830/1599 708/831/1600
f 546/832/1601 545/828/1602 551/833/1603 550/834/1604
f 548/829/1605 547/835/1606 555/836/1607 554/837/1608
f 549/838/1609 552/839/1610 767/840/1611 768/841/1612
f 552/839/1610 551/833/1603 596/842/1613 595/843/1614
f 553/844/1615 556/1140/1616 773/846/1617 774/847/1618
f 554/837/1608 553/1145/1615 574/1144/1619 573/849/1620
f 557/825/1621 560/1135/1622 706/772/1623 705/814/1624
f 559/806/1625 558/824/1626 771/850/1627 772/1133/1628
f 561/852/1629 564/853/1630 711/854/1631 713/855/1632
f 562/856/1633 561/852/1634 567/857/1635 566/858/1636
f 564/853/1637 563/859/1638 571/860/1639 570/861/1640
f 565/862/1641 568/863/1642 790/864/1643 791/865/1644
f 568/863/1642 567/857/1635 612/866/1645 611/867/1646
f 569/868/1647 572/869/1648 805/870/1649 806/871/1650
f 570/861/1640 569/868/1647 630/872/1651 629/873/1652
f 573/849/1653 576/874/1654 710/875/1655 709/830/1656
f 575/876/1657 574/1144/1658 775/877/1659 776/878/1660
f 576/874/1661 575/876/1662 579/879/1663 578/880/1664
f 577/881/1665 580/882/1666 763/883/1667 764/884/1668
f 578/880/1664 577/881/1665 594/885/1669 593/886/1670
f 580/882/1666 579/879/1663 777/887/1671 778/888/1672
f 581/889/1673 584/1143/1674 728/1142/1675 727/892/1676
f 582/893/1677 581/889/1678 588/894/1679 587/895/1680
f 584/890/1681 583/1138/1682 591/897/1683 590/898/1684
f 585/899/1685 588/894/1679 692/900/1686 691/901/1687
f 586/902/1688 585/899/1685 761/903/1689 762/904/1690
f 590/898/1684 589/905/1691 702/906/1692 701/907/1693
f 593/886/1694 596/842/1695 708/831/1696 710/875/1697
f 595/843/1698 594/885/1699 765/908/1700 766/909/1701
f 597/910/1702 600/911/1703 715/912/1704 714/913/1705
f 598/914/1706 597/910/1707 604/915/1708 603/916/1709
f 600/911/1710 599/917/1711 607/918/1712 606/919/1713
f 601/920/1714 604/915/1708 636/921/1715 635/922/1716
f 605/923/1717 608/924/1718 780/925/1719 781/926/1720
f 606/919/1713 605/923/1717 642/927/1721 641/928/1722
f 609/929/1723 612/866/1724 713/855/1725 712/930/1726
f 610/931/1727 609/929/1728 623/932/1729 622/1158/1730
f 611/867/1731 610/931/1732 788/934/1733 789/935/1734
f 613/936/1735 616/937/1736 717/938/1737 719/939/1738
f 614/940/1739 613/936/1740 619/941/1741 618/942/1742
f 616/937/1743 615/943/1744 627/944/1745 626/945/1746
f 620/946/1747 619/941/1741 660/947/1748 659/948/1749
f 621/949/1750 624/1165/1751 809/951/1752 810/952/1753
f 622/933/1730 621/949/1750 786/953/1754 787/954/1755
f 624/950/1751 623/932/1729 632/955/1756 631/956/1757
f 625/957/1758 628/958/1759 812/959/1760 813/1154/1761
f 626/945/1746 625/1155/1758 674/961/1762 673/962/1763
f 629/873/1764 632/955/1765 712/930/1766 711/854/1767
f 631/956/1768 630/872/1769 807/963/1770 808/964/1771
f 633/965/1772 636/921/1773 714/913/1774 716/966/1775
f 634/967/1776 633/965/1777 639/968/1778 638/1157/1779
f 637/970/1780 640/1162/1781 784/972/1782 785/973/1783
f 640/971/1781 639/968/1778 644/974/1784 643/975/1785
f 641/928/1786 644/974/1787 716/966/1788 715/912/1789
f 643/975/1790 642/927/1791 782/976/1792 783/977/1793
f 645/978/1794 648/979/1795 721/980/1796 720/981/1797
f 646/982/1798 645/978/1799 652/983/1800 651/1151/1801
f 648/979/1802 647/985/1803 655/986/1804 654/987/1805
f 649/988/1806 652/983/1800 680/989/1807 679/990/1808
f 654/987/1805 653/991/1809 686/992/1810 685/993/1811
f 657/994/1812 660/947/1813 719/939/1814 718/995/1815
f 658/996/1816 657/994/1817 667/997/1818 666/998/1819
f 753/999/1820 754/1000/1821 663/1001/1822 662/811/1823
f 661/812/1824 664/1002/1825 723/1003/1826 725/787/1827
f 664/1002/1828 663/1001/1829 671/1004/1830 670/1005/1831
f 665/1006/1832 668/1007/1833 816/1008/1834 817/1009/1835
f 755/1010/1836 756/1011/1837 672/1012/1838 671/1004/1830
f 668/1007/1833 667/997/1818 676/1013/1839 675/1014/1840
f 669/1015/1841 672/1012/1838 819/1016/1842 820/1017/1843
f 670/1005/1831 669/1015/1841 698/1018/1844 697/1019/1845
f 673/962/1846 676/1013/1847 718/995/1848 717/938/1849
f 675/1014/1850 674/961/1851 814/1020/1852 815/1021/1853
f 677/1022/1854 680/989/1855 720/981/1856 722/1023/1857
f 678/1024/1858 677/1022/1859 683/1025/1860 682/1026/1861
f 757/1027/1862 758/1028/1863 695/1029/1864 694/1030/1865
f 684/1031/1866 683/1025/1860 688/1032/1867 687/1033/1868
f 685/993/1869 688/1032/1870 722/1023/1871 721/980/1872
f 759/1034/1873 760/1035/1874 691/901/1875 690/1036/1876
f 689/1037/1877 692/900/1878 727/892/1879 726/1038/1880
f 690/1036/1881 689/1037/1882 696/1039/1883 695/1029/1864
f 693/1040/1884 696/1039/1883 704/1041/1885 703/1042/1886
f 697/1019/1887 700/799/1888 724/788/1889 723/1003/1890
f 699/800/1891 698/1018/1892 821/1043/1893 822/1044/1894
f 701/907/1895 704/1041/1896 726/1038/1897 728/891/1898
f 543/818/1587 539/815/1586 801/817/1899 802/826/1595
f 538/783/1545 517/779/1541 799/782/1544 800/816/1900
f 532/802/1566 559/1134/1570 772/851/1901 745/803/1567
f 558/824/1593 541/820/1589 770/823/1592 771/850/1902
f 579/879/1663 575/876/1662 776/878/1903 777/887/1671
f 574/848/1619 553/844/1615 774/847/1618 775/1141/1904
f 552/839/1610 595/843/1614 766/909/1905 767/840/1611
f 594/885/1669 577/881/1665 764/884/1668 765/908/1906
f 568/863/1642 611/867/1646 789/935/1907 790/864/1643
f 610/931/1727 622/1158/1730 787/1153/1755 788/934/1908
f 624/950/1751 631/956/1757 808/964/1909 809/1156/1752
f 630/872/1651 569/868/1647 806/871/1650 807/963/1910
f 640/971/1781 643/975/1785 783/977/1911 784/1159/1782
f 642/927/1721 605/923/1717 781/926/1720 782/976/1912
f 752/810/1574 753/999/1913 662/811/1575 533/807/1571
f 754/1000/1914 755/1010/1836 671/1004/1830 663/1001/1829
f 668/1007/1833 675/1014/1840 815/1021/1915 816/1008/1834
f 674/961/1762 625/1155/1758 813/960/1761 814/1020/1916
f 758/1028/1863 759/1034/1917 690/1036/1881 695/1029/1864
f 760/1035/1918 761/903/1689 585/899/1685 691/901/1687
f 528/796/1560 699/800/1564 822/1044/1919 823/797/1561
f 698/1018/1844 669/1015/1841 820/1017/1843 821/1043/1920
f 544/821/1590 803/827/1596 804/1045/1921 769/822/1591
f 621/949/1750 810/952/1753 811/1046/1922 786/953/1754
f 756/1011/1837 818/1047/1923 819/1016/1842 672/1012/1838
f 792/1048/1924 830/1049/1925 831/1050/1926 732/1051/1927
f 580/882/1666 778/888/1672 779/1052/1928 763/883/1667
f 560/805/1569 531/774/1535 513/769/1534 706/1136/1929
f 516/770/1537 518/778/1540 537/784/1546 707/771/1930
f 540/813/1585 542/819/1588 557/825/1594 705/814/1931
f 548/829/1605 554/837/1608 573/849/1620 709/830/1932
f 576/874/1661 578/880/1664 593/886/1670 710/875/1933
f 596/842/1613 551/833/1603 545/828/1602 708/831/1934
f 632/955/1756 623/932/1729 609/929/1728 712/930/1935
f 612/866/1645 567/857/1635 561/852/1634 713/855/1936
f 564/853/1637 570/861/1640 629/873/1652 711/854/1937
f 600/911/1710 606/919/1713 641/928/1722 715/912/1938
f 644/974/1784 639/968/1778 633/965/1777 716/966/1939
f 636/921/1715 604/915/1708 597/910/1707 714/913/1940
f 676/1013/1839 667/997/1818 657/994/1817 718/995/1941
f 660/947/1748 619/941/1741 613/936/1740 719/939/1942
f 616/937/1743 626/945/1746 673/962/1763 717/938/1943
f 648/979/1802 654/987/1805 685/993/1811 721/980/1944
f 688/1032/1867 683/1025/1860 677/1022/1859 722/1023/1945
f 680/989/1807 652/983/1800 645/978/1799 720/981/1946
f 700/799/1563 527/790/1553 521/785/1552 724/788/1947
f 524/786/1555 534/794/1558 661/812/1576 725/787/1948
f 664/1002/1828 670/1005/1831 697/1019/1845 723/1003/1949
f 692/900/1686 588/894/1679 581/889/1678 727/892/1950
f 584/890/1681 590/898/1684 701/907/1693 728/891/1951
f 704/1041/1885 696/1039/1883 689/1037/1882 726/1038/1952
f 513/1132/1529 514/1149/1953 515/1148/1954 516/770/1530
f 517/779/1541 518/778/1540 519/1147/1539 520/1146/1542
f 521/785/1547 522/789/1955 523/792/1956 524/1130/1548
f 525/795/1559 526/791/1554 527/790/1553 528/796/1560
f 529/801/1565 530/1128/1536 531/774/1535 532/802/1566
f 533/807/1571 534/794/1558 535/1127/1557 536/1126/1572
f 537/784/1577 538/783/1582 539/815/1581 540/813/1578
f 541/820/1589 542/819/1588 543/818/1587 544/821/1590
f 545/828/1597 546/832/1957 547/835/1958 548/829/1598
f 549/838/1609 550/834/1604 551/833/1603 552/839/1610
f 553/1145/1615 554/837/1608 555/836/1607 556/845/1616
f 557/825/1621 558/824/1626 559/806/1625 560/1135/1622
f 561/852/1629 562/856/1959 563/859/1960 564/853/1630
f 565/862/1641 566/858/1636 567/857/1635 568/863/1642
f 569/868/1647 570/861/1640 571/860/1639 572/869/1648
f 573/849/1653 574/1144/1658 575/876/1657 576/874/1654
f 577/881/1665 578/880/1664 579/879/1663 580/882/1666
f 581/889/1673 582/893/1961 583/896/1962 584/1143/1674
f 585/899/1685 586/902/1688 587/895/1680 588/894/1679
f 589/905/1691 590/898/1684 591/897/1683 592/1053/1963
f 593/886/1694 594/885/1699 595/843/1698 596/842/1695
f 597/910/1702 598/914/1964 599/917/1965 600/911/1703
f 601/920/1714 602/1054/1966 603/916/1709 604/915/1708
f 605/923/1717 606/919/1713 607/918/1712 608/924/1718
f 609/929/1723 610/931/1732 611/867/1731 612/866/1724
f 613/936/1735 614/940/1967 615/943/1968 616/937/1736
f 617/1055/1969 618/942/1742 619/941/1741 620/946/1747
f 621/949/1750 622/933/1730 623/1166/1729 624/1165/1751
f 625/957/1758 626/1164/1746 627/1167/1745 628/958/1759
f 629/873/1764 630/872/1769 631/956/1768 632/955/1765
f 633/965/1772 634/967/1970 635/922/1971 636/921/1773
f 637/970/1780 638/969/1779 639/1163/1778 640/1162/1781
f 641/928/1786 642/927/1791 643/975/1790 644/974/1787
f 645/978/1794 646/982/1972 647/985/1973 648/979/1795
f 649/1160/1806 650/1056/1974 651/984/1801 652/1161/1800
f 653/991/1809 654/987/1805 655/986/1804 656/1057/1975
f 657/994/1812 658/996/1976 659/948/1977 660/947/1813
f 661/812/1824 662/811/1823 663/1001/1822 664/1002/1825
f 665/1006/1832 666/998/1819 667/997/1818 668/1007/1833
f 669/1015/1841 670/1005/1831 671/1004/1830 672/1012/1838
f 673/962/1846 674/961/1851 675/1014/1850 676/1013/1847
f 677/1022/1854 678/1024/1978 679/990/1979 680/989/1855
f 681/1058/1980 682/1026/1861 683/1025/1860 684/1031/1866
f 685/993/1869 686/992/1981 687/1033/1982 688/1032/1870
f 689/1037/1877 690/1036/1876 691/901/1875 692/900/1878
f 693/1040/1884 694/1030/1865 695/1029/1864 696/1039/1883
f 697/1019/1887 698/1018/1892 699/800/1891 700/799/1888
f 701/907/1895 702/906/1983 703/1042/1984 704/1041/1896
f 705/814/1985 706/772/1986 707/771/1987
f 708/831/1988 709/830/1989 710/875/1990
f 711/854/1991 712/930/1992 713/855/1993
f 714/913/1994 715/912/1995 716/966/1996
f 717/938/1997 718/995/1998 719/939/1999
f 720/981/2000 721/980/2001 722/1023/2002
f 723/1003/2003 724/788/2004 725/787/2005
f 726/1038/2006 727/892/2007 728/1142/2008
f 525/795/2009 824/798/2010 825/1059/2011 744/1060/2012
f 797/1061/2013 773/846/2014 556/1140/2015 742/1177/2016
f 835/1063/2017 798/781/2018 520/780/2019 741/1064/2020
f 565/1121/2021 791/1120/2022 792/1048/2023 732/1051/2024
f 529/1125/2025 746/804/2026 747/1065/2027 733/1066/2028
f 523/792/2029 522/789/2030 744/1060/2031
f 525/795/2032 744/1060/2031 526/791/2033
f 522/789/2030 526/791/2033 744/1060/2031
f 832/1067/2034 833/1068/2035 733/1066/2036 747/1065/2037
f 794/1069/2038 795/1070/2039 734/1179/2040 748/1175/2041
f 736/1073/2042 827/1074/2043 828/1075/2044 750/1076/2045
f 833/1068/2046 834/1077/2047 737/1078/2048 733/1066/2049
f 795/1070/2050 796/1079/2051 738/1178/2052 734/1179/2053
f 740/1081/2054 826/1082/2055 827/1074/2056 736/1073/2057
f 530/775/2058 737/1078/2059 741/1064/2060 514/773/2061
f 529/1125/2062 733/1066/2063 737/1078/2064 530/775/2065
f 834/1077/2066 835/1063/2067 741/1064/2068 737/1078/2069
f 796/1079/2070 797/1061/2071 742/1177/2072 738/1178/2073
f 744/1060/2074 825/1059/2075 826/1082/2076 740/1081/2077
f 514/773/2078 741/1064/2079 515/776/2080
f 520/780/2081 519/777/2082 741/1064/2079
f 741/1064/2079 519/777/2082 515/776/2080
f 523/792/2083 744/1060/2084 740/1081/2085 535/793/2086
f 535/793/2087 740/1081/2088 736/1073/2089 536/808/2090
f 536/808/2091 736/1073/2092 750/1076/2093 751/1122/2094
f 746/1124/2095 745/803/2096 566/858/1636 565/862/1641
f 747/1065/2097 746/804/2098 565/1121/2099 732/1051/2100
f 831/1050/2101 832/1067/2102 747/1065/2103 732/1051/2104
f 793/1174/2105 794/1069/2106 748/1175/2107 731/1176/2108
f 750/1076/2109 828/1075/2110 829/1085/2111 730/1086/2112
f 751/1122/2113 750/1076/2114 730/1086/2115 617/1123/2116
f 752/810/2117 751/809/2118 617/1055/1969 620/946/1747
f 620/946/1747 659/948/1749 753/999/2119 752/810/2117
f 659/948/1977 658/996/1976 754/1000/2120 753/999/2121
f 658/996/1816 666/998/1819 755/1010/2122 754/1000/2123
f 666/998/1819 665/1006/1832 756/1011/2124 755/1010/2122
f 665/1006/1832 817/1009/1835 818/1047/2125 756/1011/2124
f 681/1058/1980 684/1031/1866 758/1028/2126 757/1027/2127
f 684/1031/1866 687/1033/1868 759/1034/2128 758/1028/2126
f 687/1033/1982 686/992/1981 760/1035/2129 759/1034/2130
f 686/992/1810 653/991/1809 761/903/2131 760/1035/2132
f 762/904/2133 761/903/2131 653/991/1809 656/1057/1975
f 763/883/2134 779/1052/2135 780/925/1719 608/924/1718
f 764/884/2136 763/883/2134 608/924/1718 607/918/1712
f 765/908/2137 764/884/2136 607/918/1712 599/917/1711
f 766/909/2138 765/908/2139 599/917/1965 598/914/1964
f 767/840/2140 766/909/2141 598/914/1706 603/916/1709
f 768/841/2142 767/840/2140 603/916/1709 602/1054/1966
f 769/822/2143 804/1045/2144 805/870/1649 572/869/1648
f 770/823/2145 769/822/2143 572/869/1648 571/860/1639
f 771/850/2146 770/823/2145 571/860/1639 563/859/1638
f 772/1133/2147 771/850/2148 563/859/1960 562/856/1959
f 745/803/2096 772/851/2149 562/856/1633 566/858/1636
f 836/1087/2150 837/1088/2151 592/1053/1963 591/897/1683
f 862/1089/2152 836/1087/2150 591/897/1683 583/1138/1682
f 861/1090/2153 862/1137/2154 583/896/1962 582/893/1961
f 860/1091/2155 861/1090/2156 582/893/1677 587/895/1680
f 859/1092/2157 860/1091/2155 587/895/1680 586/902/1688
f 858/1093/2158 859/1092/2157 586/902/1688 762/904/1690
f 857/1094/2159 858/1093/2160 762/904/2133 656/1057/1975
f 856/1095/2161 857/1094/2159 656/1057/1975 655/986/1804
f 855/1096/2162 856/1095/2161 655/986/1804 647/985/1803
f 854/1097/2163 855/1096/2164 647/985/1973 646/982/1972
f 853/1098/2165 854/1097/2166 646/982/1798 651/1151/1801
f 852/1099/2167 853/1150/2165 651/984/1801 650/1056/1974
f 850/1100/2168 851/1101/2169 812/959/1760 628/958/1759
f 849/1102/2170 850/1100/2168 628/958/1759 627/1167/1745
f 848/1168/2171 849/1169/2170 627/944/1745 615/943/1744
f 847/1170/2172 848/1168/2173 615/943/1968 614/940/1967
f 846/1171/2174 847/1170/2175 614/940/1739 618/942/1742
f 845/1172/2176 846/1171/2174 618/942/1742 617/1055/1969
f 844/1107/2177 845/1119/2178 617/1123/2179 730/1086/2180
f 730/1086/2181 829/1085/2182 843/1108/2183 844/1107/2184
f 749/1109/2185 841/1110/2186 842/1173/2187 729/1112/2188
f 735/1113/2189 840/1114/2190 841/1110/2191 749/1109/2192
f 739/1115/2193 839/1116/2194 840/1114/2195 735/1113/2196
f 743/1117/2197 838/1118/2198 839/1116/2199 739/1115/2200
f 592/1053/2201 837/1088/2202 838/1118/2203 743/1117/2204
f 799/782/2205 798/1139/2206 556/845/1616 555/836/1607
f 800/816/2207 799/782/2205 555/836/1607 547/835/1606
f 801/817/2208 800/816/2209 547/835/1958 546/832/1957
f 802/826/2210 801/817/2211 546/832/1601 550/834/1604
f 803/827/2212 802/826/2210 550/834/1604 549/838/1609
f 804/1045/2213 803/827/2212 549/838/1609 768/841/1612
f 805/870/2214 804/1045/2215 768/841/2142 602/1054/1966
f 806/871/2216 805/870/2214 602/1054/1966 601/920/1714
f 807/963/2217 806/871/2216 601/920/1714 635/922/1716
f 808/964/2218 807/963/2219 635/922/1971 634/967/1970
f 809/1156/2220 808/964/2221 634/967/1776 638/1157/1779
f 810/952/2222 809/951/2220 638/969/1779 637/970/1780
f 811/1046/2223 810/952/2222 637/970/1780 785/973/1783
f 812/959/2224 851/1101/2225 852/1099/2167 650/1056/1974
f 813/1154/2226 812/959/2224 650/1056/1974 649/1160/1806
f 814/1020/2227 813/960/2226 649/988/1806 679/990/1808
f 815/1021/2228 814/1020/2229 679/990/1979 678/1024/1978
f 816/1008/2230 815/1021/2231 678/1024/1858 682/1026/1861
f 817/1009/2232 816/1008/2230 682/1026/1861 681/1058/1980
f 818/1047/2233 817/1009/2232 681/1058/1980 757/1027/2127
f 819/1016/2234 818/1047/2235 757/1027/1862 694/1030/1865
f 820/1017/2236 819/1016/2234 694/1030/1865 693/1040/1884
f 821/1043/2237 820/1017/2236 693/1040/1884 703/1042/1886
f 822/1044/2238 821/1043/2239 703/1042/1984 702/906/1983
f 823/797/2240 822/1044/2241 702/906/1692 589/905/1691
f 824/798/2242 823/797/2240 589/905/1691 592/1053/1963
f 825/1059/2243 824/798/2244 592/1053/2245 743/1117/2246
f 826/1082/2247 825/1059/2248 743/1117/2249 739/1115/2250
f 827/1074/2251 826/1082/2252 739/1115/2253 735/1113/2254
f 828/1075/2255 827/1074/2256 735/1113/2257 749/1109/2258
f 829/1085/2259 828/1075/2260 749/1109/2261 729/1112/2262
f 842/1111/2263 843/1108/2264 829/1085/2265 729/1112/2266
f 831/1050/2267 830/1049/2268 793/1083/2269 731/1084/2270
f 748/1072/2271 832/1067/2272 831/1050/2273 731/1084/2274
f 734/1071/2275 833/1068/2276 832/1067/2277 748/1072/2278
f 738/1080/2279 834/1077/2280 833/1068/2281 734/1071/2282
f 742/1062/2283 835/1063/2284 834/1077/2285 738/1080/2286
f 556/1180/2287 798/781/2288 835/1063/2289 742/1062/2290
f 774/847/2291 773/846/2292 837/1088/2293 836/1087/2294
f 838/1118/2295 837/1088/2296 773/846/2297 797/1061/2298
f 839/1116/2299 838/1118/2300 797/1061/2301 796/1079/2302
f 840/1114/2303 839/1116/2304 796/1079/2305 795/1070/2306
f 841/1110/2307 840/1114/2308 795/1070/2309 794/1069/2310
f 842/1173/2311 841/1110/2312 794/1069/2313 793/1174/2314
f 830/1049/2315 843/1108/2316 842/1111/2317 793/1083/2318
f 844/1107/2319 843/1108/2320 830/1049/2321 792/1048/2322
f 792/1048/2323 791/1120/2324 845/1119/2325 844/1107/2326
f 791/865/2327 790/864/2328 846/1105/2329 845/1106/2330
f 790/864/2328 789/935/2331 847/1104/2332 846/1105/2329
f 789/935/2333 788/934/2334 848/1103/2335 847/1104/2336
f 788/934/2337 787/1153/2338 849/1152/2339 848/1103/2340
f 787/954/2338 786/953/2341 850/1100/2342 849/1102/2339
f 786/953/2341 811/1046/2343 851/1101/2344 850/1100/2342
f 852/1099/2345 851/1101/2346 811/1046/2347 785/973/2348
f 785/973/2348 784/972/2349 853/1150/2350 852/1099/2345
f 784/1159/2349 783/977/2351 854/1097/2352 853/1098/2350
f 783/977/2353 782/976/2354 855/1096/2355 854/1097/2356
f 782/976/2357 781/926/2358 856/1095/2359 855/1096/2360
f 781/926/2358 780/925/2361 857/1094/2362 856/1095/2359
f 780/925/2361 779/1052/2363 858/1093/2364 857/1094/2362
f 779/1052/2365 778/888/2366 859/1092/2367 858/1093/2368
f 778/888/2366 777/887/2369 860/1091/2370 859/1092/2367
f 777/887/2369 776/878/2371 861/1090/2372 860/1091/2370
f 776/878/2373 775/877/2374 862/1137/2375 861/1090/2376
f 775/1141/2377 774/847/2291 836/1087/2294 862/1089/2378
g default
v -0.496165 -0.833137 0.495497
v -0.494204 -0.765860 -0.494204
v 0.494204 -0.765860 -0.494204
v 0.494204 -0.765860 0.494204
v -0.000000 -0.765860 0.000000
v -0.494204 -0.765860 0.000000
v -0.000000 -0.765860 -0.494204
v 0.494204 -0.765860 0.000000
v -0.000000 -0.765860 0.494204
v -0.247102 -0.765860 0.247102
v -0.247135 -0.765874 0.494245
v -0.494215 -0.765918 0.247121
v -0.247102 -0.765860 0.000000
v -0.000000 -0.765860 0.247102
v -0.247102 -0.765860 -0.247102
v -0.494204 -0.765860 -0.247102
v -0.247102 -0.765860 -0.494204
v -0.000000 -0.765860 -0.247102
v 0.247102 -0.765860 -0.247102
v 0.247102 -0.765860 -0.494204
v 0.494204 -0.765860 -0.247102
v 0.247102 -0.765860 0.000000
v 0.247102 -0.765860 0.247102
v 0.494204 -0.765860 0.247102
v 0.247102 -0.765860 0.494204
v -0.123551 -0.765860 0.370653
v -0.000000 -0.765860 0.370653
v -0.123551 -0.765860 0.494204
v -0.247102 -0.765860 0.370653
v -0.123551 -0.765860 0.247102
v -0.370653 -0.765860 -0.123551
v -0.370653 -0.765860 0.000000
v -0.494204 -0.765860 -0.123551
v -0.370653 -0.765860 -0.247102
v -0.247102 -0.765860 -0.123551
v 0.123551 -0.765860 -0.370653
v -0.000000 -0.765860 -0.370653
v 0.123551 -0.765860 -0.494204
v 0.247102 -0.765860 -0.370653
v 0.123551 -0.765860 -0.247102
v 0.370653 -0.765860 0.123551
v 0.370653 -0.765860 0.000000
v 0.494204 -0.765860 0.123551
v 0.370653 -0.765860 0.247102
v 0.247102 -0.765860 0.123551
v -0.372696 -0.769651 0.373612
v -0.376648 -0.786062 0.500493
v -0.497288 -0.791296 0.374206
v -0.370653 -0.765860 0.247102
v -0.370653 -0.765860 0.123551
v -0.494204 -0.765860 0.123551
v -0.247102 -0.765860 0.123551
v -0.123551 -0.765860 0.123551
v -0.123551 -0.765860 0.000000
v -0.000000 -0.765860 0.123551
v -0.370653 -0.765860 -0.370653
v -0.494204 -0.765860 -0.370653
v -0.370653 -0.765860 -0.494204
v -0.247102 -0.765860 -0.370653
v -0.123551 -0.765860 -0.370653
v -0.123551 -0.765860 -0.494204
v -0.123551 -0.765860 -0.247102
v -0.123551 -0.765860 -0.123551
v -0.000000 -0.765860 -0.123551
v 0.370653 -0.765860 -0.370653
v 0.370653 -0.765860 -0.494204
v 0.494204 -0.765860 -0.370653
v 0.370653 -0.765860 -0.247102
v 0.370653 -0.765860 -0.123551
v 0.494204 -0.765860 -0.123551
v 0.247102 -0.765860 -0.123551
v 0.123551 -0.765860 -0.123551
v 0.123551 -0.765860 0.000000
v 0.370653 -0.765860 0.370653
v 0.494204 -0.765860 0.370653
v 0.370653 -0.765860 0.494204
v 0.247102 -0.765860 0.370653
v 0.123551 -0.765860 0.370653
v 0.123551 -0.765860 0.494204
v 0.123551 -0.765860 0.247102
v 0.123551 -0.765860 0.123551
v -0.000000 -0.774115 0.247102
v -0.123551 -0.774115 0.247102
v -0.000000 -0.774115 0.370653
v -0.123551 -0.774115 0.370653
v -0.247102 -0.774115 0.000000
v -0.247102 -0.774115 -0.123551
v -0.370653 -0.774115 0.000000
v -0.370653 -0.774115 -0.123551
v -0.000000 -0.774115 -0.247102
v 0.123551 -0.774115 -0.247102
v -0.000000 -0.774115 -0.370653
v 0.123551 -0.774115 -0.370653
v 0.247102 -0.774115 0.000000
v 0.247102 -0.774115 0.123551
v 0.370653 -0.774115 0.000000
v 0.370653 -0.774115 0.123551
v -0.247131 -0.774128 0.494243
v -0.247102 -0.774115 0.370653
v -0.375628 -0.794295 0.499862
v -0.372514 -0.778479 0.373751
v -0.494211 -0.774172 0.247119
v -0.370653 -0.774115 0.247102
v -0.494204 -0.774115 0.123551
v -0.370653 -0.774115 0.123551
v -0.247102 -0.774115 0.123551
v -0.123551 -0.774115 0.000000
v -0.123551 -0.774115 0.123551
v -0.494204 -0.774115 -0.247102
v -0.370653 -0.774115 -0.247102
v -0.494204 -0.774115 -0.370653
v -0.370653 -0.774115 -0.370653
v -0.247102 -0.774115 -0.494204
v -0.247102 -0.774115 -0.370653
v -0.123551 -0.774115 -0.494204
v -0.123551 -0.774115 -0.370653
v -0.123551 -0.774115 -0.247102
v -0.000000 -0.774115 -0.123551
v -0.123551 -0.774115 -0.123551
v 0.247102 -0.774115 -0.494204
v 0.247102 -0.774115 -0.370653
v 0.370653 -0.774115 -0.494204
v 0.370653 -0.774115 -0.370653
v 0.494204 -0.774115 -0.247102
v 0.370653 -0.774115 -0.247102
v 0.494204 -0.774115 -0.123551
v 0.370653 -0.774115 -0.123551
v 0.247102 -0.774115 -0.123551
v 0.123551 -0.774115 0.000000
v 0.123551 -0.774115 -0.123551
v 0.494204 -0.774115 0.247102
v 0.370653 -0.774115 0.247102
v 0.494204 -0.774115 0.370653
v 0.370653 -0.774115 0.370653
v 0.247102 -0.774115 0.494204
v 0.247102 -0.774115 0.370653
v 0.123551 -0.774115 0.494204
v 0.123551 -0.774115 0.370653
v 0.123551 -0.774115 0.247102
v -0.000000 -0.774115 0.123551
v 0.123551 -0.774115 0.123551
v -0.000000 -0.774115 0.494204
v -0.123551 -0.774115 0.494204
v -0.247102 -0.774115 0.247102
v -0.494204 -0.774115 0.000000
v -0.494204 -0.774115 -0.123551
v -0.247102 -0.774115 -0.247102
v -0.000000 -0.774115 -0.494204
v 0.123551 -0.774115 -0.494204
v 0.247102 -0.774115 -0.247102
v 0.494204 -0.774115 0.000000
v 0.494204 -0.774115 0.123551
v 0.247102 -0.774115 0.247102
v -0.494204 -0.841232 0.494204
v -0.496259 -0.799543 0.373568
v -0.000000 -0.774115 0.000000
v -0.494204 -0.774115 -0.494204
v -0.370653 -0.774115 -0.494204
v 0.494204 -0.774115 -0.494204
v 0.494204 -0.774115 -0.370653
v 0.494204 -0.774115 0.494204
v 0.370653 -0.774115 0.494204
vt 0.068645 0.315778
vt 0.089765 0.315778
vt 0.089765 0.337267
vt 0.068645 0.337267
vt 0.047721 0.252600
vt 0.047721 0.273746
vt 0.026434 0.273746
vt 0.026434 0.252600
vt 0.110819 0.231188
vt 0.089765 0.231188
vt 0.089765 0.209730
vt 0.110819 0.209730
vt 0.131760 0.294737
vt 0.131760 0.273746
vt 0.152442 0.273746
vt 0.152442 0.294737
vt 0.047721 0.337267
vt 0.047721 0.358458
vt 0.026434 0.018366
vt 0.026434 0.337267
vt 0.026434 0.315778
vt 0.005417 0.315778
vt 0.005417 0.083305
vt 0.026434 0.294737
vt 0.047721 0.294737
vt 0.068645 0.273746
vt 0.068645 0.294737
vt 0.026434 0.231188
vt 0.005417 0.231188
vt 0.005417 0.168507
vt 0.026434 0.209730
vt 0.047721 0.209730
vt 0.047721 0.189850
vt 0.068645 0.189850
vt 0.068645 0.209730
vt 0.068645 0.231188
vt 0.089765 0.252600
vt 0.068645 0.252600
vt 0.131760 0.209730
vt 0.131760 0.189850
vt 0.152442 0.189850
vt 0.152442 0.209730
vt 0.152442 0.231188
vt 0.172750 0.231188
vt 0.172750 0.252600
vt 0.152442 0.252600
vt 0.131760 0.252600
vt 0.110819 0.273746
vt 0.110819 0.252600
vt 0.152442 0.315778
vt 0.172750 0.315778
vt 0.172750 0.337267
vt 0.152442 0.337267
vt 0.131760 0.337267
vt 0.131760 0.358458
vt 0.110819 0.018366
vt 0.110819 0.337267
vt 0.110819 0.315778
vt 0.089765 0.294737
vt 0.110819 0.294737
vt 0.089765 0.358458
vt 0.068645 0.018366
vt 0.047721 0.315778
vt 0.005417 0.273746
vt 0.005417 0.125699
vt 0.047721 0.231188
vt 0.089765 0.189850
vt 0.110819 0.189850
vt 0.131760 0.231188
vt 0.172750 0.273746
vt 0.172750 0.294737
vt 0.131760 0.315778
vt 0.005417 0.018366
vt 0.005417 0.040721
vt 0.089765 0.273746
vt 0.005417 0.189850
vt 0.026434 0.189850
vt 0.172750 0.189850
vt 0.172750 0.209730
vt 0.173820 0.018366
vt 0.152442 0.018366
vt 0.068645 0.062190
vt 0.068645 0.040721
vt 0.089765 0.040721
vt 0.089765 0.062190
vt 0.047721 0.125699
vt 0.026434 0.125699
vt 0.026434 0.104402
vt 0.047721 0.104402
vt 0.110819 0.147113
vt 0.110819 0.168507
vt 0.089765 0.168507
vt 0.089765 0.147113
vt 0.131760 0.083305
vt 0.152442 0.083305
vt 0.152442 0.104402
vt 0.131760 0.104402
vt 0.047721 0.040721
vt 0.026434 0.040721
vt 0.026434 0.019589
vt 0.047721 0.019589
vt 0.026434 0.062190
vt 0.026434 0.083305
vt 0.006289 0.083305
vt 0.006289 0.062190
vt 0.047721 0.083305
vt 0.068645 0.083305
vt 0.068645 0.104402
vt 0.026434 0.147113
vt 0.026434 0.168507
vt 0.006289 0.168507
vt 0.006289 0.147113
vt 0.047721 0.168507
vt 0.068645 0.168507
vt 0.068645 0.188454
vt 0.047721 0.188454
vt 0.068645 0.147113
vt 0.068645 0.125699
vt 0.089765 0.125699
vt 0.131760 0.168507
vt 0.152442 0.168507
vt 0.152442 0.188454
vt 0.131760 0.188454
vt 0.152442 0.147113
vt 0.152442 0.125699
vt 0.173820 0.252600
vt 0.173820 0.231188
vt 0.131760 0.125699
vt 0.110819 0.125699
vt 0.110819 0.104402
vt 0.152442 0.062190
vt 0.152442 0.040721
vt 0.173820 0.337267
vt 0.173820 0.315778
vt 0.131760 0.040721
vt 0.110819 0.040721
vt 0.110819 0.019589
vt 0.131760 0.019589
vt 0.110819 0.062190
vt 0.110819 0.083305
vt 0.089765 0.083305
vt 0.068645 0.019589
vt 0.089765 0.019589
vt 0.047721 0.062190
vt 0.006289 0.125699
vt 0.006289 0.104402
vt 0.047721 0.147113
vt 0.110819 0.188454
vt 0.089765 0.188454
vt 0.131760 0.147113
vt 0.173820 0.294737
vt 0.173820 0.273746
vt 0.131760 0.062190
vt 0.006289 0.040721
vt 0.006289 0.019589
vt 0.089765 0.104402
vt 0.026434 0.188454
vt 0.006289 0.188454
vt 0.173820 0.209730
vt 0.173820 0.188454
vt 0.152442 0.019589
vt 0.173820 0.019589
vt 0.089765 0.018366
vt 0.110819 0.358458
vt 0.131760 0.018366
vt 0.152442 0.358458
vt 0.172750 0.358458
vt 0.173820 0.358458
vt 0.026434 0.358458
vt 0.047721 0.018366
vt 0.068645 0.358458
vt 0.173820 0.040721
vt 0.173820 0.062190
vt 0.173820 0.125699
vt 0.173820 0.147113
vt 0.173820 0.168507
vt 0.173820 0.083305
vt 0.173820 0.104402
vt 0.005417 0.209730
vt 0.005417 0.104402
vt 0.005417 0.294737
vt 0.005417 0.062190
vt 0.005417 0.337267
vt 0.005417 0.358458
vt 0.005417 0.147113
vt 0.005417 0.252600
vn -0.000000 -1.000000 0.000000
vn -0.000000 -1.000000 0.000000
vn -0.000000 -1.000000 0.000000
vn 0.000014 -1.000000 -0.000014
vn -0.000000 -1.000000 0.000000
vn -0.000000 -1.000000 0.000000
vn -0.000000 -1.000000 0.000000
vn -0.000000 -1.000000 0.000000
vn 0.000000 -1.000000 0.000000
vn -0.000000 -1.000000 0.000000
vn 0.000000 -1.000000 0.000000
vn 0.000000 -1.000000 0.000000
vn -0.000000 -1.000000 0.000000
vn -0.000000 -1.000000 0.000000
vn -0.000000 -1.000000 0.000000
vn -0.000000 -1.000000 0.000000
vn 0.028199 -0.999401 -0.020079
vn 0.050655 -0.997922 0.039810
vn 0.190597 -0.979025 -0.071992
vn 0.115862 -0.987927 -0.102841
vn 0.025898 -0.999100 -0.033593
vn -0.030131 -0.997728 -0.060252
vn -0.066564 -0.997782 -0.000118
vn 0.000058 -1.000000 -0.000058
vn -0.000000 -1.000000 0.000000
vn -0.000000 -1.000000 0.000000
vn -0.000000 -1.000000 0.000000
vn 0.000000 -1.000000 0.000000
vn -0.066663 -0.997776 0.000000
vn -0.066662 -0.997776 0.000000
vn 0.000000 -1.000000 0.000000
vn 0.000000 -1.000000 0.000000
vn -0.000000 -0.997776 -0.066663
vn -0.000000 -0.997776 -0.066663
vn -0.000000 -1.000000 0.000000
vn -0.000000 -1.000000 0.000000
vn -0.000000 -1.000000 0.000000
vn -0.000000 -1.000000 0.000000
vn 0.000000 -1.000000 0.000000
vn -0.000000 -0.997776 -0.066663
vn -0.000000 -0.997776 -0.066663
vn -0.000000 -1.000000 0.000000
vn -0.000000 -1.000000 0.000000
vn 0.066663 -0.997776 0.000000
vn 0.066663 -0.997776 0.000000
vn -0.000000 -1.000000 0.000000
vn -0.000000 -1.000000 0.000000
vn -0.000000 -1.000000 0.000000
vn -0.000000 -1.000000 0.000000
vn -0.000000 -1.000000 0.000000
vn 0.066663 -0.997776 0.000000
vn 0.066662 -0.997776 0.000000
vn -0.000000 -1.000000 0.000000
vn -0.000000 -1.000000 0.000000
vn -0.000000 -0.997776 0.066663
vn -0.000000 -0.997776 0.066663
vn -0.000000 -1.000000 0.000000
vn -0.000000 -1.000000 0.000000
vn -0.000000 -1.000000 0.000000
vn -0.000000 -1.000000 0.000000
vn -0.000000 -0.997776 0.066663
vn 0.000038 -0.997778 0.066631
vn 0.004394 -0.999981 -0.004394
vn -0.066663 -0.997776 0.000000
vn -0.066663 -0.997776 0.000000
vn 0.000000 -1.000000 0.000000
vn 0.000000 -0.997776 -0.066663
vn 0.000000 -0.997776 -0.066663
vn 0.000000 -1.000000 0.000000
vn 0.066663 -0.997776 0.000000
vn 0.066663 -0.997776 0.000000
vn -0.000000 -1.000000 0.000000
vn 0.215367 -0.962207 -0.166658
vn 0.115277 -0.977922 -0.174296
vn -0.000000 -1.000000 0.000000
vn -0.066515 -0.995566 -0.066515
vn 0.000000 -0.997776 -0.066663
vn 0.066515 -0.995566 -0.066515
vn 0.066663 -0.997776 0.000000
vn 0.066515 -0.995566 0.066515
vn -0.000000 -0.997776 0.066663
vn 0.000000 1.000000 0.000000
vn -0.000014 1.000000 0.000014
vn 0.000000 1.000000 0.000000
vn 0.000000 1.000000 0.000000
vn 0.000000 1.000000 0.000000
vn 0.000000 1.000000 0.000000
vn 0.000000 1.000000 0.000000
vn 0.000000 1.000000 0.000000
vn 0.000000 1.000000 0.000000
vn 0.000000 1.000000 0.000000
vn -0.000000 1.000000 0.000000
vn -0.000000 1.000000 0.000000
vn 0.000000 1.000000 0.000000
vn 0.000000 1.000000 0.000000
vn 0.000000 1.000000 0.000000
vn 0.000000 1.000000 0.000000
vn -0.027052 0.999432 0.020073
vn -0.114893 0.988128 0.101997
vn -0.188068 0.970988 0.147694
vn -0.047489 0.998319 0.033220
vn -0.025809 0.999143 0.032371
vn -0.000058 1.000000 0.000058
vn -0.000116 1.000000 0.000116
vn -0.044561 0.997330 0.057860
vn 0.000000 1.000000 0.000000
vn 0.000000 1.000000 0.000000
vn 0.000000 1.000000 0.000000
vn 0.000000 1.000000 0.000000
vn 0.000000 1.000000 0.000000
vn -0.000000 1.000000 0.000000
vn -0.000000 1.000000 0.000000
vn 0.000000 1.000000 0.000000
vn 0.000000 1.000000 0.000000
vn 0.000000 1.000000 0.000000
vn 0.000000 1.000000 0.000000
vn 0.000000 1.000000 0.000000
vn 0.000000 1.000000 0.000000
vn 0.000000 1.000000 0.000000
vn 0.000000 1.000000 0.000000
vn 0.000000 1.000000 0.000000
vn 0.000000 1.000000 0.000000
vn 0.000000 1.000000 0.000000
vn 0.000000 1.000000 0.000000
vn 0.000000 1.000000 0.000000
vn 0.000000 1.000000 0.000000
vn 0.000000 1.000000 0.000000
vn 0.000000 1.000000 0.000000
vn 0.000000 1.000000 0.000000
vn 0.000000 1.000000 0.000000
vn 0.000000 1.000000 0.000000
vn 0.000000 1.000000 0.000000
vn 0.000000 1.000000 0.000000
vn 0.000000 1.000000 0.000000
vn -0.000000 1.000000 0.000000
vn 0.000000 1.000000 0.000000
vn 0.000000 1.000000 0.000000
vn 0.000000 1.000000 0.000000
vn 0.000000 1.000000 0.000000
vn 0.000000 1.000000 0.000000
vn 0.000000 1.000000 0.000000
vn -0.000027 1.000000 0.000027
vn 0.000000 1.000000 0.000000
vn -0.003815 0.999986 0.003815
vn 0.000000 1.000000 0.000000
vn 0.000000 1.000000 0.000000
vn 0.000000 1.000000 0.000000
vn 0.000000 1.000000 0.000000
vn 0.000000 1.000000 0.000000
vn 0.000000 1.000000 0.000000
vn 0.000000 1.000000 0.000000
vn 0.000000 1.000000 0.000000
vn -0.000000 1.000000 0.000000
vn -0.186469 0.967571 0.170396
vn -0.268139 0.938565 0.217248
vn 0.000000 1.000000 0.000000
vn 0.000000 1.000000 0.000000
vn 0.000000 1.000000 0.000000
vn 0.000000 1.000000 0.000000
vn 0.000000 1.000000 0.000000
vn 0.000000 1.000000 0.000000
vn 0.000000 1.000000 0.000000
vn 0.024245 -0.016512 0.999570
vn 0.033112 -0.065225 0.997321
vn -0.999510 -0.027666 -0.014632
vn -1.000000 -0.000110 -0.000039
vn -1.000000 0.000000 0.000000
vn -1.000000 0.000000 0.000000
vn 0.000000 0.000000 -1.000000
vn 0.000000 0.000000 -1.000000
vn 0.000000 0.000000 -1.000000
vn 0.000000 0.000000 -1.000000
vn 1.000000 -0.000000 0.000000
vn 1.000000 -0.000000 0.000000
vn 1.000000 -0.000000 0.000000
vn 1.000000 -0.000000 0.000000
vn 0.000000 -0.000000 1.000000
vn 0.000000 -0.000000 1.000000
vn -0.000000 -0.000000 1.000000
vn 0.000163 -0.000066 1.000000
vn -1.000000 0.000000 0.000000
vn -1.000000 0.000000 0.000000
vn 0.000000 0.000000 -1.000000
vn 0.000000 0.000000 -1.000000
vn 1.000000 -0.000000 0.000000
vn 1.000000 -0.000000 0.000000
vn -0.700287 -0.208580 0.682710
vn -0.993973 -0.102856 -0.037916
vn -0.707107 0.000000 -0.707107
vn 0.000000 0.000000 -1.000000
vn 0.707107 -0.000000 -0.707107
vn 1.000000 -0.000000 0.000000
vn 0.707107 -0.000000 0.707107
vn 0.000000 -0.000000 1.000000
g FCSET_Note_Stack_Top_001_0p076_0p761_0p776 Post_Its Note_Stack_Top
usemtl lambert1SG
f 945/1181/2379 944/1182/2380 946/1183/2381 947/1184/2382
f 949/1185/2383 948/1186/2384 950/1187/2385 951/1188/2386
f 953/1189/2387 952/1190/2388 954/1191/2389 955/1192/2390
f 957/1193/2391 956/1194/2392 958/1195/2393 959/1196/2394
f 961/1197/2395 960/1198/2396 962/1349/2397 963/1200/2398
f 965/1201/2399 964/1202/2400 966/1361/2401 967/1204/2402
f 968/1205/2403 948/1186/2384 969/1206/2404 970/1207/2405
f 972/1208/2406 971/1209/2407 973/1359/2408 974/1211/2409
f 976/1212/2410 975/1213/2411 977/1214/2412 978/1215/2413
f 979/1216/2414 952/1190/2388 980/1217/2415 981/1218/2416
f 983/1219/2417 982/1220/2418 984/1221/2419 985/1222/2420
f 987/1223/2421 986/1224/2422 988/1225/2423 989/1226/2424
f 990/1227/2425 956/1194/2392 991/1228/2426 992/1229/2427
f 994/1230/2428 993/1231/2429 995/1232/2430 996/1233/2431
f 998/1234/2432 997/1235/2433 999/1344/2434 1000/1237/2435
f 1001/1238/2436 944/1182/2380 1002/1239/2437 1003/1240/2438
f 946/1183/2381 1004/1241/2439 1005/1351/2440 947/1184/2382
f 1005/1351/2440 960/1198/2396 961/1197/2395 947/1184/2382
f 961/1197/2395 1006/1243/2441 945/1181/2379 947/1184/2382
f 950/1187/2385 1007/1244/2442 1008/1366/2443 951/1188/2386
f 1008/1366/2443 971/1209/2407 972/1208/2406 951/1188/2386
f 972/1208/2406 1009/1246/2444 949/1185/2383 951/1188/2386
f 954/1191/2389 1010/1247/2445 1011/1248/2446 955/1192/2390
f 1011/1248/2446 982/1220/2418 983/1219/2417 955/1192/2390
f 983/1219/2417 1012/1249/2447 953/1189/2387 955/1192/2390
f 958/1195/2393 1013/1250/2448 1014/1251/2449 959/1196/2394
f 1014/1251/2449 993/1231/2429 994/1230/2428 959/1196/2394
f 994/1230/2428 1015/1252/2450 957/1193/2391 959/1196/2394
f 962/1349/2397 1016/1364/2451 1017/1363/2452 963/1200/2398
f 1017/1363/2452 964/1202/2400 965/1201/2399 963/1200/2398
f 965/1201/2399 1006/1243/2441 961/1197/2395 963/1200/2398
f 966/1361/2401 1007/1244/2442 950/1187/2385 967/1204/2402
f 950/1187/2385 948/1186/2384 968/1205/2403 967/1204/2402
f 968/1205/2403 1006/1243/2441 965/1201/2399 967/1204/2402
f 969/1206/2404 1018/1255/2453 1002/1239/2437 970/1207/2405
f 1002/1239/2437 944/1182/2380 945/1181/2379 970/1207/2405
f 945/1181/2379 1006/1243/2441 968/1205/2403 970/1207/2405
f 973/1359/2408 1019/1256/2454 1020/1257/2455 974/1211/2409
f 1020/1257/2455 975/1213/2411 976/1212/2410 974/1211/2409
f 976/1212/2410 1009/1246/2444 972/1208/2406 974/1211/2409
f 977/1214/2412 1010/1247/2445 954/1191/2389 978/1215/2413
f 954/1191/2389 952/1190/2388 979/1216/2414 978/1215/2413
f 979/1216/2414 1009/1246/2444 976/1212/2410 978/1215/2413
f 980/1217/2415 1018/1255/2453 969/1206/2404 981/1218/2416
f 969/1206/2404 948/1186/2384 949/1185/2383 981/1218/2416
f 949/1185/2383 1009/1246/2444 979/1216/2414 981/1218/2416
f 984/1221/2419 1021/1258/2456 1022/1259/2457 985/1222/2420
f 1022/1259/2457 986/1224/2422 987/1223/2421 985/1222/2420
f 987/1223/2421 1012/1249/2447 983/1219/2417 985/1222/2420
f 988/1225/2423 1013/1250/2448 958/1195/2393 989/1226/2424
f 958/1195/2393 956/1194/2392 990/1227/2425 989/1226/2424
f 990/1227/2425 1012/1249/2447 987/1223/2421 989/1226/2424
f 991/1228/2426 1018/1255/2453 980/1217/2415 992/1229/2427
f 980/1217/2415 952/1190/2388 953/1189/2387 992/1229/2427
f 953/1189/2387 1012/1249/2447 990/1227/2425 992/1229/2427
f 995/1232/2430 1023/1347/2458 1024/1346/2459 996/1233/2431
f 1024/1346/2459 997/1235/2433 998/1234/2432 996/1233/2431
f 998/1234/2432 1015/1252/2450 994/1230/2428 996/1233/2431
f 999/1344/2434 1004/1241/2439 946/1183/2381 1000/1237/2435
f 946/1183/2381 944/1182/2380 1001/1238/2436 1000/1237/2435
f 1001/1238/2436 1015/1252/2450 998/1234/2432 1000/1237/2435
f 1002/1239/2437 1018/1255/2453 991/1228/2426 1003/1240/2438
f 991/1228/2426 956/1194/2392 957/1193/2391 1003/1240/2438
f 957/1193/2391 1015/1252/2450 1001/1238/2436 1003/1240/2438
f 892/1262/2460 888/1263/2461 889/1264/2462 876/1265/2463
f 897/1266/2464 893/1267/2465 894/1268/2466 875/1269/2467
f 902/1270/2468 898/1271/2469 899/1272/2470 880/1273/2471
f 907/1274/2472 903/1275/2473 904/1276/2474 884/1277/2475
f 891/1278/2476 908/1279/2477 909/1280/2478 873/1281/2479
f 911/1282/2480 912/1283/2481 913/1284/2482 874/1285/2483
f 914/1286/2484 915/1287/2485 916/1288/2486 875/1269/2467
f 896/1289/2487 918/1290/2488 919/1291/2489 878/1292/2490
f 921/1293/2491 922/1294/2492 923/1295/2493 879/1296/2494
f 924/1297/2495 925/1298/2496 926/1299/2497 880/1273/2471
f 901/1300/2498 927/1301/2499 928/1302/2500 882/1303/2501
f 930/1304/2502 931/1305/2503 932/1354/2504 883/1355/2505
f 933/1308/2506 934/1309/2507 935/1310/2508 884/1277/2475
f 906/1311/2509 936/1312/2510 937/1352/2511 886/1353/2512
f 939/1315/2513 940/1316/2514 941/1317/2515 887/1318/2516
f 942/1319/2517 943/1320/2518 917/1321/2519 876/1265/2463
f 889/1264/2462 888/1263/2461 890/1322/2520 871/1323/2521
f 890/1322/2520 888/1263/2461 891/1278/2476 873/1281/2479
f 891/1278/2476 888/1263/2461 892/1262/2460 872/1324/2522
f 894/1268/2466 893/1267/2465 895/1325/2523 868/1326/2524
f 895/1325/2523 893/1267/2465 896/1289/2487 878/1292/2490
f 896/1289/2487 893/1267/2465 897/1266/2464 877/1327/2525
f 899/1272/2470 898/1271/2469 900/1328/2526 869/1329/2527
f 900/1328/2526 898/1271/2469 901/1300/2498 882/1303/2501
f 901/1300/2498 898/1271/2469 902/1270/2468 881/1330/2528
f 904/1276/2474 903/1275/2473 905/1357/2529 870/1358/2530
f 905/1357/2529 903/1275/2473 906/1311/2509 886/1353/2512
f 906/1311/2509 903/1275/2473 907/1274/2472 885/1333/2531
f 909/1280/2478 908/1279/2477 910/1334/2532 863/1335/2533
f 910/1334/2532 908/1279/2477 911/1282/2480 874/1285/2483
f 911/1282/2480 908/1279/2477 891/1278/2476 872/1324/2522
f 913/1284/2482 912/1283/2481 894/1268/2466 868/1326/2524
f 894/1268/2466 912/1283/2481 914/1286/2484 875/1269/2467
f 914/1286/2484 912/1283/2481 911/1282/2480 872/1324/2522
f 916/1288/2486 915/1287/2485 917/1321/2519 867/1336/2534
f 917/1321/2519 915/1287/2485 892/1262/2460 876/1265/2463
f 892/1262/2460 915/1287/2485 914/1286/2484 872/1324/2522
f 919/1291/2489 918/1290/2488 920/1337/2535 864/1338/2536
f 920/1337/2535 918/1290/2488 921/1293/2491 879/1296/2494
f 921/1293/2491 918/1290/2488 896/1289/2487 877/1327/2525
f 923/1295/2493 922/1294/2492 899/1272/2470 869/1329/2527
f 899/1272/2470 922/1294/2492 924/1297/2495 880/1273/2471
f 924/1297/2495 922/1294/2492 921/1293/2491 877/1327/2525
f 926/1299/2497 925/1298/2496 916/1288/2486 867/1336/2534
f 916/1288/2486 925/1298/2496 897/1266/2464 875/1269/2467
f 897/1266/2464 925/1298/2496 924/1297/2495 877/1327/2525
f 928/1302/2500 927/1301/2499 929/1356/2537 865/1340/2538
f 929/1356/2537 927/1301/2499 930/1304/2502 883/1355/2505
f 930/1304/2502 927/1301/2499 901/1300/2498 881/1330/2528
f 932/1354/2504 931/1305/2503 904/1276/2474 870/1358/2530
f 904/1276/2474 931/1305/2503 933/1308/2506 884/1277/2475
f 933/1308/2506 931/1305/2503 930/1304/2502 881/1330/2528
f 935/1310/2508 934/1309/2507 926/1299/2497 867/1336/2534
f 926/1299/2497 934/1309/2507 902/1270/2468 880/1273/2471
f 902/1270/2468 934/1309/2507 933/1308/2506 881/1330/2528
f 937/1352/2511 936/1312/2510 938/1341/2539 866/1342/2540
f 938/1341/2539 936/1312/2510 939/1315/2513 887/1318/2516
f 939/1315/2513 936/1312/2510 906/1311/2509 885/1333/2531
f 941/1317/2515 940/1316/2514 889/1264/2462 871/1323/2521
f 889/1264/2462 940/1316/2514 942/1319/2517 876/1265/2463
f 942/1319/2517 940/1316/2514 939/1315/2513 885/1333/2531
f 917/1321/2519 943/1320/2518 935/1310/2508 867/1336/2534
f 935/1310/2508 943/1320/2518 907/1274/2472 884/1277/2475
f 907/1274/2472 943/1320/2518 942/1319/2517 885/1333/2531
f 873/1281/2541 909/1280/2542 962/1199/2397 960/1350/2396
f 874/1285/2543 913/1284/2544 966/1203/2401 964/1362/2400
f 878/1292/2545 919/1291/2546 973/1210/2408 971/1365/2407
f 879/1296/2547 923/1295/2548 977/1214/2412 975/1213/2411
f 882/1303/2549 928/1302/2550 984/1221/2419 982/1220/2418
f 883/1307/2551 932/1306/2552 988/1225/2423 986/1224/2422
f 886/1314/2553 937/1313/2554 995/1232/2430 993/1231/2429
f 887/1318/2555 941/1317/2556 999/1236/2434 997/1345/2433
f 871/1323/2557 890/1322/2558 1005/1242/2440 1004/1343/2439
f 890/1322/2558 873/1281/2541 960/1350/2396 1005/1242/2440
f 868/1326/2559 895/1325/2560 1008/1245/2443 1007/1360/2442
f 895/1325/2560 878/1292/2545 971/1365/2407 1008/1245/2443
f 869/1329/2561 900/1328/2562 1011/1248/2446 1010/1247/2445
f 900/1328/2562 882/1303/2549 982/1220/2418 1011/1248/2446
f 870/1332/2563 905/1331/2564 1014/1251/2449 1013/1250/2448
f 905/1331/2564 886/1314/2553 993/1231/2429 1014/1251/2449
f 909/1280/2542 863/1335/2565 1016/1253/2451 962/1199/2397
f 863/1335/2565 910/1334/2566 1017/1254/2452 1016/1253/2451
f 910/1334/2566 874/1285/2543 964/1362/2400 1017/1254/2452
f 913/1284/2544 868/1326/2559 1007/1360/2442 966/1203/2401
f 919/1291/2546 864/1338/2567 1019/1256/2454 973/1210/2408
f 864/1338/2567 920/1337/2568 1020/1257/2455 1019/1256/2454
f 920/1337/2568 879/1296/2547 975/1213/2411 1020/1257/2455
f 923/1295/2548 869/1329/2561 1010/1247/2445 977/1214/2412
f 928/1302/2550 865/1340/2569 1021/1258/2456 984/1221/2419
f 865/1340/2569 929/1339/2570 1022/1259/2457 1021/1258/2456
f 929/1339/2570 883/1307/2551 986/1224/2422 1022/1259/2457
f 932/1306/2552 870/1332/2563 1013/1250/2448 988/1225/2423
f 937/1313/2554 866/1348/2571 1023/1347/2458 995/1232/2430
f 866/1342/2571 938/1341/2572 1024/1261/2459 1023/1260/2458
f 938/1341/2572 887/1318/2555 997/1345/2433 1024/1261/2459
f 941/1317/2556 871/1323/2557 1004/1343/2439 999/1236/2434
