# This file uses centimeters as units for non-parametric coordinates.

mtllib Note_Container.mtl
g default
v 0.494976 0.214700 -0.500000
v 0.500000 0.214700 -0.494976
v 0.500000 0.232981 -0.494976
v 0.494976 0.232981 -0.500000
v 0.494976 0.251262 -0.500000
v 0.500000 0.251262 -0.494976
v 0.500000 0.269544 -0.494976
v 0.494976 0.269543 -0.500000
v 0.494976 0.287824 -0.500000
v 0.500000 0.287825 -0.494976
v 0.500000 0.306106 -0.494976
v 0.494976 0.306106 -0.500000
v 0.494976 0.324387 -0.500000
v 0.500000 0.324387 -0.494976
v 0.500000 0.342668 -0.494976
v 0.494976 0.342668 -0.500000
v 0.494976 0.360949 -0.500000
v 0.500000 0.360949 -0.494976
v 0.500000 0.379230 -0.494976
v 0.494976 0.379230 -0.500000
v 0.494976 0.397511 -0.500000
v 0.500000 0.397511 -0.494976
v 0.500000 0.415792 -0.494976
v 0.494976 0.415792 -0.500000
v 0.494976 0.434073 -0.500000
v 0.500000 0.434073 -0.494976
v 0.500000 0.452354 -0.494976
v 0.494976 0.452354 -0.500000
v 0.494977 0.470635 -0.500000
v 0.500000 0.470635 -0.494976
v 0.500000 0.488916 -0.494976
v 0.494977 0.488916 -0.500000
v 0.494976 0.507197 -0.500000
v 0.500000 0.507197 -0.494976
v 0.500000 0.525478 -0.494976
v 0.494976 0.525478 -0.500000
v 0.494976 0.543759 -0.500000
v 0.500000 0.543759 -0.494976
v 0.500000 0.562040 -0.494976
v 0.494976 0.562040 -0.500000
v 0.494976 0.580321 -0.500000
v 0.500000 0.580321 -0.494976
v 0.500000 0.598602 -0.494976
v 0.494976 0.598602 -0.500000
v 0.494976 0.616883 -0.500000
v 0.500000 0.616883 -0.494976
v 0.500000 0.635164 -0.494976
v 0.494976 0.635164 -0.500000
v 0.494976 0.653445 -0.500000
v 0.500000 0.653445 -0.494976
v 0.500000 0.671726 -0.494976
v 0.494976 0.671726 -0.500000
v 0.494976 0.690007 -0.500000
v 0.500000 0.690007 -0.494976
v 0.500000 0.708288 -0.494976
v 0.494976 0.708288 -0.500000
v -0.500000 0.214700 -0.494976
v -0.494976 0.214700 -0.500000
v -0.494976 0.232981 -0.500000
v -0.500000 0.232981 -0.494976
v -0.500000 0.251262 -0.494976
v -0.494976 0.251262 -0.500000
v -0.494976 0.269544 -0.500000
v -0.500000 0.269544 -0.494976
v -0.500000 0.287825 -0.494976
v -0.494976 0.287825 -0.500000
v -0.494976 0.306106 -0.500000
v -0.500000 0.306106 -0.494976
v -0.500000 0.324387 -0.494976
v -0.494976 0.324387 -0.500000
v -0.494976 0.342668 -0.500000
v -0.500000 0.342668 -0.494976
v -0.500000 0.360949 -0.494976
v -0.494976 0.360949 -0.500000
v -0.494976 0.379230 -0.500000
v -0.500000 0.379230 -0.494976
v -0.500000 0.397511 -0.494976
v -0.494976 0.397511 -0.500000
v -0.494976 0.415792 -0.500000
v -0.500000 0.415792 -0.494976
v -0.500000 0.434073 -0.494976
v -0.494976 0.434073 -0.500000
v -0.494976 0.452354 -0.500000
v -0.500000 0.452354 -0.494976
v -0.500000 0.470635 -0.494976
v -0.494976 0.470635 -0.500000
v -0.494976 0.488916 -0.500000
v -0.500000 0.488916 -0.494976
v -0.500000 0.507197 -0.494976
v -0.494977 0.507197 -0.500000
v -0.494976 0.525478 -0.500000
v -0.500000 0.525478 -0.494976
v -0.500000 0.543759 -0.494976
v -0.494976 0.543759 -0.500000
v -0.494977 0.562040 -0.500000
v -0.500000 0.562040 -0.494976
v -0.500000 0.580321 -0.494976
v -0.494976 0.580321 -0.500000
v -0.494976 0.598602 -0.500000
v -0.500000 0.598602 -0.494976
v -0.500000 0.616883 -0.494976
v -0.494976 0.616883 -0.500000
v -0.494976 0.635164 -0.500000
v -0.500000 0.635164 -0.494976
v -0.500000 0.653445 -0.494976
v -0.494976 0.653445 -0.500000
v -0.494976 0.671726 -0.500000
v -0.500000 0.671726 -0.494976
v -0.500000 0.690007 -0.494976
v -0.494976 0.690007 -0.500000
v -0.494976 0.708288 -0.500000
v -0.500000 0.708288 -0.494976
v -0.494976 0.214700 0.500000
v -0.500000 0.214700 0.494976
v -0.500000 0.232981 0.494976
v -0.494976 0.232981 0.500000
v -0.494976 0.251262 0.500000
v -0.500000 0.251262 0.494976
v -0.500000 0.269544 0.494976
v -0.494976 0.269544 0.500000
v -0.494976 0.287825 0.500000
v -0.500000 0.287825 0.494976
v -0.500000 0.306106 0.494976
v -0.494976 0.306106 0.500000
v -0.494976 0.324387 0.500000
v -0.500000 0.324387 0.494976
v -0.500000 0.342668 0.494976
v -0.494976 0.342668 0.500000
v -0.494976 0.360949 0.500000
v -0.500000 0.360949 0.494976
v -0.500000 0.379230 0.494976
v -0.494976 0.379230 0.500000
v -0.494976 0.397511 0.500000
v -0.500000 0.397511 0.494976
v -0.500000 0.415792 0.494976
v -0.494976 0.415792 0.500000
v -0.494976 0.434073 0.500000
v -0.500000 0.434073 0.494976
v -0.500000 0.452354 0.494976
v -0.494976 0.452354 0.500000
v -0.494976 0.470635 0.500000
v -0.500000 0.470635 0.494976
v -0.500000 0.488916 0.494976
v -0.494976 0.488916 0.500000
v -0.494977 0.507197 0.500000
v -0.500000 0.507197 0.494976
v -0.500000 0.525478 0.494976
v -0.494976 0.525478 0.500000
v -0.494976 0.543759 0.500000
v -0.500000 0.543759 0.494976
v -0.500000 0.562040 0.494976
v -0.494977 0.562040 0.500000
v -0.494976 0.580321 0.500000
v -0.500000 0.580321 0.494976
v -0.500000 0.598602 0.494976
v -0.494976 0.598602 0.500000
v -0.494976 0.616883 0.500000
v -0.500000 0.616883 0.494976
v -0.500000 0.635164 0.494976
v -0.494976 0.635164 0.500000
v -0.494976 0.653445 0.500000
v -0.500000 0.653445 0.494976
v -0.500000 0.671726 0.494976
v -0.494976 0.671726 0.500000
v -0.494976 0.690007 0.500000
v -0.500000 0.690007 0.494976
v -0.500000 0.708288 0.494976
v -0.494976 0.708288 0.500000
v 0.500000 0.214700 0.494976
v 0.494976 0.214700 0.500000
v 0.494976 0.232981 0.500000
v 0.500000 0.232981 0.494976
v 0.500000 0.251262 0.494976
v 0.494976 0.251262 0.500000
v 0.494976 0.269543 0.500000
v 0.500000 0.269544 0.494976
v 0.500000 0.287825 0.494976
v 0.494976 0.287824 0.500000
v 0.494976 0.306106 0.500000
v 0.500000 0.306106 0.494976
v 0.500000 0.324387 0.494976
v 0.494976 0.324387 0.500000
v 0.494976 0.342668 0.500000
v 0.500000 0.342668 0.494976
v 0.500000 0.360949 0.494976
v 0.494976 0.360949 0.500000
v 0.494976 0.379230 0.500000
v 0.500000 0.379230 0.494976
v 0.500000 0.397511 0.494976
v 0.494976 0.397511 0.500000
v 0.494976 0.415792 0.500000
v 0.500000 0.415792 0.494976
v 0.500000 0.434073 0.494976
v 0.494976 0.434073 0.500000
v 0.494976 0.452354 0.500000
v 0.500000 0.452354 0.494976
v 0.500000 0.470635 0.494976
v 0.494977 0.470635 0.500000
v 0.494977 0.488916 0.500000
v 0.500000 0.488916 0.494976
v 0.500000 0.507197 0.494976
v 0.494976 0.507197 0.500000
v 0.494976 0.525478 0.500000
v 0.500000 0.525478 0.494976
v 0.500000 0.543759 0.494976
v 0.494976 0.543759 0.500000
v 0.494976 0.562040 0.500000
v 0.500000 0.562040 0.494976
v 0.500000 0.580321 0.494976
v 0.494976 0.580321 0.500000
v 0.494976 0.598602 0.500000
v 0.500000 0.598602 0.494976
v 0.500000 0.616883 0.494976
v 0.494976 0.616883 0.500000
v 0.494976 0.635164 0.500000
v 0.500000 0.635164 0.494976
v 0.500000 0.653445 0.494976
v 0.494976 0.653445 0.500000
v 0.494976 0.671726 0.500000
v 0.500000 0.671726 0.494976
v 0.500000 0.690007 0.494976
v 0.494976 0.690007 0.500000
v 0.494976 0.708288 0.500000
v 0.500000 0.708288 0.494976
v 0.500000 0.726569 -0.494976
v 0.494976 0.726569 -0.500000
v 0.494976 0.726569 0.500000
v 0.500000 0.726569 0.494976
v -0.494976 0.726569 -0.500000
v -0.500000 0.726569 -0.494976
v -0.500000 0.726569 0.494976
v -0.494976 0.726569 0.500000
v 0.494977 0.196419 -0.500000
v 0.500000 0.196419 -0.494976
v 0.500000 0.196419 0.494976
v 0.494977 0.196419 0.500000
v -0.500000 0.196419 -0.494976
v -0.494976 0.196419 -0.500000
v -0.494976 0.196419 0.500000
v -0.500000 0.196419 0.494976
v 0.492353 0.704513 -0.487329
v 0.487329 0.704513 -0.492353
v 0.492353 0.704513 0.487329
v 0.487329 0.704513 0.492353
v 0.492353 0.722515 -0.487329
v 0.487329 0.722515 -0.492353
v 0.492353 0.722515 0.487329
v 0.487329 0.722515 0.492353
v -0.487329 0.704513 -0.492353
v -0.492353 0.704513 -0.487329
v -0.487329 0.722515 -0.492353
v -0.492353 0.722515 -0.487329
v -0.492353 0.704513 0.487329
v -0.487329 0.704513 0.492353
v -0.492353 0.722515 0.487329
v -0.487329 0.722515 0.492353
v 0.492353 0.668511 -0.487329
v 0.487329 0.668511 -0.492353
v 0.492353 0.668511 0.487329
v 0.487329 0.668511 0.492353
v 0.492353 0.686512 -0.487329
v 0.487329 0.686512 -0.492353
v 0.492353 0.686512 0.487329
v 0.487329 0.686512 0.492353
v -0.487329 0.668511 -0.492353
v -0.492353 0.668511 -0.487329
v -0.487329 0.686512 -0.492353
v -0.492353 0.686512 -0.487329
v -0.492353 0.668511 0.487329
v -0.487329 0.668511 0.492353
v -0.492353 0.686512 0.487329
v -0.487329 0.686512 0.492353
v 0.492353 0.632508 -0.487329
v 0.487329 0.632508 -0.492353
v 0.492353 0.632508 0.487329
v 0.487329 0.632508 0.492353
v 0.492353 0.650509 -0.487329
v 0.487329 0.650509 -0.492353
v 0.492353 0.650509 0.487329
v 0.487329 0.650509 0.492353
v -0.487329 0.632508 -0.492353
v -0.492353 0.632508 -0.487329
v -0.487329 0.650509 -0.492353
v -0.492353 0.650509 -0.487329
v -0.492353 0.632508 0.487329
v -0.487329 0.632508 0.492353
v -0.492353 0.650509 0.487329
v -0.487329 0.650509 0.492353
v 0.492353 0.596505 -0.487329
v 0.487329 0.596505 -0.492353
v 0.492353 0.596505 0.487329
v 0.487329 0.596505 0.492353
v 0.492353 0.614506 -0.487329
v 0.487329 0.614506 -0.492353
v 0.492353 0.614506 0.487329
v 0.487329 0.614506 0.492353
v -0.487329 0.596505 -0.492353
v -0.492353 0.596505 -0.487329
v -0.487329 0.614506 -0.492353
v -0.492353 0.614506 -0.487329
v -0.492353 0.596505 0.487329
v -0.487329 0.596505 0.492353
v -0.492353 0.614506 0.487329
v -0.487329 0.614506 0.492353
v 0.492353 0.560502 -0.487329
v 0.487329 0.560502 -0.492353
v 0.492353 0.560502 0.487329
v 0.487329 0.560502 0.492353
v 0.492353 0.578503 -0.487329
v 0.487329 0.578503 -0.492353
v 0.492353 0.578503 0.487329
v 0.487329 0.578503 0.492353
v -0.487329 0.560502 -0.492353
v -0.492353 0.560502 -0.487329
v -0.487329 0.578503 -0.492353
v -0.492353 0.578503 -0.487329
v -0.492353 0.560502 0.487329
v -0.487329 0.560502 0.492353
v -0.492353 0.578503 0.487329
v -0.487329 0.578503 0.492353
v 0.492353 0.524499 -0.487329
v 0.487329 0.524499 -0.492353
v 0.492353 0.524499 0.487329
v 0.487329 0.524499 0.492353
v 0.492353 0.542501 -0.487329
v 0.487329 0.542501 -0.492353
v 0.492353 0.542501 0.487329
v 0.487329 0.542501 0.492353
v -0.487329 0.524499 -0.492353
v -0.492353 0.524499 -0.487329
v -0.487329 0.542501 -0.492353
v -0.492353 0.542501 -0.487329
v -0.492353 0.524499 0.487329
v -0.487329 0.524499 0.492353
v -0.492353 0.542501 0.487329
v -0.487329 0.542501 0.492353
v 0.492353 0.488496 -0.487329
v 0.487329 0.488496 -0.492353
v 0.492353 0.488496 0.487329
v 0.487329 0.488496 0.492353
v 0.492353 0.506498 -0.487329
v 0.487329 0.506498 -0.492353
v 0.492353 0.506498 0.487329
v 0.487329 0.506498 0.492353
v -0.487329 0.488496 -0.492353
v -0.492353 0.488496 -0.487329
v -0.487329 0.506498 -0.492353
v -0.492353 0.506498 -0.487329
v -0.492353 0.488496 0.487329
v -0.487329 0.488496 0.492353
v -0.492353 0.506498 0.487329
v -0.487329 0.506498 0.492353
v 0.492353 0.452494 -0.487329
v 0.487329 0.452494 -0.492353
v 0.492353 0.452494 0.487329
v 0.487329 0.452494 0.492353
v 0.492353 0.470495 -0.487329
v 0.487329 0.470495 -0.492353
v 0.492353 0.470495 0.487329
v 0.487329 0.470495 0.492353
v -0.487329 0.452494 -0.492353
v -0.492353 0.452494 -0.487329
v -0.487329 0.470495 -0.492353
v -0.492353 0.470495 -0.487329
v -0.492353 0.452494 0.487329
v -0.487329 0.452494 0.492353
v -0.492353 0.470495 0.487329
v -0.487329 0.470495 0.492353
v 0.492353 0.416491 -0.487329
v 0.487329 0.416491 -0.492353
v 0.492353 0.416491 0.487329
v 0.487329 0.416491 0.492353
v 0.492353 0.434492 -0.487329
v 0.487329 0.434492 -0.492353
v 0.492353 0.434492 0.487329
v 0.487329 0.434492 0.492353
v -0.487329 0.416491 -0.492353
v -0.492353 0.416491 -0.487329
v -0.487329 0.434492 -0.492353
v -0.492353 0.434492 -0.487329
v -0.492353 0.416491 0.487329
v -0.487329 0.416491 0.492353
v -0.492353 0.434492 0.487329
v -0.487329 0.434492 0.492353
v 0.492353 0.380488 -0.487329
v 0.487329 0.380488 -0.492353
v 0.492353 0.380488 0.487329
v 0.487329 0.380488 0.492353
v 0.492353 0.398489 -0.487329
v 0.487329 0.398489 -0.492353
v 0.492353 0.398489 0.487329
v 0.487329 0.398489 0.492353
v -0.487329 0.380488 -0.492353
v -0.492353 0.380488 -0.487329
v -0.487329 0.398489 -0.492353
v -0.492353 0.398489 -0.487329
v -0.492353 0.380488 0.487329
v -0.487329 0.380488 0.492353
v -0.492353 0.398489 0.487329
v -0.487329 0.398489 0.492353
v 0.492353 0.344485 -0.487329
v 0.487329 0.344485 -0.492353
v 0.492353 0.344485 0.487329
v 0.487329 0.344485 0.492353
v 0.492353 0.362486 -0.487329
v 0.487329 0.362486 -0.492353
v 0.492353 0.362486 0.487329
v 0.487329 0.362486 0.492353
v -0.487329 0.344485 -0.492353
v -0.492353 0.344485 -0.487329
v -0.487329 0.362486 -0.492353
v -0.492353 0.362486 -0.487329
v -0.492353 0.344485 0.487329
v -0.487329 0.344485 0.492353
v -0.492353 0.362486 0.487329
v -0.487329 0.362486 0.492353
v 0.492353 0.308482 -0.487329
v 0.487329 0.308482 -0.492353
v 0.492353 0.308482 0.487329
v 0.487329 0.308482 0.492353
v 0.492353 0.326484 -0.487329
v 0.487329 0.326484 -0.492353
v 0.492353 0.326484 0.487329
v 0.487329 0.326484 0.492353
v -0.487329 0.308482 -0.492353
v -0.492353 0.308482 -0.487329
v -0.487329 0.326484 -0.492353
v -0.492353 0.326484 -0.487329
v -0.492353 0.308482 0.487329
v -0.487329 0.308482 0.492353
v -0.492353 0.326484 0.487329
v -0.487329 0.326484 0.492353
v 0.492353 0.272479 -0.487329
v 0.487329 0.272479 -0.492353
v 0.492353 0.272479 0.487329
v 0.487329 0.272479 0.492353
v 0.492353 0.290481 -0.487329
v 0.487329 0.290481 -0.492353
v 0.492353 0.290481 0.487329
v 0.487329 0.290481 0.492353
v -0.487329 0.272479 -0.492353
v -0.492353 0.272479 -0.487329
v -0.487329 0.290481 -0.492353
v -0.492353 0.290481 -0.487329
v -0.492353 0.272479 0.487329
v -0.487329 0.272479 0.492353
v -0.492353 0.290481 0.487329
v -0.487329 0.290481 0.492353
v 0.492353 0.236476 -0.487329
v 0.487329 0.236476 -0.492353
v 0.492353 0.236476 0.487329
v 0.487329 0.236476 0.492353
v 0.492353 0.254478 -0.487329
v 0.487329 0.254478 -0.492353
v 0.492353 0.254478 0.487329
v 0.487329 0.254478 0.492353
v -0.487329 0.236476 -0.492353
v -0.492353 0.236476 -0.487329
v -0.487329 0.254478 -0.492353
v -0.492353 0.254478 -0.487329
v -0.492353 0.236476 0.487329
v -0.487329 0.236476 0.492353
v -0.492353 0.254478 0.487329
v -0.487329 0.254478 0.492353
v 0.492353 0.200474 -0.487329
v 0.487329 0.200474 -0.492353
v 0.492353 0.200474 0.487329
v 0.487329 0.200474 0.492353
v 0.492353 0.218475 -0.487329
v 0.487329 0.218475 -0.492353
v 0.492353 0.218475 0.487329
v 0.487329 0.218475 0.492353
v -0.487329 0.200474 -0.492353
v -0.492353 0.200474 -0.487329
v -0.487329 0.218475 -0.492353
v -0.492353 0.218475 -0.487329
v -0.492353 0.200474 0.487329
v -0.487329 0.200474 0.492353
v -0.492353 0.218475 0.487329
v -0.487329 0.218475 0.492353
v 0.494977 0.183935 0.500000
v 0.500000 0.183935 0.494976
v 0.489180 0.178138 0.494204
v 0.494204 0.178138 0.489180
v 0.489180 0.178138 -0.494204
v 0.494204 0.178138 -0.489180
v 0.500000 0.183935 -0.494976
v 0.494977 0.183935 -0.500000
v -0.494204 0.178138 0.489180
v -0.489180 0.178138 0.494204
v -0.500000 0.183935 0.494976
v -0.494976 0.183935 0.500000
v -0.489180 0.178138 -0.494204
v -0.494204 0.178138 -0.489180
v -0.494976 0.183935 -0.500000
v -0.500000 0.183935 -0.494976
v 0.494204 0.744850 -0.489180
v 0.489180 0.744850 -0.494204
v 0.494976 0.739054 -0.500000
v 0.500000 0.739054 -0.494976
v -0.494204 0.744850 -0.489180
v -0.489180 0.744850 -0.494204
v -0.500000 0.739054 -0.494976
v -0.494976 0.739054 -0.500000
v 0.500000 0.739054 0.494976
v 0.494976 0.739054 0.500000
v 0.489180 0.744850 0.494204
v 0.494204 0.744850 0.489180
v -0.494204 0.744850 0.489180
v -0.489180 0.744850 0.494204
v -0.494976 0.739054 0.500000
v -0.500000 0.739054 0.494976
vt 0.691031 0.340651
vt 0.689509 0.341506
vt 0.522486 0.341506
vt 0.521738 0.340651
vt 0.597083 0.474189
vt 0.383891 0.005883
vt 0.384704 0.007406
vt 0.384704 0.171781
vt 0.690472 0.351022
vt 0.700176 0.341467
vt 0.703306 0.341467
vt 0.690472 0.354209
vt 0.690463 0.360052
vt 0.709247 0.341484
vt 0.712376 0.341484
vt 0.690463 0.363235
vt 0.690637 0.368945
vt 0.718246 0.341498
vt 0.721375 0.341498
vt 0.690637 0.372306
vt 0.690729 0.377770
vt 0.727185 0.341511
vt 0.730314 0.341511
vt 0.690729 0.380987
vt 0.690961 0.386724
vt 0.736077 0.341522
vt 0.739206 0.341522
vt 0.690961 0.389881
vt 0.691099 0.395685
vt 0.744934 0.341532
vt 0.748064 0.341532
vt 0.691099 0.398851
vt 0.691174 0.404290
vt 0.753771 0.341541
vt 0.756900 0.341541
vt 0.691174 0.407506
vt 0.691639 0.413159
vt 0.762600 0.341549
vt 0.765730 0.341549
vt 0.691639 0.416341
vt 0.692066 0.421984
vt 0.771437 0.341556
vt 0.774566 0.341556
vt 0.692066 0.425167
vt 0.692487 0.430838
vt 0.780294 0.341562
vt 0.783424 0.341562
vt 0.692487 0.434023
vt 0.692900 0.439734
vt 0.789186 0.341567
vt 0.792315 0.341567
vt 0.692900 0.442921
vt 0.692865 0.448794
vt 0.798125 0.341571
vt 0.801255 0.341571
vt 0.692865 0.451979
vt 0.692825 0.457789
vt 0.807124 0.341575
vt 0.810254 0.341575
vt 0.692825 0.460977
vt 0.693185 0.466789
vt 0.816195 0.341578
vt 0.819324 0.341578
vt 0.693185 0.470024
vt 0.700176 0.172243
vt 0.511680 0.003934
vt 0.508613 0.003934
vt 0.703306 0.172243
vt 0.709247 0.172233
vt 0.502694 0.004164
vt 0.499627 0.004164
vt 0.712376 0.172233
vt 0.718246 0.172225
vt 0.493899 0.004414
vt 0.490803 0.004414
vt 0.721375 0.172225
vt 0.727185 0.172218
vt 0.485060 0.004473
vt 0.481965 0.004473
vt 0.730314 0.172218
vt 0.736077 0.172212
vt 0.476270 0.004530
vt 0.473176 0.004530
vt 0.739206 0.172212
vt 0.744934 0.172207
vt 0.467514 0.004586
vt 0.464421 0.004586
vt 0.748064 0.172207
vt 0.753771 0.172203
vt 0.458781 0.004644
vt 0.455691 0.004644
vt 0.756900 0.172203
vt 0.762600 0.172200
vt 0.449895 0.004761
vt 0.446783 0.004761
vt 0.765730 0.172200
vt 0.771437 0.172198
vt 0.441151 0.005118
vt 0.438042 0.005118
vt 0.774566 0.172198
vt 0.780294 0.172196
vt 0.432449 0.005309
vt 0.429369 0.005309
vt 0.783424 0.172196
vt 0.789186 0.172195
vt 0.423608 0.005451
vt 0.420527 0.005451
vt 0.792315 0.172195
vt 0.798125 0.172195
vt 0.414721 0.005518
vt 0.411636 0.005518
vt 0.801255 0.172195
vt 0.807124 0.172195
vt 0.405779 0.006079
vt 0.402696 0.006079
vt 0.810254 0.172195
vt 0.816195 0.172196
vt 0.397093 0.006239
vt 0.394007 0.006239
vt 0.819324 0.172196
vt 0.511680 0.172482
vt 0.511680 0.172864
vt 0.508613 0.172864
vt 0.508613 0.172482
vt 0.502694 0.172506
vt 0.502694 0.172869
vt 0.499627 0.172869
vt 0.499627 0.172506
vt 0.493899 0.172509
vt 0.493899 0.172862
vt 0.490803 0.172862
vt 0.490803 0.172509
vt 0.485060 0.172500
vt 0.485060 0.172846
vt 0.481965 0.172846
vt 0.481965 0.172500
vt 0.476270 0.172480
vt 0.476270 0.172821
vt 0.473176 0.172821
vt 0.473176 0.172480
vt 0.467514 0.172449
vt 0.467514 0.172788
vt 0.464421 0.172788
vt 0.464421 0.172449
vt 0.458781 0.172408
vt 0.458781 0.172745
vt 0.455691 0.172745
vt 0.455691 0.172408
vt 0.449895 0.172371
vt 0.449895 0.172708
vt 0.446783 0.172708
vt 0.446783 0.172371
vt 0.441151 0.172329
vt 0.441151 0.172668
vt 0.438042 0.172668
vt 0.438042 0.172329
vt 0.432449 0.172281
vt 0.432449 0.172622
vt 0.429369 0.172622
vt 0.429369 0.172281
vt 0.423608 0.172220
vt 0.423608 0.172566
vt 0.420527 0.172566
vt 0.420527 0.172220
vt 0.414721 0.172144
vt 0.414721 0.172493
vt 0.411636 0.172493
vt 0.411636 0.172144
vt 0.405779 0.172049
vt 0.405779 0.172767
vt 0.402696 0.172767
vt 0.402696 0.172049
vt 0.397093 0.171964
vt 0.396692 0.172588
vt 0.393589 0.172588
vt 0.394007 0.171964
vt 0.511680 0.341798
vt 0.521522 0.351022
vt 0.521522 0.354209
vt 0.508613 0.341798
vt 0.502694 0.341770
vt 0.521598 0.360052
vt 0.521598 0.363235
vt 0.499627 0.341770
vt 0.493899 0.341735
vt 0.521659 0.368945
vt 0.521659 0.372306
vt 0.490803 0.341735
vt 0.485060 0.341690
vt 0.521933 0.377770
vt 0.521933 0.380987
vt 0.481965 0.341690
vt 0.476270 0.341635
vt 0.522017 0.386724
vt 0.522017 0.389881
vt 0.473176 0.341635
vt 0.467514 0.341567
vt 0.522095 0.395685
vt 0.522095 0.398851
vt 0.464421 0.341567
vt 0.458781 0.341485
vt 0.522161 0.404290
vt 0.522161 0.407506
vt 0.455691 0.341485
vt 0.449895 0.341387
vt 0.522225 0.413159
vt 0.522225 0.416341
vt 0.446783 0.341387
vt 0.441151 0.341272
vt 0.522278 0.421984
vt 0.522278 0.425167
vt 0.438042 0.341272
vt 0.432449 0.341138
vt 0.522322 0.430838
vt 0.522322 0.434023
vt 0.429369 0.341138
vt 0.423608 0.340982
vt 0.522355 0.439734
vt 0.522355 0.442921
vt 0.420527 0.340982
vt 0.414721 0.340804
vt 0.522367 0.448794
vt 0.522367 0.451979
vt 0.411636 0.340804
vt 0.405779 0.340599
vt 0.522356 0.457789
vt 0.522356 0.460977
vt 0.402696 0.340599
vt 0.396692 0.340368
vt 0.522368 0.466789
vt 0.522368 0.470024
vt 0.393589 0.340368
vt 0.820784 0.340271
vt 0.392273 0.502362
vt 0.523550 0.471814
vt 0.392273 0.339681
vt 0.386810 0.503577
vt 0.825347 0.341580
vt 0.827484 0.341580
vt 0.384705 0.503577
vt 0.389212 0.502362
vt 0.823865 0.340271
vt 0.387546 0.339681
vt 0.386810 0.339681
vt 0.384705 0.339681
vt 0.385401 0.339681
vt 0.389212 0.339681
vt 0.389212 0.339681
vt 0.392273 0.007367
vt 0.820784 0.173505
vt 0.825347 0.172197
vt 0.388117 0.006447
vt 0.385904 0.006447
vt 0.827484 0.172197
vt 0.823865 0.173505
vt 0.389212 0.007367
vt 0.392273 0.172588
vt 0.392273 0.171781
vt 0.388117 0.171781
vt 0.387546 0.171781
vt 0.385401 0.171781
vt 0.385904 0.171781
vt 0.389212 0.171781
vt 0.389212 0.172588
vt 0.811674 0.340268
vt 0.691754 0.462488
vt 0.523420 0.462488
vt 0.401291 0.339181
vt 0.691754 0.465313
vt 0.814755 0.340268
vt 0.398215 0.339181
vt 0.523420 0.465313
vt 0.401291 0.007200
vt 0.811674 0.173503
vt 0.814755 0.173503
vt 0.398215 0.007200
vt 0.401291 0.172767
vt 0.401291 0.171176
vt 0.398215 0.171176
vt 0.398215 0.172767
vt 0.802640 0.340265
vt 0.691770 0.453458
vt 0.523436 0.453458
vt 0.410263 0.339398
vt 0.691770 0.456296
vt 0.805722 0.340265
vt 0.407179 0.339398
vt 0.523436 0.456296
vt 0.410263 0.007031
vt 0.802640 0.173503
vt 0.805722 0.173503
vt 0.407179 0.007031
vt 0.410263 0.173278
vt 0.410263 0.171266
vt 0.407179 0.171266
vt 0.407179 0.173278
vt 0.793673 0.340260
vt 0.691848 0.444504
vt 0.523439 0.444504
vt 0.419179 0.339588
vt 0.691848 0.447338
vt 0.796754 0.340260
vt 0.416088 0.339588
vt 0.523439 0.447338
vt 0.419179 0.006826
vt 0.793673 0.173503
vt 0.796754 0.173503
vt 0.416088 0.006826
vt 0.419179 0.173372
vt 0.419179 0.171343
vt 0.416088 0.171343
vt 0.416088 0.173372
vt 0.784759 0.340256
vt 0.691465 0.435465
vt 0.523417 0.435465
vt 0.428040 0.339755
vt 0.691465 0.438300
vt 0.787840 0.340256
vt 0.424949 0.339755
vt 0.523417 0.438300
vt 0.428040 0.006673
vt 0.784759 0.173504
vt 0.787840 0.173504
vt 0.424949 0.006673
vt 0.428040 0.173440
vt 0.428040 0.171404
vt 0.424949 0.171404
vt 0.424949 0.173440
vt 0.775886 0.340250
vt 0.691049 0.426593
vt 0.523378 0.426593
vt 0.436864 0.339899
vt 0.691049 0.429423
vt 0.778967 0.340250
vt 0.433770 0.339899
vt 0.523378 0.429423
vt 0.436864 0.006543
vt 0.775886 0.173505
vt 0.778967 0.173505
vt 0.433770 0.006543
vt 0.436864 0.173496
vt 0.436864 0.171454
vt 0.433770 0.171454
vt 0.433770 0.173496
vt 0.767041 0.340244
vt 0.690627 0.417756
vt 0.523328 0.417756
vt 0.445667 0.340023
vt 0.690627 0.420582
vt 0.770122 0.340244
vt 0.442573 0.340023
vt 0.523328 0.420582
vt 0.445667 0.006185
vt 0.767041 0.173507
vt 0.770122 0.173507
vt 0.442573 0.006185
vt 0.445667 0.173542
vt 0.445667 0.171495
vt 0.442573 0.171495
vt 0.442573 0.173542
vt 0.758209 0.340237
vt 0.690201 0.408941
vt 0.523269 0.408941
vt 0.454300 0.340129
vt 0.690201 0.411763
vt 0.761291 0.340237
vt 0.451351 0.340129
vt 0.523269 0.411763
vt 0.454300 0.005699
vt 0.758209 0.173510
vt 0.761291 0.173510
vt 0.451351 0.005699
vt 0.454300 0.173578
vt 0.454300 0.171533
vt 0.451351 0.171533
vt 0.451351 0.173578
vt 0.749378 0.340229
vt 0.689788 0.400253
vt 0.523202 0.400253
vt 0.463019 0.340219
vt 0.689788 0.403191
vt 0.752460 0.340229
vt 0.460073 0.340219
vt 0.523202 0.403191
vt 0.463019 0.005677
vt 0.749378 0.173513
vt 0.752460 0.173513
vt 0.460073 0.005677
vt 0.463019 0.173623
vt 0.463019 0.171574
vt 0.460073 0.171574
vt 0.460073 0.173623
vt 0.740533 0.340220
vt 0.689783 0.391422
vt 0.523126 0.391422
vt 0.471763 0.340293
vt 0.689783 0.394360
vt 0.743614 0.340220
vt 0.468815 0.340293
vt 0.523126 0.394360
vt 0.471763 0.005620
vt 0.740533 0.173518
vt 0.743614 0.173518
vt 0.468815 0.005620
vt 0.471763 0.173660
vt 0.471763 0.171612
vt 0.468815 0.171612
vt 0.468815 0.173660
vt 0.731660 0.340209
vt 0.689759 0.382575
vt 0.523044 0.382575
vt 0.480535 0.340355
vt 0.689759 0.385362
vt 0.734742 0.340209
vt 0.477587 0.340355
vt 0.523044 0.385362
vt 0.480535 0.005562
vt 0.731660 0.173523
vt 0.734742 0.173523
vt 0.477587 0.005562
vt 0.480535 0.173686
vt 0.480535 0.171640
vt 0.477587 0.171640
vt 0.477587 0.173686
vt 0.722746 0.340197
vt 0.689340 0.373706
vt 0.522937 0.373706
vt 0.489350 0.340405
vt 0.689340 0.376625
vt 0.725828 0.340197
vt 0.486399 0.340405
vt 0.522937 0.376625
vt 0.489350 0.005503
vt 0.722746 0.173529
vt 0.725828 0.173529
vt 0.486399 0.005503
vt 0.489350 0.173703
vt 0.489350 0.171658
vt 0.486399 0.171658
vt 0.486399 0.173703
vt 0.713779 0.340184
vt 0.689456 0.364711
vt 0.522662 0.364711
vt 0.498199 0.340445
vt 0.689456 0.367480
vt 0.716860 0.340184
vt 0.495266 0.340445
vt 0.522662 0.367480
vt 0.498199 0.005422
vt 0.713779 0.173536
vt 0.716860 0.173536
vt 0.495266 0.005422
vt 0.498199 0.173710
vt 0.498199 0.171667
vt 0.495266 0.171667
vt 0.495266 0.173710
vt 0.704745 0.340169
vt 0.689405 0.355727
vt 0.522622 0.355727
vt 0.507157 0.340476
vt 0.689405 0.358551
vt 0.707827 0.340169
vt 0.504215 0.340476
vt 0.522622 0.358551
vt 0.507157 0.005148
vt 0.704745 0.173545
vt 0.707827 0.173545
vt 0.504215 0.005148
vt 0.507157 0.173700
vt 0.507157 0.171657
vt 0.504215 0.171657
vt 0.504215 0.173700
vt 0.694153 0.341450
vt 0.690445 0.345259
vt 0.690445 0.342755
vt 0.692016 0.341450
vt 0.695635 0.340151
vt 0.689416 0.346697
vt 0.521410 0.345259
vt 0.517599 0.341817
vt 0.519950 0.341817
vt 0.521410 0.342755
vt 0.522495 0.346697
vt 0.516175 0.340501
vt 0.689416 0.349483
vt 0.698717 0.340151
vt 0.513244 0.340501
vt 0.522495 0.349483
vt 0.517599 0.003868
vt 0.694153 0.172254
vt 0.692016 0.172254
vt 0.519950 0.003868
vt 0.516175 0.004893
vt 0.695635 0.173555
vt 0.698717 0.173555
vt 0.513244 0.004893
vt 0.517599 0.172982
vt 0.517599 0.171997
vt 0.519950 0.171997
vt 0.519950 0.172982
vt 0.516175 0.172982
vt 0.516175 0.171997
vt 0.513244 0.171997
vt 0.513244 0.172982
vt 0.521301 0.171299
vt 0.522153 0.172982
vt 0.691031 0.173533
vt 0.521301 0.004936
vt 0.763879 0.642698
vt 0.383382 0.502697
vt 0.383382 0.339681
vt 0.383891 0.339681
vt 0.520224 0.342755
vt 0.392273 0.339681
vt 0.693185 0.471437
vt 0.521299 0.349483
vt 0.521299 0.346697
vt 0.521387 0.358551
vt 0.521387 0.355727
vt 0.521450 0.367480
vt 0.521450 0.364711
vt 0.521719 0.376625
vt 0.521719 0.373706
vt 0.521813 0.385362
vt 0.521813 0.382575
vt 0.521890 0.394360
vt 0.521890 0.391422
vt 0.521967 0.403191
vt 0.521967 0.400253
vt 0.522034 0.411763
vt 0.522034 0.408941
vt 0.522091 0.420582
vt 0.522091 0.417756
vt 0.522140 0.429423
vt 0.522140 0.426593
vt 0.522178 0.438300
vt 0.522178 0.435465
vt 0.522202 0.447338
vt 0.522202 0.444504
vt 0.522196 0.456296
vt 0.522196 0.453458
vt 0.522177 0.465313
vt 0.522177 0.462488
vt 0.392273 0.504034
vt 0.389212 0.504034
vt 0.520410 0.351022
vt 0.520271 0.345259
vt 0.520487 0.360052
vt 0.520410 0.354209
vt 0.520509 0.368945
vt 0.520487 0.363235
vt 0.520827 0.377770
vt 0.520509 0.372306
vt 0.520912 0.386724
vt 0.520827 0.380987
vt 0.520992 0.395685
vt 0.520912 0.389881
vt 0.521057 0.404290
vt 0.520992 0.398851
vt 0.521120 0.413159
vt 0.521057 0.407506
vt 0.521172 0.421984
vt 0.521120 0.416341
vt 0.521214 0.430838
vt 0.521172 0.425167
vt 0.521246 0.439734
vt 0.521214 0.434023
vt 0.521255 0.448794
vt 0.521246 0.442921
vt 0.521241 0.457789
vt 0.521255 0.451979
vt 0.521246 0.466789
vt 0.521241 0.460977
vt 0.386810 0.504034
vt 0.522347 0.471814
vt 0.521246 0.470024
vt 0.427547 0.004462
vt 0.016445 0.002452
vt 0.693648 0.434023
vt 0.031249 0.002800
vt 0.012688 0.003961
vt 0.513244 0.003720
vt 0.516175 0.003720
vt 0.504215 0.003953
vt 0.507157 0.003953
vt 0.495266 0.004207
vt 0.498199 0.004207
vt 0.486399 0.004272
vt 0.489350 0.004272
vt 0.012688 0.002452
vt 0.012688 0.003026
vt 0.477587 0.004332
vt 0.480535 0.004332
vt 0.690952 0.382575
vt 0.690952 0.385362
vt 0.468815 0.004390
vt 0.471763 0.004390
vt 0.023734 0.003373
vt 0.023734 0.002799
vt 0.460073 0.004448
vt 0.463019 0.004448
vt 0.020203 0.002452
vt 0.020203 0.003026
vt 0.451351 0.004494
vt 0.454300 0.004494
vt 0.691355 0.408941
vt 0.691355 0.411763
vt 0.027718 0.002452
vt 0.027718 0.003026
vt 0.691784 0.417756
vt 0.691784 0.420582
vt 0.016219 0.003955
vt 0.016219 0.003382
vt 0.692208 0.426593
vt 0.692208 0.429423
vt 0.008930 0.002452
vt 0.008930 0.003026
vt 0.692626 0.435465
vt 0.692626 0.438300
vt 0.008930 0.004309
vt 0.008930 0.004883
vt 0.511680 0.002775
vt 0.502694 0.003006
vt 0.508613 0.002775
vt 0.493899 0.003306
vt 0.499627 0.003006
vt 0.485060 0.003366
vt 0.490803 0.003306
vt 0.690427 0.375470
vt 0.691880 0.377770
vt 0.012688 0.003379
vt 0.476270 0.003425
vt 0.481965 0.003366
vt 0.692119 0.386724
vt 0.691880 0.380987
vt 0.691805 0.380987
vt 0.467514 0.003482
vt 0.473176 0.003425
vt 0.690649 0.393041
vt 0.691976 0.394366
vt 0.023734 0.002452
vt 0.458781 0.003541
vt 0.464421 0.003482
vt 0.690868 0.401980
vt 0.692325 0.404290
vt 0.020203 0.003371
vt 0.449895 0.003618
vt 0.449895 0.003671
vt 0.455691 0.003541
vt 0.692798 0.413159
vt 0.042521 0.002797
vt 0.042521 0.002452
vt 0.027718 0.003371
vt 0.443973 0.005100
vt 0.446783 0.003618
vt 0.693226 0.421984
vt 0.038990 0.002452
vt 0.038990 0.002797
vt 0.016219 0.003035
vt 0.435177 0.005457
vt 0.438042 0.003975
vt 0.693648 0.430838
vt 0.035232 0.002452
vt 0.035232 0.002798
vt 0.008930 0.003375
vt 0.426224 0.005796
vt 0.694063 0.439734
vt 0.031475 0.002452
vt 0.031475 0.002800
vt 0.008930 0.003958
vt 0.520605 0.368945
vt 0.016219 0.002452
vt 0.441151 0.003975
vt 0.694063 0.442921
vt 0.693226 0.425167
vt 0.692798 0.416341
vt 0.692325 0.407506
vt 0.020203 0.003954
vt 0.692119 0.389881
vt 0.763879 0.474189
vt 0.828888 0.340589
vt 0.383891 0.171781
vt 0.597083 0.642698
vt 0.520224 0.345259
vt 0.517599 0.002729
vt 0.517599 0.002682
vt 0.828888 0.173189
vt 0.385904 0.005883
vt 0.519950 0.002682
vt 0.027491 0.003026
vt 0.027491 0.002452
vt 0.016445 0.003382
vt 0.016445 0.003955
vt 0.008704 0.003026
vt 0.008704 0.002452
vt 0.415487 0.004383
vt 0.008704 0.004883
vt 0.008704 0.004309
vt 0.407179 0.005820
vt 0.410263 0.005820
vt 0.398215 0.005972
vt 0.401291 0.005972
vt 0.389212 0.005883
vt 0.392273 0.005883
vt 0.027491 0.003371
vt 0.016445 0.003035
vt 0.008704 0.003375
vt 0.415487 0.005518
vt 0.414721 0.004383
vt 0.008704 0.003958
vt 0.405779 0.004971
vt 0.411636 0.004383
vt 0.397093 0.005128
vt 0.402696 0.004971
vt 0.388117 0.005883
vt 0.394007 0.005128
vt 0.502694 0.003110
vt 0.511680 0.002877
vt 0.384705 0.504034
vt 0.383891 0.504034
vt 0.522153 0.004007
vt 0.521738 0.173533
vt 0.691031 0.342755
vt 0.690655 0.346697
vt 0.690655 0.349483
vt 0.690640 0.355727
vt 0.690640 0.358551
vt 0.690644 0.364711
vt 0.690644 0.367480
vt 0.012461 0.003026
vt 0.012461 0.002452
vt 0.023960 0.002799
vt 0.023960 0.003373
vt 0.019976 0.003026
vt 0.019976 0.002452
vt 0.042747 0.002797
vt 0.038763 0.002452
vt 0.035006 0.002452
vt 0.031249 0.002452
vt 0.693064 0.444504
vt 0.693064 0.447338
vt 0.693010 0.453458
vt 0.693010 0.456296
vt 0.692980 0.462488
vt 0.692980 0.465313
vt 0.694335 0.471437
vt 0.691586 0.351022
vt 0.691031 0.345259
vt 0.691572 0.360052
vt 0.691586 0.354209
vt 0.691649 0.368945
vt 0.012461 0.003961
vt 0.691572 0.363235
vt 0.012461 0.003379
vt 0.019976 0.003954
vt 0.023960 0.002452
vt 0.019976 0.003371
vt 0.042747 0.002452
vt 0.038763 0.002797
vt 0.035006 0.002798
vt 0.693977 0.448794
vt 0.693944 0.442921
vt 0.693939 0.457789
vt 0.693977 0.451979
vt 0.694335 0.466789
vt 0.693939 0.460977
vt 0.691769 0.471814
vt 0.694335 0.470024
vn 0.000006 -1.000000 0.000000
vn 0.000006 -1.000000 0.000000
vn 0.000006 -1.000000 0.000000
vn 0.000006 -1.000000 0.000000
vn 0.000000 1.000000 0.000000
vn 0.000000 1.000000 0.000000
vn 0.000000 1.000000 0.000000
vn 0.000000 1.000000 0.000000
vn 0.707107 0.000000 -0.707107
vn 0.707107 0.000000 -0.707107
vn 0.707107 0.000000 -0.707107
vn 0.707107 0.000000 -0.707107
vn 0.707107 0.000000 -0.707107
vn 0.707107 0.000000 -0.707107
vn 0.707107 0.000000 -0.707107
vn 0.707107 0.000000 -0.707107
vn 0.707106 0.000000 -0.707107
vn 0.707106 0.000000 -0.707107
vn 0.707106 0.000000 -0.707107
vn 0.707106 0.000000 -0.707107
vn 0.707105 0.000000 -0.707108
vn 0.707105 0.000000 -0.707108
vn 0.707105 0.000000 -0.707108
vn 0.707105 0.000000 -0.707108
vn 0.707105 0.000000 -0.707109
vn 0.707105 0.000000 -0.707109
vn 0.707105 0.000000 -0.707109
vn 0.707105 0.000000 -0.707109
vn 0.707104 0.000000 -0.707110
vn 0.707104 0.000000 -0.707110
vn 0.707104 0.000000 -0.707110
vn 0.707104 0.000000 -0.707110
vn 0.707104 0.000000 -0.707110
vn 0.707104 0.000000 -0.707110
vn 0.707104 0.000000 -0.707110
vn 0.707104 0.000000 -0.707110
vn 0.707110 0.000000 -0.707104
vn 0.707110 0.000000 -0.707104
vn 0.707110 0.000000 -0.707104
vn 0.707110 0.000000 -0.707104
vn 0.707106 0.000000 -0.707108
vn 0.707106 0.000000 -0.707108
vn 0.707106 0.000000 -0.707108
vn 0.707106 0.000000 -0.707108
vn 0.707108 0.000000 -0.707106
vn 0.707108 0.000000 -0.707106
vn 0.707108 0.000000 -0.707106
vn 0.707108 0.000000 -0.707106
vn 0.707106 0.000000 -0.707108
vn 0.707106 0.000000 -0.707108
vn 0.707106 0.000000 -0.707108
vn 0.707106 0.000000 -0.707108
vn 0.707107 0.000000 -0.707107
vn 0.707107 0.000000 -0.707107
vn 0.707107 0.000000 -0.707107
vn 0.707107 0.000000 -0.707107
vn 0.707109 0.000000 -0.707105
vn 0.707109 0.000000 -0.707105
vn 0.707109 0.000000 -0.707105
vn 0.707109 0.000000 -0.707105
vn 0.707107 0.000000 -0.707107
vn 0.707107 0.000000 -0.707107
vn 0.707107 0.000000 -0.707107
vn 0.707107 0.000000 -0.707107
vn -0.707106 0.000000 -0.707107
vn -0.707106 0.000000 -0.707107
vn -0.707106 0.000000 -0.707107
vn -0.707106 0.000000 -0.707107
vn -0.707106 0.000000 -0.707107
vn -0.707106 0.000000 -0.707107
vn -0.707106 0.000000 -0.707107
vn -0.707106 0.000000 -0.707107
vn -0.707107 0.000000 -0.707107
vn -0.707107 0.000000 -0.707107
vn -0.707107 0.000000 -0.707107
vn -0.707107 0.000000 -0.707107
vn -0.707108 0.000000 -0.707106
vn -0.707108 0.000000 -0.707106
vn -0.707108 0.000000 -0.707106
vn -0.707108 0.000000 -0.707106
vn -0.707106 0.000000 -0.707107
vn -0.707106 0.000000 -0.707107
vn -0.707106 0.000000 -0.707107
vn -0.707106 0.000000 -0.707107
vn -0.707106 0.000000 -0.707108
vn -0.707106 0.000000 -0.707108
vn -0.707106 0.000000 -0.707108
vn -0.707106 0.000000 -0.707108
vn -0.707107 0.000000 -0.707107
vn -0.707107 0.000000 -0.707107
vn -0.707107 0.000000 -0.707107
vn -0.707107 0.000000 -0.707107
vn -0.707109 0.000000 -0.707105
vn -0.707109 0.000000 -0.707105
vn -0.707109 0.000000 -0.707105
vn -0.707109 0.000000 -0.707105
vn -0.707108 0.000000 -0.707106
vn -0.707108 0.000000 -0.707106
vn -0.707108 0.000000 -0.707106
vn -0.707108 0.000000 -0.707106
vn -0.707108 0.000000 -0.707106
vn -0.707108 0.000000 -0.707106
vn -0.707108 0.000000 -0.707106
vn -0.707108 0.000000 -0.707105
vn -0.707104 0.000000 -0.707109
vn -0.707104 0.000000 -0.707109
vn -0.707104 0.000000 -0.707109
vn -0.707104 0.000000 -0.707109
vn -0.707105 0.000000 -0.707109
vn -0.707105 0.000000 -0.707109
vn -0.707105 0.000000 -0.707109
vn -0.707105 0.000000 -0.707109
vn -0.707103 0.000000 -0.707110
vn -0.707103 0.000000 -0.707110
vn -0.707103 0.000000 -0.707110
vn -0.707103 0.000000 -0.707110
vn -0.707105 0.000000 -0.707109
vn -0.707105 0.000000 -0.707109
vn -0.707105 0.000000 -0.707109
vn -0.707105 0.000000 -0.707109
vn -0.707106 0.000000 0.707107
vn -0.707106 0.000000 0.707107
vn -0.707106 0.000000 0.707107
vn -0.707106 0.000000 0.707107
vn -0.707106 0.000000 0.707107
vn -0.707106 0.000000 0.707107
vn -0.707106 0.000000 0.707107
vn -0.707106 0.000000 0.707107
vn -0.707107 0.000000 0.707107
vn -0.707107 0.000000 0.707107
vn -0.707107 0.000000 0.707107
vn -0.707107 0.000000 0.707107
vn -0.707108 0.000000 0.707106
vn -0.707108 0.000000 0.707106
vn -0.707108 0.000000 0.707106
vn -0.707108 0.000000 0.707106
vn -0.707106 0.000000 0.707107
vn -0.707106 0.000000 0.707107
vn -0.707106 0.000000 0.707107
vn -0.707106 0.000000 0.707107
vn -0.707106 0.000000 0.707108
vn -0.707106 0.000000 0.707108
vn -0.707106 0.000000 0.707108
vn -0.707106 0.000000 0.707108
vn -0.707107 0.000000 0.707107
vn -0.707107 0.000000 0.707107
vn -0.707107 0.000000 0.707107
vn -0.707107 0.000000 0.707107
vn -0.707109 0.000000 0.707105
vn -0.707109 0.000000 0.707105
vn -0.707109 0.000000 0.707105
vn -0.707109 0.000000 0.707105
vn -0.707108 0.000000 0.707106
vn -0.707108 0.000000 0.707106
vn -0.707108 0.000000 0.707106
vn -0.707108 0.000000 0.707106
vn -0.707108 0.000000 0.707106
vn -0.707108 0.000000 0.707106
vn -0.707108 0.000000 0.707106
vn -0.707108 0.000000 0.707106
vn -0.707104 0.000000 0.707109
vn -0.707104 0.000000 0.707109
vn -0.707104 0.000000 0.707109
vn -0.707104 0.000000 0.707109
vn -0.707105 0.000000 0.707109
vn -0.707105 0.000000 0.707109
vn -0.707105 0.000000 0.707109
vn -0.707105 0.000000 0.707109
vn -0.707103 0.000000 0.707110
vn -0.707103 0.000000 0.707110
vn -0.707103 0.000000 0.707110
vn -0.707103 0.000000 0.707110
vn -0.707105 0.000000 0.707109
vn -0.707105 0.000000 0.707109
vn -0.707105 0.000000 0.707109
vn -0.707105 0.000000 0.707109
vn 0.707107 0.000000 0.707107
vn 0.707107 0.000000 0.707107
vn 0.707107 0.000000 0.707107
vn 0.707107 0.000000 0.707107
vn 0.707107 0.000000 0.707107
vn 0.707107 0.000000 0.707107
vn 0.707107 0.000000 0.707107
vn 0.707107 0.000000 0.707107
vn 0.707106 0.000000 0.707107
vn 0.707106 0.000000 0.707107
vn 0.707106 0.000000 0.707107
vn 0.707106 0.000000 0.707107
vn 0.707105 0.000000 0.707108
vn 0.707105 0.000000 0.707108
vn 0.707105 0.000000 0.707108
vn 0.707105 0.000000 0.707108
vn 0.707105 0.000000 0.707109
vn 0.707105 0.000000 0.707109
vn 0.707105 0.000000 0.707109
vn 0.707105 0.000000 0.707109
vn 0.707104 0.000000 0.707110
vn 0.707104 0.000000 0.707110
vn 0.707104 0.000000 0.707110
vn 0.707104 0.000000 0.707110
vn 0.707104 0.000000 0.707110
vn 0.707104 0.000000 0.707110
vn 0.707104 0.000000 0.707110
vn 0.707104 0.000000 0.707110
vn 0.707110 0.000000 0.707104
vn 0.707110 0.000000 0.707104
vn 0.707110 0.000000 0.707104
vn 0.707110 0.000000 0.707104
vn 0.707106 0.000000 0.707108
vn 0.707106 0.000000 0.707108
vn 0.707106 0.000000 0.707108
vn 0.707106 0.000000 0.707108
vn 0.707108 0.000000 0.707106
vn 0.707108 0.000000 0.707106
vn 0.707108 0.000000 0.707106
vn 0.707108 0.000000 0.707106
vn 0.707106 0.000000 0.707108
vn 0.707106 0.000000 0.707108
vn 0.707106 0.000000 0.707108
vn 0.707106 0.000000 0.707108
vn 0.707107 0.000000 0.707107
vn 0.707107 0.000000 0.707107
vn 0.707107 0.000000 0.707107
vn 0.707107 0.000000 0.707107
vn 0.707109 0.000000 0.707105
vn 0.707109 0.000000 0.707105
vn 0.707109 0.000000 0.707105
vn 0.707109 0.000000 0.707105
vn 0.707107 0.000000 0.707107
vn 0.707107 0.000000 0.707107
vn 0.707107 0.000000 0.707107
vn 0.707107 0.000000 0.707107
vn -0.439257 0.898352 0.004162
vn -0.004162 0.898352 0.439256
vn -0.001535 0.897322 0.441375
vn -0.441375 0.897322 0.001535
vn -0.004162 0.898354 -0.439253
vn -0.439257 0.898352 -0.004162
vn -0.441375 0.897322 -0.001535
vn -0.001535 0.897323 -0.441371
vn 0.707107 0.000000 -0.707107
vn 0.707107 0.000000 -0.707107
vn 0.707107 0.000000 -0.707107
vn 0.707107 0.000000 -0.707107
vn 0.004368 -0.885318 -0.464965
vn 0.464977 -0.885312 -0.004368
vn 0.467121 -0.884192 -0.001630
vn 0.001630 -0.884198 -0.467109
vn 0.707107 0.000000 0.707107
vn 0.707107 0.000000 0.707107
vn 0.707107 0.000000 0.707107
vn 0.707107 0.000000 0.707107
vn 0.464977 -0.885312 0.004368
vn 0.004368 -0.885319 0.464963
vn 0.001630 -0.884199 0.467107
vn 0.467121 -0.884192 0.001630
vn 0.004162 0.898352 0.439257
vn 0.439255 0.898353 0.004162
vn 0.441374 0.897322 0.001535
vn 0.001535 0.897322 0.441375
vn -0.707104 0.000000 -0.707109
vn -0.707104 0.000000 -0.707109
vn -0.707104 0.000000 -0.707109
vn -0.707104 0.000000 -0.707109
vn -0.464970 -0.885316 -0.004368
vn -0.004368 -0.885318 -0.464965
vn -0.001630 -0.884198 -0.467109
vn -0.467114 -0.884196 -0.001630
vn 0.439255 0.898353 -0.004162
vn 0.004162 0.898354 -0.439253
vn 0.001535 0.897323 -0.441371
vn 0.441374 0.897322 -0.001535
vn -0.707104 0.000000 0.707109
vn -0.707104 0.000000 0.707109
vn -0.707104 0.000000 0.707109
vn -0.707104 0.000000 0.707109
vn -0.004368 -0.885319 0.464963
vn -0.464970 -0.885316 0.004367
vn -0.467114 -0.884196 0.001630
vn -0.001630 -0.884199 0.467107
vn -0.384446 0.923140 0.003702
vn -0.003703 0.923148 0.384428
vn -0.001336 0.922312 0.386443
vn -0.386462 0.922305 0.001336
vn -0.003703 0.923149 -0.384424
vn -0.384446 0.923140 -0.003702
vn -0.386462 0.922305 -0.001336
vn -0.001336 0.922314 -0.386439
vn 0.003940 -0.910994 -0.412402
vn 0.412414 -0.910988 -0.003940
vn 0.414490 -0.910053 -0.001437
vn 0.001437 -0.910059 -0.414477
vn 0.412414 -0.910988 0.003940
vn 0.003940 -0.910995 0.412400
vn 0.001437 -0.910059 0.414475
vn 0.414490 -0.910053 0.001437
vn 0.003703 0.923148 0.384428
vn 0.384433 0.923146 0.003702
vn 0.386448 0.922310 0.001336
vn 0.001336 0.922312 0.386443
vn -0.412407 -0.910991 -0.003940
vn -0.003940 -0.910994 -0.412402
vn -0.001437 -0.910058 -0.414477
vn -0.414483 -0.910056 -0.001437
vn 0.384433 0.923146 -0.003702
vn 0.003703 0.923149 -0.384424
vn 0.001336 0.922314 -0.386439
vn 0.386448 0.922310 -0.001336
vn -0.003940 -0.910994 0.412400
vn -0.412407 -0.910991 0.003940
vn -0.414483 -0.910056 0.001437
vn -0.001437 -0.910059 0.414475
vn -0.325298 0.945606 0.003179
vn -0.003179 0.945610 0.325286
vn -0.001125 0.944982 0.327121
vn -0.327134 0.944977 0.001125
vn -0.003179 0.945610 -0.325288
vn -0.325298 0.945606 -0.003179
vn -0.327134 0.944977 -0.001125
vn -0.001125 0.944981 -0.327123
vn 0.003449 -0.934710 -0.355396
vn 0.355396 -0.934709 -0.003449
vn 0.357332 -0.933977 -0.001232
vn 0.001232 -0.933977 -0.357331
vn 0.355396 -0.934709 0.003449
vn 0.003449 -0.934710 0.355394
vn 0.001232 -0.933978 0.357329
vn 0.357332 -0.933977 0.001232
vn 0.003179 0.945611 0.325286
vn 0.325290 0.945609 0.003179
vn 0.327126 0.944980 0.001125
vn 0.001125 0.944982 0.327121
vn -0.355395 -0.934710 -0.003449
vn -0.003449 -0.934709 -0.355396
vn -0.001232 -0.933977 -0.357331
vn -0.357331 -0.933977 -0.001232
vn 0.325290 0.945609 -0.003179
vn 0.003179 0.945610 -0.325288
vn 0.001125 0.944981 -0.327123
vn 0.327126 0.944980 -0.001125
vn -0.003449 -0.934710 0.355394
vn -0.355395 -0.934710 0.003449
vn -0.357331 -0.933977 0.001232
vn -0.001232 -0.933978 0.357329
vn -0.262039 0.965054 0.002594
vn -0.002594 0.965055 0.262033
vn -0.000903 0.964630 0.263607
vn -0.263613 0.964628 0.000903
vn -0.002594 0.965055 -0.262035
vn -0.262039 0.965054 -0.002594
vn -0.263613 0.964628 -0.000903
vn -0.000903 0.964629 -0.263609
vn 0.002894 -0.955764 -0.294121
vn 0.294128 -0.955762 -0.002894
vn 0.295844 -0.955236 -0.001015
vn 0.001015 -0.955238 -0.295836
vn 0.294128 -0.955762 0.002894
vn 0.002894 -0.955764 0.294119
vn 0.001015 -0.955239 0.295834
vn 0.295844 -0.955236 0.001015
vn 0.002594 0.965055 0.262033
vn 0.262038 0.965054 0.002594
vn 0.263612 0.964628 0.000903
vn 0.000903 0.964630 0.263607
vn -0.294121 -0.955764 -0.002894
vn -0.002894 -0.955764 -0.294121
vn -0.001015 -0.955238 -0.295836
vn -0.295836 -0.955238 -0.001015
vn 0.262038 0.965054 -0.002594
vn 0.002594 0.965055 -0.262035
vn 0.000903 0.964629 -0.263609
vn 0.263612 0.964628 -0.000903
vn -0.002894 -0.955764 0.294119
vn -0.294121 -0.955764 0.002894
vn -0.295836 -0.955238 0.001015
vn -0.001015 -0.955239 0.295834
vn -0.195267 0.980748 0.001953
vn -0.001953 0.980748 0.195268
vn -0.000670 0.980503 0.196501
vn -0.196499 0.980504 0.000670
vn -0.001953 0.980747 -0.195273
vn -0.195267 0.980748 -0.001953
vn -0.196499 0.980504 -0.000670
vn -0.000670 0.980502 -0.196506
vn 0.002280 -0.973413 -0.229047
vn 0.229047 -0.973413 -0.002279
vn 0.230461 -0.973081 -0.000788
vn 0.000788 -0.973082 -0.230460
vn 0.229047 -0.973413 0.002279
vn 0.002280 -0.973413 0.229045
vn 0.000788 -0.973082 0.230458
vn 0.230461 -0.973081 0.000788
vn 0.001953 0.980748 0.195268
vn 0.195266 0.980748 0.001953
vn 0.196499 0.980504 0.000670
vn 0.000670 0.980503 0.196501
vn -0.229054 -0.973411 -0.002280
vn -0.002280 -0.973413 -0.229047
vn -0.000788 -0.973082 -0.230460
vn -0.230467 -0.973080 -0.000788
vn 0.195266 0.980748 -0.001953
vn 0.001953 0.980747 -0.195273
vn 0.000671 0.980502 -0.196506
vn 0.196499 0.980504 -0.000670
vn -0.002280 -0.973413 0.229045
vn -0.229054 -0.973411 0.002280
vn -0.230467 -0.973080 0.000788
vn -0.000788 -0.973082 0.230458
vn -0.125684 0.992069 0.001266
vn -0.001266 0.992070 0.125678
vn -0.000431 0.991967 0.126501
vn -0.126506 0.991966 0.000431
vn -0.001266 0.992070 -0.125680
vn -0.125684 0.992069 -0.001266
vn -0.126506 0.991966 -0.000431
vn -0.000431 0.991966 -0.126502
vn 0.001614 -0.986990 -0.160773
vn 0.160780 -0.986989 -0.001614
vn 0.161816 -0.986821 -0.000551
vn 0.000551 -0.986822 -0.161808
vn 0.160780 -0.986989 0.001614
vn 0.001614 -0.986990 0.160771
vn 0.000551 -0.986823 0.161806
vn 0.161816 -0.986821 0.000551
vn 0.001266 0.992070 0.125679
vn 0.125691 0.992069 0.001266
vn 0.126514 0.991965 0.000431
vn 0.000431 0.991966 0.126501
vn -0.160773 -0.986990 -0.001614
vn -0.001614 -0.986990 -0.160773
vn -0.000551 -0.986822 -0.161808
vn -0.161808 -0.986822 -0.000551
vn 0.125691 0.992069 -0.001266
vn 0.001266 0.992070 -0.125681
vn 0.000431 0.991966 -0.126503
vn 0.126514 0.991965 -0.000431
vn -0.001614 -0.986991 0.160771
vn -0.160773 -0.986990 0.001614
vn -0.161808 -0.986822 0.000551
vn -0.000551 -0.986823 0.161806
vn -0.054223 0.998529 0.000548
vn -0.000548 0.998528 0.054231
vn -0.000186 0.998509 0.054593
vn -0.054585 0.998509 0.000186
vn -0.000548 0.998528 -0.054229
vn -0.054223 0.998529 -0.000548
vn -0.054585 0.998509 -0.000186
vn -0.000186 0.998509 -0.054591
vn 0.000910 -0.995931 -0.090113
vn 0.090113 -0.995931 -0.000910
vn 0.090710 -0.995877 -0.000308
vn 0.000308 -0.995877 -0.090709
vn 0.090113 -0.995931 0.000910
vn 0.000910 -0.995931 0.090115
vn 0.000308 -0.995877 0.090711
vn 0.090710 -0.995877 0.000308
vn 0.000548 0.998528 0.054231
vn 0.054223 0.998529 0.000548
vn 0.054584 0.998509 0.000186
vn 0.000186 0.998509 0.054593
vn -0.090113 -0.995931 -0.000910
vn -0.000910 -0.995931 -0.090113
vn -0.000308 -0.995877 -0.090709
vn -0.090710 -0.995877 -0.000308
vn 0.054223 0.998529 -0.000548
vn 0.000548 0.998528 -0.054229
vn 0.000186 0.998509 -0.054591
vn 0.054584 0.998509 -0.000185
vn -0.000910 -0.995931 0.090115
vn -0.090113 -0.995931 0.000910
vn -0.090710 -0.995877 0.000308
vn -0.000308 -0.995877 0.090711
vn 0.018095 0.999836 -0.000183
vn 0.000183 0.999836 -0.018099
vn 0.000062 0.999834 -0.018220
vn 0.018216 0.999834 -0.000062
vn 0.000183 0.999836 0.018100
vn 0.018095 0.999836 0.000183
vn 0.018216 0.999834 0.000062
vn 0.000062 0.999834 0.018222
vn 0.000183 -0.999836 -0.018113
vn 0.018103 -0.999836 -0.000183
vn 0.018224 -0.999834 -0.000062
vn 0.000062 -0.999834 -0.018235
vn 0.018103 -0.999836 0.000183
vn 0.000183 -0.999836 0.018115
vn 0.000062 -0.999834 0.018237
vn 0.018224 -0.999834 0.000062
vn -0.000183 0.999836 -0.018099
vn -0.018099 0.999836 -0.000183
vn -0.018220 0.999834 -0.000062
vn -0.000062 0.999834 -0.018220
vn -0.018107 -0.999836 -0.000183
vn -0.000183 -0.999836 -0.018113
vn -0.000062 -0.999834 -0.018235
vn -0.018228 -0.999834 -0.000062
vn -0.018099 0.999836 0.000183
vn -0.000183 0.999836 0.018100
vn -0.000062 0.999834 0.018222
vn -0.018220 0.999834 0.000062
vn -0.000183 -0.999836 0.018115
vn -0.018107 -0.999836 0.000183
vn -0.018228 -0.999834 0.000062
vn -0.000062 -0.999834 0.018237
vn 0.090116 0.995931 -0.000910
vn 0.000910 0.995931 -0.090120
vn 0.000309 0.995877 -0.090717
vn 0.090713 0.995877 -0.000309
vn 0.000910 0.995930 0.090122
vn 0.090116 0.995931 0.000910
vn 0.090713 0.995877 0.000309
vn 0.000309 0.995877 0.090718
vn -0.000548 -0.998529 0.054216
vn -0.054215 -0.998529 0.000548
vn -0.054576 -0.998510 0.000185
vn -0.000186 -0.998510 0.054578
vn -0.054215 -0.998529 -0.000548
vn -0.000548 -0.998529 -0.054214
vn -0.000186 -0.998510 -0.054576
vn -0.054576 -0.998510 -0.000185
vn -0.000910 0.995931 -0.090120
vn -0.090117 0.995931 -0.000910
vn -0.090713 0.995877 -0.000308
vn -0.000308 0.995877 -0.090717
vn 0.054215 -0.998529 0.000548
vn 0.000548 -0.998529 0.054216
vn 0.000185 -0.998510 0.054578
vn 0.054577 -0.998510 0.000185
vn -0.090117 0.995931 0.000910
vn -0.000910 0.995930 0.090121
vn -0.000308 0.995877 0.090718
vn -0.090713 0.995877 0.000308
vn 0.000548 -0.998529 -0.054214
vn 0.054215 -0.998529 -0.000548
vn 0.054577 -0.998510 -0.000185
vn 0.000185 -0.998510 -0.054576
vn 0.160769 0.986991 -0.001614
vn 0.001614 0.986990 -0.160772
vn 0.000551 0.986822 -0.161807
vn 0.161804 0.986823 -0.000551
vn 0.001614 0.986990 0.160774
vn 0.160769 0.986991 0.001614
vn 0.161804 0.986823 0.000551
vn 0.000551 0.986822 0.161809
vn -0.001266 -0.992069 0.125689
vn -0.125680 -0.992070 0.001266
vn -0.126502 -0.991966 0.000431
vn -0.000431 -0.991965 0.126511
vn -0.125680 -0.992070 -0.001266
vn -0.001266 -0.992069 -0.125687
vn -0.000431 -0.991965 -0.126510
vn -0.126502 -0.991966 -0.000431
vn -0.001614 0.986990 -0.160772
vn -0.160773 0.986990 -0.001614
vn -0.161808 0.986822 -0.000551
vn -0.000551 0.986822 -0.161807
vn 0.125688 -0.992069 0.001266
vn 0.001266 -0.992069 0.125689
vn 0.000431 -0.991965 0.126511
vn 0.126510 -0.991965 0.000431
vn -0.160773 0.986990 0.001614
vn -0.001614 0.986990 0.160774
vn -0.000551 0.986822 0.161809
vn -0.161808 0.986822 0.000551
vn 0.001266 -0.992069 -0.125687
vn 0.125688 -0.992069 -0.001266
vn 0.126510 -0.991965 -0.000431
vn 0.000431 -0.991965 -0.126510
vn 0.229043 0.973414 -0.002279
vn 0.002280 0.973413 -0.229046
vn 0.000788 0.973082 -0.230459
vn 0.230456 0.973082 -0.000788
vn 0.002280 0.973413 0.229047
vn 0.229043 0.973414 0.002280
vn 0.230456 0.973082 0.000788
vn 0.000788 0.973081 0.230461
vn -0.001953 -0.980748 0.195267
vn -0.195262 -0.980749 0.001952
vn -0.196495 -0.980505 0.000670
vn -0.000670 -0.980504 0.196500
vn -0.195262 -0.980749 -0.001953
vn -0.001953 -0.980749 -0.195266
vn -0.000670 -0.980504 -0.196498
vn -0.196495 -0.980505 -0.000670
vn -0.002280 0.973413 -0.229046
vn -0.229047 0.973413 -0.002280
vn -0.230461 0.973081 -0.000788
vn -0.000788 0.973082 -0.230459
vn 0.195266 -0.980748 0.001953
vn 0.001953 -0.980748 0.195267
vn 0.000670 -0.980504 0.196500
vn 0.196499 -0.980504 0.000670
vn -0.229047 0.973413 0.002279
vn -0.002280 0.973413 0.229047
vn -0.000788 0.973081 0.230461
vn -0.230461 0.973081 0.000788
vn 0.001953 -0.980748 -0.195266
vn 0.195266 -0.980748 -0.001953
vn 0.196499 -0.980504 -0.000670
vn 0.000670 -0.980504 -0.196499
vn 0.294131 0.955761 -0.002894
vn 0.002894 0.955759 -0.294137
vn 0.001015 0.955233 -0.295853
vn 0.295846 0.955235 -0.001015
vn 0.002894 0.955758 0.294139
vn 0.294131 0.955761 0.002894
vn 0.295846 0.955235 0.001015
vn 0.001015 0.955233 0.295854
vn -0.002594 -0.965053 0.262043
vn -0.262035 -0.965055 0.002594
vn -0.263609 -0.964629 0.000903
vn -0.000903 -0.964627 0.263617
vn -0.262035 -0.965055 -0.002594
vn -0.002594 -0.965053 -0.262041
vn -0.000903 -0.964627 -0.263616
vn -0.263609 -0.964629 -0.000903
vn -0.002894 0.955759 -0.294137
vn -0.294135 0.955759 -0.002894
vn -0.295851 0.955234 -0.001015
vn -0.001015 0.955233 -0.295853
vn 0.262039 -0.965054 0.002594
vn 0.002594 -0.965053 0.262043
vn 0.000903 -0.964627 0.263617
vn 0.263613 -0.964628 0.000903
vn -0.294135 0.955759 0.002894
vn -0.002894 0.955758 0.294139
vn -0.001015 0.955233 0.295854
vn -0.295851 0.955234 0.001015
vn 0.002594 -0.965053 -0.262041
vn 0.262039 -0.965054 -0.002594
vn 0.263613 -0.964628 -0.000903
vn 0.000903 -0.964627 -0.263616
vn 0.355381 0.934715 -0.003449
vn 0.003449 0.934713 -0.355386
vn 0.001232 0.933980 -0.357322
vn 0.357316 0.933983 -0.001232
vn 0.003449 0.934713 0.355386
vn 0.355381 0.934715 0.003449
vn 0.357316 0.933983 0.001232
vn 0.001232 0.933980 0.357322
vn -0.003179 -0.945615 0.325271
vn -0.325269 -0.945616 0.003179
vn -0.327105 -0.944987 0.001125
vn -0.001125 -0.944987 0.327107
vn -0.325269 -0.945616 -0.003179
vn -0.003179 -0.945615 -0.325272
vn -0.001125 -0.944986 -0.327108
vn -0.327105 -0.944987 -0.001125
vn -0.003449 0.934713 -0.355386
vn -0.355384 0.934714 -0.003449
vn -0.357319 0.933982 -0.001232
vn -0.001232 0.933980 -0.357322
vn 0.325272 -0.945615 0.003179
vn 0.003179 -0.945615 0.325271
vn 0.001125 -0.944987 0.327107
vn 0.327107 -0.944986 0.001125
vn -0.355384 0.934714 0.003449
vn -0.003449 0.934713 0.355386
vn -0.001232 0.933980 0.357322
vn -0.357319 0.933982 0.001232
vn 0.003179 -0.945615 -0.325272
vn 0.325272 -0.945615 -0.003179
vn 0.327107 -0.944986 -0.001125
vn 0.001125 -0.944986 -0.327108
vn 0.412406 0.910992 -0.003940
vn 0.003940 0.910992 -0.412405
vn 0.001437 0.910057 -0.414481
vn 0.414481 0.910057 -0.001437
vn 0.003940 0.910992 0.412405
vn 0.412406 0.910992 0.003940
vn 0.414481 0.910057 0.001437
vn 0.001437 0.910057 0.414481
vn -0.003703 -0.923140 0.384446
vn -0.384443 -0.923141 0.003703
vn -0.386459 -0.922306 0.001336
vn -0.001336 -0.922305 0.386461
vn -0.384443 -0.923141 -0.003703
vn -0.003703 -0.923140 -0.384446
vn -0.001336 -0.922305 -0.386461
vn -0.386459 -0.922306 -0.001336
vn -0.003940 0.910992 -0.412405
vn -0.412406 0.910992 -0.003940
vn -0.414481 0.910057 -0.001437
vn -0.001437 0.910057 -0.414481
vn 0.384446 -0.923140 0.003703
vn 0.003703 -0.923140 0.384446
vn 0.001336 -0.922305 0.386461
vn 0.386462 -0.922305 0.001336
vn -0.412406 0.910992 0.003940
vn -0.003940 0.910992 0.412405
vn -0.001437 0.910057 0.414481
vn -0.414481 0.910057 0.001437
vn 0.003703 -0.923140 -0.384446
vn 0.384446 -0.923140 -0.003703
vn 0.386462 -0.922305 -0.001336
vn 0.001336 -0.922305 -0.386461
vn 0.707108 0.000000 -0.707105
vn 0.707108 0.000000 -0.707105
vn 0.707108 0.000000 -0.707105
vn 0.707108 0.000000 -0.707105
vn 0.464984 0.885309 -0.004368
vn 0.004368 0.885308 -0.464985
vn 0.001630 0.884188 -0.467129
vn 0.467128 0.884188 -0.001630
vn 0.707108 0.000000 0.707105
vn 0.707108 0.000000 0.707105
vn 0.707108 0.000000 0.707105
vn 0.707108 0.000000 0.707105
vn 0.004368 0.885308 0.464985
vn 0.464984 0.885309 0.004368
vn 0.467128 0.884188 0.001630
vn 0.001630 0.884187 0.467130
vn -0.004162 -0.898355 0.439250
vn -0.439254 -0.898353 0.004162
vn -0.441372 -0.897323 0.001535
vn -0.001535 -0.897325 0.441368
vn -0.439254 -0.898353 -0.004162
vn -0.004162 -0.898355 -0.439250
vn -0.001535 -0.897325 -0.441369
vn -0.441372 -0.897323 -0.001535
vn -0.707105 0.000000 -0.707108
vn -0.707105 0.000000 -0.707108
vn -0.707105 0.000000 -0.707108
vn -0.707105 0.000000 -0.707108
vn -0.004368 0.885308 -0.464985
vn -0.464985 0.885308 -0.004368
vn -0.467129 0.884188 -0.001630
vn -0.001630 0.884188 -0.467129
vn 0.439251 -0.898355 0.004162
vn 0.004162 -0.898355 0.439250
vn 0.001535 -0.897325 0.441368
vn 0.441369 -0.897324 0.001535
vn -0.707105 0.000000 0.707108
vn -0.707105 0.000000 0.707108
vn -0.707105 0.000000 0.707108
vn -0.707105 0.000000 0.707108
vn -0.464985 0.885308 0.004368
vn -0.004368 0.885308 0.464985
vn -0.001630 0.884187 0.467130
vn -0.467129 0.884188 0.001630
vn 0.004162 -0.898355 -0.439250
vn 0.439251 -0.898355 -0.004162
vn 0.441369 -0.897324 -0.001535
vn 0.001535 -0.897325 -0.441368
vn 0.707108 0.000000 -0.707106
vn 0.707108 0.000000 -0.707106
vn 0.707108 0.000000 -0.707106
vn 0.707108 0.000000 -0.707106
vn 0.707108 0.000000 0.707106
vn 0.707108 0.000000 0.707106
vn 0.707108 0.000000 0.707106
vn 0.707108 0.000000 0.707106
vn -0.707109 0.000000 -0.707105
vn -0.707109 0.000000 -0.707105
vn -0.707109 0.000000 -0.707105
vn -0.707109 0.000000 -0.707105
vn -0.707109 0.000000 0.707105
vn -0.707109 0.000000 0.707105
vn -0.707109 0.000000 0.707105
vn -0.707109 0.000000 0.707105
vn 0.707103 0.000000 -0.707110
vn 0.707103 0.000000 -0.707110
vn 0.707103 0.000000 -0.707110
vn 0.707103 0.000000 -0.707110
vn 0.707103 0.000000 0.707110
vn 0.707103 0.000000 0.707110
vn 0.707103 0.000000 0.707110
vn 0.707103 0.000000 0.707110
vn -0.707110 0.000000 -0.707103
vn -0.707110 0.000000 -0.707103
vn -0.707110 0.000000 -0.707103
vn -0.707110 0.000000 -0.707103
vn -0.707110 0.000000 0.707103
vn -0.707110 0.000000 0.707103
vn -0.707110 0.000000 0.707103
vn -0.707110 0.000000 0.707103
vn 0.707105 0.000000 -0.707109
vn 0.707105 0.000000 -0.707109
vn 0.707105 0.000000 -0.707109
vn 0.707105 0.000000 -0.707109
vn 0.707105 0.000000 0.707109
vn 0.707105 0.000000 0.707109
vn 0.707105 0.000000 0.707109
vn 0.707105 0.000000 0.707109
vn -0.707111 0.000000 -0.707102
vn -0.707111 0.000000 -0.707102
vn -0.707111 0.000000 -0.707102
vn -0.707111 0.000000 -0.707102
vn -0.707111 0.000000 0.707102
vn -0.707111 0.000000 0.707102
vn -0.707111 0.000000 0.707102
vn -0.707111 0.000000 0.707102
vn 0.707106 0.000000 -0.707108
vn 0.707106 0.000000 -0.707108
vn 0.707106 0.000000 -0.707108
vn 0.707106 0.000000 -0.707108
vn 0.707106 0.000000 0.707108
vn 0.707106 0.000000 0.707108
vn 0.707106 0.000000 0.707108
vn 0.707106 0.000000 0.707108
vn -0.707110 0.000000 -0.707103
vn -0.707110 0.000000 -0.707103
vn -0.707110 0.000000 -0.707103
vn -0.707110 0.000000 -0.707103
vn -0.707110 0.000000 0.707103
vn -0.707110 0.000000 0.707103
vn -0.707110 0.000000 0.707103
vn -0.707110 0.000000 0.707103
vn 0.707108 0.000000 -0.707106
vn 0.707108 0.000000 -0.707106
vn 0.707108 0.000000 -0.707106
vn 0.707108 0.000000 -0.707106
vn 0.707108 0.000000 0.707106
vn 0.707108 0.000000 0.707106
vn 0.707108 0.000000 0.707106
vn 0.707108 0.000000 0.707106
vn -0.707110 0.000000 -0.707104
vn -0.707110 0.000000 -0.707104
vn -0.707110 0.000000 -0.707104
vn -0.707110 0.000000 -0.707104
vn -0.707110 0.000000 0.707104
vn -0.707110 0.000000 0.707104
vn -0.707110 0.000000 0.707104
vn -0.707110 0.000000 0.707104
vn 0.707108 0.000000 -0.707106
vn 0.707108 0.000000 -0.707106
vn 0.707108 0.000000 -0.707106
vn 0.707108 0.000000 -0.707106
vn 0.707108 0.000000 0.707106
vn 0.707108 0.000000 0.707106
vn 0.707108 0.000000 0.707106
vn 0.707108 0.000000 0.707106
vn -0.707111 0.000000 -0.707102
vn -0.707111 0.000000 -0.707102
vn -0.707111 0.000000 -0.707102
vn -0.707111 0.000000 -0.707102
vn -0.707111 0.000000 0.707102
vn -0.707111 0.000000 0.707102
vn -0.707111 0.000000 0.707102
vn -0.707111 0.000000 0.707102
vn 0.707105 0.000000 -0.707108
vn 0.707105 0.000000 -0.707108
vn 0.707105 0.000000 -0.707108
vn 0.707105 0.000000 -0.707108
vn 0.707105 0.000000 0.707109
vn 0.707105 0.000000 0.707109
vn 0.707105 0.000000 0.707109
vn 0.707105 0.000000 0.707109
vn -0.707106 0.000000 -0.707108
vn -0.707106 0.000000 -0.707108
vn -0.707106 0.000000 -0.707108
vn -0.707106 0.000000 -0.707108
vn -0.707106 0.000000 0.707108
vn -0.707106 0.000000 0.707108
vn -0.707106 0.000000 0.707108
vn -0.707106 0.000000 0.707108
vn 0.707110 0.000000 -0.707104
vn 0.707110 0.000000 -0.707104
vn 0.707110 0.000000 -0.707104
vn 0.707110 0.000000 -0.707104
vn 0.707110 0.000000 0.707104
vn 0.707110 0.000000 0.707104
vn 0.707110 0.000000 0.707104
vn 0.707110 0.000000 0.707104
vn -0.707109 0.000000 -0.707105
vn -0.707109 0.000000 -0.707105
vn -0.707109 0.000000 -0.707105
vn -0.707109 0.000000 -0.707105
vn -0.707109 0.000000 0.707105
vn -0.707109 0.000000 0.707105
vn -0.707109 0.000000 0.707105
vn -0.707109 0.000000 0.707105
vn 0.707110 0.000000 -0.707104
vn 0.707110 0.000000 -0.707104
vn 0.707110 0.000000 -0.707104
vn 0.707110 0.000000 -0.707104
vn 0.707110 0.000000 0.707104
vn 0.707110 0.000000 0.707104
vn 0.707110 0.000000 0.707104
vn 0.707110 0.000000 0.707104
vn -0.707107 0.000000 -0.707107
vn -0.707107 0.000000 -0.707107
vn -0.707107 0.000000 -0.707107
vn -0.707107 0.000000 -0.707107
vn -0.707107 0.000000 0.707107
vn -0.707107 0.000000 0.707107
vn -0.707107 0.000000 0.707107
vn -0.707107 0.000000 0.707107
vn 0.707111 0.000000 -0.707103
vn 0.707111 0.000000 -0.707103
vn 0.707111 0.000000 -0.707103
vn 0.707111 0.000000 -0.707103
vn 0.707111 0.000000 0.707103
vn 0.707111 0.000000 0.707103
vn 0.707111 0.000000 0.707103
vn 0.707111 0.000000 0.707103
vn -0.707109 0.000000 -0.707105
vn -0.707109 0.000000 -0.707105
vn -0.707109 0.000000 -0.707105
vn -0.707109 0.000000 -0.707105
vn -0.707109 0.000000 0.707105
vn -0.707109 0.000000 0.707105
vn -0.707109 0.000000 0.707105
vn -0.707109 0.000000 0.707105
vn 0.707112 0.000000 -0.707102
vn 0.707112 0.000000 -0.707102
vn 0.707112 0.000000 -0.707102
vn 0.707112 0.000000 -0.707102
vn 0.707112 0.000000 0.707102
vn 0.707112 0.000000 0.707102
vn 0.707112 0.000000 0.707102
vn 0.707112 0.000000 0.707102
vn -0.707110 0.000000 -0.707104
vn -0.707110 0.000000 -0.707104
vn -0.707110 0.000000 -0.707104
vn -0.707110 0.000000 -0.707104
vn -0.707110 0.000000 0.707104
vn -0.707110 0.000000 0.707104
vn -0.707110 0.000000 0.707104
vn -0.707110 0.000000 0.707104
vn 0.707109 0.000000 -0.707105
vn 0.707109 0.000000 -0.707105
vn 0.707109 0.000000 -0.707105
vn 0.707109 0.000000 -0.707105
vn 0.707109 0.000000 0.707105
vn 0.707109 0.000000 0.707105
vn 0.707109 0.000000 0.707105
vn 0.707109 0.000000 0.707105
vn -0.707107 0.000000 -0.707106
vn -0.707107 0.000000 -0.707106
vn -0.707107 0.000000 -0.707106
vn -0.707107 0.000000 -0.707106
vn -0.707107 0.000000 0.707106
vn -0.707107 0.000000 0.707106
vn -0.707107 0.000000 0.707106
vn -0.707107 0.000000 0.707106
vn 0.707105 0.000000 -0.707108
vn 0.707105 0.000000 -0.707108
vn 0.707105 0.000000 -0.707108
vn 0.707105 0.000000 -0.707108
vn 0.707105 0.000000 0.707108
vn 0.707105 0.000000 0.707108
vn 0.707105 0.000000 0.707108
vn 0.707105 0.000000 0.707108
vn -0.707107 0.000000 -0.707106
vn -0.707107 0.000000 -0.707106
vn -0.707107 0.000000 -0.707106
vn -0.707107 0.000000 -0.707106
vn -0.707107 0.000000 0.707106
vn -0.707107 0.000000 0.707106
vn -0.707107 0.000000 0.707106
vn -0.707107 0.000000 0.707106
vn 0.707109 0.000000 -0.707105
vn 0.707109 0.000000 -0.707105
vn 0.707109 0.000000 -0.707105
vn 0.707109 0.000000 -0.707105
vn 0.707109 0.000000 0.707105
vn 0.707109 0.000000 0.707105
vn 0.707109 0.000000 0.707105
vn 0.707109 0.000000 0.707105
vn -0.707107 0.000000 -0.707107
vn -0.707107 0.000000 -0.707107
vn -0.707107 0.000000 -0.707107
vn -0.707107 0.000000 -0.707107
vn -0.707107 0.000000 0.707107
vn -0.707107 0.000000 0.707107
vn -0.707107 0.000000 0.707107
vn -0.707107 0.000000 0.707107
vn 0.707108 0.000000 -0.707105
vn 0.707108 0.000000 -0.707105
vn 0.707108 0.000000 -0.707105
vn 0.707108 0.000000 -0.707105
vn 0.707108 0.000000 0.707105
vn 0.707108 0.000000 0.707105
vn 0.707108 0.000000 0.707105
vn 0.707108 0.000000 0.707105
vn -0.707109 0.000000 -0.707105
vn -0.707109 0.000000 -0.707105
vn -0.707109 0.000000 -0.707105
vn -0.707109 0.000000 -0.707105
vn -0.707109 0.000000 0.707105
vn -0.707109 0.000000 0.707105
vn -0.707109 0.000000 0.707105
vn -0.707109 0.000000 0.707105
vn 0.704157 -0.710020 0.005861
vn 0.005861 -0.710021 0.704156
vn 0.002579 -0.708395 0.705812
vn 0.705813 -0.708394 0.002579
vn 0.705813 -0.708394 -0.002579
vn 0.002579 -0.708395 -0.705812
vn 0.005861 -0.710021 -0.704156
vn 0.704157 -0.710020 -0.005861
vn -0.705811 -0.708395 0.002579
vn -0.002579 -0.708395 0.705812
vn -0.005861 -0.710021 0.704156
vn -0.704156 -0.710022 0.005861
vn -0.002579 -0.708395 -0.705812
vn -0.705811 -0.708395 -0.002579
vn -0.704156 -0.710022 -0.005861
vn -0.005861 -0.710021 -0.704156
vn 0.002579 0.708396 -0.705811
vn 0.705806 0.708401 -0.002579
vn 0.704150 0.710027 -0.005861
vn 0.005861 0.710022 -0.704155
vn -0.705808 0.708399 -0.002579
vn -0.002579 0.708396 -0.705811
vn -0.005861 0.710022 -0.704155
vn -0.704152 0.710025 -0.005861
vn 0.005861 0.710022 0.704155
vn 0.704150 0.710027 0.005861
vn 0.705806 0.708401 0.002579
vn 0.002579 0.708396 0.705811
vn -0.002579 0.708396 0.705811
vn -0.705808 0.708399 0.002579
vn -0.704152 0.710025 0.005861
vn -0.005861 0.710022 0.704155
vn 1.000000 0.000000 0.000000
vn 1.000000 0.000000 0.000000
vn 1.000000 0.000000 0.000000
vn 1.000000 0.000000 0.000000
vn 1.000000 0.000000 0.000000
vn 1.000000 0.000000 0.000000
vn 1.000000 0.000000 0.000000
vn 1.000000 0.000000 0.000000
vn 1.000000 0.000000 0.000000
vn 1.000000 0.000000 0.000000
vn 1.000000 0.000000 0.000000
vn 1.000000 0.000000 0.000000
vn 1.000000 0.000000 0.000000
vn 1.000000 0.000000 0.000000
vn 1.000000 0.000000 0.000000
vn 1.000000 0.000000 0.000000
vn 1.000000 0.000000 0.000000
vn 1.000000 0.000000 0.000000
vn 1.000000 0.000000 0.000000
vn 1.000000 0.000000 0.000000
vn 1.000000 0.000000 0.000000
vn 1.000000 0.000000 0.000000
vn 1.000000 0.000000 0.000000
vn 1.000000 0.000000 0.000000
vn 1.000000 0.000000 0.000000
vn 1.000000 0.000000 0.000000
vn 1.000000 0.000000 0.000000
vn 1.000000 0.000000 0.000000
vn 1.000000 0.000000 0.000000
vn 1.000000 0.000000 0.000000
vn 1.000000 0.000000 0.000000
vn 1.000000 0.000000 0.000000
vn 1.000000 0.000000 0.000000
vn 1.000000 0.000000 0.000000
vn 1.000000 0.000000 0.000000
vn 1.000000 0.000000 0.000000
vn 1.000000 0.000000 0.000000
vn 1.000000 0.000000 0.000000
vn 1.000000 0.000000 0.000000
vn 1.000000 0.000000 0.000000
vn 1.000000 0.000000 0.000000
vn 1.000000 0.000000 0.000000
vn 1.000000 0.000000 0.000000
vn 1.000000 0.000000 0.000000
vn 1.000000 0.000000 0.000000
vn 1.000000 0.000000 0.000000
vn 1.000000 0.000000 0.000000
vn 1.000000 0.000000 0.000000
vn 1.000000 0.000002 0.000000
vn 1.000000 0.000002 0.000000
vn 1.000000 0.000002 0.000000
vn 1.000000 0.000002 0.000000
vn 1.000000 0.000000 0.000000
vn 1.000000 0.000000 0.000000
vn 1.000000 0.000000 0.000000
vn 1.000000 0.000000 0.000000
vn 1.000000 -0.000003 0.000000
vn 1.000000 -0.000003 0.000000
vn 1.000000 -0.000003 0.000000
vn 1.000000 -0.000003 0.000000
vn 1.000000 0.000000 0.000000
vn 1.000000 0.000000 0.000000
vn 1.000000 0.000000 0.000000
vn 1.000000 0.000000 0.000000
vn 1.000000 0.000000 0.000000
vn 1.000000 0.000000 0.000000
vn 1.000000 0.000000 0.000000
vn 1.000000 0.000000 0.000000
vn 1.000000 0.000000 0.000000
vn 1.000000 0.000000 0.000000
vn 1.000000 0.000000 0.000000
vn 1.000000 0.000000 0.000000
vn 1.000000 0.000000 0.000000
vn 1.000000 0.000000 0.000000
vn 1.000000 0.000000 0.000000
vn 1.000000 0.000000 0.000000
vn 1.000000 0.000000 0.000000
vn 1.000000 0.000000 0.000000
vn 1.000000 0.000000 0.000000
vn 1.000000 0.000000 0.000000
vn 1.000000 0.000000 0.000000
vn 1.000000 0.000000 0.000000
vn 1.000000 0.000000 0.000000
vn 1.000000 0.000000 0.000000
vn 1.000000 0.000000 0.000000
vn 1.000000 0.000000 0.000000
vn 1.000000 0.000000 0.000000
vn 1.000000 0.000000 0.000000
vn 1.000000 0.000000 0.000000
vn 1.000000 0.000000 0.000000
vn 1.000000 0.000000 0.000000
vn 1.000000 0.000000 0.000000
vn 1.000000 -0.000002 0.000000
vn 1.000000 -0.000002 0.000000
vn 1.000000 -0.000002 0.000000
vn 1.000000 -0.000002 0.000000
vn 1.000000 0.000000 0.000000
vn 1.000000 0.000000 0.000000
vn 1.000000 0.000000 0.000000
vn 1.000000 0.000000 0.000000
vn 1.000000 -0.000002 0.000000
vn 1.000000 -0.000002 0.000000
vn 1.000000 -0.000002 0.000000
vn 1.000000 -0.000002 0.000000
vn 1.000000 0.000000 0.000000
vn 1.000000 0.000000 0.000000
vn 1.000000 0.000000 0.000000
vn 1.000000 0.000000 0.000000
vn 1.000000 0.000002 0.000000
vn 1.000000 0.000002 0.000000
vn 1.000000 0.000002 0.000000
vn 1.000000 0.000002 0.000000
vn 1.000000 -0.000002 0.000000
vn 1.000000 -0.000002 0.000000
vn 1.000000 -0.000002 0.000000
vn 1.000000 -0.000002 0.000000
vn 0.000000 0.000000 -1.000000
vn 0.000000 0.000000 -1.000000
vn 0.000000 0.000000 -1.000000
vn 0.000000 0.000000 -1.000000
vn 0.000000 0.000000 -1.000000
vn 0.000000 0.000000 -1.000000
vn 0.000000 0.000000 -1.000000
vn 0.000000 0.000000 -1.000000
vn 0.000000 0.000000 -1.000000
vn 0.000000 0.000000 -1.000000
vn 0.000000 0.000000 -1.000000
vn 0.000000 0.000000 -1.000000
vn 0.000000 0.000000 -1.000000
vn 0.000000 0.000000 -1.000000
vn 0.000000 0.000000 -1.000000
vn 0.000000 0.000000 -1.000000
vn 0.000000 0.000000 -1.000000
vn 0.000000 0.000000 -1.000000
vn 0.000000 0.000000 -1.000000
vn 0.000000 0.000000 -1.000000
vn 0.000000 0.000000 -1.000000
vn 0.000000 0.000000 -1.000000
vn 0.000000 0.000000 -1.000000
vn 0.000000 0.000000 -1.000000
vn 0.000000 0.000000 -1.000000
vn 0.000000 0.000000 -1.000000
vn 0.000000 0.000000 -1.000000
vn 0.000000 0.000000 -1.000000
vn 0.000000 0.000000 -1.000000
vn 0.000000 0.000000 -1.000000
vn 0.000000 0.000000 -1.000000
vn 0.000000 0.000000 -1.000000
vn 0.000000 0.000000 -1.000000
vn 0.000000 0.000000 -1.000000
vn 0.000000 0.000000 -1.000000
vn 0.000000 0.000000 -1.000000
vn 0.000000 0.000000 -1.000000
vn 0.000000 0.000000 -1.000000
vn 0.000000 0.000000 -1.000000
vn 0.000000 0.000000 -1.000000
vn 0.000000 0.000000 -1.000000
vn 0.000000 0.000000 -1.000000
vn 0.000000 0.000000 -1.000000
vn 0.000000 0.000000 -1.000000
vn 0.000000 0.000000 -1.000000
vn 0.000000 0.000000 -1.000000
vn 0.000000 0.000000 -1.000000
vn 0.000000 0.000000 -1.000000
vn 0.000000 0.000000 -1.000000
vn 0.000000 0.000000 -1.000000
vn 0.000000 0.000000 -1.000000
vn 0.000000 0.000000 -1.000000
vn 0.000000 0.000000 -1.000000
vn 0.000000 0.000000 -1.000000
vn 0.000000 0.000000 -1.000000
vn 0.000000 0.000000 -1.000000
vn 0.000000 0.000000 -1.000000
vn 0.000000 0.000000 -1.000000
vn 0.000000 0.000000 -1.000000
vn 0.000000 0.000000 -1.000000
vn 0.000000 0.000000 -1.000000
vn 0.000000 0.000000 -1.000000
vn 0.000000 0.000000 -1.000000
vn 0.000000 0.000000 -1.000000
vn 0.000000 0.000000 -1.000000
vn 0.000000 0.000000 -1.000000
vn 0.000000 0.000000 -1.000000
vn 0.000000 0.000000 -1.000000
vn 0.000000 0.000000 -1.000000
vn 0.000000 0.000000 -1.000000
vn 0.000000 0.000000 -1.000000
vn 0.000000 0.000000 -1.000000
vn 0.000000 0.000000 -1.000000
vn 0.000000 0.000000 -1.000000
vn 0.000000 0.000000 -1.000000
vn 0.000000 0.000000 -1.000000
vn 0.000000 0.000000 -1.000000
vn 0.000000 0.000000 -1.000000
vn 0.000000 0.000000 -1.000000
vn 0.000000 0.000000 -1.000000
vn 0.000000 0.000000 -1.000000
vn 0.000000 0.000000 -1.000000
vn 0.000000 0.000000 -1.000000
vn 0.000000 0.000000 -1.000000
vn 0.000000 0.000000 -1.000000
vn 0.000000 0.000000 -1.000000
vn 0.000000 0.000000 -1.000000
vn 0.000000 0.000000 -1.000000
vn 0.000000 0.000000 -1.000000
vn 0.000000 0.000000 -1.000000
vn 0.000000 0.000000 -1.000000
vn 0.000000 0.000000 -1.000000
vn 0.000000 0.000000 -1.000000
vn 0.000000 0.000000 -1.000000
vn 0.000000 0.000000 -1.000000
vn 0.000000 0.000000 -1.000000
vn 0.000000 0.000000 -1.000000
vn 0.000000 0.000000 -1.000000
vn 0.000000 0.000000 -1.000000
vn 0.000000 0.000000 -1.000000
vn 0.000000 0.000000 -1.000000
vn 0.000000 0.000000 -1.000000
vn 0.000000 0.000000 -1.000000
vn 0.000000 0.000000 -1.000000
vn 0.000000 0.000000 -1.000000
vn 0.000000 0.000000 -1.000000
vn 0.000000 0.000000 -1.000000
vn 0.000000 0.000000 -1.000000
vn 0.000000 0.000000 -1.000000
vn 0.000000 0.000000 -1.000000
vn 0.000000 0.000000 -1.000000
vn 0.000000 0.000000 -1.000000
vn 0.000000 0.000000 -1.000000
vn 0.000000 0.000000 -1.000000
vn 0.000000 0.000000 -1.000000
vn 0.000000 0.000000 -1.000000
vn -1.000000 0.000000 0.000000
vn -1.000000 0.000000 0.000000
vn -1.000000 0.000000 0.000000
vn -1.000000 0.000000 0.000000
vn -1.000000 0.000000 0.000000
vn -1.000000 0.000000 0.000000
vn -1.000000 0.000000 0.000000
vn -1.000000 0.000000 0.000000
vn -1.000000 0.000000 0.000000
vn -1.000000 0.000000 0.000000
vn -1.000000 0.000000 0.000000
vn -1.000000 0.000000 0.000000
vn -1.000000 0.000000 0.000000
vn -1.000000 0.000000 0.000000
vn -1.000000 0.000000 0.000000
vn -1.000000 0.000000 0.000000
vn -1.000000 0.000000 0.000000
vn -1.000000 0.000000 0.000000
vn -1.000000 0.000000 0.000000
vn -1.000000 0.000000 0.000000
vn -1.000000 0.000000 0.000000
vn -1.000000 0.000000 0.000000
vn -1.000000 0.000000 0.000000
vn -1.000000 0.000000 0.000000
vn -1.000000 0.000000 0.000000
vn -1.000000 0.000000 0.000000
vn -1.000000 0.000000 0.000000
vn -1.000000 0.000000 0.000000
vn -1.000000 0.000000 0.000000
vn -1.000000 0.000000 0.000000
vn -1.000000 0.000000 0.000000
vn -1.000000 0.000000 0.000000
vn -1.000000 0.000000 0.000000
vn -1.000000 0.000000 0.000000
vn -1.000000 0.000000 0.000000
vn -1.000000 0.000000 0.000000
vn -1.000000 0.000000 0.000000
vn -1.000000 0.000000 0.000000
vn -1.000000 0.000000 0.000000
vn -1.000000 0.000000 0.000000
vn -1.000000 0.000000 0.000000
vn -1.000000 0.000000 0.000000
vn -1.000000 0.000000 0.000000
vn -1.000000 0.000000 0.000000
vn -1.000000 0.000000 0.000000
vn -1.000000 0.000000 0.000000
vn -1.000000 0.000000 0.000000
vn -1.000000 0.000000 0.000000
vn -1.000000 -0.000002 0.000000
vn -1.000000 -0.000002 0.000000
vn -1.000000 -0.000002 0.000000
vn -1.000000 -0.000002 0.000000
vn -1.000000 0.000000 0.000000
vn -1.000000 0.000000 0.000000
vn -1.000000 0.000000 0.000000
vn -1.000000 0.000000 0.000000
vn -1.000000 0.000000 0.000000
vn -1.000000 0.000000 0.000000
vn -1.000000 0.000000 0.000000
vn -1.000000 0.000000 0.000000
vn -1.000000 0.000000 0.000000
vn -1.000000 0.000000 0.000000
vn -1.000000 0.000000 0.000000
vn -1.000000 0.000000 0.000000
vn -1.000000 0.000000 0.000000
vn -1.000000 0.000000 0.000000
vn -1.000000 0.000000 0.000000
vn -1.000000 0.000000 0.000000
vn -1.000000 0.000000 0.000000
vn -1.000000 0.000000 0.000000
vn -1.000000 0.000000 0.000000
vn -1.000000 0.000000 0.000000
vn -1.000000 0.000000 0.000000
vn -1.000000 0.000000 0.000000
vn -1.000000 0.000000 0.000000
vn -1.000000 0.000000 0.000000
vn -1.000000 0.000000 0.000000
vn -1.000000 0.000000 0.000000
vn -1.000000 0.000000 0.000000
vn -1.000000 0.000000 0.000000
vn -1.000000 0.000000 0.000000
vn -1.000000 0.000000 0.000000
vn -1.000000 0.000000 0.000000
vn -1.000000 0.000000 0.000000
vn -1.000000 0.000000 0.000000
vn -1.000000 0.000000 0.000000
vn -1.000000 0.000000 0.000000
vn -1.000000 0.000000 0.000000
vn -1.000000 0.000000 0.000000
vn -1.000000 0.000000 0.000000
vn -1.000000 0.000000 0.000000
vn -1.000000 0.000000 0.000000
vn -1.000000 0.000000 0.000000
vn -1.000000 0.000000 0.000000
vn -1.000000 0.000000 0.000000
vn -1.000000 0.000000 0.000000
vn -1.000000 0.000000 0.000000
vn -1.000000 0.000000 0.000000
vn -1.000000 0.000000 0.000000
vn -1.000000 0.000000 0.000000
vn -1.000000 0.000000 0.000000
vn -1.000000 0.000000 0.000000
vn -1.000000 0.000000 0.000000
vn -1.000000 0.000000 0.000000
vn -1.000000 0.000000 0.000000
vn -1.000000 0.000000 0.000000
vn -1.000000 0.000000 0.000000
vn -1.000000 0.000000 0.000000
vn -1.000000 0.000000 0.000000
vn -1.000000 0.000000 0.000000
vn -1.000000 0.000000 0.000000
vn -1.000000 0.000000 0.000000
vn -1.000000 0.000000 0.000000
vn -1.000000 0.000000 0.000000
vn -1.000000 0.000000 0.000000
vn -1.000000 0.000000 0.000000
vn 0.000000 0.000000 1.000000
vn 0.000000 0.000000 1.000000
vn 0.000000 0.000000 1.000000
vn 0.000000 0.000000 1.000000
vn 0.000000 0.000000 1.000000
vn 0.000000 0.000000 1.000000
vn 0.000000 0.000000 1.000000
vn 0.000000 0.000000 1.000000
vn 0.000000 0.000000 1.000000
vn 0.000000 0.000000 1.000000
vn 0.000000 0.000000 1.000000
vn 0.000000 0.000000 1.000000
vn 0.000000 0.000000 1.000000
vn 0.000000 0.000000 1.000000
vn 0.000000 0.000000 1.000000
vn 0.000000 0.000000 1.000000
vn 0.000000 0.000000 1.000000
vn 0.000000 0.000000 1.000000
vn 0.000000 0.000000 1.000000
vn 0.000000 0.000000 1.000000
vn 0.000000 0.000000 1.000000
vn 0.000000 0.000000 1.000000
vn 0.000000 0.000000 1.000000
vn 0.000000 0.000000 1.000000
vn 0.000000 0.000000 1.000000
vn 0.000000 0.000000 1.000000
vn 0.000000 0.000000 1.000000
vn 0.000000 0.000000 1.000000
vn 0.000000 0.000000 1.000000
vn 0.000000 0.000000 1.000000
vn 0.000000 0.000000 1.000000
vn 0.000000 0.000000 1.000000
vn 0.000000 0.000000 1.000000
vn 0.000000 0.000000 1.000000
vn 0.000000 0.000000 1.000000
vn 0.000000 0.000000 1.000000
vn 0.000000 0.000000 1.000000
vn 0.000000 0.000000 1.000000
vn 0.000000 0.000000 1.000000
vn 0.000000 0.000000 1.000000
vn 0.000000 0.000000 1.000000
vn 0.000000 0.000000 1.000000
vn 0.000000 0.000000 1.000000
vn 0.000000 0.000000 1.000000
vn 0.000000 0.000000 1.000000
vn 0.000000 0.000000 1.000000
vn 0.000000 0.000000 1.000000
vn 0.000000 0.000000 1.000000
vn 0.000000 0.000000 1.000000
vn 0.000000 0.000000 1.000000
vn 0.000000 0.000000 1.000000
vn 0.000000 0.000000 1.000000
vn 0.000000 0.000000 1.000000
vn 0.000000 0.000000 1.000000
vn 0.000000 0.000000 1.000000
vn 0.000000 0.000000 1.000000
vn 0.000000 0.000000 1.000000
vn 0.000000 0.000000 1.000000
vn 0.000000 0.000000 1.000000
vn 0.000000 0.000000 1.000000
vn 0.000000 0.000000 1.000000
vn 0.000000 0.000000 1.000000
vn 0.000000 0.000000 1.000000
vn 0.000000 0.000000 1.000000
vn 0.000000 0.000000 1.000000
vn 0.000000 0.000000 1.000000
vn 0.000000 0.000000 1.000000
vn 0.000000 0.000000 1.000000
vn 0.000000 0.000000 1.000000
vn 0.000000 0.000000 1.000000
vn 0.000000 0.000000 1.000000
vn 0.000000 0.000000 1.000000
vn 0.000000 0.000000 1.000000
vn 0.000000 0.000000 1.000000
vn 0.000000 0.000000 1.000000
vn 0.000000 0.000000 1.000000
vn 0.000000 0.000000 1.000000
vn 0.000000 0.000000 1.000000
vn 0.000000 0.000000 1.000000
vn 0.000000 0.000000 1.000000
vn 0.000000 0.000000 1.000000
vn 0.000000 0.000000 1.000000
vn 0.000000 0.000000 1.000000
vn 0.000000 0.000000 1.000000
vn 0.000000 0.000000 1.000000
vn 0.000000 0.000000 1.000000
vn 0.000000 0.000000 1.000000
vn 0.000000 0.000000 1.000000
vn 0.000000 0.000000 1.000000
vn 0.000000 0.000000 1.000000
vn 0.000000 0.000000 1.000000
vn 0.000000 0.000000 1.000000
vn 0.000000 0.000000 1.000000
vn 0.000000 0.000000 1.000000
vn 0.000000 0.000000 1.000000
vn 0.000000 0.000000 1.000000
vn 0.000000 0.000000 1.000000
vn 0.000000 0.000000 1.000000
vn 0.000000 0.000000 1.000000
vn 0.000000 0.000000 1.000000
vn 0.000000 0.000000 1.000000
vn 0.000000 0.000000 1.000000
vn 0.000000 0.000000 1.000000
vn 0.000000 0.000000 1.000000
vn 0.000000 0.000000 1.000000
vn 0.000000 0.000000 1.000000
vn 0.000000 0.000000 1.000000
vn 0.000000 0.000000 1.000000
vn 0.000000 0.000000 1.000000
vn 0.000000 0.000000 1.000000
vn 0.000000 0.000000 1.000000
vn 0.000000 0.000000 1.000000
vn 0.000000 0.000000 1.000000
vn 0.000000 0.000000 1.000000
vn 0.000000 0.000000 1.000000
vn 0.000000 0.000000 1.000000
vn 0.000000 0.000000 1.000000
vn 0.000000 0.000000 1.000000
vn 0.000000 0.000000 1.000000
vn 0.000000 0.000000 1.000000
vn -1.000000 0.000000 0.000000
vn -1.000000 0.000000 0.000000
vn -1.000000 0.000000 0.000000
vn -1.000000 0.000000 0.000000
vn 0.000000 0.000000 -1.000000
vn 0.000000 0.000000 -1.000000
vn 0.000000 0.000000 -1.000000
vn 0.000000 0.000000 -1.000000
vn 1.000000 0.000000 0.000000
vn 1.000000 0.000000 0.000000
vn 1.000000 0.000000 0.000000
vn 1.000000 0.000000 0.000000
vn 1.000000 0.000000 0.000000
vn 1.000000 0.000000 0.000000
vn 1.000000 0.000000 0.000000
vn 1.000000 0.000000 0.000000
vn 0.000000 0.000000 -1.000000
vn 0.000000 0.000000 -1.000000
vn 0.000000 0.000000 -1.000000
vn 0.000000 0.000000 -1.000000
vn -1.000000 0.000000 0.000000
vn -1.000000 0.000000 0.000000
vn -1.000000 0.000000 0.000000
vn -1.000000 0.000000 0.000000
vn 0.000000 0.000000 1.000000
vn 0.000000 0.000000 1.000000
vn 0.000000 0.000000 1.000000
vn 0.000000 0.000000 1.000000
vn -0.000000 -1.000000 0.000000
vn -0.000000 -1.000000 0.000000
vn -0.000000 -1.000000 0.000000
vn -0.000000 -1.000000 0.000000
vn 0.000000 -1.000000 0.000000
vn 0.000000 -1.000000 0.000000
vn 0.000000 -1.000000 0.000000
vn 0.000000 -1.000000 0.000000
vn 0.000000 1.000000 0.000000
vn 0.000000 1.000000 0.000000
vn 0.000000 1.000000 0.000000
vn 0.000000 1.000000 0.000000
vn 0.000012 1.000000 0.000000
vn 0.000012 1.000000 0.000000
vn 0.000012 1.000000 0.000000
vn 0.000012 1.000000 0.000000
g FCSET_Note_Stack_Tall_001_0p056_0p094_0p774 Note_Stack_Tall Post_Its group1
usemtl lambert1SG
f 485/1/1 486/2/2 484/3/3 483/4/4
f 510/682/5 502/6/6 501/7/7 509/8/8
f 2/9/9 1/747/10 4/750/11 3/12/12
f 6/13/13 5/749/14 8/753/15 7/16/16
f 10/581/17 9/752/18 12/754/19 11/631/20
f 14/21/21 13/630/22 16/635/23 15/24/24
f 18/25/25 17/634/26 20/679/27 19/28/28
f 22/678/29 21/755/30 24/757/31 23/646/32
f 26/33/33 25/645/34 28/677/35 27/36/36
f 30/37/37 29/650/38 32/676/39 31/40/40
f 34/41/41 33/656/42 36/675/43 35/44/44
f 38/45/45 37/662/46 40/579/47 39/48/48
f 42/49/49 41/667/50 44/674/51 43/52/52
f 46/53/53 45/761/54 48/764/55 47/56/56
f 50/57/57 49/763/58 52/766/59 51/60/60
f 54/61/61 53/765/62 56/768/63 55/64/64
f 58/622/65 57/66/66 60/67/67 59/624/68
f 62/623/69 61/70/70 64/71/71 63/626/72
f 66/625/73 65/74/74 68/75/75 67/628/76
f 70/627/77 69/78/78 72/79/79 71/633/80
f 74/632/81 73/82/82 76/83/83 75/638/84
f 78/637/85 77/86/86 80/87/87 79/643/88
f 82/642/89 81/90/90 84/91/91 83/649/92
f 86/647/93 85/94/94 88/95/95 87/655/96
f 90/673/97 89/98/98 92/99/99 91/661/100
f 94/706/101 93/659/102 96/672/103 95/578/104
f 98/707/105 97/665/106 100/670/107 99/710/108
f 102/709/109 101/110/110 104/111/111 103/712/112
f 106/711/113 105/114/114 108/115/115 107/714/116
f 110/713/117 109/118/118 112/119/119 111/716/120
f 114/121/121 113/122/122 116/123/123 115/124/124
f 118/125/125 117/126/126 120/127/127 119/128/128
f 122/129/129 121/130/130 124/131/131 123/132/132
f 126/133/133 125/134/134 128/135/135 127/136/136
f 130/137/137 129/138/138 132/139/139 131/140/140
f 134/141/141 133/142/142 136/143/143 135/144/144
f 138/145/145 137/146/146 140/147/147 139/148/148
f 142/149/149 141/150/150 144/151/151 143/152/152
f 146/153/153 145/154/154 148/155/155 147/156/156
f 150/157/157 149/158/158 152/159/159 151/160/160
f 154/161/161 153/162/162 156/163/163 155/164/164
f 158/165/165 157/166/166 160/167/167 159/168/168
f 162/169/169 161/170/170 164/171/171 163/172/172
f 166/173/173 165/174/174 168/175/175 167/176/176
f 170/546/177 169/178/178 172/179/179 171/549/180
f 174/548/181 173/182/182 176/183/183 175/551/184
f 178/550/185 177/186/186 180/187/187 179/553/188
f 182/552/189 181/190/190 184/191/191 183/555/192
f 186/554/193 185/194/194 188/195/195 187/557/196
f 190/556/197 189/198/198 192/199/199 191/559/200
f 194/558/201 193/202/202 196/203/203 195/561/204
f 198/560/205 197/206/206 200/207/207 199/563/208
f 202/562/209 201/210/210 204/211/211 203/565/212
f 206/564/213 205/214/214 208/215/215 207/567/216
f 210/566/217 209/218/218 212/219/219 211/569/220
f 214/568/221 213/222/222 216/223/223 215/571/224
f 218/570/225 217/226/226 220/227/227 219/573/228
f 222/572/229 221/230/230 224/231/231 223/576/232
f 55/64/233 56/768/234 242/746/235 241/515/236
f 223/576/237 224/231/238 243/235/239 244/575/240
f 225/237/241 226/574/242 499/719/243 500/240/244
f 226/574/245 225/237/246 245/241/247 246/545/248
f 227/243/249 228/244/250 505/245/251 506/246/252
f 228/244/253 227/243/254 248/247/255 247/248/256
f 111/716/257 112/119/258 250/249/259 249/704/260
f 229/715/261 230/252/262 503/253/263 504/688/264
f 230/252/265 229/715/266 251/703/267 252/256/268
f 167/176/269 168/175/270 254/257/271 253/258/272
f 231/259/273 232/260/274 511/261/275 512/262/276
f 232/260/277 231/259/278 255/263/279 256/264/280
f 51/60/281 52/766/282 258/744/283 257/266/284
f 219/573/285 220/227/286 259/267/287 260/543/288
f 53/765/289 54/61/290 261/269/291 262/745/292
f 221/230/293 222/572/294 264/542/295 263/272/296
f 107/714/297 108/115/298 266/273/299 265/702/300
f 109/118/301 110/713/302 267/701/303 268/276/304
f 163/172/305 164/171/306 270/277/307 269/278/308
f 165/174/309 166/173/310 271/279/311 272/280/312
f 47/56/313 48/764/314 274/742/315 273/282/316
f 215/571/317 216/223/318 275/283/319 276/541/320
f 49/763/321 50/57/322 277/285/323 278/743/324
f 217/226/325 218/570/326 280/540/327 279/288/328
f 103/712/329 104/111/330 282/289/331 281/700/332
f 105/114/333 106/711/334 283/699/335 284/292/336
f 159/168/337 160/167/338 286/293/339 285/294/340
f 161/170/341 162/169/342 287/295/343 288/296/344
f 43/52/345 44/762/346 290/740/347 289/298/348
f 211/569/349 212/219/350 291/299/351 292/539/352
f 45/761/353 46/53/354 293/301/355 294/741/356
f 213/222/357 214/568/358 296/538/359 295/304/360
f 99/710/361 100/670/362 298/620/363 297/698/364
f 101/110/365 102/709/366 299/696/367 300/708/368
f 155/164/369 156/163/370 302/309/371 301/310/372
f 157/166/373 158/165/374 303/311/375 304/312/376
f 39/669/377 40/580/378 306/739/379 305/668/380
f 207/567/381 208/215/382 307/315/383 308/537/384
f 41/667/385 42/49/386 309/317/387 310/619/388
f 209/218/389 210/566/390 312/536/391 311/320/392
f 95/577/393 96/103/394 314/321/395 313/666/396
f 97/665/397 98/707/398 315/694/399 316/617/400
f 151/160/401 152/159/402 318/325/403 317/326/404
f 153/162/405 154/161/406 319/327/407 320/328/408
f 35/664/409 36/760/410 322/738/411 321/663/412
f 203/565/413 204/211/414 323/331/415 324/535/416
f 37/662/417 38/45/418 325/333/419 326/615/420
f 205/214/421 206/564/422 328/534/423 327/336/424
f 91/661/425 92/99/426 330/337/427 329/660/428
f 93/659/429 94/706/430 331/692/431 332/613/432
f 147/156/433 148/155/434 334/341/435 333/342/436
f 149/158/437 150/157/438 335/343/439 336/344/440
f 31/658/441 32/759/442 338/737/443 337/657/444
f 199/563/445 200/207/446 339/347/447 340/533/448
f 33/656/449 34/41/450 341/349/451 342/611/452
f 201/210/453 202/562/454 344/532/455 343/352/456
f 87/655/457 88/95/458 346/353/459 345/654/460
f 89/653/461 90/705/462 347/690/463 348/609/464
f 143/152/465 144/151/466 350/357/467 349/358/468
f 145/154/469 146/153/470 351/359/471 352/360/472
f 27/652/473 28/758/474 354/736/475 353/651/476
f 195/561/477 196/203/478 355/363/479 356/531/480
f 29/650/481 30/37/482 357/365/483 358/607/484
f 197/206/485 198/560/486 360/530/487 359/368/488
f 83/649/489 84/91/490 362/369/491 361/605/492
f 85/94/493 86/648/494 363/604/495 364/372/496
f 139/148/497 140/147/498 366/373/499 365/374/500
f 141/150/501 142/149/502 367/375/503 368/376/504
f 23/646/505 24/757/506 370/734/507 369/603/508
f 191/559/509 192/199/510 371/379/511 372/529/512
f 25/645/513 26/33/514 373/381/515 374/644/516
f 193/202/517 194/558/518 376/528/519 375/384/520
f 79/643/521 80/87/522 378/385/523 377/601/524
f 81/90/525 82/642/526 379/600/527 380/388/528
f 135/144/529 136/143/530 382/389/531 381/390/532
f 137/146/533 138/145/534 383/391/535 384/392/536
f 19/641/537 20/756/538 386/732/539 385/599/540
f 187/557/541 188/195/542 387/395/543 388/527/544
f 21/640/545 22/29/546 389/397/547 390/639/548
f 189/198/549 190/556/550 392/526/551 391/400/552
f 75/638/553 76/83/554 394/401/555 393/597/556
f 77/86/557 78/637/558 395/596/559 396/404/560
f 131/140/561 132/139/562 398/405/563 397/406/564
f 133/142/565 134/141/566 399/407/567 400/408/568
f 15/24/569 16/636/570 402/594/571 401/410/572
f 183/555/573 184/191/574 403/411/575 404/525/576
f 17/634/577 18/25/578 405/413/579 406/595/580
f 185/194/581 186/554/582 408/524/583 407/416/584
f 71/633/585 72/79/586 410/417/587 409/593/588
f 73/82/589 74/632/590 411/592/591 412/420/592
f 127/136/593 128/135/594 414/421/595 413/422/596
f 129/138/597 130/137/598 415/423/599 416/424/600
f 11/631/601 12/754/602 418/730/603 417/591/604
f 179/553/605 180/187/606 419/427/607 420/523/608
f 13/630/609 14/21/610 421/429/611 422/629/612
f 181/190/613 182/552/614 424/522/615 423/432/616
f 67/628/617 68/75/618 426/433/619 425/589/620
f 69/78/621 70/627/622 427/588/623 428/436/624
f 123/132/625 124/131/626 430/437/627 429/438/628
f 125/134/629 126/133/630 431/439/631 432/440/632
f 7/16/633 8/753/634 434/728/635 433/442/636
f 175/551/637 176/183/638 435/443/639 436/521/640
f 9/751/641 10/17/642 437/445/643 438/729/644
f 177/186/645 178/671/646 440/520/647 439/448/648
f 63/626/649 64/71/650 442/449/651 441/587/652
f 65/74/653 66/625/654 443/586/655 444/452/656
f 119/128/657 120/127/658 446/453/659 445/454/660
f 121/130/661 122/129/662 447/455/663 448/456/664
f 3/12/665 4/750/666 450/726/667 449/458/668
f 171/549/669 172/179/670 451/459/671 452/519/672
f 5/749/673 6/13/674 453/461/675 454/727/676
f 173/182/677 174/548/678 456/518/679 455/464/680
f 59/624/681 60/67/682 458/465/683 457/585/684
f 61/70/685 62/717/686 459/584/687 460/468/688
f 115/124/689 116/123/690 462/469/691 461/470/692
f 117/126/693 118/125/694 463/471/695 464/472/696
f 233/748/697 234/474/698 487/475/699 488/723/700
f 234/474/701 233/748/702 466/724/703 465/478/704
f 235/479/705 236/684/706 481/513/707 482/482/708
f 236/547/709 235/479/710 467/483/711 468/517/712
f 1/747/713 2/9/714 469/485/715 470/725/716
f 169/178/717 170/546/718 472/516/719 471/488/720
f 237/489/721 238/686/722 495/689/723 496/492/724
f 238/685/725 237/489/726 474/493/727 473/583/728
f 57/66/729 58/718/730 475/582/731 476/496/732
f 239/497/733 240/498/734 491/499/735 492/500/736
f 240/498/737 239/497/738 478/501/739 477/502/740
f 113/122/741 114/121/742 479/503/743 480/504/744
f 241/234/745 242/544/746 246/545/747 245/241/748
f 244/236/749 243/514/750 247/248/751 248/247/752
f 249/704/753 250/249/754 252/256/755 251/703/756
f 253/258/757 254/257/758 256/264/759 255/263/760
f 257/266/761 258/744/762 262/745/763 261/269/764
f 260/543/765 259/267/766 263/272/767 264/542/768
f 265/702/769 266/273/770 268/276/771 267/701/772
f 269/278/773 270/277/774 272/280/775 271/279/776
f 273/282/777 274/742/778 278/743/779 277/285/780
f 276/541/781 275/283/782 279/288/783 280/540/784
f 281/700/785 282/289/786 284/292/787 283/699/788
f 285/294/789 286/293/790 288/296/791 287/295/792
f 289/298/793 290/740/794 294/741/795 293/301/796
f 292/539/797 291/299/798 295/304/799 296/538/800
f 297/698/801 298/620/802 300/621/803 299/697/804
f 301/310/805 302/309/806 304/312/807 303/311/808
f 305/314/809 306/618/810 310/619/811 309/317/812
f 308/537/813 307/315/814 311/320/815 312/536/816
f 313/695/817 314/616/818 316/617/819 315/694/820
f 317/326/821 318/325/822 320/328/823 319/327/824
f 321/330/825 322/614/826 326/615/827 325/333/828
f 324/535/829 323/331/830 327/336/831 328/534/832
f 329/693/833 330/612/834 332/613/835 331/692/836
f 333/342/837 334/341/838 336/344/839 335/343/840
f 337/346/841 338/610/842 342/611/843 341/349/844
f 340/533/845 339/347/846 343/352/847 344/532/848
f 345/691/849 346/608/850 348/609/851 347/690/852
f 349/358/853 350/357/854 352/360/855 351/359/856
f 353/362/857 354/606/858 358/607/859 357/365/860
f 356/531/861 355/363/862 359/368/863 360/530/864
f 361/605/865 362/369/866 364/372/867 363/604/868
f 365/374/869 366/373/870 368/376/871 367/375/872
f 369/603/873 370/734/874 374/735/875 373/602/876
f 372/529/877 371/379/878 375/384/879 376/528/880
f 377/601/881 378/385/882 380/388/883 379/600/884
f 381/390/885 382/389/886 384/392/887 383/391/888
f 385/599/889 386/732/890 390/733/891 389/598/892
f 388/527/893 387/395/894 391/400/895 392/526/896
f 393/597/897 394/401/898 396/404/899 395/596/900
f 397/406/901 398/405/902 400/408/903 399/407/904
f 401/410/905 402/594/906 406/595/907 405/413/908
f 404/525/909 403/411/910 407/416/911 408/524/912
f 409/593/913 410/417/914 412/420/915 411/592/916
f 413/422/917 414/421/918 416/424/919 415/423/920
f 417/591/921 418/730/922 422/731/923 421/590/924
f 420/523/925 419/427/926 423/432/927 424/522/928
f 425/589/929 426/433/930 428/436/931 427/588/932
f 429/438/933 430/437/934 432/440/935 431/439/936
f 433/442/937 434/728/938 438/729/939 437/445/940
f 436/521/941 435/443/942 439/448/943 440/520/944
f 441/587/945 442/449/946 444/452/947 443/586/948
f 445/454/949 446/453/950 448/456/951 447/455/952
f 449/458/953 450/726/954 454/727/955 453/461/956
f 452/519/957 451/459/958 455/464/959 456/518/960
f 457/585/961 458/465/962 460/468/963 459/584/964
f 461/470/965 462/469/966 464/472/967 463/471/968
f 465/478/969 466/724/970 470/725/971 469/485/972
f 468/517/973 467/483/974 471/488/975 472/516/976
f 473/583/977 474/493/978 476/496/979 475/582/980
f 477/502/981 478/501/982 480/504/983 479/503/984
f 482/482/985 481/513/986 483/4/987 484/3/988
f 486/2/989 485/1/990 488/723/991 487/475/992
f 489/505/993 490/506/994 492/500/995 491/499/996
f 493/721/997 494/508/998 496/492/999 495/689/1000
f 498/720/1001 497/510/1002 500/240/1003 499/719/1004
f 501/7/1005 502/6/1006 504/688/1007 503/253/1008
f 506/246/1009 505/245/1010 508/511/1011 507/512/1012
f 510/682/1013 509/8/1014 512/262/1015 511/261/1016
f 243/514/1017 241/234/1018 245/241/1019 247/248/1020
f 221/230/1021 54/61/1022 55/64/1023 224/231/1024
f 259/267/1025 257/266/1026 261/269/1027 263/272/1028
f 217/226/1029 50/57/1030 51/60/1031 220/227/1032
f 275/283/1033 273/282/1034 277/285/1035 279/288/1036
f 213/222/1037 46/53/1038 47/56/1039 216/223/1040
f 291/299/1041 289/298/1042 293/301/1043 295/304/1044
f 209/218/1045 42/49/1046 43/52/1047 212/219/1048
f 307/315/1049 305/314/1050 309/317/1051 311/320/1052
f 205/214/1053 38/45/1054 39/48/1055 208/215/1056
f 323/331/1057 321/330/1058 325/333/1059 327/336/1060
f 201/210/1061 34/41/1062 35/44/1063 204/211/1064
f 339/347/1065 337/346/1066 341/349/1067 343/352/1068
f 197/206/1069 30/37/1070 31/40/1071 200/207/1072
f 355/363/1073 353/362/1074 357/365/1075 359/368/1076
f 193/202/1077 26/33/1078 27/36/1079 196/203/1080
f 371/379/1081 369/378/1082 373/381/1083 375/384/1084
f 189/198/1085 22/29/1086 23/32/1087 192/199/1088
f 387/395/1089 385/394/1090 389/397/1091 391/400/1092
f 185/194/1093 18/25/1094 19/28/1095 188/195/1096
f 403/411/1097 401/410/1098 405/413/1099 407/416/1100
f 181/190/1101 14/21/1102 15/24/1103 184/191/1104
f 419/427/1105 417/426/1106 421/429/1107 423/432/1108
f 177/186/1109 10/17/1110 11/20/1111 180/187/1112
f 435/443/1113 433/442/1114 437/445/1115 439/448/1116
f 173/182/1117 6/13/1118 7/16/1119 176/183/1120
f 451/459/1121 449/458/1122 453/461/1123 455/464/1124
f 169/178/1125 2/9/1126 3/12/1127 172/179/1128
f 467/483/1129 465/478/1130 469/485/1131 471/488/1132
f 242/233/1133 249/250/1134 251/255/1135 246/242/1136
f 53/62/1137 110/117/1138 111/120/1139 56/63/1140
f 258/265/1141 265/274/1142 267/275/1143 262/270/1144
f 49/58/1145 106/113/1146 107/116/1147 52/59/1148
f 274/281/1149 281/290/1150 283/291/1151 278/286/1152
f 45/54/1153 102/109/1154 103/112/1155 48/55/1156
f 290/297/1157 297/306/1158 299/307/1159 294/302/1160
f 41/50/1161 98/105/1162 99/108/1163 44/51/1164
f 306/313/1165 313/322/1166 315/323/1167 310/318/1168
f 37/46/1169 94/101/1170 95/104/1171 40/47/1172
f 322/329/1173 329/338/1174 331/339/1175 326/334/1176
f 33/42/1177 90/97/1178 91/100/1179 36/43/1180
f 338/345/1181 345/354/1182 347/355/1183 342/350/1184
f 29/38/1185 86/93/1186 87/96/1187 32/39/1188
f 354/361/1189 361/370/1190 363/371/1191 358/366/1192
f 25/34/1193 82/89/1194 83/92/1195 28/35/1196
f 370/377/1197 377/386/1198 379/387/1199 374/382/1200
f 21/30/1201 78/85/1202 79/88/1203 24/31/1204
f 386/393/1205 393/402/1206 395/403/1207 390/398/1208
f 17/26/1209 74/81/1210 75/84/1211 20/27/1212
f 402/409/1213 409/418/1214 411/419/1215 406/414/1216
f 13/22/1217 70/77/1218 71/80/1219 16/23/1220
f 418/425/1221 425/434/1222 427/435/1223 422/430/1224
f 9/18/1225 66/73/1226 67/76/1227 12/19/1228
f 434/441/1229 441/450/1230 443/451/1231 438/446/1232
f 5/14/1233 62/69/1234 63/72/1235 8/15/1236
f 450/457/1237 457/466/1238 459/467/1239 454/462/1240
f 1/10/1241 58/65/1242 59/68/1243 4/11/1244
f 466/477/1245 473/494/1246 475/495/1247 470/486/1248
f 250/249/1249 253/258/1250 255/263/1251 252/256/1252
f 109/118/1253 166/173/1254 167/176/1255 112/119/1256
f 266/273/1257 269/278/1258 271/279/1259 268/276/1260
f 105/114/1261 162/169/1262 163/172/1263 108/115/1264
f 282/289/1265 285/294/1266 287/295/1267 284/292/1268
f 101/110/1269 158/165/1270 159/168/1271 104/111/1272
f 298/305/1273 301/310/1274 303/311/1275 300/308/1276
f 97/106/1277 154/161/1278 155/164/1279 100/107/1280
f 314/321/1281 317/326/1282 319/327/1283 316/324/1284
f 93/102/1285 150/157/1286 151/160/1287 96/103/1288
f 330/337/1289 333/342/1290 335/343/1291 332/340/1292
f 89/98/1293 146/153/1294 147/156/1295 92/99/1296
f 346/353/1297 349/358/1298 351/359/1299 348/356/1300
f 85/94/1301 142/149/1302 143/152/1303 88/95/1304
f 362/369/1305 365/374/1306 367/375/1307 364/372/1308
f 81/90/1309 138/145/1310 139/148/1311 84/91/1312
f 378/385/1313 381/390/1314 383/391/1315 380/388/1316
f 77/86/1317 134/141/1318 135/144/1319 80/87/1320
f 394/401/1321 397/406/1322 399/407/1323 396/404/1324
f 73/82/1325 130/137/1326 131/140/1327 76/83/1328
f 410/417/1329 413/422/1330 415/423/1331 412/420/1332
f 69/78/1333 126/133/1334 127/136/1335 72/79/1336
f 426/433/1337 429/438/1338 431/439/1339 428/436/1340
f 65/74/1341 122/129/1342 123/132/1343 68/75/1344
f 442/449/1345 445/454/1346 447/455/1347 444/452/1348
f 61/70/1349 118/125/1350 119/128/1351 64/71/1352
f 458/465/1353 461/470/1354 463/471/1355 460/468/1356
f 57/66/1357 114/121/1358 115/124/1359 60/67/1360
f 474/493/1361 477/502/1362 479/503/1363 476/496/1364
f 254/257/1365 244/236/1366 248/247/1367 256/264/1368
f 165/174/1369 222/229/1370 223/232/1371 168/175/1372
f 270/277/1373 260/268/1374 264/271/1375 272/280/1376
f 161/170/1377 218/225/1378 219/228/1379 164/171/1380
f 286/293/1381 276/284/1382 280/287/1383 288/296/1384
f 157/166/1385 214/221/1386 215/224/1387 160/167/1388
f 302/309/1389 292/300/1390 296/303/1391 304/312/1392
f 153/162/1393 210/217/1394 211/220/1395 156/163/1396
f 318/325/1397 308/316/1398 312/319/1399 320/328/1400
f 149/158/1401 206/213/1402 207/216/1403 152/159/1404
f 334/341/1405 324/332/1406 328/335/1407 336/344/1408
f 145/154/1409 202/209/1410 203/212/1411 148/155/1412
f 350/357/1413 340/348/1414 344/351/1415 352/360/1416
f 141/150/1417 198/205/1418 199/208/1419 144/151/1420
f 366/373/1421 356/364/1422 360/367/1423 368/376/1424
f 137/146/1425 194/201/1426 195/204/1427 140/147/1428
f 382/389/1429 372/380/1430 376/383/1431 384/392/1432
f 133/142/1433 190/197/1434 191/200/1435 136/143/1436
f 398/405/1437 388/396/1438 392/399/1439 400/408/1440
f 129/138/1441 186/193/1442 187/196/1443 132/139/1444
f 414/421/1445 404/412/1446 408/415/1447 416/424/1448
f 125/134/1449 182/189/1450 183/192/1451 128/135/1452
f 430/437/1453 420/428/1454 424/431/1455 432/440/1456
f 121/130/1457 178/185/1458 179/188/1459 124/131/1460
f 446/453/1461 436/444/1462 440/447/1463 448/456/1464
f 117/126/1465 174/181/1466 175/184/1467 120/127/1468
f 462/469/1469 452/460/1470 456/463/1471 464/472/1472
f 113/122/1473 170/177/1474 171/180/1475 116/123/1476
f 478/501/1477 468/484/1478 472/487/1479 480/504/1480
f 224/231/238 55/64/233 241/767/236 243/235/239
f 225/237/246 228/244/253 247/248/256 245/241/247
f 56/63/234 111/120/257 249/250/260 242/233/235
f 229/251/266 226/238/245 246/242/248 251/255/267
f 112/119/258 167/176/269 253/258/272 250/249/259
f 231/259/278 230/252/265 252/256/268 255/263/279
f 168/175/270 223/232/237 244/236/240 254/257/271
f 227/243/254 232/260/277 256/264/280 248/247/255
f 220/227/286 51/60/281 257/266/284 259/267/287
f 54/61/290 221/230/293 263/272/296 261/269/291
f 52/59/282 107/116/297 265/274/300 258/265/283
f 110/117/302 53/62/289 262/270/292 267/275/303
f 108/115/298 163/172/305 269/278/308 266/273/299
f 166/173/310 109/118/301 268/276/304 271/279/311
f 164/171/306 219/228/285 260/268/288 270/277/307
f 222/229/294 165/174/309 272/280/312 264/271/295
f 216/223/318 47/56/313 273/282/316 275/283/319
f 50/57/322 217/226/325 279/288/328 277/285/323
f 48/55/314 103/112/329 281/290/332 274/281/315
f 106/113/334 49/58/321 278/286/324 283/291/335
f 104/111/330 159/168/337 285/294/340 282/289/331
f 162/169/342 105/114/333 284/292/336 287/295/343
f 160/167/338 215/224/317 276/284/320 286/293/339
f 218/225/326 161/170/341 288/296/344 280/287/327
f 212/219/350 43/52/345 289/298/348 291/299/351
f 46/53/354 213/222/357 295/304/360 293/301/355
f 44/51/346 99/108/361 297/306/364 290/297/347
f 102/109/366 45/54/353 294/302/356 299/307/367
f 100/107/362 155/164/369 301/310/372 298/305/363
f 158/165/374 101/110/365 300/308/368 303/311/375
f 156/163/370 211/220/349 292/300/352 302/309/371
f 214/221/358 157/166/373 304/312/376 296/303/359
f 208/215/382 39/48/377 305/314/380 307/315/383
f 42/49/386 209/218/389 311/320/392 309/317/387
f 40/47/378 95/104/393 313/322/396 306/313/379
f 98/105/398 41/50/385 310/318/388 315/323/399
f 96/103/394 151/160/401 317/326/404 314/321/395
f 154/161/406 97/106/397 316/324/400 319/327/407
f 152/159/402 207/216/381 308/316/384 318/325/403
f 210/217/390 153/162/405 320/328/408 312/319/391
f 204/211/414 35/44/409 321/330/412 323/331/415
f 38/45/418 205/214/421 327/336/424 325/333/419
f 36/43/410 91/100/425 329/338/428 322/329/411
f 94/101/430 37/46/417 326/334/420 331/339/431
f 92/99/426 147/156/433 333/342/436 330/337/427
f 150/157/438 93/102/429 332/340/432 335/343/439
f 148/155/434 203/212/413 324/332/416 334/341/435
f 206/213/422 149/158/437 336/344/440 328/335/423
f 200/207/446 31/40/441 337/346/444 339/347/447
f 34/41/450 201/210/453 343/352/456 341/349/451
f 32/39/442 87/96/457 345/354/460 338/345/443
f 90/97/462 33/42/449 342/350/452 347/355/463
f 88/95/458 143/152/465 349/358/468 346/353/459
f 146/153/470 89/98/461 348/356/464 351/359/471
f 144/151/466 199/208/445 340/348/448 350/357/467
f 202/209/454 145/154/469 352/360/472 344/351/455
f 196/203/478 27/36/473 353/362/476 355/363/479
f 30/37/482 197/206/485 359/368/488 357/365/483
f 28/35/474 83/92/489 361/370/492 354/361/475
f 86/93/494 29/38/481 358/366/484 363/371/495
f 84/91/490 139/148/497 365/374/500 362/369/491
f 142/149/502 85/94/493 364/372/496 367/375/503
f 140/147/498 195/204/477 356/364/480 366/373/499
f 198/205/486 141/150/501 368/376/504 360/367/487
f 192/199/510 23/32/505 369/378/508 371/379/511
f 26/33/514 193/202/517 375/384/520 373/381/515
f 24/31/506 79/88/521 377/386/524 370/377/507
f 82/89/526 25/34/513 374/382/516 379/387/527
f 80/87/522 135/144/529 381/390/532 378/385/523
f 138/145/534 81/90/525 380/388/528 383/391/535
f 136/143/530 191/200/509 372/380/512 382/389/531
f 194/201/518 137/146/533 384/392/536 376/383/519
f 188/195/542 19/28/537 385/394/540 387/395/543
f 22/29/546 189/198/549 391/400/552 389/397/547
f 20/27/538 75/84/553 393/402/556 386/393/539
f 78/85/558 21/30/545 390/398/548 395/403/559
f 76/83/554 131/140/561 397/406/564 394/401/555
f 134/141/566 77/86/557 396/404/560 399/407/567
f 132/139/562 187/196/541 388/396/544 398/405/563
f 190/197/550 133/142/565 400/408/568 392/399/551
f 184/191/574 15/24/569 401/410/572 403/411/575
f 18/25/578 185/194/581 407/416/584 405/413/579
f 16/23/570 71/80/585 409/418/588 402/409/571
f 74/81/590 17/26/577 406/414/580 411/419/591
f 72/79/586 127/136/593 413/422/596 410/417/587
f 130/137/598 73/82/589 412/420/592 415/423/599
f 128/135/594 183/192/573 404/412/576 414/421/595
f 186/193/582 129/138/597 416/424/600 408/415/583
f 180/187/606 11/20/601 417/426/604 419/427/607
f 14/21/610 181/190/613 423/432/616 421/429/611
f 12/19/602 67/76/617 425/434/620 418/425/603
f 70/77/622 13/22/609 422/430/612 427/435/623
f 68/75/618 123/132/625 429/438/628 426/433/619
f 126/133/630 69/78/621 428/436/624 431/439/631
f 124/131/626 179/188/605 420/428/608 430/437/627
f 182/189/614 125/134/629 432/440/632 424/431/615
f 176/183/638 7/16/633 433/442/636 435/443/639
f 10/17/642 177/186/645 439/448/648 437/445/643
f 8/15/634 63/72/649 441/450/652 434/441/635
f 66/73/654 9/18/641 438/446/644 443/451/655
f 64/71/650 119/128/657 445/454/660 442/449/651
f 122/129/662 65/74/653 444/452/656 447/455/663
f 120/127/658 175/184/637 436/444/640 446/453/659
f 178/185/646 121/130/661 448/456/664 440/447/647
f 172/179/670 3/12/665 449/458/668 451/459/671
f 6/13/674 173/182/677 455/464/680 453/461/675
f 4/11/666 59/68/681 457/466/684 450/457/667
f 62/69/686 5/14/673 454/462/676 459/467/687
f 60/67/682 115/124/689 461/470/692 458/465/683
f 118/125/694 61/70/685 460/468/688 463/471/695
f 116/123/690 171/180/669 452/460/672 462/469/691
f 174/181/678 117/126/693 464/472/696 456/463/679
f 235/479/710 234/474/701 465/478/704 467/483/711
f 2/9/714 169/178/717 471/488/720 469/485/715
f 233/473/702 238/490/725 473/494/728 466/477/703
f 58/65/730 1/10/713 470/486/716 475/495/731
f 237/489/726 240/498/737 477/502/740 474/493/727
f 114/121/742 57/66/729 476/496/732 479/503/743
f 239/497/738 236/480/709 468/484/712 478/501/739
f 170/177/718 113/122/741 480/504/744 472/487/719
f 482/482/985 484/3/988 486/2/989 487/475/992
f 483/4/987 481/481/986 492/500/995 490/722/994
f 489/505/993 491/499/996 496/492/999 494/508/998
f 493/507/997 495/491/1000 488/476/991 485/1/990
f 498/681/1001 499/239/1004 504/254/1007 502/687/1006
f 500/240/1003 497/510/1002 508/511/1011 505/245/1010
f 506/246/1009 507/512/1012 510/682/1013 511/261/1016
f 501/7/1005 503/253/1008 512/262/1015 509/8/1014
f 481/481/1481 236/480/1482 239/497/1483 492/500/1484
f 491/499/1485 240/498/1486 237/489/1487 496/492/1488
f 495/491/1489 238/490/1490 233/473/1491 488/476/1492
f 487/475/1493 234/474/1494 235/479/1495 482/482/1496
f 228/244/1497 225/237/1498 500/240/1499 505/245/1500
f 226/238/1501 229/251/1502 504/254/1503 499/239/1504
f 230/252/1505 231/259/1506 512/262/1507 503/253/1508
f 232/260/1509 227/243/1510 506/246/1511 511/261/1512
f 485/1/1513 483/4/1514 490/722/1515 493/507/1516
f 493/721/1517 490/506/1518 489/505/1519 494/508/1520
f 507/680/1521 498/509/1522 502/683/1523 510/5/1524
f 507/512/1525 508/511/1526 497/510/1527 498/720/1528
g default
v 0.496165 0.833137 0.495497
v 0.494204 0.765860 -0.494204
v -0.494204 0.765860 -0.494204
v -0.494204 0.765860 0.494204
v 0.000000 0.765860 0.000000
v 0.494204 0.765860 0.000000
v 0.000000 0.765860 -0.494204
v -0.494204 0.765860 0.000000
v 0.000000 0.765860 0.494204
v 0.247102 0.765860 0.247102
v 0.247135 0.765874 0.494245
v 0.494215 0.765917 0.247121
v 0.247102 0.765860 0.000000
v 0.000000 0.765860 0.247102
v 0.247102 0.765860 -0.247102
v 0.494204 0.765860 -0.247102
v 0.247102 0.765860 -0.494204
v 0.000000 0.765860 -0.247102
v -0.247102 0.765860 -0.247102
v -0.247102 0.765860 -0.494204
v -0.494204 0.765860 -0.247102
v -0.247102 0.765860 0.000000
v -0.247102 0.765860 0.247102
v -0.494204 0.765860 0.247102
v -0.247102 0.765860 0.494204
v 0.123551 0.765860 0.370653
v 0.000000 0.765860 0.370653
v 0.123551 0.765860 0.494204
v 0.247102 0.765860 0.370653
v 0.123551 0.765860 0.247102
v 0.370653 0.765860 -0.123551
v 0.370653 0.765860 0.000000
v 0.494204 0.765860 -0.123551
v 0.370653 0.765860 -0.247102
v 0.247102 0.765860 -0.123551
v -0.123551 0.765860 -0.370653
v 0.000000 0.765860 -0.370653
v -0.123551 0.765860 -0.494204
v -0.247102 0.765860 -0.370653
v -0.123551 0.765860 -0.247102
v -0.370653 0.765860 0.123551
v -0.370653 0.765860 0.000000
v -0.494204 0.765860 0.123551
v -0.370653 0.765860 0.247102
v -0.247102 0.765860 0.123551
v 0.372696 0.769651 0.373612
v 0.376648 0.786062 0.500493
v 0.497288 0.791296 0.374206
v 0.370653 0.765860 0.247102
v 0.370653 0.765860 0.123551
v 0.494204 0.765860 0.123551
v 0.247102 0.765860 0.123551
v 0.123551 0.765860 0.123551
v 0.123551 0.765860 0.000000
v 0.000000 0.765860 0.123551
v 0.370653 0.765860 -0.370653
v 0.494204 0.765860 -0.370653
v 0.370653 0.765860 -0.494204
v 0.247102 0.765860 -0.370653
v 0.123551 0.765860 -0.370653
v 0.123551 0.765860 -0.494204
v 0.123551 0.765860 -0.247102
v 0.123551 0.765860 -0.123551
v 0.000000 0.765860 -0.123551
v -0.370653 0.765860 -0.370653
v -0.370653 0.765860 -0.494204
v -0.494204 0.765860 -0.370653
v -0.370653 0.765860 -0.247102
v -0.370653 0.765860 -0.123551
v -0.494204 0.765860 -0.123551
v -0.247102 0.765860 -0.123551
v -0.123551 0.765860 -0.123551
v -0.123551 0.765860 0.000000
v -0.370653 0.765860 0.370653
v -0.494204 0.765860 0.370653
v -0.370653 0.765860 0.494204
v -0.247102 0.765860 0.370653
v -0.123551 0.765860 0.370653
v -0.123551 0.765860 0.494204
v -0.123551 0.765860 0.247102
v -0.123551 0.765860 0.123551
v 0.000000 0.774115 0.247102
v 0.123551 0.774115 0.247102
v 0.000000 0.774115 0.370653
v 0.123551 0.774115 0.370653
v 0.247102 0.774115 0.000000
v 0.247102 0.774115 -0.123551
v 0.370653 0.774115 0.000000
v 0.370653 0.774115 -0.123551
v 0.000000 0.774115 -0.247102
v -0.123551 0.774115 -0.247102
v 0.000000 0.774115 -0.370653
v -0.123551 0.774115 -0.370653
v -0.247102 0.774115 0.000000
v -0.247102 0.774115 0.123551
v -0.370653 0.774115 0.000000
v -0.370653 0.774115 0.123551
v 0.247131 0.774128 0.494243
v 0.247102 0.774115 0.370653
v 0.375628 0.794295 0.499862
v 0.372514 0.778479 0.373751
v 0.494211 0.774172 0.247119
v 0.370653 0.774115 0.247102
v 0.494204 0.774115 0.123551
v 0.370653 0.774115 0.123551
v 0.247102 0.774115 0.123551
v 0.123551 0.774115 0.000000
v 0.123551 0.774115 0.123551
v 0.494204 0.774115 -0.247102
v 0.370653 0.774115 -0.247102
v 0.494204 0.774115 -0.370653
v 0.370653 0.774115 -0.370653
v 0.247102 0.774115 -0.494204
v 0.247102 0.774115 -0.370653
v 0.123551 0.774115 -0.494204
v 0.123551 0.774115 -0.370653
v 0.123551 0.774115 -0.247102
v 0.000000 0.774115 -0.123551
v 0.123551 0.774115 -0.123551
v -0.247102 0.774115 -0.494204
v -0.247102 0.774115 -0.370653
v -0.370653 0.774115 -0.494204
v -0.370653 0.774115 -0.370653
v -0.494204 0.774115 -0.247102
v -0.370653 0.774115 -0.247102
v -0.494204 0.774115 -0.123551
v -0.370653 0.774115 -0.123551
v -0.247102 0.774115 -0.123551
v -0.123551 0.774115 0.000000
v -0.123551 0.774115 -0.123551
v -0.494204 0.774115 0.247102
v -0.370653 0.774115 0.247102
v -0.494204 0.774115 0.370653
v -0.370653 0.774115 0.370653
v -0.247102 0.774115 0.494204
v -0.247102 0.774115 0.370653
v -0.123551 0.774115 0.494204
v -0.123551 0.774115 0.370653
v -0.123551 0.774115 0.247102
v 0.000000 0.774115 0.123551
v -0.123551 0.774115 0.123551
v 0.000000 0.774115 0.494204
v 0.123551 0.774115 0.494204
v 0.247102 0.774115 0.247102
v 0.494204 0.774115 0.000000
v 0.494204 0.774115 -0.123551
v 0.247102 0.774115 -0.247102
v 0.000000 0.774115 -0.494204
v -0.123551 0.774115 -0.494204
v -0.247102 0.774115 -0.247102
v -0.494204 0.774115 0.000000
v -0.494204 0.774115 0.123551
v -0.247102 0.774115 0.247102
v 0.494204 0.841232 0.494204
v 0.496259 0.799543 0.373568
v 0.000000 0.774115 0.000000
v 0.494204 0.774115 -0.494204
v 0.370653 0.774115 -0.494204
v -0.494204 0.774115 -0.494204
v -0.494204 0.774115 -0.370653
v -0.494204 0.774115 0.494204
v -0.370653 0.774115 0.494204
vt 0.068645 0.315778
vt 0.089765 0.315778
vt 0.089765 0.337267
vt 0.068645 0.337267
vt 0.047721 0.252600
vt 0.047721 0.273746
vt 0.026434 0.273746
vt 0.026434 0.252600
vt 0.110819 0.231188
vt 0.089765 0.231188
vt 0.089765 0.209730
vt 0.110819 0.209730
vt 0.131760 0.294737
vt 0.131760 0.273746
vt 0.152442 0.273746
vt 0.152442 0.294737
vt 0.047721 0.337267
vt 0.047721 0.358458
vt 0.026434 0.018366
vt 0.026434 0.337267
vt 0.026434 0.315778
vt 0.005417 0.315778
vt 0.005417 0.083305
vt 0.026434 0.294737
vt 0.047721 0.294737
vt 0.068645 0.273746
vt 0.068645 0.294737
vt 0.026434 0.231188
vt 0.005417 0.231188
vt 0.005417 0.168507
vt 0.026434 0.209730
vt 0.047721 0.209730
vt 0.047721 0.189850
vt 0.068645 0.189850
vt 0.068645 0.209730
vt 0.068645 0.231188
vt 0.089765 0.252600
vt 0.068645 0.252600
vt 0.131760 0.209730
vt 0.131760 0.189850
vt 0.152442 0.189850
vt 0.152442 0.209730
vt 0.152442 0.231188
vt 0.172750 0.231188
vt 0.172750 0.252600
vt 0.152442 0.252600
vt 0.131760 0.252600
vt 0.110819 0.273746
vt 0.110819 0.252600
vt 0.152442 0.315778
vt 0.172750 0.315778
vt 0.172750 0.337267
vt 0.152442 0.337267
vt 0.131760 0.337267
vt 0.131760 0.358458
vt 0.110819 0.018366
vt 0.110819 0.337267
vt 0.110819 0.315778
vt 0.089765 0.294737
vt 0.110819 0.294737
vt 0.089765 0.358458
vt 0.068645 0.018366
vt 0.047721 0.315778
vt 0.005417 0.273746
vt 0.005417 0.125699
vt 0.047721 0.231188
vt 0.089765 0.189850
vt 0.110819 0.189850
vt 0.131760 0.231188
vt 0.172750 0.273746
vt 0.172750 0.294737
vt 0.131760 0.315778
vt 0.005417 0.018366
vt 0.005417 0.040721
vt 0.089765 0.273746
vt 0.005417 0.189850
vt 0.026434 0.189850
vt 0.172750 0.189850
vt 0.172750 0.209730
vt 0.173820 0.018366
vt 0.152442 0.018366
vt 0.068645 0.062190
vt 0.068645 0.040721
vt 0.089765 0.040721
vt 0.089765 0.062190
vt 0.047721 0.125699
vt 0.026434 0.125699
vt 0.026434 0.104402
vt 0.047721 0.104402
vt 0.110819 0.147113
vt 0.110819 0.168507
vt 0.089765 0.168507
vt 0.089765 0.147113
vt 0.131760 0.083305
vt 0.152442 0.083305
vt 0.152442 0.104402
vt 0.131760 0.104402
vt 0.047721 0.040721
vt 0.026434 0.040721
vt 0.026434 0.019589
vt 0.047721 0.019589
vt 0.026434 0.062190
vt 0.026434 0.083305
vt 0.006289 0.083305
vt 0.006289 0.062190
vt 0.047721 0.083305
vt 0.068645 0.083305
vt 0.068645 0.104402
vt 0.026434 0.147113
vt 0.026434 0.168507
vt 0.006289 0.168507
vt 0.006289 0.147113
vt 0.047721 0.168507
vt 0.068645 0.168507
vt 0.068645 0.188454
vt 0.047721 0.188454
vt 0.068645 0.147113
vt 0.068645 0.125699
vt 0.089765 0.125699
vt 0.131760 0.168507
vt 0.152442 0.168507
vt 0.152442 0.188454
vt 0.131760 0.188454
vt 0.152442 0.147113
vt 0.152442 0.125699
vt 0.173820 0.252600
vt 0.173820 0.231188
vt 0.131760 0.125699
vt 0.110819 0.125699
vt 0.110819 0.104402
vt 0.152442 0.062190
vt 0.152442 0.040721
vt 0.173820 0.337267
vt 0.173820 0.315778
vt 0.131760 0.040721
vt 0.110819 0.040721
vt 0.110819 0.019589
vt 0.131760 0.019589
vt 0.110819 0.062190
vt 0.110819 0.083305
vt 0.089765 0.083305
vt 0.068645 0.019589
vt 0.089765 0.019589
vt 0.047721 0.062190
vt 0.006289 0.125699
vt 0.006289 0.104402
vt 0.047721 0.147113
vt 0.110819 0.188454
vt 0.089765 0.188454
vt 0.131760 0.147113
vt 0.173820 0.294737
vt 0.173820 0.273746
vt 0.131760 0.062190
vt 0.006289 0.040721
vt 0.006289 0.019589
vt 0.089765 0.104402
vt 0.026434 0.188454
vt 0.006289 0.188454
vt 0.173820 0.209730
vt 0.173820 0.188454
vt 0.152442 0.019589
vt 0.173820 0.019589
vt 0.089765 0.018366
vt 0.110819 0.358458
vt 0.131760 0.018366
vt 0.152442 0.358458
vt 0.172750 0.358458
vt 0.173820 0.358458
vt 0.026434 0.358458
vt 0.047721 0.018366
vt 0.068645 0.358458
vt 0.173820 0.040721
vt 0.173820 0.062190
vt 0.173820 0.125699
vt 0.173820 0.147113
vt 0.173820 0.168507
vt 0.173820 0.083305
vt 0.173820 0.104402
vt 0.005417 0.209730
vt 0.005417 0.104402
vt 0.005417 0.294737
vt 0.005417 0.062190
vt 0.005417 0.337267
vt 0.005417 0.358458
vt 0.005417 0.147113
vt 0.005417 0.252600
vn 0.000000 1.000000 0.000000
vn 0.000000 1.000000 0.000000
vn 0.000000 1.000000 0.000000
vn -0.000013 1.000000 -0.000014
vn -0.000000 1.000000 0.000000
vn -0.000000 1.000000 0.000000
vn -0.000000 1.000000 0.000000
vn -0.000000 1.000000 0.000000
vn 0.000000 1.000000 0.000000
vn 0.000000 1.000000 0.000000
vn 0.000000 1.000000 0.000000
vn 0.000000 1.000000 0.000000
vn 0.000000 1.000000 0.000000
vn 0.000000 1.000000 0.000000
vn 0.000000 1.000000 0.000000
vn 0.000000 1.000000 0.000000
vn -0.028199 0.999401 -0.020079
vn -0.050558 0.998017 0.037491
vn -0.187839 0.979661 -0.070572
vn -0.116829 0.987741 -0.103536
vn -0.025899 0.999100 -0.033594
vn 0.027286 0.997814 -0.060182
vn 0.066558 0.997783 -0.000118
vn -0.000058 1.000000 -0.000058
vn -0.000000 1.000000 0.000000
vn 0.000000 1.000000 0.000000
vn 0.000000 1.000000 0.000000
vn -0.000000 1.000000 0.000000
vn 0.066663 0.997776 0.000000
vn 0.066664 0.997776 0.000000
vn -0.000000 1.000000 0.000000
vn -0.000000 1.000000 0.000000
vn -0.000000 0.997776 -0.066662
vn 0.000000 0.997776 -0.066662
vn 0.000000 1.000000 0.000000
vn 0.000000 1.000000 0.000000
vn 0.000000 1.000000 0.000000
vn 0.000000 1.000000 0.000000
vn 0.000000 1.000000 0.000000
vn -0.000000 0.997776 -0.066662
vn 0.000000 0.997776 -0.066662
vn 0.000000 1.000000 0.000000
vn 0.000000 1.000000 0.000000
vn -0.066662 0.997776 0.000000
vn -0.066662 0.997776 0.000000
vn 0.000000 1.000000 0.000000
vn 0.000000 1.000000 0.000000
vn 0.000000 1.000000 0.000000
vn 0.000000 1.000000 0.000000
vn 0.000000 1.000000 0.000000
vn -0.066662 0.997776 0.000000
vn -0.066662 0.997776 0.000000
vn 0.000000 1.000000 0.000000
vn 0.000000 1.000000 0.000000
vn -0.000000 0.997776 0.066662
vn -0.000000 0.997776 0.066663
vn 0.000000 1.000000 0.000000
vn 0.000000 1.000000 0.000000
vn 0.000000 1.000000 0.000000
vn 0.000000 1.000000 0.000000
vn 0.000000 0.997776 0.066663
vn -0.000038 0.997778 0.066630
vn -0.004394 0.999981 -0.004394
vn 0.066663 0.997776 0.000000
vn 0.066663 0.997776 0.000000
vn -0.000000 1.000000 0.000000
vn 0.000000 0.997776 -0.066663
vn -0.000000 0.997776 -0.066663
vn 0.000000 1.000000 0.000000
vn -0.066662 0.997776 0.000000
vn -0.066662 0.997776 0.000000
vn 0.000000 1.000000 0.000000
vn -0.210594 0.964412 -0.159875
vn -0.111619 0.978776 -0.171871
vn 0.000000 1.000000 0.000000
vn 0.066516 0.995566 -0.066516
vn -0.000000 0.997776 -0.066663
vn -0.066514 0.995566 -0.066515
vn -0.066662 0.997776 0.000000
vn -0.066514 0.995566 0.066515
vn 0.000000 0.997776 0.066662
vn 0.000000 -1.000000 0.000000
vn 0.000014 -1.000000 0.000014
vn 0.000000 -1.000000 0.000000
vn 0.000000 -1.000000 0.000000
vn -0.000000 -1.000000 0.000000
vn -0.000000 -1.000000 0.000000
vn -0.000000 -1.000000 0.000000
vn -0.000000 -1.000000 0.000000
vn -0.000000 -1.000000 0.000000
vn -0.000000 -1.000000 0.000000
vn 0.000000 -1.000000 0.000000
vn 0.000000 -1.000000 0.000000
vn -0.000000 -1.000000 0.000000
vn 0.000000 -1.000000 0.000000
vn 0.000000 -1.000000 0.000000
vn -0.000000 -1.000000 0.000000
vn 0.027051 -0.999433 0.020073
vn 0.115898 -0.987935 0.102727
vn 0.185043 -0.971964 0.145070
vn 0.047504 -0.998318 0.033230
vn 0.025809 -0.999143 0.032372
vn 0.000058 -1.000000 0.000058
vn 0.000115 -1.000000 0.000116
vn 0.044569 -0.997329 0.057873
vn -0.000000 -1.000000 0.000000
vn 0.000000 -1.000000 0.000000
vn 0.000000 -1.000000 0.000000
vn -0.000000 -1.000000 -0.000000
vn -0.000000 -1.000000 0.000000
vn -0.000000 -1.000000 0.000000
vn -0.000000 -1.000000 0.000000
vn -0.000000 -1.000000 0.000000
vn 0.000000 -1.000000 0.000000
vn 0.000000 -1.000000 0.000000
vn -0.000000 -1.000000 0.000000
vn 0.000000 -1.000000 0.000000
vn 0.000000 -1.000000 0.000000
vn 0.000000 -1.000000 0.000000
vn -0.000000 -1.000000 0.000000
vn 0.000000 -1.000000 0.000000
vn 0.000000 -1.000000 0.000000
vn -0.000000 -1.000000 0.000000
vn 0.000000 -1.000000 0.000000
vn 0.000000 -1.000000 0.000000
vn 0.000000 -1.000000 0.000000
vn 0.000000 -1.000000 0.000000
vn -0.000000 -1.000000 0.000000
vn -0.000000 -1.000000 0.000000
vn -0.000000 -1.000000 0.000000
vn 0.000000 -1.000000 0.000000
vn 0.000000 -1.000000 0.000000
vn 0.000000 -1.000000 0.000000
vn 0.000000 -1.000000 0.000000
vn -0.000000 -1.000000 0.000000
vn -0.000000 -1.000000 0.000000
vn -0.000000 -1.000000 0.000000
vn -0.000000 -1.000000 0.000000
vn -0.000000 -1.000000 0.000000
vn -0.000000 -1.000000 0.000000
vn 0.000000 -1.000000 0.000000
vn 0.000027 -1.000000 0.000027
vn 0.000000 -1.000000 0.000000
vn 0.003815 -0.999986 0.003815
vn -0.000000 -1.000000 0.000000
vn -0.000000 -1.000000 0.000000
vn -0.000000 -1.000000 -0.000000
vn -0.000000 -1.000000 0.000000
vn 0.000000 -1.000000 0.000000
vn -0.000000 -1.000000 0.000000
vn 0.000000 -1.000000 0.000000
vn 0.000000 -1.000000 0.000000
vn -0.000000 -1.000000 0.000000
vn 0.182275 -0.968793 0.167974
vn 0.268139 -0.938565 0.217247
vn 0.000000 -1.000000 0.000000
vn -0.000000 -1.000000 0.000000
vn -0.000000 -1.000000 0.000000
vn 0.000000 -1.000000 0.000000
vn 0.000000 -1.000000 0.000000
vn 0.000000 -1.000000 0.000000
vn 0.000000 -1.000000 0.000000
vn -0.025237 0.017188 0.999534
vn -0.029268 0.071539 0.997008
vn 0.999454 0.029197 -0.015445
vn 1.000000 0.000108 -0.000039
vn 1.000000 0.000000 0.000000
vn 1.000000 0.000000 0.000000
vn 0.000000 0.000000 -1.000000
vn 0.000000 0.000000 -1.000000
vn -0.000000 0.000000 -1.000000
vn 0.000000 0.000000 -1.000000
vn -1.000000 0.000000 0.000000
vn -1.000000 0.000000 0.000000
vn -1.000000 0.000000 0.000000
vn -1.000000 0.000000 0.000000
vn -0.000000 0.000000 1.000000
vn -0.000000 0.000000 1.000000
vn 0.000000 0.000000 1.000000
vn -0.000163 0.000065 1.000000
vn 1.000000 0.000000 0.000000
vn 1.000000 0.000000 0.000000
vn 0.000000 0.000000 -1.000000
vn -0.000000 0.000000 -1.000000
vn -1.000000 0.000000 0.000000
vn -1.000000 0.000000 0.000000
vn 0.709200 0.209103 0.673284
vn 0.993091 0.110696 -0.038950
vn 0.707106 0.000000 -0.707108
vn 0.000000 0.000000 -1.000000
vn -0.707106 0.000000 -0.707108
vn -1.000000 0.000000 0.000000
vn -0.707106 0.000000 0.707108
vn 0.000000 0.000000 1.000000
g FCSET_Note_Stack_Top_001_0p076_0p761_0p776 Post_Its group1 Note_Stack_Top
usemtl lambert1SG
f 595/769/1529 594/770/1530 596/771/1531 597/772/1532
f 599/773/1533 598/774/1534 600/775/1535 601/776/1536
f 603/777/1537 602/778/1538 604/779/1539 605/780/1540
f 607/781/1541 606/782/1542 608/783/1543 609/784/1544
f 611/785/1545 610/786/1546 612/937/1547 613/788/1548
f 615/789/1549 614/790/1550 616/949/1551 617/792/1552
f 618/793/1553 598/774/1534 619/794/1554 620/795/1555
f 622/796/1556 621/797/1557 623/947/1558 624/799/1559
f 626/800/1560 625/801/1561 627/802/1562 628/803/1563
f 629/804/1564 602/778/1538 630/805/1565 631/806/1566
f 633/807/1567 632/808/1568 634/809/1569 635/810/1570
f 637/811/1571 636/812/1572 638/813/1573 639/814/1574
f 640/815/1575 606/782/1542 641/816/1576 642/817/1577
f 644/818/1578 643/819/1579 645/820/1580 646/821/1581
f 648/822/1582 647/823/1583 649/932/1584 650/825/1585
f 651/826/1586 594/770/1530 652/827/1587 653/828/1588
f 596/771/1531 654/829/1589 655/939/1590 597/772/1532
f 655/939/1590 610/786/1546 611/785/1545 597/772/1532
f 611/785/1545 656/831/1591 595/769/1529 597/772/1532
f 600/775/1535 657/832/1592 658/954/1593 601/776/1536
f 658/954/1593 621/797/1557 622/796/1556 601/776/1536
f 622/796/1556 659/834/1594 599/773/1533 601/776/1536
f 604/779/1539 660/835/1595 661/836/1596 605/780/1540
f 661/836/1596 632/808/1568 633/807/1567 605/780/1540
f 633/807/1567 662/837/1597 603/777/1537 605/780/1540
f 608/783/1543 663/838/1598 664/839/1599 609/784/1544
f 664/839/1599 643/819/1579 644/818/1578 609/784/1544
f 644/818/1578 665/840/1600 607/781/1541 609/784/1544
f 612/937/1547 666/952/1601 667/951/1602 613/788/1548
f 667/951/1602 614/790/1550 615/789/1549 613/788/1548
f 615/789/1549 656/831/1591 611/785/1545 613/788/1548
f 616/949/1551 657/832/1592 600/775/1535 617/792/1552
f 600/775/1535 598/774/1534 618/793/1553 617/792/1552
f 618/793/1553 656/831/1591 615/789/1549 617/792/1552
f 619/794/1554 668/843/1603 652/827/1587 620/795/1555
f 652/827/1587 594/770/1530 595/769/1529 620/795/1555
f 595/769/1529 656/831/1591 618/793/1553 620/795/1555
f 623/947/1558 669/844/1604 670/845/1605 624/799/1559
f 670/845/1605 625/801/1561 626/800/1560 624/799/1559
f 626/800/1560 659/834/1594 622/796/1556 624/799/1559
f 627/802/1562 660/835/1595 604/779/1539 628/803/1563
f 604/779/1539 602/778/1538 629/804/1564 628/803/1563
f 629/804/1564 659/834/1594 626/800/1560 628/803/1563
f 630/805/1565 668/843/1603 619/794/1554 631/806/1566
f 619/794/1554 598/774/1534 599/773/1533 631/806/1566
f 599/773/1533 659/834/1594 629/804/1564 631/806/1566
f 634/809/1569 671/846/1606 672/847/1607 635/810/1570
f 672/847/1607 636/812/1572 637/811/1571 635/810/1570
f 637/811/1571 662/837/1597 633/807/1567 635/810/1570
f 638/813/1573 663/838/1598 608/783/1543 639/814/1574
f 608/783/1543 606/782/1542 640/815/1575 639/814/1574
f 640/815/1575 662/837/1597 637/811/1571 639/814/1574
f 641/816/1576 668/843/1603 630/805/1565 642/817/1577
f 630/805/1565 602/778/1538 603/777/1537 642/817/1577
f 603/777/1537 662/837/1597 640/815/1575 642/817/1577
f 645/820/1580 673/935/1608 674/934/1609 646/821/1581
f 674/934/1609 647/823/1583 648/822/1582 646/821/1581
f 648/822/1582 665/840/1600 644/818/1578 646/821/1581
f 649/932/1584 654/829/1589 596/771/1531 650/825/1585
f 596/771/1531 594/770/1530 651/826/1586 650/825/1585
f 651/826/1586 665/840/1600 648/822/1582 650/825/1585
f 652/827/1587 668/843/1603 641/816/1576 653/828/1588
f 641/816/1576 606/782/1542 607/781/1541 653/828/1588
f 607/781/1541 665/840/1600 651/826/1586 653/828/1588
f 542/850/1610 538/851/1611 539/852/1612 526/853/1613
f 547/854/1614 543/855/1615 544/856/1616 525/857/1617
f 552/858/1618 548/859/1619 549/860/1620 530/861/1621
f 557/862/1622 553/863/1623 554/864/1624 534/865/1625
f 541/866/1626 558/867/1627 559/868/1628 523/869/1629
f 561/870/1630 562/871/1631 563/872/1632 524/873/1633
f 564/874/1634 565/875/1635 566/876/1636 525/857/1617
f 546/877/1637 568/878/1638 569/879/1639 528/880/1640
f 571/881/1641 572/882/1642 573/883/1643 529/884/1644
f 574/885/1645 575/886/1646 576/887/1647 530/861/1621
f 551/888/1648 577/889/1649 578/890/1650 532/891/1651
f 580/892/1652 581/893/1653 582/942/1654 533/943/1655
f 583/896/1656 584/897/1657 585/898/1658 534/865/1625
f 556/899/1659 586/900/1660 587/940/1661 536/941/1662
f 589/903/1663 590/904/1664 591/905/1665 537/906/1666
f 592/907/1667 593/908/1668 567/909/1669 526/853/1613
f 539/852/1612 538/851/1611 540/910/1670 521/911/1671
f 540/910/1670 538/851/1611 541/866/1626 523/869/1629
f 541/866/1626 538/851/1611 542/850/1610 522/912/1672
f 544/856/1616 543/855/1615 545/913/1673 518/914/1674
f 545/913/1673 543/855/1615 546/877/1637 528/880/1640
f 546/877/1637 543/855/1615 547/854/1614 527/915/1675
f 549/860/1620 548/859/1619 550/916/1676 519/917/1677
f 550/916/1676 548/859/1619 551/888/1648 532/891/1651
f 551/888/1648 548/859/1619 552/858/1618 531/918/1678
f 554/864/1624 553/863/1623 555/945/1679 520/946/1680
f 555/945/1679 553/863/1623 556/899/1659 536/941/1662
f 556/899/1659 553/863/1623 557/862/1622 535/921/1681
f 559/868/1628 558/867/1627 560/922/1682 513/923/1683
f 560/922/1682 558/867/1627 561/870/1630 524/873/1633
f 561/870/1630 558/867/1627 541/866/1626 522/912/1672
f 563/872/1632 562/871/1631 544/856/1616 518/914/1674
f 544/856/1616 562/871/1631 564/874/1634 525/857/1617
f 564/874/1634 562/871/1631 561/870/1630 522/912/1672
f 566/876/1636 565/875/1635 567/909/1669 517/924/1684
f 567/909/1669 565/875/1635 542/850/1610 526/853/1613
f 542/850/1610 565/875/1635 564/874/1634 522/912/1672
f 569/879/1639 568/878/1638 570/925/1685 514/926/1686
f 570/925/1685 568/878/1638 571/881/1641 529/884/1644
f 571/881/1641 568/878/1638 546/877/1637 527/915/1675
f 573/883/1643 572/882/1642 549/860/1620 519/917/1677
f 549/860/1620 572/882/1642 574/885/1645 530/861/1621
f 574/885/1645 572/882/1642 571/881/1641 527/915/1675
f 576/887/1647 575/886/1646 566/876/1636 517/924/1684
f 566/876/1636 575/886/1646 547/854/1614 525/857/1617
f 547/854/1614 575/886/1646 574/885/1645 527/915/1675
f 578/890/1650 577/889/1649 579/944/1687 515/928/1688
f 579/944/1687 577/889/1649 580/892/1652 533/943/1655
f 580/892/1652 577/889/1649 551/888/1648 531/918/1678
f 582/942/1654 581/893/1653 554/864/1624 520/946/1680
f 554/864/1624 581/893/1653 583/896/1656 534/865/1625
f 583/896/1656 581/893/1653 580/892/1652 531/918/1678
f 585/898/1658 584/897/1657 576/887/1647 517/924/1684
f 576/887/1647 584/897/1657 552/858/1618 530/861/1621
f 552/858/1618 584/897/1657 583/896/1656 531/918/1678
f 587/940/1661 586/900/1660 588/929/1689 516/930/1690
f 588/929/1689 586/900/1660 589/903/1663 537/906/1666
f 589/903/1663 586/900/1660 556/899/1659 535/921/1681
f 591/905/1665 590/904/1664 539/852/1612 521/911/1671
f 539/852/1612 590/904/1664 592/907/1667 526/853/1613
f 592/907/1667 590/904/1664 589/903/1663 535/921/1681
f 567/909/1669 593/908/1668 585/898/1658 517/924/1684
f 585/898/1658 593/908/1668 557/862/1622 534/865/1625
f 557/862/1622 593/908/1668 592/907/1667 535/921/1681
f 523/869/1691 559/868/1692 612/787/1547 610/938/1546
f 524/873/1693 563/872/1694 616/791/1551 614/950/1550
f 528/880/1695 569/879/1696 623/798/1558 621/953/1557
f 529/884/1697 573/883/1698 627/802/1562 625/801/1561
f 532/891/1699 578/890/1700 634/809/1569 632/808/1568
f 533/895/1701 582/894/1702 638/813/1573 636/812/1572
f 536/902/1703 587/901/1704 645/820/1580 643/819/1579
f 537/906/1705 591/905/1706 649/824/1584 647/933/1583
f 521/911/1707 540/910/1708 655/830/1590 654/931/1589
f 540/910/1708 523/869/1691 610/938/1546 655/830/1590
f 518/914/1709 545/913/1710 658/833/1593 657/948/1592
f 545/913/1710 528/880/1695 621/953/1557 658/833/1593
f 519/917/1711 550/916/1712 661/836/1596 660/835/1595
f 550/916/1712 532/891/1699 632/808/1568 661/836/1596
f 520/920/1713 555/919/1714 664/839/1599 663/838/1598
f 555/919/1714 536/902/1703 643/819/1579 664/839/1599
f 559/868/1692 513/923/1715 666/841/1601 612/787/1547
f 513/923/1715 560/922/1716 667/842/1602 666/841/1601
f 560/922/1716 524/873/1693 614/950/1550 667/842/1602
f 563/872/1694 518/914/1709 657/948/1592 616/791/1551
f 569/879/1696 514/926/1717 669/844/1604 623/798/1558
f 514/926/1717 570/925/1718 670/845/1605 669/844/1604
f 570/925/1718 529/884/1697 625/801/1561 670/845/1605
f 573/883/1698 519/917/1711 660/835/1595 627/802/1562
f 578/890/1700 515/928/1719 671/846/1606 634/809/1569
f 515/928/1719 579/927/1720 672/847/1607 671/846/1606
f 579/927/1720 533/895/1701 636/812/1572 672/847/1607
f 582/894/1702 520/920/1713 663/838/1598 638/813/1573
f 587/901/1704 516/936/1721 673/935/1608 645/820/1580
f 516/930/1721 588/929/1722 674/849/1609 673/848/1608
f 588/929/1722 537/906/1705 647/933/1583 674/849/1609
f 591/905/1706 521/911/1707 654/931/1589 649/824/1584
g default
v 0.638361 0.541805 0.586405
v 0.638361 0.541805 0.571497
v 0.627819 0.552347 0.571497
v 0.627819 0.552347 0.586405
v 0.565891 0.552347 0.586405
v 0.580799 0.552347 0.586405
v 0.580799 0.552347 0.571497
v 0.565891 0.552347 0.571497
v 0.627819 0.552347 -0.587926
v 0.627819 0.552347 -0.573017
v 0.638361 0.541805 -0.573017
v 0.638361 0.541805 -0.587926
v 0.565891 0.552347 -0.573017
v 0.580799 0.552347 -0.573017
v 0.580799 0.552347 -0.587926
v 0.565891 0.552347 -0.587926
v 0.638361 0.493367 0.571497
v 0.638361 0.508276 0.571497
v 0.638361 0.508276 0.586405
v 0.638361 0.493367 0.586405
v 0.638361 0.493367 -0.587926
v 0.638361 0.508276 -0.587926
v 0.638361 0.508276 -0.573017
v 0.638361 0.493367 -0.573017
v 0.580799 0.552347 0.627819
v 0.565891 0.552347 0.627819
v 0.565891 0.541805 0.638361
v 0.580799 0.541805 0.638361
v 0.580799 0.493367 0.638361
v 0.580799 0.508276 0.638361
v 0.565891 0.508276 0.638361
v 0.565891 0.493367 0.638361
v -0.580379 0.541805 0.638361
v -0.565471 0.541805 0.638361
v -0.565471 0.552347 0.627819
v -0.580379 0.552347 0.627819
v -0.565471 0.493367 0.638361
v -0.565471 0.508276 0.638361
v -0.580379 0.508276 0.638361
v -0.580379 0.493367 0.638361
v -0.580379 0.552347 0.571497
v -0.580379 0.552347 0.586405
v -0.565471 0.552347 0.586405
v -0.565471 0.552347 0.571497
v 0.627819 0.508276 0.638361
v 0.627819 0.493367 0.638361
v 0.638361 0.493367 0.627819
v 0.638361 0.508276 0.627819
v 0.638361 0.183014 0.627819
v 0.638361 0.197922 0.627819
v 0.627819 0.197922 0.638361
v 0.627819 0.183014 0.638361
v 0.638361 0.197922 0.571497
v 0.638361 0.197922 0.586405
v 0.638361 0.183014 0.586405
v 0.638361 0.183014 0.571497
v 0.565891 0.183014 0.638361
v 0.580799 0.183014 0.638361
v 0.580799 0.197922 0.638361
v 0.565891 0.197922 0.638361
v -0.627819 0.552347 0.586405
v -0.627819 0.552347 0.571497
v -0.638361 0.541805 0.571497
v -0.638361 0.541805 0.586405
v -0.638361 0.493367 0.586405
v -0.638361 0.508276 0.586405
v -0.638361 0.508276 0.571497
v -0.638361 0.493367 0.571497
v -0.638361 0.541805 -0.587926
v -0.638361 0.541805 -0.573017
v -0.627819 0.552347 -0.573017
v -0.627819 0.552347 -0.587926
v -0.638361 0.493367 -0.587926
v -0.638361 0.493367 -0.573017
v -0.638361 0.508276 -0.573017
v -0.638361 0.508276 -0.587926
v -0.565471 0.552347 -0.587926
v -0.580379 0.552347 -0.587926
v -0.580379 0.552347 -0.573017
v -0.565471 0.552347 -0.573017
v -0.638361 0.508276 0.627819
v -0.638361 0.493367 0.627819
v -0.627819 0.493367 0.638361
v -0.627819 0.508276 0.638361
v -0.627819 0.183014 0.638361
v -0.627819 0.197922 0.638361
v -0.638361 0.197922 0.627819
v -0.638361 0.183014 0.627819
v -0.565471 0.183014 0.638361
v -0.565471 0.197922 0.638361
v -0.580379 0.197922 0.638361
v -0.580379 0.183014 0.638361
v -0.638361 0.183014 0.571497
v -0.638361 0.183014 0.586405
v -0.638361 0.197922 0.586405
v -0.638361 0.197922 0.571497
v 0.627819 0.138942 0.586405
v 0.627819 0.138942 0.571497
v 0.638361 0.149484 0.571497
v 0.638361 0.149484 0.586405
v 0.638361 0.149484 -0.587926
v 0.638361 0.149484 -0.573017
v 0.627819 0.138942 -0.573017
v 0.627819 0.138942 -0.587926
v 0.638361 0.197922 -0.573017
v 0.638361 0.183014 -0.573017
v 0.638361 0.183014 -0.587926
v 0.638361 0.197922 -0.587926
v 0.565891 0.138942 0.571497
v 0.580799 0.138942 0.571497
v 0.580799 0.138942 0.586405
v 0.565891 0.138942 0.586405
v 0.565891 0.138942 -0.587926
v 0.580799 0.138942 -0.587926
v 0.580799 0.138942 -0.573017
v 0.565891 0.138942 -0.573017
v 0.580799 0.149484 0.638361
v 0.565891 0.149484 0.638361
v 0.565891 0.138942 0.627819
v 0.580799 0.138942 0.627819
v -0.580379 0.138942 0.627819
v -0.565471 0.138942 0.627819
v -0.565471 0.149484 0.638361
v -0.580379 0.149484 0.638361
v -0.565471 0.138942 0.571497
v -0.565471 0.138942 0.586405
v -0.580379 0.138942 0.586405
v -0.580379 0.138942 0.571497
v -0.638361 0.149484 0.586405
v -0.638361 0.149484 0.571497
v -0.627819 0.138942 0.571497
v -0.627819 0.138942 0.586405
v -0.627819 0.138942 -0.587926
v -0.627819 0.138942 -0.573017
v -0.638361 0.149484 -0.573017
v -0.638361 0.149484 -0.587926
v -0.565471 0.138942 -0.587926
v -0.565471 0.138942 -0.573017
v -0.580379 0.138942 -0.573017
v -0.580379 0.138942 -0.587926
v -0.638361 0.197922 -0.587926
v -0.638361 0.183014 -0.587926
v -0.638361 0.183014 -0.573017
v -0.638361 0.197922 -0.573017
v 0.627819 0.183014 -0.638361
v 0.627819 0.197922 -0.638361
v 0.638361 0.197922 -0.627819
v 0.638361 0.183014 -0.627819
v 0.638361 0.508276 -0.627819
v 0.638361 0.493367 -0.627819
v 0.627819 0.493367 -0.638361
v 0.627819 0.508276 -0.638361
v 0.565891 0.197922 -0.638361
v 0.580799 0.197922 -0.638361
v 0.580799 0.183014 -0.638361
v 0.565891 0.183014 -0.638361
v 0.565891 0.508276 -0.638361
v 0.580799 0.508276 -0.638361
v 0.580799 0.493367 -0.638361
v 0.565891 0.493367 -0.638361
v 0.580799 0.138942 -0.627819
v 0.565891 0.138942 -0.627819
v 0.565891 0.149484 -0.638361
v 0.580799 0.149484 -0.638361
v -0.580379 0.149484 -0.638361
v -0.565471 0.149484 -0.638361
v -0.565471 0.138942 -0.627819
v -0.580379 0.138942 -0.627819
v -0.565471 0.197922 -0.638361
v -0.565471 0.183014 -0.638361
v -0.580379 0.183014 -0.638361
v -0.580379 0.197922 -0.638361
v -0.638361 0.183014 -0.627819
v -0.638361 0.197922 -0.627819
v -0.627819 0.197922 -0.638361
v -0.627819 0.183014 -0.638361
v -0.627819 0.508276 -0.638361
v -0.627819 0.493367 -0.638361
v -0.638361 0.493367 -0.627819
v -0.638361 0.508276 -0.627819
v -0.565471 0.508276 -0.638361
v -0.565471 0.493367 -0.638361
v -0.580379 0.493367 -0.638361
v -0.580379 0.508276 -0.638361
v 0.580799 0.541805 -0.638361
v 0.565891 0.541805 -0.638361
v 0.565891 0.552347 -0.627819
v 0.580799 0.552347 -0.627819
v -0.580379 0.552347 -0.627819
v -0.565471 0.552347 -0.627819
v -0.565471 0.541805 -0.638361
v -0.580379 0.541805 -0.638361
v 0.627819 0.541805 0.638361
v 0.638361 0.541805 0.627819
v 0.627819 0.552347 0.627819
v -0.627819 0.541805 0.638361
v -0.627819 0.552347 0.627819
v -0.638361 0.541805 0.627819
v 0.627819 0.149484 0.638361
v 0.627819 0.138942 0.627819
v 0.638361 0.149484 0.627819
v -0.627819 0.149484 0.638361
v -0.638361 0.149484 0.627819
v -0.627819 0.138942 0.627819
v 0.627819 0.138942 -0.627819
v 0.627819 0.149484 -0.638361
v 0.638361 0.149484 -0.627819
v -0.627819 0.138942 -0.627819
v -0.638361 0.149484 -0.627819
v -0.627819 0.149484 -0.638361
v 0.627819 0.541805 -0.638361
v 0.627819 0.552347 -0.627819
v 0.638361 0.541805 -0.627819
v -0.627819 0.541805 -0.638361
v -0.638361 0.541805 -0.627819
v -0.627819 0.552347 -0.627819
v -0.565471 0.192553 -0.573017
v 0.565891 0.192553 -0.573017
v -0.565471 0.192553 0.571497
v 0.565891 0.192553 0.571497
v 0.565891 0.482212 0.571497
v -0.565471 0.482212 0.571497
v -0.565471 0.482212 -0.573017
v 0.565891 0.482212 -0.573017
v 0.565891 0.497917 0.571497
v -0.565471 0.497917 0.571497
v -0.565471 0.497917 -0.573017
v 0.565891 0.497917 -0.573017
v 0.565891 0.535136 0.571497
v -0.565471 0.535136 0.571497
v -0.565471 0.535136 -0.573017
v 0.565891 0.535136 -0.573017
v 0.638361 0.216851 0.586405
v 0.638361 0.216852 0.571497
v 0.565891 0.211111 0.571497
v -0.565471 0.211111 0.571497
v -0.565471 0.211111 -0.573017
v 0.565891 0.211111 -0.573017
v 0.638361 0.216851 -0.573017
v 0.638361 0.216852 -0.587926
v 0.638361 0.216851 -0.627819
v 0.627819 0.216852 -0.638361
v 0.580799 0.216851 -0.638361
v 0.565891 0.216852 -0.638361
v -0.565471 0.216851 -0.638361
v -0.580379 0.216852 -0.638361
v -0.627819 0.216851 -0.638361
v -0.638361 0.216852 -0.627819
v -0.638361 0.216851 -0.587926
v -0.638361 0.216852 -0.573017
v -0.638361 0.216851 0.571497
v -0.638361 0.216852 0.586405
v -0.638361 0.216851 0.627819
v -0.627819 0.216852 0.638361
v -0.580379 0.216851 0.638361
v -0.565471 0.216852 0.638361
v 0.565891 0.216851 0.638361
v 0.580799 0.216852 0.638361
v 0.627819 0.216851 0.638361
v 0.638361 0.216852 0.627819
v -0.565471 0.552347 0.551877
v -0.580379 0.552347 0.551878
v -0.627819 0.552347 0.551877
v -0.638361 0.541805 0.551878
v -0.638361 0.508276 0.551877
v -0.638361 0.493367 0.551878
v -0.638361 0.216851 0.551878
v -0.638361 0.197922 0.551877
v -0.638361 0.183014 0.551878
v -0.638361 0.149484 0.551877
v -0.627819 0.138942 0.551878
v -0.580379 0.138942 0.551877
v -0.565471 0.138942 0.551878
v 0.565891 0.138942 0.551877
v 0.580799 0.138942 0.551878
v 0.627819 0.138942 0.551877
v 0.638361 0.149484 0.551878
v 0.638361 0.183014 0.551877
v 0.638361 0.197922 0.551878
v 0.565891 0.192553 0.551878
v -0.565471 0.192553 0.551877
v -0.565471 0.211111 0.551877
v -0.565471 0.482212 0.551877
v -0.565471 0.497917 0.551877
v -0.565471 0.535136 0.551877
v -0.552136 0.552347 0.571497
v -0.552135 0.552347 0.586405
v -0.552136 0.552347 0.627819
v -0.552135 0.541805 0.638361
v -0.552136 0.508276 0.638361
v -0.552135 0.493367 0.638361
v -0.552135 0.216852 0.638361
v -0.552136 0.197922 0.638361
v -0.552135 0.183014 0.638361
v -0.552136 0.149484 0.638361
v -0.552135 0.138942 0.627819
v -0.552136 0.138942 0.586405
v -0.552135 0.138942 0.571497
v -0.552135 0.138942 0.551878
v -0.552136 0.138942 -0.573017
v -0.552135 0.138942 -0.587926
v -0.552136 0.138942 -0.627819
v -0.552135 0.149484 -0.638361
v -0.552136 0.183014 -0.638361
v -0.552135 0.197922 -0.638361
v -0.552136 0.216851 -0.638361
v -0.552136 0.493367 -0.638361
v -0.552135 0.508276 -0.638361
v -0.552136 0.541805 -0.638361
v -0.552135 0.552347 -0.627819
v -0.552136 0.552347 -0.587926
v -0.552135 0.552347 -0.573018
v -0.552135 0.535136 -0.573017
v -0.552135 0.497917 -0.573018
v -0.552135 0.482212 -0.573018
v -0.552135 0.211111 -0.573018
v -0.552135 0.192553 -0.573018
v -0.552136 0.192553 0.551877
v -0.552136 0.192553 0.571497
v -0.552136 0.211111 0.571497
v -0.552136 0.482212 0.571497
v -0.552136 0.497917 0.571497
v -0.552136 0.535136 0.571497
v -0.580379 0.552347 -0.560035
v -0.565471 0.552347 -0.560035
v -0.565471 0.535136 -0.560035
v -0.565471 0.497917 -0.560035
v -0.565471 0.482212 -0.560035
v -0.565471 0.211111 -0.560035
v -0.565471 0.192553 -0.560035
v -0.552135 0.192553 -0.560035
v 0.565891 0.192553 -0.560035
v 0.638361 0.197922 -0.560035
v 0.638361 0.183014 -0.560035
v 0.638361 0.149484 -0.560035
v 0.627819 0.138942 -0.560035
v 0.580799 0.138942 -0.560035
v 0.565891 0.138942 -0.560035
v -0.552136 0.138942 -0.560035
v -0.565471 0.138942 -0.560035
v -0.580379 0.138942 -0.560035
v -0.627819 0.138942 -0.560035
v -0.638361 0.149484 -0.560035
v -0.638361 0.183014 -0.560035
v -0.638361 0.197922 -0.560035
v -0.638361 0.216852 -0.560035
v -0.638361 0.493367 -0.560035
v -0.638361 0.508276 -0.560035
v -0.638361 0.541805 -0.560035
v -0.627819 0.552347 -0.560035
vt 0.363255 0.151619
vt 0.346263 0.180241
vt 0.339317 0.180241
vt 0.339317 0.166850
vt 0.273026 0.997481
vt 0.357929 0.151619
vt 0.269210 0.993106
vt 0.275578 0.997481
vt 0.281600 0.992229
vt 0.346263 0.185559
vt 0.346263 0.188474
vt 0.283538 0.990536
vt 0.425717 0.863307
vt 0.346263 0.373373
vt 0.339317 0.188474
vt 0.339317 0.185559
vt 0.062558 0.760483
vt 0.050167 0.760976
vt 0.056198 0.755891
vt 0.058212 0.755891
vt 0.064053 0.759524
vt 0.068758 0.755267
vt 0.070386 0.759524
vt 0.064053 0.764442
vt 0.067574 0.768894
vt 0.045878 0.756856
vt 0.072345 0.755455
vt 0.070689 0.753628
vt 0.214666 0.618016
vt 0.216666 0.619733
vt 0.064311 0.750405
vt 0.066219 0.748770
vt 0.355560 0.149539
vt 0.355560 0.151619
vt 0.311581 0.151619
vt 0.236172 0.955517
vt 0.357929 0.166850
vt 0.288703 0.166850
vt 0.043925 0.754944
vt 0.069342 0.770827
vt 0.009317 0.719230
vt 0.011442 0.717831
vt 0.049035 0.750276
vt 0.050952 0.752147
vt 0.337215 0.185559
vt 0.337215 0.180241
vt 0.337215 0.188474
vt 0.339317 0.373373
vt 0.337215 0.373373
vt 0.291229 0.188474
vt 0.291229 0.185559
vt 0.288703 0.185559
vt 0.288703 0.188474
vt 0.242752 0.188474
vt 0.242752 0.185559
vt 0.288703 0.180241
vt 0.291229 0.180241
vt 0.291229 0.373373
vt 0.288703 0.373373
vt 0.337215 0.375294
vt 0.339317 0.386227
vt 0.266087 0.383535
vt 0.263360 0.381565
vt 0.337215 0.373677
vt 0.291229 0.375294
vt 0.291229 0.373677
vt 0.339317 0.373677
vt 0.346263 0.388006
vt 0.313740 0.390957
vt 0.288703 0.373677
vt 0.288703 0.375294
vt 0.242752 0.375294
vt 0.242752 0.373677
vt 0.291229 0.381565
vt 0.288703 0.381565
vt 0.414586 0.576323
vt 0.348593 0.389520
vt 0.411456 0.579258
vt 0.411456 0.576323
vt 0.414586 0.568457
vt 0.266087 0.390133
vt 0.242752 0.180241
vt 0.311581 0.166850
vt 0.276971 0.166850
vt 0.276971 0.180241
vt 0.273885 0.180241
vt 0.273885 0.166850
vt 0.239800 0.166850
vt 0.276971 0.151619
vt 0.239800 0.151619
vt 0.239800 0.180241
vt 0.239800 0.185559
vt 0.276971 0.185559
vt 0.306267 0.149539
vt 0.303825 0.149539
vt 0.301646 0.156698
vt 0.303757 0.155259
vt 0.300087 0.151619
vt 0.298755 0.149539
vt 0.276971 0.188474
vt 0.239800 0.188474
vt 0.239800 0.373373
vt 0.276971 0.373373
vt 0.273885 0.188474
vt 0.273885 0.185559
vt 0.263360 0.390133
vt 0.263360 0.383535
vt 0.263360 0.392425
vt 0.266087 0.394088
vt 0.263360 0.394088
vt 0.291229 0.392425
vt 0.291229 0.390133
vt 0.288703 0.390133
vt 0.288703 0.392425
vt 0.242752 0.392425
vt 0.242752 0.390133
vt 0.288703 0.383535
vt 0.291229 0.383535
vt 0.291229 0.394088
vt 0.288703 0.394088
vt 0.220648 0.588110
vt 0.217841 0.568457
vt 0.212838 0.601503
vt 0.215877 0.596834
vt 0.222313 0.571653
vt 0.215689 0.588110
vt 0.217240 0.571653
vt 0.224561 0.571653
vt 0.220546 0.576323
vt 0.217841 0.576323
vt 0.213484 0.588110
vt 0.211407 0.593975
vt 0.209426 0.592621
vt 0.214981 0.571653
vt 0.242752 0.562594
vt 0.242752 0.571653
vt 0.217841 0.579258
vt 0.212838 0.611715
vt 0.212838 0.609252
vt 0.242752 0.383535
vt 0.242752 0.381565
vt 0.276971 0.381565
vt 0.276971 0.383535
vt 0.273885 0.383535
vt 0.273885 0.381565
vt 0.239800 0.381565
vt 0.276971 0.375294
vt 0.239800 0.375294
vt 0.239800 0.383535
vt 0.239800 0.390133
vt 0.276971 0.390133
vt 0.276971 0.373677
vt 0.273885 0.375294
vt 0.273885 0.373677
vt 0.205770 0.392425
vt 0.239800 0.392425
vt 0.239800 0.394088
vt 0.205770 0.394088
vt 0.239534 0.379944
vt 0.240787 0.378134
vt 0.298036 0.165710
vt 0.271829 0.180241
vt 0.296652 0.163930
vt 0.263471 0.185559
vt 0.997120 0.541876
vt 0.294829 0.161506
vt 0.296891 0.159970
vt 0.008319 0.705476
vt 0.008319 0.703203
vt 0.013875 0.703203
vt 0.013875 0.705476
vt 0.005865 0.705476
vt 0.008319 0.711521
vt 0.005865 0.711521
vt 0.005865 0.703203
vt 0.005865 0.695873
vt 0.008319 0.695873
vt 0.008319 0.713874
vt 0.013875 0.711521
vt 0.013875 0.713874
vt 0.994578 0.541876
vt 0.263471 0.188474
vt 0.803971 0.544417
vt 0.803971 0.541876
vt 0.994578 0.538531
vt 0.997120 0.538531
vt 0.271829 0.185559
vt 0.271829 0.188474
vt 0.994578 0.344211
vt 0.994578 0.346753
vt 0.803971 0.346753
vt 0.149017 0.562099
vt 0.017230 0.695974
vt 0.015776 0.695873
vt 0.273885 0.373373
vt 0.271829 0.373373
vt 0.271829 0.375294
vt 0.271829 0.381565
vt 0.271829 0.373677
vt 0.263471 0.375294
vt 0.801698 0.544417
vt 0.801698 0.541876
vt 0.232140 0.372111
vt 0.799156 0.538531
vt 0.801698 0.538531
vt 0.263471 0.376396
vt 0.237512 0.378322
vt 0.200736 0.394088
vt 0.198641 0.394088
vt 0.198641 0.559356
vt 0.200736 0.559356
vt 0.200736 0.563820
vt 0.198641 0.563820
vt 0.198641 0.571653
vt 0.191424 0.559356
vt 0.799156 0.346753
vt 0.200736 0.571653
vt 0.205770 0.571653
vt 0.205770 0.559356
vt 0.152877 0.560205
vt 0.191424 0.563820
vt 0.152877 0.566353
vt 0.239800 0.559356
vt 0.239800 0.566368
vt 0.205770 0.565218
vt 0.016418 0.708616
vt 0.013972 0.705476
vt 0.017619 0.710462
vt 0.021763 0.703427
vt 0.023352 0.705308
vt 0.017208 0.714297
vt 0.019256 0.712786
vt 0.050936 0.748522
vt 0.052694 0.750307
vt 0.056198 0.753868
vt 0.056953 0.742924
vt 0.058677 0.744671
vt 0.024985 0.703625
vt 0.023226 0.701768
vt 0.158505 0.574044
vt 0.160312 0.575911
vt 0.025325 0.707685
vt 0.027189 0.706004
vt 0.058891 0.741194
vt 0.017769 0.699372
vt 0.019114 0.697719
vt 0.060623 0.742975
vt 0.200200 0.606909
vt 0.202207 0.608586
vt 0.064507 0.746977
vt 0.062613 0.748631
vt 0.153007 0.567667
vt 0.154656 0.569662
vt 0.157585 0.567305
vt 0.198641 0.564346
vt 0.156009 0.568499
vt 0.161264 0.571594
vt 0.159778 0.572884
vt 0.163952 0.576739
vt 0.165363 0.575083
vt 0.203151 0.602635
vt 0.201609 0.604913
vt 0.163037 0.573164
vt 0.165973 0.566974
vt 0.167627 0.568196
vt 0.169812 0.569700
vt 0.242752 0.567832
vt 0.207905 0.595038
vt 0.209861 0.596475
vt 0.211910 0.599090
vt 0.205158 0.604226
vt 0.203623 0.606545
vt 0.211910 0.607738
vt 0.208212 0.610141
vt 0.206859 0.612231
vt 0.208917 0.613873
vt 0.242752 0.373373
vt 0.803971 0.538531
vt 0.162682 0.578206
vt 0.240701 0.941951
vt 0.382324 0.814899
vt 0.384573 0.817400
vt 0.242950 0.944422
vt 0.242752 0.394088
vt 0.220546 0.579258
vt 0.239800 0.373677
vt 0.005865 0.713874
vt 0.801698 0.346753
vt 0.239800 0.571653
vt 0.161592 0.574621
vt 0.218640 0.622043
vt 0.074233 0.759524
vt 0.411456 0.582184
vt 0.425457 0.859592
vt 0.423756 0.861112
vt 0.281600 0.988338
vt 0.245028 0.946804
vt 0.275563 0.981577
vt 0.386701 0.819767
vt 0.417721 0.854361
vt 0.411456 0.630934
vt 0.411456 0.589667
vt 0.419422 0.852840
vt 0.388401 0.818246
vt 0.080079 0.764115
vt 0.224207 0.629512
vt 0.250512 0.668852
vt 0.110434 0.797482
vt 0.419512 0.856364
vt 0.277348 0.983584
vt 0.411456 0.587237
vt 0.421213 0.854844
vt 0.078341 0.762174
vt 0.222544 0.627315
vt 0.384030 0.813385
vt 0.386274 0.815882
vt 0.252570 0.671297
vt 0.112559 0.799798
vt 0.225239 0.576323
vt 0.225239 0.579258
vt 0.225239 0.568457
vt 0.263360 0.568902
vt 0.291229 0.568902
vt 0.288703 0.568902
vt 0.242752 0.568902
vt 0.239800 0.568902
vt 0.205770 0.568902
vt 0.200736 0.568902
vt 0.198641 0.568902
vt 0.191424 0.568902
vt 0.801698 0.348966
vt 0.994578 0.348966
vt 0.803971 0.348966
vt 0.997120 0.348966
vt 0.181689 0.008860
vt 0.183748 0.007349
vt 0.188379 0.003950
vt 0.190437 0.002441
vt 0.114011 0.801451
vt 0.254063 0.672963
vt 0.251866 0.667897
vt 0.253898 0.630934
vt 0.255782 0.671477
vt 0.253808 0.634032
vt 0.226406 0.628127
vt 0.225239 0.589667
vt 0.224937 0.625805
vt 0.225239 0.587237
vt 0.220546 0.582184
vt 0.225239 0.582184
vt 0.104672 0.809635
vt 0.231617 0.950452
vt 0.234023 0.952960
vt 0.100842 0.805476
vt 0.103179 0.807877
vt 0.311581 0.149539
vt 0.267511 0.991190
vt 0.041985 0.756611
vt 0.043987 0.758583
vt 0.357929 0.149539
vt 0.048284 0.762759
vt 0.060764 0.762521
vt 0.363255 0.149539
vt 0.346263 0.166850
vt 0.242752 0.166850
vt 0.355560 0.166850
vt 0.291229 0.166850
vt 0.363255 0.166850
vt 0.266087 0.568902
vt 0.220546 0.568457
vt 0.348593 0.373373
vt 0.414586 0.579258
vt 0.411456 0.568457
vt 0.217690 0.599090
vt 0.222851 0.591503
vt 0.266087 0.392425
vt 0.315399 0.392876
vt 0.348593 0.188474
vt 0.348593 0.185559
vt 0.348593 0.180241
vt 0.348593 0.166850
vt 0.799156 0.348966
vt 0.191424 0.571653
vt 0.175206 0.013619
vt 0.288575 0.166646
vt 0.803971 0.344211
vt 0.011864 0.691669
vt 0.263471 0.373373
vt 0.263471 0.373677
vt 0.290681 0.169756
vt 0.191424 0.376602
vt 0.801698 0.344211
vt 0.799156 0.344211
vt 0.799156 0.541876
vt 0.799156 0.544417
vt 0.997120 0.344211
vt 0.994578 0.544417
vt 0.997120 0.544417
vt 0.997120 0.346753
vt 0.003629 0.703203
vt 0.003629 0.695873
vt 0.003629 0.705476
vt 0.003629 0.711521
vt 0.003629 0.713874
vt 0.253898 0.634032
vt 0.411456 0.634032
vt 0.414586 0.630934
vt 0.414586 0.634032
vt 0.414586 0.582184
vt 0.414586 0.587237
vt 0.414586 0.589667
vt 0.427418 0.861787
vn 0.707103 0.707111 0.000000
vn 0.707103 0.707111 0.000000
vn 0.707103 0.707111 0.000000
vn 0.707103 0.707111 0.000000
vn 1.000000 0.000000 0.000000
vn 1.000000 0.000000 0.000000
vn 1.000000 0.000000 0.000000
vn 1.000000 0.000000 0.000000
vn 0.000000 1.000000 0.000000
vn 0.000000 1.000000 0.000000
vn 0.000000 1.000000 0.000000
vn 0.000000 1.000000 0.000000
vn 0.000000 1.000000 0.000000
vn 0.000000 1.000000 -0.000004
vn 0.000000 1.000000 -0.000004
vn 0.000000 1.000000 -0.000000
vn 0.000000 1.000000 0.000001
vn 0.000000 1.000000 0.000000
vn 0.707103 0.707110 0.000000
vn 0.707103 0.707110 0.000000
vn 0.707104 0.707110 0.000000
vn 0.707104 0.707110 0.000000
vn 0.000000 1.000000 0.000000
vn 0.000000 1.000000 0.000000
vn 0.000000 1.000000 0.000000
vn 0.000000 1.000000 0.000000
vn 1.000000 0.000000 0.000000
vn 1.000000 0.000000 0.000000
vn 1.000000 0.000000 0.000000
vn 1.000000 0.000000 0.000000
vn 0.000000 1.000000 -0.000004
vn 0.000000 1.000000 0.000000
vn 0.000000 1.000000 0.000000
vn 0.000000 1.000000 -0.000004
vn 0.000000 1.000000 0.000000
vn 0.000000 1.000000 0.000001
vn 1.000000 0.000000 0.000000
vn 1.000000 0.000000 0.000000
vn 1.000000 0.000000 0.000000
vn 1.000000 0.000000 0.000000
vn 1.000000 0.000000 0.000000
vn 1.000000 0.000000 0.000000
vn 1.000000 0.000000 0.000000
vn 1.000000 0.000000 0.000000
vn 1.000000 0.000000 0.000000
vn 1.000000 0.000000 0.000000
vn 1.000000 0.000000 0.000000
vn 1.000000 0.000000 0.000000
vn 0.000000 0.707109 0.707105
vn 0.000000 0.707109 0.707105
vn 0.000000 0.707109 0.707105
vn 0.000000 0.707109 0.707105
vn 0.000000 0.707111 0.707102
vn 0.000000 0.707111 0.707102
vn 0.000000 0.707111 0.707102
vn 0.000000 0.707111 0.707102
vn 0.000000 0.000000 1.000000
vn 0.000000 0.000000 1.000000
vn 0.000000 0.000000 1.000000
vn 0.000000 0.000000 1.000000
vn 0.000000 0.000000 1.000000
vn 0.000000 0.000000 1.000000
vn 0.000000 0.000000 1.000000
vn 0.000000 0.000000 1.000000
vn 0.000000 0.000000 1.000000
vn 0.000000 0.000000 1.000000
vn 0.000000 0.000000 1.000000
vn 0.000000 0.000000 1.000000
vn 0.000000 0.707108 0.707106
vn 0.000000 0.707108 0.707106
vn 0.000000 0.707108 0.707106
vn 0.000000 0.707108 0.707106
vn 0.000000 0.000000 1.000000
vn 0.000000 0.000000 1.000000
vn 0.000000 0.000000 1.000000
vn 0.000000 0.000000 1.000000
vn 0.000000 1.000000 0.000000
vn 0.000000 1.000000 0.000000
vn 0.000000 1.000000 0.000000
vn 0.000000 1.000000 0.000000
vn 0.000000 0.000000 1.000000
vn 0.000000 0.000000 1.000000
vn 0.000000 0.000000 1.000000
vn 0.000000 0.000000 1.000000
vn 0.000000 0.000000 1.000000
vn 0.000000 0.000000 1.000000
vn 0.000000 1.000000 0.000000
vn 0.000000 1.000000 0.000000
vn 0.000000 1.000000 0.000000
vn 0.000000 1.000000 0.000000
vn 0.000000 1.000000 0.000000
vn 0.000000 1.000000 0.000000
vn 0.707105 0.000000 0.707108
vn 0.707105 0.000000 0.707108
vn 0.707105 0.000000 0.707109
vn 0.707105 0.000000 0.707109
vn 0.707106 0.000000 0.707108
vn 0.707106 0.000000 0.707108
vn 0.707106 0.000000 0.707108
vn 0.707106 0.000000 0.707108
vn 0.707105 0.000000 0.707109
vn 0.707105 0.000000 0.707109
vn 0.707105 0.000000 0.707109
vn 0.707105 0.000000 0.707109
vn 1.000000 0.000000 0.000000
vn 1.000000 0.000000 0.000000
vn 1.000000 0.000000 0.000000
vn 1.000000 -0.000000 0.000000
vn 0.000000 0.000000 1.000000
vn 0.000000 0.000000 1.000000
vn 0.000000 0.000000 1.000000
vn 0.000000 0.000000 1.000000
vn 1.000000 -0.000000 0.000000
vn 1.000000 0.000000 0.000000
vn 1.000000 0.000000 0.000000
vn 1.000000 0.000000 0.000000
vn 1.000000 0.000000 0.000000
vn 1.000000 0.000000 0.000000
vn 0.000000 0.000000 1.000000
vn 0.000000 0.000000 1.000000
vn 0.000000 0.000000 1.000000
vn 0.000000 0.000000 1.000000
vn 0.000000 0.000000 1.000000
vn 0.000000 0.000000 1.000000
vn -0.707103 0.707111 0.000000
vn -0.707103 0.707111 0.000000
vn -0.707103 0.707111 0.000000
vn -0.707103 0.707111 0.000000
vn -0.707103 0.707110 0.000000
vn -0.707103 0.707110 0.000000
vn -0.707104 0.707110 0.000000
vn -0.707104 0.707110 0.000000
vn -1.000000 0.000000 0.000000
vn -1.000000 0.000000 0.000000
vn -1.000000 0.000000 0.000000
vn -1.000000 0.000000 0.000000
vn -1.000000 0.000000 0.000000
vn -1.000000 0.000000 0.000000
vn -1.000000 0.000000 0.000000
vn -1.000000 0.000000 0.000000
vn -1.000000 0.000000 0.000000
vn -1.000000 0.000000 0.000000
vn -1.000000 0.000000 0.000000
vn -1.000000 0.000000 0.000000
vn -0.707103 0.707110 0.000000
vn -0.707103 0.707110 0.000000
vn -0.707104 0.707110 0.000000
vn -0.707104 0.707110 0.000000
vn -1.000000 0.000000 0.000000
vn -1.000000 0.000000 0.000000
vn -1.000000 0.000000 0.000000
vn -1.000000 0.000000 0.000000
vn 0.000000 1.000000 0.000000
vn 0.000000 1.000000 0.000000
vn 0.000000 1.000000 0.000000
vn 0.000000 1.000000 0.000000
vn -1.000000 0.000000 0.000000
vn -1.000000 0.000000 0.000000
vn -1.000000 0.000000 0.000000
vn -1.000000 0.000000 0.000000
vn -1.000000 0.000000 0.000000
vn -1.000000 0.000000 0.000000
vn 0.000000 1.000000 0.000000
vn 0.000000 1.000000 0.000000
vn 0.000000 1.000000 0.000000
vn -0.707105 0.000000 0.707108
vn -0.707105 0.000000 0.707108
vn -0.707105 0.000000 0.707109
vn -0.707105 0.000000 0.707109
vn -0.707104 0.000000 0.707109
vn -0.707104 0.000000 0.707109
vn -0.707104 0.000000 0.707110
vn -0.707104 0.000000 0.707110
vn -0.707105 0.000000 0.707109
vn -0.707105 0.000000 0.707109
vn -0.707105 0.000000 0.707109
vn -0.707105 0.000000 0.707109
vn 0.000000 0.000000 1.000000
vn 0.000000 0.000000 1.000000
vn 0.000000 0.000000 1.000000
vn 0.000000 0.000000 1.000000
vn -1.000000 0.000000 0.000000
vn -1.000000 0.000000 0.000000
vn -1.000000 0.000000 0.000000
vn -1.000000 0.000000 0.000000
vn 0.000000 0.000000 1.000000
vn 0.000000 0.000000 1.000000
vn 0.000000 0.000000 1.000000
vn -1.000000 0.000000 0.000000
vn -1.000000 0.000000 0.000000
vn -1.000000 0.000000 0.000000
vn -1.000000 0.000000 0.000000
vn -1.000000 0.000000 0.000000
vn -1.000000 0.000000 0.000000
vn 0.707111 -0.707103 0.000000
vn 0.707111 -0.707103 0.000000
vn 0.707111 -0.707103 0.000000
vn 0.707111 -0.707103 0.000000
vn 0.000000 -1.000000 0.000000
vn 0.000000 -1.000000 0.000000
vn 0.000000 -1.000000 0.000000
vn 0.000000 -1.000000 0.000000
vn 0.707111 -0.707103 0.000000
vn 0.707111 -0.707103 0.000000
vn 0.707111 -0.707103 0.000000
vn 0.707111 -0.707103 0.000000
vn 0.707111 -0.707102 0.000000
vn 0.707111 -0.707102 0.000000
vn 0.707112 -0.707102 0.000000
vn 0.707112 -0.707102 0.000000
vn 1.000000 0.000000 0.000000
vn 1.000000 0.000000 0.000000
vn 1.000000 0.000000 0.000000
vn 1.000000 0.000000 0.000000
vn 0.000000 -1.000000 0.000000
vn 0.000000 -1.000000 0.000000
vn 0.000000 -1.000000 0.000000
vn 0.000000 -1.000000 0.000000
vn 1.000000 0.000000 0.000000
vn 1.000000 0.000000 0.000000
vn 1.000000 0.000000 0.000000
vn 0.000000 -1.000000 0.000000
vn 0.000000 -1.000000 0.000000
vn 0.000000 -1.000000 0.000000
vn 0.000000 -1.000000 0.000000
vn 0.000000 -1.000000 0.000000
vn 0.000000 -1.000000 0.000000
vn 0.000000 -1.000000 0.000000
vn 0.000000 -1.000000 0.000000
vn 0.000000 -1.000000 0.000000
vn 0.000000 -1.000000 0.000000
vn 0.000000 -1.000000 0.000000
vn 0.000000 -1.000000 0.000000
vn 0.000000 -1.000000 0.000000
vn 0.000000 -1.000000 0.000000
vn 0.000000 -0.707101 0.707113
vn 0.000000 -0.707101 0.707113
vn 0.000000 -0.707101 0.707113
vn 0.000000 -0.707101 0.707113
vn 0.000000 -0.707100 0.707114
vn 0.000000 -0.707100 0.707114
vn 0.000000 -0.707100 0.707114
vn 0.000000 -0.707100 0.707114
vn 0.000000 -0.707101 0.707113
vn 0.000000 -0.707101 0.707113
vn 0.000000 -0.707101 0.707113
vn 0.000000 -0.707101 0.707113
vn 0.000000 -1.000000 0.000000
vn 0.000000 -1.000000 0.000000
vn 0.000000 -1.000000 0.000000
vn 0.000000 -1.000000 0.000000
vn 0.000000 -1.000000 0.000000
vn 0.000000 -1.000000 0.000000
vn 0.000000 -1.000000 0.000000
vn 0.000000 -1.000000 0.000000
vn 0.000000 -1.000000 0.000000
vn 0.000000 -1.000000 0.000000
vn -0.707111 -0.707103 0.000000
vn -0.707111 -0.707103 0.000000
vn -0.707111 -0.707103 0.000000
vn -0.707111 -0.707103 0.000000
vn -0.707111 -0.707103 0.000000
vn -0.707111 -0.707103 0.000000
vn -0.707111 -0.707103 0.000000
vn -0.707111 -0.707103 0.000000
vn -0.707111 -0.707102 0.000000
vn -0.707111 -0.707102 0.000000
vn -0.707112 -0.707102 0.000000
vn -0.707112 -0.707102 0.000000
vn 0.000000 -1.000000 0.000000
vn 0.000000 -1.000000 0.000000
vn 0.000000 -1.000000 0.000000
vn 0.000000 -1.000000 0.000000
vn -1.000000 0.000000 0.000000
vn -1.000000 0.000000 0.000000
vn -1.000000 0.000000 0.000000
vn -1.000000 0.000000 0.000000
vn 0.000000 -1.000000 0.000000
vn 0.000000 -1.000000 0.000000
vn 0.000000 -1.000000 0.000000
vn -1.000000 0.000000 0.000000
vn -1.000000 0.000000 0.000000
vn -1.000000 0.000000 0.000000
vn 0.707105 0.000000 -0.707109
vn 0.707105 0.000000 -0.707109
vn 0.707105 0.000000 -0.707109
vn 0.707105 0.000000 -0.707109
vn 0.000000 0.000000 -1.000000
vn 0.000000 0.000000 -1.000000
vn 0.000000 0.000000 -1.000000
vn 0.000000 0.000000 -1.000000
vn 0.707104 0.000000 -0.707110
vn 0.707104 0.000000 -0.707110
vn 0.707104 0.000000 -0.707109
vn 0.707104 0.000000 -0.707109
vn 0.707105 0.000000 -0.707108
vn 0.707105 0.000000 -0.707108
vn 0.707105 0.000000 -0.707109
vn 0.707105 0.000000 -0.707109
vn 0.000000 0.000000 -1.000000
vn 0.000000 0.000000 -1.000000
vn 0.000000 0.000000 -1.000000
vn 0.000000 0.000000 -1.000000
vn 0.000000 0.000000 -1.000000
vn 0.000000 0.000000 -1.000000
vn 0.000000 0.000000 -1.000000
vn 0.000000 0.000000 -1.000000
vn 0.000000 0.000000 -1.000000
vn 0.000000 0.000000 -1.000000
vn 0.000000 0.000000 -1.000000
vn 0.000000 0.000000 -1.000000
vn 0.000000 0.000000 -1.000000
vn 0.000000 0.000000 -1.000000
vn 0.000000 0.000000 -1.000000
vn 0.000000 0.000000 -1.000000
vn 0.000000 0.000000 -1.000000
vn 0.000000 0.000000 -1.000000
vn 0.000000 -0.707101 -0.707113
vn 0.000000 -0.707101 -0.707113
vn 0.000000 -0.707101 -0.707113
vn 0.000000 -0.707101 -0.707113
vn 0.000000 -0.707101 -0.707113
vn 0.000000 -0.707101 -0.707113
vn 0.000000 -0.707101 -0.707113
vn 0.000000 -0.707101 -0.707113
vn 0.000000 -0.707101 -0.707113
vn 0.000000 -0.707101 -0.707113
vn 0.000000 -0.707101 -0.707113
vn 0.000000 -0.707101 -0.707113
vn 0.000000 0.000000 -1.000000
vn 0.000000 0.000000 -1.000000
vn 0.000000 0.000000 -1.000000
vn 0.000000 0.000000 -1.000000
vn 0.000000 0.000000 -1.000000
vn 0.000000 0.000000 -1.000000
vn 0.000000 0.000000 -1.000000
vn 0.000000 0.000000 -1.000000
vn 0.000000 0.000000 -1.000000
vn 0.000000 0.000000 -1.000000
vn 0.000000 0.000000 -1.000000
vn -0.707105 0.000000 -0.707109
vn -0.707105 0.000000 -0.707109
vn -0.707105 0.000000 -0.707109
vn -0.707105 0.000000 -0.707109
vn -0.707106 0.000000 -0.707108
vn -0.707106 0.000000 -0.707108
vn -0.707106 0.000000 -0.707108
vn -0.707106 0.000000 -0.707108
vn -0.707105 0.000000 -0.707108
vn -0.707105 0.000000 -0.707108
vn -0.707105 0.000000 -0.707109
vn -0.707105 0.000000 -0.707109
vn 0.000000 0.000000 -1.000000
vn 0.000000 0.000000 -1.000000
vn 0.000000 0.000000 -1.000000
vn 0.000000 0.000000 -1.000000
vn 0.000000 0.000000 -1.000000
vn 0.000000 0.000000 -1.000000
vn 0.000000 0.707109 -0.707105
vn 0.000000 0.707109 -0.707105
vn 0.000000 0.707109 -0.707105
vn 0.000000 0.707109 -0.707105
vn 0.000000 0.707107 -0.707107
vn 0.000000 0.707107 -0.707107
vn 0.000000 0.707107 -0.707107
vn 0.000000 0.707107 -0.707107
vn 0.000000 0.707108 -0.707106
vn 0.000000 0.707108 -0.707106
vn 0.000000 0.707108 -0.707106
vn 0.000000 0.707108 -0.707106
vn 0.000000 0.000000 1.000000
vn 0.000000 1.000000 0.000001
vn 1.000000 0.000000 0.000000
vn 0.000000 0.000000 1.000000
vn -1.000000 0.000000 0.000000
vn 0.000000 1.000000 0.000000
vn 0.000000 0.000000 1.000000
vn -1.000000 0.000000 0.000000
vn 1.000000 0.000000 0.000000
vn 0.000000 -1.000000 0.000000
vn 0.000000 -1.000000 0.000000
vn 0.000000 0.000000 1.000000
vn 0.000000 -1.000000 0.000000
vn -1.000000 0.000000 0.000000
vn 1.000000 0.000000 0.000000
vn 0.000000 0.000000 -1.000000
vn 0.000000 0.000000 -1.000000
vn 0.000000 -1.000000 0.000000
vn 0.000000 0.000000 -1.000000
vn -1.000000 0.000000 0.000000
vn 0.000000 1.000000 0.000001
vn 0.000000 0.000000 -1.000000
vn 0.000000 0.000000 1.000000
vn 0.000000 -1.000000 0.000000
vn 0.000000 0.000000 -1.000000
vn 0.000000 1.000000 0.000000
vn 0.000000 1.000000 0.000000
vn 0.000000 1.000000 0.000000
vn 0.000000 1.000000 0.000000
vn -1.000000 0.000000 0.000000
vn 1.000000 0.000000 0.000000
vn 0.000000 1.000000 0.000000
vn 0.000000 0.000000 1.000000
vn 0.000000 1.000000 0.000000
vn -1.000000 0.000000 0.000000
vn 0.000000 0.000000 1.000000
vn 0.000000 -1.000000 0.000000
vn 1.000000 0.000000 0.000000
vn 0.000000 0.000000 1.000000
vn -1.000000 0.000000 0.000000
vn 0.000000 -1.000000 0.000000
vn 0.000000 0.000000 1.000000
vn 0.000000 0.000000 -1.000000
vn 1.000000 0.000000 0.000000
vn 0.000000 -1.000000 0.000000
vn -1.000000 0.000000 0.000000
vn 0.000000 0.000000 -1.000000
vn 0.000000 -1.000000 0.000000
vn 0.000000 1.000000 0.000000
vn 1.000000 0.000000 0.000000
vn 0.000000 0.000000 -1.000000
vn -1.000000 0.000000 0.000000
vn 0.000000 1.000000 0.000000
vn 0.000000 0.000000 -1.000000
vn 0.707103 0.707111 0.000000
vn 0.707103 0.707111 0.000000
vn 0.707103 0.707111 0.000000
vn 0.707103 0.707111 0.000000
vn 0.000000 0.707109 0.707105
vn 0.000000 0.707109 0.707105
vn 0.707105 0.000000 0.707109
vn 0.707105 0.000000 0.707109
vn -0.707102 0.707111 0.000000
vn -0.707102 0.707111 0.000000
vn 0.000000 1.000000 0.000000
vn -0.707105 0.000000 0.707109
vn -0.707105 0.000000 0.707109
vn 0.000000 0.000000 1.000000
vn 0.707111 -0.707103 0.000000
vn 0.707111 -0.707103 0.000000
vn 1.000000 0.000000 0.000000
vn 0.000000 -0.707100 0.707113
vn 0.000000 -0.707100 0.707113
vn -0.707111 -0.707103 0.000000
vn -0.707111 -0.707103 0.000000
vn 0.000000 -1.000000 0.000000
vn -1.000000 0.000000 0.000000
vn 0.707105 0.000000 -0.707109
vn 0.707105 0.000000 -0.707109
vn 0.000000 -0.707101 -0.707113
vn 0.000000 -0.707101 -0.707113
vn 0.000000 0.000000 -1.000000
vn -0.707105 0.000000 -0.707109
vn -0.707105 0.000000 -0.707109
vn 0.000000 0.707108 -0.707106
vn 0.000000 0.707108 -0.707106
vn 0.577349 0.577353 0.577349
vn 0.577349 0.577353 0.577349
vn 0.577349 0.577353 0.577349
vn -0.577349 0.577353 0.577349
vn -0.577349 0.577353 0.577349
vn -0.577349 0.577353 0.577349
vn 0.577353 -0.577343 0.577354
vn 0.577353 -0.577343 0.577354
vn 0.577353 -0.577343 0.577354
vn -0.577353 -0.577343 0.577354
vn -0.577353 -0.577343 0.577354
vn -0.577353 -0.577343 0.577354
vn 0.577353 -0.577343 -0.577354
vn 0.577353 -0.577343 -0.577354
vn 0.577353 -0.577343 -0.577354
vn -0.577353 -0.577343 -0.577354
vn -0.577353 -0.577343 -0.577354
vn -0.577353 -0.577343 -0.577354
vn 0.577349 0.577353 -0.577349
vn 0.577349 0.577353 -0.577349
vn 0.577349 0.577353 -0.577349
vn -0.577349 0.577353 -0.577349
vn -0.577349 0.577353 -0.577349
vn -0.577349 0.577353 -0.577349
vn 0.000000 0.000002 1.000000
vn 0.000000 0.000002 1.000000
vn 0.000000 0.000002 1.000000
vn 0.000000 0.000002 1.000000
vn 1.000000 0.000000 0.000000
vn 1.000000 0.000000 0.000000
vn 1.000000 0.000000 0.000000
vn 1.000000 0.000000 0.000000
vn 0.000000 0.000000 -1.000000
vn 0.000000 0.000000 -1.000000
vn 0.000000 0.000000 -1.000000
vn 0.000000 0.000000 -1.000000
vn -0.073891 0.997266 0.000000
vn -0.073891 0.997266 0.000000
vn -0.073891 0.997266 0.000000
vn -0.073891 0.997266 0.000000
vn -0.000000 0.000000 -1.000000
vn -0.000000 0.000000 -1.000000
vn -0.000000 0.000000 -1.000000
vn -0.000000 0.000000 -1.000000
vn -0.000001 0.000000 1.000000
vn -0.000001 0.000000 1.000000
vn -0.000000 0.000000 1.000000
vn 0.000000 0.000000 1.000000
vn 0.000000 0.000000 1.000000
vn 0.000000 0.000000 -1.000000
vn 0.000000 0.000000 -1.000000
vn 0.000000 0.000000 -1.000000
vn 0.000000 0.000000 -1.000000
vn 1.000000 0.000000 0.000000
vn 1.000000 0.000000 0.000000
vn 1.000000 0.000000 0.000000
vn 1.000000 0.000000 0.000000
vn -0.000000 0.000000 1.000000
vn -0.000000 0.000000 1.000000
vn -0.000000 0.000000 1.000000
vn -0.000000 0.000000 1.000000
vn 0.000000 0.000000 -1.000000
vn 0.000000 0.000000 -1.000000
vn 0.000000 0.000000 -1.000000
vn 0.000000 0.000000 -1.000000
vn 1.000000 0.000000 0.000000
vn 1.000000 0.000000 0.000000
vn 1.000000 0.000000 0.000000
vn 1.000000 0.000000 0.000000
vn -0.000000 0.000000 1.000000
vn -0.000000 0.000000 1.000000
vn -0.000000 0.000000 1.000000
vn -0.000000 0.000000 1.000000
vn 0.000000 0.000000 -1.000000
vn 0.000000 0.000000 -1.000000
vn 0.000000 0.000000 -1.000000
vn 0.000000 0.000000 -1.000000
vn 0.000000 0.000000 -1.000000
vn 0.000000 0.000000 -1.000000
vn 0.000000 0.000000 -1.000000
vn 0.000000 0.000000 -1.000000
vn 0.000000 0.000000 -1.000000
vn 0.000000 0.000000 -1.000000
vn 0.000000 0.000000 -1.000000
vn 0.000000 0.000000 -1.000000
vn 1.000000 0.000000 0.000000
vn 1.000000 0.000000 0.000000
vn 1.000000 0.000000 0.000000
vn 1.000000 0.000000 0.000000
vn 0.000000 -0.000001 1.000000
vn 0.000000 -0.000001 1.000000
vn 0.000000 -0.000001 1.000000
vn 0.000000 -0.000001 1.000000
vn 0.000000 0.000000 -1.000000
vn 0.000000 0.000000 -1.000000
vn 0.000000 0.000000 -1.000000
vn 0.000000 0.000000 -1.000000
vn 0.000000 0.000000 -1.000000
vn 0.000000 0.000000 1.000000
vn 0.000000 0.000000 1.000000
vn 0.000000 0.000000 1.000000
vn 0.000000 0.000000 1.000000
vn -0.000001 0.000000 1.000000
vn -0.000001 0.000000 1.000000
vn -0.000001 0.000000 1.000000
vn -0.000001 0.000000 1.000000
vn 0.000000 0.000000 1.000000
vn 0.000000 0.000000 1.000000
vn 0.000000 0.000000 1.000000
vn 0.000000 0.000000 1.000000
vn 1.000000 -0.000000 0.000000
vn 1.000000 -0.000000 0.000000
vn -0.000001 -0.000002 -1.000000
vn -0.000001 -0.000002 -1.000000
vn -0.000001 -0.000002 -1.000000
vn -0.000001 -0.000002 -1.000000
vn 0.000000 0.000000 -1.000000
vn 0.000000 0.000000 -1.000000
vn 0.000000 0.000000 -1.000000
vn 0.000000 0.000000 -1.000000
vn 1.000000 0.000000 0.000000
vn 1.000000 0.000000 0.000000
vn 1.000000 0.000000 0.000000
vn 1.000000 0.000000 0.000000
vn -0.000000 0.000000 1.000000
vn -0.000000 0.000000 1.000000
vn -0.000000 0.000000 1.000000
vn -0.000000 0.000000 1.000000
vn 0.000000 0.000000 1.000000
vn 0.000000 0.000000 1.000000
vn 0.000000 0.000000 1.000000
vn 0.000000 0.000000 1.000000
vn 1.000000 0.000000 0.000000
vn 1.000000 0.000000 0.000000
vn 1.000000 0.000000 0.000000
vn 0.707105 0.000000 -0.707108
vn 0.707105 0.000000 -0.707108
vn 0.000000 0.000000 -1.000000
vn 0.000000 0.000000 -1.000000
vn 0.000000 0.000000 -1.000000
vn 0.000000 0.000000 -1.000000
vn 0.000000 0.000000 -1.000000
vn 0.000000 0.000000 -1.000000
vn 0.000000 0.000000 -1.000000
vn -0.707105 0.000000 -0.707108
vn -0.707105 0.000000 -0.707108
vn -1.000000 0.000000 0.000000
vn -1.000000 0.000000 0.000000
vn -1.000000 0.000000 0.000000
vn -1.000000 0.000000 0.000000
vn -1.000000 0.000000 0.000000
vn -1.000000 0.000000 0.000000
vn -1.000000 0.000000 0.000000
vn -0.707105 0.000000 0.707108
vn -0.707105 0.000000 0.707108
vn 0.000000 0.000000 1.000000
vn 0.000000 0.000000 1.000000
vn 0.000000 0.000000 1.000000
vn 0.000000 0.000000 1.000000
vn 0.000000 0.000000 1.000000
vn 0.000000 0.000000 1.000000
vn 0.000000 0.000000 1.000000
vn 0.707105 0.000000 0.707108
vn 0.707105 0.000000 0.707108
vn 1.000000 0.000000 0.000000
vn 0.000000 1.000000 0.000000
vn 0.000000 1.000000 0.000000
vn 0.000000 1.000000 0.000000
vn -0.707102 0.707112 0.000000
vn -0.707102 0.707112 0.000000
vn -1.000000 0.000000 0.000000
vn -1.000000 0.000000 0.000000
vn -1.000000 0.000000 0.000000
vn -1.000000 0.000000 0.000000
vn -1.000000 0.000000 0.000000
vn -1.000000 0.000000 0.000000
vn -1.000000 0.000000 0.000000
vn -1.000000 0.000000 0.000000
vn -0.707112 -0.707102 0.000000
vn -0.707112 -0.707102 0.000000
vn 0.000000 -1.000000 0.000000
vn 0.000000 -1.000000 0.000000
vn 0.000000 -1.000000 0.000000
vn 0.000000 -1.000000 0.000000
vn 0.000000 -1.000000 0.000000
vn 0.000000 -1.000000 0.000000
vn 0.000000 -1.000000 0.000000
vn 0.707112 -0.707102 0.000000
vn 0.707112 -0.707102 0.000000
vn 1.000000 0.000000 0.000000
vn 1.000000 0.000000 0.000000
vn 1.000000 0.000000 0.000000
vn -0.073891 0.997266 0.000000
vn -0.073891 0.997266 0.000000
vn -0.073891 0.997266 0.000000
vn -0.073891 0.997266 0.000000
vn 0.000000 1.000000 0.000000
vn 0.000000 1.000000 0.000000
vn 0.000000 1.000000 0.000000
vn 0.000000 1.000000 0.000000
vn 1.000000 0.000000 0.000000
vn 1.000000 0.000000 0.000000
vn 1.000000 0.000000 0.000000
vn 1.000000 0.000000 0.000000
vn 1.000000 0.000000 0.000000
vn 1.000000 0.000000 0.000000
vn 1.000000 0.000000 0.000000
vn 1.000000 0.000000 0.000000
vn 1.000000 0.000000 0.000000
vn 1.000000 0.000000 0.000000
vn 1.000000 0.000000 0.000000
vn 1.000000 0.000000 0.000000
vn 1.000000 0.000000 0.000000
vn 1.000000 0.000000 0.000000
vn 1.000000 0.000000 0.000000
vn 1.000000 0.000000 0.000000
vn 1.000000 0.000000 0.000000
vn 1.000000 0.000000 0.000000
vn 1.000000 0.000000 0.000000
vn 1.000000 0.000000 0.000000
vn 0.000000 1.000000 0.000000
vn 0.000000 1.000000 0.000000
vn 0.000000 1.000000 0.000000
vn 0.000000 0.707109 0.707104
vn 0.000000 0.707109 0.707104
vn 0.000000 0.000000 1.000000
vn 0.000000 0.000000 1.000000
vn 0.000000 0.000000 1.000000
vn 0.000000 0.000000 1.000000
vn 0.000000 0.000000 1.000000
vn 0.000000 0.000000 1.000000
vn 0.000000 0.000000 1.000000
vn 0.000000 0.000000 1.000000
vn 0.000000 -0.707099 0.707114
vn 0.000000 -0.707099 0.707114
vn 0.000000 -1.000000 0.000000
vn 0.000000 -1.000000 0.000000
vn 0.000000 -1.000000 0.000000
vn 0.000000 -1.000000 0.000000
vn 0.000000 -1.000000 0.000000
vn 0.000000 -1.000000 0.000000
vn 0.000000 -1.000000 0.000000
vn 0.000000 -1.000000 0.000000
vn 0.000000 -0.707101 -0.707113
vn 0.000000 -0.707101 -0.707113
vn 0.000000 0.000000 -1.000000
vn 0.000000 0.000000 -1.000000
vn 0.000000 0.000000 -1.000000
vn 0.000000 0.000000 -1.000000
vn 0.000000 0.000000 -1.000000
vn 0.000000 0.000000 -1.000000
vn 0.000000 0.000000 -1.000000
vn 0.000000 0.000000 -1.000000
vn 0.000000 0.707106 -0.707107
vn 0.000000 0.707106 -0.707107
vn 0.000000 1.000000 0.000000
vn 0.000000 1.000000 0.000000
vn 0.000000 1.000000 0.000000
vn 0.000000 0.000002 1.000000
vn 0.000000 0.000002 1.000000
vn 0.000000 0.000002 1.000000
vn 0.000000 0.000002 1.000000
vn 0.000000 -0.000001 1.000000
vn 0.000000 -0.000001 1.000000
vn 0.000000 -0.000001 1.000000
vn 0.000000 -0.000001 1.000000
vn 0.000004 0.000000 1.000000
vn 0.000004 0.000000 1.000000
vn 0.000004 0.000000 1.000000
vn 0.000004 0.000000 1.000000
vn 0.000008 0.000000 1.000000
vn 0.000008 0.000000 1.000000
vn 0.000008 0.000000 1.000000
vn 0.000008 0.000000 1.000000
vn 0.000004 0.000000 1.000000
vn 0.000004 0.000000 1.000000
vn 0.000004 0.000000 1.000000
vn 0.000004 0.000000 1.000000
vn 0.000000 1.000000 0.000000
vn 0.000000 1.000000 0.000000
vn 0.000000 1.000000 0.000000
vn 0.000000 1.000000 0.000000
vn 0.000000 1.000000 0.000000
vn 0.000000 1.000000 0.000000
vn 0.000000 1.000000 0.000000
vn 0.000000 1.000000 0.000000
vn 0.000000 0.000000 -1.000000
vn 0.000000 0.000000 -1.000000
vn 0.000000 0.000000 -1.000000
vn 0.000000 0.000000 -1.000000
vn 0.000000 0.000000 -1.000000
vn 0.000000 0.000000 -1.000000
vn 0.000000 0.000000 -1.000000
vn 0.000000 0.000000 -1.000000
vn 0.000000 0.000000 -1.000000
vn 0.000000 0.000000 -1.000000
vn 0.000000 0.000000 -1.000000
vn 0.000000 0.000000 -1.000000
vn 0.000000 0.000000 -1.000000
vn 0.000000 0.000000 -1.000000
vn 0.000000 0.000000 -1.000000
vn 0.000000 0.000000 -1.000000
vn 0.000000 0.000000 -1.000000
vn 0.000000 0.000000 -1.000000
vn 0.000000 0.000000 -1.000000
vn 0.000000 0.000000 -1.000000
vn 0.000000 1.000000 0.000000
vn 0.000000 1.000000 0.000000
vn 0.000000 1.000000 0.000000
vn 0.000000 1.000000 0.000000
vn 1.000000 0.000000 0.000000
vn 1.000000 0.000000 0.000000
vn 1.000000 0.000000 0.000000
vn 1.000000 0.000000 0.000000
vn 1.000000 0.000000 0.000000
vn 1.000000 0.000000 0.000000
vn 1.000000 0.000000 0.000000
vn 1.000000 0.000000 0.000000
vn 1.000000 0.000000 0.000000
vn 1.000000 0.000000 0.000000
vn 1.000000 0.000000 0.000000
vn 1.000000 0.000000 0.000000
vn 1.000000 0.000000 0.000000
vn 1.000000 0.000000 0.000000
vn 1.000000 0.000000 0.000000
vn 1.000000 0.000000 0.000000
vn 1.000000 0.000000 0.000000
vn 1.000000 0.000000 0.000000
vn 1.000000 0.000000 0.000000
vn 1.000000 0.000000 0.000000
vn 0.000000 1.000000 0.000000
vn 0.000000 1.000000 0.000000
vn 0.000000 1.000000 0.000000
vn 0.000000 1.000000 0.000000
vn 0.000000 1.000000 0.000000
vn 0.000000 1.000000 0.000000
vn 0.000000 1.000000 0.000000
vn 0.000000 1.000000 0.000000
vn -0.073891 0.997266 0.000000
vn -0.073891 0.997266 0.000000
vn -0.073891 0.997266 0.000000
vn -0.073891 0.997266 0.000000
vn 1.000000 -0.000004 0.000000
vn 1.000000 -0.000000 0.000000
vn 1.000000 -0.000000 0.000000
vn 1.000000 -0.000004 0.000000
vn 1.000000 0.000002 0.000000
vn 1.000000 0.000002 0.000000
vn 0.707110 -0.707104 0.000000
vn 0.707110 -0.707104 0.000000
vn 0.707110 -0.707104 0.000000
vn 0.707110 -0.707104 0.000000
vn 0.000000 -1.000000 0.000000
vn 0.000000 -1.000000 0.000000
vn 0.000000 -1.000000 0.000000
vn 0.000000 -1.000000 0.000000
vn 0.000000 -1.000000 0.000000
vn 0.000000 -1.000000 0.000000
vn 0.000000 -1.000000 0.000000
vn 0.000000 -1.000000 0.000000
vn 0.000000 -1.000000 0.000000
vn 0.000000 -1.000000 0.000000
vn 0.000000 -1.000000 0.000000
vn 0.000000 -1.000000 0.000000
vn 0.000000 -1.000000 0.000000
vn 0.000000 -1.000000 0.000000
vn 0.000000 -1.000000 0.000000
vn 0.000000 -1.000000 0.000000
vn -0.707111 -0.707102 0.000000
vn -0.707111 -0.707102 0.000000
vn -0.707111 -0.707102 0.000000
vn -0.707111 -0.707102 0.000000
vn -1.000000 -0.000002 0.000000
vn -1.000000 -0.000000 0.000000
vn -1.000000 0.000000 0.000000
vn -1.000000 -0.000002 0.000000
vn -1.000000 0.000000 0.000000
vn -1.000000 0.000000 0.000000
vn -1.000000 -0.000003 0.000000
vn -1.000000 -0.000003 0.000000
vn -1.000000 0.000000 0.000000
vn -1.000000 0.000000 0.000000
vn -1.000000 0.000000 0.000000
vn -1.000000 0.000000 0.000000
vn -1.000000 0.000000 0.000000
vn -1.000000 0.000000 0.000000
vn -1.000000 -0.000002 0.000000
vn -1.000000 -0.000002 0.000000
vn -0.707101 0.707112 0.000000
vn -0.707102 0.707112 0.000000
vn -0.707102 0.707112 0.000000
vn -0.707102 0.707112 0.000000
vn 0.000000 1.000000 0.000000
vn 0.000000 1.000000 0.000000
g FCSET_Note_Holder_001_0p07_0p643_0p54 Post_Its group1 Note_Holder
usemtl lambert1SG
f 675/1318/1723 678/956/1724 869/957/1725 868/958/1726
f 676/1317/1727 675/955/1728 693/960/1729 692/1314/1730
f 678/956/1731 677/1334/1732 681/1333/1733 680/964/1734
f 679/965/1735 682/1332/1736 960/1325/1737 961/968/1738
f 680/964/1734 679/965/1735 700/969/1739 699/970/1740
f 683/971/1741 686/1316/1742 887/973/1743 886/974/1744
f 684/975/1745 683/971/1746 689/976/1747 688/977/1748
f 686/972/1749 685/1315/1750 697/1313/1751 696/980/1752
f 687/981/1753 690/982/1754 985/983/1755 986/984/1756
f 690/982/1754 689/976/1747 862/985/1757 861/986/1758
f 691/987/1759 694/988/1760 907/989/1761 908/1310/1762
f 694/988/1760 693/960/1729 722/991/1763 721/1320/1764
f 695/993/1765 698/1312/1766 913/995/1767 914/996/1768
f 696/980/1752 695/993/1765 824/997/1769 823/998/1770
f 699/970/1771 702/999/1772 867/1000/1773 869/957/1774
f 701/1001/1775 700/969/1776 962/1002/1777 963/1003/1778
f 702/999/1779 701/1001/1780 705/1004/1781 704/1005/1782
f 703/1006/1783 706/1007/1784 931/1008/1785 932/1009/1786
f 704/1005/1782 703/1006/1783 720/1010/1787 719/1011/1788
f 706/1007/1784 705/1004/1781 964/1012/1789 965/1013/1790
f 707/1014/1791 710/1015/1792 871/1016/1793 870/1017/1794
f 708/1018/1795 707/1014/1796 713/1019/1797 712/1020/1798
f 710/1015/1799 709/1021/1800 717/1022/1801 716/1023/1802
f 711/1024/1803 714/1025/1804 929/1026/1805 930/1027/1806
f 714/1025/1804 713/1019/1797 758/1028/1807 757/1029/1808
f 715/1030/1809 718/1326/1810 935/1032/1811 936/1033/1812
f 716/1023/1802 715/1331/1809 736/1330/1813 735/1035/1814
f 719/1011/1815 722/1321/1816 868/958/1817 867/1000/1818
f 721/992/1819 720/1010/1820 933/1036/1821 934/1319/1822
f 723/1038/1823 726/1039/1824 873/1040/1825 875/1041/1826
f 724/1042/1827 723/1038/1828 729/1043/1829 728/1044/1830
f 726/1039/1831 725/1045/1832 733/1046/1833 732/1047/1834
f 727/1048/1835 730/1049/1836 952/1050/1837 953/1051/1838
f 730/1049/1836 729/1043/1829 774/1052/1839 773/1053/1840
f 731/1054/1841 734/1055/1842 967/1056/1843 968/1057/1844
f 732/1047/1834 731/1054/1841 792/1058/1845 791/1059/1846
f 735/1035/1847 738/1060/1848 872/1061/1849 871/1016/1850
f 737/1062/1851 736/1330/1852 937/1063/1853 938/1064/1854
f 738/1060/1855 737/1062/1856 741/1065/1857 740/1066/1858
f 739/1067/1859 742/1068/1860 925/1069/1861 926/1070/1862
f 740/1066/1858 739/1067/1859 756/1071/1863 755/1072/1864
f 742/1068/1860 741/1065/1857 939/1073/1865 940/1074/1866
f 743/1075/1867 746/1329/1868 890/1328/1869 889/1078/1870
f 744/1079/1871 743/1075/1872 750/1080/1873 749/1081/1874
f 746/1076/1875 745/1324/1876 753/1083/1877 752/1084/1878
f 747/1085/1879 750/1080/1873 854/1086/1880 853/1087/1881
f 748/1088/1882 747/1085/1879 923/1089/1883 924/1090/1884
f 752/1084/1878 751/1091/1885 864/1092/1886 863/1093/1887
f 755/1072/1888 758/1028/1889 870/1017/1890 872/1061/1891
f 757/1029/1892 756/1071/1893 927/1094/1894 928/1095/1895
f 759/1096/1896 762/1097/1897 877/1098/1898 876/1099/1899
f 760/1100/1900 759/1096/1901 766/1101/1902 765/1102/1903
f 762/1097/1904 761/1103/1905 769/1104/1906 768/1105/1907
f 763/1106/1908 766/1101/1902 798/1107/1909 797/1108/1910
f 767/1109/1911 770/1110/1912 942/1111/1913 943/1112/1914
f 768/1105/1907 767/1109/1911 804/1113/1915 803/1114/1916
f 771/1115/1917 774/1052/1918 875/1041/1919 874/1116/1920
f 772/1117/1921 771/1115/1922 785/1118/1923 784/1344/1924
f 773/1053/1925 772/1117/1926 950/1120/1927 951/1121/1928
f 775/1122/1929 778/1123/1930 879/1124/1931 881/1125/1932
f 776/1126/1933 775/1122/1934 781/1127/1935 780/1128/1936
f 778/1123/1937 777/1129/1938 789/1130/1939 788/1131/1940
f 782/1132/1941 781/1127/1935 822/1133/1942 821/1134/1943
f 783/1135/1944 786/1351/1945 971/1137/1946 972/1138/1947
f 784/1119/1924 783/1135/1944 948/1139/1948 949/1140/1949
f 786/1136/1945 785/1118/1923 794/1141/1950 793/1142/1951
f 787/1143/1952 790/1144/1953 974/1145/1954 975/1340/1955
f 788/1131/1940 787/1341/1952 836/1147/1956 835/1148/1957
f 791/1059/1958 794/1141/1959 874/1116/1960 873/1040/1961
f 793/1142/1962 792/1058/1963 969/1149/1964 970/1150/1965
f 795/1151/1966 798/1107/1967 876/1099/1968 878/1152/1969
f 796/1153/1970 795/1151/1971 801/1154/1972 800/1343/1973
f 799/1156/1974 802/1348/1975 946/1158/1976 947/1159/1977
f 802/1157/1975 801/1154/1972 806/1160/1978 805/1161/1979
f 803/1114/1980 806/1160/1981 878/1152/1982 877/1098/1983
f 805/1161/1984 804/1113/1985 944/1162/1986 945/1163/1987
f 807/1164/1988 810/1165/1989 883/1166/1990 882/1167/1991
f 808/1168/1992 807/1164/1993 814/1169/1994 813/1337/1995
f 810/1165/1996 809/1171/1997 817/1172/1998 816/1173/1999
f 811/1174/2000 814/1169/1994 842/1175/2001 841/1176/2002
f 816/1173/1999 815/1177/2003 848/1178/2004 847/1179/2005
f 819/1180/2006 822/1133/2007 881/1125/2008 880/1181/2009
f 820/1182/2010 819/1180/2011 829/1183/2012 828/1184/2013
f 915/1185/2014 916/1186/2015 825/1187/2016 824/997/2017
f 823/998/2018 826/1188/2019 885/1189/2020 887/973/2021
f 826/1188/2022 825/1187/2023 833/1190/2024 832/1191/2025
f 827/1192/2026 830/1193/2027 978/1194/2028 979/1195/2029
f 917/1196/2030 918/1197/2031 834/1198/2032 833/1190/2024
f 830/1193/2027 829/1183/2012 838/1199/2033 837/1200/2034
f 831/1201/2035 834/1198/2032 981/1202/2036 982/1203/2037
f 832/1191/2025 831/1201/2035 860/1204/2038 859/1205/2039
f 835/1148/2040 838/1199/2041 880/1181/2042 879/1124/2043
f 837/1200/2044 836/1147/2045 976/1206/2046 977/1207/2047
f 839/1208/2048 842/1175/2049 882/1167/2050 884/1209/2051
f 840/1210/2052 839/1208/2053 845/1211/2054 844/1212/2055
f 919/1213/2056 920/1214/2057 857/1215/2058 856/1216/2059
f 846/1217/2060 845/1211/2054 850/1218/2061 849/1219/2062
f 847/1179/2063 850/1218/2064 884/1209/2065 883/1166/2066
f 921/1220/2067 922/1221/2068 853/1087/2069 852/1222/2070
f 851/1223/2071 854/1086/2072 889/1078/2073 888/1224/2074
f 852/1222/2075 851/1223/2076 858/1225/2077 857/1215/2058
f 855/1226/2078 858/1225/2077 866/1227/2079 865/1228/2080
f 859/1205/2081 862/985/2082 886/974/2083 885/1189/2084
f 861/986/2085 860/1204/2086 983/1229/2087 984/1230/2088
f 863/1093/2089 866/1227/2090 888/1224/2091 890/1077/2092
f 705/1004/1781 701/1001/1780 963/1003/2093 964/1012/1789
f 700/969/1739 679/965/1735 961/968/1738 962/1002/2094
f 694/988/1760 721/1320/1764 934/1037/2095 907/989/1761
f 720/1010/1787 703/1006/1783 932/1009/1786 933/1036/2096
f 741/1065/1857 737/1062/1856 938/1064/2097 939/1073/1865
f 736/1034/1813 715/1030/1809 936/1033/1812 937/1327/2098
f 714/1025/1804 757/1029/1808 928/1095/2099 929/1026/1805
f 756/1071/1863 739/1067/1859 926/1070/1862 927/1094/2100
f 730/1049/1836 773/1053/1840 951/1121/2101 952/1050/1837
f 772/1117/1921 784/1344/1924 949/1339/1949 950/1120/2102
f 786/1136/1945 793/1142/1951 970/1150/2103 971/1342/1946
f 792/1058/1845 731/1054/1841 968/1057/1844 969/1149/2104
f 802/1157/1975 805/1161/1979 945/1163/2105 946/1345/1976
f 804/1113/1915 767/1109/1911 943/1112/1914 944/1162/2106
f 914/996/1768 915/1185/2107 824/997/1769 695/993/1765
f 916/1186/2108 917/1196/2030 833/1190/2024 825/1187/2023
f 830/1193/2027 837/1200/2034 977/1207/2109 978/1194/2028
f 836/1147/1956 787/1341/1952 975/1146/1955 976/1206/2110
f 920/1214/2057 921/1220/2111 852/1222/2075 857/1215/2058
f 922/1221/2112 923/1089/1883 747/1085/1879 853/1087/1881
f 690/982/1754 861/986/1758 984/1230/2113 985/983/1755
f 860/1204/2038 831/1201/2035 982/1203/2037 983/1229/2114
f 706/1007/1784 965/1013/1790 966/1231/2115 931/1008/1785
f 783/1135/1944 972/1138/1947 973/1232/2116 948/1139/1948
f 918/1197/2031 980/1233/2117 981/1202/2036 834/1198/2032
f 954/1234/2118 992/1235/2119 993/1236/2120 894/1237/2121
f 742/1068/1860 940/1074/1866 941/1238/2122 925/1069/1861
f 722/991/1763 693/960/1729 675/955/1728 868/1322/2123
f 678/956/1731 680/964/1734 699/970/1740 869/957/2124
f 702/999/1779 704/1005/1782 719/1011/1788 867/1000/2125
f 710/1015/1799 716/1023/1802 735/1035/1814 871/1016/2126
f 738/1060/1855 740/1066/1858 755/1072/1864 872/1061/2127
f 758/1028/1807 713/1019/1797 707/1014/1796 870/1017/2128
f 794/1141/1950 785/1118/1923 771/1115/1922 874/1116/2129
f 774/1052/1839 729/1043/1829 723/1038/1828 875/1041/2130
f 726/1039/1831 732/1047/1834 791/1059/1846 873/1040/2131
f 762/1097/1904 768/1105/1907 803/1114/1916 877/1098/2132
f 806/1160/1978 801/1154/1972 795/1151/1971 878/1152/2133
f 798/1107/1909 766/1101/1902 759/1096/1901 876/1099/2134
f 838/1199/2033 829/1183/2012 819/1180/2011 880/1181/2135
f 822/1133/1942 781/1127/1935 775/1122/1934 881/1125/2136
f 778/1123/1937 788/1131/1940 835/1148/1957 879/1124/2137
f 810/1165/1996 816/1173/1999 847/1179/2005 883/1166/2138
f 850/1218/2061 845/1211/2054 839/1208/2053 884/1209/2139
f 842/1175/2001 814/1169/1994 807/1164/1993 882/1167/2140
f 862/985/1757 689/976/1747 683/971/1746 886/974/2141
f 686/972/1749 696/980/1752 823/998/1770 887/973/2142
f 826/1188/2022 832/1191/2025 859/1205/2039 885/1189/2143
f 854/1086/1880 750/1080/1873 743/1075/1872 889/1078/2144
f 746/1076/1875 752/1084/1878 863/1093/1887 890/1077/2145
f 866/1227/2079 858/1225/2077 851/1223/2076 888/1224/2146
f 675/1318/1723 676/1335/2147 677/1334/2148 678/956/1724
f 679/965/1735 680/964/1734 681/1333/1733 682/1332/1736
f 683/971/1741 684/975/2149 685/978/2150 686/1316/1742
f 687/981/1753 688/977/1748 689/976/1747 690/982/1754
f 691/987/1759 692/1314/1730 693/960/1729 694/988/1760
f 695/993/1765 696/980/1752 697/1313/1751 698/1312/1766
f 699/970/1771 700/969/1776 701/1001/1775 702/999/1772
f 703/1006/1783 704/1005/1782 705/1004/1781 706/1007/1784
f 707/1014/1791 708/1018/2151 709/1021/2152 710/1015/1792
f 711/1024/1803 712/1020/1798 713/1019/1797 714/1025/1804
f 715/1331/1809 716/1023/1802 717/1022/1801 718/1031/1810
f 719/1011/1815 720/1010/1820 721/992/1819 722/1321/1816
f 723/1038/1823 724/1042/2153 725/1045/2154 726/1039/1824
f 727/1048/1835 728/1044/1830 729/1043/1829 730/1049/1836
f 731/1054/1841 732/1047/1834 733/1046/1833 734/1055/1842
f 735/1035/1847 736/1330/1852 737/1062/1851 738/1060/1848
f 739/1067/1859 740/1066/1858 741/1065/1857 742/1068/1860
f 743/1075/1867 744/1079/2155 745/1082/2156 746/1329/1868
f 747/1085/1879 748/1088/1882 749/1081/1874 750/1080/1873
f 751/1091/1885 752/1084/1878 753/1083/1877 754/1239/2157
f 755/1072/1888 756/1071/1893 757/1029/1892 758/1028/1889
f 759/1096/1896 760/1100/2158 761/1103/2159 762/1097/1897
f 763/1106/1908 764/1240/2160 765/1102/1903 766/1101/1902
f 767/1109/1911 768/1105/1907 769/1104/1906 770/1110/1912
f 771/1115/1917 772/1117/1926 773/1053/1925 774/1052/1918
f 775/1122/1929 776/1126/2161 777/1129/2162 778/1123/1930
f 779/1241/2163 780/1128/1936 781/1127/1935 782/1132/1941
f 783/1135/1944 784/1119/1924 785/1352/1923 786/1351/1945
f 787/1143/1952 788/1350/1940 789/1353/1939 790/1144/1953
f 791/1059/1958 792/1058/1963 793/1142/1962 794/1141/1959
f 795/1151/1966 796/1153/2164 797/1108/2165 798/1107/1967
f 799/1156/1974 800/1155/1973 801/1349/1972 802/1348/1975
f 803/1114/1980 804/1113/1985 805/1161/1984 806/1160/1981
f 807/1164/1988 808/1168/2166 809/1171/2167 810/1165/1989
f 811/1346/2000 812/1242/2168 813/1170/1995 814/1347/1994
f 815/1177/2003 816/1173/1999 817/1172/1998 818/1243/2169
f 819/1180/2006 820/1182/2170 821/1134/2171 822/1133/2007
f 823/998/2018 824/997/2017 825/1187/2016 826/1188/2019
f 827/1192/2026 828/1184/2013 829/1183/2012 830/1193/2027
f 831/1201/2035 832/1191/2025 833/1190/2024 834/1198/2032
f 835/1148/2040 836/1147/2045 837/1200/2044 838/1199/2041
f 839/1208/2048 840/1210/2172 841/1176/2173 842/1175/2049
f 843/1244/2174 844/1212/2055 845/1211/2054 846/1217/2060
f 847/1179/2063 848/1178/2175 849/1219/2176 850/1218/2064
f 851/1223/2071 852/1222/2070 853/1087/2069 854/1086/2072
f 855/1226/2078 856/1216/2059 857/1215/2058 858/1225/2077
f 859/1205/2081 860/1204/2086 861/986/2085 862/985/2082
f 863/1093/2089 864/1092/2177 865/1228/2178 866/1227/2090
f 867/1000/2179 868/958/2180 869/957/2181
f 870/1017/2182 871/1016/2183 872/1061/2184
f 873/1040/2185 874/1116/2186 875/1041/2187
f 876/1099/2188 877/1098/2189 878/1152/2190
f 879/1124/2191 880/1181/2192 881/1125/2193
f 882/1167/2194 883/1166/2195 884/1209/2196
f 885/1189/2197 886/974/2198 887/973/2199
f 888/1224/2200 889/1078/2201 890/1328/2202
f 687/981/2203 986/984/2204 987/1245/2205 906/1246/2206
f 959/1247/2207 935/1032/2208 718/1326/2209 904/1363/2210
f 997/1249/2211 960/967/2212 682/966/2213 903/1250/2214
f 727/1307/2215 953/1306/2216 954/1234/2217 894/1237/2218
f 691/1311/2219 908/990/2220 909/1251/2221 895/1252/2222
f 685/978/2223 684/975/2224 906/1246/2225
f 687/981/2226 906/1246/2225 688/977/2227
f 684/975/2224 688/977/2227 906/1246/2225
f 994/1253/2228 995/1254/2229 895/1252/2230 909/1251/2231
f 956/1255/2232 957/1256/2233 896/1365/2234 910/1361/2235
f 898/1259/2236 989/1260/2237 990/1261/2238 912/1262/2239
f 995/1254/2240 996/1263/2241 899/1264/2242 895/1252/2243
f 957/1256/2244 958/1265/2245 900/1364/2246 896/1365/2247
f 902/1267/2248 988/1268/2249 989/1260/2250 898/1259/2251
f 692/961/2252 899/1264/2253 903/1250/2254 676/959/2255
f 691/1311/2256 895/1252/2257 899/1264/2258 692/961/2259
f 996/1263/2260 997/1249/2261 903/1250/2262 899/1264/2263
f 958/1265/2264 959/1247/2265 904/1363/2266 900/1364/2267
f 906/1246/2268 987/1245/2269 988/1268/2270 902/1267/2271
f 676/959/2272 903/1250/2273 677/962/2274
f 682/966/2275 681/963/2276 903/1250/2273
f 903/1250/2273 681/963/2276 677/962/2274
f 685/978/2277 906/1246/2278 902/1267/2279 697/979/2280
f 697/979/2281 902/1267/2282 898/1259/2283 698/994/2284
f 698/994/2285 898/1259/2286 912/1262/2287 913/1308/2288
f 908/1310/2289 907/989/2290 728/1044/1830 727/1048/1835
f 909/1251/2291 908/990/2292 727/1307/2293 894/1237/2294
f 993/1236/2295 994/1253/2296 909/1251/2297 894/1237/2298
f 955/1360/2299 956/1255/2300 910/1361/2301 893/1362/2302
f 912/1262/2303 990/1261/2304 991/1271/2305 892/1272/2306
f 913/1308/2307 912/1262/2308 892/1272/2309 779/1309/2310
f 914/996/2311 913/995/2312 779/1241/2163 782/1132/1941
f 782/1132/1941 821/1134/1943 915/1185/2313 914/996/2311
f 821/1134/2171 820/1182/2170 916/1186/2314 915/1185/2315
f 820/1182/2010 828/1184/2013 917/1196/2316 916/1186/2317
f 828/1184/2013 827/1192/2026 918/1197/2318 917/1196/2316
f 827/1192/2026 979/1195/2029 980/1233/2319 918/1197/2318
f 843/1244/2174 846/1217/2060 920/1214/2320 919/1213/2321
f 846/1217/2060 849/1219/2062 921/1220/2322 920/1214/2320
f 849/1219/2176 848/1178/2175 922/1221/2323 921/1220/2324
f 848/1178/2004 815/1177/2003 923/1089/2325 922/1221/2326
f 924/1090/2327 923/1089/2325 815/1177/2003 818/1243/2169
f 925/1069/2328 941/1238/2329 942/1111/1913 770/1110/1912
f 926/1070/2330 925/1069/2328 770/1110/1912 769/1104/1906
f 927/1094/2331 926/1070/2330 769/1104/1906 761/1103/1905
f 928/1095/2332 927/1094/2333 761/1103/2159 760/1100/2158
f 929/1026/2334 928/1095/2335 760/1100/1900 765/1102/1903
f 930/1027/2336 929/1026/2334 765/1102/1903 764/1240/2160
f 931/1008/2337 966/1231/2338 967/1056/1843 734/1055/1842
f 932/1009/2339 931/1008/2337 734/1055/1842 733/1046/1833
f 933/1036/2340 932/1009/2339 733/1046/1833 725/1045/1832
f 934/1319/2341 933/1036/2342 725/1045/2154 724/1042/2153
f 907/989/2290 934/1037/2343 724/1042/1827 728/1044/1830
f 998/1273/2344 999/1274/2345 754/1239/2157 753/1083/1877
f 1024/1275/2346 998/1273/2344 753/1083/1877 745/1324/1876
f 1023/1276/2347 1024/1323/2348 745/1082/2156 744/1079/2155
f 1022/1277/2349 1023/1276/2350 744/1079/1871 749/1081/1874
f 1021/1278/2351 1022/1277/2349 749/1081/1874 748/1088/1882
f 1020/1279/2352 1021/1278/2351 748/1088/1882 924/1090/1884
f 1019/1280/2353 1020/1279/2354 924/1090/2327 818/1243/2169
f 1018/1281/2355 1019/1280/2353 818/1243/2169 817/1172/1998
f 1017/1282/2356 1018/1281/2355 817/1172/1998 809/1171/1997
f 1016/1283/2357 1017/1282/2358 809/1171/2167 808/1168/2166
f 1015/1284/2359 1016/1283/2360 808/1168/1992 813/1337/1995
f 1014/1285/2361 1015/1336/2359 813/1170/1995 812/1242/2168
f 1012/1286/2362 1013/1287/2363 974/1145/1954 790/1144/1953
f 1011/1288/2364 1012/1286/2362 790/1144/1953 789/1353/1939
f 1010/1354/2365 1011/1355/2364 789/1130/1939 777/1129/1938
f 1009/1356/2366 1010/1354/2367 777/1129/2162 776/1126/2161
f 1008/1357/2368 1009/1356/2369 776/1126/1933 780/1128/1936
f 1007/1358/2370 1008/1357/2368 780/1128/1936 779/1241/2163
f 1006/1293/2371 1007/1305/2372 779/1309/2373 892/1272/2374
f 892/1272/2375 991/1271/2376 1005/1294/2377 1006/1293/2378
f 911/1295/2379 1003/1296/2380 1004/1359/2381 891/1298/2382
f 897/1299/2383 1002/1300/2384 1003/1296/2385 911/1295/2386
f 901/1301/2387 1001/1302/2388 1002/1300/2389 897/1299/2390
f 905/1303/2391 1000/1304/2392 1001/1302/2393 901/1301/2394
f 754/1239/2395 999/1274/2396 1000/1304/2397 905/1303/2398
f 961/968/2399 960/1325/2400 718/1031/1810 717/1022/1801
f 962/1002/2401 961/968/2399 717/1022/1801 709/1021/1800
f 963/1003/2402 962/1002/2403 709/1021/2152 708/1018/2151
f 964/1012/2404 963/1003/2405 708/1018/1795 712/1020/1798
f 965/1013/2406 964/1012/2404 712/1020/1798 711/1024/1803
f 966/1231/2407 965/1013/2406 711/1024/1803 930/1027/1806
f 967/1056/2408 966/1231/2409 930/1027/2336 764/1240/2160
f 968/1057/2410 967/1056/2408 764/1240/2160 763/1106/1908
f 969/1149/2411 968/1057/2410 763/1106/1908 797/1108/1910
f 970/1150/2412 969/1149/2413 797/1108/2165 796/1153/2164
f 971/1342/2414 970/1150/2415 796/1153/1970 800/1343/1973
f 972/1138/2416 971/1137/2414 800/1155/1973 799/1156/1974
f 973/1232/2417 972/1138/2416 799/1156/1974 947/1159/1977
f 974/1145/2418 1013/1287/2419 1014/1285/2361 812/1242/2168
f 975/1340/2420 974/1145/2418 812/1242/2168 811/1346/2000
f 976/1206/2421 975/1146/2420 811/1174/2000 841/1176/2002
f 977/1207/2422 976/1206/2423 841/1176/2173 840/1210/2172
f 978/1194/2424 977/1207/2425 840/1210/2052 844/1212/2055
f 979/1195/2426 978/1194/2424 844/1212/2055 843/1244/2174
f 980/1233/2427 979/1195/2426 843/1244/2174 919/1213/2321
f 981/1202/2428 980/1233/2429 919/1213/2056 856/1216/2059
f 982/1203/2430 981/1202/2428 856/1216/2059 855/1226/2078
f 983/1229/2431 982/1203/2430 855/1226/2078 865/1228/2080
f 984/1230/2432 983/1229/2433 865/1228/2178 864/1092/2177
f 985/983/2434 984/1230/2435 864/1092/1886 751/1091/1885
f 986/984/2436 985/983/2434 751/1091/1885 754/1239/2157
f 987/1245/2437 986/984/2438 754/1239/2439 905/1303/2440
f 988/1268/2441 987/1245/2442 905/1303/2443 901/1301/2444
f 989/1260/2445 988/1268/2446 901/1301/2447 897/1299/2448
f 990/1261/2449 989/1260/2450 897/1299/2451 911/1295/2452
f 991/1271/2453 990/1261/2454 911/1295/2455 891/1298/2456
f 1004/1297/2457 1005/1294/2458 991/1271/2459 891/1298/2460
f 993/1236/2461 992/1235/2462 955/1269/2463 893/1270/2464
f 910/1258/2465 994/1253/2466 993/1236/2467 893/1270/2468
f 896/1257/2469 995/1254/2470 994/1253/2471 910/1258/2472
f 900/1266/2473 996/1263/2474 995/1254/2475 896/1257/2476
f 904/1248/2477 997/1249/2478 996/1263/2479 900/1266/2480
f 718/1366/2481 960/967/2482 997/1249/2483 904/1248/2484
f 936/1033/2485 935/1032/2486 999/1274/2487 998/1273/2488
f 1000/1304/2489 999/1274/2490 935/1032/2491 959/1247/2492
f 1001/1302/2493 1000/1304/2494 959/1247/2495 958/1265/2496
f 1002/1300/2497 1001/1302/2498 958/1265/2499 957/1256/2500
f 1003/1296/2501 1002/1300/2502 957/1256/2503 956/1255/2504
f 1004/1359/2505 1003/1296/2506 956/1255/2507 955/1360/2508
f 992/1235/2509 1005/1294/2510 1004/1297/2511 955/1269/2512
f 1006/1293/2513 1005/1294/2514 992/1235/2515 954/1234/2516
f 954/1234/2517 953/1306/2518 1007/1305/2519 1006/1293/2520
f 953/1051/2521 952/1050/2522 1008/1291/2523 1007/1292/2524
f 952/1050/2522 951/1121/2525 1009/1290/2526 1008/1291/2523
f 951/1121/2527 950/1120/2528 1010/1289/2529 1009/1290/2530
f 950/1120/2531 949/1339/2532 1011/1338/2533 1010/1289/2534
f 949/1140/2532 948/1139/2535 1012/1286/2536 1011/1288/2533
f 948/1139/2535 973/1232/2537 1013/1287/2538 1012/1286/2536
f 1014/1285/2539 1013/1287/2540 973/1232/2541 947/1159/2542
f 947/1159/2542 946/1158/2543 1015/1336/2544 1014/1285/2539
f 946/1345/2543 945/1163/2545 1016/1283/2546 1015/1284/2544
f 945/1163/2547 944/1162/2548 1017/1282/2549 1016/1283/2550
f 944/1162/2551 943/1112/2552 1018/1281/2553 1017/1282/2554
f 943/1112/2552 942/1111/2555 1019/1280/2556 1018/1281/2553
f 942/1111/2555 941/1238/2557 1020/1279/2558 1019/1280/2556
f 941/1238/2559 940/1074/2560 1021/1278/2561 1020/1279/2562
f 940/1074/2560 939/1073/2563 1022/1277/2564 1021/1278/2561
f 939/1073/2563 938/1064/2565 1023/1276/2566 1022/1277/2564
f 938/1064/2567 937/1063/2568 1024/1323/2569 1023/1276/2570
f 937/1327/2571 936/1033/2485 998/1273/2488 1024/1275/2572
