# This file uses centimeters as units for non-parametric coordinates.

mtllib Solo_Paper.mtl
g default
v -1.602757 0.136192 1.139513
v -5.110811 0.152205 1.139513
v -1.602757 0.128744 1.139513
v -5.111396 0.144808 1.140164
v -1.602757 0.133254 -1.495097
v -5.111437 0.119050 -1.495833
v -1.602757 0.140700 -1.495311
v -5.110811 0.126454 -1.495311
v -3.356784 0.130148 1.139513
v -3.356784 0.133873 1.139513
v -5.111104 0.148507 1.139838
v -3.356784 0.126424 1.139513
v -1.602757 0.132468 1.139513
v -3.356784 0.110986 -0.177899
v -5.110811 0.110986 -0.177899
v -3.356784 0.110479 -1.495311
v -1.602757 0.110986 -0.177899
v -3.356784 0.114203 -1.495311
v -5.111124 0.122752 -1.495572
v -3.356784 0.117928 -1.495311
v -1.602757 0.136977 -1.495204
v -3.356784 0.120038 -0.177899
v -5.110811 0.118435 -0.177899
v -1.602757 0.118435 -0.177899
v -5.110811 0.114710 -0.177899
v -1.602757 0.114710 -0.177899
v -2.479770 0.117329 1.139513
v -1.602757 0.134330 1.139513
v -2.479770 0.119192 1.139513
v -3.356784 0.132010 1.139513
v -2.479770 0.115467 1.139513
v -2.479770 0.110986 0.480807
v -1.602757 0.111674 0.480807
v -2.479770 0.111743 1.139513
v -3.356784 0.111258 0.480807
v -2.479770 0.110986 -0.177899
v -2.479770 0.126716 -1.495311
v -1.602757 0.135116 -1.495151
v -2.479770 0.124854 -1.495311
v -3.356784 0.112341 -1.495311
v -2.479770 0.128578 -1.495311
v -2.479770 0.118886 -0.836605
v -1.602757 0.120002 -0.836581
v -2.479770 0.132302 -1.495311
v -3.356784 0.124572 -0.836605
v -2.479770 0.118435 -0.177899
v -5.110823 0.115626 0.480817
v -5.110957 0.150356 1.139676
v -5.110818 0.117488 0.480811
v -5.110811 0.116573 -0.177899
v -5.110829 0.113764 0.480823
v -1.602757 0.118140 -0.836579
v -1.602757 0.138838 -1.495257
v -1.602757 0.116573 -0.177899
v -1.602757 0.116278 -0.836577
v -4.233797 0.116573 1.139513
v -4.233797 0.118435 1.139513
v -4.233797 0.114710 1.139513
v -4.233797 0.112848 1.139513
v -5.111250 0.146657 1.140001
v -4.233797 0.110986 1.139513
v -3.356784 0.128286 1.139513
v -2.479770 0.113605 1.139513
v -1.602757 0.130606 1.139513
v -4.233797 0.110986 0.480807
v -5.110840 0.110040 0.480836
v -4.233797 0.110986 -0.177899
v -4.233797 0.110833 -0.836605
v -5.109814 0.109462 -0.836629
v -4.233797 0.100641 -1.495311
v -3.356784 0.110986 -0.836605
v -2.479770 0.111216 -0.836605
v -1.602757 0.112553 -0.836573
v -4.233797 0.102503 -1.495311
v -5.111280 0.120901 -1.495702
v -4.233797 0.104365 -1.495311
v -4.233797 0.106227 -1.495311
v -5.110968 0.124603 -1.495441
v -4.233797 0.108089 -1.495311
v -3.356784 0.116066 -1.495311
v -2.479770 0.130440 -1.495311
v -4.233797 0.118238 -0.836605
v -5.109789 0.116910 -0.836608
v -4.233797 0.118435 -0.177899
v -4.233797 0.118435 0.480807
v -3.356784 0.118682 0.480807
v -2.479770 0.118435 0.480807
v -1.602757 0.119122 0.480807
v -5.109796 0.115048 -0.836613
v -5.109801 0.113186 -0.836618
v -5.109807 0.111324 -0.836624
v -5.110811 0.112848 -0.177899
v -5.110835 0.111902 0.480830
v -1.602757 0.117260 0.480807
v -1.602757 0.115398 0.480807
v -1.602757 0.113536 0.480807
v -1.602757 0.112848 -0.177899
v -1.602757 0.114416 -0.836575
v -2.041263 0.122263 1.139513
v -2.041263 0.121332 1.139513
v -1.602757 0.133399 1.139513
v -2.041263 0.123195 1.139513
v -2.479770 0.116398 1.139513
v -2.041263 0.110986 0.151454
v -2.041263 0.110986 -0.177899
v -1.602757 0.110986 0.151454
v -2.041263 0.110986 0.480807
v -2.479770 0.110986 0.151454
v -2.041263 0.135693 -1.495257
v -2.041263 0.136624 -1.495267
v -1.602757 0.136046 -1.495177
v -2.041263 0.134762 -1.495247
v -2.479770 0.127647 -1.495311
v -2.041263 0.118435 -0.507252
v -2.041263 0.118435 -0.177899
v -1.602757 0.118435 -0.507252
v -2.041263 0.118672 -0.836605
v -2.479770 0.118649 -0.507252
v -5.111756 0.118632 0.810758
v -5.111801 0.117704 0.810806
v -5.111031 0.149431 1.139757
v -5.111713 0.119561 0.810709
v -5.110826 0.114695 0.480820
v -1.602757 0.134208 -1.165798
v -1.602757 0.133277 -1.165782
v -1.602757 0.137908 -1.495231
v -1.602757 0.135139 -1.165814
v -1.602757 0.117209 -0.836578
v -3.795290 0.118261 1.139513
v -3.356784 0.132941 1.139513
v -3.795290 0.119192 1.139513
v -4.233797 0.117504 1.139513
v -3.795290 0.117329 1.139513
v -4.672632 0.113465 1.139665
v -4.672604 0.114395 1.139634
v -5.111177 0.147582 1.139920
v -4.672659 0.112535 1.139695
v -4.233797 0.113779 1.139513
v -2.918277 0.127355 1.139513
v -3.356784 0.127355 1.139513
v -2.918277 0.126424 1.139513
v -2.479770 0.112674 1.139513
v -2.918277 0.128286 1.139513
v -3.795290 0.110986 0.810160
v -3.356784 0.119744 0.810160
v -3.795290 0.111743 1.139513
v -4.233797 0.110986 0.810160
v -3.795290 0.110986 0.480807
v -4.672304 0.110986 -0.507252
v -4.672304 0.110986 -0.177899
v -5.110811 0.110986 -0.507252
v -4.672304 0.110986 -0.836605
v -4.233797 0.110986 -0.507252
v -2.918277 0.111006 -1.165958
v -3.356784 0.110986 -1.165958
v -2.918277 0.111666 -1.495311
v -2.479770 0.118798 -1.165958
v -2.918277 0.110986 -0.836605
v -3.795290 0.101572 -1.495311
v -3.356784 0.111410 -1.495311
v -3.795290 0.100641 -1.495311
v -4.233797 0.101572 -1.495311
v -3.795290 0.102503 -1.495311
v -4.672649 0.104683 -1.502142
v -4.672678 0.103753 -1.502167
v -5.111045 0.123677 -1.495507
v -4.672620 0.105613 -1.502117
v -4.233797 0.105296 -1.495311
v -2.918277 0.118183 -1.495311
v -3.356784 0.116997 -1.495311
v -2.918277 0.119115 -1.495311
v -2.479770 0.131371 -1.495311
v -2.918277 0.117252 -1.495311
v -3.795290 0.112512 -1.165958
v -3.356784 0.120020 -1.165958
v -3.795290 0.108089 -1.495311
v -4.233797 0.112512 -1.165958
v -3.795290 0.118452 -0.836605
v -4.672304 0.118435 0.151454
v -4.672304 0.118435 -0.177899
v -5.110811 0.118435 0.151454
v -4.672304 0.118435 0.480807
v -4.233797 0.118435 0.151454
v -2.918277 0.127100 0.810160
v -3.356784 0.127100 0.810160
v -2.918277 0.133873 1.139513
v -2.479770 0.118435 0.810160
v -2.918277 0.118682 0.480807
v -5.110811 0.117504 -0.507252
v -5.110811 0.117504 -0.177899
v -5.110811 0.118435 -0.507252
v -5.109792 0.115979 -0.836611
v -5.110811 0.116573 -0.507252
v -5.103476 0.104224 -1.166556
v -5.103429 0.105153 -1.166516
v -5.111202 0.121826 -1.495637
v -5.103523 0.103295 -1.166595
v -5.109804 0.112255 -0.836621
v -5.110811 0.111917 0.151454
v -5.110811 0.111917 -0.177899
v -5.110811 0.110986 0.151454
v -5.110837 0.110971 0.480833
v -5.110811 0.112848 0.151454
v -1.602757 0.117504 0.151454
v -1.602757 0.117504 -0.177899
v -1.602757 0.118435 0.151454
v -1.602757 0.118191 0.480807
v -1.602757 0.116573 0.151454
v -1.602757 0.124405 0.810160
v -1.602757 0.125336 0.810160
v -1.602757 0.131537 1.139513
v -1.602757 0.123474 0.810160
v -1.602757 0.114467 0.480807
v -1.602757 0.111917 -0.507252
v -1.602757 0.111917 -0.177899
v -1.602757 0.110986 -0.507252
v -1.602757 0.113485 -0.836574
v -1.602757 0.112848 -0.507252
v -2.041263 0.124126 1.139513
v -1.602757 0.135261 1.139513
v -2.041263 0.125057 1.139513
v -2.479770 0.118261 1.139513
v -2.918277 0.132941 1.139513
v -2.918277 0.132010 1.139513
v -2.918277 0.131079 1.139513
v -3.356784 0.131079 1.139513
v -2.918277 0.130148 1.139513
v -2.041263 0.114036 0.810160
v -1.602757 0.121612 0.810160
v -2.041263 0.117608 1.139513
v -2.479770 0.111011 0.810160
v -2.918277 0.119744 0.810160
v -2.918277 0.111258 0.480807
v -2.918277 0.110986 0.151454
v -3.356784 0.110986 0.151454
v -2.918277 0.110986 -0.177899
v -2.041263 0.133831 -1.495237
v -1.602757 0.134185 -1.495124
v -2.041263 0.132900 -1.495227
v -2.479770 0.125785 -1.495311
v -2.918277 0.112597 -1.495311
v -2.918277 0.113528 -1.495311
v -2.918277 0.114459 -1.495311
v -3.356784 0.113272 -1.495311
v -2.918277 0.115390 -1.495311
v -2.041263 0.131615 -1.165909
v -1.602757 0.137020 -1.165846
v -2.041263 0.140348 -1.495307
v -2.479770 0.126274 -1.165958
v -2.918277 0.120038 -1.165958
v -2.918277 0.124572 -0.836605
v -2.918277 0.124572 -0.507252
v -3.356784 0.124572 -0.507252
v -2.918277 0.120038 -0.177899
v -5.111669 0.120490 0.810660
v -5.110884 0.151280 1.139594
v -5.111625 0.121419 0.810611
v -5.110821 0.116557 0.480814
v -5.110811 0.117504 0.151454
v -5.110811 0.116573 0.151454
v -5.110811 0.115642 0.151454
v -5.110811 0.115642 -0.177899
v -5.110811 0.114710 0.151454
v -1.602757 0.136089 -1.165830
v -1.602757 0.139769 -1.495284
v -1.602757 0.119071 -0.836580
v -1.602757 0.117504 -0.507252
v -1.602757 0.116573 -0.507252
v -1.602757 0.115642 -0.507252
v -1.602757 0.115642 -0.177899
v -1.602757 0.114710 -0.507252
v -4.672522 0.117186 1.139543
v -4.672494 0.118116 1.139513
v -4.672549 0.116256 1.139574
v -4.672576 0.115326 1.139604
v -4.233797 0.115642 1.139513
v -3.795290 0.116398 1.139513
v -3.795290 0.115467 1.139513
v -4.672686 0.111605 1.139725
v -5.111323 0.145733 1.140082
v -4.672714 0.110675 1.139756
v -4.233797 0.111917 1.139513
v -3.795290 0.112674 1.139513
v -3.795290 0.113605 1.139513
v -3.795290 0.114536 1.139513
v -3.356784 0.129217 1.139513
v -2.041263 0.118539 1.139513
v -1.602757 0.129675 1.139513
v -2.041263 0.119470 1.139513
v -2.041263 0.120401 1.139513
v -2.479770 0.114536 1.139513
v -2.918277 0.129217 1.139513
v -4.672500 0.106086 0.810302
v -5.111977 0.113989 0.811001
v -4.672304 0.110986 0.480807
v -4.672304 0.110986 0.151454
v -4.233797 0.110986 0.151454
v -3.795290 0.110986 0.151454
v -3.795290 0.110986 -0.177899
v -4.670297 0.102389 -1.169024
v -5.103616 0.101437 -1.166674
v -4.672794 0.100031 -1.502266
v -4.233797 0.105230 -1.165958
v -3.795290 0.105230 -1.165958
v -3.795290 0.110833 -0.836605
v -3.795290 0.110986 -0.507252
v -3.356784 0.110986 -0.507252
v -2.041263 0.123928 -1.165875
v -1.602757 0.129553 -1.165718
v -2.041263 0.111216 -0.836605
v -2.041263 0.110986 -0.507252
v -2.479770 0.110986 -0.507252
v -2.918277 0.110986 -0.507252
v -4.672765 0.100962 -1.502241
v -5.111359 0.119976 -1.495768
v -4.672736 0.101892 -1.502217
v -4.672707 0.102822 -1.502192
v -4.233797 0.103434 -1.495311
v -3.795290 0.103434 -1.495311
v -3.795290 0.104365 -1.495311
v -4.672592 0.106544 -1.502093
v -5.110889 0.125528 -1.495376
v -4.672562 0.107474 -1.502068
v -4.233797 0.107158 -1.495311
v -3.795290 0.107158 -1.495311
v -3.795290 0.106227 -1.495311
v -3.795290 0.105296 -1.495311
v -3.356784 0.115135 -1.495311
v -2.041263 0.139417 -1.495297
v -2.041263 0.138486 -1.495287
v -2.041263 0.137555 -1.495277
v -2.479770 0.129509 -1.495311
v -2.918277 0.116321 -1.495311
v -4.670107 0.109462 -1.169067
v -5.103243 0.108869 -1.166358
v -4.672304 0.118435 -0.836605
v -4.672304 0.118435 -0.507252
v -4.233797 0.118435 -0.507252
v -3.795290 0.118649 -0.507252
v -3.795290 0.118435 -0.177899
v -4.672412 0.113324 0.810197
v -4.233797 0.118435 0.810160
v -3.795290 0.118459 0.810160
v -3.795290 0.118435 0.480807
v -3.795290 0.118435 0.151454
v -3.356784 0.118435 0.151454
v -2.041263 0.121376 0.810160
v -1.602757 0.129060 0.810160
v -2.041263 0.118435 0.480807
v -2.041263 0.118435 0.151454
v -2.479770 0.118435 0.151454
v -2.918277 0.118435 0.151454
v -5.103290 0.107940 -1.166398
v -5.103337 0.107011 -1.166437
v -5.103383 0.106082 -1.166477
v -5.109798 0.114117 -0.836616
v -5.110811 0.115642 -0.507252
v -5.110811 0.114710 -0.507252
v -5.103569 0.102366 -1.166635
v -5.109810 0.110393 -0.836626
v -5.110811 0.111917 -0.507252
v -5.110811 0.112848 -0.507252
v -5.110811 0.113779 -0.507252
v -5.110811 0.113779 -0.177899
v -5.111932 0.114917 0.810952
v -5.111888 0.115846 0.810904
v -5.111845 0.116775 0.810855
v -5.110832 0.112833 0.480827
v -5.110811 0.113779 0.151454
v -1.602757 0.128129 0.810160
v -1.602757 0.127198 0.810160
v -1.602757 0.126267 0.810160
v -1.602757 0.116329 0.480807
v -1.602757 0.115642 0.151454
v -1.602757 0.114710 0.151454
v -1.602757 0.122543 0.810160
v -1.602757 0.112605 0.480807
v -1.602757 0.111917 0.151454
v -1.602757 0.112848 0.151454
v -1.602757 0.113779 0.151454
v -1.602757 0.113779 -0.177899
v -1.602757 0.130484 -1.165734
v -1.602757 0.131415 -1.165750
v -1.602757 0.132346 -1.165766
v -1.602757 0.115347 -0.836576
v -1.602757 0.113779 -0.507252
v -2.260517 0.115864 1.139513
v -2.479770 0.115933 1.139513
v -2.260517 0.115398 1.139513
v -2.041263 0.121798 1.139513
v -2.260517 0.116329 1.139513
v -2.260517 0.110986 -0.013222
v -2.479770 0.110986 -0.013222
v -2.260517 0.110986 -0.177899
v -2.041263 0.110986 -0.013222
v -2.260517 0.110986 0.151454
v -2.260517 0.132301 -1.495301
v -2.479770 0.128113 -1.495311
v -2.260517 0.132766 -1.495302
v -2.041263 0.136159 -1.495262
v -2.260517 0.131835 -1.495301
v -2.260517 0.118435 -0.342575
v -2.479770 0.118447 -0.342575
v -2.260517 0.118435 -0.177899
v -2.041263 0.118435 -0.342575
v -2.260517 0.118435 -0.507252
v -5.111119 0.112645 0.645692
v -5.110827 0.114229 0.480822
v -5.111129 0.112180 0.645703
v -5.111778 0.118168 0.810782
v -5.111109 0.113110 0.645682
v -1.602757 0.124664 -1.001145
v -1.602757 0.116743 -0.836578
v -1.602757 0.124199 -1.001141
v -1.602757 0.133742 -1.165790
v -1.602757 0.125130 -1.001148
v -3.576037 0.124187 1.139513
v -3.576037 0.123721 1.139513
v -3.356784 0.132476 1.139513
v -3.576037 0.124653 1.139513
v -3.795290 0.117795 1.139513
v -4.453067 0.113528 1.139527
v -4.233797 0.114245 1.139513
v -4.453066 0.113993 1.139525
v -4.672617 0.113930 1.139650
v -4.453069 0.113062 1.139529
v -3.137530 0.131552 1.139513
v -3.137530 0.132017 1.139513
v -3.356784 0.127821 1.139513
v -3.137530 0.131086 1.139513
v -2.918277 0.127821 1.139513
v -3.576037 0.111674 0.645483
v -3.576037 0.110986 0.480807
v -3.356784 0.114464 0.645483
v -3.576037 0.114245 0.810160
v -3.795290 0.110986 0.645483
v -4.453051 0.110986 -0.342575
v -4.233797 0.110986 -0.342575
v -4.453051 0.110986 -0.177899
v -4.672304 0.110986 -0.342575
v -4.453051 0.110986 -0.507252
v -3.137530 0.110986 -1.001281
v -3.137530 0.110986 -0.836605
v -3.356784 0.110986 -1.001281
v -3.137530 0.110986 -1.165958
v -2.918277 0.110986 -1.001281
v -3.576037 0.107592 -1.495311
v -3.576037 0.108057 -1.495311
v -3.356784 0.111876 -1.495311
v -3.576037 0.107126 -1.495311
v -3.795290 0.102037 -1.495311
v -4.453065 0.108591 -1.496346
v -4.233797 0.104830 -1.495311
v -4.453067 0.108125 -1.496347
v -4.672664 0.104218 -1.502154
v -4.453064 0.109056 -1.496344
v -3.137530 0.117038 -1.495311
v -3.137530 0.116573 -1.495311
v -3.356784 0.116531 -1.495311
v -3.137530 0.117504 -1.495311
v -2.918277 0.117718 -1.495311
v -3.576037 0.119450 -1.001281
v -3.576037 0.121157 -0.836605
v -3.356784 0.122433 -1.001281
v -3.576037 0.116545 -1.165958
v -3.795290 0.116072 -1.001281
v -4.453051 0.118435 -0.013222
v -4.233797 0.118435 -0.013222
v -4.453051 0.118435 -0.177899
v -4.672304 0.118435 -0.013222
v -4.453051 0.118435 0.151454
v -3.137530 0.123344 0.645483
v -3.137530 0.119100 0.480807
v -3.356784 0.121834 0.645483
v -3.137530 0.129704 0.810160
v -2.918277 0.121834 0.645483
v -5.110811 0.117038 -0.342575
v -5.110811 0.116573 -0.342575
v -5.110811 0.117038 -0.177899
v -5.110811 0.117504 -0.342575
v -5.110811 0.117038 -0.507252
v -5.105734 0.106884 -1.001479
v -5.109803 0.112721 -0.836620
v -5.105724 0.107350 -1.001470
v -5.103453 0.104689 -1.166536
v -5.105745 0.106419 -1.001488
v -5.110811 0.112383 -0.013222
v -5.110811 0.112848 -0.013222
v -5.110811 0.112383 -0.177899
v -5.110811 0.111917 -0.013222
v -5.110811 0.112383 0.151454
v -1.602757 0.117038 -0.013222
v -1.602757 0.116573 -0.013222
v -1.602757 0.117038 -0.177899
v -1.602757 0.117504 -0.013222
v -1.602757 0.117038 0.151454
v -1.602757 0.118958 0.645483
v -1.602757 0.114933 0.480807
v -1.602757 0.119424 0.645483
v -1.602757 0.124871 0.810160
v -1.602757 0.118493 0.645483
v -1.602757 0.112383 -0.342575
v -1.602757 0.112848 -0.342575
v -1.602757 0.112383 -0.177899
v -1.602757 0.111917 -0.342575
v -1.602757 0.112383 -0.507252
v -1.822010 0.131337 1.139513
v -1.822010 0.130872 1.139513
v -1.602757 0.134795 1.139513
v -1.822010 0.131803 1.139513
v -2.041263 0.123660 1.139513
v -2.699023 0.125118 1.139513
v -2.479770 0.118726 1.139513
v -2.699023 0.125584 1.139513
v -2.918277 0.133407 1.139513
v -2.699023 0.124653 1.139513
v -3.137530 0.135276 1.139513
v -3.137530 0.135741 1.139513
v -3.356784 0.131545 1.139513
v -3.137530 0.134810 1.139513
v -2.918277 0.131545 1.139513
v -1.822010 0.114265 0.645483
v -1.822010 0.111257 0.480807
v -1.602757 0.115700 0.645483
v -1.822010 0.119164 0.810160
v -2.041263 0.111644 0.645483
v -2.699023 0.116972 0.974836
v -2.479770 0.111452 0.974836
v -2.699023 0.118135 1.139513
v -2.918277 0.124497 0.974836
v -2.699023 0.114245 0.810160
v -3.137530 0.110986 0.316131
v -3.137530 0.111693 0.480807
v -3.356784 0.110986 0.316131
v -3.137530 0.110986 0.151454
v -2.918277 0.110986 0.316131
v -1.822010 0.136190 -1.495207
v -1.822010 0.136656 -1.495217
v -1.602757 0.134650 -1.495137
v -1.822010 0.135725 -1.495196
v -2.041263 0.134297 -1.495242
v -2.699023 0.117874 -1.495311
v -2.479770 0.125319 -1.495311
v -2.699023 0.117408 -1.495311
v -2.918277 0.112132 -1.495311
v -2.699023 0.118340 -1.495311
v -3.137530 0.113314 -1.495311
v -3.137530 0.112848 -1.495311
v -3.356784 0.112807 -1.495311
v -3.137530 0.113779 -1.495311
v -2.918277 0.113994 -1.495311
v -1.822010 0.125651 -1.001194
v -1.822010 0.119054 -0.836595
v -1.602757 0.127923 -1.001170
v -1.822010 0.135647 -1.165862
v -2.041263 0.122866 -1.001262
v -2.699023 0.123023 -1.330634
v -2.479770 0.130553 -1.330634
v -2.699023 0.124857 -1.495311
v -2.918277 0.118693 -1.330634
v -2.699023 0.121670 -1.165958
v -3.137530 0.127109 -0.671928
v -3.137530 0.126127 -0.836605
v -3.356784 0.125421 -0.671928
v -3.137530 0.126127 -0.507252
v -2.918277 0.125421 -0.671928
v -5.111802 0.134258 0.975440
v -5.111834 0.133795 0.975476
v -5.110921 0.150818 1.139635
v -5.111769 0.134721 0.975404
v -5.111691 0.120025 0.810684
v -5.110811 0.117969 0.316131
v -5.110819 0.117022 0.480812
v -5.110811 0.118435 0.316131
v -5.110811 0.117969 0.151454
v -5.110811 0.117504 0.316131
v -5.110811 0.116107 -0.013222
v -5.110811 0.116573 -0.013222
v -5.110811 0.116107 -0.177899
v -5.110811 0.115642 -0.013222
v -5.110811 0.116107 0.151454
v -1.602757 0.140767 -1.330583
v -1.602757 0.140302 -1.330571
v -1.602757 0.139304 -1.495271
v -1.602757 0.141237 -1.330595
v -1.602757 0.135624 -1.165822
v -1.602757 0.117969 -0.671928
v -1.602757 0.119536 -0.836581
v -1.602757 0.118435 -0.671928
v -1.602757 0.117969 -0.507252
v -1.602757 0.117504 -0.671928
v -1.602757 0.116107 -0.342575
v -1.602757 0.116573 -0.342575
v -1.602757 0.116107 -0.177899
v -1.602757 0.115642 -0.342575
v -1.602757 0.116107 -0.507252
v -4.453055 0.117252 1.139514
v -4.233797 0.117969 1.139513
v -4.453054 0.117717 1.139513
v -4.672508 0.117651 1.139528
v -4.453057 0.116786 1.139516
v -4.892148 0.129379 1.139677
v -4.892119 0.129843 1.139644
v -5.110994 0.149893 1.139716
v -4.892178 0.128916 1.139709
v -4.672563 0.115791 1.139589
v -4.014544 0.115176 1.139513
v -4.233797 0.115176 1.139513
v -4.014544 0.114710 1.139513
v -3.795290 0.115933 1.139513
v -4.014544 0.115642 1.139513
v -4.892385 0.125672 1.139939
v -4.892355 0.126135 1.139906
v -5.111287 0.146195 1.140042
v -4.892414 0.125208 1.139972
v -4.672672 0.112070 1.139710
v -4.014544 0.111452 1.139513
v -4.233797 0.111452 1.139513
v -4.014544 0.110986 1.139513
v -3.795290 0.112209 1.139513
v -4.014544 0.111917 1.139513
v -3.576037 0.120463 1.139513
v -3.576037 0.119997 1.139513
v -3.356784 0.128752 1.139513
v -3.576037 0.120928 1.139513
v -3.795290 0.114071 1.139513
v -2.260517 0.112139 1.139513
v -2.479770 0.112209 1.139513
v -2.260517 0.111674 1.139513
v -2.041263 0.118074 1.139513
v -2.260517 0.112605 1.139513
v -1.822010 0.127613 1.139513
v -1.822010 0.127147 1.139513
v -1.602757 0.131071 1.139513
v -1.822010 0.128078 1.139513
v -2.041263 0.119936 1.139513
v -2.699023 0.121394 1.139513
v -2.479770 0.115002 1.139513
v -2.699023 0.121859 1.139513
v -2.918277 0.129683 1.139513
v -2.699023 0.120928 1.139513
v -4.453066 0.110223 0.974852
v -4.233797 0.110986 0.974836
v -4.453077 0.110269 1.139538
v -4.672724 0.106280 0.975098
v -4.453051 0.110986 0.810160
v -4.891558 0.110986 0.316131
v -4.891558 0.110986 0.480807
v -5.110811 0.110986 0.316131
v -4.891558 0.110986 0.151454
v -4.672304 0.110986 0.316131
v -4.014544 0.110986 -0.013222
v -4.233797 0.110986 -0.013222
v -4.014544 0.110986 -0.177899
v -3.795290 0.110986 -0.013222
v -4.014544 0.110986 0.151454
v -4.888151 0.102702 -1.003051
v -4.891186 0.110159 -0.836740
v -5.105806 0.103627 -1.001541
v -4.886219 0.095589 -1.170568
v -4.671647 0.108796 -1.001908
v -4.014544 0.099720 -1.330634
v -4.233797 0.102006 -1.330634
v -4.014544 0.098137 -1.495311
v -3.795290 0.102006 -1.330634
v -4.014544 0.103493 -1.165958
v -3.576037 0.110986 -0.671928
v -3.576037 0.110986 -0.836605
v -3.356784 0.110986 -0.671928
v -3.576037 0.110986 -0.507252
v -3.795290 0.110986 -0.671928
v -2.260517 0.126778 -1.330625
v -2.479770 0.123086 -1.330634
v -2.260517 0.129042 -1.495298
v -2.041263 0.131209 -1.330544
v -2.260517 0.121143 -1.165958
v -1.822010 0.110986 -0.671928
v -1.822010 0.110986 -0.836605
v -1.602757 0.110986 -0.671928
v -1.822010 0.110986 -0.507252
v -2.041263 0.110986 -0.671928
v -2.699023 0.110986 -0.342575
v -2.479770 0.110986 -0.342575
v -2.699023 0.110986 -0.177899
v -2.918277 0.110986 -0.342575
v -2.699023 0.110986 -0.507252
v -4.453077 0.104867 -1.496356
v -4.233797 0.101106 -1.495311
v -4.453079 0.104401 -1.496357
v -4.672780 0.100497 -1.502254
v -4.453076 0.105332 -1.496355
v -4.892505 0.105404 -1.503115
v -4.892536 0.104941 -1.503141
v -5.111241 0.121364 -1.495670
v -4.892473 0.105868 -1.503088
v -4.672722 0.102357 -1.502204
v -4.014544 0.101396 -1.495311
v -4.233797 0.103899 -1.495311
v -4.014544 0.101861 -1.495311
v -3.795290 0.103899 -1.495311
v -4.014544 0.100930 -1.495311
v -4.892253 0.109114 -1.502903
v -4.892285 0.108650 -1.502930
v -5.110928 0.125066 -1.495409
v -4.892222 0.109578 -1.502877
v -4.672606 0.106078 -1.502105
v -4.014544 0.105120 -1.495311
v -4.233797 0.107624 -1.495311
v -4.014544 0.105585 -1.495311
v -3.795290 0.107624 -1.495311
v -4.014544 0.104654 -1.495311
v -3.576037 0.111316 -1.495311
v -3.576037 0.111781 -1.495311
v -3.356784 0.115600 -1.495311
v -3.576037 0.110850 -1.495311
v -3.795290 0.105761 -1.495311
v -2.260517 0.136025 -1.495306
v -2.479770 0.131837 -1.495311
v -2.260517 0.136490 -1.495306
v -2.041263 0.139883 -1.495302
v -2.260517 0.135559 -1.495305
v -1.822010 0.139913 -1.495293
v -1.822010 0.140379 -1.495303
v -1.602757 0.138373 -1.495244
v -1.822010 0.139448 -1.495282
v -2.041263 0.138021 -1.495282
v -2.699023 0.121598 -1.495311
v -2.479770 0.129044 -1.495311
v -2.699023 0.121133 -1.495311
v -2.918277 0.115856 -1.495311
v -2.699023 0.122064 -1.495311
v -4.452889 0.112955 -1.331289
v -4.233797 0.109344 -1.330634
v -4.453055 0.111850 -1.496336
v -4.670457 0.105538 -1.336352
v -4.453032 0.116122 -1.165996
v -4.891558 0.118435 -0.671928
v -4.891153 0.117554 -0.836740
v -5.110811 0.118435 -0.671928
v -4.891558 0.118435 -0.507252
v -4.672304 0.118435 -0.671928
v -4.014544 0.118435 -0.342575
v -4.233797 0.118435 -0.342575
v -4.014544 0.118435 -0.177899
v -3.795290 0.118447 -0.342575
v -4.014544 0.118435 -0.507252
v -4.891697 0.113474 0.645548
v -4.891559 0.117798 0.480808
v -5.111051 0.115895 0.645617
v -4.892186 0.112745 0.810428
v -4.672311 0.116793 0.645486
v -4.014544 0.118435 0.974836
v -4.233797 0.118435 0.974836
v -4.014544 0.118435 1.139513
v -3.795290 0.118901 0.974836
v -4.014544 0.118435 0.810160
v -3.576037 0.118435 0.316131
v -3.576037 0.118435 0.480807
v -3.356784 0.118435 0.316131
v -3.576037 0.118435 0.151454
v -3.795290 0.118435 0.316131
v -2.260517 0.118853 0.974836
v -2.479770 0.118574 0.974836
v -2.260517 0.119122 1.139513
v -2.041263 0.123922 0.974836
v -2.260517 0.118435 0.810160
v -1.822010 0.118435 0.316131
v -1.822010 0.118435 0.480807
v -1.602757 0.118435 0.316131
v -1.822010 0.118435 0.151454
v -2.041263 0.118435 0.316131
v -2.699023 0.118435 -0.013222
v -2.479770 0.118435 -0.013222
v -2.699023 0.118758 -0.177899
v -2.918277 0.118567 -0.013222
v -2.699023 0.118435 0.151454
v -5.105652 0.110607 -1.001408
v -5.109791 0.116445 -0.836609
v -5.105642 0.111072 -1.001399
v -5.103267 0.108405 -1.166378
v -5.105662 0.110142 -1.001417
v -5.105507 0.112525 -1.331219
v -5.105472 0.112989 -1.331190
v -5.111007 0.124140 -1.495474
v -5.105542 0.112062 -1.331248
v -5.103360 0.106547 -1.166457
v -5.110811 0.115176 -0.671928
v -5.109800 0.113652 -0.836617
v -5.110811 0.114710 -0.671928
v -5.110811 0.115176 -0.507252
v -5.110811 0.115642 -0.671928
v -5.105784 0.108819 -1.331451
v -5.105749 0.109282 -1.331422
v -5.111320 0.120438 -1.495735
v -5.105819 0.108355 -1.331480
v -5.103546 0.102831 -1.166615
v -5.110811 0.111452 -0.671928
v -5.109812 0.109927 -0.836628
v -5.110811 0.110986 -0.671928
v -5.110811 0.111452 -0.507252
v -5.110811 0.111917 -0.671928
v -5.110811 0.113314 -0.342575
v -5.110811 0.112848 -0.342575
v -5.110811 0.113314 -0.177899
v -5.110811 0.113779 -0.342575
v -5.110811 0.113314 -0.507252
v -5.111197 0.108922 0.645779
v -5.110839 0.110505 0.480834
v -5.111206 0.108457 0.645790
v -5.111955 0.114453 0.810977
v -5.111187 0.109388 0.645768
v -5.112062 0.130554 0.975729
v -5.112094 0.130091 0.975765
v -5.111214 0.147120 1.139961
v -5.112029 0.131017 0.975693
v -5.111866 0.116310 0.810879
v -5.110811 0.114245 0.316131
v -5.110830 0.113298 0.480825
v -5.110811 0.114710 0.316131
v -5.110811 0.114245 0.151454
v -5.110811 0.113779 0.316131
v -1.602757 0.122683 0.645483
v -1.602757 0.118657 0.480807
v -1.602757 0.123148 0.645483
v -1.602757 0.128595 0.810160
v -1.602757 0.122217 0.645483
v -1.602757 0.131852 0.974836
v -1.602757 0.132318 0.974836
v -1.602757 0.133864 1.139513
v -1.602757 0.131387 0.974836
v -1.602757 0.126733 0.810160
v -1.602757 0.115176 0.316131
v -1.602757 0.115864 0.480807
v -1.602757 0.114710 0.316131
v -1.602757 0.115176 0.151454
v -1.602757 0.115642 0.316131
v -1.602757 0.128128 0.974836
v -1.602757 0.128594 0.974836
v -1.602757 0.130140 1.139513
v -1.602757 0.127663 0.974836
v -1.602757 0.123008 0.810160
v -1.602757 0.111452 0.316131
v -1.602757 0.112139 0.480807
v -1.602757 0.110986 0.316131
v -1.602757 0.111452 0.151454
v -1.602757 0.111917 0.316131
v -1.602757 0.113314 -0.013222
v -1.602757 0.112848 -0.013222
v -1.602757 0.113314 -0.177899
v -1.602757 0.113779 -0.013222
v -1.602757 0.113314 0.151454
v -1.602757 0.120940 -1.001117
v -1.602757 0.113019 -0.836574
v -1.602757 0.120475 -1.001113
v -1.602757 0.130019 -1.165726
v -1.602757 0.121406 -1.001120
v -1.602757 0.137006 -1.330487
v -1.602757 0.136541 -1.330475
v -1.602757 0.135581 -1.495164
v -1.602757 0.137472 -1.330499
v -1.602757 0.131880 -1.165758
v -1.602757 0.114245 -0.671928
v -1.602757 0.115812 -0.836577
v -1.602757 0.114710 -0.671928
v -1.602757 0.114245 -0.507252
v -1.602757 0.113779 -0.671928
v -1.822010 0.129475 1.139513
v -1.822010 0.129009 1.139513
v -1.602757 0.132933 1.139513
v -1.822010 0.129940 1.139513
v -1.822010 0.130406 1.139513
v -2.041263 0.122729 1.139513
v -2.260517 0.116795 1.139513
v -2.260517 0.117260 1.139513
v -2.479770 0.116864 1.139513
v -1.822010 0.110986 -0.013222
v -1.822010 0.110986 -0.177899
v -1.602757 0.110986 -0.013222
v -1.822010 0.110986 0.151454
v -1.822010 0.110986 0.316131
v -2.041263 0.110986 0.316131
v -2.260517 0.110986 0.316131
v -2.260517 0.110986 0.480807
v -2.479770 0.110986 0.316131
v -1.822010 0.138052 -1.495250
v -1.822010 0.138517 -1.495260
v -1.602757 0.136512 -1.495191
v -1.822010 0.137586 -1.495239
v -1.822010 0.137121 -1.495228
v -2.041263 0.135228 -1.495252
v -2.260517 0.131370 -1.495300
v -2.260517 0.130904 -1.495300
v -2.479770 0.127182 -1.495311
v -1.822010 0.118435 -0.342575
v -1.822010 0.118435 -0.177899
v -1.602757 0.118435 -0.342575
v -1.822010 0.118435 -0.507252
v -1.822010 0.118435 -0.671928
v -2.041263 0.118435 -0.671928
v -2.260517 0.118435 -0.671928
v -2.260517 0.119057 -0.836605
v -2.479770 0.118777 -0.671928
v -5.111932 0.132406 0.975585
v -5.111964 0.131943 0.975621
v -5.111067 0.148969 1.139798
v -5.111899 0.132869 0.975549
v -5.111866 0.133332 0.975512
v -5.111735 0.119097 0.810733
v -5.111099 0.113575 0.645671
v -5.111090 0.114041 0.645660
v -5.110825 0.115160 0.480819
v -1.602757 0.138886 -1.330535
v -1.602757 0.138421 -1.330523
v -1.602757 0.137442 -1.495217
v -1.602757 0.139352 -1.330547
v -1.602757 0.139837 -1.330559
v -1.602757 0.134673 -1.165806
v -1.602757 0.125595 -1.001152
v -1.602757 0.126061 -1.001156
v -1.602757 0.117674 -0.836579
v -3.576037 0.125118 1.139513
v -3.356784 0.133407 1.139513
v -3.576037 0.125584 1.139513
v -3.795290 0.118726 1.139513
v -4.014544 0.117969 1.139513
v -4.014544 0.117504 1.139513
v -4.014544 0.117038 1.139513
v -4.233797 0.117038 1.139513
v -4.014544 0.116573 1.139513
v -4.892267 0.127525 1.139808
v -4.892237 0.127989 1.139775
v -5.111140 0.148044 1.139879
v -4.892296 0.127062 1.139841
v -4.892325 0.126598 1.139874
v -4.672645 0.113000 1.139680
v -4.453070 0.112596 1.139530
v -4.453071 0.112131 1.139532
v -4.233797 0.113314 1.139513
v -3.137530 0.130621 1.139513
v -3.356784 0.126890 1.139513
v -3.137530 0.130155 1.139513
v -2.918277 0.126890 1.139513
v -2.699023 0.118601 1.139513
v -2.699023 0.119066 1.139513
v -2.699023 0.119532 1.139513
v -2.479770 0.113140 1.139513
v -2.699023 0.119997 1.139513
v -3.576037 0.116094 0.974836
v -3.356784 0.124497 0.974836
v -3.576037 0.118135 1.139513
v -3.795290 0.111126 0.974836
v -4.014544 0.110986 0.974836
v -4.014544 0.110986 0.810160
v -4.014544 0.110986 0.645483
v -4.233797 0.110986 0.645483
v -4.014544 0.110986 0.480807
v -4.891558 0.110986 -0.342575
v -4.891558 0.110986 -0.177899
v -5.110811 0.110986 -0.342575
v -4.891558 0.110986 -0.507252
v -4.891558 0.110986 -0.671928
v -4.672304 0.110986 -0.671928
v -4.453051 0.110986 -0.671928
v -4.453051 0.110986 -0.836605
v -4.233797 0.110986 -0.671928
v -3.137530 0.110986 -1.330634
v -3.356784 0.110893 -1.330634
v -3.137530 0.110986 -1.495311
v -2.918277 0.111392 -1.330634
v -2.699023 0.116341 -1.330634
v -2.699023 0.113884 -1.165958
v -2.699023 0.111595 -1.001281
v -2.479770 0.114063 -1.001281
v -2.699023 0.110986 -0.836605
v -3.576037 0.106660 -1.495311
v -3.356784 0.110945 -1.495311
v -3.576037 0.106195 -1.495311
v -3.795290 0.101106 -1.495311
v -4.014544 0.098603 -1.495311
v -4.014544 0.099068 -1.495311
v -4.014544 0.099534 -1.495311
v -4.233797 0.102037 -1.495311
v -4.014544 0.099999 -1.495311
v -4.892379 0.107259 -1.503009
v -4.892411 0.106795 -1.503036
v -5.111085 0.123215 -1.495539
v -4.892347 0.107723 -1.502983
v -4.892316 0.108187 -1.502956
v -4.672635 0.105148 -1.502130
v -4.453063 0.109522 -1.496343
v -4.453061 0.109987 -1.496342
v -4.233797 0.105761 -1.495311
v -3.137530 0.117969 -1.495311
v -3.356784 0.117462 -1.495311
v -3.137530 0.118435 -1.495311
v -2.918277 0.118649 -1.495311
v -2.699023 0.124391 -1.495311
v -2.699023 0.123926 -1.495311
v -2.699023 0.123460 -1.495311
v -2.479770 0.130906 -1.495311
v -2.699023 0.122995 -1.495311
v -3.576037 0.114402 -1.330634
v -3.356784 0.118250 -1.330634
v -3.576037 0.113643 -1.495311
v -3.795290 0.109344 -1.330634
v -4.014544 0.107040 -1.330634
v -4.014544 0.110746 -1.165958
v -4.014544 0.115024 -1.001281
v -4.233797 0.116059 -1.001281
v -4.014544 0.117928 -0.836605
v -4.891558 0.118435 -0.013222
v -4.891558 0.118435 -0.177899
v -5.110811 0.118435 -0.013222
v -4.891558 0.118435 0.151454
v -4.891558 0.118435 0.316131
v -4.672304 0.118435 0.316131
v -4.453051 0.118435 0.316131
v -4.453051 0.118435 0.480807
v -4.233797 0.118435 0.316131
v -3.137530 0.135302 0.974836
v -3.356784 0.131883 0.974836
v -3.137530 0.137604 1.139513
v -2.918277 0.131883 0.974836
v -2.699023 0.123543 0.974836
v -2.699023 0.121643 0.810160
v -2.699023 0.119092 0.645483
v -2.479770 0.118435 0.645483
v -2.699023 0.118435 0.480807
v -5.110811 0.117969 -0.342575
v -5.110811 0.117969 -0.177899
v -5.110811 0.118435 -0.342575
v -5.110811 0.117969 -0.507252
v -5.110811 0.117969 -0.671928
v -5.110811 0.117504 -0.671928
v -5.110811 0.117038 -0.671928
v -5.109794 0.115514 -0.836612
v -5.110811 0.116573 -0.671928
v -5.105645 0.110672 -1.331335
v -5.105611 0.111135 -1.331306
v -5.111163 0.122289 -1.495605
v -5.105680 0.110209 -1.331364
v -5.105714 0.109745 -1.331393
v -5.103499 0.103760 -1.166575
v -5.105755 0.105954 -1.001497
v -5.105765 0.105488 -1.001505
v -5.109806 0.111790 -0.836622
v -5.110811 0.111452 -0.013222
v -5.110811 0.111452 -0.177899
v -5.110811 0.110986 -0.013222
v -5.110811 0.111452 0.151454
v -5.110811 0.111452 0.316131
v -5.110811 0.111917 0.316131
v -5.110811 0.112383 0.316131
v -5.110836 0.111436 0.480831
v -5.110811 0.112848 0.316131
v -1.602757 0.117969 -0.013222
v -1.602757 0.117969 -0.177899
v -1.602757 0.118435 -0.013222
v -1.602757 0.117969 0.151454
v -1.602757 0.117969 0.316131
v -1.602757 0.117504 0.316131
v -1.602757 0.117038 0.316131
v -1.602757 0.117726 0.480807
v -1.602757 0.116573 0.316131
v -1.602757 0.129990 0.974836
v -1.602757 0.130456 0.974836
v -1.602757 0.132002 1.139513
v -1.602757 0.129525 0.974836
v -1.602757 0.129059 0.974836
v -1.602757 0.123940 0.810160
v -1.602757 0.118027 0.645483
v -1.602757 0.117562 0.645483
v -1.602757 0.114002 0.480807
v -1.602757 0.111452 -0.342575
v -1.602757 0.111452 -0.177899
v -1.602757 0.110986 -0.342575
v -1.602757 0.111452 -0.507252
v -1.602757 0.111452 -0.671928
v -1.602757 0.111917 -0.671928
v -1.602757 0.112383 -0.671928
v -1.602757 0.113950 -0.836575
v -1.602757 0.112848 -0.671928
v -1.822010 0.132268 1.139513
v -1.602757 0.135726 1.139513
v -1.822010 0.132734 1.139513
v -2.041263 0.124591 1.139513
v -2.260517 0.118657 1.139513
v -2.260517 0.118191 1.139513
v -2.260517 0.117726 1.139513
v -2.479770 0.117795 1.139513
v -3.137530 0.137138 1.139513
v -3.137530 0.136673 1.139513
v -3.137530 0.136207 1.139513
v -2.918277 0.132476 1.139513
v -2.699023 0.124187 1.139513
v -2.699023 0.123721 1.139513
v -3.137530 0.134345 1.139513
v -3.356784 0.130614 1.139513
v -3.137530 0.133879 1.139513
v -2.918277 0.130614 1.139513
v -2.699023 0.122325 1.139513
v -2.699023 0.122790 1.139513
v -2.699023 0.123256 1.139513
v -1.822010 0.123540 0.974836
v -1.602757 0.126732 0.974836
v -1.822010 0.125285 1.139513
v -2.041263 0.115718 0.974836
v -2.260517 0.111263 0.974836
v -2.260517 0.110986 0.810160
v -2.260517 0.110986 0.645483
v -2.479770 0.110986 0.645483
v -3.137530 0.127926 0.974836
v -3.137530 0.122366 0.810160
v -3.137530 0.115993 0.645483
v -2.918277 0.114464 0.645483
v -2.699023 0.111674 0.645483
v -2.699023 0.110986 0.480807
v -3.137530 0.110986 -0.013222
v -3.356784 0.110986 -0.013222
v -3.137530 0.110986 -0.177899
v -2.918277 0.110986 -0.013222
v -2.699023 0.110986 -0.013222
v -2.699023 0.110986 0.151454
v -2.699023 0.110986 0.316131
v -1.822010 0.135259 -1.495185
v -1.602757 0.133720 -1.495111
v -1.822010 0.134794 -1.495174
v -2.041263 0.133366 -1.495232
v -2.260517 0.129507 -1.495298
v -2.260517 0.129973 -1.495299
v -2.260517 0.130438 -1.495299
v -2.479770 0.126251 -1.495311
v -3.137530 0.111452 -1.495311
v -3.137530 0.111917 -1.495311
v -3.137530 0.112383 -1.495311
v -2.918277 0.113063 -1.495311
v -2.699023 0.118805 -1.495311
v -2.699023 0.119271 -1.495311
v -3.137530 0.114245 -1.495311
v -3.356784 0.113738 -1.495311
v -3.137530 0.114710 -1.495311
v -2.918277 0.114925 -1.495311
v -2.699023 0.120667 -1.495311
v -2.699023 0.120202 -1.495311
v -2.699023 0.119736 -1.495311
v -1.822010 0.142410 -1.330635
v -1.602757 0.142168 -1.330618
v -1.822010 0.142240 -1.495346
v -2.041263 0.138802 -1.330611
v -2.260517 0.134276 -1.330630
v -2.260517 0.128668 -1.165957
v -2.260517 0.122903 -1.001281
v -2.479770 0.121548 -1.001281
v -3.137530 0.118777 -1.330634
v -3.137530 0.120737 -1.165958
v -3.137530 0.123626 -1.001281
v -2.918277 0.122433 -1.001281
v -2.699023 0.120537 -1.001281
v -2.699023 0.121157 -0.836605
v -3.137530 0.123626 -0.342575
v -3.356784 0.122433 -0.342575
v -3.137530 0.120737 -0.177899
v -2.918277 0.122433 -0.342575
v -2.699023 0.119929 -0.342575
v -2.699023 0.121157 -0.507252
v -2.699023 0.121670 -0.671928
v -5.111736 0.135184 0.975368
v -5.110847 0.151743 1.139554
v -5.111704 0.135647 0.975332
v -5.111647 0.120954 0.810636
v -5.111061 0.115437 0.645628
v -5.111070 0.114971 0.645638
v -5.111080 0.114506 0.645649
v -5.110822 0.116091 0.480815
v -5.110811 0.117969 -0.013222
v -5.110811 0.117504 -0.013222
v -5.110811 0.117038 -0.013222
v -5.110811 0.117038 0.151454
v -5.110811 0.117038 0.316131
v -5.110811 0.116573 0.316131
v -5.110811 0.115176 -0.013222
v -5.110811 0.115176 -0.177899
v -5.110811 0.114710 -0.013222
v -5.110811 0.115176 0.151454
v -5.110811 0.115176 0.316131
v -5.110811 0.115642 0.316131
v -5.110811 0.116107 0.316131
v -1.602757 0.141703 -1.330606
v -1.602757 0.140234 -1.495297
v -1.602757 0.136555 -1.165838
v -1.602757 0.127457 -1.001166
v -1.602757 0.126992 -1.001163
v -1.602757 0.126526 -1.001159
v -1.602757 0.118605 -0.836580
v -1.602757 0.117969 -0.342575
v -1.602757 0.117504 -0.342575
v -1.602757 0.117038 -0.342575
v -1.602757 0.117038 -0.507252
v -1.602757 0.117038 -0.671928
v -1.602757 0.116573 -0.671928
v -1.602757 0.115176 -0.342575
v -1.602757 0.115176 -0.177899
v -1.602757 0.114710 -0.342575
v -1.602757 0.115176 -0.507252
v -1.602757 0.115176 -0.671928
v -1.602757 0.115642 -0.671928
v -1.602757 0.116107 -0.671928
v -4.892031 0.131233 1.139546
v -4.892001 0.131696 1.139513
v -4.892060 0.130769 1.139578
v -4.892089 0.130306 1.139611
v -4.672535 0.116721 1.139558
v -4.453058 0.116321 1.139518
v -4.453060 0.115855 1.139519
v -4.892207 0.128452 1.139742
v -4.672590 0.114860 1.139619
v -4.453064 0.114459 1.139524
v -4.453063 0.114924 1.139522
v -4.453061 0.115390 1.139521
v -4.233797 0.116107 1.139513
v -3.576037 0.122325 1.139513
v -3.576037 0.121859 1.139513
v -3.576037 0.122790 1.139513
v -3.576037 0.123256 1.139513
v -3.795290 0.116864 1.139513
v -4.014544 0.116107 1.139513
v -4.892444 0.124745 1.140005
v -5.111360 0.145271 1.140123
v -4.892473 0.124281 1.140037
v -4.672700 0.111140 1.139741
v -4.453076 0.110734 1.139537
v -4.453074 0.111200 1.139535
v -4.453073 0.111665 1.139534
v -4.233797 0.112383 1.139513
v -3.576037 0.118601 1.139513
v -3.576037 0.119066 1.139513
v -3.576037 0.119532 1.139513
v -3.795290 0.113140 1.139513
v -4.014544 0.112383 1.139513
v -4.014544 0.112848 1.139513
v -3.576037 0.121394 1.139513
v -3.356784 0.129683 1.139513
v -3.795290 0.115002 1.139513
v -4.014544 0.114245 1.139513
v -4.014544 0.113779 1.139513
v -4.014544 0.113314 1.139513
v -1.822010 0.125751 1.139513
v -1.602757 0.129209 1.139513
v -1.822010 0.126216 1.139513
v -1.822010 0.126682 1.139513
v -2.041263 0.119005 1.139513
v -2.260517 0.113071 1.139513
v -2.260517 0.113536 1.139513
v -1.822010 0.128544 1.139513
v -2.041263 0.120867 1.139513
v -2.260517 0.114933 1.139513
v -2.260517 0.114467 1.139513
v -2.260517 0.114002 1.139513
v -2.479770 0.114071 1.139513
v -3.137530 0.133414 1.139513
v -3.137530 0.132948 1.139513
v -3.137530 0.132483 1.139513
v -2.918277 0.128752 1.139513
v -2.699023 0.120463 1.139513
v -4.892856 0.112465 0.975600
v -5.112224 0.128239 0.975909
v -4.892184 0.106389 0.810577
v -4.891649 0.108434 0.645562
v -4.672308 0.110673 0.645488
v -4.453051 0.110986 0.645483
v -4.453051 0.110986 0.480807
v -4.891558 0.110986 -0.013222
v -4.672304 0.110986 -0.013222
v -4.453051 0.110986 -0.013222
v -4.453051 0.110986 0.151454
v -4.453051 0.110986 0.316131
v -4.233797 0.110986 0.316131
v -3.576037 0.110986 -0.013222
v -3.576037 0.110986 -0.177899
v -3.576037 0.110986 0.151454
v -3.576037 0.110986 0.316131
v -3.795290 0.110986 0.316131
v -4.014544 0.110986 0.316131
v -4.888062 0.095693 -1.337750
v -5.105888 0.107429 -1.331538
v -4.892662 0.103086 -1.503247
v -4.670872 0.100016 -1.335603
v -4.453007 0.106593 -1.330831
v -4.453051 0.108864 -1.165958
v -4.453051 0.110563 -1.001281
v -4.233797 0.108751 -1.001281
v -3.576037 0.107565 -1.330634
v -3.576037 0.108864 -1.165958
v -3.576037 0.110563 -1.001281
v -3.795290 0.108751 -1.001281
v -4.014544 0.107750 -1.001281
v -4.014544 0.110563 -0.836605
v -3.576037 0.110986 -0.342575
v -3.356784 0.110986 -0.342575
v -3.795290 0.110986 -0.342575
v -4.014544 0.110986 -0.342575
v -4.014544 0.110986 -0.507252
v -4.014544 0.110986 -0.671928
v -1.822010 0.133966 -1.330466
v -1.602757 0.134657 -1.330427
v -1.822010 0.125421 -1.165776
v -1.822010 0.114980 -1.001210
v -2.041263 0.114317 -1.001276
v -2.260517 0.115425 -1.001281
v -2.260517 0.111595 -0.836605
v -1.822010 0.110986 -0.342575
v -2.041263 0.110986 -0.342575
v -2.260517 0.110986 -0.342575
v -2.260517 0.110986 -0.507252
v -2.260517 0.110986 -0.671928
v -2.479770 0.110986 -0.671928
v -3.137530 0.110986 -0.342575
v -3.137530 0.110986 -0.507252
v -3.137530 0.110986 -0.671928
v -2.918277 0.110986 -0.671928
v -2.699023 0.110986 -0.671928
v -4.892630 0.103549 -1.503221
v -5.111398 0.119513 -1.495800
v -4.892599 0.104013 -1.503194
v -4.892568 0.104477 -1.503168
v -4.672750 0.101427 -1.502229
v -4.453074 0.105798 -1.496353
v -4.453073 0.106263 -1.496352
v -4.892442 0.106332 -1.503062
v -4.672692 0.103287 -1.502179
v -4.453069 0.107660 -1.496348
v -4.453070 0.107194 -1.496350
v -4.453071 0.106729 -1.496351
v -4.233797 0.102968 -1.495311
v -3.576037 0.109454 -1.495311
v -3.576037 0.109919 -1.495311
v -3.576037 0.108988 -1.495311
v -3.576037 0.108523 -1.495311
v -3.795290 0.102968 -1.495311
v -4.014544 0.100465 -1.495311
v -4.892190 0.110041 -1.502851
v -5.110850 0.125991 -1.495343
v -4.892159 0.110505 -1.502824
v -4.672577 0.107009 -1.502080
v -4.453056 0.111384 -1.496338
v -4.453058 0.110918 -1.496339
v -4.453059 0.110453 -1.496341
v -4.233797 0.106693 -1.495311
v -3.576037 0.113178 -1.495311
v -3.576037 0.112712 -1.495311
v -3.576037 0.112247 -1.495311
v -3.795290 0.106693 -1.495311
v -4.014544 0.104189 -1.495311
v -4.014544 0.103723 -1.495311
v -3.576037 0.110385 -1.495311
v -3.356784 0.114669 -1.495311
v -3.795290 0.104830 -1.495311
v -4.014544 0.102327 -1.495311
v -4.014544 0.102792 -1.495311
v -4.014544 0.103258 -1.495311
v -1.822010 0.141775 -1.495335
v -1.822010 0.141309 -1.495325
v -1.822010 0.140844 -1.495314
v -2.041263 0.138952 -1.495292
v -2.260517 0.135094 -1.495304
v -2.260517 0.134628 -1.495304
v -1.822010 0.138983 -1.495271
v -2.041263 0.137090 -1.495272
v -2.260517 0.133232 -1.495302
v -2.260517 0.133697 -1.495303
v -2.260517 0.134163 -1.495303
v -2.479770 0.129975 -1.495311
v -3.137530 0.115176 -1.495311
v -3.137530 0.115642 -1.495311
v -3.137530 0.116107 -1.495311
v -2.918277 0.116787 -1.495311
v -2.699023 0.122529 -1.495311
v -4.887587 0.102931 -1.337472
v -5.105334 0.114842 -1.331074
v -4.885860 0.102804 -1.170396
v -4.887967 0.109975 -1.002991
v -4.671568 0.116057 -1.001942
v -4.453051 0.117956 -1.001281
v -4.453051 0.118435 -0.836605
v -4.891558 0.118435 -0.342575
v -4.672304 0.118435 -0.342575
v -4.453051 0.118435 -0.342575
v -4.453051 0.118435 -0.507252
v -4.453051 0.118435 -0.671928
v -4.233797 0.118435 -0.671928
v -3.576037 0.119929 -0.342575
v -3.576037 0.118758 -0.177899
v -3.576037 0.121157 -0.507252
v -3.576037 0.121670 -0.671928
v -3.795290 0.118777 -0.671928
v -4.014544 0.118435 -0.671928
v -4.892469 0.119910 0.975152
v -4.672551 0.113645 0.974899
v -4.453053 0.117631 0.974837
v -4.453051 0.118368 0.810160
v -4.453051 0.118435 0.645483
v -4.233797 0.118435 0.645483
v -3.576037 0.124383 0.974836
v -3.576037 0.121643 0.810160
v -3.576037 0.119092 0.645483
v -3.795290 0.118435 0.645483
v -4.014544 0.118435 0.645483
v -4.014544 0.118435 0.480807
v -3.576037 0.118435 -0.013222
v -3.356784 0.118567 -0.013222
v -3.795290 0.118435 -0.013222
v -4.014544 0.118435 -0.013222
v -4.014544 0.118435 0.151454
v -4.014544 0.118435 0.316131
v -1.822010 0.130854 0.974836
v -1.602757 0.134180 0.974836
v -1.822010 0.125039 0.810160
v -1.822010 0.120117 0.645483
v -2.041263 0.118561 0.645483
v -2.260517 0.118435 0.645483
v -2.260517 0.118435 0.480807
v -1.822010 0.118435 -0.013222
v -2.041263 0.118435 -0.013222
v -2.260517 0.118435 -0.013222
v -2.260517 0.118435 0.151454
v -2.260517 0.118435 0.316131
v -2.479770 0.118435 0.316131
v -3.137530 0.118777 -0.013222
v -3.137530 0.118435 0.151454
v -3.137530 0.118435 0.316131
v -2.918277 0.118435 0.316131
v -2.699023 0.118435 0.316131
v -5.105368 0.114379 -1.331103
v -5.105403 0.113915 -1.331132
v -5.105438 0.113452 -1.331161
v -5.103313 0.107476 -1.166417
v -5.105673 0.109676 -1.001426
v -5.105683 0.109211 -1.001435
v -5.105577 0.111599 -1.331277
v -5.103406 0.105618 -1.166496
v -5.105714 0.107815 -1.001461
v -5.105704 0.108280 -1.001452
v -5.105694 0.108746 -1.001444
v -5.109797 0.114583 -0.836615
v -5.110811 0.115176 -0.342575
v -5.110811 0.114710 -0.342575
v -5.110811 0.115642 -0.342575
v -5.110811 0.116107 -0.342575
v -5.110811 0.116107 -0.507252
v -5.110811 0.116107 -0.671928
v -5.105853 0.107892 -1.331509
v -5.103592 0.101902 -1.166654
v -5.105796 0.104092 -1.001532
v -5.105786 0.104558 -1.001523
v -5.105776 0.105023 -1.001514
v -5.109809 0.110859 -0.836625
v -5.110811 0.111452 -0.342575
v -5.110811 0.111917 -0.342575
v -5.110811 0.112383 -0.342575
v -5.110811 0.112383 -0.507252
v -5.110811 0.112383 -0.671928
v -5.110811 0.112848 -0.671928
v -5.110811 0.114245 -0.342575
v -5.110811 0.114245 -0.177899
v -5.110811 0.114245 -0.507252
v -5.110811 0.114245 -0.671928
v -5.110811 0.113779 -0.671928
v -5.110811 0.113314 -0.671928
v -5.112191 0.128702 0.975873
v -5.112159 0.129165 0.975837
v -5.112126 0.129628 0.975801
v -5.111910 0.115382 0.810928
v -5.111177 0.109853 0.645757
v -5.111167 0.110318 0.645746
v -5.111997 0.131480 0.975657
v -5.111823 0.117239 0.810831
v -5.111138 0.111714 0.645714
v -5.111148 0.111249 0.645725
v -5.111158 0.110784 0.645736
v -5.110833 0.112367 0.480828
v -5.110811 0.114245 -0.013222
v -5.110811 0.113779 -0.013222
v -5.110811 0.113314 -0.013222
v -5.110811 0.113314 0.151454
v -5.110811 0.113314 0.316131
v -1.602757 0.133714 0.974836
v -1.602757 0.133249 0.974836
v -1.602757 0.132783 0.974836
v -1.602757 0.127664 0.810160
v -1.602757 0.121752 0.645483
v -1.602757 0.121286 0.645483
v -1.602757 0.130921 0.974836
v -1.602757 0.125802 0.810160
v -1.602757 0.119889 0.645483
v -1.602757 0.120355 0.645483
v -1.602757 0.120821 0.645483
v -1.602757 0.116795 0.480807
v -1.602757 0.115176 -0.013222
v -1.602757 0.114710 -0.013222
v -1.602757 0.115642 -0.013222
v -1.602757 0.116107 -0.013222
v -1.602757 0.116107 0.151454
v -1.602757 0.116107 0.316131
v -1.602757 0.127197 0.974836
v -1.602757 0.122077 0.810160
v -1.602757 0.116165 0.645483
v -1.602757 0.116631 0.645483
v -1.602757 0.117096 0.645483
v -1.602757 0.113071 0.480807
v -1.602757 0.111452 -0.013222
v -1.602757 0.111917 -0.013222
v -1.602757 0.112383 -0.013222
v -1.602757 0.112383 0.151454
v -1.602757 0.112383 0.316131
v -1.602757 0.112848 0.316131
v -1.602757 0.114245 -0.013222
v -1.602757 0.114245 -0.177899
v -1.602757 0.114245 0.151454
v -1.602757 0.114245 0.316131
v -1.602757 0.113779 0.316131
v -1.602757 0.113314 0.316131
v -1.602757 0.135122 -1.330439
v -1.602757 0.135587 -1.330451
v -1.602757 0.136075 -1.330463
v -1.602757 0.130949 -1.165742
v -1.602757 0.121871 -1.001124
v -1.602757 0.122337 -1.001127
v -1.602757 0.137956 -1.330511
v -1.602757 0.132811 -1.165774
v -1.602757 0.123733 -1.001138
v -1.602757 0.123268 -1.001134
v -1.602757 0.122802 -1.001131
v -1.602757 0.114881 -0.836576
v -1.602757 0.114245 -0.342575
v -1.602757 0.113779 -0.342575
v -1.602757 0.113314 -0.342575
v -1.602757 0.113314 -0.507252
v -1.602757 0.113314 -0.671928
vt 0.131195 0.491804
vt 0.170971 0.491957
vt 0.170967 0.492043
vt 0.131195 0.491890
vt 0.127352 0.674667
vt 0.168070 0.675072
vt 0.167584 0.705256
vt 0.126821 0.704850
vt 0.124466 0.977885
vt 0.164366 0.978540
vt 0.164362 0.978626
vt 0.124458 0.977971
vt 0.128568 0.188120
vt 0.169378 0.187321
vt 0.169517 0.217696
vt 0.128756 0.218429
vt 0.653840 0.406813
vt 0.654349 0.376567
vt 0.654435 0.376571
vt 0.653927 0.406817
vt 0.003163 0.887610
vt 0.003100 0.857054
vt 0.003186 0.857048
vt 0.003249 0.887601
vt 0.411587 0.493596
vt 0.411589 0.493682
vt 0.371456 0.493160
vt 0.371454 0.493073
vt 0.531215 0.495919
vt 0.491588 0.495211
vt 0.491589 0.495125
vt 0.531215 0.495832
vt 0.251043 0.492815
vt 0.251046 0.492729
vt 0.291169 0.492978
vt 0.291168 0.493064
vt 0.411250 0.586550
vt 0.411276 0.617120
vt 0.370951 0.616484
vt 0.371033 0.585968
vt 0.532711 0.801528
vt 0.491840 0.800644
vt 0.492281 0.770330
vt 0.533198 0.771071
vt 0.246635 0.887911
vt 0.247105 0.857523
vt 0.287500 0.858148
vt 0.286973 0.888518
vt 0.405824 0.981587
vt 0.405821 0.981673
vt 0.365610 0.981274
vt 0.365613 0.981188
vt 0.525198 0.984184
vt 0.485704 0.983318
vt 0.485705 0.983231
vt 0.525201 0.984098
vt 0.244611 0.980194
vt 0.244615 0.980108
vt 0.284843 0.980835
vt 0.284840 0.980921
vt 0.415071 0.094694
vt 0.414489 0.125433
vt 0.373627 0.124929
vt 0.374011 0.094192
vt 0.533482 0.311950
vt 0.493002 0.310908
vt 0.493432 0.280485
vt 0.533892 0.281639
vt 0.251324 0.399960
vt 0.251280 0.369370
vt 0.291486 0.369548
vt 0.291483 0.400156
vt 0.656902 0.195443
vt 0.656988 0.195445
vt 0.656592 0.225294
vt 0.656507 0.225292
vt 0.658882 0.107233
vt 0.658403 0.136317
vt 0.658317 0.136319
vt 0.658796 0.107235
vt 0.656230 0.315958
vt 0.656144 0.315957
vt 0.656586 0.285599
vt 0.656672 0.285599
vt 0.004095 0.672597
vt 0.004180 0.672597
vt 0.003628 0.703397
vt 0.003542 0.703397
vt 0.007694 0.580945
vt 0.006521 0.611288
vt 0.006435 0.611284
vt 0.007608 0.580938
vt 0.003559 0.795729
vt 0.003473 0.795730
vt 0.003629 0.764989
vt 0.003715 0.764987
vt 0.091809 0.491373
vt 0.091812 0.491461
vt 0.052507 0.491689
vt 0.052485 0.491606
vt 0.210976 0.491722
vt 0.170984 0.491611
vt 0.170987 0.491525
vt 0.210980 0.491636
vt 0.251065 0.492126
vt 0.251068 0.492039
vt 0.291173 0.492287
vt 0.291173 0.492373
vt 0.089209 0.583599
vt 0.088188 0.613806
vt 0.047597 0.612849
vt 0.048751 0.582721
vt 0.210484 0.553954
vt 0.170386 0.553815
vt 0.170736 0.523327
vt 0.210782 0.523454
vt 0.249614 0.645488
vt 0.249992 0.615119
vt 0.290312 0.615474
vt 0.290049 0.645911
vt 0.085032 0.977095
vt 0.085029 0.977180
vt 0.046073 0.977553
vt 0.046082 0.977467
vt 0.204504 0.978710
vt 0.164383 0.978196
vt 0.164386 0.978110
vt 0.204506 0.978624
vt 0.244642 0.979506
vt 0.244645 0.979420
vt 0.284868 0.980147
vt 0.284865 0.980233
vt 0.086891 0.098150
vt 0.087294 0.128451
vt 0.046598 0.129392
vt 0.046207 0.099120
vt 0.209116 0.064825
vt 0.168049 0.065660
vt 0.167236 0.035243
vt 0.208488 0.034350
vt 0.250881 0.155728
vt 0.250804 0.125182
vt 0.291746 0.124849
vt 0.291729 0.155420
vt 0.652719 0.437035
vt 0.652805 0.437044
vt 0.651316 0.466758
vt 0.651232 0.466740
vt 0.654707 0.346277
vt 0.654005 0.376554
vt 0.653919 0.376550
vt 0.654621 0.346274
vt 0.655542 0.315947
vt 0.655456 0.315945
vt 0.655898 0.285593
vt 0.655984 0.285594
vt 0.003091 0.918516
vt 0.003181 0.918504
vt 0.004078 0.949367
vt 0.003992 0.949378
vt 0.002655 0.826466
vt 0.002756 0.857079
vt 0.002670 0.857086
vt 0.002569 0.826471
vt 0.002871 0.795746
vt 0.002785 0.795749
vt 0.002941 0.765002
vt 0.003027 0.765000
vt 0.531219 0.495220
vt 0.491592 0.494517
vt 0.491592 0.494430
vt 0.531219 0.495132
vt 0.570570 0.495872
vt 0.570571 0.495784
vt 0.609683 0.495862
vt 0.609682 0.495950
vt 0.451640 0.494352
vt 0.491591 0.494864
vt 0.491591 0.494951
vt 0.451640 0.494439
vt 0.570563 0.496573
vt 0.570563 0.496485
vt 0.609688 0.496560
vt 0.609690 0.496647
vt 0.451640 0.495045
vt 0.491583 0.495558
vt 0.491581 0.495645
vt 0.451640 0.495132
vt 0.411597 0.494288
vt 0.411598 0.494375
vt 0.371474 0.493851
vt 0.371471 0.493765
vt 0.131190 0.492495
vt 0.170948 0.492648
vt 0.170945 0.492734
vt 0.131189 0.492581
vt 0.091834 0.492072
vt 0.091836 0.492159
vt 0.052682 0.492347
vt 0.052660 0.492265
vt 0.210946 0.492412
vt 0.170959 0.492302
vt 0.170962 0.492216
vt 0.210950 0.492326
vt 0.531652 0.557821
vt 0.491436 0.557212
vt 0.491305 0.526472
vt 0.531006 0.527197
vt 0.573854 0.649135
vt 0.573264 0.618688
vt 0.613962 0.617942
vt 0.614671 0.648543
vt 0.451911 0.678639
vt 0.492617 0.679239
vt 0.492669 0.709609
vt 0.451901 0.709015
vt 0.570171 0.894111
vt 0.571863 0.863687
vt 0.612665 0.865613
vt 0.610736 0.896821
vt 0.447508 0.921068
vt 0.487757 0.921718
vt 0.486603 0.952099
vt 0.446605 0.951424
vt 0.409602 0.829522
vt 0.408869 0.859792
vt 0.368368 0.859277
vt 0.369002 0.828930
vt 0.125533 0.916553
vt 0.165692 0.917079
vt 0.165152 0.947560
vt 0.125227 0.946903
vt 0.085151 0.825464
vt 0.085220 0.855665
vt 0.044561 0.856034
vt 0.044419 0.825675
vt 0.207277 0.796357
vt 0.166657 0.795824
vt 0.166886 0.765637
vt 0.207584 0.766105
vt 0.525229 0.983496
vt 0.485712 0.982630
vt 0.485713 0.982543
vt 0.525234 0.983411
vt 0.564131 0.985639
vt 0.564136 0.985553
vt 0.601568 0.986895
vt 0.601557 0.986980
vt 0.445852 0.982364
vt 0.485707 0.982973
vt 0.485706 0.983059
vt 0.445851 0.982450
vt 0.564074 0.986324
vt 0.587871 0.009504
vt 0.628180 0.015082
vt 0.628154 0.015165
vt 0.445845 0.983052
vt 0.485704 0.983661
vt 0.485704 0.983748
vt 0.445844 0.983138
vt 0.405805 0.982275
vt 0.405802 0.982361
vt 0.365587 0.981961
vt 0.365589 0.981875
vt 0.124390 0.978570
vt 0.164324 0.979228
vt 0.164319 0.979314
vt 0.124378 0.978656
vt 0.084997 0.977782
vt 0.084991 0.977868
vt 0.046002 0.978238
vt 0.046012 0.978152
vt 0.204489 0.979398
vt 0.164346 0.978884
vt 0.164351 0.978798
vt 0.204490 0.979312
vt 0.539147 0.068226
vt 0.498165 0.066091
vt 0.500249 0.035448
vt 0.541684 0.037286
vt 0.576308 0.162090
vt 0.576789 0.131915
vt 0.617207 0.134396
vt 0.616747 0.164253
vt 0.454163 0.187788
vt 0.494663 0.189008
vt 0.494223 0.219543
vt 0.453727 0.218395
vt 0.572191 0.403828
vt 0.572624 0.373581
vt 0.613125 0.374927
vt 0.612753 0.404938
vt 0.451733 0.432555
vt 0.491767 0.433112
vt 0.491620 0.463715
vt 0.451646 0.463190
vt 0.412148 0.340061
vt 0.411940 0.370696
vt 0.371820 0.370222
vt 0.371954 0.339550
vt 0.131119 0.430369
vt 0.171214 0.430324
vt 0.171183 0.460878
vt 0.131283 0.460736
vt 0.089117 0.340268
vt 0.089673 0.370363
vt 0.048994 0.371718
vt 0.048360 0.341557
vt 0.210636 0.308429
vt 0.170106 0.308709
vt 0.169857 0.278391
vt 0.210501 0.277983
vt 0.658193 0.107250
vt 0.657715 0.136333
vt 0.657629 0.136334
vt 0.658107 0.107251
vt 0.659950 0.078408
vt 0.659864 0.078408
vt 0.663118 0.049810
vt 0.663204 0.049808
vt 0.657750 0.165709
vt 0.658059 0.136327
vt 0.658145 0.136324
vt 0.657836 0.165709
vt 0.660640 0.078400
vt 0.660553 0.078402
vt 0.663806 0.049802
vt 0.663892 0.049803
vt 0.658438 0.165698
vt 0.658747 0.136303
vt 0.658833 0.136299
vt 0.658524 0.165695
vt 0.657590 0.195445
vt 0.657676 0.195445
vt 0.657281 0.225294
vt 0.657195 0.225295
vt 0.654528 0.406848
vt 0.655037 0.376592
vt 0.655123 0.376594
vt 0.654614 0.406853
vt 0.653404 0.437104
vt 0.653490 0.437113
vt 0.651987 0.466907
vt 0.651903 0.466888
vt 0.655395 0.346296
vt 0.654693 0.376580
vt 0.654607 0.376577
vt 0.655309 0.346294
vt 0.007007 0.580886
vt 0.005834 0.611253
vt 0.005748 0.611249
vt 0.006922 0.580879
vt 0.008690 0.550891
vt 0.008604 0.550881
vt 0.009837 0.521073
vt 0.009921 0.521093
vt 0.005184 0.641871
vt 0.006177 0.611270
vt 0.006263 0.611275
vt 0.005270 0.641873
vt 0.009374 0.550974
vt 0.009289 0.550964
vt 0.010509 0.521233
vt 0.010593 0.521253
vt 0.005872 0.641890
vt 0.006864 0.611306
vt 0.006950 0.611311
vt 0.005958 0.641893
vt 0.004782 0.672604
vt 0.004869 0.672606
vt 0.004316 0.703397
vt 0.004230 0.703397
vt 0.003849 0.887552
vt 0.003787 0.857013
vt 0.003873 0.857009
vt 0.003935 0.887545
vt 0.003780 0.918430
vt 0.003865 0.918420
vt 0.004758 0.949222
vt 0.004675 0.949246
vt 0.003342 0.826434
vt 0.003443 0.857032
vt 0.003357 0.857037
vt 0.003256 0.826437
vt 0.091821 0.491722
vt 0.091825 0.491810
vt 0.052594 0.492018
vt 0.052572 0.491936
vt 0.052550 0.491854
vt 0.013375 0.493074
vt 0.013681 0.492845
vt 0.052529 0.491771
vt 0.091815 0.491548
vt 0.131198 0.491631
vt 0.131197 0.491718
vt 0.086034 0.704411
vt 0.085594 0.734668
vt 0.044876 0.734383
vt 0.045220 0.703917
vt 0.045875 0.673491
vt 0.005212 0.672612
vt 0.006044 0.641896
vt 0.046571 0.643123
vt 0.087310 0.643958
vt 0.128752 0.614278
vt 0.128006 0.644504
vt 0.085017 0.977438
vt 0.085012 0.977524
vt 0.046039 0.977896
vt 0.046048 0.977810
vt 0.046057 0.977724
vt 0.007779 0.978647
vt 0.007826 0.978581
vt 0.046065 0.977639
vt 0.085025 0.977266
vt 0.124482 0.977714
vt 0.124474 0.977799
vt 0.087992 0.219318
vt 0.088177 0.249599
vt 0.047489 0.250632
vt 0.047276 0.220295
vt 0.047109 0.189970
vt 0.002441 0.795762
vt 0.006321 0.160506
vt 0.046884 0.159674
vt 0.087577 0.158736
vt 0.128080 0.127458
vt 0.128371 0.157796
vt 0.653062 0.437069
vt 0.653148 0.437078
vt 0.651651 0.466832
vt 0.651568 0.466814
vt 0.651484 0.466795
vt 0.649040 0.495355
vt 0.648982 0.495307
vt 0.651400 0.466777
vt 0.652890 0.437052
vt 0.653669 0.406804
vt 0.653755 0.406809
vt 0.003437 0.918471
vt 0.003523 0.918461
vt 0.004423 0.949321
vt 0.004337 0.949332
vt 0.003563 0.039781
vt 0.002613 0.009485
vt 0.002699 0.009480
vt 0.004163 0.949356
vt 0.003266 0.918493
vt 0.002991 0.887626
vt 0.003077 0.887618
vt 0.371452 0.492986
vt 0.331303 0.492491
vt 0.331302 0.492404
vt 0.371449 0.492900
vt 0.411584 0.493423
vt 0.411583 0.493336
vt 0.451638 0.493832
vt 0.451639 0.493919
vt 0.451639 0.494006
vt 0.491592 0.494604
vt 0.451640 0.494092
vt 0.570565 0.496223
vt 0.570566 0.496135
vt 0.609684 0.496212
vt 0.609685 0.496299
vt 0.609686 0.496386
vt 0.649220 0.495588
vt 0.649252 0.495656
vt 0.609687 0.496473
vt 0.570564 0.496397
vt 0.531215 0.496094
vt 0.531215 0.496007
vt 0.291168 0.493151
vt 0.331321 0.493527
vt 0.331322 0.493613
vt 0.291167 0.493237
vt 0.251038 0.492988
vt 0.251036 0.493074
vt 0.210925 0.492929
vt 0.210929 0.492843
vt 0.210932 0.492757
vt 0.170950 0.492562
vt 0.210936 0.492671
vt 0.371135 0.555387
vt 0.330962 0.554870
vt 0.331130 0.524287
vt 0.371275 0.524786
vt 0.411386 0.525344
vt 0.411601 0.494720
vt 0.451639 0.495218
vt 0.451423 0.525874
vt 0.451379 0.556546
vt 0.491647 0.587806
vt 0.451445 0.587200
vt 0.573975 0.771767
vt 0.574278 0.741024
vt 0.614961 0.741241
vt 0.614756 0.772286
vt 0.614291 0.803374
vt 0.654974 0.804113
vt 0.654260 0.835812
vt 0.613843 0.834490
vt 0.573057 0.833186
vt 0.531007 0.862279
vt 0.532101 0.831930
vt 0.286362 0.918946
vt 0.326654 0.919529
vt 0.325960 0.949988
vt 0.285703 0.949378
vt 0.245437 0.948699
vt 0.244659 0.979077
vt 0.204507 0.978538
vt 0.205239 0.948111
vt 0.205856 0.917696
vt 0.166023 0.886708
vt 0.206335 0.887272
vt 0.365616 0.981102
vt 0.325247 0.980627
vt 0.325250 0.980541
vt 0.365619 0.981016
vt 0.405830 0.981416
vt 0.405833 0.981329
vt 0.445863 0.981849
vt 0.445861 0.981934
vt 0.445859 0.982021
vt 0.485710 0.982716
vt 0.445857 0.982106
vt 0.587961 0.009260
vt 0.564120 0.985896
vt 0.601532 0.987236
vt 0.628261 0.014836
vt 0.628234 0.014918
vt 0.666849 0.019266
vt 0.666790 0.019320
vt 0.628207 0.015000
vt 0.564092 0.986153
vt 0.525192 0.984355
vt 0.525195 0.984270
vt 0.284836 0.981007
vt 0.325212 0.981659
vt 0.325210 0.981744
vt 0.284833 0.981093
vt 0.244602 0.980365
vt 0.249170 0.003205
vt 0.204483 0.979913
vt 0.204484 0.979827
vt 0.204484 0.979742
vt 0.164330 0.979142
vt 0.204485 0.979655
vt 0.374383 0.063570
vt 0.332990 0.063459
vt 0.332982 0.032958
vt 0.374732 0.032924
vt 0.416540 0.033333
vt 0.417163 0.002760
vt 0.459576 0.003569
vt 0.458429 0.033957
vt 0.457078 0.064783
vt 0.496767 0.097002
vt 0.456014 0.095560
vt 0.574454 0.282987
vt 0.574797 0.252771
vt 0.615353 0.254230
vt 0.615036 0.284405
vt 0.614576 0.314612
vt 0.655112 0.315937
vt 0.654535 0.346271
vt 0.614042 0.344841
vt 0.573460 0.343405
vt 0.532373 0.372675
vt 0.532927 0.342232
vt 0.291429 0.430786
vt 0.331547 0.431118
vt 0.331433 0.461735
vt 0.291339 0.461388
vt 0.251251 0.461137
vt 0.251079 0.491694
vt 0.210984 0.491549
vt 0.211184 0.460993
vt 0.211238 0.430418
vt 0.170981 0.399867
vt 0.211180 0.399838
vt 0.656421 0.225291
vt 0.656061 0.255356
vt 0.655975 0.255354
vt 0.656335 0.225290
vt 0.656730 0.195441
vt 0.656644 0.195439
vt 0.657233 0.165707
vt 0.657319 0.165708
vt 0.657405 0.165709
vt 0.657801 0.136332
vt 0.657491 0.165709
vt 0.660295 0.078406
vt 0.660209 0.078406
vt 0.663462 0.049802
vt 0.663548 0.049802
vt 0.646841 0.966082
vt 0.634410 0.997401
vt 0.634394 0.997322
vt 0.663720 0.049802
vt 0.660467 0.078403
vt 0.659054 0.107226
vt 0.658968 0.107230
vt 0.656758 0.285599
vt 0.657093 0.255361
vt 0.657180 0.255360
vt 0.656844 0.285599
vt 0.656402 0.315960
vt 0.655611 0.678538
vt 0.655911 0.346308
vt 0.655825 0.346306
vt 0.655739 0.346304
vt 0.654951 0.376589
vt 0.655653 0.346302
vt 0.003456 0.703398
vt 0.003001 0.734204
vt 0.002915 0.734206
vt 0.003370 0.703399
vt 0.003922 0.672596
vt 0.003836 0.672595
vt 0.004668 0.641858
vt 0.004754 0.641860
vt 0.004840 0.641862
vt 0.005920 0.611258
vt 0.004926 0.641864
vt 0.009031 0.550933
vt 0.008946 0.550923
vt 0.010173 0.521153
vt 0.010257 0.521173
vt 0.010341 0.521193
vt 0.013676 0.493205
vt 0.013730 0.493261
vt 0.010425 0.521213
vt 0.009203 0.550954
vt 0.007865 0.580960
vt 0.007779 0.580953
vt 0.003801 0.764987
vt 0.004033 0.734195
vt 0.004119 0.734195
vt 0.003887 0.764986
vt 0.003731 0.795725
vt 0.003817 0.795724
vt 0.003858 0.826417
vt 0.003772 0.826420
vt 0.003686 0.826422
vt 0.003701 0.857018
vt 0.003600 0.826425
vt 0.052464 0.491524
vt 0.013047 0.492973
vt 0.012964 0.492948
vt 0.052443 0.491441
vt 0.091802 0.491199
vt 0.091799 0.491112
vt 0.131202 0.491286
vt 0.131201 0.491372
vt 0.131200 0.491459
vt 0.170981 0.491697
vt 0.131199 0.491545
vt 0.251076 0.491780
vt 0.291176 0.491942
vt 0.291175 0.492028
vt 0.291174 0.492114
vt 0.331305 0.492577
vt 0.291174 0.492201
vt 0.251071 0.491953
vt 0.210968 0.491894
vt 0.210972 0.491808
vt 0.291172 0.492460
vt 0.331309 0.492836
vt 0.331311 0.492923
vt 0.291172 0.492546
vt 0.251059 0.492298
vt 0.251057 0.492384
vt 0.210953 0.492240
vt 0.210957 0.492153
vt 0.210961 0.492067
vt 0.170974 0.491870
vt 0.210965 0.491981
vt 0.050242 0.552776
vt 0.009632 0.551004
vt 0.010846 0.521311
vt 0.051375 0.522978
vt 0.091039 0.523092
vt 0.091847 0.492509
vt 0.131189 0.492668
vt 0.130800 0.523227
vt 0.130362 0.553643
vt 0.169848 0.584216
vt 0.129617 0.584087
vt 0.250880 0.523619
vt 0.291167 0.493323
vt 0.291005 0.523869
vt 0.290798 0.554443
vt 0.330800 0.585428
vt 0.290573 0.584997
vt 0.250330 0.584658
vt 0.209626 0.614811
vt 0.210099 0.584433
vt 0.289754 0.676270
vt 0.330252 0.676799
vt 0.330006 0.707139
vt 0.289461 0.706605
vt 0.248884 0.706112
vt 0.248548 0.736377
vt 0.207898 0.735893
vt 0.208281 0.705673
vt 0.208687 0.675425
vt 0.168615 0.644835
vt 0.209161 0.645164
vt 0.046089 0.977381
vt 0.007966 0.978382
vt 0.008013 0.978316
vt 0.046097 0.977295
vt 0.085038 0.976922
vt 0.085040 0.976836
vt 0.124511 0.977370
vt 0.124504 0.977456
vt 0.124497 0.977542
vt 0.164379 0.978282
vt 0.124490 0.977628
vt 0.244655 0.979163
vt 0.284879 0.979803
vt 0.284876 0.979889
vt 0.284874 0.979975
vt 0.325244 0.980713
vt 0.284871 0.980061
vt 0.244649 0.979335
vt 0.204501 0.978882
vt 0.204502 0.978796
vt 0.284862 0.980318
vt 0.325235 0.980971
vt 0.325232 0.981057
vt 0.284859 0.980405
vt 0.244635 0.979678
vt 0.244631 0.979764
vt 0.204493 0.979226
vt 0.204494 0.979140
vt 0.204496 0.979054
vt 0.164371 0.978454
vt 0.204499 0.978968
vt 0.045720 0.068794
vt 0.002835 0.918552
vt 0.003735 0.949412
vt 0.044614 0.038492
vt 0.085268 0.037476
vt 0.084356 0.007101
vt 0.125095 0.005876
vt 0.126201 0.036272
vt 0.127105 0.066685
vt 0.168577 0.096115
vt 0.127719 0.097103
vt 0.249847 0.033676
vt 0.290902 0.002745
vt 0.291368 0.033159
vt 0.291610 0.063709
vt 0.332862 0.094107
vt 0.291739 0.094239
vt 0.250613 0.094671
vt 0.209843 0.125771
vt 0.209571 0.095283
vt 0.291658 0.186027
vt 0.332358 0.186024
vt 0.332189 0.216680
vt 0.291608 0.216600
vt 0.250953 0.216773
vt 0.250998 0.247273
vt 0.210359 0.247571
vt 0.210272 0.217127
vt 0.210155 0.186694
vt 0.169183 0.156941
vt 0.210046 0.156229
vt 0.651147 0.466721
vt 0.648811 0.495160
vt 0.648755 0.495111
vt 0.651063 0.466704
vt 0.652547 0.437019
vt 0.652461 0.437011
vt 0.653325 0.406787
vt 0.653410 0.406791
vt 0.653497 0.406796
vt 0.654091 0.376557
vt 0.653582 0.406800
vt 0.655198 0.315939
vt 0.655554 0.285586
vt 0.655640 0.285588
vt 0.655726 0.285590
vt 0.656147 0.255357
vt 0.655812 0.285591
vt 0.655370 0.315943
vt 0.654880 0.346282
vt 0.654793 0.346280
vt 0.656070 0.285595
vt 0.656405 0.255360
vt 0.656491 0.255361
vt 0.656156 0.285596
vt 0.655714 0.315950
vt 0.655800 0.315952
vt 0.655223 0.346292
vt 0.655137 0.346289
vt 0.655051 0.346287
vt 0.654263 0.376564
vt 0.654965 0.346285
vt 0.003912 0.039779
vt 0.002956 0.009466
vt 0.007611 0.979376
vt 0.003821 0.949401
vt 0.002920 0.918539
vt 0.002648 0.887662
vt 0.002734 0.887652
vt 0.002820 0.887644
vt 0.002842 0.857073
vt 0.002905 0.887635
vt 0.002527 0.795759
vt 0.002597 0.765012
vt 0.002683 0.765009
vt 0.002769 0.765007
vt 0.003087 0.734203
vt 0.002855 0.765004
vt 0.002699 0.795752
vt 0.002826 0.826457
vt 0.002740 0.826461
vt 0.003113 0.764998
vt 0.003345 0.734199
vt 0.003431 0.734198
vt 0.003199 0.764996
vt 0.003043 0.795741
vt 0.003129 0.795738
vt 0.003170 0.826441
vt 0.003084 0.826444
vt 0.002998 0.826449
vt 0.003014 0.857060
vt 0.002912 0.826452
vt 0.570577 0.495521
vt 0.570579 0.495434
vt 0.609694 0.495512
vt 0.609690 0.495600
vt 0.609686 0.495688
vt 0.648867 0.495210
vt 0.609684 0.495775
vt 0.570573 0.495697
vt 0.531217 0.495395
vt 0.531218 0.495307
vt 0.609683 0.496037
vt 0.649099 0.495403
vt 0.609683 0.496125
vt 0.570567 0.496047
vt 0.531216 0.495744
vt 0.531216 0.495657
vt 0.531216 0.495569
vt 0.491592 0.494777
vt 0.531217 0.495482
vt 0.411593 0.493942
vt 0.411594 0.494028
vt 0.371465 0.493505
vt 0.371463 0.493419
vt 0.371461 0.493333
vt 0.331308 0.492750
vt 0.371459 0.493246
vt 0.411591 0.493769
vt 0.451640 0.494179
vt 0.451640 0.494265
vt 0.609691 0.496734
vt 0.649345 0.495863
vt 0.649728 0.495627
vt 0.609692 0.496822
vt 0.570563 0.496748
vt 0.570563 0.496836
vt 0.531217 0.496444
vt 0.531216 0.496357
vt 0.531216 0.496269
vt 0.491584 0.495472
vt 0.531216 0.496181
vt 0.411601 0.494634
vt 0.371482 0.494197
vt 0.371480 0.494111
vt 0.371478 0.494024
vt 0.331320 0.493441
vt 0.371476 0.493938
vt 0.411599 0.494461
vt 0.451640 0.494872
vt 0.451640 0.494958
vt 0.371470 0.493678
vt 0.331315 0.493182
vt 0.331314 0.493096
vt 0.371468 0.493592
vt 0.411595 0.494115
vt 0.451640 0.494525
vt 0.451641 0.494612
vt 0.451641 0.494699
vt 0.491587 0.495298
vt 0.451640 0.494785
vt 0.091844 0.492421
vt 0.052768 0.492678
vt 0.052748 0.492595
vt 0.052726 0.492512
vt 0.013884 0.493436
vt 0.013834 0.493377
vt 0.052704 0.492430
vt 0.091839 0.492247
vt 0.131191 0.492322
vt 0.131190 0.492408
vt 0.052638 0.492183
vt 0.013620 0.493150
vt 0.052616 0.492100
vt 0.091828 0.491897
vt 0.131194 0.491976
vt 0.131193 0.492063
vt 0.131193 0.492150
vt 0.170956 0.492389
vt 0.131192 0.492236
vt 0.251054 0.492470
vt 0.291171 0.492632
vt 0.291170 0.492719
vt 0.291170 0.492805
vt 0.331317 0.493268
vt 0.291169 0.492891
vt 0.251049 0.492643
vt 0.210939 0.492585
vt 0.210943 0.492498
vt 0.571028 0.527495
vt 0.609694 0.496909
vt 0.611238 0.527174
vt 0.612369 0.557324
vt 0.652924 0.554780
vt 0.653751 0.585412
vt 0.612997 0.587562
vt 0.572293 0.588260
vt 0.532592 0.618749
vt 0.531843 0.588343
vt 0.614933 0.679341
vt 0.655641 0.709859
vt 0.615114 0.710250
vt 0.574306 0.710328
vt 0.533409 0.740576
vt 0.533521 0.710090
vt 0.533389 0.679621
vt 0.492398 0.648817
vt 0.533106 0.649203
vt 0.411202 0.708359
vt 0.411001 0.738684
vt 0.370329 0.738052
vt 0.370581 0.707738
vt 0.370752 0.677367
vt 0.330452 0.646389
vt 0.370869 0.646971
vt 0.411311 0.647579
vt 0.451628 0.617738
vt 0.451799 0.648255
vt 0.608446 0.927763
vt 0.648743 0.932140
vt 0.664150 0.049804
vt 0.605394 0.957865
vt 0.565956 0.954894
vt 0.564160 0.985210
vt 0.525239 0.983325
vt 0.526401 0.952830
vt 0.528159 0.922547
vt 0.488879 0.891421
vt 0.529321 0.892422
vt 0.406476 0.950932
vt 0.365622 0.980929
vt 0.366225 0.950491
vt 0.366944 0.920057
vt 0.327307 0.889115
vt 0.367666 0.889628
vt 0.408056 0.890155
vt 0.449453 0.860413
vt 0.448468 0.890678
vt 0.369546 0.798644
vt 0.328959 0.798050
vt 0.329370 0.767760
vt 0.369989 0.768348
vt 0.410670 0.768971
vt 0.451743 0.739331
vt 0.451447 0.769629
vt 0.450962 0.799897
vt 0.491126 0.830899
vt 0.450300 0.830129
vt 0.085382 0.946551
vt 0.046104 0.977209
vt 0.045703 0.946381
vt 0.044744 0.916433
vt 0.004209 0.918384
vt 0.004021 0.887539
vt 0.044752 0.886288
vt 0.085277 0.885939
vt 0.125773 0.855904
vt 0.125742 0.886148
vt 0.044473 0.795288
vt 0.003973 0.764985
vt 0.044543 0.764839
vt 0.085346 0.764944
vt 0.126424 0.735035
vt 0.126130 0.765216
vt 0.125944 0.795434
vt 0.166447 0.826085
vt 0.125852 0.825622
vt 0.248197 0.766640
vt 0.289132 0.736901
vt 0.288793 0.767183
vt 0.288403 0.797484
vt 0.328471 0.828380
vt 0.287985 0.827784
vt 0.247493 0.827210
vt 0.206686 0.856939
vt 0.207006 0.826603
vt 0.564153 0.985296
vt 0.601616 0.986555
vt 0.601602 0.986640
vt 0.601590 0.986725
vt 0.634339 0.997089
vt 0.634359 0.997167
vt 0.601579 0.986810
vt 0.564141 0.985467
vt 0.525219 0.983668
vt 0.525224 0.983582
vt 0.601548 0.987066
vt 0.634424 0.997480
vt 0.601539 0.987151
vt 0.564123 0.985811
vt 0.525204 0.984012
vt 0.525208 0.983926
vt 0.525212 0.983840
vt 0.485708 0.982888
vt 0.525215 0.983754
vt 0.405814 0.981931
vt 0.405811 0.982017
vt 0.365598 0.981617
vt 0.365601 0.981532
vt 0.365604 0.981445
vt 0.325238 0.980885
vt 0.365607 0.981359
vt 0.405819 0.981759
vt 0.445855 0.982192
vt 0.445854 0.982279
vt 0.628129 0.015247
vt 0.666613 0.019480
vt 0.666554 0.019533
vt 0.628104 0.015330
vt 0.564055 0.986495
vt 0.587751 0.009829
vt 0.525183 0.984699
vt 0.525185 0.984613
vt 0.525187 0.984527
vt 0.485704 0.983576
vt 0.525189 0.984441
vt 0.405797 0.982619
vt 0.365576 0.982305
vt 0.365579 0.982219
vt 0.365581 0.982133
vt 0.325215 0.981572
vt 0.365584 0.982047
vt 0.405800 0.982447
vt 0.445846 0.982880
vt 0.445845 0.982966
vt 0.365592 0.981789
vt 0.325224 0.981314
vt 0.325227 0.981229
vt 0.365595 0.981703
vt 0.405809 0.982103
vt 0.445850 0.982536
vt 0.445849 0.982622
vt 0.445848 0.982708
vt 0.485704 0.983403
vt 0.445847 0.982794
vt 0.084972 0.978125
vt 0.045961 0.978580
vt 0.045972 0.978494
vt 0.045982 0.978409
vt 0.007633 0.979206
vt 0.045992 0.978323
vt 0.084985 0.977954
vt 0.124412 0.978399
vt 0.124401 0.978485
vt 0.046021 0.978067
vt 0.007675 0.978866
vt 0.046030 0.977981
vt 0.085007 0.977610
vt 0.124450 0.978057
vt 0.124441 0.978142
vt 0.124432 0.978228
vt 0.164341 0.978970
vt 0.124422 0.978314
vt 0.244627 0.979850
vt 0.284855 0.980491
vt 0.284853 0.980577
vt 0.284849 0.980663
vt 0.325221 0.981401
vt 0.284846 0.980749
vt 0.244619 0.980022
vt 0.204486 0.979570
vt 0.204487 0.979484
vt 0.582535 0.039934
vt 0.628081 0.015413
vt 0.622571 0.044704
vt 0.618979 0.074610
vt 0.659519 0.078407
vt 0.658021 0.107252
vt 0.617679 0.104468
vt 0.577507 0.101533
vt 0.536469 0.129525
vt 0.537219 0.098908
vt 0.616128 0.194136
vt 0.656249 0.225288
vt 0.615674 0.224142
vt 0.575181 0.222526
vt 0.534299 0.251306
vt 0.534675 0.220941
vt 0.535168 0.190536
vt 0.495242 0.158445
vt 0.535724 0.160081
vt 0.413253 0.217555
vt 0.412931 0.248177
vt 0.372507 0.247638
vt 0.372739 0.216972
vt 0.373001 0.186318
vt 0.332523 0.155395
vt 0.373299 0.155612
vt 0.414008 0.156190
vt 0.455252 0.126386
vt 0.454635 0.157111
vt 0.612032 0.435003
vt 0.650979 0.466687
vt 0.610892 0.465179
vt 0.571226 0.464681
vt 0.531220 0.495045
vt 0.531477 0.464164
vt 0.531836 0.433535
vt 0.491852 0.402499
vt 0.531830 0.403117
vt 0.411624 0.462690
vt 0.371447 0.492813
vt 0.371561 0.462204
vt 0.371631 0.431547
vt 0.331608 0.400472
vt 0.371722 0.400880
vt 0.411791 0.401372
vt 0.452050 0.371279
vt 0.451833 0.401915
vt 0.372114 0.308919
vt 0.331827 0.308545
vt 0.331923 0.277937
vt 0.372297 0.278262
vt 0.412655 0.278812
vt 0.453370 0.248987
vt 0.453002 0.279529
vt 0.452681 0.310098
vt 0.492603 0.341395
vt 0.452330 0.340643
vt 0.091144 0.460732
vt 0.052421 0.491358
vt 0.051222 0.461259
vt 0.050459 0.431494
vt 0.008262 0.550839
vt 0.009149 0.404109
vt 0.049839 0.401709
vt 0.090332 0.400542
vt 0.130236 0.369736
vt 0.130771 0.399956
vt 0.048013 0.311292
vt 0.007142 0.282253
vt 0.047679 0.280973
vt 0.088418 0.279862
vt 0.128936 0.248727
vt 0.129163 0.278994
vt 0.129437 0.309256
vt 0.170364 0.339071
vt 0.129818 0.339469
vt 0.251030 0.277798
vt 0.291543 0.247198
vt 0.291517 0.277762
vt 0.291488 0.308359
vt 0.331738 0.339192
vt 0.291496 0.338933
vt 0.251183 0.338841
vt 0.211005 0.369349
vt 0.210838 0.338851
vt 0.659605 0.078407
vt 0.662774 0.049816
vt 0.662860 0.049815
vt 0.662946 0.049813
vt 0.666672 0.019427
vt 0.663032 0.049812
vt 0.659778 0.078408
vt 0.658365 0.107247
vt 0.658280 0.107248
vt 0.663291 0.049806
vt 0.666907 0.019212
vt 0.663376 0.049804
vt 0.660123 0.078407
vt 0.658710 0.107238
vt 0.658624 0.107241
vt 0.658538 0.107243
vt 0.657973 0.136329
vt 0.658452 0.107245
vt 0.657246 0.195446
vt 0.657332 0.195446
vt 0.656937 0.225295
vt 0.656851 0.225295
vt 0.656765 0.225295
vt 0.656320 0.255359
vt 0.656679 0.225294
vt 0.657074 0.195445
vt 0.657578 0.165709
vt 0.657664 0.165709
vt 0.646602 0.965828
vt 0.634318 0.997012
vt 0.664064 0.049804
vt 0.660812 0.078396
vt 0.659399 0.107210
vt 0.659312 0.107215
vt 0.659226 0.107218
vt 0.658661 0.136307
vt 0.659140 0.107223
vt 0.657934 0.195441
vt 0.657625 0.225290
vt 0.657539 0.225292
vt 0.657453 0.225292
vt 0.657007 0.255361
vt 0.657367 0.225294
vt 0.657762 0.195444
vt 0.658266 0.165702
vt 0.658352 0.165700
vt 0.657109 0.225295
vt 0.656750 0.255362
vt 0.656663 0.255361
vt 0.657023 0.225295
vt 0.657418 0.195446
vt 0.657921 0.165707
vt 0.658008 0.165706
vt 0.658094 0.165705
vt 0.658489 0.136313
vt 0.658180 0.165704
vt 0.653747 0.437139
vt 0.652322 0.466982
vt 0.652238 0.466963
vt 0.652155 0.466944
vt 0.649565 0.495576
vt 0.652071 0.466926
vt 0.653575 0.437122
vt 0.654356 0.406839
vt 0.654442 0.406844
vt 0.651819 0.466870
vt 0.649239 0.495476
vt 0.651735 0.466851
vt 0.653233 0.437087
vt 0.654012 0.406822
vt 0.654098 0.406826
vt 0.654185 0.406831
vt 0.654779 0.376583
vt 0.654270 0.406835
vt 0.655886 0.315953
vt 0.656242 0.285597
vt 0.656328 0.285598
vt 0.656414 0.285598
vt 0.656835 0.255362
vt 0.656500 0.285599
vt 0.656058 0.315956
vt 0.655567 0.346300
vt 0.655481 0.346298
vt 0.008347 0.550849
vt 0.009502 0.520992
vt 0.009586 0.521012
vt 0.009669 0.521032
vt 0.013128 0.492998
vt 0.009753 0.521053
vt 0.008518 0.550870
vt 0.007179 0.580901
vt 0.007093 0.580893
vt 0.010005 0.521113
vt 0.013457 0.493100
vt 0.010089 0.521133
vt 0.008861 0.550912
vt 0.007522 0.580931
vt 0.007436 0.580923
vt 0.007351 0.580916
vt 0.006091 0.611266
vt 0.007265 0.580908
vt 0.004438 0.672600
vt 0.004525 0.672601
vt 0.003972 0.703396
vt 0.003886 0.703396
vt 0.003800 0.703397
vt 0.003259 0.734200
vt 0.003714 0.703397
vt 0.004267 0.672598
vt 0.005012 0.641866
vt 0.005098 0.641868
vt 0.010677 0.521272
vt 0.013930 0.493498
vt 0.010762 0.521292
vt 0.009546 0.550994
vt 0.008208 0.580990
vt 0.008123 0.580983
vt 0.008037 0.580975
vt 0.006778 0.611301
vt 0.007951 0.580968
vt 0.005127 0.672610
vt 0.004660 0.703400
vt 0.004574 0.703399
vt 0.004488 0.703398
vt 0.003947 0.734195
vt 0.004402 0.703397
vt 0.004955 0.672607
vt 0.005700 0.641885
vt 0.005786 0.641888
vt 0.004144 0.703397
vt 0.003689 0.734196
vt 0.003603 0.734196
vt 0.004058 0.703396
vt 0.004610 0.672601
vt 0.005356 0.641875
vt 0.005442 0.641878
vt 0.005528 0.641880
vt 0.006607 0.611292
vt 0.005614 0.641882
vt 0.004123 0.918393
vt 0.005096 0.949129
vt 0.005012 0.949151
vt 0.004929 0.949174
vt 0.007919 0.978448
vt 0.004841 0.949198
vt 0.003951 0.918411
vt 0.003678 0.887565
vt 0.003763 0.887558
vt 0.004592 0.949270
vt 0.007732 0.978714
vt 0.004505 0.949296
vt 0.003608 0.918450
vt 0.003334 0.887594
vt 0.003420 0.887586
vt 0.003506 0.887579
vt 0.003529 0.857027
vt 0.003592 0.887572
vt 0.003215 0.795736
vt 0.003285 0.764994
vt 0.003371 0.764993
vt 0.003457 0.764991
vt 0.003775 0.734195
vt 0.003543 0.764989
vt 0.003387 0.795732
vt 0.003514 0.826428
vt 0.003428 0.826430
vt 0.170965 0.492129
vt 0.091818 0.491635
vt 0.167201 0.735439
vt 0.086570 0.674173
vt 0.164357 0.978712
vt 0.085021 0.977352
vt 0.169687 0.248040
vt 0.087799 0.189028
vt 0.654521 0.376574
vt 0.652976 0.437061
vt 0.003272 0.857043
vt 0.003352 0.918482
vt 0.331306 0.492663
vt 0.411586 0.493509
vt 0.491590 0.495038
vt 0.570565 0.496310
vt 0.331318 0.493355
vt 0.251041 0.492902
vt 0.330636 0.615950
vt 0.411282 0.555961
vt 0.492582 0.739986
vt 0.573620 0.802522
vt 0.327922 0.858711
vt 0.246100 0.918294
vt 0.325241 0.980799
vt 0.405827 0.981502
vt 0.485705 0.983146
vt 0.587931 0.009342
vt 0.325218 0.981487
vt 0.244606 0.980280
vt 0.332714 0.124720
vt 0.415800 0.063890
vt 0.493797 0.250024
vt 0.574029 0.313203
vt 0.331678 0.369819
vt 0.251331 0.430548
vt 0.656233 0.255358
vt 0.656816 0.195442
vt 0.658231 0.136322
vt 0.660381 0.078405
vt 0.656922 0.255361
vt 0.656316 0.315959
vt 0.003173 0.734201
vt 0.004008 0.672596
vt 0.006349 0.611279
vt 0.009117 0.550943
vt 0.003861 0.734195
vt 0.003645 0.795727
vt 0.013211 0.493024
vt 0.091806 0.491286
vt 0.170991 0.491439
vt 0.251073 0.491867
vt 0.251062 0.492212
vt 0.007036 0.611315
vt 0.090448 0.553457
vt 0.170943 0.492821
vt 0.250649 0.554158
vt 0.249256 0.675831
vt 0.007872 0.978514
vt 0.085036 0.977008
vt 0.164390 0.978024
vt 0.244652 0.979249
vt 0.244638 0.979592
vt 0.002585 0.857093
vt 0.086383 0.067820
vt 0.166225 0.004826
vt 0.250330 0.064132
vt 0.250941 0.186240
vt 0.648925 0.495258
vt 0.652633 0.437027
vt 0.653833 0.376546
vt 0.655284 0.315941
vt 0.655628 0.315949
vt 0.002785 0.009475
vt 0.003005 0.918528
vt 0.002613 0.795755
vt 0.002957 0.795743
vt 0.491592 0.494343
vt 0.570575 0.495609
vt 0.570568 0.495959
vt 0.411592 0.493855
vt 0.649283 0.495725
vt 0.570563 0.496661
vt 0.491579 0.495732
vt 0.411600 0.494548
vt 0.411596 0.494202
vt 0.091842 0.492334
vt 0.013783 0.493318
vt 0.091830 0.491984
vt 0.251051 0.492557
vt 0.571840 0.557856
vt 0.654662 0.616172
vt 0.574236 0.679693
vt 0.411297 0.678014
vt 0.653061 0.867607
vt 0.568032 0.924762
vt 0.485715 0.982458
vt 0.407230 0.920515
vt 0.410207 0.799236
vt 0.085397 0.916113
vt 0.003959 0.857005
vt 0.085180 0.795195
vt 0.247865 0.796897
vt 0.564147 0.985381
vt 0.634377 0.997244
vt 0.564127 0.985725
vt 0.405816 0.981845
vt 0.666732 0.019374
vt 0.564065 0.986409
vt 0.502199 0.004712
vt 0.405798 0.982533
vt 0.405806 0.982189
vt 0.084978 0.978039
vt 0.085002 0.977696
vt 0.244623 0.979936
vt 0.579292 0.070670
vt 0.657543 0.136336
vt 0.575571 0.192286
vt 0.413596 0.186877
vt 0.571719 0.434215
vt 0.411692 0.432038
vt 0.412380 0.309412
vt 0.091052 0.430649
vt 0.005662 0.611245
vt 0.088706 0.310086
vt 0.251115 0.308295
vt 0.659692 0.078408
vt 0.660037 0.078408
vt 0.657160 0.195446
vt 0.660726 0.078398
vt 0.657848 0.195443
vt 0.657504 0.195446
vt 0.653661 0.437131
vt 0.653319 0.437096
vt 0.655972 0.315955
vt 0.008433 0.550860
vt 0.008775 0.550902
vt 0.004352 0.672599
vt 0.009460 0.550984
vt 0.005040 0.672608
vt 0.004697 0.672603
vt 0.004037 0.918402
vt 0.003694 0.918440
vt 0.003301 0.795734
vt 0.013538 0.493125
vt 0.170977 0.491784
vt 0.004205 0.734195
vt 0.169249 0.614596
vt 0.007686 0.978781
vt 0.164375 0.978368
vt 0.002829 0.734207
vt 0.168957 0.126537
vt 0.649157 0.495451
vt 0.654177 0.376561
vt 0.002928 0.857066
vt 0.331300 0.492318
vt 0.491592 0.494691
vt 0.491586 0.495385
vt 0.331324 0.493700
vt 0.170953 0.492475
vt 0.492018 0.618417
vt 0.655624 0.741227
vt 0.490159 0.861070
vt 0.325252 0.980455
vt 0.166280 0.856332
vt 0.485709 0.982801
vt 0.634438 0.997559
vt 0.485704 0.983489
vt 0.332825 0.002441
vt 0.164336 0.979056
vt 0.495879 0.127809
vt 0.655890 0.255352
vt 0.492145 0.371869
vt 0.170709 0.369405
vt 0.657887 0.136330
vt 0.658575 0.136310
vt 0.654865 0.376586
vt 0.006005 0.611262
vt 0.006692 0.611297
vt 0.003615 0.857022
vt 0.012882 0.492922
vt 0.331312 0.493009
vt 0.013974 0.493562
vt 0.329722 0.737460
vt 0.008059 0.978250
vt 0.325230 0.981143
vt 0.003128 0.009457
vt 0.332053 0.247296
vt 0.648700 0.495060
vt 0.656577 0.255361
vt 0.003517 0.734197
vt 0.649408 0.496001
vt 0.634298 0.996935
vt 0.666495 0.019586
vt 0.663978 0.049803
vt 0.646542 0.965764
vt 0.646482 0.965700
vt 0.011209 0.464257
vt 0.013759 0.492465
vt 0.587781 0.009748
vt 0.587811 0.009667
vt 0.651541 0.524686
vt 0.653832 0.437148
vt 0.649377 0.495932
vt 0.649810 0.495652
vt 0.003906 0.949389
vt 0.003997 0.039779
vt 0.004083 0.039778
vt 0.003042 0.009461
vt 0.007601 0.979461
vt 0.043618 0.008115
vt 0.084965 0.978211
vt 0.005131 0.070004
vt 0.013743 0.492541
vt 0.013727 0.492617
vt 0.003284 0.703399
vt 0.007379 0.312809
vt 0.656930 0.285599
vt 0.657265 0.255359
vt 0.663634 0.049802
vt 0.646782 0.966019
vt 0.646722 0.965956
vt 0.646901 0.966146
vt 0.646960 0.966208
vt 0.374896 0.002508
vt 0.405795 0.982705
vt 0.284830 0.981178
vt 0.325207 0.981830
vt 0.587901 0.009422
vt 0.564101 0.986067
vt 0.628289 0.014755
vt 0.587991 0.009180
vt 0.655301 0.772633
vt 0.658020 0.195440
vt 0.649189 0.495519
vt 0.649320 0.495501
vt 0.004252 0.949343
vt 0.003653 0.039780
vt 0.003739 0.039780
vt 0.003477 0.039781
vt 0.003391 0.039782
vt 0.002527 0.009489
vt 0.007664 0.978951
vt 0.006722 0.221252
vt 0.006872 0.251728
vt 0.013650 0.492998
vt 0.013293 0.493049
vt 0.013666 0.492922
vt 0.006836 0.580871
vt 0.009915 0.434256
vt 0.649402 0.495526
vt 0.649483 0.495551
vt 0.654700 0.406857
vt 0.655209 0.376597
vt 0.658610 0.165693
vt 0.658919 0.136294
vt 0.646663 0.965892
vt 0.007862 0.343368
vt 0.008353 0.373878
vt 0.545077 0.006715
vt 0.564046 0.986580
vt 0.007654 0.979036
vt 0.007643 0.979121
vt 0.124366 0.978741
vt 0.164313 0.979399
vt 0.445844 0.983224
vt 0.485705 0.983833
vt 0.587841 0.009585
vt 0.650982 0.899597
vt 0.660898 0.078393
vt 0.655168 0.647298
vt 0.656488 0.315961
vt 0.649314 0.495794
vt 0.649647 0.495601
vt 0.002483 0.826475
vt 0.006517 0.190845
vt 0.003825 0.039780
vt 0.002871 0.009471
vt 0.007622 0.979291
vt 0.207582 0.003945
vt 0.244598 0.980451
vt 0.005638 0.100093
vt 0.006053 0.130267
vt 0.013712 0.492693
vt 0.013696 0.492769
vt 0.564110 0.985982
vt 0.564083 0.986238
vt 0.002441 0.009494
vt 0.666966 0.019157
vt 0.013635 0.493074
vn 0.000001 0.000000 1.000000
vn -0.000001 0.000000 1.000000
vn -0.000001 0.000000 1.000000
vn 0.000001 0.000000 1.000000
vn 0.000000 -1.000000 0.000000
vn 0.000000 -1.000000 0.000000
vn 0.000000 -1.000000 0.000000
vn 0.000000 -1.000000 0.000000
vn 0.000178 -0.003265 -0.999995
vn 0.000029 -0.000288 -1.000000
vn 0.000026 -0.000256 -1.000000
vn 0.000166 -0.003170 -0.999995
vn 0.000447 1.000000 0.000251
vn 0.005801 0.999982 0.001823
vn 0.003440 0.999992 0.002146
vn 0.000136 1.000000 0.000163
vn -0.999737 0.022703 -0.003325
vn -0.999978 0.006582 -0.000843
vn -0.999975 0.006975 -0.000873
vn -0.999732 0.022920 -0.003396
vn 1.000000 -0.000101 0.000000
vn 1.000000 0.000067 0.000000
vn 1.000000 0.000063 0.000000
vn 1.000000 -0.000034 0.000000
vn -0.000000 0.000000 1.000000
vn -0.000000 0.000000 1.000000
vn -0.000000 0.000000 1.000000
vn 0.000000 0.000000 1.000000
vn 0.000359 0.009896 0.999951
vn 0.000033 0.000864 1.000000
vn 0.000030 0.000832 1.000000
vn 0.000325 0.009829 0.999952
vn 0.000000 0.000000 1.000000
vn -0.000001 0.000000 1.000000
vn -0.000001 0.000000 1.000000
vn -0.000001 0.000000 1.000000
vn 0.002642 -0.999994 0.002474
vn 0.000392 -1.000000 0.000522
vn 0.002293 -0.999991 0.003684
vn 0.009112 -0.999894 0.011387
vn 0.000000 -1.000000 0.000000
vn 0.000000 -1.000000 0.000000
vn 0.000000 -1.000000 0.000000
vn 0.000000 -1.000000 0.000000
vn 0.002346 -0.999995 -0.002229
vn 0.000347 -1.000000 -0.000462
vn 0.000000 -1.000000 0.000000
vn 0.000011 -1.000000 -0.000015
vn -0.000001 0.000000 -1.000000
vn 0.000000 0.000000 -1.000000
vn -0.000001 0.000000 -1.000000
vn -0.000001 0.000000 -1.000000
vn 0.015431 0.007690 -0.999851
vn 0.002368 0.000636 -0.999997
vn 0.002374 0.000702 -0.999997
vn 0.015460 0.007803 -0.999850
vn 0.000001 0.000000 -1.000000
vn 0.000000 0.000000 -1.000000
vn 0.000000 0.000000 -1.000000
vn 0.000000 0.000000 -1.000000
vn -0.010192 0.999787 -0.017966
vn -0.008050 0.999933 -0.008381
vn -0.014390 0.999867 -0.007691
vn -0.015019 0.999775 -0.014962
vn 0.000000 1.000000 0.000000
vn 0.000000 1.000000 0.000000
vn 0.000000 1.000000 0.000000
vn 0.000000 1.000000 0.000000
vn 0.009821 0.999681 -0.023256
vn 0.003183 0.999951 -0.009385
vn -0.000000 0.999921 -0.012612
vn -0.000000 0.999583 -0.028866
vn -1.000000 0.000000 0.000000
vn -1.000000 0.000000 0.000000
vn -1.000000 0.000000 0.000000
vn -1.000000 0.000000 0.000000
vn -0.999492 0.025089 -0.019650
vn -0.999853 0.007061 -0.015606
vn -0.999850 0.007450 -0.015633
vn -0.999502 0.024649 -0.019711
vn -1.000000 0.000000 0.000000
vn -1.000000 0.000000 0.000000
vn -1.000000 0.000000 0.000000
vn -1.000000 0.000000 0.000000
vn 1.000000 0.000000 0.000000
vn 1.000000 0.000000 0.000000
vn 1.000000 0.000000 0.000000
vn 1.000000 0.000000 0.000000
vn 1.000000 0.000000 0.000000
vn 1.000000 0.000000 0.000000
vn 1.000000 0.000000 0.000000
vn 1.000000 0.000000 0.000000
vn 1.000000 0.000000 0.000000
vn 1.000000 0.000000 0.000000
vn 1.000000 0.000000 0.000000
vn 1.000000 0.000000 0.000000
vn 0.000000 0.000000 1.000000
vn 0.000001 0.000000 1.000000
vn -0.000001 0.000000 1.000000
vn -0.000001 0.000000 1.000000
vn -0.000001 0.000000 1.000000
vn -0.000001 0.000000 1.000000
vn -0.000001 0.000000 1.000000
vn -0.000001 0.000000 1.000000
vn -0.000001 0.000000 1.000000
vn -0.000001 0.000000 1.000000
vn -0.000001 0.000000 1.000000
vn -0.000001 0.000000 1.000000
vn 0.008553 -0.999907 0.010631
vn 0.002178 -0.999992 0.003488
vn 0.003096 -0.999954 0.009054
vn 0.009333 -0.999718 0.021856
vn -0.019372 -0.999684 0.016008
vn -0.007362 -0.999961 0.004939
vn -0.012050 -0.999917 0.004587
vn -0.028210 -0.999536 0.011528
vn -0.000403 -0.999999 0.000950
vn -0.003268 -0.999949 0.009601
vn 0.000000 -0.999917 0.012879
vn 0.000000 -0.999999 0.001486
vn 0.000337 -0.011460 -0.999934
vn 0.000313 -0.011363 -0.999935
vn 0.000202 -0.021350 -0.999772
vn 0.000222 -0.021446 -0.999770
vn 0.000000 0.000000 -1.000000
vn 0.000032 -0.000256 -1.000000
vn 0.000035 -0.000288 -1.000000
vn 0.000000 0.000000 -1.000000
vn 0.000000 0.000000 -1.000000
vn 0.000000 0.000000 -1.000000
vn 0.000000 0.000000 -1.000000
vn 0.000000 0.000000 -1.000000
vn -0.007111 0.999194 0.039512
vn -0.001564 0.999877 0.015596
vn -0.004401 0.999759 0.021520
vn -0.009603 0.998807 0.047887
vn -0.013366 0.999880 0.007770
vn -0.015738 0.999584 0.024182
vn -0.023443 0.999572 0.017501
vn -0.024588 0.999660 0.008710
vn 0.011868 0.999930 0.000000
vn 0.010528 0.999912 -0.008040
vn 0.000000 0.999952 -0.009824
vn -0.000000 1.000000 0.000000
vn -0.998919 0.046193 -0.005265
vn -0.998937 0.045781 -0.005329
vn -0.997822 0.065850 -0.003954
vn -0.997796 0.066241 -0.003909
vn -1.000000 0.000585 -0.000026
vn -0.999979 0.006392 -0.000727
vn -0.999974 0.007163 -0.000694
vn -1.000000 0.000971 -0.000022
vn -1.000000 0.000000 0.000000
vn -1.000000 0.000000 0.000000
vn -1.000000 0.000000 0.000000
vn -1.000000 0.000000 0.000000
vn 1.000000 0.000021 0.000000
vn 1.000000 0.000031 0.000000
vn 1.000000 0.000110 0.000000
vn 1.000000 0.000017 0.000000
vn 1.000000 0.000000 0.000000
vn 1.000000 0.000061 0.000000
vn 1.000000 0.000010 0.000000
vn 1.000000 -0.000097 0.000000
vn 1.000000 0.000000 0.000000
vn 1.000000 0.000000 0.000000
vn 1.000000 0.000000 0.000000
vn 1.000000 0.000000 0.000000
vn 0.000083 0.009831 0.999952
vn 0.000005 0.000832 1.000000
vn 0.000001 0.000832 1.000000
vn 0.000048 0.009800 0.999952
vn 0.001966 0.034716 0.999395
vn 0.001897 0.034729 0.999395
vn 0.005511 0.065025 0.997868
vn 0.005555 0.064926 0.997875
vn 0.000000 0.000000 1.000000
vn 0.000018 0.000864 1.000000
vn 0.000022 0.000832 1.000000
vn 0.000000 0.000000 1.000000
vn 0.002526 0.034619 0.999397
vn 0.002463 0.034726 0.999394
vn 0.005961 0.064904 0.997874
vn 0.006017 0.064900 0.997874
vn 0.000000 0.000000 1.000000
vn 0.000048 0.000832 1.000000
vn 0.000051 0.000864 1.000000
vn 0.000000 0.000000 1.000000
vn 0.000001 0.000000 1.000000
vn 0.000001 0.000000 1.000000
vn 0.000001 0.000000 1.000000
vn 0.000001 0.000000 1.000000
vn 0.000000 0.000000 1.000000
vn -0.000001 0.000000 1.000000
vn -0.000001 0.000000 1.000000
vn 0.000000 0.000000 1.000000
vn 0.000001 0.000000 1.000000
vn 0.000003 0.000000 1.000000
vn 0.000001 0.000000 1.000000
vn -0.000001 0.000000 1.000000
vn -0.000000 0.000000 1.000000
vn 0.000000 0.000000 1.000000
vn 0.000000 0.000000 1.000000
vn -0.000000 0.000000 1.000000
vn 0.008443 -0.999954 -0.004488
vn 0.000435 -1.000000 -0.000579
vn 0.001279 -0.999999 -0.000545
vn 0.008336 -0.999962 0.002398
vn 0.000000 -1.000000 0.000000
vn 0.001455 -0.999996 -0.002412
vn 0.002340 -0.999979 -0.006029
vn 0.000540 -1.000000 -0.000719
vn 0.000000 -1.000000 0.000000
vn 0.000000 -1.000000 0.000000
vn 0.000000 -1.000000 0.000000
vn 0.000000 -1.000000 0.000000
vn 0.017023 -0.999528 0.025595
vn 0.005436 -0.999936 0.009937
vn 0.004683 -0.999793 0.019799
vn 0.007401 -0.999381 0.034387
vn 0.000000 -0.999749 0.022423
vn -0.011646 -0.999745 0.019339
vn -0.014479 -0.999791 0.014407
vn 0.000000 -0.999886 0.015096
vn 0.000241 -1.000000 0.000554
vn 0.002086 -0.999979 0.006171
vn 0.001449 -0.999996 0.002340
vn 0.000087 -1.000000 0.000116
vn 0.010624 -0.999263 -0.036883
vn 0.016405 -0.999530 -0.025906
vn 0.022663 -0.999584 -0.017858
vn 0.016773 -0.999586 -0.023389
vn -0.000347 -1.000000 -0.000811
vn -0.000947 -0.999934 -0.011457
vn 0.005037 -0.999863 -0.015795
vn 0.000763 -0.999999 -0.001364
vn 0.000000 -1.000000 0.000000
vn 0.000000 -1.000000 0.000000
vn 0.000000 -1.000000 0.000000
vn 0.000000 -1.000000 0.000000
vn 0.015652 0.007843 -0.999847
vn 0.002394 0.000700 -0.999997
vn 0.002394 0.000668 -0.999997
vn 0.015677 0.007780 -0.999847
vn 0.015532 0.027904 -0.999490
vn 0.015598 0.027760 -0.999493
vn -0.012170 0.053533 -0.998492
vn -0.012215 0.053668 -0.998484
vn 0.000000 0.000000 -1.000000
vn 0.002382 0.000668 -0.999997
vn 0.002378 0.000700 -0.999997
vn -0.000000 0.000000 -1.000000
vn 0.015095 0.027931 -0.999496
vn 0.015143 0.027934 -0.999495
vn -0.012539 0.053717 -0.998478
vn -0.012582 0.053721 -0.998477
vn 0.000000 0.000000 -1.000000
vn 0.002358 0.000702 -0.999997
vn 0.002355 0.000700 -0.999997
vn -0.000000 0.000000 -1.000000
vn -0.000003 0.000000 -1.000000
vn -0.000001 0.000000 -1.000000
vn -0.000002 0.000000 -1.000000
vn -0.000002 0.000000 -1.000000
vn 0.000090 -0.003265 -0.999995
vn 0.000016 -0.000288 -1.000000
vn 0.000016 -0.000288 -1.000000
vn 0.000079 -0.003265 -0.999995
vn 0.000151 -0.011428 -0.999935
vn 0.000126 -0.011332 -0.999936
vn 0.000050 -0.021285 -0.999774
vn 0.000070 -0.021415 -0.999771
vn 0.000001 0.000000 -1.000000
vn 0.000022 -0.000288 -1.000000
vn 0.000024 -0.000288 -1.000000
vn -0.000000 0.000000 -1.000000
vn -0.005565 0.999773 -0.020586
vn 0.011182 0.999737 -0.020035
vn 0.013396 0.999814 -0.013868
vn -0.006424 0.999915 -0.011327
vn -0.000502 1.000000 -0.000669
vn -0.005568 0.999931 -0.010398
vn -0.004578 0.999785 -0.020212
vn -0.000870 0.999996 -0.002496
vn -0.000447 1.000000 0.000251
vn 0.000000 1.000000 0.000000
vn 0.000000 1.000000 0.000000
vn -0.000136 1.000000 0.000163
vn -0.009218 0.999890 0.011635
vn -0.003554 0.999974 0.006258
vn -0.001591 0.999942 0.010704
vn 0.003042 0.999959 0.008588
vn -0.000293 1.000000 -0.000354
vn -0.000534 1.000000 0.000610
vn -0.001363 0.999999 0.000494
vn -0.000977 0.999999 -0.000556
vn 0.000000 1.000000 0.000000
vn -0.000375 1.000000 -0.000499
vn -0.002220 0.999991 -0.003578
vn -0.000141 1.000000 -0.000188
vn -0.006474 0.999968 -0.004811
vn 0.006706 0.999970 -0.003908
vn 0.010859 0.999930 -0.004662
vn -0.011118 0.999928 -0.004413
vn 0.000000 1.000000 0.000000
vn -0.000959 0.999999 -0.001469
vn -0.003399 0.999975 -0.006227
vn -0.000392 1.000000 -0.000522
vn 0.000076 1.000000 0.000101
vn 0.000000 1.000000 0.000000
vn 0.000184 1.000000 0.000245
vn 0.001066 0.999998 0.001708
vn -0.999478 0.025245 -0.020185
vn -0.999846 0.007457 -0.015861
vn -0.999849 0.007055 -0.015880
vn -0.999489 0.024729 -0.020241
vn -0.998820 0.048575 0.000306
vn -0.998789 0.049199 0.000234
vn -0.997252 0.069007 0.026970
vn -0.997281 0.068568 0.027005
vn -0.999995 0.001166 -0.003082
vn -0.999847 0.007644 -0.015729
vn -0.999852 0.007068 -0.015697
vn -0.999995 0.000780 -0.003076
vn -0.998801 0.048941 0.000903
vn -0.998791 0.049144 0.000830
vn -0.997222 0.069284 0.027353
vn -0.997245 0.068937 0.027395
vn -0.999995 0.000973 -0.003044
vn -0.999853 0.007444 -0.015474
vn -0.999853 0.007413 -0.015450
vn -0.999995 0.000971 -0.003041
vn -1.000000 0.000000 0.000000
vn -1.000000 0.000000 0.000000
vn -1.000000 0.000000 0.000000
vn -1.000000 0.000000 0.000000
vn -0.999718 0.023441 -0.003831
vn -0.999977 0.006754 -0.001079
vn -0.999979 0.006369 -0.001112
vn -0.999745 0.022267 -0.003892
vn -0.998928 0.045925 -0.005814
vn -0.998927 0.045940 -0.005872
vn -0.997807 0.066049 -0.004285
vn -0.997808 0.066032 -0.004264
vn -1.000000 0.000584 -0.000059
vn -0.999978 0.006555 -0.000961
vn -0.999979 0.006387 -0.000933
vn -1.000000 0.000973 -0.000055
vn 1.000000 0.000000 0.000000
vn 1.000000 0.000000 0.000000
vn 1.000000 0.000000 0.000000
vn 1.000000 0.000000 0.000000
vn 1.000000 0.000000 0.000000
vn 1.000000 0.000000 0.000000
vn 1.000000 0.000000 0.000000
vn 1.000000 0.000000 0.000000
vn 1.000000 0.000000 0.000000
vn 1.000000 0.000000 0.000000
vn 1.000000 0.000000 0.000000
vn 1.000000 0.000000 0.000000
vn 1.000000 0.000000 0.000000
vn 1.000000 0.000000 0.000000
vn 1.000000 0.000000 0.000000
vn 1.000000 0.000000 0.000000
vn 1.000000 0.000000 0.000000
vn 1.000000 0.000000 0.000000
vn 1.000000 0.000000 0.000000
vn 1.000000 0.000000 0.000000
vn 1.000000 0.000000 0.000000
vn 1.000000 0.000000 0.000000
vn 1.000000 0.000000 0.000000
vn 1.000000 0.000000 0.000000
vn 1.000000 -0.000063 0.000000
vn 1.000000 -0.000089 0.000000
vn 1.000000 0.000010 0.000000
vn 1.000000 -0.000059 0.000000
vn 1.000000 0.000115 0.000000
vn 1.000000 -0.000069 0.000000
vn 1.000000 -0.000079 0.000000
vn 1.000000 0.000020 0.000000
vn 1.000000 -0.000097 0.000000
vn 1.000000 0.000010 0.000000
vn 1.000000 -0.000034 0.000000
vn 1.000000 -0.000098 0.000000
vn 0.000001 0.000000 1.000000
vn 0.000001 0.000000 1.000000
vn -0.000001 0.000000 1.000000
vn -0.000001 0.000000 1.000000
vn -0.000000 0.000000 1.000000
vn 0.600526 0.000000 0.799605
vn 0.600526 0.000000 0.799605
vn -0.000000 0.000000 1.000000
vn 0.000001 0.000000 1.000000
vn 0.000001 0.000000 1.000000
vn 0.000001 0.000000 1.000000
vn 0.000000 -1.000000 0.000000
vn 0.000000 -1.000000 0.000000
vn 0.000000 -1.000000 0.000000
vn 0.000000 -1.000000 0.000000
vn 0.000000 -1.000000 0.000000
vn 0.002123 -0.999998 0.000000
vn 0.002596 -0.999996 0.001455
vn 0.000392 -1.000000 0.000933
vn 0.000154 -1.000000 0.000206
vn 0.000375 -1.000000 0.000500
vn 0.000000 -1.000000 0.000000
vn 0.000242 -0.011333 -0.999936
vn 0.000219 -0.011396 -0.999935
vn 0.000126 -0.021382 -0.999771
vn 0.000145 -0.021351 -0.999772
vn 0.000164 -0.021383 -0.999771
vn 0.604432 -0.020567 -0.796391
vn 0.600572 -0.020764 -0.799301
vn 0.000183 -0.021352 -0.999772
vn 0.000290 -0.011364 -0.999935
vn 0.000203 -0.003233 -0.999995
vn 0.000192 -0.003233 -0.999995
vn 0.000000 1.000000 0.000000
vn 0.000000 1.000000 0.000000
vn 0.000000 1.000000 0.000000
vn 0.000000 1.000000 0.000000
vn 0.000000 1.000000 0.000000
vn 0.002123 0.999998 0.000000
vn 0.001049 0.999994 0.003320
vn -0.000758 0.999997 0.002310
vn 0.000002 0.999999 0.001303
vn -0.000312 0.999925 0.012249
vn 0.000635 0.999999 0.001305
vn -0.998925 0.046018 -0.005544
vn -0.998899 0.046582 -0.005623
vn -0.997778 0.066497 -0.004144
vn -0.997805 0.066097 -0.004075
vn -0.997779 0.066483 -0.004069
vn -0.593916 0.107970 0.797249
vn -0.593918 0.107632 0.797293
vn -0.997793 0.066287 -0.004024
vn -0.998945 0.045599 -0.005398
vn -0.999738 0.022681 -0.003204
vn -0.999742 0.022490 -0.003264
vn 1.000000 -0.000019 0.000000
vn 1.000000 0.000076 0.000000
vn 1.000000 0.000118 0.000000
vn 1.000000 0.000111 0.000000
vn 1.000000 0.000027 0.000000
vn 0.604539 -0.020682 -0.796307
vn 0.604498 -0.020681 -0.796338
vn 1.000000 0.000118 0.000000
vn 1.000000 0.000021 0.000000
vn 1.000000 -0.000007 0.000000
vn 1.000000 -0.000094 0.000000
vn 0.000001 0.000000 1.000000
vn 0.000000 0.000000 1.000000
vn 0.000000 0.000000 1.000000
vn 0.000001 0.000000 1.000000
vn 0.000001 0.000000 1.000000
vn -0.014933 0.999889 0.000145
vn -0.001394 0.999996 0.002388
vn 0.000000 0.000000 1.000000
vn 0.000000 0.000000 1.000000
vn 0.000008 0.000864 1.000000
vn 0.000000 0.000000 1.000000
vn 0.002247 0.034689 0.999396
vn 0.002182 0.034757 0.999393
vn 0.005739 0.065007 0.997868
vn 0.005794 0.064916 0.997874
vn 0.005854 0.065003 0.997868
vn -0.593882 0.107976 0.797274
vn -0.593923 0.107515 0.797305
vn 0.005917 0.065032 0.997866
vn 0.002399 0.034814 0.999391
vn 0.000429 0.009893 0.999951
vn 0.000394 0.009954 0.999950
vn -0.000001 0.000000 1.000000
vn -0.000001 0.000000 1.000000
vn -0.000001 0.000000 1.000000
vn 0.000000 0.000000 1.000000
vn -0.000000 0.000000 1.000000
vn -0.026182 -0.999561 0.013841
vn -0.031597 -0.999453 0.009713
vn -0.000001 0.000000 1.000000
vn -0.000001 0.000000 1.000000
vn 0.000000 0.000000 1.000000
vn -0.000000 0.000000 1.000000
vn 0.019586 -0.999704 0.014428
vn 0.018458 -0.999448 0.027629
vn 0.024960 -0.999508 0.018997
vn 0.028595 -0.999524 0.011546
vn 0.011757 -0.999923 0.004101
vn 0.013974 -0.999872 0.007775
vn 0.001022 -0.999992 0.003761
vn 0.000591 -1.000000 0.000575
vn 0.000080 -1.000000 0.000106
vn 0.000000 -1.000000 0.000000
vn 0.000000 -1.000000 0.000000
vn 0.000000 -1.000000 0.000000
vn 0.000000 -1.000000 0.000000
vn 0.000000 -1.000000 0.000000
vn 0.000000 -1.000000 0.000000
vn 0.000000 -1.000000 0.000000
vn -0.002123 -0.999998 0.000000
vn -0.001340 -0.999993 0.003556
vn 0.000870 -0.999997 0.002414
vn 0.000472 -1.000000 0.000628
vn -0.000201 -0.999992 0.004001
vn -0.000087 -1.000000 0.000116
vn 0.000307 -1.000000 -0.000237
vn 0.004612 -0.999986 0.002417
vn 0.007843 -0.999965 0.002795
vn 0.001258 -0.999999 -0.000116
vn 0.011418 -0.999928 -0.003677
vn 0.013428 -0.999896 -0.005257
vn 0.028359 -0.999556 -0.009156
vn 0.025285 -0.999626 -0.010446
vn 0.017301 -0.999747 -0.014359
vn 0.008851 -0.999741 -0.020952
vn 0.008081 -0.999916 -0.010168
vn -0.000001 0.000000 -1.000000
vn 0.000000 0.000000 -1.000000
vn 0.000000 0.000000 -1.000000
vn 0.000000 0.000000 -1.000000
vn -0.000000 0.000000 -1.000000
vn 0.018128 -0.999819 0.005815
vn 0.000000 -0.999981 0.006148
vn -0.000000 0.000000 -1.000000
vn 0.000000 0.000000 -1.000000
vn 0.002391 0.000700 -0.999997
vn 0.000000 0.000000 -1.000000
vn 0.015310 0.027832 -0.999495
vn 0.015358 0.027997 -0.999490
vn -0.012352 0.053705 -0.998480
vn -0.012405 0.053651 -0.998483
vn -0.012433 0.053642 -0.998483
vn -0.622799 0.098883 -0.776108
vn -0.623206 0.098456 -0.775836
vn -0.012500 0.053681 -0.998480
vn 0.015192 0.027912 -0.999495
vn 0.015379 0.007837 -0.999851
vn 0.015400 0.007842 -0.999851
vn 0.000000 0.000000 -1.000000
vn -0.000000 0.000000 -1.000000
vn -0.000001 0.000000 -1.000000
vn 0.000000 0.000000 -1.000000
vn 0.000000 0.000000 -1.000000
vn -0.012163 0.999926 0.000696
vn -0.028549 0.999574 0.006028
vn -0.000002 0.000000 -1.000000
vn -0.000002 0.000000 -1.000000
vn 0.000022 -0.000288 -1.000000
vn 0.000003 0.000000 -1.000000
vn -0.017260 0.999724 -0.015941
vn -0.009654 0.999857 -0.013860
vn -0.010110 0.999924 -0.007126
vn -0.020040 0.999756 -0.009349
vn -0.016290 0.999785 -0.012832
vn -0.017578 0.999795 -0.010008
vn 0.000000 0.999939 -0.011074
vn 0.000000 0.999894 -0.014547
vn -0.000007 0.999751 -0.022319
vn 0.006697 0.999851 -0.015897
vn -0.000136 0.999805 -0.019754
vn 0.000000 1.000000 0.000000
vn 0.000000 1.000000 0.000000
vn 0.000000 1.000000 0.000000
vn 0.000000 1.000000 0.000000
vn 0.000000 1.000000 0.000000
vn -0.002123 0.999998 0.000000
vn -0.002473 0.999994 0.002404
vn -0.000540 0.999998 0.001685
vn -0.000363 1.000000 0.000483
vn -0.000936 0.999999 0.001246
vn 0.000000 1.000000 0.000000
vn -0.000000 0.999442 -0.033392
vn -0.017832 0.999439 -0.028335
vn -0.023887 0.999529 -0.019260
vn 0.000000 0.999752 -0.022266
vn 0.024844 0.999506 -0.019260
vn 0.027100 0.999584 -0.009820
vn 0.031900 0.999464 -0.007315
vn 0.028472 0.999526 -0.011693
vn 0.019400 0.999707 -0.014488
vn 0.002578 0.999994 -0.002435
vn 0.008956 0.999897 -0.011258
vn -1.000000 0.000000 0.000000
vn -1.000000 0.000000 0.000000
vn -1.000000 0.000000 0.000000
vn -1.000000 0.000000 0.000000
vn -1.000000 0.000000 0.000000
vn -0.002123 0.999998 0.000000
vn -0.002856 0.999989 -0.003650
vn -0.999995 0.000587 -0.003104
vn -0.999995 0.000580 -0.003100
vn -0.999847 0.007465 -0.015833
vn -0.999995 0.000973 -0.003095
vn -0.998800 0.048967 0.000606
vn -0.998810 0.048777 0.000527
vn -0.997288 0.068413 0.027138
vn -0.997236 0.069144 0.027198
vn -0.997249 0.068944 0.027246
vn -0.623014 0.099003 -0.775920
vn -0.622955 0.098664 -0.776011
vn -0.997247 0.068951 0.027292
vn -0.998800 0.048961 0.000753
vn -0.999501 0.024858 -0.019513
vn -0.999513 0.024314 -0.019580
vn -1.000000 0.000000 0.000000
vn -1.000000 0.000000 0.000000
vn -1.000000 0.000000 0.000000
vn -1.000000 0.000000 0.000000
vn -1.000000 0.000000 0.000000
vn -0.002123 -0.999998 0.000000
vn -0.001048 -0.999999 -0.001437
vn -1.000000 0.000777 -0.000081
vn -1.000000 0.000582 -0.000077
vn -0.999975 0.006945 -0.001050
vn -1.000000 0.000779 -0.000072
vn 1.000000 0.000000 0.000000
vn 1.000000 0.000000 0.000000
vn 1.000000 0.000000 0.000000
vn 1.000000 0.000000 0.000000
vn 1.000000 0.000000 0.000000
vn 0.002123 0.999998 0.000000
vn 0.001342 0.999999 -0.001044
vn 1.000000 0.000000 0.000000
vn 1.000000 0.000000 0.000000
vn 1.000000 0.000000 0.000000
vn 1.000000 0.000000 0.000000
vn 1.000000 0.000000 0.000000
vn 1.000000 0.000000 0.000000
vn 1.000000 0.000000 0.000000
vn 1.000000 0.000000 0.000000
vn 1.000000 0.000000 0.000000
vn 0.600577 0.000000 0.799567
vn 0.600574 0.000000 0.799569
vn 1.000000 0.000000 0.000000
vn 1.000000 0.000000 0.000000
vn 1.000000 0.000000 0.000000
vn 1.000000 0.000000 0.000000
vn 1.000000 0.000000 0.000000
vn 1.000000 0.000000 0.000000
vn 1.000000 0.000000 0.000000
vn 1.000000 0.000000 0.000000
vn 1.000000 0.000000 0.000000
vn 0.002123 -0.999998 0.000000
vn 0.003904 -0.999990 -0.002379
vn 1.000000 -0.000097 0.000000
vn 1.000000 -0.000098 0.000000
vn 1.000000 0.000063 0.000000
vn 1.000000 0.000000 0.000000
vn 0.000000 0.000000 1.000000
vn 0.600505 0.000000 0.799621
vn 0.600600 0.000000 0.799550
vn -0.000001 0.000000 1.000000
vn -0.000002 0.000000 1.000000
vn -0.029192 0.999566 -0.003871
vn -0.012785 0.999918 -0.000625
vn -0.000001 0.000000 1.000000
vn 0.000000 0.000000 1.000000
vn 0.000000 0.000000 1.000000
vn 0.000000 0.000000 1.000000
vn -0.000001 0.000000 1.000000
vn 0.000000 0.999948 -0.010231
vn -0.000001 0.000000 1.000000
vn -0.000001 0.000000 1.000000
vn -0.000001 0.000000 1.000000
vn -0.000001 0.000000 1.000000
vn 0.000000 0.000000 1.000000
vn -0.000000 0.000000 1.000000
vn 0.000000 0.000000 1.000000
vn -0.000001 0.000000 1.000000
vn -0.000000 0.000000 1.000000
vn 0.000001 0.000000 1.000000
vn -0.000001 0.000000 1.000000
vn -0.000001 0.000000 1.000000
vn 0.000001 0.000000 1.000000
vn -0.000000 0.000000 1.000000
vn -0.000001 0.000000 1.000000
vn -0.000001 0.000000 1.000000
vn 0.000000 0.000000 1.000000
vn 0.000000 0.000000 1.000000
vn 0.017221 -0.999526 0.025535
vn 0.012978 -0.999441 0.030811
vn 0.016144 -0.999667 0.020112
vn 0.023214 -0.999579 0.017411
vn 0.026409 -0.999595 0.010587
vn 0.029505 -0.999495 0.011825
vn 0.011551 -0.999906 0.007359
vn 0.009933 -0.999941 0.004311
vn 0.006257 -0.999973 0.003867
vn -0.002642 -0.999993 0.002511
vn 0.002475 -0.999994 0.002334
vn -0.023961 -0.999532 0.018997
vn 0.000000 -0.999880 0.015476
vn 0.000000 -0.999759 0.021959
vn 0.000000 -0.999445 0.033328
vn 0.009955 -0.999675 0.023450
vn 0.000000 -0.999577 0.029074
vn -0.009955 -0.999676 0.023450
vn -0.002293 -0.999991 0.003684
vn -0.009099 -0.999894 0.011406
vn 0.000000 -1.000000 0.000000
vn 0.000000 -1.000000 0.000000
vn 0.000000 -1.000000 0.000000
vn 0.000000 -1.000000 0.000000
vn 0.000000 -1.000000 0.000000
vn 0.000000 -1.000000 0.000000
vn 0.000000 -1.000000 0.000000
vn 0.000000 -1.000000 0.000000
vn 0.000000 -1.000000 0.000000
vn 0.000000 -1.000000 0.000000
vn -0.000155 -1.000000 0.000207
vn 0.000240 -0.021416 -0.999771
vn 0.605274 -0.020667 -0.795749
vn 0.600582 -0.020767 -0.799293
vn 0.000260 -0.021351 -0.999772
vn 0.000381 -0.011363 -0.999935
vn 0.014756 -0.999811 -0.012658
vn 0.018434 -0.999718 -0.014947
vn 0.000236 -0.003233 -0.999995
vn 0.000224 -0.003169 -0.999995
vn 0.000032 -0.000288 -1.000000
vn 0.000214 -0.003265 -0.999995
vn -0.000000 0.000000 -1.000000
vn 0.001923 -0.999995 -0.002614
vn -0.000000 0.000000 -1.000000
vn 0.000000 0.000000 -1.000000
vn 0.000000 0.000000 -1.000000
vn 0.000000 0.000000 -1.000000
vn 0.000000 0.000000 -1.000000
vn 0.000000 0.000000 -1.000000
vn 0.000000 0.000000 -1.000000
vn -0.000000 0.000000 -1.000000
vn -0.000000 0.000000 -1.000000
vn 0.000001 0.000000 -1.000000
vn 0.000000 0.000000 -1.000000
vn 0.000001 0.000000 -1.000000
vn 0.000000 0.000000 -1.000000
vn 0.000000 0.000000 -1.000000
vn 0.000001 0.000000 -1.000000
vn 0.000003 0.000000 -1.000000
vn 0.000032 -0.000288 -1.000000
vn 0.000003 0.000000 -1.000000
vn -0.010958 0.998774 0.048282
vn -0.003341 0.998889 0.047002
vn 0.002835 0.999874 0.015589
vn -0.007118 0.999786 0.019417
vn -0.016526 0.999571 0.024187
vn -0.015828 0.999862 0.004978
vn -0.018576 0.999788 0.008897
vn -0.017033 0.999589 0.023071
vn -0.011539 0.999279 0.036173
vn -0.005489 0.999806 0.018897
vn -0.004426 0.999540 0.030011
vn -0.009034 0.999959 -0.000731
vn -0.001858 0.999991 -0.003718
vn -0.001192 0.999983 -0.005785
vn -0.000273 0.999911 -0.013373
vn -0.009983 0.999845 -0.014500
vn -0.000010 0.999886 -0.015077
vn 0.005823 0.999927 -0.010584
vn 0.010775 0.999940 -0.001885
vn 0.000696 0.999995 0.002946
vn 0.000000 0.999952 0.009824
vn -0.010874 0.999905 0.008502
vn -0.008177 0.999885 0.012794
vn 0.000000 0.999887 0.015063
vn 0.008177 0.999885 0.012794
vn 0.004560 0.999933 0.010681
vn 0.004176 0.999978 0.005211
vn 0.008835 0.999935 0.007246
vn 0.012812 0.999905 0.005162
vn 0.006438 0.999979 0.000832
vn 0.014192 0.999899 0.000180
vn -0.997745 0.067006 -0.003900
vn -0.593861 0.108050 0.797279
vn -0.593993 0.107618 0.797240
vn -0.997783 0.066448 -0.003833
vn -0.998914 0.046312 -0.005131
vn 0.038257 0.998480 -0.039675
vn 0.012937 0.999915 0.001705
vn -0.999727 0.023183 -0.003022
vn -0.999746 0.022335 -0.003083
vn -0.999982 0.006003 -0.000757
vn -0.999737 0.022715 -0.003146
vn -1.000000 0.000000 0.000000
vn -0.002123 0.999998 0.000000
vn -1.000000 0.000000 0.000000
vn -1.000000 0.000000 0.000000
vn -1.000000 0.000000 0.000000
vn -1.000000 0.000000 0.000000
vn -1.000000 0.000000 0.000000
vn -1.000000 0.000971 -0.000033
vn -1.000000 0.000387 -0.000030
vn -1.000000 0.000000 0.000000
vn -1.000000 0.000000 0.000000
vn -1.000000 0.000000 0.000000
vn -1.000000 0.000000 0.000000
vn -1.000000 0.000000 0.000000
vn -1.000000 0.000000 0.000000
vn -0.999999 0.001166 -0.000051
vn -1.000000 0.000776 -0.000046
vn -1.000000 0.000584 -0.000042
vn -0.999976 0.006952 -0.000813
vn -1.000000 0.000973 -0.000038
vn 1.000000 0.000000 0.000000
vn 0.601517 -0.020703 -0.798592
vn 0.600545 -0.020788 -0.799320
vn 1.000000 -0.000096 0.000000
vn 1.000000 -0.000017 0.000000
vn -0.005699 0.998684 0.050974
vn 1.000000 0.000094 0.000000
vn 1.000000 0.000062 0.000000
vn 1.000000 -0.000031 0.000000
vn 1.000000 0.000000 0.000000
vn 1.000000 0.000000 0.000000
vn 0.002123 0.999998 0.000000
vn 1.000000 0.000000 0.000000
vn 1.000000 0.000000 0.000000
vn 1.000000 0.000000 0.000000
vn 1.000000 0.000000 0.000000
vn 1.000000 0.000000 0.000000
vn 1.000000 -0.000098 0.000000
vn 1.000000 0.000000 0.000000
vn 1.000000 0.000000 0.000000
vn 1.000000 0.000000 0.000000
vn 1.000000 0.000000 0.000000
vn 1.000000 0.000000 0.000000
vn 1.000000 0.000000 0.000000
vn 1.000000 0.000000 0.000000
vn 1.000000 0.000000 0.000000
vn 1.000000 0.000000 0.000000
vn 1.000000 0.000000 0.000000
vn 1.000000 -0.000035 0.000000
vn 1.000000 -0.000097 0.000000
vn 0.001680 0.034657 0.999398
vn 0.018482 0.999415 -0.028771
vn 0.063649 0.995860 -0.064904
vn 0.005326 0.064953 0.997874
vn 0.005379 0.064989 0.997872
vn -0.594085 0.107679 0.797163
vn 0.005454 0.065058 0.997867
vn 0.001827 0.034809 0.999392
vn 0.000151 0.009830 0.999952
vn 0.000117 0.009895 0.999951
vn 0.005625 0.064994 0.997870
vn -0.594019 0.107391 0.797251
vn 0.005689 0.065108 0.997862
vn 0.002108 0.034772 0.999393
vn 0.000291 0.009896 0.999951
vn 0.000255 0.009827 0.999952
vn 0.000221 0.009862 0.999951
vn 0.000015 0.000832 1.000000
vn 0.000187 0.009831 0.999952
vn 0.000001 0.000000 1.000000
vn -0.000000 0.000000 1.000000
vn -0.000000 0.000000 1.000000
vn 0.000001 0.000000 1.000000
vn 0.000001 0.000000 1.000000
vn -0.000000 0.000000 1.000000
vn 0.000000 0.000000 1.000000
vn -0.000000 0.000000 1.000000
vn 0.000000 0.000000 1.000000
vn 0.000000 0.000000 1.000000
vn 0.006090 0.065028 0.997865
vn -0.593924 0.107300 0.797334
vn -0.593662 0.107826 0.797458
vn 0.006156 0.065057 0.997863
vn 0.002678 0.034777 0.999391
vn -0.018439 -0.999246 0.034173
vn 0.005725 -0.999937 0.009639
vn 0.000533 0.009891 0.999951
vn 0.000498 0.009830 0.999952
vn 0.000044 0.000832 1.000000
vn 0.000463 0.009793 0.999952
vn 0.000001 0.000000 1.000000
vn 0.031969 -0.999406 0.012871
vn -0.000000 0.000000 1.000000
vn 0.000001 0.000000 1.000000
vn -0.000001 0.000000 1.000000
vn -0.000000 0.000000 1.000000
vn -0.000000 0.000000 1.000000
vn -0.000000 0.000000 1.000000
vn 0.000000 0.000000 1.000000
vn -0.000000 0.000000 1.000000
vn -0.000001 0.000000 1.000000
vn -0.000000 0.000000 1.000000
vn -0.000000 0.000000 1.000000
vn -0.000000 0.000000 1.000000
vn 0.000000 0.000000 1.000000
vn 0.000000 0.000000 1.000000
vn 0.000000 0.000000 1.000000
vn 0.000037 0.000896 1.000000
vn -0.000000 0.000000 1.000000
vn 0.000002 0.000000 1.000000
vn 0.025242 -0.999582 0.014061
vn 0.000002 0.000000 1.000000
vn 0.000000 0.000000 1.000000
vn 0.600550 0.000000 0.799587
vn 0.600526 0.000000 0.799605
vn 0.000003 0.000000 1.000000
vn 0.000001 0.000000 1.000000
vn 0.000000 0.000000 1.000000
vn -0.000001 0.000000 1.000000
vn -0.000001 0.000000 1.000000
vn 0.600553 0.000000 0.799585
vn -0.000001 0.000000 1.000000
vn 0.000001 0.000000 1.000000
vn 0.000001 0.000000 1.000000
vn 0.000001 0.000000 1.000000
vn -0.000000 0.000000 1.000000
vn -0.000001 0.000000 1.000000
vn 0.000001 0.000000 1.000000
vn 0.000001 0.000000 1.000000
vn 0.000001 0.000000 1.000000
vn 0.000001 0.000000 1.000000
vn 0.000000 0.000000 1.000000
vn -0.000001 0.000000 1.000000
vn -0.000001 0.000000 1.000000
vn 0.000000 0.000000 1.000000
vn -0.000001 0.000000 1.000000
vn -0.000001 0.000000 1.000000
vn -0.007858 -0.999769 0.020005
vn -0.063530 -0.995488 0.070487
vn -0.048704 -0.997356 0.053931
vn -0.020160 -0.999641 0.017674
vn -0.037336 -0.998654 0.036013
vn -0.009749 -0.999952 -0.000984
vn -0.001432 -0.999969 -0.007721
vn 0.005524 -0.999925 -0.010918
vn 0.000179 -1.000000 -0.000238
vn 0.003150 -0.999988 -0.003718
vn 0.000000 -1.000000 0.000000
vn -0.002123 -0.999998 0.000000
vn 0.000000 -1.000000 0.000000
vn 0.000000 -1.000000 0.000000
vn 0.000000 -1.000000 0.000000
vn 0.000000 -1.000000 0.000000
vn 0.000000 -1.000000 0.000000
vn 0.000000 -1.000000 0.000000
vn 0.000000 -1.000000 0.000000
vn 0.000000 -1.000000 0.000000
vn 0.000000 -1.000000 0.000000
vn 0.000000 -1.000000 0.000000
vn 0.000000 -1.000000 0.000000
vn 0.000000 -1.000000 0.000000
vn 0.000403 -0.999999 0.000950
vn 0.000155 -1.000000 0.000207
vn 0.000000 -1.000000 0.000000
vn 0.000000 -1.000000 0.000000
vn 0.000000 -1.000000 0.000000
vn -0.000091 -0.999899 0.014207
vn -0.029932 -0.999538 0.005224
vn -0.054938 -0.997820 -0.036567
vn -0.019209 -0.999565 -0.022378
vn 0.020856 -0.999782 0.001197
vn 0.013821 -0.999844 -0.011026
vn 0.003209 -0.999978 0.005734
vn 0.004213 -0.999920 0.011969
vn 0.004287 -0.999833 0.017772
vn -0.006510 -0.999859 0.015482
vn 0.001456 -0.999901 0.013967
vn 0.016596 -0.999777 0.013056
vn 0.021346 -0.999764 0.004028
vn 0.019019 -0.999788 0.007918
vn 0.012903 -0.999869 0.009740
vn 0.001693 -0.999997 0.001611
vn 0.005917 -0.999955 0.007475
vn 0.006510 -0.999859 0.015482
vn 0.000000 -0.999966 0.008306
vn 0.000000 -0.999815 0.019236
vn 0.000000 -1.000000 0.000000
vn 0.000000 -1.000000 0.000000
vn 0.000000 -1.000000 0.000000
vn 0.000000 -1.000000 0.000000
vn 0.000000 -1.000000 0.000000
vn 0.000000 -1.000000 0.000000
vn 0.000000 -1.000000 0.000000
vn 0.000000 -1.000000 0.000000
vn -0.000241 -1.000000 0.000554
vn 0.000000 -1.000000 0.000875
vn 0.013917 -0.999546 -0.026718
vn 0.004337 -0.999974 -0.005791
vn 0.007344 -0.999689 -0.023839
vn 0.011892 -0.998558 -0.052351
vn 0.018599 -0.998562 -0.050289
vn 0.021136 -0.998639 -0.047691
vn 0.010991 -0.998952 -0.044438
vn 0.001591 -0.999296 -0.037487
vn 0.000145 -0.999933 -0.011602
vn 0.003215 -0.999548 -0.029889
vn 0.000000 -1.000000 0.000000
vn 0.002123 -0.999998 0.000000
vn 0.000000 -1.000000 0.000000
vn 0.000000 -1.000000 0.000000
vn 0.000000 -1.000000 0.000000
vn 0.000000 -1.000000 0.000000
vn 0.000000 -1.000000 0.000000
vn 0.000347 -1.000000 -0.000811
vn -0.000000 -0.999999 -0.001273
vn 0.000000 -1.000000 0.000000
vn 0.000000 -1.000000 0.000000
vn 0.000000 -1.000000 0.000000
vn 0.000000 -1.000000 0.000000
vn 0.000000 -1.000000 0.000000
vn 0.000000 -1.000000 0.000000
vn 0.000000 -1.000000 0.000000
vn 0.002016 -0.999993 -0.003260
vn 0.000131 -1.000000 -0.000174
vn 0.015758 0.027892 -0.999487
vn -0.031265 -0.998634 -0.041857
vn -0.012008 0.053712 -0.998484
vn -0.012070 0.053795 -0.998479
vn -0.622971 0.098838 -0.775976
vn -0.622957 0.098850 -0.775985
vn -0.012119 0.053530 -0.998493
vn 0.015644 0.027732 -0.999493
vn 0.015593 0.007784 -0.999848
vn 0.015629 0.007776 -0.999848
vn -0.012251 0.053734 -0.998480
vn -0.622976 0.099225 -0.775922
vn -0.012305 0.053772 -0.998477
vn 0.015431 0.027991 -0.999489
vn 0.015481 0.007930 -0.999849
vn 0.015518 0.007885 -0.999849
vn 0.015537 0.007769 -0.999849
vn 0.002384 0.000670 -0.999997
vn 0.015570 0.007775 -0.999849
vn -0.000001 0.000000 -1.000000
vn -0.000001 0.000000 -1.000000
vn -0.000001 0.000000 -1.000000
vn 0.000001 0.000000 -1.000000
vn 0.000002 0.000000 -1.000000
vn -0.000001 0.000000 -1.000000
vn 0.000001 0.000000 -1.000000
vn 0.000002 0.000000 -1.000000
vn 0.000000 0.000000 -1.000000
vn 0.000000 0.000000 -1.000000
vn -0.012634 0.053757 -0.998474
vn -0.623314 0.098977 -0.775683
vn -0.622978 0.098907 -0.775961
vn -0.012675 0.053757 -0.998474
vn 0.014973 0.027951 -0.999497
vn -0.012806 0.999833 0.013053
vn -0.005288 0.999974 -0.004956
vn 0.015287 0.007852 -0.999852
vn 0.015320 0.007846 -0.999852
vn 0.002361 0.000700 -0.999997
vn 0.015345 0.007846 -0.999852
vn -0.000001 0.000000 -1.000000
vn -0.021368 0.999743 -0.007518
vn -0.000001 0.000000 -1.000000
vn -0.000000 0.000000 -1.000000
vn -0.000000 0.000000 -1.000000
vn 0.000001 0.000000 -1.000000
vn 0.000002 0.000000 -1.000000
vn 0.000000 0.000000 -1.000000
vn 0.000000 0.000000 -1.000000
vn -0.000000 0.000000 -1.000000
vn 0.000000 0.000000 -1.000000
vn -0.000001 0.000000 -1.000000
vn -0.000001 0.000000 -1.000000
vn -0.000001 0.000000 -1.000000
vn 0.000000 0.000000 -1.000000
vn -0.000000 0.000000 -1.000000
vn 0.000000 0.000000 -1.000000
vn 0.002365 0.000699 -0.999997
vn -0.000000 0.000000 -1.000000
vn 0.000057 -0.011427 -0.999935
vn -0.004239 0.999986 -0.003209
vn -0.000008 -0.021384 -0.999771
vn 0.000010 -0.021446 -0.999770
vn 0.601544 -0.020678 -0.798572
vn 0.000031 -0.021415 -0.999771
vn 0.000102 -0.011395 -0.999935
vn 0.000112 -0.003233 -0.999995
vn 0.000099 -0.003233 -0.999995
vn 0.000089 -0.021384 -0.999771
vn 0.600560 -0.020647 -0.799313
vn 0.000108 -0.021382 -0.999771
vn 0.000198 -0.011427 -0.999935
vn 0.000156 -0.003200 -0.999995
vn 0.000146 -0.003265 -0.999995
vn 0.000134 -0.003233 -0.999995
vn 0.000021 -0.000256 -1.000000
vn 0.000121 -0.003201 -0.999995
vn -0.000000 0.000000 -1.000000
vn 0.000000 0.000000 -1.000000
vn 0.000000 0.000000 -1.000000
vn -0.000000 0.000000 -1.000000
vn 0.000001 0.000000 -1.000000
vn -0.000000 0.000000 -1.000000
vn 0.000000 0.000000 -1.000000
vn 0.000003 0.000000 -1.000000
vn 0.000001 0.000000 -1.000000
vn -0.019927 0.999801 -0.000272
vn 0.033381 0.998659 0.039583
vn 0.021580 0.999503 0.022971
vn 0.001688 0.999877 -0.015600
vn 0.026614 0.999632 -0.005329
vn 0.006230 0.999390 -0.034374
vn -0.006995 0.999364 -0.034960
vn -0.017226 0.999502 -0.026451
vn 0.000224 0.999991 -0.004332
vn -0.001603 0.999892 -0.014632
vn 0.000000 1.000000 0.000000
vn -0.002123 0.999998 0.000000
vn 0.000000 1.000000 0.000000
vn 0.000000 1.000000 0.000000
vn 0.000000 1.000000 0.000000
vn 0.000000 1.000000 0.000000
vn 0.000000 1.000000 0.000000
vn 0.000289 1.000000 -0.000683
vn 0.000112 1.000000 -0.000149
vn -0.003440 0.999992 0.002146
vn -0.001220 0.999999 0.001153
vn -0.004176 0.999978 0.005211
vn -0.008835 0.999935 0.007246
vn -0.012812 0.999905 0.005162
vn -0.011868 0.999930 -0.000000
vn -0.014440 0.999896 -0.000149
vn -0.007082 0.999975 -0.000683
vn -0.000447 0.999959 -0.009034
vn -0.000635 0.999999 -0.001068
vn 0.021196 0.999527 -0.022292
vn 0.066674 0.994924 -0.075371
vn 0.048906 0.997247 -0.055731
vn 0.007323 0.999749 -0.021189
vn -0.005822 0.999974 -0.004221
vn -0.008553 0.999960 -0.002652
vn -0.009490 0.999949 0.003606
vn -0.000038 1.000000 0.000051
vn -0.004785 0.999981 0.003979
vn -0.012687 0.999911 -0.004103
vn -0.031528 0.999494 -0.004269
vn -0.028087 0.999537 -0.011675
vn -0.019186 0.999688 -0.016011
vn -0.009821 0.999681 -0.023256
vn -0.008942 0.999896 -0.011277
vn -0.002578 0.999994 -0.002472
vn 0.000000 1.000000 0.000000
vn -0.000014 1.000000 -0.000018
vn -0.000076 1.000000 0.000101
vn -0.000195 1.000000 0.000462
vn -0.001519 0.999989 0.004427
vn -0.001066 0.999998 0.001708
vn -0.000184 1.000000 0.000245
vn -0.000007 1.000000 0.000009
vn 0.000000 1.000000 0.000000
vn 0.000000 1.000000 0.000000
vn 0.000000 1.000000 0.000000
vn 0.000000 1.000000 0.000000
vn -0.025199 0.999611 -0.011948
vn -0.024383 0.999673 -0.007671
vn -0.022416 0.999551 -0.019880
vn -0.017217 0.999439 -0.028728
vn -0.014290 0.999352 -0.033027
vn -0.010149 0.999633 -0.025106
vn -0.010001 0.999754 -0.019797
vn -0.005683 0.999939 -0.009477
vn -0.000072 1.000000 -0.000096
vn -0.001821 0.999996 -0.002232
vn 0.000000 1.000000 0.000000
vn 0.002123 0.999998 0.000000
vn 0.000000 1.000000 0.000000
vn 0.000000 1.000000 0.000000
vn 0.000007 1.000000 0.000009
vn 0.000000 1.000000 0.000000
vn 0.000000 1.000000 0.000000
vn 0.000000 1.000000 0.000000
vn 0.000000 1.000000 0.000000
vn 0.001519 0.999989 0.004427
vn -0.000000 0.999913 0.013227
vn 0.000000 0.999982 0.005930
vn 0.000000 1.000000 0.000722
vn -0.000379 1.000000 -0.000881
vn 0.000000 0.999999 -0.001386
vn 0.000379 1.000000 -0.000881
vn 0.002220 0.999991 -0.003578
vn 0.000141 1.000000 -0.000188
vn -0.998807 0.048828 0.000013
vn 0.051404 0.997994 0.036964
vn -0.997262 0.068918 0.026828
vn -0.997242 0.069176 0.026880
vn -0.622796 0.098913 -0.776107
vn -0.997227 0.069386 0.026914
vn -0.998749 0.049996 0.000160
vn -0.999499 0.024480 -0.020053
vn -0.999474 0.025425 -0.020124
vn -0.997255 0.068926 0.027063
vn -0.623122 0.098888 -0.775848
vn -0.997252 0.068948 0.027114
vn -0.998789 0.049207 0.000457
vn -0.999505 0.024483 -0.019774
vn -0.999495 0.024836 -0.019847
vn -0.999502 0.024472 -0.019909
vn -0.999850 0.007252 -0.015759
vn -0.999510 0.024093 -0.019976
vn -1.000000 0.000000 0.000000
vn -1.000000 0.000000 0.000000
vn -1.000000 0.000000 0.000000
vn -1.000000 0.000000 0.000000
vn -1.000000 0.000000 0.000000
vn -1.000000 0.000000 0.000000
vn -1.000000 0.000000 0.000000
vn -1.000000 0.000000 0.000000
vn -0.999995 0.000971 -0.003089
vn -0.999995 0.001166 -0.003085
vn -0.997241 0.068976 0.027428
vn -0.622896 0.099257 -0.775982
vn -0.997243 0.068927 0.027481
vn -0.998803 0.048902 0.001050
vn -0.009777 -0.999374 0.033986
vn -0.999501 0.024998 -0.019313
vn -0.999504 0.024842 -0.019374
vn -0.999852 0.007461 -0.015508
vn -0.999497 0.025041 -0.019440
vn -1.000000 0.000000 0.000000
vn -0.002123 -0.999998 0.000000
vn -1.000000 0.000000 0.000000
vn -1.000000 0.000000 0.000000
vn -1.000000 0.000000 0.000000
vn -1.000000 0.000000 0.000000
vn -1.000000 0.000000 0.000000
vn -0.999995 0.000780 -0.003055
vn -0.999995 0.000775 -0.003049
vn -1.000000 0.000000 0.000000
vn -1.000000 0.000000 0.000000
vn -1.000000 0.000000 0.000000
vn -1.000000 0.000000 0.000000
vn -1.000000 0.000000 0.000000
vn -0.999995 0.000775 -0.003070
vn -0.999995 0.001166 -0.003068
vn -0.999995 0.000780 -0.003063
vn -0.999855 0.006873 -0.015575
vn -0.999995 0.000775 -0.003060
vn -0.998918 0.046108 -0.006099
vn -0.069714 -0.994841 0.073696
vn -0.997767 0.066639 -0.004452
vn -0.997820 0.065843 -0.004408
vn -0.593747 0.107701 0.797411
vn -0.997769 0.066621 -0.004390
vn -0.998901 0.046502 -0.005962
vn -0.999736 0.022673 -0.003702
vn -0.999723 0.023256 -0.003764
vn -0.997781 0.066453 -0.004256
vn -0.593768 0.107658 0.797402
vn -0.997791 0.066296 -0.004213
vn -0.998936 0.045768 -0.005683
vn -0.999732 0.022906 -0.003459
vn -0.999749 0.022114 -0.003514
vn -0.999736 0.022688 -0.003578
vn -0.999975 0.006954 -0.000990
vn -0.999728 0.023053 -0.003640
vn -1.000000 0.000000 0.000000
vn -1.000000 0.000000 0.000000
vn -1.000000 0.000000 0.000000
vn -1.000000 0.000000 0.000000
vn -1.000000 0.000000 0.000000
vn -1.000000 0.000000 0.000000
vn -1.000000 0.000000 0.000000
vn -0.999999 0.001166 -0.000068
vn -1.000000 0.000776 -0.000064
vn 1.000000 0.000000 0.000000
vn -0.013997 0.999649 -0.022498
vn 1.000000 0.000000 0.000000
vn 1.000000 0.000000 0.000000
vn 0.600552 0.000000 0.799585
vn 1.000000 0.000000 0.000000
vn 1.000000 0.000000 0.000000
vn 1.000000 0.000000 0.000000
vn 1.000000 0.000000 0.000000
vn 1.000000 0.000000 0.000000
vn 0.600549 0.000000 0.799588
vn 1.000000 0.000000 0.000000
vn 1.000000 0.000000 0.000000
vn 1.000000 0.000000 0.000000
vn 1.000000 0.000000 0.000000
vn 1.000000 0.000000 0.000000
vn 1.000000 0.000000 0.000000
vn 1.000000 0.000000 0.000000
vn 1.000000 0.000000 0.000000
vn 1.000000 0.000000 0.000000
vn 1.000000 0.000000 0.000000
vn 1.000000 0.000000 0.000000
vn 1.000000 0.000000 0.000000
vn 1.000000 0.000000 0.000000
vn 1.000000 0.000000 0.000000
vn 1.000000 0.000000 0.000000
vn 1.000000 0.000000 0.000000
vn 1.000000 0.000000 0.000000
vn 1.000000 0.000000 0.000000
vn 0.600554 0.000000 0.799584
vn 1.000000 0.000000 0.000000
vn 1.000000 0.000000 0.000000
vn 0.008652 -0.999596 0.027080
vn 1.000000 0.000000 0.000000
vn 1.000000 0.000000 0.000000
vn 1.000000 0.000000 0.000000
vn 1.000000 0.000000 0.000000
vn 1.000000 0.000000 0.000000
vn 0.002123 -0.999998 0.000000
vn 1.000000 0.000000 0.000000
vn 1.000000 0.000000 0.000000
vn 1.000000 0.000000 0.000000
vn 1.000000 0.000000 0.000000
vn 1.000000 0.000000 0.000000
vn 1.000000 0.000000 0.000000
vn 1.000000 0.000000 0.000000
vn 1.000000 0.000000 0.000000
vn 1.000000 0.000000 0.000000
vn 1.000000 0.000000 0.000000
vn 1.000000 0.000000 0.000000
vn 1.000000 0.000000 0.000000
vn 1.000000 0.000000 0.000000
vn 1.000000 0.000000 0.000000
vn 1.000000 0.000000 0.000000
vn 1.000000 0.000000 0.000000
vn 1.000000 0.000000 0.000000
vn 1.000000 0.000021 0.000000
vn 0.006683 -0.999781 -0.019844
vn 1.000000 0.000116 0.000000
vn 1.000000 0.000057 0.000000
vn 0.605156 -0.020555 -0.795842
vn 1.000000 0.000062 0.000000
vn 1.000000 -0.000080 0.000000
vn 1.000000 -0.000007 0.000000
vn 1.000000 0.000007 0.000000
vn 1.000000 0.000115 0.000000
vn 0.604330 -0.020567 -0.796468
vn 1.000000 0.000022 0.000000
vn 1.000000 -0.000071 0.000000
vn 1.000000 0.000055 0.000000
vn 1.000000 -0.000000 0.000000
vn 1.000000 0.000039 0.000000
vn 1.000000 0.000102 0.000000
vn 1.000000 0.000142 0.000000
vn 1.000000 0.000000 0.000000
vn 1.000000 0.000000 0.000000
vn 1.000000 0.000000 0.000000
vn 1.000000 0.000000 0.000000
vn 1.000000 0.000000 0.000000
vn 1.000000 0.000000 0.000000
vn 1.000000 0.000000 0.000000
vn 1.000000 0.000000 0.000000
vn 1.000000 0.000000 0.000000
vn 0.000000 0.000000 1.000000
vn 0.000001 0.000000 1.000000
vn 0.000000 -1.000000 0.000000
vn 0.000000 -1.000000 0.000000
vn 0.000026 -0.000256 -1.000000
vn 0.000266 -0.011427 -0.999935
vn 0.001220 0.999999 0.001153
vn 0.000000 1.000000 0.000000
vn -0.999975 0.006975 -0.000902
vn -0.998936 0.045794 -0.005467
vn 1.000000 0.000067 0.000000
vn 1.000000 -0.000077 0.000000
vn -0.000000 0.000000 1.000000
vn 0.000001 0.000000 1.000000
vn 0.000026 0.000864 1.000000
vn 0.002321 0.034772 0.999393
vn 0.000000 0.000000 1.000000
vn 0.000000 0.000000 1.000000
vn 0.003268 -0.999949 0.009601
vn 0.007020 -0.999969 0.003567
vn 0.000000 -1.000000 0.000000
vn 0.000000 -1.000000 0.000000
vn 0.000241 -1.000000 0.000321
vn 0.006703 -0.999969 -0.004219
vn -0.000001 0.000000 -1.000000
vn -0.000001 0.000000 -1.000000
vn 0.002376 0.000733 -0.999997
vn 0.015265 0.027773 -0.999498
vn -0.000000 0.000000 -1.000000
vn 0.000000 0.000000 -1.000000
vn -0.011147 0.999899 -0.008865
vn -0.013329 0.999709 -0.020100
vn 0.000000 1.000000 0.000000
vn 0.000000 1.000000 0.000000
vn -0.003183 0.999951 -0.009385
vn 0.018312 0.999449 -0.027697
vn -1.000000 0.000000 0.000000
vn -1.000000 0.000000 0.000000
vn -0.999854 0.006869 -0.015659
vn -0.998781 0.049364 0.000676
vn -1.000000 0.000000 0.000000
vn -1.000000 0.000000 0.000000
vn 1.000000 0.000000 0.000000
vn 1.000000 0.000000 0.000000
vn 1.000000 0.000000 0.000000
vn 1.000000 0.000000 0.000000
vn 1.000000 0.000000 0.000000
vn 1.000000 0.000000 0.000000
vn 0.600575 0.000000 0.799569
vn 0.000000 0.000000 1.000000
vn 0.012714 0.999916 -0.002528
vn -0.000001 0.000000 1.000000
vn -0.000001 0.000000 1.000000
vn 0.004696 -0.999915 0.012132
vn 0.018187 -0.999744 0.013433
vn -0.013875 -0.999885 0.006072
vn -0.017957 -0.999438 0.028295
vn 0.000000 -1.000000 0.000000
vn 0.600571 -0.020764 -0.799302
vn 0.000361 -0.011364 -0.999935
vn 0.025155 -0.999596 -0.013260
vn 0.000000 0.000000 -1.000000
vn 0.000000 0.000000 -1.000000
vn -0.002605 0.999675 0.025359
vn -0.014154 0.998864 0.045495
vn -0.026085 0.999622 0.008640
vn -0.001723 0.999971 -0.007470
vn 0.010874 0.999905 0.008502
vn -0.593778 0.107212 0.797454
vn -0.998927 0.046011 -0.005207
vn -0.000054 0.999935 0.011388
vn -1.000000 0.000000 0.000000
vn -1.000000 0.000000 0.000000
vn 0.600553 -0.020595 -0.799320
vn 1.000000 -0.000018 0.000000
vn 1.000000 0.000000 0.000000
vn 1.000000 0.000000 0.000000
vn -0.001734 0.999995 0.002693
vn 0.001749 0.034742 0.999395
vn 0.002034 0.034699 0.999396
vn 0.000001 0.000000 1.000000
vn -0.593756 0.107165 0.797477
vn 0.002605 0.034752 0.999393
vn 0.001688 -0.999994 0.002899
vn 0.000001 0.000000 1.000000
vn -0.000000 0.000000 1.000000
vn -0.000000 0.000000 1.000000
vn 0.600525 0.000000 0.799606
vn -0.000001 0.000000 1.000000
vn 0.000001 0.000000 1.000000
vn 0.005419 -0.999977 -0.004186
vn 0.000004 -0.999970 -0.007716
vn 0.000000 -1.000000 0.000000
vn 0.000000 -1.000000 0.000000
vn -0.001535 -0.999724 0.023440
vn 0.025912 -0.999434 0.021444
vn -0.014997 -0.999863 0.007054
vn 0.012197 -0.999753 0.018605
vn 0.000000 -1.000000 0.000000
vn 0.008729 -0.998779 -0.048625
vn 0.011937 -0.999719 -0.020470
vn 0.000000 -1.000000 0.000000
vn 0.000000 -1.000000 0.000000
vn 0.015709 0.027948 -0.999486
vn -0.622999 0.099041 -0.775927
vn 0.015482 0.027888 -0.999491
vn 0.000001 0.000000 -1.000000
vn -0.623198 0.098925 -0.775782
vn 0.015023 0.027958 -0.999496
vn 0.013913 0.999848 -0.010521
vn -0.000001 0.000000 -1.000000
vn -0.000001 0.000000 -1.000000
vn 0.000081 -0.011461 -0.999934
vn 0.000175 -0.011395 -0.999935
vn 0.000000 0.000000 -1.000000
vn -0.025514 0.999365 -0.024855
vn -0.002426 0.999714 -0.023770
vn 0.000000 1.000000 0.000000
vn -0.005801 0.999982 0.001823
vn -0.007940 0.999968 0.000498
vn -0.007424 0.999961 -0.004724
vn 0.000000 1.000000 0.000000
vn -0.015327 0.999745 -0.016603
vn -0.002888 0.999949 -0.009709
vn 0.000000 1.000000 0.000000
vn 0.000195 1.000000 0.000462
vn -0.998789 0.049197 0.000092
vn -0.998819 0.048585 0.000385
vn -1.000000 0.000000 0.000000
vn -0.998790 0.049172 0.000972
vn -1.000000 0.000000 0.000000
vn -1.000000 0.000000 0.000000
vn -0.998910 0.046297 -0.006034
vn -0.998936 0.045760 -0.005757
vn -1.000000 0.000000 0.000000
vn 1.000000 0.000000 0.000000
vn 1.000000 0.000000 0.000000
vn 1.000000 0.000000 0.000000
vn 1.000000 0.000000 0.000000
vn 1.000000 0.000000 0.000000
vn 1.000000 0.000000 0.000000
vn 1.000000 0.000031 0.000000
vn 1.000000 0.000022 0.000000
vn 1.000000 0.000000 0.000000
vn 0.600574 0.000000 0.799569
vn 0.000000 0.000000 1.000000
vn 0.002123 -0.999998 0.000000
vn -0.000392 -1.000000 0.000522
vn 0.600563 -0.020646 -0.799311
vn 0.000031 -0.000288 -1.000000
vn 0.002123 0.999998 0.000000
vn 0.002890 0.999973 0.006737
vn -0.593651 0.107509 0.797508
vn -0.999976 0.006953 -0.000785
vn 1.000000 -0.000029 0.000000
vn -0.026144 0.999622 -0.008545
vn 0.000011 0.000832 1.000000
vn 0.000040 0.000864 1.000000
vn 0.027181 -0.999515 0.015172
vn -0.000001 0.000000 1.000000
vn 0.000000 -1.000000 0.000000
vn -0.002123 -0.999998 0.000000
vn -0.002086 -0.999979 0.006171
vn 0.009364 -0.999956 0.000493
vn 0.002878 -0.999960 -0.008502
vn 0.002387 0.000701 -0.999997
vn -0.623031 0.098470 -0.775974
vn 0.002364 0.000701 -0.999997
vn -0.010452 0.999931 -0.005462
vn 0.000024 -0.000288 -1.000000
vn 0.002250 0.999976 -0.006558
vn -0.002123 0.999998 0.000000
vn 0.000000 1.000000 0.000000
vn 0.000375 1.000000 -0.000499
vn -0.999852 0.006874 -0.015795
vn -0.999853 0.007240 -0.015542
vn -0.999974 0.007141 -0.001020
vn 1.000000 0.000000 0.000000
vn 1.000000 0.000000 0.000000
vn 1.000000 0.000067 0.000000
vn -0.013362 0.999870 -0.009016
vn -0.000000 0.000000 1.000000
vn 0.017301 -0.999749 0.014260
vn 0.000000 -1.000000 0.000000
vn 0.000212 -0.999999 -0.001067
vn -0.000000 0.000000 -1.000000
vn 0.006161 0.999951 -0.007811
vn -0.004560 0.999933 0.010681
vn 0.080043 0.993312 -0.083214
vn -1.000000 0.000000 0.000000
vn 1.000000 0.000000 0.000000
vn -0.084261 -0.992471 0.088889
vn -0.067145 -0.996046 -0.058177
vn 0.063177 0.996581 0.053239
g FCSET_paper_001_0p777_0p792_0p803 paper Post_Its group1
usemtl lambert1SG
f 391/1/1 103/2/2 388/3/3 387/4/4
f 396/5/5 108/6/6 393/7/7 392/8/8
f 401/9/9 113/10/10 398/11/11 397/12/12
f 406/13/13 118/14/14 403/15/15 402/16/16
f 411/17/17 123/18/18 408/19/19 407/20/20
f 416/21/21 128/22/22 413/23/23 412/24/24
f 421/25/25 133/26/26 418/27/27 417/28/28
f 426/29/29 138/30/30 423/31/31 422/32/32
f 431/33/33 143/34/34 428/35/35 427/36/36
f 436/37/37 148/38/38 433/39/39 432/40/40
f 441/41/41 153/42/42 438/43/43 437/44/44
f 446/45/45 158/46/46 443/47/47 442/48/48
f 451/49/49 163/50/50 448/51/51 447/52/52
f 456/53/53 168/54/54 453/55/55 452/56/56
f 461/57/57 173/58/58 458/59/59 457/60/60
f 466/61/61 178/62/62 463/63/63 462/64/64
f 471/65/65 183/66/66 468/67/67 467/68/68
f 476/69/69 188/70/70 473/71/71 472/72/72
f 481/73/73 193/74/74 478/75/75 477/76/76
f 486/77/77 198/78/78 483/79/79 482/80/80
f 491/81/81 203/82/82 488/83/83 487/84/84
f 496/85/85 208/86/86 493/87/87 492/88/88
f 501/89/89 213/90/90 498/91/91 497/92/92
f 506/93/93 218/94/94 503/95/95 502/96/96
f 511/97/97 102/98/98 508/99/99 507/100/100
f 516/101/101 222/102/102 513/103/103 512/104/104
f 521/105/105 224/106/106 518/107/107 517/108/108
f 526/109/109 107/110/110 523/111/111 522/112/112
f 531/113/113 231/114/114 528/115/115 527/116/116
f 536/117/117 233/118/118 533/119/119 532/120/120
f 541/121/121 112/122/122 538/123/123 537/124/124
f 546/125/125 240/126/126 543/127/127 542/128/128
f 551/129/129 242/130/130 548/131/131 547/132/132
f 556/133/133 117/134/134 553/135/135 552/136/136
f 561/137/137 249/138/138 558/139/139 557/140/140
f 566/141/141 251/142/142 563/143/143 562/144/144
f 571/145/145 122/146/146 568/147/147 567/148/148
f 576/149/149 258/150/150 573/151/151 572/152/152
f 581/153/153 260/154/154 578/155/155 577/156/156
f 586/157/157 127/158/158 583/159/159 582/160/160
f 591/161/161 266/162/162 588/163/163 587/164/164
f 596/165/165 268/166/166 593/167/167 592/168/168
f 601/169/169 132/170/170 598/171/171 597/172/172
f 606/173/173 274/174/174 603/175/175 602/176/176
f 611/177/177 276/178/178 608/179/179 607/180/180
f 616/181/181 137/182/182 613/183/183 612/184/184
f 621/185/185 282/186/186 618/187/187 617/188/188
f 626/189/189 284/190/190 623/191/191 622/192/192
f 631/193/193 142/194/194 628/195/195 627/196/196
f 636/197/197 289/198/198 633/199/199 632/200/200
f 641/201/201 291/202/202 638/203/203 637/204/204
f 646/205/205 147/206/206 643/207/207 642/208/208
f 651/209/209 295/210/210 648/211/211 647/212/212
f 656/213/213 297/214/214 653/215/215 652/216/216
f 661/217/217 152/218/218 658/219/219 657/220/220
f 666/221/221 303/222/222 663/223/223 662/224/224
f 671/225/225 305/226/226 668/227/227 667/228/228
f 676/229/229 157/230/230 673/231/231 672/232/232
f 681/233/233 310/234/234 678/235/235 677/236/236
f 686/237/237 312/238/238 683/239/239 682/240/240
f 691/241/241 162/242/242 688/243/243 687/244/244
f 696/245/245 316/246/246 693/247/247 692/248/248
f 701/249/249 318/250/250 698/251/251 697/252/252
f 706/1612/253 167/254/254 703/255/255 702/256/256
f 711/257/257 324/258/258 708/259/259 707/260/260
f 716/261/261 326/262/262 713/263/263 712/264/264
f 721/265/265 172/266/266 718/267/267 717/268/268
f 726/269/269 330/270/270 723/271/271 722/272/272
f 731/273/273 332/274/274 728/275/275 727/276/276
f 736/277/277 177/278/278 733/279/279 732/280/280
f 741/281/281 336/282/282 738/283/283 737/284/284
f 746/285/285 338/286/286 743/287/287 742/288/288
f 751/289/289 182/290/290 748/291/291 747/292/292
f 756/293/293 342/294/294 753/295/295 752/296/296
f 761/297/297 344/298/298 758/299/299 757/300/300
f 766/301/301 187/302/302 763/303/303 762/304/304
f 771/305/305 349/306/306 768/307/307 767/308/308
f 776/309/309 351/310/310 773/311/311 772/312/312
f 781/313/313 192/314/314 778/315/315 777/316/316
f 786/317/317 354/318/318 783/319/319 782/320/320
f 791/321/321 356/322/322 788/323/323 787/324/324
f 796/325/325 197/326/326 793/327/327 792/328/328
f 801/329/329 360/330/330 798/331/331 797/332/332
f 806/333/333 362/334/334 803/335/335 802/336/336
f 811/337/337 202/338/338 808/339/339 807/340/340
f 816/341/341 366/342/342 813/343/343 812/344/344
f 821/345/345 368/346/346 818/347/347 817/348/348
f 826/349/349 207/350/350 823/351/351 822/352/352
f 831/353/353 371/354/354 828/355/355 827/356/356
f 836/357/357 373/358/358 833/359/359 832/360/360
f 841/361/361 212/362/362 838/363/363 837/364/364
f 846/365/365 377/366/366 843/367/367 842/368/368
f 851/369/369 379/370/370 848/371/371 847/372/372
f 856/373/373 217/374/374 853/375/375 852/376/376
f 861/377/377 383/378/378 858/379/379 857/380/380
f 866/381/381 385/382/382 863/383/383 862/384/384
f 390/385/385 100/386/386 868/387/387 867/388/388
f 870/389/389 101/1592/390 829/391/391 871/392/392
f 872/393/393 102/98/98 874/394/394 873/395/395
f 395/396/396 105/397/397 877/398/398 876/399/399
f 879/400/400 106/401/401 844/402/402 880/403/403
f 881/404/404 107/110/110 883/405/405 882/406/406
f 400/407/407 110/408/408 886/409/409 885/410/410
f 888/411/411 111/412/412 859/413/413 889/414/414
f 890/415/415 112/122/122 892/416/416 891/417/417
f 405/418/418 115/419/419 895/420/420 894/421/421
f 897/422/422 116/1620/423 589/424/424 898/425/425
f 899/426/426 117/134/134 901/427/427 900/428/428
f 410/429/429 120/430/430 904/431/431 903/432/432
f 906/433/433 121/434/434 604/435/435 907/436/436
f 908/437/437 122/146/146 910/438/438 909/439/439
f 415/440/440 125/441/441 913/442/442 912/443/443
f 915/444/444 126/445/445 724/446/446 916/1582/447
f 917/448/448 127/158/158 919/449/449 918/450/450
f 420/451/451 130/452/452 922/453/453 921/454/454
f 924/455/455 131/456/456 754/457/457 925/458/458
f 926/459/459 132/170/170 928/460/460 927/461/461
f 425/462/462 135/463/463 931/464/464 930/465/465
f 933/466/466 136/467/467 814/468/468 934/469/469
f 935/470/470 137/182/182 937/471/471 936/472/472
f 430/473/473 140/474/474 940/475/475 939/476/476
f 942/477/477 141/478/478 529/479/479 943/480/480
f 944/481/481 142/194/194 946/482/482 945/483/483
f 435/484/484 145/485/485 949/486/486 948/487/487
f 951/488/488 146/489/489 619/490/490 952/491/491
f 953/492/492 147/206/206 955/493/493 954/494/494
f 440/495/495 150/496/496 958/497/497 957/498/498
f 960/499/499 151/500/500 799/501/501 961/502/502
f 962/503/503 152/218/218 964/504/504 963/505/505
f 445/506/506 155/507/507 967/508/508 966/509/509
f 969/510/510 156/511/511 544/512/512 970/513/513
f 971/514/514 157/230/230 973/515/515 972/516/516
f 450/517/517 160/518/518 976/519/519 975/520/520
f 978/521/521 161/522/522 664/523/523 979/524/524
f 980/525/525 162/242/242 982/526/526 981/527/527
f 455/528/528 165/1576/529 985/1575/530 984/531/531
f 987/532/532 166/533/533 784/534/534 988/535/535
f 989/536/536 167/1631/254 991/537/537 990/538/538
f 460/539/539 170/540/540 994/541/541 993/542/542
f 996/543/543 171/1625/544 559/545/545 997/546/546
f 998/547/547 172/266/266 1000/548/548 999/549/549
f 465/550/550 175/551/551 1003/552/552 1002/553/553
f 1005/554/554 176/555/555 709/556/556 1006/557/557
f 1007/558/558 177/278/278 1009/559/559 1008/560/560
f 470/561/561 180/562/562 1012/563/563 1011/564/564
f 1014/565/565 181/566/566 574/567/567 1015/568/568
f 1016/569/569 182/290/290 1018/570/570 1017/571/571
f 475/572/572 185/573/573 1021/574/574 1020/575/575
f 1023/576/576 186/577/577 514/578/578 1024/579/579
f 1025/580/580 187/302/302 1027/581/581 1026/582/582
f 480/583/583 190/584/584 1030/585/585 1029/586/586
f 1032/587/587 191/588/588 739/589/589 1033/590/590
f 1034/591/591 192/314/314 1036/592/592 1035/593/593
f 485/594/594 195/595/595 1039/596/596 1038/597/597
f 1041/598/598 196/599/599 694/600/600 1042/1565/601
f 1043/602/602 197/326/326 1045/603/603 1044/604/604
f 490/605/605 200/606/606 1048/607/607 1047/608/608
f 1050/609/609 201/1616/610 649/611/611 1051/612/612
f 1052/613/613 202/338/338 1054/614/614 1053/615/615
f 495/616/616 205/617/617 1057/618/618 1056/619/619
f 1059/620/620 206/621/621 769/622/622 1060/623/623
f 1061/624/624 207/350/350 1063/625/625 1062/626/626
f 500/627/627 210/628/628 1066/629/629 1065/630/630
f 1068/631/631 211/632/632 634/633/633 1069/634/634
f 1070/635/635 212/362/362 1072/636/636 1071/637/637
f 505/638/638 215/639/639 1075/640/640 1074/641/641
f 1077/642/642 216/643/643 679/644/644 1078/645/645
f 1079/646/646 217/374/374 1081/647/647 1080/648/648
f 510/649/649 220/1559/650 1084/1558/651 1083/652/652
f 1086/653/653 221/654/654 764/655/655 1087/656/656
f 1088/657/657 222/102/102 1090/658/658 1089/659/659
f 515/660/660 186/577/577 1022/661/661 1091/662/662
f 1092/663/663 130/452/452 419/664/664 1093/665/665
f 1094/666/666 224/106/106 1096/667/667 1095/668/668
f 520/669/669 226/670/670 1098/671/671 1097/672/672
f 1100/673/673 227/674/674 639/675/675 1101/676/676
f 1102/677/677 103/2/2 875/678/678 1103/679/679
f 525/680/680 229/681/681 1105/682/682 1104/683/683
f 1107/684/684 230/685/685 629/686/686 1108/687/687
f 1109/688/688 231/114/114 1111/689/689 1110/690/690
f 530/691/691 141/478/478 941/692/692 1112/693/693
f 1113/694/694 145/485/485 434/695/695 1114/696/696
f 1115/697/697 233/118/118 1117/698/698 1116/699/699
f 535/700/700 235/701/701 1119/702/702 1118/703/703
f 1121/704/704 236/705/705 684/706/706 1122/707/707
f 1123/708/708 108/6/6 884/709/709 1124/710/710
f 540/711/711 238/712/712 1126/713/713 1125/714/714
f 1128/715/715 239/716/716 674/717/717 1129/718/718
f 1130/719/719 240/126/126 1132/720/720 1131/721/721
f 545/722/722 156/511/511 968/723/723 1133/724/724
f 1134/725/725 160/518/518 449/726/726 1135/727/727
f 1136/728/728 242/130/130 1138/729/729 1137/730/730
f 550/731/731 244/732/732 1140/733/733 1139/734/734
f 1142/735/735 245/736/736 729/737/737 1143/738/738
f 1144/739/739 113/10/10 893/740/740 1145/741/741
f 555/742/742 247/1557/743 1147/1552/744 1146/745/745
f 1149/746/746 248/747/747 719/748/748 1150/749/749
f 1151/750/750 249/138/138 1153/751/751 1152/752/752
f 560/753/753 171/544/544 995/754/754 1154/755/755
f 1155/756/756 175/551/551 464/757/757 1156/758/758
f 1157/759/759 251/142/142 1159/760/760 1158/761/761
f 565/762/762 253/763/763 1161/764/764 1160/765/765
f 1163/766/766 254/767/767 774/768/768 1164/769/769
f 1165/770/770 118/14/14 902/771/771 1166/772/772
f 570/773/773 256/774/774 1168/775/775 1167/776/776
f 1170/777/777 257/778/778 749/779/779 1171/780/780
f 1172/781/781 258/150/150 1174/782/782 1173/783/783
f 575/784/784 181/566/566 1013/785/785 1175/786/786
f 1176/787/787 190/584/584 479/788/788 1177/789/789
f 1178/790/790 260/154/154 1180/791/791 1179/792/792
f 580/793/793 262/794/794 1182/795/795 1181/796/796
f 1184/797/797 263/798/798 819/799/799 1185/800/800
f 1186/801/801 123/18/18 911/802/802 1187/803/803
f 585/804/804 265/805/805 1189/1553/806 1188/1551/807
f 1190/808/808 247/743/743 554/809/809 1191/810/810
f 1192/811/811 266/162/162 1194/812/812 1193/813/813
f 590/814/814 116/423/423 896/815/815 1195/816/816
f 1196/817/817 205/617/617 494/818/818 1197/819/819
f 1198/820/820 268/166/166 1200/821/821 1199/822/822
f 595/823/823 270/824/824 1202/825/825 1201/826/826
f 1204/827/827 271/828/828 864/829/829 1205/830/830
f 1206/831/831 128/22/22 920/832/832 1207/833/833
f 600/834/834 273/835/835 1209/836/836 1208/837/837
f 1210/838/838 256/774/774 569/839/839 1211/840/840
f 1212/841/841 274/174/174 1214/842/842 1213/843/843
f 605/844/844 121/434/434 905/845/845 1215/846/846
f 1216/847/847 135/463/463 424/848/848 1217/849/849
f 1218/850/850 276/178/178 1220/851/851 1219/852/852
f 610/853/853 278/854/854 1222/855/855 1221/856/856
f 1223/857/857 226/670/670 519/858/858 1224/859/859
f 1225/860/860 133/26/26 929/861/861 1226/862/862
f 615/863/863 280/864/864 1228/1548/865 1227/866/866
f 1230/867/867 281/868/868 644/869/869 1231/870/870
f 1232/871/871 282/186/186 1234/872/872 1233/873/873
f 620/874/874 146/489/489 950/875/875 1235/876/876
f 1236/877/877 140/474/474 429/878/878 1237/879/879
f 1238/880/880 284/190/190 1240/881/881 1239/882/882
f 625/883/883 286/884/884 1242/885/885 1241/886/886
f 1243/887/887 278/854/854 609/888/888 1244/889/889
f 1245/890/890 138/30/30 938/891/891 1246/892/892
f 630/893/893 230/685/685 1106/894/894 1247/895/895
f 1249/896/896 288/897/897 839/898/898 1250/899/899
f 1251/900/900 289/198/198 1253/901/901 1252/902/902
f 635/903/903 211/632/632 1067/904/904 1254/905/905
f 1255/906/906 100/386/386 389/907/907 1256/908/908
f 1257/909/909 291/202/202 1259/910/910 1258/911/911
f 640/912/912 227/674/674 1099/913/913 1260/914/914
f 1261/915/915 286/884/884 624/916/916 1262/917/917
f 1263/918/918 143/34/34 947/919/919 1264/920/920
f 645/921/921 281/868/868 1229/922/922 1265/923/923
f 1267/924/924 294/925/925 809/926/926 1268/927/927
f 1269/928/928 295/210/210 1271/929/929 1270/930/930
f 650/931/931 201/610/610 1049/932/932 1272/933/933
f 1273/934/934 150/496/496 439/935/935 1274/936/936
f 1275/937/937 297/214/214 1277/938/938 1276/939/939
f 655/940/940 299/941/941 1279/942/942 1278/943/943
f 1280/944/944 235/701/701 534/945/945 1281/946/946
f 1282/947/947 148/38/38 956/948/948 1283/949/949
f 660/950/950 301/951/951 1285/1541/952 1284/953/953
f 1287/954/954 302/955/955 689/956/956 1288/957/957
f 1289/958/958 303/222/222 1291/959/959 1290/960/960
f 665/961/961 161/522/522 977/962/962 1292/963/963
f 1293/964/964 155/507/507 444/965/965 1294/966/966
f 1295/967/967 305/226/226 1297/968/968 1296/969/969
f 670/970/970 307/971/971 1299/972/972 1298/973/973
f 1300/974/974 299/941/941 654/975/975 1301/976/976
f 1302/977/977 153/42/42 965/978/978 1303/979/979
f 675/980/980 239/716/716 1127/981/981 1304/982/982
f 1306/983/983 309/984/984 854/985/985 1307/986/986
f 1308/987/987 310/234/234 1310/988/988 1309/989/989
f 680/990/990 216/643/643 1076/991/991 1311/992/992
f 1312/993/993 105/397/397 394/994/994 1313/995/995
f 1314/996/996 312/238/238 1316/997/997 1315/998/998
f 685/999/999 236/705/705 1120/1000/1000 1317/1001/1001
f 1318/1002/1002 307/971/971 669/1003/1003 1319/1004/1004
f 1320/1005/1005 158/46/46 974/1006/1006 1321/1007/1007
f 690/1008/1008 302/955/955 1286/1009/1009 1322/1010/1010
f 1324/1011/1011 315/1012/1012 794/1013/1013 1325/1014/1014
f 1326/1015/1015 316/246/246 1328/1016/1016 1327/1017/1017
f 695/1018/1018 196/599/599 1040/1019/1019 1329/1020/1020
f 1330/1021/1021 165/529/529 454/1022/1022 1331/1023/1023
f 1332/1024/1024 318/250/250 1334/1025/1025 1333/1026/1026
f 700/1027/1027 320/1028/1028 1336/1029/1029 1335/1030/1030
f 1337/1031/1031 244/732/732 549/1032/1032 1338/1033/1033
f 1339/1034/1034 163/50/50 983/1035/1035 1340/1036/1036
f 705/1037/1037 322/1038/1038 1342/1039/1039 1341/1040/1040
f 1344/1041/1041 323/1605/1042 734/1043/1043 1345/1044/1044
f 1346/1045/1045 324/258/258 1348/1046/1046 1347/1047/1047
f 710/1048/1048 176/1570/555 1004/1049/1049 1349/1050/1050
f 1350/1051/1051 170/540/540 459/1052/1052 1351/1053/1053
f 1352/1054/1054 326/262/262 1354/1055/1055 1353/1056/1056
f 715/1057/1057 328/1058/1058 1356/1059/1059 1355/1060/1060
f 1357/1061/1061 320/1028/1028 699/1062/1062 1358/1063/1063
f 1359/1064/1064 168/54/54 992/1065/1065 1360/1066/1066
f 720/1067/1067 248/1556/747 1148/1068/1068 1361/1069/1069
f 1362/1070/1070 265/1623/805 584/1071/1071 1363/1072/1072
f 1364/1073/1073 330/270/270 1366/1074/1074 1365/1075/1075
f 725/1076/1076 126/1587/445 914/1077/1077 1367/1078/1078
f 1368/1079/1079 110/408/408 399/1080/1080 1369/1081/1081
f 1370/1082/1082 332/274/274 1372/1083/1083 1371/1084/1084
f 730/1085/1085 245/736/736 1141/1086/1086 1373/1087/1087
f 1374/1088/1088 328/1058/1058 714/1089/1089 1375/1090/1090
f 1376/1091/1091 173/58/58 1001/1092/1092 1377/1093/1093
f 735/1094/1094 323/1042/1042 1343/1095/1095 1378/1096/1096
f 1380/1097/1097 335/1098/1098 779/1099/1099 1381/1100/1100
f 1382/1101/1101 336/282/282 1384/1102/1102 1383/1103/1103
f 740/1104/1104 191/588/588 1031/1105/1105 1385/1106/1106
f 1386/1107/1107 180/562/562 469/1108/1108 1387/1109/1109
f 1388/1110/1110 338/286/286 1390/1111/1111 1389/1112/1112
f 745/1113/1113 340/1114/1114 1392/1115/1115 1391/1116/1116
f 1393/1117/1117 253/763/763 564/1118/1118 1394/1119/1119
f 1395/1120/1120 178/62/62 1010/1121/1121 1396/1122/1122
f 750/1123/1123 257/778/778 1169/1124/1124 1397/1125/1125
f 1398/1126/1126 273/835/835 599/1127/1127 1399/1128/1128
f 1400/1129/1129 342/294/294 1402/1130/1130 1401/1131/1131
f 755/1132/1132 131/456/456 923/1133/1133 1403/1134/1134
f 1404/1135/1135 185/573/573 474/1136/1136 1405/1137/1137
f 1406/1138/1138 344/298/298 1408/1139/1139 1407/1140/1140
f 760/1141/1141 346/1142/1142 1410/1143/1143 1409/1144/1144
f 1411/1145/1145 340/1114/1114 744/1146/1146 1412/1147/1147
f 1413/1148/1148 183/66/66 1019/1149/1149 1414/1150/1150
f 765/1151/1151 221/654/654 1085/1152/1152 1415/1153/1153
f 1417/1154/1154 348/1594/1155 824/1156/1156 1418/1157/1157
f 1419/1158/1158 349/306/306 1421/1159/1159 1420/1160/1160
f 770/1161/1161 206/1561/621 1058/1162/1162 1422/1163/1163
f 1423/1164/1164 115/419/419 404/1165/1165 1424/1166/1166
f 1425/1167/1167 351/310/310 1427/1168/1168 1426/1169/1169
f 775/1170/1170 254/767/767 1162/1171/1171 1428/1172/1172
f 1429/1173/1173 346/1142/1142 759/1174/1174 1430/1175/1175
f 1431/1176/1176 188/70/70 1028/1177/1177 1432/1178/1178
f 780/1179/1179 335/1098/1098 1379/1180/1180 1433/1181/1181
f 1434/1182/1182 322/1038/1038 704/1183/1183 1435/1184/1184
f 1436/1185/1185 354/318/318 1438/1186/1186 1437/1187/1187
f 785/1188/1188 166/533/533 986/1189/1189 1439/1190/1190
f 1440/1191/1191 195/595/595 484/1192/1192 1441/1193/1193
f 1442/1194/1194 356/322/322 1444/1195/1195 1443/1196/1196
f 790/1197/1197 358/1198/1198 1446/1199/1199 1445/1200/1200
f 1447/1201/1201 262/794/794 579/1202/1202 1448/1203/1203
f 1449/1204/1204 193/74/74 1037/1205/1205 1450/1206/1206
f 795/1207/1207 315/1012/1012 1323/1208/1208 1451/1540/1209
f 1452/1210/1210 301/1614/951 659/1211/1211 1453/1212/1212
f 1454/1213/1213 360/330/330 1456/1214/1214 1455/1215/1215
f 800/1216/1216 151/1578/500 959/1217/1217 1457/1218/1218
f 1458/1219/1219 200/606/606 489/1220/1220 1459/1221/1221
f 1460/1222/1222 362/334/334 1462/1223/1223 1461/1224/1224
f 805/1225/1225 364/1226/1226 1464/1227/1227 1463/1228/1228
f 1465/1229/1229 358/1198/1198 789/1230/1230 1466/1231/1231
f 1467/1232/1232 198/78/78 1046/1233/1233 1468/1234/1234
f 810/1235/1235 294/1547/925 1266/1236/1236 1469/1237/1237
f 1470/1238/1238 280/1618/864 614/1239/1239 1471/1240/1240
f 1472/1241/1241 366/342/342 1474/1242/1242 1473/1243/1243
f 815/1244/1244 136/1580/467 932/1245/1245 1475/1246/1246
f 1476/1247/1247 120/430/430 409/1248/1248 1477/1249/1249
f 1478/1250/1250 368/346/346 1480/1251/1251 1479/1252/1252
f 820/1253/1253 263/798/798 1183/1254/1254 1481/1255/1255
f 1482/1256/1256 364/1226/1226 804/1257/1257 1483/1258/1258
f 1484/1259/1259 203/82/82 1055/1260/1260 1485/1261/1261
f 825/1262/1262 348/1155/1155 1416/1263/1263 1486/1264/1264
f 1487/1265/1265 220/650/650 509/1266/1266 1488/1267/1267
f 1489/1268/1268 371/354/354 1491/1269/1269 1490/1270/1270
f 830/1271/1271 101/390/390 869/1272/1272 1492/1273/1273
f 1493/1274/1274 210/628/628 499/1275/1275 1494/1276/1276
f 1495/1277/1277 373/358/358 1497/1278/1278 1496/1279/1279
f 835/1280/1280 375/1281/1281 1499/1282/1282 1498/1283/1283
f 1500/1284/1284 270/824/824 594/1285/1285 1501/1286/1286
f 1502/1287/1287 208/86/86 1064/1288/1288 1503/1289/1289
f 840/1290/1290 288/897/897 1248/1291/1291 1504/1292/1292
f 1505/1293/1293 229/681/681 524/1294/1294 1506/1295/1295
f 1507/1296/1296 377/366/366 1509/1297/1297 1508/1298/1298
f 845/1299/1299 106/401/401 878/1300/1300 1510/1301/1301
f 1511/1302/1302 215/639/639 504/1303/1303 1512/1304/1304
f 1513/1305/1305 379/370/370 1515/1306/1306 1514/1307/1307
f 850/1308/1308 381/1309/1309 1517/1310/1310 1516/1311/1311
f 1518/1312/1312 375/1281/1281 834/1313/1313 1519/1314/1314
f 1520/1315/1315 213/90/90 1073/1316/1316 1521/1317/1317
f 855/1318/1318 309/984/984 1305/1319/1319 1522/1320/1320
f 1523/1321/1321 238/712/712 539/1322/1322 1524/1323/1323
f 1525/1324/1324 383/378/378 1527/1325/1325 1526/1326/1326
f 860/1327/1327 111/412/412 887/1328/1328 1528/1329/1329
f 1529/1330/1330 125/441/441 414/1331/1331 1530/1332/1332
f 1531/1333/1333 385/382/382 1533/1334/1334 1532/1335/1335
f 865/1336/1336 271/828/828 1203/1337/1337 1534/1338/1338
f 1535/1339/1339 381/1309/1309 849/1340/1340 1536/1341/1341
f 1537/1342/1342 218/94/94 1082/1343/1343 1538/1344/1344
f 388/3/3 31/1345/1345 389/907/907 387/4/4
f 389/907/907 100/386/386 390/385/385 387/4/4
f 390/385/385 99/1346/1346 391/1/1 387/4/4
f 393/7/7 36/1347/1347 394/994/994 392/8/8
f 394/994/994 105/397/397 395/396/396 392/8/8
f 395/396/396 104/1348/1348 396/5/5 392/8/8
f 398/11/11 41/1349/1349 399/1080/1080 397/12/12
f 399/1080/1080 110/408/408 400/407/407 397/12/12
f 400/407/407 109/1350/1350 401/9/9 397/12/12
f 403/15/15 46/1351/1351 404/1165/1165 402/16/16
f 404/1165/1165 115/419/419 405/418/418 402/16/16
f 405/418/418 114/1352/1352 406/13/13 402/16/16
f 408/19/19 51/1353/1353 409/1248/1248 407/20/20
f 409/1248/1248 120/430/430 410/429/429 407/20/20
f 410/429/429 119/1354/1354 411/17/17 407/20/20
f 413/23/23 55/1355/1355 414/1331/1331 412/24/24
f 414/1331/1331 125/441/441 415/440/440 412/24/24
f 415/440/440 124/1356/1356 416/21/21 412/24/24
f 418/27/27 30/1357/1357 419/664/664 417/28/28
f 419/664/664 130/452/452 420/451/451 417/28/28
f 420/451/451 129/1358/1358 421/25/25 417/28/28
f 423/31/31 58/1359/1359 424/848/848 422/32/32
f 424/848/848 135/463/463 425/462/462 422/32/32
f 425/462/462 134/1360/1360 426/29/29 422/32/32
f 428/35/35 62/1361/1361 429/878/878 427/36/36
f 429/878/878 140/474/474 430/473/473 427/36/36
f 430/473/473 139/1362/1362 431/33/33 427/36/36
f 433/39/39 35/1363/1363 434/695/695 432/40/40
f 434/695/695 145/485/485 435/484/484 432/40/40
f 435/484/484 144/1364/1364 436/37/37 432/40/40
f 438/43/43 67/1365/1365 439/935/935 437/44/44
f 439/935/935 150/496/496 440/495/495 437/44/44
f 440/495/495 149/1366/1366 441/41/41 437/44/44
f 443/47/47 71/1367/1367 444/965/965 442/48/48
f 444/965/965 155/507/507 445/506/506 442/48/48
f 445/506/506 154/1368/1368 446/45/45 442/48/48
f 448/51/51 40/1369/1369 449/726/726 447/52/52
f 449/726/726 160/518/518 450/517/517 447/52/52
f 450/517/517 159/1370/1370 451/49/49 447/52/52
f 453/55/55 76/1371/1371 454/1022/1022 452/56/56
f 454/1022/1022 165/529/529 455/1630/528 452/56/56
f 455/1630/528 164/1574/1372 456/53/53 452/56/56
f 458/59/59 80/1373/1373 459/1052/1052 457/60/60
f 459/1052/1052 170/540/540 460/539/539 457/60/60
f 460/539/539 169/1374/1374 461/57/57 457/60/60
f 463/63/63 45/1375/1375 464/757/757 462/64/64
f 464/757/757 175/551/551 465/550/550 462/64/64
f 465/550/550 174/1376/1376 466/61/61 462/64/64
f 468/67/67 84/1377/1377 469/1108/1108 467/68/68
f 469/1108/1108 180/562/562 470/561/561 467/68/68
f 470/561/561 179/1378/1378 471/65/65 467/68/68
f 473/71/71 86/1379/1379 474/1136/1136 472/72/72
f 474/1136/1136 185/573/573 475/572/572 472/72/72
f 475/572/572 184/1380/1380 476/69/69 472/72/72
f 478/75/75 50/1381/1381 479/788/788 477/76/76
f 479/788/788 190/584/584 480/583/583 477/76/76
f 480/583/583 189/1382/1382 481/73/73 477/76/76
f 483/79/79 90/1383/1383 484/1192/1192 482/80/80
f 484/1192/1192 195/595/595 485/594/594 482/80/80
f 485/594/594 194/1384/1384 486/77/77 482/80/80
f 488/83/83 92/1385/1385 489/1220/1220 487/84/84
f 489/1220/1220 200/606/606 490/605/605 487/84/84
f 490/605/605 199/1386/1386 491/81/81 487/84/84
f 493/87/87 54/1387/1387 494/818/818 492/88/88
f 494/818/818 205/617/617 495/616/616 492/88/88
f 495/616/616 204/1388/1388 496/85/85 492/88/88
f 498/91/91 95/1389/1389 499/1275/1275 497/92/92
f 499/1275/1275 210/628/628 500/627/627 497/92/92
f 500/627/627 209/1390/1390 501/89/89 497/92/92
f 503/95/95 97/1391/1391 504/1303/1303 502/96/96
f 504/1303/1303 215/639/639 505/638/638 502/96/96
f 505/638/638 214/1392/1392 506/93/93 502/96/96
f 508/99/99 28/1629/1393 509/1628/1266 507/100/100
f 509/1628/1266 220/1559/650 510/649/649 507/100/100
f 510/649/649 219/1394/1394 511/97/97 507/100/100
f 513/103/103 29/1395/1395 514/578/578 512/104/104
f 514/578/578 186/577/577 515/660/660 512/104/104
f 515/660/660 223/1396/1396 516/101/101 512/104/104
f 518/107/107 30/1357/1357 519/858/858 517/108/108
f 519/858/858 226/670/670 520/669/669 517/108/108
f 520/669/669 225/1397/1397 521/105/105 517/108/108
f 523/111/111 33/1398/1398 524/1294/1294 522/112/112
f 524/1294/1294 229/681/681 525/680/680 522/112/112
f 525/680/680 228/1399/1399 526/109/109 522/112/112
f 528/115/115 34/1400/1400 529/479/479 527/116/116
f 529/479/479 141/478/478 530/691/691 527/116/116
f 530/691/691 232/1401/1401 531/113/113 527/116/116
f 533/119/119 35/1363/1363 534/945/945 532/120/120
f 534/945/945 235/701/701 535/700/700 532/120/120
f 535/700/700 234/1402/1402 536/117/117 532/120/120
f 538/123/123 38/1403/1403 539/1322/1322 537/124/124
f 539/1322/1322 238/712/712 540/711/711 537/124/124
f 540/711/711 237/1404/1404 541/121/121 537/124/124
f 543/127/127 39/1405/1405 544/512/512 542/128/128
f 544/512/512 156/511/511 545/722/722 542/128/128
f 545/722/722 241/1406/1406 546/125/125 542/128/128
f 548/131/131 40/1369/1369 549/1032/1032 547/132/132
f 549/1032/1032 244/732/732 550/731/731 547/132/132
f 550/731/731 243/1407/1407 551/129/129 547/132/132
f 553/135/135 43/1627/1408 554/1626/809 552/136/136
f 554/1626/809 247/1557/743 555/742/742 552/136/136
f 555/742/742 246/1409/1409 556/133/133 552/136/136
f 558/139/139 44/1410/1410 559/1624/545 557/140/140
f 559/1624/545 171/544/544 560/753/753 557/140/140
f 560/753/753 250/1411/1411 561/137/137 557/140/140
f 563/143/143 45/1375/1375 564/1118/1118 562/144/144
f 564/1118/1118 253/763/763 565/762/762 562/144/144
f 565/762/762 252/1412/1412 566/141/141 562/144/144
f 568/147/147 48/1413/1413 569/839/839 567/148/148
f 569/839/839 256/774/774 570/773/773 567/148/148
f 570/773/773 255/1414/1414 571/145/145 567/148/148
f 573/151/151 49/1415/1415 574/567/567 572/152/152
f 574/567/567 181/566/566 575/784/784 572/152/152
f 575/784/784 259/1416/1416 576/149/149 572/152/152
f 578/155/155 50/1381/1381 579/1202/1202 577/156/156
f 579/1202/1202 262/794/794 580/793/793 577/156/156
f 580/793/793 261/1417/1417 581/153/153 577/156/156
f 583/1583/159 53/1418/1418 584/1622/1071 582/1621/160
f 584/1622/1071 265/805/805 585/804/804 582/1621/160
f 585/1550/804 264/1419/1419 586/157/157 582/160/160
f 588/163/163 43/1408/1408 589/1619/424 587/164/164
f 589/1619/424 116/423/423 590/814/814 587/164/164
f 590/814/814 267/1420/1420 591/161/161 587/164/164
f 593/167/167 54/1387/1387 594/1285/1285 592/168/168
f 594/1285/1285 270/824/824 595/823/823 592/168/168
f 595/823/823 269/1421/1421 596/165/165 592/168/168
f 598/171/171 57/1422/1422 599/1127/1127 597/172/172
f 599/1127/1127 273/835/835 600/834/834 597/172/172
f 600/834/834 272/1423/1423 601/169/169 597/172/172
f 603/175/175 48/1413/1413 604/435/435 602/176/176
f 604/435/435 121/434/434 605/844/844 602/176/176
f 605/844/844 275/1424/1424 606/173/173 602/176/176
f 608/179/179 58/1359/1359 609/888/888 607/180/180
f 609/888/888 278/854/854 610/853/853 607/180/180
f 610/853/853 277/1425/1425 611/177/177 607/180/180
f 613/183/183 60/1426/1426 614/1617/1239 612/184/184
f 614/1617/1239 280/864/864 615/863/863 612/184/184
f 615/863/863 279/1427/1427 616/181/181 612/184/184
f 618/187/187 61/1428/1428 619/490/490 617/188/188
f 619/490/490 146/489/489 620/874/874 617/188/188
f 620/874/874 283/1429/1429 621/185/185 617/188/188
f 623/191/191 62/1361/1361 624/916/916 622/192/192
f 624/916/916 286/884/884 625/883/883 622/192/192
f 625/883/883 285/1430/1430 626/189/189 622/192/192
f 628/195/195 34/1400/1400 629/686/686 627/196/196
f 629/686/686 230/685/685 630/893/893 627/196/196
f 630/893/893 287/1431/1431 631/193/193 627/196/196
f 633/199/199 64/1432/1432 634/633/633 632/200/200
f 634/633/633 211/632/632 635/903/903 632/200/200
f 635/903/903 290/1433/1433 636/197/197 632/200/200
f 638/203/203 31/1345/1345 639/675/675 637/204/204
f 639/675/675 227/674/674 640/912/912 637/204/204
f 640/912/912 292/1434/1434 641/201/201 637/204/204
f 643/207/207 61/1428/1428 644/869/869 642/208/208
f 644/869/869 281/868/868 645/921/921 642/208/208
f 645/921/921 293/1435/1435 646/205/205 642/208/208
f 648/211/211 66/1436/1436 649/1615/611 647/212/212
f 649/1615/611 201/610/610 650/931/931 647/212/212
f 650/931/931 296/1437/1437 651/209/209 647/212/212
f 653/215/215 67/1365/1365 654/975/975 652/216/216
f 654/975/975 299/941/941 655/940/940 652/216/216
f 655/940/940 298/1438/1438 656/213/213 652/216/216
f 658/219/219 69/1439/1439 659/1613/1211 657/220/220
f 659/1613/1211 301/951/951 660/950/950 657/220/220
f 660/950/950 300/1440/1440 661/217/217 657/220/220
f 663/223/223 70/1441/1441 664/523/523 662/224/224
f 664/523/523 161/522/522 665/961/961 662/224/224
f 665/961/961 304/1442/1442 666/221/221 662/224/224
f 668/227/227 71/1367/1367 669/1003/1003 667/228/228
f 669/1003/1003 307/971/971 670/970/970 667/228/228
f 670/970/970 306/1443/1443 671/225/225 667/228/228
f 673/231/231 39/1405/1405 674/717/717 672/232/232
f 674/717/717 239/716/716 675/980/980 672/232/232
f 675/980/980 308/1444/1444 676/229/229 672/232/232
f 678/235/235 73/1445/1445 679/644/644 677/236/236
f 679/644/644 216/643/643 680/990/990 677/236/236
f 680/990/990 311/1446/1446 681/233/233 677/236/236
f 683/239/239 36/1347/1347 684/706/706 682/240/240
f 684/706/706 236/705/705 685/999/999 682/240/240
f 685/999/999 313/1447/1447 686/237/237 682/240/240
f 688/243/243 70/1441/1441 689/956/956 687/244/244
f 689/956/956 302/955/955 690/1008/1008 687/244/244
f 690/1008/1008 314/1448/1448 691/241/241 687/244/244
f 693/247/247 75/1449/1449 694/600/600 692/248/248
f 694/600/600 196/599/599 695/1018/1018 692/248/248
f 695/1018/1018 317/1450/1450 696/245/245 692/248/248
f 698/251/251 76/1371/1371 699/1062/1062 697/252/252
f 699/1062/1062 320/1028/1028 700/1027/1027 697/252/252
f 700/1027/1027 319/1451/1451 701/249/249 697/252/252
f 703/255/255 78/1452/1452 704/1183/1183 702/256/256
f 704/1183/1183 322/1038/1038 705/1037/1037 702/256/256
f 705/1037/1037 321/1545/1453 706/1612/253 702/256/256
f 708/259/259 79/1611/1454 709/1610/556 707/260/260
f 709/1610/556 176/1570/555 710/1048/1048 707/260/260
f 710/1048/1048 325/1455/1455 711/257/257 707/260/260
f 713/263/263 80/1373/1373 714/1089/1089 712/264/264
f 714/1089/1089 328/1058/1058 715/1057/1057 712/264/264
f 715/1057/1057 327/1456/1456 716/261/261 712/264/264
f 718/267/267 44/1609/1410 719/1608/748 717/268/268
f 719/1608/748 248/1556/747 720/1067/1067 717/268/268
f 720/1067/1067 329/1457/1457 721/265/265 717/268/268
f 723/271/271 53/1607/1418 724/1606/446 722/272/272
f 724/1606/446 126/1587/445 725/1076/1076 722/272/272
f 725/1076/1076 331/1458/1458 726/269/269 722/272/272
f 728/275/275 41/1349/1349 729/737/737 727/276/276
f 729/737/737 245/736/736 730/1085/1085 727/276/276
f 730/1085/1085 333/1459/1459 731/273/273 727/276/276
f 733/279/279 79/1454/1454 734/1604/1043 732/280/280
f 734/1604/1043 323/1042/1042 735/1094/1094 732/280/280
f 735/1094/1094 334/1460/1460 736/277/277 732/280/280
f 738/283/283 83/1461/1461 739/589/589 737/284/284
f 739/589/589 191/588/588 740/1104/1104 737/284/284
f 740/1104/1104 337/1462/1462 741/281/281 737/284/284
f 743/287/287 84/1377/1377 744/1146/1146 742/288/288
f 744/1146/1146 340/1114/1114 745/1113/1113 742/288/288
f 745/1113/1113 339/1463/1463 746/285/285 742/288/288
f 748/291/291 49/1415/1415 749/779/779 747/292/292
f 749/779/779 257/778/778 750/1123/1123 747/292/292
f 750/1123/1123 341/1464/1464 751/289/289 747/292/292
f 753/295/295 57/1422/1422 754/457/457 752/296/296
f 754/457/457 131/456/456 755/1132/1132 752/296/296
f 755/1132/1132 343/1465/1465 756/293/293 752/296/296
f 758/299/299 86/1379/1379 759/1174/1174 757/300/300
f 759/1174/1174 346/1142/1142 760/1141/1141 757/300/300
f 760/1141/1141 345/1466/1466 761/297/297 757/300/300
f 763/303/303 29/1395/1395 764/655/655 762/304/304
f 764/655/655 221/654/654 765/1151/1151 762/304/304
f 765/1151/1151 347/1467/1467 766/301/301 762/304/304
f 768/307/307 88/1603/1468 769/1602/622 767/308/308
f 769/1602/622 206/1561/621 770/1161/1161 767/308/308
f 770/1161/1161 350/1469/1469 771/305/305 767/308/308
f 773/311/311 46/1351/1351 774/768/768 772/312/312
f 774/768/768 254/767/767 775/1170/1170 772/312/312
f 775/1170/1170 352/1470/1470 776/309/309 772/312/312
f 778/315/315 83/1461/1461 779/1099/1099 777/316/316
f 779/1099/1099 335/1098/1098 780/1179/1179 777/316/316
f 780/1179/1179 353/1471/1471 781/313/313 777/316/316
f 783/319/319 78/1452/1452 784/534/534 782/320/320
f 784/534/534 166/533/533 785/1188/1188 782/320/320
f 785/1188/1188 355/1472/1472 786/317/317 782/320/320
f 788/323/323 90/1383/1383 789/1230/1230 787/324/324
f 789/1230/1230 358/1198/1198 790/1197/1197 787/324/324
f 790/1197/1197 357/1473/1473 791/321/321 787/324/324
f 793/1566/327 75/1449/1449 794/1013/1013 792/1601/328
f 794/1013/1013 315/1012/1012 795/1207/1207 792/1601/328
f 795/1539/1207 359/1474/1474 796/325/325 792/328/328
f 798/331/331 69/1600/1439 799/1599/501 797/332/332
f 799/1599/501 151/1578/500 800/1216/1216 797/332/332
f 800/1216/1216 361/1475/1475 801/329/329 797/332/332
f 803/335/335 92/1385/1385 804/1257/1257 802/336/336
f 804/1257/1257 364/1226/1226 805/1225/1225 802/336/336
f 805/1225/1225 363/1476/1476 806/333/333 802/336/336
f 808/339/339 66/1598/1436 809/1597/926 807/340/340
f 809/1597/926 294/1547/925 810/1235/1235 807/340/340
f 810/1235/1235 365/1477/1477 811/337/337 807/340/340
f 813/343/343 60/1596/1426 814/1595/468 812/344/344
f 814/1595/468 136/1580/467 815/1244/1244 812/344/344
f 815/1244/1244 367/1478/1478 816/341/341 812/344/344
f 818/347/347 51/1353/1353 819/799/799 817/348/348
f 819/799/799 263/798/798 820/1253/1253 817/348/348
f 820/1253/1253 369/1479/1479 821/345/345 817/348/348
f 823/351/351 88/1468/1468 824/1593/1156 822/352/352
f 824/1593/1156 348/1155/1155 825/1262/1262 822/352/352
f 825/1262/1262 370/1480/1480 826/349/349 822/352/352
f 828/355/355 28/1393/1393 829/1591/391 827/356/356
f 829/1591/391 101/390/390 830/1271/1271 827/356/356
f 830/1271/1271 372/1481/1481 831/353/353 827/356/356
f 833/359/359 95/1389/1389 834/1313/1313 832/360/360
f 834/1313/1313 375/1281/1281 835/1280/1280 832/360/360
f 835/1280/1280 374/1482/1482 836/357/357 832/360/360
f 838/363/363 64/1432/1432 839/898/898 837/364/364
f 839/898/898 288/897/897 840/1290/1290 837/364/364
f 840/1290/1290 376/1483/1483 841/361/361 837/364/364
f 843/367/367 33/1398/1398 844/402/402 842/368/368
f 844/402/402 106/401/401 845/1299/1299 842/368/368
f 845/1299/1299 378/1484/1484 846/365/365 842/368/368
f 848/371/371 97/1391/1391 849/1340/1340 847/372/372
f 849/1340/1340 381/1309/1309 850/1308/1308 847/372/372
f 850/1308/1308 380/1485/1485 851/369/369 847/372/372
f 853/375/375 73/1445/1445 854/985/985 852/376/376
f 854/985/985 309/984/984 855/1318/1318 852/376/376
f 855/1318/1318 382/1486/1486 856/373/373 852/376/376
f 858/379/379 38/1403/1403 859/413/413 857/380/380
f 859/413/413 111/412/412 860/1327/1327 857/380/380
f 860/1327/1327 384/1487/1487 861/377/377 857/380/380
f 863/383/383 55/1355/1355 864/829/829 862/384/384
f 864/829/829 271/828/828 865/1336/1336 862/384/384
f 865/1336/1336 386/1488/1488 866/381/381 862/384/384
f 868/387/387 13/1634/1489 869/1590/1272 867/388/388
f 869/1590/1272 101/1592/390 870/389/389 867/388/388
f 870/389/389 99/1346/1346 390/385/385 867/388/388
f 829/391/391 28/1629/1393 508/99/99 871/392/392
f 508/99/99 102/98/98 872/393/393 871/392/392
f 872/393/393 99/1346/1346 870/389/389 871/392/392
f 874/394/394 27/1490/1490 875/678/678 873/395/395
f 875/678/678 103/2/2 391/1/1 873/395/395
f 391/1/1 99/1346/1346 872/393/393 873/395/395
f 877/398/398 17/1491/1491 878/1300/1300 876/399/399
f 878/1300/1300 106/401/401 879/400/400 876/399/399
f 879/400/400 104/1348/1348 395/396/396 876/399/399
f 844/402/402 33/1398/1398 523/111/111 880/403/403
f 523/111/111 107/110/110 881/404/404 880/403/403
f 881/404/404 104/1348/1348 879/400/400 880/403/403
f 883/405/405 32/1492/1492 884/709/709 882/406/406
f 884/709/709 108/6/6 396/5/5 882/406/406
f 396/5/5 104/1348/1348 881/404/404 882/406/406
f 886/409/409 21/1493/1493 887/1328/1328 885/410/410
f 887/1328/1328 111/412/412 888/411/411 885/410/410
f 888/411/411 109/1350/1350 400/407/407 885/410/410
f 859/413/413 38/1403/1403 538/123/123 889/414/414
f 538/123/123 112/122/122 890/415/415 889/414/414
f 890/415/415 109/1350/1350 888/411/411 889/414/414
f 892/416/416 37/1494/1494 893/740/740 891/417/417
f 893/740/740 113/10/10 401/9/9 891/417/417
f 401/9/9 109/1350/1350 890/415/415 891/417/417
f 895/420/420 24/1589/1495 896/1588/815 894/421/421
f 896/1588/815 116/1620/423 897/422/422 894/421/421
f 897/422/422 114/1352/1352 405/418/418 894/421/421
f 589/424/424 43/1627/1408 553/135/135 898/425/425
f 553/135/135 117/134/134 899/426/426 898/425/425
f 899/426/426 114/1352/1352 897/422/422 898/425/425
f 901/427/427 42/1496/1496 902/771/771 900/428/428
f 902/771/771 118/14/14 406/13/13 900/428/428
f 406/13/13 114/1352/1352 899/426/426 900/428/428
f 904/431/431 11/1497/1497 905/845/845 903/432/432
f 905/845/845 121/434/434 906/433/433 903/432/432
f 906/433/433 119/1354/1354 410/429/429 903/432/432
f 604/435/435 48/1413/1413 568/147/147 907/436/436
f 568/147/147 122/146/146 908/437/437 907/436/436
f 908/437/437 119/1354/1354 906/433/433 907/436/436
f 910/438/438 47/1498/1498 911/802/802 909/439/439
f 911/802/802 123/18/18 411/17/17 909/439/439
f 411/17/17 119/1354/1354 908/437/437 909/439/439
f 913/1585/442 21/1632/1493 914/1586/1077 912/1584/443
f 914/1586/1077 126/445/445 915/444/444 912/1584/443
f 915/1581/444 124/1356/1356 415/440/440 912/443/443
f 724/446/446 53/1418/1418 583/1583/159 916/1582/447
f 583/159/159 127/158/158 917/448/448 916/447/447
f 917/448/448 124/1356/1356 915/1581/444 916/447/447
f 919/449/449 52/1499/1499 920/832/832 918/450/450
f 920/832/832 128/22/22 416/21/21 918/450/450
f 416/21/21 124/1356/1356 917/448/448 918/450/450
f 922/453/453 10/1500/1500 923/1133/1133 921/454/454
f 923/1133/1133 131/456/456 924/455/455 921/454/454
f 924/455/455 129/1358/1358 420/451/451 921/454/454
f 754/457/457 57/1422/1422 598/171/171 925/458/458
f 598/171/171 132/170/170 926/459/459 925/458/458
f 926/459/459 129/1358/1358 924/455/455 925/458/458
f 928/460/460 56/1501/1501 929/861/861 927/461/461
f 929/861/861 133/26/26 421/25/25 927/461/461
f 421/25/25 129/1358/1358 926/459/459 927/461/461
f 931/464/464 11/1497/1497 932/1579/1245 930/465/465
f 932/1579/1245 136/467/467 933/466/466 930/465/465
f 933/466/466 134/1360/1360 425/462/462 930/465/465
f 814/468/468 60/1426/1426 613/183/183 934/469/469
f 613/183/183 137/182/182 935/470/470 934/469/469
f 935/470/470 134/1360/1360 933/466/466 934/469/469
f 937/471/471 59/1502/1502 938/891/891 936/472/472
f 938/891/891 138/30/30 426/29/29 936/472/472
f 426/29/29 134/1360/1360 935/470/470 936/472/472
f 940/475/475 12/1503/1503 941/692/692 939/476/476
f 941/692/692 141/478/478 942/477/477 939/476/476
f 942/477/477 139/1362/1362 430/473/473 939/476/476
f 529/479/479 34/1400/1400 628/195/195 943/480/480
f 628/195/195 142/194/194 944/481/481 943/480/480
f 944/481/481 139/1362/1362 942/477/477 943/480/480
f 946/482/482 63/1504/1504 947/919/919 945/483/483
f 947/919/919 143/34/34 431/33/33 945/483/483
f 431/33/33 139/1362/1362 944/481/481 945/483/483
f 949/486/486 12/1503/1503 950/875/875 948/487/487
f 950/875/875 146/489/489 951/488/488 948/487/487
f 951/488/488 144/1364/1364 435/484/484 948/487/487
f 619/490/490 61/1428/1428 643/207/207 952/491/491
f 643/207/207 147/206/206 953/492/492 952/491/491
f 953/492/492 144/1364/1364 951/488/488 952/491/491
f 955/493/493 65/1505/1505 956/948/948 954/494/494
f 956/948/948 148/38/38 436/37/37 954/494/494
f 436/37/37 144/1364/1364 953/492/492 954/494/494
f 958/497/497 15/1506/1506 959/1577/1217 957/498/498
f 959/1577/1217 151/500/500 960/499/499 957/498/498
f 960/499/499 149/1366/1366 440/495/495 957/498/498
f 799/501/501 69/1439/1439 658/219/219 961/502/502
f 658/219/219 152/218/218 962/503/503 961/502/502
f 962/503/503 149/1366/1366 960/499/499 961/502/502
f 964/504/504 68/1507/1507 965/978/978 963/505/505
f 965/978/978 153/42/42 441/41/41 963/505/505
f 441/41/41 149/1366/1366 962/503/503 963/505/505
f 967/508/508 16/1508/1508 968/723/723 966/509/509
f 968/723/723 156/511/511 969/510/510 966/509/509
f 969/510/510 154/1368/1368 445/506/506 966/509/509
f 544/512/512 39/1405/1405 673/231/231 970/513/513
f 673/231/231 157/230/230 971/514/514 970/513/513
f 971/514/514 154/1368/1368 969/510/510 970/513/513
f 973/515/515 72/1509/1509 974/1006/1006 972/516/516
f 974/1006/1006 158/46/46 446/45/45 972/516/516
f 446/45/45 154/1368/1368 971/514/514 972/516/516
f 976/519/519 16/1508/1508 977/962/962 975/520/520
f 977/962/962 161/522/522 978/521/521 975/520/520
f 978/521/521 159/1370/1370 450/517/517 975/520/520
f 664/523/523 70/1441/1441 688/243/243 979/524/524
f 688/243/243 162/242/242 980/525/525 979/524/524
f 980/525/525 159/1370/1370 978/521/521 979/524/524
f 982/526/526 74/1510/1510 983/1035/1035 981/527/527
f 983/1035/1035 163/50/50 451/49/49 981/527/527
f 451/49/49 159/1370/1370 980/525/525 981/527/527
f 985/1575/530 19/1633/1511 986/1189/1189 984/531/531
f 986/1189/1189 166/533/533 987/532/532 984/531/531
f 987/532/532 164/1372/1372 455/528/528 984/531/531
f 784/534/534 78/1452/1452 703/255/255 988/535/535
f 703/255/255 167/254/254 989/1573/536 988/535/535
f 989/1573/536 164/1372/1372 987/532/532 988/535/535
f 991/537/537 77/1512/1512 992/1065/1065 990/538/538
f 992/1065/1065 168/54/54 456/53/53 990/538/538
f 456/53/53 164/1574/1372 989/536/536 990/538/538
f 994/541/541 20/1572/1513 995/1571/754 993/542/542
f 995/1571/754 171/1625/544 996/543/543 993/542/542
f 996/543/543 169/1374/1374 460/539/539 993/542/542
f 559/545/545 44/1609/1410 718/267/267 997/546/546
f 718/267/267 172/266/266 998/547/547 997/546/546
f 998/547/547 169/1374/1374 996/543/543 997/546/546
f 1000/548/548 81/1514/1514 1001/1092/1092 999/549/549
f 1001/1092/1092 173/58/58 461/57/57 999/549/549
f 461/57/57 169/1374/1374 998/547/547 999/549/549
f 1003/552/552 20/1513/1513 1004/1569/1049 1002/553/553
f 1004/1569/1049 176/555/555 1005/554/554 1002/553/553
f 1005/554/554 174/1376/1376 465/550/550 1002/553/553
f 709/556/556 79/1454/1454 733/279/279 1006/557/557
f 733/279/279 177/278/278 1007/558/558 1006/557/557
f 1007/558/558 174/1376/1376 1005/554/554 1006/557/557
f 1009/559/559 82/1515/1515 1010/1121/1121 1008/560/560
f 1010/1121/1121 178/62/62 466/61/61 1008/560/560
f 466/61/61 174/1376/1376 1007/558/558 1008/560/560
f 1012/563/563 23/1516/1516 1013/785/785 1011/564/564
f 1013/785/785 181/566/566 1014/565/565 1011/564/564
f 1014/565/565 179/1378/1378 470/561/561 1011/564/564
f 574/567/567 49/1415/1415 748/291/291 1015/568/568
f 748/291/291 182/290/290 1016/569/569 1015/568/568
f 1016/569/569 179/1378/1378 1014/565/565 1015/568/568
f 1018/570/570 85/1517/1517 1019/1149/1149 1017/571/571
f 1019/1149/1149 183/66/66 471/65/65 1017/571/571
f 471/65/65 179/1378/1378 1016/569/569 1017/571/571
f 1021/574/574 10/1500/1500 1022/661/661 1020/575/575
f 1022/661/661 186/577/577 1023/576/576 1020/575/575
f 1023/576/576 184/1380/1380 475/572/572 1020/575/575
f 514/578/578 29/1395/1395 763/303/303 1024/579/579
f 763/303/303 187/302/302 1025/580/580 1024/579/579
f 1025/580/580 184/1380/1380 1023/576/576 1024/579/579
f 1027/581/581 87/1518/1518 1028/1177/1177 1026/582/582
f 1028/1177/1177 188/70/70 476/69/69 1026/582/582
f 476/69/69 184/1380/1380 1025/580/580 1026/582/582
f 1030/585/585 23/1516/1516 1031/1105/1105 1029/586/586
f 1031/1105/1105 191/588/588 1032/587/587 1029/586/586
f 1032/587/587 189/1382/1382 480/583/583 1029/586/586
f 739/589/589 83/1461/1461 778/315/315 1033/590/590
f 778/315/315 192/314/314 1034/591/591 1033/590/590
f 1034/591/591 189/1382/1382 1032/587/587 1033/590/590
f 1036/592/592 89/1519/1519 1037/1205/1205 1035/593/593
f 1037/1205/1205 193/74/74 481/73/73 1035/593/593
f 481/73/73 189/1382/1382 1034/591/591 1035/593/593
f 1039/1568/596 19/1511/1511 1040/1019/1019 1038/1567/597
f 1040/1019/1019 196/599/599 1041/598/598 1038/1567/597
f 1041/1564/598 194/1384/1384 485/594/594 1038/597/597
f 694/600/600 75/1449/1449 793/1566/327 1042/1565/601
f 793/327/327 197/326/326 1043/602/602 1042/601/601
f 1043/602/602 194/1384/1384 1041/1564/598 1042/601/601
f 1045/603/603 91/1520/1520 1046/1233/1233 1044/604/604
f 1046/1233/1233 198/78/78 486/77/77 1044/604/604
f 486/77/77 194/1384/1384 1043/602/602 1044/604/604
f 1048/607/607 15/1563/1506 1049/1562/932 1047/608/608
f 1049/1562/932 201/1616/610 1050/609/609 1047/608/608
f 1050/609/609 199/1386/1386 490/605/605 1047/608/608
f 649/611/611 66/1598/1436 808/339/339 1051/612/612
f 808/339/339 202/338/338 1052/613/613 1051/612/612
f 1052/613/613 199/1386/1386 1050/609/609 1051/612/612
f 1054/614/614 93/1521/1521 1055/1260/1260 1053/615/615
f 1055/1260/1260 203/82/82 491/81/81 1053/615/615
f 491/81/81 199/1386/1386 1052/613/613 1053/615/615
f 1057/618/618 24/1495/1495 1058/1560/1162 1056/619/619
f 1058/1560/1162 206/621/621 1059/620/620 1056/619/619
f 1059/620/620 204/1388/1388 495/616/616 1056/619/619
f 769/622/622 88/1468/1468 823/351/351 1060/623/623
f 823/351/351 207/350/350 1061/624/624 1060/623/623
f 1061/624/624 204/1388/1388 1059/620/620 1060/623/623
f 1063/625/625 94/1522/1522 1064/1288/1288 1062/626/626
f 1064/1288/1288 208/86/86 496/85/85 1062/626/626
f 496/85/85 204/1388/1388 1061/624/624 1062/626/626
f 1066/629/629 13/1489/1489 1067/904/904 1065/630/630
f 1067/904/904 211/632/632 1068/631/631 1065/630/630
f 1068/631/631 209/1390/1390 500/627/627 1065/630/630
f 634/633/633 64/1432/1432 838/363/363 1069/634/634
f 838/363/363 212/362/362 1070/635/635 1069/634/634
f 1070/635/635 209/1390/1390 1068/631/631 1069/634/634
f 1072/636/636 96/1523/1523 1073/1316/1316 1071/637/637
f 1073/1316/1316 213/90/90 501/89/89 1071/637/637
f 501/89/89 209/1390/1390 1070/635/635 1071/637/637
f 1075/640/640 17/1491/1491 1076/991/991 1074/641/641
f 1076/991/991 216/643/643 1077/642/642 1074/641/641
f 1077/642/642 214/1392/1392 505/638/638 1074/641/641
f 679/644/644 73/1445/1445 853/375/375 1078/645/645
f 853/375/375 217/374/374 1079/646/646 1078/645/645
f 1079/646/646 214/1392/1392 1077/642/642 1078/645/645
f 1081/647/647 98/1524/1524 1082/1343/1343 1080/648/648
f 1082/1343/1343 218/94/94 506/93/93 1080/648/648
f 506/93/93 214/1392/1392 1079/646/646 1080/648/648
f 1084/1558/651 1/1543/1525 1085/1152/1152 1083/652/652
f 1085/1152/1152 221/654/654 1086/653/653 1083/652/652
f 1086/653/653 219/1394/1394 510/649/649 1083/652/652
f 764/655/655 29/1395/1395 513/103/103 1087/656/656
f 513/103/103 222/102/102 1088/657/657 1087/656/656
f 1088/657/657 219/1394/1394 1086/653/653 1087/656/656
f 1090/658/658 27/1490/1490 874/394/394 1089/659/659
f 874/394/394 102/98/98 511/97/97 1089/659/659
f 511/97/97 219/1394/1394 1088/657/657 1089/659/659
f 1022/661/661 10/1500/1500 922/453/453 1091/662/662
f 922/453/453 130/452/452 1092/663/663 1091/662/662
f 1092/663/663 223/1396/1396 515/660/660 1091/662/662
f 419/664/664 30/1357/1357 518/107/107 1093/665/665
f 518/107/107 224/106/106 1094/666/666 1093/665/665
f 1094/666/666 223/1396/1396 1092/663/663 1093/665/665
f 1096/667/667 27/1490/1490 1090/658/658 1095/668/668
f 1090/658/658 222/102/102 516/101/101 1095/668/668
f 516/101/101 223/1396/1396 1094/666/666 1095/668/668
f 1098/671/671 9/1526/1526 1099/913/913 1097/672/672
f 1099/913/913 227/674/674 1100/673/673 1097/672/672
f 1100/673/673 225/1397/1397 520/669/669 1097/672/672
f 639/675/675 31/1345/1345 388/3/3 1101/676/676
f 388/3/3 103/2/2 1102/677/677 1101/676/676
f 1102/677/677 225/1397/1397 1100/673/673 1101/676/676
f 875/678/678 27/1490/1490 1096/667/667 1103/679/679
f 1096/667/667 224/106/106 521/105/105 1103/679/679
f 521/105/105 225/1397/1397 1102/677/677 1103/679/679
f 1105/682/682 3/1527/1527 1106/894/894 1104/683/683
f 1106/894/894 230/685/685 1107/684/684 1104/683/683
f 1107/684/684 228/1399/1399 525/680/680 1104/683/683
f 629/686/686 34/1400/1400 528/115/115 1108/687/687
f 528/115/115 231/114/114 1109/688/688 1108/687/687
f 1109/688/688 228/1399/1399 1107/684/684 1108/687/687
f 1111/689/689 32/1492/1492 883/405/405 1110/690/690
f 883/405/405 107/110/110 526/109/109 1110/690/690
f 526/109/109 228/1399/1399 1109/688/688 1110/690/690
f 941/692/692 12/1503/1503 949/486/486 1112/693/693
f 949/486/486 145/485/485 1113/694/694 1112/693/693
f 1113/694/694 232/1401/1401 530/691/691 1112/693/693
f 434/695/695 35/1363/1363 533/119/119 1114/696/696
f 533/119/119 233/118/118 1115/697/697 1114/696/696
f 1115/697/697 232/1401/1401 1113/694/694 1114/696/696
f 1117/698/698 32/1492/1492 1111/689/689 1116/699/699
f 1111/689/689 231/114/114 531/113/113 1116/699/699
f 531/113/113 232/1401/1401 1115/697/697 1116/699/699
f 1119/702/702 14/1528/1528 1120/1000/1000 1118/703/703
f 1120/1000/1000 236/705/705 1121/704/704 1118/703/703
f 1121/704/704 234/1402/1402 535/700/700 1118/703/703
f 684/706/706 36/1347/1347 393/7/7 1122/707/707
f 393/7/7 108/6/6 1123/708/708 1122/707/707
f 1123/708/708 234/1402/1402 1121/704/704 1122/707/707
f 884/709/709 32/1492/1492 1117/698/698 1124/710/710
f 1117/698/698 233/118/118 536/117/117 1124/710/710
f 536/117/117 234/1402/1402 1123/708/708 1124/710/710
f 1126/713/713 5/1529/1529 1127/981/981 1125/714/714
f 1127/981/981 239/716/716 1128/715/715 1125/714/714
f 1128/715/715 237/1404/1404 540/711/711 1125/714/714
f 674/717/717 39/1405/1405 543/127/127 1129/718/718
f 543/127/127 240/126/126 1130/719/719 1129/718/718
f 1130/719/719 237/1404/1404 1128/715/715 1129/718/718
f 1132/720/720 37/1494/1494 892/416/416 1131/721/721
f 892/416/416 112/122/122 541/121/121 1131/721/721
f 541/121/121 237/1404/1404 1130/719/719 1131/721/721
f 968/723/723 16/1508/1508 976/519/519 1133/724/724
f 976/519/519 160/518/518 1134/725/725 1133/724/724
f 1134/725/725 241/1406/1406 545/722/722 1133/724/724
f 449/726/726 40/1369/1369 548/131/131 1135/727/727
f 548/131/131 242/130/130 1136/728/728 1135/727/727
f 1136/728/728 241/1406/1406 1134/725/725 1135/727/727
f 1138/729/729 37/1494/1494 1132/720/720 1137/730/730
f 1132/720/720 240/126/126 546/125/125 1137/730/730
f 546/125/125 241/1406/1406 1136/728/728 1137/730/730
f 1140/733/733 18/1530/1530 1141/1086/1086 1139/734/734
f 1141/1086/1086 245/736/736 1142/735/735 1139/734/734
f 1142/735/735 243/1407/1407 550/731/731 1139/734/734
f 729/737/737 41/1349/1349 398/11/11 1143/738/738
f 398/11/11 113/10/10 1144/739/739 1143/738/738
f 1144/739/739 243/1407/1407 1142/735/735 1143/738/738
f 893/740/740 37/1494/1494 1138/729/729 1145/741/741
f 1138/729/729 242/130/130 551/129/129 1145/741/741
f 551/129/129 243/1407/1407 1144/739/739 1145/741/741
f 1147/1552/744 7/1531/1531 1148/1555/1068 1146/745/745
f 1148/1555/1068 248/747/747 1149/746/746 1146/745/745
f 1149/746/746 246/1409/1409 555/742/742 1146/745/745
f 719/748/748 44/1410/1410 558/139/139 1150/749/749
f 558/139/139 249/138/138 1151/750/750 1150/749/749
f 1151/750/750 246/1409/1409 1149/746/746 1150/749/749
f 1153/751/751 42/1496/1496 901/427/427 1152/752/752
f 901/427/427 117/134/134 556/133/133 1152/752/752
f 556/133/133 246/1409/1409 1151/750/750 1152/752/752
f 995/754/754 20/1513/1513 1003/552/552 1154/755/755
f 1003/552/552 175/551/551 1155/756/756 1154/755/755
f 1155/756/756 250/1411/1411 560/753/753 1154/755/755
f 464/757/757 45/1375/1375 563/143/143 1156/758/758
f 563/143/143 251/142/142 1157/759/759 1156/758/758
f 1157/759/759 250/1411/1411 1155/756/756 1156/758/758
f 1159/760/760 42/1496/1496 1153/751/751 1158/761/761
f 1153/751/751 249/138/138 561/137/137 1158/761/761
f 561/137/137 250/1411/1411 1157/759/759 1158/761/761
f 1161/764/764 22/1532/1532 1162/1171/1171 1160/765/765
f 1162/1171/1171 254/767/767 1163/766/766 1160/765/765
f 1163/766/766 252/1412/1412 565/762/762 1160/765/765
f 774/768/768 46/1351/1351 403/15/15 1164/769/769
f 403/15/15 118/14/14 1165/770/770 1164/769/769
f 1165/770/770 252/1412/1412 1163/766/766 1164/769/769
f 902/771/771 42/1496/1496 1159/760/760 1166/772/772
f 1159/760/760 251/142/142 566/141/141 1166/772/772
f 566/141/141 252/1412/1412 1165/770/770 1166/772/772
f 1168/775/775 2/1533/1533 1169/1124/1124 1167/776/776
f 1169/1124/1124 257/778/778 1170/777/777 1167/776/776
f 1170/777/777 255/1414/1414 570/773/773 1167/776/776
f 749/779/779 49/1415/1415 573/151/151 1171/780/780
f 573/151/151 258/150/150 1172/781/781 1171/780/780
f 1172/781/781 255/1414/1414 1170/777/777 1171/780/780
f 1174/782/782 47/1498/1498 910/438/438 1173/783/783
f 910/438/438 122/146/146 571/145/145 1173/783/783
f 571/145/145 255/1414/1414 1172/781/781 1173/783/783
f 1013/785/785 23/1516/1516 1030/585/585 1175/786/786
f 1030/585/585 190/584/584 1176/787/787 1175/786/786
f 1176/787/787 259/1416/1416 575/784/784 1175/786/786
f 479/788/788 50/1381/1381 578/155/155 1177/789/789
f 578/155/155 260/154/154 1178/790/790 1177/789/789
f 1178/790/790 259/1416/1416 1176/787/787 1177/789/789
f 1180/791/791 47/1498/1498 1174/782/782 1179/792/792
f 1174/782/782 258/150/150 576/149/149 1179/792/792
f 576/149/149 259/1416/1416 1178/790/790 1179/792/792
f 1182/795/795 25/1534/1534 1183/1254/1254 1181/796/796
f 1183/1254/1254 263/798/798 1184/797/797 1181/796/796
f 1184/797/797 261/1417/1417 580/793/793 1181/796/796
f 819/799/799 51/1353/1353 408/19/19 1185/800/800
f 408/19/19 123/18/18 1186/801/801 1185/800/800
f 1186/801/801 261/1417/1417 1184/797/797 1185/800/800
f 911/802/802 47/1498/1498 1180/791/791 1187/803/803
f 1180/791/791 260/154/154 581/153/153 1187/803/803
f 581/153/153 261/1417/1417 1186/801/801 1187/803/803
f 1189/1553/806 7/1531/1531 1147/1552/744 1188/1551/807
f 1147/744/744 247/743/743 1190/808/808 1188/807/807
f 1190/808/808 264/1419/1419 585/1550/804 1188/807/807
f 554/809/809 43/1408/1408 588/163/163 1191/810/810
f 588/163/163 266/162/162 1192/811/811 1191/810/810
f 1192/811/811 264/1419/1419 1190/808/808 1191/810/810
f 1194/812/812 52/1499/1499 919/449/449 1193/813/813
f 919/449/449 127/158/158 586/157/157 1193/813/813
f 586/157/157 264/1419/1419 1192/811/811 1193/813/813
f 896/815/815 24/1495/1495 1057/618/618 1195/816/816
f 1057/618/618 205/617/617 1196/817/817 1195/816/816
f 1196/817/817 267/1420/1420 590/814/814 1195/816/816
f 494/818/818 54/1387/1387 593/167/167 1197/819/819
f 593/167/167 268/166/166 1198/820/820 1197/819/819
f 1198/820/820 267/1420/1420 1196/817/817 1197/819/819
f 1200/821/821 52/1499/1499 1194/812/812 1199/822/822
f 1194/812/812 266/162/162 591/161/161 1199/822/822
f 591/161/161 267/1420/1420 1198/820/820 1199/822/822
f 1202/825/825 26/1535/1535 1203/1337/1337 1201/826/826
f 1203/1337/1337 271/828/828 1204/827/827 1201/826/826
f 1204/827/827 269/1421/1421 595/823/823 1201/826/826
f 864/829/829 55/1355/1355 413/23/23 1205/830/830
f 413/23/23 128/22/22 1206/831/831 1205/830/830
f 1206/831/831 269/1421/1421 1204/827/827 1205/830/830
f 920/832/832 52/1499/1499 1200/821/821 1207/833/833
f 1200/821/821 268/166/166 596/165/165 1207/833/833
f 596/165/165 269/1421/1421 1206/831/831 1207/833/833
f 1209/836/836 2/1533/1533 1168/775/775 1208/837/837
f 1168/775/775 256/774/774 1210/838/838 1208/837/837
f 1210/838/838 272/1423/1423 600/834/834 1208/837/837
f 569/839/839 48/1413/1413 603/175/175 1211/840/840
f 603/175/175 274/174/174 1212/841/841 1211/840/840
f 1212/841/841 272/1423/1423 1210/838/838 1211/840/840
f 1214/842/842 56/1501/1501 928/460/460 1213/843/843
f 928/460/460 132/170/170 601/169/169 1213/843/843
f 601/169/169 272/1423/1423 1212/841/841 1213/843/843
f 905/845/845 11/1497/1497 931/464/464 1215/846/846
f 931/464/464 135/463/463 1216/847/847 1215/846/846
f 1216/847/847 275/1424/1424 605/844/844 1215/846/846
f 424/848/848 58/1359/1359 608/179/179 1217/849/849
f 608/179/179 276/178/178 1218/850/850 1217/849/849
f 1218/850/850 275/1424/1424 1216/847/847 1217/849/849
f 1220/851/851 56/1501/1501 1214/842/842 1219/852/852
f 1214/842/842 274/174/174 606/173/173 1219/852/852
f 606/173/173 275/1424/1424 1218/850/850 1219/852/852
f 1222/855/855 9/1526/1526 1098/671/671 1221/856/856
f 1098/671/671 226/670/670 1223/857/857 1221/856/856
f 1223/857/857 277/1425/1425 610/853/853 1221/856/856
f 519/858/858 30/1357/1357 418/27/27 1224/859/859
f 418/27/27 133/26/26 1225/860/860 1224/859/859
f 1225/860/860 277/1425/1425 1223/857/857 1224/859/859
f 929/861/861 56/1501/1501 1220/851/851 1226/862/862
f 1220/851/851 276/178/178 611/177/177 1226/862/862
f 611/177/177 277/1425/1425 1225/860/860 1226/862/862
f 1228/1548/865 4/1536/1536 1229/922/922 1227/866/866
f 1229/922/922 281/868/868 1230/867/867 1227/866/866
f 1230/867/867 279/1427/1427 615/863/863 1227/866/866
f 644/869/869 61/1428/1428 618/187/187 1231/870/870
f 618/187/187 282/186/186 1232/871/871 1231/870/870
f 1232/871/871 279/1427/1427 1230/867/867 1231/870/870
f 1234/872/872 59/1502/1502 937/471/471 1233/873/873
f 937/471/471 137/182/182 616/181/181 1233/873/873
f 616/181/181 279/1427/1427 1232/871/871 1233/873/873
f 950/875/875 12/1503/1503 940/475/475 1235/876/876
f 940/475/475 140/474/474 1236/877/877 1235/876/876
f 1236/877/877 283/1429/1429 620/874/874 1235/876/876
f 429/878/878 62/1361/1361 623/191/191 1237/879/879
f 623/191/191 284/190/190 1238/880/880 1237/879/879
f 1238/880/880 283/1429/1429 1236/877/877 1237/879/879
f 1240/881/881 59/1502/1502 1234/872/872 1239/882/882
f 1234/872/872 282/186/186 621/185/185 1239/882/882
f 621/185/185 283/1429/1429 1238/880/880 1239/882/882
f 1242/885/885 9/1526/1526 1222/855/855 1241/886/886
f 1222/855/855 278/854/854 1243/887/887 1241/886/886
f 1243/887/887 285/1430/1430 625/883/883 1241/886/886
f 609/888/888 58/1359/1359 423/31/31 1244/889/889
f 423/31/31 138/30/30 1245/890/890 1244/889/889
f 1245/890/890 285/1430/1430 1243/887/887 1244/889/889
f 938/891/891 59/1502/1502 1240/881/881 1246/892/892
f 1240/881/881 284/190/190 626/189/189 1246/892/892
f 626/189/189 285/1430/1430 1245/890/890 1246/892/892
f 1106/894/894 3/1527/1527 1248/1291/1291 1247/895/895
f 1248/1291/1291 288/897/897 1249/896/896 1247/895/895
f 1249/896/896 287/1431/1431 630/893/893 1247/895/895
f 839/898/898 64/1432/1432 633/199/199 1250/899/899
f 633/199/199 289/198/198 1251/900/900 1250/899/899
f 1251/900/900 287/1431/1431 1249/896/896 1250/899/899
f 1253/901/901 63/1504/1504 946/482/482 1252/902/902
f 946/482/482 142/194/194 631/193/193 1252/902/902
f 631/193/193 287/1431/1431 1251/900/900 1252/902/902
f 1067/904/904 13/1634/1489 868/387/387 1254/905/905
f 868/387/387 100/386/386 1255/906/906 1254/905/905
f 1255/906/906 290/1433/1433 635/903/903 1254/905/905
f 389/907/907 31/1345/1345 638/203/203 1256/908/908
f 638/203/203 291/202/202 1257/909/909 1256/908/908
f 1257/909/909 290/1433/1433 1255/906/906 1256/908/908
f 1259/910/910 63/1504/1504 1253/901/901 1258/911/911
f 1253/901/901 289/198/198 636/197/197 1258/911/911
f 636/197/197 290/1433/1433 1257/909/909 1258/911/911
f 1099/913/913 9/1526/1526 1242/885/885 1260/914/914
f 1242/885/885 286/884/884 1261/915/915 1260/914/914
f 1261/915/915 292/1434/1434 640/912/912 1260/914/914
f 624/916/916 62/1361/1361 428/35/35 1262/917/917
f 428/35/35 143/34/34 1263/918/918 1262/917/917
f 1263/918/918 292/1434/1434 1261/915/915 1262/917/917
f 947/919/919 63/1504/1504 1259/910/910 1264/920/920
f 1259/910/910 291/202/202 641/201/201 1264/920/920
f 641/201/201 292/1434/1434 1263/918/918 1264/920/920
f 1229/922/922 4/1536/1536 1266/1546/1236 1265/923/923
f 1266/1546/1236 294/925/925 1267/924/924 1265/923/923
f 1267/924/924 293/1435/1435 645/921/921 1265/923/923
f 809/926/926 66/1436/1436 648/211/211 1268/927/927
f 648/211/211 295/210/210 1269/928/928 1268/927/927
f 1269/928/928 293/1435/1435 1267/924/924 1268/927/927
f 1271/929/929 65/1505/1505 955/493/493 1270/930/930
f 955/493/493 147/206/206 646/205/205 1270/930/930
f 646/205/205 293/1435/1435 1269/928/928 1270/930/930
f 1049/932/932 15/1506/1506 958/497/497 1272/933/933
f 958/497/497 150/496/496 1273/934/934 1272/933/933
f 1273/934/934 296/1437/1437 650/931/931 1272/933/933
f 439/935/935 67/1365/1365 653/215/215 1274/936/936
f 653/215/215 297/214/214 1275/937/937 1274/936/936
f 1275/937/937 296/1437/1437 1273/934/934 1274/936/936
f 1277/938/938 65/1505/1505 1271/929/929 1276/939/939
f 1271/929/929 295/210/210 651/209/209 1276/939/939
f 651/209/209 296/1437/1437 1275/937/937 1276/939/939
f 1279/942/942 14/1528/1528 1119/702/702 1278/943/943
f 1119/702/702 235/701/701 1280/944/944 1278/943/943
f 1280/944/944 298/1438/1438 655/940/940 1278/943/943
f 534/945/945 35/1363/1363 433/39/39 1281/946/946
f 433/39/39 148/38/38 1282/947/947 1281/946/946
f 1282/947/947 298/1438/1438 1280/944/944 1281/946/946
f 956/948/948 65/1505/1505 1277/938/938 1283/949/949
f 1277/938/938 297/214/214 656/213/213 1283/949/949
f 656/213/213 298/1438/1438 1282/947/947 1283/949/949
f 1285/1541/952 6/1537/1537 1286/1009/1009 1284/953/953
f 1286/1009/1009 302/955/955 1287/954/954 1284/953/953
f 1287/954/954 300/1440/1440 660/950/950 1284/953/953
f 689/956/956 70/1441/1441 663/223/223 1288/957/957
f 663/223/223 303/222/222 1289/958/958 1288/957/957
f 1289/958/958 300/1440/1440 1287/954/954 1288/957/957
f 1291/959/959 68/1507/1507 964/504/504 1290/960/960
f 964/504/504 152/218/218 661/217/217 1290/960/960
f 661/217/217 300/1440/1440 1289/958/958 1290/960/960
f 977/962/962 16/1508/1508 967/508/508 1292/963/963
f 967/508/508 155/507/507 1293/964/964 1292/963/963
f 1293/964/964 304/1442/1442 665/961/961 1292/963/963
f 444/965/965 71/1367/1367 668/227/227 1294/966/966
f 668/227/227 305/226/226 1295/967/967 1294/966/966
f 1295/967/967 304/1442/1442 1293/964/964 1294/966/966
f 1297/968/968 68/1507/1507 1291/959/959 1296/969/969
f 1291/959/959 303/222/222 666/221/221 1296/969/969
f 666/221/221 304/1442/1442 1295/967/967 1296/969/969
f 1299/972/972 14/1528/1528 1279/942/942 1298/973/973
f 1279/942/942 299/941/941 1300/974/974 1298/973/973
f 1300/974/974 306/1443/1443 670/970/970 1298/973/973
f 654/975/975 67/1365/1365 438/43/43 1301/976/976
f 438/43/43 153/42/42 1302/977/977 1301/976/976
f 1302/977/977 306/1443/1443 1300/974/974 1301/976/976
f 965/978/978 68/1507/1507 1297/968/968 1303/979/979
f 1297/968/968 305/226/226 671/225/225 1303/979/979
f 671/225/225 306/1443/1443 1302/977/977 1303/979/979
f 1127/981/981 5/1529/1529 1305/1319/1319 1304/982/982
f 1305/1319/1319 309/984/984 1306/983/983 1304/982/982
f 1306/983/983 308/1444/1444 675/980/980 1304/982/982
f 854/985/985 73/1445/1445 678/235/235 1307/986/986
f 678/235/235 310/234/234 1308/987/987 1307/986/986
f 1308/987/987 308/1444/1444 1306/983/983 1307/986/986
f 1310/988/988 72/1509/1509 973/515/515 1309/989/989
f 973/515/515 157/230/230 676/229/229 1309/989/989
f 676/229/229 308/1444/1444 1308/987/987 1309/989/989
f 1076/991/991 17/1491/1491 877/398/398 1311/992/992
f 877/398/398 105/397/397 1312/993/993 1311/992/992
f 1312/993/993 311/1446/1446 680/990/990 1311/992/992
f 394/994/994 36/1347/1347 683/239/239 1313/995/995
f 683/239/239 312/238/238 1314/996/996 1313/995/995
f 1314/996/996 311/1446/1446 1312/993/993 1313/995/995
f 1316/997/997 72/1509/1509 1310/988/988 1315/998/998
f 1310/988/988 310/234/234 681/233/233 1315/998/998
f 681/233/233 311/1446/1446 1314/996/996 1315/998/998
f 1120/1000/1000 14/1528/1528 1299/972/972 1317/1001/1001
f 1299/972/972 307/971/971 1318/1002/1002 1317/1001/1001
f 1318/1002/1002 313/1447/1447 685/999/999 1317/1001/1001
f 669/1003/1003 71/1367/1367 443/47/47 1319/1004/1004
f 443/47/47 158/46/46 1320/1005/1005 1319/1004/1004
f 1320/1005/1005 313/1447/1447 1318/1002/1002 1319/1004/1004
f 974/1006/1006 72/1509/1509 1316/997/997 1321/1007/1007
f 1316/997/997 312/238/238 686/237/237 1321/1007/1007
f 686/237/237 313/1447/1447 1320/1005/1005 1321/1007/1007
f 1286/1009/1009 6/1537/1537 1323/1208/1208 1322/1010/1010
f 1323/1208/1208 315/1012/1012 1324/1011/1011 1322/1010/1010
f 1324/1011/1011 314/1448/1448 690/1008/1008 1322/1010/1010
f 794/1013/1013 75/1449/1449 693/247/247 1325/1014/1014
f 693/247/247 316/246/246 1326/1015/1015 1325/1014/1014
f 1326/1015/1015 314/1448/1448 1324/1011/1011 1325/1014/1014
f 1328/1016/1016 74/1510/1510 982/526/526 1327/1017/1017
f 982/526/526 162/242/242 691/241/241 1327/1017/1017
f 691/241/241 314/1448/1448 1326/1015/1015 1327/1017/1017
f 1040/1019/1019 19/1511/1511 985/530/530 1329/1020/1020
f 985/530/530 165/529/529 1330/1021/1021 1329/1020/1020
f 1330/1021/1021 317/1450/1450 695/1018/1018 1329/1020/1020
f 454/1022/1022 76/1371/1371 698/251/251 1331/1023/1023
f 698/251/251 318/250/250 1332/1024/1024 1331/1023/1023
f 1332/1024/1024 317/1450/1450 1330/1021/1021 1331/1023/1023
f 1334/1025/1025 74/1510/1510 1328/1016/1016 1333/1026/1026
f 1328/1016/1016 316/246/246 696/245/245 1333/1026/1026
f 696/245/245 317/1450/1450 1332/1024/1024 1333/1026/1026
f 1336/1029/1029 18/1530/1530 1140/733/733 1335/1030/1030
f 1140/733/733 244/732/732 1337/1031/1031 1335/1030/1030
f 1337/1031/1031 319/1451/1451 700/1027/1027 1335/1030/1030
f 549/1032/1032 40/1369/1369 448/51/51 1338/1033/1033
f 448/51/51 163/50/50 1339/1034/1034 1338/1033/1033
f 1339/1034/1034 319/1451/1451 1337/1031/1031 1338/1033/1033
f 983/1035/1035 74/1510/1510 1334/1025/1025 1340/1036/1036
f 1334/1025/1025 318/250/250 701/249/249 1340/1036/1036
f 701/249/249 319/1451/1451 1339/1034/1034 1340/1036/1036
f 1342/1039/1039 8/1538/1538 1343/1095/1095 1341/1040/1040
f 1343/1095/1095 323/1042/1042 1344/1544/1041 1341/1040/1040
f 1344/1544/1041 321/1545/1453 705/1037/1037 1341/1040/1040
f 734/1043/1043 79/1611/1454 708/259/259 1345/1044/1044
f 708/259/259 324/258/258 1346/1045/1045 1345/1044/1044
f 1346/1045/1045 321/1453/1453 1344/1041/1041 1345/1044/1044
f 1348/1046/1046 77/1512/1512 991/537/537 1347/1047/1047
f 991/537/537 167/1631/254 706/253/253 1347/1047/1047
f 706/253/253 321/1453/1453 1346/1045/1045 1347/1047/1047
f 1004/1049/1049 20/1572/1513 994/541/541 1349/1050/1050
f 994/541/541 170/540/540 1350/1051/1051 1349/1050/1050
f 1350/1051/1051 325/1455/1455 710/1048/1048 1349/1050/1050
f 459/1052/1052 80/1373/1373 713/263/263 1351/1053/1053
f 713/263/263 326/262/262 1352/1054/1054 1351/1053/1053
f 1352/1054/1054 325/1455/1455 1350/1051/1051 1351/1053/1053
f 1354/1055/1055 77/1512/1512 1348/1046/1046 1353/1056/1056
f 1348/1046/1046 324/258/258 711/257/257 1353/1056/1056
f 711/257/257 325/1455/1455 1352/1054/1054 1353/1056/1056
f 1356/1059/1059 18/1530/1530 1336/1029/1029 1355/1060/1060
f 1336/1029/1029 320/1028/1028 1357/1061/1061 1355/1060/1060
f 1357/1061/1061 327/1456/1456 715/1057/1057 1355/1060/1060
f 699/1062/1062 76/1371/1371 453/55/55 1358/1063/1063
f 453/55/55 168/54/54 1359/1064/1064 1358/1063/1063
f 1359/1064/1064 327/1456/1456 1357/1061/1061 1358/1063/1063
f 992/1065/1065 77/1512/1512 1354/1055/1055 1360/1066/1066
f 1354/1055/1055 326/262/262 716/261/261 1360/1066/1066
f 716/261/261 327/1456/1456 1359/1064/1064 1360/1066/1066
f 1148/1068/1068 7/1554/1531 1189/806/806 1361/1069/1069
f 1189/806/806 265/1623/805 1362/1070/1070 1361/1069/1069
f 1362/1070/1070 329/1457/1457 720/1067/1067 1361/1069/1069
f 584/1071/1071 53/1607/1418 723/271/271 1363/1072/1072
f 723/271/271 330/270/270 1364/1073/1073 1363/1072/1072
f 1364/1073/1073 329/1457/1457 1362/1070/1070 1363/1072/1072
f 1366/1074/1074 81/1514/1514 1000/548/548 1365/1075/1075
f 1000/548/548 172/266/266 721/265/265 1365/1075/1075
f 721/265/265 329/1457/1457 1364/1073/1073 1365/1075/1075
f 914/1077/1077 21/1493/1493 886/409/409 1367/1078/1078
f 886/409/409 110/408/408 1368/1079/1079 1367/1078/1078
f 1368/1079/1079 331/1458/1458 725/1076/1076 1367/1078/1078
f 399/1080/1080 41/1349/1349 728/275/275 1369/1081/1081
f 728/275/275 332/274/274 1370/1082/1082 1369/1081/1081
f 1370/1082/1082 331/1458/1458 1368/1079/1079 1369/1081/1081
f 1372/1083/1083 81/1514/1514 1366/1074/1074 1371/1084/1084
f 1366/1074/1074 330/270/270 726/269/269 1371/1084/1084
f 726/269/269 331/1458/1458 1370/1082/1082 1371/1084/1084
f 1141/1086/1086 18/1530/1530 1356/1059/1059 1373/1087/1087
f 1356/1059/1059 328/1058/1058 1374/1088/1088 1373/1087/1087
f 1374/1088/1088 333/1459/1459 730/1085/1085 1373/1087/1087
f 714/1089/1089 80/1373/1373 458/59/59 1375/1090/1090
f 458/59/59 173/58/58 1376/1091/1091 1375/1090/1090
f 1376/1091/1091 333/1459/1459 1374/1088/1088 1375/1090/1090
f 1001/1092/1092 81/1514/1514 1372/1083/1083 1377/1093/1093
f 1372/1083/1083 332/274/274 731/273/273 1377/1093/1093
f 731/273/273 333/1459/1459 1376/1091/1091 1377/1093/1093
f 1343/1095/1095 8/1538/1538 1379/1180/1180 1378/1096/1096
f 1379/1180/1180 335/1098/1098 1380/1097/1097 1378/1096/1096
f 1380/1097/1097 334/1460/1460 735/1094/1094 1378/1096/1096
f 779/1099/1099 83/1461/1461 738/283/283 1381/1100/1100
f 738/283/283 336/282/282 1382/1101/1101 1381/1100/1100
f 1382/1101/1101 334/1460/1460 1380/1097/1097 1381/1100/1100
f 1384/1102/1102 82/1515/1515 1009/559/559 1383/1103/1103
f 1009/559/559 177/278/278 736/277/277 1383/1103/1103
f 736/277/277 334/1460/1460 1382/1101/1101 1383/1103/1103
f 1031/1105/1105 23/1516/1516 1012/563/563 1385/1106/1106
f 1012/563/563 180/562/562 1386/1107/1107 1385/1106/1106
f 1386/1107/1107 337/1462/1462 740/1104/1104 1385/1106/1106
f 469/1108/1108 84/1377/1377 743/287/287 1387/1109/1109
f 743/287/287 338/286/286 1388/1110/1110 1387/1109/1109
f 1388/1110/1110 337/1462/1462 1386/1107/1107 1387/1109/1109
f 1390/1111/1111 82/1515/1515 1384/1102/1102 1389/1112/1112
f 1384/1102/1102 336/282/282 741/281/281 1389/1112/1112
f 741/281/281 337/1462/1462 1388/1110/1110 1389/1112/1112
f 1392/1115/1115 22/1532/1532 1161/764/764 1391/1116/1116
f 1161/764/764 253/763/763 1393/1117/1117 1391/1116/1116
f 1393/1117/1117 339/1463/1463 745/1113/1113 1391/1116/1116
f 564/1118/1118 45/1375/1375 463/63/63 1394/1119/1119
f 463/63/63 178/62/62 1395/1120/1120 1394/1119/1119
f 1395/1120/1120 339/1463/1463 1393/1117/1117 1394/1119/1119
f 1010/1121/1121 82/1515/1515 1390/1111/1111 1396/1122/1122
f 1390/1111/1111 338/286/286 746/285/285 1396/1122/1122
f 746/285/285 339/1463/1463 1395/1120/1120 1396/1122/1122
f 1169/1124/1124 2/1533/1533 1209/836/836 1397/1125/1125
f 1209/836/836 273/835/835 1398/1126/1126 1397/1125/1125
f 1398/1126/1126 341/1464/1464 750/1123/1123 1397/1125/1125
f 599/1127/1127 57/1422/1422 753/295/295 1399/1128/1128
f 753/295/295 342/294/294 1400/1129/1129 1399/1128/1128
f 1400/1129/1129 341/1464/1464 1398/1126/1126 1399/1128/1128
f 1402/1130/1130 85/1517/1517 1018/570/570 1401/1131/1131
f 1018/570/570 182/290/290 751/289/289 1401/1131/1131
f 751/289/289 341/1464/1464 1400/1129/1129 1401/1131/1131
f 923/1133/1133 10/1500/1500 1021/574/574 1403/1134/1134
f 1021/574/574 185/573/573 1404/1135/1135 1403/1134/1134
f 1404/1135/1135 343/1465/1465 755/1132/1132 1403/1134/1134
f 474/1136/1136 86/1379/1379 758/299/299 1405/1137/1137
f 758/299/299 344/298/298 1406/1138/1138 1405/1137/1137
f 1406/1138/1138 343/1465/1465 1404/1135/1135 1405/1137/1137
f 1408/1139/1139 85/1517/1517 1402/1130/1130 1407/1140/1140
f 1402/1130/1130 342/294/294 756/293/293 1407/1140/1140
f 756/293/293 343/1465/1465 1406/1138/1138 1407/1140/1140
f 1410/1143/1143 22/1532/1532 1392/1115/1115 1409/1144/1144
f 1392/1115/1115 340/1114/1114 1411/1145/1145 1409/1144/1144
f 1411/1145/1145 345/1466/1466 760/1141/1141 1409/1144/1144
f 744/1146/1146 84/1377/1377 468/67/67 1412/1147/1147
f 468/67/67 183/66/66 1413/1148/1148 1412/1147/1147
f 1413/1148/1148 345/1466/1466 1411/1145/1145 1412/1147/1147
f 1019/1149/1149 85/1517/1517 1408/1139/1139 1414/1150/1150
f 1408/1139/1139 344/298/298 761/297/297 1414/1150/1150
f 761/297/297 345/1466/1466 1413/1148/1148 1414/1150/1150
f 1085/1152/1152 1/1543/1525 1416/1542/1263 1415/1153/1153
f 1416/1542/1263 348/1594/1155 1417/1154/1154 1415/1153/1153
f 1417/1154/1154 347/1467/1467 765/1151/1151 1415/1153/1153
f 824/1156/1156 88/1603/1468 768/307/307 1418/1157/1157
f 768/307/307 349/306/306 1419/1158/1158 1418/1157/1157
f 1419/1158/1158 347/1467/1467 1417/1154/1154 1418/1157/1157
f 1421/1159/1159 87/1518/1518 1027/581/581 1420/1160/1160
f 1027/581/581 187/302/302 766/301/301 1420/1160/1160
f 766/301/301 347/1467/1467 1419/1158/1158 1420/1160/1160
f 1058/1162/1162 24/1589/1495 895/420/420 1422/1163/1163
f 895/420/420 115/419/419 1423/1164/1164 1422/1163/1163
f 1423/1164/1164 350/1469/1469 770/1161/1161 1422/1163/1163
f 404/1165/1165 46/1351/1351 773/311/311 1424/1166/1166
f 773/311/311 351/310/310 1425/1167/1167 1424/1166/1166
f 1425/1167/1167 350/1469/1469 1423/1164/1164 1424/1166/1166
f 1427/1168/1168 87/1518/1518 1421/1159/1159 1426/1169/1169
f 1421/1159/1159 349/306/306 771/305/305 1426/1169/1169
f 771/305/305 350/1469/1469 1425/1167/1167 1426/1169/1169
f 1162/1171/1171 22/1532/1532 1410/1143/1143 1428/1172/1172
f 1410/1143/1143 346/1142/1142 1429/1173/1173 1428/1172/1172
f 1429/1173/1173 352/1470/1470 775/1170/1170 1428/1172/1172
f 759/1174/1174 86/1379/1379 473/71/71 1430/1175/1175
f 473/71/71 188/70/70 1431/1176/1176 1430/1175/1175
f 1431/1176/1176 352/1470/1470 1429/1173/1173 1430/1175/1175
f 1028/1177/1177 87/1518/1518 1427/1168/1168 1432/1178/1178
f 1427/1168/1168 351/310/310 776/309/309 1432/1178/1178
f 776/309/309 352/1470/1470 1431/1176/1176 1432/1178/1178
f 1379/1180/1180 8/1538/1538 1342/1039/1039 1433/1181/1181
f 1342/1039/1039 322/1038/1038 1434/1182/1182 1433/1181/1181
f 1434/1182/1182 353/1471/1471 780/1179/1179 1433/1181/1181
f 704/1183/1183 78/1452/1452 783/319/319 1435/1184/1184
f 783/319/319 354/318/318 1436/1185/1185 1435/1184/1184
f 1436/1185/1185 353/1471/1471 1434/1182/1182 1435/1184/1184
f 1438/1186/1186 89/1519/1519 1036/592/592 1437/1187/1187
f 1036/592/592 192/314/314 781/313/313 1437/1187/1187
f 781/313/313 353/1471/1471 1436/1185/1185 1437/1187/1187
f 986/1189/1189 19/1633/1511 1039/596/596 1439/1190/1190
f 1039/596/596 195/595/595 1440/1191/1191 1439/1190/1190
f 1440/1191/1191 355/1472/1472 785/1188/1188 1439/1190/1190
f 484/1192/1192 90/1383/1383 788/323/323 1441/1193/1193
f 788/323/323 356/322/322 1442/1194/1194 1441/1193/1193
f 1442/1194/1194 355/1472/1472 1440/1191/1191 1441/1193/1193
f 1444/1195/1195 89/1519/1519 1438/1186/1186 1443/1196/1196
f 1438/1186/1186 354/318/318 786/317/317 1443/1196/1196
f 786/317/317 355/1472/1472 1442/1194/1194 1443/1196/1196
f 1446/1199/1199 25/1534/1534 1182/795/795 1445/1200/1200
f 1182/795/795 262/794/794 1447/1201/1201 1445/1200/1200
f 1447/1201/1201 357/1473/1473 790/1197/1197 1445/1200/1200
f 579/1202/1202 50/1381/1381 478/75/75 1448/1203/1203
f 478/75/75 193/74/74 1449/1204/1204 1448/1203/1203
f 1449/1204/1204 357/1473/1473 1447/1201/1201 1448/1203/1203
f 1037/1205/1205 89/1519/1519 1444/1195/1195 1450/1206/1206
f 1444/1195/1195 356/322/322 791/321/321 1450/1206/1206
f 791/321/321 357/1473/1473 1449/1204/1204 1450/1206/1206
f 1323/1208/1208 6/1537/1537 1285/1541/952 1451/1540/1209
f 1285/952/952 301/1614/951 1452/1210/1210 1451/1209/1209
f 1452/1210/1210 359/1474/1474 795/1539/1207 1451/1209/1209
f 659/1211/1211 69/1600/1439 798/331/331 1453/1212/1212
f 798/331/331 360/330/330 1454/1213/1213 1453/1212/1212
f 1454/1213/1213 359/1474/1474 1452/1210/1210 1453/1212/1212
f 1456/1214/1214 91/1520/1520 1045/603/603 1455/1215/1215
f 1045/603/603 197/326/326 796/325/325 1455/1215/1215
f 796/325/325 359/1474/1474 1454/1213/1213 1455/1215/1215
f 959/1217/1217 15/1563/1506 1048/607/607 1457/1218/1218
f 1048/607/607 200/606/606 1458/1219/1219 1457/1218/1218
f 1458/1219/1219 361/1475/1475 800/1216/1216 1457/1218/1218
f 489/1220/1220 92/1385/1385 803/335/335 1459/1221/1221
f 803/335/335 362/334/334 1460/1222/1222 1459/1221/1221
f 1460/1222/1222 361/1475/1475 1458/1219/1219 1459/1221/1221
f 1462/1223/1223 91/1520/1520 1456/1214/1214 1461/1224/1224
f 1456/1214/1214 360/330/330 801/329/329 1461/1224/1224
f 801/329/329 361/1475/1475 1460/1222/1222 1461/1224/1224
f 1464/1227/1227 25/1534/1534 1446/1199/1199 1463/1228/1228
f 1446/1199/1199 358/1198/1198 1465/1229/1229 1463/1228/1228
f 1465/1229/1229 363/1476/1476 805/1225/1225 1463/1228/1228
f 789/1230/1230 90/1383/1383 483/79/79 1466/1231/1231
f 483/79/79 198/78/78 1467/1232/1232 1466/1231/1231
f 1467/1232/1232 363/1476/1476 1465/1229/1229 1466/1231/1231
f 1046/1233/1233 91/1520/1520 1462/1223/1223 1468/1234/1234
f 1462/1223/1223 362/334/334 806/333/333 1468/1234/1234
f 806/333/333 363/1476/1476 1467/1232/1232 1468/1234/1234
f 1266/1236/1236 4/1549/1536 1228/865/865 1469/1237/1237
f 1228/865/865 280/1618/864 1470/1238/1238 1469/1237/1237
f 1470/1238/1238 365/1477/1477 810/1235/1235 1469/1237/1237
f 614/1239/1239 60/1596/1426 813/343/343 1471/1240/1240
f 813/343/343 366/342/342 1472/1241/1241 1471/1240/1240
f 1472/1241/1241 365/1477/1477 1470/1238/1238 1471/1240/1240
f 1474/1242/1242 93/1521/1521 1054/614/614 1473/1243/1243
f 1054/614/614 202/338/338 811/337/337 1473/1243/1243
f 811/337/337 365/1477/1477 1472/1241/1241 1473/1243/1243
f 932/1245/1245 11/1497/1497 904/431/431 1475/1246/1246
f 904/431/431 120/430/430 1476/1247/1247 1475/1246/1246
f 1476/1247/1247 367/1478/1478 815/1244/1244 1475/1246/1246
f 409/1248/1248 51/1353/1353 818/347/347 1477/1249/1249
f 818/347/347 368/346/346 1478/1250/1250 1477/1249/1249
f 1478/1250/1250 367/1478/1478 1476/1247/1247 1477/1249/1249
f 1480/1251/1251 93/1521/1521 1474/1242/1242 1479/1252/1252
f 1474/1242/1242 366/342/342 816/341/341 1479/1252/1252
f 816/341/341 367/1478/1478 1478/1250/1250 1479/1252/1252
f 1183/1254/1254 25/1534/1534 1464/1227/1227 1481/1255/1255
f 1464/1227/1227 364/1226/1226 1482/1256/1256 1481/1255/1255
f 1482/1256/1256 369/1479/1479 820/1253/1253 1481/1255/1255
f 804/1257/1257 92/1385/1385 488/83/83 1483/1258/1258
f 488/83/83 203/82/82 1484/1259/1259 1483/1258/1258
f 1484/1259/1259 369/1479/1479 1482/1256/1256 1483/1258/1258
f 1055/1260/1260 93/1521/1521 1480/1251/1251 1485/1261/1261
f 1480/1251/1251 368/346/346 821/345/345 1485/1261/1261
f 821/345/345 369/1479/1479 1484/1259/1259 1485/1261/1261
f 1416/1263/1263 1/1525/1525 1084/651/651 1486/1264/1264
f 1084/651/651 220/650/650 1487/1265/1265 1486/1264/1264
f 1487/1265/1265 370/1480/1480 825/1262/1262 1486/1264/1264
f 509/1266/1266 28/1393/1393 828/355/355 1488/1267/1267
f 828/355/355 371/354/354 1489/1268/1268 1488/1267/1267
f 1489/1268/1268 370/1480/1480 1487/1265/1265 1488/1267/1267
f 1491/1269/1269 94/1522/1522 1063/625/625 1490/1270/1270
f 1063/625/625 207/350/350 826/349/349 1490/1270/1270
f 826/349/349 370/1480/1480 1489/1268/1268 1490/1270/1270
f 869/1272/1272 13/1489/1489 1066/629/629 1492/1273/1273
f 1066/629/629 210/628/628 1493/1274/1274 1492/1273/1273
f 1493/1274/1274 372/1481/1481 830/1271/1271 1492/1273/1273
f 499/1275/1275 95/1389/1389 833/359/359 1494/1276/1276
f 833/359/359 373/358/358 1495/1277/1277 1494/1276/1276
f 1495/1277/1277 372/1481/1481 1493/1274/1274 1494/1276/1276
f 1497/1278/1278 94/1522/1522 1491/1269/1269 1496/1279/1279
f 1491/1269/1269 371/354/354 831/353/353 1496/1279/1279
f 831/353/353 372/1481/1481 1495/1277/1277 1496/1279/1279
f 1499/1282/1282 26/1535/1535 1202/825/825 1498/1283/1283
f 1202/825/825 270/824/824 1500/1284/1284 1498/1283/1283
f 1500/1284/1284 374/1482/1482 835/1280/1280 1498/1283/1283
f 594/1285/1285 54/1387/1387 493/87/87 1501/1286/1286
f 493/87/87 208/86/86 1502/1287/1287 1501/1286/1286
f 1502/1287/1287 374/1482/1482 1500/1284/1284 1501/1286/1286
f 1064/1288/1288 94/1522/1522 1497/1278/1278 1503/1289/1289
f 1497/1278/1278 373/358/358 836/357/357 1503/1289/1289
f 836/357/357 374/1482/1482 1502/1287/1287 1503/1289/1289
f 1248/1291/1291 3/1527/1527 1105/682/682 1504/1292/1292
f 1105/682/682 229/681/681 1505/1293/1293 1504/1292/1292
f 1505/1293/1293 376/1483/1483 840/1290/1290 1504/1292/1292
f 524/1294/1294 33/1398/1398 843/367/367 1506/1295/1295
f 843/367/367 377/366/366 1507/1296/1296 1506/1295/1295
f 1507/1296/1296 376/1483/1483 1505/1293/1293 1506/1295/1295
f 1509/1297/1297 96/1523/1523 1072/636/636 1508/1298/1298
f 1072/636/636 212/362/362 841/361/361 1508/1298/1298
f 841/361/361 376/1483/1483 1507/1296/1296 1508/1298/1298
f 878/1300/1300 17/1491/1491 1075/640/640 1510/1301/1301
f 1075/640/640 215/639/639 1511/1302/1302 1510/1301/1301
f 1511/1302/1302 378/1484/1484 845/1299/1299 1510/1301/1301
f 504/1303/1303 97/1391/1391 848/371/371 1512/1304/1304
f 848/371/371 379/370/370 1513/1305/1305 1512/1304/1304
f 1513/1305/1305 378/1484/1484 1511/1302/1302 1512/1304/1304
f 1515/1306/1306 96/1523/1523 1509/1297/1297 1514/1307/1307
f 1509/1297/1297 377/366/366 846/365/365 1514/1307/1307
f 846/365/365 378/1484/1484 1513/1305/1305 1514/1307/1307
f 1517/1310/1310 26/1535/1535 1499/1282/1282 1516/1311/1311
f 1499/1282/1282 375/1281/1281 1518/1312/1312 1516/1311/1311
f 1518/1312/1312 380/1485/1485 850/1308/1308 1516/1311/1311
f 834/1313/1313 95/1389/1389 498/91/91 1519/1314/1314
f 498/91/91 213/90/90 1520/1315/1315 1519/1314/1314
f 1520/1315/1315 380/1485/1485 1518/1312/1312 1519/1314/1314
f 1073/1316/1316 96/1523/1523 1515/1306/1306 1521/1317/1317
f 1515/1306/1306 379/370/370 851/369/369 1521/1317/1317
f 851/369/369 380/1485/1485 1520/1315/1315 1521/1317/1317
f 1305/1319/1319 5/1529/1529 1126/713/713 1522/1320/1320
f 1126/713/713 238/712/712 1523/1321/1321 1522/1320/1320
f 1523/1321/1321 382/1486/1486 855/1318/1318 1522/1320/1320
f 539/1322/1322 38/1403/1403 858/379/379 1524/1323/1323
f 858/379/379 383/378/378 1525/1324/1324 1524/1323/1323
f 1525/1324/1324 382/1486/1486 1523/1321/1321 1524/1323/1323
f 1527/1325/1325 98/1524/1524 1081/647/647 1526/1326/1326
f 1081/647/647 217/374/374 856/373/373 1526/1326/1326
f 856/373/373 382/1486/1486 1525/1324/1324 1526/1326/1326
f 887/1328/1328 21/1493/1493 913/442/442 1528/1329/1329
f 913/442/442 125/441/441 1529/1330/1330 1528/1329/1329
f 1529/1330/1330 384/1487/1487 860/1327/1327 1528/1329/1329
f 414/1331/1331 55/1355/1355 863/383/383 1530/1332/1332
f 863/383/383 385/382/382 1531/1333/1333 1530/1332/1332
f 1531/1333/1333 384/1487/1487 1529/1330/1330 1530/1332/1332
f 1533/1334/1334 98/1524/1524 1527/1325/1325 1532/1335/1335
f 1527/1325/1325 383/378/378 861/377/377 1532/1335/1335
f 861/377/377 384/1487/1487 1531/1333/1333 1532/1335/1335
f 1203/1337/1337 26/1535/1535 1517/1310/1310 1534/1338/1338
f 1517/1310/1310 381/1309/1309 1535/1339/1339 1534/1338/1338
f 1535/1339/1339 386/1488/1488 865/1336/1336 1534/1338/1338
f 849/1340/1340 97/1391/1391 503/95/95 1536/1341/1341
f 503/95/95 218/94/94 1537/1342/1342 1536/1341/1341
f 1537/1342/1342 386/1488/1488 1535/1339/1339 1536/1341/1341
f 1082/1343/1343 98/1524/1524 1533/1334/1334 1538/1344/1344
f 1533/1334/1334 385/382/382 866/381/381 1538/1344/1344
f 866/381/381 386/1488/1488 1537/1342/1342 1538/1344/1344
