# This file uses centimeters as units for non-parametric coordinates.

mtllib Supply_Holder.mtl
g default
v -9.866512 1.152070 0.737707
v -9.766226 1.152070 0.540884
v -9.610026 1.152070 0.384684
v -9.413203 1.152070 0.284398
v -9.195024 1.152070 0.249841
v -8.976843 1.152070 0.284398
v -8.780020 1.152070 0.384685
v -8.623821 1.152070 0.540884
v -8.523534 1.152070 0.737707
v -8.488978 1.152070 0.955887
v -8.523534 1.152070 1.174067
v -8.623821 1.152070 1.370890
v -8.780020 1.152070 1.527089
v -8.976843 1.152070 1.627376
v -9.195024 1.152070 1.661932
v -9.413203 1.152070 1.627376
v -9.610026 1.152070 1.527089
v -9.766226 1.152070 1.370890
v -9.866512 1.152070 1.174067
v -9.901068 1.152070 0.955887
v -9.195024 0.241207 0.955887
v -9.729338 0.228020 0.782278
v -9.728693 0.224647 0.782487
v -9.725889 0.222009 0.783398
v -9.721798 0.220637 0.784728
v -9.649538 0.228020 0.625662
v -9.648989 0.224647 0.626061
v -9.646605 0.222009 0.627794
v -9.643126 0.220637 0.630322
v -9.525249 0.228020 0.501372
v -9.524849 0.224647 0.501921
v -9.523116 0.222009 0.504305
v -9.520589 0.220637 0.507785
v -9.368633 0.228020 0.421572
v -9.368423 0.224647 0.422218
v -9.367513 0.222009 0.425021
v -9.366183 0.220637 0.429112
v -9.195024 0.228020 0.394075
v -9.195024 0.224647 0.394754
v -9.195024 0.222009 0.397702
v -9.195024 0.220637 0.402003
v -9.021414 0.228020 0.421572
v -9.021624 0.224647 0.422218
v -9.022534 0.222009 0.425021
v -9.023864 0.220637 0.429112
v -8.864799 0.228020 0.501372
v -8.865198 0.224647 0.501921
v -8.866931 0.222009 0.504306
v -8.869458 0.220637 0.507785
v -8.740508 0.228020 0.625662
v -8.741058 0.224647 0.626061
v -8.743442 0.222009 0.627794
v -8.746922 0.220637 0.630322
v -8.660708 0.228020 0.782278
v -8.661354 0.224647 0.782487
v -8.664158 0.222009 0.783398
v -8.668248 0.220637 0.784728
v -8.633212 0.228020 0.955887
v -8.633891 0.224647 0.955887
v -8.636838 0.222009 0.955887
v -8.641140 0.220637 0.955887
v -8.660708 0.228020 1.129496
v -8.661354 0.224647 1.129287
v -8.664158 0.222009 1.128375
v -8.668248 0.220637 1.127046
v -8.740508 0.228020 1.286111
v -8.741058 0.224647 1.285712
v -8.743442 0.222009 1.283980
v -8.746922 0.220637 1.281452
v -8.864799 0.228020 1.410402
v -8.865198 0.224647 1.409853
v -8.866931 0.222009 1.407468
v -8.869458 0.220637 1.403988
v -9.021414 0.228020 1.490201
v -9.021624 0.224647 1.489555
v -9.022534 0.222009 1.486753
v -9.023864 0.220637 1.482662
v -9.195024 0.228020 1.517698
v -9.195024 0.224647 1.517020
v -9.195024 0.222009 1.514073
v -9.195024 0.220637 1.509770
v -9.368633 0.228020 1.490201
v -9.368423 0.224647 1.489555
v -9.367513 0.222009 1.486753
v -9.366183 0.220637 1.482662
v -9.525249 0.228020 1.410402
v -9.524849 0.224647 1.409853
v -9.523116 0.222009 1.407468
v -9.520589 0.220637 1.403988
v -9.649538 0.228020 1.286111
v -9.648989 0.224647 1.285712
v -9.646605 0.222009 1.283980
v -9.643126 0.220637 1.281452
v -9.729338 0.228020 1.129496
v -9.728693 0.224647 1.129287
v -9.725889 0.222009 1.128375
v -9.721798 0.220637 1.127046
v -9.756834 0.228020 0.955887
v -9.756156 0.224647 0.955887
v -9.753208 0.222009 0.955887
v -9.748907 0.220637 0.955887
v -9.765922 1.112403 0.541105
v -9.866156 1.112402 0.737823
v -9.900692 1.112403 0.955887
v -9.866156 1.112403 1.173950
v -9.765922 1.112403 1.370669
v -9.609806 1.112403 1.526786
v -9.413088 1.112403 1.627018
v -9.195024 1.112403 1.661556
v -8.976959 1.112403 1.627018
v -8.780241 1.112403 1.526786
v -8.624125 1.112403 1.370669
v -8.523891 1.112403 1.173950
v -8.489354 1.112403 0.955887
v -8.523891 1.112403 0.737823
v -8.624125 1.112403 0.541105
v -8.780241 1.112403 0.384988
v -8.976959 1.112403 0.284755
v -9.195024 1.112403 0.250217
v -9.413088 1.112403 0.284755
v -9.609806 1.112403 0.384988
v -9.766226 1.131201 0.540884
v -9.866512 1.131201 0.737706
v -9.901068 1.131201 0.955887
v -9.866512 1.131201 1.174067
v -9.766226 1.131201 1.370890
v -9.610026 1.131201 1.527089
v -9.413203 1.131201 1.627376
v -9.195024 1.131201 1.661932
v -8.976843 1.131201 1.627376
v -8.780020 1.131201 1.527089
v -8.623821 1.131201 1.370890
v -8.523534 1.131201 1.174067
v -8.488978 1.131201 0.955887
v -8.523534 1.131201 0.737707
v -8.623821 1.131201 0.540884
v -8.780020 1.131201 0.384684
v -8.976843 1.131201 0.284398
v -9.195024 1.131201 0.249841
v -9.413203 1.131201 0.284398
v -9.610026 1.131201 0.384684
v -9.866297 1.119574 0.737777
v -9.766042 1.119574 0.541017
v -9.609893 1.119574 0.384867
v -9.413133 1.119575 0.284614
v -9.195024 1.119575 0.250069
v -8.976913 1.119575 0.284614
v -8.780154 1.119575 0.384868
v -8.624004 1.119575 0.541017
v -8.523750 1.119575 0.737777
v -8.489205 1.119575 0.955887
v -8.523750 1.119575 1.173996
v -8.624004 1.119575 1.370756
v -8.780154 1.119575 1.526906
v -8.976913 1.119575 1.627159
v -9.195024 1.119575 1.661705
v -9.413133 1.119575 1.627159
v -9.609893 1.119575 1.526906
v -9.766042 1.119575 1.370756
v -9.866297 1.119575 1.173996
v -9.900841 1.119574 0.955887
v -9.729019 0.229928 0.782381
v -9.649267 0.229928 0.625859
v -9.525051 0.229928 0.501642
v -9.368529 0.229928 0.421890
v -9.195024 0.229928 0.394410
v -9.021518 0.229928 0.421890
v -8.864995 0.229928 0.501642
v -8.740779 0.229928 0.625859
v -8.661027 0.229928 0.782381
v -8.633547 0.229928 0.955887
v -8.661027 0.229928 1.129392
v -8.740779 0.229928 1.285914
v -8.864995 0.229928 1.410131
v -9.021518 0.229928 1.489883
v -9.195024 0.229928 1.517364
v -9.368529 0.229928 1.489883
v -9.525051 0.229928 1.410131
v -9.649267 0.229928 1.285914
v -9.729019 0.229928 1.129392
v -9.756500 0.229928 0.955887
v -9.647762 0.241124 0.626953
v -9.727250 0.241124 0.782956
v -9.754640 0.241124 0.955887
v -9.727250 0.241124 1.128817
v -9.647762 0.241124 1.284821
v -9.523958 0.241124 1.408626
v -9.367954 0.241124 1.488114
v -9.195024 0.241124 1.515503
v -9.022093 0.241124 1.488114
v -8.866089 0.241124 1.408626
v -8.742285 0.241124 1.284821
v -8.662796 0.241124 1.128817
v -8.635407 0.241124 0.955887
v -8.662796 0.241124 0.782956
v -8.742285 0.241124 0.626953
v -8.866089 0.241124 0.503148
v -9.022093 0.241124 0.423660
v -9.195024 0.241124 0.396271
v -9.367954 0.241124 0.423660
v -9.523958 0.241124 0.503148
v -9.645351 0.261970 0.628704
v -9.724416 0.261970 0.783877
v -9.751659 0.261970 0.955887
v -9.724416 0.261970 1.127896
v -9.645351 0.261970 1.283069
v -9.522206 0.261970 1.406215
v -9.367034 0.261970 1.485279
v -9.195024 0.261970 1.512523
v -9.023013 0.261970 1.485279
v -8.867840 0.261970 1.406215
v -8.744696 0.261970 1.283069
v -8.665630 0.261970 1.127896
v -8.638388 0.261970 0.955887
v -8.665630 0.261970 0.783877
v -8.744696 0.261970 0.628705
v -8.867840 0.261970 0.505559
v -9.023013 0.261970 0.426494
v -9.195024 0.261970 0.399251
v -9.367034 0.261970 0.426494
v -9.522206 0.261970 0.505559
v -9.865727 1.089067 0.737962
v -9.831385 1.067753 0.675780
v -9.795679 1.067753 0.605705
v -9.814288 1.058214 0.640357
v -9.779368 1.038973 0.579171
v -9.763045 1.045937 0.543195
v -9.733873 1.038973 0.516554
v -9.762461 1.029002 0.543619
v -9.765558 1.089067 0.541369
v -9.867178 1.038973 0.778182
v -9.862774 1.045937 0.738922
v -9.843263 1.038973 0.704570
v -9.862087 1.029002 0.739145
v -9.713680 1.067753 0.492843
v -9.658069 1.067753 0.437232
v -9.686474 1.058214 0.464438
v -9.634357 1.038973 0.417037
v -9.607716 1.045938 0.387865
v -9.571739 1.038972 0.371543
v -9.607291 1.029002 0.388449
v -9.609542 1.089067 0.385351
v -9.545204 1.067753 0.355233
v -9.475131 1.067753 0.319528
v -9.510552 1.058214 0.336626
v -9.446340 1.038973 0.307649
v -9.411988 1.045938 0.288136
v -9.372729 1.038973 0.283731
v -9.411765 1.029002 0.288824
v -9.412949 1.089067 0.285182
v -9.342452 1.067753 0.276419
v -9.264774 1.067753 0.264116
v -9.303745 1.058214 0.269430
v -9.233723 1.038973 0.261715
v -9.195024 1.045938 0.253773
v -9.156323 1.038973 0.261715
v -9.195024 1.029003 0.254495
v -9.195024 1.089067 0.250667
v -9.125273 1.067753 0.264116
v -9.047595 1.067753 0.276419
v -9.086300 1.058214 0.269430
v -9.017318 1.038973 0.283731
v -8.978059 1.045938 0.288137
v -8.943707 1.038973 0.307649
v -8.978281 1.029003 0.288824
v -8.977098 1.089067 0.285182
v -8.914915 1.067753 0.319528
v -8.844841 1.067753 0.355233
v -8.879494 1.058214 0.336626
v -8.818308 1.038973 0.371543
v -8.782331 1.045938 0.387865
v -8.755691 1.038973 0.417037
v -8.782755 1.029002 0.388449
v -8.780505 1.089067 0.385352
v -8.731979 1.067753 0.437232
v -8.676369 1.067753 0.492843
v -8.703575 1.058214 0.464439
v -8.656174 1.038973 0.516554
v -8.627002 1.045938 0.543195
v -8.610679 1.038973 0.579172
v -8.627585 1.029002 0.543619
v -8.624489 1.089067 0.541369
v -8.594370 1.067753 0.605705
v -8.558664 1.067753 0.675780
v -8.575762 1.058214 0.640358
v -8.546785 1.038973 0.704570
v -8.527273 1.045938 0.738922
v -8.522867 1.038973 0.778182
v -8.527960 1.029002 0.739145
v -8.524319 1.089067 0.737962
v -8.515555 1.067753 0.808456
v -8.503252 1.067753 0.886134
v -8.508567 1.058214 0.847163
v -8.500852 1.038973 0.917187
v -8.492910 1.045938 0.955887
v -8.500852 1.038973 0.994587
v -8.493631 1.029002 0.955887
v -8.489803 1.089067 0.955887
v -8.503252 1.067753 1.025639
v -8.515555 1.067753 1.103317
v -8.508567 1.058214 1.064611
v -8.522867 1.038973 1.133592
v -8.527273 1.045938 1.172852
v -8.546785 1.038973 1.207204
v -8.527960 1.029003 1.172629
v -8.524319 1.089067 1.173812
v -8.558664 1.067753 1.235995
v -8.594370 1.067753 1.306069
v -8.575762 1.058214 1.271416
v -8.610679 1.038973 1.332602
v -8.627002 1.045938 1.368579
v -8.656174 1.038973 1.395220
v -8.627585 1.029003 1.368154
v -8.624489 1.089067 1.370405
v -8.676369 1.067753 1.418930
v -8.731979 1.067753 1.474542
v -8.703574 1.058214 1.447335
v -8.755690 1.038973 1.494737
v -8.782331 1.045938 1.523909
v -8.818308 1.038973 1.540231
v -8.782755 1.029002 1.523325
v -8.780505 1.089067 1.526422
v -8.844841 1.067753 1.556541
v -8.914915 1.067753 1.592246
v -8.879494 1.058214 1.575148
v -8.943707 1.038973 1.604125
v -8.978059 1.045938 1.623636
v -9.017318 1.038973 1.628042
v -8.978281 1.029003 1.622950
v -8.977098 1.089067 1.626591
v -9.047595 1.067753 1.635355
v -9.125273 1.067753 1.647658
v -9.086300 1.058214 1.642343
v -9.195024 1.029003 1.657279
v -9.156323 1.038973 1.650059
v -9.195024 1.045938 1.658000
v -9.233723 1.038973 1.650059
v -9.195024 1.089067 1.661107
v -9.264774 1.067753 1.647658
v -9.342452 1.067753 1.635355
v -9.303745 1.058214 1.642343
v -9.372729 1.038973 1.628042
v -9.411988 1.045938 1.623636
v -9.446340 1.038973 1.604125
v -9.411765 1.029002 1.622950
v -9.412949 1.089067 1.626591
v -9.475131 1.067753 1.592246
v -9.545204 1.067753 1.556541
v -9.510552 1.058214 1.575148
v -9.571739 1.038973 1.540231
v -9.607716 1.045938 1.523909
v -9.634357 1.038973 1.494737
v -9.607291 1.029003 1.523325
v -9.609542 1.089067 1.526422
v -9.658069 1.067753 1.474542
v -9.713680 1.067753 1.418930
v -9.686474 1.058214 1.447335
v -9.733873 1.038973 1.395220
v -9.763045 1.045938 1.368579
v -9.779367 1.038973 1.332602
v -9.762461 1.029002 1.368154
v -9.765558 1.089067 1.370405
v -9.795677 1.067753 1.306069
v -9.831382 1.067753 1.235995
v -9.814283 1.058214 1.271416
v -9.843262 1.038973 1.207204
v -9.862774 1.045938 1.172852
v -9.867178 1.038973 1.133592
v -9.862087 1.029002 1.172629
v -9.865727 1.089067 1.173812
v -9.874492 1.067753 1.103317
v -9.886793 1.067753 1.025639
v -9.881478 1.058214 1.064610
v -9.889195 1.038973 0.994587
v -9.897137 1.045938 0.955887
v -9.889195 1.038972 0.917187
v -9.896416 1.029002 0.955887
v -9.900244 1.089067 0.955887
v -9.886793 1.067753 0.886134
v -9.874492 1.067753 0.808456
v -9.881478 1.058214 0.847163
v -9.018943 0.358344 1.497806
v -9.051142 0.356108 1.500106
v -9.019478 0.342610 1.496162
v -8.991542 0.356108 1.480741
v -9.077219 0.325203 1.498821
v -9.107871 0.327269 1.506153
v -9.139288 0.325203 1.508652
v -9.195024 0.295264 1.511973
v -9.226358 0.356108 1.517932
v -9.195024 0.342610 1.523965
v -9.163690 0.356108 1.517932
v -9.195024 0.358344 1.525694
v -9.023184 0.295264 1.484756
v -8.860099 0.358344 1.416870
v -8.890011 0.356108 1.429009
v -8.861115 0.342610 1.415472
v -8.839312 0.356108 1.392174
v -8.915207 0.325203 1.435844
v -8.942094 0.327269 1.452288
v -8.971200 0.325203 1.464375
v -8.868164 0.295264 1.405769
v -8.734039 0.358344 1.290811
v -8.758736 0.356108 1.311599
v -8.735437 0.342610 1.289795
v -8.721902 0.356108 1.260899
v -8.780587 0.325203 1.325886
v -8.801076 0.327269 1.349834
v -8.825024 0.325203 1.370322
v -8.745141 0.295264 1.282746
v -8.653105 0.358344 1.131967
v -8.670170 0.356108 1.159368
v -8.654749 0.342610 1.131433
v -8.650805 0.356108 1.099768
v -8.686535 0.325203 1.179709
v -8.698622 0.327269 1.208816
v -8.715067 0.325203 1.235703
v -8.666155 0.295264 1.127727
v -8.625216 0.358344 0.955887
v -8.632979 0.356108 0.987221
v -8.626945 0.342610 0.955887
v -8.632979 0.356108 0.924553
v -8.642259 0.325203 1.011623
v -8.644760 0.327269 1.043041
v -8.652090 0.325203 1.073692
v -8.638938 0.295264 0.955887
v -8.653105 0.358344 0.779807
v -8.650805 0.356108 0.812006
v -8.654749 0.342610 0.780341
v -8.670170 0.356108 0.752405
v -8.652090 0.325203 0.838081
v -8.644760 0.327269 0.868733
v -8.642259 0.325203 0.900150
v -8.666155 0.295264 0.784047
v -8.734039 0.358344 0.620963
v -8.721902 0.356108 0.650875
v -8.735437 0.342610 0.621979
v -8.758738 0.356108 0.600176
v -8.715067 0.325203 0.676071
v -8.698623 0.327269 0.702957
v -8.686537 0.325203 0.732065
v -8.745141 0.295264 0.629028
v -8.860099 0.358344 0.494903
v -8.839313 0.356108 0.519601
v -8.861115 0.342610 0.496302
v -8.890013 0.356108 0.482765
v -8.825024 0.325203 0.541451
v -8.801077 0.327269 0.561940
v -8.780587 0.325203 0.585888
v -8.868164 0.295264 0.506004
v -9.018943 0.358344 0.413968
v -8.991542 0.356108 0.431032
v -9.019478 0.342610 0.415612
v -9.051142 0.356108 0.411668
v -8.971203 0.325203 0.447399
v -8.942096 0.327269 0.459485
v -8.915208 0.325203 0.475929
v -9.023184 0.295264 0.427018
v -9.195024 0.358344 0.386080
v -9.163690 0.356108 0.393841
v -9.195024 0.342610 0.387809
v -9.226358 0.356108 0.393841
v -9.139288 0.325203 0.403121
v -9.107871 0.327269 0.405621
v -9.077219 0.325203 0.412952
v -9.195024 0.295264 0.399801
v -9.371103 0.358344 0.413968
v -9.338904 0.356108 0.411668
v -9.370569 0.342610 0.415612
v -9.398504 0.356108 0.431032
v -9.312831 0.325203 0.412952
v -9.282179 0.327269 0.405621
v -9.250761 0.325203 0.403121
v -9.366863 0.295264 0.427018
v -9.529947 0.358344 0.494903
v -9.500035 0.356109 0.482765
v -9.528932 0.342610 0.496302
v -9.550735 0.356108 0.519601
v -9.474839 0.325203 0.475929
v -9.447953 0.327269 0.459485
v -9.418846 0.325203 0.447399
v -9.521883 0.295264 0.506004
v -9.656007 0.358343 0.620963
v -9.631310 0.356108 0.600175
v -9.654609 0.342610 0.621979
v -9.668145 0.356108 0.650875
v -9.609460 0.325203 0.585888
v -9.588972 0.327269 0.561940
v -9.565023 0.325203 0.541451
v -9.644906 0.295264 0.629028
v -9.736943 0.358343 0.779807
v -9.719877 0.356108 0.752405
v -9.735298 0.342610 0.780341
v -9.739243 0.356108 0.812006
v -9.703511 0.325203 0.732065
v -9.691426 0.327269 0.702957
v -9.674980 0.325203 0.676071
v -9.723892 0.295264 0.784047
v -9.764831 0.358344 0.955887
v -9.757069 0.356108 0.924553
v -9.763102 0.342610 0.955887
v -9.757069 0.356109 0.987221
v -9.747788 0.325203 0.900150
v -9.745290 0.327269 0.868733
v -9.737957 0.325203 0.838081
v -9.751108 0.295264 0.955887
v -9.736943 0.358344 1.131967
v -9.739243 0.356108 1.099768
v -9.735298 0.342610 1.131433
v -9.719877 0.356108 1.159368
v -9.737957 0.325203 1.073692
v -9.745288 0.327269 1.043041
v -9.747787 0.325203 1.011623
v -9.723892 0.295264 1.127727
v -9.656007 0.358344 1.290811
v -9.668145 0.356108 1.260899
v -9.654609 0.342610 1.289795
v -9.631310 0.356108 1.311599
v -9.674980 0.325203 1.235703
v -9.691426 0.327269 1.208816
v -9.703511 0.325203 1.179709
v -9.644906 0.295264 1.282746
v -9.529947 0.358344 1.416870
v -9.550735 0.356108 1.392174
v -9.528932 0.342610 1.415472
v -9.500035 0.356108 1.429009
v -9.565025 0.325203 1.370322
v -9.588973 0.327269 1.349834
v -9.609462 0.325203 1.325886
v -9.521883 0.295264 1.405769
v -9.371103 0.358344 1.497806
v -9.398504 0.356108 1.480741
v -9.370569 0.342610 1.496162
v -9.338904 0.356108 1.500106
v -9.418846 0.325203 1.464375
v -9.447953 0.327269 1.452288
v -9.474839 0.325203 1.435844
v -9.366863 0.295264 1.484756
v -9.250761 0.325203 1.508652
v -9.282179 0.327269 1.506153
v -9.312831 0.325203 1.498821
v -9.014576 0.425905 1.511246
v -9.047718 0.423114 1.513060
v -9.015260 0.409004 1.509142
v -8.986698 0.423114 1.493233
v -9.074755 0.388754 1.510177
v -9.105953 0.391254 1.518257
v -9.138123 0.388754 1.520214
v -9.106260 0.374936 1.516321
v -9.227102 0.423114 1.531310
v -9.195024 0.409004 1.537614
v -9.162944 0.423114 1.531310
v -9.195024 0.425905 1.539827
v -8.851791 0.425905 1.428304
v -8.882751 0.423114 1.440270
v -8.853093 0.409004 1.426513
v -8.830844 0.423114 1.402558
v -8.909355 0.388754 1.445883
v -8.936530 0.391254 1.463208
v -8.966519 0.388754 1.475010
v -8.937420 0.374936 1.461461
v -8.722607 0.425905 1.299118
v -8.748352 0.423114 1.320065
v -8.724397 0.409004 1.297817
v -8.710640 0.423114 1.268159
v -8.771919 0.388754 1.333624
v -8.792410 0.391254 1.358499
v -8.817286 0.388754 1.378991
v -8.793797 0.374936 1.357113
v -8.639663 0.425905 1.136335
v -8.657677 0.423114 1.164212
v -8.641768 0.409004 1.135650
v -8.637851 0.423114 1.103193
v -8.675900 0.388754 1.184391
v -8.687702 0.391254 1.214381
v -8.705029 0.388754 1.241555
v -8.689448 0.374936 1.213490
v -8.611084 0.425905 0.955887
v -8.619600 0.423114 0.987967
v -8.613297 0.409004 0.955887
v -8.619600 0.423114 0.923807
v -8.630697 0.388754 1.012789
v -8.632655 0.391254 1.044958
v -8.640735 0.388754 1.076157
v -8.634592 0.374936 1.044651
v -8.639663 0.425905 0.775440
v -8.637851 0.423115 0.808581
v -8.641768 0.409004 0.776123
v -8.657677 0.423114 0.747562
v -8.640734 0.388754 0.835617
v -8.632655 0.391254 0.866816
v -8.630697 0.388754 0.898985
v -8.634592 0.374936 0.867123
v -8.722607 0.425905 0.612656
v -8.710641 0.423114 0.643615
v -8.724397 0.409004 0.613957
v -8.748352 0.423114 0.591708
v -8.705029 0.388754 0.670219
v -8.687702 0.391254 0.697393
v -8.675901 0.388754 0.727383
v -8.689449 0.374936 0.698284
v -8.851791 0.425905 0.483469
v -8.830846 0.423114 0.509216
v -8.853093 0.409004 0.485260
v -8.882751 0.423114 0.471504
v -8.817286 0.388754 0.532783
v -8.792413 0.391254 0.553274
v -8.771920 0.388754 0.578149
v -8.793798 0.374936 0.554661
v -9.014576 0.425905 0.400527
v -8.986698 0.423114 0.418540
v -9.015260 0.409004 0.402632
v -9.047718 0.423114 0.398714
v -8.966521 0.388754 0.436764
v -8.936531 0.391254 0.448565
v -8.909355 0.388754 0.465890
v -8.937422 0.374936 0.450312
v -9.195024 0.425905 0.371946
v -9.162945 0.423114 0.380464
v -9.195024 0.409004 0.374160
v -9.227102 0.423114 0.380464
v -9.138123 0.388754 0.391560
v -9.105953 0.391254 0.393517
v -9.074755 0.388754 0.401596
v -9.106260 0.374936 0.395453
v -9.375471 0.425905 0.400527
v -9.342329 0.423114 0.398714
v -9.374787 0.409004 0.402632
v -9.403348 0.423114 0.418540
v -9.315295 0.388754 0.401596
v -9.284096 0.391254 0.393517
v -9.251926 0.388754 0.391560
v -9.283790 0.374936 0.395453
v -9.538256 0.425905 0.483469
v -9.507296 0.423114 0.471504
v -9.536954 0.409004 0.485260
v -9.559203 0.423114 0.509216
v -9.480692 0.388754 0.465890
v -9.453517 0.391254 0.448565
v -9.423528 0.388754 0.436764
v -9.452627 0.374936 0.450312
v -9.667441 0.425905 0.612655
v -9.641694 0.423114 0.591708
v -9.665649 0.409004 0.613957
v -9.679405 0.423114 0.643614
v -9.618129 0.388754 0.578149
v -9.597637 0.391255 0.553274
v -9.572762 0.388754 0.532783
v -9.596251 0.374936 0.554660
v -9.750384 0.425905 0.775440
v -9.732369 0.423114 0.747562
v -9.748280 0.409003 0.776123
v -9.752196 0.423114 0.808581
v -9.714147 0.388754 0.727383
v -9.702346 0.391254 0.697393
v -9.685019 0.388754 0.670219
v -9.700598 0.374936 0.698284
v -9.778963 0.425905 0.955887
v -9.770446 0.423114 0.923807
v -9.776751 0.409004 0.955887
v -9.770446 0.423114 0.987967
v -9.759350 0.388754 0.898985
v -9.757393 0.391254 0.866816
v -9.749313 0.388754 0.835617
v -9.755458 0.374936 0.867123
v -9.750384 0.425905 1.136335
v -9.752196 0.423114 1.103193
v -9.748280 0.409004 1.135650
v -9.732369 0.423114 1.164212
v -9.749313 0.388754 1.076157
v -9.757393 0.391254 1.044957
v -9.759350 0.388754 1.012789
v -9.755456 0.374936 1.044651
v -9.667441 0.425905 1.299118
v -9.679407 0.423114 1.268159
v -9.665649 0.409004 1.297817
v -9.641694 0.423114 1.320065
v -9.685019 0.388754 1.241555
v -9.702346 0.391254 1.214381
v -9.714147 0.388754 1.184391
v -9.700598 0.374936 1.213490
v -9.538256 0.425905 1.428304
v -9.559203 0.423114 1.402558
v -9.536954 0.409004 1.426513
v -9.507296 0.423114 1.440270
v -9.572763 0.388754 1.378991
v -9.597639 0.391254 1.358499
v -9.618130 0.388754 1.333624
v -9.596252 0.374936 1.357113
v -9.375471 0.425905 1.511246
v -9.403348 0.423114 1.493233
v -9.374787 0.409004 1.509142
v -9.342329 0.423114 1.513060
v -9.423528 0.388754 1.475010
v -9.453517 0.391254 1.463208
v -9.480692 0.388754 1.445883
v -9.452627 0.374936 1.461461
v -9.251926 0.388754 1.520214
v -9.284096 0.391254 1.518257
v -9.315295 0.388754 1.510177
v -9.283790 0.374936 1.516321
v -9.009369 0.500115 1.527274
v -9.043560 0.496657 1.528788
v -9.010160 0.482111 1.524837
v -8.980818 0.496657 1.508402
v -9.071596 0.459120 1.524734
v -9.103543 0.462237 1.533485
v -9.136629 0.459120 1.535034
v -9.103915 0.444769 1.531136
v -9.228008 0.496657 1.547553
v -9.195024 0.482111 1.554116
v -9.162039 0.496657 1.547553
v -9.195024 0.500115 1.556678
v -8.841887 0.500115 1.441937
v -8.873937 0.496657 1.453943
v -8.843393 0.482111 1.439864
v -8.820564 0.496657 1.415167
v -8.901854 0.459120 1.458751
v -8.929531 0.462237 1.476946
v -8.960520 0.459120 1.488643
v -8.930611 0.444769 1.474826
v -8.708973 0.500115 1.309023
v -8.735744 0.496657 1.330345
v -8.711046 0.482111 1.307517
v -8.696966 0.496657 1.276974
v -8.760808 0.459120 1.343545
v -8.781508 0.462237 1.369401
v -8.807365 0.459120 1.390103
v -8.783190 0.444769 1.367719
v -8.623636 0.500115 1.141542
v -8.642509 0.496657 1.170093
v -8.626074 0.482111 1.140750
v -8.622124 0.496657 1.107351
v -8.662266 0.459120 1.190391
v -8.673965 0.462237 1.221380
v -8.692160 0.459120 1.249057
v -8.676085 0.444769 1.220300
v -8.594232 0.500115 0.955887
v -8.603357 0.496657 0.988872
v -8.596794 0.482111 0.955887
v -8.603357 0.496657 0.922902
v -8.615877 0.459120 1.014283
v -8.617426 0.462237 1.047370
v -8.626177 0.459120 1.079315
v -8.619776 0.444769 1.046997
v -8.623636 0.500115 0.770232
v -8.622124 0.496657 0.804423
v -8.626074 0.482111 0.771024
v -8.642509 0.496657 0.741681
v -8.626177 0.459120 0.832459
v -8.617426 0.462237 0.864404
v -8.615877 0.459120 0.897490
v -8.619776 0.444769 0.864777
v -8.708973 0.500115 0.602751
v -8.696968 0.496657 0.634800
v -8.711046 0.482111 0.604256
v -8.735744 0.496657 0.581428
v -8.692160 0.459120 0.662716
v -8.673965 0.462237 0.690394
v -8.662268 0.459120 0.721382
v -8.676085 0.444769 0.691474
v -8.841887 0.500115 0.469836
v -8.820564 0.496657 0.496607
v -8.843393 0.482111 0.471909
v -8.873937 0.496657 0.457830
v -8.807364 0.459120 0.521671
v -8.781507 0.462237 0.542372
v -8.760807 0.459120 0.568229
v -8.783189 0.444769 0.544055
v -9.009369 0.500115 0.384500
v -8.980818 0.496657 0.403372
v -9.010160 0.482111 0.386937
v -9.043560 0.496657 0.382986
v -8.960520 0.459120 0.423131
v -8.929531 0.462237 0.434828
v -8.901854 0.459120 0.453022
v -8.930611 0.444769 0.436947
v -9.195024 0.500115 0.355095
v -9.162039 0.496657 0.364221
v -9.195024 0.482111 0.357657
v -9.228008 0.496657 0.364221
v -9.136629 0.459120 0.376740
v -9.103543 0.462237 0.378289
v -9.071596 0.459120 0.387039
v -9.103915 0.444769 0.380638
v -9.380678 0.500115 0.384500
v -9.346487 0.496657 0.382986
v -9.379887 0.482111 0.386937
v -9.409229 0.496657 0.403372
v -9.318451 0.459120 0.387039
v -9.286507 0.462237 0.378289
v -9.253420 0.459120 0.376740
v -9.286134 0.444769 0.380638
v -9.548160 0.500115 0.469836
v -9.516110 0.496657 0.457830
v -9.546654 0.482111 0.471909
v -9.569483 0.496657 0.496607
v -9.488194 0.459120 0.453022
v -9.460516 0.462237 0.434828
v -9.429527 0.459120 0.423131
v -9.459436 0.444769 0.436947
v -9.681074 0.500115 0.602750
v -9.654304 0.496657 0.581428
v -9.679001 0.482111 0.604256
v -9.693079 0.496657 0.634800
v -9.629239 0.459120 0.568229
v -9.608538 0.462237 0.542372
v -9.582682 0.459120 0.521671
v -9.606855 0.444769 0.544054
v -9.766411 0.500115 0.770232
v -9.747539 0.496657 0.741681
v -9.763973 0.482111 0.771024
v -9.767925 0.496657 0.804423
v -9.727779 0.459120 0.721382
v -9.716081 0.462237 0.690394
v -9.697887 0.459120 0.662716
v -9.713962 0.444769 0.691474
v -9.795815 0.500115 0.955887
v -9.786690 0.496657 0.922902
v -9.793253 0.482111 0.955887
v -9.786690 0.496657 0.988872
v -9.774171 0.459120 0.897490
v -9.772622 0.462237 0.864404
v -9.763870 0.459120 0.832459
v -9.770272 0.444769 0.864777
v -9.766411 0.500115 1.141542
v -9.767925 0.496657 1.107351
v -9.763973 0.482111 1.140750
v -9.747539 0.496657 1.170093
v -9.763870 0.459120 1.079315
v -9.772620 0.462237 1.047370
v -9.774170 0.459120 1.014283
v -9.770271 0.444769 1.046997
v -9.681074 0.500115 1.309023
v -9.693079 0.496657 1.276974
v -9.679001 0.482111 1.307517
v -9.654304 0.496657 1.330345
v -9.697887 0.459120 1.249057
v -9.716082 0.462237 1.221380
v -9.727780 0.459120 1.190391
v -9.713964 0.444769 1.220300
v -9.548160 0.500115 1.441937
v -9.569483 0.496657 1.415167
v -9.546654 0.482111 1.439864
v -9.516110 0.496657 1.453943
v -9.582683 0.459120 1.390103
v -9.608540 0.462237 1.369401
v -9.629240 0.459120 1.343545
v -9.606858 0.444769 1.367720
v -9.380678 0.500115 1.527274
v -9.409229 0.496657 1.508402
v -9.379887 0.482111 1.524837
v -9.346487 0.496657 1.528788
v -9.429527 0.459120 1.488643
v -9.460516 0.462237 1.476946
v -9.488194 0.459120 1.458751
v -9.459436 0.444769 1.474826
v -9.253420 0.459120 1.535034
v -9.286507 0.462237 1.533485
v -9.318451 0.459120 1.524734
v -9.286134 0.444769 1.531136
v -9.003653 0.579818 1.544864
v -9.038937 0.575627 1.546271
v -9.004498 0.560900 1.542262
v -8.974280 0.575630 1.525263
v -9.067936 0.535562 1.541603
v -9.100788 0.539385 1.550871
v -9.134896 0.535562 1.552208
v -9.101202 0.520893 1.548263
v -9.229015 0.575630 1.565608
v -9.195024 0.560900 1.572438
v -9.161032 0.575630 1.565608
v -9.195024 0.579818 1.575174
v -8.831016 0.579818 1.456901
v -8.864138 0.575630 1.469142
v -8.832623 0.560900 1.454687
v -8.809137 0.575630 1.429182
v -8.893159 0.535563 1.473663
v -8.921539 0.539385 1.492629
v -8.953564 0.535563 1.504441
v -8.922737 0.520893 1.490277
v -8.694010 0.579818 1.319894
v -8.721727 0.575630 1.341772
v -8.696223 0.560900 1.318287
v -8.681767 0.575630 1.286772
v -8.747931 0.535563 1.355040
v -8.769061 0.539385 1.381849
v -8.795870 0.535563 1.402978
v -8.770928 0.520893 1.379982
v -8.606046 0.579818 1.147258
v -8.625648 0.575630 1.176629
v -8.608647 0.560900 1.146412
v -8.604640 0.575630 1.111973
v -8.646468 0.535563 1.197345
v -8.658280 0.539385 1.229371
v -8.677247 0.535563 1.257751
v -8.660633 0.520893 1.228173
v -8.575736 0.579818 0.955887
v -8.585302 0.575630 0.989879
v -8.578472 0.560900 0.955887
v -8.585302 0.575630 0.921895
v -8.598703 0.535562 1.016015
v -8.600040 0.539385 1.050123
v -8.609307 0.535562 1.082975
v -8.602648 0.520893 1.049710
v -8.606046 0.579818 0.764516
v -8.604640 0.575630 0.799801
v -8.608647 0.560900 0.765362
v -8.625648 0.575630 0.735144
v -8.609307 0.535562 0.828799
v -8.600040 0.539385 0.861651
v -8.598703 0.535562 0.895759
v -8.602648 0.520893 0.862064
v -8.694010 0.579818 0.591879
v -8.681768 0.575630 0.625002
v -8.696223 0.560900 0.593487
v -8.721727 0.575630 0.570001
v -8.677247 0.535563 0.654023
v -8.658281 0.539385 0.682403
v -8.646469 0.535563 0.714429
v -8.660634 0.520893 0.683601
v -8.831016 0.579818 0.454873
v -8.809137 0.575630 0.482591
v -8.832623 0.560900 0.457087
v -8.864138 0.575630 0.442631
v -8.795869 0.535563 0.508795
v -8.769060 0.539385 0.529925
v -8.747931 0.535563 0.556734
v -8.770927 0.520893 0.531792
v -9.003653 0.579818 0.366909
v -8.974280 0.575630 0.386511
v -9.004498 0.560900 0.369512
v -9.038937 0.575627 0.365503
v -8.953565 0.535562 0.407332
v -8.921540 0.539385 0.419144
v -8.893160 0.535562 0.438111
v -8.922739 0.520893 0.421497
v -9.195024 0.579818 0.336599
v -9.161032 0.575630 0.346165
v -9.195024 0.560900 0.339336
v -9.229015 0.575630 0.346165
v -9.134896 0.535562 0.359566
v -9.100788 0.539385 0.360903
v -9.067936 0.535562 0.370171
v -9.101202 0.520893 0.363511
v -9.386394 0.579818 0.366909
v -9.351110 0.575630 0.365503
v -9.385548 0.560900 0.369512
v -9.415766 0.575630 0.386511
v -9.322111 0.535562 0.370171
v -9.289260 0.539385 0.360903
v -9.255152 0.535562 0.359566
v -9.288847 0.520893 0.363511
v -9.559031 0.579818 0.454873
v -9.525908 0.575630 0.442631
v -9.557424 0.560900 0.457086
v -9.580910 0.575630 0.482591
v -9.496887 0.535563 0.438111
v -9.468506 0.539385 0.419144
v -9.436480 0.535563 0.407332
v -9.467307 0.520893 0.421497
v -9.696037 0.579818 0.591879
v -9.668319 0.575630 0.570001
v -9.693824 0.560901 0.593487
v -9.708279 0.575630 0.625002
v -9.642116 0.535563 0.556734
v -9.620987 0.539385 0.529925
v -9.594178 0.535563 0.508795
v -9.619120 0.520893 0.531792
v -9.784001 0.579818 0.764516
v -9.764399 0.575630 0.735144
v -9.781400 0.560900 0.765362
v -9.785407 0.575630 0.799801
v -9.743578 0.535562 0.714429
v -9.731766 0.539385 0.682403
v -9.712800 0.535562 0.654023
v -9.729413 0.520893 0.683601
v -9.814310 0.579818 0.955887
v -9.804745 0.575630 0.921895
v -9.811575 0.560901 0.955887
v -9.804745 0.575630 0.989879
v -9.791345 0.535562 0.895759
v -9.790007 0.539385 0.861650
v -9.780740 0.535562 0.828799
v -9.787400 0.520893 0.862064
v -9.784001 0.579818 1.147258
v -9.785407 0.575630 1.111973
v -9.781400 0.560900 1.146412
v -9.764399 0.575630 1.176629
v -9.780740 0.535563 1.082975
v -9.790007 0.539385 1.050123
v -9.791345 0.535563 1.016015
v -9.787399 0.520893 1.049710
v -9.696037 0.579818 1.319894
v -9.708279 0.575630 1.286772
v -9.693824 0.560900 1.318287
v -9.668319 0.575630 1.341772
v -9.712800 0.535563 1.257751
v -9.731766 0.539385 1.229371
v -9.743578 0.535563 1.197345
v -9.729413 0.520893 1.228173
v -9.559031 0.579818 1.456901
v -9.580910 0.575630 1.429182
v -9.557424 0.560900 1.454687
v -9.525908 0.575630 1.469142
v -9.594178 0.535563 1.402978
v -9.620987 0.539385 1.381849
v -9.642116 0.535563 1.355040
v -9.619120 0.520893 1.379982
v -9.386394 0.579818 1.544864
v -9.415766 0.575630 1.525263
v -9.385548 0.560900 1.542262
v -9.351110 0.575630 1.546271
v -9.436482 0.535563 1.504441
v -9.468508 0.539385 1.492629
v -9.496888 0.535563 1.473663
v -9.467310 0.520893 1.490277
v -9.255152 0.535562 1.552208
v -9.289260 0.539385 1.550871
v -9.322111 0.535562 1.541603
v -9.288847 0.520893 1.548263
v -8.997816 0.663138 1.562830
v -9.034166 0.658197 1.564319
v -8.998655 0.643609 1.560246
v -8.967533 0.658197 1.542669
v -9.064020 0.616601 1.559652
v -9.097876 0.621170 1.569263
v -9.133043 0.616601 1.570584
v -9.098300 0.601904 1.566580
v -9.230054 0.658197 1.584248
v -9.195024 0.643610 1.591348
v -9.159993 0.658197 1.584248
v -9.195024 0.663138 1.594065
v -8.819912 0.663138 1.472183
v -8.854023 0.658197 1.484832
v -8.821509 0.643610 1.469986
v -8.797340 0.658197 1.443650
v -8.883857 0.616601 1.489618
v -8.913084 0.621170 1.509222
v -8.946123 0.616601 1.521345
v -8.914318 0.601904 1.506800
v -8.678726 0.663138 1.330998
v -8.707258 0.658197 1.353569
v -8.680924 0.643610 1.329402
v -8.666078 0.658197 1.296888
v -8.734155 0.616601 1.367340
v -8.755894 0.621170 1.395016
v -8.783569 0.616601 1.416756
v -8.757814 0.601904 1.393094
v -8.588079 0.663138 1.153095
v -8.608242 0.658197 1.183377
v -8.590664 0.643610 1.152255
v -8.586593 0.658197 1.116745
v -8.629564 0.616601 1.204785
v -8.641688 0.621170 1.237825
v -8.661292 0.616601 1.267053
v -8.644109 0.601904 1.236592
v -8.556846 0.663138 0.955887
v -8.566663 0.658197 0.990918
v -8.559563 0.643610 0.955887
v -8.566663 0.658197 0.920856
v -8.580328 0.616601 1.017868
v -8.581648 0.621170 1.053036
v -8.591259 0.616601 1.086891
v -8.584332 0.601904 1.052611
v -8.588079 0.663138 0.758679
v -8.586593 0.658197 0.795029
v -8.590664 0.643610 0.759519
v -8.608242 0.658197 0.728396
v -8.591259 0.616601 0.824882
v -8.581648 0.621170 0.858738
v -8.580328 0.616601 0.893906
v -8.584332 0.601904 0.859163
v -8.678726 0.663138 0.580775
v -8.666079 0.658197 0.614886
v -8.680924 0.643610 0.582373
v -8.707258 0.658197 0.558205
v -8.661292 0.616601 0.644721
v -8.641689 0.621170 0.673949
v -8.629565 0.616601 0.706988
v -8.644111 0.601904 0.675182
v -8.819912 0.663138 0.439590
v -8.797340 0.658197 0.468123
v -8.821509 0.643609 0.441788
v -8.854023 0.658197 0.426942
v -8.783568 0.616601 0.495018
v -8.755892 0.621170 0.516757
v -8.734153 0.616601 0.544434
v -8.757813 0.601904 0.518679
v -8.997816 0.663138 0.348943
v -8.967533 0.658197 0.369106
v -8.998655 0.643610 0.351527
v -9.034166 0.658197 0.347455
v -8.946125 0.616601 0.390429
v -8.913085 0.621170 0.402552
v -8.883858 0.616601 0.422155
v -8.914319 0.601904 0.404973
v -9.195024 0.663138 0.317709
v -9.159993 0.658197 0.327526
v -9.195024 0.643610 0.320426
v -9.230054 0.658197 0.327526
v -9.133043 0.616601 0.341190
v -9.097876 0.621170 0.342510
v -9.064020 0.616601 0.352122
v -9.098300 0.601904 0.345193
v -9.392231 0.663138 0.348943
v -9.355881 0.658197 0.347455
v -9.391392 0.643610 0.351527
v -9.422514 0.658197 0.369106
v -9.326028 0.616601 0.352122
v -9.292173 0.621170 0.342510
v -9.257005 0.616601 0.341190
v -9.291747 0.601904 0.345193
v -9.570135 0.663138 0.439590
v -9.536024 0.658198 0.426942
v -9.568538 0.643610 0.441788
v -9.592707 0.658197 0.468122
v -9.506189 0.616601 0.422155
v -9.476959 0.621170 0.402552
v -9.443921 0.616601 0.390429
v -9.475727 0.601904 0.404973
v -9.711320 0.663138 0.580775
v -9.682788 0.658197 0.558205
v -9.709122 0.643609 0.582372
v -9.723969 0.658197 0.614886
v -9.655894 0.616600 0.544433
v -9.634154 0.621170 0.516757
v -9.606478 0.616601 0.495018
v -9.632234 0.601904 0.518679
v -9.801967 0.663138 0.758679
v -9.781804 0.658197 0.728396
v -9.799382 0.643610 0.759519
v -9.803455 0.658197 0.795029
v -9.760481 0.616601 0.706988
v -9.748357 0.621170 0.673949
v -9.728754 0.616600 0.644721
v -9.745936 0.601904 0.675182
v -9.833201 0.663138 0.955887
v -9.823383 0.658197 0.920856
v -9.830484 0.643610 0.955887
v -9.823383 0.658197 0.990918
v -9.809720 0.616600 0.893906
v -9.808400 0.621170 0.858738
v -9.798788 0.616600 0.824882
v -9.805717 0.601904 0.859163
v -9.801967 0.663138 1.153095
v -9.803455 0.658197 1.116745
v -9.799382 0.643610 1.152255
v -9.781804 0.658197 1.183377
v -9.798788 0.616601 1.086891
v -9.808400 0.621170 1.053036
v -9.809720 0.616601 1.017868
v -9.805717 0.601904 1.052611
v -9.711320 0.663138 1.330998
v -9.723969 0.658197 1.296888
v -9.709122 0.643610 1.329402
v -9.682786 0.658197 1.353569
v -9.728754 0.616601 1.267053
v -9.748357 0.621170 1.237825
v -9.760481 0.616601 1.204785
v -9.745936 0.601904 1.236592
v -9.570135 0.663138 1.472183
v -9.592705 0.658197 1.443650
v -9.568538 0.643610 1.469986
v -9.536024 0.658197 1.484832
v -9.606477 0.616601 1.416756
v -9.634151 0.621170 1.395016
v -9.655891 0.616601 1.367340
v -9.632231 0.601904 1.393095
v -9.392231 0.663138 1.562830
v -9.422514 0.658197 1.542669
v -9.391392 0.643610 1.560246
v -9.355881 0.658197 1.564319
v -9.443923 0.616601 1.521345
v -9.476962 0.621170 1.509222
v -9.506190 0.616601 1.489618
v -9.475729 0.601904 1.506800
v -9.257005 0.616601 1.570584
v -9.292173 0.621170 1.569263
v -9.326028 0.616601 1.559652
v -9.291747 0.601904 1.566580
v -8.992245 0.747640 1.579975
v -9.029562 0.741991 1.581730
v -8.993022 0.727884 1.577583
v -8.961022 0.741991 1.559460
v -9.060114 0.700104 1.577656
v -9.095000 0.705409 1.587417
v -9.131195 0.700104 1.588913
v -9.095407 0.685716 1.584844
v -9.231056 0.741991 1.602229
v -9.195024 0.727884 1.609576
v -9.158990 0.741991 1.602229
v -9.195024 0.747640 1.612092
v -8.809316 0.747640 1.486768
v -8.844265 0.741991 1.499969
v -8.810794 0.727884 1.484733
v -8.785961 0.741991 1.457608
v -8.874578 0.700104 1.505533
v -8.904740 0.705409 1.525598
v -8.938702 0.700104 1.538207
v -8.905923 0.685716 1.523278
v -8.664142 0.747640 1.341595
v -8.693301 0.741991 1.364949
v -8.666178 0.727884 1.340116
v -8.650941 0.741991 1.306646
v -8.720411 0.700104 1.379610
v -8.742897 0.705409 1.408012
v -8.771301 0.700104 1.430498
v -8.744740 0.685716 1.406170
v -8.570935 0.747640 1.158665
v -8.591451 0.741991 1.189887
v -8.573327 0.727884 1.157888
v -8.569181 0.741991 1.121348
v -8.612703 0.700104 1.212208
v -8.625311 0.705409 1.246170
v -8.645376 0.700104 1.276332
v -8.627632 0.685716 1.244987
v -8.538818 0.747640 0.955887
v -8.548681 0.741991 0.991920
v -8.541334 0.727884 0.955887
v -8.548681 0.741991 0.919854
v -8.561997 0.700104 1.019716
v -8.563494 0.705409 1.055911
v -8.573256 0.700104 1.090798
v -8.566068 0.685716 1.055504
v -8.570935 0.747640 0.753108
v -8.569181 0.741991 0.790426
v -8.573327 0.727884 0.753886
v -8.591451 0.741991 0.721886
v -8.573256 0.700104 0.820976
v -8.563494 0.705409 0.855862
v -8.561997 0.700104 0.892057
v -8.566068 0.685716 0.856270
v -8.664142 0.747640 0.570179
v -8.650942 0.741991 0.605128
v -8.666178 0.727884 0.571658
v -8.693301 0.741991 0.546824
v -8.645376 0.700104 0.635442
v -8.625313 0.705409 0.665604
v -8.612704 0.700104 0.699566
v -8.627634 0.685716 0.666787
v -8.809316 0.747640 0.425006
v -8.785961 0.741991 0.454165
v -8.810794 0.727884 0.427041
v -8.844265 0.741991 0.411805
v -8.771299 0.700104 0.481275
v -8.742895 0.705409 0.503761
v -8.720410 0.700104 0.532164
v -8.744738 0.685716 0.505603
v -8.992245 0.747640 0.331799
v -8.961022 0.741991 0.352314
v -8.993022 0.727884 0.334191
v -9.029562 0.741991 0.330044
v -8.938703 0.700104 0.373567
v -8.904741 0.705409 0.386175
v -8.874578 0.700104 0.406240
v -8.905924 0.685716 0.388497
v -9.195024 0.747640 0.299682
v -9.158990 0.741991 0.309545
v -9.195024 0.727884 0.302197
v -9.231056 0.741991 0.309545
v -9.131195 0.700104 0.322860
v -9.095000 0.705409 0.324356
v -9.060114 0.700104 0.334118
v -9.095407 0.685716 0.326930
v -9.397801 0.747640 0.331799
v -9.360484 0.741991 0.330044
v -9.397025 0.727884 0.334191
v -9.429024 0.741991 0.352313
v -9.329935 0.700104 0.334118
v -9.295048 0.705409 0.324356
v -9.258853 0.700104 0.322860
v -9.294641 0.685716 0.326930
v -9.580731 0.747640 0.425006
v -9.545782 0.741991 0.411805
v -9.579253 0.727884 0.427041
v -9.604086 0.741991 0.454165
v -9.515468 0.700104 0.406240
v -9.485306 0.705409 0.386175
v -9.451344 0.700104 0.373567
v -9.484123 0.685716 0.388497
v -9.725904 0.747640 0.570179
v -9.696746 0.741991 0.546824
v -9.723869 0.727884 0.571658
v -9.739105 0.741991 0.605128
v -9.669636 0.700104 0.532164
v -9.647151 0.705409 0.503761
v -9.618748 0.700104 0.481275
v -9.645309 0.685716 0.505603
v -9.819112 0.747639 0.753108
v -9.798596 0.741991 0.721886
v -9.816719 0.727884 0.753886
v -9.820867 0.741991 0.790426
v -9.777343 0.700104 0.699566
v -9.764734 0.705409 0.665604
v -9.744670 0.700104 0.635442
v -9.762413 0.685716 0.666787
v -9.851228 0.747640 0.955887
v -9.841365 0.741991 0.919854
v -9.848713 0.727884 0.955887
v -9.841365 0.741991 0.991920
v -9.828051 0.700104 0.892057
v -9.826553 0.705409 0.855862
v -9.816792 0.700104 0.820976
v -9.823980 0.685716 0.856270
v -9.819112 0.747640 1.158665
v -9.820867 0.741991 1.121348
v -9.816719 0.727884 1.157888
v -9.798596 0.741991 1.189887
v -9.816792 0.700104 1.090798
v -9.826553 0.705409 1.055911
v -9.828051 0.700104 1.019716
v -9.823980 0.685716 1.055504
v -9.725904 0.747640 1.341595
v -9.739105 0.741991 1.306646
v -9.723869 0.727884 1.340116
v -9.696745 0.741991 1.364949
v -9.744670 0.700104 1.276332
v -9.764735 0.705409 1.246170
v -9.777345 0.700104 1.212208
v -9.762414 0.685716 1.244987
v -9.580731 0.747640 1.486768
v -9.604085 0.741991 1.457608
v -9.579253 0.727884 1.484733
v -9.545782 0.741991 1.499969
v -9.618746 0.700104 1.430498
v -9.647148 0.705409 1.408012
v -9.669636 0.700104 1.379610
v -9.645307 0.685716 1.406170
v -9.397801 0.747640 1.579975
v -9.429024 0.741991 1.559460
v -9.397025 0.727884 1.577583
v -9.360484 0.741991 1.581730
v -9.451345 0.700104 1.538207
v -9.485307 0.705409 1.525598
v -9.515469 0.700104 1.505533
v -9.484124 0.685716 1.523278
v -9.258853 0.700104 1.588913
v -9.295048 0.705409 1.587417
v -9.329935 0.700104 1.577656
v -9.294641 0.685716 1.584844
v -8.987282 0.830613 1.595248
v -9.025408 0.824357 1.597446
v -8.987951 0.811048 1.593191
v -8.955147 0.824357 1.574616
v -9.056468 0.783520 1.594458
v -9.092348 0.789489 1.604163
v -9.129470 0.783520 1.606021
v -9.092711 0.769778 1.601865
v -9.231962 0.824357 1.618459
v -9.195024 0.811048 1.625988
v -9.158085 0.824357 1.618459
v -9.195024 0.830613 1.628151
v -8.799876 0.830613 1.499760
v -8.835457 0.824357 1.513631
v -8.801147 0.811048 1.498010
v -8.775688 0.824357 1.470208
v -8.865918 0.783520 1.520388
v -8.897042 0.789489 1.540705
v -8.931774 0.783520 1.553943
v -8.898098 0.769778 1.538633
v -8.651150 0.830613 1.351034
v -8.680702 0.824357 1.375221
v -8.652901 0.811048 1.349762
v -8.637279 0.824357 1.315454
v -8.707585 0.783520 1.391060
v -8.730907 0.789489 1.420002
v -8.759851 0.783520 1.443324
v -8.732553 0.769778 1.418356
v -8.555661 0.830613 1.163628
v -8.576294 0.824357 1.195764
v -8.557719 0.811048 1.162960
v -8.553466 0.824357 1.125503
v -8.596966 0.783520 1.219135
v -8.610205 0.789489 1.253866
v -8.630523 0.783520 1.284991
v -8.612278 0.769778 1.252810
v -8.522758 0.830613 0.955887
v -8.532452 0.824357 0.992825
v -8.524922 0.811048 0.955887
v -8.532452 0.824357 0.918948
v -8.544890 0.783520 1.021441
v -8.546748 0.789489 1.058564
v -8.556452 0.783520 1.094443
v -8.549046 0.769778 1.058200
v -8.555661 0.830613 0.748146
v -8.553466 0.824357 0.786271
v -8.557719 0.811048 0.748814
v -8.576294 0.824357 0.716010
v -8.556452 0.783520 0.817330
v -8.546748 0.789489 0.853210
v -8.544890 0.783520 0.890333
v -8.549046 0.769778 0.853574
v -8.651150 0.830613 0.560740
v -8.637280 0.824357 0.596320
v -8.652901 0.811048 0.562011
v -8.680702 0.824357 0.536553
v -8.630523 0.783520 0.626782
v -8.610207 0.789489 0.657907
v -8.596968 0.783520 0.692639
v -8.612279 0.769778 0.658963
v -8.799876 0.830613 0.412014
v -8.775688 0.824357 0.441566
v -8.801147 0.811048 0.413764
v -8.835457 0.824357 0.398143
v -8.759850 0.783520 0.468449
v -8.730906 0.789489 0.491772
v -8.707584 0.783520 0.520714
v -8.732552 0.769778 0.493417
v -8.987282 0.830613 0.316525
v -8.955147 0.824357 0.337157
v -8.987951 0.811048 0.318583
v -9.025408 0.824357 0.314328
v -8.931776 0.783520 0.357830
v -8.897044 0.789489 0.371068
v -8.865919 0.783520 0.391386
v -8.898100 0.769778 0.373142
v -9.195024 0.830613 0.283623
v -9.158085 0.824357 0.293314
v -9.195024 0.811048 0.285786
v -9.231962 0.824357 0.293314
v -9.129470 0.783520 0.305753
v -9.092348 0.789489 0.307611
v -9.056468 0.783520 0.317316
v -9.092711 0.769778 0.309908
v -9.402764 0.830613 0.316525
v -9.364639 0.824357 0.314328
v -9.402096 0.811048 0.318583
v -9.434900 0.824357 0.337157
v -9.333580 0.783520 0.317316
v -9.297701 0.789489 0.307610
v -9.260577 0.783520 0.305753
v -9.297337 0.769778 0.309908
v -9.590171 0.830613 0.412013
v -9.554590 0.824357 0.398143
v -9.588900 0.811048 0.413764
v -9.614359 0.824357 0.441566
v -9.524129 0.783520 0.391386
v -9.493005 0.789489 0.371068
v -9.458272 0.783520 0.357830
v -9.491948 0.769778 0.373142
v -9.738897 0.830613 0.560740
v -9.709345 0.824357 0.536553
v -9.737146 0.811048 0.562011
v -9.752767 0.824357 0.596320
v -9.682463 0.783520 0.520713
v -9.659141 0.789489 0.491772
v -9.630198 0.783520 0.468449
v -9.657495 0.769778 0.493417
v -9.834386 0.830613 0.748146
v -9.813753 0.824357 0.716010
v -9.832328 0.811048 0.748814
v -9.836582 0.824358 0.786271
v -9.793079 0.783520 0.692639
v -9.779841 0.789489 0.657907
v -9.759524 0.783520 0.626782
v -9.777768 0.769778 0.658963
v -9.867288 0.830613 0.955887
v -9.857596 0.824357 0.918948
v -9.865124 0.811048 0.955887
v -9.857596 0.824357 0.992825
v -9.845158 0.783520 0.890333
v -9.843300 0.789489 0.853210
v -9.833595 0.783520 0.817330
v -9.841002 0.769778 0.853574
v -9.834386 0.830613 1.163628
v -9.836582 0.824357 1.125503
v -9.832328 0.811048 1.162959
v -9.813753 0.824357 1.195764
v -9.833595 0.783520 1.094443
v -9.843300 0.789489 1.058564
v -9.845158 0.783520 1.021441
v -9.841002 0.769778 1.058200
v -9.738897 0.830613 1.351034
v -9.752769 0.824357 1.315454
v -9.737146 0.811048 1.349762
v -9.709343 0.824357 1.375221
v -9.759524 0.783520 1.284991
v -9.779841 0.789489 1.253866
v -9.793081 0.783520 1.219135
v -9.777769 0.769778 1.252810
v -9.590171 0.830613 1.499760
v -9.614357 0.824357 1.470207
v -9.588900 0.811048 1.498010
v -9.554590 0.824357 1.513631
v -9.630197 0.783520 1.443324
v -9.659138 0.789489 1.420002
v -9.682461 0.783520 1.391060
v -9.657493 0.769778 1.418356
v -9.402764 0.830613 1.595248
v -9.434900 0.824357 1.574616
v -9.402096 0.811048 1.593191
v -9.364639 0.824357 1.597446
v -9.458272 0.783520 1.553943
v -9.493004 0.789489 1.540705
v -9.524129 0.783520 1.520388
v -9.491948 0.769778 1.538633
v -9.260577 0.783520 1.606021
v -9.297701 0.789489 1.604163
v -9.333580 0.783520 1.594458
v -9.297337 0.769778 1.601865
v -8.983183 0.909409 1.607866
v -9.021912 0.902704 1.610668
v -8.983711 0.890428 1.606238
v -8.950203 0.902704 1.587368
v -9.053288 0.864184 1.609113
v -9.090069 0.870687 1.618548
v -9.127966 0.864184 1.620940
v -9.090370 0.851369 1.616649
v -9.232723 0.902704 1.632115
v -9.195024 0.890428 1.639707
v -9.157324 0.902704 1.632115
v -9.195024 0.909409 1.641418
v -8.792078 0.909409 1.510494
v -8.828045 0.902704 1.525126
v -8.793084 0.890428 1.509109
v -8.767046 0.902704 1.480808
v -8.858365 0.864184 1.533343
v -8.890431 0.870687 1.553681
v -8.925734 0.864184 1.567669
v -8.891304 0.851369 1.551969
v -8.640417 0.909409 1.358832
v -8.670102 0.902704 1.383863
v -8.641801 0.890428 1.357826
v -8.625784 0.902704 1.322864
v -8.696400 0.864184 1.401047
v -8.720610 0.870687 1.430300
v -8.749863 0.864184 1.454511
v -8.721970 0.851369 1.428940
v -8.543044 0.909409 1.167728
v -8.563542 0.902704 1.200708
v -8.544671 0.890428 1.167199
v -8.540243 0.902704 1.128998
v -8.583241 0.864184 1.225176
v -8.597228 0.870687 1.260478
v -8.617568 0.864184 1.292544
v -8.598942 0.851369 1.259606
v -8.509492 0.909410 0.955887
v -8.518796 0.902704 0.993587
v -8.511204 0.890428 0.955887
v -8.518796 0.902704 0.918187
v -8.529970 0.864184 1.022945
v -8.532364 0.870687 1.060842
v -8.541798 0.864184 1.097624
v -8.534263 0.851369 1.060541
v -8.543044 0.909410 0.744046
v -8.540243 0.902704 0.782776
v -8.544671 0.890428 0.744575
v -8.563542 0.902704 0.711066
v -8.541798 0.864184 0.814150
v -8.532364 0.870687 0.850931
v -8.529970 0.864184 0.888829
v -8.534263 0.851369 0.851233
v -8.640417 0.909409 0.552942
v -8.625785 0.902704 0.588909
v -8.641801 0.890428 0.553948
v -8.670102 0.902704 0.527910
v -8.617568 0.864184 0.619229
v -8.597230 0.870687 0.651295
v -8.583242 0.864184 0.686597
v -8.598943 0.851369 0.652168
v -8.792078 0.909409 0.401280
v -8.767046 0.902704 0.430966
v -8.793084 0.890428 0.402665
v -8.828045 0.902704 0.386648
v -8.749862 0.864184 0.457263
v -8.720608 0.870687 0.481474
v -8.696398 0.864184 0.510726
v -8.721968 0.851369 0.482834
v -8.983183 0.909409 0.303907
v -8.950203 0.902704 0.324405
v -8.983711 0.890428 0.305535
v -9.021912 0.902704 0.301106
v -8.925735 0.864184 0.344105
v -8.890432 0.870687 0.358092
v -8.858366 0.864184 0.378431
v -8.891304 0.851369 0.359805
v -9.195024 0.909410 0.270355
v -9.157324 0.902704 0.279659
v -9.195024 0.890428 0.272067
v -9.232723 0.902704 0.279659
v -9.127966 0.864184 0.290833
v -9.090069 0.870687 0.293226
v -9.053288 0.864184 0.302661
v -9.090370 0.851369 0.295125
v -9.406864 0.909409 0.303907
v -9.368135 0.902704 0.301106
v -9.406336 0.890428 0.305535
v -9.439844 0.902704 0.324405
v -9.336760 0.864184 0.302661
v -9.299979 0.870687 0.293226
v -9.262082 0.864184 0.290833
v -9.299678 0.851369 0.295125
v -9.597969 0.909409 0.401280
v -9.562001 0.902704 0.386647
v -9.596963 0.890428 0.402665
v -9.623001 0.902704 0.430966
v -9.531681 0.864184 0.378431
v -9.499616 0.870687 0.358092
v -9.464314 0.864184 0.344105
v -9.498743 0.851369 0.359805
v -9.749630 0.909409 0.552942
v -9.719945 0.902704 0.527910
v -9.748245 0.890428 0.553947
v -9.764262 0.902704 0.588909
v -9.693648 0.864184 0.510726
v -9.669438 0.870687 0.481474
v -9.640184 0.864184 0.457262
v -9.668078 0.851369 0.482834
v -9.847003 0.909409 0.744046
v -9.826505 0.902704 0.711066
v -9.845376 0.890428 0.744575
v -9.849805 0.902704 0.782775
v -9.806805 0.864184 0.686597
v -9.792817 0.870687 0.651295
v -9.772479 0.864184 0.619229
v -9.791104 0.851369 0.652168
v -9.880555 0.909409 0.955887
v -9.871250 0.902704 0.918187
v -9.878843 0.890428 0.955887
v -9.871250 0.902704 0.993587
v -9.860076 0.864184 0.888829
v -9.857683 0.870687 0.850931
v -9.848249 0.864184 0.814150
v -9.855784 0.851369 0.851232
v -9.847003 0.909409 1.167728
v -9.849805 0.902704 1.128998
v -9.845376 0.890428 1.167199
v -9.826506 0.902704 1.200708
v -9.848249 0.864184 1.097624
v -9.857684 0.870687 1.060842
v -9.860078 0.864184 1.022945
v -9.855785 0.851369 1.060541
v -9.749630 0.909409 1.358832
v -9.764263 0.902704 1.322864
v -9.748245 0.890428 1.357826
v -9.719945 0.902704 1.383863
v -9.772479 0.864184 1.292544
v -9.792818 0.870687 1.260478
v -9.806807 0.864184 1.225176
v -9.791105 0.851369 1.259606
v -9.597969 0.909409 1.510494
v -9.623001 0.902704 1.480808
v -9.596963 0.890428 1.509109
v -9.562000 0.902704 1.525126
v -9.640183 0.864184 1.454511
v -9.669436 0.870687 1.430300
v -9.693647 0.864184 1.401047
v -9.668076 0.851369 1.428940
v -9.406864 0.909409 1.607866
v -9.439844 0.902704 1.587368
v -9.406336 0.890428 1.606238
v -9.368135 0.902704 1.610668
v -9.464314 0.864184 1.567669
v -9.499616 0.870687 1.553681
v -9.531681 0.864184 1.533343
v -9.498743 0.851369 1.551969
v -9.262082 0.864184 1.620940
v -9.299979 0.870687 1.618548
v -9.336760 0.864184 1.609113
v -9.299678 0.851369 1.616649
v -8.980094 0.981745 1.617371
v -9.019201 0.974798 1.620919
v -8.980469 0.963675 1.616217
v -8.946370 0.974798 1.597254
v -9.050714 0.939651 1.620975
v -9.088267 0.946505 1.629931
v -9.126748 0.939651 1.633017
v -9.088493 0.927943 1.628502
v -9.233313 0.974798 1.642702
v -9.195024 0.963675 1.650200
v -9.156734 0.974798 1.642702
v -9.195024 0.981745 1.651412
v -8.786203 0.981745 1.518579
v -8.822300 0.974798 1.534039
v -8.786916 0.963675 1.517597
v -8.760345 0.974798 1.489026
v -8.852254 0.939651 1.543828
v -8.885201 0.946505 1.563951
v -8.920846 0.939651 1.578777
v -8.885858 0.927943 1.562661
v -8.632332 0.981745 1.364707
v -8.661883 0.974798 1.390564
v -8.633312 0.963675 1.363993
v -8.616871 0.974798 1.328610
v -8.687346 0.939651 1.409131
v -8.712461 0.946505 1.438449
v -8.741779 0.939651 1.463565
v -8.713484 0.927943 1.437426
v -8.533539 0.981745 1.170816
v -8.553656 0.974798 1.204540
v -8.534693 0.963675 1.170441
v -8.529990 0.974798 1.131709
v -8.572132 0.939651 1.230066
v -8.586960 0.946505 1.265711
v -8.607082 0.939651 1.298657
v -8.588248 0.927943 1.265054
v -8.499497 0.981745 0.955887
v -8.508208 0.974798 0.994177
v -8.500710 0.963675 0.955887
v -8.508208 0.974798 0.917597
v -8.517895 0.939651 1.024163
v -8.520981 0.946505 1.062645
v -8.529936 0.939651 1.100197
v -8.522409 0.927943 1.062418
v -8.533539 0.981745 0.740957
v -8.529990 0.974798 0.780065
v -8.534693 0.963675 0.741332
v -8.553656 0.974798 0.707233
v -8.529936 0.939651 0.811577
v -8.520981 0.946505 0.849129
v -8.517895 0.939651 0.887610
v -8.522409 0.927943 0.849355
v -8.632332 0.981745 0.547067
v -8.616873 0.974798 0.583164
v -8.633312 0.963675 0.547780
v -8.661883 0.974798 0.521210
v -8.607082 0.939651 0.613116
v -8.586961 0.946505 0.646063
v -8.572133 0.939651 0.681708
v -8.588249 0.927943 0.646720
v -8.786203 0.981745 0.393195
v -8.760345 0.974798 0.422748
v -8.786916 0.963675 0.394176
v -8.822300 0.974798 0.377735
v -8.741778 0.939651 0.448209
v -8.712460 0.946505 0.473325
v -8.687344 0.939651 0.502643
v -8.713482 0.927943 0.474348
v -8.980094 0.981745 0.294403
v -8.946370 0.974798 0.314519
v -8.980469 0.963675 0.295556
v -9.019201 0.974798 0.290854
v -8.920846 0.939651 0.332996
v -8.885201 0.946505 0.347822
v -8.852254 0.939651 0.367945
v -8.885858 0.927943 0.349112
v -9.195024 0.981745 0.260361
v -9.156734 0.974798 0.269071
v -9.195024 0.963675 0.261574
v -9.233313 0.974798 0.269071
v -9.126748 0.939651 0.278757
v -9.088267 0.946505 0.281842
v -9.050714 0.939651 0.290799
v -9.088493 0.927943 0.283271
v -9.409953 0.981745 0.294402
v -9.370846 0.974798 0.290854
v -9.409577 0.963675 0.295556
v -9.443677 0.974798 0.314519
v -9.339335 0.939651 0.290799
v -9.301784 0.946505 0.281842
v -9.263301 0.939651 0.278757
v -9.301558 0.927943 0.283271
v -9.603844 0.981745 0.393194
v -9.567747 0.974798 0.377735
v -9.603130 0.963675 0.394176
v -9.629702 0.974798 0.422748
v -9.537794 0.939651 0.367945
v -9.504848 0.946505 0.347822
v -9.469204 0.939651 0.332996
v -9.504191 0.927943 0.349112
v -9.757715 0.981745 0.547067
v -9.728163 0.974798 0.521210
v -9.756734 0.963675 0.547780
v -9.773176 0.974798 0.583164
v -9.702703 0.939651 0.502643
v -9.677588 0.946505 0.473324
v -9.648269 0.939651 0.448209
v -9.676564 0.927943 0.474347
v -9.856508 0.981745 0.740957
v -9.836392 0.974798 0.707233
v -9.855354 0.963675 0.741332
v -9.860056 0.974798 0.780065
v -9.817915 0.939651 0.681708
v -9.803087 0.946505 0.646063
v -9.782965 0.939651 0.613116
v -9.801799 0.927943 0.646720
v -9.890550 0.981745 0.955887
v -9.881839 0.974798 0.917597
v -9.889336 0.963675 0.955887
v -9.881839 0.974798 0.994176
v -9.872153 0.939651 0.887610
v -9.869067 0.946505 0.849129
v -9.860111 0.939651 0.811577
v -9.867639 0.927943 0.849355
v -9.856508 0.981745 1.170816
v -9.860056 0.974798 1.131709
v -9.855354 0.963675 1.170441
v -9.836392 0.974798 1.204540
v -9.860111 0.939651 1.100197
v -9.869067 0.946505 1.062645
v -9.872153 0.939651 1.024163
v -9.867639 0.927943 1.062418
v -9.757715 0.981745 1.364707
v -9.773176 0.974798 1.328610
v -9.756734 0.963675 1.363993
v -9.728163 0.974798 1.390564
v -9.782968 0.939651 1.298657
v -9.803090 0.946505 1.265710
v -9.817916 0.939651 1.230066
v -9.801802 0.927943 1.265054
v -9.603844 0.981745 1.518579
v -9.629702 0.974798 1.489026
v -9.603130 0.963675 1.517598
v -9.567747 0.974798 1.534039
v -9.648269 0.939651 1.463565
v -9.677588 0.946505 1.438449
v -9.702703 0.939651 1.409131
v -9.676564 0.927943 1.437426
v -9.409953 0.981745 1.617371
v -9.443677 0.974798 1.597254
v -9.409577 0.963675 1.616217
v -9.370846 0.974798 1.620919
v -9.469204 0.939651 1.578777
v -9.504848 0.946505 1.563950
v -9.537794 0.939651 1.543828
v -9.504191 0.927943 1.562661
v -9.263301 0.939651 1.633017
v -9.301784 0.946505 1.629931
v -9.339335 0.939651 1.620975
v -9.301558 0.927943 1.628502
v -9.048815 1.007954 1.629726
v -9.086987 1.014936 1.638016
v -9.125851 1.007954 1.641927
v -9.087135 0.997413 1.637076
v -8.847742 1.007954 1.551565
v -8.881482 1.014936 1.571244
v -8.917234 1.007954 1.586974
v -8.881914 0.997413 1.570397
v -8.680664 1.007954 1.415094
v -8.706672 1.014936 1.444238
v -8.735815 1.007954 1.470246
v -8.707345 0.997413 1.443565
v -8.563935 1.007954 1.233674
v -8.579665 1.014936 1.269428
v -8.599345 1.007954 1.303168
v -8.580513 0.997413 1.268996
v -8.508982 1.007954 1.025061
v -8.512894 1.014936 1.063926
v -8.521184 1.007954 1.102096
v -8.513834 0.997413 1.063776
v -8.521184 1.007954 0.809677
v -8.512894 1.014936 0.847848
v -8.508982 1.007954 0.886713
v -8.513834 0.997413 0.847997
v -8.599345 1.007954 0.608606
v -8.579665 1.014936 0.642346
v -8.563935 1.007954 0.678100
v -8.580513 0.997413 0.642779
v -8.735815 1.007954 0.441528
v -8.706673 1.014936 0.467536
v -8.680664 1.007954 0.496679
v -8.707346 0.997413 0.468209
v -8.917234 1.007954 0.324799
v -8.881482 1.014936 0.340529
v -8.847742 1.007954 0.360209
v -8.881914 0.997413 0.341377
v -9.125851 1.007954 0.269846
v -9.086987 1.014936 0.273757
v -9.048815 1.007954 0.282047
v -9.087135 0.997413 0.274697
v -9.341231 1.007954 0.282047
v -9.303061 1.014936 0.273757
v -9.264196 1.007954 0.269846
v -9.302912 0.997413 0.274697
v -9.542305 1.007954 0.360208
v -9.508565 1.014937 0.340529
v -9.472811 1.007954 0.324799
v -9.508132 0.997413 0.341377
v -9.709384 1.007954 0.496678
v -9.683376 1.014936 0.467536
v -9.654233 1.007954 0.441528
v -9.682703 0.997413 0.468209
v -9.826113 1.007954 0.678100
v -9.810385 1.014936 0.642346
v -9.790704 1.007954 0.608605
v -9.809536 0.997413 0.642779
v -9.881063 1.007954 0.886712
v -9.877151 1.014936 0.847848
v -9.868863 1.007954 0.809677
v -9.876212 0.997413 0.847997
v -9.868863 1.007954 1.102096
v -9.877151 1.014937 1.063926
v -9.881063 1.007954 1.025061
v -9.876212 0.997413 1.063776
v -9.790701 1.007954 1.303168
v -9.810382 1.014936 1.269428
v -9.826112 1.007954 1.233674
v -9.809533 0.997413 1.268996
v -9.654233 1.007954 1.470246
v -9.683376 1.014936 1.444238
v -9.709384 1.007954 1.415094
v -9.682703 0.997413 1.443565
v -9.472811 1.007954 1.586974
v -9.508563 1.014936 1.571244
v -9.542304 1.007954 1.551565
v -9.508131 0.997413 1.570397
v -9.264196 1.007954 1.641927
v -9.303061 1.014936 1.638016
v -9.341231 1.007954 1.629726
v -9.302912 0.997413 1.637076
v -9.907196 1.168976 0.724488
v -9.800833 1.168976 0.515740
v -9.814542 1.148992 0.505780
v -9.923311 1.148993 0.719252
v -9.635170 1.168976 0.350077
v -9.645131 1.148992 0.336368
v -9.426422 1.168976 0.243715
v -9.431658 1.148992 0.227599
v -9.195024 1.168976 0.207064
v -9.195024 1.148992 0.190120
v -8.963625 1.168976 0.243715
v -8.958387 1.148992 0.227599
v -8.754877 1.168976 0.350078
v -8.744916 1.148992 0.336368
v -8.589214 1.168976 0.515741
v -8.575504 1.148992 0.505780
v -8.482851 1.168976 0.724488
v -8.466735 1.148992 0.719252
v -8.446201 1.168976 0.955887
v -8.429256 1.148992 0.955887
v -8.482851 1.168976 1.187285
v -8.466735 1.148992 1.192522
v -8.589214 1.168976 1.396033
v -8.575504 1.148992 1.405994
v -8.754877 1.168976 1.561697
v -8.744916 1.148992 1.575405
v -8.963625 1.168976 1.668059
v -8.958387 1.148992 1.684175
v -9.195024 1.168976 1.704709
v -9.195024 1.148992 1.721654
v -9.426422 1.168976 1.668059
v -9.431658 1.148992 1.684175
v -9.635170 1.168976 1.561697
v -9.645131 1.148992 1.575405
v -9.800833 1.168976 1.396033
v -9.814542 1.148992 1.405994
v -9.907196 1.168976 1.187285
v -9.923311 1.148992 1.192522
v -9.943845 1.168976 0.955887
v -9.960791 1.148992 0.955887
v -9.923311 1.132772 0.719252
v -9.814542 1.132773 0.505780
v -9.800833 1.127702 0.515741
v -9.907196 1.127702 0.724488
v -9.960791 1.132773 0.955887
v -9.943845 1.127701 0.955887
v -9.923311 1.132773 1.192522
v -9.907196 1.127701 1.187285
v -9.814542 1.132773 1.405994
v -9.800833 1.127701 1.396033
v -9.645131 1.132773 1.575405
v -9.635170 1.127701 1.561697
v -9.431658 1.132773 1.684175
v -9.426422 1.127701 1.668059
v -9.195024 1.132773 1.721654
v -9.195024 1.127701 1.704709
v -8.958387 1.132773 1.684175
v -8.963625 1.127701 1.668059
v -8.744916 1.132773 1.575406
v -8.754877 1.127701 1.561697
v -8.575504 1.132773 1.405994
v -8.589214 1.127701 1.396033
v -8.466735 1.132773 1.192522
v -8.482851 1.127701 1.187285
v -8.429256 1.132773 0.955887
v -8.446201 1.127701 0.955887
v -8.466735 1.132773 0.719252
v -8.482851 1.127701 0.724488
v -8.575504 1.132773 0.505780
v -8.589214 1.127701 0.515741
v -8.744916 1.132773 0.336368
v -8.754877 1.127701 0.350078
v -8.958387 1.132773 0.227599
v -8.963625 1.127701 0.243715
v -9.195024 1.132773 0.190120
v -9.195024 1.127701 0.207064
v -9.431658 1.132773 0.227599
v -9.426422 1.127701 0.243715
v -9.645131 1.132773 0.336368
v -9.635170 1.127701 0.350077
v -9.800833 1.120000 0.515740
v -9.907196 1.119999 0.724488
v -9.943845 1.119999 0.955887
v -9.907196 1.119999 1.187285
v -9.800833 1.119999 1.396033
v -9.635170 1.119999 1.561697
v -9.426422 1.119999 1.668059
v -9.195024 1.119999 1.704709
v -8.963625 1.119999 1.668059
v -8.754877 1.119999 1.561697
v -8.589214 1.119999 1.396033
v -8.482851 1.119999 1.187285
v -8.446201 1.119999 0.955887
v -8.482851 1.119999 0.724488
v -8.589214 1.119999 0.515741
v -8.754877 1.119999 0.350078
v -8.963625 1.119999 0.243715
v -9.195024 1.119999 0.207064
v -9.426422 1.119999 0.243715
v -9.635170 1.119999 0.350078
v -9.658402 0.189410 0.619223
v -9.739758 0.189410 0.778892
v -9.195024 0.163747 0.955887
v -9.531688 0.189410 0.492508
v -9.372019 0.189410 0.411153
v -9.195024 0.189410 0.383120
v -9.018028 0.189410 0.411153
v -8.858359 0.189410 0.492508
v -8.731645 0.189410 0.619223
v -8.650290 0.189410 0.778892
v -8.622256 0.189410 0.955887
v -8.650290 0.189410 1.132882
v -8.731645 0.189410 1.292550
v -8.858359 0.189410 1.419265
v -9.018028 0.189410 1.500620
v -9.195024 0.189410 1.528654
v -9.372019 0.189410 1.500620
v -9.531688 0.189410 1.419265
v -9.658402 0.189410 1.292550
v -9.739758 0.189410 1.132882
v -9.767790 0.189410 0.955887
v -9.744494 0.191092 0.777353
v -9.772773 0.191092 0.955887
v -9.747964 0.194134 0.776225
v -9.749233 0.197971 0.775813
v -9.776420 0.194134 0.955887
v -9.777754 0.197971 0.955887
v -9.662432 0.191092 0.616295
v -9.665381 0.194134 0.614151
v -9.666463 0.197971 0.613366
v -9.534616 0.191092 0.488478
v -9.536759 0.194134 0.485527
v -9.537544 0.197971 0.484448
v -9.373558 0.191092 0.406415
v -9.374685 0.194134 0.402947
v -9.375097 0.197971 0.401677
v -9.195024 0.191092 0.378138
v -9.195024 0.194134 0.374491
v -9.195024 0.197971 0.373156
v -9.016489 0.191092 0.406415
v -9.015362 0.194134 0.402947
v -9.014950 0.197971 0.401677
v -8.855432 0.191092 0.488479
v -8.853288 0.194134 0.485527
v -8.852503 0.197971 0.484448
v -8.727614 0.191092 0.616295
v -8.724665 0.194134 0.614151
v -8.723584 0.197971 0.613367
v -8.645552 0.191092 0.777353
v -8.642082 0.194134 0.776225
v -8.640814 0.197971 0.775813
v -8.617275 0.191092 0.955887
v -8.613627 0.194134 0.955887
v -8.612293 0.197971 0.955887
v -8.645552 0.191092 1.134421
v -8.642082 0.194134 1.135548
v -8.640814 0.197971 1.135961
v -8.727614 0.191092 1.295480
v -8.724665 0.194134 1.297623
v -8.723584 0.197971 1.298407
v -8.855432 0.191092 1.423296
v -8.853288 0.194134 1.426246
v -8.852503 0.197971 1.427326
v -9.016489 0.191092 1.505358
v -9.015362 0.194134 1.508827
v -9.014950 0.197971 1.510097
v -9.195024 0.191092 1.533636
v -9.195024 0.194134 1.537283
v -9.195024 0.197971 1.538617
v -9.373558 0.191092 1.505358
v -9.374685 0.194134 1.508827
v -9.375097 0.197971 1.510097
v -9.534616 0.191092 1.423296
v -9.536759 0.194134 1.426246
v -9.537544 0.197971 1.427326
v -9.662432 0.191092 1.295479
v -9.665381 0.194134 1.297623
v -9.666463 0.197971 1.298407
v -9.744494 0.191092 1.134421
v -9.747964 0.194134 1.135548
v -9.749233 0.197971 1.135961
v -9.749233 0.200138 0.775813
v -9.666462 0.200138 0.613366
v -9.777754 0.200138 0.955887
v -9.749233 0.200138 1.135961
v -9.666462 0.200138 1.298407
v -9.537544 0.200138 1.427326
v -9.375097 0.200138 1.510097
v -9.195024 0.200138 1.538617
v -9.014950 0.200138 1.510097
v -8.852503 0.200138 1.427326
v -8.723584 0.200138 1.298407
v -8.640814 0.200138 1.135961
v -8.612293 0.200138 0.955887
v -8.640814 0.200138 0.775813
v -8.723584 0.200138 0.613367
v -8.852503 0.200138 0.484448
v -9.014950 0.200138 0.401677
v -9.195024 0.200138 0.373156
v -9.375097 0.200138 0.401677
v -9.537544 0.200138 0.484448
v -9.678342 0.212862 0.604735
v -9.763200 0.212862 0.771275
v -9.792439 0.212862 0.955887
v -9.763200 0.212862 1.140498
v -9.678342 0.212862 1.307038
v -9.546175 0.212862 1.439205
v -9.379635 0.212862 1.524062
v -9.195024 0.212862 1.553302
v -9.010412 0.212862 1.524062
v -8.843871 0.212862 1.439205
v -8.711704 0.212862 1.307039
v -8.626847 0.212862 1.140498
v -8.597609 0.212862 0.955887
v -8.626847 0.212862 0.771275
v -8.711704 0.212862 0.604735
v -8.843871 0.212862 0.472568
v -9.010412 0.212862 0.387711
v -9.195024 0.212862 0.358472
v -9.379635 0.212862 0.387711
v -9.546175 0.212862 0.472568
v -9.679352 0.237910 0.604001
v -9.764386 0.237910 0.770890
v -9.793687 0.237910 0.955887
v -9.764386 0.237910 1.140884
v -9.679352 0.237910 1.307773
v -9.546908 0.237910 1.440216
v -9.380021 0.237910 1.525250
v -9.195024 0.237910 1.554550
v -9.010026 0.237910 1.525250
v -8.843138 0.237910 1.440216
v -8.710695 0.237910 1.307773
v -8.625660 0.237910 1.140884
v -8.596360 0.237910 0.955887
v -8.625660 0.237910 0.770890
v -8.710695 0.237910 0.604001
v -8.843138 0.237910 0.471558
v -9.010026 0.237910 0.386523
v -9.195024 0.237910 0.357223
v -9.380021 0.237910 0.386523
v -9.546908 0.237910 0.471558
v -9.752467 0.259970 0.774762
v -9.669213 0.259970 0.611368
v -9.539542 0.259970 0.481697
v -9.376148 0.259970 0.398443
v -9.195024 0.259970 0.369756
v -9.013899 0.259970 0.398443
v -8.850504 0.259970 0.481697
v -8.720833 0.259970 0.611368
v -8.637579 0.259970 0.774762
v -8.608892 0.259970 0.955887
v -8.637579 0.259970 1.137011
v -8.720833 0.259970 1.300406
v -8.850504 0.259970 1.430076
v -9.013899 0.259970 1.513331
v -9.195024 0.259970 1.542017
v -9.376148 0.259970 1.513331
v -9.539542 0.259970 1.430076
v -9.669213 0.259970 1.300406
v -9.752467 0.259970 1.137011
v -9.781155 0.259970 0.955887
v -9.907196 1.117502 0.724488
v -9.906782 1.099872 0.724622
v -9.917311 1.081368 0.799165
v -9.924462 1.088486 0.840355
v -9.853063 1.088486 0.620600
v -9.871488 1.081368 0.658127
v -9.852355 1.069890 0.620961
v -9.884707 1.051565 0.688502
v -9.904634 1.058602 0.725320
v -9.833532 1.081368 0.583637
v -9.800833 1.117503 0.515740
v -9.800482 1.099872 0.515996
v -9.798654 1.058602 0.517323
v -9.816728 1.051565 0.555087
v -9.797801 1.039185 0.517943
v -9.829246 1.019377 0.586136
v -9.849188 1.026963 0.622575
v -9.768324 1.051565 0.488465
v -9.746366 1.081368 0.463662
v -9.716685 1.069890 0.434228
v -9.714170 1.026963 0.436742
v -9.742663 1.019377 0.466967
v -9.717247 1.088486 0.433666
v -9.910151 1.051565 0.766820
v -9.903632 1.039185 0.725646
v -9.912461 1.019377 0.800218
v -9.920165 1.026963 0.841035
v -9.923676 1.069890 0.840479
v -9.866945 1.019377 0.660126
v -9.687249 1.081368 0.404546
v -9.635170 1.117503 0.350077
v -9.634914 1.099872 0.350428
v -9.633587 1.058601 0.352255
v -9.662446 1.051565 0.382586
v -9.632967 1.039185 0.353109
v -9.683945 1.019377 0.408248
v -9.595824 1.051565 0.334183
v -9.567273 1.081368 0.317380
v -9.529949 1.069890 0.298558
v -9.528336 1.026963 0.301726
v -9.564775 1.019377 0.321667
v -9.530310 1.088487 0.297849
v -9.492783 1.081368 0.279425
v -9.426422 1.117503 0.243715
v -9.426289 1.099873 0.244128
v -9.425591 1.058602 0.246276
v -9.462408 1.051565 0.266204
v -9.425264 1.039185 0.247279
v -9.490785 1.019377 0.283967
v -9.384090 1.051565 0.240757
v -9.351743 1.081368 0.233599
v -9.310430 1.069890 0.227233
v -9.309874 1.026963 0.230744
v -9.350691 1.019377 0.238449
v -9.310555 1.088486 0.226446
v -9.269170 1.081368 0.220521
v -9.195024 1.117503 0.207064
v -9.195024 1.099872 0.207499
v -9.195024 1.058602 0.209758
v -9.236197 1.051565 0.217333
v -9.195024 1.039185 0.210812
v -9.268673 1.019377 0.225458
v -9.153850 1.051565 0.217333
v -9.120876 1.081368 0.220521
v -9.079618 1.069890 0.227233
v -9.080173 1.026963 0.230744
v -9.121374 1.019377 0.225458
v -9.079493 1.088486 0.226446
v -9.038303 1.081368 0.233599
v -8.963625 1.117503 0.243715
v -8.963758 1.099872 0.244128
v -8.964457 1.058602 0.246276
v -9.005957 1.051565 0.240757
v -8.964783 1.039185 0.247279
v -9.039356 1.019377 0.238449
v -8.927639 1.051565 0.266205
v -8.897263 1.081368 0.279425
v -8.860097 1.069890 0.298558
v -8.861711 1.026963 0.301726
v -8.899261 1.019377 0.283967
v -8.859735 1.088486 0.297849
v -8.822772 1.081368 0.317380
v -8.754877 1.117503 0.350078
v -8.755132 1.099872 0.350429
v -8.756459 1.058602 0.352256
v -8.794223 1.051565 0.334183
v -8.757079 1.039185 0.353109
v -8.825272 1.019377 0.321667
v -8.727602 1.051565 0.382586
v -8.702799 1.081368 0.404546
v -8.673366 1.069890 0.434228
v -8.675879 1.026963 0.436742
v -8.706104 1.019377 0.408248
v -8.672802 1.088486 0.433665
v -8.643682 1.081368 0.463662
v -8.589214 1.117503 0.515741
v -8.589565 1.099872 0.515996
v -8.591393 1.058602 0.517323
v -8.621723 1.051565 0.488465
v -8.592245 1.039185 0.517943
v -8.647385 1.019377 0.466967
v -8.573318 1.051565 0.555087
v -8.556517 1.081368 0.583637
v -8.537695 1.069890 0.620961
v -8.540863 1.026963 0.622576
v -8.560804 1.019377 0.586136
v -8.536985 1.088486 0.620600
v -8.518560 1.081368 0.658127
v -8.482851 1.117503 0.724488
v -8.483264 1.099872 0.724622
v -8.485413 1.058602 0.725320
v -8.505341 1.051565 0.688502
v -8.486415 1.039185 0.725646
v -8.523102 1.019377 0.660126
v -8.479894 1.051565 0.766820
v -8.472735 1.081368 0.799165
v -8.466369 1.069890 0.840479
v -8.469880 1.026963 0.841035
v -8.477585 1.019377 0.800218
v -8.465583 1.088486 0.840355
v -8.459657 1.081368 0.881739
v -8.446201 1.117503 0.955887
v -8.446636 1.099872 0.955887
v -8.448895 1.058602 0.955887
v -8.456470 1.051565 0.914712
v -8.449949 1.039185 0.955887
v -8.464594 1.019377 0.882237
v -8.456470 1.051565 0.997061
v -8.459657 1.081368 1.030035
v -8.466369 1.069890 1.071294
v -8.469880 1.026963 1.070739
v -8.464594 1.019377 1.029537
v -8.465583 1.088486 1.071419
v -8.472735 1.081368 1.112609
v -8.482851 1.117503 1.187285
v -8.483264 1.099872 1.187151
v -8.485413 1.058602 1.186454
v -8.479894 1.051565 1.144953
v -8.486415 1.039185 1.186128
v -8.477585 1.019377 1.111556
v -8.505341 1.051565 1.223272
v -8.518560 1.081368 1.253646
v -8.537695 1.069890 1.290813
v -8.540863 1.026963 1.289199
v -8.523102 1.019377 1.251648
v -8.536985 1.088486 1.291174
v -8.556517 1.081368 1.328137
v -8.589214 1.117503 1.396033
v -8.589565 1.099872 1.395778
v -8.591393 1.058602 1.394450
v -8.573318 1.051565 1.356686
v -8.592245 1.039185 1.393831
v -8.560804 1.019377 1.325638
v -8.621722 1.051565 1.423309
v -8.643682 1.081368 1.448112
v -8.673364 1.069890 1.477546
v -8.675878 1.026963 1.475032
v -8.647385 1.019377 1.444807
v -8.672801 1.088486 1.478108
v -8.702799 1.081368 1.507228
v -8.754877 1.117503 1.561697
v -8.755132 1.099872 1.561345
v -8.756459 1.058602 1.559518
v -8.727601 1.051565 1.529187
v -8.757079 1.039185 1.558664
v -8.706103 1.019377 1.503525
v -8.794223 1.051565 1.577591
v -8.822772 1.081368 1.594393
v -8.860097 1.069890 1.613215
v -8.861711 1.026963 1.610047
v -8.825272 1.019377 1.590107
v -8.859735 1.088486 1.613924
v -8.897263 1.081368 1.632349
v -8.963625 1.117503 1.668059
v -8.963758 1.099872 1.667646
v -8.964457 1.058602 1.665497
v -8.927639 1.051565 1.645569
v -8.964783 1.039185 1.664495
v -8.899261 1.019377 1.627807
v -9.005957 1.051565 1.671016
v -9.038303 1.081368 1.678175
v -9.079618 1.069890 1.684540
v -9.080173 1.026963 1.681029
v -9.039356 1.019377 1.673325
v -9.079493 1.088486 1.685327
v -9.120876 1.081368 1.691253
v -9.195024 1.117503 1.704709
v -9.195024 1.099872 1.704274
v -9.195024 1.058602 1.702016
v -9.153850 1.051565 1.694440
v -9.195024 1.039185 1.700962
v -9.236197 1.051565 1.694440
v -9.309874 1.026963 1.681029
v -9.268673 1.019377 1.686316
v -9.121374 1.019377 1.686316
v -9.269170 1.081368 1.691253
v -9.310430 1.069890 1.684540
v -9.310555 1.088486 1.685327
v -9.351743 1.081368 1.678175
v -9.426422 1.117503 1.668059
v -9.426289 1.099872 1.667646
v -9.425591 1.058602 1.665497
v -9.384090 1.051565 1.671016
v -9.425264 1.039185 1.664495
v -9.350691 1.019377 1.673325
v -9.462408 1.051565 1.645569
v -9.492783 1.081368 1.632349
v -9.529949 1.069890 1.613215
v -9.528335 1.026963 1.610047
v -9.490784 1.019377 1.627807
v -9.530310 1.088486 1.613924
v -9.567273 1.081368 1.594393
v -9.635170 1.117503 1.561697
v -9.634914 1.099872 1.561345
v -9.633587 1.058602 1.559518
v -9.595824 1.051565 1.577591
v -9.632967 1.039185 1.558664
v -9.564774 1.019377 1.590107
v -9.662446 1.051565 1.529187
v -9.687249 1.081368 1.507228
v -9.716684 1.069890 1.477546
v -9.714170 1.026963 1.475032
v -9.683945 1.019377 1.503526
v -9.717247 1.088486 1.478108
v -9.746366 1.081368 1.448112
v -9.800833 1.117503 1.396033
v -9.800482 1.099872 1.395778
v -9.798654 1.058602 1.394450
v -9.768324 1.051565 1.423309
v -9.797801 1.039185 1.393831
v -9.742663 1.019377 1.444806
v -9.816727 1.051565 1.356686
v -9.833529 1.081368 1.328137
v -9.852350 1.069890 1.290813
v -9.849184 1.026963 1.289199
v -9.829243 1.019377 1.325638
v -9.853060 1.088486 1.291174
v -9.871485 1.081368 1.253646
v -9.907196 1.117503 1.187285
v -9.906782 1.099873 1.187151
v -9.904634 1.058602 1.186454
v -9.884706 1.051565 1.223272
v -9.903632 1.039185 1.186128
v -9.866944 1.019377 1.251648
v -9.910151 1.051565 1.144953
v -9.917311 1.081368 1.112609
v -9.923676 1.069890 1.071294
v -9.920165 1.026963 1.070738
v -9.912461 1.019377 1.111556
v -9.924462 1.088487 1.071419
v -9.930388 1.081368 1.030035
v -9.943845 1.117503 0.955887
v -9.943411 1.099872 0.955887
v -9.941153 1.058601 0.955887
v -9.933577 1.051565 0.997061
v -9.940098 1.039185 0.955887
v -9.925451 1.019377 1.029537
v -9.933577 1.051565 0.914712
v -9.930388 1.081368 0.881739
v -9.925451 1.019377 0.882237
v -9.007957 0.346376 1.531618
v -8.979075 0.339342 1.512896
v -8.921658 0.361353 1.492395
v -8.952363 0.373343 1.507170
v -9.042327 0.339342 1.533448
v -9.067305 0.373343 1.544517
v -9.100829 0.361353 1.550610
v -9.008715 0.327471 1.529286
v -9.102505 0.315137 1.540038
v -9.070032 0.307850 1.531940
v -8.957547 0.307850 1.495392
v -8.926517 0.315137 1.482858
v -9.102861 0.296574 1.537786
v -9.012205 0.266353 1.518545
v -9.011642 0.283757 1.520273
v -9.135888 0.307850 1.542370
v -9.161770 0.339342 1.552365
v -9.195024 0.327471 1.558795
v -9.195024 0.283757 1.549318
v -9.195024 0.266353 1.547501
v -9.254161 0.307850 1.542370
v -9.287189 0.296574 1.537786
v -9.228278 0.339342 1.552365
v -9.195024 0.346376 1.561247
v -9.255452 0.373343 1.555175
v -9.289221 0.361353 1.550610
v -9.287546 0.315137 1.540038
v -9.134598 0.373346 1.555175
v -8.927553 0.296574 1.480826
v -8.839201 0.346376 1.445633
v -8.817519 0.339342 1.418903
v -8.769247 0.361353 1.381662
v -8.793884 0.373343 1.405203
v -8.871325 0.339342 1.457994
v -8.891656 0.373343 1.476239
v -8.840643 0.327471 1.443649
v -8.898138 0.307850 1.465122
v -8.802454 0.307850 1.395602
v -8.776815 0.315137 1.374094
v -8.847281 0.266353 1.434513
v -8.846213 0.283757 1.435983
v -8.778429 0.296574 1.372480
v -8.705276 0.346376 1.311709
v -8.692916 0.339342 1.279585
v -8.658516 0.361353 1.229252
v -8.674671 0.373343 1.259253
v -8.732008 0.339342 1.333391
v -8.745707 0.373343 1.357026
v -8.707260 0.327471 1.310267
v -8.755307 0.307850 1.348456
v -8.685789 0.307850 1.252771
v -8.668053 0.315137 1.224392
v -8.716398 0.266353 1.303629
v -8.714928 0.283757 1.304696
v -8.670084 0.296574 1.223356
v -8.619291 0.346376 1.142954
v -8.617463 0.339342 1.108583
v -8.600303 0.361353 1.050082
v -8.606395 0.373343 1.083607
v -8.638015 0.339342 1.171835
v -8.643739 0.373343 1.198547
v -8.621624 0.327471 1.142196
v -8.655518 0.307850 1.193362
v -8.618971 0.307850 1.080878
v -8.610874 0.315137 1.048407
v -8.632364 0.266353 1.138706
v -8.630636 0.283757 1.139267
v -8.613126 0.296574 1.048050
v -8.589664 0.346376 0.955887
v -8.598546 0.339342 0.922633
v -8.600303 0.361353 0.861692
v -8.595737 0.373343 0.895460
v -8.598546 0.339342 0.989141
v -8.595737 0.373343 1.016314
v -8.592115 0.327471 0.955887
v -8.608541 0.307850 1.015023
v -8.608541 0.307850 0.896751
v -8.610874 0.315137 0.863366
v -8.603409 0.266353 0.955887
v -8.601593 0.283757 0.955887
v -8.613126 0.296574 0.863723
v -8.619291 0.346376 0.768820
v -8.638015 0.339342 0.739938
v -8.658517 0.361353 0.682523
v -8.643740 0.373343 0.713227
v -8.617463 0.339342 0.803191
v -8.606395 0.373343 0.828167
v -8.621624 0.327471 0.769578
v -8.618971 0.307850 0.830895
v -8.655519 0.307850 0.718412
v -8.668054 0.315137 0.687382
v -8.632364 0.266353 0.773068
v -8.630636 0.283757 0.772506
v -8.670086 0.296574 0.688418
v -8.705276 0.346376 0.600065
v -8.732009 0.339342 0.578383
v -8.769250 0.361353 0.530112
v -8.745708 0.373343 0.554748
v -8.692917 0.339342 0.632188
v -8.674671 0.373343 0.652521
v -8.707260 0.327471 0.601507
v -8.685789 0.307850 0.659003
v -8.755307 0.307850 0.563319
v -8.776817 0.315137 0.537680
v -8.716398 0.266353 0.608145
v -8.714928 0.283757 0.607077
v -8.778430 0.296574 0.539293
v -8.839201 0.346376 0.466141
v -8.871325 0.339342 0.453779
v -8.921660 0.361353 0.419379
v -8.891658 0.373343 0.435534
v -8.817520 0.339342 0.492871
v -8.793886 0.373343 0.506571
v -8.840643 0.327471 0.468124
v -8.802454 0.307850 0.516171
v -8.898139 0.307850 0.446653
v -8.926520 0.315137 0.428916
v -8.847281 0.266353 0.477261
v -8.846213 0.283757 0.475791
v -8.927555 0.296574 0.430948
v -9.007957 0.346376 0.380155
v -9.042327 0.339342 0.378326
v -9.100829 0.361353 0.361163
v -9.067305 0.373346 0.367257
v -8.979075 0.339342 0.398878
v -8.952365 0.373343 0.404603
v -9.008715 0.327471 0.382488
v -8.957550 0.307850 0.416382
v -9.070032 0.307850 0.379833
v -9.102505 0.315137 0.371735
v -9.012205 0.266353 0.393229
v -9.011642 0.283757 0.391500
v -9.102861 0.296574 0.373988
v -9.195024 0.346376 0.350527
v -9.228278 0.339342 0.359408
v -9.289221 0.361353 0.361164
v -9.255452 0.373343 0.356598
v -9.161770 0.339342 0.359408
v -9.134598 0.373346 0.356598
v -9.195024 0.327471 0.352979
v -9.135888 0.307850 0.369403
v -9.254161 0.307850 0.369403
v -9.287546 0.315137 0.371735
v -9.195024 0.266353 0.364273
v -9.195024 0.283757 0.362456
v -9.287189 0.296574 0.373988
v -9.382090 0.346376 0.380155
v -9.410972 0.339342 0.398878
v -9.468388 0.361353 0.419379
v -9.437684 0.373342 0.404603
v -9.347719 0.339342 0.378326
v -9.322746 0.373343 0.367257
v -9.381332 0.327471 0.382488
v -9.320017 0.307850 0.379833
v -9.432499 0.307850 0.416382
v -9.463529 0.315137 0.428916
v -9.377842 0.266353 0.393229
v -9.378403 0.283757 0.391500
v -9.462494 0.296574 0.430948
v -9.550846 0.346376 0.466140
v -9.572528 0.339342 0.492871
v -9.620800 0.361353 0.530112
v -9.596164 0.373343 0.506570
v -9.518723 0.339342 0.453779
v -9.498390 0.373343 0.435534
v -9.549404 0.327471 0.468124
v -9.491908 0.307850 0.446652
v -9.587593 0.307850 0.516171
v -9.613232 0.315137 0.537680
v -9.542766 0.266353 0.477261
v -9.543834 0.283757 0.475791
v -9.611619 0.296574 0.539294
v -9.684770 0.346376 0.600065
v -9.697131 0.339342 0.632188
v -9.731531 0.361353 0.682522
v -9.715375 0.373342 0.652521
v -9.658039 0.339342 0.578383
v -9.644341 0.373342 0.554748
v -9.682786 0.327471 0.601507
v -9.634740 0.307850 0.563319
v -9.704258 0.307850 0.659002
v -9.721994 0.315137 0.687382
v -9.673649 0.266353 0.608145
v -9.675119 0.283757 0.607077
v -9.719962 0.296574 0.688418
v -9.770755 0.346376 0.768820
v -9.772585 0.339342 0.803190
v -9.789746 0.361354 0.861692
v -9.783652 0.373342 0.828167
v -9.752032 0.339342 0.739938
v -9.746308 0.373342 0.713227
v -9.768423 0.327471 0.769578
v -9.734529 0.307850 0.718412
v -9.771076 0.307850 0.830895
v -9.779175 0.315137 0.863366
v -9.757682 0.266353 0.773068
v -9.759410 0.283757 0.772506
v -9.776922 0.296574 0.863723
v -9.800384 0.346376 0.955887
v -9.791502 0.339342 0.989141
v -9.789746 0.361353 1.050082
v -9.794311 0.373343 1.016314
v -9.791502 0.339342 0.922633
v -9.794312 0.373343 0.895460
v -9.797931 0.327471 0.955887
v -9.781507 0.307850 0.896751
v -9.781507 0.307850 1.015023
v -9.779175 0.315137 1.048407
v -9.786637 0.266353 0.955887
v -9.788454 0.283757 0.955887
v -9.776920 0.296574 1.048050
v -9.770755 0.346376 1.142954
v -9.752032 0.339342 1.171835
v -9.731531 0.361353 1.229251
v -9.746308 0.373343 1.198547
v -9.772584 0.339342 1.108583
v -9.783652 0.373343 1.083607
v -9.768423 0.327471 1.142196
v -9.771076 0.307850 1.080878
v -9.734529 0.307850 1.193362
v -9.721994 0.315137 1.224392
v -9.757682 0.266353 1.138706
v -9.759410 0.283757 1.139267
v -9.719962 0.296574 1.223356
v -9.684770 0.346376 1.311709
v -9.658039 0.339342 1.333391
v -9.620801 0.361353 1.381662
v -9.644341 0.373343 1.357026
v -9.697131 0.339342 1.279585
v -9.715375 0.373343 1.259253
v -9.682786 0.327471 1.310267
v -9.704258 0.307850 1.252771
v -9.634742 0.307850 1.348456
v -9.613233 0.315137 1.374094
v -9.673649 0.266353 1.303629
v -9.675119 0.283757 1.304696
v -9.611620 0.296574 1.372480
v -9.550846 0.346376 1.445633
v -9.518723 0.339342 1.457994
v -9.468388 0.361353 1.492395
v -9.498390 0.373343 1.476239
v -9.572528 0.339342 1.418903
v -9.596165 0.373343 1.405203
v -9.549404 0.327471 1.443649
v -9.587594 0.307850 1.395602
v -9.491908 0.307850 1.465122
v -9.463529 0.315137 1.482858
v -9.542766 0.266353 1.434513
v -9.543834 0.283757 1.435983
v -9.462494 0.296574 1.480826
v -9.382090 0.346376 1.531618
v -9.347719 0.339342 1.533448
v -9.322746 0.373343 1.544517
v -9.410972 0.339342 1.512896
v -9.437684 0.373343 1.507170
v -9.381332 0.327471 1.529286
v -9.432499 0.307850 1.495392
v -9.320017 0.307850 1.531940
v -9.377842 0.266353 1.518545
v -9.378403 0.283757 1.520273
v -9.003060 0.416574 1.546689
v -8.973660 0.408681 1.526864
v -8.914245 0.433336 1.506947
v -8.945642 0.446270 1.522440
v -9.038500 0.408681 1.547931
v -9.063766 0.446270 1.560821
v -9.098276 0.433336 1.566742
v -9.004064 0.395915 1.543598
v -9.100341 0.381718 1.553700
v -8.920238 0.381718 1.495182
v -9.160936 0.408681 1.567323
v -9.195024 0.395915 1.573843
v -9.229111 0.408681 1.567323
v -9.195024 0.416574 1.577092
v -9.257125 0.446270 1.571774
v -9.291774 0.433336 1.566742
v -9.289710 0.381718 1.553700
v -9.132924 0.446270 1.571774
v -8.829888 0.416574 1.458452
v -8.808052 0.408681 1.430514
v -8.757698 0.433336 1.393211
v -8.782774 0.446270 1.417649
v -8.863208 0.408681 1.470586
v -8.883255 0.446270 1.490652
v -8.831797 0.395915 1.455824
v -8.767035 0.381718 1.383874
v -8.692457 0.416574 1.321023
v -8.680325 0.408681 1.287703
v -8.643963 0.433336 1.236666
v -8.660258 0.446270 1.267656
v -8.720397 0.408681 1.342858
v -8.733262 0.446270 1.368137
v -8.695086 0.395915 1.319112
v -8.655727 0.381718 1.230672
v -8.604221 0.416574 1.147850
v -8.602980 0.408681 1.112412
v -8.584169 0.433336 1.052637
v -8.590089 0.446270 1.087145
v -8.624046 0.408681 1.177250
v -8.628469 0.446270 1.205268
v -8.607311 0.395915 1.146846
v -8.597212 0.381718 1.050571
v -8.573818 0.416574 0.955887
v -8.583588 0.408681 0.921799
v -8.584169 0.433336 0.859137
v -8.579137 0.446270 0.893786
v -8.583588 0.408681 0.989974
v -8.579137 0.446270 1.017988
v -8.577066 0.395915 0.955887
v -8.597212 0.381718 0.861202
v -8.604221 0.416574 0.763924
v -8.624046 0.408681 0.734524
v -8.643965 0.433336 0.675108
v -8.628470 0.446270 0.706505
v -8.602980 0.408681 0.799362
v -8.590089 0.446270 0.824629
v -8.607311 0.395915 0.764927
v -8.655729 0.381718 0.681102
v -8.692457 0.416574 0.590751
v -8.720397 0.408681 0.568916
v -8.757697 0.433336 0.518564
v -8.733261 0.446270 0.543637
v -8.680326 0.408681 0.624071
v -8.660258 0.446270 0.644118
v -8.695086 0.395915 0.592661
v -8.767038 0.381718 0.527899
v -8.829888 0.416574 0.453321
v -8.863208 0.408681 0.441188
v -8.914245 0.433336 0.404827
v -8.883255 0.446270 0.421122
v -8.808053 0.408681 0.481260
v -8.782772 0.446270 0.494125
v -8.831797 0.395915 0.455950
v -8.920240 0.381718 0.416592
v -9.003060 0.416574 0.365085
v -9.038500 0.408681 0.363842
v -9.098276 0.433336 0.345032
v -9.063766 0.446270 0.350953
v -8.973660 0.408681 0.384910
v -8.945642 0.446270 0.389333
v -9.004064 0.395915 0.368175
v -9.100341 0.381718 0.358073
v -9.195024 0.416574 0.334681
v -9.229111 0.408681 0.344450
v -9.291774 0.433336 0.345032
v -9.257125 0.446270 0.339999
v -9.160936 0.408681 0.344450
v -9.132924 0.446270 0.339999
v -9.195024 0.395915 0.337930
v -9.289710 0.381718 0.358073
v -9.386987 0.416574 0.365085
v -9.416387 0.408681 0.384910
v -9.475802 0.433336 0.404827
v -9.444405 0.446270 0.389333
v -9.351549 0.408681 0.363842
v -9.326281 0.446270 0.350953
v -9.385983 0.395915 0.368175
v -9.469809 0.381718 0.416592
v -9.560159 0.416574 0.453321
v -9.581995 0.408681 0.481260
v -9.632346 0.433336 0.518563
v -9.607273 0.446270 0.494125
v -9.526840 0.408681 0.441188
v -9.506791 0.446270 0.421121
v -9.558249 0.395915 0.455950
v -9.623013 0.381718 0.527900
v -9.697590 0.416574 0.590751
v -9.709722 0.408681 0.624071
v -9.746082 0.433336 0.675108
v -9.729789 0.446270 0.644118
v -9.669650 0.408681 0.568916
v -9.656785 0.446270 0.543637
v -9.694961 0.395915 0.592661
v -9.734319 0.381718 0.681102
v -9.785826 0.416574 0.763924
v -9.787068 0.408681 0.799362
v -9.805879 0.433336 0.859137
v -9.799957 0.446270 0.824629
v -9.766001 0.408681 0.734524
v -9.761576 0.446270 0.706505
v -9.782735 0.395915 0.764927
v -9.792837 0.381718 0.861202
v -9.816229 0.416574 0.955887
v -9.806459 0.408681 0.989974
v -9.805877 0.433336 1.052637
v -9.810910 0.446270 1.017988
v -9.806459 0.408681 0.921799
v -9.810911 0.446270 0.893786
v -9.812980 0.395915 0.955887
v -9.792836 0.381718 1.050571
v -9.785826 0.416574 1.147850
v -9.766001 0.408681 1.177250
v -9.746084 0.433336 1.236666
v -9.761578 0.446270 1.205268
v -9.787067 0.408681 1.112412
v -9.799957 0.446270 1.087145
v -9.782735 0.395915 1.146846
v -9.734319 0.381718 1.230672
v -9.697590 0.416574 1.321023
v -9.669650 0.408681 1.342858
v -9.632349 0.433336 1.393211
v -9.656786 0.446270 1.368137
v -9.709723 0.408681 1.287702
v -9.729789 0.446270 1.267656
v -9.694961 0.395915 1.319112
v -9.623014 0.381718 1.383874
v -9.560159 0.416574 1.458452
v -9.526840 0.408681 1.470586
v -9.475802 0.433336 1.506947
v -9.506791 0.446270 1.490652
v -9.581995 0.408681 1.430514
v -9.607275 0.446270 1.417649
v -9.558249 0.395915 1.455824
v -9.469809 0.381718 1.495182
v -9.386987 0.416574 1.546689
v -9.351549 0.408681 1.547931
v -9.326281 0.446270 1.560821
v -9.416387 0.408681 1.526864
v -9.444405 0.446270 1.522440
v -9.385983 0.395915 1.543598
v -8.997259 0.493833 1.564542
v -8.967069 0.485101 1.543867
v -8.905747 0.511830 1.523622
v -8.937840 0.525955 1.540163
v -9.033838 0.485101 1.565561
v -9.059660 0.525955 1.579744
v -9.095346 0.511830 1.585226
v -8.998475 0.471446 1.560801
v -9.097654 0.455612 1.570666
v -8.912441 0.455612 1.510487
v -9.159921 0.485101 1.585531
v -9.195024 0.471446 1.591931
v -9.230125 0.485101 1.585531
v -9.195024 0.493833 1.595865
v -9.259068 0.525955 1.591040
v -9.294702 0.511830 1.585226
v -9.292395 0.455612 1.570666
v -9.130980 0.525955 1.591040
v -8.818853 0.493833 1.473640
v -8.796528 0.485101 1.444647
v -8.744466 0.511830 1.406444
v -8.769877 0.525955 1.432093
v -8.853326 0.485101 1.485913
v -8.873501 0.525955 1.507381
v -8.821166 0.471446 1.470457
v -8.754889 0.455612 1.396021
v -8.677270 0.493833 1.332056
v -8.664997 0.485101 1.297584
v -8.627288 0.511830 1.245163
v -8.643530 0.525955 1.277408
v -8.706263 0.485101 1.354381
v -8.718818 0.525955 1.381033
v -8.680453 0.471446 1.329744
v -8.640423 0.455612 1.238470
v -8.586367 0.493833 1.153651
v -8.585349 0.485101 1.117073
v -8.565685 0.511830 1.055564
v -8.571166 0.525955 1.091251
v -8.607043 0.485101 1.183842
v -8.610746 0.525955 1.213069
v -8.590109 0.471446 1.152436
v -8.580245 0.455612 1.053259
v -8.555045 0.493833 0.955887
v -8.565379 0.485101 0.920784
v -8.565685 0.511830 0.856209
v -8.559872 0.525955 0.891843
v -8.565379 0.485101 0.990989
v -8.559872 0.525955 1.019931
v -8.558980 0.471446 0.955887
v -8.580245 0.455612 0.858516
v -8.586367 0.493833 0.758123
v -8.607043 0.485101 0.727931
v -8.627289 0.511830 0.666611
v -8.610748 0.525955 0.698705
v -8.585349 0.485101 0.794700
v -8.571166 0.525955 0.820523
v -8.590109 0.471446 0.759338
v -8.640424 0.455612 0.673304
v -8.677270 0.493833 0.579717
v -8.706263 0.485101 0.557392
v -8.744464 0.511830 0.505330
v -8.718817 0.525955 0.530740
v -8.664998 0.485101 0.614190
v -8.643530 0.525955 0.634365
v -8.680453 0.471446 0.582030
v -8.754889 0.455612 0.515753
v -8.818853 0.493833 0.438133
v -8.853326 0.485101 0.425861
v -8.905748 0.511830 0.388152
v -8.873503 0.525955 0.404393
v -8.796528 0.485101 0.467127
v -8.769876 0.525955 0.479681
v -8.821166 0.471446 0.441317
v -8.912441 0.455612 0.401286
v -8.997259 0.493833 0.347231
v -9.033838 0.485101 0.346212
v -9.095346 0.511830 0.326548
v -9.059660 0.525955 0.332029
v -8.967069 0.485101 0.367907
v -8.937841 0.525955 0.371610
v -8.998475 0.471446 0.350973
v -9.097654 0.455612 0.341108
v -9.195024 0.493833 0.315908
v -9.230125 0.485101 0.326242
v -9.294702 0.511830 0.326548
v -9.259068 0.525955 0.320734
v -9.159921 0.485101 0.326242
v -9.130980 0.525955 0.320734
v -9.195024 0.471446 0.319843
v -9.292395 0.455612 0.341108
v -9.392788 0.493833 0.347231
v -9.422978 0.485101 0.367907
v -9.484298 0.511830 0.388152
v -9.452204 0.525955 0.371610
v -9.356210 0.485101 0.346212
v -9.330387 0.525955 0.332029
v -9.391572 0.471446 0.350973
v -9.477606 0.455612 0.401286
v -9.571194 0.493833 0.438133
v -9.593518 0.485101 0.467127
v -9.645582 0.511830 0.505330
v -9.620171 0.525955 0.479681
v -9.536720 0.485101 0.425861
v -9.516544 0.525955 0.404393
v -9.568881 0.471446 0.441316
v -9.635157 0.455612 0.515753
v -9.712777 0.493833 0.579717
v -9.725048 0.485101 0.614190
v -9.762758 0.511830 0.666611
v -9.746516 0.525955 0.634365
v -9.683784 0.485101 0.557392
v -9.671230 0.525955 0.530740
v -9.709594 0.471446 0.582030
v -9.749623 0.455612 0.673304
v -9.803679 0.493833 0.758123
v -9.804699 0.485101 0.794700
v -9.824363 0.511830 0.856209
v -9.818881 0.525955 0.820523
v -9.783003 0.485101 0.727931
v -9.779299 0.525955 0.698705
v -9.799937 0.471446 0.759338
v -9.809802 0.455612 0.858516
v -9.835001 0.493833 0.955887
v -9.824668 0.485101 0.990989
v -9.824363 0.511830 1.055564
v -9.830176 0.525955 1.019931
v -9.824668 0.485101 0.920784
v -9.830176 0.525955 0.891843
v -9.831067 0.471446 0.955887
v -9.809802 0.455612 1.053259
v -9.803679 0.493833 1.153651
v -9.783003 0.485101 1.183842
v -9.762758 0.511830 1.245163
v -9.779299 0.525955 1.213069
v -9.804699 0.485101 1.117073
v -9.818881 0.525955 1.091251
v -9.799937 0.471446 1.152436
v -9.749623 0.455612 1.238470
v -9.712776 0.493833 1.332056
v -9.683784 0.485101 1.354381
v -9.645582 0.511830 1.406444
v -9.671230 0.525955 1.381033
v -9.725048 0.485101 1.297584
v -9.746516 0.525955 1.277408
v -9.709594 0.471446 1.329744
v -9.635159 0.455612 1.396021
v -9.571194 0.493833 1.473640
v -9.536720 0.485101 1.485913
v -9.484300 0.511830 1.523622
v -9.516545 0.525955 1.507381
v -9.593518 0.485101 1.444647
v -9.620171 0.525955 1.432093
v -9.568881 0.471446 1.470457
v -9.477606 0.455612 1.510487
v -9.392788 0.493833 1.564542
v -9.356210 0.485101 1.565561
v -9.330387 0.525955 1.579744
v -9.422978 0.485101 1.543867
v -9.452207 0.525955 1.540163
v -9.391572 0.471446 1.560801
v -8.990971 0.576707 1.583898
v -8.959743 0.567607 1.562762
v -8.896761 0.595318 1.541259
v -8.929533 0.610779 1.559035
v -9.028656 0.567607 1.585154
v -9.055288 0.610779 1.599895
v -9.092250 0.595318 1.604778
v -8.992337 0.552887 1.579689
v -9.094618 0.535907 1.589826
v -8.903633 0.535907 1.527772
v -9.158792 0.567607 1.605765
v -9.195024 0.552887 1.611792
v -9.231254 0.567607 1.605765
v -9.195024 0.576707 1.616217
v -9.261136 0.610779 1.611557
v -9.297797 0.595318 1.604778
v -9.295430 0.535907 1.589826
v -9.128912 0.610779 1.611557
v -8.806891 0.576707 1.490105
v -8.783722 0.567607 1.460354
v -8.730469 0.595318 1.420441
v -8.756145 0.610779 1.447475
v -8.842345 0.567607 1.502945
v -8.863115 0.610779 1.525194
v -8.809492 0.552887 1.486525
v -8.741173 0.535907 1.409737
v -8.660805 0.576707 1.344019
v -8.647964 0.567607 1.308564
v -8.609651 0.595318 1.254149
v -8.625715 0.610779 1.287794
v -8.690557 0.567607 1.367187
v -8.703436 0.610779 1.394766
v -8.664385 0.552887 1.341418
v -8.623138 0.535907 1.247277
v -8.567013 0.576707 1.159940
v -8.565758 0.567607 1.122253
v -8.546134 0.595318 1.058661
v -8.551015 0.610779 1.095624
v -8.588149 0.567607 1.191168
v -8.591873 0.610779 1.221376
v -8.571220 0.552887 1.158572
v -8.561085 0.535907 1.056293
v -8.534694 0.576707 0.955887
v -8.545146 0.567607 0.919657
v -8.546134 0.595318 0.853113
v -8.539354 0.610779 0.889775
v -8.545146 0.567607 0.992118
v -8.539354 0.610779 1.021999
v -8.539119 0.552887 0.955887
v -8.561085 0.535907 0.855480
v -8.567013 0.576707 0.751834
v -8.588149 0.567607 0.720606
v -8.609652 0.595318 0.657625
v -8.591875 0.610779 0.690398
v -8.565758 0.567607 0.789521
v -8.551015 0.610779 0.816150
v -8.571220 0.552887 0.753201
v -8.623139 0.535907 0.664497
v -8.660805 0.576707 0.567755
v -8.690557 0.567607 0.544587
v -8.730467 0.595318 0.491333
v -8.703434 0.610779 0.517008
v -8.647966 0.567607 0.603209
v -8.625715 0.610779 0.623980
v -8.664385 0.552887 0.570356
v -8.741171 0.535907 0.502036
v -8.806891 0.576707 0.421669
v -8.842345 0.567607 0.408829
v -8.896761 0.595318 0.370514
v -8.863116 0.610779 0.386579
v -8.783722 0.567607 0.451420
v -8.756144 0.610779 0.464299
v -8.809492 0.552887 0.425249
v -8.903634 0.535907 0.384001
v -8.990971 0.576707 0.327876
v -9.028656 0.567607 0.326620
v -9.092250 0.595318 0.306996
v -9.055288 0.610779 0.311878
v -8.959743 0.567607 0.349012
v -8.929534 0.610779 0.352737
v -8.992337 0.552887 0.332084
v -9.094618 0.535907 0.321947
v -9.195024 0.576707 0.295557
v -9.231254 0.567607 0.306009
v -9.297797 0.595318 0.306996
v -9.261136 0.610779 0.300217
v -9.158792 0.567607 0.306009
v -9.128912 0.610779 0.300217
v -9.195024 0.552887 0.299982
v -9.295430 0.535907 0.321947
v -9.399076 0.576707 0.327876
v -9.430305 0.567607 0.349012
v -9.493283 0.595318 0.370514
v -9.460511 0.610779 0.352737
v -9.361389 0.567607 0.326620
v -9.334760 0.610779 0.311878
v -9.397709 0.552887 0.332084
v -9.486412 0.535907 0.384001
v -9.583156 0.576707 0.421668
v -9.606324 0.567607 0.451420
v -9.659580 0.595318 0.491332
v -9.633904 0.610779 0.464298
v -9.547700 0.567607 0.408829
v -9.526930 0.610779 0.386579
v -9.580555 0.552886 0.425249
v -9.648875 0.535907 0.502036
v -9.729241 0.576707 0.567755
v -9.742081 0.567606 0.603209
v -9.780395 0.595318 0.657625
v -9.764331 0.610779 0.623980
v -9.699491 0.567606 0.544587
v -9.686613 0.610779 0.517008
v -9.725662 0.552886 0.570356
v -9.766907 0.535907 0.664497
v -9.823034 0.576707 0.751834
v -9.824291 0.567606 0.789521
v -9.843914 0.595318 0.853113
v -9.839032 0.610779 0.816150
v -9.801898 0.567606 0.720606
v -9.798172 0.610779 0.690398
v -9.818826 0.552886 0.753201
v -9.828963 0.535907 0.855480
v -9.855353 0.576707 0.955887
v -9.844901 0.567607 0.992118
v -9.843914 0.595318 1.058661
v -9.850693 0.610779 1.021999
v -9.844901 0.567607 0.919657
v -9.850693 0.610779 0.889775
v -9.850928 0.552886 0.955887
v -9.828963 0.535907 1.056293
v -9.823034 0.576707 1.159940
v -9.801898 0.567607 1.191168
v -9.780395 0.595318 1.254149
v -9.798172 0.610779 1.221376
v -9.824291 0.567607 1.122253
v -9.839032 0.610779 1.095624
v -9.818826 0.552887 1.158572
v -9.766907 0.535907 1.247277
v -9.729241 0.576707 1.344019
v -9.699491 0.567607 1.367187
v -9.659577 0.595318 1.420441
v -9.686611 0.610779 1.394766
v -9.742081 0.567607 1.308564
v -9.764331 0.610779 1.287794
v -9.725662 0.552887 1.341418
v -9.648875 0.535907 1.409737
v -9.583156 0.576707 1.490105
v -9.547701 0.567607 1.502945
v -9.493286 0.595318 1.541259
v -9.526931 0.610779 1.525194
v -9.606324 0.567607 1.460354
v -9.633902 0.610779 1.447475
v -9.580555 0.552887 1.486525
v -9.486414 0.535907 1.527772
v -9.399076 0.576707 1.583898
v -9.361389 0.567607 1.585154
v -9.334760 0.610779 1.599895
v -9.430305 0.567607 1.562762
v -9.460514 0.610779 1.559035
v -9.397709 0.552887 1.579689
v -8.984651 0.663346 1.603348
v -8.952232 0.654182 1.582135
v -8.887819 0.681860 1.558808
v -8.921360 0.698296 1.577603
v -9.023346 0.654182 1.605242
v -9.050987 0.698296 1.619721
v -9.089170 0.681860 1.624230
v -8.986104 0.638273 1.598875
v -9.091462 0.620736 1.609756
v -8.894472 0.620736 1.545751
v -9.157637 0.654182 1.626511
v -9.195024 0.638273 1.631965
v -9.232410 0.654182 1.626511
v -9.195024 0.663346 1.636668
v -9.263170 0.698296 1.631741
v -9.300879 0.681860 1.624230
v -9.298586 0.620736 1.609756
v -9.126878 0.698296 1.631741
v -8.794870 0.663346 1.506650
v -8.770592 0.654182 1.476458
v -8.716542 0.681860 1.434367
v -8.742634 0.698296 1.462608
v -8.831087 0.654182 1.520409
v -8.852899 0.698296 1.542719
v -8.797635 0.638273 1.502846
v -8.726904 0.620736 1.424006
v -8.644260 0.663346 1.356040
v -8.630501 0.654182 1.319823
v -8.592102 0.681860 1.263090
v -8.608191 0.698296 1.298011
v -8.674452 0.654182 1.380317
v -8.688303 0.698296 1.408276
v -8.648065 0.638273 1.353276
v -8.605159 0.620736 1.256438
v -8.547562 0.663346 1.166260
v -8.545670 0.654182 1.127564
v -8.526682 0.681860 1.061742
v -8.531190 0.698296 1.099925
v -8.568775 0.654182 1.198679
v -8.573306 0.698296 1.229549
v -8.552034 0.638273 1.164806
v -8.541155 0.620736 1.059450
v -8.514242 0.663346 0.955887
v -8.524399 0.654182 0.918500
v -8.526682 0.681860 0.850032
v -8.519171 0.698296 0.887740
v -8.524399 0.654182 0.993274
v -8.519171 0.698296 1.024035
v -8.518946 0.638273 0.955887
v -8.541155 0.620736 0.852325
v -8.547562 0.663346 0.745514
v -8.568775 0.654182 0.713095
v -8.592104 0.681860 0.648684
v -8.573308 0.698296 0.682225
v -8.545670 0.654182 0.784210
v -8.531190 0.698296 0.811849
v -8.552034 0.638273 0.746968
v -8.605161 0.620736 0.655336
v -8.644260 0.663346 0.555734
v -8.674452 0.654182 0.531457
v -8.716540 0.681860 0.477406
v -8.688301 0.698296 0.503498
v -8.630502 0.654182 0.591951
v -8.608191 0.698296 0.613763
v -8.648065 0.638273 0.558498
v -8.726902 0.620736 0.487769
v -8.794870 0.663346 0.405123
v -8.831087 0.654182 0.391365
v -8.887820 0.681860 0.352966
v -8.852900 0.698296 0.369054
v -8.770592 0.654182 0.435316
v -8.742633 0.698296 0.449166
v -8.797635 0.638273 0.408929
v -8.894473 0.620736 0.366023
v -8.984651 0.663346 0.308426
v -9.023346 0.654182 0.306532
v -9.089170 0.681860 0.287544
v -9.050987 0.698296 0.292053
v -8.952232 0.654182 0.329639
v -8.921361 0.698296 0.334171
v -8.986104 0.638273 0.312899
v -9.091462 0.620736 0.302018
v -9.195024 0.663346 0.275106
v -9.232410 0.654182 0.285262
v -9.300879 0.681860 0.287544
v -9.263170 0.698296 0.280033
v -9.157637 0.654182 0.285262
v -9.126878 0.698296 0.280033
v -9.195024 0.638273 0.279809
v -9.298586 0.620736 0.302018
v -9.405396 0.663346 0.308426
v -9.437815 0.654182 0.329639
v -9.502226 0.681860 0.352966
v -9.468685 0.698296 0.334171
v -9.366701 0.654182 0.306532
v -9.339062 0.698296 0.292053
v -9.403942 0.638273 0.312899
v -9.495573 0.620736 0.366023
v -9.595177 0.663346 0.405123
v -9.619453 0.654182 0.435316
v -9.673507 0.681860 0.477406
v -9.647414 0.698296 0.449166
v -9.558960 0.654182 0.391365
v -9.537147 0.698296 0.369053
v -9.592412 0.638273 0.408929
v -9.663144 0.620736 0.487768
v -9.745787 0.663346 0.555734
v -9.759544 0.654182 0.591950
v -9.797943 0.681860 0.648684
v -9.781856 0.698296 0.613763
v -9.715594 0.654182 0.531457
v -9.701746 0.698296 0.503498
v -9.741982 0.638273 0.558498
v -9.784886 0.620736 0.655336
v -9.842484 0.663346 0.745514
v -9.844379 0.654182 0.784210
v -9.863366 0.681860 0.850032
v -9.858857 0.698296 0.811849
v -9.821272 0.654182 0.713095
v -9.816739 0.698296 0.682225
v -9.838012 0.638273 0.746968
v -9.848892 0.620736 0.852324
v -9.875805 0.663346 0.955887
v -9.865647 0.654182 0.993274
v -9.863366 0.681860 1.061742
v -9.870877 0.698296 1.024035
v -9.865647 0.654182 0.918500
v -9.870877 0.698296 0.887740
v -9.871101 0.638273 0.955887
v -9.848892 0.620736 1.059450
v -9.842484 0.663346 1.166260
v -9.821272 0.654182 1.198679
v -9.797944 0.681860 1.263090
v -9.816741 0.698296 1.229549
v -9.844379 0.654182 1.127563
v -9.858857 0.698296 1.099925
v -9.838012 0.638273 1.164806
v -9.784886 0.620736 1.256438
v -9.745787 0.663346 1.356040
v -9.715593 0.654182 1.380317
v -9.673504 0.681860 1.434367
v -9.701744 0.698296 1.408276
v -9.759544 0.654182 1.319823
v -9.781856 0.698296 1.298011
v -9.741982 0.638273 1.353276
v -9.663142 0.620736 1.424006
v -9.595177 0.663346 1.506650
v -9.558960 0.654182 1.520409
v -9.502228 0.681860 1.558808
v -9.537148 0.698296 1.542719
v -9.619453 0.654182 1.476458
v -9.647412 0.698296 1.462608
v -9.592412 0.638273 1.502846
v -9.495575 0.620736 1.545751
v -9.405396 0.663346 1.603348
v -9.366701 0.654182 1.605242
v -9.339062 0.698296 1.619721
v -9.437815 0.654182 1.582135
v -9.468686 0.698296 1.577603
v -9.403942 0.638273 1.598875
v -8.978731 0.750869 1.621565
v -8.945119 0.742040 1.600481
v -8.879501 0.768890 1.575133
v -8.913902 0.785611 1.594545
v -9.018317 0.742040 1.624265
v -9.047061 0.785611 1.637810
v -9.086304 0.768891 1.642326
v -8.980130 0.725415 1.617258
v -9.088385 0.708095 1.629186
v -8.885541 0.708095 1.563279
v -9.156542 0.742040 1.646158
v -9.195024 0.725415 1.651294
v -9.233505 0.742040 1.646158
v -9.195024 0.750869 1.655822
v -9.265028 0.785611 1.650157
v -9.303745 0.768891 1.642327
v -9.301664 0.708095 1.629186
v -9.125020 0.785611 1.650157
v -8.783611 0.750869 1.522146
v -8.758159 0.742040 1.491708
v -8.703587 0.768891 1.447323
v -8.730306 0.785611 1.476416
v -8.820426 0.742040 1.536947
v -8.843575 0.785611 1.558711
v -8.786273 0.725415 1.518483
v -8.712994 0.708095 1.437916
v -8.628763 0.750869 1.367299
v -8.613962 0.742040 1.330485
v -8.575777 0.768890 1.271408
v -8.592199 0.785611 1.307334
v -8.659202 0.742040 1.392751
v -8.674494 0.785611 1.420604
v -8.632427 0.725415 1.364637
v -8.587631 0.708095 1.265369
v -8.529345 0.750869 1.172179
v -8.526646 0.742040 1.132593
v -8.508586 0.768891 1.064608
v -8.513100 0.785611 1.103851
v -8.550429 0.742040 1.205791
v -8.556364 0.785611 1.237006
v -8.533651 0.725415 1.170780
v -8.521726 0.708095 1.062527
v -8.495089 0.750869 0.955887
v -8.504753 0.742040 0.917404
v -8.508586 0.768891 0.847166
v -8.500753 0.785611 0.885883
v -8.504753 0.742040 0.994369
v -8.500753 0.785611 1.025891
v -8.499617 0.725415 0.955887
v -8.521726 0.708095 0.849247
v -8.529345 0.750869 0.739595
v -8.550429 0.742040 0.705982
v -8.575779 0.768891 0.640365
v -8.556365 0.785611 0.674767
v -8.526646 0.742040 0.779180
v -8.513100 0.785611 0.807923
v -8.533651 0.725415 0.740994
v -8.587633 0.708095 0.646405
v -8.628763 0.750869 0.544475
v -8.659202 0.742040 0.519023
v -8.703585 0.768891 0.464451
v -8.674492 0.785611 0.491169
v -8.613964 0.742040 0.581289
v -8.592199 0.785611 0.604439
v -8.632427 0.725415 0.547137
v -8.712992 0.708095 0.473858
v -8.783611 0.750869 0.389627
v -8.820426 0.742040 0.374827
v -8.879502 0.768890 0.336641
v -8.843576 0.785611 0.353062
v -8.758159 0.742040 0.420065
v -8.730305 0.785611 0.435358
v -8.786273 0.725415 0.393291
v -8.885542 0.708095 0.348495
v -8.978731 0.750869 0.290208
v -9.018317 0.742040 0.287509
v -9.086304 0.768891 0.269447
v -9.047061 0.785611 0.273963
v -8.945119 0.742040 0.311292
v -8.913904 0.785611 0.317228
v -8.980130 0.725415 0.294515
v -9.088385 0.708095 0.282588
v -9.195024 0.750869 0.255952
v -9.233505 0.742040 0.265616
v -9.303745 0.768891 0.269447
v -9.265028 0.785611 0.261616
v -9.156542 0.742040 0.265616
v -9.125020 0.785611 0.261616
v -9.195024 0.725415 0.260479
v -9.301664 0.708095 0.282588
v -9.411315 0.750869 0.290208
v -9.444927 0.742040 0.311292
v -9.510546 0.768890 0.336641
v -9.476145 0.785611 0.317228
v -9.371730 0.742040 0.287509
v -9.342987 0.785611 0.273963
v -9.409916 0.725415 0.294515
v -9.504504 0.708095 0.348495
v -9.606436 0.750869 0.389627
v -9.631888 0.742040 0.420065
v -9.686462 0.768890 0.464450
v -9.659742 0.785611 0.435358
v -9.569621 0.742040 0.374827
v -9.546472 0.785611 0.353062
v -9.603774 0.725415 0.393290
v -9.677054 0.708095 0.473858
v -9.761283 0.750869 0.544475
v -9.776082 0.742040 0.581289
v -9.814268 0.768890 0.640365
v -9.797848 0.785611 0.604439
v -9.730845 0.742040 0.519023
v -9.715554 0.785611 0.491169
v -9.757620 0.725415 0.547137
v -9.802414 0.708095 0.646405
v -9.860703 0.750869 0.739594
v -9.863401 0.742040 0.779180
v -9.881462 0.768890 0.847166
v -9.876947 0.785611 0.807923
v -9.839617 0.742040 0.705982
v -9.833681 0.785611 0.674767
v -9.856396 0.725415 0.740994
v -9.868323 0.708095 0.849247
v -9.894958 0.750869 0.955887
v -9.885293 0.742040 0.994369
v -9.881462 0.768890 1.064608
v -9.889295 0.785611 1.025891
v -9.885293 0.742040 0.917404
v -9.889295 0.785611 0.885883
v -9.890430 0.725415 0.955887
v -9.868323 0.708095 1.062527
v -9.860703 0.750869 1.172179
v -9.839617 0.742040 1.205791
v -9.814270 0.768891 1.271408
v -9.833682 0.785611 1.237006
v -9.863401 0.742040 1.132593
v -9.876947 0.785611 1.103850
v -9.856396 0.725415 1.170780
v -9.802415 0.708095 1.265369
v -9.761283 0.750869 1.367299
v -9.730844 0.742040 1.392751
v -9.686459 0.768891 1.447323
v -9.715553 0.785611 1.420604
v -9.776084 0.742040 1.330485
v -9.797848 0.785611 1.307334
v -9.757620 0.725415 1.364637
v -9.677052 0.708095 1.437916
v -9.606436 0.750869 1.522146
v -9.569621 0.742040 1.536947
v -9.510546 0.768890 1.575133
v -9.546472 0.785611 1.558711
v -9.631886 0.742040 1.491708
v -9.659740 0.785611 1.476416
v -9.603774 0.725415 1.518483
v -9.504505 0.708095 1.563279
v -9.411315 0.750869 1.621565
v -9.371730 0.742040 1.624265
v -9.342987 0.785611 1.637810
v -9.444927 0.742040 1.600481
v -9.476145 0.785611 1.594545
v -9.409916 0.725415 1.617258
v -8.973577 0.836501 1.637425
v -8.938875 0.828207 1.616587
v -8.872303 0.853610 1.589259
v -8.907598 0.870006 1.608870
v -9.013902 0.828207 1.640965
v -9.043743 0.870006 1.653106
v -9.083823 0.853610 1.657985
v -8.974781 0.811631 1.633724
v -9.085592 0.794971 1.646815
v -8.877438 0.794971 1.579182
v -9.155581 0.828207 1.663404
v -9.195024 0.811631 1.668608
v -9.234467 0.828207 1.663404
v -9.195024 0.836501 1.672499
v -9.266598 0.870006 1.665730
v -9.306225 0.853610 1.657985
v -9.304456 0.794971 1.646815
v -9.123450 0.870006 1.665730
v -8.773808 0.836501 1.535638
v -8.747244 0.828207 1.505096
v -8.692375 0.853610 1.458534
v -8.719883 0.870006 1.488092
v -8.811066 0.828207 1.551465
v -8.835692 0.870006 1.572233
v -8.776096 0.811631 1.532490
v -8.700373 0.794971 1.450537
v -8.615273 0.836501 1.377100
v -8.599444 0.828207 1.339844
v -8.561651 0.853610 1.278606
v -8.578678 0.870006 1.315217
v -8.645814 0.828207 1.403666
v -8.662818 0.870006 1.431028
v -8.618420 0.811631 1.374814
v -8.571728 0.794971 1.273472
v -8.513485 0.836501 1.177332
v -8.509947 0.828207 1.137008
v -8.492926 0.853610 1.067088
v -8.497805 0.870006 1.107169
v -8.534323 0.828207 1.212035
v -8.542039 0.870006 1.243312
v -8.517185 0.811631 1.176130
v -8.504096 0.794971 1.065319
v -8.478412 0.836501 0.955887
v -8.487506 0.828207 0.916443
v -8.492926 0.853610 0.844686
v -8.485182 0.870006 0.884312
v -8.487506 0.828207 0.995331
v -8.485182 0.870006 1.027462
v -8.482303 0.811631 0.955887
v -8.504096 0.794971 0.846454
v -8.513485 0.836501 0.734442
v -8.534323 0.828207 0.699738
v -8.561652 0.853610 0.633168
v -8.542040 0.870006 0.668462
v -8.509947 0.828207 0.774766
v -8.497805 0.870006 0.804605
v -8.517185 0.811631 0.735644
v -8.571729 0.794971 0.638302
v -8.615273 0.836501 0.534673
v -8.645814 0.828207 0.508108
v -8.692374 0.853610 0.453240
v -8.662817 0.870006 0.480747
v -8.599445 0.828207 0.571930
v -8.578678 0.870006 0.596557
v -8.618420 0.811631 0.536960
v -8.700371 0.794971 0.461237
v -8.773808 0.836501 0.376136
v -8.811066 0.828207 0.360309
v -8.872305 0.853610 0.322515
v -8.835693 0.870006 0.339541
v -8.747244 0.828207 0.406677
v -8.719881 0.870006 0.423682
v -8.776096 0.811631 0.379283
v -8.877439 0.794971 0.332592
v -8.973577 0.836501 0.274348
v -9.013902 0.828207 0.270809
v -9.083823 0.853610 0.253788
v -9.043743 0.870006 0.258668
v -8.938875 0.828207 0.295187
v -8.907598 0.870006 0.302904
v -8.974781 0.811631 0.278049
v -9.085592 0.794971 0.264959
v -9.195024 0.836501 0.239275
v -9.234467 0.828207 0.248369
v -9.306225 0.853610 0.253788
v -9.266598 0.870006 0.246044
v -9.155581 0.828207 0.248369
v -9.123450 0.870006 0.246044
v -9.195024 0.811631 0.243166
v -9.304456 0.794971 0.264959
v -9.416470 0.836501 0.274348
v -9.451172 0.828207 0.295187
v -9.517744 0.853610 0.322514
v -9.482450 0.870006 0.302904
v -9.376145 0.828207 0.270809
v -9.346305 0.870006 0.258668
v -9.415266 0.811631 0.278049
v -9.512609 0.794971 0.332592
v -9.616238 0.836501 0.376136
v -9.642803 0.828207 0.406677
v -9.697672 0.853610 0.453240
v -9.670165 0.870006 0.423682
v -9.578981 0.828207 0.360309
v -9.554355 0.870006 0.339541
v -9.613951 0.811631 0.379283
v -9.689676 0.794971 0.461237
v -9.774775 0.836501 0.534673
v -9.790601 0.828207 0.571930
v -9.828395 0.853610 0.633168
v -9.811369 0.870005 0.596557
v -9.744233 0.828207 0.508108
v -9.727230 0.870006 0.480747
v -9.771627 0.811631 0.536959
v -9.818317 0.794971 0.638302
v -9.876562 0.836501 0.734442
v -9.880101 0.828207 0.774766
v -9.897121 0.853610 0.844686
v -9.892242 0.870005 0.804605
v -9.855723 0.828207 0.699738
v -9.848006 0.870005 0.668462
v -9.872862 0.811630 0.735644
v -9.885952 0.794971 0.846454
v -9.911634 0.836501 0.955887
v -9.902540 0.828207 0.995331
v -9.897122 0.853610 1.067088
v -9.904867 0.870006 1.027462
v -9.902540 0.828207 0.916443
v -9.904865 0.870005 0.884312
v -9.907744 0.811631 0.955887
v -9.885952 0.794971 1.065319
v -9.876562 0.836501 1.177332
v -9.855723 0.828207 1.212035
v -9.828396 0.853610 1.278606
v -9.848007 0.870006 1.243312
v -9.880101 0.828207 1.137008
v -9.892242 0.870006 1.107169
v -9.872862 0.811631 1.176130
v -9.818319 0.794971 1.273472
v -9.774775 0.836501 1.377100
v -9.744231 0.828207 1.403666
v -9.697670 0.853610 1.458534
v -9.727228 0.870006 1.431028
v -9.790603 0.828207 1.339844
v -9.811369 0.870006 1.315217
v -9.771627 0.811631 1.374814
v -9.689672 0.794971 1.450537
v -9.616238 0.836501 1.535638
v -9.578981 0.828207 1.551465
v -9.517744 0.853610 1.589259
v -9.554355 0.870006 1.572233
v -9.642802 0.828207 1.505096
v -9.670164 0.870006 1.488092
v -9.613951 0.811631 1.532490
v -9.512609 0.794971 1.579182
v -9.416470 0.836501 1.637425
v -9.376145 0.828207 1.640965
v -9.346305 0.870006 1.653106
v -9.451172 0.828207 1.616587
v -9.482450 0.870006 1.608870
v -9.415266 0.811631 1.633724
v -8.969389 0.917795 1.650320
v -8.933807 0.910040 1.629660
v -8.866579 0.933366 1.600499
v -8.902711 0.948331 1.619978
v -9.010319 0.910040 1.654520
v -9.041169 0.948331 1.664966
v -9.081850 0.933366 1.670445
v -8.970347 0.894150 1.647367
v -9.083233 0.878706 1.661712
v -8.870590 0.878706 1.592620
v -9.154799 0.910040 1.677404
v -9.195024 0.894150 1.682952
v -9.235248 0.910039 1.677404
v -9.195024 0.917795 1.686057
v -9.267817 0.948331 1.677806
v -9.308201 0.933366 1.670445
v -9.306814 0.878706 1.661712
v -9.122232 0.948331 1.677806
v -8.765841 0.917795 1.546607
v -8.738383 0.910040 1.515963
v -8.683455 0.933366 1.467454
v -8.711800 0.948331 1.497144
v -8.803468 0.910039 1.563250
v -8.829580 0.948331 1.582718
v -8.767664 0.894150 1.544095
v -8.689708 0.878706 1.461202
v -8.604303 0.917795 1.385070
v -8.587660 0.910040 1.347441
v -8.550411 0.933366 1.284333
v -8.568193 0.948331 1.321329
v -8.634947 0.910040 1.412526
v -8.653765 0.948331 1.439110
v -8.606815 0.894150 1.383245
v -8.558290 0.878706 1.280319
v -8.500590 0.917795 1.181522
v -8.496390 0.910040 1.140592
v -8.480467 0.933366 1.069062
v -8.485944 0.948331 1.109743
v -8.521251 0.910040 1.217103
v -8.530931 0.948331 1.248202
v -8.503543 0.894150 1.180562
v -8.489200 0.878706 1.067679
v -8.464853 0.917795 0.955887
v -8.473507 0.910040 0.915662
v -8.480467 0.933366 0.842712
v -8.473106 0.948331 0.883094
v -8.473507 0.910040 0.996112
v -8.473106 0.948331 1.028679
v -8.467958 0.894150 0.955887
v -8.489200 0.878706 0.844095
v -8.500590 0.917795 0.730252
v -8.521251 0.910040 0.694670
v -8.550412 0.933366 0.627440
v -8.530932 0.948331 0.663572
v -8.496390 0.910040 0.771181
v -8.485944 0.948331 0.802031
v -8.503543 0.894150 0.731211
v -8.558290 0.878706 0.631455
v -8.604303 0.917795 0.526704
v -8.634947 0.910040 0.499248
v -8.683455 0.933366 0.444320
v -8.653764 0.948331 0.472664
v -8.587661 0.910040 0.564332
v -8.568193 0.948331 0.590444
v -8.606815 0.894150 0.528528
v -8.689707 0.878706 0.450572
v -8.765841 0.917795 0.365167
v -8.803468 0.910040 0.348524
v -8.866579 0.933366 0.311274
v -8.829580 0.948331 0.329056
v -8.738383 0.910040 0.395811
v -8.711800 0.948331 0.414629
v -8.767664 0.894150 0.367679
v -8.870592 0.878706 0.319153
v -8.969389 0.917795 0.261454
v -9.010319 0.910040 0.257253
v -9.081850 0.933366 0.241328
v -9.041169 0.948331 0.246807
v -8.933807 0.910040 0.282114
v -8.902711 0.948331 0.291795
v -8.970347 0.894150 0.264406
v -9.083233 0.878706 0.250062
v -9.195024 0.917795 0.225717
v -9.235248 0.910039 0.234370
v -9.308201 0.933366 0.241328
v -9.267817 0.948331 0.233969
v -9.154799 0.910040 0.234370
v -9.122232 0.948331 0.233969
v -9.195024 0.894150 0.228822
v -9.306814 0.878706 0.250062
v -9.420658 0.917795 0.261454
v -9.456240 0.910040 0.282114
v -9.523470 0.933366 0.311274
v -9.487339 0.948331 0.291795
v -9.379728 0.910040 0.257253
v -9.348882 0.948331 0.246807
v -9.419699 0.894150 0.264406
v -9.519456 0.878706 0.319152
v -9.624207 0.917795 0.365167
v -9.651663 0.910040 0.395811
v -9.706593 0.933366 0.444320
v -9.678248 0.948331 0.414629
v -9.586578 0.910040 0.348524
v -9.560468 0.948331 0.329056
v -9.622381 0.894150 0.367679
v -9.700341 0.878706 0.450571
v -9.785744 0.917795 0.526704
v -9.802385 0.910040 0.564332
v -9.839636 0.933366 0.627440
v -9.821854 0.948331 0.590444
v -9.755100 0.910040 0.499248
v -9.736283 0.948331 0.472663
v -9.783232 0.894150 0.528528
v -9.831756 0.878706 0.631455
v -9.889457 0.917794 0.730252
v -9.893657 0.910039 0.771181
v -9.909581 0.933366 0.842712
v -9.904102 0.948331 0.802031
v -9.868796 0.910039 0.694670
v -9.859116 0.948331 0.663572
v -9.886503 0.894150 0.731211
v -9.900847 0.878706 0.844095
v -9.925193 0.917795 0.955887
v -9.916540 0.910040 0.996112
v -9.909581 0.933366 1.069062
v -9.916942 0.948331 1.028679
v -9.916540 0.910040 0.915662
v -9.916942 0.948331 0.883094
v -9.922089 0.894150 0.955887
v -9.900848 0.878706 1.067678
v -9.889456 0.917795 1.181522
v -9.868797 0.910040 1.217103
v -9.839639 0.933366 1.284333
v -9.859118 0.948331 1.248202
v -9.893657 0.910040 1.140592
v -9.904102 0.948331 1.109742
v -9.886503 0.894150 1.180562
v -9.831758 0.878706 1.280319
v -9.785744 0.917795 1.385070
v -9.755100 0.910040 1.412526
v -9.706593 0.933366 1.467454
v -9.736283 0.948331 1.439110
v -9.802387 0.910040 1.347441
v -9.821856 0.948331 1.321329
v -9.783232 0.894150 1.383245
v -9.700337 0.878706 1.461202
v -9.624207 0.917795 1.546607
v -9.586578 0.910040 1.563250
v -9.523470 0.933366 1.600499
v -9.560468 0.948331 1.582717
v -9.651663 0.910040 1.515963
v -9.678248 0.948331 1.497144
v -9.622381 0.894150 1.544095
v -9.519456 0.878706 1.592620
v -9.420658 0.917795 1.650320
v -9.379728 0.910040 1.654520
v -9.348882 0.948331 1.664966
v -9.456240 0.910040 1.629660
v -9.487339 0.948331 1.619978
v -9.419699 0.894150 1.647367
v -8.966349 0.992244 1.659678
v -8.930064 0.984920 1.639313
v -8.862501 1.005944 1.608496
v -9.007671 0.984920 1.664530
v -9.080446 1.005944 1.679311
v -8.967005 0.970558 1.657658
v -9.081419 0.956645 1.673165
v -8.865329 0.956645 1.602953
v -9.154222 0.984920 1.687742
v -9.195024 0.970558 1.693773
v -9.235825 0.984920 1.687742
v -9.195024 0.992244 1.695896
v -9.309601 1.005944 1.679311
v -9.308632 0.956645 1.673165
v -8.760056 0.992244 1.554567
v -8.731840 0.984920 1.523988
v -8.677109 1.005944 1.473801
v -8.797858 0.984920 1.571952
v -8.761305 0.970558 1.552849
v -8.681508 0.956645 1.469401
v -8.596343 0.992244 1.390853
v -8.578958 0.984920 1.353052
v -8.542414 1.005944 1.288409
v -8.626923 0.984920 1.419069
v -8.598062 0.970559 1.389605
v -8.547956 0.956645 1.285583
v -8.491232 0.992244 1.184562
v -8.486380 0.984920 1.143239
v -8.471600 1.005944 1.070466
v -8.511597 0.984920 1.220846
v -8.493252 0.970558 1.183906
v -8.477746 0.956645 1.069493
v -8.455014 0.992244 0.955887
v -8.463169 0.984920 0.915086
v -8.471600 1.005944 0.841308
v -8.463169 0.984920 0.996688
v -8.457138 0.970558 0.955887
v -8.477746 0.956645 0.842281
v -8.491232 0.992244 0.727211
v -8.511597 0.984920 0.690928
v -8.542414 1.005944 0.623366
v -8.486380 0.984920 0.768535
v -8.493252 0.970559 0.727868
v -8.547958 0.956645 0.626190
v -8.596343 0.992244 0.520920
v -8.626923 0.984920 0.492705
v -8.677111 1.005944 0.437973
v -8.578959 0.984920 0.558722
v -8.598062 0.970559 0.522168
v -8.681506 0.956645 0.442372
v -8.760056 0.992244 0.357206
v -8.797858 0.984920 0.339822
v -8.862501 1.005944 0.303277
v -8.731840 0.984920 0.387786
v -8.761305 0.970559 0.358925
v -8.865329 0.956645 0.308820
v -8.966349 0.992244 0.252096
v -9.007671 0.984920 0.247243
v -9.080446 1.005944 0.232464
v -8.930064 0.984920 0.272460
v -8.967005 0.970559 0.254116
v -9.081419 0.956645 0.238609
v -9.195024 0.992244 0.215877
v -9.235825 0.984920 0.224032
v -9.309601 1.005944 0.232463
v -9.154222 0.984920 0.224033
v -9.195024 0.970558 0.218001
v -9.308632 0.956645 0.238609
v -9.423698 0.992244 0.252095
v -9.459983 0.984920 0.272460
v -9.527545 1.005943 0.303277
v -9.382376 0.984920 0.247243
v -9.423042 0.970559 0.254116
v -9.524721 0.956645 0.308820
v -9.629990 0.992244 0.357206
v -9.658206 0.984920 0.387786
v -9.712940 1.005944 0.437973
v -9.592189 0.984920 0.339822
v -9.628742 0.970559 0.358924
v -9.708540 0.956645 0.442372
v -9.793704 0.992244 0.520920
v -9.811089 0.984920 0.558722
v -9.847636 1.005944 0.623365
v -9.763124 0.984920 0.492705
v -9.791986 0.970559 0.522168
v -9.842090 0.956644 0.626190
v -9.898815 0.992244 0.727211
v -9.903667 0.984920 0.768535
v -9.918446 1.005944 0.841308
v -9.878452 0.984920 0.690927
v -9.896794 0.970558 0.727868
v -9.912302 0.956644 0.842281
v -9.935033 0.992244 0.955887
v -9.926878 0.984920 0.996688
v -9.918446 1.005944 1.070466
v -9.926878 0.984920 0.915086
v -9.932909 0.970559 0.955887
v -9.912302 0.956645 1.069493
v -9.898815 0.992244 1.184562
v -9.878452 0.984920 1.220846
v -9.847633 1.005944 1.288409
v -9.903667 0.984920 1.143239
v -9.896795 0.970559 1.183905
v -9.842093 0.956645 1.285583
v -9.793704 0.992244 1.390853
v -9.763124 0.984920 1.419069
v -9.712940 1.005944 1.473801
v -9.811089 0.984920 1.353052
v -9.791986 0.970558 1.389605
v -9.708540 0.956645 1.469401
v -9.629991 0.992244 1.554567
v -9.592189 0.984920 1.571952
v -9.527544 1.005944 1.608496
v -9.658206 0.984920 1.523988
v -9.628741 0.970558 1.552849
v -9.524721 0.956644 1.602953
v -9.423698 0.992244 1.659678
v -9.382376 0.984920 1.664530
v -9.459983 0.984920 1.639313
v -9.423042 0.970559 1.657658
v -9.865973 1.104957 0.737882
v -9.865973 1.104957 0.737882
v -9.865973 1.104957 0.737882
v -9.865973 1.104957 0.737882
v -9.765767 1.104957 0.541218
v -9.765767 1.104957 0.541218
v -9.765767 1.104957 0.541218
v -9.765767 1.104957 0.541218
v -9.609694 1.104957 0.385144
v -9.609694 1.104957 0.385144
v -9.609694 1.104957 0.385144
v -9.609694 1.104957 0.385144
v -9.413029 1.104957 0.284938
v -9.413029 1.104957 0.284938
v -9.413029 1.104957 0.284938
v -9.413029 1.104957 0.284938
v -9.195024 1.104957 0.250409
v -9.195024 1.104957 0.250409
v -9.195024 1.104957 0.250409
v -9.195024 1.104957 0.250409
v -8.977018 1.104957 0.284938
v -8.977018 1.104957 0.284938
v -8.977018 1.104957 0.284938
v -8.977018 1.104957 0.284938
v -8.780354 1.104957 0.385144
v -8.780354 1.104957 0.385144
v -8.780354 1.104957 0.385144
v -8.780354 1.104957 0.385144
v -8.624280 1.104957 0.541218
v -8.624280 1.104957 0.541218
v -8.624280 1.104957 0.541218
v -8.624280 1.104957 0.541218
v -8.524074 1.104957 0.737882
v -8.524074 1.104957 0.737882
v -8.524074 1.104957 0.737882
v -8.524074 1.104957 0.737882
v -8.489546 1.104957 0.955887
v -8.489546 1.104957 0.955887
v -8.489546 1.104957 0.955887
v -8.489546 1.104957 0.955887
v -8.524074 1.104957 1.173892
v -8.524074 1.104957 1.173892
v -8.524074 1.104957 1.173892
v -8.524074 1.104957 1.173892
v -8.624280 1.104957 1.370557
v -8.624280 1.104957 1.370557
v -8.624280 1.104957 1.370557
v -8.624280 1.104957 1.370557
v -8.780354 1.104957 1.526630
v -8.780354 1.104957 1.526630
v -8.780354 1.104957 1.526630
v -8.780354 1.104957 1.526630
v -8.977018 1.104957 1.626836
v -8.977018 1.104957 1.626836
v -8.977018 1.104957 1.626836
v -8.977018 1.104957 1.626836
v -9.195024 1.104957 1.661365
v -9.195024 1.104957 1.661365
v -9.195024 1.104957 1.661365
v -9.195024 1.104957 1.661365
v -9.413029 1.104957 1.626836
v -9.413029 1.104957 1.626836
v -9.413029 1.104957 1.626836
v -9.413029 1.104957 1.626836
v -9.609694 1.104957 1.526630
v -9.609694 1.104957 1.526630
v -9.609694 1.104957 1.526630
v -9.609694 1.104957 1.526630
v -9.765767 1.104957 1.370556
v -9.765767 1.104957 1.370556
v -9.765767 1.104957 1.370556
v -9.765767 1.104957 1.370556
v -9.865973 1.104957 1.173892
v -9.865973 1.104957 1.173892
v -9.865973 1.104957 1.173892
v -9.865973 1.104957 1.173892
v -9.900501 1.104957 0.955887
v -9.900501 1.104957 0.955887
v -9.900501 1.104957 0.955887
v -9.900501 1.104957 0.955887
v -9.195024 0.280732 1.510393
v -9.195024 0.280732 1.510393
v -9.195024 0.280732 1.510393
v -9.195024 0.280732 1.510393
v -9.023672 0.280732 1.483254
v -9.023672 0.280732 1.483254
v -9.023672 0.280732 1.483254
v -9.023672 0.280732 1.483254
v -8.869093 0.280732 1.404492
v -8.869093 0.280732 1.404492
v -8.869093 0.280732 1.404492
v -8.869093 0.280732 1.404492
v -8.746418 0.280732 1.281818
v -8.746418 0.280732 1.281818
v -8.746418 0.280732 1.281818
v -8.746418 0.280732 1.281818
v -8.667656 0.280732 1.127239
v -8.667656 0.280732 1.127239
v -8.667656 0.280732 1.127239
v -8.667656 0.280732 1.127239
v -8.640516 0.280732 0.955887
v -8.640516 0.280732 0.955887
v -8.640516 0.280732 0.955887
v -8.640516 0.280732 0.955887
v -8.667656 0.280732 0.784535
v -8.667656 0.280732 0.784535
v -8.667656 0.280732 0.784535
v -8.667656 0.280732 0.784535
v -8.746418 0.280732 0.629956
v -8.746418 0.280732 0.629956
v -8.746418 0.280732 0.629956
v -8.746418 0.280732 0.629956
v -8.869093 0.280732 0.507282
v -8.869093 0.280732 0.507282
v -8.869093 0.280732 0.507282
v -8.869093 0.280732 0.507282
v -9.023672 0.280732 0.428519
v -9.023672 0.280732 0.428519
v -9.023672 0.280732 0.428519
v -9.023672 0.280732 0.428519
v -9.195024 0.280732 0.401380
v -9.195024 0.280732 0.401380
v -9.195024 0.280732 0.401380
v -9.195024 0.280732 0.401380
v -9.366375 0.280732 0.428519
v -9.366375 0.280732 0.428519
v -9.366375 0.280732 0.428519
v -9.366375 0.280732 0.428519
v -9.520954 0.280732 0.507281
v -9.520954 0.280732 0.507281
v -9.520954 0.280732 0.507281
v -9.520954 0.280732 0.507281
v -9.643628 0.280732 0.629956
v -9.643628 0.280732 0.629956
v -9.643628 0.280732 0.629956
v -9.643628 0.280732 0.629956
v -9.722390 0.280732 0.784535
v -9.722390 0.280732 0.784535
v -9.722390 0.280732 0.784535
v -9.722390 0.280732 0.784535
v -9.749530 0.280732 0.955887
v -9.749530 0.280732 0.955887
v -9.749530 0.280732 0.955887
v -9.749530 0.280732 0.955887
v -9.722390 0.280732 1.127239
v -9.722390 0.280732 1.127239
v -9.722390 0.280732 1.127239
v -9.722390 0.280732 1.127239
v -9.643628 0.280732 1.281818
v -9.643628 0.280732 1.281818
v -9.643628 0.280732 1.281818
v -9.643628 0.280732 1.281818
v -9.520954 0.280732 1.404492
v -9.520954 0.280732 1.404492
v -9.520954 0.280732 1.404492
v -9.520954 0.280732 1.404492
v -9.366375 0.280732 1.483254
v -9.366375 0.280732 1.483254
v -9.366375 0.280732 1.483254
v -9.366375 0.280732 1.483254
v -9.865973 1.104957 0.737882
v -9.881951 1.074316 0.847088
v -9.874492 1.067753 0.808456
v -9.865727 1.089067 0.737962
v -9.865727 1.089067 0.737962
v -9.831385 1.067753 0.675780
v -9.814713 1.074316 0.640140
v -9.865973 1.104957 0.737882
v -9.795679 1.067753 0.605705
v -9.765558 1.089067 0.541369
v -9.765767 1.104957 0.541218
v -9.814713 1.074316 0.640140
v -9.765558 1.089067 0.541369
v -9.713680 1.067753 0.492843
v -9.686813 1.074316 0.464100
v -9.765767 1.104957 0.541218
v -9.658069 1.067753 0.437232
v -9.609542 1.089067 0.385351
v -9.609694 1.104957 0.385144
v -9.686813 1.074316 0.464100
v -9.609542 1.089067 0.385351
v -9.545204 1.067753 0.355233
v -9.510769 1.074316 0.336199
v -9.609694 1.104957 0.385144
v -9.475131 1.067753 0.319528
v -9.412949 1.089067 0.285182
v -9.413029 1.104957 0.284938
v -9.510769 1.074316 0.336199
v -9.412949 1.089067 0.285182
v -9.342452 1.067753 0.276419
v -9.303821 1.074317 0.268957
v -9.413029 1.104957 0.284938
v -9.264774 1.067753 0.264116
v -9.195024 1.089067 0.250667
v -9.195024 1.104957 0.250409
v -9.303821 1.074317 0.268957
v -9.195024 1.089067 0.250667
v -9.125273 1.067753 0.264116
v -9.086226 1.074317 0.268957
v -9.195024 1.104957 0.250409
v -9.047595 1.067753 0.276419
v -8.977098 1.089067 0.285182
v -8.977018 1.104957 0.284938
v -9.086226 1.074317 0.268957
v -8.977098 1.089067 0.285182
v -8.914915 1.067753 0.319528
v -8.879276 1.074317 0.336199
v -8.977018 1.104957 0.284938
v -8.844841 1.067753 0.355233
v -8.780505 1.089067 0.385352
v -8.780354 1.104957 0.385144
v -8.879276 1.074317 0.336199
v -8.780505 1.089067 0.385352
v -8.731979 1.067753 0.437232
v -8.703236 1.074317 0.464100
v -8.780354 1.104957 0.385144
v -8.676369 1.067753 0.492843
v -8.624489 1.089067 0.541369
v -8.624280 1.104957 0.541218
v -8.703236 1.074317 0.464100
v -8.624489 1.089067 0.541369
v -8.594370 1.067753 0.605705
v -8.575336 1.074317 0.640140
v -8.624280 1.104957 0.541218
v -8.558664 1.067753 0.675780
v -8.524319 1.089067 0.737962
v -8.524074 1.104957 0.737882
v -8.575336 1.074317 0.640140
v -8.524319 1.089067 0.737962
v -8.515555 1.067753 0.808456
v -8.508094 1.074317 0.847088
v -8.524074 1.104957 0.737882
v -8.503252 1.067753 0.886134
v -8.489803 1.089067 0.955887
v -8.489546 1.104957 0.955887
v -8.508094 1.074317 0.847088
v -8.489803 1.089067 0.955887
v -8.503252 1.067753 1.025639
v -8.508094 1.074317 1.064686
v -8.489546 1.104957 0.955887
v -8.515555 1.067753 1.103317
v -8.524319 1.089067 1.173812
v -8.524074 1.104957 1.173892
v -8.508094 1.074317 1.064686
v -8.524319 1.089067 1.173812
v -8.558664 1.067753 1.235995
v -8.575336 1.074317 1.271633
v -8.524074 1.104957 1.173892
v -8.594370 1.067753 1.306069
v -8.624489 1.089067 1.370405
v -8.624280 1.104957 1.370557
v -8.575336 1.074317 1.271633
v -8.624489 1.089067 1.370405
v -8.676369 1.067753 1.418930
v -8.703236 1.074317 1.447674
v -8.624280 1.104957 1.370557
v -8.731979 1.067753 1.474542
v -8.780505 1.089067 1.526422
v -8.780354 1.104957 1.526630
v -8.703236 1.074317 1.447674
v -8.780505 1.089067 1.526422
v -8.844841 1.067753 1.556541
v -8.879276 1.074317 1.575575
v -8.780354 1.104957 1.526630
v -8.914915 1.067753 1.592246
v -8.977098 1.089067 1.626591
v -8.977018 1.104957 1.626836
v -8.879276 1.074317 1.575575
v -8.977098 1.089067 1.626591
v -9.047595 1.067753 1.635355
v -9.086226 1.074317 1.642817
v -8.977018 1.104957 1.626836
v -9.125273 1.067753 1.647658
v -9.195024 1.089067 1.661107
v -9.195024 1.104957 1.661365
v -9.086226 1.074317 1.642817
v -9.195024 1.089067 1.661107
v -9.264774 1.067753 1.647658
v -9.303821 1.074317 1.642817
v -9.195024 1.104957 1.661365
v -9.342452 1.067753 1.635355
v -9.412949 1.089067 1.626591
v -9.413029 1.104957 1.626836
v -9.303821 1.074317 1.642817
v -9.412949 1.089067 1.626591
v -9.475131 1.067753 1.592246
v -9.510769 1.074317 1.575575
v -9.413029 1.104957 1.626836
v -9.545204 1.067753 1.556541
v -9.609542 1.089067 1.526422
v -9.609694 1.104957 1.526630
v -9.510769 1.074317 1.575575
v -9.609542 1.089067 1.526422
v -9.658069 1.067753 1.474542
v -9.686813 1.074317 1.447674
v -9.609694 1.104957 1.526630
v -9.713680 1.067753 1.418930
v -9.765558 1.089067 1.370405
v -9.765767 1.104957 1.370556
v -9.686813 1.074317 1.447674
v -9.765558 1.089067 1.370405
v -9.795677 1.067753 1.306069
v -9.814711 1.074317 1.271633
v -9.765767 1.104957 1.370556
v -9.831382 1.067753 1.235995
v -9.865727 1.089067 1.173812
v -9.865973 1.104957 1.173892
v -9.814711 1.074317 1.271633
v -9.865727 1.089067 1.173812
v -9.874492 1.067753 1.103317
v -9.881951 1.074316 1.064686
v -9.865973 1.104957 1.173892
v -9.886793 1.067753 1.025639
v -9.900244 1.089067 0.955887
v -9.900501 1.104957 0.955887
v -9.881951 1.074316 1.064686
v -9.900244 1.089067 0.955887
v -9.886793 1.067753 0.886134
v -9.881951 1.074316 0.847088
v -9.900501 1.104957 0.955887
v -9.077219 0.325203 1.498821
v -9.023184 0.295264 1.484756
v -9.023672 0.280732 1.483254
v -9.108088 0.312147 1.504780
v -9.108088 0.312147 1.504780
v -9.195024 0.280732 1.510393
v -9.195024 0.295264 1.511973
v -9.139288 0.325203 1.508652
v -9.195024 0.280732 1.510393
v -9.281961 0.312147 1.504780
v -9.250761 0.325203 1.508652
v -9.195024 0.295264 1.511973
v -9.023184 0.295264 1.484756
v -8.971200 0.325203 1.464375
v -8.942724 0.312147 1.451050
v -9.023672 0.280732 1.483254
v -8.915207 0.325203 1.435844
v -8.868164 0.295264 1.405769
v -8.869093 0.280732 1.404492
v -8.942724 0.312147 1.451050
v -8.868164 0.295264 1.405769
v -8.825024 0.325203 1.370322
v -8.802059 0.312147 1.348851
v -8.869093 0.280732 1.404492
v -8.780587 0.325203 1.325886
v -8.745141 0.295264 1.282746
v -8.746418 0.280732 1.281818
v -8.802059 0.312147 1.348851
v -8.745141 0.295264 1.282746
v -8.715067 0.325203 1.235703
v -8.699860 0.312147 1.208185
v -8.746418 0.280732 1.281818
v -8.686535 0.325203 1.179709
v -8.666155 0.295264 1.127727
v -8.667656 0.280732 1.127239
v -8.699860 0.312147 1.208185
v -8.666155 0.295264 1.127727
v -8.652090 0.325203 1.073692
v -8.646132 0.312147 1.042823
v -8.667656 0.280732 1.127239
v -8.642259 0.325203 1.011623
v -8.638938 0.295264 0.955887
v -8.640516 0.280732 0.955887
v -8.646132 0.312147 1.042823
v -8.638938 0.295264 0.955887
v -8.642259 0.325203 0.900150
v -8.646132 0.312147 0.868951
v -8.640516 0.280732 0.955887
v -8.652090 0.325203 0.838081
v -8.666155 0.295264 0.784047
v -8.667656 0.280732 0.784535
v -8.646132 0.312147 0.868951
v -8.666155 0.295264 0.784047
v -8.686537 0.325203 0.732065
v -8.699861 0.312147 0.703588
v -8.667656 0.280732 0.784535
v -8.715067 0.325203 0.676071
v -8.745141 0.295264 0.629028
v -8.746418 0.280732 0.629956
v -8.699861 0.312147 0.703588
v -8.745141 0.295264 0.629028
v -8.780587 0.325203 0.585888
v -8.802060 0.312147 0.562923
v -8.746418 0.280732 0.629956
v -8.825024 0.325203 0.541451
v -8.868164 0.295264 0.506004
v -8.869093 0.280732 0.507282
v -8.802060 0.312147 0.562923
v -8.868164 0.295264 0.506004
v -8.915208 0.325203 0.475929
v -8.942727 0.312147 0.460723
v -8.869093 0.280732 0.507282
v -8.971203 0.325203 0.447399
v -9.023184 0.295264 0.427018
v -9.023672 0.280732 0.428519
v -8.942727 0.312147 0.460723
v -9.023184 0.295264 0.427018
v -9.077219 0.325203 0.412952
v -9.108088 0.312147 0.406994
v -9.023672 0.280732 0.428519
v -9.139288 0.325203 0.403121
v -9.195024 0.295264 0.399801
v -9.195024 0.280732 0.401380
v -9.108088 0.312147 0.406994
v -9.195024 0.295264 0.399801
v -9.250761 0.325203 0.403121
v -9.281961 0.312147 0.406994
v -9.195024 0.280732 0.401380
v -9.312831 0.325203 0.412952
v -9.366863 0.295264 0.427018
v -9.366375 0.280732 0.428519
v -9.281961 0.312147 0.406994
v -9.366863 0.295264 0.427018
v -9.418846 0.325203 0.447399
v -9.447323 0.312146 0.460723
v -9.366375 0.280732 0.428519
v -9.474839 0.325203 0.475929
v -9.521883 0.295264 0.506004
v -9.520954 0.280732 0.507281
v -9.447323 0.312146 0.460723
v -9.521883 0.295264 0.506004
v -9.565023 0.325203 0.541451
v -9.587989 0.312147 0.562923
v -9.520954 0.280732 0.507281
v -9.609460 0.325203 0.585888
v -9.644906 0.295264 0.629028
v -9.643628 0.280732 0.629956
v -9.587989 0.312147 0.562923
v -9.644906 0.295264 0.629028
v -9.674980 0.325203 0.676071
v -9.690187 0.312147 0.703589
v -9.643628 0.280732 0.629956
v -9.703511 0.325203 0.732065
v -9.723892 0.295264 0.784047
v -9.722390 0.280732 0.784535
v -9.690187 0.312147 0.703589
v -9.723892 0.295264 0.784047
v -9.737957 0.325203 0.838081
v -9.743917 0.312147 0.868951
v -9.722390 0.280732 0.784535
v -9.747788 0.325203 0.900150
v -9.751108 0.295264 0.955887
v -9.749530 0.280732 0.955887
v -9.743917 0.312147 0.868951
v -9.751108 0.295264 0.955887
v -9.747787 0.325203 1.011623
v -9.743916 0.312147 1.042823
v -9.749530 0.280732 0.955887
v -9.737957 0.325203 1.073692
v -9.723892 0.295264 1.127727
v -9.722390 0.280732 1.127239
v -9.743916 0.312147 1.042823
v -9.723892 0.295264 1.127727
v -9.703511 0.325203 1.179709
v -9.690187 0.312147 1.208185
v -9.722390 0.280732 1.127239
v -9.674980 0.325203 1.235703
v -9.644906 0.295264 1.282746
v -9.643628 0.280732 1.281818
v -9.690187 0.312147 1.208185
v -9.644906 0.295264 1.282746
v -9.609462 0.325203 1.325886
v -9.587990 0.312146 1.348850
v -9.643628 0.280732 1.281818
v -9.565025 0.325203 1.370322
v -9.521883 0.295264 1.405769
v -9.520954 0.280732 1.404492
v -9.587990 0.312146 1.348850
v -9.521883 0.295264 1.405769
v -9.474839 0.325203 1.435844
v -9.447323 0.312146 1.451050
v -9.520954 0.280732 1.404492
v -9.418846 0.325203 1.464375
v -9.366863 0.295264 1.484756
v -9.366375 0.280732 1.483254
v -9.447323 0.312146 1.451050
v -9.366863 0.295264 1.484756
v -9.312831 0.325203 1.498821
v -9.281961 0.312147 1.504780
v -9.366375 0.280732 1.483254
v -9.831385 1.067753 0.675780
v -9.814288 1.058214 0.640357
v -9.795679 1.067753 0.605705
v -9.814713 1.074316 0.640140
v -9.713680 1.067753 0.492843
v -9.686474 1.058214 0.464438
v -9.658069 1.067753 0.437232
v -9.686813 1.074316 0.464100
v -9.545204 1.067753 0.355233
v -9.510552 1.058214 0.336626
v -9.475131 1.067753 0.319528
v -9.510769 1.074316 0.336199
v -9.342452 1.067753 0.276419
v -9.303745 1.058214 0.269430
v -9.264774 1.067753 0.264116
v -9.303821 1.074317 0.268957
v -9.125273 1.067753 0.264116
v -9.086300 1.058214 0.269430
v -9.047595 1.067753 0.276419
v -9.086226 1.074317 0.268957
v -8.914915 1.067753 0.319528
v -8.879494 1.058214 0.336626
v -8.844841 1.067753 0.355233
v -8.879276 1.074317 0.336199
v -8.731979 1.067753 0.437232
v -8.703575 1.058214 0.464439
v -8.676369 1.067753 0.492843
v -8.703236 1.074317 0.464100
v -8.594370 1.067753 0.605705
v -8.575762 1.058214 0.640358
v -8.558664 1.067753 0.675780
v -8.575336 1.074317 0.640140
v -8.515555 1.067753 0.808456
v -8.508567 1.058214 0.847163
v -8.503252 1.067753 0.886134
v -8.508094 1.074317 0.847088
v -8.503252 1.067753 1.025639
v -8.508567 1.058214 1.064611
v -8.515555 1.067753 1.103317
v -8.508094 1.074317 1.064686
v -8.558664 1.067753 1.235995
v -8.575762 1.058214 1.271416
v -8.594370 1.067753 1.306069
v -8.575336 1.074317 1.271633
v -8.676369 1.067753 1.418930
v -8.703574 1.058214 1.447335
v -8.731979 1.067753 1.474542
v -8.703236 1.074317 1.447674
v -8.844841 1.067753 1.556541
v -8.879494 1.058214 1.575148
v -8.914915 1.067753 1.592246
v -8.879276 1.074317 1.575575
v -9.047595 1.067753 1.635355
v -9.086300 1.058214 1.642343
v -9.125273 1.067753 1.647658
v -9.086226 1.074317 1.642817
v -9.264774 1.067753 1.647658
v -9.303745 1.058214 1.642343
v -9.342452 1.067753 1.635355
v -9.303821 1.074317 1.642817
v -9.475131 1.067753 1.592246
v -9.510552 1.058214 1.575148
v -9.545204 1.067753 1.556541
v -9.510769 1.074317 1.575575
v -9.658069 1.067753 1.474542
v -9.686474 1.058214 1.447335
v -9.713680 1.067753 1.418930
v -9.686813 1.074317 1.447674
v -9.795677 1.067753 1.306069
v -9.814283 1.058214 1.271416
v -9.831382 1.067753 1.235995
v -9.814711 1.074317 1.271633
v -9.874492 1.067753 1.103317
v -9.881478 1.058214 1.064610
v -9.886793 1.067753 1.025639
v -9.881951 1.074316 1.064686
v -9.886793 1.067753 0.886134
v -9.881478 1.058214 0.847163
v -9.874492 1.067753 0.808456
v -9.881951 1.074316 0.847088
v -9.077219 0.325203 1.498821
v -9.108088 0.312147 1.504780
v -9.139288 0.325203 1.508652
v -9.107871 0.327269 1.506153
v -8.915207 0.325203 1.435844
v -8.942724 0.312147 1.451050
v -8.971200 0.325203 1.464375
v -8.942094 0.327269 1.452288
v -8.780587 0.325203 1.325886
v -8.802059 0.312147 1.348851
v -8.825024 0.325203 1.370322
v -8.801076 0.327269 1.349834
v -8.686535 0.325203 1.179709
v -8.699860 0.312147 1.208185
v -8.715067 0.325203 1.235703
v -8.698622 0.327269 1.208816
v -8.642259 0.325203 1.011623
v -8.646132 0.312147 1.042823
v -8.652090 0.325203 1.073692
v -8.644760 0.327269 1.043041
v -8.652090 0.325203 0.838081
v -8.646132 0.312147 0.868951
v -8.642259 0.325203 0.900150
v -8.644760 0.327269 0.868733
v -8.715067 0.325203 0.676071
v -8.699861 0.312147 0.703588
v -8.686537 0.325203 0.732065
v -8.698623 0.327269 0.702957
v -8.825024 0.325203 0.541451
v -8.802060 0.312147 0.562923
v -8.780587 0.325203 0.585888
v -8.801077 0.327269 0.561940
v -8.971203 0.325203 0.447399
v -8.942727 0.312147 0.460723
v -8.915208 0.325203 0.475929
v -8.942096 0.327269 0.459485
v -9.139288 0.325203 0.403121
v -9.108088 0.312147 0.406994
v -9.077219 0.325203 0.412952
v -9.107871 0.327269 0.405621
v -9.312831 0.325203 0.412952
v -9.281961 0.312147 0.406994
v -9.250761 0.325203 0.403121
v -9.282179 0.327269 0.405621
v -9.474839 0.325203 0.475929
v -9.447323 0.312146 0.460723
v -9.418846 0.325203 0.447399
v -9.447953 0.327269 0.459485
v -9.609460 0.325203 0.585888
v -9.587989 0.312147 0.562923
v -9.565023 0.325203 0.541451
v -9.588972 0.327269 0.561940
v -9.703511 0.325203 0.732065
v -9.690187 0.312147 0.703589
v -9.674980 0.325203 0.676071
v -9.691426 0.327269 0.702957
v -9.747788 0.325203 0.900150
v -9.743917 0.312147 0.868951
v -9.737957 0.325203 0.838081
v -9.745290 0.327269 0.868733
v -9.737957 0.325203 1.073692
v -9.743916 0.312147 1.042823
v -9.747787 0.325203 1.011623
v -9.745288 0.327269 1.043041
v -9.674980 0.325203 1.235703
v -9.690187 0.312147 1.208185
v -9.703511 0.325203 1.179709
v -9.691426 0.327269 1.208816
v -9.565025 0.325203 1.370322
v -9.587990 0.312146 1.348850
v -9.609462 0.325203 1.325886
v -9.588973 0.327269 1.349834
v -9.418846 0.325203 1.464375
v -9.447323 0.312146 1.451050
v -9.474839 0.325203 1.435844
v -9.447953 0.327269 1.452288
v -9.250761 0.325203 1.508652
v -9.281961 0.312147 1.504780
v -9.312831 0.325203 1.498821
v -9.282179 0.327269 1.506153
v -9.881951 1.074316 0.847088
v -9.865973 1.104957 0.737882
v -9.907196 1.117502 0.724488
v -9.924462 1.088486 0.840355
v -9.865973 1.104957 0.737882
v -9.814713 1.074316 0.640140
v -9.853063 1.088486 0.620600
v -9.907196 1.117502 0.724488
v -9.814713 1.074316 0.640140
v -9.765767 1.104957 0.541218
v -9.800833 1.117503 0.515740
v -9.853063 1.088486 0.620600
v -9.765767 1.104957 0.541218
v -9.686813 1.074316 0.464100
v -9.717247 1.088486 0.433666
v -9.800833 1.117503 0.515740
v -9.686813 1.074316 0.464100
v -9.609694 1.104957 0.385144
v -9.635170 1.117503 0.350077
v -9.717247 1.088486 0.433666
v -9.609694 1.104957 0.385144
v -9.510769 1.074316 0.336199
v -9.530310 1.088487 0.297849
v -9.635170 1.117503 0.350077
v -9.510769 1.074316 0.336199
v -9.413029 1.104957 0.284938
v -9.426422 1.117503 0.243715
v -9.530310 1.088487 0.297849
v -9.413029 1.104957 0.284938
v -9.303821 1.074317 0.268957
v -9.310555 1.088486 0.226446
v -9.426422 1.117503 0.243715
v -9.303821 1.074317 0.268957
v -9.195024 1.104957 0.250409
v -9.195024 1.117503 0.207064
v -9.310555 1.088486 0.226446
v -9.195024 1.104957 0.250409
v -9.086226 1.074317 0.268957
v -9.079493 1.088486 0.226446
v -9.195024 1.117503 0.207064
v -9.086226 1.074317 0.268957
v -8.977018 1.104957 0.284938
v -8.963625 1.117503 0.243715
v -9.079493 1.088486 0.226446
v -8.977018 1.104957 0.284938
v -8.879276 1.074317 0.336199
v -8.859735 1.088486 0.297849
v -8.963625 1.117503 0.243715
v -8.879276 1.074317 0.336199
v -8.780354 1.104957 0.385144
v -8.754877 1.117503 0.350078
v -8.859735 1.088486 0.297849
v -8.780354 1.104957 0.385144
v -8.703236 1.074317 0.464100
v -8.672802 1.088486 0.433665
v -8.754877 1.117503 0.350078
v -8.703236 1.074317 0.464100
v -8.624280 1.104957 0.541218
v -8.589214 1.117503 0.515741
v -8.672802 1.088486 0.433665
v -8.624280 1.104957 0.541218
v -8.575336 1.074317 0.640140
v -8.536985 1.088486 0.620600
v -8.589214 1.117503 0.515741
v -8.575336 1.074317 0.640140
v -8.524074 1.104957 0.737882
v -8.482851 1.117503 0.724488
v -8.536985 1.088486 0.620600
v -8.524074 1.104957 0.737882
v -8.508094 1.074317 0.847088
v -8.465583 1.088486 0.840355
v -8.482851 1.117503 0.724488
v -8.508094 1.074317 0.847088
v -8.489546 1.104957 0.955887
v -8.446201 1.117503 0.955887
v -8.465583 1.088486 0.840355
v -8.489546 1.104957 0.955887
v -8.508094 1.074317 1.064686
v -8.465583 1.088486 1.071419
v -8.446201 1.117503 0.955887
v -8.508094 1.074317 1.064686
v -8.524074 1.104957 1.173892
v -8.482851 1.117503 1.187285
v -8.465583 1.088486 1.071419
v -8.524074 1.104957 1.173892
v -8.575336 1.074317 1.271633
v -8.536985 1.088486 1.291174
v -8.482851 1.117503 1.187285
v -8.575336 1.074317 1.271633
v -8.624280 1.104957 1.370557
v -8.589214 1.117503 1.396033
v -8.536985 1.088486 1.291174
v -8.624280 1.104957 1.370557
v -8.703236 1.074317 1.447674
v -8.672801 1.088486 1.478108
v -8.589214 1.117503 1.396033
v -8.703236 1.074317 1.447674
v -8.780354 1.104957 1.526630
v -8.754877 1.117503 1.561697
v -8.672801 1.088486 1.478108
v -8.780354 1.104957 1.526630
v -8.879276 1.074317 1.575575
v -8.859735 1.088486 1.613924
v -8.754877 1.117503 1.561697
v -8.879276 1.074317 1.575575
v -8.977018 1.104957 1.626836
v -8.963625 1.117503 1.668059
v -8.859735 1.088486 1.613924
v -8.977018 1.104957 1.626836
v -9.086226 1.074317 1.642817
v -9.079493 1.088486 1.685327
v -8.963625 1.117503 1.668059
v -9.086226 1.074317 1.642817
v -9.195024 1.104957 1.661365
v -9.195024 1.117503 1.704709
v -9.079493 1.088486 1.685327
v -9.195024 1.104957 1.661365
v -9.303821 1.074317 1.642817
v -9.310555 1.088486 1.685327
v -9.195024 1.117503 1.704709
v -9.303821 1.074317 1.642817
v -9.413029 1.104957 1.626836
v -9.426422 1.117503 1.668059
v -9.310555 1.088486 1.685327
v -9.413029 1.104957 1.626836
v -9.510769 1.074317 1.575575
v -9.530310 1.088486 1.613924
v -9.426422 1.117503 1.668059
v -9.510769 1.074317 1.575575
v -9.609694 1.104957 1.526630
v -9.635170 1.117503 1.561697
v -9.530310 1.088486 1.613924
v -9.609694 1.104957 1.526630
v -9.686813 1.074317 1.447674
v -9.717247 1.088486 1.478108
v -9.635170 1.117503 1.561697
v -9.686813 1.074317 1.447674
v -9.765767 1.104957 1.370556
v -9.800833 1.117503 1.396033
v -9.717247 1.088486 1.478108
v -9.765767 1.104957 1.370556
v -9.814711 1.074317 1.271633
v -9.853060 1.088486 1.291174
v -9.800833 1.117503 1.396033
v -9.814711 1.074317 1.271633
v -9.865973 1.104957 1.173892
v -9.907196 1.117503 1.187285
v -9.853060 1.088486 1.291174
v -9.865973 1.104957 1.173892
v -9.881951 1.074316 1.064686
v -9.924462 1.088487 1.071419
v -9.907196 1.117503 1.187285
v -9.881951 1.074316 1.064686
v -9.900501 1.104957 0.955887
v -9.943845 1.117503 0.955887
v -9.924462 1.088487 1.071419
v -9.900501 1.104957 0.955887
v -9.881951 1.074316 0.847088
v -9.924462 1.088486 0.840355
v -9.943845 1.117503 0.955887
v -9.108088 0.312147 1.504780
v -9.023672 0.280732 1.483254
v -9.012205 0.266353 1.518545
v -9.102861 0.296574 1.537786
v -9.195024 0.280732 1.510393
v -9.108088 0.312147 1.504780
v -9.102861 0.296574 1.537786
v -9.195024 0.266353 1.547501
v -9.281961 0.312147 1.504780
v -9.195024 0.280732 1.510393
v -9.195024 0.266353 1.547501
v -9.287189 0.296574 1.537786
v -9.023672 0.280732 1.483254
v -8.942724 0.312147 1.451050
v -8.927553 0.296574 1.480826
v -9.012205 0.266353 1.518545
v -8.942724 0.312147 1.451050
v -8.869093 0.280732 1.404492
v -8.847281 0.266353 1.434513
v -8.927553 0.296574 1.480826
v -8.869093 0.280732 1.404492
v -8.802059 0.312147 1.348851
v -8.778429 0.296574 1.372480
v -8.847281 0.266353 1.434513
v -8.802059 0.312147 1.348851
v -8.746418 0.280732 1.281818
v -8.716398 0.266353 1.303629
v -8.778429 0.296574 1.372480
v -8.746418 0.280732 1.281818
v -8.699860 0.312147 1.208185
v -8.670084 0.296574 1.223356
v -8.716398 0.266353 1.303629
v -8.699860 0.312147 1.208185
v -8.667656 0.280732 1.127239
v -8.632364 0.266353 1.138706
v -8.670084 0.296574 1.223356
v -8.667656 0.280732 1.127239
v -8.646132 0.312147 1.042823
v -8.613126 0.296574 1.048050
v -8.632364 0.266353 1.138706
v -8.646132 0.312147 1.042823
v -8.640516 0.280732 0.955887
v -8.603409 0.266353 0.955887
v -8.613126 0.296574 1.048050
v -8.640516 0.280732 0.955887
v -8.646132 0.312147 0.868951
v -8.613126 0.296574 0.863723
v -8.603409 0.266353 0.955887
v -8.646132 0.312147 0.868951
v -8.667656 0.280732 0.784535
v -8.632364 0.266353 0.773068
v -8.613126 0.296574 0.863723
v -8.667656 0.280732 0.784535
v -8.699861 0.312147 0.703588
v -8.670086 0.296574 0.688418
v -8.632364 0.266353 0.773068
v -8.699861 0.312147 0.703588
v -8.746418 0.280732 0.629956
v -8.716398 0.266353 0.608145
v -8.670086 0.296574 0.688418
v -8.746418 0.280732 0.629956
v -8.802060 0.312147 0.562923
v -8.778430 0.296574 0.539293
v -8.716398 0.266353 0.608145
v -8.802060 0.312147 0.562923
v -8.869093 0.280732 0.507282
v -8.847281 0.266353 0.477261
v -8.778430 0.296574 0.539293
v -8.869093 0.280732 0.507282
v -8.942727 0.312147 0.460723
v -8.927555 0.296574 0.430948
v -8.847281 0.266353 0.477261
v -8.942727 0.312147 0.460723
v -9.023672 0.280732 0.428519
v -9.012205 0.266353 0.393229
v -8.927555 0.296574 0.430948
v -9.023672 0.280732 0.428519
v -9.108088 0.312147 0.406994
v -9.102861 0.296574 0.373988
v -9.012205 0.266353 0.393229
v -9.108088 0.312147 0.406994
v -9.195024 0.280732 0.401380
v -9.195024 0.266353 0.364273
v -9.102861 0.296574 0.373988
v -9.195024 0.280732 0.401380
v -9.281961 0.312147 0.406994
v -9.287189 0.296574 0.373988
v -9.195024 0.266353 0.364273
v -9.281961 0.312147 0.406994
v -9.366375 0.280732 0.428519
v -9.377842 0.266353 0.393229
v -9.287189 0.296574 0.373988
v -9.366375 0.280732 0.428519
v -9.447323 0.312146 0.460723
v -9.462494 0.296574 0.430948
v -9.377842 0.266353 0.393229
v -9.447323 0.312146 0.460723
v -9.520954 0.280732 0.507281
v -9.542766 0.266353 0.477261
v -9.462494 0.296574 0.430948
v -9.520954 0.280732 0.507281
v -9.587989 0.312147 0.562923
v -9.611619 0.296574 0.539294
v -9.542766 0.266353 0.477261
v -9.587989 0.312147 0.562923
v -9.643628 0.280732 0.629956
v -9.673649 0.266353 0.608145
v -9.611619 0.296574 0.539294
v -9.643628 0.280732 0.629956
v -9.690187 0.312147 0.703589
v -9.719962 0.296574 0.688418
v -9.673649 0.266353 0.608145
v -9.690187 0.312147 0.703589
v -9.722390 0.280732 0.784535
v -9.757682 0.266353 0.773068
v -9.719962 0.296574 0.688418
v -9.722390 0.280732 0.784535
v -9.743917 0.312147 0.868951
v -9.776922 0.296574 0.863723
v -9.757682 0.266353 0.773068
v -9.743917 0.312147 0.868951
v -9.749530 0.280732 0.955887
v -9.786637 0.266353 0.955887
v -9.776922 0.296574 0.863723
v -9.749530 0.280732 0.955887
v -9.743916 0.312147 1.042823
v -9.776920 0.296574 1.048050
v -9.786637 0.266353 0.955887
v -9.743916 0.312147 1.042823
v -9.722390 0.280732 1.127239
v -9.757682 0.266353 1.138706
v -9.776920 0.296574 1.048050
v -9.722390 0.280732 1.127239
v -9.690187 0.312147 1.208185
v -9.719962 0.296574 1.223356
v -9.757682 0.266353 1.138706
v -9.690187 0.312147 1.208185
v -9.643628 0.280732 1.281818
v -9.673649 0.266353 1.303629
v -9.719962 0.296574 1.223356
v -9.643628 0.280732 1.281818
v -9.587990 0.312146 1.348850
v -9.611620 0.296574 1.372480
v -9.673649 0.266353 1.303629
v -9.587990 0.312146 1.348850
v -9.520954 0.280732 1.404492
v -9.542766 0.266353 1.434513
v -9.611620 0.296574 1.372480
v -9.520954 0.280732 1.404492
v -9.447323 0.312146 1.451050
v -9.462494 0.296574 1.480826
v -9.542766 0.266353 1.434513
v -9.447323 0.312146 1.451050
v -9.366375 0.280732 1.483254
v -9.377842 0.266353 1.518545
v -9.462494 0.296574 1.480826
v -9.366375 0.280732 1.483254
v -9.281961 0.312147 1.504780
v -9.287189 0.296574 1.537786
v -9.377842 0.266353 1.518545
vt 0.015065 0.319596
vt 0.015065 0.339418
vt 0.011125 0.339418
vt 0.011125 0.319596
vt 0.015065 0.359240
vt 0.011125 0.359240
vt 0.011125 0.379062
vt 0.015065 0.002441
vt 0.011125 0.002441
vt 0.015065 0.022264
vt 0.011125 0.022264
vt 0.015065 0.042086
vt 0.011125 0.042086
vt 0.015065 0.061908
vt 0.011125 0.061908
vt 0.015065 0.081730
vt 0.011125 0.081730
vt 0.015065 0.101552
vt 0.011125 0.101552
vt 0.015065 0.121374
vt 0.011125 0.121374
vt 0.015065 0.141196
vt 0.011125 0.141196
vt 0.015065 0.161019
vt 0.011125 0.161019
vt 0.015065 0.180841
vt 0.011125 0.180841
vt 0.015065 0.200663
vt 0.011125 0.200663
vt 0.015065 0.220485
vt 0.011125 0.220485
vt 0.015065 0.240307
vt 0.011125 0.240307
vt 0.015065 0.260129
vt 0.011125 0.260129
vt 0.015065 0.279952
vt 0.011125 0.279952
vt 0.015065 0.299774
vt 0.011125 0.299774
vt 0.167436 0.838820
vt 0.167436 0.866238
vt 0.160436 0.674301
vt 0.167436 0.893656
vt 0.167436 0.400127
vt 0.167436 0.427545
vt 0.167436 0.454963
vt 0.167436 0.482382
vt 0.167436 0.509800
vt 0.167436 0.537218
vt 0.167436 0.564637
vt 0.167436 0.592055
vt 0.167436 0.619473
vt 0.167436 0.646891
vt 0.167436 0.674310
vt 0.167436 0.701728
vt 0.167436 0.729147
vt 0.167436 0.756565
vt 0.167436 0.783983
vt 0.167436 0.811401
vt 0.167895 0.838820
vt 0.167895 0.811401
vt 0.169771 0.838820
vt 0.168725 0.838820
vt 0.168725 0.811401
vt 0.169771 0.811401
vt 0.167895 0.866238
vt 0.168725 0.866238
vt 0.169771 0.866238
vt 0.167895 0.893657
vt 0.168725 0.893656
vt 0.169771 0.893656
vt 0.167895 0.400127
vt 0.168725 0.400127
vt 0.169771 0.400127
vt 0.167895 0.427545
vt 0.168725 0.427545
vt 0.169771 0.427545
vt 0.167895 0.454963
vt 0.168725 0.454963
vt 0.169771 0.454963
vt 0.167895 0.482382
vt 0.168725 0.482382
vt 0.169771 0.482382
vt 0.167895 0.509800
vt 0.168725 0.509800
vt 0.169771 0.509800
vt 0.167895 0.537218
vt 0.168725 0.537218
vt 0.169771 0.537218
vt 0.167895 0.564637
vt 0.168725 0.564637
vt 0.169771 0.564637
vt 0.167895 0.592055
vt 0.168725 0.592055
vt 0.169771 0.592055
vt 0.167895 0.619473
vt 0.168725 0.619473
vt 0.169771 0.619473
vt 0.167895 0.646892
vt 0.168725 0.646892
vt 0.169771 0.646892
vt 0.167895 0.674310
vt 0.168725 0.674310
vt 0.169771 0.674310
vt 0.167895 0.701728
vt 0.168725 0.701728
vt 0.169771 0.701728
vt 0.167895 0.729146
vt 0.168725 0.729147
vt 0.169771 0.729147
vt 0.167895 0.756565
vt 0.168725 0.756565
vt 0.169771 0.756565
vt 0.167895 0.783983
vt 0.168725 0.783983
vt 0.169771 0.783983
vt 0.170362 0.838820
vt 0.170362 0.866238
vt 0.170362 0.811401
vt 0.170362 0.783983
vt 0.170362 0.756565
vt 0.170362 0.729147
vt 0.170362 0.701728
vt 0.170362 0.674310
vt 0.170362 0.646892
vt 0.170362 0.619473
vt 0.170362 0.592055
vt 0.170362 0.564637
vt 0.170362 0.537218
vt 0.170362 0.509800
vt 0.170362 0.482382
vt 0.170362 0.454963
vt 0.170362 0.427545
vt 0.170362 0.400127
vt 0.170362 0.893656
vt 0.007926 0.319596
vt 0.007926 0.339418
vt 0.006926 0.339418
vt 0.006926 0.319596
vt 0.007927 0.299774
vt 0.006926 0.299774
vt 0.007926 0.279952
vt 0.006926 0.279952
vt 0.007927 0.260129
vt 0.006926 0.260129
vt 0.007927 0.240307
vt 0.006926 0.240307
vt 0.007927 0.220485
vt 0.006926 0.220485
vt 0.007927 0.200663
vt 0.006926 0.200663
vt 0.007927 0.180841
vt 0.006926 0.180841
vt 0.007927 0.161019
vt 0.006926 0.161019
vt 0.007927 0.141196
vt 0.006926 0.141196
vt 0.007927 0.121374
vt 0.006926 0.121374
vt 0.007927 0.101552
vt 0.006926 0.101552
vt 0.007927 0.081730
vt 0.006926 0.081730
vt 0.007927 0.061908
vt 0.006926 0.061908
vt 0.007927 0.042086
vt 0.006926 0.042086
vt 0.007927 0.022264
vt 0.006926 0.022264
vt 0.007927 0.002441
vt 0.006926 0.002441
vt 0.006926 0.379062
vt 0.007926 0.359240
vt 0.006926 0.359240
vt 0.173833 0.838820
vt 0.173833 0.866238
vt 0.173833 0.811401
vt 0.173833 0.783983
vt 0.173833 0.756565
vt 0.173833 0.729147
vt 0.173833 0.701728
vt 0.173833 0.674310
vt 0.173833 0.646892
vt 0.173833 0.619473
vt 0.173833 0.592055
vt 0.173833 0.564637
vt 0.173833 0.537218
vt 0.173833 0.509800
vt 0.173833 0.482382
vt 0.173833 0.454963
vt 0.173833 0.427545
vt 0.173833 0.400127
vt 0.173833 0.893656
vt 0.180665 0.838820
vt 0.180665 0.866238
vt 0.180665 0.811401
vt 0.180665 0.783983
vt 0.180665 0.756565
vt 0.180665 0.729147
vt 0.180665 0.701728
vt 0.180665 0.674310
vt 0.180665 0.646892
vt 0.180665 0.619473
vt 0.180665 0.592055
vt 0.180665 0.564637
vt 0.180665 0.537218
vt 0.180665 0.509800
vt 0.180665 0.482382
vt 0.180665 0.454963
vt 0.180665 0.427545
vt 0.180665 0.400127
vt 0.180665 0.893656
vt 0.002442 0.477505
vt 0.005690 0.477505
vt 0.009100 0.483430
vt 0.007788 0.486766
vt 0.007788 0.468243
vt 0.009100 0.471579
vt 0.011215 0.468243
vt 0.014592 0.474221
vt 0.013295 0.477505
vt 0.009100 0.464906
vt 0.002441 0.458981
vt 0.005690 0.458981
vt 0.013295 0.458981
vt 0.014592 0.462265
vt 0.016873 0.458981
vt 0.020523 0.464906
vt 0.019125 0.468243
vt 0.014592 0.455697
vt 0.009100 0.453056
vt 0.011215 0.449719
vt 0.019125 0.449719
vt 0.020523 0.453056
vt 0.007788 0.449719
vt 0.014592 0.480788
vt 0.016873 0.477505
vt 0.020523 0.483430
vt 0.019125 0.486766
vt 0.011215 0.486766
vt 0.020523 0.471579
vt 0.009100 0.446383
vt 0.002441 0.440457
vt 0.005690 0.440457
vt 0.013295 0.440457
vt 0.014592 0.443741
vt 0.016873 0.440457
vt 0.020523 0.446383
vt 0.014592 0.437174
vt 0.009100 0.434532
vt 0.011215 0.431196
vt 0.019125 0.431196
vt 0.020523 0.434532
vt 0.007788 0.431196
vt 0.009100 0.427859
vt 0.002441 0.421934
vt 0.005690 0.421934
vt 0.013295 0.421934
vt 0.014592 0.425218
vt 0.016873 0.421934
vt 0.020523 0.427859
vt 0.014592 0.418650
vt 0.009100 0.416008
vt 0.011215 0.412672
vt 0.020523 0.416008
vt 0.002441 0.773882
vt 0.005690 0.773882
vt 0.013295 0.773882
vt 0.014592 0.406694
vt 0.016873 0.773882
vt 0.014592 0.770598
vt 0.009100 0.767957
vt 0.011215 0.764620
vt 0.019125 0.764620
vt 0.020523 0.767957
vt 0.007788 0.764620
vt 0.009100 0.761284
vt 0.002441 0.755358
vt 0.005690 0.755358
vt 0.013295 0.755358
vt 0.014592 0.758642
vt 0.016873 0.755358
vt 0.020523 0.761284
vt 0.014592 0.752075
vt 0.009100 0.749433
vt 0.011215 0.746096
vt 0.019125 0.746096
vt 0.020523 0.749433
vt 0.007788 0.746096
vt 0.009100 0.742760
vt 0.002441 0.736835
vt 0.005690 0.736835
vt 0.013295 0.736835
vt 0.014592 0.740118
vt 0.016873 0.736835
vt 0.020523 0.742760
vt 0.014592 0.733551
vt 0.009100 0.730909
vt 0.011215 0.727573
vt 0.019125 0.727573
vt 0.020523 0.730909
vt 0.007788 0.727573
vt 0.009100 0.724236
vt 0.002441 0.718311
vt 0.005690 0.718311
vt 0.013295 0.718311
vt 0.014592 0.721595
vt 0.016873 0.718311
vt 0.020523 0.724236
vt 0.014592 0.715027
vt 0.009100 0.712386
vt 0.011215 0.709049
vt 0.019125 0.709049
vt 0.020523 0.712386
vt 0.007788 0.709049
vt 0.009100 0.705713
vt 0.002441 0.699788
vt 0.005690 0.699788
vt 0.013295 0.699788
vt 0.014592 0.703071
vt 0.016873 0.699788
vt 0.020523 0.705713
vt 0.014592 0.696504
vt 0.009100 0.693862
vt 0.011215 0.690526
vt 0.019125 0.690526
vt 0.020523 0.693862
vt 0.007788 0.690526
vt 0.009100 0.687189
vt 0.002441 0.681264
vt 0.005690 0.681264
vt 0.013295 0.681264
vt 0.014592 0.684548
vt 0.016873 0.681264
vt 0.020523 0.687189
vt 0.014592 0.677980
vt 0.009100 0.675339
vt 0.011215 0.672002
vt 0.019125 0.672002
vt 0.020523 0.675339
vt 0.007788 0.672002
vt 0.009100 0.668666
vt 0.002441 0.662740
vt 0.005690 0.662740
vt 0.013295 0.662740
vt 0.014592 0.666024
vt 0.016873 0.662740
vt 0.020523 0.668666
vt 0.014592 0.659457
vt 0.009100 0.656815
vt 0.011215 0.653479
vt 0.019125 0.653479
vt 0.020523 0.656815
vt 0.007788 0.653479
vt 0.009100 0.650142
vt 0.002441 0.644217
vt 0.005690 0.644217
vt 0.013295 0.644217
vt 0.014592 0.647501
vt 0.016873 0.644217
vt 0.020523 0.650142
vt 0.014592 0.640933
vt 0.009100 0.638292
vt 0.011215 0.634955
vt 0.019125 0.634955
vt 0.020523 0.638292
vt 0.007788 0.634955
vt 0.009100 0.631618
vt 0.002441 0.625693
vt 0.005690 0.625693
vt 0.013295 0.625693
vt 0.014592 0.628977
vt 0.016873 0.625693
vt 0.020523 0.631618
vt 0.014592 0.622410
vt 0.009100 0.619768
vt 0.011215 0.616432
vt 0.019125 0.616432
vt 0.020523 0.619768
vt 0.007788 0.616432
vt 0.009100 0.613095
vt 0.002441 0.607170
vt 0.005690 0.607170
vt 0.013295 0.607170
vt 0.014592 0.610453
vt 0.016873 0.607170
vt 0.020523 0.613095
vt 0.014592 0.603886
vt 0.009100 0.601244
vt 0.011215 0.597908
vt 0.019125 0.597908
vt 0.020523 0.601244
vt 0.007788 0.597908
vt 0.009100 0.594571
vt 0.002441 0.588646
vt 0.005690 0.588646
vt 0.013295 0.588646
vt 0.014592 0.591930
vt 0.016873 0.588646
vt 0.014592 0.585362
vt 0.019125 0.579384
vt 0.020523 0.582721
vt 0.020523 0.594571
vt 0.009100 0.582721
vt 0.011215 0.579384
vt 0.007788 0.579384
vt 0.009100 0.576048
vt 0.002441 0.570122
vt 0.005690 0.570122
vt 0.013295 0.570122
vt 0.014592 0.573406
vt 0.016873 0.570122
vt 0.020523 0.576048
vt 0.014592 0.566839
vt 0.009100 0.564197
vt 0.011215 0.560861
vt 0.019125 0.560861
vt 0.020523 0.564197
vt 0.007788 0.560861
vt 0.009100 0.557524
vt 0.002441 0.551599
vt 0.005690 0.551599
vt 0.013295 0.551599
vt 0.014592 0.554883
vt 0.016873 0.551599
vt 0.020523 0.557524
vt 0.014592 0.548315
vt 0.009100 0.545674
vt 0.011215 0.542337
vt 0.019125 0.542337
vt 0.020523 0.545674
vt 0.007788 0.542337
vt 0.009100 0.539001
vt 0.002441 0.533075
vt 0.005690 0.533075
vt 0.013295 0.533075
vt 0.014592 0.536359
vt 0.016873 0.533075
vt 0.020523 0.539001
vt 0.014592 0.529792
vt 0.009100 0.527150
vt 0.011215 0.523814
vt 0.019125 0.523814
vt 0.020523 0.527150
vt 0.007788 0.523814
vt 0.009100 0.520477
vt 0.002441 0.514552
vt 0.005690 0.514552
vt 0.013295 0.514552
vt 0.014592 0.517835
vt 0.016873 0.514552
vt 0.020523 0.520477
vt 0.014592 0.511268
vt 0.009100 0.508627
vt 0.011215 0.505290
vt 0.019125 0.505290
vt 0.020523 0.508626
vt 0.007788 0.505290
vt 0.009100 0.501953
vt 0.002441 0.496028
vt 0.005690 0.496028
vt 0.013295 0.496028
vt 0.014592 0.499312
vt 0.016873 0.496028
vt 0.020523 0.501953
vt 0.014592 0.492744
vt 0.009100 0.490103
vt 0.020523 0.490103
vt 0.144539 0.607170
vt 0.145835 0.610453
vt 0.141779 0.616432
vt 0.139570 0.613095
vt 0.145835 0.603886
vt 0.139570 0.601244
vt 0.141779 0.597908
vt 0.148023 0.607170
vt 0.150295 0.597908
vt 0.151638 0.601244
vt 0.151638 0.613095
vt 0.150295 0.616431
vt 0.153716 0.597908
vt 0.159285 0.607170
vt 0.156078 0.607170
vt 0.151638 0.594571
vt 0.145835 0.591930
vt 0.148023 0.588646
vt 0.156078 0.588646
vt 0.159285 0.588646
vt 0.151638 0.582721
vt 0.153716 0.579384
vt 0.145835 0.585362
vt 0.144539 0.588646
vt 0.139570 0.582721
vt 0.141779 0.579384
vt 0.150295 0.579384
vt 0.139569 0.594571
vt 0.153716 0.616432
vt 0.144539 0.625693
vt 0.145835 0.628977
vt 0.141779 0.634955
vt 0.139570 0.631618
vt 0.145835 0.622410
vt 0.139570 0.619768
vt 0.148023 0.625693
vt 0.151638 0.619768
vt 0.151638 0.631618
vt 0.150295 0.634955
vt 0.159285 0.625693
vt 0.156078 0.625693
vt 0.153716 0.634955
vt 0.144539 0.644217
vt 0.145835 0.647501
vt 0.141779 0.653479
vt 0.139570 0.650142
vt 0.145835 0.640933
vt 0.139570 0.638292
vt 0.148023 0.644217
vt 0.151638 0.638292
vt 0.151638 0.650142
vt 0.150295 0.653479
vt 0.159285 0.644217
vt 0.156078 0.644217
vt 0.153716 0.653479
vt 0.144539 0.662740
vt 0.145835 0.666024
vt 0.141779 0.672002
vt 0.139570 0.668666
vt 0.145835 0.659457
vt 0.139570 0.656815
vt 0.148023 0.662740
vt 0.151638 0.656815
vt 0.151638 0.668666
vt 0.150295 0.672002
vt 0.159285 0.662740
vt 0.156078 0.662740
vt 0.153716 0.672002
vt 0.144539 0.681264
vt 0.145835 0.684548
vt 0.141779 0.690526
vt 0.139570 0.687189
vt 0.145835 0.677980
vt 0.139570 0.675339
vt 0.148023 0.681264
vt 0.151638 0.675339
vt 0.151638 0.687189
vt 0.150295 0.690526
vt 0.159285 0.681264
vt 0.156078 0.681264
vt 0.153716 0.690526
vt 0.144539 0.699788
vt 0.145835 0.703071
vt 0.141779 0.709049
vt 0.139570 0.705713
vt 0.145835 0.696504
vt 0.139570 0.693862
vt 0.148023 0.699788
vt 0.151638 0.693862
vt 0.151638 0.705713
vt 0.150295 0.709049
vt 0.159285 0.699788
vt 0.156078 0.699788
vt 0.153716 0.709049
vt 0.144539 0.718311
vt 0.145835 0.721595
vt 0.141779 0.727573
vt 0.139570 0.724236
vt 0.145835 0.715027
vt 0.139570 0.712386
vt 0.148023 0.718311
vt 0.151638 0.712386
vt 0.151638 0.724236
vt 0.150295 0.727573
vt 0.159285 0.718311
vt 0.156078 0.718311
vt 0.153716 0.727573
vt 0.144539 0.736835
vt 0.145835 0.740119
vt 0.141779 0.746097
vt 0.139570 0.742760
vt 0.145835 0.733551
vt 0.139570 0.730910
vt 0.148023 0.736835
vt 0.151638 0.730909
vt 0.151638 0.742760
vt 0.150295 0.746097
vt 0.159285 0.736835
vt 0.156078 0.736835
vt 0.153716 0.746097
vt 0.144539 0.755358
vt 0.145835 0.758642
vt 0.141779 0.764620
vt 0.139569 0.761284
vt 0.145835 0.752075
vt 0.139570 0.749433
vt 0.148023 0.755358
vt 0.151638 0.749433
vt 0.151638 0.761284
vt 0.150295 0.764620
vt 0.159285 0.755358
vt 0.156078 0.755358
vt 0.153716 0.764620
vt 0.144539 0.773882
vt 0.145835 0.406694
vt 0.141779 0.412672
vt 0.145835 0.770598
vt 0.139569 0.767957
vt 0.148023 0.773882
vt 0.151638 0.767957
vt 0.150295 0.412672
vt 0.159285 0.773882
vt 0.156078 0.773882
vt 0.153716 0.412672
vt 0.144539 0.421934
vt 0.145835 0.425218
vt 0.141779 0.431196
vt 0.139570 0.427859
vt 0.145835 0.418650
vt 0.139570 0.416009
vt 0.148023 0.421934
vt 0.151638 0.416009
vt 0.151638 0.427859
vt 0.150295 0.431196
vt 0.159285 0.421934
vt 0.156078 0.421934
vt 0.153716 0.431196
vt 0.144539 0.440457
vt 0.145835 0.443741
vt 0.141779 0.449719
vt 0.139570 0.446383
vt 0.145835 0.437174
vt 0.139570 0.434532
vt 0.148023 0.440457
vt 0.151638 0.434532
vt 0.151638 0.446383
vt 0.150295 0.449719
vt 0.159285 0.440457
vt 0.156078 0.440457
vt 0.153716 0.449719
vt 0.144539 0.458981
vt 0.145835 0.462265
vt 0.141779 0.468243
vt 0.139570 0.464906
vt 0.145835 0.455697
vt 0.139570 0.453056
vt 0.148023 0.458981
vt 0.151638 0.453056
vt 0.151638 0.464906
vt 0.150295 0.468243
vt 0.159285 0.458981
vt 0.156078 0.458981
vt 0.153716 0.468243
vt 0.144539 0.477505
vt 0.145835 0.480788
vt 0.141779 0.486766
vt 0.139570 0.483430
vt 0.145835 0.474221
vt 0.139570 0.471579
vt 0.148023 0.477505
vt 0.151638 0.471579
vt 0.151638 0.483430
vt 0.150295 0.486766
vt 0.159285 0.477505
vt 0.156078 0.477505
vt 0.153716 0.486766
vt 0.144539 0.496028
vt 0.145835 0.499312
vt 0.141779 0.505290
vt 0.139570 0.501953
vt 0.145835 0.492744
vt 0.139570 0.490103
vt 0.148023 0.496028
vt 0.151638 0.490103
vt 0.151638 0.501953
vt 0.150295 0.505290
vt 0.159285 0.496028
vt 0.156078 0.496028
vt 0.153716 0.505290
vt 0.144539 0.514552
vt 0.145835 0.517835
vt 0.141779 0.523813
vt 0.139570 0.520477
vt 0.145835 0.511268
vt 0.139570 0.508626
vt 0.148023 0.514552
vt 0.151638 0.508627
vt 0.151638 0.520477
vt 0.150295 0.523813
vt 0.159285 0.514552
vt 0.156078 0.514552
vt 0.153716 0.523813
vt 0.144539 0.533075
vt 0.145835 0.536359
vt 0.141779 0.542337
vt 0.139570 0.539000
vt 0.145835 0.529792
vt 0.139570 0.527150
vt 0.148023 0.533075
vt 0.151638 0.527150
vt 0.151638 0.539000
vt 0.150295 0.542337
vt 0.159285 0.533075
vt 0.156078 0.533075
vt 0.153716 0.542337
vt 0.144539 0.551599
vt 0.145835 0.554883
vt 0.141779 0.560861
vt 0.139570 0.557524
vt 0.145835 0.548315
vt 0.139570 0.545673
vt 0.148023 0.551599
vt 0.151638 0.545673
vt 0.151638 0.557524
vt 0.150295 0.560861
vt 0.159285 0.551599
vt 0.156078 0.551599
vt 0.153716 0.560861
vt 0.144539 0.570122
vt 0.145835 0.573406
vt 0.139570 0.576048
vt 0.145835 0.566839
vt 0.139570 0.564197
vt 0.148023 0.570122
vt 0.151638 0.564197
vt 0.151638 0.576048
vt 0.159285 0.570122
vt 0.156078 0.570122
vt 0.131603 0.607170
vt 0.133058 0.610453
vt 0.128515 0.616431
vt 0.126131 0.613095
vt 0.133058 0.603886
vt 0.126131 0.601244
vt 0.128515 0.597908
vt 0.135410 0.607170
vt 0.138026 0.597908
vt 0.138026 0.616431
vt 0.133058 0.591930
vt 0.135410 0.588646
vt 0.133058 0.585362
vt 0.131603 0.588646
vt 0.126131 0.582721
vt 0.128515 0.579384
vt 0.138026 0.579384
vt 0.126131 0.594571
vt 0.131603 0.625693
vt 0.133058 0.628977
vt 0.128515 0.634955
vt 0.126131 0.631618
vt 0.133058 0.622410
vt 0.126131 0.619768
vt 0.135410 0.625693
vt 0.138026 0.634955
vt 0.131603 0.644217
vt 0.133058 0.647501
vt 0.128515 0.653479
vt 0.126131 0.650142
vt 0.133058 0.640933
vt 0.126131 0.638292
vt 0.135410 0.644217
vt 0.138026 0.653479
vt 0.131603 0.662740
vt 0.133058 0.666024
vt 0.128515 0.672002
vt 0.126131 0.668666
vt 0.133058 0.659457
vt 0.126131 0.656815
vt 0.135410 0.662740
vt 0.138026 0.672002
vt 0.131603 0.681264
vt 0.133058 0.684548
vt 0.128515 0.690526
vt 0.126131 0.687189
vt 0.133058 0.677980
vt 0.126131 0.675339
vt 0.135410 0.681264
vt 0.138026 0.690526
vt 0.131603 0.699788
vt 0.133058 0.703071
vt 0.128515 0.709049
vt 0.126131 0.705713
vt 0.133058 0.696504
vt 0.126131 0.693862
vt 0.135410 0.699788
vt 0.138026 0.709049
vt 0.131603 0.718311
vt 0.133058 0.721595
vt 0.128515 0.727573
vt 0.126131 0.724236
vt 0.133058 0.715027
vt 0.126131 0.712386
vt 0.135410 0.718311
vt 0.138026 0.727573
vt 0.131603 0.736835
vt 0.133058 0.740119
vt 0.128515 0.746097
vt 0.126131 0.742760
vt 0.133058 0.733551
vt 0.126131 0.730909
vt 0.135410 0.736835
vt 0.138026 0.746097
vt 0.131603 0.755358
vt 0.133058 0.758642
vt 0.128515 0.764620
vt 0.126131 0.761284
vt 0.133058 0.752075
vt 0.126131 0.749433
vt 0.135410 0.755358
vt 0.138026 0.764620
vt 0.131603 0.773882
vt 0.133058 0.406694
vt 0.128515 0.412672
vt 0.133058 0.770598
vt 0.126131 0.767957
vt 0.135410 0.773882
vt 0.138026 0.412672
vt 0.131603 0.421934
vt 0.133058 0.425218
vt 0.128515 0.431196
vt 0.126131 0.427859
vt 0.133058 0.418650
vt 0.126131 0.416009
vt 0.135410 0.421934
vt 0.138026 0.431196
vt 0.131603 0.440457
vt 0.133058 0.443741
vt 0.128515 0.449719
vt 0.126131 0.446383
vt 0.133058 0.437174
vt 0.126131 0.434532
vt 0.135410 0.440457
vt 0.138026 0.449719
vt 0.131603 0.458981
vt 0.133058 0.462265
vt 0.128515 0.468243
vt 0.126131 0.464906
vt 0.133058 0.455697
vt 0.126131 0.453056
vt 0.135410 0.458981
vt 0.138026 0.468243
vt 0.131603 0.477505
vt 0.133058 0.480788
vt 0.128515 0.486766
vt 0.126131 0.483430
vt 0.133058 0.474221
vt 0.126131 0.471579
vt 0.135410 0.477505
vt 0.138026 0.486766
vt 0.131603 0.496028
vt 0.133058 0.499312
vt 0.128515 0.505290
vt 0.126131 0.501953
vt 0.133058 0.492744
vt 0.126131 0.490103
vt 0.135410 0.496028
vt 0.138026 0.505290
vt 0.131603 0.514552
vt 0.133058 0.517835
vt 0.128515 0.523814
vt 0.126131 0.520477
vt 0.133058 0.511268
vt 0.126131 0.508627
vt 0.135410 0.514552
vt 0.138026 0.523814
vt 0.131603 0.533075
vt 0.133058 0.536359
vt 0.128515 0.542337
vt 0.126131 0.539000
vt 0.133058 0.529792
vt 0.126131 0.527150
vt 0.135410 0.533075
vt 0.138026 0.542337
vt 0.131603 0.551599
vt 0.133058 0.554883
vt 0.128515 0.560861
vt 0.126131 0.557524
vt 0.133058 0.548315
vt 0.126131 0.545674
vt 0.135410 0.551599
vt 0.138026 0.560861
vt 0.131603 0.570122
vt 0.133058 0.573406
vt 0.126131 0.576048
vt 0.133058 0.566839
vt 0.126131 0.564197
vt 0.135410 0.570122
vt 0.117367 0.607170
vt 0.118976 0.610453
vt 0.114050 0.616432
vt 0.111447 0.613095
vt 0.118976 0.603886
vt 0.111447 0.601244
vt 0.114050 0.597908
vt 0.121492 0.607170
vt 0.124410 0.597908
vt 0.124410 0.616431
vt 0.118976 0.591930
vt 0.121492 0.588646
vt 0.118976 0.585362
vt 0.117367 0.588646
vt 0.111447 0.582721
vt 0.114050 0.579384
vt 0.124410 0.579384
vt 0.111447 0.594571
vt 0.117367 0.625693
vt 0.118976 0.628977
vt 0.114050 0.634955
vt 0.111447 0.631618
vt 0.118976 0.622410
vt 0.111447 0.619768
vt 0.121492 0.625693
vt 0.124410 0.634955
vt 0.117367 0.644217
vt 0.118976 0.647501
vt 0.114050 0.653479
vt 0.111447 0.650142
vt 0.118976 0.640933
vt 0.111447 0.638292
vt 0.121492 0.644217
vt 0.124410 0.653479
vt 0.117367 0.662740
vt 0.118976 0.666024
vt 0.114050 0.672002
vt 0.111447 0.668666
vt 0.118976 0.659457
vt 0.111447 0.656815
vt 0.121492 0.662740
vt 0.124410 0.672002
vt 0.117367 0.681264
vt 0.118976 0.684548
vt 0.114050 0.690526
vt 0.111447 0.687189
vt 0.118976 0.677980
vt 0.111447 0.675339
vt 0.121492 0.681264
vt 0.124410 0.690526
vt 0.117367 0.699788
vt 0.118976 0.703071
vt 0.114050 0.709049
vt 0.111447 0.705713
vt 0.118976 0.696504
vt 0.111447 0.693862
vt 0.121492 0.699788
vt 0.124410 0.709049
vt 0.117367 0.718311
vt 0.118976 0.721595
vt 0.114050 0.727573
vt 0.111447 0.724236
vt 0.118976 0.715027
vt 0.111447 0.712386
vt 0.121492 0.718311
vt 0.124410 0.727573
vt 0.117367 0.736835
vt 0.118976 0.740118
vt 0.114050 0.746097
vt 0.111447 0.742760
vt 0.118976 0.733551
vt 0.111447 0.730909
vt 0.121492 0.736835
vt 0.124410 0.746097
vt 0.117367 0.755358
vt 0.118976 0.758642
vt 0.114050 0.764620
vt 0.111447 0.761284
vt 0.118976 0.752075
vt 0.111447 0.749433
vt 0.121492 0.755358
vt 0.124410 0.764620
vt 0.117367 0.773882
vt 0.118976 0.406694
vt 0.114050 0.412672
vt 0.118976 0.770598
vt 0.111447 0.767957
vt 0.121492 0.773882
vt 0.124410 0.412672
vt 0.117367 0.421934
vt 0.118976 0.425218
vt 0.114050 0.431195
vt 0.111447 0.427859
vt 0.118976 0.418650
vt 0.111447 0.416009
vt 0.121492 0.421934
vt 0.124410 0.431196
vt 0.117367 0.440457
vt 0.118976 0.443741
vt 0.114050 0.449719
vt 0.111447 0.446383
vt 0.118976 0.437174
vt 0.111447 0.434532
vt 0.121492 0.440457
vt 0.124410 0.449719
vt 0.117367 0.458981
vt 0.118976 0.462265
vt 0.114050 0.468243
vt 0.111447 0.464906
vt 0.118976 0.455697
vt 0.111447 0.453056
vt 0.121492 0.458981
vt 0.124410 0.468243
vt 0.117367 0.477505
vt 0.118976 0.480788
vt 0.114050 0.486766
vt 0.111447 0.483430
vt 0.118976 0.474221
vt 0.111447 0.471579
vt 0.121492 0.477505
vt 0.124410 0.486766
vt 0.117367 0.496028
vt 0.118976 0.499312
vt 0.114050 0.505290
vt 0.111447 0.501953
vt 0.118976 0.492744
vt 0.111447 0.490103
vt 0.121492 0.496028
vt 0.124410 0.505290
vt 0.117367 0.514552
vt 0.118976 0.517835
vt 0.114050 0.523814
vt 0.111447 0.520477
vt 0.118976 0.511268
vt 0.111447 0.508626
vt 0.121492 0.514552
vt 0.124410 0.523813
vt 0.117367 0.533075
vt 0.118976 0.536359
vt 0.114050 0.542337
vt 0.111447 0.539001
vt 0.118976 0.529792
vt 0.111447 0.527150
vt 0.121492 0.533075
vt 0.124410 0.542337
vt 0.117367 0.551599
vt 0.118976 0.554883
vt 0.114050 0.560861
vt 0.111447 0.557524
vt 0.118976 0.548315
vt 0.111447 0.545674
vt 0.121492 0.551599
vt 0.124410 0.560861
vt 0.117367 0.570122
vt 0.118976 0.573406
vt 0.111447 0.576048
vt 0.118976 0.566839
vt 0.111447 0.564197
vt 0.121492 0.570122
vt 0.102095 0.607170
vt 0.103772 0.610453
vt 0.098666 0.616432
vt 0.095817 0.613095
vt 0.103772 0.603886
vt 0.095817 0.601244
vt 0.098666 0.597908
vt 0.106485 0.607170
vt 0.109613 0.597908
vt 0.109613 0.616432
vt 0.103772 0.591930
vt 0.106485 0.588646
vt 0.103772 0.585362
vt 0.102095 0.588646
vt 0.095817 0.582721
vt 0.098666 0.579384
vt 0.109613 0.579384
vt 0.095817 0.594571
vt 0.102095 0.625693
vt 0.103772 0.628977
vt 0.098666 0.634955
vt 0.095817 0.631618
vt 0.103772 0.622410
vt 0.095817 0.619768
vt 0.106485 0.625693
vt 0.109613 0.634955
vt 0.102095 0.644217
vt 0.103772 0.647501
vt 0.098666 0.653479
vt 0.095817 0.650142
vt 0.103772 0.640933
vt 0.095817 0.638292
vt 0.106485 0.644217
vt 0.109613 0.653479
vt 0.102095 0.662740
vt 0.103772 0.666024
vt 0.098666 0.672002
vt 0.095817 0.668666
vt 0.103772 0.659457
vt 0.095817 0.656815
vt 0.106485 0.662740
vt 0.109613 0.672002
vt 0.102095 0.681264
vt 0.103772 0.684548
vt 0.098666 0.690526
vt 0.095817 0.687189
vt 0.103772 0.677980
vt 0.095817 0.675339
vt 0.106485 0.681264
vt 0.109613 0.690526
vt 0.102095 0.699788
vt 0.103772 0.703071
vt 0.098666 0.709049
vt 0.095817 0.705713
vt 0.103772 0.696504
vt 0.095817 0.693862
vt 0.106485 0.699788
vt 0.109613 0.709049
vt 0.102095 0.718311
vt 0.103772 0.721595
vt 0.098666 0.727573
vt 0.095817 0.724236
vt 0.103772 0.715027
vt 0.095817 0.712386
vt 0.106485 0.718311
vt 0.109613 0.727573
vt 0.102095 0.736835
vt 0.103772 0.740118
vt 0.098666 0.746097
vt 0.095817 0.742760
vt 0.103772 0.733551
vt 0.095817 0.730909
vt 0.106485 0.736835
vt 0.109613 0.746097
vt 0.102095 0.755358
vt 0.103772 0.758642
vt 0.098666 0.764620
vt 0.095817 0.761284
vt 0.103772 0.752075
vt 0.095817 0.749433
vt 0.106485 0.755358
vt 0.109613 0.764620
vt 0.102095 0.773882
vt 0.103772 0.406694
vt 0.098666 0.412672
vt 0.103772 0.770598
vt 0.095817 0.767957
vt 0.106485 0.773882
vt 0.109613 0.412672
vt 0.102095 0.421934
vt 0.103772 0.425218
vt 0.098666 0.431195
vt 0.095817 0.427859
vt 0.103772 0.418650
vt 0.095817 0.416009
vt 0.106485 0.421934
vt 0.109613 0.431195
vt 0.102095 0.440457
vt 0.103772 0.443741
vt 0.098666 0.449719
vt 0.095817 0.446383
vt 0.103772 0.437174
vt 0.095817 0.434532
vt 0.106485 0.440457
vt 0.109613 0.449719
vt 0.102095 0.458981
vt 0.103772 0.462265
vt 0.098666 0.468243
vt 0.095817 0.464906
vt 0.103772 0.455697
vt 0.095817 0.453056
vt 0.106485 0.458981
vt 0.109613 0.468243
vt 0.102095 0.477505
vt 0.103772 0.480788
vt 0.098666 0.486766
vt 0.095817 0.483430
vt 0.103772 0.474221
vt 0.095817 0.471579
vt 0.106485 0.477505
vt 0.109614 0.486766
vt 0.102095 0.496028
vt 0.103772 0.499312
vt 0.098666 0.505290
vt 0.095817 0.501953
vt 0.103772 0.492744
vt 0.095817 0.490103
vt 0.106485 0.496028
vt 0.109613 0.505290
vt 0.102095 0.514552
vt 0.103772 0.517835
vt 0.098666 0.523814
vt 0.095817 0.520477
vt 0.103772 0.511268
vt 0.095817 0.508627
vt 0.106485 0.514552
vt 0.109613 0.523814
vt 0.102095 0.533075
vt 0.103772 0.536359
vt 0.098666 0.542337
vt 0.095817 0.539001
vt 0.103772 0.529792
vt 0.095817 0.527150
vt 0.106485 0.533075
vt 0.109613 0.542337
vt 0.102095 0.551599
vt 0.103772 0.554883
vt 0.098666 0.560861
vt 0.095817 0.557524
vt 0.103772 0.548315
vt 0.095817 0.545674
vt 0.106485 0.551599
vt 0.109613 0.560861
vt 0.102095 0.570122
vt 0.103772 0.573406
vt 0.095817 0.576048
vt 0.103772 0.566839
vt 0.095817 0.564197
vt 0.106485 0.570122
vt 0.086130 0.607170
vt 0.087819 0.610453
vt 0.082718 0.616432
vt 0.079690 0.613095
vt 0.087819 0.603886
vt 0.079690 0.601244
vt 0.082718 0.597908
vt 0.090750 0.607170
vt 0.093982 0.597908
vt 0.093982 0.616432
vt 0.087819 0.591930
vt 0.090750 0.588646
vt 0.087819 0.585362
vt 0.086130 0.588646
vt 0.079690 0.582721
vt 0.082718 0.579384
vt 0.093982 0.579384
vt 0.079690 0.594571
vt 0.086130 0.625693
vt 0.087819 0.628977
vt 0.082718 0.634955
vt 0.079690 0.631618
vt 0.087819 0.622410
vt 0.079690 0.619768
vt 0.090750 0.625693
vt 0.093982 0.634955
vt 0.086130 0.644217
vt 0.087819 0.647501
vt 0.082718 0.653479
vt 0.079690 0.650142
vt 0.087819 0.640933
vt 0.079690 0.638292
vt 0.090750 0.644217
vt 0.093982 0.653479
vt 0.086130 0.662740
vt 0.087819 0.666024
vt 0.082718 0.672002
vt 0.079690 0.668666
vt 0.087819 0.659457
vt 0.079690 0.656815
vt 0.090750 0.662740
vt 0.093982 0.672002
vt 0.086130 0.681264
vt 0.087819 0.684548
vt 0.082718 0.690526
vt 0.079690 0.687189
vt 0.087819 0.677980
vt 0.079690 0.675339
vt 0.090750 0.681264
vt 0.093982 0.690526
vt 0.086130 0.699788
vt 0.087819 0.703071
vt 0.082718 0.709049
vt 0.079690 0.705713
vt 0.087819 0.696504
vt 0.079690 0.693862
vt 0.090750 0.699788
vt 0.093982 0.709049
vt 0.086130 0.718311
vt 0.087819 0.721595
vt 0.082718 0.727573
vt 0.079690 0.724236
vt 0.087819 0.715027
vt 0.079690 0.712386
vt 0.090750 0.718311
vt 0.093982 0.727573
vt 0.086130 0.736835
vt 0.087819 0.740118
vt 0.082718 0.746097
vt 0.079690 0.742760
vt 0.087819 0.733551
vt 0.079690 0.730909
vt 0.090750 0.736835
vt 0.093982 0.746097
vt 0.086130 0.755358
vt 0.087819 0.758642
vt 0.082718 0.764620
vt 0.079690 0.761284
vt 0.087819 0.752075
vt 0.079690 0.749433
vt 0.090750 0.755358
vt 0.093982 0.764620
vt 0.086130 0.773882
vt 0.087819 0.406694
vt 0.082718 0.412672
vt 0.087819 0.770598
vt 0.079690 0.767957
vt 0.090750 0.773882
vt 0.093982 0.412672
vt 0.086130 0.421934
vt 0.087819 0.425218
vt 0.082718 0.431196
vt 0.079690 0.427859
vt 0.087819 0.418650
vt 0.079690 0.416009
vt 0.090750 0.421934
vt 0.093982 0.431195
vt 0.086130 0.440457
vt 0.087819 0.443741
vt 0.082718 0.449719
vt 0.079690 0.446383
vt 0.087819 0.437174
vt 0.079690 0.434532
vt 0.090750 0.440457
vt 0.093982 0.449719
vt 0.086130 0.458981
vt 0.087819 0.462265
vt 0.082718 0.468243
vt 0.079690 0.464906
vt 0.087819 0.455697
vt 0.079690 0.453056
vt 0.090750 0.458981
vt 0.093982 0.468243
vt 0.086130 0.477505
vt 0.087819 0.480788
vt 0.082718 0.486766
vt 0.079690 0.483430
vt 0.087819 0.474221
vt 0.079690 0.471579
vt 0.090750 0.477505
vt 0.093982 0.486766
vt 0.086130 0.496028
vt 0.087819 0.499312
vt 0.082718 0.505290
vt 0.079690 0.501953
vt 0.087819 0.492744
vt 0.079690 0.490103
vt 0.090750 0.496028
vt 0.093982 0.505290
vt 0.086130 0.514552
vt 0.087819 0.517835
vt 0.082718 0.523813
vt 0.079690 0.520477
vt 0.087819 0.511268
vt 0.079690 0.508627
vt 0.090750 0.514552
vt 0.093982 0.523814
vt 0.086130 0.533075
vt 0.087819 0.536359
vt 0.082718 0.542337
vt 0.079690 0.539001
vt 0.087819 0.529792
vt 0.079690 0.527150
vt 0.090750 0.533075
vt 0.093982 0.542337
vt 0.086130 0.551599
vt 0.087819 0.554883
vt 0.082718 0.560861
vt 0.079690 0.557524
vt 0.087819 0.548315
vt 0.079690 0.545674
vt 0.090750 0.551599
vt 0.093982 0.560861
vt 0.086130 0.570122
vt 0.087819 0.573406
vt 0.079690 0.576048
vt 0.087819 0.566839
vt 0.079690 0.564197
vt 0.090750 0.570122
vt 0.070002 0.607170
vt 0.071629 0.610453
vt 0.066681 0.616432
vt 0.063600 0.613095
vt 0.071629 0.603886
vt 0.063600 0.601244
vt 0.066681 0.597908
vt 0.074692 0.607170
vt 0.077884 0.597908
vt 0.077884 0.616431
vt 0.071629 0.591930
vt 0.074692 0.588646
vt 0.071629 0.585362
vt 0.070002 0.588646
vt 0.063600 0.582721
vt 0.066681 0.579384
vt 0.077884 0.579384
vt 0.063600 0.594571
vt 0.070002 0.625693
vt 0.071629 0.628977
vt 0.066681 0.634955
vt 0.063600 0.631618
vt 0.071629 0.622410
vt 0.063600 0.619768
vt 0.074692 0.625693
vt 0.077884 0.634955
vt 0.070002 0.644217
vt 0.071629 0.647501
vt 0.066681 0.653479
vt 0.063600 0.650142
vt 0.071629 0.640933
vt 0.063600 0.638292
vt 0.074692 0.644217
vt 0.077884 0.653479
vt 0.070002 0.662740
vt 0.071629 0.666024
vt 0.066681 0.672002
vt 0.063600 0.668666
vt 0.071629 0.659457
vt 0.063600 0.656815
vt 0.074692 0.662740
vt 0.077884 0.672002
vt 0.070002 0.681264
vt 0.071629 0.684548
vt 0.066681 0.690526
vt 0.063600 0.687189
vt 0.071629 0.677980
vt 0.063600 0.675339
vt 0.074692 0.681264
vt 0.077884 0.690526
vt 0.070002 0.699788
vt 0.071629 0.703071
vt 0.066681 0.709049
vt 0.063600 0.705713
vt 0.071629 0.696504
vt 0.063600 0.693862
vt 0.074692 0.699788
vt 0.077884 0.709049
vt 0.070002 0.718311
vt 0.071629 0.721595
vt 0.066681 0.727573
vt 0.063600 0.724236
vt 0.071629 0.715027
vt 0.063600 0.712386
vt 0.074692 0.718311
vt 0.077884 0.727573
vt 0.070002 0.736835
vt 0.071629 0.740118
vt 0.066681 0.746097
vt 0.063600 0.742760
vt 0.071629 0.733551
vt 0.063600 0.730909
vt 0.074692 0.736835
vt 0.077884 0.746097
vt 0.070002 0.755358
vt 0.071629 0.758642
vt 0.066681 0.764620
vt 0.063600 0.761284
vt 0.071629 0.752075
vt 0.063600 0.749433
vt 0.074692 0.755358
vt 0.077884 0.764620
vt 0.070002 0.773882
vt 0.071629 0.406694
vt 0.066681 0.412672
vt 0.071629 0.770598
vt 0.063600 0.767957
vt 0.074692 0.773882
vt 0.077884 0.412672
vt 0.070002 0.421934
vt 0.071629 0.425218
vt 0.066681 0.431196
vt 0.063600 0.427859
vt 0.071629 0.418650
vt 0.063600 0.416009
vt 0.074692 0.421934
vt 0.077884 0.431196
vt 0.070002 0.440457
vt 0.071629 0.443741
vt 0.066681 0.449719
vt 0.063600 0.446383
vt 0.071629 0.437174
vt 0.063600 0.434532
vt 0.074692 0.440457
vt 0.077884 0.449719
vt 0.070002 0.458981
vt 0.071629 0.462265
vt 0.066681 0.468243
vt 0.063600 0.464906
vt 0.071629 0.455697
vt 0.063600 0.453056
vt 0.074692 0.458981
vt 0.077884 0.468243
vt 0.070002 0.477505
vt 0.071629 0.480788
vt 0.066681 0.486766
vt 0.063600 0.483430
vt 0.071629 0.474221
vt 0.063600 0.471579
vt 0.074692 0.477505
vt 0.077884 0.486766
vt 0.070002 0.496028
vt 0.071629 0.499312
vt 0.066681 0.505290
vt 0.063600 0.501953
vt 0.071629 0.492744
vt 0.063600 0.490103
vt 0.074692 0.496028
vt 0.077884 0.505290
vt 0.070002 0.514552
vt 0.071629 0.517835
vt 0.066681 0.523813
vt 0.063600 0.520477
vt 0.071629 0.511268
vt 0.063600 0.508626
vt 0.074692 0.514552
vt 0.077884 0.523814
vt 0.070002 0.533075
vt 0.071629 0.536359
vt 0.066681 0.542337
vt 0.063600 0.539001
vt 0.071629 0.529792
vt 0.063600 0.527150
vt 0.074692 0.533075
vt 0.077884 0.542337
vt 0.070002 0.551599
vt 0.071629 0.554883
vt 0.066681 0.560861
vt 0.063600 0.557524
vt 0.071629 0.548315
vt 0.063600 0.545674
vt 0.074692 0.551599
vt 0.077884 0.560861
vt 0.070002 0.570122
vt 0.071629 0.573406
vt 0.063600 0.576048
vt 0.071629 0.566839
vt 0.063600 0.564197
vt 0.074692 0.570122
vt 0.054222 0.607170
vt 0.055751 0.610453
vt 0.051070 0.616431
vt 0.048048 0.613095
vt 0.055751 0.603886
vt 0.048048 0.601244
vt 0.051070 0.597908
vt 0.058805 0.607170
vt 0.061875 0.597908
vt 0.061875 0.616432
vt 0.055751 0.591930
vt 0.058805 0.588646
vt 0.055751 0.585362
vt 0.054222 0.588646
vt 0.048048 0.582721
vt 0.051070 0.579384
vt 0.061875 0.579384
vt 0.048048 0.594571
vt 0.054222 0.625693
vt 0.055751 0.628977
vt 0.051070 0.634955
vt 0.048048 0.631618
vt 0.055751 0.622410
vt 0.048048 0.619768
vt 0.058805 0.625693
vt 0.061875 0.634955
vt 0.054222 0.644217
vt 0.055751 0.647501
vt 0.051070 0.653479
vt 0.048048 0.650142
vt 0.055751 0.640933
vt 0.048048 0.638292
vt 0.058805 0.644217
vt 0.061875 0.653479
vt 0.054222 0.662740
vt 0.055751 0.666024
vt 0.051070 0.672002
vt 0.048048 0.668666
vt 0.055751 0.659457
vt 0.048048 0.656815
vt 0.058805 0.662740
vt 0.061875 0.672002
vt 0.054222 0.681264
vt 0.055751 0.684548
vt 0.051070 0.690526
vt 0.048048 0.687189
vt 0.055751 0.677980
vt 0.048048 0.675339
vt 0.058805 0.681264
vt 0.061875 0.690526
vt 0.054222 0.699788
vt 0.055751 0.703071
vt 0.051070 0.709049
vt 0.048048 0.705713
vt 0.055751 0.696504
vt 0.048048 0.693862
vt 0.058805 0.699788
vt 0.061875 0.709049
vt 0.054222 0.718311
vt 0.055751 0.721595
vt 0.051070 0.727573
vt 0.048048 0.724236
vt 0.055751 0.715027
vt 0.048048 0.712386
vt 0.058805 0.718311
vt 0.061875 0.727573
vt 0.054222 0.736835
vt 0.055751 0.740118
vt 0.051070 0.746097
vt 0.048048 0.742760
vt 0.055751 0.733551
vt 0.048048 0.730909
vt 0.058805 0.736835
vt 0.061875 0.746097
vt 0.054222 0.755358
vt 0.055751 0.758642
vt 0.051070 0.764620
vt 0.048048 0.761284
vt 0.055751 0.752075
vt 0.048048 0.749433
vt 0.058805 0.755358
vt 0.061875 0.764620
vt 0.054222 0.773882
vt 0.055751 0.406694
vt 0.051070 0.412672
vt 0.055751 0.770598
vt 0.048048 0.767957
vt 0.058805 0.773882
vt 0.061875 0.412672
vt 0.054222 0.421934
vt 0.055751 0.425218
vt 0.051070 0.431196
vt 0.048048 0.427859
vt 0.055751 0.418650
vt 0.048048 0.416009
vt 0.058805 0.421934
vt 0.061875 0.431196
vt 0.054222 0.440457
vt 0.055751 0.443741
vt 0.051070 0.449719
vt 0.048048 0.446383
vt 0.055751 0.437174
vt 0.048048 0.434532
vt 0.058805 0.440457
vt 0.061875 0.449719
vt 0.054222 0.458981
vt 0.055751 0.462265
vt 0.051070 0.468243
vt 0.048048 0.464906
vt 0.055751 0.455697
vt 0.048048 0.453056
vt 0.058805 0.458981
vt 0.061875 0.468243
vt 0.054222 0.477505
vt 0.055751 0.480788
vt 0.051070 0.486766
vt 0.048048 0.483430
vt 0.055751 0.474221
vt 0.048048 0.471579
vt 0.058805 0.477505
vt 0.061875 0.486766
vt 0.054222 0.496028
vt 0.055751 0.499312
vt 0.051070 0.505290
vt 0.048048 0.501953
vt 0.055751 0.492744
vt 0.048048 0.490103
vt 0.058805 0.496028
vt 0.061875 0.505290
vt 0.054222 0.514552
vt 0.055751 0.517835
vt 0.051070 0.523813
vt 0.048048 0.520477
vt 0.055751 0.511268
vt 0.048048 0.508627
vt 0.058805 0.514552
vt 0.061875 0.523814
vt 0.054222 0.533075
vt 0.055751 0.536359
vt 0.051070 0.542337
vt 0.048048 0.539001
vt 0.055751 0.529792
vt 0.048048 0.527150
vt 0.058805 0.533075
vt 0.061875 0.542337
vt 0.054222 0.551599
vt 0.055751 0.554883
vt 0.051070 0.560861
vt 0.048048 0.557524
vt 0.055751 0.548315
vt 0.048048 0.545674
vt 0.058805 0.551599
vt 0.061875 0.560861
vt 0.054222 0.570122
vt 0.055751 0.573406
vt 0.048048 0.576048
vt 0.055751 0.566839
vt 0.048048 0.564197
vt 0.058805 0.570122
vt 0.039242 0.607170
vt 0.040671 0.610453
vt 0.036373 0.616431
vt 0.033615 0.613095
vt 0.040671 0.603886
vt 0.033615 0.601244
vt 0.036373 0.597908
vt 0.043599 0.607170
vt 0.046445 0.597908
vt 0.046445 0.616432
vt 0.040671 0.591930
vt 0.043599 0.588646
vt 0.040671 0.585362
vt 0.039242 0.588646
vt 0.033615 0.582721
vt 0.036373 0.579384
vt 0.046445 0.579384
vt 0.033615 0.594571
vt 0.039242 0.625693
vt 0.040671 0.628977
vt 0.036373 0.634955
vt 0.033615 0.631618
vt 0.040671 0.622410
vt 0.033615 0.619768
vt 0.043599 0.625693
vt 0.046445 0.634955
vt 0.039242 0.644217
vt 0.040671 0.647501
vt 0.036373 0.653479
vt 0.033615 0.650142
vt 0.040671 0.640933
vt 0.033615 0.638292
vt 0.043599 0.644217
vt 0.046445 0.653479
vt 0.039242 0.662740
vt 0.040671 0.666024
vt 0.036373 0.672002
vt 0.033615 0.668666
vt 0.040671 0.659457
vt 0.033615 0.656815
vt 0.043599 0.662740
vt 0.046445 0.672002
vt 0.039242 0.681264
vt 0.040671 0.684548
vt 0.036373 0.690526
vt 0.033615 0.687189
vt 0.040671 0.677980
vt 0.033615 0.675339
vt 0.043599 0.681264
vt 0.046445 0.690526
vt 0.039242 0.699788
vt 0.040671 0.703071
vt 0.036373 0.709049
vt 0.033615 0.705713
vt 0.040671 0.696504
vt 0.033615 0.693862
vt 0.043599 0.699788
vt 0.046445 0.709049
vt 0.039242 0.718311
vt 0.040671 0.721595
vt 0.036373 0.727573
vt 0.033615 0.724236
vt 0.040671 0.715027
vt 0.033615 0.712386
vt 0.043599 0.718311
vt 0.046445 0.727573
vt 0.039242 0.736835
vt 0.040671 0.740118
vt 0.036373 0.746097
vt 0.033615 0.742760
vt 0.040671 0.733551
vt 0.033615 0.730909
vt 0.043599 0.736835
vt 0.046445 0.746097
vt 0.039242 0.755358
vt 0.040671 0.758642
vt 0.036373 0.764620
vt 0.033615 0.761284
vt 0.040671 0.752075
vt 0.033615 0.749433
vt 0.043599 0.755358
vt 0.046445 0.764620
vt 0.039242 0.773882
vt 0.040671 0.406694
vt 0.036373 0.412672
vt 0.040671 0.770598
vt 0.033615 0.767957
vt 0.043599 0.773882
vt 0.046445 0.412672
vt 0.039242 0.421934
vt 0.040671 0.425218
vt 0.036373 0.431196
vt 0.033615 0.427859
vt 0.040671 0.418650
vt 0.033615 0.416009
vt 0.043599 0.421934
vt 0.046445 0.431196
vt 0.039242 0.440457
vt 0.040671 0.443741
vt 0.036373 0.449719
vt 0.033615 0.446383
vt 0.040671 0.437174
vt 0.033615 0.434532
vt 0.043599 0.440457
vt 0.046445 0.449719
vt 0.039242 0.458981
vt 0.040671 0.462265
vt 0.036373 0.468243
vt 0.033615 0.464906
vt 0.040671 0.455697
vt 0.033615 0.453056
vt 0.043599 0.458981
vt 0.046445 0.468243
vt 0.039242 0.477505
vt 0.040671 0.480788
vt 0.036373 0.486766
vt 0.033615 0.483430
vt 0.040671 0.474221
vt 0.033615 0.471579
vt 0.043599 0.477505
vt 0.046445 0.486766
vt 0.039242 0.496028
vt 0.040671 0.499312
vt 0.036373 0.505290
vt 0.033615 0.501953
vt 0.040671 0.492744
vt 0.033615 0.490103
vt 0.043599 0.496028
vt 0.046445 0.505290
vt 0.039242 0.514552
vt 0.040671 0.517835
vt 0.036373 0.523813
vt 0.033615 0.520477
vt 0.040671 0.511268
vt 0.033615 0.508626
vt 0.043599 0.514552
vt 0.046445 0.523814
vt 0.039242 0.533075
vt 0.040671 0.536359
vt 0.036373 0.542337
vt 0.033615 0.539000
vt 0.040671 0.529792
vt 0.033615 0.527150
vt 0.043599 0.533075
vt 0.046445 0.542337
vt 0.039242 0.551599
vt 0.040671 0.554883
vt 0.036373 0.560861
vt 0.033615 0.557524
vt 0.040671 0.548315
vt 0.033615 0.545674
vt 0.043599 0.551599
vt 0.046445 0.560861
vt 0.039242 0.570122
vt 0.040671 0.573406
vt 0.033615 0.576048
vt 0.040671 0.566839
vt 0.033615 0.564197
vt 0.043599 0.570122
vt 0.025523 0.607170
vt 0.026873 0.610453
vt 0.022999 0.616432
vt 0.026873 0.603886
vt 0.022999 0.597908
vt 0.029519 0.607170
vt 0.032083 0.597908
vt 0.032083 0.616431
vt 0.026873 0.591930
vt 0.029519 0.588646
vt 0.026873 0.585362
vt 0.025523 0.588646
vt 0.022999 0.579384
vt 0.032083 0.579384
vt 0.025523 0.625693
vt 0.026873 0.628977
vt 0.022999 0.634955
vt 0.026873 0.622410
vt 0.029519 0.625693
vt 0.032083 0.634955
vt 0.025523 0.644217
vt 0.026873 0.647501
vt 0.022999 0.653479
vt 0.026873 0.640933
vt 0.029519 0.644217
vt 0.032083 0.653479
vt 0.025523 0.662740
vt 0.026873 0.666024
vt 0.022999 0.672002
vt 0.026873 0.659457
vt 0.029519 0.662740
vt 0.032083 0.672002
vt 0.025523 0.681264
vt 0.026873 0.684548
vt 0.022999 0.690526
vt 0.026873 0.677980
vt 0.029519 0.681264
vt 0.032083 0.690526
vt 0.025523 0.699788
vt 0.026873 0.703071
vt 0.022999 0.709049
vt 0.026873 0.696504
vt 0.029519 0.699788
vt 0.032083 0.709049
vt 0.025523 0.718311
vt 0.026873 0.721595
vt 0.022999 0.727573
vt 0.026873 0.715027
vt 0.029519 0.718311
vt 0.032083 0.727573
vt 0.025523 0.736835
vt 0.026873 0.740118
vt 0.022999 0.746096
vt 0.026873 0.733551
vt 0.029519 0.736835
vt 0.032083 0.746097
vt 0.025523 0.755358
vt 0.026873 0.758642
vt 0.022999 0.764620
vt 0.026873 0.752075
vt 0.029519 0.755358
vt 0.032083 0.764620
vt 0.025523 0.773882
vt 0.026873 0.406694
vt 0.022999 0.412672
vt 0.026873 0.770598
vt 0.029519 0.773882
vt 0.032083 0.412672
vt 0.025523 0.421934
vt 0.026873 0.425218
vt 0.022999 0.431196
vt 0.026873 0.418650
vt 0.029519 0.421934
vt 0.032083 0.431196
vt 0.025523 0.440457
vt 0.026873 0.443741
vt 0.022999 0.449719
vt 0.026873 0.437174
vt 0.029519 0.440457
vt 0.032083 0.449719
vt 0.025523 0.458981
vt 0.026873 0.462265
vt 0.022999 0.468243
vt 0.026873 0.455697
vt 0.029519 0.458981
vt 0.032083 0.468243
vt 0.025523 0.477505
vt 0.026873 0.480788
vt 0.022999 0.486766
vt 0.026873 0.474221
vt 0.029519 0.477505
vt 0.032083 0.486766
vt 0.025523 0.496028
vt 0.026873 0.499312
vt 0.022999 0.505290
vt 0.026873 0.492744
vt 0.029519 0.496028
vt 0.032083 0.505290
vt 0.025523 0.514552
vt 0.026873 0.517835
vt 0.022999 0.523814
vt 0.026873 0.511268
vt 0.029519 0.514552
vt 0.032083 0.523813
vt 0.025523 0.533075
vt 0.026873 0.536359
vt 0.022999 0.542337
vt 0.026873 0.529792
vt 0.029519 0.533075
vt 0.032083 0.542337
vt 0.025523 0.551599
vt 0.026873 0.554883
vt 0.022999 0.560861
vt 0.026873 0.548315
vt 0.029519 0.551599
vt 0.032083 0.560861
vt 0.025523 0.570122
vt 0.026873 0.573406
vt 0.026873 0.566839
vt 0.029519 0.570122
vt 0.005408 0.339418
vt 0.005408 0.319596
vt 0.005408 0.299774
vt 0.005408 0.279952
vt 0.005408 0.260129
vt 0.005408 0.240307
vt 0.005408 0.220485
vt 0.005408 0.200663
vt 0.005408 0.180841
vt 0.005408 0.161019
vt 0.005408 0.141196
vt 0.005408 0.121374
vt 0.005408 0.101552
vt 0.005408 0.081730
vt 0.005408 0.061908
vt 0.005408 0.042086
vt 0.005408 0.022264
vt 0.005408 0.002441
vt 0.005408 0.379062
vt 0.005408 0.359240
vt 0.186682 0.838820
vt 0.186682 0.866238
vt 0.186682 0.893656
vt 0.186682 0.400127
vt 0.186682 0.427545
vt 0.186682 0.454963
vt 0.186682 0.482382
vt 0.186682 0.509800
vt 0.186682 0.537218
vt 0.186682 0.564637
vt 0.186682 0.592055
vt 0.186682 0.619473
vt 0.186682 0.646892
vt 0.186682 0.674310
vt 0.186682 0.701728
vt 0.186682 0.729147
vt 0.186682 0.756565
vt 0.186682 0.783983
vt 0.186682 0.811401
vt 0.011732 0.319596
vt 0.007617 0.319596
vt 0.007617 0.339418
vt 0.011732 0.339418
vt 0.007617 0.359240
vt 0.011732 0.359240
vt 0.007617 0.379062
vt 0.011732 0.379062
vt 0.007616 0.002441
vt 0.011732 0.002441
vt 0.007616 0.022264
vt 0.011732 0.022264
vt 0.007616 0.042086
vt 0.011732 0.042086
vt 0.007616 0.061908
vt 0.011732 0.061908
vt 0.007616 0.081730
vt 0.011732 0.081730
vt 0.007616 0.101552
vt 0.011732 0.101552
vt 0.007616 0.121374
vt 0.011732 0.121374
vt 0.007616 0.141196
vt 0.011732 0.141196
vt 0.007616 0.161019
vt 0.011732 0.161019
vt 0.007616 0.180841
vt 0.011732 0.180841
vt 0.007616 0.200663
vt 0.011732 0.200663
vt 0.007616 0.220485
vt 0.011732 0.220485
vt 0.007616 0.240307
vt 0.011732 0.240307
vt 0.007616 0.260129
vt 0.011732 0.260129
vt 0.007617 0.279952
vt 0.011732 0.279952
vt 0.007616 0.299774
vt 0.011732 0.299774
vt 0.211583 0.519613
vt 0.205470 0.698852
vt 0.211583 0.489741
vt 0.211583 0.459870
vt 0.211583 0.997559
vt 0.211583 0.967687
vt 0.211582 0.937815
vt 0.211583 0.907944
vt 0.211583 0.878072
vt 0.211583 0.848201
vt 0.211583 0.818329
vt 0.211583 0.788457
vt 0.211583 0.758586
vt 0.211583 0.728714
vt 0.211583 0.698843
vt 0.211583 0.668971
vt 0.211583 0.639099
vt 0.211583 0.609228
vt 0.211582 0.579356
vt 0.211583 0.549485
vt 0.211175 0.519613
vt 0.211175 0.549485
vt 0.209389 0.519613
vt 0.209389 0.549485
vt 0.210391 0.549485
vt 0.210391 0.519613
vt 0.211175 0.489741
vt 0.210391 0.489741
vt 0.209389 0.489741
vt 0.211175 0.459870
vt 0.210391 0.459870
vt 0.209389 0.459870
vt 0.209389 0.429998
vt 0.211175 0.997559
vt 0.210391 0.997559
vt 0.209389 0.997559
vt 0.211175 0.967687
vt 0.210391 0.967687
vt 0.209389 0.967687
vt 0.211175 0.937815
vt 0.210391 0.937815
vt 0.209389 0.937815
vt 0.211175 0.907944
vt 0.210391 0.907944
vt 0.209389 0.907944
vt 0.211175 0.878072
vt 0.210391 0.878072
vt 0.209389 0.878072
vt 0.211175 0.848201
vt 0.210391 0.848201
vt 0.209389 0.848201
vt 0.211175 0.818329
vt 0.210391 0.818329
vt 0.209389 0.818329
vt 0.211175 0.788457
vt 0.210391 0.788457
vt 0.209389 0.788457
vt 0.211175 0.758586
vt 0.210391 0.758586
vt 0.209389 0.758586
vt 0.211175 0.728714
vt 0.210391 0.728714
vt 0.209389 0.728714
vt 0.211175 0.698843
vt 0.210391 0.698843
vt 0.209389 0.698843
vt 0.211175 0.668971
vt 0.210391 0.668971
vt 0.209389 0.668971
vt 0.211175 0.639099
vt 0.210391 0.639099
vt 0.209389 0.639099
vt 0.211175 0.609228
vt 0.210391 0.609228
vt 0.209389 0.609228
vt 0.211175 0.579356
vt 0.210391 0.579356
vt 0.209389 0.579356
vt 0.208822 0.519613
vt 0.208822 0.489741
vt 0.208822 0.549485
vt 0.208822 0.579356
vt 0.208822 0.609228
vt 0.208822 0.639099
vt 0.208822 0.668971
vt 0.208822 0.698843
vt 0.208822 0.728714
vt 0.208822 0.758586
vt 0.208822 0.788457
vt 0.208822 0.818329
vt 0.208822 0.848201
vt 0.208822 0.878072
vt 0.208822 0.907944
vt 0.208822 0.937815
vt 0.208822 0.967687
vt 0.208822 0.997559
vt 0.208822 0.429998
vt 0.208822 0.459870
vt 0.005324 0.319596
vt 0.003910 0.319596
vt 0.003910 0.339418
vt 0.005324 0.339418
vt 0.005324 0.299774
vt 0.003910 0.299774
vt 0.005324 0.279952
vt 0.003910 0.279952
vt 0.005324 0.260129
vt 0.003910 0.260129
vt 0.005324 0.240307
vt 0.003910 0.240307
vt 0.005324 0.220485
vt 0.003910 0.220485
vt 0.005324 0.200663
vt 0.003910 0.200663
vt 0.005324 0.180841
vt 0.003910 0.180841
vt 0.005324 0.161019
vt 0.003910 0.161019
vt 0.005324 0.141196
vt 0.003910 0.141197
vt 0.005324 0.121374
vt 0.003910 0.121374
vt 0.005324 0.101552
vt 0.003910 0.101552
vt 0.005324 0.081730
vt 0.003910 0.081730
vt 0.005324 0.061908
vt 0.003910 0.061908
vt 0.005324 0.042086
vt 0.003910 0.042086
vt 0.005324 0.022264
vt 0.003910 0.022264
vt 0.005324 0.002441
vt 0.003910 0.002441
vt 0.005324 0.359240
vt 0.003910 0.359240
vt 0.205495 0.519613
vt 0.205495 0.489741
vt 0.205495 0.549485
vt 0.205495 0.579356
vt 0.205495 0.609228
vt 0.205495 0.639099
vt 0.205495 0.668971
vt 0.205495 0.698843
vt 0.205495 0.728714
vt 0.205495 0.758586
vt 0.205495 0.788457
vt 0.205495 0.818329
vt 0.205495 0.848201
vt 0.205495 0.878072
vt 0.205495 0.907944
vt 0.205495 0.937815
vt 0.205495 0.967687
vt 0.205495 0.997559
vt 0.205495 0.429998
vt 0.205495 0.459870
vt 0.199300 0.519613
vt 0.199300 0.489741
vt 0.199300 0.549485
vt 0.199300 0.579356
vt 0.199300 0.609228
vt 0.199300 0.639099
vt 0.199300 0.668971
vt 0.199300 0.698843
vt 0.199300 0.728714
vt 0.199300 0.758586
vt 0.199300 0.788457
vt 0.199300 0.818329
vt 0.199300 0.848201
vt 0.199300 0.878072
vt 0.199300 0.907944
vt 0.199300 0.937815
vt 0.199300 0.967687
vt 0.199300 0.997559
vt 0.199300 0.429998
vt 0.199300 0.459870
vt 0.011609 0.483430
vt 0.007681 0.477505
vt 0.011609 0.471579
vt 0.015629 0.477505
vt 0.016912 0.474221
vt 0.013367 0.468243
vt 0.011609 0.464906
vt 0.007681 0.458981
vt 0.016912 0.462265
vt 0.015629 0.458981
vt 0.021342 0.468243
vt 0.022628 0.464906
vt 0.018750 0.458981
vt 0.016912 0.455697
vt 0.013367 0.449719
vt 0.011609 0.453056
vt 0.022628 0.453056
vt 0.021342 0.449719
vt 0.016912 0.480788
vt 0.021342 0.486766
vt 0.022628 0.483430
vt 0.018750 0.477505
vt 0.013367 0.486766
vt 0.022628 0.471579
vt 0.011609 0.446383
vt 0.007681 0.440457
vt 0.016912 0.443741
vt 0.015629 0.440457
vt 0.022628 0.446383
vt 0.018750 0.440457
vt 0.016912 0.437174
vt 0.013367 0.431196
vt 0.011609 0.434532
vt 0.022628 0.434532
vt 0.021342 0.431196
vt 0.011609 0.427859
vt 0.007681 0.421934
vt 0.016912 0.425218
vt 0.015629 0.421934
vt 0.022628 0.427859
vt 0.018750 0.421934
vt 0.016912 0.418650
vt 0.013367 0.412672
vt 0.011609 0.416008
vt 0.022628 0.416008
vt 0.021342 0.412672
vt 0.007681 0.773882
vt 0.016912 0.406694
vt 0.015629 0.773882
vt 0.018750 0.773882
vt 0.016912 0.770598
vt 0.013367 0.764620
vt 0.011609 0.767957
vt 0.022628 0.767957
vt 0.021342 0.764620
vt 0.011609 0.761284
vt 0.007682 0.755358
vt 0.016912 0.758642
vt 0.015629 0.755358
vt 0.022628 0.761284
vt 0.018750 0.755358
vt 0.016912 0.752075
vt 0.013367 0.746096
vt 0.011609 0.749433
vt 0.022628 0.749433
vt 0.021342 0.746096
vt 0.011609 0.742760
vt 0.007682 0.736835
vt 0.016912 0.740118
vt 0.015629 0.736835
vt 0.022628 0.742760
vt 0.018750 0.736835
vt 0.016912 0.733551
vt 0.013367 0.727573
vt 0.011609 0.730909
vt 0.022628 0.730909
vt 0.021342 0.727573
vt 0.011609 0.724236
vt 0.007682 0.718311
vt 0.016912 0.721595
vt 0.015629 0.718311
vt 0.022628 0.724236
vt 0.018750 0.718311
vt 0.016912 0.715027
vt 0.013367 0.709049
vt 0.011609 0.712386
vt 0.022628 0.712386
vt 0.021342 0.709049
vt 0.011609 0.705713
vt 0.007682 0.699787
vt 0.016912 0.703071
vt 0.015629 0.699788
vt 0.022628 0.705713
vt 0.018750 0.699788
vt 0.016912 0.696504
vt 0.013367 0.690526
vt 0.011609 0.693862
vt 0.022628 0.693862
vt 0.021342 0.690526
vt 0.011609 0.687189
vt 0.007682 0.681264
vt 0.016912 0.684548
vt 0.015629 0.681264
vt 0.022628 0.687189
vt 0.018750 0.681264
vt 0.016912 0.677980
vt 0.013367 0.672002
vt 0.011609 0.675339
vt 0.022628 0.675339
vt 0.021342 0.672002
vt 0.011609 0.668666
vt 0.007682 0.662740
vt 0.016912 0.666024
vt 0.015629 0.662740
vt 0.022628 0.668666
vt 0.018750 0.662740
vt 0.016912 0.659457
vt 0.013367 0.653479
vt 0.011609 0.656815
vt 0.022628 0.656815
vt 0.021342 0.653479
vt 0.011609 0.650142
vt 0.007682 0.644217
vt 0.016912 0.647501
vt 0.015629 0.644217
vt 0.022628 0.650142
vt 0.018750 0.644217
vt 0.016912 0.640933
vt 0.013367 0.634955
vt 0.011609 0.638292
vt 0.022628 0.638292
vt 0.021342 0.634955
vt 0.011609 0.631618
vt 0.007682 0.625693
vt 0.016912 0.628977
vt 0.015629 0.625693
vt 0.022628 0.631618
vt 0.018750 0.625693
vt 0.016912 0.622410
vt 0.013367 0.616431
vt 0.011609 0.619768
vt 0.022628 0.619768
vt 0.021342 0.616432
vt 0.011609 0.613095
vt 0.007682 0.607170
vt 0.016912 0.610453
vt 0.015629 0.607170
vt 0.022628 0.613095
vt 0.018750 0.607170
vt 0.016912 0.603886
vt 0.013367 0.597908
vt 0.011609 0.601244
vt 0.022628 0.601244
vt 0.021342 0.597908
vt 0.011609 0.594571
vt 0.007682 0.588646
vt 0.016912 0.591930
vt 0.015629 0.588646
vt 0.018750 0.588646
vt 0.022628 0.582721
vt 0.021342 0.579384
vt 0.016912 0.585362
vt 0.022628 0.594571
vt 0.013367 0.579384
vt 0.011609 0.582721
vt 0.011609 0.576048
vt 0.007681 0.570122
vt 0.016912 0.573406
vt 0.015629 0.570122
vt 0.022628 0.576048
vt 0.018750 0.570122
vt 0.016912 0.566839
vt 0.013367 0.560861
vt 0.011609 0.564197
vt 0.022628 0.564197
vt 0.021342 0.560861
vt 0.011609 0.557524
vt 0.007682 0.551599
vt 0.016912 0.554883
vt 0.015629 0.551599
vt 0.022628 0.557524
vt 0.018750 0.551599
vt 0.016912 0.548315
vt 0.013367 0.542337
vt 0.011609 0.545674
vt 0.022628 0.545674
vt 0.021342 0.542337
vt 0.011609 0.539001
vt 0.007681 0.533075
vt 0.016912 0.536359
vt 0.015629 0.533075
vt 0.022628 0.539000
vt 0.018750 0.533075
vt 0.016912 0.529792
vt 0.013367 0.523814
vt 0.011609 0.527150
vt 0.022628 0.527150
vt 0.021342 0.523814
vt 0.011609 0.520477
vt 0.007681 0.514552
vt 0.016912 0.517835
vt 0.015629 0.514552
vt 0.022628 0.520477
vt 0.018750 0.514552
vt 0.016912 0.511268
vt 0.013367 0.505290
vt 0.011609 0.508626
vt 0.022628 0.508626
vt 0.021342 0.505290
vt 0.011609 0.501953
vt 0.007681 0.496028
vt 0.016912 0.499312
vt 0.015629 0.496028
vt 0.022628 0.501953
vt 0.018750 0.496028
vt 0.016912 0.492744
vt 0.011609 0.490103
vt 0.022628 0.490103
vt 0.142334 0.607170
vt 0.136730 0.613095
vt 0.139276 0.616432
vt 0.142745 0.610453
vt 0.142745 0.603886
vt 0.139276 0.597908
vt 0.136730 0.601244
vt 0.145233 0.607170
vt 0.148440 0.601244
vt 0.148060 0.597908
vt 0.148060 0.616432
vt 0.148440 0.613095
vt 0.153957 0.607170
vt 0.148440 0.594571
vt 0.145233 0.588646
vt 0.142745 0.591930
vt 0.153957 0.588646
vt 0.148440 0.582721
vt 0.142745 0.585362
vt 0.139276 0.579384
vt 0.136730 0.582721
vt 0.142334 0.588646
vt 0.148060 0.579384
vt 0.136730 0.594571
vt 0.142334 0.625693
vt 0.136730 0.631618
vt 0.139276 0.634955
vt 0.142745 0.628977
vt 0.142745 0.622410
vt 0.136730 0.619768
vt 0.145233 0.625693
vt 0.148440 0.619768
vt 0.148060 0.634955
vt 0.148440 0.631618
vt 0.153957 0.625693
vt 0.142334 0.644217
vt 0.136730 0.650142
vt 0.139276 0.653479
vt 0.142745 0.647501
vt 0.142745 0.640933
vt 0.136730 0.638292
vt 0.145233 0.644217
vt 0.148440 0.638292
vt 0.148060 0.653479
vt 0.148440 0.650142
vt 0.153957 0.644217
vt 0.142334 0.662740
vt 0.136730 0.668666
vt 0.139276 0.672002
vt 0.142745 0.666024
vt 0.142745 0.659457
vt 0.136730 0.656815
vt 0.145233 0.662740
vt 0.148440 0.656815
vt 0.148060 0.672002
vt 0.148440 0.668666
vt 0.153957 0.662740
vt 0.142334 0.681264
vt 0.136730 0.687189
vt 0.139276 0.690526
vt 0.142745 0.684548
vt 0.142745 0.677980
vt 0.136730 0.675339
vt 0.145233 0.681264
vt 0.148440 0.675339
vt 0.148060 0.690526
vt 0.148440 0.687189
vt 0.153957 0.681264
vt 0.142334 0.699788
vt 0.136730 0.705713
vt 0.139276 0.709049
vt 0.142745 0.703071
vt 0.142745 0.696504
vt 0.136730 0.693862
vt 0.145233 0.699788
vt 0.148440 0.693862
vt 0.148060 0.709049
vt 0.148440 0.705713
vt 0.153957 0.699788
vt 0.142334 0.718311
vt 0.136730 0.724236
vt 0.139276 0.727573
vt 0.142745 0.721595
vt 0.142745 0.715027
vt 0.136730 0.712386
vt 0.145233 0.718311
vt 0.148440 0.712386
vt 0.148060 0.727573
vt 0.148440 0.724236
vt 0.153957 0.718311
vt 0.142334 0.736835
vt 0.136730 0.742760
vt 0.139276 0.746097
vt 0.142745 0.740119
vt 0.142745 0.733551
vt 0.136730 0.730910
vt 0.145233 0.736835
vt 0.148440 0.730909
vt 0.148060 0.746097
vt 0.148440 0.742760
vt 0.153957 0.736835
vt 0.142334 0.755358
vt 0.136730 0.761284
vt 0.139276 0.764620
vt 0.142745 0.758642
vt 0.142745 0.752075
vt 0.136730 0.749433
vt 0.145233 0.755358
vt 0.148440 0.749433
vt 0.148060 0.764620
vt 0.148440 0.761284
vt 0.153957 0.755358
vt 0.142334 0.773882
vt 0.139276 0.412672
vt 0.142745 0.406694
vt 0.142745 0.770598
vt 0.136730 0.767957
vt 0.145233 0.773882
vt 0.148440 0.767957
vt 0.148060 0.412672
vt 0.153957 0.773882
vt 0.142334 0.421934
vt 0.136730 0.427859
vt 0.139276 0.431196
vt 0.142745 0.425218
vt 0.142745 0.418650
vt 0.136730 0.416009
vt 0.145233 0.421934
vt 0.148440 0.416009
vt 0.148060 0.431196
vt 0.148440 0.427859
vt 0.153957 0.421934
vt 0.142334 0.440457
vt 0.136730 0.446383
vt 0.139276 0.449719
vt 0.142745 0.443741
vt 0.142745 0.437174
vt 0.136730 0.434532
vt 0.145233 0.440457
vt 0.148440 0.434532
vt 0.148060 0.449719
vt 0.148440 0.446383
vt 0.153957 0.440457
vt 0.142334 0.458981
vt 0.136730 0.464906
vt 0.139276 0.468243
vt 0.142745 0.462265
vt 0.142745 0.455697
vt 0.136730 0.453056
vt 0.145233 0.458981
vt 0.148440 0.453056
vt 0.148060 0.468243
vt 0.148440 0.464906
vt 0.153957 0.458981
vt 0.142334 0.477505
vt 0.136730 0.483430
vt 0.139276 0.486766
vt 0.142745 0.480788
vt 0.142745 0.474221
vt 0.136730 0.471579
vt 0.145233 0.477505
vt 0.148440 0.471579
vt 0.148060 0.486766
vt 0.148440 0.483430
vt 0.153957 0.477505
vt 0.142334 0.496028
vt 0.136730 0.501953
vt 0.139276 0.505290
vt 0.142745 0.499312
vt 0.142745 0.492744
vt 0.136730 0.490103
vt 0.145233 0.496028
vt 0.148440 0.490103
vt 0.148060 0.505290
vt 0.148440 0.501953
vt 0.153957 0.496028
vt 0.142334 0.514552
vt 0.136730 0.520477
vt 0.139276 0.523814
vt 0.142745 0.517835
vt 0.142745 0.511268
vt 0.136730 0.508626
vt 0.145233 0.514552
vt 0.148440 0.508626
vt 0.148060 0.523813
vt 0.148440 0.520477
vt 0.153957 0.514552
vt 0.142334 0.533075
vt 0.136730 0.539000
vt 0.139276 0.542337
vt 0.142745 0.536359
vt 0.142745 0.529792
vt 0.136730 0.527150
vt 0.145233 0.533075
vt 0.148440 0.527150
vt 0.148060 0.542337
vt 0.148440 0.539000
vt 0.153957 0.533075
vt 0.142334 0.551599
vt 0.136730 0.557524
vt 0.139276 0.560861
vt 0.142745 0.554883
vt 0.142745 0.548315
vt 0.136730 0.545673
vt 0.145233 0.551599
vt 0.148440 0.545673
vt 0.148060 0.560861
vt 0.148440 0.557524
vt 0.153957 0.551599
vt 0.142334 0.570122
vt 0.136730 0.576048
vt 0.142745 0.573406
vt 0.142745 0.566839
vt 0.136730 0.564197
vt 0.145233 0.570122
vt 0.148440 0.564197
vt 0.148440 0.576048
vt 0.153957 0.570122
vt 0.129884 0.607170
vt 0.123763 0.613095
vt 0.126408 0.616431
vt 0.130398 0.610453
vt 0.130398 0.603886
vt 0.126408 0.597908
vt 0.123763 0.601244
vt 0.132998 0.607170
vt 0.136269 0.597908
vt 0.136269 0.616432
vt 0.132998 0.588646
vt 0.130398 0.591930
vt 0.130398 0.585362
vt 0.126408 0.579384
vt 0.123763 0.582721
vt 0.129884 0.588646
vt 0.136269 0.579384
vt 0.123763 0.594571
vt 0.129884 0.625693
vt 0.123763 0.631618
vt 0.126408 0.634955
vt 0.130398 0.628977
vt 0.130398 0.622410
vt 0.123763 0.619768
vt 0.132998 0.625693
vt 0.136269 0.634955
vt 0.129884 0.644217
vt 0.123763 0.650142
vt 0.126408 0.653479
vt 0.130398 0.647501
vt 0.130398 0.640933
vt 0.123763 0.638292
vt 0.132998 0.644217
vt 0.136269 0.653479
vt 0.129884 0.662740
vt 0.123763 0.668666
vt 0.126408 0.672002
vt 0.130398 0.666024
vt 0.130398 0.659457
vt 0.123763 0.656815
vt 0.132998 0.662740
vt 0.136269 0.672002
vt 0.129884 0.681264
vt 0.123763 0.687189
vt 0.126408 0.690526
vt 0.130398 0.684548
vt 0.130398 0.677980
vt 0.123763 0.675339
vt 0.132998 0.681264
vt 0.136269 0.690526
vt 0.129884 0.699788
vt 0.123763 0.705713
vt 0.126408 0.709049
vt 0.130398 0.703071
vt 0.130398 0.696504
vt 0.123763 0.693862
vt 0.132998 0.699788
vt 0.136269 0.709049
vt 0.129884 0.718311
vt 0.123763 0.724236
vt 0.126408 0.727573
vt 0.130398 0.721595
vt 0.130398 0.715027
vt 0.123763 0.712386
vt 0.132998 0.718311
vt 0.136269 0.727573
vt 0.129884 0.736835
vt 0.123763 0.742760
vt 0.126408 0.746097
vt 0.130398 0.740118
vt 0.130398 0.733551
vt 0.123763 0.730909
vt 0.132998 0.736835
vt 0.136269 0.746097
vt 0.129884 0.755358
vt 0.123763 0.761284
vt 0.126408 0.764620
vt 0.130398 0.758642
vt 0.130398 0.752075
vt 0.123763 0.749433
vt 0.132998 0.755358
vt 0.136269 0.764620
vt 0.129884 0.773882
vt 0.126408 0.412672
vt 0.130398 0.406694
vt 0.130398 0.770598
vt 0.123763 0.767957
vt 0.132998 0.773882
vt 0.136269 0.412672
vt 0.129884 0.421934
vt 0.123763 0.427859
vt 0.126408 0.431196
vt 0.130398 0.425218
vt 0.130398 0.418650
vt 0.123763 0.416009
vt 0.132998 0.421934
vt 0.136269 0.431196
vt 0.129884 0.440457
vt 0.123763 0.446383
vt 0.126408 0.449719
vt 0.130398 0.443741
vt 0.130398 0.437174
vt 0.123763 0.434532
vt 0.132998 0.440457
vt 0.136269 0.449719
vt 0.129884 0.458981
vt 0.123763 0.464906
vt 0.126408 0.468243
vt 0.130398 0.462265
vt 0.130398 0.455697
vt 0.123763 0.453056
vt 0.132998 0.458981
vt 0.136269 0.468243
vt 0.129884 0.477505
vt 0.123763 0.483430
vt 0.126408 0.486766
vt 0.130398 0.480788
vt 0.130398 0.474221
vt 0.123763 0.471579
vt 0.132998 0.477505
vt 0.136269 0.486766
vt 0.129884 0.496028
vt 0.123763 0.501953
vt 0.126408 0.505290
vt 0.130398 0.499312
vt 0.130398 0.492744
vt 0.123763 0.490103
vt 0.132998 0.496028
vt 0.136269 0.505290
vt 0.129884 0.514552
vt 0.123763 0.520477
vt 0.126408 0.523814
vt 0.130398 0.517835
vt 0.130398 0.511268
vt 0.123763 0.508627
vt 0.132998 0.514552
vt 0.136269 0.523814
vt 0.129884 0.533075
vt 0.123763 0.539000
vt 0.126408 0.542337
vt 0.130398 0.536359
vt 0.130398 0.529792
vt 0.123763 0.527150
vt 0.132998 0.533075
vt 0.136269 0.542337
vt 0.129884 0.551599
vt 0.123763 0.557524
vt 0.126408 0.560861
vt 0.130398 0.554883
vt 0.130398 0.548315
vt 0.123763 0.545674
vt 0.132998 0.551599
vt 0.136269 0.560861
vt 0.129884 0.570122
vt 0.123763 0.576048
vt 0.130398 0.573406
vt 0.130398 0.566839
vt 0.123763 0.564197
vt 0.132998 0.570122
vt 0.116209 0.607170
vt 0.109677 0.613095
vt 0.112380 0.616431
vt 0.116846 0.610453
vt 0.116846 0.603886
vt 0.112380 0.597908
vt 0.109677 0.601244
vt 0.119527 0.607170
vt 0.123189 0.597908
vt 0.123189 0.616431
vt 0.119527 0.588646
vt 0.116846 0.591930
vt 0.116846 0.585362
vt 0.112380 0.579384
vt 0.109677 0.582721
vt 0.116209 0.588646
vt 0.123189 0.579384
vt 0.109677 0.594571
vt 0.116209 0.625693
vt 0.109677 0.631618
vt 0.112380 0.634955
vt 0.116846 0.628977
vt 0.116846 0.622410
vt 0.109677 0.619768
vt 0.119527 0.625693
vt 0.123189 0.634955
vt 0.116209 0.644217
vt 0.109677 0.650142
vt 0.112380 0.653479
vt 0.116846 0.647501
vt 0.116846 0.640933
vt 0.109677 0.638292
vt 0.119527 0.644217
vt 0.123189 0.653479
vt 0.116209 0.662740
vt 0.109677 0.668666
vt 0.112380 0.672002
vt 0.116846 0.666024
vt 0.116846 0.659457
vt 0.109677 0.656815
vt 0.119527 0.662740
vt 0.123189 0.672002
vt 0.116209 0.681264
vt 0.109677 0.687189
vt 0.112380 0.690526
vt 0.116846 0.684548
vt 0.116846 0.677980
vt 0.109677 0.675339
vt 0.119527 0.681264
vt 0.123189 0.690526
vt 0.116209 0.699788
vt 0.109677 0.705713
vt 0.112380 0.709049
vt 0.116846 0.703071
vt 0.116846 0.696504
vt 0.109677 0.693862
vt 0.119527 0.699788
vt 0.123189 0.709049
vt 0.116209 0.718311
vt 0.109677 0.724236
vt 0.112380 0.727573
vt 0.116846 0.721595
vt 0.116846 0.715027
vt 0.109677 0.712386
vt 0.119527 0.718311
vt 0.123189 0.727573
vt 0.116209 0.736835
vt 0.109677 0.742760
vt 0.112380 0.746097
vt 0.116846 0.740118
vt 0.116846 0.733551
vt 0.109677 0.730909
vt 0.119527 0.736835
vt 0.123189 0.746097
vt 0.116209 0.755358
vt 0.109677 0.761284
vt 0.112380 0.764620
vt 0.116846 0.758642
vt 0.116846 0.752075
vt 0.109677 0.749433
vt 0.119527 0.755358
vt 0.123189 0.764620
vt 0.116209 0.773882
vt 0.112380 0.412672
vt 0.116846 0.406694
vt 0.116846 0.770598
vt 0.109677 0.767957
vt 0.119527 0.773882
vt 0.123189 0.412672
vt 0.116209 0.421934
vt 0.109677 0.427859
vt 0.112380 0.431195
vt 0.116846 0.425218
vt 0.116846 0.418650
vt 0.109677 0.416009
vt 0.119527 0.421934
vt 0.123189 0.431196
vt 0.116209 0.440457
vt 0.109677 0.446383
vt 0.112380 0.449719
vt 0.116846 0.443741
vt 0.116846 0.437174
vt 0.109677 0.434532
vt 0.119527 0.440457
vt 0.123189 0.449719
vt 0.116209 0.458981
vt 0.109677 0.464906
vt 0.112380 0.468243
vt 0.116846 0.462265
vt 0.116846 0.455697
vt 0.109677 0.453056
vt 0.119527 0.458981
vt 0.123189 0.468243
vt 0.116209 0.477505
vt 0.109677 0.483430
vt 0.112380 0.486766
vt 0.116846 0.480788
vt 0.116846 0.474221
vt 0.109677 0.471579
vt 0.119527 0.477505
vt 0.123189 0.486766
vt 0.116209 0.496028
vt 0.109677 0.501953
vt 0.112380 0.505290
vt 0.116846 0.499312
vt 0.116846 0.492744
vt 0.109677 0.490103
vt 0.119527 0.496028
vt 0.123189 0.505290
vt 0.116209 0.514552
vt 0.109677 0.520477
vt 0.112380 0.523814
vt 0.116846 0.517835
vt 0.116846 0.511268
vt 0.109677 0.508627
vt 0.119527 0.514552
vt 0.123189 0.523813
vt 0.116209 0.533075
vt 0.109677 0.539000
vt 0.112380 0.542337
vt 0.116846 0.536359
vt 0.116846 0.529792
vt 0.109677 0.527150
vt 0.119527 0.533075
vt 0.123189 0.542337
vt 0.116209 0.551599
vt 0.109677 0.557524
vt 0.112380 0.560861
vt 0.116846 0.554883
vt 0.116846 0.548315
vt 0.109677 0.545674
vt 0.119527 0.551599
vt 0.123189 0.560861
vt 0.116209 0.570122
vt 0.109677 0.576048
vt 0.116846 0.573406
vt 0.116846 0.566839
vt 0.109677 0.564197
vt 0.119527 0.570122
vt 0.101522 0.607170
vt 0.094744 0.613095
vt 0.097452 0.616432
vt 0.102294 0.610453
vt 0.102294 0.603886
vt 0.097452 0.597908
vt 0.094744 0.601244
vt 0.105008 0.607170
vt 0.108973 0.597908
vt 0.108973 0.616432
vt 0.105008 0.588646
vt 0.102294 0.591930
vt 0.102294 0.585362
vt 0.097452 0.579384
vt 0.094744 0.582721
vt 0.101522 0.588646
vt 0.108973 0.579384
vt 0.094744 0.594571
vt 0.101522 0.625693
vt 0.094744 0.631618
vt 0.097452 0.634955
vt 0.102294 0.628977
vt 0.102294 0.622410
vt 0.094744 0.619768
vt 0.105008 0.625693
vt 0.108973 0.634955
vt 0.101522 0.644217
vt 0.094744 0.650142
vt 0.097452 0.653479
vt 0.102294 0.647501
vt 0.102294 0.640933
vt 0.094744 0.638292
vt 0.105008 0.644217
vt 0.108973 0.653479
vt 0.101522 0.662740
vt 0.094744 0.668666
vt 0.097452 0.672002
vt 0.102294 0.666024
vt 0.102294 0.659457
vt 0.094744 0.656815
vt 0.105008 0.662740
vt 0.108973 0.672002
vt 0.101522 0.681264
vt 0.094744 0.687189
vt 0.097452 0.690526
vt 0.102294 0.684548
vt 0.102294 0.677980
vt 0.094744 0.675339
vt 0.105008 0.681264
vt 0.108973 0.690526
vt 0.101522 0.699788
vt 0.094744 0.705713
vt 0.097452 0.709049
vt 0.102294 0.703071
vt 0.102294 0.696504
vt 0.094744 0.693862
vt 0.105008 0.699788
vt 0.108973 0.709049
vt 0.101522 0.718311
vt 0.094744 0.724236
vt 0.097452 0.727573
vt 0.102294 0.721595
vt 0.102294 0.715027
vt 0.094744 0.712386
vt 0.105008 0.718311
vt 0.108973 0.727573
vt 0.101522 0.736835
vt 0.094744 0.742760
vt 0.097452 0.746097
vt 0.102294 0.740118
vt 0.102294 0.733551
vt 0.094744 0.730909
vt 0.105008 0.736835
vt 0.108973 0.746097
vt 0.101522 0.755358
vt 0.094744 0.761284
vt 0.097452 0.764620
vt 0.102294 0.758642
vt 0.102294 0.752075
vt 0.094744 0.749433
vt 0.105008 0.755358
vt 0.108973 0.764620
vt 0.101522 0.773882
vt 0.097452 0.412672
vt 0.102294 0.406694
vt 0.102294 0.770598
vt 0.094744 0.767957
vt 0.105008 0.773882
vt 0.108973 0.412672
vt 0.101522 0.421934
vt 0.094744 0.427859
vt 0.097452 0.431195
vt 0.102294 0.425218
vt 0.102294 0.418650
vt 0.094744 0.416009
vt 0.105008 0.421934
vt 0.108973 0.431195
vt 0.101522 0.440457
vt 0.094744 0.446383
vt 0.097452 0.449719
vt 0.102294 0.443741
vt 0.102294 0.437174
vt 0.094744 0.434532
vt 0.105008 0.440457
vt 0.108973 0.449719
vt 0.101522 0.458981
vt 0.094744 0.464906
vt 0.097452 0.468243
vt 0.102294 0.462265
vt 0.102294 0.455697
vt 0.094744 0.453056
vt 0.105008 0.458981
vt 0.108973 0.468243
vt 0.101522 0.477505
vt 0.094744 0.483430
vt 0.097452 0.486766
vt 0.102294 0.480788
vt 0.102294 0.474221
vt 0.094744 0.471579
vt 0.105008 0.477505
vt 0.108973 0.486766
vt 0.101522 0.496028
vt 0.094744 0.501953
vt 0.097452 0.505290
vt 0.102294 0.499312
vt 0.102294 0.492744
vt 0.094744 0.490103
vt 0.105008 0.496028
vt 0.108973 0.505290
vt 0.101522 0.514552
vt 0.094744 0.520477
vt 0.097452 0.523814
vt 0.102294 0.517835
vt 0.102294 0.511268
vt 0.094744 0.508627
vt 0.105008 0.514552
vt 0.108973 0.523814
vt 0.101522 0.533075
vt 0.094744 0.539001
vt 0.097452 0.542337
vt 0.102294 0.536359
vt 0.102294 0.529792
vt 0.094744 0.527150
vt 0.105008 0.533075
vt 0.108973 0.542337
vt 0.101522 0.551599
vt 0.094744 0.557524
vt 0.097452 0.560861
vt 0.102294 0.554883
vt 0.102294 0.548315
vt 0.094744 0.545674
vt 0.105008 0.551599
vt 0.108973 0.560861
vt 0.101522 0.570122
vt 0.094744 0.576048
vt 0.102294 0.573406
vt 0.102294 0.566839
vt 0.094744 0.564197
vt 0.105008 0.570122
vt 0.086168 0.607170
vt 0.079356 0.613095
vt 0.082008 0.616432
vt 0.087079 0.610453
vt 0.087079 0.603886
vt 0.082008 0.597908
vt 0.079356 0.601244
vt 0.089767 0.607170
vt 0.093902 0.597908
vt 0.093902 0.616432
vt 0.089767 0.588646
vt 0.087079 0.591930
vt 0.087079 0.585362
vt 0.082008 0.579384
vt 0.079356 0.582721
vt 0.086168 0.588646
vt 0.093902 0.579384
vt 0.079356 0.594571
vt 0.086168 0.625693
vt 0.079356 0.631618
vt 0.082008 0.634955
vt 0.087079 0.628977
vt 0.087079 0.622410
vt 0.079356 0.619768
vt 0.089767 0.625693
vt 0.093902 0.634955
vt 0.086168 0.644217
vt 0.079356 0.650142
vt 0.082008 0.653479
vt 0.087079 0.647501
vt 0.087079 0.640933
vt 0.079356 0.638292
vt 0.089767 0.644217
vt 0.093902 0.653479
vt 0.086168 0.662740
vt 0.079356 0.668666
vt 0.082008 0.672002
vt 0.087079 0.666024
vt 0.087079 0.659457
vt 0.079356 0.656815
vt 0.089767 0.662740
vt 0.093902 0.672002
vt 0.086168 0.681264
vt 0.079356 0.687189
vt 0.082008 0.690526
vt 0.087079 0.684548
vt 0.087079 0.677980
vt 0.079356 0.675339
vt 0.089767 0.681264
vt 0.093902 0.690526
vt 0.086168 0.699788
vt 0.079356 0.705713
vt 0.082008 0.709049
vt 0.087079 0.703071
vt 0.087079 0.696504
vt 0.079356 0.693862
vt 0.089767 0.699788
vt 0.093902 0.709049
vt 0.086168 0.718311
vt 0.079356 0.724236
vt 0.082008 0.727573
vt 0.087079 0.721595
vt 0.087079 0.715027
vt 0.079356 0.712386
vt 0.089767 0.718311
vt 0.093902 0.727573
vt 0.086168 0.736835
vt 0.079356 0.742760
vt 0.082008 0.746097
vt 0.087079 0.740118
vt 0.087079 0.733551
vt 0.079356 0.730909
vt 0.089767 0.736835
vt 0.093902 0.746097
vt 0.086168 0.755358
vt 0.079356 0.761284
vt 0.082008 0.764620
vt 0.087079 0.758642
vt 0.087079 0.752075
vt 0.079356 0.749433
vt 0.089767 0.755358
vt 0.093902 0.764620
vt 0.086168 0.773882
vt 0.082008 0.412672
vt 0.087079 0.406694
vt 0.087079 0.770598
vt 0.079356 0.767957
vt 0.089767 0.773882
vt 0.093902 0.412672
vt 0.086168 0.421934
vt 0.079356 0.427859
vt 0.082008 0.431196
vt 0.087079 0.425218
vt 0.087079 0.418650
vt 0.079356 0.416009
vt 0.089767 0.421934
vt 0.093902 0.431195
vt 0.086168 0.440457
vt 0.079356 0.446383
vt 0.082008 0.449719
vt 0.087079 0.443741
vt 0.087079 0.437174
vt 0.079356 0.434532
vt 0.089767 0.440457
vt 0.093902 0.449719
vt 0.086168 0.458981
vt 0.079356 0.464906
vt 0.082008 0.468243
vt 0.087079 0.462265
vt 0.087079 0.455697
vt 0.079356 0.453056
vt 0.089767 0.458981
vt 0.093902 0.468243
vt 0.086168 0.477505
vt 0.079356 0.483430
vt 0.082008 0.486766
vt 0.087079 0.480788
vt 0.087079 0.474221
vt 0.079356 0.471579
vt 0.089767 0.477505
vt 0.093902 0.486766
vt 0.086168 0.496028
vt 0.079356 0.501953
vt 0.082008 0.505290
vt 0.087079 0.499312
vt 0.087079 0.492744
vt 0.079356 0.490103
vt 0.089767 0.496028
vt 0.093902 0.505290
vt 0.086168 0.514552
vt 0.079356 0.520477
vt 0.082008 0.523813
vt 0.087079 0.517835
vt 0.087079 0.511268
vt 0.079356 0.508626
vt 0.089767 0.514552
vt 0.093902 0.523814
vt 0.086168 0.533075
vt 0.079356 0.539001
vt 0.082008 0.542337
vt 0.087079 0.536359
vt 0.087079 0.529792
vt 0.079356 0.527150
vt 0.089767 0.533075
vt 0.093902 0.542337
vt 0.086168 0.551599
vt 0.079356 0.557524
vt 0.082008 0.560861
vt 0.087079 0.554883
vt 0.087079 0.548315
vt 0.079356 0.545674
vt 0.089767 0.551599
vt 0.093902 0.560861
vt 0.086168 0.570122
vt 0.079356 0.576048
vt 0.087079 0.573406
vt 0.087079 0.566839
vt 0.079356 0.564197
vt 0.089767 0.570122
vt 0.070597 0.607170
vt 0.063985 0.613095
vt 0.066518 0.616431
vt 0.071638 0.610453
vt 0.071638 0.603886
vt 0.066518 0.597908
vt 0.063985 0.601244
vt 0.074237 0.607170
vt 0.078379 0.597908
vt 0.078379 0.616432
vt 0.074237 0.588646
vt 0.071638 0.591930
vt 0.071638 0.585362
vt 0.066518 0.579384
vt 0.063985 0.582721
vt 0.070597 0.588646
vt 0.078379 0.579384
vt 0.063985 0.594571
vt 0.070597 0.625693
vt 0.063985 0.631618
vt 0.066518 0.634955
vt 0.071638 0.628977
vt 0.071638 0.622410
vt 0.063985 0.619768
vt 0.074237 0.625693
vt 0.078379 0.634955
vt 0.070597 0.644217
vt 0.063985 0.650142
vt 0.066518 0.653479
vt 0.071638 0.647501
vt 0.071638 0.640933
vt 0.063985 0.638292
vt 0.074237 0.644217
vt 0.078379 0.653479
vt 0.070597 0.662740
vt 0.063985 0.668666
vt 0.066518 0.672002
vt 0.071638 0.666024
vt 0.071638 0.659457
vt 0.063985 0.656815
vt 0.074237 0.662740
vt 0.078379 0.672002
vt 0.070597 0.681264
vt 0.063985 0.687189
vt 0.066518 0.690526
vt 0.071638 0.684548
vt 0.071638 0.677980
vt 0.063985 0.675339
vt 0.074237 0.681264
vt 0.078379 0.690526
vt 0.070597 0.699788
vt 0.063985 0.705713
vt 0.066518 0.709049
vt 0.071638 0.703071
vt 0.071638 0.696504
vt 0.063985 0.693862
vt 0.074237 0.699788
vt 0.078379 0.709049
vt 0.070597 0.718311
vt 0.063985 0.724236
vt 0.066518 0.727573
vt 0.071638 0.721595
vt 0.071638 0.715027
vt 0.063985 0.712386
vt 0.074237 0.718311
vt 0.078379 0.727573
vt 0.070597 0.736835
vt 0.063985 0.742760
vt 0.066518 0.746097
vt 0.071638 0.740118
vt 0.071638 0.733551
vt 0.063985 0.730909
vt 0.074237 0.736835
vt 0.078379 0.746097
vt 0.070597 0.755358
vt 0.063985 0.761284
vt 0.066518 0.764620
vt 0.071638 0.758642
vt 0.071638 0.752075
vt 0.063985 0.749433
vt 0.074237 0.755358
vt 0.078379 0.764620
vt 0.070597 0.773882
vt 0.066518 0.412672
vt 0.071638 0.406694
vt 0.071638 0.770598
vt 0.063985 0.767957
vt 0.074237 0.773882
vt 0.078379 0.412672
vt 0.070597 0.421934
vt 0.063985 0.427859
vt 0.066518 0.431196
vt 0.071638 0.425218
vt 0.071638 0.418650
vt 0.063985 0.416009
vt 0.074237 0.421934
vt 0.078379 0.431196
vt 0.070597 0.440457
vt 0.063985 0.446383
vt 0.066518 0.449719
vt 0.071638 0.443741
vt 0.071638 0.437174
vt 0.063985 0.434532
vt 0.074237 0.440457
vt 0.078379 0.449719
vt 0.070597 0.458981
vt 0.063985 0.464906
vt 0.066518 0.468243
vt 0.071638 0.462265
vt 0.071638 0.455697
vt 0.063985 0.453056
vt 0.074237 0.458981
vt 0.078379 0.468243
vt 0.070597 0.477505
vt 0.063985 0.483430
vt 0.066518 0.486766
vt 0.071638 0.480788
vt 0.071638 0.474221
vt 0.063985 0.471579
vt 0.074238 0.477505
vt 0.078379 0.486766
vt 0.070597 0.496028
vt 0.063985 0.501953
vt 0.066518 0.505290
vt 0.071638 0.499312
vt 0.071638 0.492744
vt 0.063985 0.490103
vt 0.074237 0.496028
vt 0.078379 0.505290
vt 0.070597 0.514552
vt 0.063985 0.520477
vt 0.066518 0.523814
vt 0.071638 0.517835
vt 0.071638 0.511268
vt 0.063985 0.508626
vt 0.074237 0.514552
vt 0.078379 0.523814
vt 0.070597 0.533075
vt 0.063985 0.539001
vt 0.066518 0.542337
vt 0.071638 0.536359
vt 0.071638 0.529792
vt 0.063985 0.527150
vt 0.074237 0.533075
vt 0.078379 0.542337
vt 0.070597 0.551599
vt 0.063985 0.557524
vt 0.066518 0.560861
vt 0.071638 0.554883
vt 0.071638 0.548315
vt 0.063985 0.545674
vt 0.074238 0.551599
vt 0.078379 0.560861
vt 0.070597 0.570122
vt 0.063985 0.576048
vt 0.071638 0.573406
vt 0.071638 0.566839
vt 0.063985 0.564197
vt 0.074238 0.570122
vt 0.055307 0.607170
vt 0.049121 0.613095
vt 0.051483 0.616432
vt 0.056460 0.610453
vt 0.056460 0.603886
vt 0.051483 0.597908
vt 0.049121 0.601244
vt 0.058913 0.607170
vt 0.062885 0.597908
vt 0.062885 0.616432
vt 0.058913 0.588646
vt 0.056460 0.591930
vt 0.056460 0.585362
vt 0.051483 0.579384
vt 0.049121 0.582721
vt 0.055307 0.588646
vt 0.062885 0.579384
vt 0.049121 0.594571
vt 0.055307 0.625693
vt 0.049121 0.631618
vt 0.051483 0.634955
vt 0.056460 0.628977
vt 0.056460 0.622410
vt 0.049121 0.619768
vt 0.058913 0.625693
vt 0.062885 0.634955
vt 0.055307 0.644217
vt 0.049121 0.650142
vt 0.051483 0.653479
vt 0.056460 0.647501
vt 0.056460 0.640933
vt 0.049121 0.638292
vt 0.058913 0.644217
vt 0.062885 0.653479
vt 0.055307 0.662740
vt 0.049121 0.668666
vt 0.051483 0.672002
vt 0.056460 0.666024
vt 0.056460 0.659457
vt 0.049121 0.656815
vt 0.058913 0.662740
vt 0.062885 0.672002
vt 0.055307 0.681264
vt 0.049121 0.687189
vt 0.051483 0.690526
vt 0.056460 0.684548
vt 0.056460 0.677980
vt 0.049121 0.675339
vt 0.058913 0.681264
vt 0.062885 0.690526
vt 0.055307 0.699788
vt 0.049121 0.705713
vt 0.051483 0.709049
vt 0.056460 0.703071
vt 0.056460 0.696504
vt 0.049121 0.693862
vt 0.058913 0.699788
vt 0.062885 0.709049
vt 0.055307 0.718311
vt 0.049121 0.724236
vt 0.051483 0.727573
vt 0.056460 0.721595
vt 0.056460 0.715027
vt 0.049121 0.712386
vt 0.058913 0.718311
vt 0.062885 0.727573
vt 0.055307 0.736835
vt 0.049121 0.742760
vt 0.051483 0.746097
vt 0.056460 0.740118
vt 0.056460 0.733551
vt 0.049121 0.730909
vt 0.058913 0.736835
vt 0.062885 0.746097
vt 0.055307 0.755358
vt 0.049121 0.761284
vt 0.051483 0.764620
vt 0.056460 0.758642
vt 0.056460 0.752075
vt 0.049121 0.749433
vt 0.058913 0.755358
vt 0.062885 0.764620
vt 0.055307 0.773882
vt 0.051483 0.412672
vt 0.056460 0.406694
vt 0.056460 0.770598
vt 0.049121 0.767957
vt 0.058913 0.773882
vt 0.062885 0.412672
vt 0.055307 0.421934
vt 0.049121 0.427859
vt 0.051483 0.431196
vt 0.056460 0.425218
vt 0.056460 0.418650
vt 0.049121 0.416009
vt 0.058913 0.421934
vt 0.062885 0.431196
vt 0.055307 0.440457
vt 0.049121 0.446383
vt 0.051483 0.449719
vt 0.056460 0.443741
vt 0.056460 0.437174
vt 0.049121 0.434532
vt 0.058913 0.440457
vt 0.062885 0.449719
vt 0.055307 0.458981
vt 0.049121 0.464906
vt 0.051483 0.468243
vt 0.056460 0.462265
vt 0.056460 0.455697
vt 0.049121 0.453056
vt 0.058913 0.458981
vt 0.062885 0.468243
vt 0.055307 0.477505
vt 0.049121 0.483430
vt 0.051483 0.486766
vt 0.056460 0.480788
vt 0.056460 0.474221
vt 0.049121 0.471579
vt 0.058913 0.477505
vt 0.062885 0.486766
vt 0.055307 0.496028
vt 0.049121 0.501953
vt 0.051483 0.505290
vt 0.056460 0.499312
vt 0.056460 0.492744
vt 0.049121 0.490103
vt 0.058913 0.496028
vt 0.062885 0.505290
vt 0.055307 0.514552
vt 0.049121 0.520477
vt 0.051483 0.523813
vt 0.056460 0.517835
vt 0.056460 0.511268
vt 0.049121 0.508626
vt 0.058913 0.514552
vt 0.062885 0.523814
vt 0.055307 0.533075
vt 0.049121 0.539001
vt 0.051483 0.542337
vt 0.056460 0.536359
vt 0.056460 0.529792
vt 0.049121 0.527150
vt 0.058913 0.533075
vt 0.062885 0.542337
vt 0.055307 0.551599
vt 0.049121 0.557524
vt 0.051483 0.560861
vt 0.056460 0.554883
vt 0.056460 0.548315
vt 0.049121 0.545674
vt 0.058913 0.551599
vt 0.062885 0.560861
vt 0.055307 0.570122
vt 0.049121 0.576048
vt 0.056460 0.573406
vt 0.056460 0.566839
vt 0.049121 0.564197
vt 0.058913 0.570122
vt 0.040787 0.607170
vt 0.035215 0.613095
vt 0.037372 0.616431
vt 0.042023 0.610453
vt 0.042023 0.603886
vt 0.037372 0.597908
vt 0.035215 0.601244
vt 0.044285 0.607170
vt 0.047923 0.597908
vt 0.047923 0.616432
vt 0.044285 0.588646
vt 0.042023 0.591930
vt 0.042023 0.585362
vt 0.037372 0.579384
vt 0.035215 0.582721
vt 0.040787 0.588646
vt 0.047923 0.579384
vt 0.035215 0.594571
vt 0.040787 0.625693
vt 0.035215 0.631618
vt 0.037372 0.634955
vt 0.042023 0.628977
vt 0.042023 0.622410
vt 0.035215 0.619768
vt 0.044285 0.625693
vt 0.047923 0.634955
vt 0.040787 0.644217
vt 0.035215 0.650142
vt 0.037372 0.653479
vt 0.042023 0.647501
vt 0.042023 0.640933
vt 0.035215 0.638292
vt 0.044285 0.644217
vt 0.047923 0.653479
vt 0.040787 0.662740
vt 0.035215 0.668666
vt 0.037372 0.672002
vt 0.042023 0.666024
vt 0.042023 0.659457
vt 0.035215 0.656815
vt 0.044285 0.662740
vt 0.047923 0.672002
vt 0.040787 0.681264
vt 0.035215 0.687189
vt 0.037372 0.690526
vt 0.042023 0.684548
vt 0.042023 0.677980
vt 0.035215 0.675339
vt 0.044285 0.681264
vt 0.047923 0.690526
vt 0.040787 0.699788
vt 0.035215 0.705713
vt 0.037372 0.709049
vt 0.042023 0.703071
vt 0.042023 0.696504
vt 0.035215 0.693862
vt 0.044285 0.699788
vt 0.047923 0.709049
vt 0.040787 0.718311
vt 0.035215 0.724236
vt 0.037372 0.727573
vt 0.042023 0.721595
vt 0.042023 0.715027
vt 0.035215 0.712386
vt 0.044285 0.718311
vt 0.047923 0.727573
vt 0.040787 0.736835
vt 0.035215 0.742760
vt 0.037372 0.746097
vt 0.042023 0.740118
vt 0.042023 0.733551
vt 0.035215 0.730909
vt 0.044285 0.736835
vt 0.047923 0.746097
vt 0.040787 0.755358
vt 0.035215 0.761284
vt 0.037372 0.764620
vt 0.042023 0.758642
vt 0.042023 0.752075
vt 0.035215 0.749433
vt 0.044285 0.755358
vt 0.047923 0.764620
vt 0.040787 0.773882
vt 0.037372 0.412672
vt 0.042023 0.406694
vt 0.042023 0.770598
vt 0.035214 0.767957
vt 0.044285 0.773882
vt 0.047923 0.412672
vt 0.040787 0.421934
vt 0.035215 0.427859
vt 0.037372 0.431196
vt 0.042023 0.425218
vt 0.042023 0.418650
vt 0.035215 0.416009
vt 0.044285 0.421934
vt 0.047923 0.431196
vt 0.040787 0.440457
vt 0.035215 0.446383
vt 0.037372 0.449719
vt 0.042023 0.443741
vt 0.042023 0.437174
vt 0.035215 0.434532
vt 0.044285 0.440457
vt 0.047923 0.449719
vt 0.040787 0.458981
vt 0.035215 0.464906
vt 0.037372 0.468243
vt 0.042023 0.462265
vt 0.042023 0.455697
vt 0.035215 0.453056
vt 0.044285 0.458981
vt 0.047923 0.468243
vt 0.040787 0.477505
vt 0.035215 0.483430
vt 0.037372 0.486766
vt 0.042023 0.480788
vt 0.042023 0.474221
vt 0.035215 0.471579
vt 0.044285 0.477505
vt 0.047923 0.486766
vt 0.040787 0.496028
vt 0.035215 0.501953
vt 0.037372 0.505290
vt 0.042023 0.499312
vt 0.042023 0.492744
vt 0.035215 0.490103
vt 0.044285 0.496028
vt 0.047923 0.505290
vt 0.040787 0.514552
vt 0.035214 0.520477
vt 0.037372 0.523813
vt 0.042023 0.517835
vt 0.042023 0.511268
vt 0.035215 0.508626
vt 0.044285 0.514552
vt 0.047923 0.523814
vt 0.040787 0.533075
vt 0.035214 0.539001
vt 0.037372 0.542337
vt 0.042023 0.536359
vt 0.042023 0.529792
vt 0.035214 0.527150
vt 0.044285 0.533075
vt 0.047923 0.542337
vt 0.040787 0.551599
vt 0.035214 0.557524
vt 0.037372 0.560861
vt 0.042023 0.554883
vt 0.042023 0.548315
vt 0.035214 0.545674
vt 0.044285 0.551599
vt 0.047923 0.560861
vt 0.040787 0.570122
vt 0.035214 0.576048
vt 0.042023 0.573406
vt 0.042023 0.566839
vt 0.035214 0.564197
vt 0.044285 0.570122
vt 0.027458 0.607170
vt 0.024571 0.616432
vt 0.028738 0.610453
vt 0.028738 0.603886
vt 0.024571 0.597908
vt 0.030788 0.607170
vt 0.033952 0.597908
vt 0.033952 0.616431
vt 0.030788 0.588646
vt 0.028738 0.591930
vt 0.028738 0.585362
vt 0.024571 0.579384
vt 0.027458 0.588646
vt 0.033952 0.579384
vt 0.027458 0.625693
vt 0.024571 0.634955
vt 0.028738 0.628977
vt 0.028738 0.622410
vt 0.030788 0.625693
vt 0.033952 0.634955
vt 0.027458 0.644217
vt 0.024571 0.653479
vt 0.028738 0.647501
vt 0.028738 0.640933
vt 0.030788 0.644217
vt 0.033952 0.653479
vt 0.027458 0.662740
vt 0.024571 0.672002
vt 0.028738 0.666024
vt 0.028738 0.659457
vt 0.030788 0.662740
vt 0.033952 0.672002
vt 0.027458 0.681264
vt 0.024571 0.690526
vt 0.028738 0.684548
vt 0.028738 0.677980
vt 0.030788 0.681264
vt 0.033952 0.690526
vt 0.027458 0.699788
vt 0.024571 0.709049
vt 0.028738 0.703071
vt 0.028738 0.696504
vt 0.030788 0.699788
vt 0.033952 0.709049
vt 0.027458 0.718311
vt 0.024571 0.727573
vt 0.028738 0.721595
vt 0.028738 0.715027
vt 0.030788 0.718311
vt 0.033952 0.727573
vt 0.027458 0.736835
vt 0.024571 0.746096
vt 0.028738 0.740118
vt 0.028738 0.733551
vt 0.030788 0.736835
vt 0.033952 0.746097
vt 0.027458 0.755358
vt 0.024571 0.764620
vt 0.028738 0.758642
vt 0.028738 0.752075
vt 0.030788 0.755358
vt 0.033952 0.764620
vt 0.027458 0.773882
vt 0.024571 0.412672
vt 0.028738 0.406694
vt 0.028738 0.770598
vt 0.030788 0.773882
vt 0.033952 0.412672
vt 0.027458 0.421934
vt 0.024571 0.431196
vt 0.028738 0.425218
vt 0.028738 0.418650
vt 0.030788 0.421934
vt 0.033952 0.431196
vt 0.027458 0.440457
vt 0.024571 0.449719
vt 0.028738 0.443741
vt 0.028738 0.437174
vt 0.030788 0.440457
vt 0.033952 0.449719
vt 0.027458 0.458981
vt 0.024571 0.468243
vt 0.028738 0.462265
vt 0.028738 0.455697
vt 0.030788 0.458981
vt 0.033952 0.468243
vt 0.027458 0.477505
vt 0.024571 0.486766
vt 0.028738 0.480788
vt 0.028738 0.474221
vt 0.030788 0.477505
vt 0.033952 0.486766
vt 0.027458 0.496028
vt 0.024571 0.505290
vt 0.028738 0.499312
vt 0.028738 0.492744
vt 0.030788 0.496028
vt 0.033952 0.505290
vt 0.027458 0.514552
vt 0.024571 0.523814
vt 0.028738 0.517835
vt 0.028738 0.511268
vt 0.030788 0.514552
vt 0.033952 0.523813
vt 0.027458 0.533075
vt 0.024571 0.542337
vt 0.028738 0.536359
vt 0.028738 0.529792
vt 0.030788 0.533075
vt 0.033952 0.542337
vt 0.027458 0.551599
vt 0.024571 0.560861
vt 0.028738 0.554883
vt 0.028738 0.548315
vt 0.030788 0.551599
vt 0.033952 0.560861
vt 0.027458 0.570122
vt 0.028738 0.573406
vt 0.028738 0.566839
vt 0.030788 0.570122
vt 0.015065 0.379062
vt 0.015065 0.398885
vt 0.167436 0.948493
vt 0.167895 0.921075
vt 0.167895 0.948493
vt 0.167436 0.921075
vt 0.168725 0.921075
vt 0.168725 0.948493
vt 0.169771 0.948493
vt 0.170362 0.948493
vt 0.169771 0.921075
vt 0.007926 0.398885
vt 0.011125 0.398885
vt 0.007926 0.379062
vt 0.173833 0.948493
vt 0.170362 0.921075
vt 0.180665 0.948493
vt 0.173833 0.921075
vt 0.007788 0.412672
vt 0.002441 0.403410
vt 0.009100 0.409335
vt 0.019125 0.412672
vt 0.148023 0.403410
vt 0.159285 0.403410
vt 0.151638 0.409336
vt 0.135410 0.403410
vt 0.139570 0.409336
vt 0.121492 0.403410
vt 0.126131 0.409336
vt 0.106485 0.403410
vt 0.111447 0.409336
vt 0.090750 0.403410
vt 0.095817 0.409336
vt 0.074692 0.403410
vt 0.079690 0.409336
vt 0.058805 0.403410
vt 0.063600 0.409336
vt 0.043599 0.403410
vt 0.048048 0.409336
vt 0.020523 0.409335
vt 0.029519 0.403410
vt 0.033615 0.409336
vt 0.006926 0.398885
vt 0.005408 0.398885
vt 0.186682 0.921075
vt 0.186682 0.948493
vt 0.180665 0.921075
vt 0.013295 0.403410
vt 0.014592 0.400127
vt 0.144539 0.403410
vt 0.145835 0.400127
vt 0.131603 0.403410
vt 0.133058 0.400127
vt 0.117367 0.403410
vt 0.118976 0.400127
vt 0.102095 0.403410
vt 0.103772 0.400127
vt 0.086130 0.403410
vt 0.087819 0.400127
vt 0.070002 0.403410
vt 0.071629 0.400127
vt 0.054222 0.403410
vt 0.055751 0.400127
vt 0.039242 0.403410
vt 0.040671 0.400127
vt 0.025523 0.403410
vt 0.026873 0.400127
vt 0.211583 0.429998
vt 0.211583 0.400127
vt 0.211175 0.429998
vt 0.211175 0.400127
vt 0.210391 0.429998
vt 0.210391 0.400127
vt 0.209389 0.400127
vt 0.003910 0.398885
vt 0.005324 0.379062
vt 0.005324 0.398885
vt 0.007616 0.398885
vt 0.208822 0.400127
vt 0.205495 0.400127
vt 0.007681 0.403410
vt 0.003910 0.379062
vt 0.199300 0.400127
vt 0.018750 0.403410
vt 0.016912 0.400127
vt 0.145233 0.403410
vt 0.142745 0.400127
vt 0.132998 0.403410
vt 0.130398 0.400127
vt 0.119527 0.403410
vt 0.116846 0.400127
vt 0.105008 0.403410
vt 0.102294 0.400127
vt 0.089767 0.403410
vt 0.087079 0.400127
vt 0.074237 0.403410
vt 0.071638 0.400127
vt 0.058913 0.403410
vt 0.056460 0.400127
vt 0.044285 0.403410
vt 0.042023 0.400127
vt 0.030788 0.403410
vt 0.028738 0.400127
vt 0.011732 0.398885
vt 0.011609 0.409335
vt 0.005690 0.403410
vt 0.015629 0.403410
vt 0.022628 0.409335
vt 0.016873 0.403410
vt 0.142334 0.403410
vt 0.148440 0.409336
vt 0.153957 0.403410
vt 0.156078 0.403410
vt 0.129884 0.403410
vt 0.136730 0.409336
vt 0.116209 0.403410
vt 0.123763 0.409336
vt 0.101522 0.403410
vt 0.109677 0.409336
vt 0.086168 0.403410
vt 0.094744 0.409336
vt 0.070597 0.403410
vt 0.079356 0.409336
vt 0.055307 0.403410
vt 0.063985 0.409335
vt 0.040787 0.403410
vt 0.049121 0.409336
vt 0.027458 0.403410
vt 0.035215 0.409336
vt 0.002441 0.319596
vt 0.002441 0.319596
vt 0.002441 0.319596
vt 0.002441 0.319596
vt 0.002442 0.339418
vt 0.002442 0.339418
vt 0.002442 0.339418
vt 0.002442 0.339418
vt 0.002442 0.359240
vt 0.002442 0.359240
vt 0.002442 0.359240
vt 0.002442 0.359240
vt 0.002442 0.379062
vt 0.002442 0.379062
vt 0.002442 0.379062
vt 0.002442 0.379062
vt 0.002442 0.398885
vt 0.002442 0.398885
vt 0.002442 0.002441
vt 0.002442 0.002441
vt 0.002441 0.022264
vt 0.002441 0.022264
vt 0.002441 0.022264
vt 0.002441 0.022264
vt 0.002441 0.042086
vt 0.002441 0.042086
vt 0.002441 0.042086
vt 0.002441 0.042086
vt 0.002441 0.061908
vt 0.002441 0.061908
vt 0.002441 0.061908
vt 0.002441 0.061908
vt 0.002442 0.081730
vt 0.002442 0.081730
vt 0.002442 0.081730
vt 0.002442 0.081730
vt 0.002441 0.101552
vt 0.002441 0.101552
vt 0.002441 0.101552
vt 0.002441 0.101552
vt 0.002442 0.121374
vt 0.002442 0.121374
vt 0.002442 0.121374
vt 0.002442 0.121374
vt 0.002441 0.141197
vt 0.002441 0.141197
vt 0.002441 0.141197
vt 0.002441 0.141197
vt 0.002441 0.161019
vt 0.002441 0.161019
vt 0.002441 0.161019
vt 0.002441 0.161019
vt 0.002441 0.180841
vt 0.002441 0.180841
vt 0.002441 0.180841
vt 0.002441 0.180841
vt 0.002441 0.200663
vt 0.002441 0.200663
vt 0.002441 0.200663
vt 0.002441 0.200663
vt 0.002442 0.220485
vt 0.002442 0.220485
vt 0.002442 0.220485
vt 0.002442 0.220485
vt 0.002442 0.240307
vt 0.002442 0.240307
vt 0.002442 0.240307
vt 0.002442 0.240307
vt 0.002441 0.260129
vt 0.002441 0.260129
vt 0.002441 0.260129
vt 0.002441 0.260129
vt 0.002441 0.279952
vt 0.002441 0.279952
vt 0.002441 0.279952
vt 0.002441 0.279952
vt 0.002442 0.299774
vt 0.002442 0.299774
vt 0.002442 0.299774
vt 0.002442 0.299774
vt 0.192345 0.674310
vt 0.193725 0.698843
vt 0.192345 0.674310
vt 0.193725 0.698843
vt 0.192345 0.646892
vt 0.193725 0.728714
vt 0.192345 0.646892
vt 0.193725 0.728714
vt 0.192345 0.619473
vt 0.193725 0.758586
vt 0.192345 0.619473
vt 0.193725 0.758586
vt 0.192345 0.592055
vt 0.193725 0.788457
vt 0.192345 0.592055
vt 0.193725 0.788457
vt 0.192345 0.564637
vt 0.193725 0.818329
vt 0.192345 0.564637
vt 0.193725 0.818329
vt 0.192345 0.537218
vt 0.193725 0.848201
vt 0.192345 0.537218
vt 0.193725 0.848201
vt 0.192345 0.509800
vt 0.193725 0.878072
vt 0.192345 0.509800
vt 0.193725 0.878072
vt 0.192345 0.482382
vt 0.193725 0.907944
vt 0.192345 0.482382
vt 0.193725 0.907944
vt 0.192345 0.454963
vt 0.193725 0.937815
vt 0.192345 0.454963
vt 0.193725 0.937815
vt 0.192345 0.427545
vt 0.193725 0.967687
vt 0.192345 0.427545
vt 0.193725 0.967687
vt 0.192345 0.400127
vt 0.193725 0.997559
vt 0.192345 0.948493
vt 0.193725 0.400127
vt 0.192345 0.921075
vt 0.193725 0.429998
vt 0.192345 0.921075
vt 0.193725 0.429998
vt 0.192345 0.893656
vt 0.193725 0.459870
vt 0.192345 0.893656
vt 0.193725 0.459870
vt 0.192345 0.866238
vt 0.193725 0.489741
vt 0.192345 0.866238
vt 0.193725 0.489741
vt 0.192345 0.838820
vt 0.193725 0.519613
vt 0.192345 0.838820
vt 0.193725 0.519613
vt 0.192345 0.811401
vt 0.193725 0.549485
vt 0.192345 0.811401
vt 0.193725 0.549485
vt 0.192345 0.783983
vt 0.193725 0.579356
vt 0.192345 0.783983
vt 0.193725 0.579356
vt 0.192345 0.756565
vt 0.193725 0.609228
vt 0.192345 0.756565
vt 0.193725 0.609228
vt 0.192345 0.729147
vt 0.193725 0.639099
vt 0.192345 0.729147
vt 0.193725 0.639099
vt 0.192345 0.701728
vt 0.193725 0.668971
vt 0.192345 0.701728
vt 0.193725 0.668971
vt 0.015172 0.424283
vt 0.015172 0.415287
vt 0.012875 0.417127
vt 0.013098 0.423019
vt 0.141283 0.415217
vt 0.141060 0.421109
vt 0.143357 0.422949
vt 0.143357 0.413953
vt 0.569833 0.410671
vt 0.569833 0.416567
vt 0.571857 0.417909
vt 0.572197 0.408919
vt 0.418023 0.416618
vt 0.417799 0.422509
vt 0.420096 0.424350
vt 0.420096 0.415354
vt 0.114727 0.415284
vt 0.114950 0.421175
vt 0.117024 0.422439
vt 0.117024 0.413443
vt 0.088618 0.413970
vt 0.088395 0.419861
vt 0.090692 0.421702
vt 0.090692 0.412705
vt 0.028277 0.416720
vt 0.028500 0.422612
vt 0.030574 0.423876
vt 0.030574 0.414880
vt 0.577782 0.410420
vt 0.577782 0.416316
vt 0.580147 0.418068
vt 0.579806 0.409078
vt 0.513690 0.415505
vt 0.513913 0.421396
vt 0.515986 0.422660
vt 0.515986 0.413664
vt 0.072719 0.414418
vt 0.072496 0.420309
vt 0.074793 0.422149
vt 0.074793 0.413153
vt 0.056597 0.415317
vt 0.056820 0.421209
vt 0.058894 0.422473
vt 0.058894 0.413477
vt 0.526334 0.410359
vt 0.526111 0.416251
vt 0.528407 0.418091
vt 0.528407 0.409095
vt 0.042189 0.415153
vt 0.042412 0.421044
vt 0.044485 0.422308
vt 0.044485 0.413312
vt 0.025022 0.415217
vt 0.024799 0.421109
vt 0.027096 0.422949
vt 0.027096 0.413953
vt 0.589706 0.410935
vt 0.589929 0.416826
vt 0.592003 0.418091
vt 0.592003 0.409094
vt 0.522359 0.410204
vt 0.522136 0.416096
vt 0.524433 0.417936
vt 0.524433 0.408940
vt 0.538035 0.410935
vt 0.538258 0.416826
vt 0.540332 0.418091
vt 0.540332 0.409094
vt 0.534283 0.410359
vt 0.534060 0.416250
vt 0.536357 0.418091
vt 0.536357 0.409095
vt 0.028774 0.406404
vt 0.028774 0.412299
vt 0.030798 0.413641
vt 0.031139 0.404652
vt 0.050361 0.410551
vt 0.050138 0.416443
vt 0.052435 0.418283
vt 0.052435 0.409287
vt 0.573807 0.410935
vt 0.574030 0.416826
vt 0.576104 0.418091
vt 0.576104 0.409094
vt 0.104517 0.413994
vt 0.104294 0.419886
vt 0.106590 0.421726
vt 0.106590 0.412730
vt 0.542009 0.410758
vt 0.542233 0.416650
vt 0.544306 0.417914
vt 0.544306 0.408918
vt 0.530085 0.410420
vt 0.530085 0.416315
vt 0.532450 0.418068
vt 0.532110 0.409078
vt 0.581757 0.410758
vt 0.581980 0.416650
vt 0.584054 0.417914
vt 0.584054 0.408918
vt 0.546207 0.410359
vt 0.545984 0.416250
vt 0.548281 0.418091
vt 0.548281 0.409095
vt 0.565858 0.410935
vt 0.566081 0.416826
vt 0.568155 0.418091
vt 0.568155 0.409094
vt 0.144761 0.414124
vt 0.144538 0.420016
vt 0.146834 0.421856
vt 0.146834 0.412860
vt 0.016353 0.415551
vt 0.016576 0.421442
vt 0.018650 0.422706
vt 0.018650 0.413710
vt 0.585731 0.410420
vt 0.585731 0.416315
vt 0.588096 0.418068
vt 0.587756 0.409078
vt 0.119199 0.414754
vt 0.119422 0.420646
vt 0.121496 0.421910
vt 0.121496 0.412914
vt 0.561883 0.410420
vt 0.561883 0.416315
vt 0.564248 0.418068
vt 0.563907 0.409078
vt 0.549959 0.410935
vt 0.550182 0.416826
vt 0.552256 0.418091
vt 0.552256 0.409094
vt 0.554157 0.410359
vt 0.553934 0.416250
vt 0.556230 0.418091
vt 0.556230 0.409095
vt 0.100319 0.415663
vt 0.100542 0.421555
vt 0.102616 0.422819
vt 0.102616 0.413823
vt 0.130352 0.414730
vt 0.130129 0.420621
vt 0.132426 0.422462
vt 0.132426 0.413466
vt 0.597159 0.411025
vt 0.597382 0.416916
vt 0.599456 0.418180
vt 0.599456 0.409184
vt 0.493542 0.416618
vt 0.493319 0.422509
vt 0.495616 0.424350
vt 0.495616 0.415354
vt 0.037220 0.414034
vt 0.037443 0.419925
vt 0.039517 0.421190
vt 0.039517 0.412193
vt 0.069241 0.414775
vt 0.069018 0.420667
vt 0.071315 0.422507
vt 0.071315 0.413511
vt 0.579272 0.401272
vt 0.580408 0.407143
vt 0.582086 0.408192
vt 0.582086 0.400124
vt 0.143873 0.412716
vt 0.143873 0.404648
vt 0.142196 0.405696
vt 0.141060 0.411568
vt 0.515677 0.400124
vt 0.515677 0.408192
vt 0.518490 0.407044
vt 0.517354 0.401173
vt 0.536686 0.401171
vt 0.535551 0.407042
vt 0.538364 0.408190
vt 0.538364 0.400122
vt 0.571323 0.401272
vt 0.572459 0.407143
vt 0.574136 0.408192
vt 0.574136 0.400124
vt 0.556560 0.401171
vt 0.555424 0.407042
vt 0.558238 0.408190
vt 0.558238 0.400122
vt 0.054610 0.405564
vt 0.055746 0.411436
vt 0.057423 0.412484
vt 0.057423 0.404416
vt 0.592333 0.401171
vt 0.591197 0.407042
vt 0.594010 0.408190
vt 0.594010 0.400122
vt 0.563374 0.401272
vt 0.564510 0.407143
vt 0.566187 0.408192
vt 0.566187 0.400124
vt 0.015501 0.405696
vt 0.014366 0.411568
vt 0.017179 0.412716
vt 0.017179 0.404648
vt 0.583247 0.401272
vt 0.584383 0.407143
vt 0.586061 0.408192
vt 0.586061 0.400124
vt 0.025935 0.405696
vt 0.024799 0.411568
vt 0.027613 0.412716
vt 0.027613 0.404648
vt 0.039704 0.405797
vt 0.040840 0.411669
vt 0.042518 0.412717
vt 0.042518 0.404649
vt 0.540661 0.401171
vt 0.539525 0.407042
vt 0.542339 0.408190
vt 0.542339 0.400122
vt 0.127645 0.405797
vt 0.128781 0.411669
vt 0.130458 0.412717
vt 0.130458 0.404649
vt 0.568484 0.401171
vt 0.567348 0.407042
vt 0.570162 0.408190
vt 0.570162 0.400122
vt 0.112243 0.405797
vt 0.113379 0.411669
vt 0.115056 0.412717
vt 0.115056 0.404649
vt 0.050635 0.401474
vt 0.050635 0.407455
vt 0.053615 0.408047
vt 0.052083 0.400126
vt 0.516671 0.409836
vt 0.517807 0.415708
vt 0.519484 0.416756
vt 0.519484 0.408688
vt 0.086550 0.405239
vt 0.085414 0.411110
vt 0.088227 0.412258
vt 0.088227 0.404190
vt 0.131620 0.405797
vt 0.132756 0.411669
vt 0.134433 0.412717
vt 0.134433 0.404649
vt 0.520788 0.401171
vt 0.519652 0.407042
vt 0.522465 0.408190
vt 0.522465 0.400122
vt 0.509715 0.410238
vt 0.510851 0.416109
vt 0.512528 0.417158
vt 0.512528 0.409090
vt 0.511702 0.401474
vt 0.511702 0.407455
vt 0.514682 0.408047
vt 0.513150 0.400126
vt 0.559399 0.401272
vt 0.560535 0.407143
vt 0.562212 0.408192
vt 0.562212 0.400124
vt 0.548611 0.401171
vt 0.547475 0.407042
vt 0.550288 0.408190
vt 0.550288 0.400122
vt 0.116218 0.405797
vt 0.117354 0.411669
vt 0.119031 0.412717
vt 0.119031 0.404649
vt 0.528737 0.401171
vt 0.527601 0.407042
vt 0.530415 0.408190
vt 0.530415 0.400122
vt 0.543500 0.401272
vt 0.544636 0.407143
vt 0.546313 0.408192
vt 0.546313 0.400124
vt 0.552585 0.401171
vt 0.551449 0.407042
vt 0.554263 0.408190
vt 0.554263 0.400122
vt 0.100816 0.405668
vt 0.101952 0.411539
vt 0.103629 0.412588
vt 0.103629 0.404520
vt 0.507728 0.401474
vt 0.507728 0.407455
vt 0.510708 0.408047
vt 0.509175 0.400126
vt 0.595171 0.401272
vt 0.596307 0.407143
vt 0.597985 0.408192
vt 0.597985 0.400124
vt 0.576434 0.401171
vt 0.575298 0.407042
vt 0.578111 0.408190
vt 0.578111 0.400122
vt 0.587222 0.401272
vt 0.588358 0.407143
vt 0.590035 0.408192
vt 0.590035 0.400124
vt 0.558547 0.409964
vt 0.557411 0.415835
vt 0.560225 0.416983
vt 0.560225 0.408915
vt 0.523626 0.401272
vt 0.524762 0.407143
vt 0.526440 0.408192
vt 0.526440 0.400124
vt 0.071148 0.405384
vt 0.070012 0.411255
vt 0.072825 0.412403
vt 0.072825 0.404336
vt 0.531576 0.401272
vt 0.532712 0.407143
vt 0.534389 0.408192
vt 0.534389 0.400124
vt 0.594320 0.409964
vt 0.593184 0.415835
vt 0.595997 0.416983
vt 0.595997 0.408915
vt 0.364454 0.415350
vt 0.362153 0.417443
vt 0.362579 0.420524
vt 0.364454 0.418277
vt 0.157384 0.410161
vt 0.156959 0.413242
vt 0.159259 0.415335
vt 0.159259 0.412408
vt 0.474753 0.415690
vt 0.472452 0.417783
vt 0.472877 0.420865
vt 0.474753 0.418617
vt 0.455063 0.415347
vt 0.455063 0.418458
vt 0.457628 0.420217
vt 0.457228 0.417317
vt 0.435189 0.415347
vt 0.435189 0.418458
vt 0.437754 0.420217
vt 0.437354 0.417317
vt 0.450904 0.415690
vt 0.448604 0.417783
vt 0.449029 0.420865
vt 0.450904 0.418617
vt 0.412151 0.415350
vt 0.409850 0.417443
vt 0.410275 0.420524
vt 0.412151 0.418277
vt 0.147335 0.404646
vt 0.145034 0.406739
vt 0.145460 0.409820
vt 0.147335 0.407573
vt 0.478911 0.415347
vt 0.478911 0.418458
vt 0.481476 0.420217
vt 0.481076 0.417317
vt 0.500203 0.415886
vt 0.499778 0.418967
vt 0.502079 0.421060
vt 0.502079 0.418133
vt 0.002441 0.408872
vt 0.002441 0.411982
vt 0.005007 0.413741
vt 0.004607 0.410841
vt 0.509035 0.415262
vt 0.506734 0.417355
vt 0.507159 0.420436
vt 0.509035 0.418189
vt 0.403391 0.415347
vt 0.403391 0.418458
vt 0.405956 0.420217
vt 0.405556 0.417317
vt 0.391467 0.415347
vt 0.391467 0.418458
vt 0.394032 0.420217
vt 0.393632 0.417317
vt 0.428658 0.415886
vt 0.428233 0.418967
vt 0.430534 0.421060
vt 0.430534 0.418133
vt 0.486860 0.415347
vt 0.486860 0.418457
vt 0.489425 0.420216
vt 0.489025 0.417317
vt 0.064971 0.415576
vt 0.064546 0.418657
vt 0.066847 0.420750
vt 0.066847 0.417823
vt 0.466987 0.415347
vt 0.466987 0.418458
vt 0.469552 0.420217
vt 0.469152 0.417317
vt 0.460456 0.415886
vt 0.460031 0.418967
vt 0.462332 0.421060
vt 0.462332 0.418133
vt 0.375993 0.415344
vt 0.375568 0.418425
vt 0.377869 0.420518
vt 0.377869 0.417591
vt 0.135095 0.416445
vt 0.133607 0.419098
vt 0.135654 0.421348
vt 0.135654 0.418865
vt 0.367119 0.416445
vt 0.365631 0.419098
vt 0.367679 0.421348
vt 0.367679 0.418865
vt 0.414816 0.416445
vt 0.413328 0.419098
vt 0.415375 0.421348
vt 0.415375 0.418864
vt 0.504744 0.416259
vt 0.503256 0.418912
vt 0.505303 0.421161
vt 0.505303 0.418678
vt 0.477418 0.417866
vt 0.475930 0.420519
vt 0.477977 0.422768
vt 0.477977 0.420285
vt 0.356688 0.415662
vt 0.356688 0.418704
vt 0.359574 0.419664
vt 0.358360 0.417499
vt 0.128699 0.417166
vt 0.126651 0.419416
vt 0.128139 0.422068
vt 0.128699 0.419649
vt 0.464997 0.416450
vt 0.463509 0.419103
vt 0.465556 0.421353
vt 0.465556 0.418869
vt 0.440157 0.415662
vt 0.440157 0.418704
vt 0.443043 0.419664
vt 0.441829 0.417498
vt 0.521140 0.417711
vt 0.519652 0.420364
vt 0.521699 0.422613
vt 0.521699 0.420130
vt 0.098888 0.416221
vt 0.096841 0.418471
vt 0.098329 0.421124
vt 0.098888 0.418704
vt 0.446614 0.415970
vt 0.445126 0.418623
vt 0.447173 0.420872
vt 0.447173 0.418389
vt 0.371094 0.415970
vt 0.369606 0.418623
vt 0.371653 0.420872
vt 0.371653 0.418389
vt 0.386993 0.415970
vt 0.385505 0.418623
vt 0.387552 0.420872
vt 0.387552 0.418389
vt 0.433758 0.416391
vt 0.431711 0.418640
vt 0.433199 0.421293
vt 0.433758 0.418874
vt 0.055166 0.417824
vt 0.053119 0.420073
vt 0.054607 0.422726
vt 0.055166 0.420307
vt 0.485430 0.416391
vt 0.483382 0.418640
vt 0.484870 0.421293
vt 0.485430 0.418874
vt 0.383018 0.415970
vt 0.381530 0.418623
vt 0.383577 0.420872
vt 0.383577 0.418389
vt 0.398980 0.415910
vt 0.396932 0.418160
vt 0.398420 0.420813
vt 0.398980 0.418394
vt 0.424258 0.415662
vt 0.424258 0.418704
vt 0.427144 0.419664
vt 0.425930 0.417499
vt 0.045666 0.400124
vt 0.045666 0.417075
vt 0.048751 0.418955
vt 0.049151 0.402248
vt 0.095357 0.417076
vt 0.095357 0.400125
vt 0.091873 0.402249
vt 0.092272 0.418956
vt 0.075974 0.400124
vt 0.075974 0.417075
vt 0.079058 0.418955
vt 0.079458 0.402248
vt 0.325393 0.417076
vt 0.325393 0.400125
vt 0.321909 0.402249
vt 0.322309 0.418956
vt 0.060075 0.400124
vt 0.060075 0.417075
vt 0.063159 0.418956
vt 0.063559 0.402248
vt 0.023315 0.417076
vt 0.023315 0.400125
vt 0.019831 0.402249
vt 0.020230 0.418956
vt 0.227510 0.400124
vt 0.227510 0.417075
vt 0.230595 0.418955
vt 0.230994 0.402248
vt 0.240931 0.417076
vt 0.240931 0.400125
vt 0.237447 0.402249
vt 0.237846 0.418957
vt 0.272225 0.400124
vt 0.272225 0.417075
vt 0.275310 0.418955
vt 0.275709 0.402248
vt 0.270741 0.417076
vt 0.270741 0.400125
vt 0.267257 0.402249
vt 0.267656 0.418956
vt 0.212605 0.400124
vt 0.212605 0.417075
vt 0.215689 0.418956
vt 0.216089 0.402248
vt 0.260804 0.417076
vt 0.260804 0.400125
vt 0.257320 0.402249
vt 0.257720 0.418957
vt 0.297067 0.400124
vt 0.297067 0.417075
vt 0.300152 0.418955
vt 0.300551 0.402248
vt 0.330362 0.417076
vt 0.330362 0.400125
vt 0.326878 0.402249
vt 0.327277 0.418956
vt 0.080942 0.400124
vt 0.080942 0.417075
vt 0.084027 0.418956
vt 0.084426 0.402248
vt 0.226025 0.417076
vt 0.226025 0.400125
vt 0.222541 0.402249
vt 0.222941 0.418956
vt 0.242415 0.400124
vt 0.242415 0.417075
vt 0.245500 0.418956
vt 0.245899 0.402248
vt 0.290615 0.417076
vt 0.290615 0.400125
vt 0.287131 0.402249
vt 0.287530 0.418956
vt 0.277194 0.400124
vt 0.277194 0.417075
vt 0.280279 0.418955
vt 0.280678 0.402248
vt 0.295583 0.417076
vt 0.295583 0.400125
vt 0.292099 0.402249
vt 0.292498 0.418956
vt 0.311973 0.400124
vt 0.311973 0.417075
vt 0.315057 0.418955
vt 0.315457 0.402248
vt 0.250867 0.417076
vt 0.250867 0.400125
vt 0.247383 0.402249
vt 0.247783 0.418956
vt 0.262289 0.400124
vt 0.262289 0.417075
vt 0.265373 0.418956
vt 0.265773 0.402248
vt 0.340299 0.417076
vt 0.340299 0.400125
vt 0.336815 0.402249
vt 0.337214 0.418956
vt 0.252352 0.400124
vt 0.252352 0.417075
vt 0.255437 0.418956
vt 0.255836 0.402248
vt 0.335330 0.417076
vt 0.335330 0.400125
vt 0.331846 0.402249
vt 0.332246 0.418956
vt 0.136588 0.400124
vt 0.136588 0.417075
vt 0.139673 0.418956
vt 0.140072 0.402248
vt 0.221057 0.417076
vt 0.221057 0.400125
vt 0.217573 0.402249
vt 0.217972 0.418957
vt 0.346751 0.400124
vt 0.346751 0.417075
vt 0.349836 0.418955
vt 0.350235 0.402248
vt 0.355204 0.417076
vt 0.355204 0.400125
vt 0.351720 0.402249
vt 0.352119 0.418956
vt 0.160436 0.400124
vt 0.160436 0.417075
vt 0.163521 0.418956
vt 0.163920 0.402248
vt 0.310488 0.417076
vt 0.310488 0.400125
vt 0.307004 0.402249
vt 0.307404 0.418956
vt 0.232478 0.400124
vt 0.232478 0.417075
vt 0.235563 0.418956
vt 0.235962 0.402248
vt 0.035736 0.417076
vt 0.035736 0.400125
vt 0.032252 0.402249
vt 0.032651 0.418957
vt 0.341783 0.400124
vt 0.341783 0.417075
vt 0.344868 0.418955
vt 0.345267 0.402248
vt 0.320425 0.417076
vt 0.320425 0.400125
vt 0.316941 0.402249
vt 0.317340 0.418956
vt 0.302036 0.400124
vt 0.302036 0.417075
vt 0.305121 0.418955
vt 0.305520 0.402248
vt 0.285646 0.417076
vt 0.285646 0.400125
vt 0.282162 0.402249
vt 0.282562 0.418956
vt 0.107771 0.400124
vt 0.107771 0.417075
vt 0.110856 0.418955
vt 0.111256 0.402248
vt 0.126161 0.417076
vt 0.126161 0.400125
vt 0.122677 0.402249
vt 0.123076 0.418956
vt 0.376562 0.400124
vt 0.376562 0.413490
vt 0.379311 0.415209
vt 0.379540 0.401985
vt 0.478908 0.413492
vt 0.478908 0.400126
vt 0.475930 0.401987
vt 0.476158 0.415211
vt 0.356688 0.400124
vt 0.356688 0.413490
vt 0.359438 0.415209
vt 0.359666 0.401985
vt 0.375565 0.413492
vt 0.375565 0.400126
vt 0.372587 0.401987
vt 0.372815 0.415211
vt 0.412334 0.400124
vt 0.412334 0.413490
vt 0.415084 0.415209
vt 0.415312 0.401985
vt 0.403388 0.413492
vt 0.403388 0.400126
vt 0.400410 0.401987
vt 0.400638 0.415211
vt 0.487854 0.400124
vt 0.487854 0.413490
vt 0.490603 0.415209
vt 0.490832 0.401985
vt 0.383514 0.413492
vt 0.383514 0.400126
vt 0.380537 0.401987
vt 0.380765 0.415211
vt 0.440157 0.400124
vt 0.440157 0.413490
vt 0.442907 0.415209
vt 0.443135 0.401985
vt 0.451085 0.413492
vt 0.451085 0.400126
vt 0.448107 0.401987
vt 0.448335 0.415211
vt 0.460031 0.400124
vt 0.460031 0.413490
vt 0.462780 0.415209
vt 0.463009 0.401985
vt 0.399413 0.413492
vt 0.399413 0.400126
vt 0.396435 0.401987
vt 0.396664 0.415211
vt 0.428233 0.400124
vt 0.428233 0.413490
vt 0.430983 0.415209
vt 0.431211 0.401985
vt 0.411337 0.413492
vt 0.411337 0.400126
vt 0.408360 0.401987
vt 0.408588 0.415211
vt 0.456056 0.400124
vt 0.456056 0.413490
vt 0.458806 0.415209
vt 0.459034 0.401985
vt 0.391464 0.413492
vt 0.391464 0.400126
vt 0.388486 0.401987
vt 0.388714 0.415211
vt 0.467980 0.400124
vt 0.467980 0.413490
vt 0.470730 0.415209
vt 0.470958 0.401985
vt 0.099819 0.413492
vt 0.099819 0.400126
vt 0.096841 0.401987
vt 0.097069 0.415211
vt 0.495803 0.400124
vt 0.495803 0.413490
vt 0.498553 0.415209
vt 0.498781 0.401985
vt 0.387489 0.413492
vt 0.387489 0.400126
vt 0.384511 0.401987
vt 0.384740 0.415211
vt 0.479904 0.400124
vt 0.479904 0.413490
vt 0.482654 0.415209
vt 0.482882 0.401985
vt 0.363641 0.413492
vt 0.363641 0.400126
vt 0.360663 0.401987
vt 0.360891 0.415211
vt 0.503753 0.400124
vt 0.503753 0.413490
vt 0.506502 0.415208
vt 0.506731 0.401985
vt 0.474933 0.413492
vt 0.474933 0.400126
vt 0.471955 0.401987
vt 0.472183 0.415211
vt 0.499778 0.400124
vt 0.499778 0.413490
vt 0.502528 0.415209
vt 0.502756 0.401985
vt 0.371590 0.413492
vt 0.371590 0.400126
vt 0.368612 0.401987
vt 0.368841 0.415211
vt 0.420284 0.400124
vt 0.420284 0.413490
vt 0.423033 0.415209
vt 0.423262 0.401985
vt 0.419287 0.413492
vt 0.419287 0.400126
vt 0.416309 0.401987
vt 0.416537 0.415211
vt 0.404385 0.400124
vt 0.404385 0.413490
vt 0.407134 0.415209
vt 0.407363 0.401985
vt 0.435186 0.413492
vt 0.435186 0.400126
vt 0.432208 0.401987
vt 0.432436 0.415211
vt 0.364638 0.400124
vt 0.364638 0.413490
vt 0.367387 0.415209
vt 0.367616 0.401985
vt 0.447110 0.413492
vt 0.447110 0.400126
vt 0.444132 0.401987
vt 0.444360 0.415211
vt 0.436183 0.400124
vt 0.436183 0.413490
vt 0.438932 0.415209
vt 0.439160 0.401985
vt 0.466983 0.413492
vt 0.466983 0.400126
vt 0.464006 0.401987
vt 0.464234 0.415211
vt 0.392461 0.400124
vt 0.392461 0.413490
vt 0.395210 0.415209
vt 0.395439 0.401985
vt 0.486857 0.413492
vt 0.486857 0.400126
vt 0.483879 0.401987
vt 0.484107 0.415211
vt 0.065043 0.400124
vt 0.065043 0.413490
vt 0.067793 0.415209
vt 0.068021 0.401985
vt 0.455059 0.413492
vt 0.455059 0.400126
vt 0.452081 0.401987
vt 0.452310 0.415211
vt 0.424258 0.400124
vt 0.424258 0.413490
vt 0.427008 0.415209
vt 0.427236 0.401985
vt 0.494806 0.413492
vt 0.494806 0.400126
vt 0.491829 0.401987
vt 0.492057 0.415210
vn -0.725362 0.646764 -0.235685
vn -0.617030 0.646763 -0.448299
vn -0.617030 0.646763 -0.448298
vn -0.725362 0.646764 -0.235683
vn -0.448298 0.646761 -0.617033
vn -0.448300 0.646761 -0.617031
vn -0.235689 0.646755 -0.725368
vn -0.235684 0.646755 -0.725370
vn 0.000001 0.646749 -0.762703
vn 0.000001 0.646749 -0.762703
vn 0.235685 0.646754 -0.725370
vn 0.235691 0.646754 -0.725369
vn 0.448296 0.646766 -0.617029
vn 0.448297 0.646766 -0.617028
vn 0.617033 0.646758 -0.448302
vn 0.617034 0.646758 -0.448300
vn 0.725380 0.646740 -0.235691
vn 0.725380 0.646741 -0.235691
vn 0.762717 0.646733 0.000000
vn 0.762717 0.646733 0.000000
vn 0.725382 0.646739 0.235689
vn 0.725381 0.646739 0.235692
vn 0.617031 0.646759 0.448302
vn 0.617033 0.646759 0.448300
vn 0.448300 0.646757 0.617036
vn 0.448305 0.646757 0.617032
vn 0.235688 0.646741 0.725381
vn 0.235695 0.646741 0.725379
vn -0.000000 0.646741 0.762710
vn -0.000000 0.646741 0.762710
vn -0.235692 0.646741 0.725380
vn -0.235689 0.646741 0.725381
vn -0.448303 0.646749 0.617041
vn -0.448307 0.646749 0.617038
vn -0.617040 0.646748 0.448306
vn -0.617040 0.646748 0.448307
vn -0.725378 0.646745 0.235687
vn -0.725376 0.646745 0.235692
vn -0.762696 0.646757 0.000001
vn -0.762696 0.646757 0.000001
vn -0.048345 -0.998707 -0.015708
vn -0.041125 -0.998707 -0.029879
vn 0.000000 -1.000000 0.000000
vn -0.029879 -0.998707 -0.041125
vn -0.015708 -0.998707 -0.048345
vn 0.000000 -0.998707 -0.050833
vn 0.015708 -0.998707 -0.048345
vn 0.029879 -0.998707 -0.041125
vn 0.041125 -0.998707 -0.029879
vn 0.048345 -0.998707 -0.015708
vn 0.050833 -0.998707 -0.000000
vn 0.048345 -0.998707 0.015708
vn 0.041125 -0.998707 0.029879
vn 0.029879 -0.998707 0.041125
vn 0.015708 -0.998707 0.048345
vn -0.000000 -0.998707 0.050833
vn -0.015708 -0.998707 0.048345
vn -0.029879 -0.998707 0.041125
vn -0.041125 -0.998707 0.029879
vn -0.048345 -0.998707 0.015708
vn -0.050833 -0.998707 -0.000000
vn -0.470728 -0.868920 -0.152948
vn -0.494943 -0.868926 0.000000
vn -0.928929 -0.214458 -0.301827
vn -0.779091 -0.573528 -0.253146
vn -0.944498 -0.328518 0.000000
vn -0.976744 -0.214407 -0.000000
vn -0.640483 -0.767973 -0.000000
vn -0.400435 -0.868915 -0.290929
vn -0.662711 -0.573554 -0.481508
vn -0.790201 -0.214508 -0.574081
vn -0.290925 -0.868920 -0.400426
vn -0.481501 -0.573522 -0.662743
vn -0.574113 -0.214482 -0.790185
vn -0.152943 -0.868929 -0.470714
vn -0.197916 -0.767994 -0.609110
vn -0.301822 -0.214419 -0.928939
vn -0.291873 -0.328537 -0.898262
vn -0.000000 -0.868922 -0.494950
vn -0.000000 -0.767986 -0.640467
vn -0.000001 -0.214457 -0.976734
vn -0.000001 -0.328590 -0.944473
vn 0.152943 -0.868929 -0.470713
vn 0.197911 -0.768009 -0.609092
vn 0.301821 -0.214444 -0.928934
vn 0.291870 -0.328573 -0.898249
vn 0.290939 -0.868909 -0.400439
vn 0.481519 -0.573483 -0.662764
vn 0.574121 -0.214433 -0.790192
vn 0.400444 -0.868908 -0.290936
vn 0.662781 -0.573429 -0.481561
vn 0.790209 -0.214407 -0.574107
vn 0.470732 -0.868918 -0.152948
vn 0.779142 -0.573453 -0.253157
vn 0.928938 -0.214409 -0.301834
vn 0.494986 -0.868901 0.000001
vn 0.640517 -0.767944 0.000002
vn 0.976744 -0.214408 0.000001
vn 0.944498 -0.328518 0.000002
vn 0.470750 -0.868907 0.152956
vn 0.779177 -0.573404 0.253164
vn 0.928948 -0.214359 0.301839
vn 0.400419 -0.868924 0.290922
vn 0.662790 -0.573427 0.481551
vn 0.790207 -0.214407 0.574111
vn 0.290901 -0.868939 0.400401
vn 0.481511 -0.573517 0.662741
vn 0.574112 -0.214457 0.790192
vn 0.152937 -0.868939 0.470696
vn 0.197908 -0.768008 0.609095
vn 0.301823 -0.214419 0.928939
vn 0.291871 -0.328537 0.898262
vn -0.000000 -0.868931 0.494934
vn -0.000000 -0.767979 0.640476
vn -0.000000 -0.214407 0.976745
vn -0.000000 -0.328517 0.944498
vn -0.152943 -0.868930 0.470711
vn -0.197923 -0.767973 0.609134
vn -0.301823 -0.214420 0.928939
vn -0.291872 -0.328537 0.898262
vn -0.290935 -0.868909 0.400442
vn -0.481538 -0.573458 0.662772
vn -0.574116 -0.214432 0.790196
vn -0.400445 -0.868906 0.290941
vn -0.662722 -0.573531 0.481520
vn -0.790199 -0.214510 0.574084
vn -0.470709 -0.868931 0.152945
vn -0.779076 -0.573553 0.253137
vn -0.928928 -0.214458 0.301829
vn -0.951057 0.000000 -0.309016
vn -0.809002 0.000000 -0.587806
vn -1.000000 0.000000 -0.000000
vn -0.951057 0.000000 0.309016
vn -0.809002 0.000000 0.587806
vn -0.587784 0.000000 0.809018
vn -0.309016 0.000000 0.951057
vn 0.000000 0.000000 1.000000
vn 0.309016 0.000000 0.951057
vn 0.587784 0.000000 0.809018
vn 0.809018 0.000000 0.587784
vn 0.951057 0.000000 0.309016
vn 1.000000 0.000000 -0.000000
vn 0.951057 0.000000 -0.309016
vn 0.809017 0.000000 -0.587785
vn 0.587785 0.000000 -0.809017
vn 0.309017 0.000000 -0.951056
vn 0.000000 0.000000 -1.000000
vn -0.309017 0.000000 -0.951056
vn -0.587784 0.000000 -0.809018
vn -0.272668 -0.958020 -0.088596
vn -0.231948 -0.958019 -0.168523
vn -0.468103 -0.815607 -0.340095
vn -0.550288 -0.815608 -0.178795
vn -0.286714 -0.958016 0.000002
vn -0.578615 -0.815601 0.000001
vn -0.272698 -0.958011 0.088607
vn -0.550309 -0.815591 0.178805
vn -0.231972 -0.958010 0.168541
vn -0.468122 -0.815589 0.340112
vn -0.168539 -0.958010 0.231971
vn -0.340107 -0.815593 0.468119
vn -0.088605 -0.958009 0.272704
vn -0.178807 -0.815589 0.550311
vn -0.000000 -0.958009 0.286738
vn -0.000000 -0.815590 0.578631
vn 0.088607 -0.958011 0.272698
vn 0.178804 -0.815594 0.550306
vn 0.168533 -0.958013 0.231964
vn 0.340099 -0.815604 0.468106
vn 0.231968 -0.958012 0.168535
vn 0.468111 -0.815599 0.340103
vn 0.272707 -0.958008 0.088609
vn 0.550318 -0.815584 0.178809
vn 0.286747 -0.958007 0.000000
vn 0.578645 -0.815580 0.000000
vn 0.272707 -0.958008 -0.088608
vn 0.550317 -0.815585 -0.178809
vn 0.231969 -0.958012 -0.168534
vn 0.468114 -0.815597 -0.340104
vn 0.168532 -0.958014 -0.231963
vn 0.340098 -0.815605 -0.468105
vn 0.088607 -0.958011 -0.272698
vn 0.178803 -0.815596 -0.550302
vn 0.000001 -0.958010 -0.286735
vn 0.000001 -0.815593 -0.578627
vn -0.088600 -0.958013 -0.272692
vn -0.178802 -0.815601 -0.550295
vn -0.168526 -0.958017 -0.231955
vn -0.340094 -0.815607 -0.468104
vn -0.951057 0.000000 -0.309017
vn -0.809022 -0.000002 -0.587779
vn -0.809018 -0.000002 -0.587785
vn -0.951057 0.000000 -0.309017
vn -0.587785 -0.000002 -0.809017
vn -0.587785 -0.000002 -0.809017
vn -0.309017 0.000000 -0.951057
vn -0.309017 0.000000 -0.951057
vn -0.000002 0.000000 -1.000000
vn -0.000002 0.000000 -1.000000
vn 0.309015 0.000000 -0.951057
vn 0.309015 0.000000 -0.951057
vn 0.587786 0.000000 -0.809016
vn 0.587786 0.000000 -0.809016
vn 0.809018 0.000000 -0.587784
vn 0.809018 0.000000 -0.587784
vn 0.951057 0.000000 -0.309015
vn 0.951057 0.000000 -0.309015
vn 1.000000 0.000000 0.000000
vn 1.000000 0.000000 0.000000
vn 0.951057 0.000000 0.309016
vn 0.951057 0.000000 0.309016
vn 0.809017 0.000000 0.587785
vn 0.809017 0.000000 0.587785
vn 0.587789 0.000024 0.809014
vn 0.587783 0.000024 0.809018
vn 0.309016 0.000030 0.951057
vn 0.309014 0.000030 0.951057
vn 0.000000 0.000010 1.000000
vn 0.000000 0.000010 1.000000
vn -0.309018 0.000015 0.951056
vn -0.309016 0.000015 0.951057
vn -0.587785 0.000011 0.809017
vn -0.587785 0.000011 0.809017
vn -0.809018 0.000000 0.587783
vn -0.809018 0.000000 0.587783
vn -0.951057 0.000000 0.309017
vn -0.951057 0.000000 0.309017
vn -1.000000 0.000000 -0.000002
vn -1.000000 0.000000 -0.000002
vn -0.622812 -0.755748 -0.202363
vn -0.529797 -0.755745 -0.384922
vn -0.529797 -0.755745 -0.384922
vn -0.622811 -0.755748 -0.202365
vn -0.654862 -0.755748 -0.000001
vn -0.654862 -0.755748 -0.000000
vn -0.622810 -0.755749 0.202363
vn -0.622809 -0.755750 0.202366
vn -0.529792 -0.755751 0.384917
vn -0.529791 -0.755751 0.384918
vn -0.384923 -0.755743 0.529800
vn -0.384924 -0.755742 0.529799
vn -0.202366 -0.755740 0.622820
vn -0.202367 -0.755740 0.622820
vn -0.000001 -0.755744 0.654867
vn -0.000000 -0.755744 0.654867
vn 0.202366 -0.755742 0.622818
vn 0.202367 -0.755742 0.622818
vn 0.384922 -0.755745 0.529798
vn 0.384918 -0.755745 0.529800
vn 0.529786 -0.755758 0.384911
vn 0.529787 -0.755758 0.384910
vn 0.622808 -0.755752 0.202360
vn 0.622807 -0.755752 0.202363
vn 0.654867 -0.755744 -0.000000
vn 0.654868 -0.755744 -0.000000
vn 0.622797 -0.755762 -0.202356
vn 0.622797 -0.755762 -0.202358
vn 0.529778 -0.755765 -0.384908
vn 0.529779 -0.755765 -0.384906
vn 0.384912 -0.755759 -0.529784
vn 0.384912 -0.755759 -0.529784
vn 0.202362 -0.755748 -0.622812
vn 0.202363 -0.755748 -0.622811
vn -0.000000 -0.755737 -0.654875
vn -0.000000 -0.755737 -0.654875
vn -0.202364 -0.755745 -0.622815
vn -0.202365 -0.755745 -0.622815
vn -0.384917 -0.755748 -0.529796
vn -0.384921 -0.755748 -0.529793
vn -0.926636 0.225155 -0.301082
vn -0.788240 0.225168 -0.572693
vn -0.808015 -0.049749 -0.587058
vn -0.949878 -0.049762 -0.308635
vn -0.974326 0.225142 -0.000000
vn -0.998760 -0.049791 0.000000
vn -0.926634 0.225159 0.301085
vn -0.949879 -0.049752 0.308634
vn -0.788239 0.225171 0.572693
vn -0.808015 -0.049745 0.587058
vn -0.572692 0.225154 0.788244
vn -0.587059 -0.049783 0.808012
vn -0.301084 0.225155 0.926636
vn -0.308633 -0.049788 0.949877
vn 0.000000 0.225161 0.974321
vn 0.000000 -0.049782 0.998760
vn 0.301084 0.225157 0.926635
vn 0.308632 -0.049780 0.949878
vn 0.572692 0.225147 0.788246
vn 0.587058 -0.049791 0.808012
vn 0.788242 0.225153 0.572696
vn 0.808014 -0.049784 0.587056
vn 0.926636 0.225154 0.301084
vn 0.949877 -0.049794 0.308633
vn 0.974325 0.225146 -0.000000
vn 0.998758 -0.049818 0.000000
vn 0.926636 0.225160 -0.301080
vn 0.949878 -0.049768 -0.308635
vn 0.788240 0.225164 -0.572695
vn 0.808017 -0.049740 -0.587056
vn 0.572691 0.225164 -0.788242
vn 0.587058 -0.049761 -0.808014
vn 0.301082 0.225164 -0.926634
vn 0.308632 -0.049786 -0.949878
vn -0.000000 0.225156 -0.974323
vn 0.000000 -0.049799 -0.998759
vn -0.301083 0.225155 -0.926636
vn -0.308633 -0.049784 -0.949878
vn -0.572693 0.225161 -0.788242
vn -0.587059 -0.049773 -0.808013
vn -0.950104 -0.044823 -0.308697
vn -0.950104 -0.044823 -0.308695
vn -0.986297 -0.054430 -0.155742
vn -0.986759 -0.043381 -0.156283
vn -0.890169 -0.043321 -0.453566
vn -0.889489 -0.054375 -0.453710
vn -0.889736 -0.053352 -0.453348
vn -0.890216 -0.075226 -0.449284
vn -0.949370 -0.059684 -0.308439
vn -0.889886 -0.054393 -0.452928
vn -0.808202 -0.044876 -0.587193
vn -0.808204 -0.044876 -0.587190
vn -0.807572 -0.059697 -0.586740
vn -0.886734 -0.075208 -0.456121
vn -0.807054 -0.069553 -0.586367
vn -0.888077 -0.095363 -0.449694
vn -0.887884 -0.083649 -0.452398
vn -0.707806 -0.075202 -0.702393
vn -0.705749 -0.054391 -0.706371
vn -0.706102 -0.053292 -0.706102
vn -0.704634 -0.083605 -0.704629
vn -0.702109 -0.095370 -0.705654
vn -0.706444 -0.043295 -0.706444
vn -0.984289 -0.075228 -0.159736
vn -0.948766 -0.069501 -0.308242
vn -0.983583 -0.095344 -0.153216
vn -0.984233 -0.083588 -0.155880
vn -0.986280 -0.053395 -0.156205
vn -0.885810 -0.095350 -0.454146
vn -0.706373 -0.054390 -0.705747
vn -0.587191 -0.044901 -0.808202
vn -0.587187 -0.044901 -0.808205
vn -0.586735 -0.059659 -0.807578
vn -0.702394 -0.075189 -0.707806
vn -0.586358 -0.069533 -0.807063
vn -0.705652 -0.095360 -0.702112
vn -0.456099 -0.075182 -0.886748
vn -0.452914 -0.054387 -0.889894
vn -0.453343 -0.053363 -0.889738
vn -0.452402 -0.083604 -0.887887
vn -0.449676 -0.095361 -0.888087
vn -0.453563 -0.043372 -0.890168
vn -0.453724 -0.054387 -0.889481
vn -0.308702 -0.044882 -0.950099
vn -0.308708 -0.044882 -0.950098
vn -0.308464 -0.059668 -0.949363
vn -0.449302 -0.075199 -0.890209
vn -0.308267 -0.069536 -0.948755
vn -0.454164 -0.095384 -0.885798
vn -0.159755 -0.075201 -0.984288
vn -0.155751 -0.054397 -0.986297
vn -0.156211 -0.053365 -0.986281
vn -0.155890 -0.083613 -0.984229
vn -0.153231 -0.095371 -0.983578
vn -0.156286 -0.043373 -0.986759
vn -0.156651 -0.054405 -0.986154
vn 0.000000 -0.044905 -0.998991
vn 0.000000 -0.044905 -0.998991
vn -0.000000 -0.059645 -0.998220
vn -0.152227 -0.075192 -0.985481
vn -0.000000 -0.069514 -0.997581
vn -0.158211 -0.095372 -0.982789
vn 0.152227 -0.075194 -0.985481
vn 0.156651 -0.054398 -0.986155
vn 0.156211 -0.053367 -0.986281
vn 0.155890 -0.083618 -0.984229
vn 0.158213 -0.095380 -0.982788
vn 0.156287 -0.043369 -0.986759
vn 0.155751 -0.054395 -0.986298
vn 0.308699 -0.044884 -0.950100
vn 0.308704 -0.044884 -0.950099
vn 0.308468 -0.059667 -0.949362
vn 0.159755 -0.075209 -0.984288
vn 0.308270 -0.069520 -0.948755
vn 0.153233 -0.095374 -0.983577
vn 0.449304 -0.075199 -0.890208
vn 0.453722 -0.054414 -0.889480
vn 0.453339 -0.053402 -0.889737
vn 0.452401 -0.083618 -0.887886
vn 0.454160 -0.095345 -0.885803
vn 0.453559 -0.043390 -0.890169
vn 0.452917 -0.054379 -0.889893
vn 0.587195 -0.044867 -0.808201
vn 0.587198 -0.044867 -0.808199
vn 0.586741 -0.059675 -0.807573
vn 0.456100 -0.075200 -0.886745
vn 0.586367 -0.069547 -0.807055
vn 0.449677 -0.095378 -0.888084
vn 0.702409 -0.075235 -0.707787
vn 0.706384 -0.054404 -0.705735
vn 0.706098 -0.053382 -0.706099
vn 0.704632 -0.083596 -0.704632
vn 0.705667 -0.095386 -0.702094
vn 0.706442 -0.043358 -0.706442
vn 0.705735 -0.054419 -0.706383
vn 0.808201 -0.044884 -0.587194
vn 0.808201 -0.044884 -0.587193
vn 0.807569 -0.059659 -0.586748
vn 0.707785 -0.075234 -0.702410
vn 0.807053 -0.069530 -0.586371
vn 0.702093 -0.095366 -0.705671
vn 0.886745 -0.075222 -0.456098
vn 0.889892 -0.054396 -0.452917
vn 0.889732 -0.053365 -0.453354
vn 0.887877 -0.083627 -0.452417
vn 0.888083 -0.095412 -0.449673
vn 0.890163 -0.043358 -0.453574
vn 0.889479 -0.054394 -0.453727
vn 0.950099 -0.044876 -0.308705
vn 0.950098 -0.044876 -0.308707
vn 0.949360 -0.059697 -0.308466
vn 0.890205 -0.075194 -0.449311
vn 0.948754 -0.069540 -0.308271
vn 0.885792 -0.095375 -0.454176
vn 0.984288 -0.075192 -0.159758
vn 0.986297 -0.054397 -0.155755
vn 0.986279 -0.053395 -0.156214
vn 0.984228 -0.083629 -0.155889
vn 0.983576 -0.095379 -0.153233
vn 0.986758 -0.043381 -0.156288
vn 0.986155 -0.054412 -0.156648
vn 0.998995 -0.044822 -0.000000
vn 0.998995 -0.044822 -0.000000
vn 0.998215 -0.059728 0.000001
vn 0.985478 -0.075246 -0.152221
vn 0.997579 -0.069548 0.000000
vn 0.982789 -0.095378 -0.158205
vn 0.985479 -0.075229 0.152223
vn 0.986156 -0.054393 0.156649
vn 0.986280 -0.053382 0.156214
vn 0.984227 -0.083648 0.155888
vn 0.982789 -0.095378 0.158205
vn 0.986760 -0.043351 0.156288
vn 0.986296 -0.054413 0.155754
vn 0.950098 -0.044876 0.308706
vn 0.950098 -0.044876 0.308708
vn 0.949361 -0.059682 0.308466
vn 0.984286 -0.075225 0.159756
vn 0.948754 -0.069529 0.308271
vn 0.983576 -0.095381 0.153232
vn 0.890206 -0.075192 0.449311
vn 0.889479 -0.054392 0.453727
vn 0.889733 -0.053352 0.453352
vn 0.887879 -0.083601 0.452418
vn 0.885792 -0.095389 0.454174
vn 0.890165 -0.043328 0.453573
vn 0.889893 -0.054393 0.452916
vn 0.808203 -0.044858 0.587193
vn 0.808205 -0.044858 0.587190
vn 0.807576 -0.059670 0.586737
vn 0.886745 -0.075225 0.456097
vn 0.807060 -0.069546 0.586360
vn 0.888084 -0.095362 0.449681
vn 0.707799 -0.075199 0.702399
vn 0.705744 -0.054368 0.706378
vn 0.706098 -0.053352 0.706101
vn 0.704629 -0.083629 0.704631
vn 0.702105 -0.095371 0.705658
vn 0.706442 -0.043358 0.706442
vn 0.706381 -0.054395 0.705739
vn 0.587192 -0.044902 0.808201
vn 0.587197 -0.044902 0.808198
vn 0.586735 -0.059670 0.807577
vn 0.702399 -0.075190 0.707800
vn 0.586361 -0.069529 0.807061
vn 0.705657 -0.095371 0.702106
vn 0.456100 -0.075201 0.886745
vn 0.452913 -0.054414 0.889893
vn 0.453343 -0.053399 0.889735
vn 0.452399 -0.083608 0.887888
vn 0.449679 -0.095369 0.888084
vn 0.453563 -0.043385 0.890168
vn 0.453723 -0.054413 0.889480
vn 0.308701 -0.044889 0.950100
vn 0.308709 -0.044889 0.950097
vn 0.308468 -0.059662 0.949362
vn 0.449306 -0.075216 0.890206
vn 0.308270 -0.069509 0.948756
vn 0.454163 -0.095376 0.885799
vn 0.159747 -0.075202 0.984289
vn 0.155751 -0.054414 0.986297
vn 0.156210 -0.053398 0.986279
vn 0.155888 -0.083582 0.984232
vn 0.153228 -0.095371 0.983578
vn 0.156286 -0.043397 0.986758
vn 0.156651 -0.054415 0.986154
vn -0.000001 -0.044903 0.998991
vn -0.000001 -0.044903 0.998991
vn 0.000001 -0.059645 0.998220
vn 0.152232 -0.075199 0.985480
vn 0.000001 -0.069493 0.997582
vn -0.152234 -0.075192 0.985480
vn -0.155888 -0.083574 0.984233
vn -0.158213 -0.095357 0.982790
vn 0.158212 -0.095360 0.982790
vn -0.156652 -0.054414 0.986154
vn -0.156211 -0.053388 0.986280
vn -0.156287 -0.043395 0.986758
vn -0.155751 -0.054416 0.986296
vn -0.308702 -0.044905 0.950098
vn -0.308711 -0.044905 0.950095
vn -0.308470 -0.059648 0.949362
vn -0.159748 -0.075197 0.984290
vn -0.308271 -0.069494 0.948757
vn -0.153225 -0.095366 0.983579
vn -0.449310 -0.075190 0.890206
vn -0.453727 -0.054413 0.889478
vn -0.453346 -0.053368 0.889736
vn -0.452403 -0.083615 0.887885
vn -0.454169 -0.095353 0.885798
vn -0.453564 -0.043376 0.890167
vn -0.452913 -0.054379 0.889895
vn -0.587189 -0.044902 0.808203
vn -0.587187 -0.044902 0.808205
vn -0.586735 -0.059644 0.807580
vn -0.456103 -0.075172 0.886747
vn -0.586358 -0.069523 0.807063
vn -0.449678 -0.095354 0.888086
vn -0.702394 -0.075188 0.707807
vn -0.706374 -0.054391 0.705746
vn -0.706101 -0.053292 0.706103
vn -0.704634 -0.083601 0.704629
vn -0.705651 -0.095376 0.702111
vn -0.706443 -0.043294 0.706445
vn -0.705747 -0.054391 0.706373
vn -0.808207 -0.044876 0.587186
vn -0.808210 -0.044876 0.587182
vn -0.807585 -0.059630 0.586729
vn -0.707806 -0.075189 0.702394
vn -0.807070 -0.069465 0.586356
vn -0.702112 -0.095376 0.705650
vn -0.886752 -0.075154 0.456096
vn -0.889897 -0.054396 0.452906
vn -0.889734 -0.053378 0.453347
vn -0.887879 -0.083619 0.452414
vn -0.888088 -0.095329 0.449680
vn -0.890167 -0.043388 0.453564
vn -0.889476 -0.054397 0.453733
vn -0.950100 -0.044875 0.308701
vn -0.950098 -0.044875 0.308706
vn -0.949365 -0.059659 0.308458
vn -0.890204 -0.075171 0.449318
vn -0.948761 -0.069483 0.308260
vn -0.885796 -0.095362 0.454171
vn -0.984292 -0.075193 0.159735
vn -0.986298 -0.054411 0.155741
vn -0.986281 -0.053381 0.156205
vn -0.984234 -0.083580 0.155880
vn -0.983587 -0.095294 0.153216
vn -0.986760 -0.043364 0.156283
vn -0.986151 -0.054430 0.156662
vn -0.998990 -0.044928 0.000001
vn -0.998990 -0.044928 0.000001
vn -0.998218 -0.059681 0.000000
vn -0.985480 -0.075193 0.152234
vn -0.997579 -0.069540 0.000001
vn -0.982790 -0.095345 0.158216
vn -0.985483 -0.075156 -0.152233
vn -0.986154 -0.054379 -0.156661
vn -0.982789 -0.095360 -0.158214
vn 0.304843 -0.163901 0.938194
vn 0.442511 -0.176969 0.879128
vn 0.447096 -0.173568 0.877485
vn 0.449806 -0.194569 0.871675
vn 0.158734 -0.176971 0.971331
vn 0.148454 -0.194554 0.969593
vn 0.154057 -0.173563 0.972698
vn 0.305565 -0.149058 0.940432
vn 0.154827 -0.142949 0.977545
vn 0.157436 -0.114290 0.980893
vn 0.449181 -0.114277 0.886102
vn 0.449327 -0.142961 0.881855
vn 0.155776 -0.091356 0.983559
vn 0.308289 -0.068045 0.948856
vn 0.308300 -0.068045 0.948852
vn 0.153380 -0.114279 0.981537
vn 0.149197 -0.176965 0.972843
vn 0.000001 -0.149079 0.988825
vn 0.000002 -0.068031 0.997683
vn 0.000001 -0.068031 0.997683
vn -0.153373 -0.114274 0.981539
vn -0.155777 -0.091342 0.983560
vn -0.149194 -0.176978 0.972841
vn 0.000007 -0.163920 0.986474
vn -0.158433 -0.194543 0.968015
vn -0.154062 -0.173576 0.972695
vn -0.154827 -0.142935 0.977547
vn 0.158433 -0.194551 0.968013
vn 0.452093 -0.091382 0.887277
vn 0.579834 -0.163903 0.798078
vn 0.692514 -0.176965 0.699362
vn 0.696370 -0.173541 0.696385
vn 0.697155 -0.194539 0.690021
vn 0.451127 -0.176972 0.874737
vn 0.440807 -0.194540 0.876267
vn 0.581214 -0.149095 0.799976
vn 0.452854 -0.114282 0.884230
vn 0.701008 -0.114317 0.703931
vn 0.699839 -0.142993 0.699842
vn 0.586427 -0.068045 0.807139
vn 0.586422 -0.068045 0.807142
vn 0.704147 -0.091397 0.704148
vn 0.798074 -0.163926 0.579833
vn 0.874742 -0.176977 0.451116
vn 0.877470 -0.173625 0.447104
vn 0.876258 -0.194581 0.440807
vn 0.699355 -0.176977 0.692518
vn 0.690014 -0.194564 0.697156
vn 0.799982 -0.149058 0.581215
vn 0.703930 -0.114288 0.701014
vn 0.884232 -0.114274 0.452852
vn 0.881858 -0.142905 0.449337
vn 0.807135 -0.068055 0.586431
vn 0.807141 -0.068055 0.586423
vn 0.887277 -0.091355 0.452100
vn 0.938193 -0.163926 0.304832
vn 0.971330 -0.177006 0.158701
vn 0.972685 -0.173636 0.154058
vn 0.969596 -0.194562 0.148424
vn 0.879124 -0.176946 0.442528
vn 0.871674 -0.194541 0.449820
vn 0.940434 -0.149058 0.305559
vn 0.886103 -0.114253 0.449186
vn 0.980896 -0.114297 0.157417
vn 0.977545 -0.142947 0.154829
vn 0.948855 -0.068046 0.308291
vn 0.948856 -0.068046 0.308289
vn 0.983559 -0.091350 0.155775
vn 0.986466 -0.163968 0.000000
vn 0.972831 -0.177006 -0.149224
vn 0.972682 -0.173655 -0.154057
vn 0.968006 -0.194561 -0.158460
vn 0.972838 -0.176969 0.149226
vn 0.968010 -0.194541 0.158461
vn 0.988827 -0.149067 0.000000
vn 0.981542 -0.114218 0.153396
vn 0.981535 -0.114275 -0.153393
vn 0.977544 -0.142956 -0.154827
vn 0.997685 -0.068007 0.000000
vn 0.997685 -0.068007 0.000000
vn 0.983558 -0.091371 -0.155774
vn 0.938195 -0.163914 -0.304832
vn 0.879122 -0.176944 -0.442532
vn 0.877479 -0.173595 -0.447097
vn 0.871669 -0.194540 -0.449830
vn 0.971334 -0.176987 -0.158702
vn 0.969596 -0.194563 -0.148423
vn 0.940434 -0.149058 -0.305559
vn 0.980896 -0.114296 -0.157418
vn 0.886096 -0.114262 -0.449196
vn 0.881860 -0.142922 -0.449328
vn 0.948851 -0.068055 -0.308302
vn 0.948852 -0.068055 -0.308300
vn 0.887280 -0.091355 -0.452094
vn 0.798074 -0.163920 -0.579834
vn 0.699348 -0.176944 -0.692534
vn 0.696371 -0.173559 -0.696380
vn 0.690003 -0.194561 -0.697168
vn 0.874746 -0.176988 -0.451104
vn 0.876278 -0.194523 -0.440792
vn 0.799981 -0.149052 -0.581218
vn 0.884239 -0.114294 -0.452833
vn 0.703927 -0.114252 -0.701023
vn 0.699854 -0.142906 -0.699844
vn 0.807144 -0.068055 -0.586418
vn 0.807145 -0.068055 -0.586417
vn 0.704154 -0.091350 -0.704146
vn 0.579834 -0.163914 -0.798075
vn 0.451110 -0.176978 -0.874745
vn 0.447096 -0.173580 -0.877482
vn 0.440792 -0.194560 -0.876270
vn 0.692534 -0.176929 -0.699352
vn 0.697169 -0.194534 -0.690008
vn 0.581217 -0.149065 -0.799979
vn 0.701023 -0.114264 -0.703926
vn 0.452845 -0.114268 -0.884236
vn 0.449324 -0.142945 -0.881858
vn 0.586427 -0.068035 -0.807140
vn 0.586421 -0.068035 -0.807145
vn 0.452091 -0.091349 -0.887282
vn 0.304839 -0.163911 -0.938193
vn 0.158737 -0.176965 -0.971332
vn 0.154061 -0.173568 -0.972697
vn 0.148455 -0.194552 -0.969593
vn 0.442524 -0.176987 -0.879118
vn 0.449824 -0.194559 -0.871668
vn 0.305567 -0.149076 -0.940428
vn 0.449184 -0.114287 -0.886099
vn 0.157438 -0.114295 -0.980892
vn 0.154826 -0.142957 -0.977544
vn 0.308287 -0.068048 -0.948857
vn 0.308298 -0.068048 -0.948853
vn 0.155776 -0.091380 -0.983557
vn 0.000005 -0.163931 -0.986472
vn -0.149192 -0.176982 -0.972841
vn -0.154059 -0.173603 -0.972691
vn -0.158432 -0.194568 -0.968010
vn 0.149191 -0.176967 -0.972844
vn 0.158429 -0.194565 -0.968011
vn 0.000002 -0.149080 -0.988825
vn 0.153376 -0.114283 -0.981537
vn -0.153370 -0.114281 -0.981538
vn -0.154825 -0.142951 -0.977545
vn -0.000001 -0.068045 -0.997682
vn 0.000000 -0.068045 -0.997682
vn -0.155778 -0.091371 -0.983557
vn -0.304836 -0.163921 -0.938192
vn -0.442519 -0.176967 -0.879124
vn -0.447093 -0.173592 -0.877482
vn -0.449818 -0.194546 -0.871674
vn -0.158733 -0.176981 -0.971330
vn -0.148451 -0.194560 -0.969592
vn -0.305567 -0.149060 -0.940431
vn -0.157445 -0.114281 -0.980893
vn -0.449179 -0.114263 -0.886105
vn -0.449330 -0.142928 -0.881858
vn -0.308307 -0.068036 -0.948851
vn -0.308298 -0.068036 -0.948854
vn -0.452092 -0.091344 -0.887282
vn -0.579829 -0.163952 -0.798072
vn -0.692514 -0.177016 -0.699350
vn -0.696377 -0.173582 -0.696368
vn -0.697151 -0.194571 -0.690016
vn -0.451113 -0.176987 -0.874741
vn -0.440800 -0.194568 -0.876264
vn -0.581213 -0.149103 -0.799975
vn -0.452850 -0.114284 -0.884232
vn -0.701010 -0.114293 -0.703933
vn -0.699851 -0.142949 -0.699838
vn -0.586422 -0.068035 -0.807143
vn -0.586423 -0.068035 -0.807143
vn -0.704155 -0.091356 -0.704145
vn -0.798072 -0.163926 -0.579835
vn -0.874740 -0.176950 -0.451131
vn -0.877476 -0.173558 -0.447117
vn -0.876263 -0.194537 -0.440816
vn -0.699362 -0.176980 -0.692510
vn -0.690022 -0.194550 -0.697151
vn -0.799977 -0.149086 -0.581214
vn -0.703935 -0.114314 -0.701005
vn -0.884234 -0.114277 -0.452848
vn -0.881853 -0.142947 -0.449335
vn -0.807146 -0.068075 -0.586414
vn -0.807146 -0.068075 -0.586413
vn -0.887277 -0.091380 -0.452095
vn -0.938189 -0.163925 -0.304845
vn -0.971335 -0.176950 -0.158734
vn -0.972689 -0.173606 -0.154068
vn -0.969587 -0.194581 -0.148457
vn -0.879126 -0.176949 -0.442523
vn -0.871669 -0.194572 -0.449817
vn -0.940428 -0.149068 -0.305570
vn -0.886105 -0.114219 -0.449190
vn -0.980892 -0.114298 -0.157441
vn -0.977540 -0.142980 -0.154832
vn -0.948852 -0.068026 -0.308305
vn -0.948853 -0.068026 -0.308303
vn -0.983553 -0.091402 -0.155784
vn -0.986476 -0.163903 -0.000001
vn -0.972847 -0.176946 0.149196
vn -0.972696 -0.173574 0.154061
vn -0.968014 -0.194542 0.158439
vn -0.972839 -0.176985 -0.149199
vn -0.968010 -0.194561 -0.158438
vn -0.988827 -0.149069 -0.000001
vn -0.981536 -0.114296 -0.153376
vn -0.981532 -0.114317 0.153386
vn -0.977541 -0.142981 0.154824
vn -0.997680 -0.068084 0.000011
vn -0.997680 -0.068084 0.000011
vn -0.983552 -0.091424 0.155777
vn -0.938192 -0.163915 0.304839
vn -0.879129 -0.176928 0.442525
vn -0.877478 -0.173551 0.447116
vn -0.871670 -0.194573 0.449815
vn -0.971333 -0.176966 0.158729
vn -0.969596 -0.194542 0.148450
vn -0.940436 -0.149035 0.305564
vn -0.980892 -0.114317 0.157425
vn -0.886108 -0.114214 0.449186
vn -0.881863 -0.142890 0.449333
vn -0.948855 -0.068065 0.308289
vn -0.948855 -0.068065 0.308287
vn -0.887282 -0.091340 0.452092
vn -0.798075 -0.163919 0.579833
vn -0.699364 -0.176970 0.692511
vn -0.696367 -0.173616 0.696369
vn -0.690028 -0.194555 0.697144
vn -0.874743 -0.176936 0.451129
vn -0.876257 -0.194564 0.440816
vn -0.799982 -0.149057 0.581215
vn -0.884235 -0.114255 0.452851
vn -0.703940 -0.114276 0.701006
vn -0.699841 -0.142950 0.699849
vn -0.807144 -0.068046 0.586420
vn -0.807149 -0.068046 0.586413
vn -0.704145 -0.091380 0.704151
vn -0.579830 -0.163914 0.798079
vn -0.451119 -0.176984 0.874739
vn -0.447095 -0.173601 0.877479
vn -0.440808 -0.194572 0.876259
vn -0.692511 -0.176975 0.699363
vn -0.697141 -0.194558 0.690030
vn -0.581211 -0.149075 0.799981
vn -0.701003 -0.114303 0.703939
vn -0.452851 -0.114283 0.884232
vn -0.449330 -0.142921 0.881859
vn -0.586420 -0.068054 0.807143
vn -0.586420 -0.068054 0.807143
vn -0.452092 -0.091337 0.887283
vn -0.304842 -0.163888 0.938196
vn -0.158739 -0.176975 0.971330
vn -0.148460 -0.194555 0.969592
vn -0.442517 -0.176973 0.879124
vn -0.449806 -0.194577 0.871673
vn -0.305569 -0.149049 0.940432
vn -0.449179 -0.114277 0.886103
vn -0.157444 -0.114284 0.980893
vn -0.308307 -0.068034 0.948851
vn -0.308299 -0.068034 0.948854
vn 0.303207 -0.192941 0.933188
vn 0.440788 -0.208186 0.873135
vn 0.444801 -0.200188 0.872970
vn 0.448265 -0.216913 0.867184
vn 0.156609 -0.208188 0.965469
vn 0.147067 -0.216893 0.965054
vn 0.153268 -0.200197 0.967693
vn 0.303810 -0.182789 0.935033
vn 0.153932 -0.177992 0.971918
vn 0.446737 -0.177976 0.876784
vn 0.149401 -0.208192 0.966610
vn -0.000009 -0.182770 0.983156
vn -0.149400 -0.208175 0.966614
vn 0.000001 -0.192946 0.981209
vn -0.158348 -0.216899 0.963266
vn -0.153270 -0.200193 0.967694
vn -0.153938 -0.177981 0.971919
vn 0.158350 -0.216901 0.963265
vn 0.576737 -0.192898 0.793830
vn 0.689017 -0.208180 0.694202
vn 0.692791 -0.200176 0.692799
vn 0.694288 -0.216877 0.686243
vn 0.447293 -0.208160 0.869827
vn 0.438088 -0.216907 0.872370
vn 0.577882 -0.182749 0.795396
vn 0.695811 -0.177980 0.695823
vn 0.793817 -0.192936 0.576741
vn 0.869818 -0.208186 0.447297
vn 0.872965 -0.200207 0.444803
vn 0.872366 -0.216913 0.438093
vn 0.694199 -0.208169 0.689024
vn 0.686234 -0.216896 0.694291
vn 0.795385 -0.182789 0.577884
vn 0.876770 -0.178018 0.446747
vn 0.933188 -0.192944 0.303203
vn 0.965471 -0.208195 0.156590
vn 0.967690 -0.200224 0.153254
vn 0.965050 -0.216921 0.147048
vn 0.873140 -0.208159 0.440791
vn 0.867190 -0.216888 0.448266
vn 0.935044 -0.182746 0.303804
vn 0.971916 -0.177999 0.153937
vn 0.981215 -0.192915 0.000000
vn 0.966616 -0.208157 -0.149415
vn 0.967687 -0.200239 -0.153253
vn 0.963264 -0.216907 -0.158347
vn 0.966619 -0.208141 0.149416
vn 0.963261 -0.216921 0.158346
vn 0.983168 -0.182705 0.000001
vn 0.971910 -0.178028 -0.153935
vn 0.933189 -0.192938 -0.303206
vn 0.873131 -0.208166 -0.440805
vn 0.872971 -0.200191 -0.444798
vn 0.867185 -0.216884 -0.448276
vn 0.965472 -0.208193 -0.156588
vn 0.965050 -0.216922 -0.147048
vn 0.935041 -0.182755 -0.303808
vn 0.876781 -0.177979 -0.446742
vn 0.793822 -0.192956 -0.576728
vn 0.694187 -0.208186 -0.689030
vn 0.692786 -0.200230 -0.692788
vn 0.686230 -0.216920 -0.694287
vn 0.869834 -0.208172 -0.447274
vn 0.872374 -0.216924 -0.438073
vn 0.795394 -0.182755 -0.577884
vn 0.695812 -0.177994 -0.695819
vn 0.576742 -0.192918 -0.793821
vn 0.447286 -0.208172 -0.869827
vn 0.444804 -0.200182 -0.872970
vn 0.438088 -0.216903 -0.872371
vn 0.689027 -0.208191 -0.694189
vn 0.694284 -0.216928 -0.686230
vn 0.577884 -0.182752 -0.795394
vn 0.446739 -0.177988 -0.876781
vn 0.303207 -0.192927 -0.933191
vn 0.156609 -0.208189 -0.965469
vn 0.153269 -0.200205 -0.967691
vn 0.147067 -0.216900 -0.965052
vn 0.440795 -0.208181 -0.873133
vn 0.448263 -0.216899 -0.867188
vn 0.303823 -0.182764 -0.935034
vn 0.153936 -0.177995 -0.971917
vn 0.000001 -0.192934 -0.981212
vn -0.149398 -0.208186 -0.966612
vn -0.153272 -0.200199 -0.967692
vn -0.158349 -0.216896 -0.963266
vn 0.149399 -0.208198 -0.966609
vn 0.158351 -0.216901 -0.963265
vn -0.000009 -0.182777 -0.983154
vn -0.153934 -0.178002 -0.971915
vn -0.303216 -0.192933 -0.933187
vn -0.440793 -0.208179 -0.873134
vn -0.444802 -0.200201 -0.872967
vn -0.448263 -0.216911 -0.867185
vn -0.156614 -0.208173 -0.965472
vn -0.147072 -0.216899 -0.965052
vn -0.303820 -0.182753 -0.935037
vn -0.446740 -0.177994 -0.876779
vn -0.576742 -0.192931 -0.793817
vn -0.689027 -0.208167 -0.694196
vn -0.692788 -0.200193 -0.692797
vn -0.694299 -0.216899 -0.686225
vn -0.447295 -0.208171 -0.869823
vn -0.438088 -0.216877 -0.872378
vn -0.577881 -0.182782 -0.795389
vn -0.695816 -0.177988 -0.695816
vn -0.793816 -0.192961 -0.576734
vn -0.869821 -0.208212 -0.447280
vn -0.872965 -0.200240 -0.444788
vn -0.872374 -0.216922 -0.438073
vn -0.694191 -0.208168 -0.689032
vn -0.686224 -0.216888 -0.694303
vn -0.795392 -0.182778 -0.577878
vn -0.876775 -0.177969 -0.446758
vn -0.933183 -0.192948 -0.303217
vn -0.965464 -0.208211 -0.156614
vn -0.967697 -0.200178 -0.153270
vn -0.965051 -0.216904 -0.147068
vn -0.873132 -0.208178 -0.440798
vn -0.867184 -0.216907 -0.448267
vn -0.935023 -0.182832 -0.303816
vn -0.971905 -0.178050 -0.153942
vn -0.981205 -0.192968 0.000005
vn -0.966604 -0.208214 0.149409
vn -0.967686 -0.200239 0.153261
vn -0.963260 -0.216922 0.158352
vn -0.966617 -0.208162 -0.149399
vn -0.963272 -0.216871 -0.158349
vn -0.983150 -0.182801 0.000003
vn -0.971914 -0.178010 0.153936
vn -0.933188 -0.192951 0.303201
vn -0.873133 -0.208194 0.440788
vn -0.872965 -0.200206 0.444802
vn -0.867192 -0.216871 0.448270
vn -0.965473 -0.208179 0.156597
vn -0.965049 -0.216923 0.147055
vn -0.935035 -0.182784 0.303807
vn -0.876772 -0.177989 0.446756
vn -0.793810 -0.192968 0.576740
vn -0.694205 -0.208174 0.689016
vn -0.692788 -0.200217 0.692790
vn -0.686233 -0.216907 0.694288
vn -0.869813 -0.208204 0.447299
vn -0.872380 -0.216864 0.438090
vn -0.795384 -0.182813 0.577878
vn -0.695809 -0.178023 0.695815
vn -0.576736 -0.192935 0.793821
vn -0.447300 -0.208175 0.869820
vn -0.444805 -0.200193 0.872967
vn -0.438091 -0.216893 0.872372
vn -0.689009 -0.208183 0.694209
vn -0.694287 -0.216898 0.686236
vn -0.577875 -0.182790 0.795392
vn -0.446739 -0.178022 0.876774
vn -0.303216 -0.192939 0.933185
vn -0.156618 -0.208175 0.965471
vn -0.147072 -0.216891 0.965053
vn -0.440787 -0.208194 0.873134
vn -0.448265 -0.216907 0.867185
vn -0.303814 -0.182794 0.935031
vn 0.302198 -0.208880 0.930078
vn 0.440481 -0.223343 0.869537
vn 0.443443 -0.214278 0.870312
vn 0.447908 -0.225726 0.865116
vn 0.154744 -0.223324 0.962383
vn 0.146135 -0.225751 0.963162
vn 0.152803 -0.214267 0.964749
vn 0.302658 -0.201796 0.931492
vn 0.153284 -0.199704 0.967793
vn 0.444844 -0.199724 0.873054
vn 0.150223 -0.223330 0.963098
vn 0.000000 -0.201796 0.979428
vn -0.150223 -0.223327 0.963098
vn -0.000001 -0.208895 0.977938
vn -0.158657 -0.225744 0.961180
vn -0.152805 -0.214264 0.964750
vn -0.153286 -0.199703 0.967792
vn 0.158656 -0.225742 0.961181
vn 0.574816 -0.208891 0.791171
vn 0.687622 -0.223320 0.690872
vn 0.690685 -0.214262 0.690685
vn 0.693320 -0.225742 0.684360
vn 0.444562 -0.223339 0.867459
vn 0.436614 -0.225735 0.870869
vn 0.575688 -0.201805 0.792375
vn 0.692861 -0.199707 0.692865
vn 0.791166 -0.208908 0.574816
vn 0.867456 -0.223338 0.444568
vn 0.870306 -0.214275 0.443456
vn 0.870863 -0.225753 0.436615
vn 0.690867 -0.223346 0.687619
vn 0.684357 -0.225736 0.693325
vn 0.792367 -0.201835 0.575688
vn 0.873052 -0.199722 0.444850
vn 0.930069 -0.208930 0.302191
vn 0.962375 -0.223376 0.154718
vn 0.964742 -0.214312 0.152784
vn 0.963158 -0.225788 0.146107
vn 0.869536 -0.223328 0.440490
vn 0.865109 -0.225728 0.447922
vn 0.931493 -0.201796 0.302654
vn 0.967789 -0.199733 0.153268
vn 0.977940 -0.208885 0.000000
vn 0.963101 -0.223313 -0.150224
vn 0.964748 -0.214285 -0.152784
vn 0.961183 -0.225731 -0.158657
vn 0.963094 -0.223345 0.150224
vn 0.961179 -0.225747 0.158658
vn 0.979424 -0.201815 0.000001
vn 0.967788 -0.199740 -0.153267
vn 0.930075 -0.208903 -0.302193
vn 0.869535 -0.223320 -0.440496
vn 0.870318 -0.214253 -0.443444
vn 0.865108 -0.225728 -0.447923
vn 0.962382 -0.223346 -0.154720
vn 0.963167 -0.225747 -0.146109
vn 0.931492 -0.201801 -0.302655
vn 0.873061 -0.199687 -0.444848
vn 0.791177 -0.208893 -0.574806
vn 0.690873 -0.223339 -0.687614
vn 0.690682 -0.214272 -0.690685
vn 0.684368 -0.225727 -0.693317
vn 0.867467 -0.223322 -0.444555
vn 0.870878 -0.225723 -0.436602
vn 0.792377 -0.201823 -0.575679
vn 0.692855 -0.199758 -0.692855
vn 0.574808 -0.208907 -0.791172
vn 0.444559 -0.223338 -0.867460
vn 0.443449 -0.214287 -0.870307
vn 0.436612 -0.225749 -0.870866
vn 0.687612 -0.223349 -0.690873
vn 0.693307 -0.225763 -0.684366
vn 0.575681 -0.201829 -0.792374
vn 0.444849 -0.199704 -0.873057
vn 0.302199 -0.208920 -0.930069
vn 0.154738 -0.223337 -0.962381
vn 0.152797 -0.214286 -0.964746
vn 0.146126 -0.225746 -0.963165
vn 0.440487 -0.223347 -0.869533
vn 0.447916 -0.225760 -0.865103
vn 0.302658 -0.201813 -0.931488
vn 0.153286 -0.199711 -0.967791
vn -0.000000 -0.208899 -0.977937
vn -0.150227 -0.223323 -0.963099
vn -0.152799 -0.214285 -0.964746
vn -0.158657 -0.225734 -0.961183
vn 0.150227 -0.223324 -0.963098
vn 0.158656 -0.225731 -0.961184
vn -0.000000 -0.201808 -0.979425
vn -0.153289 -0.199707 -0.967791
vn -0.302203 -0.208907 -0.930071
vn -0.440488 -0.223335 -0.869535
vn -0.443444 -0.214278 -0.870311
vn -0.447913 -0.225757 -0.865105
vn -0.154742 -0.223334 -0.962381
vn -0.146129 -0.225738 -0.963166
vn -0.302662 -0.201813 -0.931487
vn -0.444846 -0.199711 -0.873057
vn -0.574814 -0.208876 -0.791176
vn -0.687622 -0.223333 -0.690867
vn -0.690680 -0.214286 -0.690682
vn -0.693317 -0.225745 -0.684362
vn -0.444557 -0.223314 -0.867468
vn -0.436608 -0.225724 -0.870874
vn -0.575690 -0.201787 -0.792378
vn -0.692858 -0.199728 -0.692862
vn -0.791179 -0.208890 -0.574805
vn -0.867466 -0.223329 -0.444553
vn -0.870312 -0.214278 -0.443444
vn -0.870880 -0.225716 -0.436600
vn -0.690869 -0.223328 -0.687622
vn -0.684362 -0.225734 -0.693320
vn -0.792384 -0.201782 -0.575683
vn -0.873056 -0.199741 -0.444834
vn -0.930075 -0.208874 -0.302211
vn -0.962386 -0.223313 -0.154743
vn -0.964750 -0.214273 -0.152793
vn -0.963165 -0.225738 -0.146136
vn -0.869534 -0.223342 -0.440487
vn -0.865108 -0.225730 -0.447922
vn -0.931483 -0.201824 -0.302665
vn -0.967791 -0.199707 -0.153286
vn -0.977944 -0.208869 0.000001
vn -0.963099 -0.223328 0.150218
vn -0.964744 -0.214299 0.152792
vn -0.961180 -0.225750 0.158650
vn -0.963106 -0.223297 -0.150219
vn -0.961181 -0.225748 -0.158647
vn -0.979431 -0.201781 -0.000001
vn -0.967784 -0.199749 0.153278
vn -0.930069 -0.208907 0.302207
vn -0.869542 -0.223300 0.440494
vn -0.870311 -0.214267 0.443450
vn -0.865110 -0.225727 0.447920
vn -0.962378 -0.223345 0.154741
vn -0.963163 -0.225749 0.146134
vn -0.931485 -0.201810 0.302669
vn -0.873061 -0.199686 0.444849
vn -0.791178 -0.208887 0.574807
vn -0.690875 -0.223336 0.687613
vn -0.690686 -0.214274 0.690681
vn -0.684363 -0.225732 0.693320
vn -0.867466 -0.223313 0.444560
vn -0.870871 -0.225744 0.436604
vn -0.792388 -0.201766 0.575684
vn -0.692861 -0.199732 0.692857
vn -0.574817 -0.208888 0.791171
vn -0.444561 -0.223330 0.867461
vn -0.443444 -0.214286 0.870310
vn -0.436614 -0.225736 0.870868
vn -0.687620 -0.223333 0.690870
vn -0.693321 -0.225735 0.684361
vn -0.575690 -0.201798 0.792375
vn -0.444846 -0.199724 0.873054
vn -0.302201 -0.208882 0.930077
vn -0.154747 -0.223320 0.962383
vn -0.146138 -0.225740 0.963164
vn -0.440482 -0.223336 0.869538
vn -0.447905 -0.225747 0.865112
vn -0.302660 -0.201803 0.931490
vn 0.301926 -0.213058 0.929218
vn 0.441123 -0.226040 0.868514
vn 0.443205 -0.216673 0.869840
vn 0.448524 -0.223444 0.865390
vn 0.153625 -0.226065 0.961922
vn 0.145799 -0.223440 0.963752
vn 0.152723 -0.216652 0.964229
vn 0.302167 -0.209406 0.929970
vn 0.152976 -0.209214 0.965830
vn 0.443941 -0.209212 0.871291
vn 0.151152 -0.226063 0.962314
vn -0.000000 -0.209403 0.977830
vn -0.151153 -0.226065 0.962314
vn -0.000000 -0.213061 0.977039
vn -0.159158 -0.223435 0.961637
vn -0.152723 -0.216663 0.964227
vn -0.152978 -0.209214 0.965830
vn 0.159159 -0.223438 0.961636
vn 0.574288 -0.213031 0.790450
vn 0.687914 -0.226054 0.689691
vn 0.690304 -0.216682 0.690311
vn 0.693983 -0.223464 0.684435
vn 0.443353 -0.226053 0.867374
vn 0.436476 -0.223448 0.871527
vn 0.574753 -0.209380 0.791087
vn 0.691458 -0.209201 0.691463
vn 0.790439 -0.213069 0.574289
vn 0.867371 -0.226074 0.443349
vn 0.869835 -0.216695 0.443205
vn 0.871530 -0.223433 0.436478
vn 0.689683 -0.226050 0.687923
vn 0.684431 -0.223447 0.693992
vn 0.791075 -0.209428 0.574753
vn 0.871285 -0.209214 0.443951
vn 0.929220 -0.213063 0.301918
vn 0.961917 -0.226098 0.153605
vn 0.964224 -0.216681 0.152716
vn 0.963749 -0.223464 0.145782
vn 0.868511 -0.226042 0.441128
vn 0.865391 -0.223424 0.448531
vn 0.929980 -0.209371 0.302163
vn 0.965828 -0.209235 0.152958
vn 0.977033 -0.213090 0.000000
vn 0.962309 -0.226086 -0.151154
vn 0.964221 -0.216693 -0.152715
vn 0.961627 -0.223479 -0.159159
vn 0.962308 -0.226087 0.151155
vn 0.961633 -0.223451 0.159160
vn 0.977827 -0.209414 0.000000
vn 0.965830 -0.209227 -0.152958
vn 0.929220 -0.213063 -0.301918
vn 0.868506 -0.226057 -0.441130
vn 0.869844 -0.216677 -0.443195
vn 0.865381 -0.223460 -0.448533
vn 0.961920 -0.226085 -0.153606
vn 0.963745 -0.223479 -0.145781
vn 0.929979 -0.209371 -0.302164
vn 0.871295 -0.209193 -0.443940
vn 0.790446 -0.213090 -0.574272
vn 0.689694 -0.226064 -0.687908
vn 0.690307 -0.216658 -0.690315
vn 0.684438 -0.223443 -0.693987
vn 0.867378 -0.226077 -0.443334
vn 0.871535 -0.223454 -0.436457
vn 0.791090 -0.209406 -0.574740
vn 0.691455 -0.209224 -0.691459
vn 0.574284 -0.213037 -0.790451
vn 0.443356 -0.226059 -0.867371
vn 0.443210 -0.216643 -0.869845
vn 0.436481 -0.223430 -0.871529
vn 0.687902 -0.226067 -0.689699
vn 0.693977 -0.223457 -0.684444
vn 0.574744 -0.209407 -0.791087
vn 0.443946 -0.209230 -0.871284
vn 0.301923 -0.213044 -0.929223
vn 0.153620 -0.226056 -0.961925
vn 0.152720 -0.216658 -0.964228
vn 0.145797 -0.223441 -0.963752
vn 0.441122 -0.226063 -0.868508
vn 0.448527 -0.223426 -0.865393
vn 0.302168 -0.209389 -0.929974
vn 0.152969 -0.209221 -0.965830
vn -0.000000 -0.213059 -0.977039
vn -0.151150 -0.226058 -0.962316
vn -0.152719 -0.216666 -0.964227
vn -0.159157 -0.223442 -0.961636
vn 0.151149 -0.226057 -0.962316
vn 0.159157 -0.223444 -0.961635
vn -0.000000 -0.209391 -0.977832
vn -0.152970 -0.209219 -0.965830
vn -0.301919 -0.213054 -0.929222
vn -0.441123 -0.226074 -0.868505
vn -0.443201 -0.216678 -0.869841
vn -0.448527 -0.223443 -0.865388
vn -0.153619 -0.226056 -0.961925
vn -0.145797 -0.223441 -0.963752
vn -0.302164 -0.209398 -0.929973
vn -0.443940 -0.209221 -0.871289
vn -0.574273 -0.213071 -0.790450
vn -0.687906 -0.226071 -0.689694
vn -0.690313 -0.216662 -0.690309
vn -0.693985 -0.223449 -0.684438
vn -0.443342 -0.226059 -0.867378
vn -0.436469 -0.223444 -0.871531
vn -0.574744 -0.209399 -0.791089
vn -0.691455 -0.209229 -0.691458
vn -0.790449 -0.213075 -0.574273
vn -0.867385 -0.226046 -0.443336
vn -0.869845 -0.216654 -0.443205
vn -0.871538 -0.223438 -0.436461
vn -0.689694 -0.226073 -0.687905
vn -0.684439 -0.223445 -0.693985
vn -0.791097 -0.209366 -0.574744
vn -0.871295 -0.209189 -0.443943
vn -0.929215 -0.213059 -0.301936
vn -0.961922 -0.226061 -0.153631
vn -0.964233 -0.216638 -0.152720
vn -0.963752 -0.223440 -0.145799
vn -0.868505 -0.226047 -0.441137
vn -0.865388 -0.223424 -0.448537
vn -0.929961 -0.209429 -0.302180
vn -0.965820 -0.209268 -0.152969
vn -0.977041 -0.213052 0.000000
vn -0.962310 -0.226084 0.151147
vn -0.964225 -0.216672 0.152718
vn -0.961636 -0.223441 0.159158
vn -0.962311 -0.226081 -0.151147
vn -0.961643 -0.223410 -0.159158
vn -0.977831 -0.209395 -0.000001
vn -0.965823 -0.209252 0.152970
vn -0.929214 -0.213064 0.301935
vn -0.868501 -0.226072 0.441132
vn -0.869841 -0.216676 0.443202
vn -0.865386 -0.223437 0.448534
vn -0.961926 -0.226046 0.153631
vn -0.963751 -0.223444 0.145798
vn -0.929966 -0.209405 0.302179
vn -0.871294 -0.209193 0.443944
vn -0.790449 -0.213049 0.574283
vn -0.689688 -0.226033 0.687924
vn -0.690306 -0.216663 0.690315
vn -0.684431 -0.223419 0.694002
vn -0.867382 -0.226060 0.443335
vn -0.871539 -0.223428 0.436462
vn -0.791091 -0.209382 0.574747
vn -0.691460 -0.209196 0.691462
vn -0.574286 -0.213057 0.790444
vn -0.443353 -0.226058 0.867373
vn -0.443208 -0.216664 0.869841
vn -0.436479 -0.223440 0.871528
vn -0.687920 -0.226032 0.689693
vn -0.693993 -0.223432 0.684435
vn -0.574751 -0.209404 0.791082
vn -0.443941 -0.209232 0.871286
vn -0.301923 -0.213051 0.929221
vn -0.153626 -0.226063 0.961922
vn -0.145800 -0.223440 0.963752
vn -0.441119 -0.226061 0.868510
vn -0.448524 -0.223430 0.865393
vn -0.302163 -0.209407 0.929971
vn 0.302381 -0.206152 0.930627
vn 0.441366 -0.217827 0.870487
vn 0.444179 -0.206833 0.871737
vn 0.449517 -0.210501 0.868115
vn 0.154585 -0.217815 0.963670
vn 0.146599 -0.210502 0.966539
vn 0.153055 -0.206813 0.966335
vn 0.302313 -0.207160 0.930426
vn 0.153009 -0.208240 0.966035
vn 0.444034 -0.208270 0.871468
vn 0.150775 -0.217810 0.964275
vn 0.000001 -0.207141 0.978311
vn -0.150773 -0.217806 0.964276
vn 0.000000 -0.206148 0.978521
vn -0.159257 -0.210497 0.964535
vn -0.153054 -0.206818 0.966334
vn -0.153008 -0.208244 0.966035
vn 0.159258 -0.210499 0.964535
vn 0.575158 -0.206113 0.791651
vn 0.688753 -0.217817 0.691502
vn 0.691821 -0.206812 0.691819
vn 0.695774 -0.210485 0.686727
vn 0.444815 -0.217805 0.868735
vn 0.438107 -0.210497 0.873930
vn 0.575028 -0.207150 0.791475
vn 0.691595 -0.208297 0.691599
vn 0.791642 -0.206137 0.575162
vn 0.868736 -0.217791 0.444819
vn 0.871737 -0.206822 0.444185
vn 0.873927 -0.210499 0.438112
vn 0.691501 -0.217806 0.688758
vn 0.686725 -0.210502 0.695771
vn 0.791469 -0.207157 0.575032
vn 0.871467 -0.208265 0.444040
vn 0.930632 -0.206148 0.302371
vn 0.963672 -0.217817 0.154567
vn 0.966331 -0.206839 0.153045
vn 0.966537 -0.210524 0.146581
vn 0.870494 -0.217784 0.441373
vn 0.868117 -0.210485 0.449521
vn 0.930435 -0.207125 0.302307
vn 0.966040 -0.208224 0.152999
vn 0.978523 -0.206139 0.000000
vn 0.964271 -0.217827 -0.150775
vn 0.966328 -0.206850 -0.153044
vn 0.964532 -0.210513 -0.159257
vn 0.964276 -0.217803 0.150776
vn 0.964529 -0.210525 0.159257
vn 0.978309 -0.207153 0.000001
vn 0.966033 -0.208259 -0.152998
vn 0.930631 -0.206147 -0.302372
vn 0.870482 -0.217820 -0.441379
vn 0.871742 -0.206828 -0.444172
vn 0.868107 -0.210522 -0.449523
vn 0.963670 -0.217829 -0.154566
vn 0.966534 -0.210539 -0.146581
vn 0.930428 -0.207157 -0.302308
vn 0.871476 -0.208249 -0.444030
vn 0.791648 -0.206151 -0.575148
vn 0.691509 -0.217801 -0.688751
vn 0.691817 -0.206823 -0.691819
vn 0.686734 -0.210503 -0.695762
vn 0.868741 -0.217818 -0.444798
vn 0.873937 -0.210497 -0.438093
vn 0.791478 -0.207145 -0.575024
vn 0.691599 -0.208255 -0.691607
vn 0.575150 -0.206142 -0.791649
vn 0.444813 -0.217801 -0.868737
vn 0.444179 -0.206808 -0.871743
vn 0.438105 -0.210496 -0.873931
vn 0.688744 -0.217825 -0.691509
vn 0.695762 -0.210503 -0.686734
vn 0.575024 -0.207168 -0.791473
vn 0.444041 -0.208222 -0.871476
vn 0.302381 -0.206146 -0.930628
vn 0.154586 -0.217810 -0.963671
vn 0.153053 -0.206821 -0.966333
vn 0.146598 -0.210498 -0.966540
vn 0.441370 -0.217802 -0.870491
vn 0.449518 -0.210500 -0.868115
vn 0.302316 -0.207141 -0.930429
vn 0.153007 -0.208241 -0.966036
vn 0.000000 -0.206143 -0.978522
vn -0.150772 -0.217812 -0.964275
vn -0.153053 -0.206824 -0.966333
vn -0.159253 -0.210498 -0.964536
vn 0.150772 -0.217812 -0.964275
vn 0.159254 -0.210496 -0.964536
vn 0.000001 -0.207144 -0.978310
vn -0.153007 -0.208244 -0.966035
vn -0.302382 -0.206157 -0.930626
vn -0.441371 -0.217803 -0.870491
vn -0.444176 -0.206826 -0.871740
vn -0.449520 -0.210497 -0.868114
vn -0.154587 -0.217813 -0.963670
vn -0.146599 -0.210502 -0.966539
vn -0.302314 -0.207162 -0.930425
vn -0.444034 -0.208251 -0.871473
vn -0.575155 -0.206151 -0.791643
vn -0.688753 -0.217808 -0.691505
vn -0.691821 -0.206801 -0.691822
vn -0.695767 -0.210499 -0.686731
vn -0.444809 -0.217811 -0.868737
vn -0.438098 -0.210507 -0.873932
vn -0.575031 -0.207155 -0.791471
vn -0.691607 -0.208226 -0.691608
vn -0.791648 -0.206136 -0.575153
vn -0.868745 -0.217791 -0.444802
vn -0.871746 -0.206797 -0.444177
vn -0.873937 -0.210495 -0.438094
vn -0.691504 -0.217811 -0.688753
vn -0.686728 -0.210521 -0.695763
vn -0.791481 -0.207114 -0.575031
vn -0.871481 -0.208216 -0.444035
vn -0.930626 -0.206147 -0.302388
vn -0.963663 -0.217842 -0.154589
vn -0.966326 -0.206851 -0.153056
vn -0.966536 -0.210513 -0.146604
vn -0.870488 -0.217803 -0.441375
vn -0.868112 -0.210493 -0.449526
vn -0.930425 -0.207153 -0.302320
vn -0.966040 -0.208223 -0.153005
vn -0.978520 -0.206152 0.000000
vn -0.964278 -0.217793 0.150778
vn -0.966330 -0.206831 0.153057
vn -0.964536 -0.210500 0.159252
vn -0.964281 -0.217780 -0.150778
vn -0.964538 -0.210487 -0.159252
vn -0.978315 -0.207123 -0.000000
vn -0.966032 -0.208258 0.153003
vn -0.930629 -0.206137 0.302387
vn -0.870492 -0.217790 0.441375
vn -0.871735 -0.206830 0.444184
vn -0.868114 -0.210485 0.449528
vn -0.963667 -0.217826 0.154588
vn -0.966539 -0.210499 0.146604
vn -0.930427 -0.207143 0.302319
vn -0.871479 -0.208222 0.444035
vn -0.791640 -0.206147 0.575160
vn -0.691492 -0.217810 0.688766
vn -0.691816 -0.206821 0.691821
vn -0.686715 -0.210502 0.695781
vn -0.868743 -0.217792 0.444806
vn -0.873925 -0.210525 0.438103
vn -0.791476 -0.207125 0.575035
vn -0.691596 -0.208267 0.691607
vn -0.575161 -0.206141 0.791641
vn -0.444817 -0.217802 0.868735
vn -0.444179 -0.206803 0.871744
vn -0.438104 -0.210495 0.873932
vn -0.688761 -0.217804 0.691498
vn -0.695784 -0.210474 0.686721
vn -0.575034 -0.207160 0.791467
vn -0.444038 -0.208246 0.871472
vn -0.302381 -0.206157 0.930626
vn -0.154587 -0.217810 0.963671
vn -0.146601 -0.210498 0.966540
vn -0.441366 -0.217805 0.870493
vn -0.449515 -0.210495 0.868118
vn -0.302312 -0.207159 0.930426
vn 0.303397 -0.189861 0.933757
vn 0.442329 -0.200742 0.874098
vn 0.445900 -0.187945 0.875129
vn 0.450786 -0.189714 0.872239
vn 0.155927 -0.200749 0.967154
vn 0.147986 -0.189712 0.970623
vn 0.153643 -0.187933 0.970090
vn 0.303120 -0.194481 0.932896
vn 0.153373 -0.196977 0.968337
vn 0.445098 -0.196993 0.873545
vn 0.150574 -0.200737 0.968004
vn 0.000000 -0.194479 0.980907
vn -0.150569 -0.200730 0.968006
vn 0.000002 -0.189848 0.981814
vn -0.159191 -0.189697 0.968852
vn -0.153643 -0.187915 0.970094
vn -0.153372 -0.196978 0.968337
vn 0.159196 -0.189705 0.968849
vn 0.577091 -0.189879 0.794300
vn 0.690788 -0.200752 0.694630
vn 0.694513 -0.187917 0.694506
vn 0.698265 -0.189708 0.690244
vn 0.447165 -0.200755 0.871631
vn 0.440685 -0.189714 0.877385
vn 0.576559 -0.194494 0.793569
vn 0.693253 -0.196998 0.693248
vn 0.794296 -0.189886 0.577094
vn 0.871633 -0.200729 0.447172
vn 0.875130 -0.187908 0.445913
vn 0.877390 -0.189680 0.440691
vn 0.694631 -0.200751 0.690787
vn 0.690246 -0.189705 0.698264
vn 0.793559 -0.194545 0.576556
vn 0.873542 -0.196994 0.445105
vn 0.933755 -0.189882 0.303392
vn 0.967151 -0.200779 0.155908
vn 0.970086 -0.187960 0.153635
vn 0.970625 -0.189717 0.147966
vn 0.874097 -0.200727 0.442338
vn 0.872235 -0.189704 0.450799
vn 0.932896 -0.194494 0.303114
vn 0.968331 -0.197016 0.153361
vn 0.981810 -0.189868 0.000000
vn 0.967999 -0.200763 -0.150575
vn 0.970084 -0.187971 -0.153634
vn 0.968846 -0.189719 -0.159197
vn 0.967996 -0.200775 0.150576
vn 0.968846 -0.189719 0.159199
vn 0.980901 -0.194506 0.000000
vn 0.968329 -0.197029 -0.153360
vn 0.933753 -0.189888 -0.303394
vn 0.874085 -0.200774 -0.442341
vn 0.875129 -0.187940 -0.445902
vn 0.872229 -0.189715 -0.450805
vn 0.967149 -0.200790 -0.155907
vn 0.970622 -0.189732 -0.147966
vn 0.932889 -0.194526 -0.303114
vn 0.873550 -0.196989 -0.445091
vn 0.794306 -0.189895 -0.577078
vn 0.694637 -0.200751 -0.690781
vn 0.694505 -0.187925 -0.694512
vn 0.690249 -0.189700 -0.698262
vn 0.871642 -0.200745 -0.447149
vn 0.877389 -0.189730 -0.440671
vn 0.793576 -0.194509 -0.576545
vn 0.693249 -0.197006 -0.693250
vn 0.577085 -0.189858 -0.794309
vn 0.447161 -0.200756 -0.871633
vn 0.445902 -0.187930 -0.875131
vn 0.440680 -0.189732 -0.877384
vn 0.690780 -0.200747 -0.694639
vn 0.698258 -0.189702 -0.690253
vn 0.576552 -0.194492 -0.793575
vn 0.445100 -0.196974 -0.873549
vn 0.303395 -0.189864 -0.933758
vn 0.155925 -0.200747 -0.967155
vn 0.153647 -0.187928 -0.970091
vn 0.147985 -0.189718 -0.970622
vn 0.442334 -0.200745 -0.874095
vn 0.450796 -0.189715 -0.872233
vn 0.303115 -0.194485 -0.932897
vn 0.153370 -0.196982 -0.968337
vn 0.000000 -0.189863 -0.981811
vn -0.150568 -0.200742 -0.968004
vn -0.153648 -0.187922 -0.970092
vn -0.159192 -0.189707 -0.968849
vn 0.150570 -0.200743 -0.968004
vn 0.159193 -0.189714 -0.968848
vn 0.000000 -0.194480 -0.980907
vn -0.153370 -0.196980 -0.968337
vn -0.303396 -0.189876 -0.933755
vn -0.442331 -0.200759 -0.874093
vn -0.445903 -0.187944 -0.875127
vn -0.450794 -0.189708 -0.872236
vn -0.155929 -0.200745 -0.967154
vn -0.147987 -0.189713 -0.970623
vn -0.303117 -0.194500 -0.932893
vn -0.445095 -0.196995 -0.873547
vn -0.577083 -0.189866 -0.794308
vn -0.690780 -0.200755 -0.694637
vn -0.694510 -0.187918 -0.694509
vn -0.698257 -0.189707 -0.690253
vn -0.447159 -0.200760 -0.871633
vn -0.440685 -0.189716 -0.877385
vn -0.576552 -0.194490 -0.793575
vn -0.693254 -0.196970 -0.693255
vn -0.794313 -0.189863 -0.577077
vn -0.871639 -0.200752 -0.447151
vn -0.875130 -0.187936 -0.445901
vn -0.877396 -0.189702 -0.440669
vn -0.694640 -0.200753 -0.690778
vn -0.690253 -0.189706 -0.698257
vn -0.793579 -0.194492 -0.576546
vn -0.873553 -0.196955 -0.445100
vn -0.933750 -0.189888 -0.303402
vn -0.967154 -0.200752 -0.155922
vn -0.970087 -0.187950 -0.153642
vn -0.970626 -0.189704 -0.147978
vn -0.874085 -0.200764 -0.442346
vn -0.872223 -0.189738 -0.450807
vn -0.932891 -0.194494 -0.303127
vn -0.968333 -0.197000 -0.153369
vn -0.981806 -0.189887 0.000001
vn -0.968004 -0.200742 0.150570
vn -0.970088 -0.187945 0.153644
vn -0.968853 -0.189681 0.159199
vn -0.968004 -0.200742 -0.150571
vn -0.968849 -0.189704 -0.159197
vn -0.980903 -0.194498 -0.000001
vn -0.968334 -0.196996 0.153369
vn -0.933751 -0.189889 0.303399
vn -0.874090 -0.200753 0.442340
vn -0.875132 -0.187905 0.445910
vn -0.872232 -0.189723 0.450796
vn -0.967154 -0.200754 0.155923
vn -0.970626 -0.189705 0.147978
vn -0.932893 -0.194485 0.303128
vn -0.873538 -0.197001 0.445110
vn -0.794291 -0.189879 0.577103
vn -0.694619 -0.200758 0.690797
vn -0.694510 -0.187929 0.694506
vn -0.690234 -0.189710 0.698274
vn -0.871628 -0.200763 0.447169
vn -0.877386 -0.189699 0.440690
vn -0.793560 -0.194504 0.576567
vn -0.693253 -0.196972 0.693255
vn -0.577100 -0.189886 0.794292
vn -0.447162 -0.200770 0.871629
vn -0.445900 -0.187940 0.875130
vn -0.440684 -0.189728 0.877383
vn -0.690800 -0.200749 0.694618
vn -0.698276 -0.189708 0.690233
vn -0.576566 -0.194484 0.793566
vn -0.445096 -0.196971 0.873551
vn -0.303401 -0.189876 0.933753
vn -0.155935 -0.200744 0.967153
vn -0.147993 -0.189711 0.970622
vn -0.442327 -0.200749 0.874097
vn -0.450786 -0.189718 0.872238
vn -0.303121 -0.194500 0.932892
vn 0.304795 -0.164751 0.938060
vn 0.443699 -0.176144 0.878695
vn 0.448008 -0.161813 0.879264
vn 0.451678 -0.162843 0.877194
vn 0.157518 -0.176136 0.971681
vn 0.150186 -0.162838 0.975155
vn 0.154370 -0.161828 0.974670
vn 0.304382 -0.172495 0.936802
vn 0.153949 -0.177445 0.972015
vn 0.446784 -0.177442 0.876869
vn 0.150460 -0.176138 0.972799
vn 0.000000 -0.172488 0.985012
vn -0.150461 -0.176135 0.972799
vn -0.000001 -0.164745 0.986336
vn -0.158499 -0.162863 0.973835
vn -0.154371 -0.161838 0.974668
vn -0.153949 -0.177428 0.972018
vn 0.158500 -0.162857 0.973835
vn 0.579754 -0.164750 0.797961
vn 0.693520 -0.176138 0.698573
vn 0.697787 -0.161821 0.697788
vn 0.700636 -0.162866 0.694683
vn 0.450075 -0.176128 0.875449
vn 0.444177 -0.162849 0.881015
vn 0.578975 -0.172488 0.796892
vn 0.695892 -0.177423 0.695885
vn 0.797970 -0.164690 0.579760
vn 0.875449 -0.176113 0.450081
vn 0.879256 -0.161830 0.448018
vn 0.881014 -0.162829 0.444187
vn 0.698580 -0.176127 0.693517
vn 0.694690 -0.162855 0.700631
vn 0.796895 -0.172461 0.578979
vn 0.876864 -0.177435 0.446795
vn 0.938065 -0.164751 0.304782
vn 0.971683 -0.176144 0.157500
vn 0.974672 -0.161826 0.154360
vn 0.975155 -0.162851 0.150173
vn 0.878691 -0.176143 0.443707
vn 0.877192 -0.162839 0.451683
vn 0.936808 -0.172474 0.304373
vn 0.972017 -0.177443 0.153940
vn 0.986341 -0.164714 0.000000
vn 0.972803 -0.176115 -0.150460
vn 0.974671 -0.161830 -0.154360
vn 0.973838 -0.162842 -0.158502
vn 0.972802 -0.176116 0.150461
vn 0.973840 -0.162827 0.158503
vn 0.985013 -0.172482 0.000000
vn 0.972013 -0.177463 -0.153940
vn 0.938068 -0.164729 -0.304783
vn 0.878693 -0.176115 -0.443715
vn 0.879260 -0.161834 -0.448009
vn 0.877196 -0.162801 -0.451690
vn 0.971683 -0.176143 -0.157501
vn 0.975159 -0.162826 -0.150174
vn 0.936806 -0.172482 -0.304375
vn 0.876866 -0.177443 -0.446788
vn 0.797969 -0.164730 -0.579750
vn 0.698583 -0.176126 -0.693514
vn 0.697791 -0.161810 -0.697786
vn 0.694693 -0.162840 -0.700632
vn 0.875451 -0.176142 -0.450066
vn 0.881017 -0.162857 -0.444170
vn 0.796896 -0.172487 -0.578969
vn 0.695884 -0.177433 -0.695890
vn 0.579749 -0.164757 -0.797964
vn 0.450067 -0.176166 -0.875446
vn 0.448004 -0.161833 -0.879263
vn 0.444168 -0.162849 -0.881019
vn 0.693515 -0.176136 -0.698579
vn 0.700635 -0.162858 -0.694686
vn 0.578970 -0.172503 -0.796891
vn 0.446787 -0.177440 -0.876867
vn 0.304798 -0.164741 -0.938061
vn 0.157515 -0.176132 -0.971682
vn 0.154374 -0.161818 -0.974671
vn 0.150186 -0.162849 -0.975154
vn 0.443710 -0.176144 -0.878689
vn 0.451686 -0.162833 -0.877192
vn 0.304385 -0.172499 -0.936800
vn 0.153953 -0.177435 -0.972016
vn 0.000000 -0.164741 -0.986337
vn -0.150457 -0.176131 -0.972800
vn -0.154372 -0.161824 -0.974670
vn -0.158499 -0.162858 -0.973835
vn 0.150458 -0.176137 -0.972799
vn 0.158501 -0.162853 -0.973836
vn 0.000000 -0.172490 -0.985011
vn -0.153953 -0.177427 -0.972018
vn -0.304794 -0.164752 -0.938060
vn -0.443705 -0.176131 -0.878695
vn -0.448007 -0.161820 -0.879264
vn -0.451674 -0.162845 -0.877196
vn -0.157515 -0.176146 -0.971680
vn -0.150187 -0.162859 -0.975152
vn -0.304384 -0.172493 -0.936801
vn -0.446790 -0.177429 -0.876868
vn -0.579751 -0.164760 -0.797962
vn -0.693515 -0.176131 -0.698581
vn -0.697783 -0.161842 -0.697787
vn -0.700625 -0.162855 -0.694696
vn -0.450077 -0.176134 -0.875447
vn -0.444180 -0.162845 -0.881014
vn -0.578971 -0.172502 -0.796891
vn -0.695888 -0.177423 -0.695889
vn -0.797973 -0.164717 -0.579747
vn -0.875459 -0.176117 -0.450061
vn -0.879263 -0.161826 -0.448005
vn -0.881025 -0.162826 -0.444165
vn -0.698580 -0.176130 -0.693516
vn -0.694694 -0.162851 -0.700629
vn -0.796905 -0.172464 -0.578964
vn -0.876872 -0.177422 -0.446785
vn -0.938061 -0.164750 -0.304793
vn -0.971685 -0.176120 -0.157510
vn -0.974669 -0.161844 -0.154359
vn -0.975158 -0.162829 -0.150179
vn -0.878684 -0.176156 -0.443715
vn -0.877188 -0.162865 -0.451681
vn -0.936800 -0.172492 -0.304389
vn -0.972017 -0.177434 -0.153949
vn -0.986334 -0.164758 0.000001
vn -0.972800 -0.176135 0.150456
vn -0.974671 -0.161821 0.154372
vn -0.973834 -0.162863 0.158500
vn -0.972803 -0.176120 -0.150456
vn -0.973838 -0.162842 -0.158500
vn -0.985015 -0.172470 0.000000
vn -0.972018 -0.177429 0.153951
vn -0.938059 -0.164757 0.304796
vn -0.878688 -0.176158 0.443708
vn -0.879260 -0.161818 0.448015
vn -0.877192 -0.162864 0.451674
vn -0.971685 -0.176118 0.157515
vn -0.975153 -0.162851 0.150189
vn -0.936802 -0.172486 0.304385
vn -0.876873 -0.177396 0.446794
vn -0.797958 -0.164712 0.579770
vn -0.698568 -0.176115 0.693532
vn -0.697783 -0.161859 0.697782
vn -0.694684 -0.162850 0.700639
vn -0.875450 -0.176102 0.450084
vn -0.881014 -0.162829 0.444186
vn -0.796885 -0.172472 0.578989
vn -0.695892 -0.177395 0.695891
vn -0.579759 -0.164754 0.797957
vn -0.450077 -0.176133 0.875447
vn -0.448006 -0.161813 0.879265
vn -0.444179 -0.162839 0.881016
vn -0.693530 -0.176127 0.698567
vn -0.700640 -0.162851 0.694682
vn -0.578981 -0.172493 0.796886
vn -0.446786 -0.177433 0.876869
vn -0.304795 -0.164753 0.938060
vn -0.157520 -0.176146 0.971679
vn -0.150188 -0.162848 0.975153
vn -0.443699 -0.176150 0.878694
vn -0.451676 -0.162843 0.877195
vn -0.304383 -0.172500 0.936800
vn 0.306122 -0.136453 0.942162
vn 0.445426 -0.147667 0.883057
vn 0.450123 -0.130139 0.883433
vn 0.453004 -0.131627 0.881738
vn 0.158690 -0.147684 0.976221
vn 0.151786 -0.131631 0.979609
vn 0.155107 -0.130129 0.979290
vn 0.305717 -0.145705 0.940908
vn 0.154607 -0.152195 0.976183
vn 0.448705 -0.152174 0.880629
vn 0.150740 -0.147697 0.977478
vn 0.000003 -0.145727 0.989325
vn -0.150736 -0.147707 0.977477
vn 0.000000 -0.136462 0.990645
vn -0.158357 -0.131626 0.978569
vn -0.155108 -0.130135 0.979289
vn -0.154607 -0.152204 0.976182
vn 0.158360 -0.131631 0.978568
vn 0.582287 -0.136424 0.801455
vn 0.696498 -0.147669 0.702200
vn 0.701094 -0.130100 0.701100
vn 0.703298 -0.131602 0.698608
vn 0.452593 -0.147702 0.879399
vn 0.447069 -0.131622 0.884763
vn 0.581516 -0.145705 0.800381
vn 0.698867 -0.152203 0.698870
vn 0.801450 -0.136457 0.582287
vn 0.879398 -0.147682 0.452602
vn 0.883422 -0.130161 0.450137
vn 0.884754 -0.131640 0.447081
vn 0.702198 -0.147694 0.696495
vn 0.698600 -0.131633 0.703300
vn 0.800380 -0.145730 0.581510
vn 0.880621 -0.152193 0.448714
vn 0.942157 -0.136481 0.306125
vn 0.976223 -0.147682 0.158679
vn 0.979287 -0.130166 0.155091
vn 0.979616 -0.131597 0.151770
vn 0.883048 -0.147725 0.445425
vn 0.881733 -0.131650 0.453006
vn 0.940909 -0.145689 0.305719
vn 0.976187 -0.152179 0.154600
vn 0.990646 -0.136460 0.000000
vn 0.977477 -0.147694 -0.150748
vn 0.979288 -0.130159 -0.155092
vn 0.978566 -0.131643 -0.158364
vn 0.977479 -0.147681 0.150748
vn 0.978566 -0.131643 0.158363
vn 0.989325 -0.145726 0.000000
vn 0.976184 -0.152194 -0.154600
vn 0.942161 -0.136453 -0.306127
vn 0.883054 -0.147667 -0.445433
vn 0.883430 -0.130129 -0.450130
vn 0.881734 -0.131623 -0.453014
vn 0.976227 -0.147655 -0.158680
vn 0.979618 -0.131583 -0.151771
vn 0.940911 -0.145673 -0.305723
vn 0.880623 -0.152208 -0.448705
vn 0.801452 -0.136474 -0.582280
vn 0.702199 -0.147692 -0.696493
vn 0.701090 -0.130139 -0.701096
vn 0.698606 -0.131628 -0.703295
vn 0.879405 -0.147682 -0.452589
vn 0.884765 -0.131612 -0.447067
vn 0.800382 -0.145741 -0.581505
vn 0.698873 -0.152178 -0.698869
vn 0.582283 -0.136440 -0.801455
vn 0.452590 -0.147693 -0.879403
vn 0.450123 -0.130125 -0.883435
vn 0.447069 -0.131634 -0.884761
vn 0.696496 -0.147677 -0.702201
vn 0.703288 -0.131641 -0.698611
vn 0.581510 -0.145702 -0.800386
vn 0.448701 -0.152175 -0.880630
vn 0.306130 -0.136454 -0.942160
vn 0.158693 -0.147700 -0.976218
vn 0.155100 -0.130111 -0.979293
vn 0.151785 -0.131631 -0.979609
vn 0.445427 -0.147669 -0.883057
vn 0.453001 -0.131639 -0.881738
vn 0.305725 -0.145710 -0.940904
vn 0.154613 -0.152198 -0.976182
vn 0.000000 -0.136450 -0.990647
vn -0.150736 -0.147697 -0.977479
vn -0.155099 -0.130121 -0.979292
vn -0.158353 -0.131624 -0.978570
vn 0.150739 -0.147682 -0.977480
vn 0.158358 -0.131619 -0.978570
vn 0.000002 -0.145727 -0.989325
vn -0.154612 -0.152197 -0.976182
vn -0.306127 -0.136458 -0.942160
vn -0.445418 -0.147694 -0.883057
vn -0.450127 -0.130130 -0.883432
vn -0.452996 -0.131629 -0.881742
vn -0.158696 -0.147702 -0.976217
vn -0.151788 -0.131630 -0.979609
vn -0.305719 -0.145711 -0.940906
vn -0.448702 -0.152179 -0.880629
vn -0.582286 -0.136466 -0.801449
vn -0.696486 -0.147720 -0.702201
vn -0.701091 -0.130154 -0.701093
vn -0.703298 -0.131637 -0.698601
vn -0.452598 -0.147694 -0.879398
vn -0.447075 -0.131615 -0.884761
vn -0.581507 -0.145712 -0.800386
vn -0.698863 -0.152225 -0.698870
vn -0.801456 -0.136459 -0.582277
vn -0.879407 -0.147681 -0.452586
vn -0.883423 -0.130175 -0.450132
vn -0.884758 -0.131641 -0.447073
vn -0.702202 -0.147702 -0.696488
vn -0.698603 -0.131625 -0.703298
vn -0.800395 -0.145701 -0.581498
vn -0.880630 -0.152185 -0.448699
vn -0.942150 -0.136530 -0.306126
vn -0.976223 -0.147672 -0.158689
vn -0.979285 -0.130167 -0.155102
vn -0.979606 -0.131658 -0.151786
vn -0.883046 -0.147742 -0.445424
vn -0.881732 -0.131682 -0.452999
vn -0.940899 -0.145758 -0.305719
vn -0.976182 -0.152208 -0.154601
vn -0.990650 -0.136426 0.000001
vn -0.977479 -0.147691 0.150740
vn -0.979286 -0.130159 0.155105
vn -0.978566 -0.131655 0.158355
vn -0.977479 -0.147690 -0.150741
vn -0.978567 -0.131642 -0.158355
vn -0.989332 -0.145676 -0.000002
vn -0.976184 -0.152178 0.154615
vn -0.942164 -0.136444 0.306120
vn -0.883062 -0.147694 0.445407
vn -0.883428 -0.130146 0.450130
vn -0.881748 -0.131640 0.452981
vn -0.976216 -0.147705 0.158696
vn -0.979608 -0.131641 0.151788
vn -0.940909 -0.145699 0.305716
vn -0.880625 -0.152193 0.448706
vn -0.801446 -0.136474 0.582288
vn -0.702196 -0.147703 0.696494
vn -0.701094 -0.130106 0.701099
vn -0.698604 -0.131620 0.703299
vn -0.879392 -0.147709 0.452606
vn -0.884750 -0.131622 0.447093
vn -0.800379 -0.145729 0.581512
vn -0.698865 -0.152233 0.698865
vn -0.582285 -0.136467 0.801450
vn -0.452597 -0.147688 0.879400
vn -0.450131 -0.130152 0.883427
vn -0.447079 -0.131634 0.884756
vn -0.696493 -0.147703 0.702198
vn -0.703291 -0.131640 0.698608
vn -0.581513 -0.145712 0.800382
vn -0.448704 -0.152168 0.880630
vn -0.306122 -0.136457 0.942162
vn -0.158694 -0.147690 0.976219
vn -0.151790 -0.131633 0.979608
vn -0.445422 -0.147681 0.883057
vn -0.453000 -0.131618 0.881741
vn -0.305717 -0.145702 0.940908
vn 0.307394 -0.102336 0.946063
vn 0.447385 -0.114597 0.886969
vn 0.451954 -0.094562 0.887015
vn 0.159406 -0.114585 0.980541
vn 0.155733 -0.094532 0.983266
vn 0.307069 -0.112152 0.945056
vn 0.155303 -0.120361 0.980507
vn 0.450682 -0.120372 0.884532
vn 0.151399 -0.114580 0.981809
vn 0.000000 -0.112134 0.993693
vn -0.151398 -0.114571 0.981811
vn -0.000000 -0.102320 0.994752
vn -0.155732 -0.094524 0.983266
vn -0.155302 -0.120355 0.980508
vn 0.584698 -0.102321 0.804772
vn 0.699573 -0.114572 0.705316
vn 0.703938 -0.094555 0.703939
vn 0.454608 -0.114573 0.883292
vn 0.584074 -0.112129 0.803919
vn 0.701963 -0.120360 0.701969
vn 0.804769 -0.102303 0.584706
vn 0.883288 -0.114563 0.454619
vn 0.887005 -0.094553 0.451975
vn 0.705312 -0.114588 0.699575
vn 0.803909 -0.112155 0.584082
vn 0.884524 -0.120362 0.450700
vn 0.946059 -0.102355 0.307402
vn 0.980549 -0.114522 0.159399
vn 0.983261 -0.094579 0.155735
vn 0.886965 -0.114601 0.447393
vn 0.945060 -0.112114 0.307070
vn 0.980507 -0.120389 0.155282
vn 0.994747 -0.102366 0.000001
vn 0.981807 -0.114599 -0.151400
vn 0.983262 -0.094563 -0.155735
vn 0.981805 -0.114614 0.151399
vn 0.993687 -0.112187 -0.000001
vn 0.980507 -0.120389 -0.155283
vn 0.946059 -0.102356 -0.307403
vn 0.886962 -0.114599 -0.447399
vn 0.887005 -0.094577 -0.451971
vn 0.980547 -0.114539 -0.159399
vn 0.945058 -0.112123 -0.307074
vn 0.884529 -0.120362 -0.450690
vn 0.804767 -0.102350 -0.584700
vn 0.705311 -0.114576 -0.699577
vn 0.703941 -0.094519 -0.703941
vn 0.883294 -0.114583 -0.454603
vn 0.803916 -0.112160 -0.584071
vn 0.701959 -0.120396 -0.701967
vn 0.584695 -0.102327 -0.804774
vn 0.454604 -0.114581 -0.883293
vn 0.451955 -0.094558 -0.887015
vn 0.699571 -0.114594 -0.705314
vn 0.584065 -0.112158 -0.803921
vn 0.450681 -0.120354 -0.884534
vn 0.307394 -0.102317 -0.946066
vn 0.159404 -0.114577 -0.980542
vn 0.155737 -0.094554 -0.983263
vn 0.447383 -0.114579 -0.886972
vn 0.307067 -0.112154 -0.945056
vn 0.155293 -0.120352 -0.980510
vn 0.000003 -0.102333 -0.994750
vn -0.151399 -0.114580 -0.981809
vn -0.155735 -0.094550 -0.983263
vn 0.151404 -0.114592 -0.981807
vn 0.000003 -0.112148 -0.993692
vn -0.155292 -0.120348 -0.980510
vn -0.307394 -0.102352 -0.946062
vn -0.447383 -0.114583 -0.886972
vn -0.451959 -0.094544 -0.887014
vn -0.159404 -0.114575 -0.980542
vn -0.307065 -0.112158 -0.945057
vn -0.450686 -0.120339 -0.884534
vn -0.584695 -0.102310 -0.804776
vn -0.699573 -0.114549 -0.705320
vn -0.703941 -0.094537 -0.703939
vn -0.454609 -0.114552 -0.883294
vn -0.584076 -0.112119 -0.803918
vn -0.701966 -0.120358 -0.701968
vn -0.804770 -0.102333 -0.584699
vn -0.883289 -0.114567 -0.454616
vn -0.887016 -0.094556 -0.451954
vn -0.705317 -0.114570 -0.699573
vn -0.803915 -0.112147 -0.584076
vn -0.884524 -0.120393 -0.450692
vn -0.946065 -0.102362 -0.307379
vn -0.980538 -0.114615 -0.159400
vn -0.983265 -0.094546 -0.155728
vn -0.886978 -0.114568 -0.447374
vn -0.945052 -0.112211 -0.307060
vn -0.980501 -0.120418 -0.155298
vn -0.994750 -0.102333 0.000000
vn -0.981809 -0.114581 0.151403
vn -0.983267 -0.094521 0.155729
vn -0.981809 -0.114582 -0.151403
vn -0.993690 -0.112164 0.000000
vn -0.980504 -0.120394 0.155297
vn -0.946068 -0.102325 0.307385
vn -0.886976 -0.114582 0.447375
vn -0.887007 -0.094579 0.451967
vn -0.980546 -0.114551 0.159398
vn -0.945060 -0.112156 0.307056
vn -0.884528 -0.120363 0.450692
vn -0.804771 -0.102347 0.584696
vn -0.705318 -0.114585 0.699569
vn -0.703942 -0.094553 0.703935
vn -0.883286 -0.114567 0.454621
vn -0.803911 -0.112138 0.584082
vn -0.701967 -0.120312 0.701974
vn -0.584701 -0.102322 0.804770
vn -0.454614 -0.114565 0.883290
vn -0.451958 -0.094554 0.887014
vn -0.699568 -0.114580 0.705320
vn -0.584078 -0.112146 0.803913
vn -0.450693 -0.120380 0.884525
vn -0.307394 -0.102344 0.946063
vn -0.159405 -0.114580 0.980541
vn -0.447387 -0.114568 0.886972
vn -0.307067 -0.112148 0.945057
vn -0.809015 -0.000005 -0.587787
vn -0.951055 -0.000019 -0.309022
vn -1.000000 0.000000 -0.000002
vn -0.951057 0.000000 0.309017
vn -0.809019 0.000000 0.587783
vn -0.587787 0.000000 0.809016
vn -0.309017 0.000000 0.951057
vn 0.000000 0.000000 1.000000
vn 0.309017 0.000000 0.951057
vn 0.587787 0.000000 0.809016
vn 0.809019 0.000000 0.587783
vn 0.951056 0.000000 0.309018
vn 1.000000 0.000000 0.000000
vn 0.951056 0.000000 -0.309018
vn 0.809018 0.000000 -0.587784
vn 0.587786 0.000000 -0.809016
vn 0.309019 0.000000 -0.951056
vn 0.000000 0.000000 -1.000000
vn -0.309018 -0.000030 -0.951056
vn -0.587785 -0.000017 -0.809017
vn -0.826939 0.493941 -0.268691
vn -0.703433 0.493950 -0.511073
vn -0.511072 0.493959 -0.703427
vn -0.268686 0.493958 -0.826930
vn -0.000000 0.493971 -0.869479
vn 0.268683 0.493974 -0.826922
vn 0.511074 0.493955 -0.703429
vn 0.703440 0.493937 -0.511076
vn 0.826932 0.493954 -0.268687
vn 0.869479 0.493970 -0.000000
vn 0.826927 0.493965 0.268682
vn 0.703431 0.493957 0.511069
vn 0.511075 0.493951 0.703431
vn 0.268686 0.493957 0.826931
vn 0.000000 0.493968 0.869480
vn -0.268686 0.493961 0.826928
vn -0.511073 0.493957 0.703428
vn -0.703433 0.493952 0.511071
vn -0.826940 0.493940 0.268689
vn -0.869494 0.493943 -0.000000
vn 0.951058 0.000000 0.309012
vn 0.951056 0.000000 0.309018
vn 0.809017 0.000000 0.587786
vn 0.809017 0.000000 0.587786
vn 0.587784 0.000000 0.809018
vn 0.587784 0.000000 0.809018
vn 0.309017 0.000000 0.951057
vn 0.309017 0.000000 0.951057
vn -0.000001 0.000000 1.000000
vn -0.000000 0.000000 1.000000
vn -0.309018 0.000000 0.951056
vn -0.309018 0.000000 0.951056
vn -0.587786 0.000000 0.809016
vn -0.587788 0.000000 0.809015
vn -0.809017 0.000000 0.587785
vn -0.809017 0.000000 0.587785
vn -0.951056 0.000000 0.309017
vn -0.951056 0.000000 0.309017
vn -1.000000 0.000000 0.000000
vn -1.000000 0.000000 0.000000
vn -0.951056 0.000000 -0.309018
vn -0.951056 0.000000 -0.309018
vn -0.809017 0.000000 -0.587785
vn -0.809017 0.000000 -0.587785
vn -0.587787 0.000000 -0.809015
vn -0.587787 0.000000 -0.809015
vn -0.309017 0.000000 -0.951057
vn -0.309017 0.000000 -0.951057
vn 0.000000 0.000000 -1.000000
vn 0.000000 0.000000 -1.000000
vn 0.309018 0.000000 -0.951056
vn 0.309018 0.000000 -0.951056
vn 0.587786 0.000000 -0.809017
vn 0.587786 0.000000 -0.809017
vn 0.809017 0.000000 -0.587785
vn 0.809017 0.000000 -0.587785
vn 0.951057 0.000000 -0.309015
vn 0.951057 0.000000 -0.309015
vn 1.000000 0.000000 0.000000
vn 1.000000 0.000000 0.000000
vn -0.029001 0.999535 -0.009423
vn -0.000000 1.000000 0.000000
vn -0.024670 0.999535 -0.017923
vn -0.017923 0.999535 -0.024670
vn -0.009423 0.999535 -0.029001
vn -0.000000 0.999535 -0.030493
vn 0.009423 0.999535 -0.029001
vn 0.017923 0.999535 -0.024670
vn 0.024670 0.999535 -0.017924
vn 0.029001 0.999535 -0.009423
vn 0.030493 0.999535 -0.000000
vn 0.029001 0.999535 0.009423
vn 0.024670 0.999535 0.017923
vn 0.017923 0.999535 0.024670
vn 0.009423 0.999535 0.029001
vn 0.000000 0.999535 0.030493
vn -0.009423 0.999535 0.029001
vn -0.017923 0.999535 0.024670
vn -0.024670 0.999535 0.017924
vn -0.029001 0.999535 0.009423
vn -0.030493 0.999535 0.000000
vn 0.476122 0.865664 0.154703
vn 0.500621 0.865667 0.000002
vn 0.949053 0.064893 0.308363
vn 0.997893 0.064881 0.000000
vn 0.980343 0.197302 0.000000
vn 0.822371 0.502311 0.267191
vn 0.666913 0.745136 0.000001
vn 0.405023 0.865657 0.294271
vn 0.699566 0.502275 0.508260
vn 0.807320 0.064790 0.586547
vn 0.294267 0.865650 0.405039
vn 0.508260 0.502284 0.699559
vn 0.586564 0.064816 0.807305
vn 0.154705 0.865660 0.476129
vn 0.206082 0.745143 0.634265
vn 0.302938 0.197435 0.932335
vn 0.308374 0.064844 0.949053
vn 0.000001 0.865667 0.500620
vn 0.000002 0.745171 0.666874
vn -0.000001 0.197333 0.980337
vn -0.000001 0.064793 0.997899
vn -0.154701 0.865667 0.476117
vn -0.206074 0.745173 0.634232
vn -0.302939 0.197358 0.932351
vn -0.308377 0.064808 0.949054
vn -0.294278 0.865645 0.405042
vn -0.508227 0.502375 0.699518
vn -0.586552 0.064960 0.807303
vn -0.405061 0.865632 0.294291
vn -0.699495 0.502401 0.508232
vn -0.807318 0.064981 0.586528
vn -0.476160 0.865641 0.154714
vn -0.822353 0.502336 0.267198
vn -0.949056 0.064815 0.308369
vn -0.500650 0.865650 0.000001
vn -0.666989 0.745068 0.000002
vn -0.980332 0.197355 -0.000001
vn -0.997903 0.064724 -0.000001
vn -0.476153 0.865646 -0.154708
vn -0.822372 0.502300 -0.267208
vn -0.949059 0.064739 -0.308378
vn -0.405043 0.865646 -0.294274
vn -0.699500 0.502384 -0.508241
vn -0.807323 0.064823 -0.586538
vn -0.294265 0.865657 -0.405027
vn -0.508219 0.502395 -0.699508
vn -0.586546 0.064800 -0.807319
vn -0.154702 0.865667 -0.476118
vn -0.206094 0.745129 -0.634277
vn -0.302937 0.197378 -0.932347
vn -0.308376 0.064788 -0.949056
vn 0.000001 0.865670 -0.500615
vn 0.000001 0.745080 -0.666975
vn -0.000000 0.197307 -0.980342
vn -0.000000 0.064837 -0.997896
vn 0.154704 0.865663 -0.476124
vn 0.206102 0.745104 -0.634305
vn 0.302934 0.197427 -0.932338
vn 0.308375 0.064837 -0.949053
vn 0.294269 0.865651 -0.405036
vn 0.508246 0.502316 -0.699546
vn 0.586561 0.064714 -0.807315
vn 0.405027 0.865656 -0.294268
vn 0.699574 0.502251 -0.508273
vn 0.807328 0.064611 -0.586555
vn 0.476115 0.865669 -0.154696
vn 0.822386 0.502275 -0.267210
vn 0.949057 0.064736 -0.308383
vn 0.936791 -0.172524 0.304397
vn 0.796859 -0.172696 0.578957
vn 0.985005 -0.172524 0.000001
vn 0.936748 -0.172868 -0.304335
vn 0.796817 -0.173040 -0.578912
vn 0.578906 -0.173039 -0.796822
vn 0.304339 -0.172868 -0.936747
vn 0.000000 -0.172654 -0.984983
vn -0.304336 -0.172912 -0.936740
vn -0.578930 -0.173126 -0.796786
vn -0.796817 -0.173040 -0.578913
vn -0.936720 -0.173040 -0.304324
vn -0.984915 -0.173040 0.000000
vn -0.936714 -0.173040 0.304342
vn -0.796827 -0.172868 0.578950
vn -0.578945 -0.172782 0.796850
vn -0.304342 -0.172826 0.936754
vn -0.000000 -0.172826 0.984952
vn 0.304342 -0.172868 0.936746
vn 0.578917 -0.172781 0.796870
vn 0.950848 0.020803 0.308960
vn 0.950801 0.023251 0.308928
vn 0.808796 0.023288 0.587628
vn 0.808839 0.020803 0.587663
vn 0.999785 0.020727 -0.000001
vn 0.999731 0.023176 -0.000001
vn 0.950851 0.020727 -0.308954
vn 0.950801 0.023195 -0.308932
vn 0.808843 0.020689 -0.587661
vn 0.808795 0.023232 -0.587632
vn 0.587655 0.020651 -0.808848
vn 0.587628 0.023241 -0.808797
vn 0.308940 0.020680 -0.950857
vn 0.308940 0.023246 -0.950797
vn 0.000000 0.020718 -0.999785
vn -0.000000 0.023269 -0.999729
vn -0.308951 0.020670 -0.950854
vn -0.308934 0.023246 -0.950799
vn -0.587657 0.020632 -0.808847
vn -0.587629 0.023213 -0.808797
vn -0.808849 0.020727 -0.587651
vn -0.808794 0.023232 -0.587634
vn -0.950850 0.020765 -0.308954
vn -0.950800 0.023251 -0.308932
vn -0.999785 0.020727 0.000000
vn -0.999729 0.023269 0.000000
vn -0.950847 0.020803 0.308961
vn -0.950800 0.023288 0.308928
vn -0.808845 0.020803 0.587654
vn -0.808794 0.023269 0.587632
vn -0.587655 0.020708 0.808847
vn -0.587631 0.023250 0.808795
vn -0.308950 0.020699 0.950853
vn -0.308934 0.023278 0.950799
vn 0.000000 0.020708 0.999786
vn 0.000000 0.023311 0.999728
vn 0.308936 0.020699 0.950858
vn 0.308938 0.023302 0.950797
vn 0.587649 0.020708 0.808851
vn 0.587630 0.023269 0.808795
vn 0.950876 0.019455 0.308961
vn 0.950877 0.019455 0.308956
vn 0.808862 0.019479 0.587676
vn 0.808865 0.019479 0.587671
vn 0.587671 0.019502 0.808865
vn 0.587676 0.019502 0.808861
vn 0.308954 0.019502 0.950877
vn 0.308963 0.019502 0.950874
vn 0.000001 0.019502 0.999810
vn 0.000001 0.019502 0.999810
vn -0.308953 0.019514 0.950877
vn -0.308962 0.019514 0.950874
vn -0.587666 0.019538 0.808868
vn -0.587679 0.019538 0.808858
vn -0.808862 0.019549 0.587673
vn -0.808861 0.019549 0.587676
vn -0.950873 0.019526 0.308965
vn -0.950877 0.019526 0.308954
vn -0.999810 0.019503 0.000000
vn -0.999810 0.019503 0.000000
vn -0.950875 0.019526 -0.308958
vn -0.950874 0.019526 -0.308961
vn -0.808864 0.019549 -0.587671
vn -0.808859 0.019549 -0.587678
vn -0.587666 0.019573 -0.808867
vn -0.587678 0.019573 -0.808858
vn -0.308956 0.019567 -0.950875
vn -0.308959 0.019567 -0.950874
vn 0.000000 0.019532 -0.999809
vn 0.000000 0.019532 -0.999809
vn 0.308955 0.019538 -0.950876
vn 0.308959 0.019538 -0.950875
vn 0.587671 0.019526 -0.808864
vn 0.587673 0.019526 -0.808863
vn 0.808864 0.019502 -0.587673
vn 0.808864 0.019502 -0.587672
vn 0.950877 0.019526 -0.308953
vn 0.950874 0.019526 -0.308961
vn 0.999810 0.019502 0.000002
vn 0.999810 0.019502 0.000001
vn 0.938186 -0.163960 0.304835
vn 0.938185 -0.163960 0.304837
vn 0.798070 -0.163930 0.579838
vn 0.798076 -0.163930 0.579829
vn 0.986472 -0.163930 0.000000
vn 0.986472 -0.163930 0.000000
vn 0.938191 -0.163930 -0.304837
vn 0.938190 -0.163930 -0.304839
vn 0.798075 -0.163930 -0.579831
vn 0.798072 -0.163930 -0.579835
vn 0.579838 -0.163930 -0.798069
vn 0.579833 -0.163930 -0.798073
vn 0.304835 -0.163952 -0.938187
vn 0.304837 -0.163952 -0.938187
vn -0.000000 -0.163937 -0.986471
vn -0.000000 -0.163937 -0.986471
vn -0.304836 -0.163930 -0.938191
vn -0.304837 -0.163930 -0.938190
vn -0.579829 -0.163945 -0.798073
vn -0.579835 -0.163945 -0.798069
vn -0.798065 -0.163960 -0.579835
vn -0.798073 -0.163960 -0.579825
vn -0.938196 -0.163901 -0.304837
vn -0.938195 -0.163901 -0.304839
vn -0.986487 -0.163842 -0.000000
vn -0.986487 -0.163842 -0.000000
vn -0.938194 -0.163901 0.304841
vn -0.938197 -0.163901 0.304834
vn -0.798069 -0.163960 0.579831
vn -0.798068 -0.163960 0.579831
vn -0.579833 -0.163960 0.798067
vn -0.579829 -0.163960 0.798070
vn -0.304833 -0.163967 0.938185
vn -0.304834 -0.163967 0.938185
vn 0.000000 -0.163974 0.986465
vn 0.000000 -0.163974 0.986465
vn 0.304833 -0.163967 0.938185
vn 0.304835 -0.163967 0.938185
vn 0.579841 -0.163930 0.798067
vn 0.579827 -0.163930 0.798077
vn 0.943212 -0.128168 0.306469
vn 0.941483 -0.141530 0.305906
vn 0.800874 -0.141531 0.581868
vn 0.802345 -0.128168 0.582937
vn 0.991754 -0.128160 -0.000000
vn 0.989934 -0.141530 -0.000000
vn 0.943215 -0.128151 -0.306468
vn 0.941485 -0.141515 -0.305907
vn 0.802345 -0.128168 -0.582937
vn 0.800877 -0.141514 -0.581867
vn 0.582937 -0.128177 -0.802343
vn 0.581870 -0.141523 -0.800873
vn 0.306473 -0.128164 -0.943212
vn 0.305905 -0.141514 -0.941486
vn -0.000000 -0.128161 -0.991754
vn -0.000000 -0.141510 -0.989937
vn -0.306473 -0.128160 -0.943212
vn -0.305905 -0.141502 -0.941488
vn -0.582942 -0.128155 -0.802344
vn -0.581869 -0.141498 -0.800879
vn -0.802347 -0.128142 -0.582939
vn -0.800877 -0.141498 -0.581872
vn -0.943215 -0.128151 -0.306468
vn -0.941485 -0.141514 -0.305907
vn -0.991753 -0.128168 0.000000
vn -0.989934 -0.141530 -0.000000
vn -0.943213 -0.128160 0.306470
vn -0.941483 -0.141530 0.305906
vn -0.802345 -0.128160 0.582938
vn -0.800874 -0.141515 0.581871
vn -0.582942 -0.128159 0.802343
vn -0.581871 -0.141498 0.800877
vn -0.306472 -0.128152 0.943214
vn -0.305905 -0.141496 0.941489
vn -0.000000 -0.128150 0.991755
vn -0.000000 -0.141488 0.989940
vn 0.306472 -0.128153 0.943214
vn 0.305905 -0.141498 0.941488
vn 0.582939 -0.128164 0.802344
vn 0.581872 -0.141522 0.800872
vn 0.985258 0.070253 0.155984
vn 0.985258 0.070253 0.155984
vn 0.985258 0.070253 0.155984
vn 0.985258 0.070253 0.155984
vn 0.888791 0.070233 0.452900
vn 0.888791 0.070233 0.452900
vn 0.888791 0.070233 0.452900
vn 0.888791 0.070233 0.452900
vn 0.890361 0.080719 0.448042
vn 0.949373 0.059624 0.308439
vn 0.889677 0.087804 0.448069
vn 0.890361 0.080719 0.448042
vn 0.888819 0.070299 0.452834
vn 0.888819 0.070299 0.452834
vn 0.888819 0.070299 0.452834
vn 0.888819 0.070299 0.452834
vn 0.885814 0.080674 0.456973
vn 0.885437 0.087733 0.456403
vn 0.807572 0.059614 0.586748
vn 0.885814 0.080674 0.456974
vn 0.888580 0.073756 0.452754
vn 0.885785 0.104109 0.452268
vn 0.807013 0.070261 0.586339
vn 0.707661 0.087815 0.701074
vn 0.708316 0.080803 0.701256
vn 0.708316 0.080803 0.701256
vn 0.703845 0.104101 0.702684
vn 0.705180 0.073717 0.705186
vn 0.705335 0.070274 0.705383
vn 0.705335 0.070274 0.705383
vn 0.705335 0.070274 0.705383
vn 0.705335 0.070274 0.705383
vn 0.983139 0.087815 0.160391
vn 0.985005 0.073675 0.156002
vn 0.982196 0.104125 0.156365
vn 0.948713 0.070286 0.308225
vn 0.983671 0.080803 0.160816
vn 0.983671 0.080803 0.160816
vn 0.886536 0.104159 0.450782
vn 0.705387 0.070299 0.705328
vn 0.705387 0.070299 0.705328
vn 0.705387 0.070299 0.705328
vn 0.705387 0.070299 0.705328
vn 0.701256 0.080716 0.708326
vn 0.701071 0.087799 0.707666
vn 0.586735 0.059552 0.807586
vn 0.701255 0.080716 0.708326
vn 0.702681 0.104136 0.703843
vn 0.586328 0.070244 0.807023
vn 0.456373 0.087781 0.885448
vn 0.456942 0.080717 0.885827
vn 0.456942 0.080717 0.885827
vn 0.452241 0.104137 0.885795
vn 0.452753 0.073712 0.888584
vn 0.452809 0.070315 0.888831
vn 0.452809 0.070315 0.888831
vn 0.452809 0.070315 0.888831
vn 0.452809 0.070315 0.888831
vn 0.452925 0.070273 0.888775
vn 0.452925 0.070273 0.888775
vn 0.452925 0.070273 0.888775
vn 0.452925 0.070273 0.888775
vn 0.448068 0.080749 0.890345
vn 0.448095 0.087799 0.889664
vn 0.308476 0.059619 0.949362
vn 0.448068 0.080749 0.890345
vn 0.450804 0.104108 0.886531
vn 0.308259 0.070300 0.948701
vn 0.160421 0.087787 0.983137
vn 0.160845 0.080693 0.983676
vn 0.160845 0.080693 0.983676
vn 0.156382 0.104124 0.982193
vn 0.156008 0.073712 0.985002
vn 0.155991 0.070310 0.985253
vn 0.155991 0.070310 0.985253
vn 0.155991 0.070310 0.985253
vn 0.155991 0.070310 0.985253
vn 0.156101 0.070320 0.985235
vn 0.156101 0.070320 0.985235
vn 0.156101 0.070320 0.985235
vn 0.156101 0.070320 0.985235
vn 0.151002 0.080722 0.985232
vn 0.151241 0.087783 0.984591
vn 0.000001 0.059597 0.998223
vn 0.151002 0.080722 0.985232
vn 0.154786 0.104118 0.982446
vn 0.000000 0.070277 0.997528
vn -0.151239 0.087784 0.984592
vn -0.150998 0.080707 0.985234
vn -0.150998 0.080707 0.985234
vn -0.154785 0.104125 0.982446
vn -0.156007 0.073712 0.985002
vn -0.156100 0.070313 0.985236
vn -0.156100 0.070313 0.985236
vn -0.156100 0.070313 0.985236
vn -0.156100 0.070313 0.985236
vn -0.155992 0.070305 0.985253
vn -0.155992 0.070305 0.985253
vn -0.155992 0.070305 0.985253
vn -0.155992 0.070305 0.985253
vn -0.160854 0.080682 0.983675
vn -0.160424 0.087774 0.983138
vn -0.308474 0.059578 0.949365
vn -0.160854 0.080682 0.983675
vn -0.156384 0.104120 0.982193
vn -0.308257 0.070271 0.948704
vn -0.448093 0.087778 0.889667
vn -0.448062 0.080707 0.890352
vn -0.448062 0.080707 0.890352
vn -0.450803 0.104139 0.886528
vn -0.452764 0.073687 0.888581
vn -0.452916 0.070317 0.888776
vn -0.452916 0.070317 0.888776
vn -0.452916 0.070317 0.888776
vn -0.452916 0.070317 0.888776
vn -0.452820 0.070329 0.888824
vn -0.452820 0.070329 0.888824
vn -0.452820 0.070329 0.888824
vn -0.452820 0.070329 0.888824
vn -0.456942 0.080761 0.885822
vn -0.456374 0.087799 0.885446
vn -0.586740 0.059601 0.807579
vn -0.456942 0.080761 0.885822
vn -0.452247 0.104121 0.885794
vn -0.586335 0.070262 0.807016
vn -0.701085 0.087773 0.707655
vn -0.701265 0.080718 0.708316
vn -0.701266 0.080718 0.708316
vn -0.702694 0.104107 0.703835
vn -0.705187 0.073686 0.705182
vn -0.705393 0.070315 0.705321
vn -0.705393 0.070315 0.705321
vn -0.705393 0.070315 0.705321
vn -0.705393 0.070315 0.705321
vn -0.705322 0.070388 0.705384
vn -0.705322 0.070388 0.705384
vn -0.705322 0.070388 0.705384
vn -0.705322 0.070388 0.705384
vn -0.708316 0.080675 0.701270
vn -0.707656 0.087766 0.701085
vn -0.807578 0.059569 0.586744
vn -0.708316 0.080675 0.701270
vn -0.703839 0.104116 0.702688
vn -0.807016 0.070259 0.586336
vn -0.885445 0.087781 0.456380
vn -0.885823 0.080717 0.456949
vn -0.885823 0.080717 0.456949
vn -0.885794 0.104099 0.452253
vn -0.888578 0.073716 0.452764
vn -0.888823 0.070326 0.452822
vn -0.888823 0.070326 0.452822
vn -0.888823 0.070326 0.452822
vn -0.888823 0.070326 0.452822
vn -0.888774 0.070339 0.452917
vn -0.888774 0.070339 0.452917
vn -0.888774 0.070339 0.452917
vn -0.888774 0.070339 0.452917
vn -0.890348 0.080760 0.448061
vn -0.889665 0.087811 0.448092
vn -0.949367 0.059587 0.308468
vn -0.890348 0.080760 0.448062
vn -0.886526 0.104163 0.450802
vn -0.948705 0.070271 0.308254
vn -0.983136 0.087802 0.160420
vn -0.983673 0.080718 0.160845
vn -0.983674 0.080718 0.160845
vn -0.982192 0.104129 0.156385
vn -0.984998 0.073745 0.156019
vn -0.985249 0.070355 0.155994
vn -0.985249 0.070355 0.155994
vn -0.985249 0.070355 0.155994
vn -0.985249 0.070355 0.155994
vn -0.985234 0.070338 0.156099
vn -0.985234 0.070338 0.156099
vn -0.985234 0.070338 0.156099
vn -0.985234 0.070338 0.156099
vn -0.985231 0.080761 0.150992
vn -0.984590 0.087805 0.151238
vn -0.998219 0.059648 -0.000001
vn -0.985231 0.080761 0.150992
vn -0.982445 0.104128 0.154791
vn -0.997526 0.070298 -0.000000
vn -0.984591 0.087796 -0.151238
vn -0.985231 0.080761 -0.150992
vn -0.985231 0.080761 -0.150992
vn -0.982444 0.104128 -0.154792
vn -0.984998 0.073736 -0.156019
vn -0.985234 0.070339 -0.156100
vn -0.985234 0.070339 -0.156100
vn -0.985234 0.070339 -0.156100
vn -0.985234 0.070339 -0.156100
vn -0.985251 0.070338 -0.155993
vn -0.985251 0.070338 -0.155993
vn -0.985251 0.070338 -0.155993
vn -0.985251 0.070338 -0.155993
vn -0.983672 0.080740 -0.160845
vn -0.983136 0.087804 -0.160420
vn -0.949364 0.059614 -0.308470
vn -0.983672 0.080740 -0.160845
vn -0.982194 0.104111 -0.156386
vn -0.948704 0.070295 -0.308254
vn -0.889664 0.087813 -0.448092
vn -0.890348 0.080740 -0.448065
vn -0.890348 0.080740 -0.448065
vn -0.886527 0.104163 -0.450799
vn -0.888577 0.073739 -0.452763
vn -0.888776 0.070283 -0.452921
vn -0.888776 0.070283 -0.452921
vn -0.888776 0.070283 -0.452921
vn -0.888776 0.070283 -0.452921
vn -0.888825 0.070299 -0.452822
vn -0.888825 0.070299 -0.452822
vn -0.888825 0.070299 -0.452822
vn -0.888825 0.070299 -0.452822
vn -0.885827 0.080654 -0.456951
vn -0.885443 0.087792 -0.456380
vn -0.807578 0.059588 -0.586743
vn -0.885828 0.080654 -0.456951
vn -0.885789 0.104129 -0.452255
vn -0.807013 0.070303 -0.586334
vn -0.707660 0.087784 -0.701078
vn -0.708320 0.080709 -0.701263
vn -0.708320 0.080709 -0.701263
vn -0.703843 0.104115 -0.702684
vn -0.705183 0.073747 -0.705179
vn -0.705325 0.070352 -0.705384
vn -0.705325 0.070352 -0.705384
vn -0.705325 0.070352 -0.705384
vn -0.705325 0.070352 -0.705384
vn -0.705391 0.070329 -0.705320
vn -0.705391 0.070329 -0.705320
vn -0.705391 0.070329 -0.705320
vn -0.705391 0.070329 -0.705320
vn -0.701262 0.080717 -0.708320
vn -0.701078 0.087799 -0.707658
vn -0.586735 0.059557 -0.807586
vn -0.701262 0.080717 -0.708320
vn -0.702688 0.104111 -0.703840
vn -0.586328 0.070241 -0.807023
vn -0.456371 0.087786 -0.885448
vn -0.456941 0.080740 -0.885825
vn -0.456941 0.080740 -0.885825
vn -0.452247 0.104102 -0.885796
vn -0.452761 0.073671 -0.888583
vn -0.452821 0.070319 -0.888824
vn -0.452821 0.070319 -0.888824
vn -0.452821 0.070319 -0.888824
vn -0.452821 0.070319 -0.888824
vn -0.452918 0.070299 -0.888776
vn -0.452918 0.070299 -0.888776
vn -0.452918 0.070299 -0.888776
vn -0.452918 0.070299 -0.888776
vn -0.448059 0.080750 -0.890350
vn -0.448093 0.087787 -0.889666
vn -0.308468 0.059578 -0.949367
vn -0.448059 0.080750 -0.890350
vn -0.450805 0.104129 -0.886528
vn -0.308254 0.070246 -0.948707
vn -0.160418 0.087802 -0.983136
vn -0.160845 0.080740 -0.983672
vn -0.160845 0.080740 -0.983672
vn -0.156378 0.104125 -0.982193
vn -0.156006 0.073734 -0.985000
vn -0.155992 0.070317 -0.985252
vn -0.155992 0.070317 -0.985252
vn -0.155992 0.070317 -0.985252
vn -0.155992 0.070317 -0.985252
vn -0.156103 0.070326 -0.985234
vn -0.156103 0.070326 -0.985234
vn -0.156103 0.070326 -0.985234
vn -0.156103 0.070326 -0.985234
vn -0.151000 0.080725 -0.985232
vn -0.151238 0.087798 -0.984591
vn 0.000000 0.059586 -0.998223
vn -0.151000 0.080725 -0.985232
vn 0.000001 0.070269 -0.997528
vn 0.154784 0.104121 -0.982446
vn 0.156007 0.073735 -0.985000
vn 0.151239 0.087803 -0.984590
vn -0.154782 0.104124 -0.982446
vn 0.151002 0.080740 -0.985231
vn 0.151002 0.080740 -0.985231
vn 0.156101 0.070330 -0.985234
vn 0.156101 0.070330 -0.985234
vn 0.156101 0.070330 -0.985234
vn 0.156101 0.070330 -0.985234
vn 0.155991 0.070314 -0.985253
vn 0.155991 0.070314 -0.985253
vn 0.155991 0.070314 -0.985253
vn 0.155991 0.070314 -0.985253
vn 0.160841 0.080733 -0.983673
vn 0.160418 0.087797 -0.983137
vn 0.308471 0.059586 -0.949366
vn 0.160841 0.080733 -0.983673
vn 0.156380 0.104117 -0.982194
vn 0.308259 0.070259 -0.948705
vn 0.448096 0.087797 -0.889664
vn 0.448062 0.080750 -0.890348
vn 0.448062 0.080750 -0.890348
vn 0.450810 0.104117 -0.886527
vn 0.452756 0.073691 -0.888584
vn 0.452927 0.070272 -0.888774
vn 0.452927 0.070272 -0.888774
vn 0.452927 0.070272 -0.888774
vn 0.452927 0.070272 -0.888774
vn 0.452815 0.070289 -0.888830
vn 0.452815 0.070289 -0.888830
vn 0.452815 0.070289 -0.888830
vn 0.452815 0.070289 -0.888830
vn 0.456941 0.080707 -0.885828
vn 0.456369 0.087782 -0.885450
vn 0.586736 0.059581 -0.807584
vn 0.456941 0.080707 -0.885828
vn 0.452241 0.104111 -0.885798
vn 0.586325 0.070270 -0.807023
vn 0.701073 0.087811 -0.707662
vn 0.701260 0.080738 -0.708319
vn 0.701260 0.080738 -0.708319
vn 0.702680 0.104130 -0.703845
vn 0.705182 0.073769 -0.705178
vn 0.705382 0.070328 -0.705330
vn 0.705382 0.070328 -0.705330
vn 0.705382 0.070328 -0.705330
vn 0.705382 0.070328 -0.705330
vn 0.705335 0.070282 -0.705381
vn 0.705335 0.070282 -0.705381
vn 0.705335 0.070282 -0.705381
vn 0.705335 0.070282 -0.705381
vn 0.708319 0.080762 -0.701257
vn 0.707665 0.087803 -0.701072
vn 0.807583 0.059602 -0.586734
vn 0.708319 0.080762 -0.701257
vn 0.703847 0.104103 -0.702682
vn 0.807019 0.070267 -0.586330
vn 0.885443 0.087832 -0.456374
vn 0.885827 0.080782 -0.456930
vn 0.885827 0.080782 -0.456930
vn 0.885790 0.104109 -0.452259
vn 0.888572 0.073734 -0.452772
vn 0.888828 0.070349 -0.452810
vn 0.888827 0.070349 -0.452810
vn 0.888827 0.070349 -0.452810
vn 0.888828 0.070349 -0.452810
vn 0.888776 0.070319 -0.452915
vn 0.888776 0.070319 -0.452915
vn 0.888776 0.070319 -0.452915
vn 0.888776 0.070319 -0.452915
vn 0.890339 0.080782 -0.448074
vn 0.889659 0.087841 -0.448096
vn 0.949371 0.059616 -0.308450
vn 0.890339 0.080782 -0.448074
vn 0.886527 0.104145 -0.450803
vn 0.948712 0.070262 -0.308236
vn 0.983140 0.087813 -0.160392
vn 0.983670 0.080823 -0.160815
vn 0.983670 0.080823 -0.160815
vn 0.982196 0.104123 -0.156364
vn 0.985007 0.073650 -0.156002
vn 0.985258 0.070253 -0.155983
vn 0.985258 0.070253 -0.155983
vn 0.985258 0.070253 -0.155983
vn 0.985258 0.070253 -0.155983
vn 0.985238 0.070242 -0.156115
vn 0.985238 0.070242 -0.156115
vn 0.985238 0.070242 -0.156115
vn 0.985238 0.070242 -0.156115
vn 0.985236 0.080676 -0.151005
vn 0.984593 0.087751 -0.151250
vn 0.998226 0.059543 0.000001
vn 0.985236 0.080676 -0.151005
vn 0.982447 0.104096 -0.154798
vn 0.997532 0.070219 -0.000001
vn 0.984592 0.087760 0.151248
vn 0.985232 0.080716 0.151003
vn 0.985233 0.080716 0.151003
vn 0.982447 0.104097 0.154796
vn 0.985237 0.070261 0.156113
vn 0.985237 0.070261 0.156113
vn 0.985237 0.070261 0.156113
vn 0.985237 0.070261 0.156113
vn -0.305783 0.144376 -0.941091
vn -0.448904 0.179350 -0.875396
vn -0.448693 0.152468 -0.880584
vn -0.440159 0.164643 -0.882697
vn -0.162752 0.164641 -0.972834
vn -0.154609 0.152453 -0.976143
vn -0.151382 0.179342 -0.972070
vn -0.306021 0.138957 -0.941829
vn -0.137775 0.156920 -0.977954
vn -0.137775 0.156920 -0.977954
vn -0.463382 0.156846 -0.872168
vn -0.463382 0.156846 -0.872168
vn -0.212769 0.084548 -0.973438
vn -0.212769 0.084548 -0.973438
vn -0.212769 0.084548 -0.973438
vn -0.212769 0.084548 -0.973438
vn -0.171173 0.156883 -0.972670
vn -0.000001 0.138959 -0.990298
vn -0.145836 0.164643 -0.975512
vn -0.171173 0.156883 -0.972670
vn -0.098457 0.084585 -0.991540
vn -0.098457 0.084585 -0.991540
vn -0.098457 0.084585 -0.991540
vn -0.098457 0.084585 -0.991540
vn 0.098462 0.084592 -0.991539
vn 0.098462 0.084592 -0.991539
vn 0.098462 0.084592 -0.991539
vn 0.098462 0.084592 -0.991539
vn 0.145833 0.164639 -0.975514
vn 0.154609 0.152459 -0.976142
vn 0.156412 0.179348 -0.971272
vn -0.000001 0.144379 -0.989522
vn 0.171169 0.156880 -0.972671
vn 0.171170 0.156880 -0.972672
vn -0.156415 0.179343 -0.971273
vn -0.400042 0.084580 -0.912586
vn -0.400042 0.084580 -0.912586
vn -0.400042 0.084580 -0.912586
vn -0.400042 0.084580 -0.912586
vn -0.581629 0.144352 -0.800544
vn -0.697425 0.179377 -0.693846
vn -0.698842 0.152444 -0.698842
vn -0.691374 0.164616 -0.703494
vn -0.455410 0.164637 -0.874926
vn -0.444371 0.179352 -0.877706
vn -0.582080 0.138948 -0.801171
vn -0.433228 0.156908 -0.887521
vn -0.433228 0.156908 -0.887521
vn -0.710207 0.156857 -0.686296
vn -0.710207 0.156857 -0.686296
vn -0.503159 0.084582 -0.860045
vn -0.503159 0.084582 -0.860045
vn -0.503158 0.084582 -0.860045
vn -0.503158 0.084582 -0.860045
vn -0.662471 0.084581 -0.744298
vn -0.662471 0.084581 -0.744298
vn -0.662471 0.084581 -0.744298
vn -0.662471 0.084581 -0.744298
vn -0.800550 0.144354 -0.581620
vn -0.877707 0.179355 -0.444367
vn -0.880583 0.152470 -0.448695
vn -0.874933 0.164619 -0.455405
vn -0.703487 0.164667 -0.691369
vn -0.693848 0.179323 -0.697437
vn -0.801172 0.139001 -0.582067
vn -0.686282 0.157004 -0.710188
vn -0.686282 0.157004 -0.710188
vn -0.887525 0.156893 -0.433225
vn -0.887525 0.156893 -0.433225
vn -0.744301 0.084593 -0.662465
vn -0.744301 0.084593 -0.662465
vn -0.744301 0.084593 -0.662465
vn -0.744301 0.084593 -0.662465
vn -0.860043 0.084523 -0.503171
vn -0.860044 0.084523 -0.503171
vn -0.860043 0.084523 -0.503171
vn -0.860043 0.084523 -0.503171
vn -0.941094 0.144376 -0.305775
vn -0.972065 0.179389 -0.151361
vn -0.976133 0.152507 -0.154613
vn -0.972832 0.164675 -0.162727
vn -0.882695 0.164658 -0.440156
vn -0.875393 0.179369 -0.448903
vn -0.941833 0.138944 -0.306016
vn -0.872167 0.156844 -0.463385
vn -0.872167 0.156844 -0.463385
vn -0.977955 0.156942 -0.137746
vn -0.977955 0.156942 -0.137746
vn -0.912589 0.084564 -0.400037
vn -0.912589 0.084564 -0.400037
vn -0.912589 0.084564 -0.400037
vn -0.912589 0.084564 -0.400037
vn -0.973440 0.084532 -0.212763
vn -0.973441 0.084532 -0.212763
vn -0.973440 0.084532 -0.212763
vn -0.973440 0.084532 -0.212763
vn -0.989515 0.144431 -0.000001
vn -0.971262 0.179386 0.156433
vn -0.976132 0.152522 0.154605
vn -0.975510 0.164628 0.145867
vn -0.975510 0.164629 -0.145868
vn -0.971264 0.179374 -0.156435
vn -0.990302 0.138931 -0.000001
vn -0.972678 0.156794 -0.171210
vn -0.972678 0.156794 -0.171210
vn -0.972678 0.156793 0.171209
vn -0.972678 0.156793 0.171209
vn -0.991542 0.084553 -0.098466
vn -0.991542 0.084553 -0.098466
vn -0.991542 0.084553 -0.098466
vn -0.991542 0.084553 -0.098466
vn -0.991540 0.084574 0.098467
vn -0.991540 0.084574 0.098467
vn -0.991540 0.084574 0.098467
vn -0.991540 0.084574 0.098467
vn -0.941097 0.144363 0.305771
vn -0.875403 0.179330 0.448899
vn -0.880591 0.152456 0.448684
vn -0.882704 0.164612 0.440155
vn -0.972836 0.164654 0.162723
vn -0.972072 0.179356 0.151354
vn -0.941830 0.138974 0.306011
vn -0.977959 0.156917 0.137746
vn -0.977959 0.156917 0.137746
vn -0.872164 0.156890 0.463375
vn -0.872164 0.156890 0.463375
vn -0.973441 0.084533 0.212760
vn -0.973441 0.084533 0.212760
vn -0.973441 0.084533 0.212760
vn -0.973441 0.084533 0.212760
vn -0.912591 0.084522 0.400042
vn -0.912591 0.084522 0.400042
vn -0.912591 0.084522 0.400042
vn -0.912591 0.084522 0.400042
vn -0.800538 0.144366 0.581633
vn -0.693832 0.179361 0.697443
vn -0.698841 0.152461 0.698840
vn -0.703473 0.164646 0.691388
vn -0.874935 0.164620 0.455399
vn -0.877715 0.179324 0.444363
vn -0.801165 0.138970 0.582084
vn -0.887528 0.156894 0.433218
vn -0.887528 0.156894 0.433218
vn -0.686277 0.156902 0.710216
vn -0.686277 0.156902 0.710216
vn -0.860051 0.084503 0.503162
vn -0.860051 0.084503 0.503162
vn -0.860051 0.084503 0.503162
vn -0.860051 0.084503 0.503162
vn -0.744298 0.084563 0.662473
vn -0.744298 0.084563 0.662473
vn -0.744298 0.084563 0.662473
vn -0.744298 0.084563 0.662473
vn -0.581622 0.144400 0.800540
vn -0.444352 0.179360 0.877714
vn -0.448674 0.152483 0.880591
vn -0.455392 0.164660 0.874931
vn -0.691390 0.164625 0.703476
vn -0.697449 0.179345 0.693830
vn -0.582080 0.138962 0.801169
vn -0.710218 0.156856 0.686285
vn -0.710218 0.156856 0.686285
vn -0.433228 0.156876 0.887527
vn -0.433227 0.156876 0.887527
vn -0.662478 0.084635 0.744285
vn -0.662478 0.084635 0.744285
vn -0.662478 0.084635 0.744285
vn -0.662478 0.084635 0.744285
vn -0.503139 0.084634 0.860051
vn -0.503140 0.084634 0.860051
vn -0.503139 0.084634 0.860051
vn -0.503140 0.084634 0.860051
vn -0.305779 0.144359 0.941095
vn -0.151383 0.179356 0.972067
vn -0.154602 0.152472 0.976141
vn -0.162746 0.164644 0.972834
vn -0.440154 0.164637 0.882700
vn -0.448893 0.179348 0.875402
vn -0.306016 0.138962 0.941830
vn -0.463370 0.156918 0.872161
vn -0.463370 0.156918 0.872161
vn -0.137766 0.156886 0.977961
vn -0.137766 0.156886 0.977961
vn -0.400050 0.084590 0.912582
vn -0.400050 0.084590 0.912581
vn -0.400050 0.084590 0.912581
vn -0.400049 0.084590 0.912581
vn -0.212765 0.084566 0.973437
vn -0.212765 0.084566 0.973437
vn -0.212765 0.084566 0.973437
vn -0.212765 0.084566 0.973437
vn -0.000001 0.144351 0.989527
vn 0.156409 0.179340 0.971274
vn 0.154601 0.152469 0.976141
vn 0.145834 0.164633 0.975514
vn -0.145838 0.164642 0.975512
vn -0.156412 0.179340 0.971274
vn -0.000001 0.138963 0.990298
vn -0.171177 0.156912 0.972665
vn -0.171177 0.156912 0.972665
vn 0.171171 0.156904 0.972667
vn 0.171171 0.156904 0.972667
vn -0.098461 0.084585 0.991540
vn -0.098461 0.084585 0.991540
vn -0.098461 0.084585 0.991540
vn -0.098461 0.084585 0.991540
vn 0.098459 0.084586 0.991540
vn 0.098459 0.084586 0.991540
vn 0.098459 0.084586 0.991540
vn 0.098459 0.084586 0.991540
vn 0.305776 0.144362 0.941095
vn 0.448894 0.179342 0.875403
vn 0.448684 0.152466 0.880589
vn 0.440148 0.164649 0.882701
vn 0.162748 0.164639 0.972835
vn 0.151385 0.179352 0.972068
vn 0.306017 0.138942 0.941833
vn 0.137768 0.156873 0.977963
vn 0.137768 0.156873 0.977963
vn 0.463371 0.156893 0.872165
vn 0.463371 0.156893 0.872165
vn 0.212769 0.084590 0.973434
vn 0.212769 0.084590 0.973434
vn 0.212769 0.084590 0.973434
vn 0.212769 0.084590 0.973434
vn 0.400037 0.084586 0.912587
vn 0.400037 0.084586 0.912587
vn 0.400037 0.084586 0.912587
vn 0.400037 0.084586 0.912587
vn 0.581622 0.144391 0.800542
vn 0.697426 0.179404 0.693838
vn 0.698837 0.152495 0.698836
vn 0.691366 0.164674 0.703488
vn 0.455408 0.164633 0.874928
vn 0.444359 0.179345 0.877713
vn 0.582077 0.138955 0.801173
vn 0.433238 0.156876 0.887521
vn 0.433238 0.156876 0.887521
vn 0.710199 0.156877 0.686300
vn 0.710199 0.156877 0.686300
vn 0.503164 0.084573 0.860043
vn 0.503164 0.084573 0.860043
vn 0.503164 0.084573 0.860043
vn 0.503164 0.084573 0.860043
vn 0.662464 0.084578 0.744303
vn 0.662464 0.084578 0.744303
vn 0.662464 0.084578 0.744303
vn 0.662464 0.084578 0.744303
vn 0.800550 0.144327 0.581626
vn 0.877705 0.179359 0.444369
vn 0.880578 0.152529 0.448685
vn 0.874921 0.164662 0.455411
vn 0.703496 0.164629 0.691369
vn 0.693853 0.179301 0.697438
vn 0.801172 0.138950 0.582080
vn 0.686300 0.156908 0.710192
vn 0.686300 0.156908 0.710192
vn 0.887507 0.156943 0.433244
vn 0.887507 0.156943 0.433244
vn 0.744306 0.084603 0.662459
vn 0.744306 0.084603 0.662459
vn 0.744306 0.084603 0.662459
vn 0.744306 0.084603 0.662459
vn 0.860048 0.084510 0.503166
vn 0.860048 0.084510 0.503166
vn 0.860048 0.084510 0.503166
vn 0.860048 0.084510 0.503166
vn 0.941091 0.144377 0.305781
vn 0.972066 0.179371 0.151370
vn 0.976150 0.152411 0.154602
vn 0.972831 0.164655 0.162752
vn 0.882696 0.164664 0.440152
vn 0.875397 0.179346 0.448905
vn 0.941826 0.138989 0.306016
vn 0.872164 0.156942 0.463357
vn 0.872164 0.156942 0.463357
vn 0.977953 0.156918 0.137782
vn 0.977953 0.156918 0.137782
vn 0.912587 0.084574 0.400040
vn 0.912587 0.084574 0.400040
vn 0.912587 0.084574 0.400040
vn 0.912587 0.084574 0.400040
vn 0.973441 0.084507 0.212769
vn 0.973441 0.084507 0.212769
vn 0.973441 0.084507 0.212769
vn 0.973441 0.084507 0.212769
vn 0.989522 0.144382 -0.000006
vn 0.971265 0.179378 -0.156425
vn 0.976133 0.152522 -0.154601
vn 0.975501 0.164701 -0.145847
vn 0.975516 0.164630 0.145826
vn 0.971272 0.179349 0.156413
vn 0.990294 0.138987 -0.000007
vn 0.972670 0.156892 0.171165
vn 0.972670 0.156892 0.171165
vn 0.972656 0.156965 -0.171182
vn 0.972656 0.156965 -0.171182
vn 0.991544 0.084554 0.098444
vn 0.991544 0.084554 0.098444
vn 0.991544 0.084554 0.098444
vn 0.991544 0.084554 0.098444
vn 0.991548 0.084492 -0.098453
vn 0.991548 0.084492 -0.098453
vn 0.991548 0.084492 -0.098453
vn 0.991548 0.084492 -0.098453
vn 0.941092 0.144385 -0.305777
vn 0.875397 0.179343 -0.448906
vn 0.880581 0.152508 -0.448686
vn 0.882692 0.164677 -0.440156
vn 0.972835 0.164655 -0.162730
vn 0.972066 0.179381 -0.151361
vn 0.941826 0.138990 -0.306015
vn 0.977956 0.156920 -0.137759
vn 0.977956 0.156920 -0.137759
vn 0.872161 0.156942 -0.463363
vn 0.872160 0.156942 -0.463363
vn 0.973435 0.084613 -0.212755
vn 0.973435 0.084613 -0.212755
vn 0.973435 0.084613 -0.212755
vn 0.973435 0.084613 -0.212755
vn 0.912583 0.084581 -0.400049
vn 0.912583 0.084581 -0.400049
vn 0.912583 0.084581 -0.400049
vn 0.912583 0.084581 -0.400049
vn 0.800548 0.144354 -0.581622
vn 0.693854 0.179348 -0.697425
vn 0.698837 0.152478 -0.698839
vn 0.703497 0.164647 -0.691363
vn 0.874925 0.164649 -0.455409
vn 0.877710 0.179323 -0.444374
vn 0.801173 0.138947 -0.582079
vn 0.887508 0.156940 -0.433243
vn 0.887508 0.156940 -0.433243
vn 0.686306 0.156857 -0.710197
vn 0.686306 0.156857 -0.710197
vn 0.860051 0.084534 -0.503156
vn 0.860051 0.084534 -0.503156
vn 0.860051 0.084534 -0.503156
vn 0.860051 0.084534 -0.503156
vn 0.744296 0.084671 -0.662460
vn 0.744296 0.084671 -0.662460
vn 0.744296 0.084671 -0.662460
vn 0.744296 0.084671 -0.662460
vn 0.581623 0.144342 -0.800550
vn 0.444372 0.179340 -0.877707
vn 0.448692 0.152487 -0.880581
vn 0.455411 0.164629 -0.874927
vn 0.691363 0.164630 -0.703501
vn 0.697423 0.179326 -0.693861
vn 0.582077 0.138934 -0.801176
vn 0.710201 0.156853 -0.686303
vn 0.710201 0.156853 -0.686303
vn 0.433228 0.156905 -0.887522
vn 0.433228 0.156905 -0.887521
vn 0.662466 0.084612 -0.744298
vn 0.662466 0.084612 -0.744298
vn 0.662466 0.084612 -0.744298
vn 0.662466 0.084612 -0.744298
vn 0.503159 0.084573 -0.860046
vn 0.503159 0.084573 -0.860046
vn 0.503159 0.084573 -0.860046
vn 0.503159 0.084573 -0.860046
vn 0.305784 0.144372 -0.941091
vn 0.151385 0.179341 -0.972070
vn 0.162755 0.164642 -0.972833
vn 0.440157 0.164661 -0.882694
vn 0.448906 0.179341 -0.875397
vn 0.306024 0.138959 -0.941828
vn 0.463380 0.156892 -0.872161
vn 0.463380 0.156892 -0.872161
vn 0.137776 0.156903 -0.977957
vn 0.137776 0.156903 -0.977957
vn 0.400040 0.084592 -0.912585
vn 0.400040 0.084592 -0.912585
vn 0.400040 0.084592 -0.912585
vn 0.400040 0.084592 -0.912585
vn 0.212767 0.084570 -0.973436
vn 0.212767 0.084570 -0.973436
vn 0.212767 0.084570 -0.973436
vn 0.212767 0.084570 -0.973436
vn -0.304583 0.168829 -0.937404
vn -0.446905 0.198962 -0.872176
vn -0.447039 0.174328 -0.877363
vn -0.438239 0.191068 -0.878316
vn -0.161721 0.191088 -0.968159
vn -0.154040 0.174314 -0.972567
vn -0.151094 0.198965 -0.968289
vn -0.304667 0.167235 -0.937662
vn -0.154561 0.154466 -0.975834
vn -0.448551 0.154475 -0.880306
vn -0.000000 0.167252 -0.985914
vn -0.145375 0.191073 -0.970751
vn 0.145373 0.191083 -0.970749
vn 0.154043 0.174311 -0.972567
vn 0.155518 0.198962 -0.967589
vn -0.000001 0.168848 -0.985642
vn 0.154559 0.154469 -0.975833
vn -0.155519 0.198966 -0.967588
vn -0.579345 0.168841 -0.797403
vn -0.694545 0.198954 -0.691394
vn -0.696284 0.174319 -0.696276
vn -0.688192 0.191093 -0.699911
vn -0.452988 0.191086 -0.870797
vn -0.442921 0.198968 -0.874204
vn -0.579500 0.167292 -0.797617
vn -0.698618 0.154489 -0.698618
vn -0.797409 0.168801 -0.579349
vn -0.874195 0.198984 -0.442932
vn -0.877354 0.174327 -0.447057
vn -0.870795 0.191082 -0.452993
vn -0.699915 0.191069 -0.688194
vn -0.691392 0.198981 -0.694539
vn -0.797623 0.167239 -0.579507
vn -0.880301 0.154482 -0.448558
vn -0.937404 0.168833 -0.304579
vn -0.968297 0.198934 -0.151086
vn -0.972565 0.174331 -0.154030
vn -0.968159 0.191106 -0.161701
vn -0.878309 0.191081 -0.438248
vn -0.872170 0.198965 -0.446915
vn -0.937662 0.167250 -0.304659
vn -0.975826 0.154516 -0.154561
vn -0.985651 0.168796 -0.000001
vn -0.967588 0.198972 0.155514
vn -0.972564 0.174339 0.154030
vn -0.970746 0.191095 0.145377
vn -0.970756 0.191044 -0.145379
vn -0.967594 0.198940 -0.155515
vn -0.985916 0.167240 -0.000000
vn -0.975824 0.154536 0.154552
vn -0.937409 0.168811 0.304577
vn -0.872175 0.198956 0.446909
vn -0.877367 0.174293 0.447045
vn -0.878316 0.191069 0.438239
vn -0.968163 0.191088 0.161698
vn -0.968292 0.198954 0.151086
vn -0.937667 0.167233 0.304654
vn -0.880306 0.154500 0.448543
vn -0.797407 0.168855 0.579336
vn -0.691397 0.198975 0.694535
vn -0.696287 0.174317 0.696274
vn -0.699913 0.191089 0.688191
vn -0.870799 0.191071 0.452991
vn -0.874208 0.198951 0.442921
vn -0.797620 0.167273 0.579502
vn -0.698620 0.154481 0.698617
vn -0.579349 0.168864 0.797395
vn -0.442920 0.198970 0.874204
vn -0.447037 0.174305 0.877369
vn -0.452986 0.191071 0.870802
vn -0.688203 0.191092 0.699901
vn -0.694545 0.198962 0.691391
vn -0.579509 0.167266 0.797616
vn -0.448533 0.154494 0.880312
vn -0.304575 0.168853 0.937402
vn -0.151089 0.198964 0.968290
vn -0.154038 0.174316 0.972567
vn -0.161718 0.191090 0.968159
vn -0.438229 0.191074 0.878320
vn -0.446905 0.198948 0.872179
vn -0.304662 0.167276 0.937657
vn -0.154554 0.154488 0.975831
vn -0.000001 0.168863 0.985640
vn 0.155523 0.198958 0.967589
vn 0.154040 0.174329 0.972564
vn 0.145376 0.191087 0.970748
vn -0.145378 0.191076 0.970750
vn -0.155526 0.198958 0.967589
vn -0.000001 0.167270 0.985911
vn 0.154553 0.154486 0.975832
vn 0.304580 0.168860 0.937399
vn 0.446907 0.198948 0.872178
vn 0.447037 0.174305 0.877369
vn 0.438235 0.191057 0.878321
vn 0.161722 0.191080 0.968160
vn 0.151094 0.198957 0.968291
vn 0.304665 0.167268 0.937657
vn 0.448543 0.154468 0.880312
vn 0.579340 0.168851 0.797405
vn 0.694546 0.198982 0.691384
vn 0.696279 0.174335 0.696279
vn 0.688195 0.191117 0.699902
vn 0.452982 0.191082 0.870802
vn 0.442918 0.198978 0.874203
vn 0.579497 0.167266 0.797625
vn 0.698618 0.154495 0.698616
vn 0.797395 0.168914 0.579335
vn 0.874214 0.198961 0.442904
vn 0.877367 0.174306 0.447041
vn 0.870800 0.191096 0.452980
vn 0.699907 0.191062 0.688204
vn 0.691384 0.198966 0.694551
vn 0.797616 0.167291 0.579502
vn 0.880297 0.154551 0.448543
vn 0.937400 0.168840 0.304588
vn 0.968285 0.198975 0.151105
vn 0.972563 0.174338 0.154040
vn 0.968159 0.191096 0.161710
vn 0.878309 0.191087 0.438246
vn 0.872165 0.198976 0.446918
vn 0.937660 0.167258 0.304662
vn 0.975839 0.154439 0.154556
vn 0.985643 0.168842 -0.000002
vn 0.967588 0.198963 -0.155523
vn 0.972565 0.174331 -0.154032
vn 0.970749 0.191078 -0.145380
vn 0.970744 0.191108 0.145375
vn 0.967590 0.198962 0.155511
vn 0.985913 0.167260 -0.000001
vn 0.975822 0.154543 -0.154555
vn 0.937401 0.168843 -0.304583
vn 0.872170 0.198968 -0.446913
vn 0.877364 0.174287 -0.447053
vn 0.878314 0.191070 -0.438242
vn 0.968158 0.191108 -0.161704
vn 0.968285 0.198992 -0.151085
vn 0.937660 0.167254 -0.304663
vn 0.880302 0.154509 -0.448547
vn 0.797394 0.168880 -0.579346
vn 0.691393 0.198980 -0.694538
vn 0.696282 0.174312 -0.696280
vn 0.699917 0.191082 -0.688189
vn 0.870797 0.191051 -0.453003
vn 0.874207 0.198951 -0.442923
vn 0.797616 0.167266 -0.579509
vn 0.698622 0.154453 -0.698621
vn 0.579337 0.168852 -0.797407
vn 0.442920 0.198972 -0.874204
vn 0.447039 0.174327 -0.877363
vn 0.452986 0.191085 -0.870799
vn 0.688191 0.191049 -0.699924
vn 0.694541 0.198946 -0.691400
vn 0.579499 0.167253 -0.797626
vn 0.448551 0.154492 -0.880304
vn 0.304588 0.168831 -0.937402
vn 0.151100 0.198952 -0.968291
vn 0.161725 0.191067 -0.968163
vn 0.438243 0.191061 -0.878316
vn 0.446906 0.198962 -0.872175
vn 0.304670 0.167233 -0.937662
vn -0.303904 0.181142 -0.935323
vn -0.445832 0.206413 -0.870992
vn -0.446224 0.184180 -0.875763
vn -0.437195 0.204322 -0.875850
vn -0.161104 0.204324 -0.965556
vn -0.153756 0.184204 -0.970787
vn -0.151267 0.206434 -0.966697
vn -0.303790 0.183119 -0.934975
vn -0.154088 0.172504 -0.972882
vn -0.447184 0.172530 -0.877644
vn -0.000000 0.183119 -0.983091
vn -0.145150 0.204326 -0.968082
vn 0.145148 0.204322 -0.968083
vn 0.153758 0.184202 -0.970787
vn 0.154859 0.206420 -0.966131
vn -0.000000 0.181137 -0.983458
vn 0.154090 0.172504 -0.972881
vn -0.154862 0.206418 -0.966131
vn -0.578057 0.181139 -0.795638
vn -0.693153 0.206420 -0.690601
vn -0.695007 0.184193 -0.695009
vn -0.686445 0.204300 -0.697894
vn -0.451603 0.204327 -0.868507
vn -0.442596 0.206405 -0.872643
vn -0.577839 0.183141 -0.795337
vn -0.696503 0.172538 -0.696501
vn -0.795635 0.181116 -0.578068
vn -0.872632 0.206429 -0.442606
vn -0.875752 0.184229 -0.446227
vn -0.868500 0.204340 -0.451611
vn -0.697887 0.204329 -0.686442
vn -0.690600 0.206437 -0.693149
vn -0.795331 0.183140 -0.577849
vn -0.877635 0.172540 -0.447199
vn -0.935324 0.181157 -0.303893
vn -0.966706 0.206406 -0.151248
vn -0.970788 0.184211 -0.153743
vn -0.965560 0.204307 -0.161098
vn -0.875848 0.204323 -0.437199
vn -0.870988 0.206421 -0.445836
vn -0.934980 0.183101 -0.303786
vn -0.972878 0.172533 -0.154084
vn -0.983464 0.181102 -0.000000
vn -0.966128 0.206437 0.154860
vn -0.970784 0.184233 0.153742
vn -0.968085 0.204316 0.145146
vn -0.968086 0.204307 -0.145147
vn -0.966133 0.206410 -0.154862
vn -0.983094 0.183104 -0.000001
vn -0.972879 0.172521 0.154085
vn -0.935322 0.181165 0.303895
vn -0.870986 0.206422 0.445840
vn -0.875761 0.184199 0.446222
vn -0.875845 0.204328 0.437202
vn -0.965557 0.204324 0.161097
vn -0.966708 0.206399 0.151248
vn -0.934976 0.183129 0.303784
vn -0.877652 0.172491 0.447185
vn -0.795642 0.181139 0.578050
vn -0.690605 0.206424 0.693148
vn -0.695012 0.184183 0.695008
vn -0.697891 0.204336 0.686437
vn -0.868515 0.204319 0.451592
vn -0.872639 0.206442 0.442587
vn -0.795344 0.183123 0.577836
vn -0.696508 0.172508 0.696504
vn -0.578057 0.181155 0.795634
vn -0.442593 0.206434 0.872638
vn -0.446226 0.184207 0.875757
vn -0.451596 0.204332 0.868510
vn -0.686444 0.204318 0.697888
vn -0.693151 0.206425 0.690601
vn -0.577841 0.183136 0.795337
vn -0.447182 0.172515 0.877649
vn -0.303904 0.181145 0.935323
vn -0.151270 0.206443 0.966695
vn -0.153754 0.184206 0.970787
vn -0.161103 0.204325 0.965555
vn -0.437201 0.204334 0.875844
vn -0.445835 0.206429 0.870987
vn -0.303790 0.183115 0.934976
vn -0.154087 0.172504 0.972882
vn -0.000000 0.181135 0.983458
vn 0.154856 0.206432 0.966129
vn 0.153756 0.184208 0.970787
vn 0.145151 0.204318 0.968083
vn -0.145154 0.204323 0.968082
vn -0.154857 0.206438 0.966128
vn -0.000001 0.183109 0.983093
vn 0.154088 0.172515 0.972880
vn 0.303908 0.181136 0.935323
vn 0.445830 0.206429 0.870989
vn 0.446222 0.184181 0.875765
vn 0.437201 0.204313 0.875849
vn 0.161108 0.204322 0.965555
vn 0.151271 0.206433 0.966697
vn 0.303793 0.183115 0.934975
vn 0.447182 0.172510 0.877649
vn 0.578054 0.181136 0.795640
vn 0.693149 0.206433 0.690601
vn 0.695010 0.184196 0.695005
vn 0.686440 0.204334 0.697888
vn 0.451596 0.204328 0.868511
vn 0.442586 0.206415 0.872646
vn 0.577840 0.183128 0.795339
vn 0.696507 0.172518 0.696503
vn 0.795643 0.181136 0.578050
vn 0.872640 0.206437 0.442586
vn 0.875766 0.184172 0.446222
vn 0.868516 0.204329 0.451585
vn 0.697891 0.204309 0.686444
vn 0.690608 0.206406 0.693150
vn 0.795345 0.183115 0.577837
vn 0.877653 0.172480 0.447187
vn 0.935322 0.181132 0.303914
vn 0.966708 0.206388 0.151262
vn 0.970791 0.184189 0.153754
vn 0.965552 0.204326 0.161122
vn 0.875843 0.204327 0.437206
vn 0.870989 0.206400 0.445844
vn 0.934969 0.183129 0.303804
vn 0.972877 0.172527 0.154096
vn 0.983461 0.181122 -0.000004
vn 0.966134 0.206403 -0.154867
vn 0.970783 0.184228 -0.153753
vn 0.968084 0.204314 -0.145154
vn 0.968083 0.204328 0.145140
vn 0.966133 0.206409 0.154860
vn 0.983096 0.183092 -0.000009
vn 0.972876 0.172540 -0.154087
vn 0.935323 0.181132 -0.303910
vn 0.870992 0.206384 -0.445846
vn 0.875767 0.184160 -0.446225
vn 0.875847 0.204316 -0.437205
vn 0.965551 0.204343 -0.161106
vn 0.966706 0.206401 -0.151256
vn 0.934971 0.183134 -0.303795
vn 0.877649 0.172484 -0.447193
vn 0.795646 0.181114 -0.578052
vn 0.690606 0.206423 -0.693147
vn 0.695007 0.184207 -0.695006
vn 0.697893 0.204325 -0.686438
vn 0.868513 0.204325 -0.451593
vn 0.872638 0.206440 -0.442589
vn 0.795346 0.183107 -0.577838
vn 0.696508 0.172505 -0.696505
vn 0.578055 0.181132 -0.795641
vn 0.442597 0.206400 -0.872644
vn 0.446222 0.184190 -0.875763
vn 0.451606 0.204324 -0.868506
vn 0.686437 0.204317 -0.697896
vn 0.693146 0.206433 -0.690604
vn 0.577840 0.183117 -0.795342
vn 0.447185 0.172525 -0.877645
vn 0.303906 0.181137 -0.935324
vn 0.151270 0.206433 -0.966697
vn 0.161108 0.204324 -0.965555
vn 0.437194 0.204321 -0.875851
vn 0.445826 0.206430 -0.870991
vn 0.303794 0.183115 -0.934975
vn -0.303804 0.182890 -0.935016
vn -0.445594 0.204278 -0.871617
vn -0.446250 0.183923 -0.875804
vn -0.437286 0.206686 -0.875250
vn -0.160696 0.206682 -0.965121
vn -0.153766 0.183874 -0.970848
vn -0.151835 0.204268 -0.967068
vn -0.303535 0.187712 -0.934147
vn -0.153901 0.179298 -0.971682
vn -0.446636 0.179260 -0.876574
vn -0.000001 0.187706 -0.982225
vn -0.145408 0.206681 -0.967543
vn 0.145409 0.206681 -0.967543
vn 0.153766 0.183887 -0.970846
vn 0.154435 0.204283 -0.966653
vn 0.000000 0.182887 -0.983134
vn 0.153902 0.179293 -0.971683
vn -0.154435 0.204284 -0.966653
vn -0.577867 0.182899 -0.795372
vn -0.693122 0.204280 -0.691268
vn -0.695058 0.183877 -0.695042
vn -0.686341 0.206690 -0.697292
vn -0.451065 0.206677 -0.868231
vn -0.443243 0.204283 -0.872814
vn -0.577330 0.187731 -0.794637
vn -0.695644 0.179331 -0.695643
vn -0.795379 0.182843 -0.577876
vn -0.872808 0.204286 -0.443253
vn -0.875810 0.183876 -0.446259
vn -0.868218 0.206693 -0.451083
vn -0.697304 0.206669 -0.686335
vn -0.691277 0.204268 -0.693117
vn -0.794637 0.187705 -0.577338
vn -0.876558 0.179331 -0.446639
vn -0.935017 0.182892 -0.303798
vn -0.967066 0.204289 -0.151819
vn -0.970845 0.183899 -0.153756
vn -0.965127 0.206674 -0.160675
vn -0.875254 0.206673 -0.437284
vn -0.871624 0.204254 -0.445593
vn -0.934158 0.187690 -0.303516
vn -0.971686 0.179296 -0.153884
vn -0.983134 0.182886 -0.000000
vn -0.966652 0.204289 0.154435
vn -0.970841 0.183919 0.153755
vn -0.967538 0.206702 0.145413
vn -0.967543 0.206679 -0.145414
vn -0.966653 0.204282 -0.154436
vn -0.982222 0.187722 -0.000000
vn -0.971681 0.179321 0.153883
vn -0.935016 0.182893 0.303801
vn -0.871612 0.204287 0.445599
vn -0.875812 0.183878 0.446253
vn -0.875247 0.206686 0.437291
vn -0.965123 0.206690 0.160674
vn -0.967065 0.204293 0.151819
vn -0.934160 0.187674 0.303518
vn -0.876567 0.179300 0.446634
vn -0.795378 0.182895 0.577861
vn -0.691276 0.204305 0.693107
vn -0.695043 0.183927 0.695044
vn -0.697299 0.206705 0.686329
vn -0.868229 0.206695 0.451061
vn -0.872816 0.204289 0.443235
vn -0.794640 0.187725 0.577327
vn -0.695651 0.179275 0.695651
vn -0.577867 0.182898 0.795373
vn -0.443249 0.204273 0.872813
vn -0.446251 0.183858 0.875817
vn -0.451075 0.206687 0.868223
vn -0.686330 0.206689 0.697302
vn -0.693110 0.204268 0.691283
vn -0.577329 0.187738 0.794635
vn -0.446640 0.179298 0.876564
vn -0.303806 0.182874 0.935018
vn -0.151842 0.204266 0.967067
vn -0.153770 0.183850 0.970852
vn -0.160704 0.206676 0.965122
vn -0.437282 0.206664 0.875257
vn -0.445588 0.204264 0.871623
vn -0.303539 0.187725 0.934143
vn -0.153896 0.179311 0.971681
vn -0.000000 0.182884 0.983135
vn 0.154433 0.204268 0.966657
vn 0.153768 0.183873 0.970848
vn 0.145403 0.206681 0.967544
vn -0.145403 0.206686 0.967543
vn -0.154433 0.204267 0.966657
vn -0.000000 0.187732 0.982220
vn 0.153897 0.179306 0.971682
vn 0.303812 0.182866 0.935018
vn 0.445591 0.204286 0.871617
vn 0.446245 0.183866 0.875819
vn 0.437277 0.206687 0.875254
vn 0.160702 0.206678 0.965121
vn 0.151841 0.204274 0.967066
vn 0.303527 0.187718 0.934149
vn 0.446628 0.179287 0.876573
vn 0.577859 0.182877 0.795384
vn 0.693109 0.204276 0.691282
vn 0.695045 0.183864 0.695059
vn 0.686334 0.206673 0.697304
vn 0.451060 0.206685 0.868232
vn 0.443237 0.204270 0.872820
vn 0.577324 0.187711 0.794646
vn 0.695653 0.179292 0.695644
vn 0.795378 0.182867 0.577870
vn 0.872821 0.204259 0.443241
vn 0.875807 0.183908 0.446251
vn 0.868232 0.206668 0.451067
vn 0.697298 0.206697 0.686333
vn 0.691273 0.204277 0.693118
vn 0.794643 0.187698 0.577331
vn 0.876575 0.179247 0.446640
vn 0.935015 0.182883 0.303810
vn 0.967068 0.204263 0.151839
vn 0.970845 0.183898 0.153759
vn 0.965127 0.206665 0.160682
vn 0.875245 0.206688 0.437294
vn 0.871609 0.204304 0.445598
vn 0.934159 0.187669 0.303526
vn 0.971694 0.179243 0.153893
vn 0.983137 0.182873 -0.000000
vn 0.966656 0.204274 -0.154430
vn 0.970842 0.183914 -0.153760
vn 0.967545 0.206673 -0.145407
vn 0.967547 0.206664 0.145407
vn 0.966656 0.204271 0.154430
vn 0.982232 0.187669 0.000000
vn 0.971682 0.179309 -0.153891
vn 0.935015 0.182881 -0.303811
vn 0.871619 0.204256 -0.445600
vn 0.875814 0.183866 -0.446255
vn 0.875253 0.206648 -0.437298
vn 0.965127 0.206667 -0.160682
vn 0.967068 0.204266 -0.151840
vn 0.934157 0.187679 -0.303527
vn 0.876574 0.179246 -0.446641
vn 0.795382 0.182840 -0.577874
vn 0.691270 0.204250 -0.693128
vn 0.695059 0.183856 -0.695047
vn 0.697302 0.206666 -0.686337
vn 0.868230 0.206668 -0.451070
vn 0.872821 0.204252 -0.443244
vn 0.794641 0.187708 -0.577331
vn 0.695649 0.179310 -0.695643
vn 0.577863 0.182909 -0.795373
vn 0.443239 0.204287 -0.872815
vn 0.446245 0.183918 -0.875808
vn 0.451060 0.206685 -0.868232
vn 0.686340 0.206688 -0.697293
vn 0.693133 0.204262 -0.691263
vn 0.577327 0.187721 -0.794641
vn 0.446629 0.179281 -0.876573
vn 0.303812 0.182882 -0.935015
vn 0.151836 0.204277 -0.967066
vn 0.160697 0.206689 -0.965120
vn 0.437279 0.206698 -0.875250
vn 0.445592 0.204280 -0.871618
vn 0.303526 0.187715 -0.934149
vn -0.304193 0.175947 -0.936221
vn -0.446019 0.194579 -0.873617
vn -0.446973 0.175199 -0.877223
vn -0.438265 0.200498 -0.876199
vn -0.160446 0.200510 -0.966464
vn -0.154010 0.175218 -0.972409
vn -0.152661 0.194586 -0.968933
vn -0.303798 0.182959 -0.935004
vn -0.153972 0.176640 -0.972158
vn -0.446854 0.176678 -0.876987
vn -0.000000 0.182974 -0.983118
vn -0.146059 0.200509 -0.968743
vn 0.146058 0.200507 -0.968744
vn 0.154009 0.175219 -0.972409
vn 0.154224 0.194588 -0.968685
vn -0.000000 0.175942 -0.984401
vn 0.153972 0.176648 -0.972156
vn -0.154224 0.194588 -0.968685
vn -0.578611 0.175953 -0.796398
vn -0.694147 0.194576 -0.693037
vn -0.696165 0.175185 -0.696178
vn -0.687571 0.200501 -0.697887
vn -0.451256 0.200502 -0.869579
vn -0.444613 0.194581 -0.874332
vn -0.577857 0.182990 -0.795359
vn -0.695989 0.176676 -0.695978
vn -0.796393 0.175969 -0.578614
vn -0.874331 0.194570 -0.444621
vn -0.877222 0.175204 -0.446973
vn -0.869579 0.200500 -0.451256
vn -0.697881 0.200521 -0.687571
vn -0.693031 0.194573 -0.694153
vn -0.795357 0.183004 -0.577855
vn -0.876995 0.176628 -0.446858
vn -0.936214 0.176007 -0.304180
vn -0.968933 0.194600 -0.152640
vn -0.972403 0.175253 -0.154007
vn -0.966461 0.200543 -0.160424
vn -0.876194 0.200511 -0.438269
vn -0.873614 0.194591 -0.446019
vn -0.935002 0.182981 -0.303791
vn -0.972156 0.176659 -0.153962
vn -0.984401 0.175937 -0.000001
vn -0.968681 0.194604 0.154230
vn -0.972407 0.175234 0.154009
vn -0.968743 0.200505 0.146064
vn -0.968741 0.200513 -0.146064
vn -0.968681 0.194604 -0.154231
vn -0.983118 0.182970 -0.000001
vn -0.972158 0.176648 0.153961
vn -0.936215 0.175988 0.304186
vn -0.873608 0.194598 0.446029
vn -0.877224 0.175219 0.446963
vn -0.876186 0.200524 0.438278
vn -0.966468 0.200505 0.160427
vn -0.968937 0.194581 0.152643
vn -0.935001 0.182986 0.303792
vn -0.876993 0.176648 0.446854
vn -0.796400 0.175987 0.578598
vn -0.693041 0.194600 0.694136
vn -0.696169 0.175208 0.696169
vn -0.697892 0.200515 0.687562
vn -0.869581 0.200542 0.451234
vn -0.874341 0.194584 0.444596
vn -0.795364 0.183008 0.577844
vn -0.695983 0.176681 0.695983
vn -0.578608 0.175960 0.796399
vn -0.444607 0.194586 0.874335
vn -0.446967 0.175221 0.877222
vn -0.451248 0.200518 0.869579
vn -0.687564 0.200497 0.697895
vn -0.694145 0.194555 0.693045
vn -0.577854 0.182970 0.795366
vn -0.446849 0.176635 0.876998
vn -0.304199 0.175958 0.936217
vn -0.152661 0.194583 0.968934
vn -0.154017 0.175226 0.972407
vn -0.160446 0.200514 0.966463
vn -0.438270 0.200510 0.876193
vn -0.446019 0.194590 0.873614
vn -0.303800 0.182984 0.934999
vn -0.153976 0.176631 0.972159
vn -0.000000 0.175971 0.984395
vn 0.154231 0.194590 0.968683
vn 0.154016 0.175229 0.972406
vn 0.146062 0.200520 0.968740
vn -0.146063 0.200520 0.968740
vn -0.154231 0.194591 0.968683
vn -0.000000 0.182974 0.983118
vn 0.153975 0.176648 0.972156
vn 0.304198 0.175960 0.936217
vn 0.446021 0.194591 0.873613
vn 0.446969 0.175223 0.877220
vn 0.438274 0.200527 0.876188
vn 0.160447 0.200518 0.966462
vn 0.152660 0.194584 0.968933
vn 0.303804 0.182987 0.934997
vn 0.446847 0.176631 0.877000
vn 0.578603 0.175965 0.796401
vn 0.694148 0.194552 0.693043
vn 0.696172 0.175209 0.696166
vn 0.687561 0.200520 0.697891
vn 0.451241 0.200494 0.869588
vn 0.444606 0.194586 0.874335
vn 0.577844 0.182991 0.795368
vn 0.695983 0.176618 0.695999
vn 0.796402 0.175948 0.578607
vn 0.874335 0.194595 0.444602
vn 0.877228 0.175178 0.446973
vn 0.869583 0.200515 0.451242
vn 0.697893 0.200483 0.687569
vn 0.693043 0.194583 0.694139
vn 0.795367 0.182960 0.577856
vn 0.876990 0.176676 0.446850
vn 0.936209 0.175997 0.304202
vn 0.968933 0.194583 0.152663
vn 0.972410 0.175204 0.154023
vn 0.966464 0.200504 0.160454
vn 0.876184 0.200541 0.438275
vn 0.873607 0.194616 0.446023
vn 0.934996 0.182985 0.303809
vn 0.972158 0.176639 0.153975
vn 0.984393 0.175983 -0.000001
vn 0.968685 0.194577 -0.154239
vn 0.972411 0.175198 -0.154022
vn 0.968745 0.200494 -0.146066
vn 0.968740 0.200518 0.146064
vn 0.968683 0.194587 0.154237
vn 0.983117 0.182980 0.000000
vn 0.972154 0.176659 -0.153976
vn 0.936204 0.176023 -0.304201
vn 0.873605 0.194616 -0.446025
vn 0.877214 0.175218 -0.446983
vn 0.876182 0.200552 -0.438274
vn 0.966466 0.200497 -0.160454
vn 0.968938 0.194560 -0.152663
vn 0.934995 0.182990 -0.303809
vn 0.876995 0.176647 -0.446851
vn 0.796387 0.175956 -0.578625
vn 0.693019 0.194583 -0.694163
vn 0.696163 0.175208 -0.696174
vn 0.697870 0.200522 -0.687581
vn 0.869580 0.200506 -0.451252
vn 0.874331 0.194583 -0.444616
vn 0.795359 0.182955 -0.577868
vn 0.695997 0.176616 -0.695985
vn 0.578620 0.175963 -0.796389
vn 0.444613 0.194582 -0.874333
vn 0.446974 0.175189 -0.877225
vn 0.451255 0.200499 -0.869580
vn 0.687582 0.200510 -0.697873
vn 0.694158 0.194584 -0.693024
vn 0.577867 0.182969 -0.795357
vn 0.446852 0.176663 -0.876991
vn 0.304191 0.175950 -0.936221
vn 0.152658 0.194591 -0.968932
vn 0.160446 0.200520 -0.966462
vn 0.438266 0.200502 -0.876197
vn 0.446020 0.194567 -0.873619
vn 0.303801 0.182958 -0.935004
vn -0.304927 0.162094 -0.938480
vn -0.446918 0.178935 -0.876497
vn -0.448157 0.159806 -0.879555
vn -0.439913 0.187660 -0.878214
vn -0.160300 0.187657 -0.969066
vn -0.154422 0.159815 -0.974994
vn -0.153620 0.178937 -0.971794
vn -0.304484 0.170683 -0.937100
vn -0.154249 0.166347 -0.973928
vn -0.447673 0.166326 -0.878592
vn 0.000000 0.170682 -0.985326
vn -0.146999 0.187667 -0.971171
vn 0.146996 0.187667 -0.971171
vn 0.154421 0.159802 -0.974996
vn 0.154193 0.178944 -0.971701
vn -0.000001 0.162081 -0.986777
vn 0.154248 0.166339 -0.973930
vn -0.154198 0.178942 -0.971701
vn -0.580012 0.162115 -0.798314
vn -0.695887 0.178950 -0.695498
vn -0.698007 0.159861 -0.698020
vn -0.689762 0.187664 -0.699293
vn -0.451920 0.187674 -0.872093
vn -0.446407 0.178942 -0.876756
vn -0.579159 0.170710 -0.797140
vn -0.697253 0.166315 -0.697265
vn -0.798315 0.162098 -0.580015
vn -0.876750 0.178967 -0.446409
vn -0.879542 0.159874 -0.448158
vn -0.872096 0.187657 -0.451922
vn -0.699287 0.187659 -0.689770
vn -0.695493 0.178951 -0.695892
vn -0.797140 0.170681 -0.579168
vn -0.878593 0.166322 -0.447673
vn -0.938481 0.162094 -0.304925
vn -0.971799 0.178921 -0.153607
vn -0.974993 0.159829 -0.154415
vn -0.969065 0.187672 -0.160288
vn -0.878209 0.187678 -0.439915
vn -0.876486 0.178964 -0.446927
vn -0.937110 0.170644 -0.304476
vn -0.973926 0.166362 -0.154249
vn -0.986777 0.162087 -0.000000
vn -0.971703 0.178927 0.154201
vn -0.974989 0.159854 0.154413
vn -0.971170 0.187670 0.146999
vn -0.971170 0.187672 -0.147000
vn -0.971704 0.178924 -0.154202
vn -0.985321 0.170713 -0.000001
vn -0.973925 0.166367 0.154249
vn -0.938481 0.162093 0.304924
vn -0.876491 0.178928 0.446932
vn -0.879560 0.159789 0.448153
vn -0.878209 0.187662 0.439923
vn -0.969065 0.187673 0.160288
vn -0.971800 0.178915 0.153607
vn -0.937104 0.170669 0.304479
vn -0.878598 0.166322 0.447664
vn -0.798322 0.162118 0.580000
vn -0.695500 0.178932 0.695890
vn -0.698016 0.159805 0.698023
vn -0.699299 0.187674 0.689753
vn -0.872104 0.187662 0.451904
vn -0.876760 0.178967 0.446389
vn -0.797149 0.170705 0.579149
vn -0.697259 0.166329 0.697255
vn -0.580007 0.162109 0.798319
vn -0.446406 0.178927 0.876759
vn -0.448154 0.159812 0.879555
vn -0.451915 0.187650 0.872101
vn -0.689759 0.187639 0.699303
vn -0.695884 0.178951 0.695502
vn -0.579158 0.170682 0.797147
vn -0.447664 0.166344 0.878594
vn -0.304930 0.162095 0.938479
vn -0.153624 0.178942 0.971792
vn -0.154424 0.159812 0.974994
vn -0.160305 0.187660 0.969065
vn -0.439912 0.187665 0.878214
vn -0.446919 0.178939 0.876495
vn -0.304480 0.170691 0.937100
vn -0.154258 0.166344 0.973927
vn 0.000000 0.162085 0.986777
vn 0.154187 0.178952 0.971701
vn 0.154424 0.159821 0.974993
vn 0.146998 0.187659 0.971172
vn -0.146999 0.187660 0.971172
vn -0.154192 0.178943 0.971702
vn 0.000000 0.170667 0.985329
vn 0.154257 0.166337 0.973929
vn 0.304928 0.162072 0.938484
vn 0.446913 0.178956 0.876495
vn 0.448153 0.159826 0.879554
vn 0.439909 0.187666 0.878215
vn 0.160305 0.187652 0.969066
vn 0.153628 0.178946 0.971790
vn 0.304480 0.170662 0.937105
vn 0.447668 0.166358 0.878589
vn 0.580005 0.162106 0.798321
vn 0.695884 0.178941 0.695504
vn 0.698017 0.159792 0.698025
vn 0.689759 0.187636 0.699303
vn 0.451916 0.187669 0.872096
vn 0.446409 0.178948 0.876754
vn 0.579159 0.170680 0.797147
vn 0.697261 0.166332 0.697252
vn 0.798325 0.162084 0.580005
vn 0.876763 0.178930 0.446398
vn 0.879558 0.159794 0.448157
vn 0.872101 0.187663 0.451910
vn 0.699300 0.187680 0.689751
vn 0.695500 0.178945 0.695887
vn 0.797151 0.170684 0.579153
vn 0.878601 0.166285 0.447672
vn 0.938475 0.162113 0.304932
vn 0.971795 0.178929 0.153617
vn 0.974991 0.159832 0.154420
vn 0.969066 0.187659 0.160300
vn 0.878208 0.187672 0.439920
vn 0.876497 0.178898 0.446932
vn 0.937095 0.170708 0.304485
vn 0.973934 0.166299 0.154264
vn 0.986776 0.162088 -0.000001
vn 0.971697 0.178970 -0.154190
vn 0.974989 0.159844 -0.154421
vn 0.971168 0.187677 -0.147005
vn 0.971168 0.187676 0.147004
vn 0.971696 0.178974 0.154189
vn 0.985331 0.170653 -0.000000
vn 0.973932 0.166312 -0.154263
vn 0.938470 0.162149 -0.304929
vn 0.876487 0.178956 -0.446929
vn 0.879551 0.159812 -0.448163
vn 0.878207 0.187684 -0.439917
vn 0.969068 0.187647 -0.160300
vn 0.971793 0.178941 -0.153619
vn 0.937097 0.170698 -0.304485
vn 0.878592 0.166303 -0.447683
vn 0.798318 0.162070 -0.580019
vn 0.695487 0.178951 -0.695898
vn 0.698017 0.159821 -0.698018
vn 0.699280 0.187659 -0.689776
vn 0.872097 0.187654 -0.451921
vn 0.876754 0.178946 -0.446408
vn 0.797143 0.170646 -0.579174
vn 0.697256 0.166293 -0.697267
vn 0.580018 0.162081 -0.798316
vn 0.446405 0.178924 -0.876761
vn 0.448154 0.159797 -0.879558
vn 0.451918 0.187663 -0.872097
vn 0.689773 0.187658 -0.699284
vn 0.695901 0.178939 -0.695487
vn 0.579169 0.170672 -0.797142
vn 0.447674 0.166306 -0.878596
vn 0.304929 0.162077 -0.938482
vn 0.153624 0.178939 -0.971792
vn 0.160303 0.187654 -0.969066
vn 0.439912 0.187655 -0.878216
vn 0.446916 0.178953 -0.876494
vn 0.304484 0.170652 -0.937106
vn -0.305860 0.142599 -0.941337
vn -0.448116 0.158400 -0.879831
vn -0.449586 0.138944 -0.882364
vn -0.441947 0.169439 -0.880893
vn -0.160233 0.169426 -0.972430
vn -0.154913 0.138938 -0.978110
vn -0.154623 0.158390 -0.975194
vn -0.305413 0.152247 -0.939970
vn -0.154668 0.149848 -0.976536
vn -0.448865 0.149825 -0.880950
vn -0.000001 0.152247 -0.988342
vn -0.148107 0.169421 -0.974352
vn 0.148104 0.169428 -0.974351
vn 0.154914 0.138933 -0.978110
vn 0.154296 0.158386 -0.975247
vn -0.000000 0.142577 -0.989784
vn 0.154666 0.149834 -0.976539
vn -0.154295 0.158388 -0.975247
vn -0.581775 0.142577 -0.800756
vn -0.698062 0.158381 -0.698302
vn -0.700249 0.138941 -0.700247
vn -0.692519 0.169435 -0.701219
vn -0.452888 0.169437 -0.875320
vn -0.448403 0.158403 -0.879683
vn -0.580925 0.152235 -0.799594
vn -0.699113 0.149907 -0.699120
vn -0.800749 0.142595 -0.581779
vn -0.879684 0.158394 -0.448406
vn -0.882355 0.138973 -0.449597
vn -0.875313 0.169461 -0.452891
vn -0.701220 0.169425 -0.692521
vn -0.698301 0.158372 -0.698065
vn -0.799584 0.152268 -0.580930
vn -0.880931 0.149914 -0.448872
vn -0.941337 0.142620 -0.305850
vn -0.975198 0.158392 -0.154600
vn -0.978104 0.138976 -0.154913
vn -0.972434 0.169421 -0.160213
vn -0.880888 0.169440 -0.441957
vn -0.879829 0.158386 -0.448125
vn -0.939976 0.152223 -0.305408
vn -0.976542 0.149818 -0.154660
vn -0.989781 0.142598 -0.000000
vn -0.975242 0.158402 0.154308
vn -0.978104 0.138979 0.154912
vn -0.974347 0.169438 0.148119
vn -0.974346 0.169440 -0.148119
vn -0.975239 0.158425 -0.154309
vn -0.988346 0.152226 -0.000000
vn -0.976537 0.149853 0.154659
vn -0.941339 0.142603 0.305851
vn -0.879831 0.158354 0.448132
vn -0.882368 0.138913 0.449589
vn -0.880894 0.169394 0.441963
vn -0.972438 0.169399 0.160213
vn -0.975201 0.158371 0.154600
vn -0.939973 0.152234 0.305409
vn -0.880951 0.149820 0.448864
vn -0.800755 0.142606 0.581769
vn -0.698302 0.158408 0.698055
vn -0.700246 0.138950 0.700249
vn -0.701219 0.169439 0.692519
vn -0.875323 0.169455 0.452874
vn -0.879693 0.158385 0.448391
vn -0.799591 0.152263 0.580922
vn -0.699119 0.149842 0.699128
vn -0.581773 0.142577 0.800757
vn -0.448407 0.158399 0.879682
vn -0.449587 0.138934 0.882366
vn -0.452891 0.169428 0.875320
vn -0.692515 0.169435 0.701224
vn -0.698054 0.158379 0.698310
vn -0.580926 0.152239 0.799593
vn -0.448864 0.149849 0.880947
vn -0.305861 0.142593 0.941337
vn -0.154617 0.158383 0.975197
vn -0.154918 0.138940 0.978108
vn -0.160231 0.169433 0.972429
vn -0.441947 0.169428 0.880895
vn -0.448116 0.158389 0.879832
vn -0.305414 0.152254 0.939969
vn -0.154668 0.149845 0.976537
vn -0.000000 0.142596 0.989781
vn 0.154298 0.158386 0.975247
vn 0.154918 0.138948 0.978107
vn 0.148100 0.169438 0.974350
vn -0.148105 0.169431 0.974350
vn -0.154301 0.158382 0.975247
vn -0.000002 0.152256 0.988341
vn 0.154667 0.149860 0.976535
vn 0.305861 0.142597 0.941337
vn 0.448118 0.158385 0.879832
vn 0.449589 0.138945 0.882363
vn 0.441945 0.169441 0.880894
vn 0.160235 0.169433 0.972429
vn 0.154619 0.158384 0.975196
vn 0.305415 0.152266 0.939966
vn 0.448863 0.149866 0.880944
vn 0.581774 0.142572 0.800758
vn 0.698059 0.158353 0.698311
vn 0.700248 0.138940 0.700249
vn 0.692519 0.169412 0.701225
vn 0.452890 0.169446 0.875316
vn 0.448405 0.158414 0.879681
vn 0.580927 0.152242 0.799591
vn 0.699121 0.149811 0.699132
vn 0.800757 0.142619 0.581763
vn 0.879692 0.158386 0.448393
vn 0.882366 0.138939 0.449585
vn 0.875326 0.169442 0.452874
vn 0.701218 0.169439 0.692519
vn 0.698303 0.158400 0.698056
vn 0.799593 0.152256 0.580920
vn 0.880953 0.149808 0.448865
vn 0.941339 0.142584 0.305860
vn 0.975199 0.158378 0.154605
vn 0.978115 0.138913 0.154904
vn 0.972432 0.169426 0.160224
vn 0.880899 0.169371 0.441962
vn 0.879831 0.158355 0.448131
vn 0.939973 0.152222 0.305415
vn 0.976538 0.149846 0.154663
vn 0.989785 0.142566 -0.000001
vn 0.975254 0.158338 -0.154302
vn 0.978110 0.138927 -0.154918
vn 0.974352 0.169423 -0.148100
vn 0.974356 0.169406 0.148098
vn 0.975248 0.158378 0.154298
vn 0.988340 0.152266 -0.000001
vn 0.976534 0.149870 -0.154663
vn 0.941335 0.142611 -0.305860
vn 0.879828 0.158382 -0.448127
vn 0.882359 0.138935 -0.449600
vn 0.880888 0.169439 -0.441959
vn 0.972428 0.169441 -0.160229
vn 0.975194 0.158400 -0.154615
vn 0.939969 0.152246 -0.305417
vn 0.880943 0.149833 -0.448876
vn 0.800738 0.142615 -0.581791
vn 0.698285 0.158425 -0.698068
vn 0.700241 0.138991 -0.700246
vn 0.701201 0.169462 -0.692532
vn 0.875318 0.169439 -0.452890
vn 0.879685 0.158384 -0.448407
vn 0.799579 0.152256 -0.580940
vn 0.699126 0.149834 -0.699123
vn 0.581787 0.142583 -0.800746
vn 0.448405 0.158384 -0.879686
vn 0.449589 0.138932 -0.882365
vn 0.452887 0.169428 -0.875321
vn 0.692536 0.169424 -0.701205
vn 0.698070 0.158397 -0.698290
vn 0.580936 0.152228 -0.799587
vn 0.448863 0.149817 -0.880952
vn 0.305859 0.142597 -0.941338
vn 0.154624 0.158389 -0.975195
vn 0.160235 0.169426 -0.972430
vn 0.441946 0.169431 -0.880895
vn 0.448115 0.158377 -0.879835
vn 0.305414 0.152265 -0.939967
vn -0.306844 0.118424 -0.944364
vn -0.449459 0.133386 -0.883286
vn -0.451051 0.113528 -0.885248
vn -0.444129 0.146567 -0.883894
vn -0.160236 0.146596 -0.976132
vn -0.155424 0.113548 -0.981300
vn -0.155562 0.133413 -0.978776
vn -0.306446 0.128798 -0.943134
vn -0.155138 0.128352 -0.979519
vn -0.450234 0.128328 -0.883641
vn 0.000000 0.128800 -0.991671
vn -0.149251 0.146604 -0.977871
vn 0.149250 0.146600 -0.977872
vn 0.155423 0.113553 -0.981300
vn 0.154509 0.133412 -0.978942
vn -0.000001 0.118441 -0.992961
vn 0.155139 0.128344 -0.979520
vn -0.154513 0.133417 -0.978941
vn -0.583650 0.118429 -0.803323
vn -0.700409 0.133427 -0.701160
vn -0.702537 0.113532 -0.702533
vn -0.695523 0.146595 -0.703390
vn -0.454031 0.146567 -0.878848
vn -0.450406 0.133417 -0.882799
vn -0.582889 0.128797 -0.802279
vn -0.701260 0.128337 -0.701259
vn -0.803323 0.118422 -0.583651
vn -0.882795 0.133417 -0.450414
vn -0.885238 0.113563 -0.451063
vn -0.878844 0.146566 -0.454040
vn -0.703391 0.146589 -0.695523
vn -0.701162 0.133423 -0.700407
vn -0.802281 0.128782 -0.582889
vn -0.883631 0.128354 -0.450247
vn -0.944363 0.118454 -0.306834
vn -0.978778 0.133411 -0.155548
vn -0.981301 0.113555 -0.155411
vn -0.976139 0.146578 -0.160214
vn -0.883891 0.146576 -0.444130
vn -0.883283 0.133405 -0.449461
vn -0.943140 0.128781 -0.306436
vn -0.979521 0.128341 -0.155135
vn -0.992961 0.118439 -0.000001
vn -0.978940 0.133418 0.154517
vn -0.981304 0.113532 0.155413
vn -0.977872 0.146590 0.149258
vn -0.977867 0.146623 -0.149258
vn -0.978939 0.133428 -0.154518
vn -0.991671 0.128797 -0.000000
vn -0.979521 0.128347 0.155134
vn -0.944362 0.118454 0.306837
vn -0.883280 0.133403 0.449466
vn -0.885245 0.113540 0.451055
vn -0.883886 0.146583 0.444138
vn -0.976138 0.146579 0.160215
vn -0.978773 0.133444 0.155549
vn -0.943137 0.128786 0.306441
vn -0.883640 0.128322 0.450237
vn -0.803329 0.118441 0.583639
vn -0.701169 0.133415 0.700402
vn -0.702535 0.113536 0.702535
vn -0.703396 0.146609 0.695514
vn -0.878849 0.146592 0.454021
vn -0.882806 0.133394 0.450398
vn -0.802289 0.128790 0.582877
vn -0.701257 0.128347 0.701260
vn -0.583644 0.118473 0.803321
vn -0.450403 0.133411 0.882802
vn -0.451052 0.113528 0.885248
vn -0.454032 0.146593 0.878843
vn -0.695514 0.146604 0.703397
vn -0.700402 0.133433 0.701165
vn -0.582884 0.128825 0.802278
vn -0.450236 0.128337 0.883639
vn -0.306841 0.118438 0.944363
vn -0.155563 0.133428 0.978773
vn -0.155420 0.113556 0.981300
vn -0.160229 0.146595 0.976133
vn -0.444128 0.146583 0.883891
vn -0.449458 0.133405 0.883284
vn -0.306442 0.128797 0.943136
vn -0.155142 0.128334 0.979521
vn -0.000000 0.118455 0.992959
vn 0.154504 0.133421 0.978942
vn 0.155419 0.113559 0.981300
vn 0.149248 0.146595 0.977873
vn -0.149252 0.146589 0.977873
vn -0.154508 0.133422 0.978941
vn -0.000001 0.128799 0.991671
vn 0.155143 0.128348 0.979519
vn 0.306839 0.118455 0.944361
vn 0.449452 0.133420 0.883285
vn 0.451057 0.113561 0.885241
vn 0.444126 0.146601 0.883889
vn 0.160234 0.146602 0.976132
vn 0.155568 0.133434 0.978772
vn 0.306443 0.128797 0.943135
vn 0.450239 0.128342 0.883636
vn 0.583644 0.118466 0.803322
vn 0.700402 0.133418 0.701169
vn 0.702536 0.113531 0.702534
vn 0.695518 0.146584 0.703397
vn 0.454033 0.146613 0.878839
vn 0.450412 0.133422 0.882795
vn 0.582885 0.128813 0.802280
vn 0.701260 0.128336 0.701259
vn 0.803327 0.118455 0.583638
vn 0.882795 0.133423 0.450412
vn 0.885237 0.113577 0.451060
vn 0.878846 0.146577 0.454031
vn 0.703398 0.146602 0.695514
vn 0.701171 0.133411 0.700401
vn 0.802287 0.128797 0.582878
vn 0.883638 0.128332 0.450238
vn 0.944361 0.118440 0.306846
vn 0.978776 0.133413 0.155559
vn 0.981296 0.113592 0.155421
vn 0.976134 0.146593 0.160225
vn 0.883887 0.146583 0.444136
vn 0.883280 0.133423 0.449460
vn 0.943137 0.128775 0.306447
vn 0.979523 0.128330 0.155130
vn 0.992959 0.118463 -0.000001
vn 0.978938 0.133440 -0.154510
vn 0.981296 0.113592 -0.155421
vn 0.977874 0.146577 -0.149259
vn 0.977862 0.146655 0.149257
vn 0.978937 0.133453 0.154509
vn 0.991673 0.128783 0.000000
vn 0.979524 0.128309 -0.155146
vn 0.944369 0.118407 -0.306833
vn 0.883298 0.133370 -0.449441
vn 0.885249 0.113523 -0.451052
vn 0.883898 0.146558 -0.444123
vn 0.976133 0.146598 -0.160228
vn 0.978778 0.133397 -0.155558
vn 0.943140 0.128762 -0.306443
vn 0.883634 0.128316 -0.450251
vn 0.803318 0.118466 -0.583649
vn 0.701168 0.133413 -0.700403
vn 0.702534 0.113520 -0.702537
vn 0.703388 0.146606 -0.695522
vn 0.878836 0.146608 -0.454041
vn 0.882785 0.133451 -0.450423
vn 0.802277 0.128806 -0.582889
vn 0.701255 0.128378 -0.701257
vn 0.583640 0.118472 -0.803323
vn 0.450405 0.133412 -0.882801
vn 0.451057 0.113535 -0.885244
vn 0.454030 0.146574 -0.878848
vn 0.695522 0.146617 -0.703386
vn 0.700405 0.133414 -0.701166
vn 0.582884 0.128819 -0.802279
vn 0.450238 0.128318 -0.883641
vn 0.306842 0.118450 -0.944361
vn 0.155566 0.133418 -0.978774
vn 0.160238 0.146605 -0.976131
vn 0.444126 0.146600 -0.883890
vn 0.449457 0.133418 -0.883283
vn 0.306446 0.128799 -0.943134
vn -0.307752 0.090503 -0.947153
vn -0.452373 0.084484 -0.887818
vn -0.446250 0.119455 -0.886900
vn -0.160280 0.119434 -0.979819
vn -0.155870 0.084513 -0.984156
vn -0.307436 0.101184 -0.946174
vn -0.155608 0.102677 -0.982468
vn -0.451587 0.102707 -0.886296
vn -0.000000 0.101167 -0.994869
vn -0.150341 0.119428 -0.981394
vn 0.150340 0.119422 -0.981395
vn 0.155872 0.084511 -0.984155
vn 0.000001 0.090469 -0.995899
vn 0.155608 0.102675 -0.982468
vn -0.585377 0.090441 -0.805701
vn -0.704579 0.084510 -0.704575
vn -0.698477 0.119415 -0.705599
vn -0.455224 0.119458 -0.882327
vn -0.584770 0.101179 -0.804865
vn -0.703372 0.102657 -0.703370
vn -0.805699 0.090452 -0.585379
vn -0.887815 0.084508 -0.452376
vn -0.882327 0.119433 -0.455230
vn -0.705600 0.119430 -0.698473
vn -0.804863 0.101182 -0.584772
vn -0.886289 0.102722 -0.451598
vn -0.947154 0.090475 -0.307755
vn -0.984152 0.084529 -0.155885
vn -0.979822 0.119408 -0.160282
vn -0.886900 0.119452 -0.446250
vn -0.946177 0.101155 -0.307436
vn -0.982471 0.102667 -0.155598
vn -0.995898 0.090484 -0.000000
vn -0.984152 0.084528 0.155884
vn -0.981390 0.119452 0.150348
vn -0.981390 0.119453 -0.150348
vn -0.994869 0.101170 -0.000000
vn -0.982471 0.102664 0.155599
vn -0.947153 0.090484 0.307756
vn -0.887814 0.084517 0.452375
vn -0.886896 0.119471 0.446254
vn -0.979818 0.119443 0.160281
vn -0.946175 0.101174 0.307437
vn -0.886300 0.102658 0.451591
vn -0.805708 0.090438 0.585368
vn -0.704581 0.084484 0.704576
vn -0.705603 0.119425 0.698471
vn -0.882339 0.119390 0.455219
vn -0.804879 0.101130 0.584759
vn -0.703371 0.102652 0.703372
vn -0.585375 0.090453 0.805701
vn -0.452373 0.084504 0.887816
vn -0.455220 0.119450 0.882330
vn -0.698474 0.119442 0.705597
vn -0.584768 0.101154 0.804869
vn -0.451587 0.102677 0.886300
vn -0.307753 0.090479 0.947155
vn -0.155873 0.084500 0.984156
vn -0.160288 0.119438 0.979818
vn -0.446249 0.119462 0.886900
vn -0.307436 0.101173 0.946175
vn -0.155606 0.102690 0.982467
vn 0.000000 0.090479 0.995898
vn 0.155872 0.084499 0.984156
vn 0.150338 0.119439 0.981393
vn -0.150339 0.119445 0.981393
vn -0.000000 0.101175 0.994869
vn 0.155606 0.102688 0.982467
vn 0.307752 0.090512 0.947152
vn 0.452365 0.084512 0.887820
vn 0.446248 0.119425 0.886905
vn 0.160288 0.119443 0.979817
vn 0.307432 0.101214 0.946172
vn 0.451595 0.102683 0.886295
vn 0.585371 0.090491 0.805700
vn 0.704576 0.084503 0.704580
vn 0.698469 0.119434 0.705603
vn 0.455223 0.119459 0.882328
vn 0.584769 0.101178 0.804866
vn 0.703370 0.102646 0.703373
vn 0.805696 0.090454 0.585383
vn 0.887814 0.084569 0.452366
vn 0.882322 0.119459 0.455233
vn 0.705605 0.119417 0.698471
vn 0.804866 0.101147 0.584773
vn 0.886289 0.102721 0.451597
vn 0.947155 0.090535 0.307736
vn 0.984157 0.084496 0.155869
vn 0.979819 0.119440 0.160276
vn 0.886902 0.119466 0.446243
vn 0.946175 0.101201 0.307425
vn 0.982468 0.102684 0.155602
vn 0.995899 0.090467 -0.000001
vn 0.984159 0.084474 -0.155870
vn 0.981393 0.119435 -0.150342
vn 0.981393 0.119435 0.150341
vn 0.994869 0.101171 -0.000000
vn 0.982466 0.102705 -0.155601
vn 0.947152 0.090551 -0.307740
vn 0.887812 0.084492 -0.452383
vn 0.886909 0.119414 -0.446244
vn 0.979819 0.119441 -0.160276
vn 0.946178 0.101196 -0.307419
vn 0.886301 0.102651 -0.451589
vn 0.805696 0.090447 -0.585383
vn 0.704576 0.084536 -0.704575
vn 0.705605 0.119409 -0.698472
vn 0.882324 0.119432 -0.455237
vn 0.804860 0.101174 -0.584777
vn 0.703372 0.102620 -0.703376
vn 0.585371 0.090482 -0.805701
vn 0.452369 0.084482 -0.887821
vn 0.455220 0.119436 -0.882332
vn 0.698471 0.119417 -0.705605
vn 0.584766 0.101185 -0.804867
vn 0.451595 0.102664 -0.886297
vn 0.307753 0.090510 -0.947152
vn 0.160284 0.119427 -0.979820
vn 0.446254 0.119433 -0.886901
vn 0.307436 0.101201 -0.946172
vn 0.890718 0.025377 0.453848
vn 0.890718 0.025377 0.453848
vn 0.987375 0.025232 0.156380
vn 0.987375 0.025232 0.156380
vn 0.987375 0.025231 -0.156380
vn 0.987375 0.025231 -0.156380
vn 0.890720 0.025303 -0.453848
vn 0.890720 0.025303 -0.453848
vn 0.706880 0.025449 -0.706876
vn 0.706880 0.025449 -0.706876
vn 0.453846 0.025413 -0.890718
vn 0.453846 0.025413 -0.890718
vn 0.156384 0.025412 -0.987369
vn 0.156384 0.025412 -0.987369
vn -0.156384 0.025431 -0.987369
vn -0.156384 0.025431 -0.987369
vn -0.453844 0.025413 -0.890719
vn -0.453845 0.025413 -0.890719
vn -0.706877 0.025376 -0.706881
vn -0.706877 0.025376 -0.706881
vn -0.890719 0.025304 -0.453850
vn -0.890719 0.025304 -0.453850
vn -0.987371 0.025376 -0.156382
vn -0.987371 0.025376 -0.156382
vn -0.987369 0.025449 0.156381
vn -0.987369 0.025449 0.156381
vn -0.890719 0.025304 0.453849
vn -0.890719 0.025304 0.453849
vn -0.706881 0.025376 0.706877
vn -0.706881 0.025376 0.706877
vn -0.453847 0.025412 0.890717
vn -0.453847 0.025412 0.890717
vn -0.156382 0.025503 0.987367
vn -0.156382 0.025503 0.987367
vn 0.156382 0.025521 0.987367
vn 0.156382 0.025521 0.987367
vn 0.453845 0.025485 0.890716
vn 0.453845 0.025485 0.890716
vn 0.706884 0.025377 0.706874
vn 0.706884 0.025377 0.706874
vn 0.885459 -0.111414 0.451165
vn 0.885459 -0.111414 0.451165
vn 0.702706 -0.111414 0.702702
vn 0.702706 -0.111414 0.702702
vn 0.451164 -0.111414 0.885459
vn 0.451164 -0.111414 0.885459
vn 0.155459 -0.111423 0.981538
vn 0.155459 -0.111423 0.981538
vn -0.155459 -0.111423 0.981538
vn -0.155459 -0.111423 0.981538
vn -0.451164 -0.111413 0.885459
vn -0.451164 -0.111413 0.885459
vn -0.702704 -0.111450 0.702700
vn -0.702703 -0.111450 0.702700
vn -0.885461 -0.111378 0.451169
vn -0.885461 -0.111378 0.451169
vn -0.981540 -0.111414 0.155458
vn -0.981540 -0.111414 0.155458
vn -0.981539 -0.111414 -0.155459
vn -0.981539 -0.111414 -0.155459
vn -0.885462 -0.111378 -0.451168
vn -0.885462 -0.111378 -0.451168
vn -0.702706 -0.111414 -0.702703
vn -0.702706 -0.111414 -0.702703
vn -0.451161 -0.111431 -0.885458
vn -0.451161 -0.111431 -0.885458
vn -0.155462 -0.111427 -0.981537
vn -0.155462 -0.111427 -0.981537
vn 0.155463 -0.111414 -0.981539
vn 0.155462 -0.111414 -0.981539
vn 0.451162 -0.111432 -0.885458
vn 0.451162 -0.111432 -0.885458
vn 0.702703 -0.111450 -0.702700
vn 0.702703 -0.111450 -0.702700
vn 0.885459 -0.111414 -0.451165
vn 0.885459 -0.111414 -0.451165
vn 0.981543 -0.111378 -0.155462
vn 0.981543 -0.111378 -0.155462
vn 0.981539 -0.111413 0.155460
vn 0.981539 -0.111413 0.155460
vn 0.890606 0.029780 0.453800
vn 0.890606 0.029780 0.453800
vn 0.890606 0.029780 0.453800
vn 0.890606 0.029780 0.453800
vn 0.706789 0.029733 0.706799
vn 0.706789 0.029733 0.706799
vn 0.706789 0.029733 0.706799
vn 0.706789 0.029733 0.706799
vn 0.453795 0.029734 0.890610
vn 0.453795 0.029734 0.890610
vn 0.453795 0.029734 0.890610
vn 0.453795 0.029734 0.890610
vn 0.156364 0.029721 0.987252
vn 0.156364 0.029721 0.987252
vn 0.156364 0.029721 0.987252
vn 0.156364 0.029721 0.987252
vn -0.156364 0.029733 0.987252
vn -0.156364 0.029733 0.987252
vn -0.156364 0.029733 0.987252
vn -0.156364 0.029733 0.987252
vn -0.453793 0.029780 0.890610
vn -0.453793 0.029780 0.890610
vn -0.453793 0.029780 0.890610
vn -0.453793 0.029780 0.890610
vn -0.706800 0.029804 0.706785
vn -0.706800 0.029804 0.706785
vn -0.706800 0.029804 0.706785
vn -0.706800 0.029804 0.706785
vn -0.890610 0.029733 0.453795
vn -0.890610 0.029733 0.453795
vn -0.890610 0.029733 0.453795
vn -0.890610 0.029733 0.453795
vn -0.987251 0.029733 0.156368
vn -0.987251 0.029733 0.156368
vn -0.987251 0.029733 0.156368
vn -0.987251 0.029733 0.156368
vn -0.987251 0.029733 -0.156370
vn -0.987251 0.029733 -0.156370
vn -0.987251 0.029733 -0.156370
vn -0.987251 0.029733 -0.156370
vn -0.890606 0.029780 -0.453800
vn -0.890606 0.029780 -0.453800
vn -0.890606 0.029780 -0.453800
vn -0.890606 0.029780 -0.453800
vn -0.706804 0.029780 -0.706782
vn -0.706804 0.029780 -0.706782
vn -0.706804 0.029780 -0.706782
vn -0.706804 0.029780 -0.706782
vn -0.453798 0.029757 -0.890607
vn -0.453798 0.029757 -0.890607
vn -0.453798 0.029757 -0.890607
vn -0.453798 0.029757 -0.890607
vn -0.156363 0.029780 -0.987251
vn -0.156363 0.029780 -0.987251
vn -0.156363 0.029780 -0.987251
vn -0.156363 0.029780 -0.987251
vn 0.156363 0.029798 -0.987250
vn 0.156363 0.029798 -0.987250
vn 0.156363 0.029798 -0.987250
vn 0.156363 0.029798 -0.987250
vn 0.453802 0.029780 -0.890605
vn 0.453802 0.029780 -0.890605
vn 0.453802 0.029780 -0.890605
vn 0.453802 0.029780 -0.890605
vn 0.706794 0.029733 -0.706794
vn 0.706794 0.029733 -0.706794
vn 0.706794 0.029733 -0.706794
vn 0.706794 0.029733 -0.706794
vn 0.890611 0.029827 -0.453787
vn 0.890611 0.029827 -0.453788
vn 0.890611 0.029827 -0.453788
vn 0.890611 0.029827 -0.453788
vn 0.987256 0.029687 -0.156345
vn 0.987256 0.029687 -0.156345
vn 0.987256 0.029687 -0.156345
vn 0.987256 0.029687 -0.156345
vn 0.987255 0.029733 0.156345
vn 0.987255 0.029733 0.156345
vn 0.987255 0.029733 0.156345
vn 0.987255 0.029733 0.156345
vn -0.155789 0.091530 -0.983541
vn -0.155789 0.091530 -0.983541
vn -0.155789 0.091530 -0.983541
vn -0.155789 0.091530 -0.983541
vn -0.452094 0.091530 -0.887262
vn -0.452094 0.091530 -0.887262
vn -0.452094 0.091530 -0.887262
vn -0.452094 0.091530 -0.887262
vn -0.704144 0.091530 -0.704134
vn -0.704144 0.091530 -0.704133
vn -0.704144 0.091530 -0.704134
vn -0.704144 0.091530 -0.704134
vn -0.887262 0.091435 -0.452112
vn -0.887262 0.091435 -0.452112
vn -0.887262 0.091435 -0.452112
vn -0.887262 0.091435 -0.452112
vn -0.983538 0.091561 -0.155787
vn -0.983538 0.091561 -0.155787
vn -0.983538 0.091561 -0.155787
vn -0.983538 0.091561 -0.155787
vn -0.983538 0.091561 0.155787
vn -0.983538 0.091561 0.155787
vn -0.983538 0.091561 0.155787
vn -0.983538 0.091561 0.155787
vn -0.887255 0.091653 0.452082
vn -0.887255 0.091653 0.452082
vn -0.887255 0.091653 0.452082
vn -0.887255 0.091653 0.452082
vn -0.704142 0.091530 0.704135
vn -0.704143 0.091530 0.704135
vn -0.704143 0.091530 0.704135
vn -0.704143 0.091530 0.704135
vn -0.452081 0.091543 0.887267
vn -0.452081 0.091543 0.887267
vn -0.452081 0.091543 0.887267
vn -0.452081 0.091543 0.887267
vn -0.155777 0.091511 0.983544
vn -0.155777 0.091511 0.983544
vn -0.155777 0.091511 0.983544
vn -0.155777 0.091511 0.983544
vn 0.155774 0.091513 0.983544
vn 0.155774 0.091513 0.983545
vn 0.155774 0.091513 0.983544
vn 0.155774 0.091513 0.983544
vn 0.452093 0.091558 0.887259
vn 0.452093 0.091558 0.887259
vn 0.452093 0.091558 0.887259
vn 0.452093 0.091558 0.887259
vn 0.704142 0.091561 0.704132
vn 0.704142 0.091561 0.704132
vn 0.704142 0.091561 0.704132
vn 0.704142 0.091561 0.704132
vn 0.887257 0.091560 0.452098
vn 0.887257 0.091560 0.452098
vn 0.887257 0.091560 0.452098
vn 0.887257 0.091560 0.452098
vn 0.983538 0.091561 0.155787
vn 0.983538 0.091561 0.155787
vn 0.983538 0.091561 0.155787
vn 0.983538 0.091561 0.155787
vn 0.983546 0.091499 -0.155773
vn 0.983546 0.091499 -0.155773
vn 0.983546 0.091499 -0.155773
vn 0.983546 0.091499 -0.155773
vn 0.887253 0.091622 -0.452092
vn 0.887253 0.091622 -0.452092
vn 0.887253 0.091622 -0.452092
vn 0.887253 0.091622 -0.452092
vn 0.704141 0.091558 -0.704132
vn 0.704141 0.091558 -0.704132
vn 0.704141 0.091558 -0.704132
vn 0.704141 0.091558 -0.704132
vn 0.452097 0.091496 -0.887264
vn 0.452097 0.091496 -0.887264
vn 0.452097 0.091496 -0.887264
vn 0.452097 0.091496 -0.887264
vn 0.155786 0.091548 -0.983540
vn 0.155786 0.091548 -0.983539
vn 0.155786 0.091548 -0.983539
vn 0.155786 0.091548 -0.983539
vn 0.331008 0.928433 0.168658
vn 0.331008 0.928433 0.168658
vn 0.331008 0.928433 0.168658
vn 0.331008 0.928433 0.168658
vn 0.262690 0.928433 0.262691
vn 0.262690 0.928433 0.262691
vn 0.262690 0.928433 0.262691
vn 0.262690 0.928433 0.262691
vn 0.168657 0.928433 0.331008
vn 0.168657 0.928433 0.331008
vn 0.168657 0.928433 0.331008
vn 0.168657 0.928433 0.331008
vn 0.058117 0.928433 0.366927
vn 0.058117 0.928433 0.366927
vn 0.058117 0.928433 0.366927
vn 0.058117 0.928433 0.366927
vn -0.058116 0.928433 0.366927
vn -0.058116 0.928433 0.366927
vn -0.058116 0.928433 0.366927
vn -0.058116 0.928433 0.366927
vn -0.168661 0.928430 0.331016
vn -0.168661 0.928430 0.331016
vn -0.168661 0.928430 0.331016
vn -0.168661 0.928430 0.331016
vn -0.262691 0.928433 0.262691
vn -0.262691 0.928433 0.262691
vn -0.262691 0.928433 0.262691
vn -0.262691 0.928433 0.262691
vn -0.331015 0.928430 0.168663
vn -0.331015 0.928430 0.168663
vn -0.331015 0.928430 0.168663
vn -0.331015 0.928430 0.168663
vn -0.366931 0.928431 0.058115
vn -0.366931 0.928431 0.058115
vn -0.366931 0.928431 0.058115
vn -0.366931 0.928431 0.058115
vn -0.366927 0.928433 -0.058114
vn -0.366927 0.928433 -0.058114
vn -0.366927 0.928433 -0.058114
vn -0.366927 0.928433 -0.058114
vn -0.331014 0.928430 -0.168661
vn -0.331014 0.928430 -0.168661
vn -0.331014 0.928431 -0.168661
vn -0.331014 0.928430 -0.168661
vn -0.262695 0.928430 -0.262695
vn -0.262695 0.928430 -0.262695
vn -0.262695 0.928430 -0.262695
vn -0.262695 0.928430 -0.262695
vn -0.168660 0.928431 -0.331013
vn -0.168660 0.928431 -0.331013
vn -0.168660 0.928431 -0.331013
vn -0.168660 0.928431 -0.331013
vn -0.058116 0.928433 -0.366927
vn -0.058116 0.928432 -0.366927
vn -0.058116 0.928433 -0.366927
vn -0.058116 0.928432 -0.366927
vn 0.058116 0.928432 -0.366928
vn 0.058116 0.928432 -0.366928
vn 0.058116 0.928432 -0.366928
vn 0.058116 0.928432 -0.366928
vn 0.168659 0.928433 -0.331010
vn 0.168659 0.928433 -0.331010
vn 0.168659 0.928432 -0.331010
vn 0.168659 0.928432 -0.331010
vn 0.262692 0.928432 -0.262692
vn 0.262692 0.928432 -0.262692
vn 0.262692 0.928432 -0.262692
vn 0.262692 0.928432 -0.262692
vn 0.331008 0.928433 -0.168657
vn 0.331008 0.928433 -0.168657
vn 0.331008 0.928433 -0.168657
vn 0.331008 0.928433 -0.168657
vn 0.366922 0.928435 -0.058113
vn 0.366922 0.928435 -0.058113
vn 0.366922 0.928435 -0.058113
vn 0.366922 0.928435 -0.058113
vn 0.366930 0.928432 0.058113
vn 0.366930 0.928432 0.058113
vn 0.366930 0.928432 0.058113
vn 0.366930 0.928432 0.058113
vn -0.295368 -0.943455 -0.150501
vn -0.295368 -0.943455 -0.150501
vn -0.295368 -0.943455 -0.150501
vn -0.295368 -0.943455 -0.150501
vn -0.327427 -0.943453 -0.051856
vn -0.327427 -0.943453 -0.051856
vn -0.327427 -0.943453 -0.051856
vn -0.327427 -0.943453 -0.051856
vn -0.327423 -0.943454 0.051857
vn -0.327423 -0.943454 0.051857
vn -0.327423 -0.943454 0.051857
vn -0.327423 -0.943454 0.051857
vn -0.295369 -0.943455 0.150499
vn -0.295369 -0.943455 0.150499
vn -0.295369 -0.943455 0.150499
vn -0.295369 -0.943455 0.150499
vn -0.234406 -0.943455 0.234407
vn -0.234406 -0.943455 0.234407
vn -0.234406 -0.943455 0.234407
vn -0.234406 -0.943455 0.234407
vn -0.150495 -0.943458 0.295362
vn -0.150495 -0.943458 0.295362
vn -0.150495 -0.943458 0.295362
vn -0.150495 -0.943458 0.295362
vn -0.051857 -0.943457 0.327413
vn -0.051857 -0.943457 0.327413
vn -0.051857 -0.943457 0.327413
vn -0.051857 -0.943457 0.327413
vn 0.051857 -0.943457 0.327413
vn 0.051857 -0.943457 0.327413
vn 0.051857 -0.943457 0.327413
vn 0.051857 -0.943457 0.327413
vn 0.150495 -0.943457 0.295366
vn 0.150495 -0.943457 0.295366
vn 0.150495 -0.943457 0.295366
vn 0.150495 -0.943457 0.295366
vn 0.234408 -0.943454 0.234408
vn 0.234408 -0.943454 0.234408
vn 0.234408 -0.943454 0.234408
vn 0.234408 -0.943454 0.234408
vn 0.295366 -0.943456 0.150497
vn 0.295366 -0.943456 0.150497
vn 0.295366 -0.943456 0.150497
vn 0.295366 -0.943456 0.150497
vn 0.327416 -0.943456 0.051857
vn 0.327416 -0.943456 0.051857
vn 0.327416 -0.943456 0.051857
vn 0.327416 -0.943456 0.051857
vn 0.327416 -0.943456 -0.051857
vn 0.327416 -0.943456 -0.051857
vn 0.327416 -0.943456 -0.051857
vn 0.327416 -0.943456 -0.051857
vn 0.295361 -0.943458 -0.150495
vn 0.295361 -0.943458 -0.150495
vn 0.295361 -0.943458 -0.150495
vn 0.295361 -0.943458 -0.150495
vn 0.234406 -0.943456 -0.234404
vn 0.234406 -0.943456 -0.234404
vn 0.234406 -0.943456 -0.234404
vn 0.234406 -0.943456 -0.234404
vn 0.150499 -0.943455 -0.295369
vn 0.150499 -0.943455 -0.295369
vn 0.150499 -0.943455 -0.295369
vn 0.150499 -0.943455 -0.295369
vn 0.051857 -0.943458 -0.327412
vn 0.051857 -0.943458 -0.327412
vn 0.051857 -0.943458 -0.327412
vn 0.051857 -0.943458 -0.327412
vn -0.051856 -0.943458 -0.327412
vn -0.051856 -0.943458 -0.327412
vn -0.051856 -0.943458 -0.327412
vn -0.051856 -0.943458 -0.327412
vn -0.150497 -0.943456 -0.295366
vn -0.150497 -0.943456 -0.295366
vn -0.150497 -0.943456 -0.295366
vn -0.150497 -0.943456 -0.295366
vn -0.234409 -0.943454 -0.234407
vn -0.234409 -0.943454 -0.234407
vn -0.234409 -0.943454 -0.234407
vn -0.234409 -0.943454 -0.234407
vn -0.493217 0.832816 -0.251307
vn -0.493217 0.832816 -0.251307
vn -0.493217 0.832816 -0.251307
vn -0.493217 0.832816 -0.251307
vn -0.391425 0.832811 -0.391424
vn -0.391425 0.832811 -0.391424
vn -0.391425 0.832811 -0.391424
vn -0.391425 0.832811 -0.391424
vn -0.251309 0.832812 -0.493222
vn -0.251309 0.832812 -0.493222
vn -0.251309 0.832812 -0.493222
vn -0.251309 0.832812 -0.493222
vn -0.086596 0.832808 -0.546747
vn -0.086596 0.832808 -0.546747
vn -0.086596 0.832808 -0.546747
vn -0.086596 0.832808 -0.546747
vn 0.086595 0.832810 -0.546744
vn 0.086595 0.832810 -0.546745
vn 0.086595 0.832810 -0.546744
vn 0.086595 0.832810 -0.546744
vn 0.251311 0.832810 -0.493224
vn 0.251311 0.832810 -0.493224
vn 0.251311 0.832810 -0.493224
vn 0.251311 0.832810 -0.493224
vn 0.391418 0.832816 -0.391420
vn 0.391418 0.832816 -0.391420
vn 0.391418 0.832816 -0.391420
vn 0.391418 0.832816 -0.391420
vn 0.493219 0.832814 -0.251309
vn 0.493219 0.832814 -0.251309
vn 0.493220 0.832814 -0.251309
vn 0.493220 0.832814 -0.251309
vn 0.546743 0.832810 -0.086594
vn 0.546743 0.832810 -0.086594
vn 0.546743 0.832810 -0.086594
vn 0.546743 0.832810 -0.086594
vn 0.546744 0.832810 0.086595
vn 0.546744 0.832810 0.086595
vn 0.546744 0.832810 0.086595
vn 0.546744 0.832810 0.086595
vn 0.493221 0.832813 0.251309
vn 0.493221 0.832813 0.251309
vn 0.493221 0.832813 0.251309
vn 0.493221 0.832813 0.251309
vn 0.391423 0.832812 0.391424
vn 0.391423 0.832812 0.391424
vn 0.391423 0.832812 0.391424
vn 0.391423 0.832812 0.391424
vn 0.251309 0.832814 0.493220
vn 0.251309 0.832814 0.493220
vn 0.251309 0.832814 0.493220
vn 0.251309 0.832814 0.493220
vn 0.086594 0.832808 0.546747
vn 0.086594 0.832808 0.546747
vn 0.086594 0.832808 0.546747
vn 0.086594 0.832808 0.546747
vn -0.086594 0.832810 0.546745
vn -0.086594 0.832810 0.546745
vn -0.086594 0.832810 0.546745
vn -0.086594 0.832810 0.546745
vn -0.251310 0.832812 0.493221
vn -0.251310 0.832812 0.493221
vn -0.251310 0.832812 0.493221
vn -0.251310 0.832812 0.493221
vn -0.391421 0.832813 0.391422
vn -0.391421 0.832813 0.391422
vn -0.391421 0.832814 0.391422
vn -0.391421 0.832813 0.391422
vn -0.493225 0.832809 0.251312
vn -0.493225 0.832809 0.251312
vn -0.493225 0.832809 0.251312
vn -0.493226 0.832809 0.251312
vn -0.546732 0.832818 0.086595
vn -0.546732 0.832818 0.086595
vn -0.546732 0.832818 0.086595
vn -0.546732 0.832818 0.086595
vn -0.546729 0.832820 -0.086594
vn -0.546729 0.832820 -0.086594
vn -0.546729 0.832820 -0.086594
vn -0.546729 0.832820 -0.086594
vn -0.196678 -0.938493 -0.283813
vn -0.196678 -0.938493 -0.283813
vn -0.196678 -0.938493 -0.283813
vn -0.196678 -0.938493 -0.283813
vn 0.229778 0.931818 0.280922
vn 0.229778 0.931818 0.280922
vn 0.229778 0.931818 0.280922
vn 0.229778 0.931818 0.280922
vn 0.351024 0.931814 -0.092218
vn 0.351024 0.931815 -0.092218
vn 0.351024 0.931815 -0.092218
vn 0.351024 0.931814 -0.092218
vn -0.325937 -0.938491 0.114014
vn -0.325937 -0.938491 0.114014
vn -0.325937 -0.938491 0.114014
vn -0.325937 -0.938491 0.114014
vn -0.137672 -0.933773 -0.330326
vn -0.137672 -0.933773 -0.330326
vn -0.137672 -0.933773 -0.330326
vn -0.137672 -0.933773 -0.330326
vn 0.145863 0.911706 0.384079
vn 0.145863 0.911706 0.384079
vn 0.145863 0.911706 0.384079
vn 0.145863 0.911706 0.384079
vn 0.131718 0.931816 0.338187
vn 0.131718 0.931816 0.338187
vn 0.131718 0.931816 0.338187
vn 0.131718 0.931816 0.338187
vn -0.099349 -0.938492 -0.330700
vn -0.099349 -0.938492 -0.330700
vn -0.099349 -0.938492 -0.330700
vn -0.099349 -0.938492 -0.330700
vn 0.396454 0.911711 -0.107741
vn 0.396454 0.911711 -0.107741
vn 0.396454 0.911711 -0.107741
vn 0.396454 0.911711 -0.107741
vn -0.348158 -0.933774 0.082773
vn -0.348158 -0.933774 0.082773
vn -0.348159 -0.933774 0.082773
vn -0.348159 -0.933774 0.082773
vn -0.067663 -0.944927 -0.320210
vn -0.067663 -0.944927 -0.320210
vn -0.067663 -0.944927 -0.320210
vn -0.067663 -0.944927 -0.320210
vn 0.078391 0.921245 0.381002
vn 0.078391 0.921245 0.381002
vn 0.078391 0.921245 0.381002
vn 0.078391 0.921245 0.381002
vn 0.020034 0.911705 0.410358
vn 0.020034 0.911705 0.410358
vn 0.020034 0.911705 0.410358
vn 0.020034 0.911705 0.410358
vn -0.028857 -0.933772 -0.356702
vn -0.028857 -0.933772 -0.356702
vn -0.028857 -0.933772 -0.356702
vn -0.028857 -0.933772 -0.356702
vn 0.386589 0.921241 -0.043189
vn 0.386589 0.921241 -0.043189
vn 0.386589 0.921241 -0.043189
vn 0.386589 0.921241 -0.043189
vn -0.325445 -0.944928 0.034603
vn -0.325445 -0.944928 0.034603
vn -0.325445 -0.944928 0.034603
vn -0.325445 -0.944928 0.034603
vn 0.362343 0.931813 0.020766
vn 0.362343 0.931813 0.020766
vn 0.362343 0.931813 0.020766
vn 0.362343 0.931813 0.020766
vn -0.345208 -0.938495 0.007711
vn -0.345208 -0.938495 0.007711
vn -0.345208 -0.938495 0.007711
vn -0.345208 -0.938495 0.007711
vn -0.163298 -0.944931 -0.283617
vn -0.163298 -0.944931 -0.283617
vn -0.163298 -0.944931 -0.283617
vn -0.163298 -0.944931 -0.283617
vn 0.192285 0.921246 0.338132
vn 0.192285 0.921246 0.338132
vn 0.192285 0.921245 0.338132
vn 0.192285 0.921246 0.338132
vn -0.305536 -0.933773 0.186322
vn -0.305536 -0.933773 0.186322
vn -0.305536 -0.933773 0.186322
vn -0.305536 -0.933773 0.186322
vn 0.343768 0.911701 -0.224999
vn 0.343768 0.911701 -0.224999
vn 0.343768 0.911701 -0.224999
vn 0.343768 0.911701 -0.224999
vn 0.354329 0.921236 -0.160544
vn 0.354329 0.921237 -0.160544
vn 0.354329 0.921236 -0.160544
vn 0.354329 0.921236 -0.160544
vn -0.298825 -0.944928 0.133473
vn -0.298825 -0.944928 0.133473
vn -0.298825 -0.944928 0.133473
vn -0.298825 -0.944928 0.133473
vn 0.020766 0.931816 0.362337
vn 0.020766 0.931816 0.362337
vn 0.020766 0.931816 0.362337
vn 0.020766 0.931816 0.362337
vn 0.007703 -0.938493 -0.345213
vn 0.007703 -0.938493 -0.345213
vn 0.007703 -0.938493 -0.345213
vn 0.007703 -0.938493 -0.345213
vn 0.410350 0.911708 0.020033
vn 0.410350 0.911708 0.020033
vn 0.410350 0.911708 0.020033
vn 0.410350 0.911708 0.020033
vn -0.356696 -0.933775 -0.028854
vn -0.356696 -0.933775 -0.028854
vn -0.356696 -0.933775 -0.028854
vn -0.356696 -0.933775 -0.028854
vn 0.034593 -0.944933 -0.325430
vn 0.034593 -0.944933 -0.325430
vn 0.034593 -0.944933 -0.325430
vn 0.034593 -0.944933 -0.325430
vn -0.043180 0.921246 0.386577
vn -0.043180 0.921246 0.386577
vn -0.043180 0.921246 0.386577
vn -0.043180 0.921246 0.386577
vn -0.107757 0.911707 0.396458
vn -0.107757 0.911707 0.396458
vn -0.107757 0.911707 0.396458
vn -0.107757 0.911707 0.396458
vn 0.082784 -0.933774 -0.348156
vn 0.082784 -0.933774 -0.348156
vn 0.082784 -0.933774 -0.348156
vn 0.082784 -0.933774 -0.348156
vn 0.380999 0.921246 0.078393
vn 0.380999 0.921246 0.078393
vn 0.380999 0.921246 0.078393
vn 0.380999 0.921246 0.078393
vn -0.320203 -0.944930 -0.067664
vn -0.320203 -0.944930 -0.067664
vn -0.320203 -0.944930 -0.067664
vn -0.320203 -0.944930 -0.067664
vn 0.338180 0.931817 0.131721
vn 0.338180 0.931817 0.131721
vn 0.338180 0.931817 0.131721
vn 0.338180 0.931817 0.131721
vn -0.330695 -0.938493 -0.099353
vn -0.330695 -0.938493 -0.099353
vn -0.330695 -0.938493 -0.099353
vn -0.330695 -0.938493 -0.099353
vn -0.092217 0.931815 0.351021
vn -0.092217 0.931815 0.351021
vn -0.092217 0.931816 0.351021
vn -0.092217 0.931815 0.351021
vn 0.114006 -0.938494 -0.325933
vn 0.114006 -0.938494 -0.325933
vn 0.114006 -0.938494 -0.325933
vn 0.114006 -0.938494 -0.325933
vn 0.384081 0.911706 0.145858
vn 0.384081 0.911706 0.145858
vn 0.384081 0.911706 0.145858
vn 0.384081 0.911706 0.145858
vn -0.330328 -0.933773 -0.137665
vn -0.330328 -0.933773 -0.137665
vn -0.330328 -0.933773 -0.137665
vn -0.330328 -0.933773 -0.137665
vn 0.133462 -0.944933 -0.298814
vn 0.133462 -0.944933 -0.298814
vn 0.133462 -0.944933 -0.298814
vn 0.133462 -0.944933 -0.298814
vn -0.160528 0.921247 0.354308
vn -0.160528 0.921247 0.354308
vn -0.160528 0.921247 0.354308
vn -0.160528 0.921247 0.354308
vn -0.224989 0.911706 0.343762
vn -0.224989 0.911706 0.343762
vn -0.224989 0.911706 0.343762
vn -0.224989 0.911706 0.343762
vn 0.186311 -0.933775 -0.305536
vn 0.186311 -0.933775 -0.305536
vn 0.186311 -0.933775 -0.305536
vn 0.186311 -0.933775 -0.305536
vn 0.338122 0.921247 0.192294
vn 0.338122 0.921247 0.192294
vn 0.338122 0.921247 0.192294
vn 0.338122 0.921247 0.192294
vn -0.283609 -0.944933 -0.163300
vn -0.283609 -0.944933 -0.163300
vn -0.283609 -0.944933 -0.163300
vn -0.283609 -0.944933 -0.163300
vn 0.280927 0.931816 0.229778
vn 0.280927 0.931817 0.229778
vn 0.280927 0.931817 0.229778
vn 0.280927 0.931817 0.229778
vn -0.283804 -0.938495 -0.196680
vn -0.283804 -0.938495 -0.196680
vn -0.283804 -0.938495 -0.196680
vn -0.283804 -0.938495 -0.196680
vn -0.196179 0.931817 0.305336
vn -0.196179 0.931817 0.305336
vn -0.196179 0.931817 0.305336
vn -0.196179 0.931817 0.305336
vn 0.209145 -0.938494 -0.274751
vn 0.209145 -0.938494 -0.274751
vn 0.209145 -0.938494 -0.274751
vn 0.209145 -0.938494 -0.274751
vn 0.320219 0.911702 0.257410
vn 0.320219 0.911702 0.257410
vn 0.320219 0.911702 0.257410
vn 0.320219 0.911702 0.257410
vn -0.271626 -0.933771 -0.233006
vn -0.271626 -0.933771 -0.233006
vn -0.271626 -0.933771 -0.233006
vn -0.271626 -0.933771 -0.233006
vn 0.219281 -0.944928 -0.242955
vn 0.219281 -0.944928 -0.242955
vn 0.219281 -0.944928 -0.242955
vn 0.219281 -0.944928 -0.242955
vn -0.262167 0.921241 0.287374
vn -0.262167 0.921241 0.287374
vn -0.262167 0.921241 0.287374
vn -0.262167 0.921241 0.287374
vn -0.320213 0.911705 0.257406
vn -0.320213 0.911705 0.257406
vn -0.320213 0.911705 0.257406
vn -0.320213 0.911705 0.257406
vn 0.271623 -0.933769 -0.233015
vn 0.271623 -0.933769 -0.233015
vn 0.271623 -0.933769 -0.233015
vn 0.271623 -0.933769 -0.233015
vn 0.262169 0.921241 0.287372
vn 0.262169 0.921241 0.287372
vn 0.262169 0.921241 0.287372
vn 0.262169 0.921241 0.287372
vn -0.219280 -0.944928 -0.242955
vn -0.219280 -0.944928 -0.242955
vn -0.219281 -0.944928 -0.242955
vn -0.219280 -0.944928 -0.242955
vn 0.196179 0.931817 0.305337
vn 0.196179 0.931817 0.305337
vn 0.196179 0.931817 0.305337
vn 0.196179 0.931817 0.305337
vn -0.209143 -0.938494 -0.274751
vn -0.209143 -0.938494 -0.274751
vn -0.209143 -0.938494 -0.274751
vn -0.209143 -0.938494 -0.274751
vn -0.280926 0.931817 0.229777
vn -0.280926 0.931817 0.229777
vn -0.280926 0.931817 0.229777
vn -0.280926 0.931817 0.229777
vn 0.283801 -0.938496 -0.196676
vn 0.283801 -0.938496 -0.196676
vn 0.283801 -0.938496 -0.196676
vn 0.283801 -0.938496 -0.196676
vn 0.224987 0.911706 0.343764
vn 0.224987 0.911706 0.343764
vn 0.224987 0.911705 0.343764
vn 0.224987 0.911706 0.343764
vn -0.186319 -0.933772 -0.305541
vn -0.186319 -0.933772 -0.305541
vn -0.186319 -0.933772 -0.305541
vn -0.186319 -0.933772 -0.305541
vn 0.283615 -0.944930 -0.163311
vn 0.283615 -0.944930 -0.163311
vn 0.283615 -0.944930 -0.163311
vn 0.283615 -0.944930 -0.163311
vn -0.338125 0.921246 0.192296
vn -0.338125 0.921246 0.192296
vn -0.338125 0.921246 0.192296
vn -0.338125 0.921246 0.192296
vn -0.384068 0.911711 0.145859
vn -0.384068 0.911711 0.145859
vn -0.384068 0.911711 0.145859
vn -0.384068 0.911711 0.145859
vn 0.330323 -0.933774 -0.137670
vn 0.330323 -0.933774 -0.137670
vn 0.330323 -0.933774 -0.137670
vn 0.330323 -0.933774 -0.137670
vn 0.160527 0.921243 0.354319
vn 0.160527 0.921243 0.354319
vn 0.160527 0.921243 0.354319
vn 0.160527 0.921243 0.354319
vn -0.133464 -0.944931 -0.298821
vn -0.133464 -0.944931 -0.298821
vn -0.133464 -0.944931 -0.298821
vn -0.133464 -0.944931 -0.298821
vn 0.092219 0.931817 0.351017
vn 0.092219 0.931817 0.351017
vn 0.092219 0.931817 0.351017
vn 0.092219 0.931817 0.351017
vn -0.113999 -0.938494 -0.325936
vn -0.113999 -0.938494 -0.325936
vn -0.113999 -0.938494 -0.325936
vn -0.113999 -0.938494 -0.325936
vn -0.338186 0.931816 0.131715
vn -0.338186 0.931816 0.131715
vn -0.338186 0.931816 0.131715
vn -0.338186 0.931816 0.131715
vn 0.330690 -0.938496 -0.099344
vn 0.330690 -0.938496 -0.099344
vn 0.330690 -0.938496 -0.099344
vn 0.330690 -0.938496 -0.099344
vn 0.107751 0.911705 0.396463
vn 0.107751 0.911705 0.396463
vn 0.107751 0.911705 0.396463
vn 0.107751 0.911705 0.396463
vn -0.082785 -0.933774 -0.348156
vn -0.082785 -0.933774 -0.348156
vn -0.082785 -0.933774 -0.348156
vn -0.082785 -0.933774 -0.348156
vn 0.320198 -0.944931 -0.067666
vn 0.320198 -0.944931 -0.067666
vn 0.320198 -0.944931 -0.067666
vn 0.320198 -0.944931 -0.067666
vn -0.381003 0.921245 0.078386
vn -0.381004 0.921245 0.078386
vn -0.381004 0.921245 0.078386
vn -0.381004 0.921245 0.078386
vn -0.410355 0.911706 0.020031
vn -0.410355 0.911706 0.020031
vn -0.410355 0.911706 0.020031
vn -0.410355 0.911706 0.020031
vn 0.356702 -0.933772 -0.028856
vn 0.356702 -0.933772 -0.028856
vn 0.356702 -0.933772 -0.028856
vn 0.356702 -0.933772 -0.028856
vn 0.043181 0.921245 0.386578
vn 0.043181 0.921245 0.386578
vn 0.043181 0.921245 0.386578
vn 0.043181 0.921245 0.386578
vn -0.034595 -0.944927 -0.325447
vn -0.034595 -0.944927 -0.325447
vn -0.034595 -0.944927 -0.325447
vn -0.034595 -0.944927 -0.325447
vn -0.020764 0.931819 0.362329
vn -0.020764 0.931819 0.362329
vn -0.020764 0.931819 0.362329
vn -0.020764 0.931819 0.362329
vn -0.007707 -0.938494 -0.345209
vn -0.007707 -0.938494 -0.345209
vn -0.007707 -0.938494 -0.345209
vn -0.007707 -0.938494 -0.345209
vn -0.362342 0.931814 0.020767
vn -0.362342 0.931814 0.020767
vn -0.362342 0.931814 0.020767
vn -0.362342 0.931814 0.020767
vn 0.345207 -0.938495 0.007707
vn 0.345207 -0.938495 0.007707
vn 0.345207 -0.938495 0.007707
vn 0.345207 -0.938495 0.007707
vn -0.020032 0.911706 0.410354
vn -0.020032 0.911706 0.410354
vn -0.020032 0.911706 0.410354
vn -0.020032 0.911706 0.410354
vn 0.028853 -0.933773 -0.356700
vn 0.028853 -0.933773 -0.356700
vn 0.028853 -0.933773 -0.356700
vn 0.028853 -0.933773 -0.356700
vn 0.325437 -0.944931 0.034589
vn 0.325437 -0.944931 0.034589
vn 0.325437 -0.944931 0.034589
vn 0.325437 -0.944931 0.034589
vn -0.386586 0.921242 -0.043174
vn -0.386586 0.921242 -0.043174
vn -0.386586 0.921242 -0.043174
vn -0.386586 0.921242 -0.043174
vn -0.396463 0.911705 -0.107755
vn -0.396463 0.911705 -0.107755
vn -0.396463 0.911705 -0.107755
vn -0.396463 0.911705 -0.107755
vn 0.348166 -0.933770 0.082788
vn 0.348166 -0.933770 0.082788
vn 0.348166 -0.933770 0.082788
vn 0.348166 -0.933770 0.082788
vn -0.078393 0.921245 0.381002
vn -0.078393 0.921245 0.381002
vn -0.078393 0.921245 0.381002
vn -0.078393 0.921245 0.381002
vn 0.067667 -0.944932 -0.320195
vn 0.067667 -0.944932 -0.320195
vn 0.067667 -0.944932 -0.320195
vn 0.067667 -0.944932 -0.320195
vn -0.131714 0.931819 0.338180
vn -0.131714 0.931819 0.338180
vn -0.131714 0.931819 0.338180
vn -0.131714 0.931819 0.338180
vn 0.099350 -0.938494 -0.330695
vn 0.099350 -0.938494 -0.330695
vn 0.099350 -0.938494 -0.330695
vn 0.099350 -0.938494 -0.330695
vn -0.351016 0.931817 -0.092219
vn -0.351016 0.931817 -0.092219
vn -0.351016 0.931817 -0.092219
vn -0.351016 0.931817 -0.092219
vn 0.325926 -0.938496 0.114003
vn 0.325926 -0.938496 0.114003
vn 0.325926 -0.938497 0.114003
vn 0.325926 -0.938496 0.114003
vn -0.145857 0.911708 0.384077
vn -0.145857 0.911708 0.384077
vn -0.145857 0.911708 0.384077
vn -0.145857 0.911708 0.384077
vn 0.137669 -0.933773 -0.330327
vn 0.137669 -0.933773 -0.330327
vn 0.137669 -0.933773 -0.330327
vn 0.137669 -0.933773 -0.330327
vn 0.298824 -0.944929 0.133469
vn 0.298824 -0.944929 0.133469
vn 0.298824 -0.944929 0.133469
vn 0.298824 -0.944929 0.133469
vn -0.354319 0.921243 -0.160528
vn -0.354319 0.921243 -0.160528
vn -0.354319 0.921243 -0.160528
vn -0.354319 0.921243 -0.160528
vn -0.343765 0.911703 -0.224996
vn -0.343765 0.911703 -0.224996
vn -0.343765 0.911703 -0.224996
vn -0.343765 0.911703 -0.224996
vn 0.305544 -0.933770 0.186324
vn 0.305544 -0.933770 0.186324
vn 0.305544 -0.933770 0.186324
vn 0.305544 -0.933770 0.186324
vn -0.192287 0.921246 0.338130
vn -0.192287 0.921246 0.338130
vn -0.192287 0.921246 0.338130
vn -0.192287 0.921246 0.338130
vn 0.163305 -0.944929 -0.283622
vn 0.163305 -0.944929 -0.283622
vn 0.163305 -0.944929 -0.283622
vn 0.163305 -0.944929 -0.283622
vn -0.229772 0.931818 0.280925
vn -0.229772 0.931818 0.280925
vn -0.229772 0.931818 0.280925
vn -0.229772 0.931818 0.280925
vn 0.196675 -0.938495 -0.283806
vn 0.196675 -0.938495 -0.283806
vn 0.196675 -0.938495 -0.283806
vn 0.196675 -0.938495 -0.283806
vn -0.305346 0.931814 -0.196180
vn -0.305346 0.931814 -0.196180
vn -0.305346 0.931814 -0.196180
vn -0.305346 0.931814 -0.196180
vn 0.274751 -0.938494 0.209143
vn 0.274751 -0.938494 0.209143
vn 0.274751 -0.938494 0.209143
vn 0.274751 -0.938494 0.209143
vn -0.257407 0.911709 0.320200
vn -0.257407 0.911709 0.320200
vn -0.257407 0.911709 0.320200
vn -0.257407 0.911709 0.320200
vn 0.233011 -0.933771 -0.271620
vn 0.233011 -0.933771 -0.271620
vn 0.233011 -0.933771 -0.271620
vn 0.233011 -0.933771 -0.271620
vn 0.242961 -0.944927 0.219278
vn 0.242961 -0.944927 0.219278
vn 0.242961 -0.944927 0.219278
vn 0.242961 -0.944927 0.219278
vn -0.287376 0.921240 -0.262169
vn -0.287376 0.921240 -0.262169
vn -0.287376 0.921240 -0.262169
vn -0.287376 0.921240 -0.262169
vn -0.257406 0.911708 -0.320205
vn -0.257406 0.911708 -0.320205
vn -0.257406 0.911708 -0.320205
vn -0.257406 0.911708 -0.320205
vn 0.233015 -0.933770 0.271622
vn 0.233015 -0.933769 0.271622
vn 0.233015 -0.933769 0.271622
vn 0.233015 -0.933769 0.271622
vn -0.287373 0.921242 0.262165
vn -0.287373 0.921242 0.262165
vn -0.287373 0.921242 0.262165
vn -0.287373 0.921242 0.262165
vn 0.242957 -0.944929 -0.219275
vn 0.242957 -0.944929 -0.219275
vn 0.242957 -0.944929 -0.219275
vn 0.242957 -0.944929 -0.219275
vn -0.305348 0.931813 0.196180
vn -0.305348 0.931813 0.196180
vn -0.305348 0.931813 0.196180
vn -0.305348 0.931813 0.196180
vn 0.274750 -0.938495 -0.209142
vn 0.274750 -0.938495 -0.209142
vn 0.274750 -0.938495 -0.209142
vn 0.274750 -0.938495 -0.209142
vn -0.229771 0.931819 -0.280926
vn -0.229771 0.931819 -0.280926
vn -0.229771 0.931819 -0.280926
vn -0.229771 0.931819 -0.280926
vn 0.196675 -0.938495 0.283806
vn 0.196675 -0.938495 0.283806
vn 0.196675 -0.938495 0.283806
vn 0.196675 -0.938495 0.283806
vn -0.343774 0.911699 0.224997
vn -0.343774 0.911699 0.224997
vn -0.343774 0.911699 0.224997
vn -0.343774 0.911699 0.224997
vn 0.305542 -0.933771 -0.186323
vn 0.305542 -0.933771 -0.186323
vn 0.305542 -0.933771 -0.186323
vn 0.305542 -0.933771 -0.186323
vn 0.163301 -0.944929 0.283624
vn 0.163301 -0.944929 0.283624
vn 0.163301 -0.944929 0.283624
vn 0.163301 -0.944929 0.283624
vn -0.192291 0.921244 -0.338134
vn -0.192291 0.921244 -0.338134
vn -0.192291 0.921244 -0.338134
vn -0.192291 0.921244 -0.338134
vn -0.145862 0.911706 -0.384078
vn -0.145862 0.911706 -0.384078
vn -0.145862 0.911706 -0.384078
vn -0.145862 0.911706 -0.384078
vn 0.137669 -0.933772 0.330330
vn 0.137669 -0.933772 0.330330
vn 0.137669 -0.933772 0.330330
vn 0.137669 -0.933772 0.330330
vn -0.354318 0.921244 0.160527
vn -0.354318 0.921244 0.160527
vn -0.354318 0.921244 0.160527
vn -0.354318 0.921244 0.160527
vn 0.298820 -0.944930 -0.133471
vn 0.298820 -0.944930 -0.133471
vn 0.298820 -0.944930 -0.133471
vn 0.298820 -0.944930 -0.133471
vn -0.351018 0.931816 0.092220
vn -0.351018 0.931816 0.092220
vn -0.351018 0.931816 0.092220
vn -0.351018 0.931816 0.092220
vn 0.325931 -0.938494 -0.114005
vn 0.325931 -0.938494 -0.114005
vn 0.325931 -0.938494 -0.114005
vn 0.325931 -0.938494 -0.114005
vn -0.131718 0.931818 -0.338181
vn -0.131718 0.931818 -0.338181
vn -0.131718 0.931818 -0.338181
vn -0.131718 0.931818 -0.338181
vn 0.099348 -0.938495 0.330692
vn 0.099348 -0.938495 0.330692
vn 0.099348 -0.938495 0.330692
vn 0.099348 -0.938495 0.330692
vn -0.396458 0.911708 0.107753
vn -0.396458 0.911708 0.107753
vn -0.396458 0.911708 0.107753
vn -0.396458 0.911708 0.107753
vn 0.348170 -0.933769 -0.082789
vn 0.348170 -0.933769 -0.082789
vn 0.348170 -0.933768 -0.082789
vn 0.348170 -0.933769 -0.082789
vn 0.067663 -0.944930 0.320202
vn 0.067663 -0.944930 0.320202
vn 0.067663 -0.944930 0.320202
vn 0.067663 -0.944930 0.320202
vn -0.078396 0.921241 -0.381011
vn -0.078396 0.921241 -0.381011
vn -0.078396 0.921241 -0.381011
vn -0.078396 0.921241 -0.381011
vn -0.020033 0.911706 -0.410355
vn -0.020033 0.911706 -0.410355
vn -0.020033 0.911706 -0.410355
vn -0.020033 0.911706 -0.410355
vn 0.028851 -0.933774 0.356698
vn 0.028851 -0.933774 0.356698
vn 0.028851 -0.933774 0.356698
vn 0.028851 -0.933774 0.356698
vn -0.386584 0.921242 0.043188
vn -0.386584 0.921242 0.043188
vn -0.386584 0.921242 0.043188
vn -0.386584 0.921242 0.043188
vn 0.325439 -0.944930 -0.034592
vn 0.325439 -0.944930 -0.034592
vn 0.325439 -0.944930 -0.034592
vn 0.325439 -0.944930 -0.034592
vn -0.362339 0.931815 -0.020766
vn -0.362339 0.931815 -0.020766
vn -0.362339 0.931815 -0.020766
vn -0.362339 0.931815 -0.020766
vn 0.345211 -0.938494 -0.007708
vn 0.345211 -0.938494 -0.007708
vn 0.345211 -0.938493 -0.007708
vn 0.345211 -0.938493 -0.007708
vn -0.020767 0.931818 -0.362331
vn -0.020767 0.931818 -0.362331
vn -0.020767 0.931818 -0.362331
vn -0.020767 0.931818 -0.362331
vn -0.007705 -0.938492 0.345216
vn -0.007705 -0.938492 0.345216
vn -0.007705 -0.938492 0.345216
vn -0.007705 -0.938492 0.345216
vn -0.410356 0.911705 -0.020035
vn -0.410356 0.911705 -0.020035
vn -0.410356 0.911705 -0.020035
vn -0.410356 0.911705 -0.020035
vn 0.356700 -0.933773 0.028853
vn 0.356700 -0.933773 0.028853
vn 0.356700 -0.933773 0.028853
vn 0.356700 -0.933773 0.028853
vn -0.034589 -0.944929 0.325444
vn -0.034589 -0.944929 0.325444
vn -0.034589 -0.944929 0.325444
vn -0.034589 -0.944929 0.325444
vn 0.043181 0.921243 -0.386583
vn 0.043181 0.921243 -0.386583
vn 0.043181 0.921243 -0.386583
vn 0.043181 0.921243 -0.386583
vn 0.107752 0.911703 -0.396469
vn 0.107752 0.911703 -0.396469
vn 0.107752 0.911703 -0.396469
vn 0.107752 0.911703 -0.396469
vn -0.082785 -0.933773 0.348158
vn -0.082785 -0.933773 0.348158
vn -0.082785 -0.933773 0.348158
vn -0.082785 -0.933773 0.348158
vn -0.381001 0.921246 -0.078386
vn -0.381001 0.921246 -0.078386
vn -0.381001 0.921246 -0.078386
vn -0.381001 0.921246 -0.078386
vn 0.320200 -0.944930 0.067667
vn 0.320200 -0.944930 0.067667
vn 0.320200 -0.944930 0.067667
vn 0.320200 -0.944930 0.067667
vn -0.338187 0.931815 -0.131717
vn -0.338187 0.931816 -0.131717
vn -0.338187 0.931815 -0.131717
vn -0.338187 0.931815 -0.131717
vn 0.330695 -0.938494 0.099347
vn 0.330695 -0.938494 0.099347
vn 0.330695 -0.938494 0.099347
vn 0.330695 -0.938494 0.099347
vn 0.092218 0.931819 -0.351012
vn 0.092218 0.931819 -0.351012
vn 0.092218 0.931819 -0.351012
vn 0.092218 0.931819 -0.351012
vn -0.114000 -0.938494 0.325935
vn -0.114000 -0.938494 0.325935
vn -0.114000 -0.938494 0.325935
vn -0.114000 -0.938494 0.325935
vn -0.384070 0.911710 -0.145861
vn -0.384070 0.911710 -0.145861
vn -0.384070 0.911710 -0.145861
vn -0.384070 0.911710 -0.145861
vn 0.330323 -0.933774 0.137670
vn 0.330323 -0.933774 0.137670
vn 0.330323 -0.933774 0.137670
vn 0.330323 -0.933774 0.137670
vn -0.133465 -0.944930 0.298821
vn -0.133465 -0.944930 0.298821
vn -0.133465 -0.944930 0.298821
vn -0.133465 -0.944930 0.298821
vn 0.160524 0.921246 -0.354313
vn 0.160524 0.921246 -0.354313
vn 0.160524 0.921246 -0.354313
vn 0.160524 0.921246 -0.354313
vn 0.224988 0.911706 -0.343763
vn 0.224988 0.911706 -0.343763
vn 0.224988 0.911706 -0.343763
vn 0.224988 0.911706 -0.343763
vn -0.186320 -0.933773 0.305536
vn -0.186320 -0.933773 0.305536
vn -0.186320 -0.933773 0.305536
vn -0.186320 -0.933773 0.305536
vn -0.338122 0.921247 -0.192294
vn -0.338122 0.921247 -0.192294
vn -0.338122 0.921247 -0.192294
vn -0.338122 0.921247 -0.192294
vn 0.283614 -0.944930 0.163309
vn 0.283614 -0.944930 0.163309
vn 0.283614 -0.944930 0.163309
vn 0.283614 -0.944930 0.163309
vn -0.280927 0.931818 -0.229773
vn -0.280927 0.931818 -0.229773
vn -0.280927 0.931818 -0.229773
vn -0.280927 0.931818 -0.229773
vn 0.283801 -0.938497 0.196675
vn 0.283801 -0.938497 0.196675
vn 0.283801 -0.938497 0.196675
vn 0.283801 -0.938497 0.196675
vn 0.196175 0.931817 -0.305341
vn 0.196175 0.931817 -0.305341
vn 0.196175 0.931817 -0.305341
vn 0.196175 0.931817 -0.305341
vn -0.209142 -0.938494 0.274751
vn -0.209142 -0.938494 0.274751
vn -0.209142 -0.938494 0.274751
vn -0.209142 -0.938495 0.274751
vn -0.320208 0.911708 -0.257401
vn -0.320208 0.911708 -0.257401
vn -0.320208 0.911708 -0.257401
vn -0.320208 0.911708 -0.257401
vn 0.271620 -0.933771 0.233011
vn 0.271620 -0.933771 0.233011
vn 0.271620 -0.933771 0.233011
vn 0.271620 -0.933771 0.233011
vn -0.262166 0.921241 -0.287376
vn -0.262166 0.921241 -0.287376
vn -0.262166 0.921241 -0.287376
vn -0.262166 0.921241 -0.287376
vn 0.219280 -0.944929 0.242953
vn 0.219280 -0.944929 0.242953
vn 0.219280 -0.944929 0.242953
vn 0.219280 -0.944929 0.242953
vn -0.219281 -0.944928 0.242955
vn -0.219281 -0.944928 0.242955
vn -0.219281 -0.944928 0.242955
vn -0.219281 -0.944928 0.242955
vn 0.262166 0.921241 -0.287372
vn 0.262166 0.921241 -0.287372
vn 0.262166 0.921241 -0.287372
vn 0.262166 0.921241 -0.287372
vn 0.320216 0.911703 -0.257408
vn 0.320216 0.911703 -0.257408
vn 0.320216 0.911703 -0.257408
vn 0.320216 0.911703 -0.257408
vn -0.271625 -0.933771 0.233006
vn -0.271625 -0.933771 0.233006
vn -0.271625 -0.933771 0.233006
vn -0.271625 -0.933771 0.233006
vn -0.196177 0.931816 -0.305343
vn -0.196177 0.931816 -0.305343
vn -0.196177 0.931816 -0.305343
vn -0.196177 0.931816 -0.305343
vn 0.209145 -0.938493 0.274753
vn 0.209145 -0.938493 0.274753
vn 0.209145 -0.938493 0.274753
vn 0.209145 -0.938493 0.274753
vn 0.280928 0.931817 -0.229776
vn 0.280928 0.931817 -0.229776
vn 0.280928 0.931817 -0.229776
vn 0.280928 0.931817 -0.229776
vn -0.283801 -0.938496 0.196680
vn -0.283801 -0.938496 0.196680
vn -0.283801 -0.938496 0.196680
vn -0.283801 -0.938496 0.196680
vn -0.224988 0.911706 -0.343762
vn -0.224988 0.911706 -0.343762
vn -0.224988 0.911706 -0.343762
vn -0.224988 0.911706 -0.343762
vn 0.186316 -0.933773 0.305538
vn 0.186316 -0.933773 0.305538
vn 0.186316 -0.933773 0.305538
vn 0.186316 -0.933773 0.305538
vn -0.283610 -0.944932 0.163304
vn -0.283610 -0.944932 0.163304
vn -0.283610 -0.944932 0.163304
vn -0.283610 -0.944932 0.163304
vn 0.338122 0.921247 -0.192295
vn 0.338122 0.921247 -0.192295
vn 0.338122 0.921247 -0.192295
vn 0.338122 0.921247 -0.192295
vn 0.384080 0.911706 -0.145859
vn 0.384080 0.911706 -0.145859
vn 0.384080 0.911706 -0.145859
vn 0.384080 0.911706 -0.145859
vn -0.330331 -0.933771 0.137669
vn -0.330331 -0.933771 0.137669
vn -0.330331 -0.933771 0.137669
vn -0.330331 -0.933771 0.137669
vn -0.160529 0.921241 -0.354325
vn -0.160529 0.921241 -0.354325
vn -0.160529 0.921241 -0.354325
vn -0.160529 0.921241 -0.354325
vn 0.133463 -0.944930 0.298822
vn 0.133463 -0.944930 0.298822
vn 0.133463 -0.944930 0.298822
vn 0.133463 -0.944930 0.298822
vn -0.092219 0.931817 -0.351016
vn -0.092219 0.931817 -0.351016
vn -0.092219 0.931817 -0.351016
vn -0.092219 0.931817 -0.351016
vn 0.114003 -0.938493 0.325937
vn 0.114003 -0.938493 0.325937
vn 0.114003 -0.938493 0.325937
vn 0.114003 -0.938493 0.325937
vn 0.338179 0.931818 -0.131718
vn 0.338179 0.931818 -0.131718
vn 0.338180 0.931818 -0.131718
vn 0.338180 0.931818 -0.131718
vn -0.330696 -0.938493 0.099352
vn -0.330696 -0.938493 0.099352
vn -0.330696 -0.938493 0.099352
vn -0.330696 -0.938493 0.099352
vn -0.107752 0.911705 -0.396463
vn -0.107752 0.911706 -0.396463
vn -0.107752 0.911705 -0.396463
vn -0.107752 0.911705 -0.396463
vn 0.082783 -0.933776 0.348151
vn 0.082783 -0.933776 0.348151
vn 0.082783 -0.933776 0.348151
vn 0.082783 -0.933776 0.348151
vn -0.320203 -0.944929 0.067671
vn -0.320203 -0.944929 0.067671
vn -0.320203 -0.944929 0.067671
vn -0.320203 -0.944929 0.067671
vn 0.381004 0.921244 -0.078395
vn 0.381004 0.921244 -0.078395
vn 0.381004 0.921244 -0.078395
vn 0.381004 0.921244 -0.078395
vn 0.410355 0.911706 -0.020045
vn 0.410355 0.911706 -0.020045
vn 0.410355 0.911706 -0.020045
vn 0.410355 0.911706 -0.020045
vn -0.356694 -0.933775 0.028856
vn -0.356694 -0.933775 0.028856
vn -0.356694 -0.933775 0.028856
vn -0.356694 -0.933775 0.028856
vn -0.043181 0.921244 -0.386582
vn -0.043181 0.921244 -0.386582
vn -0.043181 0.921244 -0.386582
vn -0.043181 0.921244 -0.386582
vn 0.034595 -0.944930 0.325439
vn 0.034595 -0.944930 0.325439
vn 0.034595 -0.944930 0.325439
vn 0.034595 -0.944930 0.325439
vn 0.020764 0.931818 -0.362331
vn 0.020764 0.931818 -0.362331
vn 0.020764 0.931818 -0.362331
vn 0.020764 0.931818 -0.362331
vn 0.007705 -0.938491 0.345219
vn 0.007705 -0.938491 0.345219
vn 0.007705 -0.938491 0.345219
vn 0.007705 -0.938491 0.345219
vn 0.362339 0.931815 -0.020765
vn 0.362339 0.931815 -0.020765
vn 0.362339 0.931815 -0.020765
vn 0.362339 0.931815 -0.020765
vn -0.345214 -0.938493 -0.007710
vn -0.345214 -0.938492 -0.007710
vn -0.345214 -0.938493 -0.007710
vn -0.345214 -0.938492 -0.007710
vn 0.020034 0.911704 -0.410359
vn 0.020034 0.911704 -0.410359
vn 0.020034 0.911704 -0.410359
vn 0.020034 0.911704 -0.410359
vn -0.028851 -0.933774 0.356698
vn -0.028851 -0.933774 0.356698
vn -0.028851 -0.933774 0.356698
vn -0.028851 -0.933774 0.356698
vn -0.325451 -0.944926 -0.034596
vn -0.325451 -0.944926 -0.034596
vn -0.325451 -0.944926 -0.034596
vn -0.325451 -0.944926 -0.034596
vn 0.386592 0.921239 0.043190
vn 0.386592 0.921239 0.043190
vn 0.386592 0.921239 0.043190
vn 0.386592 0.921239 0.043190
vn 0.396470 0.911702 0.107751
vn 0.396470 0.911702 0.107751
vn 0.396470 0.911702 0.107751
vn 0.396470 0.911702 0.107751
vn -0.348162 -0.933772 -0.082788
vn -0.348162 -0.933772 -0.082788
vn -0.348162 -0.933772 -0.082788
vn -0.348162 -0.933771 -0.082788
vn 0.078395 0.921242 -0.381009
vn 0.078395 0.921242 -0.381009
vn 0.078395 0.921242 -0.381009
vn 0.078395 0.921242 -0.381009
vn -0.067662 -0.944934 0.320190
vn -0.067662 -0.944934 0.320190
vn -0.067662 -0.944934 0.320190
vn -0.067662 -0.944934 0.320190
vn 0.131722 0.931813 -0.338192
vn 0.131722 0.931813 -0.338192
vn 0.131722 0.931813 -0.338192
vn 0.131722 0.931813 -0.338192
vn -0.099350 -0.938493 0.330696
vn -0.099350 -0.938493 0.330696
vn -0.099350 -0.938493 0.330696
vn -0.099350 -0.938493 0.330696
vn 0.351017 0.931818 0.092211
vn 0.351018 0.931818 0.092211
vn 0.351018 0.931818 0.092211
vn 0.351018 0.931818 0.092211
vn -0.325933 -0.938494 -0.114004
vn -0.325933 -0.938494 -0.114004
vn -0.325933 -0.938494 -0.114004
vn -0.325933 -0.938494 -0.114004
vn 0.145864 0.911703 -0.384086
vn 0.145864 0.911703 -0.384086
vn 0.145864 0.911703 -0.384086
vn 0.145864 0.911703 -0.384086
vn -0.137664 -0.933775 0.330322
vn -0.137664 -0.933775 0.330322
vn -0.137664 -0.933775 0.330322
vn -0.137664 -0.933775 0.330322
vn -0.298820 -0.944931 -0.133464
vn -0.298820 -0.944931 -0.133464
vn -0.298820 -0.944931 -0.133465
vn -0.298820 -0.944931 -0.133464
vn 0.354327 0.921240 0.160529
vn 0.354327 0.921240 0.160529
vn 0.354327 0.921240 0.160529
vn 0.354327 0.921240 0.160529
vn 0.343764 0.911704 0.224995
vn 0.343764 0.911704 0.224995
vn 0.343764 0.911704 0.224995
vn 0.343764 0.911704 0.224995
vn -0.305543 -0.933771 -0.186320
vn -0.305543 -0.933771 -0.186320
vn -0.305543 -0.933771 -0.186320
vn -0.305543 -0.933771 -0.186320
vn 0.192290 0.921245 -0.338131
vn 0.192290 0.921245 -0.338131
vn 0.192290 0.921245 -0.338131
vn 0.192290 0.921245 -0.338131
vn -0.163299 -0.944933 0.283611
vn -0.163299 -0.944933 0.283611
vn -0.163299 -0.944933 0.283611
vn -0.163299 -0.944933 0.283611
vn 0.229783 0.931816 -0.280925
vn 0.229783 0.931816 -0.280925
vn 0.229783 0.931816 -0.280925
vn 0.229783 0.931816 -0.280925
vn -0.196674 -0.938493 0.283814
vn -0.196674 -0.938493 0.283814
vn -0.196674 -0.938493 0.283814
vn -0.196674 -0.938493 0.283814
vn 0.305341 0.931818 0.196167
vn 0.305341 0.931818 0.196167
vn 0.305341 0.931818 0.196167
vn 0.305341 0.931818 0.196167
vn -0.274756 -0.938493 -0.209140
vn -0.274756 -0.938493 -0.209140
vn -0.274756 -0.938493 -0.209140
vn -0.274756 -0.938493 -0.209140
vn 0.257406 0.911702 -0.320221
vn 0.257406 0.911702 -0.320221
vn 0.257406 0.911702 -0.320221
vn 0.257406 0.911702 -0.320221
vn -0.233004 -0.933772 0.271622
vn -0.233004 -0.933772 0.271622
vn -0.233004 -0.933772 0.271622
vn -0.233004 -0.933772 0.271622
vn -0.242956 -0.944930 -0.219270
vn -0.242956 -0.944930 -0.219270
vn -0.242956 -0.944930 -0.219270
vn -0.242956 -0.944930 -0.219270
vn 0.287364 0.921247 0.262158
vn 0.287364 0.921247 0.262158
vn 0.287364 0.921247 0.262158
vn 0.287364 0.921247 0.262158
vn 0.257407 0.911702 0.320220
vn 0.257407 0.911702 0.320220
vn 0.257407 0.911702 0.320220
vn 0.257407 0.911702 0.320220
vn -0.233008 -0.933770 -0.271626
vn -0.233008 -0.933770 -0.271626
vn -0.233008 -0.933770 -0.271626
vn -0.233008 -0.933770 -0.271626
vn 0.287369 0.921244 -0.262160
vn 0.287369 0.921244 -0.262160
vn 0.287369 0.921244 -0.262160
vn 0.287369 0.921244 -0.262160
vn -0.242955 -0.944931 0.219267
vn -0.242955 -0.944931 0.219267
vn -0.242955 -0.944931 0.219267
vn -0.242955 -0.944931 0.219267
vn 0.305335 0.931821 -0.196166
vn 0.305335 0.931821 -0.196166
vn 0.305335 0.931821 -0.196166
vn 0.305335 0.931821 -0.196166
vn -0.274751 -0.938495 0.209137
vn -0.274751 -0.938495 0.209137
vn -0.274752 -0.938495 0.209137
vn -0.274752 -0.938495 0.209137
vn 0.145092 -0.864693 -0.480888
vn 0.145092 -0.864693 -0.480888
vn 0.145092 -0.864694 -0.480888
vn 0.145092 -0.864694 -0.480888
vn -0.256065 0.854393 0.452155
vn -0.256065 0.854393 0.452155
vn -0.256065 0.854393 0.452155
vn -0.256065 0.854393 0.452155
vn 0.472923 0.854396 0.215295
vn 0.472923 0.854396 0.215295
vn 0.472923 0.854396 0.215295
vn 0.472923 0.854396 0.215295
vn -0.400035 -0.864697 -0.303762
vn -0.400035 -0.864697 -0.303762
vn -0.400035 -0.864697 -0.303762
vn -0.400035 -0.864697 -0.303762
vn -0.333835 0.838421 0.430819
vn -0.333835 0.838421 0.430819
vn -0.333835 0.838421 0.430819
vn -0.333835 0.838421 0.430819
vn 0.241077 -0.843912 -0.479265
vn 0.241076 -0.843912 -0.479265
vn 0.241076 -0.843912 -0.479265
vn 0.241076 -0.843912 -0.479265
vn -0.476726 -0.843917 -0.246039
vn -0.476726 -0.843917 -0.246039
vn -0.476726 -0.843917 -0.246039
vn -0.476726 -0.843917 -0.246039
vn 0.523319 0.838414 0.152313
vn 0.523319 0.838414 0.152313
vn 0.523319 0.838414 0.152313
vn 0.523319 0.838414 0.152313
vn -0.377489 -0.878447 -0.292972
vn -0.377489 -0.878447 -0.292972
vn -0.377489 -0.878447 -0.292972
vn -0.377489 -0.878447 -0.292972
vn 0.464038 0.854690 0.232753
vn 0.464038 0.854690 0.232753
vn 0.464038 0.854690 0.232753
vn 0.464038 0.854690 0.232753
vn 0.450658 0.838398 0.306588
vn 0.450658 0.838398 0.306588
vn 0.450658 0.838398 0.306588
vn 0.450658 0.838398 0.306588
vn -0.377383 -0.843910 -0.381310
vn -0.377383 -0.843910 -0.381310
vn -0.377383 -0.843910 -0.381310
vn -0.377383 -0.843910 -0.381310
vn -0.369413 0.854678 0.364773
vn -0.369413 0.854678 0.364773
vn -0.369413 0.854678 0.364773
vn -0.369413 0.854678 0.364773
vn 0.268486 -0.878449 -0.395276
vn 0.268486 -0.878449 -0.395276
vn 0.268486 -0.878449 -0.395276
vn 0.268486 -0.878449 -0.395276
vn 0.369399 0.854685 0.364771
vn 0.369399 0.854685 0.364771
vn 0.369399 0.854685 0.364771
vn 0.369399 0.854685 0.364771
vn -0.268475 -0.878452 -0.395277
vn -0.268475 -0.878452 -0.395277
vn -0.268475 -0.878452 -0.395277
vn -0.268475 -0.878452 -0.395277
vn 0.383257 0.854392 0.350898
vn 0.383257 0.854392 0.350898
vn 0.383256 0.854392 0.350898
vn 0.383256 0.854392 0.350898
vn -0.286595 -0.864692 -0.412518
vn -0.286595 -0.864692 -0.412518
vn -0.286595 -0.864692 -0.412518
vn -0.286595 -0.864692 -0.412518
vn -0.450629 0.838418 0.306577
vn -0.450629 0.838418 0.306577
vn -0.450629 0.838418 0.306577
vn -0.450629 0.838418 0.306577
vn 0.377366 -0.843921 -0.381305
vn 0.377366 -0.843921 -0.381305
vn 0.377366 -0.843921 -0.381305
vn 0.377366 -0.843921 -0.381305
vn 0.286603 -0.864690 -0.412517
vn 0.286603 -0.864690 -0.412517
vn 0.286603 -0.864690 -0.412517
vn 0.286603 -0.864690 -0.412517
vn -0.383299 0.854390 0.350854
vn -0.383299 0.854390 0.350854
vn -0.383299 0.854390 0.350854
vn -0.383299 0.854390 0.350854
vn 0.133194 -0.878451 -0.458893
vn 0.133194 -0.878451 -0.458893
vn 0.133194 -0.878451 -0.458893
vn 0.133194 -0.878451 -0.458893
vn -0.238603 0.854682 0.461072
vn -0.238603 0.854682 0.461072
vn -0.238603 0.854682 0.461072
vn -0.238603 0.854682 0.461072
vn -0.010608 -0.864696 -0.502184
vn -0.010608 -0.864696 -0.502183
vn -0.010608 -0.864696 -0.502184
vn -0.010608 -0.864696 -0.502184
vn -0.103820 0.854385 0.509164
vn -0.103820 0.854385 0.509164
vn -0.103820 0.854385 0.509164
vn -0.103820 0.854385 0.509164
vn 0.516311 0.854395 0.058590
vn 0.516311 0.854395 0.058590
vn 0.516311 0.854395 0.058590
vn 0.516311 0.854395 0.058590
vn -0.474333 -0.864694 -0.165267
vn -0.474333 -0.864694 -0.165267
vn -0.474333 -0.864694 -0.165267
vn -0.474333 -0.864694 -0.165267
vn -0.184382 0.838408 0.512910
vn -0.184382 0.838407 0.512910
vn -0.184382 0.838408 0.512910
vn -0.184382 0.838408 0.512910
vn 0.081175 -0.843909 -0.530310
vn 0.081175 -0.843909 -0.530310
vn 0.081175 -0.843909 -0.530310
vn 0.081175 -0.843909 -0.530310
vn -0.529428 -0.843916 -0.086677
vn -0.529428 -0.843916 -0.086677
vn -0.529428 -0.843916 -0.086677
vn -0.529428 -0.843916 -0.086677
vn 0.544776 0.838413 -0.016853
vn 0.544776 0.838412 -0.016853
vn 0.544776 0.838412 -0.016853
vn 0.544776 0.838413 -0.016853
vn -0.449543 -0.878452 -0.161968
vn -0.449543 -0.878452 -0.161968
vn -0.449543 -0.878452 -0.161968
vn -0.449543 -0.878452 -0.161968
vn 0.513270 0.854678 0.077970
vn 0.513270 0.854678 0.077970
vn 0.513270 0.854678 0.077970
vn 0.513270 0.854678 0.077970
vn -0.015132 -0.878450 -0.477595
vn -0.015132 -0.878450 -0.477595
vn -0.015132 -0.878450 -0.477595
vn -0.015132 -0.878450 -0.477595
vn -0.084447 0.854685 0.512232
vn -0.084447 0.854685 0.512232
vn -0.084447 0.854685 0.512232
vn -0.084447 0.854686 0.512232
vn -0.165276 -0.864690 -0.474336
vn -0.165276 -0.864690 -0.474336
vn -0.165276 -0.864690 -0.474336
vn -0.165276 -0.864690 -0.474336
vn 0.058604 0.854392 0.516313
vn 0.058604 0.854392 0.516313
vn 0.058604 0.854392 0.516313
vn 0.058604 0.854392 0.516313
vn 0.509154 0.854391 -0.103820
vn 0.509154 0.854391 -0.103820
vn 0.509154 0.854391 -0.103820
vn 0.509154 0.854391 -0.103820
vn -0.502191 -0.864692 -0.010608
vn -0.502191 -0.864692 -0.010608
vn -0.502191 -0.864692 -0.010608
vn -0.502191 -0.864692 -0.010608
vn -0.016853 0.838409 0.544781
vn -0.016853 0.838409 0.544781
vn -0.016853 0.838409 0.544781
vn -0.016853 0.838409 0.544781
vn -0.086669 -0.843924 -0.529415
vn -0.086669 -0.843924 -0.529415
vn -0.086669 -0.843924 -0.529415
vn -0.086669 -0.843924 -0.529415
vn -0.530306 -0.843910 0.081190
vn -0.530306 -0.843910 0.081190
vn -0.530306 -0.843910 0.081190
vn -0.530306 -0.843910 0.081190
vn 0.512914 0.838405 -0.184380
vn 0.512914 0.838405 -0.184380
vn 0.512914 0.838405 -0.184380
vn 0.512914 0.838405 -0.184380
vn -0.477596 -0.878449 -0.015129
vn -0.477596 -0.878449 -0.015129
vn -0.477596 -0.878449 -0.015129
vn -0.477596 -0.878449 -0.015129
vn 0.512243 0.854678 -0.084455
vn 0.512243 0.854678 -0.084455
vn 0.512243 0.854678 -0.084455
vn 0.512243 0.854678 -0.084455
vn -0.161972 -0.878452 -0.449540
vn -0.161972 -0.878453 -0.449540
vn -0.161972 -0.878452 -0.449540
vn -0.161972 -0.878452 -0.449540
vn 0.077972 0.854682 0.513263
vn 0.077972 0.854682 0.513263
vn 0.077972 0.854682 0.513263
vn 0.077972 0.854682 0.513263
vn -0.303761 -0.864700 -0.400029
vn -0.303761 -0.864700 -0.400029
vn -0.303761 -0.864700 -0.400029
vn -0.303761 -0.864700 -0.400029
vn 0.215279 0.854398 0.472926
vn 0.215279 0.854398 0.472926
vn 0.215279 0.854398 0.472926
vn 0.215279 0.854398 0.472927
vn 0.452165 0.854381 -0.256086
vn 0.452165 0.854381 -0.256086
vn 0.452165 0.854381 -0.256086
vn 0.452165 0.854381 -0.256086
vn -0.480894 -0.864690 0.145095
vn -0.480894 -0.864690 0.145095
vn -0.480894 -0.864690 0.145095
vn -0.480894 -0.864690 0.145095
vn 0.152313 0.838408 0.523329
vn 0.152313 0.838408 0.523329
vn 0.152313 0.838408 0.523329
vn 0.152313 0.838408 0.523329
vn -0.246028 -0.843919 -0.476729
vn -0.246028 -0.843919 -0.476729
vn -0.246028 -0.843919 -0.476729
vn -0.246028 -0.843919 -0.476729
vn -0.479249 -0.843921 0.241077
vn -0.479249 -0.843921 0.241077
vn -0.479249 -0.843921 0.241077
vn -0.479249 -0.843921 0.241077
vn 0.430828 0.838407 -0.333858
vn 0.430828 0.838407 -0.333858
vn 0.430828 0.838407 -0.333858
vn 0.430828 0.838407 -0.333858
vn -0.458891 -0.878451 0.133198
vn -0.458891 -0.878451 0.133198
vn -0.458891 -0.878451 0.133198
vn -0.458891 -0.878451 0.133198
vn 0.461063 0.854683 -0.238615
vn 0.461063 0.854683 -0.238615
vn 0.461063 0.854683 -0.238615
vn 0.461063 0.854683 -0.238615
vn -0.292972 -0.878448 -0.377487
vn -0.292972 -0.878448 -0.377487
vn -0.292972 -0.878448 -0.377487
vn -0.292972 -0.878448 -0.377487
vn 0.232756 0.854690 0.464037
vn 0.232756 0.854690 0.464037
vn 0.232756 0.854690 0.464036
vn 0.232756 0.854690 0.464037
vn -0.412526 -0.864689 -0.286594
vn -0.412526 -0.864688 -0.286594
vn -0.412526 -0.864688 -0.286594
vn -0.412526 -0.864688 -0.286594
vn 0.350898 0.854389 0.383261
vn 0.350899 0.854390 0.383261
vn 0.350898 0.854389 0.383261
vn 0.350898 0.854389 0.383261
vn 0.350900 0.854387 -0.383266
vn 0.350900 0.854387 -0.383266
vn 0.350900 0.854387 -0.383266
vn 0.350900 0.854387 -0.383266
vn -0.412525 -0.864690 0.286591
vn -0.412525 -0.864690 0.286591
vn -0.412525 -0.864690 0.286591
vn -0.412525 -0.864690 0.286591
vn 0.306575 0.838409 0.450646
vn 0.306575 0.838409 0.450646
vn 0.306575 0.838409 0.450646
vn 0.306575 0.838409 0.450646
vn -0.381309 -0.843910 -0.377386
vn -0.381308 -0.843910 -0.377386
vn -0.381309 -0.843910 -0.377386
vn -0.381308 -0.843910 -0.377386
vn -0.381313 -0.843909 0.377384
vn -0.381313 -0.843909 0.377384
vn -0.381313 -0.843909 0.377384
vn -0.381313 -0.843909 0.377384
vn 0.306571 0.838414 -0.450640
vn 0.306571 0.838414 -0.450640
vn 0.306571 0.838414 -0.450640
vn 0.306571 0.838414 -0.450640
vn -0.395269 -0.878456 0.268472
vn -0.395269 -0.878456 0.268472
vn -0.395269 -0.878456 0.268472
vn -0.395269 -0.878456 0.268472
vn 0.364775 0.854680 -0.369408
vn 0.364775 0.854680 -0.369408
vn 0.364775 0.854680 -0.369408
vn 0.364775 0.854680 -0.369408
vn -0.395269 -0.878458 -0.268467
vn -0.395269 -0.878458 -0.268467
vn -0.395269 -0.878458 -0.268467
vn -0.395269 -0.878458 -0.268467
vn 0.364762 0.854689 0.369399
vn 0.364762 0.854689 0.369399
vn 0.364762 0.854689 0.369399
vn 0.364762 0.854689 0.369399
vn -0.480899 -0.864687 -0.145094
vn -0.480899 -0.864687 -0.145094
vn -0.480899 -0.864687 -0.145094
vn -0.480899 -0.864687 -0.145094
vn 0.452145 0.854395 0.256074
vn 0.452145 0.854395 0.256074
vn 0.452145 0.854395 0.256074
vn 0.452145 0.854395 0.256074
vn 0.215286 0.854393 -0.472931
vn 0.215286 0.854393 -0.472931
vn 0.215286 0.854393 -0.472931
vn 0.215286 0.854393 -0.472931
vn -0.303764 -0.864697 0.400033
vn -0.303764 -0.864697 0.400033
vn -0.303764 -0.864697 0.400033
vn -0.303764 -0.864697 0.400033
vn 0.430830 0.838405 0.333861
vn 0.430830 0.838405 0.333861
vn 0.430830 0.838405 0.333861
vn 0.430830 0.838405 0.333861
vn -0.479254 -0.843916 -0.241082
vn -0.479254 -0.843916 -0.241082
vn -0.479254 -0.843916 -0.241082
vn -0.479254 -0.843916 -0.241082
vn -0.246024 -0.843919 0.476732
vn -0.246024 -0.843919 0.476732
vn -0.246024 -0.843919 0.476732
vn -0.246024 -0.843919 0.476732
vn 0.152315 0.838412 -0.523322
vn 0.152315 0.838412 -0.523322
vn 0.152315 0.838412 -0.523322
vn 0.152315 0.838412 -0.523322
vn -0.292964 -0.878450 0.377488
vn -0.292964 -0.878450 0.377488
vn -0.292964 -0.878450 0.377488
vn -0.292964 -0.878450 0.377488
vn 0.232759 0.854684 -0.464047
vn 0.232759 0.854684 -0.464047
vn 0.232759 0.854684 -0.464047
vn 0.232759 0.854684 -0.464047
vn -0.458900 -0.878448 -0.133190
vn -0.458900 -0.878448 -0.133190
vn -0.458900 -0.878448 -0.133190
vn -0.458900 -0.878448 -0.133190
vn 0.461062 0.854685 0.238611
vn 0.461062 0.854685 0.238611
vn 0.461062 0.854685 0.238611
vn 0.461062 0.854685 0.238611
vn -0.502185 -0.864695 0.010615
vn -0.502185 -0.864695 0.010615
vn -0.502185 -0.864695 0.010615
vn -0.502185 -0.864695 0.010615
vn 0.509163 0.854387 0.103808
vn 0.509163 0.854387 0.103808
vn 0.509163 0.854387 0.103808
vn 0.509163 0.854387 0.103808
vn 0.058600 0.854391 -0.516316
vn 0.058600 0.854391 -0.516316
vn 0.058600 0.854391 -0.516316
vn 0.058600 0.854391 -0.516316
vn -0.165276 -0.864693 0.474331
vn -0.165276 -0.864693 0.474331
vn -0.165276 -0.864693 0.474331
vn -0.165276 -0.864693 0.474331
vn 0.512915 0.838405 0.184379
vn 0.512915 0.838405 0.184379
vn 0.512915 0.838405 0.184379
vn 0.512915 0.838405 0.184379
vn -0.530298 -0.843915 -0.081188
vn -0.530298 -0.843915 -0.081188
vn -0.530298 -0.843915 -0.081188
vn -0.530298 -0.843915 -0.081188
vn -0.086666 -0.843918 0.529426
vn -0.086666 -0.843918 0.529426
vn -0.086666 -0.843918 0.529426
vn -0.086666 -0.843918 0.529426
vn -0.016857 0.838411 -0.544778
vn -0.016857 0.838411 -0.544778
vn -0.016857 0.838411 -0.544778
vn -0.016857 0.838411 -0.544778
vn -0.161981 -0.878447 0.449548
vn -0.161981 -0.878447 0.449548
vn -0.161981 -0.878447 0.449548
vn -0.161981 -0.878447 0.449548
vn 0.077971 0.854687 -0.513255
vn 0.077971 0.854687 -0.513255
vn 0.077971 0.854687 -0.513255
vn 0.077971 0.854687 -0.513255
vn -0.477595 -0.878450 0.015133
vn -0.477595 -0.878450 0.015133
vn -0.477595 -0.878450 0.015133
vn -0.477595 -0.878450 0.015133
vn 0.512238 0.854681 0.084457
vn 0.512237 0.854681 0.084457
vn 0.512238 0.854681 0.084457
vn 0.512237 0.854681 0.084457
vn -0.474321 -0.864700 0.165270
vn -0.474321 -0.864700 0.165270
vn -0.474321 -0.864700 0.165270
vn -0.474321 -0.864700 0.165270
vn 0.516307 0.854396 -0.058606
vn 0.516307 0.854396 -0.058606
vn 0.516307 0.854396 -0.058606
vn 0.516307 0.854396 -0.058606
vn -0.103819 0.854385 -0.509164
vn -0.103819 0.854385 -0.509164
vn -0.103819 0.854385 -0.509164
vn -0.103819 0.854385 -0.509164
vn -0.010604 -0.864692 0.502191
vn -0.010604 -0.864692 0.502191
vn -0.010604 -0.864692 0.502191
vn -0.010604 -0.864692 0.502191
vn 0.544778 0.838411 0.016850
vn 0.544778 0.838411 0.016850
vn 0.544778 0.838411 0.016850
vn 0.544778 0.838411 0.016850
vn -0.529426 -0.843917 0.086672
vn -0.529426 -0.843917 0.086672
vn -0.529426 -0.843917 0.086672
vn -0.529426 -0.843917 0.086672
vn 0.081178 -0.843916 0.530298
vn 0.081178 -0.843916 0.530298
vn 0.081178 -0.843916 0.530298
vn 0.081178 -0.843916 0.530298
vn -0.184369 0.838414 -0.512904
vn -0.184369 0.838413 -0.512904
vn -0.184369 0.838413 -0.512904
vn -0.184369 0.838414 -0.512904
vn -0.015128 -0.878453 0.477588
vn -0.015128 -0.878453 0.477588
vn -0.015128 -0.878453 0.477588
vn -0.015128 -0.878453 0.477588
vn -0.084454 0.854688 -0.512227
vn -0.084454 0.854688 -0.512227
vn -0.084454 0.854688 -0.512227
vn -0.084454 0.854688 -0.512227
vn -0.449529 -0.878459 0.161967
vn -0.449529 -0.878459 0.161967
vn -0.449529 -0.878459 0.161967
vn -0.449529 -0.878459 0.161967
vn 0.513262 0.854683 -0.077973
vn 0.513262 0.854683 -0.077973
vn 0.513262 0.854683 -0.077973
vn 0.513262 0.854683 -0.077973
vn -0.400039 -0.864695 0.303761
vn -0.400039 -0.864695 0.303761
vn -0.400039 -0.864695 0.303761
vn -0.400039 -0.864695 0.303761
vn 0.472941 0.854398 -0.215247
vn 0.472941 0.854398 -0.215247
vn 0.472941 0.854398 -0.215247
vn 0.472941 0.854398 -0.215247
vn -0.256086 0.854387 -0.452154
vn -0.256085 0.854387 -0.452154
vn -0.256085 0.854387 -0.452154
vn -0.256086 0.854387 -0.452154
vn 0.145092 -0.864693 0.480889
vn 0.145092 -0.864693 0.480889
vn 0.145092 -0.864693 0.480889
vn 0.145092 -0.864693 0.480889
vn 0.523335 0.838404 -0.152311
vn 0.523335 0.838404 -0.152311
vn 0.523335 0.838404 -0.152311
vn 0.523335 0.838404 -0.152311
vn -0.476744 -0.843912 0.246023
vn -0.476744 -0.843912 0.246023
vn -0.476745 -0.843912 0.246023
vn -0.476744 -0.843912 0.246023
vn 0.241071 -0.843913 0.479265
vn 0.241071 -0.843913 0.479265
vn 0.241071 -0.843913 0.479265
vn 0.241071 -0.843913 0.479265
vn -0.333836 0.838420 -0.430819
vn -0.333836 0.838420 -0.430819
vn -0.333836 0.838420 -0.430819
vn -0.333836 0.838420 -0.430819
vn 0.133197 -0.878451 0.458892
vn 0.133197 -0.878451 0.458892
vn 0.133197 -0.878451 0.458892
vn 0.133197 -0.878451 0.458892
vn -0.238619 0.854674 -0.461078
vn -0.238619 0.854674 -0.461078
vn -0.238619 0.854674 -0.461078
vn -0.238618 0.854674 -0.461078
vn -0.377489 -0.878447 0.292972
vn -0.377489 -0.878447 0.292972
vn -0.377489 -0.878447 0.292972
vn -0.377489 -0.878447 0.292972
vn 0.464037 0.854692 -0.232750
vn 0.464037 0.854692 -0.232750
vn 0.464037 0.854692 -0.232750
vn 0.464037 0.854692 -0.232750
vn -0.286589 -0.864694 0.412518
vn -0.286589 -0.864694 0.412518
vn -0.286589 -0.864694 0.412518
vn -0.286589 -0.864694 0.412519
vn 0.383262 0.854389 -0.350898
vn 0.383262 0.854389 -0.350898
vn 0.383262 0.854389 -0.350898
vn 0.383262 0.854389 -0.350898
vn -0.383302 0.854391 -0.350849
vn -0.383302 0.854391 -0.350849
vn -0.383302 0.854391 -0.350849
vn -0.383302 0.854391 -0.350849
vn 0.286599 -0.864693 0.412513
vn 0.286599 -0.864693 0.412513
vn 0.286599 -0.864693 0.412513
vn 0.286599 -0.864693 0.412513
vn 0.450654 0.838403 -0.306581
vn 0.450654 0.838403 -0.306581
vn 0.450654 0.838403 -0.306581
vn 0.450654 0.838403 -0.306581
vn -0.377377 -0.843915 0.381306
vn -0.377377 -0.843915 0.381306
vn -0.377377 -0.843915 0.381306
vn -0.377377 -0.843915 0.381306
vn 0.377368 -0.843918 0.381309
vn 0.377368 -0.843918 0.381309
vn 0.377368 -0.843918 0.381309
vn 0.377368 -0.843918 0.381309
vn -0.450634 0.838416 -0.306576
vn -0.450634 0.838416 -0.306576
vn -0.450634 0.838416 -0.306576
vn -0.450634 0.838416 -0.306576
vn 0.268485 -0.878450 0.395273
vn 0.268485 -0.878450 0.395273
vn 0.268485 -0.878450 0.395273
vn 0.268485 -0.878450 0.395273
vn -0.369413 0.854680 -0.364769
vn -0.369413 0.854680 -0.364769
vn -0.369413 0.854680 -0.364769
vn -0.369413 0.854680 -0.364769
vn -0.268475 -0.878452 0.395277
vn -0.268475 -0.878452 0.395277
vn -0.268475 -0.878452 0.395277
vn -0.268475 -0.878452 0.395277
vn 0.369403 0.854683 -0.364771
vn 0.369403 0.854683 -0.364771
vn 0.369403 0.854683 -0.364771
vn 0.369403 0.854683 -0.364771
vn -0.145088 -0.864694 0.480888
vn -0.145088 -0.864694 0.480888
vn -0.145088 -0.864694 0.480888
vn -0.145088 -0.864694 0.480888
vn 0.256071 0.854385 -0.452167
vn 0.256071 0.854385 -0.452167
vn 0.256071 0.854385 -0.452167
vn 0.256071 0.854385 -0.452167
vn -0.472953 0.854384 -0.215275
vn -0.472953 0.854384 -0.215275
vn -0.472953 0.854384 -0.215275
vn -0.472953 0.854384 -0.215275
vn 0.400055 -0.864691 0.303753
vn 0.400055 -0.864691 0.303753
vn 0.400055 -0.864691 0.303753
vn 0.400055 -0.864691 0.303753
vn 0.333860 0.838405 -0.430829
vn 0.333860 0.838405 -0.430829
vn 0.333860 0.838405 -0.430829
vn 0.333860 0.838405 -0.430829
vn -0.241078 -0.843914 0.479261
vn -0.241078 -0.843914 0.479261
vn -0.241078 -0.843914 0.479261
vn -0.241078 -0.843914 0.479261
vn 0.476733 -0.843916 0.246030
vn 0.476733 -0.843916 0.246030
vn 0.476733 -0.843916 0.246030
vn 0.476733 -0.843916 0.246030
vn -0.523318 0.838414 -0.152315
vn -0.523318 0.838414 -0.152315
vn -0.523318 0.838414 -0.152315
vn -0.523318 0.838414 -0.152315
vn 0.377499 -0.878446 0.292962
vn 0.377499 -0.878446 0.292962
vn 0.377499 -0.878446 0.292962
vn 0.377499 -0.878446 0.292962
vn -0.464057 0.854679 -0.232756
vn -0.464057 0.854679 -0.232756
vn -0.464057 0.854679 -0.232756
vn -0.464057 0.854679 -0.232756
vn -0.133191 -0.878454 0.458889
vn -0.133191 -0.878454 0.458889
vn -0.133191 -0.878454 0.458889
vn -0.133191 -0.878454 0.458889
vn 0.238612 0.854679 -0.461073
vn 0.238612 0.854679 -0.461073
vn 0.238612 0.854679 -0.461073
vn 0.238612 0.854679 -0.461073
vn 0.010605 -0.864693 0.502189
vn 0.010605 -0.864693 0.502189
vn 0.010605 -0.864693 0.502189
vn 0.010605 -0.864693 0.502189
vn 0.103818 0.854395 -0.509147
vn 0.103818 0.854395 -0.509147
vn 0.103818 0.854395 -0.509147
vn 0.103818 0.854395 -0.509147
vn -0.516320 0.854390 -0.058590
vn -0.516320 0.854389 -0.058590
vn -0.516320 0.854390 -0.058590
vn -0.516320 0.854389 -0.058590
vn 0.474341 -0.864686 0.165283
vn 0.474341 -0.864686 0.165283
vn 0.474341 -0.864686 0.165283
vn 0.474341 -0.864686 0.165283
vn 0.184375 0.838402 -0.512922
vn 0.184375 0.838401 -0.512922
vn 0.184375 0.838402 -0.512922
vn 0.184375 0.838401 -0.512922
vn -0.081178 -0.843918 0.530295
vn -0.081178 -0.843918 0.530295
vn -0.081178 -0.843918 0.530295
vn -0.081178 -0.843918 0.530295
vn 0.529418 -0.843923 0.086671
vn 0.529418 -0.843923 0.086671
vn 0.529418 -0.843922 0.086671
vn 0.529418 -0.843922 0.086671
vn -0.544782 0.838409 0.016845
vn -0.544782 0.838409 0.016845
vn -0.544782 0.838409 0.016845
vn -0.544782 0.838409 0.016845
vn 0.449542 -0.878452 0.161969
vn 0.449542 -0.878452 0.161969
vn 0.449542 -0.878452 0.161969
vn 0.449542 -0.878452 0.161969
vn -0.513270 0.854678 -0.077973
vn -0.513270 0.854678 -0.077973
vn -0.513270 0.854678 -0.077973
vn -0.513270 0.854678 -0.077973
vn 0.015135 -0.878451 0.477593
vn 0.015135 -0.878451 0.477593
vn 0.015135 -0.878451 0.477593
vn 0.015135 -0.878451 0.477593
vn 0.084454 0.854688 -0.512227
vn 0.084454 0.854688 -0.512227
vn 0.084454 0.854688 -0.512227
vn 0.084454 0.854688 -0.512227
vn 0.165268 -0.864694 0.474333
vn 0.165268 -0.864694 0.474333
vn 0.165268 -0.864694 0.474333
vn 0.165268 -0.864694 0.474333
vn -0.058601 0.854389 -0.516320
vn -0.058601 0.854389 -0.516320
vn -0.058601 0.854389 -0.516320
vn -0.058601 0.854388 -0.516320
vn -0.509175 0.854378 0.103826
vn -0.509175 0.854378 0.103826
vn -0.509175 0.854378 0.103826
vn -0.509175 0.854378 0.103826
vn 0.502199 -0.864687 0.010601
vn 0.502199 -0.864687 0.010601
vn 0.502199 -0.864687 0.010601
vn 0.502199 -0.864687 0.010601
vn 0.016854 0.838410 -0.544779
vn 0.016854 0.838410 -0.544779
vn 0.016854 0.838410 -0.544779
vn 0.016854 0.838410 -0.544779
vn 0.086672 -0.843917 0.529426
vn 0.086672 -0.843917 0.529426
vn 0.086672 -0.843917 0.529426
vn 0.086672 -0.843917 0.529426
vn 0.530302 -0.843914 -0.081176
vn 0.530302 -0.843914 -0.081176
vn 0.530302 -0.843914 -0.081176
vn 0.530302 -0.843914 -0.081176
vn -0.512926 0.838399 0.184377
vn -0.512926 0.838399 0.184377
vn -0.512926 0.838399 0.184377
vn -0.512926 0.838399 0.184377
vn 0.477599 -0.878448 0.015119
vn 0.477599 -0.878448 0.015119
vn 0.477599 -0.878448 0.015119
vn 0.477599 -0.878448 0.015119
vn -0.512237 0.854682 0.084455
vn -0.512237 0.854682 0.084455
vn -0.512237 0.854682 0.084455
vn -0.512237 0.854682 0.084455
vn 0.161976 -0.878449 0.449546
vn 0.161976 -0.878449 0.449546
vn 0.161976 -0.878449 0.449546
vn 0.161976 -0.878449 0.449546
vn -0.077969 0.854685 -0.513259
vn -0.077969 0.854685 -0.513259
vn -0.077969 0.854685 -0.513259
vn -0.077969 0.854685 -0.513259
vn 0.303749 -0.864700 0.400038
vn 0.303749 -0.864700 0.400038
vn 0.303749 -0.864700 0.400038
vn 0.303749 -0.864700 0.400038
vn -0.215294 0.854387 -0.472939
vn -0.215294 0.854387 -0.472939
vn -0.215294 0.854387 -0.472939
vn -0.215294 0.854387 -0.472939
vn -0.452162 0.854386 0.256075
vn -0.452162 0.854386 0.256075
vn -0.452162 0.854386 0.256075
vn -0.452162 0.854386 0.256075
vn 0.480889 -0.864692 -0.145097
vn 0.480889 -0.864692 -0.145097
vn 0.480889 -0.864692 -0.145097
vn 0.480889 -0.864692 -0.145097
vn -0.152324 0.838401 -0.523337
vn -0.152324 0.838401 -0.523337
vn -0.152324 0.838401 -0.523337
vn -0.152324 0.838400 -0.523337
vn 0.246027 -0.843924 0.476721
vn 0.246027 -0.843924 0.476721
vn 0.246027 -0.843924 0.476721
vn 0.246027 -0.843924 0.476721
vn 0.479250 -0.843921 -0.241075
vn 0.479250 -0.843921 -0.241075
vn 0.479250 -0.843921 -0.241075
vn 0.479250 -0.843921 -0.241075
vn -0.430836 0.838405 0.333851
vn -0.430836 0.838405 0.333851
vn -0.430836 0.838405 0.333851
vn -0.430836 0.838405 0.333851
vn 0.458896 -0.878449 -0.133197
vn 0.458896 -0.878449 -0.133197
vn 0.458896 -0.878449 -0.133197
vn 0.458896 -0.878449 -0.133197
vn -0.461078 0.854672 0.238628
vn -0.461078 0.854672 0.238628
vn -0.461078 0.854672 0.238628
vn -0.461078 0.854672 0.238628
vn 0.292958 -0.878452 0.377488
vn 0.292958 -0.878452 0.377488
vn 0.292958 -0.878452 0.377488
vn 0.292958 -0.878452 0.377488
vn -0.232757 0.854683 -0.464049
vn -0.232757 0.854683 -0.464049
vn -0.232757 0.854683 -0.464049
vn -0.232757 0.854683 -0.464049
vn 0.412505 -0.864705 0.286576
vn 0.412505 -0.864705 0.286576
vn 0.412505 -0.864705 0.286576
vn 0.412505 -0.864705 0.286576
vn -0.350906 0.854381 -0.383273
vn -0.350906 0.854381 -0.383273
vn -0.350906 0.854381 -0.383273
vn -0.350906 0.854381 -0.383273
vn -0.350894 0.854390 0.383265
vn -0.350894 0.854390 0.383265
vn -0.350894 0.854390 0.383265
vn -0.350894 0.854390 0.383265
vn 0.412510 -0.864695 -0.286598
vn 0.412510 -0.864695 -0.286598
vn 0.412510 -0.864694 -0.286598
vn 0.412510 -0.864695 -0.286598
vn -0.306581 0.838410 -0.450641
vn -0.306581 0.838410 -0.450641
vn -0.306581 0.838410 -0.450641
vn -0.306581 0.838410 -0.450641
vn 0.381316 -0.843909 0.377380
vn 0.381316 -0.843909 0.377380
vn 0.381316 -0.843909 0.377380
vn 0.381316 -0.843909 0.377380
vn 0.381299 -0.843921 -0.377371
vn 0.381299 -0.843921 -0.377371
vn 0.381299 -0.843921 -0.377371
vn 0.381299 -0.843921 -0.377371
vn -0.306584 0.838399 0.450658
vn -0.306584 0.838399 0.450658
vn -0.306584 0.838399 0.450658
vn -0.306584 0.838399 0.450658
vn 0.395278 -0.878449 -0.268481
vn 0.395278 -0.878449 -0.268481
vn 0.395278 -0.878449 -0.268481
vn 0.395278 -0.878449 -0.268481
vn -0.364762 0.854682 0.369415
vn -0.364762 0.854682 0.369415
vn -0.364762 0.854682 0.369415
vn -0.364762 0.854682 0.369415
vn 0.395293 -0.878441 0.268485
vn 0.395293 -0.878441 0.268485
vn 0.395293 -0.878441 0.268485
vn 0.395293 -0.878441 0.268485
vn -0.364766 0.854683 -0.369408
vn -0.364766 0.854683 -0.369408
vn -0.364766 0.854683 -0.369408
vn -0.364766 0.854683 -0.369408
vn 0.480883 -0.864696 0.145094
vn 0.480883 -0.864696 0.145094
vn 0.480883 -0.864696 0.145094
vn 0.480883 -0.864696 0.145094
vn -0.452161 0.854387 -0.256075
vn -0.452161 0.854387 -0.256074
vn -0.452161 0.854387 -0.256075
vn -0.452161 0.854387 -0.256075
vn -0.215289 0.854395 0.472927
vn -0.215289 0.854395 0.472927
vn -0.215289 0.854395 0.472927
vn -0.215289 0.854395 0.472927
vn 0.303752 -0.864702 -0.400031
vn 0.303752 -0.864702 -0.400031
vn 0.303752 -0.864702 -0.400031
vn 0.303752 -0.864702 -0.400031
vn -0.430835 0.838402 -0.333861
vn -0.430835 0.838402 -0.333861
vn -0.430835 0.838402 -0.333861
vn -0.430835 0.838402 -0.333861
vn 0.479264 -0.843912 0.241079
vn 0.479264 -0.843912 0.241079
vn 0.479264 -0.843912 0.241079
vn 0.479264 -0.843912 0.241079
vn 0.246022 -0.843923 -0.476725
vn 0.246022 -0.843923 -0.476725
vn 0.246022 -0.843923 -0.476725
vn 0.246022 -0.843923 -0.476725
vn -0.152319 0.838398 0.523342
vn -0.152319 0.838399 0.523342
vn -0.152319 0.838399 0.523342
vn -0.152319 0.838399 0.523342
vn 0.292965 -0.878454 -0.377478
vn 0.292965 -0.878454 -0.377478
vn 0.292965 -0.878454 -0.377478
vn 0.292965 -0.878454 -0.377478
vn -0.232763 0.854685 0.464043
vn -0.232763 0.854685 0.464042
vn -0.232763 0.854685 0.464042
vn -0.232763 0.854685 0.464042
vn 0.458891 -0.878452 0.133198
vn 0.458891 -0.878452 0.133198
vn 0.458891 -0.878452 0.133198
vn 0.458891 -0.878452 0.133198
vn -0.461067 0.854683 -0.238609
vn -0.461067 0.854683 -0.238609
vn -0.461067 0.854683 -0.238609
vn -0.461067 0.854683 -0.238609
vn 0.502199 -0.864687 -0.010597
vn 0.502199 -0.864687 -0.010597
vn 0.502199 -0.864687 -0.010597
vn 0.502199 -0.864687 -0.010597
vn -0.509167 0.854382 -0.103830
vn -0.509167 0.854382 -0.103830
vn -0.509167 0.854382 -0.103830
vn -0.509167 0.854382 -0.103830
vn -0.058606 0.854387 0.516322
vn -0.058606 0.854387 0.516322
vn -0.058606 0.854387 0.516322
vn -0.058606 0.854387 0.516322
vn 0.165279 -0.864688 -0.474340
vn 0.165279 -0.864688 -0.474340
vn 0.165279 -0.864688 -0.474340
vn 0.165279 -0.864688 -0.474340
vn -0.512918 0.838404 -0.184373
vn -0.512918 0.838404 -0.184373
vn -0.512918 0.838404 -0.184373
vn -0.512918 0.838404 -0.184373
vn 0.530297 -0.843916 0.081182
vn 0.530297 -0.843916 0.081182
vn 0.530297 -0.843916 0.081182
vn 0.530297 -0.843916 0.081182
vn 0.086668 -0.843914 -0.529431
vn 0.086668 -0.843914 -0.529431
vn 0.086668 -0.843914 -0.529432
vn 0.086668 -0.843914 -0.529431
vn 0.016854 0.838409 0.544781
vn 0.016854 0.838409 0.544781
vn 0.016854 0.838409 0.544781
vn 0.016854 0.838409 0.544781
vn 0.161972 -0.878453 -0.449540
vn 0.161971 -0.878453 -0.449540
vn 0.161972 -0.878453 -0.449540
vn 0.161972 -0.878453 -0.449540
vn -0.077971 0.854685 0.513258
vn -0.077971 0.854685 0.513258
vn -0.077971 0.854685 0.513258
vn -0.077971 0.854685 0.513258
vn 0.477593 -0.878451 -0.015118
vn 0.477593 -0.878451 -0.015118
vn 0.477593 -0.878451 -0.015118
vn 0.477593 -0.878451 -0.015118
vn -0.512244 0.854676 -0.084469
vn -0.512244 0.854676 -0.084469
vn -0.512244 0.854676 -0.084469
vn -0.512244 0.854676 -0.084469
vn 0.474342 -0.864687 -0.165277
vn 0.474342 -0.864687 -0.165277
vn 0.474342 -0.864687 -0.165277
vn 0.474342 -0.864687 -0.165277
vn -0.516322 0.854388 0.058589
vn -0.516322 0.854388 0.058589
vn -0.516322 0.854388 0.058589
vn -0.516322 0.854388 0.058589
vn 0.103815 0.854390 0.509156
vn 0.103815 0.854390 0.509156
vn 0.103815 0.854390 0.509156
vn 0.103815 0.854390 0.509156
vn 0.010608 -0.864686 -0.502201
vn 0.010608 -0.864686 -0.502202
vn 0.010608 -0.864686 -0.502201
vn 0.010608 -0.864686 -0.502202
vn -0.544779 0.838411 -0.016838
vn -0.544779 0.838411 -0.016838
vn -0.544779 0.838411 -0.016838
vn -0.544779 0.838411 -0.016838
vn 0.529428 -0.843914 -0.086685
vn 0.529428 -0.843914 -0.086685
vn 0.529428 -0.843914 -0.086685
vn 0.529428 -0.843914 -0.086685
vn -0.081179 -0.843918 -0.530295
vn -0.081179 -0.843918 -0.530295
vn -0.081179 -0.843918 -0.530295
vn -0.081179 -0.843918 -0.530295
vn 0.184381 0.838404 0.512916
vn 0.184381 0.838404 0.512916
vn 0.184381 0.838404 0.512916
vn 0.184381 0.838404 0.512916
vn 0.015135 -0.878450 -0.477595
vn 0.015135 -0.878450 -0.477595
vn 0.015135 -0.878450 -0.477595
vn 0.015135 -0.878450 -0.477595
vn 0.084450 0.854683 0.512235
vn 0.084450 0.854683 0.512235
vn 0.084450 0.854683 0.512235
vn 0.084450 0.854683 0.512235
vn 0.449540 -0.878454 -0.161966
vn 0.449540 -0.878454 -0.161966
vn 0.449540 -0.878454 -0.161966
vn 0.449540 -0.878454 -0.161966
vn -0.513265 0.854681 0.077973
vn -0.513265 0.854681 0.077973
vn -0.513265 0.854681 0.077973
vn -0.513265 0.854681 0.077973
vn 0.400056 -0.864691 -0.303753
vn 0.400056 -0.864690 -0.303753
vn 0.400056 -0.864690 -0.303753
vn 0.400056 -0.864691 -0.303753
vn -0.472959 0.854379 0.215283
vn -0.472959 0.854379 0.215283
vn -0.472959 0.854379 0.215283
vn -0.472959 0.854379 0.215283
vn 0.256066 0.854390 0.452159
vn 0.256066 0.854390 0.452159
vn 0.256066 0.854390 0.452159
vn 0.256066 0.854390 0.452159
vn -0.145093 -0.864697 -0.480882
vn -0.145093 -0.864697 -0.480882
vn -0.145093 -0.864697 -0.480882
vn -0.145093 -0.864697 -0.480882
vn -0.523317 0.838416 0.152313
vn -0.523317 0.838416 0.152313
vn -0.523317 0.838416 0.152313
vn -0.523317 0.838416 0.152313
vn 0.476728 -0.843920 -0.246028
vn 0.476728 -0.843920 -0.246028
vn 0.476728 -0.843920 -0.246028
vn 0.476728 -0.843920 -0.246028
vn -0.241084 -0.843913 -0.479260
vn -0.241084 -0.843912 -0.479260
vn -0.241084 -0.843912 -0.479260
vn -0.241084 -0.843912 -0.479260
vn 0.333861 0.838402 0.430834
vn 0.333861 0.838402 0.430834
vn 0.333861 0.838402 0.430834
vn 0.333861 0.838402 0.430834
vn -0.133195 -0.878454 -0.458888
vn -0.133195 -0.878454 -0.458888
vn -0.133195 -0.878454 -0.458888
vn -0.133195 -0.878454 -0.458888
vn 0.238609 0.854682 0.461069
vn 0.238609 0.854682 0.461069
vn 0.238609 0.854682 0.461069
vn 0.238609 0.854682 0.461069
vn 0.377492 -0.878452 -0.292955
vn 0.377492 -0.878452 -0.292955
vn 0.377492 -0.878452 -0.292955
vn 0.377492 -0.878452 -0.292955
vn -0.464057 0.854678 0.232759
vn -0.464057 0.854678 0.232759
vn -0.464057 0.854678 0.232759
vn -0.464057 0.854678 0.232759
vn 0.206192 -0.875664 -0.436689
vn 0.206192 -0.875664 -0.436689
vn 0.206192 -0.875664 -0.436689
vn 0.206192 -0.875664 -0.436689
vn -0.318762 0.860593 0.397204
vn -0.318762 0.860593 0.397204
vn -0.318762 0.860593 0.397204
vn -0.318762 0.860593 0.397204
vn 0.491325 0.860609 0.133981
vn 0.491325 0.860609 0.133981
vn 0.491325 0.860609 0.133981
vn 0.491325 0.860609 0.133981
vn -0.423488 -0.875662 -0.232108
vn -0.423488 -0.875662 -0.232108
vn -0.423488 -0.875662 -0.232108
vn -0.423488 -0.875662 -0.232108
vn -0.381411 0.847423 0.369325
vn -0.381411 0.847423 0.369325
vn -0.381411 0.847423 0.369325
vn -0.381411 0.847423 0.369325
vn 0.290893 -0.853465 -0.432411
vn 0.290893 -0.853465 -0.432411
vn 0.290893 -0.853465 -0.432411
vn 0.290893 -0.853465 -0.432411
vn -0.489505 -0.853464 -0.178841
vn -0.489505 -0.853464 -0.178841
vn -0.489505 -0.853464 -0.178841
vn -0.489505 -0.853464 -0.178841
vn 0.525655 0.847420 0.074607
vn 0.525655 0.847420 0.074607
vn 0.525655 0.847420 0.074607
vn 0.525655 0.847420 0.074607
vn 0.476878 0.847414 0.233404
vn 0.476878 0.847414 0.233404
vn 0.476878 0.847414 0.233404
vn 0.476878 0.847414 0.233404
vn -0.410267 -0.853481 -0.321329
vn -0.410267 -0.853481 -0.321329
vn -0.410267 -0.853481 -0.321329
vn -0.410267 -0.853481 -0.321329
vn 0.425900 0.860592 0.279269
vn 0.425900 0.860592 0.279269
vn 0.425900 0.860592 0.279269
vn 0.425900 0.860592 0.279269
vn -0.331042 -0.875660 -0.351610
vn -0.331043 -0.875660 -0.351610
vn -0.331042 -0.875660 -0.351610
vn -0.331042 -0.875660 -0.351610
vn -0.476854 0.847431 0.233392
vn -0.476854 0.847431 0.233392
vn -0.476854 0.847431 0.233392
vn -0.476854 0.847431 0.233392
vn 0.410278 -0.853464 -0.321357
vn 0.410278 -0.853464 -0.321357
vn 0.410278 -0.853464 -0.321357
vn 0.410278 -0.853464 -0.321357
vn 0.331056 -0.875659 -0.351601
vn 0.331056 -0.875659 -0.351601
vn 0.331056 -0.875659 -0.351601
vn 0.331056 -0.875659 -0.351601
vn -0.425902 0.860593 0.279262
vn -0.425902 0.860593 0.279262
vn -0.425902 0.860593 0.279262
vn -0.425902 0.860593 0.279262
vn 0.061153 -0.875665 -0.479031
vn 0.061153 -0.875665 -0.479031
vn 0.061153 -0.875665 -0.479031
vn 0.061153 -0.875665 -0.479031
vn -0.180419 0.860596 0.476261
vn -0.180419 0.860596 0.476261
vn -0.180419 0.860596 0.476261
vn -0.180419 0.860596 0.476261
vn 0.508690 0.860604 -0.024403
vn 0.508690 0.860604 -0.024403
vn 0.508690 0.860604 -0.024403
vn 0.508690 0.860604 -0.024403
vn -0.474483 -0.875664 -0.089882
vn -0.474483 -0.875664 -0.089882
vn -0.474483 -0.875664 -0.089882
vn -0.474483 -0.875664 -0.089882
vn -0.248605 0.847423 0.469116
vn -0.248605 0.847423 0.469116
vn -0.248605 0.847423 0.469116
vn -0.248605 0.847423 0.469116
vn 0.143038 -0.853460 -0.501144
vn 0.143038 -0.853460 -0.501145
vn 0.143038 -0.853460 -0.501144
vn 0.143038 -0.853460 -0.501145
vn -0.520804 -0.853469 -0.018817
vn -0.520804 -0.853469 -0.018817
vn -0.520804 -0.853469 -0.018817
vn -0.520804 -0.853469 -0.018817
vn 0.522985 0.847420 -0.091466
vn 0.522985 0.847420 -0.091466
vn 0.522985 0.847420 -0.091466
vn 0.522985 0.847420 -0.091466
vn -0.089868 -0.875666 -0.474481
vn -0.089868 -0.875666 -0.474481
vn -0.089868 -0.875666 -0.474481
vn -0.089868 -0.875666 -0.474481
vn -0.024412 0.860608 0.508682
vn -0.024412 0.860608 0.508682
vn -0.024412 0.860608 0.508682
vn -0.024412 0.860608 0.508682
vn 0.476256 0.860598 -0.180420
vn 0.476256 0.860598 -0.180420
vn 0.476256 0.860598 -0.180420
vn 0.476256 0.860598 -0.180420
vn -0.479047 -0.875656 0.061158
vn -0.479047 -0.875656 0.061158
vn -0.479047 -0.875656 0.061158
vn -0.479047 -0.875656 0.061158
vn -0.091472 0.847420 0.522985
vn -0.091472 0.847420 0.522985
vn -0.091472 0.847420 0.522985
vn -0.091472 0.847420 0.522985
vn -0.018827 -0.853460 -0.520818
vn -0.018827 -0.853460 -0.520818
vn -0.018827 -0.853460 -0.520818
vn -0.018827 -0.853460 -0.520818
vn -0.501137 -0.853463 0.143053
vn -0.501137 -0.853463 0.143053
vn -0.501136 -0.853462 0.143053
vn -0.501137 -0.853462 0.143053
vn 0.469116 0.847422 -0.248606
vn 0.469117 0.847422 -0.248606
vn 0.469116 0.847422 -0.248606
vn 0.469117 0.847422 -0.248606
vn -0.232105 -0.875657 -0.423499
vn -0.232105 -0.875657 -0.423499
vn -0.232105 -0.875657 -0.423499
vn -0.232105 -0.875657 -0.423499
vn 0.133980 0.860602 0.491339
vn 0.133980 0.860602 0.491339
vn 0.133980 0.860602 0.491339
vn 0.133980 0.860602 0.491339
vn 0.397198 0.860599 -0.318754
vn 0.397198 0.860599 -0.318754
vn 0.397198 0.860599 -0.318754
vn 0.397198 0.860599 -0.318754
vn -0.436688 -0.875665 0.206191
vn -0.436688 -0.875665 0.206191
vn -0.436688 -0.875665 0.206191
vn -0.436688 -0.875665 0.206191
vn 0.074622 0.847417 0.525658
vn 0.074622 0.847417 0.525658
vn 0.074622 0.847417 0.525658
vn 0.074622 0.847417 0.525658
vn -0.178847 -0.853463 -0.489504
vn -0.178847 -0.853463 -0.489504
vn -0.178847 -0.853463 -0.489504
vn -0.178847 -0.853463 -0.489504
vn -0.432411 -0.853458 0.290914
vn -0.432411 -0.853458 0.290914
vn -0.432411 -0.853458 0.290914
vn -0.432411 -0.853458 0.290914
vn 0.369344 0.847410 -0.381420
vn 0.369344 0.847410 -0.381420
vn 0.369344 0.847410 -0.381420
vn 0.369344 0.847410 -0.381420
vn -0.351602 -0.875667 -0.331034
vn -0.351602 -0.875667 -0.331034
vn -0.351602 -0.875667 -0.331034
vn -0.351602 -0.875667 -0.331034
vn 0.279251 0.860605 0.425885
vn 0.279251 0.860605 0.425885
vn 0.279251 0.860605 0.425884
vn 0.279251 0.860605 0.425884
vn 0.279248 0.860608 -0.425880
vn 0.279248 0.860608 -0.425880
vn 0.279248 0.860608 -0.425880
vn 0.279248 0.860608 -0.425880
vn -0.351607 -0.875664 0.331037
vn -0.351607 -0.875664 0.331037
vn -0.351607 -0.875664 0.331037
vn -0.351607 -0.875664 0.331037
vn 0.233405 0.847413 0.476878
vn 0.233405 0.847413 0.476878
vn 0.233405 0.847413 0.476878
vn 0.233405 0.847413 0.476878
vn -0.321346 -0.853467 -0.410282
vn -0.321346 -0.853467 -0.410282
vn -0.321346 -0.853467 -0.410282
vn -0.321346 -0.853467 -0.410282
vn -0.321343 -0.853472 0.410274
vn -0.321343 -0.853472 0.410274
vn -0.321343 -0.853472 0.410274
vn -0.321343 -0.853472 0.410274
vn 0.233403 0.847416 -0.476875
vn 0.233403 0.847416 -0.476875
vn 0.233403 0.847416 -0.476875
vn 0.233403 0.847416 -0.476875
vn -0.436694 -0.875665 -0.206178
vn -0.436694 -0.875665 -0.206178
vn -0.436694 -0.875665 -0.206178
vn -0.436694 -0.875665 -0.206178
vn 0.397200 0.860600 0.318748
vn 0.397200 0.860600 0.318748
vn 0.397200 0.860600 0.318748
vn 0.397200 0.860600 0.318748
vn 0.133977 0.860603 -0.491338
vn 0.133977 0.860603 -0.491338
vn 0.133977 0.860603 -0.491338
vn 0.133977 0.860603 -0.491338
vn -0.232113 -0.875657 0.423496
vn -0.232113 -0.875657 0.423496
vn -0.232113 -0.875657 0.423496
vn -0.232113 -0.875657 0.423496
vn 0.369344 0.847413 0.381414
vn 0.369344 0.847413 0.381414
vn 0.369344 0.847413 0.381414
vn 0.369344 0.847413 0.381414
vn -0.432415 -0.853459 -0.290905
vn -0.432415 -0.853459 -0.290905
vn -0.432415 -0.853459 -0.290905
vn -0.432415 -0.853459 -0.290905
vn -0.178840 -0.853457 0.489517
vn -0.178840 -0.853457 0.489517
vn -0.178840 -0.853457 0.489517
vn -0.178840 -0.853457 0.489517
vn 0.074619 0.847422 -0.525651
vn 0.074619 0.847422 -0.525651
vn 0.074619 0.847422 -0.525651
vn 0.074619 0.847422 -0.525651
vn -0.479041 -0.875659 -0.061165
vn -0.479041 -0.875659 -0.061165
vn -0.479041 -0.875659 -0.061165
vn -0.479041 -0.875659 -0.061165
vn 0.476260 0.860596 0.180420
vn 0.476260 0.860596 0.180420
vn 0.476260 0.860596 0.180420
vn 0.476260 0.860596 0.180420
vn -0.024414 0.860603 -0.508691
vn -0.024414 0.860603 -0.508691
vn -0.024414 0.860603 -0.508691
vn -0.024414 0.860603 -0.508691
vn -0.089871 -0.875663 0.474487
vn -0.089871 -0.875663 0.474487
vn -0.089871 -0.875663 0.474487
vn -0.089871 -0.875663 0.474487
vn 0.469136 0.847412 0.248606
vn 0.469136 0.847412 0.248606
vn 0.469136 0.847412 0.248606
vn 0.469136 0.847412 0.248606
vn -0.501130 -0.853467 -0.143048
vn -0.501130 -0.853467 -0.143048
vn -0.501130 -0.853467 -0.143048
vn -0.501130 -0.853467 -0.143048
vn -0.018821 -0.853461 0.520816
vn -0.018821 -0.853461 0.520816
vn -0.018821 -0.853461 0.520816
vn -0.018821 -0.853461 0.520816
vn -0.091473 0.847426 -0.522975
vn -0.091473 0.847426 -0.522975
vn -0.091473 0.847426 -0.522975
vn -0.091473 0.847426 -0.522975
vn -0.474477 -0.875668 0.089878
vn -0.474477 -0.875668 0.089878
vn -0.474477 -0.875668 0.089878
vn -0.474477 -0.875668 0.089878
vn 0.508685 0.860607 0.024403
vn 0.508685 0.860607 0.024403
vn 0.508685 0.860607 0.024403
vn 0.508685 0.860607 0.024403
vn -0.180412 0.860601 -0.476254
vn -0.180412 0.860601 -0.476254
vn -0.180412 0.860601 -0.476254
vn -0.180412 0.860601 -0.476254
vn 0.061144 -0.875662 0.479038
vn 0.061144 -0.875662 0.479038
vn 0.061144 -0.875662 0.479038
vn 0.061144 -0.875662 0.479038
vn 0.522995 0.847412 0.091482
vn 0.522995 0.847412 0.091482
vn 0.522995 0.847412 0.091482
vn 0.522995 0.847412 0.091482
vn -0.520818 -0.853460 0.018813
vn -0.520818 -0.853460 0.018813
vn -0.520818 -0.853460 0.018813
vn -0.520818 -0.853460 0.018813
vn 0.143034 -0.853465 0.501137
vn 0.143034 -0.853465 0.501138
vn 0.143034 -0.853465 0.501137
vn 0.143034 -0.853465 0.501137
vn -0.248603 0.847430 -0.469104
vn -0.248603 0.847430 -0.469104
vn -0.248603 0.847430 -0.469104
vn -0.248603 0.847430 -0.469104
vn -0.423484 -0.875664 0.232109
vn -0.423484 -0.875664 0.232109
vn -0.423484 -0.875664 0.232109
vn -0.423484 -0.875664 0.232109
vn 0.491330 0.860606 -0.133984
vn 0.491330 0.860606 -0.133984
vn 0.491330 0.860606 -0.133984
vn 0.491330 0.860606 -0.133984
vn -0.318758 0.860596 -0.397200
vn -0.318758 0.860596 -0.397200
vn -0.318758 0.860596 -0.397200
vn -0.318758 0.860596 -0.397200
vn 0.206191 -0.875659 0.436699
vn 0.206191 -0.875659 0.436699
vn 0.206191 -0.875659 0.436699
vn 0.206191 -0.875659 0.436699
vn 0.525664 0.847414 -0.074614
vn 0.525664 0.847414 -0.074614
vn 0.525664 0.847414 -0.074614
vn 0.525664 0.847414 -0.074614
vn -0.489511 -0.853463 0.178830
vn -0.489511 -0.853463 0.178830
vn -0.489511 -0.853463 0.178830
vn -0.489511 -0.853463 0.178830
vn 0.290876 -0.853491 0.432371
vn 0.290876 -0.853491 0.432371
vn 0.290876 -0.853491 0.432371
vn 0.290876 -0.853491 0.432371
vn -0.381403 0.847427 -0.369322
vn -0.381403 0.847427 -0.369322
vn -0.381403 0.847427 -0.369322
vn -0.381403 0.847427 -0.369322
vn -0.331036 -0.875666 0.351603
vn -0.331036 -0.875666 0.351603
vn -0.331036 -0.875666 0.351603
vn -0.331036 -0.875666 0.351603
vn 0.425892 0.860597 -0.279264
vn 0.425892 0.860597 -0.279264
vn 0.425892 0.860597 -0.279264
vn 0.425892 0.860597 -0.279264
vn -0.425906 0.860590 -0.279264
vn -0.425906 0.860590 -0.279264
vn -0.425906 0.860590 -0.279264
vn -0.425906 0.860590 -0.279264
vn 0.331045 -0.875665 0.351596
vn 0.331045 -0.875665 0.351596
vn 0.331045 -0.875665 0.351596
vn 0.331045 -0.875665 0.351596
vn 0.476874 0.847418 -0.233396
vn 0.476874 0.847418 -0.233396
vn 0.476874 0.847418 -0.233396
vn 0.476874 0.847418 -0.233396
vn -0.410266 -0.853483 0.321325
vn -0.410266 -0.853483 0.321325
vn -0.410266 -0.853483 0.321324
vn -0.410266 -0.853483 0.321324
vn 0.410276 -0.853467 0.321353
vn 0.410276 -0.853467 0.321353
vn 0.410276 -0.853467 0.321353
vn 0.410276 -0.853467 0.321353
vn -0.476845 0.847437 -0.233384
vn -0.476845 0.847438 -0.233384
vn -0.476845 0.847437 -0.233384
vn -0.476845 0.847438 -0.233384
vn -0.206190 -0.875661 0.436697
vn -0.206190 -0.875660 0.436697
vn -0.206190 -0.875661 0.436697
vn -0.206190 -0.875661 0.436697
vn 0.318754 0.860599 -0.397196
vn 0.318754 0.860599 -0.397196
vn 0.318754 0.860599 -0.397196
vn 0.318754 0.860599 -0.397196
vn -0.491325 0.860609 -0.133983
vn -0.491325 0.860609 -0.133983
vn -0.491325 0.860609 -0.133983
vn -0.491325 0.860609 -0.133983
vn 0.423495 -0.875662 0.232094
vn 0.423495 -0.875662 0.232094
vn 0.423495 -0.875663 0.232094
vn 0.423495 -0.875663 0.232094
vn 0.381416 0.847410 -0.369348
vn 0.381416 0.847410 -0.369348
vn 0.381416 0.847410 -0.369348
vn 0.381416 0.847410 -0.369348
vn -0.290905 -0.853459 0.432415
vn -0.290905 -0.853459 0.432415
vn -0.290905 -0.853459 0.432415
vn -0.290905 -0.853459 0.432415
vn 0.489508 -0.853460 0.178854
vn 0.489508 -0.853460 0.178854
vn 0.489508 -0.853460 0.178854
vn 0.489508 -0.853460 0.178854
vn -0.525650 0.847422 -0.074611
vn -0.525650 0.847422 -0.074611
vn -0.525650 0.847422 -0.074611
vn -0.525650 0.847423 -0.074611
vn -0.061153 -0.875665 0.479031
vn -0.061153 -0.875665 0.479031
vn -0.061153 -0.875665 0.479031
vn -0.061153 -0.875665 0.479031
vn 0.180418 0.860597 -0.476258
vn 0.180418 0.860597 -0.476258
vn 0.180418 0.860597 -0.476258
vn 0.180418 0.860597 -0.476258
vn -0.508685 0.860607 0.024395
vn -0.508685 0.860607 0.024395
vn -0.508685 0.860607 0.024395
vn -0.508685 0.860607 0.024395
vn 0.474477 -0.875668 0.089871
vn 0.474477 -0.875668 0.089871
vn 0.474477 -0.875668 0.089871
vn 0.474477 -0.875668 0.089871
vn 0.248601 0.847422 -0.469120
vn 0.248601 0.847422 -0.469120
vn 0.248601 0.847422 -0.469120
vn 0.248601 0.847422 -0.469120
vn -0.143038 -0.853464 0.501139
vn -0.143038 -0.853464 0.501139
vn -0.143038 -0.853464 0.501139
vn -0.143038 -0.853464 0.501139
vn 0.520817 -0.853461 0.018836
vn 0.520817 -0.853461 0.018836
vn 0.520817 -0.853461 0.018836
vn 0.520817 -0.853461 0.018836
vn -0.522984 0.847420 0.091470
vn -0.522984 0.847420 0.091470
vn -0.522984 0.847420 0.091470
vn -0.522984 0.847420 0.091470
vn 0.089877 -0.875657 0.474496
vn 0.089877 -0.875657 0.474496
vn 0.089877 -0.875657 0.474496
vn 0.089877 -0.875657 0.474496
vn 0.024411 0.860603 -0.508691
vn 0.024411 0.860603 -0.508691
vn 0.024411 0.860603 -0.508691
vn 0.024411 0.860603 -0.508691
vn -0.476254 0.860601 0.180412
vn -0.476254 0.860601 0.180412
vn -0.476254 0.860601 0.180412
vn -0.476254 0.860601 0.180412
vn 0.479034 -0.875664 -0.061147
vn 0.479034 -0.875664 -0.061147
vn 0.479034 -0.875664 -0.061147
vn 0.479034 -0.875664 -0.061147
vn 0.091464 0.847427 -0.522975
vn 0.091464 0.847427 -0.522975
vn 0.091464 0.847426 -0.522975
vn 0.091464 0.847426 -0.522975
vn 0.018823 -0.853462 0.520815
vn 0.018823 -0.853462 0.520815
vn 0.018823 -0.853462 0.520815
vn 0.018823 -0.853462 0.520815
vn 0.501149 -0.853457 -0.143039
vn 0.501149 -0.853457 -0.143039
vn 0.501149 -0.853457 -0.143039
vn 0.501149 -0.853457 -0.143039
vn -0.469116 0.847426 0.248595
vn -0.469116 0.847426 0.248595
vn -0.469116 0.847426 0.248595
vn -0.469116 0.847426 0.248595
vn 0.232097 -0.875664 0.423490
vn 0.232097 -0.875664 0.423490
vn 0.232097 -0.875664 0.423490
vn 0.232097 -0.875664 0.423490
vn -0.133985 0.860599 -0.491343
vn -0.133985 0.860599 -0.491343
vn -0.133985 0.860599 -0.491343
vn -0.133985 0.860599 -0.491343
vn -0.397203 0.860602 0.318738
vn -0.397203 0.860602 0.318738
vn -0.397203 0.860602 0.318738
vn -0.397203 0.860602 0.318738
vn 0.436688 -0.875667 -0.206183
vn 0.436688 -0.875667 -0.206183
vn 0.436688 -0.875667 -0.206183
vn 0.436688 -0.875667 -0.206183
vn -0.074618 0.847427 -0.525643
vn -0.074618 0.847427 -0.525643
vn -0.074618 0.847427 -0.525643
vn -0.074618 0.847427 -0.525643
vn 0.178842 -0.853470 0.489494
vn 0.178842 -0.853470 0.489494
vn 0.178842 -0.853470 0.489494
vn 0.178842 -0.853470 0.489494
vn 0.432418 -0.853461 -0.290893
vn 0.432418 -0.853461 -0.290893
vn 0.432418 -0.853461 -0.290893
vn 0.432418 -0.853461 -0.290893
vn -0.369327 0.847424 0.381406
vn -0.369327 0.847424 0.381406
vn -0.369327 0.847424 0.381406
vn -0.369327 0.847424 0.381406
vn 0.351612 -0.875660 0.331042
vn 0.351612 -0.875660 0.331042
vn 0.351612 -0.875660 0.331042
vn 0.351612 -0.875660 0.331042
vn -0.279249 0.860607 -0.425882
vn -0.279249 0.860607 -0.425882
vn -0.279249 0.860607 -0.425882
vn -0.279249 0.860607 -0.425882
vn -0.279258 0.860595 0.425900
vn -0.279258 0.860595 0.425900
vn -0.279258 0.860595 0.425900
vn -0.279258 0.860595 0.425900
vn 0.351598 -0.875666 -0.331041
vn 0.351598 -0.875666 -0.331041
vn 0.351598 -0.875666 -0.331041
vn 0.351598 -0.875666 -0.331041
vn -0.233396 0.847424 -0.476864
vn -0.233396 0.847424 -0.476864
vn -0.233396 0.847424 -0.476864
vn -0.233396 0.847424 -0.476864
vn 0.321349 -0.853468 0.410276
vn 0.321349 -0.853468 0.410276
vn 0.321349 -0.853468 0.410276
vn 0.321349 -0.853468 0.410276
vn 0.321361 -0.853456 -0.410294
vn 0.321361 -0.853456 -0.410294
vn 0.321361 -0.853456 -0.410294
vn 0.321361 -0.853456 -0.410294
vn -0.233393 0.847424 0.476866
vn -0.233393 0.847424 0.476866
vn -0.233393 0.847424 0.476866
vn -0.233393 0.847424 0.476866
vn 0.436699 -0.875658 0.206198
vn 0.436699 -0.875658 0.206198
vn 0.436699 -0.875658 0.206198
vn 0.436699 -0.875658 0.206198
vn -0.397190 0.860603 -0.318751
vn -0.397190 0.860603 -0.318751
vn -0.397190 0.860603 -0.318751
vn -0.397190 0.860603 -0.318751
vn -0.133984 0.860597 0.491346
vn -0.133984 0.860597 0.491346
vn -0.133984 0.860597 0.491346
vn -0.133984 0.860597 0.491346
vn 0.232111 -0.875655 -0.423500
vn 0.232111 -0.875655 -0.423500
vn 0.232111 -0.875655 -0.423500
vn 0.232111 -0.875655 -0.423500
vn -0.369344 0.847415 -0.381409
vn -0.369344 0.847415 -0.381409
vn -0.369344 0.847415 -0.381409
vn -0.369344 0.847415 -0.381409
vn 0.432419 -0.853458 0.290899
vn 0.432419 -0.853459 0.290899
vn 0.432419 -0.853459 0.290899
vn 0.432419 -0.853459 0.290899
vn 0.178843 -0.853469 -0.489496
vn 0.178843 -0.853469 -0.489496
vn 0.178843 -0.853469 -0.489496
vn 0.178843 -0.853469 -0.489496
vn -0.074621 0.847425 0.525645
vn -0.074621 0.847425 0.525645
vn -0.074621 0.847425 0.525645
vn -0.074621 0.847425 0.525645
vn 0.479050 -0.875654 0.061164
vn 0.479050 -0.875654 0.061164
vn 0.479050 -0.875654 0.061164
vn 0.479050 -0.875654 0.061164
vn -0.476247 0.860605 -0.180412
vn -0.476247 0.860605 -0.180412
vn -0.476247 0.860604 -0.180412
vn -0.476247 0.860605 -0.180412
vn 0.024413 0.860603 0.508691
vn 0.024413 0.860603 0.508691
vn 0.024413 0.860603 0.508691
vn 0.024413 0.860603 0.508691
vn 0.089876 -0.875655 -0.474501
vn 0.089876 -0.875655 -0.474501
vn 0.089876 -0.875655 -0.474501
vn 0.089876 -0.875655 -0.474501
vn -0.469111 0.847426 -0.248604
vn -0.469111 0.847426 -0.248604
vn -0.469111 0.847426 -0.248604
vn -0.469111 0.847426 -0.248604
vn 0.501151 -0.853457 0.143037
vn 0.501151 -0.853457 0.143037
vn 0.501151 -0.853457 0.143037
vn 0.501151 -0.853457 0.143037
vn 0.018832 -0.853468 -0.520805
vn 0.018832 -0.853468 -0.520805
vn 0.018832 -0.853468 -0.520805
vn 0.018832 -0.853468 -0.520805
vn 0.091475 0.847416 0.522991
vn 0.091475 0.847416 0.522991
vn 0.091475 0.847416 0.522991
vn 0.091475 0.847416 0.522990
vn 0.474473 -0.875670 -0.089871
vn 0.474473 -0.875670 -0.089871
vn 0.474473 -0.875670 -0.089871
vn 0.474473 -0.875670 -0.089871
vn -0.508690 0.860604 -0.024396
vn -0.508690 0.860604 -0.024396
vn -0.508690 0.860604 -0.024396
vn -0.508690 0.860604 -0.024396
vn 0.180412 0.860601 0.476254
vn 0.180412 0.860601 0.476254
vn 0.180412 0.860601 0.476254
vn 0.180412 0.860601 0.476254
vn -0.061152 -0.875668 -0.479025
vn -0.061153 -0.875668 -0.479025
vn -0.061153 -0.875668 -0.479025
vn -0.061153 -0.875668 -0.479025
vn -0.522964 0.847433 -0.091463
vn -0.522964 0.847433 -0.091463
vn -0.522964 0.847433 -0.091463
vn -0.522964 0.847433 -0.091463
vn 0.520809 -0.853465 -0.018842
vn 0.520809 -0.853465 -0.018842
vn 0.520809 -0.853465 -0.018842
vn 0.520809 -0.853465 -0.018842
vn -0.143040 -0.853463 -0.501139
vn -0.143040 -0.853463 -0.501139
vn -0.143040 -0.853463 -0.501139
vn -0.143040 -0.853463 -0.501139
vn 0.248601 0.847422 0.469120
vn 0.248601 0.847422 0.469120
vn 0.248601 0.847422 0.469120
vn 0.248601 0.847422 0.469120
vn 0.423495 -0.875663 -0.232091
vn 0.423495 -0.875663 -0.232091
vn 0.423495 -0.875663 -0.232091
vn 0.423495 -0.875663 -0.232091
vn -0.491329 0.860607 0.133982
vn -0.491329 0.860607 0.133982
vn -0.491329 0.860607 0.133982
vn -0.491330 0.860607 0.133982
vn 0.318758 0.860596 0.397200
vn 0.318758 0.860596 0.397200
vn 0.318758 0.860596 0.397200
vn 0.318758 0.860596 0.397200
vn -0.206192 -0.875662 -0.436693
vn -0.206192 -0.875662 -0.436693
vn -0.206192 -0.875662 -0.436693
vn -0.206192 -0.875662 -0.436693
vn -0.525644 0.847426 0.074610
vn -0.525644 0.847426 0.074610
vn -0.525644 0.847426 0.074610
vn -0.525644 0.847426 0.074610
vn 0.489504 -0.853462 -0.178853
vn 0.489504 -0.853462 -0.178853
vn 0.489504 -0.853462 -0.178853
vn 0.489504 -0.853462 -0.178853
vn -0.290906 -0.853456 -0.432420
vn -0.290906 -0.853456 -0.432420
vn -0.290906 -0.853456 -0.432420
vn -0.290906 -0.853456 -0.432420
vn 0.381416 0.847412 0.369344
vn 0.381416 0.847412 0.369344
vn 0.381416 0.847412 0.369344
vn 0.381416 0.847412 0.369344
vn 0.256754 -0.888269 -0.380862
vn 0.256754 -0.888269 -0.380862
vn 0.256754 -0.888269 -0.380862
vn 0.256754 -0.888269 -0.380862
vn -0.372804 0.866910 0.330885
vn -0.372804 0.866910 0.330885
vn -0.372804 0.866910 0.330885
vn -0.372804 0.866910 0.330885
vn 0.496086 0.866915 0.048558
vn 0.496086 0.866915 0.048558
vn 0.496086 0.866915 0.048558
vn 0.496086 0.866915 0.048558
vn -0.431584 -0.888267 -0.157215
vn -0.431584 -0.888267 -0.157215
vn -0.431584 -0.888267 -0.157215
vn -0.431584 -0.888267 -0.157215
vn -0.418887 0.857330 0.299197
vn -0.418887 0.857330 0.299197
vn -0.418887 0.857330 0.299197
vn -0.418887 0.857330 0.299197
vn 0.329928 -0.867419 -0.372468
vn 0.329928 -0.867419 -0.372468
vn 0.329928 -0.867419 -0.372468
vn 0.329928 -0.867419 -0.372468
vn -0.485862 -0.867412 -0.107400
vn -0.485862 -0.867412 -0.107400
vn -0.485862 -0.867412 -0.107400
vn -0.485862 -0.867412 -0.107400
vn 0.514753 0.857328 -0.004156
vn 0.514753 0.857328 -0.004156
vn 0.514753 0.857328 -0.004156
vn 0.514753 0.857328 -0.004156
vn 0.490874 0.857313 0.155107
vn 0.490874 0.857313 0.155107
vn 0.490874 0.857313 0.155107
vn 0.490874 0.857313 0.155107
vn -0.428889 -0.867416 -0.252276
vn -0.428889 -0.867416 -0.252276
vn -0.428889 -0.867416 -0.252276
vn -0.428889 -0.867416 -0.252276
vn 0.456803 0.866912 0.199486
vn 0.456803 0.866912 0.199486
vn 0.456803 0.866912 0.199486
vn 0.456803 0.866912 0.199486
vn -0.361869 -0.888271 -0.282887
vn -0.361869 -0.888271 -0.282887
vn -0.361869 -0.888271 -0.282887
vn -0.361869 -0.888271 -0.282887
vn -0.490845 0.857327 0.155119
vn -0.490845 0.857327 0.155119
vn -0.490845 0.857327 0.155119
vn -0.490845 0.857327 0.155119
vn 0.428880 -0.867420 -0.252279
vn 0.428880 -0.867420 -0.252279
vn 0.428880 -0.867420 -0.252279
vn 0.428880 -0.867420 -0.252279
vn 0.361882 -0.888261 -0.282902
vn 0.361882 -0.888261 -0.282902
vn 0.361882 -0.888261 -0.282902
vn 0.361882 -0.888261 -0.282902
vn -0.456810 0.866908 0.199488
vn -0.456810 0.866908 0.199488
vn -0.456810 0.866908 0.199488
vn -0.456810 0.866908 0.199488
vn 0.126494 -0.888263 -0.441574
vn 0.126494 -0.888263 -0.441574
vn 0.126494 -0.888263 -0.441574
vn 0.126494 -0.888263 -0.441574
vn -0.252315 0.866912 0.429884
vn -0.252315 0.866912 0.429884
vn -0.252315 0.866912 0.429884
vn -0.252315 0.866912 0.429884
vn 0.486825 0.866906 -0.107125
vn 0.486825 0.866906 -0.107125
vn 0.486825 0.866906 -0.107124
vn 0.486825 0.866906 -0.107124
vn -0.459050 -0.888264 -0.016146
vn -0.459050 -0.888264 -0.016146
vn -0.459050 -0.888264 -0.016146
vn -0.459050 -0.888264 -0.016146
vn -0.305933 0.857326 0.414002
vn -0.305933 0.857326 0.414002
vn -0.305933 0.857326 0.414002
vn -0.305933 0.857326 0.414002
vn 0.198685 -0.867417 -0.456193
vn 0.198685 -0.867417 -0.456193
vn 0.198685 -0.867417 -0.456193
vn 0.198685 -0.867417 -0.456193
vn -0.495269 -0.867414 0.047988
vn -0.495269 -0.867414 0.047988
vn -0.495269 -0.867414 0.047988
vn -0.495269 -0.867414 0.047988
vn 0.488285 0.857320 -0.163033
vn 0.488285 0.857320 -0.163033
vn 0.488285 0.857320 -0.163033
vn 0.488285 0.857320 -0.163033
vn -0.016149 -0.888261 -0.459054
vn -0.016149 -0.888261 -0.459054
vn -0.016149 -0.888261 -0.459054
vn -0.016149 -0.888261 -0.459054
vn -0.107123 0.866899 0.486837
vn -0.107123 0.866899 0.486837
vn -0.107123 0.866899 0.486837
vn -0.107123 0.866900 0.486837
vn 0.429893 0.866909 -0.252312
vn 0.429893 0.866909 -0.252312
vn 0.429893 0.866909 -0.252312
vn 0.429893 0.866909 -0.252312
vn -0.441570 -0.888265 0.126496
vn -0.441570 -0.888265 0.126496
vn -0.441570 -0.888265 0.126496
vn -0.441570 -0.888265 0.126496
vn -0.163024 0.857327 0.488276
vn -0.163024 0.857327 0.488276
vn -0.163024 0.857327 0.488276
vn -0.163024 0.857327 0.488276
vn 0.047990 -0.867418 -0.495261
vn 0.047990 -0.867418 -0.495261
vn 0.047990 -0.867418 -0.495261
vn 0.047990 -0.867418 -0.495261
vn -0.456196 -0.867414 0.198689
vn -0.456196 -0.867414 0.198689
vn -0.456196 -0.867414 0.198689
vn -0.456196 -0.867414 0.198689
vn 0.414011 0.857319 -0.305940
vn 0.414011 0.857319 -0.305940
vn 0.414011 0.857319 -0.305940
vn 0.414011 0.857319 -0.305940
vn -0.157222 -0.888261 -0.431594
vn -0.157222 -0.888261 -0.431594
vn -0.157222 -0.888261 -0.431594
vn -0.157222 -0.888261 -0.431594
vn 0.048561 0.866912 0.496091
vn 0.048561 0.866912 0.496091
vn 0.048561 0.866912 0.496091
vn 0.048561 0.866912 0.496091
vn 0.330877 0.866911 -0.372808
vn 0.330877 0.866911 -0.372808
vn 0.330877 0.866911 -0.372808
vn 0.330877 0.866911 -0.372808
vn -0.380865 -0.888268 0.256754
vn -0.380865 -0.888268 0.256754
vn -0.380865 -0.888268 0.256754
vn -0.380865 -0.888268 0.256754
vn -0.004163 0.857320 0.514767
vn -0.004163 0.857320 0.514767
vn -0.004163 0.857320 0.514767
vn -0.004163 0.857320 0.514766
vn -0.107405 -0.867414 -0.485858
vn -0.107405 -0.867414 -0.485858
vn -0.107405 -0.867414 -0.485858
vn -0.107405 -0.867414 -0.485858
vn -0.372467 -0.867414 0.329943
vn -0.372467 -0.867414 0.329943
vn -0.372467 -0.867414 0.329943
vn -0.372467 -0.867414 0.329943
vn 0.299198 0.857327 -0.418892
vn 0.299198 0.857327 -0.418892
vn 0.299198 0.857327 -0.418892
vn 0.299198 0.857327 -0.418892
vn -0.282898 -0.888264 -0.361878
vn -0.282898 -0.888264 -0.361878
vn -0.282898 -0.888264 -0.361878
vn -0.282898 -0.888264 -0.361878
vn 0.199487 0.866914 0.456799
vn 0.199487 0.866914 0.456799
vn 0.199487 0.866914 0.456799
vn 0.199487 0.866914 0.456799
vn 0.199484 0.866915 -0.456798
vn 0.199484 0.866915 -0.456798
vn 0.199484 0.866915 -0.456798
vn 0.199484 0.866915 -0.456798
vn -0.282894 -0.888264 0.361882
vn -0.282894 -0.888264 0.361882
vn -0.282894 -0.888264 0.361882
vn -0.282894 -0.888264 0.361882
vn 0.155114 0.857327 0.490846
vn 0.155114 0.857327 0.490846
vn 0.155114 0.857327 0.490846
vn 0.155114 0.857327 0.490846
vn -0.252281 -0.867417 -0.428884
vn -0.252281 -0.867417 -0.428884
vn -0.252281 -0.867417 -0.428884
vn -0.252281 -0.867417 -0.428884
vn -0.252282 -0.867421 0.428876
vn -0.252282 -0.867421 0.428876
vn -0.252282 -0.867421 0.428876
vn -0.252282 -0.867421 0.428876
vn 0.155112 0.857324 -0.490852
vn 0.155112 0.857324 -0.490852
vn 0.155112 0.857324 -0.490852
vn 0.155112 0.857324 -0.490852
vn -0.380876 -0.888262 -0.256758
vn -0.380876 -0.888262 -0.256758
vn -0.380876 -0.888262 -0.256758
vn -0.380875 -0.888262 -0.256758
vn 0.330881 0.866911 0.372803
vn 0.330881 0.866911 0.372803
vn 0.330881 0.866911 0.372803
vn 0.330881 0.866911 0.372803
vn 0.048559 0.866917 -0.496082
vn 0.048559 0.866917 -0.496082
vn 0.048559 0.866917 -0.496082
vn 0.048559 0.866917 -0.496082
vn -0.157219 -0.888261 0.431595
vn -0.157219 -0.888261 0.431595
vn -0.157219 -0.888261 0.431595
vn -0.157219 -0.888261 0.431595
vn 0.299198 0.857326 0.418894
vn 0.299198 0.857326 0.418894
vn 0.299198 0.857326 0.418894
vn 0.299198 0.857326 0.418894
vn -0.372466 -0.867414 -0.329943
vn -0.372466 -0.867414 -0.329943
vn -0.372466 -0.867414 -0.329943
vn -0.372466 -0.867414 -0.329943
vn -0.107400 -0.867418 0.485852
vn -0.107400 -0.867418 0.485852
vn -0.107400 -0.867418 0.485852
vn -0.107400 -0.867418 0.485852
vn -0.004164 0.857320 -0.514766
vn -0.004164 0.857320 -0.514766
vn -0.004164 0.857320 -0.514766
vn -0.004164 0.857320 -0.514766
vn -0.441564 -0.888267 -0.126504
vn -0.441564 -0.888267 -0.126504
vn -0.441564 -0.888267 -0.126504
vn -0.441564 -0.888267 -0.126504
vn 0.429900 0.866904 0.252316
vn 0.429900 0.866904 0.252316
vn 0.429900 0.866904 0.252316
vn 0.429900 0.866904 0.252316
vn -0.107126 0.866903 -0.486830
vn -0.107126 0.866903 -0.486830
vn -0.107126 0.866903 -0.486830
vn -0.107126 0.866903 -0.486830
vn -0.016150 -0.888266 0.459045
vn -0.016150 -0.888266 0.459045
vn -0.016150 -0.888266 0.459045
vn -0.016150 -0.888266 0.459045
vn 0.414001 0.857325 0.305936
vn 0.414001 0.857325 0.305936
vn 0.414001 0.857325 0.305936
vn 0.414001 0.857325 0.305936
vn -0.456194 -0.867415 -0.198689
vn -0.456194 -0.867416 -0.198689
vn -0.456194 -0.867415 -0.198689
vn -0.456194 -0.867415 -0.198689
vn 0.047992 -0.867414 0.495267
vn 0.047992 -0.867414 0.495267
vn 0.047992 -0.867414 0.495267
vn 0.047992 -0.867414 0.495267
vn -0.163033 0.857320 -0.488285
vn -0.163033 0.857320 -0.488285
vn -0.163033 0.857320 -0.488285
vn -0.163033 0.857320 -0.488285
vn -0.459034 -0.888272 0.016153
vn -0.459034 -0.888272 0.016153
vn -0.459034 -0.888272 0.016153
vn -0.459034 -0.888272 0.016153
vn 0.486815 0.866913 0.107113
vn 0.486815 0.866913 0.107113
vn 0.486815 0.866913 0.107113
vn 0.486815 0.866913 0.107113
vn -0.252310 0.866910 -0.429891
vn -0.252310 0.866910 -0.429892
vn -0.252310 0.866910 -0.429891
vn -0.252310 0.866910 -0.429892
vn 0.126495 -0.888258 0.441585
vn 0.126495 -0.888258 0.441585
vn 0.126495 -0.888258 0.441585
vn 0.126495 -0.888258 0.441585
vn 0.488282 0.857323 0.163029
vn 0.488282 0.857323 0.163029
vn 0.488282 0.857323 0.163029
vn 0.488282 0.857323 0.163029
vn -0.495270 -0.867413 -0.047987
vn -0.495270 -0.867413 -0.047987
vn -0.495270 -0.867413 -0.047987
vn -0.495270 -0.867413 -0.047987
vn 0.198685 -0.867412 0.456203
vn 0.198685 -0.867412 0.456203
vn 0.198685 -0.867412 0.456203
vn 0.198685 -0.867412 0.456203
vn -0.305933 0.857324 -0.414006
vn -0.305933 0.857324 -0.414006
vn -0.305933 0.857324 -0.414006
vn -0.305933 0.857324 -0.414006
vn -0.431587 -0.888265 0.157218
vn -0.431587 -0.888265 0.157218
vn -0.431587 -0.888265 0.157218
vn -0.431587 -0.888265 0.157218
vn 0.496082 0.866917 -0.048558
vn 0.496082 0.866917 -0.048558
vn 0.496082 0.866917 -0.048558
vn 0.496082 0.866917 -0.048558
vn -0.372807 0.866909 -0.330884
vn -0.372807 0.866909 -0.330884
vn -0.372807 0.866909 -0.330883
vn -0.372807 0.866909 -0.330883
vn 0.256752 -0.888263 0.380877
vn 0.256752 -0.888263 0.380877
vn 0.256752 -0.888263 0.380877
vn 0.256752 -0.888263 0.380877
vn 0.514756 0.857327 0.004156
vn 0.514756 0.857327 0.004156
vn 0.514756 0.857327 0.004156
vn 0.514756 0.857327 0.004156
vn -0.485849 -0.867419 0.107397
vn -0.485849 -0.867419 0.107397
vn -0.485849 -0.867419 0.107397
vn -0.485849 -0.867419 0.107397
vn 0.329929 -0.867417 0.372472
vn 0.329929 -0.867417 0.372472
vn 0.329929 -0.867417 0.372472
vn 0.329929 -0.867417 0.372472
vn -0.418887 0.857330 -0.299197
vn -0.418887 0.857330 -0.299197
vn -0.418887 0.857330 -0.299197
vn -0.418887 0.857330 -0.299197
vn -0.361874 -0.888268 0.282890
vn -0.361874 -0.888268 0.282890
vn -0.361874 -0.888268 0.282890
vn -0.361874 -0.888268 0.282890
vn 0.456801 0.866914 -0.199484
vn 0.456801 0.866914 -0.199484
vn 0.456801 0.866914 -0.199484
vn 0.456801 0.866914 -0.199484
vn -0.456813 0.866906 -0.199487
vn -0.456813 0.866906 -0.199487
vn -0.456813 0.866906 -0.199487
vn -0.456813 0.866906 -0.199487
vn 0.361882 -0.888263 0.282898
vn 0.361882 -0.888262 0.282898
vn 0.361882 -0.888263 0.282898
vn 0.361882 -0.888263 0.282898
vn 0.490865 0.857318 -0.155102
vn 0.490865 0.857318 -0.155102
vn 0.490865 0.857318 -0.155102
vn 0.490865 0.857318 -0.155102
vn -0.428900 -0.867409 0.252282
vn -0.428900 -0.867409 0.252282
vn -0.428900 -0.867409 0.252282
vn -0.428900 -0.867409 0.252282
vn 0.428891 -0.867413 0.252285
vn 0.428891 -0.867413 0.252285
vn 0.428891 -0.867413 0.252285
vn 0.428891 -0.867413 0.252285
vn -0.490854 0.857321 -0.155119
vn -0.490854 0.857321 -0.155119
vn -0.490855 0.857321 -0.155119
vn -0.490855 0.857321 -0.155119
vn -0.256762 -0.888262 0.380873
vn -0.256762 -0.888262 0.380873
vn -0.256762 -0.888262 0.380873
vn -0.256762 -0.888262 0.380873
vn 0.372819 0.866901 -0.330891
vn 0.372819 0.866901 -0.330891
vn 0.372819 0.866901 -0.330891
vn 0.372819 0.866901 -0.330891
vn -0.496091 0.866912 -0.048558
vn -0.496091 0.866912 -0.048558
vn -0.496091 0.866912 -0.048558
vn -0.496091 0.866912 -0.048558
vn 0.431592 -0.888264 0.157216
vn 0.431592 -0.888264 0.157216
vn 0.431591 -0.888263 0.157216
vn 0.431592 -0.888263 0.157216
vn 0.418900 0.857323 -0.299200
vn 0.418900 0.857323 -0.299200
vn 0.418900 0.857323 -0.299200
vn 0.418900 0.857323 -0.299200
vn -0.329929 -0.867417 0.372472
vn -0.329929 -0.867417 0.372472
vn -0.329929 -0.867417 0.372472
vn -0.329929 -0.867417 0.372472
vn 0.485859 -0.867414 0.107399
vn 0.485859 -0.867414 0.107399
vn 0.485859 -0.867414 0.107399
vn 0.485859 -0.867414 0.107399
vn -0.514761 0.857324 0.004156
vn -0.514761 0.857324 0.004156
vn -0.514761 0.857324 0.004156
vn -0.514761 0.857324 0.004156
vn -0.126498 -0.888265 0.441569
vn -0.126498 -0.888265 0.441569
vn -0.126498 -0.888265 0.441569
vn -0.126498 -0.888265 0.441569
vn 0.252309 0.866908 -0.429897
vn 0.252309 0.866908 -0.429897
vn 0.252309 0.866908 -0.429897
vn 0.252309 0.866908 -0.429897
vn -0.486810 0.866915 0.107121
vn -0.486810 0.866915 0.107121
vn -0.486810 0.866915 0.107121
vn -0.486810 0.866915 0.107121
vn 0.459040 -0.888269 0.016153
vn 0.459040 -0.888269 0.016153
vn 0.459040 -0.888269 0.016153
vn 0.459040 -0.888269 0.016153
vn 0.305946 0.857315 -0.414015
vn 0.305946 0.857315 -0.414015
vn 0.305946 0.857315 -0.414015
vn 0.305946 0.857315 -0.414015
vn -0.198682 -0.867424 0.456182
vn -0.198682 -0.867424 0.456182
vn -0.198682 -0.867424 0.456182
vn -0.198682 -0.867424 0.456182
vn 0.495269 -0.867413 -0.047988
vn 0.495269 -0.867413 -0.047988
vn 0.495269 -0.867413 -0.047988
vn 0.495269 -0.867413 -0.047988
vn -0.488283 0.857322 0.163033
vn -0.488283 0.857322 0.163033
vn -0.488283 0.857322 0.163033
vn -0.488283 0.857322 0.163033
vn 0.016151 -0.888265 0.459047
vn 0.016151 -0.888265 0.459047
vn 0.016151 -0.888265 0.459047
vn 0.016151 -0.888265 0.459047
vn 0.107116 0.866913 -0.486814
vn 0.107116 0.866913 -0.486814
vn 0.107116 0.866913 -0.486814
vn 0.107116 0.866913 -0.486814
vn -0.429887 0.866910 0.252316
vn -0.429887 0.866910 0.252316
vn -0.429887 0.866910 0.252316
vn -0.429887 0.866910 0.252316
vn 0.441566 -0.888266 -0.126505
vn 0.441566 -0.888266 -0.126505
vn 0.441566 -0.888266 -0.126505
vn 0.441566 -0.888266 -0.126505
vn 0.163028 0.857328 -0.488273
vn 0.163028 0.857328 -0.488273
vn 0.163028 0.857328 -0.488273
vn 0.163028 0.857328 -0.488273
vn -0.047991 -0.867418 0.495261
vn -0.047991 -0.867418 0.495261
vn -0.047991 -0.867418 0.495261
vn -0.047991 -0.867418 0.495261
vn 0.456199 -0.867413 -0.198691
vn 0.456199 -0.867413 -0.198691
vn 0.456199 -0.867413 -0.198691
vn 0.456199 -0.867413 -0.198691
vn -0.414006 0.857320 0.305943
vn -0.414006 0.857320 0.305943
vn -0.414006 0.857320 0.305943
vn -0.414006 0.857320 0.305943
vn 0.157206 -0.888275 0.431572
vn 0.157206 -0.888275 0.431572
vn 0.157206 -0.888275 0.431572
vn 0.157206 -0.888275 0.431572
vn -0.048554 0.866913 -0.496090
vn -0.048554 0.866913 -0.496090
vn -0.048554 0.866913 -0.496090
vn -0.048554 0.866913 -0.496090
vn -0.330879 0.866913 0.372803
vn -0.330879 0.866913 0.372803
vn -0.330879 0.866913 0.372803
vn -0.330879 0.866913 0.372803
vn 0.380872 -0.888265 -0.256752
vn 0.380872 -0.888265 -0.256752
vn 0.380872 -0.888265 -0.256753
vn 0.380872 -0.888265 -0.256753
vn 0.004169 0.857326 -0.514757
vn 0.004169 0.857326 -0.514757
vn 0.004169 0.857326 -0.514757
vn 0.004169 0.857326 -0.514757
vn 0.107402 -0.867416 0.485854
vn 0.107402 -0.867417 0.485854
vn 0.107402 -0.867417 0.485854
vn 0.107402 -0.867416 0.485854
vn 0.372471 -0.867413 -0.329939
vn 0.372471 -0.867413 -0.329939
vn 0.372471 -0.867413 -0.329939
vn 0.372471 -0.867413 -0.329939
vn -0.299200 0.857325 0.418895
vn -0.299200 0.857325 0.418895
vn -0.299200 0.857325 0.418895
vn -0.299200 0.857325 0.418895
vn 0.282881 -0.888267 0.361883
vn 0.282881 -0.888268 0.361883
vn 0.282881 -0.888267 0.361883
vn 0.282881 -0.888268 0.361883
vn -0.199490 0.866905 -0.456815
vn -0.199490 0.866905 -0.456815
vn -0.199490 0.866905 -0.456815
vn -0.199490 0.866905 -0.456815
vn -0.199494 0.866904 0.456814
vn -0.199494 0.866904 0.456814
vn -0.199494 0.866904 0.456814
vn -0.199494 0.866904 0.456814
vn 0.282889 -0.888266 -0.361880
vn 0.282889 -0.888266 -0.361880
vn 0.282889 -0.888266 -0.361880
vn 0.282889 -0.888266 -0.361880
vn -0.155109 0.857329 -0.490845
vn -0.155109 0.857329 -0.490845
vn -0.155109 0.857328 -0.490845
vn -0.155109 0.857328 -0.490845
vn 0.252285 -0.867419 0.428878
vn 0.252285 -0.867419 0.428878
vn 0.252285 -0.867419 0.428878
vn 0.252285 -0.867419 0.428878
vn 0.252282 -0.867417 -0.428885
vn 0.252282 -0.867417 -0.428885
vn 0.252282 -0.867417 -0.428885
vn 0.252282 -0.867417 -0.428885
vn -0.155115 0.857320 0.490858
vn -0.155115 0.857320 0.490858
vn -0.155115 0.857320 0.490858
vn -0.155115 0.857320 0.490858
vn 0.380875 -0.888263 0.256754
vn 0.380875 -0.888263 0.256754
vn 0.380875 -0.888263 0.256754
vn 0.380875 -0.888263 0.256754
vn -0.330884 0.866911 -0.372801
vn -0.330884 0.866911 -0.372801
vn -0.330884 0.866911 -0.372801
vn -0.330884 0.866911 -0.372801
vn -0.048558 0.866907 0.496099
vn -0.048558 0.866907 0.496099
vn -0.048558 0.866907 0.496099
vn -0.048558 0.866907 0.496099
vn 0.157211 -0.888272 -0.431576
vn 0.157211 -0.888272 -0.431576
vn 0.157211 -0.888272 -0.431576
vn 0.157211 -0.888272 -0.431576
vn -0.299200 0.857321 -0.418903
vn -0.299200 0.857321 -0.418903
vn -0.299200 0.857321 -0.418903
vn -0.299200 0.857321 -0.418903
vn 0.372465 -0.867418 0.329934
vn 0.372465 -0.867418 0.329934
vn 0.372465 -0.867418 0.329934
vn 0.372465 -0.867418 0.329934
vn 0.107401 -0.867422 -0.485843
vn 0.107401 -0.867422 -0.485843
vn 0.107401 -0.867422 -0.485843
vn 0.107401 -0.867422 -0.485843
vn 0.004162 0.857324 0.514761
vn 0.004162 0.857324 0.514761
vn 0.004162 0.857324 0.514761
vn 0.004162 0.857324 0.514761
vn 0.441568 -0.888266 0.126497
vn 0.441568 -0.888266 0.126497
vn 0.441568 -0.888266 0.126497
vn 0.441568 -0.888266 0.126497
vn -0.429897 0.866906 -0.252316
vn -0.429897 0.866906 -0.252316
vn -0.429897 0.866906 -0.252316
vn -0.429897 0.866906 -0.252316
vn 0.107121 0.866910 0.486819
vn 0.107121 0.866910 0.486819
vn 0.107121 0.866910 0.486819
vn 0.107121 0.866910 0.486819
vn 0.016149 -0.888261 -0.459054
vn 0.016149 -0.888261 -0.459054
vn 0.016149 -0.888261 -0.459054
vn 0.016149 -0.888261 -0.459054
vn -0.414012 0.857319 -0.305938
vn -0.414012 0.857319 -0.305938
vn -0.414012 0.857319 -0.305938
vn -0.414012 0.857319 -0.305938
vn 0.456191 -0.867418 0.198688
vn 0.456191 -0.867418 0.198688
vn 0.456191 -0.867418 0.198688
vn 0.456191 -0.867418 0.198688
vn -0.047994 -0.867415 -0.495266
vn -0.047994 -0.867415 -0.495266
vn -0.047994 -0.867415 -0.495266
vn -0.047994 -0.867415 -0.495266
vn 0.163028 0.857320 0.488288
vn 0.163028 0.857320 0.488288
vn 0.163028 0.857320 0.488288
vn 0.163028 0.857320 0.488288
vn 0.459069 -0.888254 -0.016151
vn 0.459069 -0.888254 -0.016151
vn 0.459069 -0.888254 -0.016151
vn 0.459069 -0.888254 -0.016151
vn -0.486820 0.866909 -0.107124
vn -0.486820 0.866909 -0.107124
vn -0.486820 0.866909 -0.107124
vn -0.486820 0.866909 -0.107124
vn 0.252317 0.866906 0.429896
vn 0.252317 0.866906 0.429896
vn 0.252317 0.866906 0.429896
vn 0.252317 0.866906 0.429896
vn -0.126492 -0.888263 -0.441576
vn -0.126492 -0.888263 -0.441576
vn -0.126492 -0.888263 -0.441576
vn -0.126492 -0.888263 -0.441576
vn -0.488285 0.857322 -0.163023
vn -0.488285 0.857322 -0.163023
vn -0.488285 0.857322 -0.163023
vn -0.488285 0.857322 -0.163023
vn 0.495278 -0.867408 0.047987
vn 0.495278 -0.867408 0.047987
vn 0.495278 -0.867408 0.047987
vn 0.495278 -0.867408 0.047987
vn -0.198682 -0.867424 -0.456182
vn -0.198682 -0.867424 -0.456182
vn -0.198682 -0.867424 -0.456182
vn -0.198682 -0.867424 -0.456182
vn 0.305944 0.857319 0.414007
vn 0.305944 0.857319 0.414007
vn 0.305944 0.857319 0.414007
vn 0.305944 0.857319 0.414007
vn 0.431594 -0.888263 -0.157215
vn 0.431594 -0.888263 -0.157215
vn 0.431594 -0.888263 -0.157215
vn 0.431594 -0.888263 -0.157215
vn -0.496085 0.866915 0.048559
vn -0.496085 0.866915 0.048559
vn -0.496085 0.866915 0.048559
vn -0.496085 0.866915 0.048559
vn 0.372805 0.866908 0.330889
vn 0.372805 0.866908 0.330889
vn 0.372805 0.866908 0.330889
vn 0.372805 0.866908 0.330889
vn -0.256754 -0.888269 -0.380861
vn -0.256754 -0.888269 -0.380861
vn -0.256754 -0.888269 -0.380861
vn -0.256754 -0.888269 -0.380861
vn -0.514759 0.857325 -0.004156
vn -0.514759 0.857325 -0.004156
vn -0.514759 0.857325 -0.004156
vn -0.514759 0.857325 -0.004156
vn 0.485861 -0.867412 -0.107400
vn 0.485861 -0.867412 -0.107400
vn 0.485861 -0.867412 -0.107400
vn 0.485861 -0.867412 -0.107400
vn -0.329928 -0.867419 -0.372468
vn -0.329928 -0.867419 -0.372468
vn -0.329928 -0.867419 -0.372468
vn -0.329928 -0.867419 -0.372468
vn 0.418899 0.857323 0.299200
vn 0.418899 0.857323 0.299200
vn 0.418899 0.857323 0.299200
vn 0.418899 0.857323 0.299200
vn 0.294110 -0.902571 -0.314427
vn 0.294110 -0.902571 -0.314427
vn 0.294110 -0.902571 -0.314427
vn 0.294110 -0.902571 -0.314427
vn -0.414061 0.872461 0.259548
vn -0.414061 0.872461 0.259548
vn -0.414061 0.872461 0.259548
vn -0.414061 0.872461 0.259548
vn 0.487544 0.872460 -0.033388
vn 0.487544 0.872460 -0.033388
vn 0.487544 0.872460 -0.033388
vn 0.487544 0.872460 -0.033388
vn -0.422760 -0.902573 -0.081465
vn -0.422760 -0.902573 -0.081465
vn -0.422760 -0.902573 -0.081465
vn -0.422760 -0.902573 -0.081465
vn -0.445026 0.867513 0.222199
vn -0.445026 0.867513 0.222199
vn -0.445026 0.867513 0.222199
vn -0.445026 0.867513 0.222199
vn 0.355028 -0.884631 -0.302297
vn 0.355028 -0.884631 -0.302297
vn 0.355028 -0.884631 -0.302297
vn 0.355028 -0.884631 -0.302297
vn -0.464901 -0.884636 -0.035881
vn -0.464901 -0.884636 -0.035881
vn -0.464901 -0.884636 -0.035881
vn -0.464901 -0.884636 -0.035881
vn 0.490681 0.867491 -0.081798
vn 0.490681 0.867491 -0.081798
vn 0.490681 0.867491 -0.081798
vn 0.490681 0.867491 -0.081798
vn 0.491944 0.867492 0.073821
vn 0.491944 0.867492 0.073821
vn 0.491944 0.867492 0.073821
vn 0.491944 0.867492 0.073821
vn -0.431071 -0.884631 -0.177782
vn -0.431071 -0.884631 -0.177782
vn -0.431071 -0.884631 -0.177782
vn -0.431071 -0.884631 -0.177782
vn 0.474007 0.872456 0.118899
vn 0.474007 0.872456 0.118899
vn 0.474007 0.872456 0.118899
vn 0.474007 0.872456 0.118899
vn -0.376886 -0.902568 -0.208154
vn -0.376886 -0.902568 -0.208154
vn -0.376886 -0.902568 -0.208154
vn -0.376886 -0.902568 -0.208154
vn -0.491940 0.867493 0.073830
vn -0.491940 0.867493 0.073830
vn -0.491940 0.867493 0.073830
vn -0.491940 0.867493 0.073830
vn 0.431063 -0.884635 -0.177782
vn 0.431063 -0.884635 -0.177782
vn 0.431063 -0.884635 -0.177782
vn 0.431063 -0.884635 -0.177782
vn 0.376882 -0.902570 -0.208155
vn 0.376882 -0.902570 -0.208155
vn 0.376882 -0.902570 -0.208155
vn 0.376882 -0.902570 -0.208155
vn -0.474012 0.872454 0.118899
vn -0.474012 0.872454 0.118899
vn -0.474012 0.872454 0.118899
vn -0.474012 0.872454 0.118899
vn 0.182552 -0.902572 -0.389921
vn 0.182552 -0.902572 -0.389921
vn 0.182552 -0.902572 -0.389921
vn 0.182552 -0.902572 -0.389921
vn -0.313591 0.872458 0.374804
vn -0.313591 0.872458 0.374804
vn -0.313591 0.872458 0.374804
vn -0.313591 0.872458 0.374804
vn 0.453367 0.872455 -0.182432
vn 0.453367 0.872455 -0.182432
vn 0.453367 0.872455 -0.182432
vn 0.453367 0.872455 -0.182432
vn -0.427246 -0.902573 0.053123
vn -0.427246 -0.902573 0.053123
vn -0.427246 -0.902573 0.053123
vn -0.427246 -0.902573 0.053123
vn -0.354585 0.867498 0.348881
vn -0.354585 0.867498 0.348881
vn -0.354585 0.867498 0.348881
vn -0.354585 0.867498 0.348881
vn 0.244238 -0.884631 -0.397209
vn 0.244238 -0.884631 -0.397209
vn 0.244238 -0.884631 -0.397209
vn 0.244238 -0.884632 -0.397209
vn -0.453222 -0.884642 0.109537
vn -0.453222 -0.884642 0.109537
vn -0.453222 -0.884642 0.109537
vn -0.453222 -0.884642 0.109537
vn 0.441391 0.867489 -0.229428
vn 0.441391 0.867489 -0.229428
vn 0.441391 0.867489 -0.229428
vn 0.441391 0.867489 -0.229428
vn 0.053124 -0.902572 -0.427250
vn 0.053124 -0.902572 -0.427250
vn 0.053124 -0.902572 -0.427250
vn 0.053124 -0.902572 -0.427250
vn -0.182428 0.872450 0.453377
vn -0.182428 0.872450 0.453377
vn -0.182428 0.872450 0.453377
vn -0.182428 0.872450 0.453377
vn 0.374805 0.872458 -0.313591
vn 0.374805 0.872458 -0.313591
vn 0.374805 0.872457 -0.313591
vn 0.374805 0.872457 -0.313591
vn -0.389929 -0.902569 0.182549
vn -0.389929 -0.902570 0.182549
vn -0.389929 -0.902569 0.182549
vn -0.389929 -0.902569 0.182549
vn -0.229419 0.867494 0.441386
vn -0.229419 0.867494 0.441386
vn -0.229419 0.867494 0.441386
vn -0.229419 0.867494 0.441386
vn 0.109541 -0.884638 -0.453230
vn 0.109541 -0.884638 -0.453230
vn 0.109541 -0.884638 -0.453230
vn 0.109541 -0.884638 -0.453230
vn -0.397205 -0.884632 0.244243
vn -0.397205 -0.884632 0.244243
vn -0.397205 -0.884632 0.244243
vn -0.397205 -0.884632 0.244243
vn 0.348877 0.867499 -0.354584
vn 0.348877 0.867499 -0.354584
vn 0.348877 0.867499 -0.354584
vn 0.348877 0.867499 -0.354584
vn -0.081504 -0.902570 -0.422758
vn -0.081504 -0.902570 -0.422758
vn -0.081504 -0.902570 -0.422758
vn -0.081504 -0.902570 -0.422758
vn -0.033396 0.872457 0.487548
vn -0.033396 0.872457 0.487548
vn -0.033396 0.872457 0.487548
vn -0.033396 0.872457 0.487548
vn 0.259553 0.872456 -0.414069
vn 0.259553 0.872456 -0.414069
vn 0.259553 0.872456 -0.414069
vn 0.259553 0.872456 -0.414069
vn -0.314431 -0.902570 0.294108
vn -0.314432 -0.902570 0.294108
vn -0.314432 -0.902570 0.294108
vn -0.314432 -0.902570 0.294108
vn -0.081797 0.867495 0.490675
vn -0.081797 0.867495 0.490675
vn -0.081797 0.867495 0.490675
vn -0.081797 0.867495 0.490675
vn -0.035881 -0.884636 -0.464901
vn -0.035881 -0.884636 -0.464901
vn -0.035881 -0.884636 -0.464901
vn -0.035881 -0.884636 -0.464901
vn -0.302294 -0.884627 0.355039
vn -0.302294 -0.884627 0.355039
vn -0.302294 -0.884627 0.355039
vn -0.302294 -0.884627 0.355039
vn 0.222236 0.867497 -0.445040
vn 0.222237 0.867497 -0.445040
vn 0.222236 0.867497 -0.445040
vn 0.222236 0.867497 -0.445040
vn -0.208153 -0.902573 -0.376875
vn -0.208153 -0.902573 -0.376875
vn -0.208153 -0.902573 -0.376875
vn -0.208153 -0.902573 -0.376875
vn 0.118898 0.872455 0.474009
vn 0.118898 0.872455 0.474009
vn 0.118898 0.872455 0.474009
vn 0.118898 0.872455 0.474009
vn 0.118898 0.872459 -0.474002
vn 0.118898 0.872459 -0.474002
vn 0.118898 0.872459 -0.474002
vn 0.118898 0.872459 -0.474002
vn -0.208155 -0.902572 0.376877
vn -0.208155 -0.902572 0.376876
vn -0.208155 -0.902572 0.376877
vn -0.208155 -0.902572 0.376876
vn 0.073833 0.867495 0.491936
vn 0.073833 0.867495 0.491936
vn 0.073833 0.867495 0.491936
vn 0.073833 0.867495 0.491936
vn -0.177785 -0.884629 -0.431073
vn -0.177785 -0.884629 -0.431073
vn -0.177785 -0.884629 -0.431073
vn -0.177785 -0.884629 -0.431073
vn -0.177782 -0.884632 0.431069
vn -0.177782 -0.884632 0.431069
vn -0.177782 -0.884632 0.431069
vn -0.177782 -0.884632 0.431069
vn 0.073833 0.867492 -0.491942
vn 0.073833 0.867492 -0.491942
vn 0.073833 0.867492 -0.491942
vn 0.073833 0.867492 -0.491942
vn -0.314424 -0.902575 -0.294103
vn -0.314424 -0.902575 -0.294103
vn -0.314424 -0.902575 -0.294103
vn -0.314424 -0.902575 -0.294103
vn 0.259555 0.872457 0.414065
vn 0.259555 0.872457 0.414065
vn 0.259555 0.872457 0.414065
vn 0.259555 0.872457 0.414065
vn -0.033395 0.872456 -0.487550
vn -0.033395 0.872456 -0.487550
vn -0.033395 0.872456 -0.487550
vn -0.033395 0.872456 -0.487550
vn -0.081505 -0.902569 0.422760
vn -0.081505 -0.902569 0.422760
vn -0.081505 -0.902569 0.422760
vn -0.081505 -0.902569 0.422760
vn 0.222239 0.867497 0.445038
vn 0.222239 0.867497 0.445038
vn 0.222239 0.867497 0.445038
vn 0.222239 0.867497 0.445038
vn -0.302290 -0.884632 -0.355030
vn -0.302290 -0.884632 -0.355030
vn -0.302290 -0.884632 -0.355030
vn -0.302290 -0.884632 -0.355030
vn -0.035877 -0.884632 0.464907
vn -0.035877 -0.884632 0.464907
vn -0.035877 -0.884632 0.464907
vn -0.035877 -0.884632 0.464907
vn -0.081796 0.867496 -0.490674
vn -0.081796 0.867496 -0.490674
vn -0.081796 0.867496 -0.490674
vn -0.081796 0.867496 -0.490674
vn -0.389934 -0.902565 -0.182560
vn -0.389934 -0.902565 -0.182560
vn -0.389934 -0.902565 -0.182560
vn -0.389934 -0.902565 -0.182560
vn 0.374810 0.872450 0.313605
vn 0.374810 0.872450 0.313605
vn 0.374810 0.872450 0.313605
vn 0.374810 0.872450 0.313605
vn -0.182422 0.872456 -0.453369
vn -0.182422 0.872455 -0.453369
vn -0.182422 0.872456 -0.453369
vn -0.182422 0.872456 -0.453369
vn 0.053126 -0.902571 0.427252
vn 0.053126 -0.902571 0.427252
vn 0.053126 -0.902571 0.427252
vn 0.053126 -0.902571 0.427252
vn 0.348893 0.867493 0.354584
vn 0.348893 0.867493 0.354584
vn 0.348893 0.867493 0.354584
vn 0.348893 0.867493 0.354584
vn -0.397202 -0.884634 -0.244240
vn -0.397202 -0.884634 -0.244240
vn -0.397202 -0.884634 -0.244240
vn -0.397202 -0.884634 -0.244240
vn 0.109543 -0.884632 0.453240
vn 0.109543 -0.884632 0.453240
vn 0.109543 -0.884632 0.453240
vn 0.109543 -0.884632 0.453240
vn -0.229432 0.867492 -0.441382
vn -0.229432 0.867492 -0.441382
vn -0.229432 0.867492 -0.441382
vn -0.229432 0.867492 -0.441382
vn -0.427242 -0.902575 -0.053126
vn -0.427242 -0.902575 -0.053126
vn -0.427242 -0.902575 -0.053126
vn -0.427242 -0.902575 -0.053126
vn 0.453368 0.872455 0.182428
vn 0.453368 0.872455 0.182428
vn 0.453368 0.872455 0.182428
vn 0.453368 0.872455 0.182428
vn -0.313590 0.872461 -0.374797
vn -0.313590 0.872461 -0.374797
vn -0.313590 0.872461 -0.374797
vn -0.313590 0.872461 -0.374797
vn 0.182544 -0.902572 0.389926
vn 0.182544 -0.902572 0.389926
vn 0.182544 -0.902571 0.389926
vn 0.182544 -0.902571 0.389926
vn 0.441370 0.867500 0.229425
vn 0.441370 0.867500 0.229425
vn 0.441370 0.867500 0.229425
vn 0.441370 0.867500 0.229425
vn -0.453231 -0.884638 -0.109536
vn -0.453231 -0.884638 -0.109536
vn -0.453231 -0.884638 -0.109536
vn -0.453231 -0.884638 -0.109536
vn 0.244240 -0.884633 0.397203
vn 0.244240 -0.884633 0.397203
vn 0.244240 -0.884633 0.397203
vn 0.244240 -0.884633 0.397203
vn -0.354577 0.867504 -0.348873
vn -0.354577 0.867504 -0.348873
vn -0.354577 0.867504 -0.348873
vn -0.354577 0.867504 -0.348873
vn -0.422762 -0.902572 0.081466
vn -0.422762 -0.902572 0.081466
vn -0.422762 -0.902572 0.081466
vn -0.422762 -0.902572 0.081466
vn 0.487541 0.872461 0.033388
vn 0.487541 0.872461 0.033388
vn 0.487541 0.872461 0.033388
vn 0.487541 0.872461 0.033388
vn -0.414073 0.872453 -0.259555
vn -0.414073 0.872453 -0.259555
vn -0.414074 0.872453 -0.259555
vn -0.414074 0.872453 -0.259555
vn 0.294111 -0.902570 0.314429
vn 0.294111 -0.902570 0.314429
vn 0.294111 -0.902570 0.314429
vn 0.294111 -0.902570 0.314429
vn 0.490676 0.867494 0.081805
vn 0.490676 0.867494 0.081805
vn 0.490676 0.867493 0.081805
vn 0.490676 0.867493 0.081805
vn -0.464907 -0.884632 0.035875
vn -0.464907 -0.884632 0.035875
vn -0.464907 -0.884632 0.035875
vn -0.464907 -0.884632 0.035875
vn 0.355024 -0.884636 0.302288
vn 0.355024 -0.884636 0.302288
vn 0.355024 -0.884636 0.302288
vn 0.355024 -0.884636 0.302288
vn -0.445023 0.867515 -0.222200
vn -0.445023 0.867515 -0.222200
vn -0.445023 0.867515 -0.222200
vn -0.445023 0.867515 -0.222200
vn -0.376885 -0.902567 0.208159
vn -0.376885 -0.902567 0.208159
vn -0.376885 -0.902567 0.208159
vn -0.376885 -0.902567 0.208159
vn 0.474010 0.872455 -0.118901
vn 0.474010 0.872455 -0.118901
vn 0.474010 0.872455 -0.118901
vn 0.474010 0.872455 -0.118901
vn -0.474010 0.872455 -0.118900
vn -0.474010 0.872455 -0.118900
vn -0.474010 0.872455 -0.118900
vn -0.474010 0.872455 -0.118900
vn 0.376885 -0.902566 0.208162
vn 0.376885 -0.902567 0.208162
vn 0.376885 -0.902567 0.208162
vn 0.376885 -0.902566 0.208162
vn 0.491942 0.867492 -0.073822
vn 0.491942 0.867492 -0.073822
vn 0.491942 0.867492 -0.073822
vn 0.491942 0.867492 -0.073822
vn -0.431073 -0.884630 0.177782
vn -0.431073 -0.884630 0.177782
vn -0.431073 -0.884630 0.177782
vn -0.431073 -0.884630 0.177782
vn 0.431069 -0.884632 0.177783
vn 0.431069 -0.884632 0.177783
vn 0.431069 -0.884632 0.177783
vn 0.431069 -0.884632 0.177783
vn -0.491937 0.867494 -0.073830
vn -0.491937 0.867494 -0.073830
vn -0.491937 0.867495 -0.073830
vn -0.491938 0.867494 -0.073830
vn -0.294117 -0.902569 0.314427
vn -0.294117 -0.902569 0.314427
vn -0.294117 -0.902569 0.314427
vn -0.294117 -0.902569 0.314427
vn 0.414071 0.872454 -0.259556
vn 0.414071 0.872454 -0.259556
vn 0.414071 0.872454 -0.259556
vn 0.414071 0.872454 -0.259556
vn -0.487558 0.872452 0.033396
vn -0.487558 0.872452 0.033396
vn -0.487558 0.872452 0.033396
vn -0.487558 0.872452 0.033396
vn 0.422752 -0.902572 0.081512
vn 0.422752 -0.902572 0.081512
vn 0.422752 -0.902572 0.081512
vn 0.422752 -0.902572 0.081512
vn 0.445043 0.867498 -0.222224
vn 0.445043 0.867498 -0.222224
vn 0.445043 0.867498 -0.222224
vn 0.445043 0.867498 -0.222224
vn -0.355027 -0.884634 0.302288
vn -0.355027 -0.884634 0.302288
vn -0.355027 -0.884634 0.302288
vn -0.355027 -0.884634 0.302288
vn 0.464911 -0.884631 0.035868
vn 0.464911 -0.884631 0.035868
vn 0.464911 -0.884630 0.035868
vn 0.464911 -0.884631 0.035868
vn -0.490676 0.867493 0.081811
vn -0.490676 0.867493 0.081811
vn -0.490676 0.867493 0.081811
vn -0.490676 0.867493 0.081811
vn -0.182553 -0.902571 0.389924
vn -0.182553 -0.902571 0.389924
vn -0.182553 -0.902571 0.389924
vn -0.182553 -0.902571 0.389924
vn 0.313587 0.872463 -0.374795
vn 0.313587 0.872463 -0.374795
vn 0.313587 0.872463 -0.374795
vn 0.313587 0.872463 -0.374795
vn -0.453369 0.872456 0.182422
vn -0.453369 0.872456 0.182422
vn -0.453369 0.872456 0.182422
vn -0.453369 0.872456 0.182422
vn 0.427250 -0.902572 -0.053118
vn 0.427250 -0.902572 -0.053118
vn 0.427250 -0.902572 -0.053118
vn 0.427250 -0.902572 -0.053118
vn 0.354587 0.867496 -0.348882
vn 0.354587 0.867496 -0.348882
vn 0.354587 0.867496 -0.348882
vn 0.354587 0.867496 -0.348882
vn -0.244231 -0.884634 0.397208
vn -0.244231 -0.884634 0.397208
vn -0.244231 -0.884634 0.397208
vn -0.244231 -0.884634 0.397208
vn 0.453236 -0.884636 -0.109531
vn 0.453236 -0.884636 -0.109531
vn 0.453236 -0.884636 -0.109531
vn 0.453236 -0.884636 -0.109531
vn -0.441372 0.867501 0.229417
vn -0.441372 0.867501 0.229417
vn -0.441372 0.867501 0.229417
vn -0.441372 0.867501 0.229417
vn -0.053128 -0.902568 0.427257
vn -0.053128 -0.902568 0.427257
vn -0.053128 -0.902568 0.427257
vn -0.053128 -0.902568 0.427257
vn 0.182425 0.872456 -0.453367
vn 0.182425 0.872456 -0.453367
vn 0.182425 0.872456 -0.453367
vn 0.182425 0.872456 -0.453367
vn -0.374810 0.872450 0.313606
vn -0.374810 0.872450 0.313606
vn -0.374810 0.872450 0.313606
vn -0.374810 0.872450 0.313606
vn 0.389936 -0.902563 -0.182565
vn 0.389936 -0.902563 -0.182565
vn 0.389936 -0.902563 -0.182565
vn 0.389936 -0.902563 -0.182565
vn 0.229432 0.867491 -0.441384
vn 0.229432 0.867491 -0.441384
vn 0.229432 0.867491 -0.441384
vn 0.229432 0.867491 -0.441384
vn -0.109535 -0.884632 0.453243
vn -0.109535 -0.884632 0.453243
vn -0.109535 -0.884632 0.453243
vn -0.109535 -0.884632 0.453243
vn 0.397210 -0.884632 -0.244237
vn 0.397210 -0.884632 -0.244237
vn 0.397210 -0.884632 -0.244237
vn 0.397210 -0.884632 -0.244237
vn -0.348891 0.867493 0.354585
vn -0.348891 0.867493 0.354585
vn -0.348891 0.867493 0.354585
vn -0.348891 0.867493 0.354585
vn 0.081502 -0.902571 0.422757
vn 0.081502 -0.902571 0.422757
vn 0.081502 -0.902571 0.422757
vn 0.081502 -0.902571 0.422757
vn 0.033400 0.872453 -0.487555
vn 0.033400 0.872453 -0.487556
vn 0.033400 0.872453 -0.487556
vn 0.033400 0.872453 -0.487556
vn -0.259559 0.872450 0.414078
vn -0.259559 0.872450 0.414078
vn -0.259559 0.872450 0.414078
vn -0.259559 0.872450 0.414078
vn 0.314429 -0.902571 -0.294107
vn 0.314429 -0.902571 -0.294107
vn 0.314429 -0.902571 -0.294107
vn 0.314429 -0.902571 -0.294107
vn 0.081797 0.867501 -0.490665
vn 0.081797 0.867501 -0.490665
vn 0.081797 0.867501 -0.490665
vn 0.081797 0.867501 -0.490665
vn 0.035878 -0.884633 0.464906
vn 0.035878 -0.884633 0.464906
vn 0.035878 -0.884633 0.464906
vn 0.035878 -0.884633 0.464906
vn 0.302291 -0.884636 -0.355021
vn 0.302291 -0.884636 -0.355021
vn 0.302291 -0.884636 -0.355021
vn 0.302291 -0.884636 -0.355021
vn -0.222226 0.867502 0.445035
vn -0.222226 0.867502 0.445035
vn -0.222226 0.867502 0.445035
vn -0.222226 0.867502 0.445035
vn 0.208154 -0.902571 0.376878
vn 0.208154 -0.902571 0.376878
vn 0.208154 -0.902571 0.376878
vn 0.208154 -0.902571 0.376878
vn -0.118897 0.872456 -0.474009
vn -0.118897 0.872456 -0.474009
vn -0.118897 0.872456 -0.474009
vn -0.118897 0.872456 -0.474009
vn -0.118894 0.872460 0.474002
vn -0.118894 0.872460 0.474002
vn -0.118894 0.872460 0.474002
vn -0.118894 0.872460 0.474002
vn 0.208151 -0.902572 -0.376878
vn 0.208151 -0.902572 -0.376878
vn 0.208151 -0.902572 -0.376878
vn 0.208151 -0.902572 -0.376878
vn -0.073830 0.867503 -0.491922
vn -0.073830 0.867503 -0.491922
vn -0.073830 0.867504 -0.491922
vn -0.073830 0.867504 -0.491922
vn 0.177793 -0.884628 0.431073
vn 0.177793 -0.884628 0.431073
vn 0.177793 -0.884628 0.431073
vn 0.177793 -0.884628 0.431073
vn 0.177796 -0.884629 -0.431069
vn 0.177796 -0.884629 -0.431069
vn 0.177796 -0.884629 -0.431069
vn 0.177796 -0.884629 -0.431069
vn -0.073828 0.867492 0.491942
vn -0.073828 0.867492 0.491942
vn -0.073828 0.867492 0.491942
vn -0.073828 0.867492 0.491942
vn 0.314432 -0.902570 0.294108
vn 0.314432 -0.902570 0.294108
vn 0.314432 -0.902570 0.294108
vn 0.314432 -0.902570 0.294108
vn -0.259555 0.872455 -0.414070
vn -0.259555 0.872455 -0.414070
vn -0.259555 0.872455 -0.414070
vn -0.259555 0.872455 -0.414070
vn 0.033396 0.872459 0.487545
vn 0.033396 0.872459 0.487545
vn 0.033396 0.872459 0.487545
vn 0.033396 0.872459 0.487545
vn 0.081501 -0.902572 -0.422754
vn 0.081501 -0.902572 -0.422755
vn 0.081501 -0.902572 -0.422755
vn 0.081501 -0.902572 -0.422755
vn -0.222221 0.867501 -0.445040
vn -0.222221 0.867501 -0.445040
vn -0.222221 0.867501 -0.445040
vn -0.222221 0.867501 -0.445040
vn 0.302287 -0.884637 0.355020
vn 0.302287 -0.884637 0.355020
vn 0.302287 -0.884637 0.355020
vn 0.302287 -0.884637 0.355020
vn 0.035881 -0.884634 -0.464904
vn 0.035881 -0.884634 -0.464904
vn 0.035881 -0.884634 -0.464904
vn 0.035881 -0.884634 -0.464904
vn 0.081795 0.867502 0.490663
vn 0.081795 0.867502 0.490663
vn 0.081795 0.867502 0.490663
vn 0.081795 0.867502 0.490663
vn 0.389922 -0.902571 0.182554
vn 0.389922 -0.902571 0.182554
vn 0.389922 -0.902571 0.182554
vn 0.389922 -0.902571 0.182554
vn -0.374811 0.872453 -0.313597
vn -0.374811 0.872453 -0.313597
vn -0.374811 0.872453 -0.313597
vn -0.374811 0.872453 -0.313597
vn 0.182427 0.872454 0.453370
vn 0.182427 0.872454 0.453370
vn 0.182427 0.872454 0.453370
vn 0.182427 0.872454 0.453370
vn -0.053125 -0.902571 -0.427251
vn -0.053125 -0.902571 -0.427251
vn -0.053125 -0.902571 -0.427251
vn -0.053125 -0.902571 -0.427251
vn -0.348891 0.867493 -0.354586
vn -0.348891 0.867493 -0.354586
vn -0.348891 0.867493 -0.354586
vn -0.348891 0.867493 -0.354586
vn 0.397202 -0.884635 0.244237
vn 0.397202 -0.884635 0.244237
vn 0.397202 -0.884635 0.244237
vn 0.397202 -0.884635 0.244237
vn -0.109542 -0.884634 -0.453237
vn -0.109542 -0.884634 -0.453237
vn -0.109542 -0.884634 -0.453236
vn -0.109542 -0.884634 -0.453237
vn 0.229419 0.867493 0.441388
vn 0.229419 0.867493 0.441388
vn 0.229419 0.867493 0.441388
vn 0.229419 0.867493 0.441388
vn 0.427262 -0.902566 0.053126
vn 0.427262 -0.902566 0.053126
vn 0.427262 -0.902566 0.053126
vn 0.427262 -0.902566 0.053126
vn -0.453372 0.872453 -0.182427
vn -0.453372 0.872453 -0.182427
vn -0.453372 0.872453 -0.182427
vn -0.453372 0.872453 -0.182427
vn 0.313594 0.872456 0.374805
vn 0.313594 0.872456 0.374805
vn 0.313594 0.872456 0.374805
vn 0.313594 0.872456 0.374805
vn -0.182554 -0.902572 -0.389921
vn -0.182554 -0.902572 -0.389921
vn -0.182554 -0.902572 -0.389921
vn -0.182554 -0.902572 -0.389921
vn -0.441372 0.867503 -0.229411
vn -0.441372 0.867503 -0.229411
vn -0.441372 0.867503 -0.229411
vn -0.441372 0.867503 -0.229411
vn 0.453236 -0.884635 0.109537
vn 0.453236 -0.884635 0.109537
vn 0.453236 -0.884635 0.109536
vn 0.453236 -0.884635 0.109537
vn -0.244236 -0.884635 -0.397203
vn -0.244236 -0.884635 -0.397203
vn -0.244236 -0.884635 -0.397203
vn -0.244236 -0.884635 -0.397203
vn 0.354588 0.867495 0.348885
vn 0.354588 0.867495 0.348885
vn 0.354588 0.867495 0.348885
vn 0.354588 0.867495 0.348885
vn 0.422752 -0.902572 -0.081511
vn 0.422752 -0.902572 -0.081511
vn 0.422752 -0.902572 -0.081511
vn 0.422752 -0.902572 -0.081511
vn -0.487552 0.872455 -0.033396
vn -0.487552 0.872455 -0.033396
vn -0.487552 0.872455 -0.033396
vn -0.487552 0.872455 -0.033396
vn 0.414056 0.872461 0.259556
vn 0.414056 0.872461 0.259556
vn 0.414056 0.872461 0.259556
vn 0.414056 0.872461 0.259556
vn -0.294104 -0.902574 -0.314425
vn -0.294104 -0.902574 -0.314425
vn -0.294104 -0.902574 -0.314425
vn -0.294104 -0.902574 -0.314425
vn -0.490669 0.867498 -0.081801
vn -0.490669 0.867498 -0.081801
vn -0.490669 0.867498 -0.081801
vn -0.490669 0.867498 -0.081801
vn 0.464896 -0.884638 -0.035878
vn 0.464896 -0.884638 -0.035878
vn 0.464896 -0.884638 -0.035878
vn 0.464896 -0.884638 -0.035878
vn -0.355028 -0.884632 -0.302295
vn -0.355028 -0.884632 -0.302295
vn -0.355028 -0.884632 -0.302295
vn -0.355028 -0.884632 -0.302295
vn 0.445047 0.867496 0.222226
vn 0.445047 0.867496 0.222226
vn 0.445047 0.867496 0.222226
vn 0.445047 0.867496 0.222226
vn 0.320478 -0.916624 -0.238943
vn 0.320478 -0.916624 -0.238943
vn 0.320478 -0.916624 -0.238943
vn 0.320478 -0.916624 -0.238943
vn -0.439900 0.878674 0.185528
vn -0.439900 0.878674 0.185528
vn -0.439900 0.878674 0.185528
vn -0.439900 0.878674 0.185528
vn 0.464943 0.878670 -0.108475
vn 0.464943 0.878670 -0.108475
vn 0.464943 0.878670 -0.108475
vn 0.464943 0.878670 -0.108475
vn -0.399710 -0.916629 -0.004932
vn -0.399709 -0.916629 -0.004932
vn -0.399710 -0.916629 -0.004932
vn -0.399710 -0.916629 -0.004932
vn -0.458357 0.876869 0.144945
vn -0.458358 0.876869 0.144945
vn -0.458358 0.876869 0.144945
vn -0.458357 0.876869 0.144945
vn 0.365087 -0.903057 -0.226273
vn 0.365087 -0.903057 -0.226273
vn 0.365087 -0.903057 -0.226273
vn 0.365087 -0.903057 -0.226273
vn -0.428362 -0.903057 0.031535
vn -0.428362 -0.903057 0.031535
vn -0.428362 -0.903057 0.031535
vn -0.428362 -0.903057 0.031535
vn 0.456016 0.876869 -0.152153
vn 0.456016 0.876869 -0.152153
vn 0.456016 0.876869 -0.152153
vn 0.456016 0.876869 -0.152153
vn 0.480737 0.876857 -0.003798
vn 0.480737 0.876857 -0.003798
vn 0.480737 0.876857 -0.003798
vn 0.480737 0.876857 -0.003798
vn -0.417151 -0.903052 -0.102381
vn -0.417151 -0.903052 -0.102381
vn -0.417151 -0.903052 -0.102381
vn -0.417151 -0.903052 -0.102381
vn 0.475713 0.878668 0.040501
vn 0.475713 0.878668 0.040501
vn 0.475713 0.878668 0.040501
vn 0.475713 0.878668 0.040501
vn -0.378629 -0.916625 -0.128216
vn -0.378629 -0.916625 -0.128216
vn -0.378629 -0.916625 -0.128216
vn -0.378629 -0.916625 -0.128216
vn -0.480725 0.876863 -0.003792
vn -0.480725 0.876863 -0.003792
vn -0.480725 0.876863 -0.003792
vn -0.480725 0.876863 -0.003792
vn 0.417147 -0.903054 -0.102381
vn 0.417147 -0.903054 -0.102381
vn 0.417147 -0.903054 -0.102381
vn 0.417147 -0.903054 -0.102381
vn 0.378636 -0.916622 -0.128218
vn 0.378636 -0.916622 -0.128218
vn 0.378636 -0.916622 -0.128218
vn 0.378636 -0.916622 -0.128218
vn -0.475717 0.878666 0.040502
vn -0.475717 0.878666 0.040502
vn -0.475717 0.878666 0.040502
vn -0.475717 0.878666 0.040502
vn 0.230958 -0.916623 -0.326285
vn 0.230958 -0.916623 -0.326284
vn 0.230958 -0.916623 -0.326285
vn 0.230958 -0.916623 -0.326285
vn -0.361046 0.878669 0.312388
vn -0.361046 0.878669 0.312388
vn -0.361046 0.878669 0.312388
vn -0.361046 0.878669 0.312388
vn 0.408675 0.878663 -0.246851
vn 0.408675 0.878663 -0.246851
vn 0.408675 0.878663 -0.246851
vn 0.408675 0.878663 -0.246851
vn -0.381690 -0.916620 0.118830
vn -0.381690 -0.916620 0.118830
vn -0.381690 -0.916620 0.118830
vn -0.381690 -0.916620 0.118830
vn -0.391154 0.876859 0.279493
vn -0.391154 0.876859 0.279493
vn -0.391154 0.876859 0.279493
vn -0.391154 0.876859 0.279493
vn 0.277308 -0.903050 -0.328026
vn 0.277308 -0.903050 -0.328026
vn 0.277308 -0.903050 -0.328026
vn 0.277308 -0.903050 -0.328026
vn -0.397655 -0.903056 0.162361
vn -0.397655 -0.903056 0.162361
vn -0.397655 -0.903056 0.162361
vn -0.397655 -0.903056 0.162361
vn 0.386689 0.876859 -0.285639
vn 0.386689 0.876859 -0.285639
vn 0.386689 0.876859 -0.285639
vn 0.386689 0.876859 -0.285639
vn 0.118827 -0.916621 -0.381688
vn 0.118827 -0.916621 -0.381688
vn 0.118827 -0.916621 -0.381688
vn 0.118827 -0.916621 -0.381688
vn -0.246849 0.878669 0.408665
vn -0.246849 0.878669 0.408665
vn -0.246849 0.878669 0.408665
vn -0.246849 0.878669 0.408665
vn 0.312399 0.878666 -0.361045
vn 0.312399 0.878666 -0.361045
vn 0.312399 0.878666 -0.361045
vn 0.312399 0.878666 -0.361045
vn -0.326291 -0.916620 0.230958
vn -0.326291 -0.916620 0.230958
vn -0.326291 -0.916620 0.230958
vn -0.326291 -0.916620 0.230958
vn -0.285639 0.876860 0.386687
vn -0.285639 0.876860 0.386687
vn -0.285639 0.876860 0.386687
vn -0.285639 0.876860 0.386687
vn 0.162368 -0.903055 -0.397655
vn 0.162368 -0.903055 -0.397655
vn 0.162368 -0.903055 -0.397654
vn 0.162368 -0.903055 -0.397655
vn -0.328018 -0.903053 0.277308
vn -0.328018 -0.903053 0.277308
vn -0.328018 -0.903053 0.277308
vn -0.328018 -0.903053 0.277308
vn 0.279490 0.876862 -0.391149
vn 0.279490 0.876862 -0.391149
vn 0.279490 0.876862 -0.391149
vn 0.279490 0.876862 -0.391149
vn -0.004934 -0.916625 -0.399718
vn -0.004934 -0.916625 -0.399718
vn -0.004934 -0.916625 -0.399718
vn -0.004934 -0.916625 -0.399718
vn -0.108475 0.878667 0.464948
vn -0.108475 0.878667 0.464948
vn -0.108475 0.878668 0.464948
vn -0.108475 0.878667 0.464948
vn 0.185527 0.878664 -0.439919
vn 0.185527 0.878664 -0.439919
vn 0.185527 0.878664 -0.439919
vn 0.185527 0.878664 -0.439919
vn -0.238945 -0.916623 0.320480
vn -0.238945 -0.916623 0.320480
vn -0.238945 -0.916623 0.320480
vn -0.238945 -0.916623 0.320480
vn -0.152163 0.876862 0.456026
vn -0.152163 0.876862 0.456026
vn -0.152163 0.876862 0.456026
vn -0.152163 0.876862 0.456026
vn 0.031539 -0.903055 -0.428366
vn 0.031539 -0.903055 -0.428366
vn 0.031539 -0.903055 -0.428366
vn 0.031539 -0.903055 -0.428366
vn -0.226282 -0.903049 0.365102
vn -0.226282 -0.903049 0.365102
vn -0.226282 -0.903049 0.365102
vn -0.226282 -0.903049 0.365102
vn 0.144948 0.876857 -0.458379
vn 0.144948 0.876857 -0.458379
vn 0.144948 0.876857 -0.458379
vn 0.144948 0.876857 -0.458379
vn -0.128214 -0.916623 -0.378633
vn -0.128214 -0.916623 -0.378633
vn -0.128214 -0.916623 -0.378633
vn -0.128214 -0.916623 -0.378633
vn 0.040505 0.878670 0.475708
vn 0.040505 0.878671 0.475708
vn 0.040505 0.878670 0.475707
vn 0.040505 0.878671 0.475707
vn 0.040509 0.878671 -0.475706
vn 0.040509 0.878671 -0.475706
vn 0.040509 0.878671 -0.475706
vn 0.040509 0.878671 -0.475706
vn -0.128216 -0.916623 0.378633
vn -0.128216 -0.916623 0.378633
vn -0.128216 -0.916623 0.378633
vn -0.128216 -0.916623 0.378633
vn -0.003795 0.876863 0.480725
vn -0.003795 0.876863 0.480724
vn -0.003795 0.876863 0.480724
vn -0.003795 0.876864 0.480725
vn -0.102379 -0.903053 -0.417150
vn -0.102379 -0.903053 -0.417150
vn -0.102379 -0.903053 -0.417150
vn -0.102379 -0.903053 -0.417150
vn -0.102383 -0.903049 0.417157
vn -0.102383 -0.903049 0.417157
vn -0.102383 -0.903049 0.417157
vn -0.102383 -0.903049 0.417157
vn -0.003794 0.876862 -0.480727
vn -0.003794 0.876862 -0.480727
vn -0.003794 0.876862 -0.480727
vn -0.003794 0.876862 -0.480727
vn -0.238950 -0.916620 -0.320484
vn -0.238950 -0.916620 -0.320484
vn -0.238950 -0.916620 -0.320484
vn -0.238950 -0.916620 -0.320484
vn 0.185524 0.878673 0.439903
vn 0.185524 0.878673 0.439903
vn 0.185524 0.878673 0.439903
vn 0.185524 0.878673 0.439903
vn -0.108476 0.878669 -0.464944
vn -0.108476 0.878669 -0.464944
vn -0.108476 0.878670 -0.464944
vn -0.108476 0.878669 -0.464944
vn -0.004939 -0.916625 0.399719
vn -0.004939 -0.916625 0.399719
vn -0.004939 -0.916625 0.399719
vn -0.004939 -0.916624 0.399719
vn 0.144940 0.876864 0.458370
vn 0.144940 0.876864 0.458370
vn 0.144940 0.876864 0.458370
vn 0.144940 0.876864 0.458370
vn -0.226281 -0.903046 -0.365109
vn -0.226281 -0.903046 -0.365109
vn -0.226281 -0.903046 -0.365109
vn -0.226281 -0.903046 -0.365109
vn 0.031534 -0.903053 0.428371
vn 0.031534 -0.903052 0.428371
vn 0.031534 -0.903052 0.428371
vn 0.031534 -0.903053 0.428371
vn -0.152163 0.876865 -0.456021
vn -0.152163 0.876865 -0.456021
vn -0.152163 0.876865 -0.456021
vn -0.152163 0.876865 -0.456021
vn -0.326291 -0.916620 -0.230961
vn -0.326291 -0.916620 -0.230961
vn -0.326291 -0.916620 -0.230961
vn -0.326291 -0.916620 -0.230961
vn 0.312398 0.878662 0.361054
vn 0.312398 0.878662 0.361054
vn 0.312398 0.878662 0.361054
vn 0.312398 0.878662 0.361054
vn -0.246846 0.878670 -0.408663
vn -0.246846 0.878670 -0.408663
vn -0.246846 0.878670 -0.408663
vn -0.246846 0.878670 -0.408663
vn 0.118826 -0.916622 0.381687
vn 0.118826 -0.916622 0.381687
vn 0.118826 -0.916622 0.381687
vn 0.118826 -0.916622 0.381687
vn 0.279494 0.876861 0.391150
vn 0.279494 0.876861 0.391150
vn 0.279494 0.876861 0.391150
vn 0.279494 0.876861 0.391150
vn -0.328021 -0.903052 -0.277306
vn -0.328021 -0.903052 -0.277306
vn -0.328021 -0.903052 -0.277306
vn -0.328021 -0.903052 -0.277306
vn 0.162369 -0.903056 0.397652
vn 0.162369 -0.903056 0.397652
vn 0.162369 -0.903056 0.397652
vn 0.162369 -0.903056 0.397652
vn -0.285636 0.876860 -0.386690
vn -0.285636 0.876860 -0.386690
vn -0.285636 0.876860 -0.386690
vn -0.285636 0.876860 -0.386690
vn -0.381683 -0.916623 -0.118826
vn -0.381683 -0.916624 -0.118826
vn -0.381683 -0.916623 -0.118826
vn -0.381683 -0.916623 -0.118826
vn 0.408671 0.878668 0.246844
vn 0.408671 0.878668 0.246844
vn 0.408671 0.878668 0.246844
vn 0.408671 0.878668 0.246844
vn -0.361041 0.878673 -0.312382
vn -0.361041 0.878673 -0.312382
vn -0.361041 0.878673 -0.312382
vn -0.361041 0.878673 -0.312382
vn 0.230960 -0.916622 0.326286
vn 0.230960 -0.916622 0.326286
vn 0.230960 -0.916622 0.326286
vn 0.230960 -0.916622 0.326286
vn 0.386677 0.876866 0.285634
vn 0.386677 0.876866 0.285634
vn 0.386677 0.876866 0.285634
vn 0.386677 0.876866 0.285634
vn -0.397648 -0.903059 -0.162360
vn -0.397648 -0.903059 -0.162360
vn -0.397648 -0.903059 -0.162360
vn -0.397648 -0.903059 -0.162360
vn 0.277297 -0.903057 0.328016
vn 0.277297 -0.903057 0.328016
vn 0.277297 -0.903057 0.328016
vn 0.277297 -0.903057 0.328016
vn -0.391145 0.876864 -0.279491
vn -0.391145 0.876864 -0.279491
vn -0.391145 0.876864 -0.279491
vn -0.391145 0.876864 -0.279491
vn -0.399719 -0.916625 0.004932
vn -0.399719 -0.916625 0.004932
vn -0.399719 -0.916625 0.004932
vn -0.399719 -0.916625 0.004932
vn 0.464937 0.878674 0.108474
vn 0.464937 0.878674 0.108474
vn 0.464937 0.878674 0.108474
vn 0.464937 0.878674 0.108474
vn -0.439903 0.878671 -0.185531
vn -0.439903 0.878671 -0.185531
vn -0.439903 0.878671 -0.185531
vn -0.439903 0.878671 -0.185531
vn 0.320484 -0.916622 0.238944
vn 0.320484 -0.916622 0.238944
vn 0.320484 -0.916622 0.238944
vn 0.320484 -0.916622 0.238944
vn 0.456028 0.876862 0.152158
vn 0.456028 0.876862 0.152158
vn 0.456028 0.876862 0.152158
vn 0.456028 0.876862 0.152158
vn -0.428368 -0.903054 -0.031541
vn -0.428368 -0.903054 -0.031541
vn -0.428368 -0.903054 -0.031541
vn -0.428368 -0.903054 -0.031541
vn 0.365090 -0.903055 0.226275
vn 0.365090 -0.903055 0.226275
vn 0.365090 -0.903055 0.226275
vn 0.365090 -0.903055 0.226275
vn -0.458362 0.876866 -0.144948
vn -0.458362 0.876866 -0.144948
vn -0.458362 0.876866 -0.144948
vn -0.458362 0.876866 -0.144948
vn -0.378630 -0.916624 0.128216
vn -0.378630 -0.916624 0.128216
vn -0.378630 -0.916624 0.128216
vn -0.378630 -0.916624 0.128216
vn 0.475719 0.878665 -0.040502
vn 0.475719 0.878665 -0.040502
vn 0.475718 0.878665 -0.040502
vn 0.475718 0.878665 -0.040502
vn -0.475714 0.878667 -0.040502
vn -0.475715 0.878667 -0.040502
vn -0.475714 0.878667 -0.040502
vn -0.475715 0.878667 -0.040502
vn 0.378637 -0.916621 0.128217
vn 0.378637 -0.916621 0.128217
vn 0.378637 -0.916621 0.128217
vn 0.378637 -0.916621 0.128217
vn 0.480730 0.876860 0.003798
vn 0.480730 0.876860 0.003798
vn 0.480730 0.876860 0.003798
vn 0.480730 0.876860 0.003798
vn -0.417158 -0.903049 0.102383
vn -0.417158 -0.903049 0.102383
vn -0.417158 -0.903049 0.102383
vn -0.417158 -0.903049 0.102383
vn 0.417146 -0.903054 0.102381
vn 0.417146 -0.903054 0.102381
vn 0.417146 -0.903054 0.102381
vn 0.417146 -0.903054 0.102381
vn -0.480722 0.876865 0.003792
vn -0.480722 0.876865 0.003792
vn -0.480722 0.876865 0.003792
vn -0.480722 0.876865 0.003792
vn -0.320484 -0.916623 0.238939
vn -0.320484 -0.916623 0.238939
vn -0.320484 -0.916623 0.238939
vn -0.320484 -0.916623 0.238939
vn 0.439911 0.878668 -0.185527
vn 0.439911 0.878668 -0.185527
vn 0.439911 0.878668 -0.185527
vn 0.439911 0.878668 -0.185527
vn -0.464956 0.878663 0.108479
vn -0.464956 0.878663 0.108479
vn -0.464956 0.878663 0.108479
vn -0.464956 0.878663 0.108479
vn 0.399719 -0.916625 0.004931
vn 0.399719 -0.916625 0.004931
vn 0.399719 -0.916625 0.004931
vn 0.399719 -0.916625 0.004931
vn 0.458370 0.876863 -0.144944
vn 0.458370 0.876863 -0.144944
vn 0.458370 0.876863 -0.144944
vn 0.458370 0.876863 -0.144944
vn -0.365097 -0.903053 0.226274
vn -0.365097 -0.903053 0.226274
vn -0.365097 -0.903053 0.226274
vn -0.365097 -0.903053 0.226274
vn 0.428378 -0.903049 -0.031532
vn 0.428378 -0.903049 -0.031532
vn 0.428378 -0.903049 -0.031532
vn 0.428378 -0.903049 -0.031532
vn -0.456035 0.876856 0.152172
vn -0.456035 0.876856 0.152172
vn -0.456035 0.876856 0.152172
vn -0.456035 0.876856 0.152172
vn -0.230954 -0.916626 0.326277
vn -0.230954 -0.916626 0.326277
vn -0.230954 -0.916626 0.326277
vn -0.230954 -0.916626 0.326277
vn 0.361040 0.878673 -0.312385
vn 0.361040 0.878673 -0.312385
vn 0.361040 0.878673 -0.312385
vn 0.361040 0.878673 -0.312385
vn -0.408657 0.878676 0.246835
vn -0.408657 0.878676 0.246835
vn -0.408657 0.878676 0.246835
vn -0.408657 0.878676 0.246835
vn 0.381684 -0.916624 -0.118822
vn 0.381684 -0.916624 -0.118822
vn 0.381684 -0.916624 -0.118822
vn 0.381684 -0.916624 -0.118822
vn 0.391137 0.876866 -0.279495
vn 0.391137 0.876867 -0.279495
vn 0.391137 0.876866 -0.279495
vn 0.391137 0.876866 -0.279495
vn -0.277298 -0.903057 0.328016
vn -0.277298 -0.903057 0.328016
vn -0.277298 -0.903057 0.328016
vn -0.277298 -0.903057 0.328016
vn 0.397656 -0.903055 -0.162363
vn 0.397656 -0.903055 -0.162363
vn 0.397656 -0.903055 -0.162363
vn 0.397656 -0.903055 -0.162363
vn -0.386687 0.876863 0.285631
vn -0.386687 0.876863 0.285631
vn -0.386687 0.876863 0.285631
vn -0.386687 0.876863 0.285631
vn -0.118827 -0.916624 0.381680
vn -0.118827 -0.916624 0.381680
vn -0.118827 -0.916624 0.381681
vn -0.118827 -0.916624 0.381680
vn 0.246846 0.878665 -0.408674
vn 0.246846 0.878665 -0.408674
vn 0.246846 0.878665 -0.408674
vn 0.246846 0.878665 -0.408675
vn -0.312388 0.878664 0.361058
vn -0.312388 0.878664 0.361058
vn -0.312388 0.878664 0.361058
vn -0.312388 0.878664 0.361058
vn 0.326295 -0.916617 -0.230966
vn 0.326295 -0.916617 -0.230966
vn 0.326295 -0.916617 -0.230966
vn 0.326295 -0.916617 -0.230966
vn 0.285637 0.876859 -0.386690
vn 0.285637 0.876859 -0.386689
vn 0.285637 0.876860 -0.386690
vn 0.285637 0.876860 -0.386690
vn -0.162369 -0.903053 0.397659
vn -0.162369 -0.903053 0.397659
vn -0.162369 -0.903053 0.397659
vn -0.162369 -0.903053 0.397659
vn 0.328007 -0.903057 -0.277307
vn 0.328007 -0.903057 -0.277307
vn 0.328007 -0.903057 -0.277307
vn 0.328007 -0.903057 -0.277307
vn -0.279494 0.876863 0.391144
vn -0.279494 0.876863 0.391144
vn -0.279494 0.876863 0.391144
vn -0.279494 0.876863 0.391144
vn 0.004938 -0.916619 0.399733
vn 0.004938 -0.916619 0.399733
vn 0.004938 -0.916619 0.399733
vn 0.004938 -0.916619 0.399733
vn 0.108474 0.878668 -0.464947
vn 0.108474 0.878668 -0.464947
vn 0.108474 0.878668 -0.464947
vn 0.108474 0.878668 -0.464947
vn -0.185528 0.878671 0.439906
vn -0.185528 0.878671 0.439906
vn -0.185528 0.878670 0.439906
vn -0.185528 0.878671 0.439906
vn 0.238944 -0.916623 -0.320481
vn 0.238944 -0.916623 -0.320481
vn 0.238944 -0.916623 -0.320481
vn 0.238944 -0.916623 -0.320481
vn 0.152159 0.876865 -0.456022
vn 0.152159 0.876865 -0.456022
vn 0.152159 0.876865 -0.456022
vn 0.152159 0.876865 -0.456022
vn -0.031533 -0.903058 0.428359
vn -0.031533 -0.903058 0.428359
vn -0.031533 -0.903058 0.428359
vn -0.031533 -0.903058 0.428359
vn 0.226271 -0.903053 -0.365099
vn 0.226271 -0.903053 -0.365099
vn 0.226271 -0.903053 -0.365099
vn 0.226271 -0.903053 -0.365099
vn -0.144941 0.876865 0.458367
vn -0.144941 0.876865 0.458367
vn -0.144941 0.876865 0.458367
vn -0.144941 0.876865 0.458367
vn 0.128216 -0.916623 0.378633
vn 0.128216 -0.916623 0.378633
vn 0.128216 -0.916623 0.378633
vn 0.128216 -0.916623 0.378633
vn -0.040510 0.878667 -0.475713
vn -0.040510 0.878667 -0.475713
vn -0.040510 0.878667 -0.475713
vn -0.040510 0.878667 -0.475713
vn -0.040506 0.878668 0.475712
vn -0.040506 0.878668 0.475712
vn -0.040506 0.878668 0.475712
vn -0.040506 0.878668 0.475712
vn 0.128213 -0.916623 -0.378634
vn 0.128213 -0.916623 -0.378634
vn 0.128213 -0.916623 -0.378634
vn 0.128213 -0.916623 -0.378634
vn 0.003796 0.876859 -0.480734
vn 0.003796 0.876859 -0.480734
vn 0.003796 0.876859 -0.480734
vn 0.003796 0.876859 -0.480734
vn 0.102379 -0.903053 0.417149
vn 0.102379 -0.903053 0.417149
vn 0.102379 -0.903053 0.417149
vn 0.102379 -0.903053 0.417149
vn 0.102380 -0.903052 -0.417151
vn 0.102380 -0.903052 -0.417151
vn 0.102380 -0.903052 -0.417151
vn 0.102380 -0.903052 -0.417151
vn 0.003796 0.876862 0.480728
vn 0.003796 0.876862 0.480728
vn 0.003796 0.876862 0.480728
vn 0.003796 0.876862 0.480728
vn 0.238942 -0.916624 0.320479
vn 0.238942 -0.916624 0.320479
vn 0.238942 -0.916624 0.320479
vn 0.238942 -0.916624 0.320479
vn -0.185531 0.878661 -0.439924
vn -0.185531 0.878661 -0.439924
vn -0.185531 0.878661 -0.439924
vn -0.185531 0.878661 -0.439924
vn 0.108476 0.878665 0.464952
vn 0.108476 0.878665 0.464952
vn 0.108476 0.878665 0.464952
vn 0.108476 0.878665 0.464952
vn 0.004938 -0.916620 -0.399729
vn 0.004938 -0.916620 -0.399729
vn 0.004938 -0.916620 -0.399729
vn 0.004938 -0.916620 -0.399729
vn -0.144938 0.876860 -0.458376
vn -0.144938 0.876860 -0.458376
vn -0.144938 0.876860 -0.458376
vn -0.144938 0.876860 -0.458376
vn 0.226277 -0.903054 0.365092
vn 0.226277 -0.903054 0.365092
vn 0.226277 -0.903054 0.365092
vn 0.226277 -0.903054 0.365092
vn -0.031539 -0.903055 -0.428365
vn -0.031539 -0.903055 -0.428365
vn -0.031539 -0.903055 -0.428365
vn -0.031539 -0.903055 -0.428365
vn 0.152160 0.876864 0.456024
vn 0.152160 0.876864 0.456024
vn 0.152160 0.876864 0.456024
vn 0.152160 0.876864 0.456024
vn 0.326278 -0.916626 0.230955
vn 0.326278 -0.916626 0.230955
vn 0.326278 -0.916626 0.230955
vn 0.326278 -0.916626 0.230955
vn -0.312389 0.878672 -0.361039
vn -0.312389 0.878672 -0.361039
vn -0.312389 0.878672 -0.361039
vn -0.312389 0.878672 -0.361039
vn 0.246850 0.878666 0.408671
vn 0.246850 0.878666 0.408671
vn 0.246850 0.878666 0.408671
vn 0.246850 0.878666 0.408671
vn -0.118825 -0.916626 -0.381676
vn -0.118825 -0.916626 -0.381676
vn -0.118825 -0.916626 -0.381676
vn -0.118825 -0.916626 -0.381676
vn -0.279499 0.876856 -0.391157
vn -0.279499 0.876856 -0.391157
vn -0.279499 0.876856 -0.391157
vn -0.279499 0.876856 -0.391157
vn 0.328018 -0.903052 0.277312
vn 0.328018 -0.903052 0.277312
vn 0.328017 -0.903052 0.277312
vn 0.328017 -0.903052 0.277312
vn -0.162366 -0.903053 -0.397658
vn -0.162366 -0.903053 -0.397658
vn -0.162366 -0.903053 -0.397658
vn -0.162366 -0.903053 -0.397658
vn 0.285635 0.876859 0.386693
vn 0.285635 0.876859 0.386693
vn 0.285635 0.876859 0.386693
vn 0.285635 0.876859 0.386693
vn 0.381686 -0.916622 0.118829
vn 0.381686 -0.916622 0.118829
vn 0.381686 -0.916622 0.118829
vn 0.381686 -0.916622 0.118829
vn -0.408668 0.878668 -0.246847
vn -0.408668 0.878668 -0.246847
vn -0.408668 0.878668 -0.246847
vn -0.408668 0.878668 -0.246847
vn 0.361052 0.878666 0.312389
vn 0.361052 0.878666 0.312389
vn 0.361052 0.878666 0.312389
vn 0.361052 0.878666 0.312389
vn -0.230955 -0.916624 -0.326282
vn -0.230955 -0.916624 -0.326282
vn -0.230955 -0.916624 -0.326282
vn -0.230955 -0.916624 -0.326282
vn -0.386681 0.876862 -0.285640
vn -0.386681 0.876862 -0.285640
vn -0.386682 0.876862 -0.285640
vn -0.386682 0.876862 -0.285640
vn 0.397655 -0.903055 0.162365
vn 0.397655 -0.903055 0.162365
vn 0.397655 -0.903055 0.162365
vn 0.397655 -0.903055 0.162365
vn -0.277303 -0.903055 -0.328017
vn -0.277303 -0.903055 -0.328017
vn -0.277303 -0.903055 -0.328017
vn -0.277303 -0.903055 -0.328017
vn 0.391152 0.876858 0.279500
vn 0.391152 0.876858 0.279500
vn 0.391152 0.876858 0.279500
vn 0.391152 0.876858 0.279500
vn 0.399725 -0.916622 -0.004930
vn 0.399725 -0.916622 -0.004930
vn 0.399725 -0.916622 -0.004930
vn 0.399725 -0.916622 -0.004930
vn -0.464954 0.878664 -0.108478
vn -0.464954 0.878664 -0.108478
vn -0.464954 0.878664 -0.108478
vn -0.464954 0.878664 -0.108478
vn 0.439904 0.878672 0.185525
vn 0.439905 0.878672 0.185525
vn 0.439904 0.878672 0.185525
vn 0.439905 0.878672 0.185525
vn -0.320478 -0.916624 -0.238943
vn -0.320478 -0.916624 -0.238943
vn -0.320478 -0.916624 -0.238943
vn -0.320478 -0.916624 -0.238943
vn -0.456020 0.876866 -0.152160
vn -0.456020 0.876866 -0.152160
vn -0.456020 0.876866 -0.152160
vn -0.456020 0.876866 -0.152160
vn 0.428359 -0.903058 0.031533
vn 0.428359 -0.903058 0.031533
vn 0.428359 -0.903058 0.031533
vn 0.428359 -0.903058 0.031533
vn -0.365093 -0.903055 -0.226272
vn -0.365093 -0.903055 -0.226272
vn -0.365093 -0.903055 -0.226272
vn -0.365093 -0.903055 -0.226272
vn 0.458370 0.876863 0.144943
vn 0.458370 0.876863 0.144943
vn 0.458370 0.876863 0.144943
vn 0.458370 0.876863 0.144943
vn 0.336918 -0.927845 -0.159970
vn 0.336918 -0.927845 -0.159970
vn 0.336918 -0.927845 -0.159970
vn 0.336918 -0.927845 -0.159970
vn -0.450467 0.885394 0.114704
vn -0.450467 0.885394 0.114704
vn -0.450467 0.885394 0.114704
vn -0.450467 0.885394 0.114704
vn 0.431854 0.885394 -0.171987
vn 0.431854 0.885394 -0.171987
vn 0.431854 0.885394 -0.171987
vn 0.431854 0.885394 -0.171987
vn -0.366597 -0.927847 0.068608
vn -0.366597 -0.927847 0.068608
vn -0.366597 -0.927847 0.068608
vn -0.366597 -0.927847 0.068608
vn -0.456437 0.887160 0.067912
vn -0.456437 0.887160 0.067912
vn -0.456437 0.887160 0.067912
vn -0.456437 0.887160 0.067912
vn 0.363474 -0.920083 -0.146062
vn 0.363474 -0.920083 -0.146062
vn 0.363474 -0.920083 -0.146062
vn 0.363474 -0.920083 -0.146062
vn -0.379909 -0.920083 0.095481
vn -0.379909 -0.920083 0.095481
vn -0.379909 -0.920083 0.095481
vn -0.379909 -0.920083 0.095481
vn 0.409184 0.887159 -0.213347
vn 0.409184 0.887159 -0.213347
vn 0.409184 0.887159 -0.213347
vn 0.409184 0.887159 -0.213347
vn 0.455086 0.887159 -0.076452
vn 0.455086 0.887159 -0.076452
vn 0.455086 0.887159 -0.076452
vn 0.455086 0.887159 -0.076452
vn -0.390835 -0.920076 -0.026597
vn -0.390835 -0.920076 -0.026597
vn -0.390835 -0.920076 -0.026597
vn -0.390835 -0.920076 -0.026597
vn 0.463876 0.885388 -0.030114
vn 0.463876 0.885388 -0.030114
vn 0.463876 0.885388 -0.030114
vn 0.463876 0.885388 -0.030114
vn -0.369858 -0.927846 -0.048029
vn -0.369858 -0.927846 -0.048029
vn -0.369858 -0.927846 -0.048029
vn -0.369858 -0.927846 -0.048029
vn -0.455082 0.887161 -0.076462
vn -0.455082 0.887161 -0.076462
vn -0.455082 0.887161 -0.076462
vn -0.455082 0.887161 -0.076462
vn 0.390832 -0.920078 -0.026598
vn 0.390832 -0.920078 -0.026598
vn 0.390832 -0.920078 -0.026598
vn 0.390832 -0.920078 -0.026598
vn 0.369873 -0.927840 -0.048023
vn 0.369873 -0.927840 -0.048023
vn 0.369873 -0.927840 -0.048023
vn 0.369873 -0.927840 -0.048023
vn -0.463873 0.885390 -0.030118
vn -0.463873 0.885390 -0.030118
vn -0.463873 0.885390 -0.030118
vn -0.463873 0.885390 -0.030118
vn 0.270992 -0.927844 -0.256259
vn 0.270992 -0.927844 -0.256259
vn 0.270992 -0.927844 -0.256259
vn 0.270992 -0.927844 -0.256259
vn -0.392980 0.885389 0.248299
vn -0.392980 0.885389 0.248299
vn -0.392980 0.885389 0.248299
vn -0.392980 0.885389 0.248299
vn 0.357572 0.885394 -0.297018
vn 0.357572 0.885394 -0.297018
vn 0.357572 0.885394 -0.297018
vn 0.357572 0.885394 -0.297018
vn -0.327469 -0.927840 0.178543
vn -0.327469 -0.927840 0.178543
vn -0.327469 -0.927840 0.178543
vn -0.327469 -0.927840 0.178543
vn -0.413125 0.887152 0.205643
vn -0.413125 0.887152 0.205643
vn -0.413125 0.887152 0.205643
vn -0.413125 0.887152 0.205643
vn 0.300556 -0.920080 -0.251236
vn 0.300556 -0.920080 -0.251236
vn 0.300556 -0.920080 -0.251236
vn 0.300556 -0.920080 -0.251236
vn -0.331816 -0.920081 0.208208
vn -0.331816 -0.920081 0.208208
vn -0.331816 -0.920080 0.208208
vn -0.331816 -0.920081 0.208208
vn 0.323237 0.887155 -0.329353
vn 0.323237 0.887155 -0.329353
vn 0.323237 0.887155 -0.329353
vn 0.323237 0.887155 -0.329353
vn 0.178537 -0.927845 -0.327458
vn 0.178537 -0.927845 -0.327458
vn 0.178537 -0.927845 -0.327458
vn 0.178537 -0.927845 -0.327458
vn -0.297021 0.885390 0.357580
vn -0.297021 0.885390 0.357580
vn -0.297021 0.885390 0.357580
vn -0.297021 0.885390 0.357580
vn 0.248297 0.885388 -0.392984
vn 0.248297 0.885388 -0.392984
vn 0.248297 0.885388 -0.392984
vn 0.248297 0.885388 -0.392984
vn -0.256262 -0.927841 0.270999
vn -0.256262 -0.927841 0.270999
vn -0.256262 -0.927841 0.270999
vn -0.256262 -0.927841 0.270999
vn -0.329350 0.887158 0.323233
vn -0.329350 0.887158 0.323233
vn -0.329350 0.887158 0.323233
vn -0.329350 0.887158 0.323233
vn 0.208209 -0.920081 -0.331814
vn 0.208209 -0.920081 -0.331814
vn 0.208209 -0.920081 -0.331814
vn 0.208209 -0.920081 -0.331814
vn -0.251237 -0.920080 0.300554
vn -0.251237 -0.920080 0.300554
vn -0.251237 -0.920080 0.300554
vn -0.251237 -0.920080 0.300554
vn 0.205635 0.887160 -0.413112
vn 0.205635 0.887160 -0.413112
vn 0.205635 0.887160 -0.413112
vn 0.205635 0.887160 -0.413112
vn 0.068617 -0.927844 -0.366603
vn 0.068617 -0.927844 -0.366603
vn 0.068617 -0.927844 -0.366603
vn 0.068617 -0.927844 -0.366603
vn -0.171985 0.885394 0.431855
vn -0.171985 0.885394 0.431855
vn -0.171985 0.885394 0.431855
vn -0.171985 0.885394 0.431855
vn 0.114703 0.885387 -0.450482
vn 0.114703 0.885387 -0.450482
vn 0.114703 0.885387 -0.450482
vn 0.114703 0.885387 -0.450482
vn -0.159975 -0.927843 0.336921
vn -0.159975 -0.927843 0.336921
vn -0.159975 -0.927843 0.336921
vn -0.159975 -0.927843 0.336921
vn -0.213348 0.887159 0.409185
vn -0.213348 0.887159 0.409185
vn -0.213348 0.887159 0.409185
vn -0.213348 0.887159 0.409185
vn 0.095481 -0.920081 -0.379915
vn 0.095481 -0.920081 -0.379915
vn 0.095481 -0.920081 -0.379915
vn 0.095481 -0.920081 -0.379915
vn -0.146068 -0.920076 0.363489
vn -0.146068 -0.920076 0.363489
vn -0.146068 -0.920076 0.363489
vn -0.146068 -0.920076 0.363489
vn 0.067916 0.887160 -0.456436
vn 0.067916 0.887160 -0.456436
vn 0.067916 0.887160 -0.456436
vn 0.067916 0.887160 -0.456436
vn -0.048032 -0.927843 -0.369865
vn -0.048032 -0.927843 -0.369865
vn -0.048032 -0.927843 -0.369865
vn -0.048032 -0.927843 -0.369865
vn -0.030117 0.885394 0.463865
vn -0.030117 0.885394 0.463865
vn -0.030117 0.885394 0.463865
vn -0.030117 0.885394 0.463865
vn -0.030116 0.885391 -0.463871
vn -0.030116 0.885391 -0.463871
vn -0.030116 0.885391 -0.463871
vn -0.030116 0.885391 -0.463871
vn -0.048029 -0.927843 0.369865
vn -0.048029 -0.927843 0.369865
vn -0.048029 -0.927843 0.369865
vn -0.048029 -0.927843 0.369865
vn -0.076459 0.887161 0.455083
vn -0.076459 0.887160 0.455083
vn -0.076459 0.887161 0.455083
vn -0.076459 0.887160 0.455083
vn -0.026592 -0.920079 -0.390829
vn -0.026592 -0.920079 -0.390829
vn -0.026592 -0.920079 -0.390829
vn -0.026592 -0.920079 -0.390829
vn -0.026596 -0.920083 0.390820
vn -0.026596 -0.920083 0.390820
vn -0.026596 -0.920083 0.390820
vn -0.026596 -0.920083 0.390820
vn -0.076456 0.887160 -0.455084
vn -0.076456 0.887160 -0.455084
vn -0.076456 0.887160 -0.455084
vn -0.076456 0.887160 -0.455084
vn -0.159975 -0.927845 -0.336915
vn -0.159975 -0.927845 -0.336915
vn -0.159975 -0.927845 -0.336915
vn -0.159975 -0.927845 -0.336915
vn 0.114695 0.885395 0.450468
vn 0.114695 0.885395 0.450469
vn 0.114694 0.885395 0.450468
vn 0.114695 0.885395 0.450469
vn -0.171979 0.885394 -0.431857
vn -0.171979 0.885394 -0.431857
vn -0.171979 0.885394 -0.431857
vn -0.171979 0.885394 -0.431857
vn 0.068617 -0.927843 0.366604
vn 0.068617 -0.927843 0.366604
vn 0.068617 -0.927843 0.366604
vn 0.068617 -0.927843 0.366604
vn 0.067910 0.887163 0.456432
vn 0.067910 0.887163 0.456432
vn 0.067910 0.887163 0.456432
vn 0.067910 0.887163 0.456432
vn -0.146066 -0.920079 -0.363482
vn -0.146066 -0.920079 -0.363482
vn -0.146066 -0.920079 -0.363482
vn -0.146066 -0.920079 -0.363482
vn 0.095481 -0.920081 0.379913
vn 0.095482 -0.920081 0.379913
vn 0.095481 -0.920081 0.379913
vn 0.095481 -0.920081 0.379913
vn -0.213346 0.887160 -0.409182
vn -0.213346 0.887160 -0.409182
vn -0.213346 0.887160 -0.409182
vn -0.213346 0.887160 -0.409182
vn -0.256254 -0.927844 -0.270996
vn -0.256254 -0.927844 -0.270996
vn -0.256254 -0.927844 -0.270996
vn -0.256254 -0.927844 -0.270996
vn 0.248295 0.885392 0.392977
vn 0.248295 0.885392 0.392977
vn 0.248295 0.885392 0.392977
vn 0.248295 0.885392 0.392977
vn -0.297025 0.885389 -0.357578
vn -0.297025 0.885389 -0.357578
vn -0.297025 0.885389 -0.357578
vn -0.297025 0.885389 -0.357578
vn 0.178547 -0.927843 0.327458
vn 0.178547 -0.927843 0.327458
vn 0.178547 -0.927843 0.327458
vn 0.178547 -0.927843 0.327458
vn 0.205641 0.887158 0.413114
vn 0.205641 0.887158 0.413114
vn 0.205641 0.887157 0.413114
vn 0.205641 0.887158 0.413114
vn -0.251238 -0.920080 -0.300553
vn -0.251238 -0.920080 -0.300553
vn -0.251238 -0.920080 -0.300553
vn -0.251238 -0.920080 -0.300553
vn 0.208210 -0.920080 0.331816
vn 0.208210 -0.920080 0.331816
vn 0.208210 -0.920080 0.331816
vn 0.208210 -0.920080 0.331816
vn -0.329356 0.887153 -0.323240
vn -0.329356 0.887153 -0.323240
vn -0.329356 0.887153 -0.323240
vn -0.329356 0.887153 -0.323240
vn -0.327460 -0.927843 -0.178542
vn -0.327460 -0.927843 -0.178542
vn -0.327460 -0.927843 -0.178542
vn -0.327460 -0.927843 -0.178542
vn 0.357571 0.885395 0.297016
vn 0.357571 0.885395 0.297016
vn 0.357571 0.885395 0.297016
vn 0.357571 0.885395 0.297016
vn -0.392981 0.885388 -0.248302
vn -0.392981 0.885388 -0.248302
vn -0.392981 0.885388 -0.248302
vn -0.392981 0.885388 -0.248302
vn 0.270987 -0.927847 0.256253
vn 0.270987 -0.927847 0.256253
vn 0.270987 -0.927847 0.256253
vn 0.270987 -0.927847 0.256253
vn 0.323221 0.887165 0.329342
vn 0.323221 0.887165 0.329342
vn 0.323221 0.887165 0.329342
vn 0.323221 0.887165 0.329342
vn -0.331814 -0.920082 -0.208205
vn -0.331814 -0.920082 -0.208205
vn -0.331814 -0.920082 -0.208205
vn -0.331814 -0.920082 -0.208205
vn 0.300555 -0.920080 0.251234
vn 0.300555 -0.920080 0.251234
vn 0.300555 -0.920080 0.251234
vn 0.300555 -0.920080 0.251234
vn -0.413114 0.887157 -0.205643
vn -0.413114 0.887157 -0.205643
vn -0.413114 0.887157 -0.205643
vn -0.413114 0.887157 -0.205643
vn -0.366598 -0.927847 -0.068608
vn -0.366598 -0.927847 -0.068608
vn -0.366598 -0.927847 -0.068608
vn -0.366598 -0.927847 -0.068608
vn 0.431850 0.885396 0.171985
vn 0.431850 0.885396 0.171985
vn 0.431850 0.885396 0.171985
vn 0.431850 0.885396 0.171985
vn -0.450477 0.885389 -0.114706
vn -0.450477 0.885389 -0.114706
vn -0.450477 0.885389 -0.114706
vn -0.450477 0.885389 -0.114706
vn 0.336924 -0.927842 0.159976
vn 0.336924 -0.927842 0.159976
vn 0.336924 -0.927842 0.159976
vn 0.336924 -0.927842 0.159976
vn 0.409193 0.887155 0.213348
vn 0.409193 0.887155 0.213348
vn 0.409193 0.887155 0.213348
vn 0.409193 0.887155 0.213348
vn -0.379919 -0.920079 -0.095484
vn -0.379919 -0.920079 -0.095484
vn -0.379919 -0.920079 -0.095484
vn -0.379919 -0.920079 -0.095484
vn 0.363468 -0.920086 0.146058
vn 0.363468 -0.920086 0.146058
vn 0.363468 -0.920086 0.146058
vn 0.363468 -0.920086 0.146058
vn -0.456434 0.887162 -0.067911
vn -0.456434 0.887162 -0.067911
vn -0.456434 0.887162 -0.067911
vn -0.456434 0.887162 -0.067911
vn -0.369861 -0.927845 0.048030
vn -0.369861 -0.927845 0.048030
vn -0.369861 -0.927845 0.048030
vn -0.369861 -0.927845 0.048030
vn 0.463876 0.885388 0.030113
vn 0.463876 0.885388 0.030113
vn 0.463876 0.885388 0.030113
vn 0.463876 0.885388 0.030113
vn -0.463872 0.885390 0.030118
vn -0.463872 0.885390 0.030118
vn -0.463872 0.885390 0.030118
vn -0.463872 0.885390 0.030118
vn 0.369871 -0.927841 0.048023
vn 0.369871 -0.927841 0.048023
vn 0.369871 -0.927841 0.048023
vn 0.369871 -0.927841 0.048023
vn 0.455092 0.887157 0.076453
vn 0.455092 0.887157 0.076453
vn 0.455092 0.887157 0.076453
vn 0.455092 0.887157 0.076453
vn -0.390832 -0.920078 0.026597
vn -0.390832 -0.920078 0.026597
vn -0.390832 -0.920078 0.026597
vn -0.390832 -0.920078 0.026597
vn 0.390833 -0.920078 0.026598
vn 0.390832 -0.920078 0.026598
vn 0.390833 -0.920078 0.026598
vn 0.390833 -0.920078 0.026598
vn -0.455087 0.887158 0.076462
vn -0.455087 0.887158 0.076462
vn -0.455087 0.887158 0.076462
vn -0.455087 0.887158 0.076462
vn -0.336908 -0.927849 0.159969
vn -0.336908 -0.927848 0.159969
vn -0.336908 -0.927848 0.159969
vn -0.336908 -0.927848 0.159969
vn 0.450459 0.885398 -0.114704
vn 0.450459 0.885398 -0.114704
vn 0.450459 0.885398 -0.114704
vn 0.450459 0.885398 -0.114704
vn -0.431857 0.885393 0.171986
vn -0.431857 0.885393 0.171986
vn -0.431857 0.885393 0.171986
vn -0.431857 0.885393 0.171986
vn 0.366604 -0.927843 -0.068619
vn 0.366604 -0.927843 -0.068619
vn 0.366604 -0.927843 -0.068619
vn 0.366604 -0.927843 -0.068619
vn 0.456441 0.887158 -0.067923
vn 0.456441 0.887157 -0.067923
vn 0.456441 0.887157 -0.067923
vn 0.456441 0.887158 -0.067923
vn -0.363481 -0.920081 0.146057
vn -0.363481 -0.920081 0.146057
vn -0.363481 -0.920081 0.146057
vn -0.363482 -0.920081 0.146057
vn 0.379929 -0.920075 -0.095478
vn 0.379929 -0.920075 -0.095478
vn 0.379929 -0.920075 -0.095478
vn 0.379929 -0.920075 -0.095478
vn -0.409188 0.887158 0.213342
vn -0.409188 0.887158 0.213342
vn -0.409188 0.887158 0.213342
vn -0.409188 0.887158 0.213342
vn -0.270985 -0.927848 0.256253
vn -0.270985 -0.927848 0.256253
vn -0.270985 -0.927848 0.256253
vn -0.270985 -0.927848 0.256253
vn 0.392978 0.885390 -0.248299
vn 0.392978 0.885390 -0.248299
vn 0.392978 0.885390 -0.248299
vn 0.392978 0.885390 -0.248299
vn -0.357576 0.885391 0.297020
vn -0.357576 0.885391 0.297020
vn -0.357576 0.885391 0.297021
vn -0.357576 0.885391 0.297021
vn 0.327469 -0.927839 -0.178546
vn 0.327469 -0.927839 -0.178546
vn 0.327469 -0.927839 -0.178546
vn 0.327469 -0.927839 -0.178547
vn 0.413122 0.887154 -0.205640
vn 0.413121 0.887154 -0.205640
vn 0.413122 0.887154 -0.205640
vn 0.413122 0.887154 -0.205640
vn -0.300551 -0.920083 0.251229
vn -0.300551 -0.920083 0.251229
vn -0.300551 -0.920083 0.251229
vn -0.300551 -0.920083 0.251229
vn 0.331818 -0.920080 -0.208206
vn 0.331818 -0.920080 -0.208206
vn 0.331818 -0.920080 -0.208206
vn 0.331818 -0.920080 -0.208206
vn -0.323221 0.887165 0.329344
vn -0.323221 0.887165 0.329344
vn -0.323221 0.887165 0.329344
vn -0.323221 0.887165 0.329344
vn -0.178546 -0.927845 0.327451
vn -0.178546 -0.927845 0.327451
vn -0.178546 -0.927845 0.327451
vn -0.178546 -0.927845 0.327451
vn 0.297017 0.885396 -0.357568
vn 0.297017 0.885396 -0.357568
vn 0.297017 0.885396 -0.357568
vn 0.297017 0.885396 -0.357568
vn -0.248301 0.885387 0.392984
vn -0.248301 0.885387 0.392985
vn -0.248301 0.885387 0.392985
vn -0.248301 0.885387 0.392985
vn 0.256261 -0.927842 -0.270996
vn 0.256261 -0.927842 -0.270996
vn 0.256261 -0.927842 -0.270996
vn 0.256261 -0.927842 -0.270996
vn 0.329350 0.887157 -0.323234
vn 0.329350 0.887157 -0.323234
vn 0.329350 0.887157 -0.323234
vn 0.329350 0.887157 -0.323234
vn -0.208211 -0.920077 0.331823
vn -0.208211 -0.920077 0.331823
vn -0.208211 -0.920077 0.331823
vn -0.208211 -0.920077 0.331823
vn 0.251246 -0.920074 -0.300565
vn 0.251246 -0.920074 -0.300565
vn 0.251246 -0.920074 -0.300565
vn 0.251246 -0.920074 -0.300565
vn -0.205645 0.887156 0.413115
vn -0.205646 0.887156 0.413115
vn -0.205645 0.887156 0.413115
vn -0.205645 0.887156 0.413115
vn -0.068612 -0.927843 0.366606
vn -0.068612 -0.927843 0.366606
vn -0.068612 -0.927843 0.366606
vn -0.068612 -0.927843 0.366606
vn 0.171986 0.885389 -0.431864
vn 0.171986 0.885389 -0.431864
vn 0.171986 0.885389 -0.431864
vn 0.171986 0.885389 -0.431864
vn -0.114702 0.885390 0.450475
vn -0.114702 0.885390 0.450475
vn -0.114702 0.885390 0.450475
vn -0.114702 0.885390 0.450475
vn 0.159981 -0.927843 -0.336918
vn 0.159981 -0.927843 -0.336918
vn 0.159981 -0.927843 -0.336918
vn 0.159981 -0.927843 -0.336918
vn 0.213353 0.887157 -0.409186
vn 0.213353 0.887157 -0.409186
vn 0.213353 0.887157 -0.409186
vn 0.213353 0.887157 -0.409186
vn -0.095485 -0.920077 0.379922
vn -0.095485 -0.920077 0.379922
vn -0.095485 -0.920077 0.379922
vn -0.095485 -0.920077 0.379922
vn 0.146063 -0.920077 -0.363489
vn 0.146063 -0.920077 -0.363489
vn 0.146063 -0.920077 -0.363489
vn 0.146063 -0.920077 -0.363489
vn -0.067910 0.887158 0.456441
vn -0.067910 0.887158 0.456441
vn -0.067910 0.887158 0.456441
vn -0.067910 0.887158 0.456441
vn 0.048030 -0.927846 0.369859
vn 0.048030 -0.927846 0.369859
vn 0.048030 -0.927846 0.369859
vn 0.048030 -0.927846 0.369859
vn 0.030112 0.885392 -0.463870
vn 0.030112 0.885392 -0.463870
vn 0.030112 0.885392 -0.463870
vn 0.030112 0.885392 -0.463870
vn 0.030117 0.885390 0.463873
vn 0.030117 0.885390 0.463873
vn 0.030117 0.885390 0.463873
vn 0.030117 0.885390 0.463873
vn 0.048030 -0.927845 -0.369861
vn 0.048030 -0.927845 -0.369861
vn 0.048030 -0.927845 -0.369861
vn 0.048030 -0.927845 -0.369861
vn 0.076455 0.887156 -0.455092
vn 0.076455 0.887156 -0.455092
vn 0.076455 0.887156 -0.455092
vn 0.076455 0.887156 -0.455092
vn 0.026597 -0.920075 0.390837
vn 0.026597 -0.920075 0.390837
vn 0.026597 -0.920075 0.390837
vn 0.026597 -0.920075 0.390837
vn 0.026592 -0.920077 -0.390833
vn 0.026592 -0.920077 -0.390833
vn 0.026592 -0.920077 -0.390833
vn 0.026592 -0.920077 -0.390833
vn 0.076456 0.887154 0.455096
vn 0.076456 0.887154 0.455096
vn 0.076456 0.887154 0.455096
vn 0.076456 0.887154 0.455096
vn 0.159977 -0.927841 0.336926
vn 0.159977 -0.927841 0.336926
vn 0.159977 -0.927841 0.336926
vn 0.159977 -0.927841 0.336926
vn -0.114704 0.885388 -0.450479
vn -0.114704 0.885388 -0.450479
vn -0.114704 0.885388 -0.450479
vn -0.114704 0.885388 -0.450479
vn 0.171982 0.885392 0.431860
vn 0.171982 0.885392 0.431860
vn 0.171982 0.885392 0.431860
vn 0.171982 0.885392 0.431860
vn -0.068615 -0.927843 -0.366606
vn -0.068615 -0.927843 -0.366606
vn -0.068615 -0.927843 -0.366606
vn -0.068615 -0.927843 -0.366606
vn -0.067919 0.887156 -0.456444
vn -0.067919 0.887156 -0.456444
vn -0.067919 0.887156 -0.456444
vn -0.067919 0.887156 -0.456444
vn 0.146064 -0.920078 0.363485
vn 0.146064 -0.920078 0.363485
vn 0.146064 -0.920078 0.363485
vn 0.146064 -0.920078 0.363485
vn -0.095482 -0.920080 -0.379917
vn -0.095482 -0.920079 -0.379917
vn -0.095482 -0.920080 -0.379917
vn -0.095482 -0.920080 -0.379917
vn 0.213345 0.887162 0.409180
vn 0.213345 0.887162 0.409180
vn 0.213345 0.887162 0.409180
vn 0.213345 0.887162 0.409180
vn 0.256269 -0.927840 0.270997
vn 0.256269 -0.927840 0.270997
vn 0.256269 -0.927840 0.270997
vn 0.256269 -0.927840 0.270997
vn -0.248293 0.885390 -0.392983
vn -0.248293 0.885390 -0.392983
vn -0.248293 0.885390 -0.392983
vn -0.248293 0.885390 -0.392983
vn 0.297014 0.885396 0.357570
vn 0.297014 0.885396 0.357570
vn 0.297014 0.885396 0.357570
vn 0.297014 0.885396 0.357570
vn -0.178541 -0.927844 -0.327458
vn -0.178541 -0.927844 -0.327458
vn -0.178541 -0.927844 -0.327458
vn -0.178541 -0.927844 -0.327458
vn -0.205640 0.887158 -0.413114
vn -0.205640 0.887158 -0.413114
vn -0.205640 0.887158 -0.413114
vn -0.205640 0.887158 -0.413114
vn 0.251245 -0.920075 0.300563
vn 0.251245 -0.920075 0.300563
vn 0.251245 -0.920075 0.300563
vn 0.251245 -0.920075 0.300563
vn -0.208211 -0.920079 -0.331817
vn -0.208211 -0.920079 -0.331817
vn -0.208211 -0.920079 -0.331817
vn -0.208211 -0.920079 -0.331817
vn 0.329355 0.887157 0.323231
vn 0.329355 0.887157 0.323231
vn 0.329355 0.887157 0.323231
vn 0.329355 0.887157 0.323231
vn 0.327466 -0.927840 0.178545
vn 0.327466 -0.927841 0.178545
vn 0.327466 -0.927840 0.178545
vn 0.327466 -0.927841 0.178545
vn -0.357572 0.885394 -0.297017
vn -0.357572 0.885394 -0.297017
vn -0.357572 0.885394 -0.297017
vn -0.357572 0.885394 -0.297017
vn 0.392987 0.885386 0.248298
vn 0.392987 0.885386 0.248298
vn 0.392987 0.885386 0.248298
vn 0.392987 0.885386 0.248298
vn -0.270998 -0.927843 -0.256256
vn -0.270998 -0.927843 -0.256256
vn -0.270998 -0.927843 -0.256256
vn -0.270998 -0.927843 -0.256256
vn -0.323238 0.887157 -0.329348
vn -0.323238 0.887157 -0.329348
vn -0.323238 0.887157 -0.329348
vn -0.323238 0.887157 -0.329348
vn 0.331816 -0.920081 0.208204
vn 0.331816 -0.920081 0.208203
vn 0.331816 -0.920081 0.208204
vn 0.331816 -0.920081 0.208204
vn -0.300556 -0.920080 -0.251236
vn -0.300556 -0.920080 -0.251236
vn -0.300556 -0.920080 -0.251236
vn -0.300556 -0.920080 -0.251236
vn 0.413119 0.887157 0.205635
vn 0.413119 0.887157 0.205635
vn 0.413119 0.887157 0.205635
vn 0.413119 0.887157 0.205635
vn 0.366602 -0.927844 0.068618
vn 0.366602 -0.927844 0.068618
vn 0.366602 -0.927844 0.068618
vn 0.366602 -0.927844 0.068618
vn -0.431857 0.885392 -0.171988
vn -0.431857 0.885392 -0.171988
vn -0.431857 0.885392 -0.171988
vn -0.431857 0.885392 -0.171988
vn 0.450463 0.885395 0.114707
vn 0.450464 0.885395 0.114707
vn 0.450463 0.885395 0.114707
vn 0.450464 0.885395 0.114707
vn -0.336909 -0.927848 -0.159971
vn -0.336909 -0.927848 -0.159971
vn -0.336909 -0.927848 -0.159971
vn -0.336909 -0.927848 -0.159971
vn -0.409182 0.887162 -0.213341
vn -0.409181 0.887162 -0.213341
vn -0.409181 0.887162 -0.213341
vn -0.409182 0.887162 -0.213341
vn 0.379916 -0.920081 0.095475
vn 0.379916 -0.920081 0.095475
vn 0.379916 -0.920081 0.095475
vn 0.379916 -0.920081 0.095475
vn -0.363480 -0.920081 -0.146059
vn -0.363480 -0.920081 -0.146059
vn -0.363480 -0.920081 -0.146059
vn -0.363480 -0.920081 -0.146059
vn 0.456444 0.887156 0.067923
vn 0.456444 0.887156 0.067923
vn 0.456444 0.887156 0.067923
vn 0.456444 0.887156 0.067923
vn 0.344626 -0.935195 -0.081502
vn 0.344626 -0.935196 -0.081502
vn 0.344626 -0.935195 -0.081502
vn 0.344626 -0.935196 -0.081502
vn -0.449017 0.892330 0.046154
vn -0.449017 0.892330 0.046154
vn -0.449017 0.892330 0.046154
vn -0.449017 0.892330 0.046154
vn 0.390381 0.892335 -0.226583
vn 0.390381 0.892335 -0.226583
vn 0.390381 0.892335 -0.226583
vn 0.390381 0.892335 -0.226583
vn -0.326713 -0.935195 0.136632
vn -0.326713 -0.935195 0.136632
vn -0.326713 -0.935195 0.136632
vn -0.326713 -0.935195 0.136632
vn -0.441194 0.897404 -0.003685
vn -0.441194 0.897404 -0.003685
vn -0.441194 0.897404 -0.003685
vn -0.441194 0.897404 -0.003685
vn 0.352555 -0.933521 -0.065140
vn 0.352555 -0.933521 -0.065140
vn 0.352555 -0.933521 -0.065140
vn 0.352555 -0.933521 -0.065140
vn -0.323510 -0.933521 0.154532
vn -0.323510 -0.933521 0.154532
vn -0.323510 -0.933521 0.154532
vn -0.323510 -0.933521 0.154532
vn 0.354765 0.897405 -0.262308
vn 0.354765 0.897405 -0.262308
vn 0.354765 0.897405 -0.262308
vn 0.354765 0.897405 -0.262308
vn 0.418478 0.897397 -0.139842
vn 0.418478 0.897397 -0.139842
vn 0.418478 0.897397 -0.139842
vn 0.418478 0.897397 -0.139842
vn -0.355441 -0.933517 0.046995
vn -0.355441 -0.933517 0.046995
vn -0.355441 -0.933517 0.046995
vn -0.355441 -0.933517 0.046995
vn 0.441313 0.892325 -0.094865
vn 0.441313 0.892325 -0.094865
vn 0.441313 0.892325 -0.094865
vn 0.441313 0.892325 -0.094865
vn -0.352949 -0.935193 0.028990
vn -0.352949 -0.935193 0.028990
vn -0.352949 -0.935193 0.028990
vn -0.352949 -0.935193 0.028990
vn -0.418464 0.897404 -0.139836
vn -0.418464 0.897404 -0.139836
vn -0.418464 0.897404 -0.139836
vn -0.418464 0.897404 -0.139836
vn 0.355437 -0.933518 0.046999
vn 0.355437 -0.933518 0.046999
vn 0.355437 -0.933518 0.046999
vn 0.355437 -0.933518 0.046999
vn 0.352958 -0.935190 0.028990
vn 0.352958 -0.935190 0.028990
vn 0.352958 -0.935190 0.028990
vn 0.352958 -0.935190 0.028990
vn -0.441306 0.892328 -0.094862
vn -0.441307 0.892328 -0.094862
vn -0.441307 0.892328 -0.094862
vn -0.441306 0.892328 -0.094862
vn 0.302577 -0.935194 -0.184011
vn 0.302577 -0.935194 -0.184011
vn 0.302577 -0.935194 -0.184011
vn 0.302577 -0.935194 -0.184011
vn -0.412778 0.892331 0.182649
vn -0.412778 0.892331 0.182649
vn -0.412778 0.892331 0.182649
vn -0.412778 0.892331 0.182649
vn 0.301264 0.892328 -0.336141
vn 0.301264 0.892328 -0.336141
vn 0.301264 0.892328 -0.336141
vn 0.301265 0.892328 -0.336141
vn -0.268504 -0.935193 0.230910
vn -0.268504 -0.935193 0.230910
vn -0.268504 -0.935193 0.230910
vn -0.268504 -0.935193 0.230910
vn -0.420753 0.897397 0.132835
vn -0.420753 0.897397 0.132835
vn -0.420753 0.897397 0.132835
vn -0.420753 0.897397 0.132835
vn 0.315178 -0.933519 -0.170894
vn 0.315178 -0.933519 -0.170894
vn 0.315178 -0.933519 -0.170894
vn 0.315178 -0.933519 -0.170894
vn -0.259926 -0.933519 0.246944
vn -0.259926 -0.933519 0.246944
vn -0.259927 -0.933519 0.246944
vn -0.259927 -0.933519 0.246944
vn 0.256344 0.897406 -0.359098
vn 0.256344 0.897406 -0.359098
vn 0.256344 0.897406 -0.359098
vn 0.256344 0.897406 -0.359098
vn 0.230905 -0.935194 -0.268505
vn 0.230905 -0.935194 -0.268505
vn 0.230905 -0.935194 -0.268505
vn 0.230905 -0.935194 -0.268505
vn -0.336135 0.892330 0.301267
vn -0.336135 0.892330 0.301267
vn -0.336135 0.892330 0.301267
vn -0.336135 0.892330 0.301267
vn 0.182644 0.892330 -0.412781
vn 0.182644 0.892330 -0.412781
vn 0.182644 0.892330 -0.412781
vn 0.182644 0.892330 -0.412781
vn -0.184009 -0.935194 0.302576
vn -0.184009 -0.935194 0.302576
vn -0.184009 -0.935194 0.302576
vn -0.184009 -0.935194 0.302576
vn -0.359114 0.897398 0.256350
vn -0.359114 0.897398 0.256350
vn -0.359114 0.897398 0.256350
vn -0.359114 0.897398 0.256350
vn 0.246944 -0.933518 -0.259929
vn 0.246944 -0.933518 -0.259929
vn 0.246944 -0.933518 -0.259929
vn 0.246944 -0.933518 -0.259929
vn -0.170895 -0.933521 0.315173
vn -0.170895 -0.933521 0.315173
vn -0.170895 -0.933521 0.315173
vn -0.170895 -0.933521 0.315173
vn 0.132834 0.897398 -0.420751
vn 0.132834 0.897398 -0.420751
vn 0.132834 0.897398 -0.420752
vn 0.132834 0.897398 -0.420751
vn 0.136632 -0.935195 -0.326715
vn 0.136632 -0.935195 -0.326715
vn 0.136632 -0.935195 -0.326715
vn 0.136632 -0.935195 -0.326715
vn -0.226596 0.892324 0.390399
vn -0.226596 0.892324 0.390399
vn -0.226596 0.892324 0.390399
vn -0.226596 0.892324 0.390399
vn 0.046153 0.892330 -0.449017
vn 0.046153 0.892330 -0.449017
vn 0.046153 0.892330 -0.449017
vn 0.046153 0.892330 -0.449017
vn -0.081501 -0.935193 0.344631
vn -0.081501 -0.935194 0.344631
vn -0.081501 -0.935194 0.344631
vn -0.081501 -0.935193 0.344631
vn -0.262315 0.897400 0.354775
vn -0.262315 0.897400 0.354775
vn -0.262315 0.897399 0.354775
vn -0.262315 0.897400 0.354775
vn 0.154530 -0.933519 -0.323515
vn 0.154530 -0.933519 -0.323515
vn 0.154530 -0.933519 -0.323515
vn 0.154530 -0.933519 -0.323515
vn -0.065140 -0.933517 0.352565
vn -0.065140 -0.933517 0.352565
vn -0.065140 -0.933517 0.352565
vn -0.065140 -0.933517 0.352565
vn -0.003692 0.897406 -0.441191
vn -0.003692 0.897406 -0.441191
vn -0.003692 0.897406 -0.441191
vn -0.003692 0.897406 -0.441191
vn 0.028984 -0.935196 -0.352944
vn 0.028984 -0.935196 -0.352944
vn 0.028984 -0.935196 -0.352944
vn 0.028984 -0.935196 -0.352944
vn -0.094864 0.892329 0.441305
vn -0.094864 0.892329 0.441305
vn -0.094864 0.892329 0.441305
vn -0.094864 0.892329 0.441305
vn -0.094862 0.892331 -0.441302
vn -0.094862 0.892331 -0.441302
vn -0.094862 0.892331 -0.441302
vn -0.094862 0.892331 -0.441302
vn 0.028982 -0.935195 0.352946
vn 0.028982 -0.935195 0.352946
vn 0.028982 -0.935195 0.352946
vn 0.028982 -0.935195 0.352946
vn -0.139841 0.897404 0.418462
vn -0.139840 0.897404 0.418462
vn -0.139841 0.897404 0.418462
vn -0.139840 0.897404 0.418462
vn 0.046995 -0.933519 -0.355434
vn 0.046995 -0.933519 -0.355434
vn 0.046995 -0.933519 -0.355434
vn 0.046995 -0.933519 -0.355434
vn 0.046994 -0.933522 0.355428
vn 0.046994 -0.933522 0.355428
vn 0.046994 -0.933522 0.355428
vn 0.046994 -0.933522 0.355428
vn -0.139839 0.897406 -0.418460
vn -0.139839 0.897406 -0.418460
vn -0.139839 0.897406 -0.418460
vn -0.139839 0.897406 -0.418460
vn -0.081502 -0.935195 -0.344627
vn -0.081502 -0.935195 -0.344627
vn -0.081502 -0.935195 -0.344627
vn -0.081502 -0.935195 -0.344627
vn 0.046148 0.892332 0.449014
vn 0.046148 0.892332 0.449014
vn 0.046148 0.892332 0.449014
vn 0.046148 0.892332 0.449014
vn -0.226594 0.892325 -0.390399
vn -0.226594 0.892325 -0.390399
vn -0.226594 0.892325 -0.390399
vn -0.226594 0.892325 -0.390399
vn 0.136632 -0.935192 0.326721
vn 0.136632 -0.935192 0.326721
vn 0.136632 -0.935192 0.326721
vn 0.136632 -0.935192 0.326721
vn -0.003688 0.897406 0.441191
vn -0.003688 0.897406 0.441191
vn -0.003688 0.897406 0.441191
vn -0.003688 0.897406 0.441191
vn -0.065142 -0.933515 -0.352570
vn -0.065142 -0.933515 -0.352570
vn -0.065142 -0.933515 -0.352570
vn -0.065142 -0.933515 -0.352570
vn 0.154533 -0.933515 0.323526
vn 0.154533 -0.933515 0.323526
vn 0.154533 -0.933515 0.323526
vn 0.154533 -0.933515 0.323526
vn -0.262310 0.897403 -0.354770
vn -0.262310 0.897403 -0.354770
vn -0.262310 0.897403 -0.354770
vn -0.262310 0.897403 -0.354770
vn -0.184011 -0.935193 -0.302577
vn -0.184011 -0.935193 -0.302577
vn -0.184011 -0.935193 -0.302577
vn -0.184011 -0.935193 -0.302577
vn 0.182649 0.892327 0.412784
vn 0.182649 0.892328 0.412784
vn 0.182649 0.892328 0.412784
vn 0.182649 0.892328 0.412784
vn -0.336139 0.892329 -0.301265
vn -0.336139 0.892329 -0.301265
vn -0.336139 0.892329 -0.301265
vn -0.336139 0.892329 -0.301265
vn 0.230910 -0.935191 0.268512
vn 0.230909 -0.935191 0.268512
vn 0.230910 -0.935191 0.268512
vn 0.230910 -0.935191 0.268512
vn 0.132827 0.897404 0.420741
vn 0.132827 0.897404 0.420741
vn 0.132827 0.897404 0.420741
vn 0.132827 0.897404 0.420741
vn -0.170896 -0.933520 -0.315174
vn -0.170896 -0.933520 -0.315174
vn -0.170896 -0.933520 -0.315174
vn -0.170896 -0.933520 -0.315174
vn 0.246943 -0.933516 0.259937
vn 0.246943 -0.933516 0.259936
vn 0.246943 -0.933516 0.259936
vn 0.246943 -0.933516 0.259937
vn -0.359102 0.897402 -0.256350
vn -0.359102 0.897402 -0.256350
vn -0.359102 0.897402 -0.256350
vn -0.359102 0.897402 -0.256350
vn -0.268510 -0.935192 -0.230907
vn -0.268510 -0.935192 -0.230907
vn -0.268510 -0.935192 -0.230907
vn -0.268510 -0.935192 -0.230907
vn 0.301260 0.892332 0.336134
vn 0.301260 0.892332 0.336134
vn 0.301260 0.892332 0.336134
vn 0.301260 0.892332 0.336134
vn -0.412774 0.892332 -0.182650
vn -0.412774 0.892332 -0.182650
vn -0.412774 0.892332 -0.182650
vn -0.412774 0.892332 -0.182650
vn 0.302576 -0.935196 0.184003
vn 0.302576 -0.935196 0.184003
vn 0.302576 -0.935196 0.184003
vn 0.302576 -0.935196 0.184003
vn 0.256342 0.897406 0.359098
vn 0.256342 0.897406 0.359098
vn 0.256342 0.897406 0.359098
vn 0.256342 0.897406 0.359098
vn -0.259929 -0.933518 -0.246942
vn -0.259929 -0.933518 -0.246942
vn -0.259929 -0.933518 -0.246942
vn -0.259929 -0.933518 -0.246942
vn 0.315176 -0.933520 0.170896
vn 0.315176 -0.933520 0.170896
vn 0.315176 -0.933520 0.170896
vn 0.315176 -0.933520 0.170896
vn -0.420736 0.897405 -0.132834
vn -0.420736 0.897406 -0.132834
vn -0.420736 0.897406 -0.132834
vn -0.420736 0.897406 -0.132834
vn -0.326711 -0.935196 -0.136632
vn -0.326711 -0.935196 -0.136632
vn -0.326711 -0.935196 -0.136632
vn -0.326711 -0.935196 -0.136632
vn 0.390389 0.892332 0.226585
vn 0.390389 0.892332 0.226586
vn 0.390389 0.892332 0.226585
vn 0.390389 0.892332 0.226585
vn -0.449021 0.892328 -0.046156
vn -0.449021 0.892328 -0.046156
vn -0.449021 0.892328 -0.046156
vn -0.449021 0.892329 -0.046156
vn 0.344633 -0.935193 0.081497
vn 0.344633 -0.935193 0.081497
vn 0.344633 -0.935193 0.081497
vn 0.344633 -0.935193 0.081497
vn 0.354771 0.897401 0.262317
vn 0.354771 0.897400 0.262317
vn 0.354771 0.897400 0.262317
vn 0.354771 0.897400 0.262317
vn -0.323518 -0.933518 -0.154532
vn -0.323518 -0.933518 -0.154532
vn -0.323518 -0.933518 -0.154532
vn -0.323518 -0.933518 -0.154532
vn 0.352559 -0.933519 0.065142
vn 0.352559 -0.933519 0.065142
vn 0.352559 -0.933519 0.065142
vn 0.352559 -0.933519 0.065142
vn -0.441194 0.897404 0.003684
vn -0.441194 0.897404 0.003684
vn -0.441193 0.897404 0.003684
vn -0.441194 0.897404 0.003684
vn -0.352946 -0.935195 -0.028989
vn -0.352946 -0.935195 -0.028989
vn -0.352946 -0.935195 -0.028989
vn -0.352946 -0.935195 -0.028989
vn 0.441307 0.892328 0.094865
vn 0.441307 0.892328 0.094865
vn 0.441307 0.892328 0.094865
vn 0.441307 0.892328 0.094865
vn -0.441311 0.892326 0.094863
vn -0.441311 0.892326 0.094863
vn -0.441311 0.892326 0.094863
vn -0.441311 0.892326 0.094863
vn 0.352958 -0.935190 -0.028990
vn 0.352958 -0.935190 -0.028990
vn 0.352958 -0.935190 -0.028990
vn 0.352958 -0.935190 -0.028990
vn 0.418469 0.897401 0.139839
vn 0.418469 0.897401 0.139839
vn 0.418469 0.897401 0.139839
vn 0.418469 0.897401 0.139839
vn -0.355444 -0.933516 -0.046994
vn -0.355444 -0.933516 -0.046994
vn -0.355444 -0.933516 -0.046994
vn -0.355444 -0.933516 -0.046994
vn 0.355437 -0.933518 -0.046999
vn 0.355437 -0.933518 -0.046999
vn 0.355437 -0.933518 -0.046999
vn 0.355437 -0.933518 -0.046999
vn -0.418470 0.897401 0.139838
vn -0.418470 0.897401 0.139838
vn -0.418470 0.897401 0.139838
vn -0.418470 0.897401 0.139838
vn -0.344626 -0.935195 0.081502
vn -0.344626 -0.935195 0.081502
vn -0.344626 -0.935195 0.081502
vn -0.344626 -0.935195 0.081502
vn 0.449019 0.892329 -0.046157
vn 0.449019 0.892329 -0.046157
vn 0.449019 0.892329 -0.046157
vn 0.449019 0.892329 -0.046157
vn -0.390385 0.892331 0.226592
vn -0.390385 0.892332 0.226592
vn -0.390385 0.892331 0.226592
vn -0.390385 0.892331 0.226592
vn 0.326726 -0.935190 -0.136638
vn 0.326726 -0.935190 -0.136638
vn 0.326725 -0.935190 -0.136638
vn 0.326726 -0.935190 -0.136638
vn 0.441205 0.897399 0.003687
vn 0.441205 0.897399 0.003687
vn 0.441205 0.897399 0.003687
vn 0.441205 0.897399 0.003687
vn -0.352561 -0.933519 0.065139
vn -0.352561 -0.933519 0.065139
vn -0.352561 -0.933519 0.065139
vn -0.352561 -0.933519 0.065139
vn 0.323507 -0.933522 -0.154535
vn 0.323507 -0.933522 -0.154535
vn 0.323507 -0.933522 -0.154535
vn 0.323507 -0.933522 -0.154535
vn -0.354763 0.897406 0.262308
vn -0.354763 0.897406 0.262308
vn -0.354763 0.897406 0.262308
vn -0.354763 0.897406 0.262308
vn -0.302580 -0.935194 0.184006
vn -0.302580 -0.935194 0.184006
vn -0.302580 -0.935194 0.184006
vn -0.302580 -0.935194 0.184006
vn 0.412769 0.892335 -0.182645
vn 0.412769 0.892335 -0.182645
vn 0.412769 0.892335 -0.182645
vn 0.412769 0.892335 -0.182645
vn -0.301263 0.892329 0.336138
vn -0.301263 0.892329 0.336138
vn -0.301263 0.892329 0.336138
vn -0.301263 0.892329 0.336138
vn 0.268507 -0.935192 -0.230910
vn 0.268507 -0.935192 -0.230910
vn 0.268507 -0.935192 -0.230910
vn 0.268507 -0.935192 -0.230910
vn 0.420749 0.897399 -0.132836
vn 0.420749 0.897399 -0.132836
vn 0.420749 0.897399 -0.132836
vn 0.420749 0.897399 -0.132836
vn -0.315181 -0.933517 0.170900
vn -0.315181 -0.933517 0.170900
vn -0.315181 -0.933517 0.170900
vn -0.315181 -0.933517 0.170900
vn 0.259927 -0.933519 -0.246941
vn 0.259927 -0.933519 -0.246941
vn 0.259927 -0.933519 -0.246941
vn 0.259927 -0.933519 -0.246941
vn -0.256341 0.897406 0.359098
vn -0.256341 0.897406 0.359098
vn -0.256341 0.897406 0.359098
vn -0.256341 0.897406 0.359098
vn -0.230904 -0.935194 0.268506
vn -0.230904 -0.935194 0.268506
vn -0.230904 -0.935194 0.268506
vn -0.230904 -0.935194 0.268506
vn 0.336135 0.892329 -0.301267
vn 0.336135 0.892329 -0.301267
vn 0.336135 0.892329 -0.301267
vn 0.336135 0.892329 -0.301267
vn -0.182646 0.892329 0.412782
vn -0.182646 0.892329 0.412782
vn -0.182646 0.892329 0.412782
vn -0.182646 0.892329 0.412782
vn 0.184007 -0.935196 -0.302572
vn 0.184007 -0.935196 -0.302572
vn 0.184007 -0.935196 -0.302572
vn 0.184007 -0.935196 -0.302572
vn 0.359106 0.897400 -0.256352
vn 0.359106 0.897400 -0.256352
vn 0.359106 0.897400 -0.256352
vn 0.359106 0.897400 -0.256352
vn -0.246947 -0.933517 0.259928
vn -0.246947 -0.933517 0.259928
vn -0.246947 -0.933517 0.259928
vn -0.246947 -0.933517 0.259928
vn 0.170894 -0.933521 -0.315174
vn 0.170894 -0.933521 -0.315174
vn 0.170894 -0.933521 -0.315174
vn 0.170894 -0.933521 -0.315174
vn -0.132831 0.897404 0.420739
vn -0.132831 0.897404 0.420739
vn -0.132831 0.897404 0.420739
vn -0.132831 0.897404 0.420739
vn -0.136628 -0.935192 0.326724
vn -0.136628 -0.935192 0.326724
vn -0.136628 -0.935192 0.326724
vn -0.136628 -0.935192 0.326724
vn 0.226588 0.892328 -0.390396
vn 0.226588 0.892328 -0.390396
vn 0.226588 0.892328 -0.390396
vn 0.226588 0.892328 -0.390396
vn -0.046152 0.892332 0.449015
vn -0.046152 0.892332 0.449015
vn -0.046152 0.892332 0.449015
vn -0.046152 0.892332 0.449015
vn 0.081504 -0.935192 -0.344634
vn 0.081504 -0.935192 -0.344634
vn 0.081504 -0.935192 -0.344634
vn 0.081504 -0.935192 -0.344634
vn 0.262312 0.897407 -0.354757
vn 0.262312 0.897407 -0.354757
vn 0.262312 0.897407 -0.354757
vn 0.262312 0.897407 -0.354757
vn -0.154532 -0.933518 0.323517
vn -0.154532 -0.933518 0.323517
vn -0.154532 -0.933518 0.323517
vn -0.154532 -0.933518 0.323517
vn 0.065140 -0.933518 -0.352565
vn 0.065140 -0.933518 -0.352565
vn 0.065140 -0.933518 -0.352565
vn 0.065140 -0.933518 -0.352565
vn 0.003686 0.897401 0.441200
vn 0.003686 0.897401 0.441200
vn 0.003686 0.897401 0.441200
vn 0.003686 0.897401 0.441200
vn -0.028983 -0.935193 0.352952
vn -0.028983 -0.935193 0.352952
vn -0.028983 -0.935193 0.352952
vn -0.028983 -0.935193 0.352952
vn 0.094862 0.892328 -0.441308
vn 0.094862 0.892328 -0.441308
vn 0.094862 0.892328 -0.441308
vn 0.094862 0.892328 -0.441308
vn 0.094859 0.892331 0.441302
vn 0.094859 0.892331 0.441302
vn 0.094859 0.892331 0.441302
vn 0.094859 0.892331 0.441302
vn -0.028989 -0.935191 -0.352956
vn -0.028989 -0.935191 -0.352956
vn -0.028989 -0.935191 -0.352956
vn -0.028989 -0.935191 -0.352956
vn 0.139846 0.897398 -0.418474
vn 0.139846 0.897398 -0.418474
vn 0.139846 0.897398 -0.418474
vn 0.139846 0.897398 -0.418474
vn -0.046995 -0.933518 0.355438
vn -0.046995 -0.933518 0.355438
vn -0.046995 -0.933518 0.355438
vn -0.046995 -0.933518 0.355438
vn -0.046997 -0.933520 -0.355432
vn -0.046997 -0.933520 -0.355432
vn -0.046997 -0.933520 -0.355432
vn -0.046997 -0.933520 -0.355432
vn 0.139846 0.897400 0.418470
vn 0.139846 0.897399 0.418470
vn 0.139846 0.897400 0.418470
vn 0.139846 0.897400 0.418470
vn 0.081503 -0.935192 0.344634
vn 0.081503 -0.935192 0.344634
vn 0.081503 -0.935192 0.344634
vn 0.081503 -0.935192 0.344634
vn -0.046153 0.892331 -0.449015
vn -0.046153 0.892331 -0.449015
vn -0.046153 0.892331 -0.449015
vn -0.046153 0.892331 -0.449015
vn 0.226594 0.892327 0.390395
vn 0.226594 0.892327 0.390395
vn 0.226594 0.892327 0.390395
vn 0.226594 0.892327 0.390395
vn -0.136629 -0.935196 -0.326711
vn -0.136629 -0.935196 -0.326711
vn -0.136629 -0.935196 -0.326711
vn -0.136629 -0.935196 -0.326711
vn 0.003691 0.897398 -0.441207
vn 0.003691 0.897398 -0.441207
vn 0.003691 0.897398 -0.441207
vn 0.003691 0.897398 -0.441207
vn 0.065139 -0.933519 0.352561
vn 0.065139 -0.933519 0.352561
vn 0.065139 -0.933519 0.352561
vn 0.065139 -0.933519 0.352561
vn -0.154537 -0.933518 -0.323516
vn -0.154537 -0.933518 -0.323516
vn -0.154537 -0.933518 -0.323516
vn -0.154537 -0.933518 -0.323516
vn 0.262314 0.897400 0.354773
vn 0.262314 0.897400 0.354773
vn 0.262314 0.897400 0.354773
vn 0.262314 0.897400 0.354773
vn 0.184010 -0.935193 0.302579
vn 0.184010 -0.935193 0.302579
vn 0.184010 -0.935193 0.302579
vn 0.184010 -0.935193 0.302579
vn -0.182647 0.892327 -0.412787
vn -0.182647 0.892327 -0.412787
vn -0.182647 0.892327 -0.412787
vn -0.182647 0.892327 -0.412787
vn 0.336132 0.892331 0.301264
vn 0.336132 0.892331 0.301264
vn 0.336132 0.892331 0.301264
vn 0.336132 0.892331 0.301264
vn -0.230899 -0.935197 -0.268499
vn -0.230899 -0.935197 -0.268499
vn -0.230899 -0.935197 -0.268499
vn -0.230899 -0.935197 -0.268499
vn -0.132833 0.897398 -0.420751
vn -0.132833 0.897398 -0.420751
vn -0.132833 0.897398 -0.420751
vn -0.132833 0.897398 -0.420751
vn 0.170900 -0.933520 0.315174
vn 0.170900 -0.933520 0.315174
vn 0.170900 -0.933520 0.315174
vn 0.170900 -0.933520 0.315174
vn -0.246940 -0.933518 -0.259932
vn -0.246940 -0.933518 -0.259932
vn -0.246940 -0.933518 -0.259932
vn -0.246940 -0.933518 -0.259932
vn 0.359111 0.897399 0.256347
vn 0.359111 0.897399 0.256347
vn 0.359111 0.897399 0.256347
vn 0.359111 0.897399 0.256348
vn 0.268502 -0.935195 0.230907
vn 0.268502 -0.935195 0.230907
vn 0.268502 -0.935194 0.230907
vn 0.268502 -0.935195 0.230907
vn -0.301265 0.892328 -0.336141
vn -0.301265 0.892328 -0.336141
vn -0.301265 0.892328 -0.336141
vn -0.301265 0.892328 -0.336141
vn 0.412781 0.892329 0.182651
vn 0.412781 0.892329 0.182651
vn 0.412781 0.892329 0.182651
vn 0.412781 0.892329 0.182651
vn -0.302579 -0.935192 -0.184014
vn -0.302579 -0.935192 -0.184014
vn -0.302579 -0.935192 -0.184014
vn -0.302579 -0.935192 -0.184014
vn -0.256351 0.897399 -0.359109
vn -0.256351 0.897399 -0.359109
vn -0.256351 0.897399 -0.359109
vn -0.256351 0.897399 -0.359109
vn 0.259936 -0.933517 0.246942
vn 0.259936 -0.933517 0.246942
vn 0.259936 -0.933517 0.246942
vn 0.259936 -0.933517 0.246942
vn -0.315179 -0.933518 -0.170898
vn -0.315179 -0.933518 -0.170898
vn -0.315179 -0.933518 -0.170898
vn -0.315179 -0.933518 -0.170898
vn 0.420743 0.897402 0.132836
vn 0.420743 0.897402 0.132836
vn 0.420743 0.897402 0.132836
vn 0.420743 0.897401 0.132836
vn 0.326721 -0.935192 0.136637
vn 0.326721 -0.935192 0.136637
vn 0.326721 -0.935192 0.136637
vn 0.326721 -0.935192 0.136637
vn -0.390386 0.892330 -0.226594
vn -0.390387 0.892330 -0.226594
vn -0.390387 0.892330 -0.226594
vn -0.390387 0.892330 -0.226594
vn 0.449014 0.892332 0.046157
vn 0.449014 0.892332 0.046157
vn 0.449014 0.892332 0.046157
vn 0.449014 0.892332 0.046157
vn -0.344625 -0.935196 -0.081502
vn -0.344625 -0.935196 -0.081502
vn -0.344625 -0.935196 -0.081502
vn -0.344625 -0.935196 -0.081502
vn -0.354768 0.897402 -0.262314
vn -0.354768 0.897402 -0.262314
vn -0.354768 0.897402 -0.262314
vn -0.354768 0.897402 -0.262314
vn 0.323507 -0.933521 0.154534
vn 0.323507 -0.933522 0.154534
vn 0.323507 -0.933522 0.154534
vn 0.323507 -0.933522 0.154534
vn -0.352565 -0.933517 -0.065143
vn -0.352565 -0.933517 -0.065143
vn -0.352565 -0.933517 -0.065143
vn -0.352565 -0.933517 -0.065143
vn 0.441205 0.897399 -0.003687
vn 0.441205 0.897399 -0.003687
vn 0.441205 0.897399 -0.003687
vn 0.441205 0.897399 -0.003687
vn 0.344811 -0.938663 -0.004057
vn 0.344811 -0.938663 -0.004057
vn 0.344811 -0.938663 -0.004057
vn 0.344811 -0.938663 -0.004057
vn -0.433070 0.901170 -0.018534
vn -0.433070 0.901170 -0.018534
vn -0.433070 0.901170 -0.018534
vn -0.433070 0.901170 -0.018534
vn 0.339456 0.901175 -0.269543
vn 0.339456 0.901175 -0.269543
vn 0.339456 0.901175 -0.269543
vn 0.339456 0.901175 -0.269543
vn -0.281331 -0.938669 0.199384
vn -0.281331 -0.938669 0.199384
vn -0.281331 -0.938669 0.199384
vn -0.281331 -0.938669 0.199384
vn -0.414997 0.906958 -0.072151
vn -0.414997 0.906957 -0.072151
vn -0.414997 0.906958 -0.072151
vn -0.414997 0.906957 -0.072151
vn 0.333213 -0.942715 0.016023
vn 0.333213 -0.942715 0.016023
vn 0.333213 -0.942715 0.016023
vn 0.333213 -0.942715 0.016023
vn -0.260161 -0.942715 0.208816
vn -0.260161 -0.942715 0.208816
vn -0.260161 -0.942715 0.208816
vn -0.260161 -0.942715 0.208816
vn 0.293331 0.906961 -0.302290
vn 0.293331 0.906961 -0.302290
vn 0.293331 0.906961 -0.302290
vn 0.293331 0.906961 -0.302290
vn 0.372403 0.906954 -0.196853
vn 0.372403 0.906954 -0.196853
vn 0.372403 0.906954 -0.196853
vn 0.372403 0.906954 -0.196853
vn -0.311958 -0.942715 0.118199
vn -0.311958 -0.942715 0.118199
vn -0.311958 -0.942715 0.118199
vn -0.311958 -0.942715 0.118199
vn 0.406133 0.901176 -0.151451
vn 0.406133 0.901176 -0.151451
vn 0.406133 0.901176 -0.151451
vn 0.406133 0.901176 -0.151451
vn -0.329173 -0.938669 0.102689
vn -0.329173 -0.938669 0.102689
vn -0.329173 -0.938669 0.102689
vn -0.329173 -0.938669 0.102689
vn -0.372401 0.906956 -0.196844
vn -0.372401 0.906956 -0.196844
vn -0.372401 0.906957 -0.196844
vn -0.372401 0.906956 -0.196844
vn 0.311966 -0.942712 0.118203
vn 0.311966 -0.942712 0.118203
vn 0.311966 -0.942712 0.118203
vn 0.311966 -0.942712 0.118203
vn 0.329191 -0.938663 0.102691
vn 0.329191 -0.938663 0.102691
vn 0.329192 -0.938663 0.102691
vn 0.329192 -0.938663 0.102691
vn -0.406149 0.901168 -0.151456
vn -0.406149 0.901168 -0.151456
vn -0.406149 0.901168 -0.151456
vn -0.406149 0.901168 -0.151456
vn 0.326671 -0.938666 -0.110414
vn 0.326671 -0.938666 -0.110414
vn 0.326671 -0.938666 -0.110414
vn 0.326671 -0.938666 -0.110414
vn -0.417597 0.901173 0.116195
vn -0.417597 0.901173 0.116195
vn -0.417597 0.901173 0.116195
vn -0.417597 0.901173 0.116195
vn 0.239551 0.901174 -0.361249
vn 0.239551 0.901174 -0.361249
vn 0.239551 0.901174 -0.361249
vn 0.239551 0.901174 -0.361249
vn -0.205956 -0.938666 0.276564
vn -0.205956 -0.938666 0.276564
vn -0.205956 -0.938666 0.276564
vn -0.205956 -0.938666 0.276564
vn -0.416983 0.906956 0.059630
vn -0.416983 0.906956 0.059630
vn -0.416983 0.906956 0.059630
vn -0.416983 0.906956 0.059630
vn 0.321855 -0.942715 -0.087742
vn 0.321855 -0.942715 -0.087742
vn 0.321855 -0.942715 -0.087742
vn 0.321855 -0.942715 -0.087742
vn -0.182899 -0.942715 0.278993
vn -0.182899 -0.942715 0.278993
vn -0.182899 -0.942715 0.278993
vn -0.182899 -0.942715 0.278993
vn 0.185566 0.906958 -0.378144
vn 0.185566 0.906958 -0.378144
vn 0.185566 0.906958 -0.378144
vn 0.185566 0.906958 -0.378144
vn 0.276570 -0.938663 -0.205962
vn 0.276570 -0.938663 -0.205962
vn 0.276570 -0.938663 -0.205962
vn 0.276570 -0.938663 -0.205962
vn -0.361249 0.901173 0.239553
vn -0.361249 0.901174 0.239553
vn -0.361249 0.901173 0.239553
vn -0.361249 0.901173 0.239553
vn 0.116195 0.901173 -0.417596
vn 0.116195 0.901173 -0.417596
vn 0.116195 0.901173 -0.417596
vn 0.116195 0.901173 -0.417596
vn -0.110412 -0.938668 0.326668
vn -0.110412 -0.938668 0.326668
vn -0.110412 -0.938668 0.326668
vn -0.110412 -0.938668 0.326668
vn -0.378148 0.906956 0.185565
vn -0.378148 0.906956 0.185565
vn -0.378148 0.906956 0.185565
vn -0.378148 0.906956 0.185565
vn 0.278990 -0.942714 -0.182905
vn 0.278990 -0.942714 -0.182905
vn 0.278990 -0.942714 -0.182905
vn 0.278990 -0.942714 -0.182905
vn -0.087735 -0.942714 0.321858
vn -0.087735 -0.942714 0.321858
vn -0.087735 -0.942714 0.321858
vn -0.087735 -0.942714 0.321858
vn 0.059633 0.906953 -0.416989
vn 0.059633 0.906953 -0.416989
vn 0.059633 0.906953 -0.416989
vn 0.059633 0.906953 -0.416989
vn 0.199387 -0.938666 -0.281337
vn 0.199387 -0.938666 -0.281337
vn 0.199387 -0.938666 -0.281337
vn 0.199387 -0.938666 -0.281337
vn -0.269549 0.901170 0.339465
vn -0.269549 0.901170 0.339465
vn -0.269549 0.901170 0.339465
vn -0.269549 0.901170 0.339465
vn -0.018532 0.901180 -0.433049
vn -0.018532 0.901180 -0.433049
vn -0.018532 0.901180 -0.433049
vn -0.018532 0.901180 -0.433049
vn -0.004056 -0.938666 0.344805
vn -0.004056 -0.938666 0.344805
vn -0.004056 -0.938666 0.344805
vn -0.004056 -0.938666 0.344805
vn -0.302301 0.906955 0.293338
vn -0.302301 0.906955 0.293338
vn -0.302301 0.906955 0.293338
vn -0.302301 0.906955 0.293338
vn 0.208822 -0.942712 -0.260168
vn 0.208822 -0.942712 -0.260168
vn 0.208822 -0.942712 -0.260168
vn 0.208822 -0.942712 -0.260168
vn 0.016015 -0.942715 0.333215
vn 0.016015 -0.942715 0.333215
vn 0.016015 -0.942715 0.333215
vn 0.016015 -0.942715 0.333215
vn -0.072140 0.906958 -0.414998
vn -0.072140 0.906958 -0.414998
vn -0.072140 0.906958 -0.414998
vn -0.072140 0.906958 -0.414998
vn 0.102692 -0.938665 -0.329185
vn 0.102692 -0.938665 -0.329185
vn 0.102692 -0.938665 -0.329185
vn 0.102692 -0.938665 -0.329185
vn -0.151450 0.901174 0.406139
vn -0.151450 0.901174 0.406139
vn -0.151450 0.901174 0.406139
vn -0.151450 0.901174 0.406139
vn -0.151451 0.901169 -0.406149
vn -0.151451 0.901169 -0.406149
vn -0.151451 0.901169 -0.406149
vn -0.151451 0.901169 -0.406149
vn 0.102686 -0.938668 0.329178
vn 0.102686 -0.938668 0.329178
vn 0.102686 -0.938668 0.329178
vn 0.102686 -0.938668 0.329178
vn -0.196859 0.906955 0.372396
vn -0.196859 0.906955 0.372396
vn -0.196859 0.906955 0.372396
vn -0.196859 0.906955 0.372396
vn 0.118202 -0.942716 -0.311955
vn 0.118202 -0.942716 -0.311955
vn 0.118202 -0.942716 -0.311955
vn 0.118202 -0.942716 -0.311955
vn 0.118201 -0.942716 0.311955
vn 0.118201 -0.942716 0.311955
vn 0.118201 -0.942716 0.311955
vn 0.118201 -0.942716 0.311955
vn -0.196855 0.906956 -0.372396
vn -0.196855 0.906956 -0.372396
vn -0.196855 0.906956 -0.372396
vn -0.196855 0.906956 -0.372396
vn -0.004059 -0.938665 -0.344807
vn -0.004059 -0.938665 -0.344807
vn -0.004059 -0.938665 -0.344807
vn -0.004059 -0.938665 -0.344807
vn -0.018536 0.901174 0.433061
vn -0.018536 0.901174 0.433061
vn -0.018536 0.901174 0.433061
vn -0.018536 0.901174 0.433061
vn -0.269544 0.901172 -0.339464
vn -0.269544 0.901172 -0.339464
vn -0.269544 0.901172 -0.339464
vn -0.269544 0.901172 -0.339464
vn 0.199386 -0.938667 0.281337
vn 0.199385 -0.938667 0.281337
vn 0.199386 -0.938667 0.281337
vn 0.199386 -0.938667 0.281337
vn -0.072141 0.906957 0.415000
vn -0.072141 0.906957 0.415000
vn -0.072141 0.906957 0.415000
vn -0.072141 0.906957 0.415000
vn 0.016016 -0.942715 -0.333215
vn 0.016016 -0.942715 -0.333215
vn 0.016016 -0.942715 -0.333215
vn 0.016016 -0.942715 -0.333215
vn 0.208807 -0.942719 0.260154
vn 0.208807 -0.942719 0.260154
vn 0.208807 -0.942719 0.260154
vn 0.208807 -0.942719 0.260154
vn -0.302292 0.906960 -0.293331
vn -0.302292 0.906960 -0.293331
vn -0.302292 0.906960 -0.293331
vn -0.302292 0.906960 -0.293331
vn -0.110414 -0.938665 -0.326676
vn -0.110414 -0.938665 -0.326676
vn -0.110414 -0.938665 -0.326676
vn -0.110414 -0.938665 -0.326676
vn 0.116198 0.901169 0.417604
vn 0.116198 0.901169 0.417604
vn 0.116198 0.901169 0.417604
vn 0.116198 0.901169 0.417604
vn -0.361253 0.901171 -0.239557
vn -0.361253 0.901171 -0.239557
vn -0.361253 0.901171 -0.239557
vn -0.361253 0.901171 -0.239557
vn 0.276560 -0.938668 0.205952
vn 0.276560 -0.938668 0.205952
vn 0.276560 -0.938668 0.205952
vn 0.276560 -0.938668 0.205952
vn 0.059628 0.906960 0.416976
vn 0.059628 0.906960 0.416976
vn 0.059628 0.906960 0.416976
vn 0.059628 0.906960 0.416975
vn -0.087740 -0.942714 -0.321857
vn -0.087740 -0.942714 -0.321857
vn -0.087740 -0.942714 -0.321857
vn -0.087740 -0.942714 -0.321857
vn 0.278991 -0.942715 0.182902
vn 0.278991 -0.942715 0.182902
vn 0.278991 -0.942715 0.182902
vn 0.278991 -0.942715 0.182902
vn -0.378160 0.906950 -0.185572
vn -0.378160 0.906950 -0.185572
vn -0.378160 0.906950 -0.185572
vn -0.378160 0.906950 -0.185572
vn -0.205947 -0.938669 -0.276562
vn -0.205947 -0.938669 -0.276562
vn -0.205947 -0.938669 -0.276562
vn -0.205947 -0.938669 -0.276562
vn 0.239549 0.901173 0.361252
vn 0.239549 0.901173 0.361252
vn 0.239549 0.901173 0.361252
vn 0.239549 0.901173 0.361252
vn -0.417598 0.901172 -0.116190
vn -0.417598 0.901172 -0.116190
vn -0.417598 0.901172 -0.116190
vn -0.417598 0.901172 -0.116190
vn 0.326668 -0.938669 0.110405
vn 0.326668 -0.938669 0.110405
vn 0.326668 -0.938669 0.110405
vn 0.326668 -0.938669 0.110405
vn 0.185563 0.906960 0.378140
vn 0.185563 0.906960 0.378140
vn 0.185563 0.906960 0.378140
vn 0.185563 0.906960 0.378140
vn -0.182897 -0.942715 -0.278994
vn -0.182897 -0.942715 -0.278994
vn -0.182897 -0.942715 -0.278994
vn -0.182897 -0.942715 -0.278994
vn 0.321852 -0.942716 0.087739
vn 0.321852 -0.942716 0.087739
vn 0.321852 -0.942716 0.087739
vn 0.321853 -0.942716 0.087739
vn -0.416973 0.906961 -0.059623
vn -0.416973 0.906961 -0.059623
vn -0.416973 0.906961 -0.059623
vn -0.416973 0.906961 -0.059623
vn -0.281330 -0.938670 -0.199381
vn -0.281330 -0.938670 -0.199381
vn -0.281330 -0.938670 -0.199381
vn -0.281330 -0.938670 -0.199381
vn 0.339455 0.901176 0.269541
vn 0.339455 0.901176 0.269541
vn 0.339455 0.901176 0.269541
vn 0.339455 0.901176 0.269541
vn -0.433075 0.901167 0.018535
vn -0.433075 0.901167 0.018535
vn -0.433075 0.901167 0.018535
vn -0.433075 0.901167 0.018535
vn 0.344813 -0.938663 0.004058
vn 0.344813 -0.938663 0.004058
vn 0.344813 -0.938663 0.004058
vn 0.344813 -0.938663 0.004058
vn 0.293339 0.906956 0.302296
vn 0.293338 0.906956 0.302296
vn 0.293339 0.906956 0.302296
vn 0.293339 0.906956 0.302296
vn -0.260156 -0.942717 -0.208813
vn -0.260156 -0.942717 -0.208813
vn -0.260156 -0.942717 -0.208813
vn -0.260156 -0.942717 -0.208813
vn 0.333214 -0.942715 -0.016023
vn 0.333214 -0.942715 -0.016023
vn 0.333214 -0.942715 -0.016023
vn 0.333214 -0.942715 -0.016023
vn -0.414996 0.906958 0.072151
vn -0.414996 0.906958 0.072151
vn -0.414996 0.906958 0.072151
vn -0.414996 0.906958 0.072151
vn -0.329176 -0.938668 -0.102691
vn -0.329176 -0.938668 -0.102691
vn -0.329176 -0.938668 -0.102691
vn -0.329176 -0.938668 -0.102691
vn 0.406132 0.901177 0.151449
vn 0.406132 0.901177 0.151449
vn 0.406132 0.901177 0.151449
vn 0.406132 0.901177 0.151449
vn -0.406147 0.901169 0.151455
vn -0.406147 0.901169 0.151455
vn -0.406147 0.901169 0.151455
vn -0.406147 0.901169 0.151455
vn 0.329188 -0.938664 -0.102690
vn 0.329188 -0.938664 -0.102690
vn 0.329188 -0.938664 -0.102690
vn 0.329188 -0.938664 -0.102690
vn 0.372402 0.906954 0.196852
vn 0.372402 0.906954 0.196852
vn 0.372402 0.906954 0.196852
vn 0.372402 0.906954 0.196852
vn -0.311957 -0.942715 -0.118197
vn -0.311957 -0.942715 -0.118197
vn -0.311957 -0.942715 -0.118197
vn -0.311957 -0.942715 -0.118198
vn 0.311963 -0.942713 -0.118200
vn 0.311963 -0.942713 -0.118200
vn 0.311963 -0.942713 -0.118200
vn 0.311963 -0.942713 -0.118200
vn -0.372405 0.906954 0.196845
vn -0.372405 0.906954 0.196845
vn -0.372405 0.906954 0.196845
vn -0.372405 0.906955 0.196845
vn -0.344803 -0.938666 0.004052
vn -0.344803 -0.938666 0.004052
vn -0.344803 -0.938667 0.004052
vn -0.344803 -0.938666 0.004052
vn 0.433062 0.901173 0.018543
vn 0.433062 0.901173 0.018543
vn 0.433062 0.901173 0.018543
vn 0.433062 0.901173 0.018543
vn -0.339475 0.901164 0.269555
vn -0.339475 0.901164 0.269555
vn -0.339475 0.901164 0.269555
vn -0.339475 0.901164 0.269555
vn 0.281345 -0.938664 -0.199386
vn 0.281345 -0.938664 -0.199386
vn 0.281345 -0.938664 -0.199386
vn 0.281345 -0.938664 -0.199386
vn 0.414996 0.906957 0.072154
vn 0.414996 0.906957 0.072154
vn 0.414996 0.906958 0.072154
vn 0.414996 0.906957 0.072154
vn -0.333214 -0.942715 -0.016017
vn -0.333214 -0.942715 -0.016017
vn -0.333214 -0.942715 -0.016017
vn -0.333214 -0.942715 -0.016017
vn 0.260161 -0.942716 -0.208811
vn 0.260161 -0.942716 -0.208811
vn 0.260161 -0.942716 -0.208811
vn 0.260161 -0.942716 -0.208811
vn -0.293336 0.906959 0.302291
vn -0.293336 0.906959 0.302291
vn -0.293336 0.906959 0.302291
vn -0.293336 0.906959 0.302291
vn -0.326676 -0.938666 0.110406
vn -0.326677 -0.938666 0.110406
vn -0.326676 -0.938666 0.110406
vn -0.326676 -0.938666 0.110406
vn 0.417591 0.901176 -0.116189
vn 0.417591 0.901176 -0.116189
vn 0.417591 0.901176 -0.116189
vn 0.417591 0.901176 -0.116189
vn -0.239554 0.901167 0.361263
vn -0.239554 0.901167 0.361263
vn -0.239554 0.901167 0.361263
vn -0.239554 0.901167 0.361263
vn 0.205956 -0.938666 -0.276565
vn 0.205956 -0.938666 -0.276565
vn 0.205956 -0.938666 -0.276565
vn 0.205956 -0.938666 -0.276565
vn 0.416985 0.906955 -0.059628
vn 0.416985 0.906955 -0.059628
vn 0.416985 0.906955 -0.059628
vn 0.416985 0.906955 -0.059628
vn -0.321858 -0.942714 0.087740
vn -0.321858 -0.942714 0.087740
vn -0.321858 -0.942714 0.087740
vn -0.321858 -0.942714 0.087740
vn 0.182902 -0.942713 -0.278996
vn 0.182902 -0.942713 -0.278996
vn 0.182902 -0.942713 -0.278996
vn 0.182902 -0.942713 -0.278996
vn -0.185567 0.906957 0.378145
vn -0.185567 0.906957 0.378145
vn -0.185567 0.906957 0.378145
vn -0.185567 0.906957 0.378145
vn -0.276566 -0.938667 0.205949
vn -0.276566 -0.938667 0.205949
vn -0.276566 -0.938667 0.205949
vn -0.276566 -0.938667 0.205949
vn 0.361252 0.901172 -0.239554
vn 0.361252 0.901172 -0.239554
vn 0.361252 0.901172 -0.239554
vn 0.361252 0.901172 -0.239554
vn -0.116196 0.901168 0.417606
vn -0.116196 0.901168 0.417606
vn -0.116196 0.901168 0.417606
vn -0.116196 0.901168 0.417606
vn 0.110408 -0.938661 -0.326688
vn 0.110408 -0.938661 -0.326688
vn 0.110408 -0.938661 -0.326688
vn 0.110408 -0.938661 -0.326688
vn 0.378154 0.906951 -0.185577
vn 0.378154 0.906951 -0.185577
vn 0.378154 0.906951 -0.185577
vn 0.378154 0.906951 -0.185577
vn -0.278991 -0.942713 0.182912
vn -0.278991 -0.942713 0.182912
vn -0.278991 -0.942713 0.182912
vn -0.278991 -0.942713 0.182912
vn 0.087742 -0.942714 -0.321857
vn 0.087742 -0.942714 -0.321857
vn 0.087742 -0.942714 -0.321857
vn 0.087742 -0.942714 -0.321857
vn -0.059628 0.906957 0.416981
vn -0.059628 0.906957 0.416981
vn -0.059628 0.906957 0.416982
vn -0.059628 0.906957 0.416982
vn -0.199391 -0.938663 0.281344
vn -0.199391 -0.938663 0.281344
vn -0.199391 -0.938663 0.281344
vn -0.199391 -0.938663 0.281344
vn 0.269551 0.901169 -0.339466
vn 0.269551 0.901169 -0.339466
vn 0.269551 0.901169 -0.339466
vn 0.269551 0.901169 -0.339466
vn 0.018532 0.901175 0.433059
vn 0.018532 0.901175 0.433059
vn 0.018532 0.901175 0.433059
vn 0.018532 0.901175 0.433059
vn 0.004064 -0.938664 -0.344808
vn 0.004064 -0.938665 -0.344808
vn 0.004064 -0.938665 -0.344808
vn 0.004064 -0.938664 -0.344808
vn 0.302291 0.906963 -0.293324
vn 0.302291 0.906963 -0.293324
vn 0.302291 0.906963 -0.293324
vn 0.302291 0.906963 -0.293324
vn -0.208811 -0.942715 0.260165
vn -0.208811 -0.942715 0.260165
vn -0.208811 -0.942715 0.260165
vn -0.208811 -0.942715 0.260165
vn -0.016009 -0.942712 -0.333223
vn -0.016009 -0.942712 -0.333223
vn -0.016009 -0.942712 -0.333223
vn -0.016009 -0.942712 -0.333223
vn 0.072144 0.906958 0.414998
vn 0.072144 0.906958 0.414997
vn 0.072144 0.906958 0.414997
vn 0.072144 0.906958 0.414998
vn -0.102686 -0.938667 0.329180
vn -0.102686 -0.938667 0.329180
vn -0.102686 -0.938667 0.329180
vn -0.102686 -0.938667 0.329180
vn 0.151459 0.901170 -0.406144
vn 0.151459 0.901170 -0.406144
vn 0.151459 0.901170 -0.406144
vn 0.151459 0.901170 -0.406144
vn 0.151457 0.901174 0.406137
vn 0.151457 0.901174 0.406137
vn 0.151457 0.901174 0.406137
vn 0.151457 0.901174 0.406137
vn -0.102688 -0.938669 -0.329175
vn -0.102688 -0.938669 -0.329175
vn -0.102688 -0.938669 -0.329175
vn -0.102688 -0.938669 -0.329175
vn 0.196854 0.906956 -0.372396
vn 0.196854 0.906956 -0.372396
vn 0.196854 0.906956 -0.372396
vn 0.196854 0.906956 -0.372396
vn -0.118194 -0.942715 0.311958
vn -0.118194 -0.942715 0.311958
vn -0.118194 -0.942715 0.311958
vn -0.118194 -0.942715 0.311958
vn -0.118204 -0.942712 -0.311965
vn -0.118204 -0.942712 -0.311965
vn -0.118204 -0.942712 -0.311965
vn -0.118204 -0.942712 -0.311965
vn 0.196854 0.906954 0.372403
vn 0.196854 0.906954 0.372403
vn 0.196854 0.906954 0.372403
vn 0.196854 0.906954 0.372403
vn 0.004058 -0.938664 0.344811
vn 0.004058 -0.938663 0.344811
vn 0.004058 -0.938664 0.344811
vn 0.004058 -0.938664 0.344811
vn 0.018532 0.901173 -0.433063
vn 0.018532 0.901173 -0.433063
vn 0.018532 0.901173 -0.433063
vn 0.018532 0.901173 -0.433063
vn 0.269555 0.901169 0.339463
vn 0.269555 0.901169 0.339463
vn 0.269555 0.901169 0.339463
vn 0.269555 0.901169 0.339463
vn -0.199392 -0.938665 -0.281339
vn -0.199392 -0.938665 -0.281339
vn -0.199392 -0.938665 -0.281339
vn -0.199392 -0.938665 -0.281339
vn 0.072143 0.906959 -0.414995
vn 0.072143 0.906959 -0.414996
vn 0.072143 0.906959 -0.414995
vn 0.072143 0.906959 -0.414995
vn -0.016012 -0.942713 0.333221
vn -0.016012 -0.942713 0.333221
vn -0.016012 -0.942713 0.333221
vn -0.016012 -0.942713 0.333221
vn -0.208821 -0.942713 -0.260165
vn -0.208821 -0.942713 -0.260165
vn -0.208821 -0.942713 -0.260165
vn -0.208821 -0.942713 -0.260165
vn 0.302298 0.906956 0.293338
vn 0.302298 0.906956 0.293338
vn 0.302298 0.906956 0.293338
vn 0.302298 0.906956 0.293338
vn 0.110416 -0.938664 0.326678
vn 0.110416 -0.938664 0.326678
vn 0.110416 -0.938664 0.326678
vn 0.110416 -0.938664 0.326678
vn -0.116199 0.901167 -0.417607
vn -0.116199 0.901167 -0.417607
vn -0.116199 0.901167 -0.417607
vn -0.116199 0.901167 -0.417607
vn 0.361238 0.901182 0.239539
vn 0.361238 0.901182 0.239539
vn 0.361238 0.901182 0.239539
vn 0.361238 0.901182 0.239539
vn -0.276561 -0.938669 -0.205947
vn -0.276561 -0.938669 -0.205947
vn -0.276561 -0.938669 -0.205947
vn -0.276561 -0.938669 -0.205947
vn -0.059632 0.906954 -0.416988
vn -0.059632 0.906954 -0.416988
vn -0.059632 0.906954 -0.416988
vn -0.059632 0.906954 -0.416988
vn 0.087734 -0.942713 0.321861
vn 0.087734 -0.942713 0.321861
vn 0.087734 -0.942713 0.321861
vn 0.087734 -0.942713 0.321861
vn -0.278994 -0.942713 -0.182908
vn -0.278994 -0.942713 -0.182908
vn -0.278994 -0.942713 -0.182908
vn -0.278994 -0.942713 -0.182908
vn 0.378150 0.906956 0.185561
vn 0.378150 0.906956 0.185561
vn 0.378150 0.906956 0.185561
vn 0.378150 0.906956 0.185561
vn 0.205958 -0.938665 0.276568
vn 0.205958 -0.938665 0.276568
vn 0.205958 -0.938665 0.276568
vn 0.205958 -0.938665 0.276568
vn -0.239556 0.901169 -0.361257
vn -0.239556 0.901169 -0.361257
vn -0.239556 0.901169 -0.361257
vn -0.239556 0.901169 -0.361257
vn 0.417590 0.901176 0.116191
vn 0.417590 0.901176 0.116191
vn 0.417590 0.901176 0.116191
vn 0.417590 0.901176 0.116191
vn -0.326669 -0.938668 -0.110405
vn -0.326669 -0.938668 -0.110405
vn -0.326669 -0.938668 -0.110405
vn -0.326669 -0.938668 -0.110405
vn -0.185572 0.906957 -0.378143
vn -0.185572 0.906957 -0.378143
vn -0.185572 0.906957 -0.378143
vn -0.185572 0.906957 -0.378143
vn 0.182901 -0.942715 0.278991
vn 0.182901 -0.942715 0.278991
vn 0.182901 -0.942715 0.278991
vn 0.182901 -0.942715 0.278991
vn -0.321856 -0.942715 -0.087739
vn -0.321856 -0.942715 -0.087739
vn -0.321856 -0.942715 -0.087739
vn -0.321856 -0.942715 -0.087739
vn 0.416981 0.906957 0.059634
vn 0.416981 0.906957 0.059634
vn 0.416981 0.906957 0.059634
vn 0.416981 0.906957 0.059634
vn 0.281346 -0.938664 0.199386
vn 0.281346 -0.938664 0.199386
vn 0.281346 -0.938664 0.199386
vn 0.281346 -0.938664 0.199386
vn -0.339470 0.901167 -0.269551
vn -0.339470 0.901167 -0.269551
vn -0.339470 0.901167 -0.269551
vn -0.339470 0.901167 -0.269551
vn 0.433060 0.901175 -0.018539
vn 0.433060 0.901175 -0.018539
vn 0.433060 0.901175 -0.018539
vn 0.433060 0.901175 -0.018539
vn -0.344802 -0.938667 -0.004053
vn -0.344802 -0.938667 -0.004053
vn -0.344802 -0.938667 -0.004053
vn -0.344802 -0.938667 -0.004053
vn -0.293338 0.906957 -0.302293
vn -0.293338 0.906957 -0.302293
vn -0.293338 0.906957 -0.302293
vn -0.293338 0.906957 -0.302293
vn 0.260159 -0.942717 0.208812
vn 0.260159 -0.942717 0.208812
vn 0.260159 -0.942717 0.208812
vn 0.260159 -0.942717 0.208812
vn -0.333211 -0.942716 0.016021
vn -0.333211 -0.942716 0.016021
vn -0.333211 -0.942716 0.016021
vn -0.333211 -0.942716 0.016021
vn 0.414998 0.906957 -0.072154
vn 0.414998 0.906957 -0.072154
vn 0.414998 0.906957 -0.072154
vn 0.414998 0.906957 -0.072154
vn 0.339433 -0.938236 0.067073
vn 0.339433 -0.938236 0.067073
vn 0.339433 -0.938236 0.067073
vn 0.339433 -0.938236 0.067073
vn -0.411900 0.907519 -0.082151
vn -0.411900 0.907519 -0.082151
vn -0.411900 0.907519 -0.082151
vn -0.411900 0.907519 -0.082151
vn 0.284950 0.907525 -0.308548
vn 0.284950 0.907525 -0.308548
vn 0.284950 0.907525 -0.308548
vn 0.284950 0.907525 -0.308548
vn -0.235184 -0.938236 0.253776
vn -0.235184 -0.938236 0.253776
vn -0.235184 -0.938236 0.253776
vn -0.235184 -0.938236 0.253776
vn -0.379181 0.915657 -0.133394
vn -0.379181 0.915657 -0.133394
vn -0.379181 0.915657 -0.133394
vn -0.379181 0.915657 -0.133394
vn 0.310529 -0.946410 0.088769
vn 0.310529 -0.946410 0.088769
vn 0.310529 -0.946410 0.088769
vn 0.310529 -0.946410 0.088769
vn -0.199063 -0.946407 0.254338
vn -0.199063 -0.946407 0.254338
vn -0.199063 -0.946407 0.254338
vn -0.199063 -0.946407 0.254338
vn 0.228368 0.915653 -0.330800
vn 0.228368 0.915652 -0.330800
vn 0.228368 0.915653 -0.330800
vn 0.228368 0.915652 -0.330800
vn 0.319414 0.915652 -0.244041
vn 0.319414 0.915652 -0.244041
vn 0.319414 0.915652 -0.244041
vn 0.319414 0.915652 -0.244041
vn -0.267914 -0.946407 0.180379
vn -0.267914 -0.946407 0.180379
vn -0.267914 -0.946407 0.180379
vn -0.267914 -0.946407 0.180379
vn 0.366367 0.907517 -0.205396
vn 0.366367 0.907517 -0.205396
vn 0.366367 0.907517 -0.205396
vn 0.366367 0.907517 -0.205396
vn -0.302108 -0.938233 0.168673
vn -0.302108 -0.938233 0.168673
vn -0.302108 -0.938233 0.168673
vn -0.302108 -0.938233 0.168673
vn -0.319395 0.915658 -0.244044
vn -0.319395 0.915658 -0.244044
vn -0.319395 0.915658 -0.244044
vn -0.319395 0.915658 -0.244044
vn 0.267905 -0.946409 0.180379
vn 0.267905 -0.946409 0.180379
vn 0.267905 -0.946409 0.180379
vn 0.267905 -0.946409 0.180379
vn 0.302111 -0.938231 0.168676
vn 0.302111 -0.938231 0.168676
vn 0.302111 -0.938231 0.168676
vn 0.302111 -0.938231 0.168676
vn -0.366369 0.907516 -0.205398
vn -0.366369 0.907516 -0.205398
vn -0.366369 0.907516 -0.205398
vn -0.366369 0.907516 -0.205398
vn 0.343554 -0.938233 -0.041110
vn 0.343554 -0.938233 -0.041110
vn 0.343554 -0.938233 -0.041110
vn 0.343554 -0.938233 -0.041110
vn -0.417116 0.907522 0.049165
vn -0.417116 0.907522 0.049165
vn -0.417116 0.907522 0.049165
vn -0.417116 0.907522 0.049165
vn 0.175653 0.907522 -0.381510
vn 0.175653 0.907522 -0.381510
vn 0.175653 0.907522 -0.381510
vn 0.175653 0.907522 -0.381510
vn -0.145261 -0.938232 0.314038
vn -0.145261 -0.938232 0.314038
vn -0.145261 -0.938232 0.314038
vn -0.145261 -0.938232 0.314038
vn -0.401840 0.915659 -0.009698
vn -0.401840 0.915659 -0.009698
vn -0.401840 0.915659 -0.009698
vn -0.401840 0.915659 -0.009698
vn 0.322759 -0.946411 -0.011542
vn 0.322759 -0.946411 -0.011542
vn 0.322759 -0.946411 -0.011542
vn 0.322759 -0.946411 -0.011542
vn -0.110717 -0.946409 0.303402
vn -0.110717 -0.946409 0.303402
vn -0.110717 -0.946409 0.303402
vn -0.110717 -0.946409 0.303402
vn 0.114963 0.915653 -0.385180
vn 0.114963 0.915653 -0.385180
vn 0.114963 0.915653 -0.385180
vn 0.114963 0.915653 -0.385180
vn 0.314034 -0.938233 -0.145261
vn 0.314034 -0.938233 -0.145261
vn 0.314034 -0.938233 -0.145261
vn 0.314034 -0.938234 -0.145261
vn -0.381506 0.907524 0.175652
vn -0.381506 0.907524 0.175652
vn -0.381506 0.907524 0.175652
vn -0.381506 0.907524 0.175652
vn 0.049165 0.907514 -0.417134
vn 0.049165 0.907514 -0.417134
vn 0.049165 0.907514 -0.417134
vn 0.049165 0.907514 -0.417134
vn -0.041107 -0.938231 0.343558
vn -0.041107 -0.938231 0.343558
vn -0.041107 -0.938231 0.343558
vn -0.041107 -0.938231 0.343558
vn -0.385171 0.915657 0.114963
vn -0.385171 0.915656 0.114963
vn -0.385171 0.915656 0.114963
vn -0.385171 0.915656 0.114963
vn 0.303403 -0.946408 -0.110717
vn 0.303403 -0.946408 -0.110717
vn 0.303403 -0.946408 -0.110717
vn 0.303403 -0.946408 -0.110717
vn -0.011543 -0.946407 0.322769
vn -0.011543 -0.946407 0.322769
vn -0.011543 -0.946407 0.322769
vn -0.011543 -0.946407 0.322769
vn -0.009692 0.915651 -0.401856
vn -0.009692 0.915651 -0.401856
vn -0.009692 0.915651 -0.401856
vn -0.009692 0.915651 -0.401856
vn 0.253781 -0.938232 -0.235195
vn 0.253781 -0.938232 -0.235195
vn 0.253781 -0.938232 -0.235195
vn 0.253781 -0.938232 -0.235195
vn -0.308566 0.907514 0.284964
vn -0.308566 0.907515 0.284964
vn -0.308566 0.907514 0.284964
vn -0.308566 0.907515 0.284964
vn -0.082137 0.907520 -0.411899
vn -0.082137 0.907520 -0.411899
vn -0.082137 0.907520 -0.411899
vn -0.082137 0.907520 -0.411899
vn 0.067069 -0.938232 0.339444
vn 0.067069 -0.938232 0.339444
vn 0.067069 -0.938232 0.339444
vn 0.067069 -0.938232 0.339444
vn -0.330795 0.915655 0.228367
vn -0.330795 0.915655 0.228367
vn -0.330795 0.915655 0.228367
vn -0.330795 0.915655 0.228367
vn 0.254339 -0.946408 -0.199057
vn 0.254339 -0.946408 -0.199057
vn 0.254339 -0.946408 -0.199057
vn 0.254339 -0.946408 -0.199057
vn 0.088758 -0.946409 0.310534
vn 0.088758 -0.946409 0.310534
vn 0.088758 -0.946409 0.310534
vn 0.088758 -0.946409 0.310534
vn -0.133391 0.915656 -0.379184
vn -0.133391 0.915656 -0.379184
vn -0.133391 0.915656 -0.379184
vn -0.133391 0.915656 -0.379184
vn 0.168682 -0.938233 -0.302102
vn 0.168682 -0.938233 -0.302102
vn 0.168682 -0.938233 -0.302102
vn 0.168682 -0.938233 -0.302102
vn -0.205404 0.907520 0.366357
vn -0.205404 0.907520 0.366357
vn -0.205404 0.907520 0.366357
vn -0.205404 0.907520 0.366357
vn -0.205404 0.907519 -0.366360
vn -0.205404 0.907519 -0.366360
vn -0.205404 0.907519 -0.366360
vn -0.205404 0.907519 -0.366360
vn 0.168675 -0.938234 0.302104
vn 0.168675 -0.938234 0.302104
vn 0.168675 -0.938234 0.302104
vn 0.168675 -0.938234 0.302104
vn -0.244031 0.915660 0.319399
vn -0.244031 0.915660 0.319399
vn -0.244031 0.915660 0.319399
vn -0.244031 0.915660 0.319399
vn 0.180379 -0.946410 -0.267904
vn 0.180379 -0.946409 -0.267904
vn 0.180379 -0.946410 -0.267904
vn 0.180379 -0.946410 -0.267904
vn 0.180378 -0.946411 0.267901
vn 0.180378 -0.946411 0.267901
vn 0.180378 -0.946410 0.267901
vn 0.180378 -0.946411 0.267901
vn -0.244030 0.915660 -0.319400
vn -0.244030 0.915660 -0.319400
vn -0.244030 0.915660 -0.319400
vn -0.244030 0.915660 -0.319400
vn 0.067069 -0.938235 -0.339436
vn 0.067069 -0.938235 -0.339436
vn 0.067069 -0.938235 -0.339436
vn 0.067069 -0.938235 -0.339436
vn -0.082140 0.907517 0.411905
vn -0.082140 0.907517 0.411905
vn -0.082140 0.907517 0.411905
vn -0.082140 0.907517 0.411905
vn -0.308560 0.907517 -0.284962
vn -0.308560 0.907517 -0.284962
vn -0.308560 0.907517 -0.284962
vn -0.308560 0.907517 -0.284962
vn 0.253781 -0.938232 0.235195
vn 0.253781 -0.938232 0.235195
vn 0.253781 -0.938232 0.235195
vn 0.253781 -0.938232 0.235195
vn -0.133396 0.915653 0.379189
vn -0.133396 0.915653 0.379189
vn -0.133396 0.915653 0.379189
vn -0.133396 0.915653 0.379189
vn 0.088760 -0.946411 -0.310529
vn 0.088760 -0.946411 -0.310529
vn 0.088760 -0.946411 -0.310529
vn 0.088760 -0.946411 -0.310529
vn 0.254340 -0.946408 0.199056
vn 0.254340 -0.946408 0.199056
vn 0.254340 -0.946408 0.199056
vn 0.254340 -0.946408 0.199056
vn -0.330795 0.915657 -0.228359
vn -0.330795 0.915656 -0.228359
vn -0.330795 0.915657 -0.228359
vn -0.330795 0.915657 -0.228359
vn -0.041109 -0.938233 -0.343552
vn -0.041109 -0.938233 -0.343552
vn -0.041109 -0.938233 -0.343552
vn -0.041109 -0.938233 -0.343552
vn 0.049169 0.907518 0.417126
vn 0.049169 0.907518 0.417126
vn 0.049169 0.907518 0.417126
vn 0.049169 0.907518 0.417126
vn -0.381503 0.907525 -0.175651
vn -0.381503 0.907525 -0.175651
vn -0.381503 0.907525 -0.175651
vn -0.381503 0.907525 -0.175651
vn 0.314028 -0.938236 0.145255
vn 0.314028 -0.938236 0.145255
vn 0.314028 -0.938236 0.145255
vn 0.314028 -0.938236 0.145255
vn -0.009691 0.915656 0.401845
vn -0.009691 0.915656 0.401845
vn -0.009691 0.915656 0.401845
vn -0.009691 0.915656 0.401845
vn -0.011544 -0.946405 -0.322776
vn -0.011544 -0.946405 -0.322776
vn -0.011544 -0.946405 -0.322776
vn -0.011544 -0.946405 -0.322776
vn 0.303406 -0.946407 0.110718
vn 0.303406 -0.946407 0.110718
vn 0.303406 -0.946407 0.110718
vn 0.303406 -0.946407 0.110718
vn -0.385181 0.915651 -0.114972
vn -0.385181 0.915651 -0.114972
vn -0.385181 0.915651 -0.114972
vn -0.385181 0.915651 -0.114972
vn -0.145260 -0.938234 -0.314034
vn -0.145260 -0.938234 -0.314034
vn -0.145260 -0.938234 -0.314034
vn -0.145260 -0.938234 -0.314034
vn 0.175659 0.907518 0.381517
vn 0.175659 0.907518 0.381517
vn 0.175659 0.907518 0.381517
vn 0.175659 0.907518 0.381517
vn -0.417124 0.907519 -0.049164
vn -0.417124 0.907519 -0.049164
vn -0.417124 0.907519 -0.049164
vn -0.417124 0.907519 -0.049164
vn 0.343556 -0.938232 0.041113
vn 0.343556 -0.938232 0.041113
vn 0.343556 -0.938232 0.041113
vn 0.343556 -0.938232 0.041113
vn 0.114962 0.915657 0.385169
vn 0.114962 0.915657 0.385169
vn 0.114962 0.915657 0.385169
vn 0.114962 0.915657 0.385169
vn -0.110717 -0.946410 -0.303398
vn -0.110718 -0.946410 -0.303398
vn -0.110717 -0.946410 -0.303398
vn -0.110717 -0.946410 -0.303398
vn 0.322762 -0.946410 0.011540
vn 0.322762 -0.946410 0.011540
vn 0.322762 -0.946410 0.011540
vn 0.322762 -0.946410 0.011540
vn -0.401846 0.915656 0.009697
vn -0.401846 0.915656 0.009697
vn -0.401846 0.915656 0.009697
vn -0.401846 0.915656 0.009697
vn -0.235185 -0.938235 -0.253778
vn -0.235185 -0.938235 -0.253778
vn -0.235185 -0.938235 -0.253778
vn -0.235185 -0.938235 -0.253778
vn 0.284950 0.907523 0.308553
vn 0.284950 0.907523 0.308553
vn 0.284950 0.907523 0.308553
vn 0.284950 0.907523 0.308553
vn -0.411901 0.907518 0.082152
vn -0.411901 0.907518 0.082152
vn -0.411901 0.907518 0.082152
vn -0.411901 0.907518 0.082152
vn 0.339426 -0.938239 -0.067069
vn 0.339426 -0.938239 -0.067069
vn 0.339426 -0.938239 -0.067069
vn 0.339426 -0.938239 -0.067069
vn 0.228367 0.915652 0.330801
vn 0.228367 0.915652 0.330801
vn 0.228367 0.915652 0.330801
vn 0.228367 0.915652 0.330801
vn -0.199065 -0.946405 -0.254344
vn -0.199065 -0.946405 -0.254344
vn -0.199065 -0.946405 -0.254344
vn -0.199065 -0.946405 -0.254344
vn 0.310534 -0.946409 -0.088769
vn 0.310534 -0.946408 -0.088769
vn 0.310534 -0.946408 -0.088769
vn 0.310534 -0.946408 -0.088769
vn -0.379178 0.915658 0.133395
vn -0.379178 0.915658 0.133395
vn -0.379178 0.915658 0.133395
vn -0.379178 0.915658 0.133395
vn -0.302103 -0.938234 -0.168671
vn -0.302103 -0.938234 -0.168671
vn -0.302103 -0.938234 -0.168671
vn -0.302103 -0.938234 -0.168671
vn 0.366365 0.907517 0.205402
vn 0.366365 0.907517 0.205402
vn 0.366365 0.907517 0.205402
vn 0.366365 0.907517 0.205402
vn -0.366365 0.907517 0.205402
vn -0.366365 0.907517 0.205402
vn -0.366365 0.907517 0.205402
vn -0.366365 0.907517 0.205402
vn 0.302106 -0.938233 -0.168676
vn 0.302106 -0.938233 -0.168676
vn 0.302106 -0.938233 -0.168676
vn 0.302106 -0.938233 -0.168676
vn 0.319411 0.915653 0.244041
vn 0.319412 0.915653 0.244041
vn 0.319411 0.915653 0.244041
vn 0.319411 0.915653 0.244041
vn -0.267911 -0.946407 -0.180379
vn -0.267911 -0.946407 -0.180379
vn -0.267911 -0.946408 -0.180379
vn -0.267911 -0.946408 -0.180379
vn 0.267902 -0.946410 -0.180379
vn 0.267902 -0.946410 -0.180379
vn 0.267902 -0.946410 -0.180379
vn 0.267902 -0.946410 -0.180379
vn -0.319391 0.915660 0.244042
vn -0.319391 0.915660 0.244042
vn -0.319391 0.915660 0.244042
vn -0.319391 0.915660 0.244042
vn -0.339437 -0.938235 -0.067063
vn -0.339437 -0.938235 -0.067063
vn -0.339437 -0.938235 -0.067063
vn -0.339437 -0.938235 -0.067063
vn 0.411902 0.907519 0.082141
vn 0.411902 0.907519 0.082141
vn 0.411902 0.907519 0.082141
vn 0.411902 0.907519 0.082141
vn -0.284950 0.907523 0.308555
vn -0.284950 0.907523 0.308555
vn -0.284950 0.907523 0.308555
vn -0.284950 0.907523 0.308555
vn 0.235185 -0.938235 -0.253778
vn 0.235185 -0.938235 -0.253778
vn 0.235185 -0.938235 -0.253778
vn 0.235185 -0.938235 -0.253778
vn 0.379197 0.915651 0.133390
vn 0.379197 0.915651 0.133390
vn 0.379197 0.915651 0.133390
vn 0.379197 0.915651 0.133390
vn -0.310551 -0.946404 -0.088755
vn -0.310551 -0.946404 -0.088755
vn -0.310551 -0.946404 -0.088755
vn -0.310551 -0.946404 -0.088755
vn 0.199046 -0.946411 -0.254337
vn 0.199046 -0.946411 -0.254337
vn 0.199046 -0.946411 -0.254337
vn 0.199046 -0.946411 -0.254337
vn -0.228358 0.915657 0.330795
vn -0.228358 0.915657 0.330795
vn -0.228358 0.915657 0.330795
vn -0.228358 0.915657 0.330795
vn -0.343539 -0.938238 0.041104
vn -0.343539 -0.938238 0.041104
vn -0.343539 -0.938238 0.041104
vn -0.343539 -0.938238 0.041104
vn 0.417120 0.907521 -0.049158
vn 0.417120 0.907521 -0.049158
vn 0.417120 0.907521 -0.049158
vn 0.417120 0.907521 -0.049158
vn -0.175656 0.907518 0.381518
vn -0.175656 0.907518 0.381518
vn -0.175656 0.907518 0.381518
vn -0.175656 0.907518 0.381518
vn 0.145260 -0.938235 -0.314031
vn 0.145260 -0.938235 -0.314031
vn 0.145260 -0.938235 -0.314031
vn 0.145260 -0.938235 -0.314031
vn 0.401859 0.915650 0.009693
vn 0.401859 0.915650 0.009693
vn 0.401859 0.915650 0.009693
vn 0.401859 0.915650 0.009693
vn -0.322767 -0.946408 0.011546
vn -0.322767 -0.946408 0.011546
vn -0.322767 -0.946408 0.011546
vn -0.322767 -0.946408 0.011546
vn 0.110715 -0.946409 -0.303402
vn 0.110715 -0.946409 -0.303402
vn 0.110715 -0.946409 -0.303402
vn 0.110715 -0.946409 -0.303402
vn -0.114961 0.915656 0.385173
vn -0.114961 0.915656 0.385173
vn -0.114961 0.915656 0.385173
vn -0.114961 0.915656 0.385173
vn -0.314027 -0.938238 0.145245
vn -0.314027 -0.938238 0.145245
vn -0.314027 -0.938238 0.145245
vn -0.314027 -0.938238 0.145245
vn 0.381512 0.907522 -0.175650
vn 0.381512 0.907522 -0.175650
vn 0.381512 0.907522 -0.175650
vn 0.381512 0.907522 -0.175650
vn -0.049164 0.907519 0.417125
vn -0.049164 0.907519 0.417125
vn -0.049164 0.907519 0.417125
vn -0.049164 0.907519 0.417125
vn 0.041109 -0.938233 -0.343553
vn 0.041109 -0.938233 -0.343553
vn 0.041109 -0.938233 -0.343553
vn 0.041109 -0.938233 -0.343553
vn 0.385180 0.915652 -0.114967
vn 0.385180 0.915652 -0.114967
vn 0.385180 0.915652 -0.114967
vn 0.385180 0.915652 -0.114967
vn -0.303410 -0.946405 0.110724
vn -0.303410 -0.946405 0.110724
vn -0.303410 -0.946405 0.110724
vn -0.303410 -0.946405 0.110724
vn 0.011544 -0.946406 -0.322772
vn 0.011544 -0.946406 -0.322772
vn 0.011544 -0.946406 -0.322772
vn 0.011544 -0.946406 -0.322772
vn 0.009684 0.915655 0.401848
vn 0.009684 0.915655 0.401848
vn 0.009684 0.915655 0.401848
vn 0.009684 0.915655 0.401848
vn -0.253776 -0.938234 0.235193
vn -0.253776 -0.938234 0.235193
vn -0.253776 -0.938234 0.235193
vn -0.253776 -0.938234 0.235193
vn 0.308567 0.907515 -0.284963
vn 0.308567 0.907515 -0.284963
vn 0.308567 0.907515 -0.284963
vn 0.308567 0.907515 -0.284963
vn 0.082146 0.907515 0.411908
vn 0.082146 0.907515 0.411908
vn 0.082146 0.907515 0.411908
vn 0.082146 0.907515 0.411908
vn -0.067064 -0.938236 -0.339434
vn -0.067064 -0.938236 -0.339434
vn -0.067064 -0.938236 -0.339434
vn -0.067064 -0.938236 -0.339434
vn 0.330799 0.915654 -0.228362
vn 0.330799 0.915655 -0.228362
vn 0.330799 0.915655 -0.228362
vn 0.330799 0.915655 -0.228361
vn -0.254344 -0.946406 0.199060
vn -0.254344 -0.946406 0.199060
vn -0.254344 -0.946406 0.199060
vn -0.254344 -0.946406 0.199060
vn -0.088764 -0.946407 -0.310539
vn -0.088764 -0.946407 -0.310539
vn -0.088764 -0.946407 -0.310539
vn -0.088764 -0.946407 -0.310539
vn 0.133390 0.915658 0.379179
vn 0.133390 0.915658 0.379179
vn 0.133390 0.915658 0.379179
vn 0.133390 0.915658 0.379179
vn -0.168673 -0.938234 0.302104
vn -0.168673 -0.938234 0.302104
vn -0.168673 -0.938234 0.302104
vn -0.168673 -0.938234 0.302104
vn 0.205403 0.907517 -0.366364
vn 0.205403 0.907517 -0.366364
vn 0.205403 0.907517 -0.366364
vn 0.205403 0.907517 -0.366364
vn 0.205408 0.907519 0.366357
vn 0.205408 0.907519 0.366357
vn 0.205408 0.907519 0.366357
vn 0.205408 0.907519 0.366357
vn -0.168679 -0.938234 -0.302100
vn -0.168679 -0.938234 -0.302100
vn -0.168679 -0.938234 -0.302100
vn -0.168679 -0.938234 -0.302100
vn 0.244033 0.915656 -0.319410
vn 0.244033 0.915656 -0.319410
vn 0.244032 0.915656 -0.319410
vn 0.244032 0.915656 -0.319410
vn -0.180379 -0.946407 0.267912
vn -0.180379 -0.946407 0.267912
vn -0.180379 -0.946407 0.267912
vn -0.180379 -0.946407 0.267912
vn -0.180381 -0.946406 -0.267914
vn -0.180381 -0.946406 -0.267914
vn -0.180381 -0.946406 -0.267914
vn -0.180381 -0.946406 -0.267914
vn 0.244041 0.915654 0.319408
vn 0.244041 0.915654 0.319408
vn 0.244041 0.915654 0.319408
vn 0.244041 0.915654 0.319408
vn -0.067068 -0.938235 0.339436
vn -0.067068 -0.938235 0.339436
vn -0.067068 -0.938235 0.339436
vn -0.067068 -0.938235 0.339436
vn 0.082141 0.907518 -0.411902
vn 0.082141 0.907518 -0.411902
vn 0.082141 0.907518 -0.411902
vn 0.082141 0.907518 -0.411902
vn 0.308576 0.907510 0.284966
vn 0.308576 0.907510 0.284966
vn 0.308576 0.907510 0.284966
vn 0.308576 0.907510 0.284966
vn -0.253771 -0.938235 -0.235192
vn -0.253771 -0.938235 -0.235192
vn -0.253771 -0.938235 -0.235192
vn -0.253771 -0.938235 -0.235192
vn 0.133388 0.915658 -0.379182
vn 0.133388 0.915658 -0.379182
vn 0.133388 0.915658 -0.379182
vn 0.133388 0.915658 -0.379182
vn -0.088769 -0.946409 0.310533
vn -0.088769 -0.946409 0.310533
vn -0.088769 -0.946409 0.310533
vn -0.088769 -0.946409 0.310533
vn -0.254339 -0.946406 -0.199068
vn -0.254339 -0.946405 -0.199068
vn -0.254339 -0.946405 -0.199068
vn -0.254339 -0.946406 -0.199068
vn 0.330792 0.915654 0.228372
vn 0.330792 0.915654 0.228372
vn 0.330792 0.915654 0.228372
vn 0.330792 0.915654 0.228372
vn 0.041108 -0.938232 0.343556
vn 0.041108 -0.938232 0.343556
vn 0.041108 -0.938232 0.343556
vn 0.041108 -0.938232 0.343556
vn -0.049162 0.907518 -0.417126
vn -0.049162 0.907518 -0.417126
vn -0.049162 0.907518 -0.417126
vn -0.049162 0.907518 -0.417126
vn 0.381510 0.907521 0.175657
vn 0.381510 0.907521 0.175657
vn 0.381510 0.907521 0.175657
vn 0.381510 0.907521 0.175657
vn -0.314038 -0.938233 -0.145259
vn -0.314038 -0.938233 -0.145259
vn -0.314038 -0.938233 -0.145259
vn -0.314038 -0.938232 -0.145259
vn 0.009690 0.915654 -0.401852
vn 0.009690 0.915654 -0.401852
vn 0.009690 0.915654 -0.401852
vn 0.009690 0.915654 -0.401852
vn 0.011543 -0.946409 0.322765
vn 0.011543 -0.946409 0.322765
vn 0.011543 -0.946409 0.322765
vn 0.011543 -0.946409 0.322765
vn -0.303408 -0.946406 -0.110725
vn -0.303408 -0.946406 -0.110725
vn -0.303408 -0.946406 -0.110725
vn -0.303408 -0.946406 -0.110725
vn 0.385182 0.915651 0.114971
vn 0.385182 0.915651 0.114971
vn 0.385182 0.915651 0.114971
vn 0.385182 0.915651 0.114971
vn 0.145259 -0.938232 0.314038
vn 0.145259 -0.938232 0.314038
vn 0.145259 -0.938232 0.314038
vn 0.145259 -0.938232 0.314038
vn -0.175654 0.907518 -0.381519
vn -0.175654 0.907518 -0.381519
vn -0.175654 0.907518 -0.381519
vn -0.175654 0.907518 -0.381519
vn 0.417118 0.907522 0.049163
vn 0.417118 0.907522 0.049163
vn 0.417118 0.907522 0.049163
vn 0.417118 0.907522 0.049163
vn -0.343539 -0.938239 -0.041103
vn -0.343539 -0.938239 -0.041103
vn -0.343539 -0.938239 -0.041103
vn -0.343539 -0.938239 -0.041103
vn -0.114961 0.915658 -0.385168
vn -0.114961 0.915658 -0.385168
vn -0.114961 0.915658 -0.385168
vn -0.114961 0.915658 -0.385168
vn 0.110713 -0.946408 0.303405
vn 0.110713 -0.946408 0.303405
vn 0.110713 -0.946408 0.303405
vn 0.110713 -0.946408 0.303405
vn -0.322766 -0.946409 -0.011548
vn -0.322766 -0.946409 -0.011548
vn -0.322766 -0.946409 -0.011548
vn -0.322766 -0.946409 -0.011548
vn 0.401853 0.915653 -0.009686
vn 0.401853 0.915653 -0.009686
vn 0.401853 0.915653 -0.009686
vn 0.401853 0.915653 -0.009686
vn 0.235185 -0.938235 0.253777
vn 0.235185 -0.938235 0.253777
vn 0.235185 -0.938235 0.253777
vn 0.235185 -0.938235 0.253778
vn -0.284950 0.907524 -0.308550
vn -0.284950 0.907524 -0.308550
vn -0.284950 0.907524 -0.308550
vn -0.284950 0.907524 -0.308551
vn 0.411904 0.907517 -0.082144
vn 0.411904 0.907517 -0.082144
vn 0.411904 0.907517 -0.082144
vn 0.411904 0.907517 -0.082144
vn -0.339442 -0.938233 0.067067
vn -0.339442 -0.938233 0.067067
vn -0.339442 -0.938233 0.067067
vn -0.339442 -0.938233 0.067067
vn -0.228364 0.915657 -0.330791
vn -0.228364 0.915657 -0.330791
vn -0.228364 0.915657 -0.330791
vn -0.228364 0.915657 -0.330791
vn 0.199049 -0.946411 0.254334
vn 0.199049 -0.946411 0.254334
vn 0.199049 -0.946411 0.254334
vn 0.199049 -0.946411 0.254334
vn -0.310546 -0.946405 0.088759
vn -0.310546 -0.946405 0.088759
vn -0.310546 -0.946405 0.088759
vn -0.310546 -0.946405 0.088759
vn 0.379195 0.915652 -0.133391
vn 0.379195 0.915651 -0.133391
vn 0.379195 0.915652 -0.133391
vn 0.379195 0.915651 -0.133391
g Supply_Holder group1
usemtl initialShadingGroup
f 1902/1/1 1903/2/2 1904/3/3 1905/4/4
f 1903/2/2 1906/5/5 1907/6/6 1904/3/3
f 1906/5/5 1908/3884/7 1909/7/8 1907/6/6
f 1908/3884/7 1910/3885/9 1911/3896/10 1909/7/8
f 1910/8/9 1912/10/11 1913/11/12 1911/9/10
f 1912/10/11 1914/12/13 1915/13/14 1913/11/12
f 1914/12/13 1916/14/15 1917/15/16 1915/13/14
f 1916/14/15 1918/16/17 1919/17/18 1917/15/16
f 1918/16/17 1920/18/19 1921/19/20 1919/17/18
f 1920/18/19 1922/20/21 1923/21/22 1921/19/20
f 1922/20/21 1924/22/23 1925/23/24 1923/21/22
f 1924/22/23 1926/24/25 1927/25/26 1925/23/24
f 1926/24/25 1928/26/27 1929/27/28 1927/25/26
f 1928/26/27 1930/28/29 1931/29/30 1929/27/28
f 1930/28/29 1932/30/31 1933/31/32 1931/29/30
f 1932/30/31 1934/32/33 1935/33/34 1933/31/32
f 1934/32/33 1936/34/35 1937/35/36 1935/33/34
f 1936/34/35 1938/36/37 1939/37/38 1937/35/36
f 1938/36/37 1940/38/39 1941/39/40 1939/37/38
f 1940/38/39 1902/1/1 1905/4/4 1941/39/40
f 2003/40/41 2002/41/42 2004/42/43
f 2002/41/42 2005/43/44 2004/42/43
f 2005/43/44 2006/3889/45 2004/42/43
f 2006/3889/45 2007/3886/46 2004/42/43
f 2007/44/46 2008/45/47 2004/42/43
f 2008/45/47 2009/46/48 2004/42/43
f 2009/46/48 2010/47/49 2004/42/43
f 2010/47/49 2011/48/50 2004/42/43
f 2011/48/50 2012/49/51 2004/42/43
f 2012/49/51 2013/50/52 2004/42/43
f 2013/50/52 2014/51/53 2004/42/43
f 2014/51/53 2015/52/54 2004/42/43
f 2015/52/54 2016/53/55 2004/42/43
f 2016/53/55 2017/54/56 2004/42/43
f 2017/54/56 2018/55/57 2004/42/43
f 2018/55/57 2019/56/58 2004/42/43
f 2019/56/58 2020/57/59 2004/42/43
f 2020/57/59 2021/58/60 2004/42/43
f 2021/58/60 2022/59/61 2004/42/43
f 2022/59/61 2003/40/41 2004/42/43
f 2023/60/62 2003/40/41 2022/59/61 2024/61/63
f 2026/62/64 2025/63/65 2027/64/66 2028/65/67
f 2025/63/65 2023/60/62 2024/61/63 2027/64/68
f 2003/40/41 2023/60/62 2029/66/69 2002/41/42
f 2023/60/62 2025/63/65 2030/67/70 2029/66/69
f 2025/63/65 2026/62/64 2031/68/71 2030/67/70
f 2002/41/42 2029/66/69 2032/69/72 2005/43/44
f 2029/66/69 2030/67/70 2033/70/73 2032/69/72
f 2030/67/70 2031/68/71 2034/71/74 2033/70/73
f 2005/43/44 2032/69/72 2035/3887/75 2006/3889/45
f 2032/69/72 2033/70/73 2036/3890/76 2035/3887/75
f 2033/70/73 2034/71/74 2037/3894/77 2036/3890/78
f 2006/3889/45 2035/3887/75 2038/3888/79 2007/3886/46
f 2035/3887/75 2036/3890/76 2039/3891/80 2038/3888/79
f 2036/3890/78 2037/3894/77 2040/3892/81 2039/3891/82
f 2007/44/46 2038/72/79 2041/75/83 2008/45/47
f 2038/72/79 2039/73/80 2042/76/84 2041/75/83
f 2039/73/82 2040/74/81 2043/77/85 2042/76/86
f 2008/45/47 2041/75/83 2044/78/87 2009/46/48
f 2041/75/83 2042/76/84 2045/79/88 2044/78/87
f 2042/76/86 2043/77/85 2046/80/89 2045/79/88
f 2009/46/48 2044/78/87 2047/81/90 2010/47/49
f 2044/78/87 2045/79/88 2048/82/91 2047/81/90
f 2045/79/88 2046/80/89 2049/83/92 2048/82/91
f 2010/47/49 2047/81/90 2050/84/93 2011/48/50
f 2047/81/90 2048/82/91 2051/85/94 2050/84/93
f 2048/82/91 2049/83/92 2052/86/95 2051/85/94
f 2011/48/50 2050/84/93 2053/87/96 2012/49/51
f 2050/84/93 2051/85/94 2054/88/97 2053/87/96
f 2051/85/94 2052/86/95 2055/89/98 2054/88/99
f 2012/49/51 2053/87/96 2056/90/100 2013/50/52
f 2053/87/96 2054/88/97 2057/91/101 2056/90/100
f 2054/88/99 2055/89/98 2058/92/102 2057/91/101
f 2013/50/52 2056/90/100 2059/93/103 2014/51/53
f 2056/90/100 2057/91/101 2060/94/104 2059/93/103
f 2057/91/101 2058/92/102 2061/95/105 2060/94/104
f 2014/51/53 2059/93/103 2062/96/106 2015/52/54
f 2059/93/103 2060/94/104 2063/97/107 2062/96/106
f 2060/94/104 2061/95/105 2064/98/108 2063/97/107
f 2015/52/54 2062/96/106 2065/99/109 2016/53/55
f 2062/96/106 2063/97/107 2066/100/110 2065/99/109
f 2063/97/107 2064/98/108 2067/101/111 2066/100/112
f 2016/53/55 2065/99/109 2068/102/113 2017/54/56
f 2065/99/109 2066/100/110 2069/103/114 2068/102/113
f 2066/100/112 2067/101/111 2070/104/115 2069/103/116
f 2017/54/56 2068/102/113 2071/105/117 2018/55/57
f 2068/102/113 2069/103/114 2072/106/118 2071/105/117
f 2069/103/116 2070/104/115 2073/107/119 2072/106/120
f 2018/55/57 2071/105/117 2074/108/121 2019/56/58
f 2071/105/117 2072/106/118 2075/109/122 2074/108/121
f 2072/106/120 2073/107/119 2076/110/123 2075/109/122
f 2019/56/58 2074/108/121 2077/111/124 2020/57/59
f 2074/108/121 2075/109/122 2078/112/125 2077/111/124
f 2075/109/122 2076/110/123 2079/113/126 2078/112/125
f 2020/57/59 2077/111/124 2080/114/127 2021/58/60
f 2077/111/124 2078/112/125 2081/115/128 2080/114/127
f 2078/112/125 2079/113/126 2082/116/129 2081/115/128
f 2021/58/60 2080/114/127 2024/61/63 2022/59/61
f 2080/114/127 2081/115/128 2027/64/68 2024/61/63
f 2081/115/128 2082/116/129 2028/65/67 2027/64/66
f 2083/117/130 2084/118/131 2031/68/71 2026/62/64
f 2085/119/132 2083/117/130 2026/62/64 2028/65/67
f 2086/120/133 2085/119/132 2028/65/67 2082/116/129
f 2087/121/134 2086/120/133 2082/116/129 2079/113/126
f 2088/122/135 2087/121/134 2079/113/126 2076/110/123
f 2089/123/136 2088/122/135 2076/110/123 2073/107/119
f 2090/124/137 2089/123/136 2073/107/119 2070/104/115
f 2091/125/138 2090/124/137 2070/104/115 2067/101/111
f 2092/126/139 2091/125/138 2067/101/111 2064/98/108
f 2093/127/140 2092/126/139 2064/98/108 2061/95/105
f 2094/128/141 2093/127/140 2061/95/105 2058/92/102
f 2095/129/142 2094/128/141 2058/92/102 2055/89/98
f 2096/130/143 2095/129/142 2055/89/98 2052/86/95
f 2097/131/144 2096/130/143 2052/86/95 2049/83/92
f 2098/132/145 2097/131/144 2049/83/92 2046/80/89
f 2099/133/146 2098/132/145 2046/80/89 2043/77/85
f 2100/134/147 2099/133/146 2043/77/85 2040/74/81
f 2101/3899/148 2100/3893/147 2040/3892/81 2037/3894/77
f 2102/135/149 2101/3899/148 2037/3894/77 2034/71/74
f 2084/118/131 2102/135/149 2034/71/74 2031/68/71
f 1942/136/150 1943/137/151 1944/138/152 1945/139/153
f 1946/140/154 1942/136/150 1945/139/153 1947/141/155
f 1948/142/156 1946/140/154 1947/141/155 1949/143/157
f 1950/144/158 1948/142/156 1949/143/157 1951/145/159
f 1952/146/160 1950/144/158 1951/145/159 1953/147/161
f 1954/148/162 1952/146/160 1953/147/161 1955/149/163
f 1956/150/164 1954/148/162 1955/149/163 1957/151/165
f 1958/152/166 1956/150/164 1957/151/165 1959/153/167
f 1960/154/168 1958/152/166 1959/153/167 1961/155/169
f 1962/156/170 1960/154/168 1961/155/169 1963/157/171
f 1964/158/172 1962/156/170 1963/157/171 1965/159/173
f 1966/160/174 1964/158/172 1965/159/173 1967/161/175
f 1968/162/176 1966/160/174 1967/161/175 1969/163/177
f 1970/164/178 1968/162/176 1969/163/177 1971/165/179
f 1972/166/180 1970/164/178 1971/165/179 1973/167/181
f 1974/168/182 1972/166/180 1973/167/181 1975/169/183
f 1976/170/184 1974/168/182 1975/169/183 1977/171/185
f 1978/3897/186 1976/3895/184 1977/3926/185 1979/172/187
f 1980/173/188 1978/3897/186 1979/172/187 1981/174/189
f 1943/137/151 1980/173/188 1981/174/189 1944/138/152
f 1905/4/190 1904/3/191 1943/137/192 1942/136/193
f 1904/3/191 1907/6/194 1980/173/195 1943/137/192
f 1907/6/194 1909/7/196 1978/3897/197 1980/173/195
f 1909/7/196 1911/3896/198 1976/3895/199 1978/3897/197
f 1911/9/198 1913/11/200 1974/168/201 1976/170/199
f 1913/11/200 1915/13/202 1972/166/203 1974/168/201
f 1915/13/202 1917/15/204 1970/164/205 1972/166/203
f 1917/15/204 1919/17/206 1968/162/207 1970/164/205
f 1919/17/206 1921/19/208 1966/160/209 1968/162/207
f 1921/19/208 1923/21/210 1964/158/211 1966/160/209
f 1923/21/210 1925/23/212 1962/156/213 1964/158/211
f 1925/23/212 1927/25/214 1960/154/215 1962/156/213
f 1927/25/214 1929/27/216 1958/152/217 1960/154/215
f 1929/27/216 1931/29/218 1956/150/219 1958/152/217
f 1931/29/218 1933/31/220 1954/148/221 1956/150/219
f 1933/31/220 1935/33/222 1952/146/223 1954/148/221
f 1935/33/222 1937/35/224 1950/144/225 1952/146/223
f 1937/35/224 1939/37/226 1948/142/227 1950/144/225
f 1939/37/226 1941/39/228 1946/140/229 1948/142/227
f 1941/39/228 1905/4/190 1942/136/193 1946/140/229
f 2104/175/230 2103/176/231 2084/118/232 2083/117/233
f 2105/177/234 2104/175/230 2083/117/233 2085/119/235
f 2106/178/236 2105/177/234 2085/119/235 2086/120/237
f 2107/179/238 2106/178/236 2086/120/237 2087/121/239
f 2108/180/240 2107/179/238 2087/121/239 2088/122/241
f 2109/181/242 2108/180/240 2088/122/241 2089/123/243
f 2110/182/244 2109/181/242 2089/123/243 2090/124/245
f 2111/183/246 2110/182/244 2090/124/245 2091/125/247
f 2112/184/248 2111/183/246 2091/125/247 2092/126/249
f 2113/185/250 2112/184/248 2092/126/249 2093/127/251
f 2114/186/252 2113/185/250 2093/127/251 2094/128/253
f 2115/187/254 2114/186/252 2094/128/253 2095/129/255
f 2116/188/256 2115/187/254 2095/129/255 2096/130/257
f 2117/189/258 2116/188/256 2096/130/257 2097/131/259
f 2118/190/260 2117/189/258 2097/131/259 2098/132/261
f 2119/191/262 2118/190/260 2098/132/261 2099/133/263
f 2120/192/264 2119/191/262 2099/133/263 2100/134/265
f 2121/3901/266 2120/3898/264 2100/3893/265 2101/3899/267
f 2122/193/268 2121/3901/266 2101/3899/267 2102/135/269
f 2103/176/231 2122/193/268 2102/135/269 2084/118/232
f 2124/194/270 2123/195/271 2103/176/272 2104/175/273
f 2125/196/274 2124/194/270 2104/175/273 2105/177/275
f 2126/197/276 2125/196/274 2105/177/275 2106/178/277
f 2127/198/278 2126/197/276 2106/178/277 2107/179/279
f 2128/199/280 2127/198/278 2107/179/279 2108/180/281
f 2129/200/282 2128/199/280 2108/180/281 2109/181/283
f 2130/201/284 2129/200/282 2109/181/283 2110/182/285
f 2131/202/286 2130/201/284 2110/182/285 2111/183/287
f 2132/203/288 2131/202/286 2111/183/287 2112/184/289
f 2133/204/290 2132/203/288 2112/184/289 2113/185/291
f 2134/205/292 2133/204/290 2113/185/291 2114/186/293
f 2135/206/294 2134/205/292 2114/186/293 2115/187/295
f 2136/207/296 2135/206/294 2115/187/295 2116/188/297
f 2137/208/298 2136/207/296 2116/188/297 2117/189/299
f 2138/209/300 2137/208/298 2117/189/299 2118/190/301
f 2139/210/302 2138/209/300 2118/190/301 2119/191/303
f 2140/211/304 2139/210/302 2119/191/303 2120/192/305
f 2141/3930/306 2140/3900/304 2120/3898/305 2121/3901/307
f 2142/212/308 2141/3930/306 2121/3901/307 2122/193/309
f 2123/195/271 2142/212/308 2122/193/309 2103/176/272
f 2163/213/310 2164/214/311 2165/215/312 2166/216/313
f 2164/214/311 2163/213/310 2167/217/314 2168/218/315
f 2168/218/315 2169/219/316 2170/220/317 2171/221/318
f 2172/222/319 2167/217/314 2173/223/320 2174/224/321
f 2169/219/316 2172/222/319 2175/225/322 2176/226/323
f 2176/226/323 2177/227/324 2178/228/325 2179/229/326
f 2180/230/327 2175/225/322 2181/231/328 2182/232/329
f 2177/227/324 2180/230/327 2183/233/330 2184/234/331
f 2174/224/321 2173/223/320 2185/235/332 2181/231/328
f 2186/236/333 2187/237/334 2188/238/335 2189/239/336
f 2171/221/318 2186/236/333 2190/240/337 2165/215/312
f 2187/237/334 2170/220/317 2179/229/326 2191/241/338
f 2192/242/339 2185/235/332 2193/243/340 2194/244/341
f 2182/232/329 2192/242/339 2195/245/342 2196/246/343
f 2196/246/343 2197/247/344 2198/248/345 2183/233/330
f 2199/249/346 2195/245/342 2200/250/347 2201/251/348
f 2197/247/344 2199/249/346 2202/252/349 2203/253/350
f 2194/244/341 2193/243/340 2204/254/351 2200/250/347
f 2205/255/352 2204/254/351 2206/256/353 2207/257/354
f 2201/251/348 2205/255/352 2208/258/355 2209/259/356
f 2209/259/356 2210/260/357 2211/261/358 2202/252/349
f 2212/262/359 2208/258/355 2213/263/360 2214/264/361
f 2210/260/357 2212/262/359 2215/3905/362 2216/265/363
f 2207/257/354 2206/256/353 2217/3902/364 2213/263/360
f 2218/3904/365 2217/3902/364 2219/3903/366 2220/3989/367
f 2214/264/361 2218/3904/365 2221/3931/368 2222/269/369
f 2222/269/369 2223/3992/370 2224/3923/371 2215/3905/362
f 2225/271/372 2221/268/368 2226/272/373 2227/273/374
f 2223/270/370 2225/271/372 2228/274/375 2229/275/376
f 2220/267/367 2219/266/366 2230/276/377 2226/272/373
f 2231/277/378 2230/276/377 2232/278/379 2233/279/380
f 2227/273/374 2231/277/378 2234/280/381 2235/281/382
f 2235/281/382 2236/282/383 2237/283/384 2228/274/375
f 2238/284/385 2234/280/381 2239/285/386 2240/286/387
f 2236/282/383 2238/284/385 2241/287/388 2242/288/389
f 2233/279/380 2232/278/379 2243/289/390 2239/285/386
f 2244/290/391 2243/289/390 2245/291/392 2246/292/393
f 2240/286/387 2244/290/391 2247/293/394 2248/294/395
f 2248/294/395 2249/295/396 2250/296/397 2241/287/388
f 2251/297/398 2247/293/394 2252/298/399 2253/299/400
f 2249/295/396 2251/297/398 2254/300/401 2255/301/402
f 2246/292/393 2245/291/392 2256/302/403 2252/298/399
f 2257/303/404 2256/302/403 2258/304/405 2259/305/406
f 2253/299/400 2257/303/404 2260/306/407 2261/307/408
f 2261/307/408 2262/308/409 2263/309/410 2254/300/401
f 2264/310/411 2260/306/407 2265/311/412 2266/312/413
f 2262/308/409 2264/310/411 2267/313/414 2268/314/415
f 2259/305/406 2258/304/405 2269/315/416 2265/311/412
f 2270/316/417 2269/315/416 2271/317/418 2272/318/419
f 2266/312/413 2270/316/417 2273/319/420 2274/320/421
f 2274/320/421 2275/321/422 2276/322/423 2267/313/414
f 2277/323/424 2273/319/420 2278/324/425 2279/325/426
f 2275/321/422 2277/323/424 2280/326/427 2281/327/428
f 2272/318/419 2271/317/418 2282/328/429 2278/324/425
f 2283/329/430 2282/328/429 2284/330/431 2285/331/432
f 2279/325/426 2283/329/430 2286/332/433 2287/333/434
f 2287/333/434 2288/334/435 2289/335/436 2280/326/427
f 2290/336/437 2286/332/433 2291/337/438 2292/338/439
f 2288/334/435 2290/336/437 2293/339/440 2294/340/441
f 2285/331/432 2284/330/431 2295/341/442 2291/337/438
f 2296/342/443 2295/341/442 2297/343/444 2298/344/445
f 2292/338/439 2296/342/443 2299/345/446 2300/346/447
f 2300/346/447 2301/347/448 2302/348/449 2293/339/440
f 2303/349/450 2299/345/446 2304/350/451 2305/351/452
f 2301/347/448 2303/349/450 2306/352/453 2307/353/454
f 2298/344/445 2297/343/444 2308/354/455 2304/350/451
f 2309/355/456 2308/354/455 2310/356/457 2311/357/458
f 2305/351/452 2309/355/456 2312/358/459 2313/359/460
f 2313/359/460 2314/360/461 2315/361/462 2306/352/453
f 2316/362/463 2312/358/459 2317/363/464 2318/364/465
f 2314/360/461 2316/362/463 2319/365/466 2320/366/467
f 2311/357/458 2310/356/457 2321/367/468 2317/363/464
f 2322/368/469 2321/367/468 2323/369/470 2324/370/471
f 2318/364/465 2322/368/469 2325/371/472 2326/372/473
f 2326/372/473 2327/373/474 2328/374/475 2319/365/466
f 2329/375/476 2325/371/472 2330/376/477 2331/377/478
f 2327/373/474 2329/375/476 2332/378/479 2333/379/480
f 2324/370/471 2323/369/470 2334/380/481 2330/376/477
f 2335/381/482 2334/380/481 2336/382/483 2337/383/484
f 2331/377/478 2335/381/482 2338/384/485 2339/385/486
f 2339/385/486 2340/386/487 2341/387/488 2332/378/479
f 2342/388/489 2338/384/485 2343/389/490 2344/390/491
f 2340/386/487 2342/388/489 2345/391/492 2346/392/493
f 2337/383/484 2336/382/483 2347/393/494 2343/389/490
f 2348/394/495 2347/393/494 2349/395/496 2350/396/497
f 2344/390/491 2348/394/495 2351/397/498 2352/398/499
f 2353/399/500 2354/400/501 2355/401/502 2356/402/503
f 2352/398/499 2353/399/500 2357/403/504 2345/391/492
f 2354/400/501 2351/397/498 2358/404/505 2359/405/506
f 2350/396/497 2349/395/496 2360/406/507 2358/404/505
f 2361/407/508 2360/406/507 2362/408/509 2363/409/510
f 2359/405/506 2361/407/508 2364/410/511 2365/411/512
f 2365/411/512 2366/412/513 2367/413/514 2355/401/502
f 2368/414/515 2364/410/511 2369/415/516 2370/416/517
f 2366/412/513 2368/414/515 2371/417/518 2372/418/519
f 2363/409/510 2362/408/509 2373/419/520 2369/415/516
f 2374/420/521 2373/419/520 2375/421/522 2376/422/523
f 2370/416/517 2374/420/521 2377/423/524 2378/424/525
f 2378/424/525 2379/425/526 2380/426/527 2371/417/518
f 2381/427/528 2377/423/524 2382/428/529 2383/429/530
f 2379/425/526 2381/427/528 2384/430/531 2385/431/532
f 2376/422/523 2375/421/522 2386/432/533 2382/428/529
f 2387/433/534 2386/432/533 2388/434/535 2389/435/536
f 2383/429/530 2387/433/534 2390/436/537 2391/437/538
f 2391/437/538 2392/438/539 2393/439/540 2384/430/531
f 2394/440/541 2390/436/537 2395/441/542 2396/442/543
f 2392/438/539 2394/440/541 2397/443/544 2398/444/545
f 2389/435/536 2388/434/535 2399/445/546 2395/441/542
f 2400/446/547 2399/445/546 2401/447/548 2402/448/549
f 2396/442/543 2400/446/547 2403/449/550 2404/450/551
f 2404/450/551 2405/451/552 2406/452/553 2397/443/544
f 2407/453/554 2403/449/550 2408/454/555 2409/455/556
f 2405/451/552 2407/453/554 2410/456/557 2411/457/558
f 2402/448/549 2401/447/548 2412/458/559 2408/454/555
f 2413/459/560 2412/458/559 2414/460/561 2415/461/562
f 2409/455/556 2413/459/560 2416/462/563 2417/463/564
f 2417/463/564 2418/464/565 2419/465/566 2410/456/557
f 2420/466/567 2416/462/563 2421/467/568 2190/240/337
f 2418/464/565 2420/466/567 2189/239/336 2422/468/569
f 2415/461/562 2414/460/561 2166/216/313 2421/467/568
f 2423/469/570 2424/470/571 2425/471/572 2426/472/573
f 2427/473/574 2423/469/570 2428/474/575 2429/475/576
f 2430/476/577 2427/473/574 2431/477/578 2432/478/579
f 2424/470/571 2430/476/577 2433/479/580 2434/480/581
f 2432/478/579 2435/481/582 2436/482/583 2437/483/584
f 2438/484/585 2431/477/578 2439/485/586 2440/486/587
f 2435/481/582 2438/484/585 2441/487/588 2442/488/589
f 2442/488/589 2441/487/588 2443/489/590 2444/490/591
f 2445/491/592 2446/492/593 2447/493/594 2448/494/595
f 2440/486/587 2445/491/592 2449/495/596 2443/489/590
f 2446/492/593 2439/485/586 2429/475/576 2450/496/597
f 2437/483/584 2436/482/583 2451/497/598 2433/479/580
f 2452/498/599 2453/499/600 2454/500/601 2455/501/602
f 2456/502/603 2452/498/599 2457/503/604 2425/471/572
f 2458/504/605 2456/502/603 2434/480/581 2459/505/606
f 2453/499/600 2458/504/605 2460/506/607 2461/507/608
f 2459/505/606 2451/497/598 2462/508/609 2463/509/610
f 2463/509/610 2462/508/609 2464/510/611 2460/506/607
f 2465/511/612 2466/512/613 2467/513/614 2468/514/615
f 2469/515/616 2465/511/612 2470/516/617 2454/500/601
f 2471/517/618 2469/515/616 2461/507/608 2472/518/619
f 2466/512/613 2471/517/618 2473/519/620 2474/520/621
f 2472/518/619 2464/510/611 2475/521/622 2476/522/623
f 2476/522/623 2475/521/622 2477/523/624 2473/519/620
f 2478/524/625 2479/525/626 2480/526/627 2481/527/628
f 2482/528/629 2478/524/625 2483/529/630 2467/513/614
f 2484/530/631 2482/528/629 2474/520/621 2485/531/632
f 2479/525/626 2484/530/631 2486/532/633 2487/533/634
f 2485/531/632 2477/523/624 2488/534/635 2489/535/636
f 2489/535/636 2488/534/635 2490/536/637 2486/532/633
f 2491/537/638 2492/538/639 2493/539/640 2494/540/641
f 2495/541/642 2491/537/638 2496/542/643 2480/526/627
f 2497/543/644 2495/541/642 2487/533/634 2498/544/645
f 2492/538/639 2497/543/644 2499/545/646 2500/546/647
f 2498/544/645 2490/536/637 2501/547/648 2502/548/649
f 2502/548/649 2501/547/648 2503/549/650 2499/545/646
f 2504/550/651 2505/551/652 2506/552/653 2507/553/654
f 2508/554/655 2504/550/651 2509/555/656 2493/539/640
f 2510/556/657 2508/554/655 2500/546/647 2511/557/658
f 2505/551/652 2510/556/657 2512/558/659 2513/559/660
f 2511/557/658 2503/549/650 2514/560/661 2515/561/662
f 2515/561/662 2514/560/661 2516/562/663 2512/558/659
f 2517/563/664 2518/564/665 2519/565/666 2520/566/667
f 2521/567/668 2517/563/664 2522/568/669 2506/552/653
f 2523/569/670 2521/567/668 2513/559/660 2524/570/671
f 2518/564/665 2523/569/670 2525/571/672 2526/572/673
f 2524/570/671 2516/562/663 2527/573/674 2528/574/675
f 2528/574/675 2527/573/674 2529/575/676 2525/571/672
f 2530/576/677 2531/577/678 2532/578/679 2533/579/680
f 2534/580/681 2530/576/677 2535/581/682 2519/565/666
f 2536/582/683 2534/580/681 2526/572/673 2537/583/684
f 2531/577/678 2536/582/683 2538/584/685 2539/585/686
f 2537/583/684 2529/575/676 2540/586/687 2541/587/688
f 2541/587/688 2540/586/687 2542/588/689 2538/584/685
f 2543/589/690 2544/590/691 2545/591/692 2546/592/693
f 2547/593/694 2543/589/690 2548/594/695 2532/578/679
f 2549/595/696 2547/593/694 2539/585/686 2550/596/697
f 2544/590/691 2549/595/696 2551/597/698 2552/598/699
f 2550/596/697 2542/588/689 2553/599/700 2554/600/701
f 2554/600/701 2553/599/700 2555/601/702 2551/597/698
f 2556/3933/703 2557/603/704 2558/604/705 2559/3910/706
f 2560/605/707 2556/602/703 2561/606/708 2545/591/692
f 2562/607/709 2560/605/707 2552/598/699 2563/608/710
f 2557/603/704 2562/3906/709 2564/3908/711 2565/609/712
f 2563/608/710 2555/601/702 2566/610/713 2567/611/714
f 2567/3996/714 2566/3907/713 2568/612/715 2564/3908/711
f 2569/613/716 2570/614/717 2571/615/718 2572/616/719
f 2573/617/720 2569/613/716 2574/618/721 2558/604/705
f 2575/619/722 2573/617/720 2565/609/712 2576/620/723
f 2570/614/717 2575/619/722 2577/621/724 2578/622/725
f 2576/620/723 2568/612/715 2579/623/726 2580/624/727
f 2580/624/727 2579/623/726 2581/625/728 2577/621/724
f 2582/626/729 2583/627/730 2584/628/731 2585/629/732
f 2586/630/733 2582/626/729 2587/631/734 2571/615/718
f 2588/632/735 2586/630/733 2578/622/725 2589/633/736
f 2583/627/730 2588/632/735 2590/634/737 2591/635/738
f 2589/633/736 2581/625/728 2592/636/739 2593/637/740
f 2593/637/740 2592/636/739 2594/638/741 2590/634/737
f 2595/639/742 2596/640/743 2597/641/744 2598/642/745
f 2599/643/746 2595/639/742 2600/644/747 2584/628/731
f 2601/645/748 2599/643/746 2591/635/738 2602/646/749
f 2596/640/743 2601/645/748 2603/647/750 2604/648/751
f 2602/646/749 2594/638/741 2605/649/752 2606/650/753
f 2606/650/753 2605/649/752 2607/651/754 2603/647/750
f 2608/652/755 2609/653/756 2610/654/757 2611/655/758
f 2612/656/759 2608/652/755 2613/657/760 2597/641/744
f 2614/658/761 2612/656/759 2604/648/751 2615/659/762
f 2609/653/756 2614/658/761 2616/660/763 2617/661/764
f 2615/659/762 2607/651/754 2618/662/765 2619/663/766
f 2619/663/766 2618/662/765 2620/664/767 2616/660/763
f 2621/665/768 2622/666/769 2623/667/770 2624/668/771
f 2625/669/772 2621/665/768 2626/670/773 2610/654/757
f 2627/671/774 2625/669/772 2617/661/764 2628/672/775
f 2622/666/769 2627/671/774 2629/673/776 2630/674/777
f 2628/672/775 2620/664/767 2631/675/778 2632/676/779
f 2632/676/779 2631/675/778 2633/677/780 2629/673/776
f 2634/678/781 2635/679/782 2636/680/783 2637/681/784
f 2638/682/785 2634/678/781 2639/683/786 2623/667/770
f 2640/684/787 2638/682/785 2630/674/777 2641/685/788
f 2635/679/782 2640/684/787 2642/686/789 2643/687/790
f 2641/685/788 2633/677/780 2644/688/791 2645/689/792
f 2645/689/792 2644/688/791 2646/690/793 2642/686/789
f 2647/691/794 2648/692/795 2649/693/796 2650/694/797
f 2651/695/798 2647/691/794 2652/696/799 2636/680/783
f 2653/697/800 2651/695/798 2643/687/790 2654/698/801
f 2648/692/795 2653/697/800 2655/699/802 2656/700/803
f 2654/698/801 2646/690/793 2657/701/804 2658/702/805
f 2658/702/805 2657/701/804 2659/703/806 2655/699/802
f 2660/704/807 2661/705/808 2662/706/809 2663/707/810
f 2664/708/811 2660/704/807 2665/709/812 2649/693/796
f 2666/710/813 2664/708/811 2656/700/803 2667/711/814
f 2661/705/808 2666/710/813 2668/712/815 2669/713/816
f 2667/711/814 2659/703/806 2670/714/817 2671/715/818
f 2671/715/818 2670/714/817 2672/716/819 2668/712/815
f 2673/717/820 2674/718/821 2448/494/595 2675/719/822
f 2676/720/823 2673/717/820 2677/721/824 2662/706/809
f 2678/722/825 2676/720/823 2669/713/816 2679/723/826
f 2674/718/821 2678/722/825 2680/724/827 2449/495/596
f 2679/723/826 2672/716/819 2681/725/828 2682/726/829
f 2682/726/829 2681/725/828 2444/490/591 2680/724/827
f 2683/727/830 2684/728/831 2685/729/832 2686/730/833
f 2687/731/834 2683/727/830 2688/732/835 2689/733/836
f 2690/734/837 2687/731/834 2691/735/838 2428/474/575
f 2684/728/831 2690/734/837 2426/472/573 2692/736/839
f 2450/496/597 2691/735/838 2693/737/840 2694/738/841
f 2695/739/842 2696/740/843 2697/741/844 2698/742/845
f 2694/738/841 2695/739/842 2699/743/846 2447/493/594
f 2696/740/843 2693/737/840 2689/733/836 2700/744/847
f 2701/745/848 2702/746/849 2703/747/850 2704/748/851
f 2705/749/852 2701/745/848 2706/750/853 2685/729/832
f 2707/751/854 2705/749/852 2692/736/839 2457/503/604
f 2702/746/849 2707/751/854 2455/501/602 2708/752/855
f 2709/753/856 2710/754/857 2711/755/858 2712/756/859
f 2713/757/860 2709/753/856 2714/758/861 2703/747/850
f 2715/759/862 2713/757/860 2708/752/855 2470/516/617
f 2710/754/857 2715/759/862 2468/514/615 2716/760/863
f 2717/761/864 2718/762/865 2719/763/866 2720/764/867
f 2721/765/868 2717/761/864 2722/766/869 2711/755/858
f 2723/767/870 2721/765/868 2716/760/863 2483/529/630
f 2718/762/865 2723/767/870 2481/527/628 2724/768/871
f 2725/769/872 2726/770/873 2727/771/874 2728/772/875
f 2729/773/876 2725/769/872 2730/774/877 2719/763/866
f 2731/775/878 2729/773/876 2724/768/871 2496/542/643
f 2726/770/873 2731/775/878 2494/540/641 2732/776/879
f 2733/777/880 2734/778/881 2735/779/882 2736/780/883
f 2737/781/884 2733/777/880 2738/782/885 2727/771/874
f 2739/783/886 2737/781/884 2732/776/879 2509/555/656
f 2734/778/881 2739/783/886 2507/553/654 2740/784/887
f 2741/785/888 2742/786/889 2743/787/890 2744/788/891
f 2745/789/892 2741/785/888 2746/790/893 2735/779/882
f 2747/791/894 2745/789/892 2740/784/887 2522/568/669
f 2742/786/889 2747/791/894 2520/566/667 2748/792/895
f 2749/793/896 2750/794/897 2751/795/898 2752/796/899
f 2753/797/900 2749/793/896 2754/798/901 2743/787/890
f 2755/799/902 2753/797/900 2748/792/895 2535/581/682
f 2750/794/897 2755/799/902 2533/579/680 2756/800/903
f 2757/801/904 2758/802/905 2759/803/906 2760/804/907
f 2761/805/908 2757/801/904 2762/806/909 2751/795/898
f 2763/807/910 2761/805/908 2756/800/903 2548/594/695
f 2758/802/905 2763/807/910 2546/592/693 2764/808/911
f 2765/3935/912 2766/810/913 2767/811/914 2768/3912/915
f 2769/812/916 2765/809/912 2770/813/917 2759/803/906
f 2771/814/918 2769/812/916 2764/808/911 2561/606/708
f 2766/810/913 2771/3909/918 2559/3910/706 2772/815/919
f 2773/816/920 2774/817/921 2775/818/922 2776/819/923
f 2777/820/924 2773/816/920 2778/821/925 2767/811/914
f 2779/822/926 2777/820/924 2772/815/919 2574/618/721
f 2774/817/921 2779/822/926 2572/616/719 2780/823/927
f 2781/824/928 2782/825/929 2783/826/930 2784/827/931
f 2785/828/932 2781/824/928 2786/829/933 2775/818/922
f 2787/830/934 2785/828/932 2780/823/927 2587/631/734
f 2782/825/929 2787/830/934 2585/629/732 2788/831/935
f 2789/832/936 2790/833/937 2791/834/938 2792/835/939
f 2793/836/940 2789/832/936 2794/837/941 2783/826/930
f 2795/838/942 2793/836/940 2788/831/935 2600/644/747
f 2790/833/937 2795/838/942 2598/642/745 2796/839/943
f 2797/840/944 2798/841/945 2799/842/946 2800/843/947
f 2801/844/948 2797/840/944 2802/845/949 2791/834/938
f 2803/846/950 2801/844/948 2796/839/943 2613/657/760
f 2798/841/945 2803/846/950 2611/655/758 2804/847/951
f 2805/848/952 2806/849/953 2807/850/954 2808/851/955
f 2809/852/956 2805/848/952 2810/853/957 2799/842/946
f 2811/854/958 2809/852/956 2804/847/951 2626/670/773
f 2806/849/953 2811/854/958 2624/668/771 2812/855/959
f 2813/856/960 2814/857/961 2815/858/962 2816/859/963
f 2817/860/964 2813/856/960 2818/861/965 2807/850/954
f 2819/862/966 2817/860/964 2812/855/959 2639/683/786
f 2814/857/961 2819/862/966 2637/681/784 2820/863/967
f 2821/864/968 2822/865/969 2823/866/970 2824/867/971
f 2825/868/972 2821/864/968 2826/869/973 2815/858/962
f 2827/870/974 2825/868/972 2820/863/967 2652/696/799
f 2822/865/969 2827/870/974 2650/694/797 2828/871/975
f 2829/872/976 2830/873/977 2831/874/978 2832/875/979
f 2833/876/980 2829/872/976 2834/877/981 2823/866/970
f 2835/878/982 2833/876/980 2828/871/975 2665/709/812
f 2830/873/977 2835/878/982 2663/707/810 2836/879/983
f 2837/880/984 2838/881/985 2698/742/845 2839/882/986
f 2840/883/987 2837/880/984 2841/884/988 2831/874/978
f 2842/885/989 2840/883/987 2836/879/983 2677/721/824
f 2838/881/985 2842/885/989 2675/719/822 2699/743/846
f 2843/886/990 2844/887/991 2845/888/992 2846/889/993
f 2847/890/994 2843/886/990 2848/891/995 2849/892/996
f 2850/893/997 2847/890/994 2851/894/998 2688/732/835
f 2844/887/991 2850/893/997 2686/730/833 2852/895/999
f 2700/744/847 2851/894/998 2853/896/1000 2854/897/1001
f 2855/898/1002 2856/899/1003 2857/900/1004 2858/901/1005
f 2854/897/1001 2855/898/1002 2859/902/1006 2697/741/844
f 2856/899/1003 2853/896/1000 2849/892/996 2860/903/1007
f 2861/904/1008 2862/905/1009 2863/906/1010 2864/907/1011
f 2865/908/1012 2861/904/1008 2866/909/1013 2845/888/992
f 2867/910/1014 2865/908/1012 2852/895/999 2706/750/853
f 2862/905/1009 2867/910/1014 2704/748/851 2868/911/1015
f 2869/912/1016 2870/913/1017 2871/914/1018 2872/915/1019
f 2873/916/1020 2869/912/1016 2874/917/1021 2863/906/1010
f 2875/918/1022 2873/916/1020 2868/911/1015 2714/758/861
f 2870/913/1017 2875/918/1022 2712/756/859 2876/919/1023
f 2877/920/1024 2878/921/1025 2879/922/1026 2880/923/1027
f 2881/924/1028 2877/920/1024 2882/925/1029 2871/914/1018
f 2883/926/1030 2881/924/1028 2876/919/1023 2722/766/869
f 2878/921/1025 2883/926/1030 2720/764/867 2884/927/1031
f 2885/928/1032 2886/929/1033 2887/930/1034 2888/931/1035
f 2889/932/1036 2885/928/1032 2890/933/1037 2879/922/1026
f 2891/934/1038 2889/932/1036 2884/927/1031 2730/774/877
f 2886/929/1033 2891/934/1038 2728/772/875 2892/935/1039
f 2893/936/1040 2894/937/1041 2895/938/1042 2896/939/1043
f 2897/940/1044 2893/936/1040 2898/941/1045 2887/930/1034
f 2899/942/1046 2897/940/1044 2892/935/1039 2738/782/885
f 2894/937/1041 2899/942/1046 2736/780/883 2900/943/1047
f 2901/944/1048 2902/945/1049 2903/946/1050 2904/947/1051
f 2905/948/1052 2901/944/1048 2906/949/1053 2895/938/1042
f 2907/950/1054 2905/948/1052 2900/943/1047 2746/790/893
f 2902/945/1049 2907/950/1054 2744/788/891 2908/951/1055
f 2909/952/1056 2910/953/1057 2911/954/1058 2912/955/1059
f 2913/956/1060 2909/952/1056 2914/957/1061 2903/946/1050
f 2915/958/1062 2913/956/1060 2908/951/1055 2754/798/901
f 2910/953/1057 2915/958/1062 2752/796/899 2916/959/1063
f 2917/960/1064 2918/961/1065 2919/962/1066 2920/963/1067
f 2921/964/1068 2917/960/1064 2922/965/1069 2911/954/1058
f 2923/966/1070 2921/964/1068 2916/959/1063 2762/806/909
f 2918/961/1065 2923/966/1070 2760/804/907 2924/967/1071
f 2925/3937/1072 2926/969/1073 2927/970/1074 2928/3914/1075
f 2929/971/1076 2925/968/1072 2930/972/1077 2919/962/1066
f 2931/973/1078 2929/971/1076 2924/967/1071 2770/813/917
f 2926/969/1073 2931/3911/1078 2768/3912/915 2932/974/1079
f 2933/975/1080 2934/976/1081 2935/977/1082 2936/978/1083
f 2937/979/1084 2933/975/1080 2938/980/1085 2927/970/1074
f 2939/981/1086 2937/979/1084 2932/974/1079 2778/821/925
f 2934/976/1081 2939/981/1086 2776/819/923 2940/982/1087
f 2941/983/1088 2942/984/1089 2943/985/1090 2944/986/1091
f 2945/987/1092 2941/983/1088 2946/988/1093 2935/977/1082
f 2947/989/1094 2945/987/1092 2940/982/1087 2786/829/933
f 2942/984/1089 2947/989/1094 2784/827/931 2948/990/1095
f 2949/991/1096 2950/992/1097 2951/993/1098 2952/994/1099
f 2953/995/1100 2949/991/1096 2954/996/1101 2943/985/1090
f 2955/997/1102 2953/995/1100 2948/990/1095 2794/837/941
f 2950/992/1097 2955/997/1102 2792/835/939 2956/998/1103
f 2957/999/1104 2958/1000/1105 2959/1001/1106 2960/1002/1107
f 2961/1003/1108 2957/999/1104 2962/1004/1109 2951/993/1098
f 2963/1005/1110 2961/1003/1108 2956/998/1103 2802/845/949
f 2958/1000/1105 2963/1005/1110 2800/843/947 2964/1006/1111
f 2965/1007/1112 2966/1008/1113 2967/1009/1114 2968/1010/1115
f 2969/1011/1116 2965/1007/1112 2970/1012/1117 2959/1001/1106
f 2971/1013/1118 2969/1011/1116 2964/1006/1111 2810/853/957
f 2966/1008/1113 2971/1013/1118 2808/851/955 2972/1014/1119
f 2973/1015/1120 2974/1016/1121 2975/1017/1122 2976/1018/1123
f 2977/1019/1124 2973/1015/1120 2978/1020/1125 2967/1009/1114
f 2979/1021/1126 2977/1019/1124 2972/1014/1119 2818/861/965
f 2974/1016/1121 2979/1021/1126 2816/859/963 2980/1022/1127
f 2981/1023/1128 2982/1024/1129 2983/1025/1130 2984/1026/1131
f 2985/1027/1132 2981/1023/1128 2986/1028/1133 2975/1017/1122
f 2987/1029/1134 2985/1027/1132 2980/1022/1127 2826/869/973
f 2982/1024/1129 2987/1029/1134 2824/867/971 2988/1030/1135
f 2989/1031/1136 2990/1032/1137 2991/1033/1138 2992/1034/1139
f 2993/1035/1140 2989/1031/1136 2994/1036/1141 2983/1025/1130
f 2995/1037/1142 2993/1035/1140 2988/1030/1135 2834/877/981
f 2990/1032/1137 2995/1037/1142 2832/875/979 2996/1038/1143
f 2997/1039/1144 2998/1040/1145 2858/901/1005 2999/1041/1146
f 3000/1042/1147 2997/1039/1144 3001/1043/1148 2991/1033/1138
f 3002/1044/1149 3000/1042/1147 2996/1038/1143 2841/884/988
f 2998/1040/1145 3002/1044/1149 2839/882/986 2859/902/1006
f 3003/1045/1150 3004/1046/1151 3005/1047/1152 3006/1048/1153
f 3007/1049/1154 3003/1045/1150 3008/1050/1155 3009/1051/1156
f 3010/1052/1157 3007/1049/1154 3011/1053/1158 2848/891/995
f 3004/1046/1151 3010/1052/1157 2846/889/993 3012/1054/1159
f 2860/903/1007 3011/1053/1158 3013/1055/1160 3014/1056/1161
f 3015/1057/1162 3016/1058/1163 3017/1059/1164 3018/1060/1165
f 3014/1056/1161 3015/1057/1162 3019/1061/1166 2857/900/1004
f 3016/1058/1163 3013/1055/1160 3009/1051/1156 3020/1062/1167
f 3021/1063/1168 3022/1064/1169 3023/1065/1170 3024/1066/1171
f 3025/1067/1172 3021/1063/1168 3026/1068/1173 3005/1047/1152
f 3027/1069/1174 3025/1067/1172 3012/1054/1159 2866/909/1013
f 3022/1064/1169 3027/1069/1174 2864/907/1011 3028/1070/1175
f 3029/1071/1176 3030/1072/1177 3031/1073/1178 3032/1074/1179
f 3033/1075/1180 3029/1071/1176 3034/1076/1181 3023/1065/1170
f 3035/1077/1182 3033/1075/1180 3028/1070/1175 2874/917/1021
f 3030/1072/1177 3035/1077/1182 2872/915/1019 3036/1078/1183
f 3037/1079/1184 3038/1080/1185 3039/1081/1186 3040/1082/1187
f 3041/1083/1188 3037/1079/1184 3042/1084/1189 3031/1073/1178
f 3043/1085/1190 3041/1083/1188 3036/1078/1183 2882/925/1029
f 3038/1080/1185 3043/1085/1190 2880/923/1027 3044/1086/1191
f 3045/1087/1192 3046/1088/1193 3047/1089/1194 3048/1090/1195
f 3049/1091/1196 3045/1087/1192 3050/1092/1197 3039/1081/1186
f 3051/1093/1198 3049/1091/1196 3044/1086/1191 2890/933/1037
f 3046/1088/1193 3051/1093/1198 2888/931/1035 3052/1094/1199
f 3053/1095/1200 3054/1096/1201 3055/1097/1202 3056/1098/1203
f 3057/1099/1204 3053/1095/1200 3058/1100/1205 3047/1089/1194
f 3059/1101/1206 3057/1099/1204 3052/1094/1199 2898/941/1045
f 3054/1096/1201 3059/1101/1206 2896/939/1043 3060/1102/1207
f 3061/1103/1208 3062/1104/1209 3063/1105/1210 3064/1106/1211
f 3065/1107/1212 3061/1103/1208 3066/1108/1213 3055/1097/1202
f 3067/1109/1214 3065/1107/1212 3060/1102/1207 2906/949/1053
f 3062/1104/1209 3067/1109/1214 2904/947/1051 3068/1110/1215
f 3069/1111/1216 3070/1112/1217 3071/1113/1218 3072/1114/1219
f 3073/1115/1220 3069/1111/1216 3074/1116/1221 3063/1105/1210
f 3075/1117/1222 3073/1115/1220 3068/1110/1215 2914/957/1061
f 3070/1112/1217 3075/1117/1222 2912/955/1059 3076/1118/1223
f 3077/1119/1224 3078/1120/1225 3079/1121/1226 3080/1122/1227
f 3081/1123/1228 3077/1119/1224 3082/1124/1229 3071/1113/1218
f 3083/1125/1230 3081/1123/1228 3076/1118/1223 2922/965/1069
f 3078/1120/1225 3083/1125/1230 2920/963/1067 3084/1126/1231
f 3085/3939/1232 3086/1128/1233 3087/1129/1234 3088/3916/1235
f 3089/1130/1236 3085/1127/1232 3090/1131/1237 3079/1121/1226
f 3091/1132/1238 3089/1130/1236 3084/1126/1231 2930/972/1077
f 3086/1128/1233 3091/3913/1238 2928/3914/1075 3092/1133/1239
f 3093/1134/1240 3094/1135/1241 3095/1136/1242 3096/1137/1243
f 3097/1138/1244 3093/1134/1240 3098/1139/1245 3087/1129/1234
f 3099/1140/1246 3097/1138/1244 3092/1133/1239 2938/980/1085
f 3094/1135/1241 3099/1140/1246 2936/978/1083 3100/1141/1247
f 3101/1142/1248 3102/1143/1249 3103/1144/1250 3104/1145/1251
f 3105/1146/1252 3101/1142/1248 3106/1147/1253 3095/1136/1242
f 3107/1148/1254 3105/1146/1252 3100/1141/1247 2946/988/1093
f 3102/1143/1249 3107/1148/1254 2944/986/1091 3108/1149/1255
f 3109/1150/1256 3110/1151/1257 3111/1152/1258 3112/1153/1259
f 3113/1154/1260 3109/1150/1256 3114/1155/1261 3103/1144/1250
f 3115/1156/1262 3113/1154/1260 3108/1149/1255 2954/996/1101
f 3110/1151/1257 3115/1156/1262 2952/994/1099 3116/1157/1263
f 3117/1158/1264 3118/1159/1265 3119/1160/1266 3120/1161/1267
f 3121/1162/1268 3117/1158/1264 3122/1163/1269 3111/1152/1258
f 3123/1164/1270 3121/1162/1268 3116/1157/1263 2962/1004/1109
f 3118/1159/1265 3123/1164/1270 2960/1002/1107 3124/1165/1271
f 3125/1166/1272 3126/1167/1273 3127/1168/1274 3128/1169/1275
f 3129/1170/1276 3125/1166/1272 3130/1171/1277 3119/1160/1266
f 3131/1172/1278 3129/1170/1276 3124/1165/1271 2970/1012/1117
f 3126/1167/1273 3131/1172/1278 2968/1010/1115 3132/1173/1279
f 3133/1174/1280 3134/1175/1281 3135/1176/1282 3136/1177/1283
f 3137/1178/1284 3133/1174/1280 3138/1179/1285 3127/1168/1274
f 3139/1180/1286 3137/1178/1284 3132/1173/1279 2978/1020/1125
f 3134/1175/1281 3139/1180/1286 2976/1018/1123 3140/1181/1287
f 3141/1182/1288 3142/1183/1289 3143/1184/1290 3144/1185/1291
f 3145/1186/1292 3141/1182/1288 3146/1187/1293 3135/1176/1282
f 3147/1188/1294 3145/1186/1292 3140/1181/1287 2986/1028/1133
f 3142/1183/1289 3147/1188/1294 2984/1026/1131 3148/1189/1295
f 3149/1190/1296 3150/1191/1297 3151/1192/1298 3152/1193/1299
f 3153/1194/1300 3149/1190/1296 3154/1195/1301 3143/1184/1290
f 3155/1196/1302 3153/1194/1300 3148/1189/1295 2994/1036/1141
f 3150/1191/1297 3155/1196/1302 2992/1034/1139 3156/1197/1303
f 3157/1198/1304 3158/1199/1305 3018/1060/1165 3159/1200/1306
f 3160/1201/1307 3157/1198/1304 3161/1202/1308 3151/1192/1298
f 3162/1203/1309 3160/1201/1307 3156/1197/1303 3001/1043/1148
f 3158/1199/1305 3162/1203/1309 2999/1041/1146 3019/1061/1166
f 3163/1204/1310 3164/1205/1311 3165/1206/1312 3166/1207/1313
f 3167/1208/1314 3163/1204/1310 3168/1209/1315 3169/1210/1316
f 3170/1211/1317 3167/1208/1314 3171/1212/1318 3008/1050/1155
f 3164/1205/1311 3170/1211/1317 3006/1048/1153 3172/1213/1319
f 3020/1062/1167 3171/1212/1318 3173/1214/1320 3174/1215/1321
f 3175/1216/1322 3176/1217/1323 3177/1218/1324 3178/1219/1325
f 3174/1215/1321 3175/1216/1322 3179/1220/1326 3017/1059/1164
f 3176/1217/1323 3173/1214/1320 3169/1210/1316 3180/1221/1327
f 3181/1222/1328 3182/1223/1329 3183/1224/1330 3184/1225/1331
f 3185/1226/1332 3181/1222/1328 3186/1227/1333 3165/1206/1312
f 3187/1228/1334 3185/1226/1332 3172/1213/1319 3026/1068/1173
f 3182/1223/1329 3187/1228/1334 3024/1066/1171 3188/1229/1335
f 3189/1230/1336 3190/1231/1337 3191/1232/1338 3192/1233/1339
f 3193/1234/1340 3189/1230/1336 3194/1235/1341 3183/1224/1330
f 3195/1236/1342 3193/1234/1340 3188/1229/1335 3034/1076/1181
f 3190/1231/1337 3195/1236/1342 3032/1074/1179 3196/1237/1343
f 3197/1238/1344 3198/1239/1345 3199/1240/1346 3200/1241/1347
f 3201/1242/1348 3197/1238/1344 3202/1243/1349 3191/1232/1338
f 3203/1244/1350 3201/1242/1348 3196/1237/1343 3042/1084/1189
f 3198/1239/1345 3203/1244/1350 3040/1082/1187 3204/1245/1351
f 3205/1246/1352 3206/1247/1353 3207/1248/1354 3208/1249/1355
f 3209/1250/1356 3205/1246/1352 3210/1251/1357 3199/1240/1346
f 3211/1252/1358 3209/1250/1356 3204/1245/1351 3050/1092/1197
f 3206/1247/1353 3211/1252/1358 3048/1090/1195 3212/1253/1359
f 3213/1254/1360 3214/1255/1361 3215/1256/1362 3216/1257/1363
f 3217/1258/1364 3213/1254/1360 3218/1259/1365 3207/1248/1354
f 3219/1260/1366 3217/1258/1364 3212/1253/1359 3058/1100/1205
f 3214/1255/1361 3219/1260/1366 3056/1098/1203 3220/1261/1367
f 3221/1262/1368 3222/1263/1369 3223/1264/1370 3224/1265/1371
f 3225/1266/1372 3221/1262/1368 3226/1267/1373 3215/1256/1362
f 3227/1268/1374 3225/1266/1372 3220/1261/1367 3066/1108/1213
f 3222/1263/1369 3227/1268/1374 3064/1106/1211 3228/1269/1375
f 3229/1270/1376 3230/1271/1377 3231/1272/1378 3232/1273/1379
f 3233/1274/1380 3229/1270/1376 3234/1275/1381 3223/1264/1370
f 3235/1276/1382 3233/1274/1380 3228/1269/1375 3074/1116/1221
f 3230/1271/1377 3235/1276/1382 3072/1114/1219 3236/1277/1383
f 3237/1278/1384 3238/1279/1385 3239/1280/1386 3240/1281/1387
f 3241/1282/1388 3237/1278/1384 3242/1283/1389 3231/1272/1378
f 3243/1284/1390 3241/1282/1388 3236/1277/1383 3082/1124/1229
f 3238/1279/1385 3243/1284/1390 3080/1122/1227 3244/1285/1391
f 3245/3941/1392 3246/1287/1393 3247/1288/1394 3248/3918/1395
f 3249/1289/1396 3245/1286/1392 3250/1290/1397 3239/1280/1386
f 3251/1291/1398 3249/1289/1396 3244/1285/1391 3090/1131/1237
f 3246/1287/1393 3251/3915/1398 3088/3916/1235 3252/1292/1399
f 3253/1293/1400 3254/1294/1401 3255/1295/1402 3256/1296/1403
f 3257/1297/1404 3253/1293/1400 3258/1298/1405 3247/1288/1394
f 3259/1299/1406 3257/1297/1404 3252/1292/1399 3098/1139/1245
f 3254/1294/1401 3259/1299/1406 3096/1137/1243 3260/1300/1407
f 3261/1301/1408 3262/1302/1409 3263/1303/1410 3264/1304/1411
f 3265/1305/1412 3261/1301/1408 3266/1306/1413 3255/1295/1402
f 3267/1307/1414 3265/1305/1412 3260/1300/1407 3106/1147/1253
f 3262/1302/1409 3267/1307/1414 3104/1145/1251 3268/1308/1415
f 3269/1309/1416 3270/1310/1417 3271/1311/1418 3272/1312/1419
f 3273/1313/1420 3269/1309/1416 3274/1314/1421 3263/1303/1410
f 3275/1315/1422 3273/1313/1420 3268/1308/1415 3114/1155/1261
f 3270/1310/1417 3275/1315/1422 3112/1153/1259 3276/1316/1423
f 3277/1317/1424 3278/1318/1425 3279/1319/1426 3280/1320/1427
f 3281/1321/1428 3277/1317/1424 3282/1322/1429 3271/1311/1418
f 3283/1323/1430 3281/1321/1428 3276/1316/1423 3122/1163/1269
f 3278/1318/1425 3283/1323/1430 3120/1161/1267 3284/1324/1431
f 3285/1325/1432 3286/1326/1433 3287/1327/1434 3288/1328/1435
f 3289/1329/1436 3285/1325/1432 3290/1330/1437 3279/1319/1426
f 3291/1331/1438 3289/1329/1436 3284/1324/1431 3130/1171/1277
f 3286/1326/1433 3291/1331/1438 3128/1169/1275 3292/1332/1439
f 3293/1333/1440 3294/1334/1441 3295/1335/1442 3296/1336/1443
f 3297/1337/1444 3293/1333/1440 3298/1338/1445 3287/1327/1434
f 3299/1339/1446 3297/1337/1444 3292/1332/1439 3138/1179/1285
f 3294/1334/1441 3299/1339/1446 3136/1177/1283 3300/1340/1447
f 3301/1341/1448 3302/1342/1449 3303/1343/1450 3304/1344/1451
f 3305/1345/1452 3301/1341/1448 3306/1346/1453 3295/1335/1442
f 3307/1347/1454 3305/1345/1452 3300/1340/1447 3146/1187/1293
f 3302/1342/1449 3307/1347/1454 3144/1185/1291 3308/1348/1455
f 3309/1349/1456 3310/1350/1457 3311/1351/1458 3312/1352/1459
f 3313/1353/1460 3309/1349/1456 3314/1354/1461 3303/1343/1450
f 3315/1355/1462 3313/1353/1460 3308/1348/1455 3154/1195/1301
f 3310/1350/1457 3315/1355/1462 3152/1193/1299 3316/1356/1463
f 3317/1357/1464 3318/1358/1465 3178/1219/1325 3319/1359/1466
f 3320/1360/1467 3317/1357/1464 3321/1361/1468 3311/1351/1458
f 3322/1362/1469 3320/1360/1467 3316/1356/1463 3161/1202/1308
f 3318/1358/1465 3322/1362/1469 3159/1200/1306 3179/1220/1326
f 3323/1363/1470 3324/1364/1471 3325/1365/1472 3326/1366/1473
f 3327/1367/1474 3323/1363/1470 3328/1368/1475 3329/1369/1476
f 3330/1370/1477 3327/1367/1474 3331/1371/1478 3168/1209/1315
f 3324/1364/1471 3330/1370/1477 3166/1207/1313 3332/1372/1479
f 3180/1221/1327 3331/1371/1478 3333/1373/1480 3334/1374/1481
f 3335/1375/1482 3336/1376/1483 3337/1377/1484 3338/1378/1485
f 3334/1374/1481 3335/1375/1482 3339/1379/1486 3177/1218/1324
f 3336/1376/1483 3333/1373/1480 3329/1369/1476 3340/1380/1487
f 3341/1381/1488 3342/1382/1489 3343/1383/1490 3344/1384/1491
f 3345/1385/1492 3341/1381/1488 3346/1386/1493 3325/1365/1472
f 3347/1387/1494 3345/1385/1492 3332/1372/1479 3186/1227/1333
f 3342/1382/1489 3347/1387/1494 3184/1225/1331 3348/1388/1495
f 3349/1389/1496 3350/1390/1497 3351/1391/1498 3352/1392/1499
f 3353/1393/1500 3349/1389/1496 3354/1394/1501 3343/1383/1490
f 3355/1395/1502 3353/1393/1500 3348/1388/1495 3194/1235/1341
f 3350/1390/1497 3355/1395/1502 3192/1233/1339 3356/1396/1503
f 3357/1397/1504 3358/1398/1505 3359/1399/1506 3360/1400/1507
f 3361/1401/1508 3357/1397/1504 3362/1402/1509 3351/1391/1498
f 3363/1403/1510 3361/1401/1508 3356/1396/1503 3202/1243/1349
f 3358/1398/1505 3363/1403/1510 3200/1241/1347 3364/1404/1511
f 3365/1405/1512 3366/1406/1513 3367/1407/1514 3368/1408/1515
f 3369/1409/1516 3365/1405/1512 3370/1410/1517 3359/1399/1506
f 3371/1411/1518 3369/1409/1516 3364/1404/1511 3210/1251/1357
f 3366/1406/1513 3371/1411/1518 3208/1249/1355 3372/1412/1519
f 3373/1413/1520 3374/1414/1521 3375/1415/1522 3376/1416/1523
f 3377/1417/1524 3373/1413/1520 3378/1418/1525 3367/1407/1514
f 3379/1419/1526 3377/1417/1524 3372/1412/1519 3218/1259/1365
f 3374/1414/1521 3379/1419/1526 3216/1257/1363 3380/1420/1527
f 3381/1421/1528 3382/1422/1529 3383/1423/1530 3384/1424/1531
f 3385/1425/1532 3381/1421/1528 3386/1426/1533 3375/1415/1522
f 3387/1427/1534 3385/1425/1532 3380/1420/1527 3226/1267/1373
f 3382/1422/1529 3387/1427/1534 3224/1265/1371 3388/1428/1535
f 3389/1429/1536 3390/1430/1537 3391/1431/1538 3392/1432/1539
f 3393/1433/1540 3389/1429/1536 3394/1434/1541 3383/1423/1530
f 3395/1435/1542 3393/1433/1540 3388/1428/1535 3234/1275/1381
f 3390/1430/1537 3395/1435/1542 3232/1273/1379 3396/1436/1543
f 3397/1437/1544 3398/1438/1545 3399/1439/1546 3400/1440/1547
f 3401/1441/1548 3397/1437/1544 3402/1442/1549 3391/1431/1538
f 3403/1443/1550 3401/1441/1548 3396/1436/1543 3242/1283/1389
f 3398/1438/1545 3403/1443/1550 3240/1281/1387 3404/1444/1551
f 3405/3943/1552 3406/1446/1553 3407/1447/1554 3408/3920/1555
f 3409/1448/1556 3405/1445/1552 3410/1449/1557 3399/1439/1546
f 3411/1450/1558 3409/1448/1556 3404/1444/1551 3250/1290/1397
f 3406/1446/1553 3411/3917/1558 3248/3918/1395 3412/1451/1559
f 3413/1452/1560 3414/1453/1561 3415/1454/1562 3416/1455/1563
f 3417/1456/1564 3413/1452/1560 3418/1457/1565 3407/1447/1554
f 3419/1458/1566 3417/1456/1564 3412/1451/1559 3258/1298/1405
f 3414/1453/1561 3419/1458/1566 3256/1296/1403 3420/1459/1567
f 3421/1460/1568 3422/1461/1569 3423/1462/1570 3424/1463/1571
f 3425/1464/1572 3421/1460/1568 3426/1465/1573 3415/1454/1562
f 3427/1466/1574 3425/1464/1572 3420/1459/1567 3266/1306/1413
f 3422/1461/1569 3427/1466/1574 3264/1304/1411 3428/1467/1575
f 3429/1468/1576 3430/1469/1577 3431/1470/1578 3432/1471/1579
f 3433/1472/1580 3429/1468/1576 3434/1473/1581 3423/1462/1570
f 3435/1474/1582 3433/1472/1580 3428/1467/1575 3274/1314/1421
f 3430/1469/1577 3435/1474/1582 3272/1312/1419 3436/1475/1583
f 3437/1476/1584 3438/1477/1585 3439/1478/1586 3440/1479/1587
f 3441/1480/1588 3437/1476/1584 3442/1481/1589 3431/1470/1578
f 3443/1482/1590 3441/1480/1588 3436/1475/1583 3282/1322/1429
f 3438/1477/1585 3443/1482/1590 3280/1320/1427 3444/1483/1591
f 3445/1484/1592 3446/1485/1593 3447/1486/1594 3448/1487/1595
f 3449/1488/1596 3445/1484/1592 3450/1489/1597 3439/1478/1586
f 3451/1490/1598 3449/1488/1596 3444/1483/1591 3290/1330/1437
f 3446/1485/1593 3451/1490/1598 3288/1328/1435 3452/1491/1599
f 3453/1492/1600 3454/1493/1601 3455/1494/1602 3456/1495/1603
f 3457/1496/1604 3453/1492/1600 3458/1497/1605 3447/1486/1594
f 3459/1498/1606 3457/1496/1604 3452/1491/1599 3298/1338/1445
f 3454/1493/1601 3459/1498/1606 3296/1336/1443 3460/1499/1607
f 3461/1500/1608 3462/1501/1609 3463/1502/1610 3464/1503/1611
f 3465/1504/1612 3461/1500/1608 3466/1505/1613 3455/1494/1602
f 3467/1506/1614 3465/1504/1612 3460/1499/1607 3306/1346/1453
f 3462/1501/1609 3467/1506/1614 3304/1344/1451 3468/1507/1615
f 3469/1508/1616 3470/1509/1617 3471/1510/1618 3472/1511/1619
f 3473/1512/1620 3469/1508/1616 3474/1513/1621 3463/1502/1610
f 3475/1514/1622 3473/1512/1620 3468/1507/1615 3314/1354/1461
f 3470/1509/1617 3475/1514/1622 3312/1352/1459 3476/1515/1623
f 3477/1516/1624 3478/1517/1625 3338/1378/1485 3479/1518/1626
f 3480/1519/1627 3477/1516/1624 3481/1520/1628 3471/1510/1618
f 3482/1521/1629 3480/1519/1627 3476/1515/1623 3321/1361/1468
f 3478/1517/1625 3482/1521/1629 3319/1359/1466 3339/1379/1486
f 3483/1522/1630 3484/1523/1631 3485/1524/1632 3486/1525/1633
f 3487/1526/1634 3483/1522/1630 3488/1527/1635 3489/1528/1636
f 3490/1529/1637 3487/1526/1634 3491/1530/1638 3328/1368/1475
f 3484/1523/1631 3490/1529/1637 3326/1366/1473 3492/1531/1639
f 3340/1380/1487 3491/1530/1638 3493/1532/1640 3494/1533/1641
f 3495/1534/1642 3496/1535/1643 3497/1536/1644 3498/1537/1645
f 3494/1533/1641 3495/1534/1642 3499/1538/1646 3337/1377/1484
f 3496/1535/1643 3493/1532/1640 3489/1528/1636 3500/1539/1647
f 3501/1540/1648 3502/1541/1649 3503/1542/1650 3504/1543/1651
f 3505/1544/1652 3501/1540/1648 3506/1545/1653 3485/1524/1632
f 3507/1546/1654 3505/1544/1652 3492/1531/1639 3346/1386/1493
f 3502/1541/1649 3507/1546/1654 3344/1384/1491 3508/1547/1655
f 3509/1548/1656 3510/1549/1657 3511/1550/1658 3512/1551/1659
f 3513/1552/1660 3509/1548/1656 3514/1553/1661 3503/1542/1650
f 3515/1554/1662 3513/1552/1660 3508/1547/1655 3354/1394/1501
f 3510/1549/1657 3515/1554/1662 3352/1392/1499 3516/1555/1663
f 3517/1556/1664 3518/1557/1665 3519/1558/1666 3520/1559/1667
f 3521/1560/1668 3517/1556/1664 3522/1561/1669 3511/1550/1658
f 3523/1562/1670 3521/1560/1668 3516/1555/1663 3362/1402/1509
f 3518/1557/1665 3523/1562/1670 3360/1400/1507 3524/1563/1671
f 3525/1564/1672 3526/1565/1673 3527/1566/1674 3528/1567/1675
f 3529/1568/1676 3525/1564/1672 3530/1569/1677 3519/1558/1666
f 3531/1570/1678 3529/1568/1676 3524/1563/1671 3370/1410/1517
f 3526/1565/1673 3531/1570/1678 3368/1408/1515 3532/1571/1679
f 3533/1572/1680 3534/1573/1681 3535/1574/1682 3536/1575/1683
f 3537/1576/1684 3533/1572/1680 3538/1577/1685 3527/1566/1674
f 3539/1578/1686 3537/1576/1684 3532/1571/1679 3378/1418/1525
f 3534/1573/1681 3539/1578/1686 3376/1416/1523 3540/1579/1687
f 3541/1580/1688 3542/1581/1689 3543/1582/1690 3544/1583/1691
f 3545/1584/1692 3541/1580/1688 3546/1585/1693 3535/1574/1682
f 3547/1586/1694 3545/1584/1692 3540/1579/1687 3386/1426/1533
f 3542/1581/1689 3547/1586/1694 3384/1424/1531 3548/1587/1695
f 3549/1588/1696 3550/1589/1697 3551/1590/1698 3552/1591/1699
f 3553/1592/1700 3549/1588/1696 3554/1593/1701 3543/1582/1690
f 3555/1594/1702 3553/1592/1700 3548/1587/1695 3394/1434/1541
f 3550/1589/1697 3555/1594/1702 3392/1432/1539 3556/1595/1703
f 3557/1596/1704 3558/1597/1705 3559/1598/1706 3560/1599/1707
f 3561/1600/1708 3557/1596/1704 3562/1601/1709 3551/1590/1698
f 3563/1602/1710 3561/1600/1708 3556/1595/1703 3402/1442/1549
f 3558/1597/1705 3563/1602/1710 3400/1440/1547 3564/1603/1711
f 3565/3945/1712 3566/1605/1713 3567/1606/1714 3568/3922/1715
f 3569/1607/1716 3565/1604/1712 3570/1608/1717 3559/1598/1706
f 3571/1609/1718 3569/1607/1716 3564/1603/1711 3410/1449/1557
f 3566/1605/1713 3571/3919/1718 3408/3920/1555 3572/1610/1719
f 3573/1611/1720 3574/1612/1721 3575/1613/1722 3576/1614/1723
f 3577/1615/1724 3573/1611/1720 3578/1616/1725 3567/1606/1714
f 3579/1617/1726 3577/1615/1724 3572/1610/1719 3418/1457/1565
f 3574/1612/1721 3579/1617/1726 3416/1455/1563 3580/1618/1727
f 3581/1619/1728 3582/1620/1729 3583/1621/1730 3584/1622/1731
f 3585/1623/1732 3581/1619/1728 3586/1624/1733 3575/1613/1722
f 3587/1625/1734 3585/1623/1732 3580/1618/1727 3426/1465/1573
f 3582/1620/1729 3587/1625/1734 3424/1463/1571 3588/1626/1735
f 3589/1627/1736 3590/1628/1737 3591/1629/1738 3592/1630/1739
f 3593/1631/1740 3589/1627/1736 3594/1632/1741 3583/1621/1730
f 3595/1633/1742 3593/1631/1740 3588/1626/1735 3434/1473/1581
f 3590/1628/1737 3595/1633/1742 3432/1471/1579 3596/1634/1743
f 3597/1635/1744 3598/1636/1745 3599/1637/1746 3600/1638/1747
f 3601/1639/1748 3597/1635/1744 3602/1640/1749 3591/1629/1738
f 3603/1641/1750 3601/1639/1748 3596/1634/1743 3442/1481/1589
f 3598/1636/1745 3603/1641/1750 3440/1479/1587 3604/1642/1751
f 3605/1643/1752 3606/1644/1753 3607/1645/1754 3608/1646/1755
f 3609/1647/1756 3605/1643/1752 3610/1648/1757 3599/1637/1746
f 3611/1649/1758 3609/1647/1756 3604/1642/1751 3450/1489/1597
f 3606/1644/1753 3611/1649/1758 3448/1487/1595 3612/1650/1759
f 3613/1651/1760 3614/1652/1761 3615/1653/1762 3616/1654/1763
f 3617/1655/1764 3613/1651/1760 3618/1656/1765 3607/1645/1754
f 3619/1657/1766 3617/1655/1764 3612/1650/1759 3458/1497/1605
f 3614/1652/1761 3619/1657/1766 3456/1495/1603 3620/1658/1767
f 3621/1659/1768 3622/1660/1769 3623/1661/1770 3624/1662/1771
f 3625/1663/1772 3621/1659/1768 3626/1664/1773 3615/1653/1762
f 3627/1665/1774 3625/1663/1772 3620/1658/1767 3466/1505/1613
f 3622/1660/1769 3627/1665/1774 3464/1503/1611 3628/1666/1775
f 3629/1667/1776 3630/1668/1777 3631/1669/1778 3632/1670/1779
f 3633/1671/1780 3629/1667/1776 3634/1672/1781 3623/1661/1770
f 3635/1673/1782 3633/1671/1780 3628/1666/1775 3474/1513/1621
f 3630/1668/1777 3635/1673/1782 3472/1511/1619 3636/1674/1783
f 3637/1675/1784 3638/1676/1785 3498/1537/1645 3639/1677/1786
f 3640/1678/1787 3637/1675/1784 3641/1679/1788 3631/1669/1778
f 3642/1680/1789 3640/1678/1787 3636/1674/1783 3481/1520/1628
f 3638/1676/1785 3642/1680/1789 3479/1518/1626 3499/1538/1646
f 3643/1681/1790 3644/1682/1791 3645/1683/1792 3646/1684/1793
f 3647/1685/1794 3643/1681/1790 3648/1686/1795 3649/1687/1796
f 3650/1688/1797 3647/1685/1794 3651/1689/1798 3488/1527/1635
f 3644/1682/1791 3650/1688/1797 3486/1525/1633 3652/1690/1799
f 3500/1539/1647 3651/1689/1798 3653/1691/1800 3654/1692/1801
f 3655/1693/1802 3656/1694/1803 3657/1695/1804 3658/1696/1805
f 3654/1692/1801 3655/1693/1802 3659/1697/1806 3497/1536/1644
f 3656/1694/1803 3653/1691/1800 3649/1687/1796 3660/1698/1807
f 3661/1699/1808 3662/1700/1809 3663/1701/1810 3664/1702/1811
f 3665/1703/1812 3661/1699/1808 3666/1704/1813 3645/1683/1792
f 3667/1705/1814 3665/1703/1812 3652/1690/1799 3506/1545/1653
f 3662/1700/1809 3667/1705/1814 3504/1543/1651 3668/1706/1815
f 3669/1707/1816 3670/1708/1817 3671/1709/1818 3672/1710/1819
f 3673/1711/1820 3669/1707/1816 3674/1712/1821 3663/1701/1810
f 3675/1713/1822 3673/1711/1820 3668/1706/1815 3514/1553/1661
f 3670/1708/1817 3675/1713/1822 3512/1551/1659 3676/1714/1823
f 3677/1715/1824 3678/1716/1825 3679/1717/1826 3680/1718/1827
f 3681/1719/1828 3677/1715/1824 3682/1720/1829 3671/1709/1818
f 3683/1721/1830 3681/1719/1828 3676/1714/1823 3522/1561/1669
f 3678/1716/1825 3683/1721/1830 3520/1559/1667 3684/1722/1831
f 3685/1723/1832 3686/1724/1833 3687/1725/1834 3688/1726/1835
f 3689/1727/1836 3685/1723/1832 3690/1728/1837 3679/1717/1826
f 3691/1729/1838 3689/1727/1836 3684/1722/1831 3530/1569/1677
f 3686/1724/1833 3691/1729/1838 3528/1567/1675 3692/1730/1839
f 3693/1731/1840 3694/1732/1841 3695/1733/1842 3696/1734/1843
f 3697/1735/1844 3693/1731/1840 3698/1736/1845 3687/1725/1834
f 3699/1737/1846 3697/1735/1844 3692/1730/1839 3538/1577/1685
f 3694/1732/1841 3699/1737/1846 3536/1575/1683 3700/1738/1847
f 3701/1739/1848 3702/1740/1849 3703/1741/1850 3704/1742/1851
f 3705/1743/1852 3701/1739/1848 3706/1744/1853 3695/1733/1842
f 3707/1745/1854 3705/1743/1852 3700/1738/1847 3546/1585/1693
f 3702/1740/1849 3707/1745/1854 3544/1583/1691 3708/1746/1855
f 3709/1747/1856 3710/1748/1857 3711/1749/1858 3712/1750/1859
f 3713/1751/1860 3709/1747/1856 3714/1752/1861 3703/1741/1850
f 3715/1753/1862 3713/1751/1860 3708/1746/1855 3554/1593/1701
f 3710/1748/1857 3715/1753/1862 3552/1591/1699 3716/1754/1863
f 3717/1755/1864 3718/1756/1865 3719/1757/1866 3720/1758/1867
f 3721/1759/1868 3717/1755/1864 3722/1760/1869 3711/1749/1858
f 3723/1761/1870 3721/1759/1868 3716/1754/1863 3562/1601/1709
f 3718/1756/1865 3723/1761/1870 3560/1599/1707 3724/1762/1871
f 3725/3947/1872 3726/1764/1873 3727/1765/1874 3728/3925/1875
f 3729/1766/1876 3725/1763/1872 3730/1767/1877 3719/1757/1866
f 3731/1768/1878 3729/1766/1876 3724/1762/1871 3570/1608/1717
f 3726/1764/1873 3731/3921/1878 3568/3922/1715 3732/1769/1879
f 3733/1770/1880 3734/1771/1881 3735/1772/1882 3736/1773/1883
f 3737/1774/1884 3733/1770/1880 3738/1775/1885 3727/1765/1874
f 3739/1776/1886 3737/1774/1884 3732/1769/1879 3578/1616/1725
f 3734/1771/1881 3739/1776/1886 3576/1614/1723 3740/1777/1887
f 3741/1778/1888 3742/1779/1889 3743/1780/1890 3744/1781/1891
f 3745/1782/1892 3741/1778/1888 3746/1783/1893 3735/1772/1882
f 3747/1784/1894 3745/1782/1892 3740/1777/1887 3586/1624/1733
f 3742/1779/1889 3747/1784/1894 3584/1622/1731 3748/1785/1895
f 3749/1786/1896 3750/1787/1897 3751/1788/1898 3752/1789/1899
f 3753/1790/1900 3749/1786/1896 3754/1791/1901 3743/1780/1890
f 3755/1792/1902 3753/1790/1900 3748/1785/1895 3594/1632/1741
f 3750/1787/1897 3755/1792/1902 3592/1630/1739 3756/1793/1903
f 3757/1794/1904 3758/1795/1905 3759/1796/1906 3760/1797/1907
f 3761/1798/1908 3757/1794/1904 3762/1799/1909 3751/1788/1898
f 3763/1800/1910 3761/1798/1908 3756/1793/1903 3602/1640/1749
f 3758/1795/1905 3763/1800/1910 3600/1638/1747 3764/1801/1911
f 3765/1802/1912 3766/1803/1913 3767/1804/1914 3768/1805/1915
f 3769/1806/1916 3765/1802/1912 3770/1807/1917 3759/1796/1906
f 3771/1808/1918 3769/1806/1916 3764/1801/1911 3610/1648/1757
f 3766/1803/1913 3771/1808/1918 3608/1646/1755 3772/1809/1919
f 3773/1810/1920 3774/1811/1921 3775/1812/1922 3776/1813/1923
f 3777/1814/1924 3773/1810/1920 3778/1815/1925 3767/1804/1914
f 3779/1816/1926 3777/1814/1924 3772/1809/1919 3618/1656/1765
f 3774/1811/1921 3779/1816/1926 3616/1654/1763 3780/1817/1927
f 3781/1818/1928 3782/1819/1929 3783/1820/1930 3784/1821/1931
f 3785/1822/1932 3781/1818/1928 3786/1823/1933 3775/1812/1922
f 3787/1824/1934 3785/1822/1932 3780/1817/1927 3626/1664/1773
f 3782/1819/1929 3787/1824/1934 3624/1662/1771 3788/1825/1935
f 3789/1826/1936 3790/1827/1937 3791/1828/1938 3792/1829/1939
f 3793/1830/1940 3789/1826/1936 3794/1831/1941 3783/1820/1930
f 3795/1832/1942 3793/1830/1940 3788/1825/1935 3634/1672/1781
f 3790/1827/1937 3795/1832/1942 3632/1670/1779 3796/1833/1943
f 3797/1834/1944 3798/1835/1945 3658/1696/1805 3799/1836/1946
f 3800/1837/1947 3797/1834/1944 3801/1838/1948 3791/1828/1938
f 3802/1839/1949 3800/1837/1947 3796/1833/1943 3641/1679/1788
f 3798/1835/1945 3802/1839/1949 3639/1677/1786 3659/1697/1806
f 3803/1840/1950 3804/1841/1951 3805/1842/1952 2341/387/488
f 3806/1843/1953 3803/1840/1950 2346/392/493 3807/1844/1954
f 3808/1845/1955 3806/1843/1953 3809/1846/1956 3648/1686/1795
f 3804/1841/1951 3808/1845/1955 3646/1684/1793 3810/1847/1957
f 3660/1698/1807 3809/1846/1956 3811/1848/1958 3812/1849/1959
f 3813/1850/1960 3814/1851/1961 2356/402/503 3815/1852/1962
f 3812/1849/1959 3813/1850/1960 3816/1853/1963 3657/1695/1804
f 3814/1851/1961 3811/1848/1958 3807/1844/1954 2357/403/504
f 3817/1854/1964 3818/1855/1965 3819/1856/1966 2328/374/475
f 3820/1857/1967 3817/1854/1964 2333/379/480 3805/1842/1952
f 3821/1858/1968 3820/1857/1967 3810/1847/1957 3666/1704/1813
f 3818/1855/1965 3821/1858/1968 3664/1702/1811 3822/1859/1969
f 3823/1860/1970 3824/1861/1971 3825/1862/1972 2315/361/462
f 3826/1863/1973 3823/1860/1970 2320/366/467 3819/1856/1966
f 3827/1864/1974 3826/1863/1973 3822/1859/1969 3674/1712/1821
f 3824/1861/1971 3827/1864/1974 3672/1710/1819 3828/1865/1975
f 3829/1866/1976 3830/1867/1977 3831/1868/1978 2302/348/449
f 3832/1869/1979 3829/1866/1976 2307/353/454 3825/1862/1972
f 3833/1870/1980 3832/1869/1979 3828/1865/1975 3682/1720/1829
f 3830/1867/1977 3833/1870/1980 3680/1718/1827 3834/1871/1981
f 3835/1872/1982 3836/1873/1983 3837/1874/1984 2289/335/436
f 3838/1875/1985 3835/1872/1982 2294/340/441 3831/1868/1978
f 3839/1876/1986 3838/1875/1985 3834/1871/1981 3690/1728/1837
f 3836/1873/1983 3839/1876/1986 3688/1726/1835 3840/1877/1987
f 3841/1878/1988 3842/1879/1989 3843/1880/1990 2276/322/423
f 3844/1881/1991 3841/1878/1988 2281/327/428 3837/1874/1984
f 3845/1882/1992 3844/1881/1991 3840/1877/1987 3698/1736/1845
f 3842/1879/1989 3845/1882/1992 3696/1734/1843 3846/1883/1993
f 3847/1884/1994 3848/1885/1995 3849/1886/1996 2263/309/410
f 3850/1887/1997 3847/1884/1994 2268/314/415 3843/1880/1990
f 3851/1888/1998 3850/1887/1997 3846/1883/1993 3706/1744/1853
f 3848/1885/1995 3851/1888/1998 3704/1742/1851 3852/1889/1999
f 3853/1890/2000 3854/1891/2001 3855/1892/2002 2250/296/397
f 3856/1893/2003 3853/1890/2000 2255/301/402 3849/1886/1996
f 3857/1894/2004 3856/1893/2003 3852/1889/1999 3714/1752/1861
f 3854/1891/2001 3857/1894/2004 3712/1750/1859 3858/1895/2005
f 3859/1896/2006 3860/1897/2007 3861/1898/2008 2237/283/384
f 3862/1899/2009 3859/1896/2006 2242/288/389 3855/1892/2002
f 3863/1900/2010 3862/1899/2009 3858/1895/2005 3722/1760/1869
f 3860/1897/2007 3863/1900/2010 3720/1758/1867 3864/1901/2011
f 3865/3949/2012 3866/1903/2013 3867/1904/2014 2224/3923/371
f 3868/1905/2015 3865/1902/2012 2229/275/376 3861/1898/2008
f 3869/1906/2016 3868/1905/2015 3864/1901/2011 3730/1767/1877
f 3866/1903/2013 3869/3924/2016 3728/3925/1875 3870/1907/2017
f 3871/1908/2018 3872/1909/2019 3873/1910/2020 2211/261/358
f 3874/1911/2021 3871/1908/2018 2216/265/363 3867/1904/2014
f 3875/1912/2022 3874/1911/2021 3870/1907/2017 3738/1775/1885
f 3872/1909/2019 3875/1912/2022 3736/1773/1883 3876/1913/2023
f 3877/1914/2024 3878/1915/2025 3879/1916/2026 2198/248/345
f 3880/1917/2027 3877/1914/2024 2203/253/350 3873/1910/2020
f 3881/1918/2028 3880/1917/2027 3876/1913/2023 3746/1783/1893
f 3878/1915/2025 3881/1918/2028 3744/1781/1891 3882/1919/2029
f 3883/1920/2030 3884/1921/2031 3885/1922/2032 2178/228/325
f 3886/1923/2033 3883/1920/2030 2184/234/331 3879/1916/2026
f 3887/1924/2034 3886/1923/2033 3882/1919/2029 3754/1791/1901
f 3884/1921/2031 3887/1924/2034 3752/1789/1899 3888/1925/2035
f 3889/1926/2036 3890/1927/2037 3891/1928/2038 2188/238/335
f 3892/1929/2039 3889/1926/2036 2191/241/338 3885/1922/2032
f 3893/1930/2040 3892/1929/2039 3888/1925/2035 3762/1799/1909
f 3890/1927/2037 3893/1930/2040 3760/1797/1907 3894/1931/2041
f 3895/1932/2042 3896/1933/2043 3897/1934/2044 2419/465/566
f 3898/1935/2045 3895/1932/2042 2422/468/569 3891/1928/2038
f 3899/1936/2046 3898/1935/2045 3894/1931/2041 3770/1807/1917
f 3896/1933/2043 3899/1936/2046 3768/1805/1915 3900/1937/2047
f 3901/1938/2048 3902/1939/2049 3903/1940/2050 2406/452/553
f 3904/1941/2051 3901/1938/2048 2411/457/558 3897/1934/2044
f 3905/1942/2052 3904/1941/2051 3900/1937/2047 3778/1815/1925
f 3902/1939/2049 3905/1942/2052 3776/1813/1923 3906/1943/2053
f 3907/1944/2054 3908/1945/2055 3909/1946/2056 2393/439/540
f 3910/1947/2057 3907/1944/2054 2398/444/545 3903/1940/2050
f 3911/1948/2058 3910/1947/2057 3906/1943/2053 3786/1823/1933
f 3908/1945/2055 3911/1948/2058 3784/1821/1931 3912/1949/2059
f 3913/1950/2060 3914/1951/2061 3915/1952/2062 2380/426/527
f 3916/1953/2063 3913/1950/2060 2385/431/532 3909/1946/2056
f 3917/1954/2064 3916/1953/2063 3912/1949/2059 3794/1831/1941
f 3914/1951/2061 3917/1954/2064 3792/1829/1939 3918/1955/2065
f 3919/1956/2066 3920/1957/2067 3815/1852/1962 2367/413/514
f 3921/1958/2068 3919/1956/2066 2372/418/519 3915/1952/2062
f 3922/1959/2069 3921/1958/2068 3918/1955/2065 3801/1838/1948
f 3920/1957/2067 3922/1959/2069 3799/1836/1946 3816/1853/1963
f 1945/139/153 1944/138/152 1982/1960/2070 1983/1961/2071
f 1947/141/155 1945/139/153 1983/1961/2071 1984/1962/2072
f 1949/143/157 1947/141/155 1984/1962/2072 1985/1963/2073
f 1951/145/159 1949/143/157 1985/1963/2073 1986/1964/2074
f 1953/147/161 1951/145/159 1986/1964/2074 1987/1965/2075
f 1955/149/163 1953/147/161 1987/1965/2075 1988/1966/2076
f 1957/151/165 1955/149/163 1988/1966/2076 1989/1967/2077
f 1959/153/167 1957/151/165 1989/1967/2077 1990/1968/2078
f 1961/155/169 1959/153/167 1990/1968/2078 1991/1969/2079
f 1963/157/171 1961/155/169 1991/1969/2079 1992/1970/2080
f 1965/159/173 1963/157/171 1992/1970/2080 1993/1971/2081
f 1967/161/175 1965/159/173 1993/1971/2081 1994/1972/2082
f 1969/163/177 1967/161/175 1994/1972/2082 1995/1973/2083
f 1971/165/179 1969/163/177 1995/1973/2083 1996/1974/2084
f 1973/167/181 1971/165/179 1996/1974/2084 1997/1975/2085
f 1975/169/183 1973/167/181 1997/1975/2085 1998/1976/2086
f 1977/171/185 1975/169/183 1998/1976/2086 1999/1977/2087
f 1979/172/187 1977/3926/185 1999/3927/2087 2000/1978/2088
f 1981/174/189 1979/172/187 2000/1978/2088 2001/1979/2089
f 1944/138/152 1981/174/189 2001/1979/2089 1982/1960/2070
f 2143/1980/2090 2144/1981/2091 2123/195/271 2124/194/270
f 2144/1981/2091 2145/1982/2092 2142/212/308 2123/195/271
f 2145/1982/2092 2146/3928/2093 2141/3930/306 2142/212/308
f 2146/3928/2093 2147/3929/2094 2140/3900/304 2141/3930/306
f 2147/1983/2094 2148/1984/2095 2139/210/302 2140/211/304
f 2148/1984/2095 2149/1985/2096 2138/209/300 2139/210/302
f 2149/1985/2096 2150/1986/2097 2137/208/298 2138/209/300
f 2150/1986/2097 2151/1987/2098 2136/207/296 2137/208/298
f 2151/1987/2098 2152/1988/2099 2135/206/294 2136/207/296
f 2152/1988/2099 2153/1989/2100 2134/205/292 2135/206/294
f 2153/1989/2100 2154/1990/2101 2133/204/290 2134/205/292
f 2154/1990/2101 2155/1991/2102 2132/203/288 2133/204/290
f 2155/1991/2102 2156/1992/2103 2131/202/286 2132/203/288
f 2156/1992/2103 2157/1993/2104 2130/201/284 2131/202/286
f 2157/1993/2104 2158/1994/2105 2129/200/282 2130/201/284
f 2158/1994/2105 2159/1995/2106 2128/199/280 2129/200/282
f 2159/1995/2106 2160/1996/2107 2127/198/278 2128/199/280
f 2160/1996/2107 2161/1997/2108 2126/197/276 2127/198/278
f 2161/1997/2108 2162/1998/2109 2125/196/274 2126/197/276
f 2162/1998/2109 2143/1980/2090 2124/194/270 2125/196/274
f 2168/218/315 2167/217/314 2172/222/319 2169/219/316
f 2176/226/323 2175/225/322 2180/230/327 2177/227/324
f 2186/236/333 2171/221/318 2170/220/317 2187/237/334
f 2181/231/328 2185/235/332 2192/242/339 2182/232/329
f 2196/246/343 2195/245/342 2199/249/346 2197/247/344
f 2200/250/347 2204/254/351 2205/255/352 2201/251/348
f 2209/259/356 2208/258/355 2212/262/359 2210/260/357
f 2213/263/360 2217/3902/364 2218/3904/365 2214/264/361
f 2222/269/369 2221/3931/368 2225/3932/372 2223/3992/370
f 2226/272/373 2230/276/377 2231/277/378 2227/273/374
f 2235/281/382 2234/280/381 2238/284/385 2236/282/383
f 2239/285/386 2243/289/390 2244/290/391 2240/286/387
f 2248/294/395 2247/293/394 2251/297/398 2249/295/396
f 2252/298/399 2256/302/403 2257/303/404 2253/299/400
f 2261/307/408 2260/306/407 2264/310/411 2262/308/409
f 2265/311/412 2269/315/416 2270/316/417 2266/312/413
f 2274/320/421 2273/319/420 2277/323/424 2275/321/422
f 2278/324/425 2282/328/429 2283/329/430 2279/325/426
f 2287/333/434 2286/332/433 2290/336/437 2288/334/435
f 2291/337/438 2295/341/442 2296/342/443 2292/338/439
f 2300/346/447 2299/345/446 2303/349/450 2301/347/448
f 2304/350/451 2308/354/455 2309/355/456 2305/351/452
f 2313/359/460 2312/358/459 2316/362/463 2314/360/461
f 2317/363/464 2321/367/468 2322/368/469 2318/364/465
f 2326/372/473 2325/371/472 2329/375/476 2327/373/474
f 2330/376/477 2334/380/481 2335/381/482 2331/377/478
f 2339/385/486 2338/384/485 2342/388/489 2340/386/487
f 2343/389/490 2347/393/494 2348/394/495 2344/390/491
f 2353/399/500 2352/398/499 2351/397/498 2354/400/501
f 2358/404/505 2360/406/507 2361/407/508 2359/405/506
f 2365/411/512 2364/410/511 2368/414/515 2366/412/513
f 2369/415/516 2373/419/520 2374/420/521 2370/416/517
f 2378/424/525 2377/423/524 2381/427/528 2379/425/526
f 2382/428/529 2386/432/533 2387/433/534 2383/429/530
f 2391/437/538 2390/436/537 2394/440/541 2392/438/539
f 2395/441/542 2399/445/546 2400/446/547 2396/442/543
f 2404/450/551 2403/449/550 2407/453/554 2405/451/552
f 2408/454/555 2412/458/559 2413/459/560 2409/455/556
f 2417/463/564 2416/462/563 2420/466/567 2418/464/565
f 2421/467/568 2166/216/313 2165/215/312 2190/240/337
f 2423/469/570 2427/473/574 2430/476/577 2424/470/571
f 2432/478/579 2431/477/578 2438/484/585 2435/481/582
f 2445/491/592 2440/486/587 2439/485/586 2446/492/593
f 2452/498/599 2456/502/603 2458/504/605 2453/499/600
f 2459/505/606 2434/480/581 2433/479/580 2451/497/598
f 2465/511/612 2469/515/616 2471/517/618 2466/512/613
f 2472/518/619 2461/507/608 2460/506/607 2464/510/611
f 2478/524/625 2482/528/629 2484/530/631 2479/525/626
f 2485/531/632 2474/520/621 2473/519/620 2477/523/624
f 2491/537/638 2495/541/642 2497/543/644 2492/538/639
f 2498/544/645 2487/533/634 2486/532/633 2490/536/637
f 2504/550/651 2508/554/655 2510/556/657 2505/551/652
f 2511/557/658 2500/546/647 2499/545/646 2503/549/650
f 2517/563/664 2521/567/668 2523/569/670 2518/564/665
f 2524/570/671 2513/559/660 2512/558/659 2516/562/663
f 2530/576/677 2534/580/681 2536/582/683 2531/577/678
f 2537/583/684 2526/572/673 2525/571/672 2529/575/676
f 2543/589/690 2547/593/694 2549/595/696 2544/590/691
f 2550/596/697 2539/585/686 2538/584/685 2542/588/689
f 2556/3933/703 2560/3934/707 2562/3906/709 2557/603/704
f 2563/608/710 2552/598/699 2551/597/698 2555/601/702
f 2569/613/716 2573/617/720 2575/619/722 2570/614/717
f 2576/620/723 2565/609/712 2564/3908/711 2568/612/715
f 2582/626/729 2586/630/733 2588/632/735 2583/627/730
f 2589/633/736 2578/622/725 2577/621/724 2581/625/728
f 2595/639/742 2599/643/746 2601/645/748 2596/640/743
f 2602/646/749 2591/635/738 2590/634/737 2594/638/741
f 2608/652/755 2612/656/759 2614/658/761 2609/653/756
f 2615/659/762 2604/648/751 2603/647/750 2607/651/754
f 2621/665/768 2625/669/772 2627/671/774 2622/666/769
f 2628/672/775 2617/661/764 2616/660/763 2620/664/767
f 2634/678/781 2638/682/785 2640/684/787 2635/679/782
f 2641/685/788 2630/674/777 2629/673/776 2633/677/780
f 2647/691/794 2651/695/798 2653/697/800 2648/692/795
f 2654/698/801 2643/687/790 2642/686/789 2646/690/793
f 2660/704/807 2664/708/811 2666/710/813 2661/705/808
f 2667/711/814 2656/700/803 2655/699/802 2659/703/806
f 2673/717/820 2676/720/823 2678/722/825 2674/718/821
f 2679/723/826 2669/713/816 2668/712/815 2672/716/819
f 2443/489/590 2449/495/596 2680/724/827 2444/490/591
f 2683/727/830 2687/731/834 2690/734/837 2684/728/831
f 2428/474/575 2691/735/838 2450/496/597 2429/475/576
f 2695/739/842 2694/738/841 2693/737/840 2696/740/843
f 2701/745/848 2705/749/852 2707/751/854 2702/746/849
f 2457/503/604 2692/736/839 2426/472/573 2425/471/572
f 2709/753/856 2713/757/860 2715/759/862 2710/754/857
f 2470/516/617 2708/752/855 2455/501/602 2454/500/601
f 2717/761/864 2721/765/868 2723/767/870 2718/762/865
f 2483/529/630 2716/760/863 2468/514/615 2467/513/614
f 2725/769/872 2729/773/876 2731/775/878 2726/770/873
f 2496/542/643 2724/768/871 2481/527/628 2480/526/627
f 2733/777/880 2737/781/884 2739/783/886 2734/778/881
f 2509/555/656 2732/776/879 2494/540/641 2493/539/640
f 2741/785/888 2745/789/892 2747/791/894 2742/786/889
f 2522/568/669 2740/784/887 2507/553/654 2506/552/653
f 2749/793/896 2753/797/900 2755/799/902 2750/794/897
f 2535/581/682 2748/792/895 2520/566/667 2519/565/666
f 2757/801/904 2761/805/908 2763/807/910 2758/802/905
f 2548/594/695 2756/800/903 2533/579/680 2532/578/679
f 2765/3935/912 2769/3936/916 2771/3909/918 2766/810/913
f 2561/606/708 2764/808/911 2546/592/693 2545/591/692
f 2773/816/920 2777/820/924 2779/822/926 2774/817/921
f 2574/618/721 2772/815/919 2559/3910/706 2558/604/705
f 2781/824/928 2785/828/932 2787/830/934 2782/825/929
f 2587/631/734 2780/823/927 2572/616/719 2571/615/718
f 2789/832/936 2793/836/940 2795/838/942 2790/833/937
f 2600/644/747 2788/831/935 2585/629/732 2584/628/731
f 2797/840/944 2801/844/948 2803/846/950 2798/841/945
f 2613/657/760 2796/839/943 2598/642/745 2597/641/744
f 2805/848/952 2809/852/956 2811/854/958 2806/849/953
f 2626/670/773 2804/847/951 2611/655/758 2610/654/757
f 2813/856/960 2817/860/964 2819/862/966 2814/857/961
f 2639/683/786 2812/855/959 2624/668/771 2623/667/770
f 2821/864/968 2825/868/972 2827/870/974 2822/865/969
f 2652/696/799 2820/863/967 2637/681/784 2636/680/783
f 2829/872/976 2833/876/980 2835/878/982 2830/873/977
f 2665/709/812 2828/871/975 2650/694/797 2649/693/796
f 2837/880/984 2840/883/987 2842/885/989 2838/881/985
f 2677/721/824 2836/879/983 2663/707/810 2662/706/809
f 2447/493/594 2699/743/846 2675/719/822 2448/494/595
f 2843/886/990 2847/890/994 2850/893/997 2844/887/991
f 2688/732/835 2851/894/998 2700/744/847 2689/733/836
f 2855/898/1002 2854/897/1001 2853/896/1000 2856/899/1003
f 2861/904/1008 2865/908/1012 2867/910/1014 2862/905/1009
f 2706/750/853 2852/895/999 2686/730/833 2685/729/832
f 2869/912/1016 2873/916/1020 2875/918/1022 2870/913/1017
f 2714/758/861 2868/911/1015 2704/748/851 2703/747/850
f 2877/920/1024 2881/924/1028 2883/926/1030 2878/921/1025
f 2722/766/869 2876/919/1023 2712/756/859 2711/755/858
f 2885/928/1032 2889/932/1036 2891/934/1038 2886/929/1033
f 2730/774/877 2884/927/1031 2720/764/867 2719/763/866
f 2893/936/1040 2897/940/1044 2899/942/1046 2894/937/1041
f 2738/782/885 2892/935/1039 2728/772/875 2727/771/874
f 2901/944/1048 2905/948/1052 2907/950/1054 2902/945/1049
f 2746/790/893 2900/943/1047 2736/780/883 2735/779/882
f 2909/952/1056 2913/956/1060 2915/958/1062 2910/953/1057
f 2754/798/901 2908/951/1055 2744/788/891 2743/787/890
f 2917/960/1064 2921/964/1068 2923/966/1070 2918/961/1065
f 2762/806/909 2916/959/1063 2752/796/899 2751/795/898
f 2925/3937/1072 2929/3938/1076 2931/3911/1078 2926/969/1073
f 2770/813/917 2924/967/1071 2760/804/907 2759/803/906
f 2933/975/1080 2937/979/1084 2939/981/1086 2934/976/1081
f 2778/821/925 2932/974/1079 2768/3912/915 2767/811/914
f 2941/983/1088 2945/987/1092 2947/989/1094 2942/984/1089
f 2786/829/933 2940/982/1087 2776/819/923 2775/818/922
f 2949/991/1096 2953/995/1100 2955/997/1102 2950/992/1097
f 2794/837/941 2948/990/1095 2784/827/931 2783/826/930
f 2957/999/1104 2961/1003/1108 2963/1005/1110 2958/1000/1105
f 2802/845/949 2956/998/1103 2792/835/939 2791/834/938
f 2965/1007/1112 2969/1011/1116 2971/1013/1118 2966/1008/1113
f 2810/853/957 2964/1006/1111 2800/843/947 2799/842/946
f 2973/1015/1120 2977/1019/1124 2979/1021/1126 2974/1016/1121
f 2818/861/965 2972/1014/1119 2808/851/955 2807/850/954
f 2981/1023/1128 2985/1027/1132 2987/1029/1134 2982/1024/1129
f 2826/869/973 2980/1022/1127 2816/859/963 2815/858/962
f 2989/1031/1136 2993/1035/1140 2995/1037/1142 2990/1032/1137
f 2834/877/981 2988/1030/1135 2824/867/971 2823/866/970
f 2997/1039/1144 3000/1042/1147 3002/1044/1149 2998/1040/1145
f 2841/884/988 2996/1038/1143 2832/875/979 2831/874/978
f 2697/741/844 2859/902/1006 2839/882/986 2698/742/845
f 3003/1045/1150 3007/1049/1154 3010/1052/1157 3004/1046/1151
f 2848/891/995 3011/1053/1158 2860/903/1007 2849/892/996
f 3015/1057/1162 3014/1056/1161 3013/1055/1160 3016/1058/1163
f 3021/1063/1168 3025/1067/1172 3027/1069/1174 3022/1064/1169
f 2866/909/1013 3012/1054/1159 2846/889/993 2845/888/992
f 3029/1071/1176 3033/1075/1180 3035/1077/1182 3030/1072/1177
f 2874/917/1021 3028/1070/1175 2864/907/1011 2863/906/1010
f 3037/1079/1184 3041/1083/1188 3043/1085/1190 3038/1080/1185
f 2882/925/1029 3036/1078/1183 2872/915/1019 2871/914/1018
f 3045/1087/1192 3049/1091/1196 3051/1093/1198 3046/1088/1193
f 2890/933/1037 3044/1086/1191 2880/923/1027 2879/922/1026
f 3053/1095/1200 3057/1099/1204 3059/1101/1206 3054/1096/1201
f 2898/941/1045 3052/1094/1199 2888/931/1035 2887/930/1034
f 3061/1103/1208 3065/1107/1212 3067/1109/1214 3062/1104/1209
f 2906/949/1053 3060/1102/1207 2896/939/1043 2895/938/1042
f 3069/1111/1216 3073/1115/1220 3075/1117/1222 3070/1112/1217
f 2914/957/1061 3068/1110/1215 2904/947/1051 2903/946/1050
f 3077/1119/1224 3081/1123/1228 3083/1125/1230 3078/1120/1225
f 2922/965/1069 3076/1118/1223 2912/955/1059 2911/954/1058
f 3085/3939/1232 3089/3940/1236 3091/3913/1238 3086/1128/1233
f 2930/972/1077 3084/1126/1231 2920/963/1067 2919/962/1066
f 3093/1134/1240 3097/1138/1244 3099/1140/1246 3094/1135/1241
f 2938/980/1085 3092/1133/1239 2928/3914/1075 2927/970/1074
f 3101/1142/1248 3105/1146/1252 3107/1148/1254 3102/1143/1249
f 2946/988/1093 3100/1141/1247 2936/978/1083 2935/977/1082
f 3109/1150/1256 3113/1154/1260 3115/1156/1262 3110/1151/1257
f 2954/996/1101 3108/1149/1255 2944/986/1091 2943/985/1090
f 3117/1158/1264 3121/1162/1268 3123/1164/1270 3118/1159/1265
f 2962/1004/1109 3116/1157/1263 2952/994/1099 2951/993/1098
f 3125/1166/1272 3129/1170/1276 3131/1172/1278 3126/1167/1273
f 2970/1012/1117 3124/1165/1271 2960/1002/1107 2959/1001/1106
f 3133/1174/1280 3137/1178/1284 3139/1180/1286 3134/1175/1281
f 2978/1020/1125 3132/1173/1279 2968/1010/1115 2967/1009/1114
f 3141/1182/1288 3145/1186/1292 3147/1188/1294 3142/1183/1289
f 2986/1028/1133 3140/1181/1287 2976/1018/1123 2975/1017/1122
f 3149/1190/1296 3153/1194/1300 3155/1196/1302 3150/1191/1297
f 2994/1036/1141 3148/1189/1295 2984/1026/1131 2983/1025/1130
f 3157/1198/1304 3160/1201/1307 3162/1203/1309 3158/1199/1305
f 3001/1043/1148 3156/1197/1303 2992/1034/1139 2991/1033/1138
f 2857/900/1004 3019/1061/1166 2999/1041/1146 2858/901/1005
f 3163/1204/1310 3167/1208/1314 3170/1211/1317 3164/1205/1311
f 3008/1050/1155 3171/1212/1318 3020/1062/1167 3009/1051/1156
f 3175/1216/1322 3174/1215/1321 3173/1214/1320 3176/1217/1323
f 3181/1222/1328 3185/1226/1332 3187/1228/1334 3182/1223/1329
f 3026/1068/1173 3172/1213/1319 3006/1048/1153 3005/1047/1152
f 3189/1230/1336 3193/1234/1340 3195/1236/1342 3190/1231/1337
f 3034/1076/1181 3188/1229/1335 3024/1066/1171 3023/1065/1170
f 3197/1238/1344 3201/1242/1348 3203/1244/1350 3198/1239/1345
f 3042/1084/1189 3196/1237/1343 3032/1074/1179 3031/1073/1178
f 3205/1246/1352 3209/1250/1356 3211/1252/1358 3206/1247/1353
f 3050/1092/1197 3204/1245/1351 3040/1082/1187 3039/1081/1186
f 3213/1254/1360 3217/1258/1364 3219/1260/1366 3214/1255/1361
f 3058/1100/1205 3212/1253/1359 3048/1090/1195 3047/1089/1194
f 3221/1262/1368 3225/1266/1372 3227/1268/1374 3222/1263/1369
f 3066/1108/1213 3220/1261/1367 3056/1098/1203 3055/1097/1202
f 3229/1270/1376 3233/1274/1380 3235/1276/1382 3230/1271/1377
f 3074/1116/1221 3228/1269/1375 3064/1106/1211 3063/1105/1210
f 3237/1278/1384 3241/1282/1388 3243/1284/1390 3238/1279/1385
f 3082/1124/1229 3236/1277/1383 3072/1114/1219 3071/1113/1218
f 3245/3941/1392 3249/3942/1396 3251/3915/1398 3246/1287/1393
f 3090/1131/1237 3244/1285/1391 3080/1122/1227 3079/1121/1226
f 3253/1293/1400 3257/1297/1404 3259/1299/1406 3254/1294/1401
f 3098/1139/1245 3252/1292/1399 3088/3916/1235 3087/1129/1234
f 3261/1301/1408 3265/1305/1412 3267/1307/1414 3262/1302/1409
f 3106/1147/1253 3260/1300/1407 3096/1137/1243 3095/1136/1242
f 3269/1309/1416 3273/1313/1420 3275/1315/1422 3270/1310/1417
f 3114/1155/1261 3268/1308/1415 3104/1145/1251 3103/1144/1250
f 3277/1317/1424 3281/1321/1428 3283/1323/1430 3278/1318/1425
f 3122/1163/1269 3276/1316/1423 3112/1153/1259 3111/1152/1258
f 3285/1325/1432 3289/1329/1436 3291/1331/1438 3286/1326/1433
f 3130/1171/1277 3284/1324/1431 3120/1161/1267 3119/1160/1266
f 3293/1333/1440 3297/1337/1444 3299/1339/1446 3294/1334/1441
f 3138/1179/1285 3292/1332/1439 3128/1169/1275 3127/1168/1274
f 3301/1341/1448 3305/1345/1452 3307/1347/1454 3302/1342/1449
f 3146/1187/1293 3300/1340/1447 3136/1177/1283 3135/1176/1282
f 3309/1349/1456 3313/1353/1460 3315/1355/1462 3310/1350/1457
f 3154/1195/1301 3308/1348/1455 3144/1185/1291 3143/1184/1290
f 3317/1357/1464 3320/1360/1467 3322/1362/1469 3318/1358/1465
f 3161/1202/1308 3316/1356/1463 3152/1193/1299 3151/1192/1298
f 3017/1059/1164 3179/1220/1326 3159/1200/1306 3018/1060/1165
f 3323/1363/1470 3327/1367/1474 3330/1370/1477 3324/1364/1471
f 3168/1209/1315 3331/1371/1478 3180/1221/1327 3169/1210/1316
f 3335/1375/1482 3334/1374/1481 3333/1373/1480 3336/1376/1483
f 3341/1381/1488 3345/1385/1492 3347/1387/1494 3342/1382/1489
f 3186/1227/1333 3332/1372/1479 3166/1207/1313 3165/1206/1312
f 3349/1389/1496 3353/1393/1500 3355/1395/1502 3350/1390/1497
f 3194/1235/1341 3348/1388/1495 3184/1225/1331 3183/1224/1330
f 3357/1397/1504 3361/1401/1508 3363/1403/1510 3358/1398/1505
f 3202/1243/1349 3356/1396/1503 3192/1233/1339 3191/1232/1338
f 3365/1405/1512 3369/1409/1516 3371/1411/1518 3366/1406/1513
f 3210/1251/1357 3364/1404/1511 3200/1241/1347 3199/1240/1346
f 3373/1413/1520 3377/1417/1524 3379/1419/1526 3374/1414/1521
f 3218/1259/1365 3372/1412/1519 3208/1249/1355 3207/1248/1354
f 3381/1421/1528 3385/1425/1532 3387/1427/1534 3382/1422/1529
f 3226/1267/1373 3380/1420/1527 3216/1257/1363 3215/1256/1362
f 3389/1429/1536 3393/1433/1540 3395/1435/1542 3390/1430/1537
f 3234/1275/1381 3388/1428/1535 3224/1265/1371 3223/1264/1370
f 3397/1437/1544 3401/1441/1548 3403/1443/1550 3398/1438/1545
f 3242/1283/1389 3396/1436/1543 3232/1273/1379 3231/1272/1378
f 3405/3943/1552 3409/3944/1556 3411/3917/1558 3406/1446/1553
f 3250/1290/1397 3404/1444/1551 3240/1281/1387 3239/1280/1386
f 3413/1452/1560 3417/1456/1564 3419/1458/1566 3414/1453/1561
f 3258/1298/1405 3412/1451/1559 3248/3918/1395 3247/1288/1394
f 3421/1460/1568 3425/1464/1572 3427/1466/1574 3422/1461/1569
f 3266/1306/1413 3420/1459/1567 3256/1296/1403 3255/1295/1402
f 3429/1468/1576 3433/1472/1580 3435/1474/1582 3430/1469/1577
f 3274/1314/1421 3428/1467/1575 3264/1304/1411 3263/1303/1410
f 3437/1476/1584 3441/1480/1588 3443/1482/1590 3438/1477/1585
f 3282/1322/1429 3436/1475/1583 3272/1312/1419 3271/1311/1418
f 3445/1484/1592 3449/1488/1596 3451/1490/1598 3446/1485/1593
f 3290/1330/1437 3444/1483/1591 3280/1320/1427 3279/1319/1426
f 3453/1492/1600 3457/1496/1604 3459/1498/1606 3454/1493/1601
f 3298/1338/1445 3452/1491/1599 3288/1328/1435 3287/1327/1434
f 3461/1500/1608 3465/1504/1612 3467/1506/1614 3462/1501/1609
f 3306/1346/1453 3460/1499/1607 3296/1336/1443 3295/1335/1442
f 3469/1508/1616 3473/1512/1620 3475/1514/1622 3470/1509/1617
f 3314/1354/1461 3468/1507/1615 3304/1344/1451 3303/1343/1450
f 3477/1516/1624 3480/1519/1627 3482/1521/1629 3478/1517/1625
f 3321/1361/1468 3476/1515/1623 3312/1352/1459 3311/1351/1458
f 3177/1218/1324 3339/1379/1486 3319/1359/1466 3178/1219/1325
f 3483/1522/1630 3487/1526/1634 3490/1529/1637 3484/1523/1631
f 3328/1368/1475 3491/1530/1638 3340/1380/1487 3329/1369/1476
f 3495/1534/1642 3494/1533/1641 3493/1532/1640 3496/1535/1643
f 3501/1540/1648 3505/1544/1652 3507/1546/1654 3502/1541/1649
f 3346/1386/1493 3492/1531/1639 3326/1366/1473 3325/1365/1472
f 3509/1548/1656 3513/1552/1660 3515/1554/1662 3510/1549/1657
f 3354/1394/1501 3508/1547/1655 3344/1384/1491 3343/1383/1490
f 3517/1556/1664 3521/1560/1668 3523/1562/1670 3518/1557/1665
f 3362/1402/1509 3516/1555/1663 3352/1392/1499 3351/1391/1498
f 3525/1564/1672 3529/1568/1676 3531/1570/1678 3526/1565/1673
f 3370/1410/1517 3524/1563/1671 3360/1400/1507 3359/1399/1506
f 3533/1572/1680 3537/1576/1684 3539/1578/1686 3534/1573/1681
f 3378/1418/1525 3532/1571/1679 3368/1408/1515 3367/1407/1514
f 3541/1580/1688 3545/1584/1692 3547/1586/1694 3542/1581/1689
f 3386/1426/1533 3540/1579/1687 3376/1416/1523 3375/1415/1522
f 3549/1588/1696 3553/1592/1700 3555/1594/1702 3550/1589/1697
f 3394/1434/1541 3548/1587/1695 3384/1424/1531 3383/1423/1530
f 3557/1596/1704 3561/1600/1708 3563/1602/1710 3558/1597/1705
f 3402/1442/1549 3556/1595/1703 3392/1432/1539 3391/1431/1538
f 3565/3945/1712 3569/3946/1716 3571/3919/1718 3566/1605/1713
f 3410/1449/1557 3564/1603/1711 3400/1440/1547 3399/1439/1546
f 3573/1611/1720 3577/1615/1724 3579/1617/1726 3574/1612/1721
f 3418/1457/1565 3572/1610/1719 3408/3920/1555 3407/1447/1554
f 3581/1619/1728 3585/1623/1732 3587/1625/1734 3582/1620/1729
f 3426/1465/1573 3580/1618/1727 3416/1455/1563 3415/1454/1562
f 3589/1627/1736 3593/1631/1740 3595/1633/1742 3590/1628/1737
f 3434/1473/1581 3588/1626/1735 3424/1463/1571 3423/1462/1570
f 3597/1635/1744 3601/1639/1748 3603/1641/1750 3598/1636/1745
f 3442/1481/1589 3596/1634/1743 3432/1471/1579 3431/1470/1578
f 3605/1643/1752 3609/1647/1756 3611/1649/1758 3606/1644/1753
f 3450/1489/1597 3604/1642/1751 3440/1479/1587 3439/1478/1586
f 3613/1651/1760 3617/1655/1764 3619/1657/1766 3614/1652/1761
f 3458/1497/1605 3612/1650/1759 3448/1487/1595 3447/1486/1594
f 3621/1659/1768 3625/1663/1772 3627/1665/1774 3622/1660/1769
f 3466/1505/1613 3620/1658/1767 3456/1495/1603 3455/1494/1602
f 3629/1667/1776 3633/1671/1780 3635/1673/1782 3630/1668/1777
f 3474/1513/1621 3628/1666/1775 3464/1503/1611 3463/1502/1610
f 3637/1675/1784 3640/1678/1787 3642/1680/1789 3638/1676/1785
f 3481/1520/1628 3636/1674/1783 3472/1511/1619 3471/1510/1618
f 3337/1377/1484 3499/1538/1646 3479/1518/1626 3338/1378/1485
f 3643/1681/1790 3647/1685/1794 3650/1688/1797 3644/1682/1791
f 3488/1527/1635 3651/1689/1798 3500/1539/1647 3489/1528/1636
f 3655/1693/1802 3654/1692/1801 3653/1691/1800 3656/1694/1803
f 3661/1699/1808 3665/1703/1812 3667/1705/1814 3662/1700/1809
f 3506/1545/1653 3652/1690/1799 3486/1525/1633 3485/1524/1632
f 3669/1707/1816 3673/1711/1820 3675/1713/1822 3670/1708/1817
f 3514/1553/1661 3668/1706/1815 3504/1543/1651 3503/1542/1650
f 3677/1715/1824 3681/1719/1828 3683/1721/1830 3678/1716/1825
f 3522/1561/1669 3676/1714/1823 3512/1551/1659 3511/1550/1658
f 3685/1723/1832 3689/1727/1836 3691/1729/1838 3686/1724/1833
f 3530/1569/1677 3684/1722/1831 3520/1559/1667 3519/1558/1666
f 3693/1731/1840 3697/1735/1844 3699/1737/1846 3694/1732/1841
f 3538/1577/1685 3692/1730/1839 3528/1567/1675 3527/1566/1674
f 3701/1739/1848 3705/1743/1852 3707/1745/1854 3702/1740/1849
f 3546/1585/1693 3700/1738/1847 3536/1575/1683 3535/1574/1682
f 3709/1747/1856 3713/1751/1860 3715/1753/1862 3710/1748/1857
f 3554/1593/1701 3708/1746/1855 3544/1583/1691 3543/1582/1690
f 3717/1755/1864 3721/1759/1868 3723/1761/1870 3718/1756/1865
f 3562/1601/1709 3716/1754/1863 3552/1591/1699 3551/1590/1698
f 3725/3947/1872 3729/3948/1876 3731/3921/1878 3726/1764/1873
f 3570/1608/1717 3724/1762/1871 3560/1599/1707 3559/1598/1706
f 3733/1770/1880 3737/1774/1884 3739/1776/1886 3734/1771/1881
f 3578/1616/1725 3732/1769/1879 3568/3922/1715 3567/1606/1714
f 3741/1778/1888 3745/1782/1892 3747/1784/1894 3742/1779/1889
f 3586/1624/1733 3740/1777/1887 3576/1614/1723 3575/1613/1722
f 3749/1786/1896 3753/1790/1900 3755/1792/1902 3750/1787/1897
f 3594/1632/1741 3748/1785/1895 3584/1622/1731 3583/1621/1730
f 3757/1794/1904 3761/1798/1908 3763/1800/1910 3758/1795/1905
f 3602/1640/1749 3756/1793/1903 3592/1630/1739 3591/1629/1738
f 3765/1802/1912 3769/1806/1916 3771/1808/1918 3766/1803/1913
f 3610/1648/1757 3764/1801/1911 3600/1638/1747 3599/1637/1746
f 3773/1810/1920 3777/1814/1924 3779/1816/1926 3774/1811/1921
f 3618/1656/1765 3772/1809/1919 3608/1646/1755 3607/1645/1754
f 3781/1818/1928 3785/1822/1932 3787/1824/1934 3782/1819/1929
f 3626/1664/1773 3780/1817/1927 3616/1654/1763 3615/1653/1762
f 3789/1826/1936 3793/1830/1940 3795/1832/1942 3790/1827/1937
f 3634/1672/1781 3788/1825/1935 3624/1662/1771 3623/1661/1770
f 3797/1834/1944 3800/1837/1947 3802/1839/1949 3798/1835/1945
f 3641/1679/1788 3796/1833/1943 3632/1670/1779 3631/1669/1778
f 3497/1536/1644 3659/1697/1806 3639/1677/1786 3498/1537/1645
f 3803/1840/1950 3806/1843/1953 3808/1845/1955 3804/1841/1951
f 3648/1686/1795 3809/1846/1956 3660/1698/1807 3649/1687/1796
f 3813/1850/1960 3812/1849/1959 3811/1848/1958 3814/1851/1961
f 3817/1854/1964 3820/1857/1967 3821/1858/1968 3818/1855/1965
f 3666/1704/1813 3810/1847/1957 3646/1684/1793 3645/1683/1792
f 3823/1860/1970 3826/1863/1973 3827/1864/1974 3824/1861/1971
f 3674/1712/1821 3822/1859/1969 3664/1702/1811 3663/1701/1810
f 3829/1866/1976 3832/1869/1979 3833/1870/1980 3830/1867/1977
f 3682/1720/1829 3828/1865/1975 3672/1710/1819 3671/1709/1818
f 3835/1872/1982 3838/1875/1985 3839/1876/1986 3836/1873/1983
f 3690/1728/1837 3834/1871/1981 3680/1718/1827 3679/1717/1826
f 3841/1878/1988 3844/1881/1991 3845/1882/1992 3842/1879/1989
f 3698/1736/1845 3840/1877/1987 3688/1726/1835 3687/1725/1834
f 3847/1884/1994 3850/1887/1997 3851/1888/1998 3848/1885/1995
f 3706/1744/1853 3846/1883/1993 3696/1734/1843 3695/1733/1842
f 3853/1890/2000 3856/1893/2003 3857/1894/2004 3854/1891/2001
f 3714/1752/1861 3852/1889/1999 3704/1742/1851 3703/1741/1850
f 3859/1896/2006 3862/1899/2009 3863/1900/2010 3860/1897/2007
f 3722/1760/1869 3858/1895/2005 3712/1750/1859 3711/1749/1858
f 3865/3949/2012 3868/3950/2015 3869/3924/2016 3866/1903/2013
f 3730/1767/1877 3864/1901/2011 3720/1758/1867 3719/1757/1866
f 3871/1908/2018 3874/1911/2021 3875/1912/2022 3872/1909/2019
f 3738/1775/1885 3870/1907/2017 3728/3925/1875 3727/1765/1874
f 3877/1914/2024 3880/1917/2027 3881/1918/2028 3878/1915/2025
f 3746/1783/1893 3876/1913/2023 3736/1773/1883 3735/1772/1882
f 3883/1920/2030 3886/1923/2033 3887/1924/2034 3884/1921/2031
f 3754/1791/1901 3882/1919/2029 3744/1781/1891 3743/1780/1890
f 3889/1926/2036 3892/1929/2039 3893/1930/2040 3890/1927/2037
f 3762/1799/1909 3888/1925/2035 3752/1789/1899 3751/1788/1898
f 3895/1932/2042 3898/1935/2045 3899/1936/2046 3896/1933/2043
f 3770/1807/1917 3894/1931/2041 3760/1797/1907 3759/1796/1906
f 3901/1938/2048 3904/1941/2051 3905/1942/2052 3902/1939/2049
f 3778/1815/1925 3900/1937/2047 3768/1805/1915 3767/1804/1914
f 3907/1944/2054 3910/1947/2057 3911/1948/2058 3908/1945/2055
f 3786/1823/1933 3906/1943/2053 3776/1813/1923 3775/1812/1922
f 3913/1950/2060 3916/1953/2063 3917/1954/2064 3914/1951/2061
f 3794/1831/1941 3912/1949/2059 3784/1821/1931 3783/1820/1930
f 3919/1956/2066 3921/1958/2068 3922/1959/2069 3920/1957/2067
f 3801/1838/1948 3918/1955/2065 3792/1829/1939 3791/1828/1938
f 3657/1695/1804 3816/1853/1963 3799/1836/1946 3658/1696/1805
f 2346/392/493 2345/391/492 2357/403/504 3807/1844/1954
f 2333/379/480 2332/378/479 2341/387/488 3805/1842/1952
f 2320/366/467 2319/365/466 2328/374/475 3819/1856/1966
f 2307/353/454 2306/352/453 2315/361/462 3825/1862/1972
f 2294/340/441 2293/339/440 2302/348/449 3831/1868/1978
f 2281/327/428 2280/326/427 2289/335/436 3837/1874/1984
f 2268/314/415 2267/313/414 2276/322/423 3843/1880/1990
f 2255/301/402 2254/300/401 2263/309/410 3849/1886/1996
f 2242/288/389 2241/287/388 2250/296/397 3855/1892/2002
f 2229/275/376 2228/274/375 2237/283/384 3861/1898/2008
f 2216/265/363 2215/3905/362 2224/3923/371 3867/1904/2014
f 2203/253/350 2202/252/349 2211/261/358 3873/1910/2020
f 2184/234/331 2183/233/330 2198/248/345 3879/1916/2026
f 2191/241/338 2179/229/326 2178/228/325 3885/1922/2032
f 2422/468/569 2189/239/336 2188/238/335 3891/1928/2038
f 2411/457/558 2410/456/557 2419/465/566 3897/1934/2044
f 2398/444/545 2397/443/544 2406/452/553 3903/1940/2050
f 2385/431/532 2384/430/531 2393/439/540 3909/1946/2056
f 2372/418/519 2371/417/518 2380/426/527 3915/1952/2062
f 2356/402/503 2355/401/502 2367/413/514 3815/1852/1962
f 1/1999/2110 123/2000/2111 122/2001/2112 2/2002/2113
f 2/2002/2113 122/2001/2112 141/2003/2114 3/2004/2115
f 3/2004/2115 141/2003/2114 140/2005/2116 4/2006/2117
f 4/2006/2117 140/2005/2116 139/3961/2118 5/3987/2119
f 5/2008/2119 139/2007/2118 138/2009/2120 6/2010/2121
f 6/2010/2121 138/2009/2120 137/2011/2122 7/2012/2123
f 7/2012/2123 137/2011/2122 136/2013/2124 8/2014/2125
f 8/2014/2125 136/2013/2124 135/2015/2126 9/2016/2127
f 9/2016/2127 135/2015/2126 134/2017/2128 10/2018/2129
f 10/2018/2129 134/2017/2128 133/2019/2130 11/2020/2131
f 11/2020/2131 133/2019/2130 132/2021/2132 12/2022/2133
f 12/2022/2133 132/2021/2132 131/2023/2134 13/2024/2135
f 13/2024/2135 131/2023/2134 130/2025/2136 14/2026/2137
f 14/2026/2137 130/2025/2136 129/2027/2138 15/2028/2139
f 15/2028/2139 129/2027/2138 128/2029/2140 16/2030/2141
f 16/2030/2141 128/2029/2140 127/2031/2142 17/2032/2143
f 17/2032/2143 127/2031/2142 126/2033/2144 18/2034/2145
f 18/2034/2145 126/2033/2144 125/2035/2146 19/2036/2147
f 19/2036/2147 125/2035/2146 124/2037/2148 20/2038/2149
f 20/2038/2149 124/2037/2148 123/2000/2111 1/1999/2110
f 25/2039/2150 21/2040/2151 29/2041/2152
f 29/2041/2152 21/2040/2151 33/2042/2153
f 33/2042/2153 21/2040/2151 37/3951/2154
f 37/3951/2154 21/2040/2151 41/3952/2155
f 41/2043/2155 21/2040/2151 45/2044/2156
f 45/2044/2156 21/2040/2151 49/2045/2157
f 49/2045/2157 21/2040/2151 53/2046/2158
f 53/2046/2158 21/2040/2151 57/2047/2159
f 57/2047/2159 21/2040/2151 61/2048/2160
f 61/2048/2160 21/2040/2151 65/2049/2161
f 65/2049/2161 21/2040/2151 69/2050/2162
f 69/2050/2162 21/2040/2151 73/2051/2163
f 73/2051/2163 21/2040/2151 77/2052/2164
f 77/2052/2164 21/2040/2151 81/2053/2165
f 81/2053/2165 21/2040/2151 85/2054/2166
f 85/2054/2166 21/2040/2151 89/2055/2167
f 89/2055/2167 21/2040/2151 93/2056/2168
f 93/2056/2168 21/2040/2151 97/2057/2169
f 97/2057/2169 21/2040/2151 101/2058/2170
f 101/2058/2170 21/2040/2151 25/2039/2150
f 24/2059/2171 100/2060/2172 101/2058/2170 25/2039/2150
f 22/2061/2173 98/2062/2174 99/2063/2175 23/2064/2176
f 23/2064/2176 99/2063/2177 100/2060/2172 24/2059/2171
f 25/2039/2150 29/2041/2152 28/2065/2178 24/2059/2171
f 24/2059/2171 28/2065/2178 27/2066/2179 23/2064/2176
f 23/2064/2176 27/2066/2179 26/2067/2180 22/2061/2173
f 29/2041/2152 33/2042/2153 32/2068/2181 28/2065/2178
f 28/2065/2178 32/2068/2181 31/2069/2182 27/2066/2179
f 27/2066/2179 31/2069/2182 30/2070/2183 26/2067/2180
f 33/2042/2153 37/3951/2154 36/3953/2184 32/2068/2181
f 32/2068/2181 36/3953/2184 35/3955/2185 31/2069/2182
f 31/2069/2182 35/3955/2186 34/2071/2187 30/2070/2183
f 37/3951/2154 41/3952/2155 40/3954/2188 36/3953/2184
f 36/3953/2184 40/3954/2188 39/3956/2189 35/3955/2185
f 35/3955/2186 39/3956/2190 38/3957/2191 34/2071/2187
f 41/2043/2155 45/2044/2156 44/2075/2192 40/2072/2188
f 40/2072/2188 44/2075/2192 43/2076/2193 39/2073/2189
f 39/2073/2190 43/2076/2194 42/2077/2195 38/2074/2191
f 45/2044/2156 49/2045/2157 48/2078/2196 44/2075/2192
f 44/2075/2192 48/2078/2196 47/2079/2197 43/2076/2193
f 43/2076/2194 47/2079/2197 46/2080/2198 42/2077/2195
f 49/2045/2157 53/2046/2158 52/2081/2199 48/2078/2196
f 48/2078/2196 52/2081/2199 51/2082/2200 47/2079/2197
f 47/2079/2197 51/2082/2200 50/2083/2201 46/2080/2198
f 53/2046/2158 57/2047/2159 56/2084/2202 52/2081/2199
f 52/2081/2199 56/2084/2202 55/2085/2203 51/2082/2200
f 51/2082/2200 55/2085/2203 54/2086/2204 50/2083/2201
f 57/2047/2159 61/2048/2160 60/2087/2205 56/2084/2202
f 56/2084/2202 60/2087/2205 59/2088/2206 55/2085/2203
f 55/2085/2203 59/2088/2207 58/2089/2208 54/2086/2204
f 61/2048/2160 65/2049/2161 64/2090/2209 60/2087/2205
f 60/2087/2205 64/2090/2209 63/2091/2210 59/2088/2206
f 59/2088/2207 63/2091/2210 62/2092/2211 58/2089/2208
f 65/2049/2161 69/2050/2162 68/2093/2212 64/2090/2209
f 64/2090/2209 68/2093/2212 67/2094/2213 63/2091/2210
f 63/2091/2210 67/2094/2213 66/2095/2214 62/2092/2211
f 69/2050/2162 73/2051/2163 72/2096/2215 68/2093/2212
f 68/2093/2212 72/2096/2215 71/2097/2216 67/2094/2213
f 67/2094/2213 71/2097/2216 70/2098/2217 66/2095/2214
f 73/2051/2163 77/2052/2164 76/2099/2218 72/2096/2215
f 72/2096/2215 76/2099/2218 75/2100/2219 71/2097/2216
f 71/2097/2216 75/2100/2220 74/2101/2221 70/2098/2217
f 77/2052/2164 81/2053/2165 80/2102/2222 76/2099/2218
f 76/2099/2218 80/2102/2222 79/2103/2223 75/2100/2219
f 75/2100/2220 79/2103/2224 78/2104/2225 74/2101/2221
f 81/2053/2165 85/2054/2166 84/2105/2226 80/2102/2222
f 80/2102/2222 84/2105/2226 83/2106/2227 79/2103/2223
f 79/2103/2224 83/2106/2228 82/2107/2229 78/2104/2225
f 85/2054/2166 89/2055/2167 88/2108/2230 84/2105/2226
f 84/2105/2226 88/2108/2230 87/2109/2231 83/2106/2227
f 83/2106/2228 87/2109/2231 86/2110/2232 82/2107/2229
f 89/2055/2167 93/2056/2168 92/2111/2233 88/2108/2230
f 88/2108/2230 92/2111/2233 91/2112/2234 87/2109/2231
f 87/2109/2231 91/2112/2234 90/2113/2235 86/2110/2232
f 93/2056/2168 97/2057/2169 96/2114/2236 92/2111/2233
f 92/2111/2233 96/2114/2236 95/2115/2237 91/2112/2234
f 91/2112/2234 95/2115/2237 94/2116/2238 90/2113/2235
f 97/2057/2169 101/2058/2170 100/2060/2172 96/2114/2236
f 96/2114/2236 100/2060/2172 99/2063/2177 95/2115/2237
f 95/2115/2237 99/2063/2175 98/2062/2174 94/2116/2238
f 162/2117/2239 22/2061/2173 26/2067/2180 163/2118/2240
f 181/2119/2241 98/2062/2174 22/2061/2173 162/2117/2239
f 180/2120/2242 94/2116/2238 98/2062/2174 181/2119/2241
f 179/2121/2243 90/2113/2235 94/2116/2238 180/2120/2242
f 178/2122/2244 86/2110/2232 90/2113/2235 179/2121/2243
f 177/2123/2245 82/2107/2229 86/2110/2232 178/2122/2244
f 176/2124/2246 78/2104/2225 82/2107/2229 177/2123/2245
f 175/2125/2247 74/2101/2221 78/2104/2225 176/2124/2246
f 174/2126/2248 70/2098/2217 74/2101/2221 175/2125/2247
f 173/2127/2249 66/2095/2214 70/2098/2217 174/2126/2248
f 172/2128/2250 62/2092/2211 66/2095/2214 173/2127/2249
f 171/2129/2251 58/2089/2208 62/2092/2211 172/2128/2250
f 170/2130/2252 54/2086/2204 58/2089/2208 171/2129/2251
f 169/2131/2253 50/2083/2201 54/2086/2204 170/2130/2252
f 168/2132/2254 46/2080/2198 50/2083/2201 169/2131/2253
f 167/2133/2255 42/2077/2195 46/2080/2198 168/2132/2254
f 166/2134/2256 38/2074/2191 42/2077/2195 167/2133/2255
f 165/2135/2257 34/2071/2187 38/3957/2191 166/3962/2256
f 164/2136/2258 30/2070/2183 34/2071/2187 165/2135/2257
f 163/2118/2240 26/2067/2180 30/2070/2183 164/2136/2258
f 142/2137/2259 103/2138/2260 102/2139/2261 143/2140/2262
f 161/2141/2263 104/2142/2264 103/2138/2260 142/2137/2259
f 160/2143/2265 105/2144/2266 104/2142/2264 161/2141/2263
f 159/2145/2267 106/2146/2268 105/2144/2266 160/2143/2265
f 158/2147/2269 107/2148/2270 106/2146/2268 159/2145/2267
f 157/2149/2271 108/2150/2272 107/2148/2270 158/2147/2269
f 156/2151/2273 109/2152/2274 108/2150/2272 157/2149/2271
f 155/2153/2275 110/2154/2276 109/2152/2274 156/2151/2273
f 154/2155/2277 111/2156/2278 110/2154/2276 155/2153/2275
f 153/2157/2279 112/2158/2280 111/2156/2278 154/2155/2277
f 152/2159/2281 113/2160/2282 112/2158/2280 153/2157/2279
f 151/2161/2283 114/2162/2284 113/2160/2282 152/2159/2281
f 150/2163/2285 115/2164/2286 114/2162/2284 151/2161/2283
f 149/2165/2287 116/2166/2288 115/2164/2286 150/2163/2285
f 148/2167/2289 117/2168/2290 116/2166/2288 149/2165/2287
f 147/2169/2291 118/2170/2292 117/2168/2290 148/2167/2289
f 146/2171/2293 119/2172/2294 118/2170/2292 147/2169/2291
f 145/3959/2295 120/3965/2296 119/3958/2294 146/3960/2293
f 144/2173/2297 121/2174/2298 120/3965/2296 145/3959/2295
f 143/2140/2262 102/2139/2261 121/2174/2298 144/2173/2297
f 123/2000/2299 142/2137/2300 143/2140/2301 122/2001/2302
f 122/2001/2302 143/2140/2301 144/2173/2303 141/2003/2304
f 141/2003/2304 144/2173/2303 145/3959/2305 140/2005/2306
f 140/2005/2306 145/3959/2305 146/3960/2307 139/3961/2308
f 139/2007/2308 146/2171/2307 147/2169/2309 138/2009/2310
f 138/2009/2310 147/2169/2309 148/2167/2311 137/2011/2312
f 137/2011/2312 148/2167/2311 149/2165/2313 136/2013/2314
f 136/2013/2314 149/2165/2313 150/2163/2315 135/2015/2316
f 135/2015/2316 150/2163/2315 151/2161/2317 134/2017/2318
f 134/2017/2318 151/2161/2317 152/2159/2319 133/2019/2320
f 133/2019/2320 152/2159/2319 153/2157/2321 132/2021/2322
f 132/2021/2322 153/2157/2321 154/2155/2323 131/2023/2324
f 131/2023/2324 154/2155/2323 155/2153/2325 130/2025/2326
f 130/2025/2326 155/2153/2325 156/2151/2327 129/2027/2328
f 129/2027/2328 156/2151/2327 157/2149/2329 128/2029/2330
f 128/2029/2330 157/2149/2329 158/2147/2331 127/2031/2332
f 127/2031/2332 158/2147/2331 159/2145/2333 126/2033/2334
f 126/2033/2334 159/2145/2333 160/2143/2335 125/2035/2336
f 125/2035/2336 160/2143/2335 161/2141/2337 124/2037/2338
f 124/2037/2338 161/2141/2337 142/2137/2300 123/2000/2299
f 183/2175/2339 162/2117/2340 163/2118/2341 182/2176/2342
f 184/2177/2343 181/2119/2344 162/2117/2340 183/2175/2339
f 185/2178/2345 180/2120/2346 181/2119/2344 184/2177/2343
f 186/2179/2347 179/2121/2348 180/2120/2346 185/2178/2345
f 187/2180/2349 178/2122/2350 179/2121/2348 186/2179/2347
f 188/2181/2351 177/2123/2352 178/2122/2350 187/2180/2349
f 189/2182/2353 176/2124/2354 177/2123/2352 188/2181/2351
f 190/2183/2355 175/2125/2356 176/2124/2354 189/2182/2353
f 191/2184/2357 174/2126/2358 175/2125/2356 190/2183/2355
f 192/2185/2359 173/2127/2360 174/2126/2358 191/2184/2357
f 193/2186/2361 172/2128/2362 173/2127/2360 192/2185/2359
f 194/2187/2363 171/2129/2364 172/2128/2362 193/2186/2361
f 195/2188/2365 170/2130/2366 171/2129/2364 194/2187/2363
f 196/2189/2367 169/2131/2368 170/2130/2366 195/2188/2365
f 197/2190/2369 168/2132/2370 169/2131/2368 196/2189/2367
f 198/2191/2371 167/2133/2372 168/2132/2370 197/2190/2369
f 199/2192/2373 166/2134/2374 167/2133/2372 198/2191/2371
f 200/2193/2375 165/2135/2376 166/3962/2374 199/3963/2373
f 201/2194/2377 164/2136/2378 165/2135/2376 200/2193/2375
f 182/2176/2342 163/2118/2341 164/2136/2378 201/2194/2377
f 203/2195/2379 183/2175/2380 182/2176/2381 202/2196/2382
f 204/2197/2383 184/2177/2384 183/2175/2380 203/2195/2379
f 205/2198/2385 185/2178/2386 184/2177/2384 204/2197/2383
f 206/2199/2387 186/2179/2388 185/2178/2386 205/2198/2385
f 207/2200/2389 187/2180/2390 186/2179/2388 206/2199/2387
f 208/2201/2391 188/2181/2392 187/2180/2390 207/2200/2389
f 209/2202/2393 189/2182/2394 188/2181/2392 208/2201/2391
f 210/2203/2395 190/2183/2396 189/2182/2394 209/2202/2393
f 211/2204/2397 191/2184/2398 190/2183/2396 210/2203/2395
f 212/2205/2399 192/2185/2400 191/2184/2398 211/2204/2397
f 213/2206/2401 193/2186/2402 192/2185/2400 212/2205/2399
f 214/2207/2403 194/2187/2404 193/2186/2402 213/2206/2401
f 215/2208/2405 195/2188/2406 194/2187/2404 214/2207/2403
f 216/2209/2407 196/2189/2408 195/2188/2406 215/2208/2405
f 217/2210/2409 197/2190/2410 196/2189/2408 216/2209/2407
f 218/2211/2411 198/2191/2412 197/2190/2410 217/2210/2409
f 219/2212/2413 199/2192/2414 198/2191/2412 218/2211/2411
f 220/2213/2415 200/2193/2416 199/3963/2414 219/3966/2413
f 221/2214/2417 201/2194/2418 200/2193/2416 220/2213/2415
f 202/2196/2382 182/2176/2381 201/2194/2418 221/2214/2417
f 4083/4173/2419 4084/4174/2420 4085/4175/2421 4086/4176/2422
f 4087/4177/2423 4088/4178/2424 4089/4179/2425 4090/4180/2426
f 223/2217/2427 232/2218/2428 233/2219/2429 225/2220/2430
f 4091/4181/2431 4092/4182/2432 4093/4183/2433 4094/4184/2434
f 225/2220/2435 226/2223/2436 227/2224/2437 224/2221/2438
f 226/2223/2436 1875/2225/2439 1876/2226/2440 229/2227/2441
f 228/2228/2442 237/2229/2443 235/2230/2444 227/2224/2437
f 229/2227/2441 1870/2231/2445 1871/2232/2446 228/2228/2442
f 4095/4185/2447 4096/4186/2448 4097/4187/2449 4098/4188/2450
f 231/2233/2451 1879/2234/2452 1880/2235/2453 234/2236/2454
f 232/2218/2428 380/2215/2455 381/2237/2456 231/2233/2451
f 234/2236/2454 1874/2238/2457 1875/2225/2439 233/2219/2429
f 4099/4189/2458 4100/4190/2459 4101/4191/2460 4102/4192/2461
f 237/2229/2462 238/2241/2463 239/2242/2464 236/2239/2465
f 238/2241/2463 1871/2232/2446 1872/2243/2466 241/2244/2467
f 240/2245/2468 245/2246/2469 243/2247/2470 239/2242/2464
f 241/2244/2467 1866/2248/2471 1867/2249/2472 240/2245/2468
f 4103/4193/2473 4104/4194/2474 4105/4195/2475 4106/4196/2476
f 4107/4197/2477 4108/4198/2478 4109/4199/2479 4110/4200/2480
f 245/2246/2481 246/2252/2482 247/2253/2483 244/2250/2484
f 246/2252/2482 1867/2249/2472 1868/2254/2485 249/2255/2486
f 248/2256/2487 253/2257/2488 251/2258/2489 247/2253/2483
f 249/2255/2486 1862/2259/2490 1863/2260/2491 248/2256/2487
f 4111/4201/2492 4112/4202/2493 4113/4203/2494 4114/4204/2495
f 4115/4205/2496 4116/4206/2497 4117/4207/2498 4118/4208/2499
f 253/2257/2500 254/2262/2501 255/3990/2502 252/3988/2503
f 254/2262/2501 1863/2260/2491 1864/3991/2504 257/3967/2505
f 256/2265/2506 261/2266/2507 259/2267/2508 255/2263/2502
f 257/2264/2505 1858/2268/2509 1859/2269/2510 256/2265/2506
f 4119/4209/2511 4120/4210/2512 4121/4211/2513 4122/4212/2514
f 4123/4213/2515 4124/4214/2516 4125/4215/2517 4126/4216/2518
f 261/2266/2519 262/2272/2520 263/2273/2521 260/2270/2522
f 262/2272/2520 1859/2269/2510 1860/2274/2523 265/2275/2524
f 264/2276/2525 269/2277/2526 267/2278/2527 263/2273/2521
f 265/2275/2524 1854/2279/2528 1855/2280/2529 264/2276/2525
f 4127/4217/2530 4128/4218/2531 4129/4219/2532 4130/4220/2533
f 4131/4221/2534 4132/4222/2535 4133/4223/2536 4134/4224/2537
f 269/2277/2538 270/2283/2539 271/2284/2540 268/2281/2541
f 270/2283/2539 1855/2280/2529 1856/2285/2542 273/2286/2543
f 272/2287/2544 277/2288/2545 275/2289/2546 271/2284/2540
f 273/2286/2543 1850/2290/2547 1851/2291/2548 272/2287/2544
f 4135/4225/2549 4136/4226/2550 4137/4227/2551 4138/4228/2552
f 4139/4229/2553 4140/4230/2554 4141/4231/2555 4142/4232/2556
f 277/2288/2557 278/2294/2558 279/2295/2559 276/2292/2560
f 278/2294/2558 1851/2291/2548 1852/2296/2561 281/2297/2562
f 280/2298/2563 285/2299/2564 283/2300/2565 279/2295/2559
f 281/2297/2562 1846/2301/2566 1847/2302/2567 280/2298/2563
f 4143/4233/2568 4144/4234/2569 4145/4235/2570 4146/4236/2571
f 4147/4237/2572 4148/4238/2573 4149/4239/2574 4150/4240/2575
f 285/2299/2576 286/2305/2577 287/2306/2578 284/2303/2579
f 286/2305/2577 1847/2302/2567 1848/2307/2580 289/2308/2581
f 288/2309/2582 293/2310/2583 291/2311/2584 287/2306/2578
f 289/2308/2581 1842/2312/2585 1843/2313/2586 288/2309/2582
f 4151/4241/2587 4152/4242/2588 4153/4243/2589 4154/4244/2590
f 4155/4245/2591 4156/4246/2592 4157/4247/2593 4158/4248/2594
f 293/2310/2595 294/2316/2596 295/2317/2597 292/2314/2598
f 294/2316/2596 1843/2313/2586 1844/2318/2599 297/2319/2600
f 296/2320/2601 301/2321/2602 299/2322/2603 295/2317/2597
f 297/2319/2600 1838/2323/2604 1839/2324/2605 296/2320/2601
f 4159/4249/2606 4160/4250/2607 4161/4251/2608 4162/4252/2609
f 4163/4253/2610 4164/4254/2611 4165/4255/2612 4166/4256/2613
f 301/2321/2614 302/2327/2615 303/2328/2616 300/2325/2617
f 302/2327/2615 1839/2324/2605 1840/2329/2618 305/2330/2619
f 304/2331/2620 309/2332/2621 307/2333/2622 303/2328/2616
f 305/2330/2619 1834/2334/2623 1835/2335/2624 304/2331/2620
f 4167/4257/2625 4168/4258/2626 4169/4259/2627 4170/4260/2628
f 4171/4261/2629 4172/4262/2630 4173/4263/2631 4174/4264/2632
f 309/2332/2633 310/2338/2634 311/2339/2635 308/2336/2636
f 310/2338/2634 1835/2335/2624 1836/2340/2637 313/2341/2638
f 312/2342/2639 317/2343/2640 315/2344/2641 311/2339/2635
f 313/2341/2638 1830/2345/2642 1831/2346/2643 312/2342/2639
f 4175/4265/2644 4176/4266/2645 4177/4267/2646 4178/4268/2647
f 4179/4269/2648 4180/4270/2649 4181/4271/2650 4182/4272/2651
f 317/2343/2652 318/2349/2653 319/2350/2654 316/2347/2655
f 318/2349/2653 1831/2346/2643 1832/2351/2656 321/2352/2657
f 320/2353/2658 325/2354/2659 323/2355/2660 319/2350/2654
f 321/2352/2657 1826/2356/2661 1827/2357/2662 320/2353/2658
f 4183/4273/2663 4184/4274/2664 4185/4275/2665 4186/4276/2666
f 4187/4277/2667 4188/4278/2668 4189/4279/2669 4190/4280/2670
f 325/2354/2671 326/2360/2672 327/2361/2673 324/2358/2674
f 326/2360/2672 1827/2357/2662 1828/2362/2675 329/2363/2676
f 328/2364/2677 333/2365/2678 331/2366/2679 327/2361/2673
f 329/2363/2676 1822/2367/2680 1823/2368/2681 328/2364/2677
f 4191/4281/2682 4192/4282/2683 4193/4283/2684 4194/4284/2685
f 4195/4285/2686 4196/4286/2687 4197/4287/2688 4198/4288/2689
f 333/2365/2690 335/2371/2691 336/2372/2692 332/2369/2693
f 334/2373/2694 1898/2374/2695 1899/2375/2696 337/2376/2697
f 335/2371/2691 1823/2368/2681 1824/2377/2698 334/2373/2694
f 337/2376/2697 341/2378/2699 339/2379/2700 336/2372/2692
f 4199/4289/2701 4200/4290/2702 4201/4291/2703 4202/4292/2704
f 4203/4293/2705 4204/4294/2706 4205/4295/2707 4206/4296/2708
f 341/2378/2709 342/2382/2710 343/2383/2711 340/2380/2712
f 342/2382/2710 1899/2375/2696 1900/2384/2713 345/2385/2714
f 344/2386/2715 349/2387/2716 347/2388/2717 343/2383/2711
f 345/2385/2714 1894/2389/2718 1895/2390/2719 344/2386/2715
f 4207/4297/2720 4208/4298/2721 4209/4299/2722 4210/4300/2723
f 4211/4301/2724 4212/4302/2725 4213/4303/2726 4214/4304/2727
f 349/2387/2728 350/2393/2729 351/2394/2730 348/2391/2731
f 350/2393/2729 1895/2390/2719 1896/2395/2732 353/2396/2733
f 352/2397/2734 357/2398/2735 355/2399/2736 351/2394/2730
f 353/2396/2733 1890/2400/2737 1891/2401/2738 352/2397/2734
f 4215/4305/2739 4216/4306/2740 4217/4307/2741 4218/4308/2742
f 4219/4309/2743 4220/4310/2744 4221/4311/2745 4222/4312/2746
f 357/2398/2747 358/2404/2748 359/2405/2749 356/2402/2750
f 358/2404/2748 1891/2401/2738 1892/2406/2751 361/2407/2752
f 360/2408/2753 365/2409/2754 363/2410/2755 359/2405/2749
f 361/2407/2752 1886/2411/2756 1887/2412/2757 360/2408/2753
f 4223/4313/2758 4224/4314/2759 4225/4315/2760 4226/4316/2761
f 4227/4317/2762 4228/4318/2763 4229/4319/2764 4230/4320/2765
f 365/2409/2766 366/2415/2767 367/2416/2768 364/2413/2769
f 366/2415/2767 1887/2412/2757 1888/2417/2770 369/2418/2771
f 368/2419/2772 373/2420/2773 371/2421/2774 367/2416/2768
f 369/2418/2771 1882/2422/2775 1883/2423/2776 368/2419/2772
f 4231/4321/2777 4232/4322/2778 4233/4323/2779 4234/4324/2780
f 4235/4325/2781 4236/4326/2782 4237/4327/2783 4238/4328/2784
f 373/2420/2785 374/2426/2786 375/2427/2787 372/2424/2788
f 374/2426/2786 1883/2423/2776 1884/2428/2789 377/2429/2790
f 376/2430/2791 381/2237/2792 379/2431/2793 375/2427/2787
f 377/2429/2790 1878/2432/2794 1879/2234/2452 376/2430/2791
f 4239/4329/2795 4240/4330/2796 4241/4331/2797 4242/4332/2798
f 382/2433/2799 560/2434/2800 561/2435/2801 385/2436/2802
f 383/2437/2803 549/2438/2804 546/2439/2805 382/2433/2799
f 384/2440/2806 386/2441/2807 387/2442/2808 383/2437/2803
f 385/2436/2802 400/2443/2809 401/2444/2810 384/2440/2806
f 4243/4333/2811 4244/4334/2812 4245/4335/2813 4246/4336/2814
f 388/2446/2815 391/2447/2816 392/2448/2817 387/2442/2818
f 4247/4337/2819 4248/4338/2820 4249/4339/2821 4250/4340/2822
f 4251/4341/2823 4252/4342/2824 4253/4343/2825 4254/4344/2826
f 390/2451/2827 701/2452/2828 698/2453/2829 393/2454/2830
f 391/2447/2816 539/2450/2831 540/2455/2832 390/2451/2827
f 393/2454/2830 548/2456/2833 549/2438/2804 392/2448/2817
f 4255/4345/2834 4256/4346/2835 4257/4347/2836 4258/4348/2837
f 395/2457/2838 568/2458/2839 569/2459/2840 398/2460/2841
f 396/2461/2842 561/2435/2801 558/2462/2843 395/2457/2838
f 397/2463/2844 399/2464/2845 400/2443/2846 396/2461/2842
f 398/2460/2841 408/2465/2847 409/2466/2848 397/2463/2844
f 4259/4349/2849 4260/4350/2850 4261/4351/2851 4262/4352/2852
f 4263/4353/2853 4264/4354/2854 4265/4355/2855 4266/4356/2856
f 403/2468/2857 576/2469/2858 577/2470/2859 406/2471/2860
f 404/2472/2861 569/2459/2840 566/2473/2862 403/2468/2857
f 405/2474/2863 407/2475/2864 408/2465/2865 404/2472/2861
f 406/2471/2860 416/2476/2866 417/2477/2867 405/2474/2863
f 4267/4357/2868 4268/4358/2869 4269/4359/2870 4270/4360/2871
f 4271/4361/2872 4272/4362/2873 4273/4363/2874 4274/4364/2875
f 411/2479/2876 584/2480/2877 585/2481/2878 414/2482/2879
f 412/2483/2880 577/2470/2859 574/2484/2881 411/2479/2876
f 413/2485/2882 415/2486/2883 416/2476/2884 412/2483/2880
f 414/2482/2879 424/2487/2885 425/2488/2886 413/2485/2882
f 4275/4365/2887 4276/4366/2888 4277/4367/2889 4278/4368/2890
f 4279/4369/2891 4280/4370/2892 4281/4371/2893 4282/4372/2894
f 419/2490/2895 592/2491/2896 593/2492/2897 422/2493/2898
f 420/2494/2899 585/2481/2878 582/2495/2900 419/2490/2895
f 421/2496/2901 423/2497/2902 424/2487/2903 420/2494/2899
f 422/2493/2898 432/2498/2904 433/2499/2905 421/2496/2901
f 4283/4373/2906 4284/4374/2907 4285/4375/2908 4286/4376/2909
f 4287/4377/2910 4288/4378/2911 4289/4379/2912 4290/4380/2913
f 427/2501/2914 600/2502/2915 601/2503/2916 430/2504/2917
f 428/2505/2918 593/2492/2897 590/2506/2919 427/2501/2914
f 429/2507/2920 431/2508/2921 432/2498/2922 428/2505/2918
f 430/2504/2917 440/2509/2923 441/2510/2924 429/2507/2920
f 4291/4381/2925 4292/4382/2926 4293/4383/2927 4294/4384/2928
f 4295/4385/2929 4296/4386/2930 4297/4387/2931 4298/4388/2932
f 435/2512/2933 608/2513/2934 609/2514/2935 438/2515/2936
f 436/2516/2937 601/2503/2916 598/2517/2938 435/2512/2933
f 437/2518/2939 439/2519/2940 440/2509/2941 436/2516/2937
f 438/2515/2936 448/2520/2942 449/2521/2943 437/2518/2939
f 4299/4389/2944 4300/4390/2945 4301/4391/2946 4302/4392/2947
f 4303/4393/2948 4304/4394/2949 4305/4395/2950 4306/4396/2951
f 443/2523/2952 616/2524/2953 617/2525/2954 446/2526/2955
f 444/2527/2956 609/2514/2935 606/2528/2957 443/2523/2952
f 445/2529/2958 447/2530/2959 448/2520/2960 444/2527/2956
f 446/2526/2955 456/2531/2961 457/2532/2962 445/2529/2958
f 4307/4397/2963 4308/4398/2964 4309/4399/2965 4310/4400/2966
f 4311/4401/2967 4312/4402/2968 4313/4403/2969 4314/4404/2970
f 451/2534/2971 624/2535/2972 625/2536/2973 454/2537/2974
f 452/2538/2975 617/2525/2954 614/2539/2976 451/2534/2971
f 453/2540/2977 455/2541/2978 456/2531/2979 452/2538/2975
f 454/2537/2974 464/2542/2980 465/2543/2981 453/2540/2977
f 4315/4405/2982 4316/4406/2983 4317/4407/2984 4318/4408/2985
f 4319/4409/2986 4320/4410/2987 4321/4411/2988 4322/4412/2989
f 459/3993/2990 632/3998/2991 633/2546/2992 462/2547/2993
f 460/2548/2994 625/2536/2973 622/2549/2995 459/2545/2990
f 461/2550/2996 463/2551/2997 464/2542/2998 460/2548/2994
f 462/2547/2993 472/2552/2999 473/3994/3000 461/3969/2996
f 4323/4413/3001 4324/4414/3002 4325/4415/3003 4326/4416/3004
f 4327/4417/3005 4328/4418/3006 4329/4419/3007 4330/4420/3008
f 467/2554/3009 640/2555/3010 641/2556/3011 470/2557/3012
f 468/2558/3013 633/2546/2992 630/2559/3014 467/2554/3009
f 469/2560/3015 471/2561/3016 472/2552/3017 468/2558/3013
f 470/2557/3012 480/2562/3018 481/2563/3019 469/2560/3015
f 4331/4421/3020 4332/4422/3021 4333/4423/3022 4334/4424/3023
f 4335/4425/3024 4336/4426/3025 4337/4427/3026 4338/4428/3027
f 475/2565/3028 648/2566/3029 649/2567/3030 478/2568/3031
f 476/2569/3032 641/2556/3011 638/2570/3033 475/2565/3028
f 477/2571/3034 479/2572/3035 480/2562/3036 476/2569/3032
f 478/2568/3031 488/2573/3037 489/2574/3038 477/2571/3034
f 4339/4429/3039 4340/4430/3040 4341/4431/3041 4342/4432/3042
f 4343/4433/3043 4344/4434/3044 4345/4435/3045 4346/4436/3046
f 483/2576/3047 656/2577/3048 657/2578/3049 486/2579/3050
f 484/2580/3051 649/2567/3030 646/2581/3052 483/2576/3047
f 485/2582/3053 487/2583/3054 488/2573/3055 484/2580/3051
f 486/2579/3050 496/2584/3056 497/2585/3057 485/2582/3053
f 4347/4437/3058 4348/4438/3059 4349/4439/3060 4350/4440/3061
f 4351/4441/3062 4352/4442/3063 4353/4443/3064 4354/4444/3065
f 491/2587/3066 664/2588/3067 665/2589/3068 494/2590/3069
f 492/2591/3070 657/2578/3049 654/2592/3071 491/2587/3066
f 493/2593/3072 495/2594/3073 496/2584/3074 492/2591/3070
f 494/2590/3069 504/2595/3075 505/2596/3076 493/2593/3072
f 4355/4445/3077 4356/4446/3078 4357/4447/3079 4358/4448/3080
f 4359/4449/3081 4360/4450/3082 4361/4451/3083 4362/4452/3084
f 499/2598/3085 672/2599/3086 673/2600/3087 502/2601/3088
f 500/2602/3089 665/2589/3068 662/2603/3090 499/2598/3085
f 501/2604/3091 503/2605/3092 504/2595/3093 500/2602/3089
f 502/2601/3088 512/2606/3094 513/2607/3095 501/2604/3091
f 4363/4453/3096 4364/4454/3097 4365/4455/3098 4366/4456/3099
f 4367/4457/3100 4368/4458/3101 4369/4459/3102 4370/4460/3103
f 507/2609/3104 680/2610/3105 681/2611/3106 510/2612/3107
f 508/2613/3108 673/2600/3087 670/2614/3109 507/2609/3104
f 509/2615/3110 511/2616/3111 512/2606/3112 508/2613/3108
f 510/2612/3107 520/2617/3113 521/2618/3114 509/2615/3110
f 4371/4461/3115 4372/4462/3116 4373/4463/3117 4374/4464/3118
f 4375/4465/3119 4376/4466/3120 4377/4467/3121 4378/4468/3122
f 515/2620/3123 688/2621/3124 689/2622/3125 518/2623/3126
f 516/2624/3127 681/2611/3106 678/2625/3128 515/2620/3123
f 517/2626/3129 519/2627/3130 520/2617/3131 516/2624/3127
f 518/2623/3126 528/2628/3132 529/2629/3133 517/2626/3129
f 4379/4469/3134 4380/4470/3135 4381/4471/3136 4382/4472/3137
f 4383/4473/3138 4384/4474/3139 4385/4475/3140 4386/4476/3141
f 523/2631/3142 696/2632/3143 697/2633/3144 526/2634/3145
f 524/2635/3146 689/2622/3125 686/2636/3147 523/2631/3142
f 525/2637/3148 527/2638/3149 528/2628/3150 524/2635/3146
f 526/2634/3145 536/2639/3151 537/2640/3152 525/2637/3148
f 4387/4477/3153 4388/4478/3154 4389/4479/3155 4390/4480/3156
f 4391/4481/3157 4392/4482/3158 4393/4483/3159 4394/4484/3160
f 531/2642/3161 700/2643/3162 701/2452/2828 534/2644/3163
f 532/2645/3164 697/2633/3144 694/2646/3165 531/2642/3161
f 533/2647/3166 535/2648/3167 536/2639/3168 532/2645/3164
f 534/2644/3163 540/2455/3169 541/2649/3170 533/2647/3166
f 4395/4485/3171 4396/4486/3172 4397/4487/3173 4398/4488/3174
f 4399/4489/3175 4400/4490/3176 4401/4491/3177 4402/4492/3178
f 542/2651/3179 720/2652/3180 721/2653/3181 545/2654/3182
f 543/2655/3183 709/2656/3184 706/2657/3185 542/2651/3179
f 544/2658/3186 546/2439/2805 547/2659/3187 543/2655/3183
f 545/2654/3182 559/2660/3188 560/2434/2800 544/2658/3186
f 548/2456/2833 551/2661/3189 552/2662/3190 547/2659/3187
f 550/2663/3191 861/2664/3192 858/2665/3193 553/2666/3194
f 551/2661/3189 698/2453/2829 699/2667/3195 550/2663/3191
f 553/2666/3194 708/2668/3196 709/2656/3184 552/2662/3190
f 554/2669/3197 728/2670/3198 729/2671/3199 557/2672/3200
f 555/2673/3201 721/2653/3181 718/2674/3202 554/2669/3197
f 556/2675/3203 558/2462/2843 559/2660/3188 555/2673/3201
f 557/2672/3200 567/2676/3204 568/2458/2839 556/2675/3203
f 562/2677/3205 736/2678/3206 737/2679/3207 565/2680/3208
f 563/2681/3209 729/2671/3199 726/2682/3210 562/2677/3205
f 564/2683/3211 566/2473/2862 567/2676/3204 563/2681/3209
f 565/2680/3208 575/2684/3212 576/2469/2858 564/2683/3211
f 570/2685/3213 744/2686/3214 745/2687/3215 573/2688/3216
f 571/2689/3217 737/2679/3207 734/2690/3218 570/2685/3213
f 572/2691/3219 574/2484/2881 575/2684/3212 571/2689/3217
f 573/2688/3216 583/2692/3220 584/2480/2877 572/2691/3219
f 578/2693/3221 752/2694/3222 753/2695/3223 581/2696/3224
f 579/2697/3225 745/2687/3215 742/2698/3226 578/2693/3221
f 580/2699/3227 582/2495/2900 583/2692/3220 579/2697/3225
f 581/2696/3224 591/2700/3228 592/2491/2896 580/2699/3227
f 586/2701/3229 760/2702/3230 761/2703/3231 589/2704/3232
f 587/2705/3233 753/2695/3223 750/2706/3234 586/2701/3229
f 588/2707/3235 590/2506/2919 591/2700/3228 587/2705/3233
f 589/2704/3232 599/2708/3236 600/2502/2915 588/2707/3235
f 594/2709/3237 768/2710/3238 769/2711/3239 597/2712/3240
f 595/2713/3241 761/2703/3231 758/2714/3242 594/2709/3237
f 596/2715/3243 598/2517/2938 599/2708/3236 595/2713/3241
f 597/2712/3240 607/2716/3244 608/2513/2934 596/2715/3243
f 602/2717/3245 776/2718/3246 777/2719/3247 605/2720/3248
f 603/2721/3249 769/2711/3239 766/2722/3250 602/2717/3245
f 604/2723/3251 606/2528/2957 607/2716/3244 603/2721/3249
f 605/2720/3248 615/2724/3252 616/2524/2953 604/2723/3251
f 610/2725/3253 784/2726/3254 785/2727/3255 613/2728/3256
f 611/2729/3257 777/2719/3247 774/2730/3258 610/2725/3253
f 612/2731/3259 614/2539/2976 615/2724/3252 611/2729/3257
f 613/2728/3256 623/2732/3260 624/2535/2972 612/2731/3259
f 618/3997/3261 792/4000/3262 793/2734/3263 621/2735/3264
f 619/2736/3265 785/2727/3255 782/2737/3266 618/2733/3261
f 620/2738/3267 622/2549/2995 623/2732/3260 619/2736/3265
f 621/2735/3264 631/2739/3268 632/3998/2991 620/3971/3267
f 626/2740/3269 800/2741/3270 801/2742/3271 629/2743/3272
f 627/2744/3273 793/2734/3263 790/2745/3274 626/2740/3269
f 628/2746/3275 630/2559/3014 631/2739/3268 627/2744/3273
f 629/2743/3272 639/2747/3276 640/2555/3010 628/2746/3275
f 634/2748/3277 808/2749/3278 809/2750/3279 637/2751/3280
f 635/2752/3281 801/2742/3271 798/2753/3282 634/2748/3277
f 636/2754/3283 638/2570/3033 639/2747/3276 635/2752/3281
f 637/2751/3280 647/2755/3284 648/2566/3029 636/2754/3283
f 642/2756/3285 816/2757/3286 817/2758/3287 645/2759/3288
f 643/2760/3289 809/2750/3279 806/2761/3290 642/2756/3285
f 644/2762/3291 646/2581/3052 647/2755/3284 643/2760/3289
f 645/2759/3288 655/2763/3292 656/2577/3048 644/2762/3291
f 650/2764/3293 824/2765/3294 825/2766/3295 653/2767/3296
f 651/2768/3297 817/2758/3287 814/2769/3298 650/2764/3293
f 652/2770/3299 654/2592/3071 655/2763/3292 651/2768/3297
f 653/2767/3296 663/2771/3300 664/2588/3067 652/2770/3299
f 658/2772/3301 832/2773/3302 833/2774/3303 661/2775/3304
f 659/2776/3305 825/2766/3295 822/2777/3306 658/2772/3301
f 660/2778/3307 662/2603/3090 663/2771/3300 659/2776/3305
f 661/2775/3304 671/2779/3308 672/2599/3086 660/2778/3307
f 666/2780/3309 840/2781/3310 841/2782/3311 669/2783/3312
f 667/2784/3313 833/2774/3303 830/2785/3314 666/2780/3309
f 668/2786/3315 670/2614/3109 671/2779/3308 667/2784/3313
f 669/2783/3312 679/2787/3316 680/2610/3105 668/2786/3315
f 674/2788/3317 848/2789/3318 849/2790/3319 677/2791/3320
f 675/2792/3321 841/2782/3311 838/2793/3322 674/2788/3317
f 676/2794/3323 678/2625/3128 679/2787/3316 675/2792/3321
f 677/2791/3320 687/2795/3324 688/2621/3124 676/2794/3323
f 682/2796/3325 856/2797/3326 857/2798/3327 685/2799/3328
f 683/2800/3329 849/2790/3319 846/2801/3330 682/2796/3325
f 684/2802/3331 686/2636/3147 687/2795/3324 683/2800/3329
f 685/2799/3328 695/2803/3332 696/2632/3143 684/2802/3331
f 690/2804/3333 860/2805/3334 861/2664/3192 693/2806/3335
f 691/2807/3336 857/2798/3327 854/2808/3337 690/2804/3333
f 692/2809/3338 694/2646/3165 695/2803/3332 691/2807/3336
f 693/2806/3335 699/2667/3195 700/2643/3162 692/2809/3338
f 702/2810/3339 880/2811/3340 881/2812/3341 705/2813/3342
f 703/2814/3343 869/2815/3344 866/2816/3345 702/2810/3339
f 704/2817/3346 706/2657/3185 707/2818/3347 703/2814/3343
f 705/2813/3342 719/2819/3348 720/2652/3180 704/2817/3346
f 708/2668/3196 711/2820/3349 712/2821/3350 707/2818/3347
f 710/2822/3351 1021/2823/3352 1018/2824/3353 713/2825/3354
f 711/2820/3349 858/2665/3193 859/2826/3355 710/2822/3351
f 713/2825/3354 868/2827/3356 869/2815/3344 712/2821/3350
f 714/2828/3357 888/2829/3358 889/2830/3359 717/2831/3360
f 715/2832/3361 881/2812/3341 878/2833/3362 714/2828/3357
f 716/2834/3363 718/2674/3202 719/2819/3348 715/2832/3361
f 717/2831/3360 727/2835/3364 728/2670/3198 716/2834/3363
f 722/2836/3365 896/2837/3366 897/2838/3367 725/2839/3368
f 723/2840/3369 889/2830/3359 886/2841/3370 722/2836/3365
f 724/2842/3371 726/2682/3210 727/2835/3364 723/2840/3369
f 725/2839/3368 735/2843/3372 736/2678/3206 724/2842/3371
f 730/2844/3373 904/2845/3374 905/2846/3375 733/2847/3376
f 731/2848/3377 897/2838/3367 894/2849/3378 730/2844/3373
f 732/2850/3379 734/2690/3218 735/2843/3372 731/2848/3377
f 733/2847/3376 743/2851/3380 744/2686/3214 732/2850/3379
f 738/2852/3381 912/2853/3382 913/2854/3383 741/2855/3384
f 739/2856/3385 905/2846/3375 902/2857/3386 738/2852/3381
f 740/2858/3387 742/2698/3226 743/2851/3380 739/2856/3385
f 741/2855/3384 751/2859/3388 752/2694/3222 740/2858/3387
f 746/2860/3389 920/2861/3390 921/2862/3391 749/2863/3392
f 747/2864/3393 913/2854/3383 910/2865/3394 746/2860/3389
f 748/2866/3395 750/2706/3234 751/2859/3388 747/2864/3393
f 749/2863/3392 759/2867/3396 760/2702/3230 748/2866/3395
f 754/2868/3397 928/2869/3398 929/2870/3399 757/2871/3400
f 755/2872/3401 921/2862/3391 918/2873/3402 754/2868/3397
f 756/2874/3403 758/2714/3242 759/2867/3396 755/2872/3401
f 757/2871/3400 767/2875/3404 768/2710/3238 756/2874/3403
f 762/2876/3405 936/2877/3406 937/2878/3407 765/2879/3408
f 763/2880/3409 929/2870/3399 926/2881/3410 762/2876/3405
f 764/2882/3411 766/2722/3250 767/2875/3404 763/2880/3409
f 765/2879/3408 775/2883/3412 776/2718/3246 764/2882/3411
f 770/2884/3413 944/2885/3414 945/2886/3415 773/2887/3416
f 771/2888/3417 937/2878/3407 934/2889/3418 770/2884/3413
f 772/2890/3419 774/2730/3258 775/2883/3412 771/2888/3417
f 773/2887/3416 783/2891/3420 784/2726/3254 772/2890/3419
f 778/3999/3421 952/4002/3422 953/2893/3423 781/2894/3424
f 779/2895/3425 945/2886/3415 942/2896/3426 778/2892/3421
f 780/2897/3427 782/2737/3266 783/2891/3420 779/2895/3425
f 781/2894/3424 791/2898/3428 792/4000/3262 780/3973/3427
f 786/2899/3429 960/2900/3430 961/2901/3431 789/2902/3432
f 787/2903/3433 953/2893/3423 950/2904/3434 786/2899/3429
f 788/2905/3435 790/2745/3274 791/2898/3428 787/2903/3433
f 789/2902/3432 799/2906/3436 800/2741/3270 788/2905/3435
f 794/2907/3437 968/2908/3438 969/2909/3439 797/2910/3440
f 795/2911/3441 961/2901/3431 958/2912/3442 794/2907/3437
f 796/2913/3443 798/2753/3282 799/2906/3436 795/2911/3441
f 797/2910/3440 807/2914/3444 808/2749/3278 796/2913/3443
f 802/2915/3445 976/2916/3446 977/2917/3447 805/2918/3448
f 803/2919/3449 969/2909/3439 966/2920/3450 802/2915/3445
f 804/2921/3451 806/2761/3290 807/2914/3444 803/2919/3449
f 805/2918/3448 815/2922/3452 816/2757/3286 804/2921/3451
f 810/2923/3453 984/2924/3454 985/2925/3455 813/2926/3456
f 811/2927/3457 977/2917/3447 974/2928/3458 810/2923/3453
f 812/2929/3459 814/2769/3298 815/2922/3452 811/2927/3457
f 813/2926/3456 823/2930/3460 824/2765/3294 812/2929/3459
f 818/2931/3461 992/2932/3462 993/2933/3463 821/2934/3464
f 819/2935/3465 985/2925/3455 982/2936/3466 818/2931/3461
f 820/2937/3467 822/2777/3306 823/2930/3460 819/2935/3465
f 821/2934/3464 831/2938/3468 832/2773/3302 820/2937/3467
f 826/2939/3469 1000/2940/3470 1001/2941/3471 829/2942/3472
f 827/2943/3473 993/2933/3463 990/2944/3474 826/2939/3469
f 828/2945/3475 830/2785/3314 831/2938/3468 827/2943/3473
f 829/2942/3472 839/2946/3476 840/2781/3310 828/2945/3475
f 834/2947/3477 1008/2948/3478 1009/2949/3479 837/2950/3480
f 835/2951/3481 1001/2941/3471 998/2952/3482 834/2947/3477
f 836/2953/3483 838/2793/3322 839/2946/3476 835/2951/3481
f 837/2950/3480 847/2954/3484 848/2789/3318 836/2953/3483
f 842/2955/3485 1016/2956/3486 1017/2957/3487 845/2958/3488
f 843/2959/3489 1009/2949/3479 1006/2960/3490 842/2955/3485
f 844/2961/3491 846/2801/3330 847/2954/3484 843/2959/3489
f 845/2958/3488 855/2962/3492 856/2797/3326 844/2961/3491
f 850/2963/3493 1020/2964/3494 1021/2823/3352 853/2965/3495
f 851/2966/3496 1017/2957/3487 1014/2967/3497 850/2963/3493
f 852/2968/3498 854/2808/3337 855/2962/3492 851/2966/3496
f 853/2965/3495 859/2826/3355 860/2805/3334 852/2968/3498
f 862/2969/3499 1040/2970/3500 1041/2971/3501 865/2972/3502
f 863/2973/3503 1029/2974/3504 1026/2975/3505 862/2969/3499
f 864/2976/3506 866/2816/3345 867/2977/3507 863/2973/3503
f 865/2972/3502 879/2978/3508 880/2811/3340 864/2976/3506
f 868/2827/3356 871/2979/3509 872/2980/3510 867/2977/3507
f 870/2981/3511 1181/2982/3512 1178/2983/3513 873/2984/3514
f 871/2979/3509 1018/2824/3353 1019/2985/3515 870/2981/3511
f 873/2984/3514 1028/2986/3516 1029/2974/3504 872/2980/3510
f 874/2987/3517 1048/2988/3518 1049/2989/3519 877/2990/3520
f 875/2991/3521 1041/2971/3501 1038/2992/3522 874/2987/3517
f 876/2993/3523 878/2833/3362 879/2978/3508 875/2991/3521
f 877/2990/3520 887/2994/3524 888/2829/3358 876/2993/3523
f 882/2995/3525 1056/2996/3526 1057/2997/3527 885/2998/3528
f 883/2999/3529 1049/2989/3519 1046/3000/3530 882/2995/3525
f 884/3001/3531 886/2841/3370 887/2994/3524 883/2999/3529
f 885/2998/3528 895/3002/3532 896/2837/3366 884/3001/3531
f 890/3003/3533 1064/3004/3534 1065/3005/3535 893/3006/3536
f 891/3007/3537 1057/2997/3527 1054/3008/3538 890/3003/3533
f 892/3009/3539 894/2849/3378 895/3002/3532 891/3007/3537
f 893/3006/3536 903/3010/3540 904/2845/3374 892/3009/3539
f 898/3011/3541 1072/3012/3542 1073/3013/3543 901/3014/3544
f 899/3015/3545 1065/3005/3535 1062/3016/3546 898/3011/3541
f 900/3017/3547 902/2857/3386 903/3010/3540 899/3015/3545
f 901/3014/3544 911/3018/3548 912/2853/3382 900/3017/3547
f 906/3019/3549 1080/3020/3550 1081/3021/3551 909/3022/3552
f 907/3023/3553 1073/3013/3543 1070/3024/3554 906/3019/3549
f 908/3025/3555 910/2865/3394 911/3018/3548 907/3023/3553
f 909/3022/3552 919/3026/3556 920/2861/3390 908/3025/3555
f 914/3027/3557 1088/3028/3558 1089/3029/3559 917/3030/3560
f 915/3031/3561 1081/3021/3551 1078/3032/3562 914/3027/3557
f 916/3033/3563 918/2873/3402 919/3026/3556 915/3031/3561
f 917/3030/3560 927/3034/3564 928/2869/3398 916/3033/3563
f 922/3035/3565 1096/3036/3566 1097/3037/3567 925/3038/3568
f 923/3039/3569 1089/3029/3559 1086/3040/3570 922/3035/3565
f 924/3041/3571 926/2881/3410 927/3034/3564 923/3039/3569
f 925/3038/3568 935/3042/3572 936/2877/3406 924/3041/3571
f 930/3043/3573 1104/3044/3574 1105/3045/3575 933/3046/3576
f 931/3047/3577 1097/3037/3567 1094/3048/3578 930/3043/3573
f 932/3049/3579 934/2889/3418 935/3042/3572 931/3047/3577
f 933/3046/3576 943/3050/3580 944/2885/3414 932/3049/3579
f 938/4001/3581 1112/4004/3582 1113/3052/3583 941/3053/3584
f 939/3054/3585 1105/3045/3575 1102/3055/3586 938/3051/3581
f 940/3056/3587 942/2896/3426 943/3050/3580 939/3054/3585
f 941/3053/3584 951/3057/3588 952/4002/3422 940/3975/3587
f 946/3058/3589 1120/3059/3590 1121/3060/3591 949/3061/3592
f 947/3062/3593 1113/3052/3583 1110/3063/3594 946/3058/3589
f 948/3064/3595 950/2904/3434 951/3057/3588 947/3062/3593
f 949/3061/3592 959/3065/3596 960/2900/3430 948/3064/3595
f 954/3066/3597 1128/3067/3598 1129/3068/3599 957/3069/3600
f 955/3070/3601 1121/3060/3591 1118/3071/3602 954/3066/3597
f 956/3072/3603 958/2912/3442 959/3065/3596 955/3070/3601
f 957/3069/3600 967/3073/3604 968/2908/3438 956/3072/3603
f 962/3074/3605 1136/3075/3606 1137/3076/3607 965/3077/3608
f 963/3078/3609 1129/3068/3599 1126/3079/3610 962/3074/3605
f 964/3080/3611 966/2920/3450 967/3073/3604 963/3078/3609
f 965/3077/3608 975/3081/3612 976/2916/3446 964/3080/3611
f 970/3082/3613 1144/3083/3614 1145/3084/3615 973/3085/3616
f 971/3086/3617 1137/3076/3607 1134/3087/3618 970/3082/3613
f 972/3088/3619 974/2928/3458 975/3081/3612 971/3086/3617
f 973/3085/3616 983/3089/3620 984/2924/3454 972/3088/3619
f 978/3090/3621 1152/3091/3622 1153/3092/3623 981/3093/3624
f 979/3094/3625 1145/3084/3615 1142/3095/3626 978/3090/3621
f 980/3096/3627 982/2936/3466 983/3089/3620 979/3094/3625
f 981/3093/3624 991/3097/3628 992/2932/3462 980/3096/3627
f 986/3098/3629 1160/3099/3630 1161/3100/3631 989/3101/3632
f 987/3102/3633 1153/3092/3623 1150/3103/3634 986/3098/3629
f 988/3104/3635 990/2944/3474 991/3097/3628 987/3102/3633
f 989/3101/3632 999/3105/3636 1000/2940/3470 988/3104/3635
f 994/3106/3637 1168/3107/3638 1169/3108/3639 997/3109/3640
f 995/3110/3641 1161/3100/3631 1158/3111/3642 994/3106/3637
f 996/3112/3643 998/2952/3482 999/3105/3636 995/3110/3641
f 997/3109/3640 1007/3113/3644 1008/2948/3478 996/3112/3643
f 1002/3114/3645 1176/3115/3646 1177/3116/3647 1005/3117/3648
f 1003/3118/3649 1169/3108/3639 1166/3119/3650 1002/3114/3645
f 1004/3120/3651 1006/2960/3490 1007/3113/3644 1003/3118/3649
f 1005/3117/3648 1015/3121/3652 1016/2956/3486 1004/3120/3651
f 1010/3122/3653 1180/3123/3654 1181/2982/3512 1013/3124/3655
f 1011/3125/3656 1177/3116/3647 1174/3126/3657 1010/3122/3653
f 1012/3127/3658 1014/2967/3497 1015/3121/3652 1011/3125/3656
f 1013/3124/3655 1019/2985/3515 1020/2964/3494 1012/3127/3658
f 1022/3128/3659 1200/3129/3660 1201/3130/3661 1025/3131/3662
f 1023/3132/3663 1189/3133/3664 1186/3134/3665 1022/3128/3659
f 1024/3135/3666 1026/2975/3505 1027/3136/3667 1023/3132/3663
f 1025/3131/3662 1039/3137/3668 1040/2970/3500 1024/3135/3666
f 1028/2986/3516 1031/3138/3669 1032/3139/3670 1027/3136/3667
f 1030/3140/3671 1341/3141/3672 1338/3142/3673 1033/3143/3674
f 1031/3138/3669 1178/2983/3513 1179/3144/3675 1030/3140/3671
f 1033/3143/3674 1188/3145/3676 1189/3133/3664 1032/3139/3670
f 1034/3146/3677 1208/3147/3678 1209/3148/3679 1037/3149/3680
f 1035/3150/3681 1201/3130/3661 1198/3151/3682 1034/3146/3677
f 1036/3152/3683 1038/2992/3522 1039/3137/3668 1035/3150/3681
f 1037/3149/3680 1047/3153/3684 1048/2988/3518 1036/3152/3683
f 1042/3154/3685 1216/3155/3686 1217/3156/3687 1045/3157/3688
f 1043/3158/3689 1209/3148/3679 1206/3159/3690 1042/3154/3685
f 1044/3160/3691 1046/3000/3530 1047/3153/3684 1043/3158/3689
f 1045/3157/3688 1055/3161/3692 1056/2996/3526 1044/3160/3691
f 1050/3162/3693 1224/3163/3694 1225/3164/3695 1053/3165/3696
f 1051/3166/3697 1217/3156/3687 1214/3167/3698 1050/3162/3693
f 1052/3168/3699 1054/3008/3538 1055/3161/3692 1051/3166/3697
f 1053/3165/3696 1063/3169/3700 1064/3004/3534 1052/3168/3699
f 1058/3170/3701 1232/3171/3702 1233/3172/3703 1061/3173/3704
f 1059/3174/3705 1225/3164/3695 1222/3175/3706 1058/3170/3701
f 1060/3176/3707 1062/3016/3546 1063/3169/3700 1059/3174/3705
f 1061/3173/3704 1071/3177/3708 1072/3012/3542 1060/3176/3707
f 1066/3178/3709 1240/3179/3710 1241/3180/3711 1069/3181/3712
f 1067/3182/3713 1233/3172/3703 1230/3183/3714 1066/3178/3709
f 1068/3184/3715 1070/3024/3554 1071/3177/3708 1067/3182/3713
f 1069/3181/3712 1079/3185/3716 1080/3020/3550 1068/3184/3715
f 1074/3186/3717 1248/3187/3718 1249/3188/3719 1077/3189/3720
f 1075/3190/3721 1241/3180/3711 1238/3191/3722 1074/3186/3717
f 1076/3192/3723 1078/3032/3562 1079/3185/3716 1075/3190/3721
f 1077/3189/3720 1087/3193/3724 1088/3028/3558 1076/3192/3723
f 1082/3194/3725 1256/3195/3726 1257/3196/3727 1085/3197/3728
f 1083/3198/3729 1249/3188/3719 1246/3199/3730 1082/3194/3725
f 1084/3200/3731 1086/3040/3570 1087/3193/3724 1083/3198/3729
f 1085/3197/3728 1095/3201/3732 1096/3036/3566 1084/3200/3731
f 1090/3202/3733 1264/3203/3734 1265/3204/3735 1093/3205/3736
f 1091/3206/3737 1257/3196/3727 1254/3207/3738 1090/3202/3733
f 1092/3208/3739 1094/3048/3578 1095/3201/3732 1091/3206/3737
f 1093/3205/3736 1103/3209/3740 1104/3044/3574 1092/3208/3739
f 1098/4003/3741 1272/4006/3742 1273/3211/3743 1101/3212/3744
f 1099/3213/3745 1265/3204/3735 1262/3214/3746 1098/3210/3741
f 1100/3215/3747 1102/3055/3586 1103/3209/3740 1099/3213/3745
f 1101/3212/3744 1111/3216/3748 1112/4004/3582 1100/3977/3747
f 1106/3217/3749 1280/3218/3750 1281/3219/3751 1109/3220/3752
f 1107/3221/3753 1273/3211/3743 1270/3222/3754 1106/3217/3749
f 1108/3223/3755 1110/3063/3594 1111/3216/3748 1107/3221/3753
f 1109/3220/3752 1119/3224/3756 1120/3059/3590 1108/3223/3755
f 1114/3225/3757 1288/3226/3758 1289/3227/3759 1117/3228/3760
f 1115/3229/3761 1281/3219/3751 1278/3230/3762 1114/3225/3757
f 1116/3231/3763 1118/3071/3602 1119/3224/3756 1115/3229/3761
f 1117/3228/3760 1127/3232/3764 1128/3067/3598 1116/3231/3763
f 1122/3233/3765 1296/3234/3766 1297/3235/3767 1125/3236/3768
f 1123/3237/3769 1289/3227/3759 1286/3238/3770 1122/3233/3765
f 1124/3239/3771 1126/3079/3610 1127/3232/3764 1123/3237/3769
f 1125/3236/3768 1135/3240/3772 1136/3075/3606 1124/3239/3771
f 1130/3241/3773 1304/3242/3774 1305/3243/3775 1133/3244/3776
f 1131/3245/3777 1297/3235/3767 1294/3246/3778 1130/3241/3773
f 1132/3247/3779 1134/3087/3618 1135/3240/3772 1131/3245/3777
f 1133/3244/3776 1143/3248/3780 1144/3083/3614 1132/3247/3779
f 1138/3249/3781 1312/3250/3782 1313/3251/3783 1141/3252/3784
f 1139/3253/3785 1305/3243/3775 1302/3254/3786 1138/3249/3781
f 1140/3255/3787 1142/3095/3626 1143/3248/3780 1139/3253/3785
f 1141/3252/3784 1151/3256/3788 1152/3091/3622 1140/3255/3787
f 1146/3257/3789 1320/3258/3790 1321/3259/3791 1149/3260/3792
f 1147/3261/3793 1313/3251/3783 1310/3262/3794 1146/3257/3789
f 1148/3263/3795 1150/3103/3634 1151/3256/3788 1147/3261/3793
f 1149/3260/3792 1159/3264/3796 1160/3099/3630 1148/3263/3795
f 1154/3265/3797 1328/3266/3798 1329/3267/3799 1157/3268/3800
f 1155/3269/3801 1321/3259/3791 1318/3270/3802 1154/3265/3797
f 1156/3271/3803 1158/3111/3642 1159/3264/3796 1155/3269/3801
f 1157/3268/3800 1167/3272/3804 1168/3107/3638 1156/3271/3803
f 1162/3273/3805 1336/3274/3806 1337/3275/3807 1165/3276/3808
f 1163/3277/3809 1329/3267/3799 1326/3278/3810 1162/3273/3805
f 1164/3279/3811 1166/3119/3650 1167/3272/3804 1163/3277/3809
f 1165/3276/3808 1175/3280/3812 1176/3115/3646 1164/3279/3811
f 1170/3281/3813 1340/3282/3814 1341/3141/3672 1173/3283/3815
f 1171/3284/3816 1337/3275/3807 1334/3285/3817 1170/3281/3813
f 1172/3286/3818 1174/3126/3657 1175/3280/3812 1171/3284/3816
f 1173/3283/3815 1179/3144/3675 1180/3123/3654 1172/3286/3818
f 1182/3287/3819 1360/3288/3820 1361/3289/3821 1185/3290/3822
f 1183/3291/3823 1349/3292/3824 1346/3293/3825 1182/3287/3819
f 1184/3294/3826 1186/3134/3665 1187/3295/3827 1183/3291/3823
f 1185/3290/3822 1199/3296/3828 1200/3129/3660 1184/3294/3826
f 1188/3145/3676 1191/3297/3829 1192/3298/3830 1187/3295/3827
f 1190/3299/3831 1501/3300/3832 1498/3301/3833 1193/3302/3834
f 1191/3297/3829 1338/3142/3673 1339/3303/3835 1190/3299/3831
f 1193/3302/3834 1348/3304/3836 1349/3292/3824 1192/3298/3830
f 1194/3305/3837 1368/3306/3838 1369/3307/3839 1197/3308/3840
f 1195/3309/3841 1361/3289/3821 1358/3310/3842 1194/3305/3837
f 1196/3311/3843 1198/3151/3682 1199/3296/3828 1195/3309/3841
f 1197/3308/3840 1207/3312/3844 1208/3147/3678 1196/3311/3843
f 1202/3313/3845 1376/3314/3846 1377/3315/3847 1205/3316/3848
f 1203/3317/3849 1369/3307/3839 1366/3318/3850 1202/3313/3845
f 1204/3319/3851 1206/3159/3690 1207/3312/3844 1203/3317/3849
f 1205/3316/3848 1215/3320/3852 1216/3155/3686 1204/3319/3851
f 1210/3321/3853 1384/3322/3854 1385/3323/3855 1213/3324/3856
f 1211/3325/3857 1377/3315/3847 1374/3326/3858 1210/3321/3853
f 1212/3327/3859 1214/3167/3698 1215/3320/3852 1211/3325/3857
f 1213/3324/3856 1223/3328/3860 1224/3163/3694 1212/3327/3859
f 1218/3329/3861 1392/3330/3862 1393/3331/3863 1221/3332/3864
f 1219/3333/3865 1385/3323/3855 1382/3334/3866 1218/3329/3861
f 1220/3335/3867 1222/3175/3706 1223/3328/3860 1219/3333/3865
f 1221/3332/3864 1231/3336/3868 1232/3171/3702 1220/3335/3867
f 1226/3337/3869 1400/3338/3870 1401/3339/3871 1229/3340/3872
f 1227/3341/3873 1393/3331/3863 1390/3342/3874 1226/3337/3869
f 1228/3343/3875 1230/3183/3714 1231/3336/3868 1227/3341/3873
f 1229/3340/3872 1239/3344/3876 1240/3179/3710 1228/3343/3875
f 1234/3345/3877 1408/3346/3878 1409/3347/3879 1237/3348/3880
f 1235/3349/3881 1401/3339/3871 1398/3350/3882 1234/3345/3877
f 1236/3351/3883 1238/3191/3722 1239/3344/3876 1235/3349/3881
f 1237/3348/3880 1247/3352/3884 1248/3187/3718 1236/3351/3883
f 1242/3353/3885 1416/3354/3886 1417/3355/3887 1245/3356/3888
f 1243/3357/3889 1409/3347/3879 1406/3358/3890 1242/3353/3885
f 1244/3359/3891 1246/3199/3730 1247/3352/3884 1243/3357/3889
f 1245/3356/3888 1255/3360/3892 1256/3195/3726 1244/3359/3891
f 1250/3361/3893 1424/3362/3894 1425/3363/3895 1253/3364/3896
f 1251/3365/3897 1417/3355/3887 1414/3366/3898 1250/3361/3893
f 1252/3367/3899 1254/3207/3738 1255/3360/3892 1251/3365/3897
f 1253/3364/3896 1263/3368/3900 1264/3203/3734 1252/3367/3899
f 1258/4005/3901 1432/4008/3902 1433/3370/3903 1261/3371/3904
f 1259/3372/3905 1425/3363/3895 1422/3373/3906 1258/3369/3901
f 1260/3374/3907 1262/3214/3746 1263/3368/3900 1259/3372/3905
f 1261/3371/3904 1271/3375/3908 1272/4006/3742 1260/3979/3907
f 1266/3376/3909 1440/3377/3910 1441/3378/3911 1269/3379/3912
f 1267/3380/3913 1433/3370/3903 1430/3381/3914 1266/3376/3909
f 1268/3382/3915 1270/3222/3754 1271/3375/3908 1267/3380/3913
f 1269/3379/3912 1279/3383/3916 1280/3218/3750 1268/3382/3915
f 1274/3384/3917 1448/3385/3918 1449/3386/3919 1277/3387/3920
f 1275/3388/3921 1441/3378/3911 1438/3389/3922 1274/3384/3917
f 1276/3390/3923 1278/3230/3762 1279/3383/3916 1275/3388/3921
f 1277/3387/3920 1287/3391/3924 1288/3226/3758 1276/3390/3923
f 1282/3392/3925 1456/3393/3926 1457/3394/3927 1285/3395/3928
f 1283/3396/3929 1449/3386/3919 1446/3397/3930 1282/3392/3925
f 1284/3398/3931 1286/3238/3770 1287/3391/3924 1283/3396/3929
f 1285/3395/3928 1295/3399/3932 1296/3234/3766 1284/3398/3931
f 1290/3400/3933 1464/3401/3934 1465/3402/3935 1293/3403/3936
f 1291/3404/3937 1457/3394/3927 1454/3405/3938 1290/3400/3933
f 1292/3406/3939 1294/3246/3778 1295/3399/3932 1291/3404/3937
f 1293/3403/3936 1303/3407/3940 1304/3242/3774 1292/3406/3939
f 1298/3408/3941 1472/3409/3942 1473/3410/3943 1301/3411/3944
f 1299/3412/3945 1465/3402/3935 1462/3413/3946 1298/3408/3941
f 1300/3414/3947 1302/3254/3786 1303/3407/3940 1299/3412/3945
f 1301/3411/3944 1311/3415/3948 1312/3250/3782 1300/3414/3947
f 1306/3416/3949 1480/3417/3950 1481/3418/3951 1309/3419/3952
f 1307/3420/3953 1473/3410/3943 1470/3421/3954 1306/3416/3949
f 1308/3422/3955 1310/3262/3794 1311/3415/3948 1307/3420/3953
f 1309/3419/3952 1319/3423/3956 1320/3258/3790 1308/3422/3955
f 1314/3424/3957 1488/3425/3958 1489/3426/3959 1317/3427/3960
f 1315/3428/3961 1481/3418/3951 1478/3429/3962 1314/3424/3957
f 1316/3430/3963 1318/3270/3802 1319/3423/3956 1315/3428/3961
f 1317/3427/3960 1327/3431/3964 1328/3266/3798 1316/3430/3963
f 1322/3432/3965 1496/3433/3966 1497/3434/3967 1325/3435/3968
f 1323/3436/3969 1489/3426/3959 1486/3437/3970 1322/3432/3965
f 1324/3438/3971 1326/3278/3810 1327/3431/3964 1323/3436/3969
f 1325/3435/3968 1335/3439/3972 1336/3274/3806 1324/3438/3971
f 1330/3440/3973 1500/3441/3974 1501/3300/3832 1333/3442/3975
f 1331/3443/3976 1497/3434/3967 1494/3444/3977 1330/3440/3973
f 1332/3445/3978 1334/3285/3817 1335/3439/3972 1331/3443/3976
f 1333/3442/3975 1339/3303/3835 1340/3282/3814 1332/3445/3978
f 1342/3446/3979 1520/3447/3980 1521/3448/3981 1345/3449/3982
f 1343/3450/3983 1509/3451/3984 1506/3452/3985 1342/3446/3979
f 1344/3453/3986 1346/3293/3825 1347/3454/3987 1343/3450/3983
f 1345/3449/3982 1359/3455/3988 1360/3288/3820 1344/3453/3986
f 1348/3304/3836 1351/3456/3989 1352/3457/3990 1347/3454/3987
f 1350/3458/3991 1661/3459/3992 1658/3460/3993 1353/3461/3994
f 1351/3456/3989 1498/3301/3833 1499/3462/3995 1350/3458/3991
f 1353/3461/3994 1508/3463/3996 1509/3451/3984 1352/3457/3990
f 1354/3464/3997 1528/3465/3998 1529/3466/3999 1357/3467/4000
f 1355/3468/4001 1521/3448/3981 1518/3469/4002 1354/3464/3997
f 1356/3470/4003 1358/3310/3842 1359/3455/3988 1355/3468/4001
f 1357/3467/4000 1367/3471/4004 1368/3306/3838 1356/3470/4003
f 1362/3472/4005 1536/3473/4006 1537/3474/4007 1365/3475/4008
f 1363/3476/4009 1529/3466/3999 1526/3477/4010 1362/3472/4005
f 1364/3478/4011 1366/3318/3850 1367/3471/4004 1363/3476/4009
f 1365/3475/4008 1375/3479/4012 1376/3314/3846 1364/3478/4011
f 1370/3480/4013 1544/3481/4014 1545/3482/4015 1373/3483/4016
f 1371/3484/4017 1537/3474/4007 1534/3485/4018 1370/3480/4013
f 1372/3486/4019 1374/3326/3858 1375/3479/4012 1371/3484/4017
f 1373/3483/4016 1383/3487/4020 1384/3322/3854 1372/3486/4019
f 1378/3488/4021 1552/3489/4022 1553/3490/4023 1381/3491/4024
f 1379/3492/4025 1545/3482/4015 1542/3493/4026 1378/3488/4021
f 1380/3494/4027 1382/3334/3866 1383/3487/4020 1379/3492/4025
f 1381/3491/4024 1391/3495/4028 1392/3330/3862 1380/3494/4027
f 1386/3496/4029 1560/3497/4030 1561/3498/4031 1389/3499/4032
f 1387/3500/4033 1553/3490/4023 1550/3501/4034 1386/3496/4029
f 1388/3502/4035 1390/3342/3874 1391/3495/4028 1387/3500/4033
f 1389/3499/4032 1399/3503/4036 1400/3338/3870 1388/3502/4035
f 1394/3504/4037 1568/3505/4038 1569/3506/4039 1397/3507/4040
f 1395/3508/4041 1561/3498/4031 1558/3509/4042 1394/3504/4037
f 1396/3510/4043 1398/3350/3882 1399/3503/4036 1395/3508/4041
f 1397/3507/4040 1407/3511/4044 1408/3346/3878 1396/3510/4043
f 1402/3512/4045 1576/3513/4046 1577/3514/4047 1405/3515/4048
f 1403/3516/4049 1569/3506/4039 1566/3517/4050 1402/3512/4045
f 1404/3518/4051 1406/3358/3890 1407/3511/4044 1403/3516/4049
f 1405/3515/4048 1415/3519/4052 1416/3354/3886 1404/3518/4051
f 1410/3520/4053 1584/3521/4054 1585/3522/4055 1413/3523/4056
f 1411/3524/4057 1577/3514/4047 1574/3525/4058 1410/3520/4053
f 1412/3526/4059 1414/3366/3898 1415/3519/4052 1411/3524/4057
f 1413/3523/4056 1423/3527/4060 1424/3362/3894 1412/3526/4059
f 1418/4007/4061 1592/4010/4062 1593/3529/4063 1421/3530/4064
f 1419/3531/4065 1585/3522/4055 1582/3532/4066 1418/3528/4061
f 1420/3533/4067 1422/3373/3906 1423/3527/4060 1419/3531/4065
f 1421/3530/4064 1431/3534/4068 1432/4008/3902 1420/3981/4067
f 1426/3535/4069 1600/3536/4070 1601/3537/4071 1429/3538/4072
f 1427/3539/4073 1593/3529/4063 1590/3540/4074 1426/3535/4069
f 1428/3541/4075 1430/3381/3914 1431/3534/4068 1427/3539/4073
f 1429/3538/4072 1439/3542/4076 1440/3377/3910 1428/3541/4075
f 1434/3543/4077 1608/3544/4078 1609/3545/4079 1437/3546/4080
f 1435/3547/4081 1601/3537/4071 1598/3548/4082 1434/3543/4077
f 1436/3549/4083 1438/3389/3922 1439/3542/4076 1435/3547/4081
f 1437/3546/4080 1447/3550/4084 1448/3385/3918 1436/3549/4083
f 1442/3551/4085 1616/3552/4086 1617/3553/4087 1445/3554/4088
f 1443/3555/4089 1609/3545/4079 1606/3556/4090 1442/3551/4085
f 1444/3557/4091 1446/3397/3930 1447/3550/4084 1443/3555/4089
f 1445/3554/4088 1455/3558/4092 1456/3393/3926 1444/3557/4091
f 1450/3559/4093 1624/3560/4094 1625/3561/4095 1453/3562/4096
f 1451/3563/4097 1617/3553/4087 1614/3564/4098 1450/3559/4093
f 1452/3565/4099 1454/3405/3938 1455/3558/4092 1451/3563/4097
f 1453/3562/4096 1463/3566/4100 1464/3401/3934 1452/3565/4099
f 1458/3567/4101 1632/3568/4102 1633/3569/4103 1461/3570/4104
f 1459/3571/4105 1625/3561/4095 1622/3572/4106 1458/3567/4101
f 1460/3573/4107 1462/3413/3946 1463/3566/4100 1459/3571/4105
f 1461/3570/4104 1471/3574/4108 1472/3409/3942 1460/3573/4107
f 1466/3575/4109 1640/3576/4110 1641/3577/4111 1469/3578/4112
f 1467/3579/4113 1633/3569/4103 1630/3580/4114 1466/3575/4109
f 1468/3581/4115 1470/3421/3954 1471/3574/4108 1467/3579/4113
f 1469/3578/4112 1479/3582/4116 1480/3417/3950 1468/3581/4115
f 1474/3583/4117 1648/3584/4118 1649/3585/4119 1477/3586/4120
f 1475/3587/4121 1641/3577/4111 1638/3588/4122 1474/3583/4117
f 1476/3589/4123 1478/3429/3962 1479/3582/4116 1475/3587/4121
f 1477/3586/4120 1487/3590/4124 1488/3425/3958 1476/3589/4123
f 1482/3591/4125 1656/3592/4126 1657/3593/4127 1485/3594/4128
f 1483/3595/4129 1649/3585/4119 1646/3596/4130 1482/3591/4125
f 1484/3597/4131 1486/3437/3970 1487/3590/4124 1483/3595/4129
f 1485/3594/4128 1495/3598/4132 1496/3433/3966 1484/3597/4131
f 1490/3599/4133 1660/3600/4134 1661/3459/3992 1493/3601/4135
f 1491/3602/4136 1657/3593/4127 1654/3603/4137 1490/3599/4133
f 1492/3604/4138 1494/3444/3977 1495/3598/4132 1491/3602/4136
f 1493/3601/4135 1499/3462/3995 1500/3441/3974 1492/3604/4138
f 1502/3605/4139 1680/3606/4140 1681/3607/4141 1505/3608/4142
f 1503/3609/4143 1669/3610/4144 1666/3611/4145 1502/3605/4139
f 1504/3612/4146 1506/3452/3985 1507/3613/4147 1503/3609/4143
f 1505/3608/4142 1519/3614/4148 1520/3447/3980 1504/3612/4146
f 1508/3463/3996 1511/3615/4149 1512/3616/4150 1507/3613/4147
f 1510/3617/4151 1821/3618/4152 1818/3619/4153 1513/3620/4154
f 1511/3615/4149 1658/3460/3993 1659/3621/4155 1510/3617/4151
f 1513/3620/4154 1668/3622/4156 1669/3610/4144 1512/3616/4150
f 1514/3623/4157 1688/3624/4158 1689/3625/4159 1517/3626/4160
f 1515/3627/4161 1681/3607/4141 1678/3628/4162 1514/3623/4157
f 1516/3629/4163 1518/3469/4002 1519/3614/4148 1515/3627/4161
f 1517/3626/4160 1527/3630/4164 1528/3465/3998 1516/3629/4163
f 1522/3631/4165 1696/3632/4166 1697/3633/4167 1525/3634/4168
f 1523/3635/4169 1689/3625/4159 1686/3636/4170 1522/3631/4165
f 1524/3637/4171 1526/3477/4010 1527/3630/4164 1523/3635/4169
f 1525/3634/4168 1535/3638/4172 1536/3473/4006 1524/3637/4171
f 1530/3639/4173 1704/3640/4174 1705/3641/4175 1533/3642/4176
f 1531/3643/4177 1697/3633/4167 1694/3644/4178 1530/3639/4173
f 1532/3645/4179 1534/3485/4018 1535/3638/4172 1531/3643/4177
f 1533/3642/4176 1543/3646/4180 1544/3481/4014 1532/3645/4179
f 1538/3647/4181 1712/3648/4182 1713/3649/4183 1541/3650/4184
f 1539/3651/4185 1705/3641/4175 1702/3652/4186 1538/3647/4181
f 1540/3653/4187 1542/3493/4026 1543/3646/4180 1539/3651/4185
f 1541/3650/4184 1551/3654/4188 1552/3489/4022 1540/3653/4187
f 1546/3655/4189 1720/3656/4190 1721/3657/4191 1549/3658/4192
f 1547/3659/4193 1713/3649/4183 1710/3660/4194 1546/3655/4189
f 1548/3661/4195 1550/3501/4034 1551/3654/4188 1547/3659/4193
f 1549/3658/4192 1559/3662/4196 1560/3497/4030 1548/3661/4195
f 1554/3663/4197 1728/3664/4198 1729/3665/4199 1557/3666/4200
f 1555/3667/4201 1721/3657/4191 1718/3668/4202 1554/3663/4197
f 1556/3669/4203 1558/3509/4042 1559/3662/4196 1555/3667/4201
f 1557/3666/4200 1567/3670/4204 1568/3505/4038 1556/3669/4203
f 1562/3671/4205 1736/3672/4206 1737/3673/4207 1565/3674/4208
f 1563/3675/4209 1729/3665/4199 1726/3676/4210 1562/3671/4205
f 1564/3677/4211 1566/3517/4050 1567/3670/4204 1563/3675/4209
f 1565/3674/4208 1575/3678/4212 1576/3513/4046 1564/3677/4211
f 1570/3679/4213 1744/3680/4214 1745/3681/4215 1573/3682/4216
f 1571/3683/4217 1737/3673/4207 1734/3684/4218 1570/3679/4213
f 1572/3685/4219 1574/3525/4058 1575/3678/4212 1571/3683/4217
f 1573/3682/4216 1583/3686/4220 1584/3521/4054 1572/3685/4219
f 1578/4009/4221 1752/4012/4222 1753/3688/4223 1581/3689/4224
f 1579/3690/4225 1745/3681/4215 1742/3691/4226 1578/3687/4221
f 1580/3692/4227 1582/3532/4066 1583/3686/4220 1579/3690/4225
f 1581/3689/4224 1591/3693/4228 1592/4010/4062 1580/3983/4227
f 1586/3694/4229 1760/3695/4230 1761/3696/4231 1589/3697/4232
f 1587/3698/4233 1753/3688/4223 1750/3699/4234 1586/3694/4229
f 1588/3700/4235 1590/3540/4074 1591/3693/4228 1587/3698/4233
f 1589/3697/4232 1599/3701/4236 1600/3536/4070 1588/3700/4235
f 1594/3702/4237 1768/3703/4238 1769/3704/4239 1597/3705/4240
f 1595/3706/4241 1761/3696/4231 1758/3707/4242 1594/3702/4237
f 1596/3708/4243 1598/3548/4082 1599/3701/4236 1595/3706/4241
f 1597/3705/4240 1607/3709/4244 1608/3544/4078 1596/3708/4243
f 1602/3710/4245 1776/3711/4246 1777/3712/4247 1605/3713/4248
f 1603/3714/4249 1769/3704/4239 1766/3715/4250 1602/3710/4245
f 1604/3716/4251 1606/3556/4090 1607/3709/4244 1603/3714/4249
f 1605/3713/4248 1615/3717/4252 1616/3552/4086 1604/3716/4251
f 1610/3718/4253 1784/3719/4254 1785/3720/4255 1613/3721/4256
f 1611/3722/4257 1777/3712/4247 1774/3723/4258 1610/3718/4253
f 1612/3724/4259 1614/3564/4098 1615/3717/4252 1611/3722/4257
f 1613/3721/4256 1623/3725/4260 1624/3560/4094 1612/3724/4259
f 1618/3726/4261 1792/3727/4262 1793/3728/4263 1621/3729/4264
f 1619/3730/4265 1785/3720/4255 1782/3731/4266 1618/3726/4261
f 1620/3732/4267 1622/3572/4106 1623/3725/4260 1619/3730/4265
f 1621/3729/4264 1631/3733/4268 1632/3568/4102 1620/3732/4267
f 1626/3734/4269 1800/3735/4270 1801/3736/4271 1629/3737/4272
f 1627/3738/4273 1793/3728/4263 1790/3739/4274 1626/3734/4269
f 1628/3740/4275 1630/3580/4114 1631/3733/4268 1627/3738/4273
f 1629/3737/4272 1639/3741/4276 1640/3576/4110 1628/3740/4275
f 1634/3742/4277 1808/3743/4278 1809/3744/4279 1637/3745/4280
f 1635/3746/4281 1801/3736/4271 1798/3747/4282 1634/3742/4277
f 1636/3748/4283 1638/3588/4122 1639/3741/4276 1635/3746/4281
f 1637/3745/4280 1647/3749/4284 1648/3584/4118 1636/3748/4283
f 1642/3750/4285 1816/3751/4286 1817/3752/4287 1645/3753/4288
f 1643/3754/4289 1809/3744/4279 1806/3755/4290 1642/3750/4285
f 1644/3756/4291 1646/3596/4130 1647/3749/4284 1643/3754/4289
f 1645/3753/4288 1655/3757/4292 1656/3592/4126 1644/3756/4291
f 1650/3758/4293 1820/3759/4294 1821/3618/4152 1653/3760/4295
f 1651/3761/4296 1817/3752/4287 1814/3762/4297 1650/3758/4293
f 1652/3763/4298 1654/3603/4137 1655/3757/4292 1651/3761/4296
f 1653/3760/4295 1659/3621/4155 1660/3600/4134 1652/3763/4298
f 1662/3764/4299 1828/2362/2675 1829/3765/4300 1665/3766/4301
f 1663/3767/4302 1825/3768/4303 1822/2367/2680 1662/3764/4299
f 1664/3769/4304 1666/3611/4145 1667/3770/4305 1663/3767/4302
f 1665/3766/4301 1679/3771/4306 1680/3606/4140 1664/3769/4304
f 1668/3622/4156 1671/3772/4307 1672/3773/4308 1667/3770/4305
f 1670/3774/4309 1901/3775/4310 1898/2374/2695 1673/3776/4311
f 1671/3772/4307 1818/3619/4153 1819/3777/4312 1670/3774/4309
f 1673/3776/4311 1824/2377/2698 1825/3768/4303 1672/3773/4308
f 1674/3778/4313 1832/2351/2656 1833/3779/4314 1677/3780/4315
f 1675/3781/4316 1829/3765/4300 1826/2356/2661 1674/3778/4313
f 1676/3782/4317 1678/3628/4162 1679/3771/4306 1675/3781/4316
f 1677/3780/4315 1687/3783/4318 1688/3624/4158 1676/3782/4317
f 1682/3784/4319 1836/2340/2637 1837/3785/4320 1685/3786/4321
f 1683/3787/4322 1833/3779/4314 1830/2345/2642 1682/3784/4319
f 1684/3788/4323 1686/3636/4170 1687/3783/4318 1683/3787/4322
f 1685/3786/4321 1695/3789/4324 1696/3632/4166 1684/3788/4323
f 1690/3790/4325 1840/2329/2618 1841/3791/4326 1693/3792/4327
f 1691/3793/4328 1837/3785/4320 1834/2334/2623 1690/3790/4325
f 1692/3794/4329 1694/3644/4178 1695/3789/4324 1691/3793/4328
f 1693/3792/4327 1703/3795/4330 1704/3640/4174 1692/3794/4329
f 1698/3796/4331 1844/2318/2599 1845/3797/4332 1701/3798/4333
f 1699/3799/4334 1841/3791/4326 1838/2323/2604 1698/3796/4331
f 1700/3800/4335 1702/3652/4186 1703/3795/4330 1699/3799/4334
f 1701/3798/4333 1711/3801/4336 1712/3648/4182 1700/3800/4335
f 1706/3802/4337 1848/2307/2580 1849/3803/4338 1709/3804/4339
f 1707/3805/4340 1845/3797/4332 1842/2312/2585 1706/3802/4337
f 1708/3806/4341 1710/3660/4194 1711/3801/4336 1707/3805/4340
f 1709/3804/4339 1719/3807/4342 1720/3656/4190 1708/3806/4341
f 1714/3808/4343 1852/2296/2561 1853/3809/4344 1717/3810/4345
f 1715/3811/4346 1849/3803/4338 1846/2301/2566 1714/3808/4343
f 1716/3812/4347 1718/3668/4202 1719/3807/4342 1715/3811/4346
f 1717/3810/4345 1727/3813/4348 1728/3664/4198 1716/3812/4347
f 1722/3814/4349 1856/2285/2542 1857/3815/4350 1725/3816/4351
f 1723/3817/4352 1853/3809/4344 1850/2290/2547 1722/3814/4349
f 1724/3818/4353 1726/3676/4210 1727/3813/4348 1723/3817/4352
f 1725/3816/4351 1735/3819/4354 1736/3672/4206 1724/3818/4353
f 1730/3820/4355 1860/2274/2523 1861/3821/4356 1733/3822/4357
f 1731/3823/4358 1857/3815/4350 1854/2279/2528 1730/3820/4355
f 1732/3824/4359 1734/3684/4218 1735/3819/4354 1731/3823/4358
f 1733/3822/4357 1743/3825/4360 1744/3680/4214 1732/3824/4359
f 1738/4011/4361 1864/3991/2504 1865/3827/4362 1741/3828/4363
f 1739/3829/4364 1861/3821/4356 1858/2268/2509 1738/3826/4361
f 1740/3830/4365 1742/3691/4226 1743/3825/4360 1739/3829/4364
f 1741/3828/4363 1751/3831/4366 1752/4012/4222 1740/3985/4365
f 1746/3832/4367 1868/2254/2485 1869/3833/4368 1749/3834/4369
f 1747/3835/4370 1865/3827/4362 1862/2259/2490 1746/3832/4367
f 1748/3836/4371 1750/3699/4234 1751/3831/4366 1747/3835/4370
f 1749/3834/4369 1759/3837/4372 1760/3695/4230 1748/3836/4371
f 1754/3838/4373 1872/2243/2466 1873/3839/4374 1757/3840/4375
f 1755/3841/4376 1869/3833/4368 1866/2248/2471 1754/3838/4373
f 1756/3842/4377 1758/3707/4242 1759/3837/4372 1755/3841/4376
f 1757/3840/4375 1767/3843/4378 1768/3703/4238 1756/3842/4377
f 1762/3844/4379 1876/2226/2440 1877/3845/4380 1765/3846/4381
f 1763/3847/4382 1873/3839/4374 1870/2231/2445 1762/3844/4379
f 1764/3848/4383 1766/3715/4250 1767/3843/4378 1763/3847/4382
f 1765/3846/4381 1775/3849/4384 1776/3711/4246 1764/3848/4383
f 1770/3850/4385 1880/2235/2453 1881/3851/4386 1773/3852/4387
f 1771/3853/4388 1877/3845/4380 1874/2238/2457 1770/3850/4385
f 1772/3854/4389 1774/3723/4258 1775/3849/4384 1771/3853/4388
f 1773/3852/4387 1783/3855/4390 1784/3719/4254 1772/3854/4389
f 1778/3856/4391 1884/2428/2789 1885/3857/4392 1781/3858/4393
f 1779/3859/4394 1881/3851/4386 1878/2432/2794 1778/3856/4391
f 1780/3860/4395 1782/3731/4266 1783/3855/4390 1779/3859/4394
f 1781/3858/4393 1791/3861/4396 1792/3727/4262 1780/3860/4395
f 1786/3862/4397 1888/2417/2770 1889/3863/4398 1789/3864/4399
f 1787/3865/4400 1885/3857/4392 1882/2422/2775 1786/3862/4397
f 1788/3866/4401 1790/3739/4274 1791/3861/4396 1787/3865/4400
f 1789/3864/4399 1799/3867/4402 1800/3735/4270 1788/3866/4401
f 1794/3868/4403 1892/2406/2751 1893/3869/4404 1797/3870/4405
f 1795/3871/4406 1889/3863/4398 1886/2411/2756 1794/3868/4403
f 1796/3872/4407 1798/3747/4282 1799/3867/4402 1795/3871/4406
f 1797/3870/4405 1807/3873/4408 1808/3743/4278 1796/3872/4407
f 1802/3874/4409 1896/2395/2732 1897/3875/4410 1805/3876/4411
f 1803/3877/4412 1893/3869/4404 1890/2400/2737 1802/3874/4409
f 1804/3878/4413 1806/3755/4290 1807/3873/4408 1803/3877/4412
f 1805/3876/4411 1815/3879/4414 1816/3751/4286 1804/3878/4413
f 1810/3880/4415 1900/2384/2713 1901/3775/4310 1813/3881/4416
f 1811/3882/4417 1897/3875/4410 1894/2389/2718 1810/3880/4415
f 1812/3883/4418 1814/3762/4297 1815/3879/4414 1811/3882/4417
f 1813/3881/4416 1819/3777/4312 1820/3759/4294 1812/3883/4418
f 103/2138/2260 3926/4016/4419 3930/4020/4420 102/2139/2261
f 104/2142/2264 4002/4092/4421 3925/4014/4422 103/2138/2260
f 105/2144/2266 3998/4088/4423 4001/4090/4424 104/2142/2264
f 106/2146/2268 3994/4084/4425 3997/4086/4426 105/2144/2266
f 107/2148/2270 3990/4080/4427 3993/4082/4428 106/2146/2268
f 108/2150/2272 3986/4076/4429 3989/4078/4430 107/2148/2270
f 109/2152/2274 3982/4072/4431 3985/4074/4432 108/2150/2272
f 110/2154/2276 3978/4068/4433 3981/4070/4434 109/2152/2274
f 111/2156/2278 3974/4064/4435 3977/4066/4436 110/2154/2276
f 112/2158/2280 3970/4060/4437 3973/4062/4438 111/2156/2278
f 113/2160/2282 3966/4056/4439 3969/4058/4440 112/2158/2280
f 114/2162/2284 3962/4052/4441 3965/4054/4442 113/2160/2282
f 115/2164/2286 3958/4048/4443 3961/4050/4444 114/2162/2284
f 116/2166/2288 3954/4044/4445 3957/4046/4446 115/2164/2286
f 117/2168/2290 3950/4040/4447 3953/4042/4448 116/2166/2288
f 118/2170/2292 3946/4036/4449 3949/4038/4450 117/2168/2290
f 119/2172/2294 3942/4032/4451 3945/4034/4452 118/2170/2292
f 120/3965/2296 3938/4028/4453 3941/4030/4454 119/3958/2294
f 121/2174/2298 3934/4024/4455 3937/4026/4456 120/3965/2296
f 102/2139/2261 3929/4019/4457 3933/4022/4458 121/2174/2298
f 4062/4152/4459 203/2195/2379 202/2196/2382 4058/4148/4460
f 4057/4146/4461 202/2196/2382 221/2214/2417 4054/4144/4462
f 4053/4142/4463 221/2214/2417 220/2213/2415 4050/4140/4464
f 4049/4138/4465 220/2213/2415 219/3966/2413 4046/4136/4466
f 4045/4134/4467 219/2212/2413 218/2211/2411 4042/4132/4468
f 4041/4130/4469 218/2211/2411 217/2210/2409 4038/4128/4470
f 4037/4126/4471 217/2210/2409 216/2209/2407 4034/4124/4472
f 4033/4122/4473 216/2209/2407 215/2208/2405 4030/4120/4474
f 4029/4118/4475 215/2208/2405 214/2207/2403 4026/4116/4476
f 4025/4114/4477 214/2207/2403 213/2206/2401 4022/4112/4478
f 4021/4110/4479 213/2206/2401 212/2205/2399 4018/4108/4480
f 4017/4106/4481 212/2205/2399 211/2204/2397 4014/4104/4482
f 4013/4102/4483 211/2204/2397 210/2203/2395 4010/4100/4484
f 4009/4098/4485 210/2203/2395 209/2202/2393 4006/4096/4486
f 4005/4094/4487 209/2202/2393 208/2201/2391 4082/4172/4488
f 4081/4170/4489 208/2201/2391 207/2200/2389 4078/4168/4490
f 4077/4166/4491 207/2200/2389 206/2199/2387 4074/4164/4492
f 4073/4162/4493 206/2199/2387 205/2198/2385 4070/4160/4494
f 4069/4158/4495 205/2198/2385 204/2197/2383 4066/4156/4496
f 4065/4154/4497 204/2197/2383 203/2195/2379 4061/4150/4498
f 4403/4493/4499 4404/4494/4500 4405/4495/4501 4406/4496/4502
f 226/2223/2436 229/2227/2441 228/2228/2442 227/2224/2437
f 231/2233/2451 234/2236/2454 233/2219/2429 232/2218/2428
f 4407/4497/4503 4408/4498/4504 4409/4499/4505 4410/4500/4506
f 238/2241/2463 241/2244/2467 240/2245/2468 239/2242/2464
f 4411/4501/4507 4412/4502/4508 4413/4503/4509 4414/4504/4510
f 246/2252/2482 249/2255/2486 248/2256/2487 247/2253/2483
f 4415/4505/4511 4416/4506/4512 4417/4507/4513 4418/4508/4514
f 254/2262/2501 257/3967/2505 256/3968/2506 255/3990/2502
f 4419/4509/4515 4420/4510/4516 4421/4511/4517 4422/4512/4518
f 262/2272/2520 265/2275/2524 264/2276/2525 263/2273/2521
f 4423/4513/4519 4424/4514/4520 4425/4515/4521 4426/4516/4522
f 270/2283/2539 273/2286/2543 272/2287/2544 271/2284/2540
f 4427/4517/4523 4428/4518/4524 4429/4519/4525 4430/4520/4526
f 278/2294/2558 281/2297/2562 280/2298/2563 279/2295/2559
f 4431/4521/4527 4432/4522/4528 4433/4523/4529 4434/4524/4530
f 286/2305/2577 289/2308/2581 288/2309/2582 287/2306/2578
f 4435/4525/4531 4436/4526/4532 4437/4527/4533 4438/4528/4534
f 294/2316/2596 297/2319/2600 296/2320/2601 295/2317/2597
f 4439/4529/4535 4440/4530/4536 4441/4531/4537 4442/4532/4538
f 302/2327/2615 305/2330/2619 304/2331/2620 303/2328/2616
f 4443/4533/4539 4444/4534/4540 4445/4535/4541 4446/4536/4542
f 310/2338/2634 313/2341/2638 312/2342/2639 311/2339/2635
f 4447/4537/4543 4448/4538/4544 4449/4539/4545 4450/4540/4546
f 318/2349/2653 321/2352/2657 320/2353/2658 319/2350/2654
f 4451/4541/4547 4452/4542/4548 4453/4543/4549 4454/4544/4550
f 326/2360/2672 329/2363/2676 328/2364/2677 327/2361/2673
f 4455/4545/4551 4456/4546/4552 4457/4547/4553 4458/4548/4554
f 334/2373/2694 337/2376/2697 336/2372/2692 335/2371/2691
f 4459/4549/4555 4460/4550/4556 4461/4551/4557 4462/4552/4558
f 342/2382/2710 345/2385/2714 344/2386/2715 343/2383/2711
f 4463/4553/4559 4464/4554/4560 4465/4555/4561 4466/4556/4562
f 350/2393/2729 353/2396/2733 352/2397/2734 351/2394/2730
f 4467/4557/4563 4468/4558/4564 4469/4559/4565 4470/4560/4566
f 358/2404/2748 361/2407/2752 360/2408/2753 359/2405/2749
f 4471/4561/4567 4472/4562/4568 4473/4563/4569 4474/4564/4570
f 366/2415/2767 369/2418/2771 368/2419/2772 367/2416/2768
f 4475/4565/4571 4476/4566/4572 4477/4567/4573 4478/4568/4574
f 374/2426/2786 377/2429/2790 376/2430/2791 375/2427/2787
f 4479/4569/4575 4480/4570/4576 4481/4571/4577 4482/4572/4578
f 382/2433/2799 385/2436/2802 384/2440/2806 383/2437/2803
f 4483/4573/4579 4484/4574/4580 4485/4575/4581 4486/4576/4582
f 390/2451/2827 393/2454/2830 392/2448/2817 391/2447/2816
f 395/2457/2838 398/2460/2841 397/2463/2844 396/2461/2842
f 4487/4577/4583 4488/4578/4584 4489/4579/4585 4490/4580/4586
f 403/2468/2857 406/2471/2860 405/2474/2863 404/2472/2861
f 4491/4581/4587 4492/4582/4588 4493/4583/4589 4494/4584/4590
f 411/2479/2876 414/2482/2879 413/2485/2882 412/2483/2880
f 4495/4585/4591 4496/4586/4592 4497/4587/4593 4498/4588/4594
f 419/2490/2895 422/2493/2898 421/2496/2901 420/2494/2899
f 4499/4589/4595 4500/4590/4596 4501/4591/4597 4502/4592/4598
f 427/2501/2914 430/2504/2917 429/2507/2920 428/2505/2918
f 4503/4593/4599 4504/4594/4600 4505/4595/4601 4506/4596/4602
f 435/2512/2933 438/2515/2936 437/2518/2939 436/2516/2937
f 4507/4597/4603 4508/4598/4604 4509/4599/4605 4510/4600/4606
f 443/2523/2952 446/2526/2955 445/2529/2958 444/2527/2956
f 4511/4601/4607 4512/4602/4608 4513/4603/4609 4514/4604/4610
f 451/2534/2971 454/2537/2974 453/2540/2977 452/2538/2975
f 4515/4605/4611 4516/4606/4612 4517/4607/4613 4518/4608/4614
f 459/3993/2990 462/2547/2993 461/3969/2996 460/3970/2994
f 4519/4609/4615 4520/4610/4616 4521/4611/4617 4522/4612/4618
f 467/2554/3009 470/2557/3012 469/2560/3015 468/2558/3013
f 4523/4613/4619 4524/4614/4620 4525/4615/4621 4526/4616/4622
f 475/2565/3028 478/2568/3031 477/2571/3034 476/2569/3032
f 4527/4617/4623 4528/4618/4624 4529/4619/4625 4530/4620/4626
f 483/2576/3047 486/2579/3050 485/2582/3053 484/2580/3051
f 4531/4621/4627 4532/4622/4628 4533/4623/4629 4534/4624/4630
f 491/2587/3066 494/2590/3069 493/2593/3072 492/2591/3070
f 4535/4625/4631 4536/4626/4632 4537/4627/4633 4538/4628/4634
f 499/2598/3085 502/2601/3088 501/2604/3091 500/2602/3089
f 4539/4629/4635 4540/4630/4636 4541/4631/4637 4542/4632/4638
f 507/2609/3104 510/2612/3107 509/2615/3110 508/2613/3108
f 4543/4633/4639 4544/4634/4640 4545/4635/4641 4546/4636/4642
f 515/2620/3123 518/2623/3126 517/2626/3129 516/2624/3127
f 4547/4637/4643 4548/4638/4644 4549/4639/4645 4550/4640/4646
f 523/2631/3142 526/2634/3145 525/2637/3148 524/2635/3146
f 4551/4641/4647 4552/4642/4648 4553/4643/4649 4554/4644/4650
f 531/2642/3161 534/2644/3163 533/2647/3166 532/2645/3164
f 4555/4645/4651 4556/4646/4652 4557/4647/4653 4558/4648/4654
f 4559/4649/4655 4560/4650/4656 4561/4651/4657 4562/4652/4658
f 542/2651/3179 545/2654/3182 544/2658/3186 543/2655/3183
f 546/2439/2805 549/2438/2804 548/2456/2833 547/2659/3187
f 550/2663/3191 553/2666/3194 552/2662/3190 551/2661/3189
f 554/2669/3197 557/2672/3200 556/2675/3203 555/2673/3201
f 558/2462/2843 561/2435/2801 560/2434/2800 559/2660/3188
f 562/2677/3205 565/2680/3208 564/2683/3211 563/2681/3209
f 566/2473/2862 569/2459/2840 568/2458/2839 567/2676/3204
f 570/2685/3213 573/2688/3216 572/2691/3219 571/2689/3217
f 574/2484/2881 577/2470/2859 576/2469/2858 575/2684/3212
f 578/2693/3221 581/2696/3224 580/2699/3227 579/2697/3225
f 582/2495/2900 585/2481/2878 584/2480/2877 583/2692/3220
f 586/2701/3229 589/2704/3232 588/2707/3235 587/2705/3233
f 590/2506/2919 593/2492/2897 592/2491/2896 591/2700/3228
f 594/2709/3237 597/2712/3240 596/2715/3243 595/2713/3241
f 598/2517/2938 601/2503/2916 600/2502/2915 599/2708/3236
f 602/2717/3245 605/2720/3248 604/2723/3251 603/2721/3249
f 606/2528/2957 609/2514/2935 608/2513/2934 607/2716/3244
f 610/2725/3253 613/2728/3256 612/2731/3259 611/2729/3257
f 614/2539/2976 617/2525/2954 616/2524/2953 615/2724/3252
f 618/3997/3261 621/2735/3264 620/3971/3267 619/3972/3265
f 622/2549/2995 625/2536/2973 624/2535/2972 623/2732/3260
f 626/2740/3269 629/2743/3272 628/2746/3275 627/2744/3273
f 630/2559/3014 633/2546/2992 632/3998/2991 631/2739/3268
f 634/2748/3277 637/2751/3280 636/2754/3283 635/2752/3281
f 638/2570/3033 641/2556/3011 640/2555/3010 639/2747/3276
f 642/2756/3285 645/2759/3288 644/2762/3291 643/2760/3289
f 646/2581/3052 649/2567/3030 648/2566/3029 647/2755/3284
f 650/2764/3293 653/2767/3296 652/2770/3299 651/2768/3297
f 654/2592/3071 657/2578/3049 656/2577/3048 655/2763/3292
f 658/2772/3301 661/2775/3304 660/2778/3307 659/2776/3305
f 662/2603/3090 665/2589/3068 664/2588/3067 663/2771/3300
f 666/2780/3309 669/2783/3312 668/2786/3315 667/2784/3313
f 670/2614/3109 673/2600/3087 672/2599/3086 671/2779/3308
f 674/2788/3317 677/2791/3320 676/2794/3323 675/2792/3321
f 678/2625/3128 681/2611/3106 680/2610/3105 679/2787/3316
f 682/2796/3325 685/2799/3328 684/2802/3331 683/2800/3329
f 686/2636/3147 689/2622/3125 688/2621/3124 687/2795/3324
f 690/2804/3333 693/2806/3335 692/2809/3338 691/2807/3336
f 694/2646/3165 697/2633/3144 696/2632/3143 695/2803/3332
f 698/2453/2829 701/2452/2828 700/2643/3162 699/2667/3195
f 702/2810/3339 705/2813/3342 704/2817/3346 703/2814/3343
f 706/2657/3185 709/2656/3184 708/2668/3196 707/2818/3347
f 710/2822/3351 713/2825/3354 712/2821/3350 711/2820/3349
f 714/2828/3357 717/2831/3360 716/2834/3363 715/2832/3361
f 718/2674/3202 721/2653/3181 720/2652/3180 719/2819/3348
f 722/2836/3365 725/2839/3368 724/2842/3371 723/2840/3369
f 726/2682/3210 729/2671/3199 728/2670/3198 727/2835/3364
f 730/2844/3373 733/2847/3376 732/2850/3379 731/2848/3377
f 734/2690/3218 737/2679/3207 736/2678/3206 735/2843/3372
f 738/2852/3381 741/2855/3384 740/2858/3387 739/2856/3385
f 742/2698/3226 745/2687/3215 744/2686/3214 743/2851/3380
f 746/2860/3389 749/2863/3392 748/2866/3395 747/2864/3393
f 750/2706/3234 753/2695/3223 752/2694/3222 751/2859/3388
f 754/2868/3397 757/2871/3400 756/2874/3403 755/2872/3401
f 758/2714/3242 761/2703/3231 760/2702/3230 759/2867/3396
f 762/2876/3405 765/2879/3408 764/2882/3411 763/2880/3409
f 766/2722/3250 769/2711/3239 768/2710/3238 767/2875/3404
f 770/2884/3413 773/2887/3416 772/2890/3419 771/2888/3417
f 774/2730/3258 777/2719/3247 776/2718/3246 775/2883/3412
f 778/3999/3421 781/2894/3424 780/3973/3427 779/3974/3425
f 782/2737/3266 785/2727/3255 784/2726/3254 783/2891/3420
f 786/2899/3429 789/2902/3432 788/2905/3435 787/2903/3433
f 790/2745/3274 793/2734/3263 792/4000/3262 791/2898/3428
f 794/2907/3437 797/2910/3440 796/2913/3443 795/2911/3441
f 798/2753/3282 801/2742/3271 800/2741/3270 799/2906/3436
f 802/2915/3445 805/2918/3448 804/2921/3451 803/2919/3449
f 806/2761/3290 809/2750/3279 808/2749/3278 807/2914/3444
f 810/2923/3453 813/2926/3456 812/2929/3459 811/2927/3457
f 814/2769/3298 817/2758/3287 816/2757/3286 815/2922/3452
f 818/2931/3461 821/2934/3464 820/2937/3467 819/2935/3465
f 822/2777/3306 825/2766/3295 824/2765/3294 823/2930/3460
f 826/2939/3469 829/2942/3472 828/2945/3475 827/2943/3473
f 830/2785/3314 833/2774/3303 832/2773/3302 831/2938/3468
f 834/2947/3477 837/2950/3480 836/2953/3483 835/2951/3481
f 838/2793/3322 841/2782/3311 840/2781/3310 839/2946/3476
f 842/2955/3485 845/2958/3488 844/2961/3491 843/2959/3489
f 846/2801/3330 849/2790/3319 848/2789/3318 847/2954/3484
f 850/2963/3493 853/2965/3495 852/2968/3498 851/2966/3496
f 854/2808/3337 857/2798/3327 856/2797/3326 855/2962/3492
f 858/2665/3193 861/2664/3192 860/2805/3334 859/2826/3355
f 862/2969/3499 865/2972/3502 864/2976/3506 863/2973/3503
f 866/2816/3345 869/2815/3344 868/2827/3356 867/2977/3507
f 870/2981/3511 873/2984/3514 872/2980/3510 871/2979/3509
f 874/2987/3517 877/2990/3520 876/2993/3523 875/2991/3521
f 878/2833/3362 881/2812/3341 880/2811/3340 879/2978/3508
f 882/2995/3525 885/2998/3528 884/3001/3531 883/2999/3529
f 886/2841/3370 889/2830/3359 888/2829/3358 887/2994/3524
f 890/3003/3533 893/3006/3536 892/3009/3539 891/3007/3537
f 894/2849/3378 897/2838/3367 896/2837/3366 895/3002/3532
f 898/3011/3541 901/3014/3544 900/3017/3547 899/3015/3545
f 902/2857/3386 905/2846/3375 904/2845/3374 903/3010/3540
f 906/3019/3549 909/3022/3552 908/3025/3555 907/3023/3553
f 910/2865/3394 913/2854/3383 912/2853/3382 911/3018/3548
f 914/3027/3557 917/3030/3560 916/3033/3563 915/3031/3561
f 918/2873/3402 921/2862/3391 920/2861/3390 919/3026/3556
f 922/3035/3565 925/3038/3568 924/3041/3571 923/3039/3569
f 926/2881/3410 929/2870/3399 928/2869/3398 927/3034/3564
f 930/3043/3573 933/3046/3576 932/3049/3579 931/3047/3577
f 934/2889/3418 937/2878/3407 936/2877/3406 935/3042/3572
f 938/4001/3581 941/3053/3584 940/3975/3587 939/3976/3585
f 942/2896/3426 945/2886/3415 944/2885/3414 943/3050/3580
f 946/3058/3589 949/3061/3592 948/3064/3595 947/3062/3593
f 950/2904/3434 953/2893/3423 952/4002/3422 951/3057/3588
f 954/3066/3597 957/3069/3600 956/3072/3603 955/3070/3601
f 958/2912/3442 961/2901/3431 960/2900/3430 959/3065/3596
f 962/3074/3605 965/3077/3608 964/3080/3611 963/3078/3609
f 966/2920/3450 969/2909/3439 968/2908/3438 967/3073/3604
f 970/3082/3613 973/3085/3616 972/3088/3619 971/3086/3617
f 974/2928/3458 977/2917/3447 976/2916/3446 975/3081/3612
f 978/3090/3621 981/3093/3624 980/3096/3627 979/3094/3625
f 982/2936/3466 985/2925/3455 984/2924/3454 983/3089/3620
f 986/3098/3629 989/3101/3632 988/3104/3635 987/3102/3633
f 990/2944/3474 993/2933/3463 992/2932/3462 991/3097/3628
f 994/3106/3637 997/3109/3640 996/3112/3643 995/3110/3641
f 998/2952/3482 1001/2941/3471 1000/2940/3470 999/3105/3636
f 1002/3114/3645 1005/3117/3648 1004/3120/3651 1003/3118/3649
f 1006/2960/3490 1009/2949/3479 1008/2948/3478 1007/3113/3644
f 1010/3122/3653 1013/3124/3655 1012/3127/3658 1011/3125/3656
f 1014/2967/3497 1017/2957/3487 1016/2956/3486 1015/3121/3652
f 1018/2824/3353 1021/2823/3352 1020/2964/3494 1019/2985/3515
f 1022/3128/3659 1025/3131/3662 1024/3135/3666 1023/3132/3663
f 1026/2975/3505 1029/2974/3504 1028/2986/3516 1027/3136/3667
f 1030/3140/3671 1033/3143/3674 1032/3139/3670 1031/3138/3669
f 1034/3146/3677 1037/3149/3680 1036/3152/3683 1035/3150/3681
f 1038/2992/3522 1041/2971/3501 1040/2970/3500 1039/3137/3668
f 1042/3154/3685 1045/3157/3688 1044/3160/3691 1043/3158/3689
f 1046/3000/3530 1049/2989/3519 1048/2988/3518 1047/3153/3684
f 1050/3162/3693 1053/3165/3696 1052/3168/3699 1051/3166/3697
f 1054/3008/3538 1057/2997/3527 1056/2996/3526 1055/3161/3692
f 1058/3170/3701 1061/3173/3704 1060/3176/3707 1059/3174/3705
f 1062/3016/3546 1065/3005/3535 1064/3004/3534 1063/3169/3700
f 1066/3178/3709 1069/3181/3712 1068/3184/3715 1067/3182/3713
f 1070/3024/3554 1073/3013/3543 1072/3012/3542 1071/3177/3708
f 1074/3186/3717 1077/3189/3720 1076/3192/3723 1075/3190/3721
f 1078/3032/3562 1081/3021/3551 1080/3020/3550 1079/3185/3716
f 1082/3194/3725 1085/3197/3728 1084/3200/3731 1083/3198/3729
f 1086/3040/3570 1089/3029/3559 1088/3028/3558 1087/3193/3724
f 1090/3202/3733 1093/3205/3736 1092/3208/3739 1091/3206/3737
f 1094/3048/3578 1097/3037/3567 1096/3036/3566 1095/3201/3732
f 1098/4003/3741 1101/3212/3744 1100/3977/3747 1099/3978/3745
f 1102/3055/3586 1105/3045/3575 1104/3044/3574 1103/3209/3740
f 1106/3217/3749 1109/3220/3752 1108/3223/3755 1107/3221/3753
f 1110/3063/3594 1113/3052/3583 1112/4004/3582 1111/3216/3748
f 1114/3225/3757 1117/3228/3760 1116/3231/3763 1115/3229/3761
f 1118/3071/3602 1121/3060/3591 1120/3059/3590 1119/3224/3756
f 1122/3233/3765 1125/3236/3768 1124/3239/3771 1123/3237/3769
f 1126/3079/3610 1129/3068/3599 1128/3067/3598 1127/3232/3764
f 1130/3241/3773 1133/3244/3776 1132/3247/3779 1131/3245/3777
f 1134/3087/3618 1137/3076/3607 1136/3075/3606 1135/3240/3772
f 1138/3249/3781 1141/3252/3784 1140/3255/3787 1139/3253/3785
f 1142/3095/3626 1145/3084/3615 1144/3083/3614 1143/3248/3780
f 1146/3257/3789 1149/3260/3792 1148/3263/3795 1147/3261/3793
f 1150/3103/3634 1153/3092/3623 1152/3091/3622 1151/3256/3788
f 1154/3265/3797 1157/3268/3800 1156/3271/3803 1155/3269/3801
f 1158/3111/3642 1161/3100/3631 1160/3099/3630 1159/3264/3796
f 1162/3273/3805 1165/3276/3808 1164/3279/3811 1163/3277/3809
f 1166/3119/3650 1169/3108/3639 1168/3107/3638 1167/3272/3804
f 1170/3281/3813 1173/3283/3815 1172/3286/3818 1171/3284/3816
f 1174/3126/3657 1177/3116/3647 1176/3115/3646 1175/3280/3812
f 1178/2983/3513 1181/2982/3512 1180/3123/3654 1179/3144/3675
f 1182/3287/3819 1185/3290/3822 1184/3294/3826 1183/3291/3823
f 1186/3134/3665 1189/3133/3664 1188/3145/3676 1187/3295/3827
f 1190/3299/3831 1193/3302/3834 1192/3298/3830 1191/3297/3829
f 1194/3305/3837 1197/3308/3840 1196/3311/3843 1195/3309/3841
f 1198/3151/3682 1201/3130/3661 1200/3129/3660 1199/3296/3828
f 1202/3313/3845 1205/3316/3848 1204/3319/3851 1203/3317/3849
f 1206/3159/3690 1209/3148/3679 1208/3147/3678 1207/3312/3844
f 1210/3321/3853 1213/3324/3856 1212/3327/3859 1211/3325/3857
f 1214/3167/3698 1217/3156/3687 1216/3155/3686 1215/3320/3852
f 1218/3329/3861 1221/3332/3864 1220/3335/3867 1219/3333/3865
f 1222/3175/3706 1225/3164/3695 1224/3163/3694 1223/3328/3860
f 1226/3337/3869 1229/3340/3872 1228/3343/3875 1227/3341/3873
f 1230/3183/3714 1233/3172/3703 1232/3171/3702 1231/3336/3868
f 1234/3345/3877 1237/3348/3880 1236/3351/3883 1235/3349/3881
f 1238/3191/3722 1241/3180/3711 1240/3179/3710 1239/3344/3876
f 1242/3353/3885 1245/3356/3888 1244/3359/3891 1243/3357/3889
f 1246/3199/3730 1249/3188/3719 1248/3187/3718 1247/3352/3884
f 1250/3361/3893 1253/3364/3896 1252/3367/3899 1251/3365/3897
f 1254/3207/3738 1257/3196/3727 1256/3195/3726 1255/3360/3892
f 1258/4005/3901 1261/3371/3904 1260/3979/3907 1259/3980/3905
f 1262/3214/3746 1265/3204/3735 1264/3203/3734 1263/3368/3900
f 1266/3376/3909 1269/3379/3912 1268/3382/3915 1267/3380/3913
f 1270/3222/3754 1273/3211/3743 1272/4006/3742 1271/3375/3908
f 1274/3384/3917 1277/3387/3920 1276/3390/3923 1275/3388/3921
f 1278/3230/3762 1281/3219/3751 1280/3218/3750 1279/3383/3916
f 1282/3392/3925 1285/3395/3928 1284/3398/3931 1283/3396/3929
f 1286/3238/3770 1289/3227/3759 1288/3226/3758 1287/3391/3924
f 1290/3400/3933 1293/3403/3936 1292/3406/3939 1291/3404/3937
f 1294/3246/3778 1297/3235/3767 1296/3234/3766 1295/3399/3932
f 1298/3408/3941 1301/3411/3944 1300/3414/3947 1299/3412/3945
f 1302/3254/3786 1305/3243/3775 1304/3242/3774 1303/3407/3940
f 1306/3416/3949 1309/3419/3952 1308/3422/3955 1307/3420/3953
f 1310/3262/3794 1313/3251/3783 1312/3250/3782 1311/3415/3948
f 1314/3424/3957 1317/3427/3960 1316/3430/3963 1315/3428/3961
f 1318/3270/3802 1321/3259/3791 1320/3258/3790 1319/3423/3956
f 1322/3432/3965 1325/3435/3968 1324/3438/3971 1323/3436/3969
f 1326/3278/3810 1329/3267/3799 1328/3266/3798 1327/3431/3964
f 1330/3440/3973 1333/3442/3975 1332/3445/3978 1331/3443/3976
f 1334/3285/3817 1337/3275/3807 1336/3274/3806 1335/3439/3972
f 1338/3142/3673 1341/3141/3672 1340/3282/3814 1339/3303/3835
f 1342/3446/3979 1345/3449/3982 1344/3453/3986 1343/3450/3983
f 1346/3293/3825 1349/3292/3824 1348/3304/3836 1347/3454/3987
f 1350/3458/3991 1353/3461/3994 1352/3457/3990 1351/3456/3989
f 1354/3464/3997 1357/3467/4000 1356/3470/4003 1355/3468/4001
f 1358/3310/3842 1361/3289/3821 1360/3288/3820 1359/3455/3988
f 1362/3472/4005 1365/3475/4008 1364/3478/4011 1363/3476/4009
f 1366/3318/3850 1369/3307/3839 1368/3306/3838 1367/3471/4004
f 1370/3480/4013 1373/3483/4016 1372/3486/4019 1371/3484/4017
f 1374/3326/3858 1377/3315/3847 1376/3314/3846 1375/3479/4012
f 1378/3488/4021 1381/3491/4024 1380/3494/4027 1379/3492/4025
f 1382/3334/3866 1385/3323/3855 1384/3322/3854 1383/3487/4020
f 1386/3496/4029 1389/3499/4032 1388/3502/4035 1387/3500/4033
f 1390/3342/3874 1393/3331/3863 1392/3330/3862 1391/3495/4028
f 1394/3504/4037 1397/3507/4040 1396/3510/4043 1395/3508/4041
f 1398/3350/3882 1401/3339/3871 1400/3338/3870 1399/3503/4036
f 1402/3512/4045 1405/3515/4048 1404/3518/4051 1403/3516/4049
f 1406/3358/3890 1409/3347/3879 1408/3346/3878 1407/3511/4044
f 1410/3520/4053 1413/3523/4056 1412/3526/4059 1411/3524/4057
f 1414/3366/3898 1417/3355/3887 1416/3354/3886 1415/3519/4052
f 1418/4007/4061 1421/3530/4064 1420/3981/4067 1419/3982/4065
f 1422/3373/3906 1425/3363/3895 1424/3362/3894 1423/3527/4060
f 1426/3535/4069 1429/3538/4072 1428/3541/4075 1427/3539/4073
f 1430/3381/3914 1433/3370/3903 1432/4008/3902 1431/3534/4068
f 1434/3543/4077 1437/3546/4080 1436/3549/4083 1435/3547/4081
f 1438/3389/3922 1441/3378/3911 1440/3377/3910 1439/3542/4076
f 1442/3551/4085 1445/3554/4088 1444/3557/4091 1443/3555/4089
f 1446/3397/3930 1449/3386/3919 1448/3385/3918 1447/3550/4084
f 1450/3559/4093 1453/3562/4096 1452/3565/4099 1451/3563/4097
f 1454/3405/3938 1457/3394/3927 1456/3393/3926 1455/3558/4092
f 1458/3567/4101 1461/3570/4104 1460/3573/4107 1459/3571/4105
f 1462/3413/3946 1465/3402/3935 1464/3401/3934 1463/3566/4100
f 1466/3575/4109 1469/3578/4112 1468/3581/4115 1467/3579/4113
f 1470/3421/3954 1473/3410/3943 1472/3409/3942 1471/3574/4108
f 1474/3583/4117 1477/3586/4120 1476/3589/4123 1475/3587/4121
f 1478/3429/3962 1481/3418/3951 1480/3417/3950 1479/3582/4116
f 1482/3591/4125 1485/3594/4128 1484/3597/4131 1483/3595/4129
f 1486/3437/3970 1489/3426/3959 1488/3425/3958 1487/3590/4124
f 1490/3599/4133 1493/3601/4135 1492/3604/4138 1491/3602/4136
f 1494/3444/3977 1497/3434/3967 1496/3433/3966 1495/3598/4132
f 1498/3301/3833 1501/3300/3832 1500/3441/3974 1499/3462/3995
f 1502/3605/4139 1505/3608/4142 1504/3612/4146 1503/3609/4143
f 1506/3452/3985 1509/3451/3984 1508/3463/3996 1507/3613/4147
f 1510/3617/4151 1513/3620/4154 1512/3616/4150 1511/3615/4149
f 1514/3623/4157 1517/3626/4160 1516/3629/4163 1515/3627/4161
f 1518/3469/4002 1521/3448/3981 1520/3447/3980 1519/3614/4148
f 1522/3631/4165 1525/3634/4168 1524/3637/4171 1523/3635/4169
f 1526/3477/4010 1529/3466/3999 1528/3465/3998 1527/3630/4164
f 1530/3639/4173 1533/3642/4176 1532/3645/4179 1531/3643/4177
f 1534/3485/4018 1537/3474/4007 1536/3473/4006 1535/3638/4172
f 1538/3647/4181 1541/3650/4184 1540/3653/4187 1539/3651/4185
f 1542/3493/4026 1545/3482/4015 1544/3481/4014 1543/3646/4180
f 1546/3655/4189 1549/3658/4192 1548/3661/4195 1547/3659/4193
f 1550/3501/4034 1553/3490/4023 1552/3489/4022 1551/3654/4188
f 1554/3663/4197 1557/3666/4200 1556/3669/4203 1555/3667/4201
f 1558/3509/4042 1561/3498/4031 1560/3497/4030 1559/3662/4196
f 1562/3671/4205 1565/3674/4208 1564/3677/4211 1563/3675/4209
f 1566/3517/4050 1569/3506/4039 1568/3505/4038 1567/3670/4204
f 1570/3679/4213 1573/3682/4216 1572/3685/4219 1571/3683/4217
f 1574/3525/4058 1577/3514/4047 1576/3513/4046 1575/3678/4212
f 1578/4009/4221 1581/3689/4224 1580/3983/4227 1579/3984/4225
f 1582/3532/4066 1585/3522/4055 1584/3521/4054 1583/3686/4220
f 1586/3694/4229 1589/3697/4232 1588/3700/4235 1587/3698/4233
f 1590/3540/4074 1593/3529/4063 1592/4010/4062 1591/3693/4228
f 1594/3702/4237 1597/3705/4240 1596/3708/4243 1595/3706/4241
f 1598/3548/4082 1601/3537/4071 1600/3536/4070 1599/3701/4236
f 1602/3710/4245 1605/3713/4248 1604/3716/4251 1603/3714/4249
f 1606/3556/4090 1609/3545/4079 1608/3544/4078 1607/3709/4244
f 1610/3718/4253 1613/3721/4256 1612/3724/4259 1611/3722/4257
f 1614/3564/4098 1617/3553/4087 1616/3552/4086 1615/3717/4252
f 1618/3726/4261 1621/3729/4264 1620/3732/4267 1619/3730/4265
f 1622/3572/4106 1625/3561/4095 1624/3560/4094 1623/3725/4260
f 1626/3734/4269 1629/3737/4272 1628/3740/4275 1627/3738/4273
f 1630/3580/4114 1633/3569/4103 1632/3568/4102 1631/3733/4268
f 1634/3742/4277 1637/3745/4280 1636/3748/4283 1635/3746/4281
f 1638/3588/4122 1641/3577/4111 1640/3576/4110 1639/3741/4276
f 1642/3750/4285 1645/3753/4288 1644/3756/4291 1643/3754/4289
f 1646/3596/4130 1649/3585/4119 1648/3584/4118 1647/3749/4284
f 1650/3758/4293 1653/3760/4295 1652/3763/4298 1651/3761/4296
f 1654/3603/4137 1657/3593/4127 1656/3592/4126 1655/3757/4292
f 1658/3460/3993 1661/3459/3992 1660/3600/4134 1659/3621/4155
f 1662/3764/4299 1665/3766/4301 1664/3769/4304 1663/3767/4302
f 1666/3611/4145 1669/3610/4144 1668/3622/4156 1667/3770/4305
f 1670/3774/4309 1673/3776/4311 1672/3773/4308 1671/3772/4307
f 1674/3778/4313 1677/3780/4315 1676/3782/4317 1675/3781/4316
f 1678/3628/4162 1681/3607/4141 1680/3606/4140 1679/3771/4306
f 1682/3784/4319 1685/3786/4321 1684/3788/4323 1683/3787/4322
f 1686/3636/4170 1689/3625/4159 1688/3624/4158 1687/3783/4318
f 1690/3790/4325 1693/3792/4327 1692/3794/4329 1691/3793/4328
f 1694/3644/4178 1697/3633/4167 1696/3632/4166 1695/3789/4324
f 1698/3796/4331 1701/3798/4333 1700/3800/4335 1699/3799/4334
f 1702/3652/4186 1705/3641/4175 1704/3640/4174 1703/3795/4330
f 1706/3802/4337 1709/3804/4339 1708/3806/4341 1707/3805/4340
f 1710/3660/4194 1713/3649/4183 1712/3648/4182 1711/3801/4336
f 1714/3808/4343 1717/3810/4345 1716/3812/4347 1715/3811/4346
f 1718/3668/4202 1721/3657/4191 1720/3656/4190 1719/3807/4342
f 1722/3814/4349 1725/3816/4351 1724/3818/4353 1723/3817/4352
f 1726/3676/4210 1729/3665/4199 1728/3664/4198 1727/3813/4348
f 1730/3820/4355 1733/3822/4357 1732/3824/4359 1731/3823/4358
f 1734/3684/4218 1737/3673/4207 1736/3672/4206 1735/3819/4354
f 1738/4011/4361 1741/3828/4363 1740/3985/4365 1739/3986/4364
f 1742/3691/4226 1745/3681/4215 1744/3680/4214 1743/3825/4360
f 1746/3832/4367 1749/3834/4369 1748/3836/4371 1747/3835/4370
f 1750/3699/4234 1753/3688/4223 1752/4012/4222 1751/3831/4366
f 1754/3838/4373 1757/3840/4375 1756/3842/4377 1755/3841/4376
f 1758/3707/4242 1761/3696/4231 1760/3695/4230 1759/3837/4372
f 1762/3844/4379 1765/3846/4381 1764/3848/4383 1763/3847/4382
f 1766/3715/4250 1769/3704/4239 1768/3703/4238 1767/3843/4378
f 1770/3850/4385 1773/3852/4387 1772/3854/4389 1771/3853/4388
f 1774/3723/4258 1777/3712/4247 1776/3711/4246 1775/3849/4384
f 1778/3856/4391 1781/3858/4393 1780/3860/4395 1779/3859/4394
f 1782/3731/4266 1785/3720/4255 1784/3719/4254 1783/3855/4390
f 1786/3862/4397 1789/3864/4399 1788/3866/4401 1787/3865/4400
f 1790/3739/4274 1793/3728/4263 1792/3727/4262 1791/3861/4396
f 1794/3868/4403 1797/3870/4405 1796/3872/4407 1795/3871/4406
f 1798/3747/4282 1801/3736/4271 1800/3735/4270 1799/3867/4402
f 1802/3874/4409 1805/3876/4411 1804/3878/4413 1803/3877/4412
f 1806/3755/4290 1809/3744/4279 1808/3743/4278 1807/3873/4408
f 1810/3880/4415 1813/3881/4416 1812/3883/4418 1811/3882/4417
f 1814/3762/4297 1817/3752/4287 1816/3751/4286 1815/3879/4414
f 1818/3619/4153 1821/3618/4152 1820/3759/4294 1819/3777/4312
f 1822/2367/2680 1825/3768/4303 1824/2377/2698 1823/2368/2681
f 1826/2356/2661 1829/3765/4300 1828/2362/2675 1827/2357/2662
f 1830/2345/2642 1833/3779/4314 1832/2351/2656 1831/2346/2643
f 1834/2334/2623 1837/3785/4320 1836/2340/2637 1835/2335/2624
f 1838/2323/2604 1841/3791/4326 1840/2329/2618 1839/2324/2605
f 1842/2312/2585 1845/3797/4332 1844/2318/2599 1843/2313/2586
f 1846/2301/2566 1849/3803/4338 1848/2307/2580 1847/2302/2567
f 1850/2290/2547 1853/3809/4344 1852/2296/2561 1851/2291/2548
f 1854/2279/2528 1857/3815/4350 1856/2285/2542 1855/2280/2529
f 1858/2268/2509 1861/3821/4356 1860/2274/2523 1859/2269/2510
f 1862/2259/2490 1865/3827/4362 1864/3991/2504 1863/2260/2491
f 1866/2248/2471 1869/3833/4368 1868/2254/2485 1867/2249/2472
f 1870/2231/2445 1873/3839/4374 1872/2243/2466 1871/2232/2446
f 1874/2238/2457 1877/3845/4380 1876/2226/2440 1875/2225/2439
f 1878/2432/2794 1881/3851/4386 1880/2235/2453 1879/2234/2452
f 1882/2422/2775 1885/3857/4392 1884/2428/2789 1883/2423/2776
f 1886/2411/2756 1889/3863/4398 1888/2417/2770 1887/2412/2757
f 1890/2400/2737 1893/3869/4404 1892/2406/2751 1891/2401/2738
f 1894/2389/2718 1897/3875/4410 1896/2395/2732 1895/2390/2719
f 1898/2374/2695 1901/3775/4310 1900/2384/2713 1899/2375/2696
f 1/1999/4659 2/2002/4660 1903/2/4661 1902/1/4662
f 2/2002/4663 3/2004/4664 1906/5/4665 1903/2/4666
f 3/2004/4667 4/2006/4668 1908/3884/4669 1906/5/4670
f 4/2006/4671 5/3987/4672 1910/3885/4673 1908/3884/4674
f 5/2008/4675 6/2010/4676 1912/10/4677 1910/8/4678
f 6/2010/4679 7/2012/4680 1914/12/4681 1912/10/4682
f 7/2012/4683 8/2014/4684 1916/14/4685 1914/12/4686
f 8/2014/4687 9/2016/4688 1918/16/4689 1916/14/4690
f 9/2016/4691 10/2018/4692 1920/18/4693 1918/16/4694
f 10/2018/4695 11/2020/4696 1922/20/4697 1920/18/4698
f 11/2020/4699 12/2022/4700 1924/22/4701 1922/20/4702
f 12/2022/4703 13/2024/4704 1926/24/4705 1924/22/4706
f 13/2024/4707 14/2026/4708 1928/26/4709 1926/24/4710
f 14/2026/4711 15/2028/4712 1930/28/4713 1928/26/4714
f 15/2028/4715 16/2030/4716 1932/30/4717 1930/28/4718
f 16/2030/4719 17/2032/4720 1934/32/4721 1932/30/4722
f 17/2032/4723 18/2034/4724 1936/34/4725 1934/32/4726
f 18/2034/4727 19/2036/4728 1938/36/4729 1936/34/4730
f 19/2036/4731 20/2038/4732 1940/38/4733 1938/36/4734
f 20/2038/4735 1/1999/4736 1902/1/4737 1940/38/4738
f 3928/4018/4739 3923/4015/4740 1983/1961/4741 1982/1960/4742
f 3924/4013/4743 3999/4091/4744 1984/1962/4745 1983/1961/4746
f 4000/4089/4747 3995/4087/4748 1985/1963/4749 1984/1962/4750
f 3996/4085/4751 3991/4083/4752 1986/1964/4753 1985/1963/4754
f 3992/4081/4755 3987/4079/4756 1987/1965/4757 1986/1964/4758
f 3988/4077/4759 3983/4075/4760 1988/1966/4761 1987/1965/4762
f 3984/4073/4763 3979/4071/4764 1989/1967/4765 1988/1966/4766
f 3980/4069/4767 3975/4067/4768 1990/1968/4769 1989/1967/4770
f 3976/4065/4771 3971/4063/4772 1991/1969/4773 1990/1968/4774
f 3972/4061/4775 3967/4059/4776 1992/1970/4777 1991/1969/4778
f 3968/4057/4779 3963/4055/4780 1993/1971/4781 1992/1970/4782
f 3964/4053/4783 3959/4051/4784 1994/1972/4785 1993/1971/4786
f 3960/4049/4787 3955/4047/4788 1995/1973/4789 1994/1972/4790
f 3956/4045/4791 3951/4043/4792 1996/1974/4793 1995/1973/4794
f 3952/4041/4795 3947/4039/4796 1997/1975/4797 1996/1974/4798
f 3948/4037/4799 3943/4035/4800 1998/1976/4801 1997/1975/4802
f 3944/4033/4803 3939/4031/4804 1999/1977/4805 1998/1976/4806
f 3940/4029/4807 3935/4027/4808 2000/1978/4809 1999/3927/4810
f 3936/4025/4811 3931/4023/4812 2001/1979/4813 2000/1978/4814
f 3932/4021/4815 3927/4017/4816 1982/1960/4817 2001/1979/4818
f 4060/4151/4819 4055/4147/4820 2144/1981/4821 2143/1980/4822
f 4056/4145/4823 4051/4143/4824 2145/1982/4825 2144/1981/4826
f 4052/4141/4827 4047/4139/4828 2146/3928/4829 2145/1982/4830
f 4048/4137/4831 4043/4135/4832 2147/3929/4833 2146/3928/4834
f 4044/4133/4835 4039/4131/4836 2148/1984/4837 2147/1983/4838
f 4040/4129/4839 4035/4127/4840 2149/1985/4841 2148/1984/4842
f 4036/4125/4843 4031/4123/4844 2150/1986/4845 2149/1985/4846
f 4032/4121/4847 4027/4119/4848 2151/1987/4849 2150/1986/4850
f 4028/4117/4851 4023/4115/4852 2152/1988/4853 2151/1987/4854
f 4024/4113/4855 4019/4111/4856 2153/1989/4857 2152/1988/4858
f 4020/4109/4859 4015/4107/4860 2154/1990/4861 2153/1989/4862
f 4016/4105/4863 4011/4103/4864 2155/1991/4865 2154/1990/4866
f 4012/4101/4867 4007/4099/4868 2156/1992/4869 2155/1991/4870
f 4008/4097/4871 4003/4095/4872 2157/1993/4873 2156/1992/4874
f 4004/4093/4875 4079/4171/4876 2158/1994/4877 2157/1993/4878
f 4080/4169/4879 4075/4167/4880 2159/1995/4881 2158/1994/4882
f 4076/4165/4883 4071/4163/4884 2160/1996/4885 2159/1995/4886
f 4072/4161/4887 4067/4159/4888 2161/1997/4889 2160/1996/4890
f 4068/4157/4891 4063/4155/4892 2162/1998/4893 2161/1997/4894
f 4064/4153/4895 4059/4149/4896 2143/1980/4897 2162/1998/4898
f 222/2216/4899 380/2215/4900 2165/215/4901 2164/214/4902
f 4563/4653/4903 4564/4654/4904 4565/4655/4905 4566/4656/4906
f 4567/4657/4907 4568/4658/4908 4569/4659/4909 4570/4660/4910
f 223/2217/4911 222/2216/4912 2164/214/4913 2168/218/4914
f 225/2220/4915 233/2219/4916 2170/220/4917 2169/219/4918
f 232/2218/4919 223/2217/4920 2168/218/4921 2171/221/4922
f 4571/4661/4923 4572/4662/4924 4573/4663/4925 4574/4664/4926
f 230/2222/4927 224/2221/4928 2172/222/4929 2174/224/4930
f 224/2221/4931 227/2224/4932 2175/225/4933 2172/222/4934
f 226/2223/4935 225/2220/4936 2169/219/4937 2176/226/4938
f 229/2227/4939 1876/2226/4940 2178/228/4941 2177/227/4942
f 1875/2225/4943 226/2223/4944 2176/226/4945 2179/229/4946
f 227/2224/4947 235/2230/4948 2181/231/4949 2175/225/4950
f 237/2229/4951 228/2228/4952 2180/230/4953 2182/232/4954
f 228/2228/4955 1871/2232/4956 2183/233/4957 2180/230/4958
f 1870/2231/4959 229/2227/4960 2177/227/4961 2184/234/4962
f 4575/4665/4963 4576/4666/4964 4577/4667/4965 4578/4668/4966
f 235/2230/4967 230/2222/4968 2174/224/4969 2181/231/4970
f 234/2236/4971 1880/2235/4972 2188/238/4973 2187/237/4974
f 1879/2234/4975 231/2233/4976 2186/236/4977 2189/239/4978
f 231/2233/4979 381/2237/4980 2190/240/4981 2186/236/4982
f 380/2215/4983 232/2218/4984 2171/221/4985 2165/215/4986
f 233/2219/4987 1875/2225/4988 2179/229/4989 2170/220/4990
f 1874/2238/4991 234/2236/4992 2187/237/4993 2191/241/4994
f 4579/4669/4995 4580/4670/4996 4581/4671/4997 4582/4672/4998
f 242/2240/4999 236/2239/5000 2192/242/5001 2194/244/5002
f 236/2239/5003 239/2242/5004 2195/245/5005 2192/242/5006
f 238/2241/5007 237/2229/5008 2182/232/5009 2196/246/5010
f 241/2244/5011 1872/2243/5012 2198/248/5013 2197/247/5014
f 1871/2232/5015 238/2241/5016 2196/246/5017 2183/233/5018
f 239/2242/5019 243/2247/5020 2200/250/5021 2195/245/5022
f 245/2246/5023 240/2245/5024 2199/249/5025 2201/251/5026
f 240/2245/5027 1867/2249/5028 2202/252/5029 2199/249/5030
f 1866/2248/5031 241/2244/5032 2197/247/5033 2203/253/5034
f 4583/4673/5035 4584/4674/5036 4585/4675/5037 4586/4676/5038
f 243/2247/5039 242/2240/5040 2194/244/5041 2200/250/5042
f 4587/4677/5043 4588/4678/5044 4589/4679/5045 4590/4680/5046
f 250/2251/5047 244/2250/5048 2205/255/5049 2207/257/5050
f 244/2250/5051 247/2253/5052 2208/258/5053 2205/255/5054
f 246/2252/5055 245/2246/5056 2201/251/5057 2209/259/5058
f 249/2255/5059 1868/2254/5060 2211/261/5061 2210/260/5062
f 1867/2249/5063 246/2252/5064 2209/259/5065 2202/252/5066
f 247/2253/5067 251/2258/5068 2213/263/5069 2208/258/5070
f 253/2257/5071 248/2256/5072 2212/262/5073 2214/264/5074
f 248/2256/5075 1863/2260/5076 2215/3905/5077 2212/262/5078
f 1862/2259/5079 249/2255/5080 2210/260/5081 2216/265/5082
f 4591/4681/5083 4592/4682/5084 4593/4683/5085 4594/4684/5086
f 251/2258/5087 250/2251/5088 2207/257/5089 2213/263/5090
f 4595/4685/5091 4596/4686/5092 4597/4687/5093 4598/4688/5094
f 258/3964/5095 252/3988/5096 2218/3904/5097 2220/3989/5098
f 252/3988/5099 255/3990/5100 2221/3931/5101 2218/3904/5102
f 254/2262/5103 253/2257/5104 2214/264/5105 2222/269/5106
f 257/3967/5107 1864/3991/5108 2224/3923/5109 2223/3992/5110
f 1863/2260/5111 254/2262/5112 2222/269/5113 2215/3905/5114
f 255/2263/5115 259/2267/5116 2226/272/5117 2221/268/5118
f 261/2266/5119 256/2265/5120 2225/271/5121 2227/273/5122
f 256/2265/5123 1859/2269/5124 2228/274/5125 2225/271/5126
f 1858/2268/5127 257/2264/5128 2223/270/5129 2229/275/5130
f 4599/4689/5131 4600/4690/5132 4601/4691/5133 4602/4692/5134
f 259/2267/5135 258/2261/5136 2220/267/5137 2226/272/5138
f 4603/4693/5139 4604/4694/5140 4605/4695/5141 4606/4696/5142
f 266/2271/5143 260/2270/5144 2231/277/5145 2233/279/5146
f 260/2270/5147 263/2273/5148 2234/280/5149 2231/277/5150
f 262/2272/5151 261/2266/5152 2227/273/5153 2235/281/5154
f 265/2275/5155 1860/2274/5156 2237/283/5157 2236/282/5158
f 1859/2269/5159 262/2272/5160 2235/281/5161 2228/274/5162
f 263/2273/5163 267/2278/5164 2239/285/5165 2234/280/5166
f 269/2277/5167 264/2276/5168 2238/284/5169 2240/286/5170
f 264/2276/5171 1855/2280/5172 2241/287/5173 2238/284/5174
f 1854/2279/5175 265/2275/5176 2236/282/5177 2242/288/5178
f 4607/4697/5179 4608/4698/5180 4609/4699/5181 4610/4700/5182
f 267/2278/5183 266/2271/5184 2233/279/5185 2239/285/5186
f 4611/4701/5187 4612/4702/5188 4613/4703/5189 4614/4704/5190
f 274/2282/5191 268/2281/5192 2244/290/5193 2246/292/5194
f 268/2281/5195 271/2284/5196 2247/293/5197 2244/290/5198
f 270/2283/5199 269/2277/5200 2240/286/5201 2248/294/5202
f 273/2286/5203 1856/2285/5204 2250/296/5205 2249/295/5206
f 1855/2280/5207 270/2283/5208 2248/294/5209 2241/287/5210
f 271/2284/5211 275/2289/5212 2252/298/5213 2247/293/5214
f 277/2288/5215 272/2287/5216 2251/297/5217 2253/299/5218
f 272/2287/5219 1851/2291/5220 2254/300/5221 2251/297/5222
f 1850/2290/5223 273/2286/5224 2249/295/5225 2255/301/5226
f 4615/4705/5227 4616/4706/5228 4617/4707/5229 4618/4708/5230
f 275/2289/5231 274/2282/5232 2246/292/5233 2252/298/5234
f 4619/4709/5235 4620/4710/5236 4621/4711/5237 4622/4712/5238
f 282/2293/5239 276/2292/5240 2257/303/5241 2259/305/5242
f 276/2292/5243 279/2295/5244 2260/306/5245 2257/303/5246
f 278/2294/5247 277/2288/5248 2253/299/5249 2261/307/5250
f 281/2297/5251 1852/2296/5252 2263/309/5253 2262/308/5254
f 1851/2291/5255 278/2294/5256 2261/307/5257 2254/300/5258
f 279/2295/5259 283/2300/5260 2265/311/5261 2260/306/5262
f 285/2299/5263 280/2298/5264 2264/310/5265 2266/312/5266
f 280/2298/5267 1847/2302/5268 2267/313/5269 2264/310/5270
f 1846/2301/5271 281/2297/5272 2262/308/5273 2268/314/5274
f 4623/4713/5275 4624/4714/5276 4625/4715/5277 4626/4716/5278
f 283/2300/5279 282/2293/5280 2259/305/5281 2265/311/5282
f 4627/4717/5283 4628/4718/5284 4629/4719/5285 4630/4720/5286
f 290/2304/5287 284/2303/5288 2270/316/5289 2272/318/5290
f 284/2303/5291 287/2306/5292 2273/319/5293 2270/316/5294
f 286/2305/5295 285/2299/5296 2266/312/5297 2274/320/5298
f 289/2308/5299 1848/2307/5300 2276/322/5301 2275/321/5302
f 1847/2302/5303 286/2305/5304 2274/320/5305 2267/313/5306
f 287/2306/5307 291/2311/5308 2278/324/5309 2273/319/5310
f 293/2310/5311 288/2309/5312 2277/323/5313 2279/325/5314
f 288/2309/5315 1843/2313/5316 2280/326/5317 2277/323/5318
f 1842/2312/5319 289/2308/5320 2275/321/5321 2281/327/5322
f 4631/4721/5323 4632/4722/5324 4633/4723/5325 4634/4724/5326
f 291/2311/5327 290/2304/5328 2272/318/5329 2278/324/5330
f 4635/4725/5331 4636/4726/5332 4637/4727/5333 4638/4728/5334
f 298/2315/5335 292/2314/5336 2283/329/5337 2285/331/5338
f 292/2314/5339 295/2317/5340 2286/332/5341 2283/329/5342
f 294/2316/5343 293/2310/5344 2279/325/5345 2287/333/5346
f 297/2319/5347 1844/2318/5348 2289/335/5349 2288/334/5350
f 1843/2313/5351 294/2316/5352 2287/333/5353 2280/326/5354
f 295/2317/5355 299/2322/5356 2291/337/5357 2286/332/5358
f 301/2321/5359 296/2320/5360 2290/336/5361 2292/338/5362
f 296/2320/5363 1839/2324/5364 2293/339/5365 2290/336/5366
f 1838/2323/5367 297/2319/5368 2288/334/5369 2294/340/5370
f 4639/4729/5371 4640/4730/5372 4641/4731/5373 4642/4732/5374
f 299/2322/5375 298/2315/5376 2285/331/5377 2291/337/5378
f 4643/4733/5379 4644/4734/5380 4645/4735/5381 4646/4736/5382
f 306/2326/5383 300/2325/5384 2296/342/5385 2298/344/5386
f 300/2325/5387 303/2328/5388 2299/345/5389 2296/342/5390
f 302/2327/5391 301/2321/5392 2292/338/5393 2300/346/5394
f 305/2330/5395 1840/2329/5396 2302/348/5397 2301/347/5398
f 1839/2324/5399 302/2327/5400 2300/346/5401 2293/339/5402
f 303/2328/5403 307/2333/5404 2304/350/5405 2299/345/5406
f 309/2332/5407 304/2331/5408 2303/349/5409 2305/351/5410
f 304/2331/5411 1835/2335/5412 2306/352/5413 2303/349/5414
f 1834/2334/5415 305/2330/5416 2301/347/5417 2307/353/5418
f 4647/4737/5419 4648/4738/5420 4649/4739/5421 4650/4740/5422
f 307/2333/5423 306/2326/5424 2298/344/5425 2304/350/5426
f 4651/4741/5427 4652/4742/5428 4653/4743/5429 4654/4744/5430
f 314/2337/5431 308/2336/5432 2309/355/5433 2311/357/5434
f 308/2336/5435 311/2339/5436 2312/358/5437 2309/355/5438
f 310/2338/5439 309/2332/5440 2305/351/5441 2313/359/5442
f 313/2341/5443 1836/2340/5444 2315/361/5445 2314/360/5446
f 1835/2335/5447 310/2338/5448 2313/359/5449 2306/352/5450
f 311/2339/5451 315/2344/5452 2317/363/5453 2312/358/5454
f 317/2343/5455 312/2342/5456 2316/362/5457 2318/364/5458
f 312/2342/5459 1831/2346/5460 2319/365/5461 2316/362/5462
f 1830/2345/5463 313/2341/5464 2314/360/5465 2320/366/5466
f 4655/4745/5467 4656/4746/5468 4657/4747/5469 4658/4748/5470
f 315/2344/5471 314/2337/5472 2311/357/5473 2317/363/5474
f 4659/4749/5475 4660/4750/5476 4661/4751/5477 4662/4752/5478
f 322/2348/5479 316/2347/5480 2322/368/5481 2324/370/5482
f 316/2347/5483 319/2350/5484 2325/371/5485 2322/368/5486
f 318/2349/5487 317/2343/5488 2318/364/5489 2326/372/5490
f 321/2352/5491 1832/2351/5492 2328/374/5493 2327/373/5494
f 1831/2346/5495 318/2349/5496 2326/372/5497 2319/365/5498
f 319/2350/5499 323/2355/5500 2330/376/5501 2325/371/5502
f 325/2354/5503 320/2353/5504 2329/375/5505 2331/377/5506
f 320/2353/5507 1827/2357/5508 2332/378/5509 2329/375/5510
f 1826/2356/5511 321/2352/5512 2327/373/5513 2333/379/5514
f 4663/4753/5515 4664/4754/5516 4665/4755/5517 4666/4756/5518
f 323/2355/5519 322/2348/5520 2324/370/5521 2330/376/5522
f 4667/4757/5523 4668/4758/5524 4669/4759/5525 4670/4760/5526
f 330/2359/5527 324/2358/5528 2335/381/5529 2337/383/5530
f 324/2358/5531 327/2361/5532 2338/384/5533 2335/381/5534
f 326/2360/5535 325/2354/5536 2331/377/5537 2339/385/5538
f 329/2363/5539 1828/2362/5540 2341/387/5541 2340/386/5542
f 1827/2357/5543 326/2360/5544 2339/385/5545 2332/378/5546
f 327/2361/5547 331/2366/5548 2343/389/5549 2338/384/5550
f 333/2365/5551 328/2364/5552 2342/388/5553 2344/390/5554
f 328/2364/5555 1823/2368/5556 2345/391/5557 2342/388/5558
f 1822/2367/5559 329/2363/5560 2340/386/5561 2346/392/5562
f 4671/4761/5563 4672/4762/5564 4673/4763/5565 4674/4764/5566
f 331/2366/5567 330/2359/5568 2337/383/5569 2343/389/5570
f 4675/4765/5571 4676/4766/5572 4677/4767/5573 4678/4768/5574
f 338/2370/5575 332/2369/5576 2348/394/5577 2350/396/5578
f 332/2369/5579 336/2372/5580 2351/397/5581 2348/394/5582
f 335/2371/5583 333/2365/5584 2344/390/5585 2352/398/5586
f 337/2376/5587 1899/2375/5588 2355/401/5589 2354/400/5590
f 1898/2374/5591 334/2373/5592 2353/399/5593 2356/402/5594
f 334/2373/5595 1824/2377/5596 2357/403/5597 2353/399/5598
f 1823/2368/5599 335/2371/5600 2352/398/5601 2345/391/5602
f 336/2372/5603 339/2379/5604 2358/404/5605 2351/397/5606
f 341/2378/5607 337/2376/5608 2354/400/5609 2359/405/5610
f 4679/4769/5611 4680/4770/5612 4681/4771/5613 4682/4772/5614
f 339/2379/5615 338/2370/5616 2350/396/5617 2358/404/5618
f 4683/4773/5619 4684/4774/5620 4685/4775/5621 4686/4776/5622
f 346/2381/5623 340/2380/5624 2361/407/5625 2363/409/5626
f 340/2380/5627 343/2383/5628 2364/410/5629 2361/407/5630
f 342/2382/5631 341/2378/5632 2359/405/5633 2365/411/5634
f 345/2385/5635 1900/2384/5636 2367/413/5637 2366/412/5638
f 1899/2375/5639 342/2382/5640 2365/411/5641 2355/401/5642
f 343/2383/5643 347/2388/5644 2369/415/5645 2364/410/5646
f 349/2387/5647 344/2386/5648 2368/414/5649 2370/416/5650
f 344/2386/5651 1895/2390/5652 2371/417/5653 2368/414/5654
f 1894/2389/5655 345/2385/5656 2366/412/5657 2372/418/5658
f 4687/4777/5659 4688/4778/5660 4689/4779/5661 4690/4780/5662
f 347/2388/5663 346/2381/5664 2363/409/5665 2369/415/5666
f 4691/4781/5667 4692/4782/5668 4693/4783/5669 4694/4784/5670
f 354/2392/5671 348/2391/5672 2374/420/5673 2376/422/5674
f 348/2391/5675 351/2394/5676 2377/423/5677 2374/420/5678
f 350/2393/5679 349/2387/5680 2370/416/5681 2378/424/5682
f 353/2396/5683 1896/2395/5684 2380/426/5685 2379/425/5686
f 1895/2390/5687 350/2393/5688 2378/424/5689 2371/417/5690
f 351/2394/5691 355/2399/5692 2382/428/5693 2377/423/5694
f 357/2398/5695 352/2397/5696 2381/427/5697 2383/429/5698
f 352/2397/5699 1891/2401/5700 2384/430/5701 2381/427/5702
f 1890/2400/5703 353/2396/5704 2379/425/5705 2385/431/5706
f 4695/4785/5707 4696/4786/5708 4697/4787/5709 4698/4788/5710
f 355/2399/5711 354/2392/5712 2376/422/5713 2382/428/5714
f 4699/4789/5715 4700/4790/5716 4701/4791/5717 4702/4792/5718
f 362/2403/5719 356/2402/5720 2387/433/5721 2389/435/5722
f 356/2402/5723 359/2405/5724 2390/436/5725 2387/433/5726
f 358/2404/5727 357/2398/5728 2383/429/5729 2391/437/5730
f 361/2407/5731 1892/2406/5732 2393/439/5733 2392/438/5734
f 1891/2401/5735 358/2404/5736 2391/437/5737 2384/430/5738
f 359/2405/5739 363/2410/5740 2395/441/5741 2390/436/5742
f 365/2409/5743 360/2408/5744 2394/440/5745 2396/442/5746
f 360/2408/5747 1887/2412/5748 2397/443/5749 2394/440/5750
f 1886/2411/5751 361/2407/5752 2392/438/5753 2398/444/5754
f 4703/4793/5755 4704/4794/5756 4705/4795/5757 4706/4796/5758
f 363/2410/5759 362/2403/5760 2389/435/5761 2395/441/5762
f 4707/4797/5763 4708/4798/5764 4709/4799/5765 4710/4800/5766
f 370/2414/5767 364/2413/5768 2400/446/5769 2402/448/5770
f 364/2413/5771 367/2416/5772 2403/449/5773 2400/446/5774
f 366/2415/5775 365/2409/5776 2396/442/5777 2404/450/5778
f 369/2418/5779 1888/2417/5780 2406/452/5781 2405/451/5782
f 1887/2412/5783 366/2415/5784 2404/450/5785 2397/443/5786
f 367/2416/5787 371/2421/5788 2408/454/5789 2403/449/5790
f 373/2420/5791 368/2419/5792 2407/453/5793 2409/455/5794
f 368/2419/5795 1883/2423/5796 2410/456/5797 2407/453/5798
f 1882/2422/5799 369/2418/5800 2405/451/5801 2411/457/5802
f 4711/4801/5803 4712/4802/5804 4713/4803/5805 4714/4804/5806
f 371/2421/5807 370/2414/5808 2402/448/5809 2408/454/5810
f 4715/4805/5811 4716/4806/5812 4717/4807/5813 4718/4808/5814
f 378/2425/5815 372/2424/5816 2413/459/5817 2415/461/5818
f 372/2424/5819 375/2427/5820 2416/462/5821 2413/459/5822
f 374/2426/5823 373/2420/5824 2409/455/5825 2417/463/5826
f 377/2429/5827 1884/2428/5828 2419/465/5829 2418/464/5830
f 1883/2423/5831 374/2426/5832 2417/463/5833 2410/456/5834
f 375/2427/5835 379/2431/5836 2421/467/5837 2416/462/5838
f 381/2237/5839 376/2430/5840 2420/466/5841 2190/240/5842
f 376/2430/5843 1879/2234/5844 2189/239/5845 2420/466/5846
f 1878/2432/5847 377/2429/5848 2418/464/5849 2422/468/5850
f 4719/4809/5851 4720/4810/5852 4721/4811/5853 4722/4812/5854
f 379/2431/5855 378/2425/5856 2415/461/5857 2421/467/5858
f 385/2436/5859 561/2435/5860 2425/471/5861 2424/470/5862
f 560/2434/5863 382/2433/5864 2423/469/5865 2426/472/5866
f 382/2433/5867 546/2439/5868 2428/474/5869 2423/469/5870
f 549/2438/5871 383/2437/5872 2427/473/5873 2429/475/5874
f 383/2437/5875 387/2442/5876 2431/477/5877 2427/473/5878
f 386/2441/5879 384/2440/5880 2430/476/5881 2432/478/5882
f 384/2440/5883 401/2444/5884 2433/479/5885 2430/476/5886
f 400/2443/5887 385/2436/5888 2424/470/5889 2434/480/5890
f 4723/4813/5891 4724/4814/5892 4725/4815/5893 4726/4816/5894
f 394/2445/5895 386/2441/5896 2432/478/5897 2437/483/5898
f 387/2442/5899 392/2448/5900 2439/485/5901 2431/477/5902
f 391/2447/5903 388/2446/5904 2438/484/5905 2440/486/5906
f 388/2446/5907 389/2449/5908 2441/487/5909 2438/484/5910
f 4727/4817/5911 4728/4818/5912 4729/4819/5913 4730/4820/5914
f 389/2449/5915 539/2450/5916 2443/489/5917 2441/487/5918
f 4731/4821/5919 4732/4822/5920 4733/4823/5921 4734/4824/5922
f 393/2454/5923 698/2453/5924 2447/493/5925 2446/492/5926
f 701/2452/5927 390/2451/5928 2445/491/5929 2448/494/5930
f 390/2451/5931 540/2455/5932 2449/495/5933 2445/491/5934
f 539/2450/5935 391/2447/5936 2440/486/5937 2443/489/5938
f 392/2448/5939 549/2438/5940 2429/475/5941 2439/485/5942
f 548/2456/5943 393/2454/5944 2446/492/5945 2450/496/5946
f 4735/4825/5947 4736/4826/5948 4737/4827/5949 4738/4828/5950
f 401/2444/5951 394/2445/5952 2437/483/5953 2433/479/5954
f 398/2460/5955 569/2459/5956 2454/500/5957 2453/499/5958
f 568/2458/5959 395/2457/5960 2452/498/5961 2455/501/5962
f 395/2457/5963 558/2462/5964 2457/503/5965 2452/498/5966
f 561/2435/5967 396/2461/5968 2456/502/5969 2425/471/5970
f 396/2461/5971 400/2443/5972 2434/480/5973 2456/502/5974
f 399/2464/5975 397/2463/5976 2458/504/5977 2459/505/5978
f 397/2463/5979 409/2466/5980 2460/506/5981 2458/504/5982
f 408/2465/5983 398/2460/5984 2453/499/5985 2461/507/5986
f 4739/4829/5987 4740/4830/5988 4741/4831/5989 4742/4832/5990
f 402/2467/5991 399/2464/5992 2459/505/5993 2463/509/5994
f 4743/4833/5995 4744/4834/5996 4745/4835/5997 4746/4836/5998
f 409/2466/5999 402/2467/6000 2463/509/6001 2460/506/6002
f 406/2471/6003 577/2470/6004 2467/513/6005 2466/512/6006
f 576/2469/6007 403/2468/6008 2465/511/6009 2468/514/6010
f 403/2468/6011 566/2473/6012 2470/516/6013 2465/511/6014
f 569/2459/6015 404/2472/6016 2469/515/6017 2454/500/6018
f 404/2472/6019 408/2465/6020 2461/507/6021 2469/515/6022
f 407/2475/6023 405/2474/6024 2471/517/6025 2472/518/6026
f 405/2474/6027 417/2477/6028 2473/519/6029 2471/517/6030
f 416/2476/6031 406/2471/6032 2466/512/6033 2474/520/6034
f 4747/4837/6035 4748/4838/6036 4749/4839/6037 4750/4840/6038
f 410/2478/6039 407/2475/6040 2472/518/6041 2476/522/6042
f 4751/4841/6043 4752/4842/6044 4753/4843/6045 4754/4844/6046
f 417/2477/6047 410/2478/6048 2476/522/6049 2473/519/6050
f 414/2482/6051 585/2481/6052 2480/526/6053 2479/525/6054
f 584/2480/6055 411/2479/6056 2478/524/6057 2481/527/6058
f 411/2479/6059 574/2484/6060 2483/529/6061 2478/524/6062
f 577/2470/6063 412/2483/6064 2482/528/6065 2467/513/6066
f 412/2483/6067 416/2476/6068 2474/520/6069 2482/528/6070
f 415/2486/6071 413/2485/6072 2484/530/6073 2485/531/6074
f 413/2485/6075 425/2488/6076 2486/532/6077 2484/530/6078
f 424/2487/6079 414/2482/6080 2479/525/6081 2487/533/6082
f 4755/4845/6083 4756/4846/6084 4757/4847/6085 4758/4848/6086
f 418/2489/6087 415/2486/6088 2485/531/6089 2489/535/6090
f 4759/4849/6091 4760/4850/6092 4761/4851/6093 4762/4852/6094
f 425/2488/6095 418/2489/6096 2489/535/6097 2486/532/6098
f 422/2493/6099 593/2492/6100 2493/539/6101 2492/538/6102
f 592/2491/6103 419/2490/6104 2491/537/6105 2494/540/6106
f 419/2490/6107 582/2495/6108 2496/542/6109 2491/537/6110
f 585/2481/6111 420/2494/6112 2495/541/6113 2480/526/6114
f 420/2494/6115 424/2487/6116 2487/533/6117 2495/541/6118
f 423/2497/6119 421/2496/6120 2497/543/6121 2498/544/6122
f 421/2496/6123 433/2499/6124 2499/545/6125 2497/543/6126
f 432/2498/6127 422/2493/6128 2492/538/6129 2500/546/6130
f 4763/4853/6131 4764/4854/6132 4765/4855/6133 4766/4856/6134
f 426/2500/6135 423/2497/6136 2498/544/6137 2502/548/6138
f 4767/4857/6139 4768/4858/6140 4769/4859/6141 4770/4860/6142
f 433/2499/6143 426/2500/6144 2502/548/6145 2499/545/6146
f 430/2504/6147 601/2503/6148 2506/552/6149 2505/551/6150
f 600/2502/6151 427/2501/6152 2504/550/6153 2507/553/6154
f 427/2501/6155 590/2506/6156 2509/555/6157 2504/550/6158
f 593/2492/6159 428/2505/6160 2508/554/6161 2493/539/6162
f 428/2505/6163 432/2498/6164 2500/546/6165 2508/554/6166
f 431/2508/6167 429/2507/6168 2510/556/6169 2511/557/6170
f 429/2507/6171 441/2510/6172 2512/558/6173 2510/556/6174
f 440/2509/6175 430/2504/6176 2505/551/6177 2513/559/6178
f 4771/4861/6179 4772/4862/6180 4773/4863/6181 4774/4864/6182
f 434/2511/6183 431/2508/6184 2511/557/6185 2515/561/6186
f 4775/4865/6187 4776/4866/6188 4777/4867/6189 4778/4868/6190
f 441/2510/6191 434/2511/6192 2515/561/6193 2512/558/6194
f 438/2515/6195 609/2514/6196 2519/565/6197 2518/564/6198
f 608/2513/6199 435/2512/6200 2517/563/6201 2520/566/6202
f 435/2512/6203 598/2517/6204 2522/568/6205 2517/563/6206
f 601/2503/6207 436/2516/6208 2521/567/6209 2506/552/6210
f 436/2516/6211 440/2509/6212 2513/559/6213 2521/567/6214
f 439/2519/6215 437/2518/6216 2523/569/6217 2524/570/6218
f 437/2518/6219 449/2521/6220 2525/571/6221 2523/569/6222
f 448/2520/6223 438/2515/6224 2518/564/6225 2526/572/6226
f 4779/4869/6227 4780/4870/6228 4781/4871/6229 4782/4872/6230
f 442/2522/6231 439/2519/6232 2524/570/6233 2528/574/6234
f 4783/4873/6235 4784/4874/6236 4785/4875/6237 4786/4876/6238
f 449/2521/6239 442/2522/6240 2528/574/6241 2525/571/6242
f 446/2526/6243 617/2525/6244 2532/578/6245 2531/577/6246
f 616/2524/6247 443/2523/6248 2530/576/6249 2533/579/6250
f 443/2523/6251 606/2528/6252 2535/581/6253 2530/576/6254
f 609/2514/6255 444/2527/6256 2534/580/6257 2519/565/6258
f 444/2527/6259 448/2520/6260 2526/572/6261 2534/580/6262
f 447/2530/6263 445/2529/6264 2536/582/6265 2537/583/6266
f 445/2529/6267 457/2532/6268 2538/584/6269 2536/582/6270
f 456/2531/6271 446/2526/6272 2531/577/6273 2539/585/6274
f 4787/4877/6275 4788/4878/6276 4789/4879/6277 4790/4880/6278
f 450/2533/6279 447/2530/6280 2537/583/6281 2541/587/6282
f 4791/4881/6283 4792/4882/6284 4793/4883/6285 4794/4884/6286
f 457/2532/6287 450/2533/6288 2541/587/6289 2538/584/6290
f 454/2537/6291 625/2536/6292 2545/591/6293 2544/590/6294
f 624/2535/6295 451/2534/6296 2543/589/6297 2546/592/6298
f 451/2534/6299 614/2539/6300 2548/594/6301 2543/589/6302
f 617/2525/6303 452/2538/6304 2547/593/6305 2532/578/6306
f 452/2538/6307 456/2531/6308 2539/585/6309 2547/593/6310
f 455/2541/6311 453/2540/6312 2549/595/6313 2550/596/6314
f 453/2540/6315 465/2543/6316 2551/597/6317 2549/595/6318
f 464/2542/6319 454/2537/6320 2544/590/6321 2552/598/6322
f 4795/4885/6323 4796/4886/6324 4797/4887/6325 4798/4888/6326
f 458/2544/6327 455/2541/6328 2550/596/6329 2554/600/6330
f 4799/4889/6331 4800/4890/6332 4801/4891/6333 4802/4892/6334
f 465/2543/6335 458/2544/6336 2554/600/6337 2551/597/6338
f 462/2547/6339 633/2546/6340 2558/604/6341 2557/603/6342
f 632/3998/6343 459/3993/6344 2556/3933/6345 2559/3910/6346
f 459/2545/6347 622/2549/6348 2561/606/6349 2556/602/6350
f 625/2536/6351 460/2548/6352 2560/605/6353 2545/591/6354
f 460/2548/6355 464/2542/6356 2552/598/6357 2560/605/6358
f 463/2551/6359 461/2550/6360 2562/607/6361 2563/608/6362
f 461/3969/6363 473/3994/6364 2564/3908/6365 2562/3906/6366
f 472/2552/6367 462/2547/6368 2557/603/6369 2565/609/6370
f 4803/4893/6371 4804/4894/6372 4805/4895/6373 4806/4896/6374
f 466/2553/6375 463/2551/6376 2563/608/6377 2567/611/6378
f 4807/4897/6379 4808/4898/6380 4809/4899/6381 4810/4900/6382
f 473/3994/6383 466/3995/6384 2567/3996/6385 2564/3908/6386
f 470/2557/6387 641/2556/6388 2571/615/6389 2570/614/6390
f 640/2555/6391 467/2554/6392 2569/613/6393 2572/616/6394
f 467/2554/6395 630/2559/6396 2574/618/6397 2569/613/6398
f 633/2546/6399 468/2558/6400 2573/617/6401 2558/604/6402
f 468/2558/6403 472/2552/6404 2565/609/6405 2573/617/6406
f 471/2561/6407 469/2560/6408 2575/619/6409 2576/620/6410
f 469/2560/6411 481/2563/6412 2577/621/6413 2575/619/6414
f 480/2562/6415 470/2557/6416 2570/614/6417 2578/622/6418
f 4811/4901/6419 4812/4902/6420 4813/4903/6421 4814/4904/6422
f 474/2564/6423 471/2561/6424 2576/620/6425 2580/624/6426
f 4815/4905/6427 4816/4906/6428 4817/4907/6429 4818/4908/6430
f 481/2563/6431 474/2564/6432 2580/624/6433 2577/621/6434
f 478/2568/6435 649/2567/6436 2584/628/6437 2583/627/6438
f 648/2566/6439 475/2565/6440 2582/626/6441 2585/629/6442
f 475/2565/6443 638/2570/6444 2587/631/6445 2582/626/6446
f 641/2556/6447 476/2569/6448 2586/630/6449 2571/615/6450
f 476/2569/6451 480/2562/6452 2578/622/6453 2586/630/6454
f 479/2572/6455 477/2571/6456 2588/632/6457 2589/633/6458
f 477/2571/6459 489/2574/6460 2590/634/6461 2588/632/6462
f 488/2573/6463 478/2568/6464 2583/627/6465 2591/635/6466
f 4819/4909/6467 4820/4910/6468 4821/4911/6469 4822/4912/6470
f 482/2575/6471 479/2572/6472 2589/633/6473 2593/637/6474
f 4823/4913/6475 4824/4914/6476 4825/4915/6477 4826/4916/6478
f 489/2574/6479 482/2575/6480 2593/637/6481 2590/634/6482
f 486/2579/6483 657/2578/6484 2597/641/6485 2596/640/6486
f 656/2577/6487 483/2576/6488 2595/639/6489 2598/642/6490
f 483/2576/6491 646/2581/6492 2600/644/6493 2595/639/6494
f 649/2567/6495 484/2580/6496 2599/643/6497 2584/628/6498
f 484/2580/6499 488/2573/6500 2591/635/6501 2599/643/6502
f 487/2583/6503 485/2582/6504 2601/645/6505 2602/646/6506
f 485/2582/6507 497/2585/6508 2603/647/6509 2601/645/6510
f 496/2584/6511 486/2579/6512 2596/640/6513 2604/648/6514
f 4827/4917/6515 4828/4918/6516 4829/4919/6517 4830/4920/6518
f 490/2586/6519 487/2583/6520 2602/646/6521 2606/650/6522
f 4831/4921/6523 4832/4922/6524 4833/4923/6525 4834/4924/6526
f 497/2585/6527 490/2586/6528 2606/650/6529 2603/647/6530
f 494/2590/6531 665/2589/6532 2610/654/6533 2609/653/6534
f 664/2588/6535 491/2587/6536 2608/652/6537 2611/655/6538
f 491/2587/6539 654/2592/6540 2613/657/6541 2608/652/6542
f 657/2578/6543 492/2591/6544 2612/656/6545 2597/641/6546
f 492/2591/6547 496/2584/6548 2604/648/6549 2612/656/6550
f 495/2594/6551 493/2593/6552 2614/658/6553 2615/659/6554
f 493/2593/6555 505/2596/6556 2616/660/6557 2614/658/6558
f 504/2595/6559 494/2590/6560 2609/653/6561 2617/661/6562
f 4835/4925/6563 4836/4926/6564 4837/4927/6565 4838/4928/6566
f 498/2597/6567 495/2594/6568 2615/659/6569 2619/663/6570
f 4839/4929/6571 4840/4930/6572 4841/4931/6573 4842/4932/6574
f 505/2596/6575 498/2597/6576 2619/663/6577 2616/660/6578
f 502/2601/6579 673/2600/6580 2623/667/6581 2622/666/6582
f 672/2599/6583 499/2598/6584 2621/665/6585 2624/668/6586
f 499/2598/6587 662/2603/6588 2626/670/6589 2621/665/6590
f 665/2589/6591 500/2602/6592 2625/669/6593 2610/654/6594
f 500/2602/6595 504/2595/6596 2617/661/6597 2625/669/6598
f 503/2605/6599 501/2604/6600 2627/671/6601 2628/672/6602
f 501/2604/6603 513/2607/6604 2629/673/6605 2627/671/6606
f 512/2606/6607 502/2601/6608 2622/666/6609 2630/674/6610
f 4843/4933/6611 4844/4934/6612 4845/4935/6613 4846/4936/6614
f 506/2608/6615 503/2605/6616 2628/672/6617 2632/676/6618
f 4847/4937/6619 4848/4938/6620 4849/4939/6621 4850/4940/6622
f 513/2607/6623 506/2608/6624 2632/676/6625 2629/673/6626
f 510/2612/6627 681/2611/6628 2636/680/6629 2635/679/6630
f 680/2610/6631 507/2609/6632 2634/678/6633 2637/681/6634
f 507/2609/6635 670/2614/6636 2639/683/6637 2634/678/6638
f 673/2600/6639 508/2613/6640 2638/682/6641 2623/667/6642
f 508/2613/6643 512/2606/6644 2630/674/6645 2638/682/6646
f 511/2616/6647 509/2615/6648 2640/684/6649 2641/685/6650
f 509/2615/6651 521/2618/6652 2642/686/6653 2640/684/6654
f 520/2617/6655 510/2612/6656 2635/679/6657 2643/687/6658
f 4851/4941/6659 4852/4942/6660 4853/4943/6661 4854/4944/6662
f 514/2619/6663 511/2616/6664 2641/685/6665 2645/689/6666
f 4855/4945/6667 4856/4946/6668 4857/4947/6669 4858/4948/6670
f 521/2618/6671 514/2619/6672 2645/689/6673 2642/686/6674
f 518/2623/6675 689/2622/6676 2649/693/6677 2648/692/6678
f 688/2621/6679 515/2620/6680 2647/691/6681 2650/694/6682
f 515/2620/6683 678/2625/6684 2652/696/6685 2647/691/6686
f 681/2611/6687 516/2624/6688 2651/695/6689 2636/680/6690
f 516/2624/6691 520/2617/6692 2643/687/6693 2651/695/6694
f 519/2627/6695 517/2626/6696 2653/697/6697 2654/698/6698
f 517/2626/6699 529/2629/6700 2655/699/6701 2653/697/6702
f 528/2628/6703 518/2623/6704 2648/692/6705 2656/700/6706
f 4859/4949/6707 4860/4950/6708 4861/4951/6709 4862/4952/6710
f 522/2630/6711 519/2627/6712 2654/698/6713 2658/702/6714
f 4863/4953/6715 4864/4954/6716 4865/4955/6717 4866/4956/6718
f 529/2629/6719 522/2630/6720 2658/702/6721 2655/699/6722
f 526/2634/6723 697/2633/6724 2662/706/6725 2661/705/6726
f 696/2632/6727 523/2631/6728 2660/704/6729 2663/707/6730
f 523/2631/6731 686/2636/6732 2665/709/6733 2660/704/6734
f 689/2622/6735 524/2635/6736 2664/708/6737 2649/693/6738
f 524/2635/6739 528/2628/6740 2656/700/6741 2664/708/6742
f 527/2638/6743 525/2637/6744 2666/710/6745 2667/711/6746
f 525/2637/6747 537/2640/6748 2668/712/6749 2666/710/6750
f 536/2639/6751 526/2634/6752 2661/705/6753 2669/713/6754
f 4867/4957/6755 4868/4958/6756 4869/4959/6757 4870/4960/6758
f 530/2641/6759 527/2638/6760 2667/711/6761 2671/715/6762
f 4871/4961/6763 4872/4962/6764 4873/4963/6765 4874/4964/6766
f 537/2640/6767 530/2641/6768 2671/715/6769 2668/712/6770
f 534/2644/6771 701/2452/6772 2448/494/6773 2674/718/6774
f 700/2643/6775 531/2642/6776 2673/717/6777 2675/719/6778
f 531/2642/6779 694/2646/6780 2677/721/6781 2673/717/6782
f 697/2633/6783 532/2645/6784 2676/720/6785 2662/706/6786
f 532/2645/6787 536/2639/6788 2669/713/6789 2676/720/6790
f 535/2648/6791 533/2647/6792 2678/722/6793 2679/723/6794
f 533/2647/6795 541/2649/6796 2680/724/6797 2678/722/6798
f 540/2455/6799 534/2644/6800 2674/718/6801 2449/495/6802
f 4875/4965/6803 4876/4966/6804 4877/4967/6805 4878/4968/6806
f 538/2650/6807 535/2648/6808 2679/723/6809 2682/726/6810
f 4879/4969/6811 4880/4970/6812 4881/4971/6813 4882/4972/6814
f 541/2649/6815 538/2650/6816 2682/726/6817 2680/724/6818
f 545/2654/6819 721/2653/6820 2685/729/6821 2684/728/6822
f 720/2652/6823 542/2651/6824 2683/727/6825 2686/730/6826
f 542/2651/6827 706/2657/6828 2688/732/6829 2683/727/6830
f 709/2656/6831 543/2655/6832 2687/731/6833 2689/733/6834
f 543/2655/6835 547/2659/6836 2691/735/6837 2687/731/6838
f 546/2439/6839 544/2658/6840 2690/734/6841 2428/474/6842
f 544/2658/6843 560/2434/6844 2426/472/6845 2690/734/6846
f 559/2660/6847 545/2654/6848 2684/728/6849 2692/736/6850
f 547/2659/6851 552/2662/6852 2693/737/6853 2691/735/6854
f 551/2661/6855 548/2456/6856 2450/496/6857 2694/738/6858
f 553/2666/6859 858/2665/6860 2697/741/6861 2696/740/6862
f 861/2664/6863 550/2663/6864 2695/739/6865 2698/742/6866
f 550/2663/6867 699/2667/6868 2699/743/6869 2695/739/6870
f 698/2453/6871 551/2661/6872 2694/738/6873 2447/493/6874
f 552/2662/6875 709/2656/6876 2689/733/6877 2693/737/6878
f 708/2668/6879 553/2666/6880 2696/740/6881 2700/744/6882
f 557/2672/6883 729/2671/6884 2703/747/6885 2702/746/6886
f 728/2670/6887 554/2669/6888 2701/745/6889 2704/748/6890
f 554/2669/6891 718/2674/6892 2706/750/6893 2701/745/6894
f 721/2653/6895 555/2673/6896 2705/749/6897 2685/729/6898
f 555/2673/6899 559/2660/6900 2692/736/6901 2705/749/6902
f 558/2462/6903 556/2675/6904 2707/751/6905 2457/503/6906
f 556/2675/6907 568/2458/6908 2455/501/6909 2707/751/6910
f 567/2676/6911 557/2672/6912 2702/746/6913 2708/752/6914
f 565/2680/6915 737/2679/6916 2711/755/6917 2710/754/6918
f 736/2678/6919 562/2677/6920 2709/753/6921 2712/756/6922
f 562/2677/6923 726/2682/6924 2714/758/6925 2709/753/6926
f 729/2671/6927 563/2681/6928 2713/757/6929 2703/747/6930
f 563/2681/6931 567/2676/6932 2708/752/6933 2713/757/6934
f 566/2473/6935 564/2683/6936 2715/759/6937 2470/516/6938
f 564/2683/6939 576/2469/6940 2468/514/6941 2715/759/6942
f 575/2684/6943 565/2680/6944 2710/754/6945 2716/760/6946
f 573/2688/6947 745/2687/6948 2719/763/6949 2718/762/6950
f 744/2686/6951 570/2685/6952 2717/761/6953 2720/764/6954
f 570/2685/6955 734/2690/6956 2722/766/6957 2717/761/6958
f 737/2679/6959 571/2689/6960 2721/765/6961 2711/755/6962
f 571/2689/6963 575/2684/6964 2716/760/6965 2721/765/6966
f 574/2484/6967 572/2691/6968 2723/767/6969 2483/529/6970
f 572/2691/6971 584/2480/6972 2481/527/6973 2723/767/6974
f 583/2692/6975 573/2688/6976 2718/762/6977 2724/768/6978
f 581/2696/6979 753/2695/6980 2727/771/6981 2726/770/6982
f 752/2694/6983 578/2693/6984 2725/769/6985 2728/772/6986
f 578/2693/6987 742/2698/6988 2730/774/6989 2725/769/6990
f 745/2687/6991 579/2697/6992 2729/773/6993 2719/763/6994
f 579/2697/6995 583/2692/6996 2724/768/6997 2729/773/6998
f 582/2495/6999 580/2699/7000 2731/775/7001 2496/542/7002
f 580/2699/7003 592/2491/7004 2494/540/7005 2731/775/7006
f 591/2700/7007 581/2696/7008 2726/770/7009 2732/776/7010
f 589/2704/7011 761/2703/7012 2735/779/7013 2734/778/7014
f 760/2702/7015 586/2701/7016 2733/777/7017 2736/780/7018
f 586/2701/7019 750/2706/7020 2738/782/7021 2733/777/7022
f 753/2695/7023 587/2705/7024 2737/781/7025 2727/771/7026
f 587/2705/7027 591/2700/7028 2732/776/7029 2737/781/7030
f 590/2506/7031 588/2707/7032 2739/783/7033 2509/555/7034
f 588/2707/7035 600/2502/7036 2507/553/7037 2739/783/7038
f 599/2708/7039 589/2704/7040 2734/778/7041 2740/784/7042
f 597/2712/7043 769/2711/7044 2743/787/7045 2742/786/7046
f 768/2710/7047 594/2709/7048 2741/785/7049 2744/788/7050
f 594/2709/7051 758/2714/7052 2746/790/7053 2741/785/7054
f 761/2703/7055 595/2713/7056 2745/789/7057 2735/779/7058
f 595/2713/7059 599/2708/7060 2740/784/7061 2745/789/7062
f 598/2517/7063 596/2715/7064 2747/791/7065 2522/568/7066
f 596/2715/7067 608/2513/7068 2520/566/7069 2747/791/7070
f 607/2716/7071 597/2712/7072 2742/786/7073 2748/792/7074
f 605/2720/7075 777/2719/7076 2751/795/7077 2750/794/7078
f 776/2718/7079 602/2717/7080 2749/793/7081 2752/796/7082
f 602/2717/7083 766/2722/7084 2754/798/7085 2749/793/7086
f 769/2711/7087 603/2721/7088 2753/797/7089 2743/787/7090
f 603/2721/7091 607/2716/7092 2748/792/7093 2753/797/7094
f 606/2528/7095 604/2723/7096 2755/799/7097 2535/581/7098
f 604/2723/7099 616/2524/7100 2533/579/7101 2755/799/7102
f 615/2724/7103 605/2720/7104 2750/794/7105 2756/800/7106
f 613/2728/7107 785/2727/7108 2759/803/7109 2758/802/7110
f 784/2726/7111 610/2725/7112 2757/801/7113 2760/804/7114
f 610/2725/7115 774/2730/7116 2762/806/7117 2757/801/7118
f 777/2719/7119 611/2729/7120 2761/805/7121 2751/795/7122
f 611/2729/7123 615/2724/7124 2756/800/7125 2761/805/7126
f 614/2539/7127 612/2731/7128 2763/807/7129 2548/594/7130
f 612/2731/7131 624/2535/7132 2546/592/7133 2763/807/7134
f 623/2732/7135 613/2728/7136 2758/802/7137 2764/808/7138
f 621/2735/7139 793/2734/7140 2767/811/7141 2766/810/7142
f 792/4000/7143 618/3997/7144 2765/3935/7145 2768/3912/7146
f 618/2733/7147 782/2737/7148 2770/813/7149 2765/809/7150
f 785/2727/7151 619/2736/7152 2769/812/7153 2759/803/7154
f 619/2736/7155 623/2732/7156 2764/808/7157 2769/812/7158
f 622/2549/7159 620/2738/7160 2771/814/7161 2561/606/7162
f 620/3971/7163 632/3998/7164 2559/3910/7165 2771/3909/7166
f 631/2739/7167 621/2735/7168 2766/810/7169 2772/815/7170
f 629/2743/7171 801/2742/7172 2775/818/7173 2774/817/7174
f 800/2741/7175 626/2740/7176 2773/816/7177 2776/819/7178
f 626/2740/7179 790/2745/7180 2778/821/7181 2773/816/7182
f 793/2734/7183 627/2744/7184 2777/820/7185 2767/811/7186
f 627/2744/7187 631/2739/7188 2772/815/7189 2777/820/7190
f 630/2559/7191 628/2746/7192 2779/822/7193 2574/618/7194
f 628/2746/7195 640/2555/7196 2572/616/7197 2779/822/7198
f 639/2747/7199 629/2743/7200 2774/817/7201 2780/823/7202
f 637/2751/7203 809/2750/7204 2783/826/7205 2782/825/7206
f 808/2749/7207 634/2748/7208 2781/824/7209 2784/827/7210
f 634/2748/7211 798/2753/7212 2786/829/7213 2781/824/7214
f 801/2742/7215 635/2752/7216 2785/828/7217 2775/818/7218
f 635/2752/7219 639/2747/7220 2780/823/7221 2785/828/7222
f 638/2570/7223 636/2754/7224 2787/830/7225 2587/631/7226
f 636/2754/7227 648/2566/7228 2585/629/7229 2787/830/7230
f 647/2755/7231 637/2751/7232 2782/825/7233 2788/831/7234
f 645/2759/7235 817/2758/7236 2791/834/7237 2790/833/7238
f 816/2757/7239 642/2756/7240 2789/832/7241 2792/835/7242
f 642/2756/7243 806/2761/7244 2794/837/7245 2789/832/7246
f 809/2750/7247 643/2760/7248 2793/836/7249 2783/826/7250
f 643/2760/7251 647/2755/7252 2788/831/7253 2793/836/7254
f 646/2581/7255 644/2762/7256 2795/838/7257 2600/644/7258
f 644/2762/7259 656/2577/7260 2598/642/7261 2795/838/7262
f 655/2763/7263 645/2759/7264 2790/833/7265 2796/839/7266
f 653/2767/7267 825/2766/7268 2799/842/7269 2798/841/7270
f 824/2765/7271 650/2764/7272 2797/840/7273 2800/843/7274
f 650/2764/7275 814/2769/7276 2802/845/7277 2797/840/7278
f 817/2758/7279 651/2768/7280 2801/844/7281 2791/834/7282
f 651/2768/7283 655/2763/7284 2796/839/7285 2801/844/7286
f 654/2592/7287 652/2770/7288 2803/846/7289 2613/657/7290
f 652/2770/7291 664/2588/7292 2611/655/7293 2803/846/7294
f 663/2771/7295 653/2767/7296 2798/841/7297 2804/847/7298
f 661/2775/7299 833/2774/7300 2807/850/7301 2806/849/7302
f 832/2773/7303 658/2772/7304 2805/848/7305 2808/851/7306
f 658/2772/7307 822/2777/7308 2810/853/7309 2805/848/7310
f 825/2766/7311 659/2776/7312 2809/852/7313 2799/842/7314
f 659/2776/7315 663/2771/7316 2804/847/7317 2809/852/7318
f 662/2603/7319 660/2778/7320 2811/854/7321 2626/670/7322
f 660/2778/7323 672/2599/7324 2624/668/7325 2811/854/7326
f 671/2779/7327 661/2775/7328 2806/849/7329 2812/855/7330
f 669/2783/7331 841/2782/7332 2815/858/7333 2814/857/7334
f 840/2781/7335 666/2780/7336 2813/856/7337 2816/859/7338
f 666/2780/7339 830/2785/7340 2818/861/7341 2813/856/7342
f 833/2774/7343 667/2784/7344 2817/860/7345 2807/850/7346
f 667/2784/7347 671/2779/7348 2812/855/7349 2817/860/7350
f 670/2614/7351 668/2786/7352 2819/862/7353 2639/683/7354
f 668/2786/7355 680/2610/7356 2637/681/7357 2819/862/7358
f 679/2787/7359 669/2783/7360 2814/857/7361 2820/863/7362
f 677/2791/7363 849/2790/7364 2823/866/7365 2822/865/7366
f 848/2789/7367 674/2788/7368 2821/864/7369 2824/867/7370
f 674/2788/7371 838/2793/7372 2826/869/7373 2821/864/7374
f 841/2782/7375 675/2792/7376 2825/868/7377 2815/858/7378
f 675/2792/7379 679/2787/7380 2820/863/7381 2825/868/7382
f 678/2625/7383 676/2794/7384 2827/870/7385 2652/696/7386
f 676/2794/7387 688/2621/7388 2650/694/7389 2827/870/7390
f 687/2795/7391 677/2791/7392 2822/865/7393 2828/871/7394
f 685/2799/7395 857/2798/7396 2831/874/7397 2830/873/7398
f 856/2797/7399 682/2796/7400 2829/872/7401 2832/875/7402
f 682/2796/7403 846/2801/7404 2834/877/7405 2829/872/7406
f 849/2790/7407 683/2800/7408 2833/876/7409 2823/866/7410
f 683/2800/7411 687/2795/7412 2828/871/7413 2833/876/7414
f 686/2636/7415 684/2802/7416 2835/878/7417 2665/709/7418
f 684/2802/7419 696/2632/7420 2663/707/7421 2835/878/7422
f 695/2803/7423 685/2799/7424 2830/873/7425 2836/879/7426
f 693/2806/7427 861/2664/7428 2698/742/7429 2838/881/7430
f 860/2805/7431 690/2804/7432 2837/880/7433 2839/882/7434
f 690/2804/7435 854/2808/7436 2841/884/7437 2837/880/7438
f 857/2798/7439 691/2807/7440 2840/883/7441 2831/874/7442
f 691/2807/7443 695/2803/7444 2836/879/7445 2840/883/7446
f 694/2646/7447 692/2809/7448 2842/885/7449 2677/721/7450
f 692/2809/7451 700/2643/7452 2675/719/7453 2842/885/7454
f 699/2667/7455 693/2806/7456 2838/881/7457 2699/743/7458
f 705/2813/7459 881/2812/7460 2845/888/7461 2844/887/7462
f 880/2811/7463 702/2810/7464 2843/886/7465 2846/889/7466
f 702/2810/7467 866/2816/7468 2848/891/7469 2843/886/7470
f 869/2815/7471 703/2814/7472 2847/890/7473 2849/892/7474
f 703/2814/7475 707/2818/7476 2851/894/7477 2847/890/7478
f 706/2657/7479 704/2817/7480 2850/893/7481 2688/732/7482
f 704/2817/7483 720/2652/7484 2686/730/7485 2850/893/7486
f 719/2819/7487 705/2813/7488 2844/887/7489 2852/895/7490
f 707/2818/7491 712/2821/7492 2853/896/7493 2851/894/7494
f 711/2820/7495 708/2668/7496 2700/744/7497 2854/897/7498
f 713/2825/7499 1018/2824/7500 2857/900/7501 2856/899/7502
f 1021/2823/7503 710/2822/7504 2855/898/7505 2858/901/7506
f 710/2822/7507 859/2826/7508 2859/902/7509 2855/898/7510
f 858/2665/7511 711/2820/7512 2854/897/7513 2697/741/7514
f 712/2821/7515 869/2815/7516 2849/892/7517 2853/896/7518
f 868/2827/7519 713/2825/7520 2856/899/7521 2860/903/7522
f 717/2831/7523 889/2830/7524 2863/906/7525 2862/905/7526
f 888/2829/7527 714/2828/7528 2861/904/7529 2864/907/7530
f 714/2828/7531 878/2833/7532 2866/909/7533 2861/904/7534
f 881/2812/7535 715/2832/7536 2865/908/7537 2845/888/7538
f 715/2832/7539 719/2819/7540 2852/895/7541 2865/908/7542
f 718/2674/7543 716/2834/7544 2867/910/7545 2706/750/7546
f 716/2834/7547 728/2670/7548 2704/748/7549 2867/910/7550
f 727/2835/7551 717/2831/7552 2862/905/7553 2868/911/7554
f 725/2839/7555 897/2838/7556 2871/914/7557 2870/913/7558
f 896/2837/7559 722/2836/7560 2869/912/7561 2872/915/7562
f 722/2836/7563 886/2841/7564 2874/917/7565 2869/912/7566
f 889/2830/7567 723/2840/7568 2873/916/7569 2863/906/7570
f 723/2840/7571 727/2835/7572 2868/911/7573 2873/916/7574
f 726/2682/7575 724/2842/7576 2875/918/7577 2714/758/7578
f 724/2842/7579 736/2678/7580 2712/756/7581 2875/918/7582
f 735/2843/7583 725/2839/7584 2870/913/7585 2876/919/7586
f 733/2847/7587 905/2846/7588 2879/922/7589 2878/921/7590
f 904/2845/7591 730/2844/7592 2877/920/7593 2880/923/7594
f 730/2844/7595 894/2849/7596 2882/925/7597 2877/920/7598
f 897/2838/7599 731/2848/7600 2881/924/7601 2871/914/7602
f 731/2848/7603 735/2843/7604 2876/919/7605 2881/924/7606
f 734/2690/7607 732/2850/7608 2883/926/7609 2722/766/7610
f 732/2850/7611 744/2686/7612 2720/764/7613 2883/926/7614
f 743/2851/7615 733/2847/7616 2878/921/7617 2884/927/7618
f 741/2855/7619 913/2854/7620 2887/930/7621 2886/929/7622
f 912/2853/7623 738/2852/7624 2885/928/7625 2888/931/7626
f 738/2852/7627 902/2857/7628 2890/933/7629 2885/928/7630
f 905/2846/7631 739/2856/7632 2889/932/7633 2879/922/7634
f 739/2856/7635 743/2851/7636 2884/927/7637 2889/932/7638
f 742/2698/7639 740/2858/7640 2891/934/7641 2730/774/7642
f 740/2858/7643 752/2694/7644 2728/772/7645 2891/934/7646
f 751/2859/7647 741/2855/7648 2886/929/7649 2892/935/7650
f 749/2863/7651 921/2862/7652 2895/938/7653 2894/937/7654
f 920/2861/7655 746/2860/7656 2893/936/7657 2896/939/7658
f 746/2860/7659 910/2865/7660 2898/941/7661 2893/936/7662
f 913/2854/7663 747/2864/7664 2897/940/7665 2887/930/7666
f 747/2864/7667 751/2859/7668 2892/935/7669 2897/940/7670
f 750/2706/7671 748/2866/7672 2899/942/7673 2738/782/7674
f 748/2866/7675 760/2702/7676 2736/780/7677 2899/942/7678
f 759/2867/7679 749/2863/7680 2894/937/7681 2900/943/7682
f 757/2871/7683 929/2870/7684 2903/946/7685 2902/945/7686
f 928/2869/7687 754/2868/7688 2901/944/7689 2904/947/7690
f 754/2868/7691 918/2873/7692 2906/949/7693 2901/944/7694
f 921/2862/7695 755/2872/7696 2905/948/7697 2895/938/7698
f 755/2872/7699 759/2867/7700 2900/943/7701 2905/948/7702
f 758/2714/7703 756/2874/7704 2907/950/7705 2746/790/7706
f 756/2874/7707 768/2710/7708 2744/788/7709 2907/950/7710
f 767/2875/7711 757/2871/7712 2902/945/7713 2908/951/7714
f 765/2879/7715 937/2878/7716 2911/954/7717 2910/953/7718
f 936/2877/7719 762/2876/7720 2909/952/7721 2912/955/7722
f 762/2876/7723 926/2881/7724 2914/957/7725 2909/952/7726
f 929/2870/7727 763/2880/7728 2913/956/7729 2903/946/7730
f 763/2880/7731 767/2875/7732 2908/951/7733 2913/956/7734
f 766/2722/7735 764/2882/7736 2915/958/7737 2754/798/7738
f 764/2882/7739 776/2718/7740 2752/796/7741 2915/958/7742
f 775/2883/7743 765/2879/7744 2910/953/7745 2916/959/7746
f 773/2887/7747 945/2886/7748 2919/962/7749 2918/961/7750
f 944/2885/7751 770/2884/7752 2917/960/7753 2920/963/7754
f 770/2884/7755 934/2889/7756 2922/965/7757 2917/960/7758
f 937/2878/7759 771/2888/7760 2921/964/7761 2911/954/7762
f 771/2888/7763 775/2883/7764 2916/959/7765 2921/964/7766
f 774/2730/7767 772/2890/7768 2923/966/7769 2762/806/7770
f 772/2890/7771 784/2726/7772 2760/804/7773 2923/966/7774
f 783/2891/7775 773/2887/7776 2918/961/7777 2924/967/7778
f 781/2894/7779 953/2893/7780 2927/970/7781 2926/969/7782
f 952/4002/7783 778/3999/7784 2925/3937/7785 2928/3914/7786
f 778/2892/7787 942/2896/7788 2930/972/7789 2925/968/7790
f 945/2886/7791 779/2895/7792 2929/971/7793 2919/962/7794
f 779/2895/7795 783/2891/7796 2924/967/7797 2929/971/7798
f 782/2737/7799 780/2897/7800 2931/973/7801 2770/813/7802
f 780/3973/7803 792/4000/7804 2768/3912/7805 2931/3911/7806
f 791/2898/7807 781/2894/7808 2926/969/7809 2932/974/7810
f 789/2902/7811 961/2901/7812 2935/977/7813 2934/976/7814
f 960/2900/7815 786/2899/7816 2933/975/7817 2936/978/7818
f 786/2899/7819 950/2904/7820 2938/980/7821 2933/975/7822
f 953/2893/7823 787/2903/7824 2937/979/7825 2927/970/7826
f 787/2903/7827 791/2898/7828 2932/974/7829 2937/979/7830
f 790/2745/7831 788/2905/7832 2939/981/7833 2778/821/7834
f 788/2905/7835 800/2741/7836 2776/819/7837 2939/981/7838
f 799/2906/7839 789/2902/7840 2934/976/7841 2940/982/7842
f 797/2910/7843 969/2909/7844 2943/985/7845 2942/984/7846
f 968/2908/7847 794/2907/7848 2941/983/7849 2944/986/7850
f 794/2907/7851 958/2912/7852 2946/988/7853 2941/983/7854
f 961/2901/7855 795/2911/7856 2945/987/7857 2935/977/7858
f 795/2911/7859 799/2906/7860 2940/982/7861 2945/987/7862
f 798/2753/7863 796/2913/7864 2947/989/7865 2786/829/7866
f 796/2913/7867 808/2749/7868 2784/827/7869 2947/989/7870
f 807/2914/7871 797/2910/7872 2942/984/7873 2948/990/7874
f 805/2918/7875 977/2917/7876 2951/993/7877 2950/992/7878
f 976/2916/7879 802/2915/7880 2949/991/7881 2952/994/7882
f 802/2915/7883 966/2920/7884 2954/996/7885 2949/991/7886
f 969/2909/7887 803/2919/7888 2953/995/7889 2943/985/7890
f 803/2919/7891 807/2914/7892 2948/990/7893 2953/995/7894
f 806/2761/7895 804/2921/7896 2955/997/7897 2794/837/7898
f 804/2921/7899 816/2757/7900 2792/835/7901 2955/997/7902
f 815/2922/7903 805/2918/7904 2950/992/7905 2956/998/7906
f 813/2926/7907 985/2925/7908 2959/1001/7909 2958/1000/7910
f 984/2924/7911 810/2923/7912 2957/999/7913 2960/1002/7914
f 810/2923/7915 974/2928/7916 2962/1004/7917 2957/999/7918
f 977/2917/7919 811/2927/7920 2961/1003/7921 2951/993/7922
f 811/2927/7923 815/2922/7924 2956/998/7925 2961/1003/7926
f 814/2769/7927 812/2929/7928 2963/1005/7929 2802/845/7930
f 812/2929/7931 824/2765/7932 2800/843/7933 2963/1005/7934
f 823/2930/7935 813/2926/7936 2958/1000/7937 2964/1006/7938
f 821/2934/7939 993/2933/7940 2967/1009/7941 2966/1008/7942
f 992/2932/7943 818/2931/7944 2965/1007/7945 2968/1010/7946
f 818/2931/7947 982/2936/7948 2970/1012/7949 2965/1007/7950
f 985/2925/7951 819/2935/7952 2969/1011/7953 2959/1001/7954
f 819/2935/7955 823/2930/7956 2964/1006/7957 2969/1011/7958
f 822/2777/7959 820/2937/7960 2971/1013/7961 2810/853/7962
f 820/2937/7963 832/2773/7964 2808/851/7965 2971/1013/7966
f 831/2938/7967 821/2934/7968 2966/1008/7969 2972/1014/7970
f 829/2942/7971 1001/2941/7972 2975/1017/7973 2974/1016/7974
f 1000/2940/7975 826/2939/7976 2973/1015/7977 2976/1018/7978
f 826/2939/7979 990/2944/7980 2978/1020/7981 2973/1015/7982
f 993/2933/7983 827/2943/7984 2977/1019/7985 2967/1009/7986
f 827/2943/7987 831/2938/7988 2972/1014/7989 2977/1019/7990
f 830/2785/7991 828/2945/7992 2979/1021/7993 2818/861/7994
f 828/2945/7995 840/2781/7996 2816/859/7997 2979/1021/7998
f 839/2946/7999 829/2942/8000 2974/1016/8001 2980/1022/8002
f 837/2950/8003 1009/2949/8004 2983/1025/8005 2982/1024/8006
f 1008/2948/8007 834/2947/8008 2981/1023/8009 2984/1026/8010
f 834/2947/8011 998/2952/8012 2986/1028/8013 2981/1023/8014
f 1001/2941/8015 835/2951/8016 2985/1027/8017 2975/1017/8018
f 835/2951/8019 839/2946/8020 2980/1022/8021 2985/1027/8022
f 838/2793/8023 836/2953/8024 2987/1029/8025 2826/869/8026
f 836/2953/8027 848/2789/8028 2824/867/8029 2987/1029/8030
f 847/2954/8031 837/2950/8032 2982/1024/8033 2988/1030/8034
f 845/2958/8035 1017/2957/8036 2991/1033/8037 2990/1032/8038
f 1016/2956/8039 842/2955/8040 2989/1031/8041 2992/1034/8042
f 842/2955/8043 1006/2960/8044 2994/1036/8045 2989/1031/8046
f 1009/2949/8047 843/2959/8048 2993/1035/8049 2983/1025/8050
f 843/2959/8051 847/2954/8052 2988/1030/8053 2993/1035/8054
f 846/2801/8055 844/2961/8056 2995/1037/8057 2834/877/8058
f 844/2961/8059 856/2797/8060 2832/875/8061 2995/1037/8062
f 855/2962/8063 845/2958/8064 2990/1032/8065 2996/1038/8066
f 853/2965/8067 1021/2823/8068 2858/901/8069 2998/1040/8070
f 1020/2964/8071 850/2963/8072 2997/1039/8073 2999/1041/8074
f 850/2963/8075 1014/2967/8076 3001/1043/8077 2997/1039/8078
f 1017/2957/8079 851/2966/8080 3000/1042/8081 2991/1033/8082
f 851/2966/8083 855/2962/8084 2996/1038/8085 3000/1042/8086
f 854/2808/8087 852/2968/8088 3002/1044/8089 2841/884/8090
f 852/2968/8091 860/2805/8092 2839/882/8093 3002/1044/8094
f 859/2826/8095 853/2965/8096 2998/1040/8097 2859/902/8098
f 865/2972/8099 1041/2971/8100 3005/1047/8101 3004/1046/8102
f 1040/2970/8103 862/2969/8104 3003/1045/8105 3006/1048/8106
f 862/2969/8107 1026/2975/8108 3008/1050/8109 3003/1045/8110
f 1029/2974/8111 863/2973/8112 3007/1049/8113 3009/1051/8114
f 863/2973/8115 867/2977/8116 3011/1053/8117 3007/1049/8118
f 866/2816/8119 864/2976/8120 3010/1052/8121 2848/891/8122
f 864/2976/8123 880/2811/8124 2846/889/8125 3010/1052/8126
f 879/2978/8127 865/2972/8128 3004/1046/8129 3012/1054/8130
f 867/2977/8131 872/2980/8132 3013/1055/8133 3011/1053/8134
f 871/2979/8135 868/2827/8136 2860/903/8137 3014/1056/8138
f 873/2984/8139 1178/2983/8140 3017/1059/8141 3016/1058/8142
f 1181/2982/8143 870/2981/8144 3015/1057/8145 3018/1060/8146
f 870/2981/8147 1019/2985/8148 3019/1061/8149 3015/1057/8150
f 1018/2824/8151 871/2979/8152 3014/1056/8153 2857/900/8154
f 872/2980/8155 1029/2974/8156 3009/1051/8157 3013/1055/8158
f 1028/2986/8159 873/2984/8160 3016/1058/8161 3020/1062/8162
f 877/2990/8163 1049/2989/8164 3023/1065/8165 3022/1064/8166
f 1048/2988/8167 874/2987/8168 3021/1063/8169 3024/1066/8170
f 874/2987/8171 1038/2992/8172 3026/1068/8173 3021/1063/8174
f 1041/2971/8175 875/2991/8176 3025/1067/8177 3005/1047/8178
f 875/2991/8179 879/2978/8180 3012/1054/8181 3025/1067/8182
f 878/2833/8183 876/2993/8184 3027/1069/8185 2866/909/8186
f 876/2993/8187 888/2829/8188 2864/907/8189 3027/1069/8190
f 887/2994/8191 877/2990/8192 3022/1064/8193 3028/1070/8194
f 885/2998/8195 1057/2997/8196 3031/1073/8197 3030/1072/8198
f 1056/2996/8199 882/2995/8200 3029/1071/8201 3032/1074/8202
f 882/2995/8203 1046/3000/8204 3034/1076/8205 3029/1071/8206
f 1049/2989/8207 883/2999/8208 3033/1075/8209 3023/1065/8210
f 883/2999/8211 887/2994/8212 3028/1070/8213 3033/1075/8214
f 886/2841/8215 884/3001/8216 3035/1077/8217 2874/917/8218
f 884/3001/8219 896/2837/8220 2872/915/8221 3035/1077/8222
f 895/3002/8223 885/2998/8224 3030/1072/8225 3036/1078/8226
f 893/3006/8227 1065/3005/8228 3039/1081/8229 3038/1080/8230
f 1064/3004/8231 890/3003/8232 3037/1079/8233 3040/1082/8234
f 890/3003/8235 1054/3008/8236 3042/1084/8237 3037/1079/8238
f 1057/2997/8239 891/3007/8240 3041/1083/8241 3031/1073/8242
f 891/3007/8243 895/3002/8244 3036/1078/8245 3041/1083/8246
f 894/2849/8247 892/3009/8248 3043/1085/8249 2882/925/8250
f 892/3009/8251 904/2845/8252 2880/923/8253 3043/1085/8254
f 903/3010/8255 893/3006/8256 3038/1080/8257 3044/1086/8258
f 901/3014/8259 1073/3013/8260 3047/1089/8261 3046/1088/8262
f 1072/3012/8263 898/3011/8264 3045/1087/8265 3048/1090/8266
f 898/3011/8267 1062/3016/8268 3050/1092/8269 3045/1087/8270
f 1065/3005/8271 899/3015/8272 3049/1091/8273 3039/1081/8274
f 899/3015/8275 903/3010/8276 3044/1086/8277 3049/1091/8278
f 902/2857/8279 900/3017/8280 3051/1093/8281 2890/933/8282
f 900/3017/8283 912/2853/8284 2888/931/8285 3051/1093/8286
f 911/3018/8287 901/3014/8288 3046/1088/8289 3052/1094/8290
f 909/3022/8291 1081/3021/8292 3055/1097/8293 3054/1096/8294
f 1080/3020/8295 906/3019/8296 3053/1095/8297 3056/1098/8298
f 906/3019/8299 1070/3024/8300 3058/1100/8301 3053/1095/8302
f 1073/3013/8303 907/3023/8304 3057/1099/8305 3047/1089/8306
f 907/3023/8307 911/3018/8308 3052/1094/8309 3057/1099/8310
f 910/2865/8311 908/3025/8312 3059/1101/8313 2898/941/8314
f 908/3025/8315 920/2861/8316 2896/939/8317 3059/1101/8318
f 919/3026/8319 909/3022/8320 3054/1096/8321 3060/1102/8322
f 917/3030/8323 1089/3029/8324 3063/1105/8325 3062/1104/8326
f 1088/3028/8327 914/3027/8328 3061/1103/8329 3064/1106/8330
f 914/3027/8331 1078/3032/8332 3066/1108/8333 3061/1103/8334
f 1081/3021/8335 915/3031/8336 3065/1107/8337 3055/1097/8338
f 915/3031/8339 919/3026/8340 3060/1102/8341 3065/1107/8342
f 918/2873/8343 916/3033/8344 3067/1109/8345 2906/949/8346
f 916/3033/8347 928/2869/8348 2904/947/8349 3067/1109/8350
f 927/3034/8351 917/3030/8352 3062/1104/8353 3068/1110/8354
f 925/3038/8355 1097/3037/8356 3071/1113/8357 3070/1112/8358
f 1096/3036/8359 922/3035/8360 3069/1111/8361 3072/1114/8362
f 922/3035/8363 1086/3040/8364 3074/1116/8365 3069/1111/8366
f 1089/3029/8367 923/3039/8368 3073/1115/8369 3063/1105/8370
f 923/3039/8371 927/3034/8372 3068/1110/8373 3073/1115/8374
f 926/2881/8375 924/3041/8376 3075/1117/8377 2914/957/8378
f 924/3041/8379 936/2877/8380 2912/955/8381 3075/1117/8382
f 935/3042/8383 925/3038/8384 3070/1112/8385 3076/1118/8386
f 933/3046/8387 1105/3045/8388 3079/1121/8389 3078/1120/8390
f 1104/3044/8391 930/3043/8392 3077/1119/8393 3080/1122/8394
f 930/3043/8395 1094/3048/8396 3082/1124/8397 3077/1119/8398
f 1097/3037/8399 931/3047/8400 3081/1123/8401 3071/1113/8402
f 931/3047/8403 935/3042/8404 3076/1118/8405 3081/1123/8406
f 934/2889/8407 932/3049/8408 3083/1125/8409 2922/965/8410
f 932/3049/8411 944/2885/8412 2920/963/8413 3083/1125/8414
f 943/3050/8415 933/3046/8416 3078/1120/8417 3084/1126/8418
f 941/3053/8419 1113/3052/8420 3087/1129/8421 3086/1128/8422
f 1112/4004/8423 938/4001/8424 3085/3939/8425 3088/3916/8426
f 938/3051/8427 1102/3055/8428 3090/1131/8429 3085/1127/8430
f 1105/3045/8431 939/3054/8432 3089/1130/8433 3079/1121/8434
f 939/3054/8435 943/3050/8436 3084/1126/8437 3089/1130/8438
f 942/2896/8439 940/3056/8440 3091/1132/8441 2930/972/8442
f 940/3975/8443 952/4002/8444 2928/3914/8445 3091/3913/8446
f 951/3057/8447 941/3053/8448 3086/1128/8449 3092/1133/8450
f 949/3061/8451 1121/3060/8452 3095/1136/8453 3094/1135/8454
f 1120/3059/8455 946/3058/8456 3093/1134/8457 3096/1137/8458
f 946/3058/8459 1110/3063/8460 3098/1139/8461 3093/1134/8462
f 1113/3052/8463 947/3062/8464 3097/1138/8465 3087/1129/8466
f 947/3062/8467 951/3057/8468 3092/1133/8469 3097/1138/8470
f 950/2904/8471 948/3064/8472 3099/1140/8473 2938/980/8474
f 948/3064/8475 960/2900/8476 2936/978/8477 3099/1140/8478
f 959/3065/8479 949/3061/8480 3094/1135/8481 3100/1141/8482
f 957/3069/8483 1129/3068/8484 3103/1144/8485 3102/1143/8486
f 1128/3067/8487 954/3066/8488 3101/1142/8489 3104/1145/8490
f 954/3066/8491 1118/3071/8492 3106/1147/8493 3101/1142/8494
f 1121/3060/8495 955/3070/8496 3105/1146/8497 3095/1136/8498
f 955/3070/8499 959/3065/8500 3100/1141/8501 3105/1146/8502
f 958/2912/8503 956/3072/8504 3107/1148/8505 2946/988/8506
f 956/3072/8507 968/2908/8508 2944/986/8509 3107/1148/8510
f 967/3073/8511 957/3069/8512 3102/1143/8513 3108/1149/8514
f 965/3077/8515 1137/3076/8516 3111/1152/8517 3110/1151/8518
f 1136/3075/8519 962/3074/8520 3109/1150/8521 3112/1153/8522
f 962/3074/8523 1126/3079/8524 3114/1155/8525 3109/1150/8526
f 1129/3068/8527 963/3078/8528 3113/1154/8529 3103/1144/8530
f 963/3078/8531 967/3073/8532 3108/1149/8533 3113/1154/8534
f 966/2920/8535 964/3080/8536 3115/1156/8537 2954/996/8538
f 964/3080/8539 976/2916/8540 2952/994/8541 3115/1156/8542
f 975/3081/8543 965/3077/8544 3110/1151/8545 3116/1157/8546
f 973/3085/8547 1145/3084/8548 3119/1160/8549 3118/1159/8550
f 1144/3083/8551 970/3082/8552 3117/1158/8553 3120/1161/8554
f 970/3082/8555 1134/3087/8556 3122/1163/8557 3117/1158/8558
f 1137/3076/8559 971/3086/8560 3121/1162/8561 3111/1152/8562
f 971/3086/8563 975/3081/8564 3116/1157/8565 3121/1162/8566
f 974/2928/8567 972/3088/8568 3123/1164/8569 2962/1004/8570
f 972/3088/8571 984/2924/8572 2960/1002/8573 3123/1164/8574
f 983/3089/8575 973/3085/8576 3118/1159/8577 3124/1165/8578
f 981/3093/8579 1153/3092/8580 3127/1168/8581 3126/1167/8582
f 1152/3091/8583 978/3090/8584 3125/1166/8585 3128/1169/8586
f 978/3090/8587 1142/3095/8588 3130/1171/8589 3125/1166/8590
f 1145/3084/8591 979/3094/8592 3129/1170/8593 3119/1160/8594
f 979/3094/8595 983/3089/8596 3124/1165/8597 3129/1170/8598
f 982/2936/8599 980/3096/8600 3131/1172/8601 2970/1012/8602
f 980/3096/8603 992/2932/8604 2968/1010/8605 3131/1172/8606
f 991/3097/8607 981/3093/8608 3126/1167/8609 3132/1173/8610
f 989/3101/8611 1161/3100/8612 3135/1176/8613 3134/1175/8614
f 1160/3099/8615 986/3098/8616 3133/1174/8617 3136/1177/8618
f 986/3098/8619 1150/3103/8620 3138/1179/8621 3133/1174/8622
f 1153/3092/8623 987/3102/8624 3137/1178/8625 3127/1168/8626
f 987/3102/8627 991/3097/8628 3132/1173/8629 3137/1178/8630
f 990/2944/8631 988/3104/8632 3139/1180/8633 2978/1020/8634
f 988/3104/8635 1000/2940/8636 2976/1018/8637 3139/1180/8638
f 999/3105/8639 989/3101/8640 3134/1175/8641 3140/1181/8642
f 997/3109/8643 1169/3108/8644 3143/1184/8645 3142/1183/8646
f 1168/3107/8647 994/3106/8648 3141/1182/8649 3144/1185/8650
f 994/3106/8651 1158/3111/8652 3146/1187/8653 3141/1182/8654
f 1161/3100/8655 995/3110/8656 3145/1186/8657 3135/1176/8658
f 995/3110/8659 999/3105/8660 3140/1181/8661 3145/1186/8662
f 998/2952/8663 996/3112/8664 3147/1188/8665 2986/1028/8666
f 996/3112/8667 1008/2948/8668 2984/1026/8669 3147/1188/8670
f 1007/3113/8671 997/3109/8672 3142/1183/8673 3148/1189/8674
f 1005/3117/8675 1177/3116/8676 3151/1192/8677 3150/1191/8678
f 1176/3115/8679 1002/3114/8680 3149/1190/8681 3152/1193/8682
f 1002/3114/8683 1166/3119/8684 3154/1195/8685 3149/1190/8686
f 1169/3108/8687 1003/3118/8688 3153/1194/8689 3143/1184/8690
f 1003/3118/8691 1007/3113/8692 3148/1189/8693 3153/1194/8694
f 1006/2960/8695 1004/3120/8696 3155/1196/8697 2994/1036/8698
f 1004/3120/8699 1016/2956/8700 2992/1034/8701 3155/1196/8702
f 1015/3121/8703 1005/3117/8704 3150/1191/8705 3156/1197/8706
f 1013/3124/8707 1181/2982/8708 3018/1060/8709 3158/1199/8710
f 1180/3123/8711 1010/3122/8712 3157/1198/8713 3159/1200/8714
f 1010/3122/8715 1174/3126/8716 3161/1202/8717 3157/1198/8718
f 1177/3116/8719 1011/3125/8720 3160/1201/8721 3151/1192/8722
f 1011/3125/8723 1015/3121/8724 3156/1197/8725 3160/1201/8726
f 1014/2967/8727 1012/3127/8728 3162/1203/8729 3001/1043/8730
f 1012/3127/8731 1020/2964/8732 2999/1041/8733 3162/1203/8734
f 1019/2985/8735 1013/3124/8736 3158/1199/8737 3019/1061/8738
f 1025/3131/8739 1201/3130/8740 3165/1206/8741 3164/1205/8742
f 1200/3129/8743 1022/3128/8744 3163/1204/8745 3166/1207/8746
f 1022/3128/8747 1186/3134/8748 3168/1209/8749 3163/1204/8750
f 1189/3133/8751 1023/3132/8752 3167/1208/8753 3169/1210/8754
f 1023/3132/8755 1027/3136/8756 3171/1212/8757 3167/1208/8758
f 1026/2975/8759 1024/3135/8760 3170/1211/8761 3008/1050/8762
f 1024/3135/8763 1040/2970/8764 3006/1048/8765 3170/1211/8766
f 1039/3137/8767 1025/3131/8768 3164/1205/8769 3172/1213/8770
f 1027/3136/8771 1032/3139/8772 3173/1214/8773 3171/1212/8774
f 1031/3138/8775 1028/2986/8776 3020/1062/8777 3174/1215/8778
f 1033/3143/8779 1338/3142/8780 3177/1218/8781 3176/1217/8782
f 1341/3141/8783 1030/3140/8784 3175/1216/8785 3178/1219/8786
f 1030/3140/8787 1179/3144/8788 3179/1220/8789 3175/1216/8790
f 1178/2983/8791 1031/3138/8792 3174/1215/8793 3017/1059/8794
f 1032/3139/8795 1189/3133/8796 3169/1210/8797 3173/1214/8798
f 1188/3145/8799 1033/3143/8800 3176/1217/8801 3180/1221/8802
f 1037/3149/8803 1209/3148/8804 3183/1224/8805 3182/1223/8806
f 1208/3147/8807 1034/3146/8808 3181/1222/8809 3184/1225/8810
f 1034/3146/8811 1198/3151/8812 3186/1227/8813 3181/1222/8814
f 1201/3130/8815 1035/3150/8816 3185/1226/8817 3165/1206/8818
f 1035/3150/8819 1039/3137/8820 3172/1213/8821 3185/1226/8822
f 1038/2992/8823 1036/3152/8824 3187/1228/8825 3026/1068/8826
f 1036/3152/8827 1048/2988/8828 3024/1066/8829 3187/1228/8830
f 1047/3153/8831 1037/3149/8832 3182/1223/8833 3188/1229/8834
f 1045/3157/8835 1217/3156/8836 3191/1232/8837 3190/1231/8838
f 1216/3155/8839 1042/3154/8840 3189/1230/8841 3192/1233/8842
f 1042/3154/8843 1206/3159/8844 3194/1235/8845 3189/1230/8846
f 1209/3148/8847 1043/3158/8848 3193/1234/8849 3183/1224/8850
f 1043/3158/8851 1047/3153/8852 3188/1229/8853 3193/1234/8854
f 1046/3000/8855 1044/3160/8856 3195/1236/8857 3034/1076/8858
f 1044/3160/8859 1056/2996/8860 3032/1074/8861 3195/1236/8862
f 1055/3161/8863 1045/3157/8864 3190/1231/8865 3196/1237/8866
f 1053/3165/8867 1225/3164/8868 3199/1240/8869 3198/1239/8870
f 1224/3163/8871 1050/3162/8872 3197/1238/8873 3200/1241/8874
f 1050/3162/8875 1214/3167/8876 3202/1243/8877 3197/1238/8878
f 1217/3156/8879 1051/3166/8880 3201/1242/8881 3191/1232/8882
f 1051/3166/8883 1055/3161/8884 3196/1237/8885 3201/1242/8886
f 1054/3008/8887 1052/3168/8888 3203/1244/8889 3042/1084/8890
f 1052/3168/8891 1064/3004/8892 3040/1082/8893 3203/1244/8894
f 1063/3169/8895 1053/3165/8896 3198/1239/8897 3204/1245/8898
f 1061/3173/8899 1233/3172/8900 3207/1248/8901 3206/1247/8902
f 1232/3171/8903 1058/3170/8904 3205/1246/8905 3208/1249/8906
f 1058/3170/8907 1222/3175/8908 3210/1251/8909 3205/1246/8910
f 1225/3164/8911 1059/3174/8912 3209/1250/8913 3199/1240/8914
f 1059/3174/8915 1063/3169/8916 3204/1245/8917 3209/1250/8918
f 1062/3016/8919 1060/3176/8920 3211/1252/8921 3050/1092/8922
f 1060/3176/8923 1072/3012/8924 3048/1090/8925 3211/1252/8926
f 1071/3177/8927 1061/3173/8928 3206/1247/8929 3212/1253/8930
f 1069/3181/8931 1241/3180/8932 3215/1256/8933 3214/1255/8934
f 1240/3179/8935 1066/3178/8936 3213/1254/8937 3216/1257/8938
f 1066/3178/8939 1230/3183/8940 3218/1259/8941 3213/1254/8942
f 1233/3172/8943 1067/3182/8944 3217/1258/8945 3207/1248/8946
f 1067/3182/8947 1071/3177/8948 3212/1253/8949 3217/1258/8950
f 1070/3024/8951 1068/3184/8952 3219/1260/8953 3058/1100/8954
f 1068/3184/8955 1080/3020/8956 3056/1098/8957 3219/1260/8958
f 1079/3185/8959 1069/3181/8960 3214/1255/8961 3220/1261/8962
f 1077/3189/8963 1249/3188/8964 3223/1264/8965 3222/1263/8966
f 1248/3187/8967 1074/3186/8968 3221/1262/8969 3224/1265/8970
f 1074/3186/8971 1238/3191/8972 3226/1267/8973 3221/1262/8974
f 1241/3180/8975 1075/3190/8976 3225/1266/8977 3215/1256/8978
f 1075/3190/8979 1079/3185/8980 3220/1261/8981 3225/1266/8982
f 1078/3032/8983 1076/3192/8984 3227/1268/8985 3066/1108/8986
f 1076/3192/8987 1088/3028/8988 3064/1106/8989 3227/1268/8990
f 1087/3193/8991 1077/3189/8992 3222/1263/8993 3228/1269/8994
f 1085/3197/8995 1257/3196/8996 3231/1272/8997 3230/1271/8998
f 1256/3195/8999 1082/3194/9000 3229/1270/9001 3232/1273/9002
f 1082/3194/9003 1246/3199/9004 3234/1275/9005 3229/1270/9006
f 1249/3188/9007 1083/3198/9008 3233/1274/9009 3223/1264/9010
f 1083/3198/9011 1087/3193/9012 3228/1269/9013 3233/1274/9014
f 1086/3040/9015 1084/3200/9016 3235/1276/9017 3074/1116/9018
f 1084/3200/9019 1096/3036/9020 3072/1114/9021 3235/1276/9022
f 1095/3201/9023 1085/3197/9024 3230/1271/9025 3236/1277/9026
f 1093/3205/9027 1265/3204/9028 3239/1280/9029 3238/1279/9030
f 1264/3203/9031 1090/3202/9032 3237/1278/9033 3240/1281/9034
f 1090/3202/9035 1254/3207/9036 3242/1283/9037 3237/1278/9038
f 1257/3196/9039 1091/3206/9040 3241/1282/9041 3231/1272/9042
f 1091/3206/9043 1095/3201/9044 3236/1277/9045 3241/1282/9046
f 1094/3048/9047 1092/3208/9048 3243/1284/9049 3082/1124/9050
f 1092/3208/9051 1104/3044/9052 3080/1122/9053 3243/1284/9054
f 1103/3209/9055 1093/3205/9056 3238/1279/9057 3244/1285/9058
f 1101/3212/9059 1273/3211/9060 3247/1288/9061 3246/1287/9062
f 1272/4006/9063 1098/4003/9064 3245/3941/9065 3248/3918/9066
f 1098/3210/9067 1262/3214/9068 3250/1290/9069 3245/1286/9070
f 1265/3204/9071 1099/3213/9072 3249/1289/9073 3239/1280/9074
f 1099/3213/9075 1103/3209/9076 3244/1285/9077 3249/1289/9078
f 1102/3055/9079 1100/3215/9080 3251/1291/9081 3090/1131/9082
f 1100/3977/9083 1112/4004/9084 3088/3916/9085 3251/3915/9086
f 1111/3216/9087 1101/3212/9088 3246/1287/9089 3252/1292/9090
f 1109/3220/9091 1281/3219/9092 3255/1295/9093 3254/1294/9094
f 1280/3218/9095 1106/3217/9096 3253/1293/9097 3256/1296/9098
f 1106/3217/9099 1270/3222/9100 3258/1298/9101 3253/1293/9102
f 1273/3211/9103 1107/3221/9104 3257/1297/9105 3247/1288/9106
f 1107/3221/9107 1111/3216/9108 3252/1292/9109 3257/1297/9110
f 1110/3063/9111 1108/3223/9112 3259/1299/9113 3098/1139/9114
f 1108/3223/9115 1120/3059/9116 3096/1137/9117 3259/1299/9118
f 1119/3224/9119 1109/3220/9120 3254/1294/9121 3260/1300/9122
f 1117/3228/9123 1289/3227/9124 3263/1303/9125 3262/1302/9126
f 1288/3226/9127 1114/3225/9128 3261/1301/9129 3264/1304/9130
f 1114/3225/9131 1278/3230/9132 3266/1306/9133 3261/1301/9134
f 1281/3219/9135 1115/3229/9136 3265/1305/9137 3255/1295/9138
f 1115/3229/9139 1119/3224/9140 3260/1300/9141 3265/1305/9142
f 1118/3071/9143 1116/3231/9144 3267/1307/9145 3106/1147/9146
f 1116/3231/9147 1128/3067/9148 3104/1145/9149 3267/1307/9150
f 1127/3232/9151 1117/3228/9152 3262/1302/9153 3268/1308/9154
f 1125/3236/9155 1297/3235/9156 3271/1311/9157 3270/1310/9158
f 1296/3234/9159 1122/3233/9160 3269/1309/9161 3272/1312/9162
f 1122/3233/9163 1286/3238/9164 3274/1314/9165 3269/1309/9166
f 1289/3227/9167 1123/3237/9168 3273/1313/9169 3263/1303/9170
f 1123/3237/9171 1127/3232/9172 3268/1308/9173 3273/1313/9174
f 1126/3079/9175 1124/3239/9176 3275/1315/9177 3114/1155/9178
f 1124/3239/9179 1136/3075/9180 3112/1153/9181 3275/1315/9182
f 1135/3240/9183 1125/3236/9184 3270/1310/9185 3276/1316/9186
f 1133/3244/9187 1305/3243/9188 3279/1319/9189 3278/1318/9190
f 1304/3242/9191 1130/3241/9192 3277/1317/9193 3280/1320/9194
f 1130/3241/9195 1294/3246/9196 3282/1322/9197 3277/1317/9198
f 1297/3235/9199 1131/3245/9200 3281/1321/9201 3271/1311/9202
f 1131/3245/9203 1135/3240/9204 3276/1316/9205 3281/1321/9206
f 1134/3087/9207 1132/3247/9208 3283/1323/9209 3122/1163/9210
f 1132/3247/9211 1144/3083/9212 3120/1161/9213 3283/1323/9214
f 1143/3248/9215 1133/3244/9216 3278/1318/9217 3284/1324/9218
f 1141/3252/9219 1313/3251/9220 3287/1327/9221 3286/1326/9222
f 1312/3250/9223 1138/3249/9224 3285/1325/9225 3288/1328/9226
f 1138/3249/9227 1302/3254/9228 3290/1330/9229 3285/1325/9230
f 1305/3243/9231 1139/3253/9232 3289/1329/9233 3279/1319/9234
f 1139/3253/9235 1143/3248/9236 3284/1324/9237 3289/1329/9238
f 1142/3095/9239 1140/3255/9240 3291/1331/9241 3130/1171/9242
f 1140/3255/9243 1152/3091/9244 3128/1169/9245 3291/1331/9246
f 1151/3256/9247 1141/3252/9248 3286/1326/9249 3292/1332/9250
f 1149/3260/9251 1321/3259/9252 3295/1335/9253 3294/1334/9254
f 1320/3258/9255 1146/3257/9256 3293/1333/9257 3296/1336/9258
f 1146/3257/9259 1310/3262/9260 3298/1338/9261 3293/1333/9262
f 1313/3251/9263 1147/3261/9264 3297/1337/9265 3287/1327/9266
f 1147/3261/9267 1151/3256/9268 3292/1332/9269 3297/1337/9270
f 1150/3103/9271 1148/3263/9272 3299/1339/9273 3138/1179/9274
f 1148/3263/9275 1160/3099/9276 3136/1177/9277 3299/1339/9278
f 1159/3264/9279 1149/3260/9280 3294/1334/9281 3300/1340/9282
f 1157/3268/9283 1329/3267/9284 3303/1343/9285 3302/1342/9286
f 1328/3266/9287 1154/3265/9288 3301/1341/9289 3304/1344/9290
f 1154/3265/9291 1318/3270/9292 3306/1346/9293 3301/1341/9294
f 1321/3259/9295 1155/3269/9296 3305/1345/9297 3295/1335/9298
f 1155/3269/9299 1159/3264/9300 3300/1340/9301 3305/1345/9302
f 1158/3111/9303 1156/3271/9304 3307/1347/9305 3146/1187/9306
f 1156/3271/9307 1168/3107/9308 3144/1185/9309 3307/1347/9310
f 1167/3272/9311 1157/3268/9312 3302/1342/9313 3308/1348/9314
f 1165/3276/9315 1337/3275/9316 3311/1351/9317 3310/1350/9318
f 1336/3274/9319 1162/3273/9320 3309/1349/9321 3312/1352/9322
f 1162/3273/9323 1326/3278/9324 3314/1354/9325 3309/1349/9326
f 1329/3267/9327 1163/3277/9328 3313/1353/9329 3303/1343/9330
f 1163/3277/9331 1167/3272/9332 3308/1348/9333 3313/1353/9334
f 1166/3119/9335 1164/3279/9336 3315/1355/9337 3154/1195/9338
f 1164/3279/9339 1176/3115/9340 3152/1193/9341 3315/1355/9342
f 1175/3280/9343 1165/3276/9344 3310/1350/9345 3316/1356/9346
f 1173/3283/9347 1341/3141/9348 3178/1219/9349 3318/1358/9350
f 1340/3282/9351 1170/3281/9352 3317/1357/9353 3319/1359/9354
f 1170/3281/9355 1334/3285/9356 3321/1361/9357 3317/1357/9358
f 1337/3275/9359 1171/3284/9360 3320/1360/9361 3311/1351/9362
f 1171/3284/9363 1175/3280/9364 3316/1356/9365 3320/1360/9366
f 1174/3126/9367 1172/3286/9368 3322/1362/9369 3161/1202/9370
f 1172/3286/9371 1180/3123/9372 3159/1200/9373 3322/1362/9374
f 1179/3144/9375 1173/3283/9376 3318/1358/9377 3179/1220/9378
f 1185/3290/9379 1361/3289/9380 3325/1365/9381 3324/1364/9382
f 1360/3288/9383 1182/3287/9384 3323/1363/9385 3326/1366/9386
f 1182/3287/9387 1346/3293/9388 3328/1368/9389 3323/1363/9390
f 1349/3292/9391 1183/3291/9392 3327/1367/9393 3329/1369/9394
f 1183/3291/9395 1187/3295/9396 3331/1371/9397 3327/1367/9398
f 1186/3134/9399 1184/3294/9400 3330/1370/9401 3168/1209/9402
f 1184/3294/9403 1200/3129/9404 3166/1207/9405 3330/1370/9406
f 1199/3296/9407 1185/3290/9408 3324/1364/9409 3332/1372/9410
f 1187/3295/9411 1192/3298/9412 3333/1373/9413 3331/1371/9414
f 1191/3297/9415 1188/3145/9416 3180/1221/9417 3334/1374/9418
f 1193/3302/9419 1498/3301/9420 3337/1377/9421 3336/1376/9422
f 1501/3300/9423 1190/3299/9424 3335/1375/9425 3338/1378/9426
f 1190/3299/9427 1339/3303/9428 3339/1379/9429 3335/1375/9430
f 1338/3142/9431 1191/3297/9432 3334/1374/9433 3177/1218/9434
f 1192/3298/9435 1349/3292/9436 3329/1369/9437 3333/1373/9438
f 1348/3304/9439 1193/3302/9440 3336/1376/9441 3340/1380/9442
f 1197/3308/9443 1369/3307/9444 3343/1383/9445 3342/1382/9446
f 1368/3306/9447 1194/3305/9448 3341/1381/9449 3344/1384/9450
f 1194/3305/9451 1358/3310/9452 3346/1386/9453 3341/1381/9454
f 1361/3289/9455 1195/3309/9456 3345/1385/9457 3325/1365/9458
f 1195/3309/9459 1199/3296/9460 3332/1372/9461 3345/1385/9462
f 1198/3151/9463 1196/3311/9464 3347/1387/9465 3186/1227/9466
f 1196/3311/9467 1208/3147/9468 3184/1225/9469 3347/1387/9470
f 1207/3312/9471 1197/3308/9472 3342/1382/9473 3348/1388/9474
f 1205/3316/9475 1377/3315/9476 3351/1391/9477 3350/1390/9478
f 1376/3314/9479 1202/3313/9480 3349/1389/9481 3352/1392/9482
f 1202/3313/9483 1366/3318/9484 3354/1394/9485 3349/1389/9486
f 1369/3307/9487 1203/3317/9488 3353/1393/9489 3343/1383/9490
f 1203/3317/9491 1207/3312/9492 3348/1388/9493 3353/1393/9494
f 1206/3159/9495 1204/3319/9496 3355/1395/9497 3194/1235/9498
f 1204/3319/9499 1216/3155/9500 3192/1233/9501 3355/1395/9502
f 1215/3320/9503 1205/3316/9504 3350/1390/9505 3356/1396/9506
f 1213/3324/9507 1385/3323/9508 3359/1399/9509 3358/1398/9510
f 1384/3322/9511 1210/3321/9512 3357/1397/9513 3360/1400/9514
f 1210/3321/9515 1374/3326/9516 3362/1402/9517 3357/1397/9518
f 1377/3315/9519 1211/3325/9520 3361/1401/9521 3351/1391/9522
f 1211/3325/9523 1215/3320/9524 3356/1396/9525 3361/1401/9526
f 1214/3167/9527 1212/3327/9528 3363/1403/9529 3202/1243/9530
f 1212/3327/9531 1224/3163/9532 3200/1241/9533 3363/1403/9534
f 1223/3328/9535 1213/3324/9536 3358/1398/9537 3364/1404/9538
f 1221/3332/9539 1393/3331/9540 3367/1407/9541 3366/1406/9542
f 1392/3330/9543 1218/3329/9544 3365/1405/9545 3368/1408/9546
f 1218/3329/9547 1382/3334/9548 3370/1410/9549 3365/1405/9550
f 1385/3323/9551 1219/3333/9552 3369/1409/9553 3359/1399/9554
f 1219/3333/9555 1223/3328/9556 3364/1404/9557 3369/1409/9558
f 1222/3175/9559 1220/3335/9560 3371/1411/9561 3210/1251/9562
f 1220/3335/9563 1232/3171/9564 3208/1249/9565 3371/1411/9566
f 1231/3336/9567 1221/3332/9568 3366/1406/9569 3372/1412/9570
f 1229/3340/9571 1401/3339/9572 3375/1415/9573 3374/1414/9574
f 1400/3338/9575 1226/3337/9576 3373/1413/9577 3376/1416/9578
f 1226/3337/9579 1390/3342/9580 3378/1418/9581 3373/1413/9582
f 1393/3331/9583 1227/3341/9584 3377/1417/9585 3367/1407/9586
f 1227/3341/9587 1231/3336/9588 3372/1412/9589 3377/1417/9590
f 1230/3183/9591 1228/3343/9592 3379/1419/9593 3218/1259/9594
f 1228/3343/9595 1240/3179/9596 3216/1257/9597 3379/1419/9598
f 1239/3344/9599 1229/3340/9600 3374/1414/9601 3380/1420/9602
f 1237/3348/9603 1409/3347/9604 3383/1423/9605 3382/1422/9606
f 1408/3346/9607 1234/3345/9608 3381/1421/9609 3384/1424/9610
f 1234/3345/9611 1398/3350/9612 3386/1426/9613 3381/1421/9614
f 1401/3339/9615 1235/3349/9616 3385/1425/9617 3375/1415/9618
f 1235/3349/9619 1239/3344/9620 3380/1420/9621 3385/1425/9622
f 1238/3191/9623 1236/3351/9624 3387/1427/9625 3226/1267/9626
f 1236/3351/9627 1248/3187/9628 3224/1265/9629 3387/1427/9630
f 1247/3352/9631 1237/3348/9632 3382/1422/9633 3388/1428/9634
f 1245/3356/9635 1417/3355/9636 3391/1431/9637 3390/1430/9638
f 1416/3354/9639 1242/3353/9640 3389/1429/9641 3392/1432/9642
f 1242/3353/9643 1406/3358/9644 3394/1434/9645 3389/1429/9646
f 1409/3347/9647 1243/3357/9648 3393/1433/9649 3383/1423/9650
f 1243/3357/9651 1247/3352/9652 3388/1428/9653 3393/1433/9654
f 1246/3199/9655 1244/3359/9656 3395/1435/9657 3234/1275/9658
f 1244/3359/9659 1256/3195/9660 3232/1273/9661 3395/1435/9662
f 1255/3360/9663 1245/3356/9664 3390/1430/9665 3396/1436/9666
f 1253/3364/9667 1425/3363/9668 3399/1439/9669 3398/1438/9670
f 1424/3362/9671 1250/3361/9672 3397/1437/9673 3400/1440/9674
f 1250/3361/9675 1414/3366/9676 3402/1442/9677 3397/1437/9678
f 1417/3355/9679 1251/3365/9680 3401/1441/9681 3391/1431/9682
f 1251/3365/9683 1255/3360/9684 3396/1436/9685 3401/1441/9686
f 1254/3207/9687 1252/3367/9688 3403/1443/9689 3242/1283/9690
f 1252/3367/9691 1264/3203/9692 3240/1281/9693 3403/1443/9694
f 1263/3368/9695 1253/3364/9696 3398/1438/9697 3404/1444/9698
f 1261/3371/9699 1433/3370/9700 3407/1447/9701 3406/1446/9702
f 1432/4008/9703 1258/4005/9704 3405/3943/9705 3408/3920/9706
f 1258/3369/9707 1422/3373/9708 3410/1449/9709 3405/1445/9710
f 1425/3363/9711 1259/3372/9712 3409/1448/9713 3399/1439/9714
f 1259/3372/9715 1263/3368/9716 3404/1444/9717 3409/1448/9718
f 1262/3214/9719 1260/3374/9720 3411/1450/9721 3250/1290/9722
f 1260/3979/9723 1272/4006/9724 3248/3918/9725 3411/3917/9726
f 1271/3375/9727 1261/3371/9728 3406/1446/9729 3412/1451/9730
f 1269/3379/9731 1441/3378/9732 3415/1454/9733 3414/1453/9734
f 1440/3377/9735 1266/3376/9736 3413/1452/9737 3416/1455/9738
f 1266/3376/9739 1430/3381/9740 3418/1457/9741 3413/1452/9742
f 1433/3370/9743 1267/3380/9744 3417/1456/9745 3407/1447/9746
f 1267/3380/9747 1271/3375/9748 3412/1451/9749 3417/1456/9750
f 1270/3222/9751 1268/3382/9752 3419/1458/9753 3258/1298/9754
f 1268/3382/9755 1280/3218/9756 3256/1296/9757 3419/1458/9758
f 1279/3383/9759 1269/3379/9760 3414/1453/9761 3420/1459/9762
f 1277/3387/9763 1449/3386/9764 3423/1462/9765 3422/1461/9766
f 1448/3385/9767 1274/3384/9768 3421/1460/9769 3424/1463/9770
f 1274/3384/9771 1438/3389/9772 3426/1465/9773 3421/1460/9774
f 1441/3378/9775 1275/3388/9776 3425/1464/9777 3415/1454/9778
f 1275/3388/9779 1279/3383/9780 3420/1459/9781 3425/1464/9782
f 1278/3230/9783 1276/3390/9784 3427/1466/9785 3266/1306/9786
f 1276/3390/9787 1288/3226/9788 3264/1304/9789 3427/1466/9790
f 1287/3391/9791 1277/3387/9792 3422/1461/9793 3428/1467/9794
f 1285/3395/9795 1457/3394/9796 3431/1470/9797 3430/1469/9798
f 1456/3393/9799 1282/3392/9800 3429/1468/9801 3432/1471/9802
f 1282/3392/9803 1446/3397/9804 3434/1473/9805 3429/1468/9806
f 1449/3386/9807 1283/3396/9808 3433/1472/9809 3423/1462/9810
f 1283/3396/9811 1287/3391/9812 3428/1467/9813 3433/1472/9814
f 1286/3238/9815 1284/3398/9816 3435/1474/9817 3274/1314/9818
f 1284/3398/9819 1296/3234/9820 3272/1312/9821 3435/1474/9822
f 1295/3399/9823 1285/3395/9824 3430/1469/9825 3436/1475/9826
f 1293/3403/9827 1465/3402/9828 3439/1478/9829 3438/1477/9830
f 1464/3401/9831 1290/3400/9832 3437/1476/9833 3440/1479/9834
f 1290/3400/9835 1454/3405/9836 3442/1481/9837 3437/1476/9838
f 1457/3394/9839 1291/3404/9840 3441/1480/9841 3431/1470/9842
f 1291/3404/9843 1295/3399/9844 3436/1475/9845 3441/1480/9846
f 1294/3246/9847 1292/3406/9848 3443/1482/9849 3282/1322/9850
f 1292/3406/9851 1304/3242/9852 3280/1320/9853 3443/1482/9854
f 1303/3407/9855 1293/3403/9856 3438/1477/9857 3444/1483/9858
f 1301/3411/9859 1473/3410/9860 3447/1486/9861 3446/1485/9862
f 1472/3409/9863 1298/3408/9864 3445/1484/9865 3448/1487/9866
f 1298/3408/9867 1462/3413/9868 3450/1489/9869 3445/1484/9870
f 1465/3402/9871 1299/3412/9872 3449/1488/9873 3439/1478/9874
f 1299/3412/9875 1303/3407/9876 3444/1483/9877 3449/1488/9878
f 1302/3254/9879 1300/3414/9880 3451/1490/9881 3290/1330/9882
f 1300/3414/9883 1312/3250/9884 3288/1328/9885 3451/1490/9886
f 1311/3415/9887 1301/3411/9888 3446/1485/9889 3452/1491/9890
f 1309/3419/9891 1481/3418/9892 3455/1494/9893 3454/1493/9894
f 1480/3417/9895 1306/3416/9896 3453/1492/9897 3456/1495/9898
f 1306/3416/9899 1470/3421/9900 3458/1497/9901 3453/1492/9902
f 1473/3410/9903 1307/3420/9904 3457/1496/9905 3447/1486/9906
f 1307/3420/9907 1311/3415/9908 3452/1491/9909 3457/1496/9910
f 1310/3262/9911 1308/3422/9912 3459/1498/9913 3298/1338/9914
f 1308/3422/9915 1320/3258/9916 3296/1336/9917 3459/1498/9918
f 1319/3423/9919 1309/3419/9920 3454/1493/9921 3460/1499/9922
f 1317/3427/9923 1489/3426/9924 3463/1502/9925 3462/1501/9926
f 1488/3425/9927 1314/3424/9928 3461/1500/9929 3464/1503/9930
f 1314/3424/9931 1478/3429/9932 3466/1505/9933 3461/1500/9934
f 1481/3418/9935 1315/3428/9936 3465/1504/9937 3455/1494/9938
f 1315/3428/9939 1319/3423/9940 3460/1499/9941 3465/1504/9942
f 1318/3270/9943 1316/3430/9944 3467/1506/9945 3306/1346/9946
f 1316/3430/9947 1328/3266/9948 3304/1344/9949 3467/1506/9950
f 1327/3431/9951 1317/3427/9952 3462/1501/9953 3468/1507/9954
f 1325/3435/9955 1497/3434/9956 3471/1510/9957 3470/1509/9958
f 1496/3433/9959 1322/3432/9960 3469/1508/9961 3472/1511/9962
f 1322/3432/9963 1486/3437/9964 3474/1513/9965 3469/1508/9966
f 1489/3426/9967 1323/3436/9968 3473/1512/9969 3463/1502/9970
f 1323/3436/9971 1327/3431/9972 3468/1507/9973 3473/1512/9974
f 1326/3278/9975 1324/3438/9976 3475/1514/9977 3314/1354/9978
f 1324/3438/9979 1336/3274/9980 3312/1352/9981 3475/1514/9982
f 1335/3439/9983 1325/3435/9984 3470/1509/9985 3476/1515/9986
f 1333/3442/9987 1501/3300/9988 3338/1378/9989 3478/1517/9990
f 1500/3441/9991 1330/3440/9992 3477/1516/9993 3479/1518/9994
f 1330/3440/9995 1494/3444/9996 3481/1520/9997 3477/1516/9998
f 1497/3434/9999 1331/3443/10000 3480/1519/10001 3471/1510/10002
f 1331/3443/10003 1335/3439/10004 3476/1515/10005 3480/1519/10006
f 1334/3285/10007 1332/3445/10008 3482/1521/10009 3321/1361/10010
f 1332/3445/10011 1340/3282/10012 3319/1359/10013 3482/1521/10014
f 1339/3303/10015 1333/3442/10016 3478/1517/10017 3339/1379/10018
f 1345/3449/10019 1521/3448/10020 3485/1524/10021 3484/1523/10022
f 1520/3447/10023 1342/3446/10024 3483/1522/10025 3486/1525/10026
f 1342/3446/10027 1506/3452/10028 3488/1527/10029 3483/1522/10030
f 1509/3451/10031 1343/3450/10032 3487/1526/10033 3489/1528/10034
f 1343/3450/10035 1347/3454/10036 3491/1530/10037 3487/1526/10038
f 1346/3293/10039 1344/3453/10040 3490/1529/10041 3328/1368/10042
f 1344/3453/10043 1360/3288/10044 3326/1366/10045 3490/1529/10046
f 1359/3455/10047 1345/3449/10048 3484/1523/10049 3492/1531/10050
f 1347/3454/10051 1352/3457/10052 3493/1532/10053 3491/1530/10054
f 1351/3456/10055 1348/3304/10056 3340/1380/10057 3494/1533/10058
f 1353/3461/10059 1658/3460/10060 3497/1536/10061 3496/1535/10062
f 1661/3459/10063 1350/3458/10064 3495/1534/10065 3498/1537/10066
f 1350/3458/10067 1499/3462/10068 3499/1538/10069 3495/1534/10070
f 1498/3301/10071 1351/3456/10072 3494/1533/10073 3337/1377/10074
f 1352/3457/10075 1509/3451/10076 3489/1528/10077 3493/1532/10078
f 1508/3463/10079 1353/3461/10080 3496/1535/10081 3500/1539/10082
f 1357/3467/10083 1529/3466/10084 3503/1542/10085 3502/1541/10086
f 1528/3465/10087 1354/3464/10088 3501/1540/10089 3504/1543/10090
f 1354/3464/10091 1518/3469/10092 3506/1545/10093 3501/1540/10094
f 1521/3448/10095 1355/3468/10096 3505/1544/10097 3485/1524/10098
f 1355/3468/10099 1359/3455/10100 3492/1531/10101 3505/1544/10102
f 1358/3310/10103 1356/3470/10104 3507/1546/10105 3346/1386/10106
f 1356/3470/10107 1368/3306/10108 3344/1384/10109 3507/1546/10110
f 1367/3471/10111 1357/3467/10112 3502/1541/10113 3508/1547/10114
f 1365/3475/10115 1537/3474/10116 3511/1550/10117 3510/1549/10118
f 1536/3473/10119 1362/3472/10120 3509/1548/10121 3512/1551/10122
f 1362/3472/10123 1526/3477/10124 3514/1553/10125 3509/1548/10126
f 1529/3466/10127 1363/3476/10128 3513/1552/10129 3503/1542/10130
f 1363/3476/10131 1367/3471/10132 3508/1547/10133 3513/1552/10134
f 1366/3318/10135 1364/3478/10136 3515/1554/10137 3354/1394/10138
f 1364/3478/10139 1376/3314/10140 3352/1392/10141 3515/1554/10142
f 1375/3479/10143 1365/3475/10144 3510/1549/10145 3516/1555/10146
f 1373/3483/10147 1545/3482/10148 3519/1558/10149 3518/1557/10150
f 1544/3481/10151 1370/3480/10152 3517/1556/10153 3520/1559/10154
f 1370/3480/10155 1534/3485/10156 3522/1561/10157 3517/1556/10158
f 1537/3474/10159 1371/3484/10160 3521/1560/10161 3511/1550/10162
f 1371/3484/10163 1375/3479/10164 3516/1555/10165 3521/1560/10166
f 1374/3326/10167 1372/3486/10168 3523/1562/10169 3362/1402/10170
f 1372/3486/10171 1384/3322/10172 3360/1400/10173 3523/1562/10174
f 1383/3487/10175 1373/3483/10176 3518/1557/10177 3524/1563/10178
f 1381/3491/10179 1553/3490/10180 3527/1566/10181 3526/1565/10182
f 1552/3489/10183 1378/3488/10184 3525/1564/10185 3528/1567/10186
f 1378/3488/10187 1542/3493/10188 3530/1569/10189 3525/1564/10190
f 1545/3482/10191 1379/3492/10192 3529/1568/10193 3519/1558/10194
f 1379/3492/10195 1383/3487/10196 3524/1563/10197 3529/1568/10198
f 1382/3334/10199 1380/3494/10200 3531/1570/10201 3370/1410/10202
f 1380/3494/10203 1392/3330/10204 3368/1408/10205 3531/1570/10206
f 1391/3495/10207 1381/3491/10208 3526/1565/10209 3532/1571/10210
f 1389/3499/10211 1561/3498/10212 3535/1574/10213 3534/1573/10214
f 1560/3497/10215 1386/3496/10216 3533/1572/10217 3536/1575/10218
f 1386/3496/10219 1550/3501/10220 3538/1577/10221 3533/1572/10222
f 1553/3490/10223 1387/3500/10224 3537/1576/10225 3527/1566/10226
f 1387/3500/10227 1391/3495/10228 3532/1571/10229 3537/1576/10230
f 1390/3342/10231 1388/3502/10232 3539/1578/10233 3378/1418/10234
f 1388/3502/10235 1400/3338/10236 3376/1416/10237 3539/1578/10238
f 1399/3503/10239 1389/3499/10240 3534/1573/10241 3540/1579/10242
f 1397/3507/10243 1569/3506/10244 3543/1582/10245 3542/1581/10246
f 1568/3505/10247 1394/3504/10248 3541/1580/10249 3544/1583/10250
f 1394/3504/10251 1558/3509/10252 3546/1585/10253 3541/1580/10254
f 1561/3498/10255 1395/3508/10256 3545/1584/10257 3535/1574/10258
f 1395/3508/10259 1399/3503/10260 3540/1579/10261 3545/1584/10262
f 1398/3350/10263 1396/3510/10264 3547/1586/10265 3386/1426/10266
f 1396/3510/10267 1408/3346/10268 3384/1424/10269 3547/1586/10270
f 1407/3511/10271 1397/3507/10272 3542/1581/10273 3548/1587/10274
f 1405/3515/10275 1577/3514/10276 3551/1590/10277 3550/1589/10278
f 1576/3513/10279 1402/3512/10280 3549/1588/10281 3552/1591/10282
f 1402/3512/10283 1566/3517/10284 3554/1593/10285 3549/1588/10286
f 1569/3506/10287 1403/3516/10288 3553/1592/10289 3543/1582/10290
f 1403/3516/10291 1407/3511/10292 3548/1587/10293 3553/1592/10294
f 1406/3358/10295 1404/3518/10296 3555/1594/10297 3394/1434/10298
f 1404/3518/10299 1416/3354/10300 3392/1432/10301 3555/1594/10302
f 1415/3519/10303 1405/3515/10304 3550/1589/10305 3556/1595/10306
f 1413/3523/10307 1585/3522/10308 3559/1598/10309 3558/1597/10310
f 1584/3521/10311 1410/3520/10312 3557/1596/10313 3560/1599/10314
f 1410/3520/10315 1574/3525/10316 3562/1601/10317 3557/1596/10318
f 1577/3514/10319 1411/3524/10320 3561/1600/10321 3551/1590/10322
f 1411/3524/10323 1415/3519/10324 3556/1595/10325 3561/1600/10326
f 1414/3366/10327 1412/3526/10328 3563/1602/10329 3402/1442/10330
f 1412/3526/10331 1424/3362/10332 3400/1440/10333 3563/1602/10334
f 1423/3527/10335 1413/3523/10336 3558/1597/10337 3564/1603/10338
f 1421/3530/10339 1593/3529/10340 3567/1606/10341 3566/1605/10342
f 1592/4010/10343 1418/4007/10344 3565/3945/10345 3568/3922/10346
f 1418/3528/10347 1582/3532/10348 3570/1608/10349 3565/1604/10350
f 1585/3522/10351 1419/3531/10352 3569/1607/10353 3559/1598/10354
f 1419/3531/10355 1423/3527/10356 3564/1603/10357 3569/1607/10358
f 1422/3373/10359 1420/3533/10360 3571/1609/10361 3410/1449/10362
f 1420/3981/10363 1432/4008/10364 3408/3920/10365 3571/3919/10366
f 1431/3534/10367 1421/3530/10368 3566/1605/10369 3572/1610/10370
f 1429/3538/10371 1601/3537/10372 3575/1613/10373 3574/1612/10374
f 1600/3536/10375 1426/3535/10376 3573/1611/10377 3576/1614/10378
f 1426/3535/10379 1590/3540/10380 3578/1616/10381 3573/1611/10382
f 1593/3529/10383 1427/3539/10384 3577/1615/10385 3567/1606/10386
f 1427/3539/10387 1431/3534/10388 3572/1610/10389 3577/1615/10390
f 1430/3381/10391 1428/3541/10392 3579/1617/10393 3418/1457/10394
f 1428/3541/10395 1440/3377/10396 3416/1455/10397 3579/1617/10398
f 1439/3542/10399 1429/3538/10400 3574/1612/10401 3580/1618/10402
f 1437/3546/10403 1609/3545/10404 3583/1621/10405 3582/1620/10406
f 1608/3544/10407 1434/3543/10408 3581/1619/10409 3584/1622/10410
f 1434/3543/10411 1598/3548/10412 3586/1624/10413 3581/1619/10414
f 1601/3537/10415 1435/3547/10416 3585/1623/10417 3575/1613/10418
f 1435/3547/10419 1439/3542/10420 3580/1618/10421 3585/1623/10422
f 1438/3389/10423 1436/3549/10424 3587/1625/10425 3426/1465/10426
f 1436/3549/10427 1448/3385/10428 3424/1463/10429 3587/1625/10430
f 1447/3550/10431 1437/3546/10432 3582/1620/10433 3588/1626/10434
f 1445/3554/10435 1617/3553/10436 3591/1629/10437 3590/1628/10438
f 1616/3552/10439 1442/3551/10440 3589/1627/10441 3592/1630/10442
f 1442/3551/10443 1606/3556/10444 3594/1632/10445 3589/1627/10446
f 1609/3545/10447 1443/3555/10448 3593/1631/10449 3583/1621/10450
f 1443/3555/10451 1447/3550/10452 3588/1626/10453 3593/1631/10454
f 1446/3397/10455 1444/3557/10456 3595/1633/10457 3434/1473/10458
f 1444/3557/10459 1456/3393/10460 3432/1471/10461 3595/1633/10462
f 1455/3558/10463 1445/3554/10464 3590/1628/10465 3596/1634/10466
f 1453/3562/10467 1625/3561/10468 3599/1637/10469 3598/1636/10470
f 1624/3560/10471 1450/3559/10472 3597/1635/10473 3600/1638/10474
f 1450/3559/10475 1614/3564/10476 3602/1640/10477 3597/1635/10478
f 1617/3553/10479 1451/3563/10480 3601/1639/10481 3591/1629/10482
f 1451/3563/10483 1455/3558/10484 3596/1634/10485 3601/1639/10486
f 1454/3405/10487 1452/3565/10488 3603/1641/10489 3442/1481/10490
f 1452/3565/10491 1464/3401/10492 3440/1479/10493 3603/1641/10494
f 1463/3566/10495 1453/3562/10496 3598/1636/10497 3604/1642/10498
f 1461/3570/10499 1633/3569/10500 3607/1645/10501 3606/1644/10502
f 1632/3568/10503 1458/3567/10504 3605/1643/10505 3608/1646/10506
f 1458/3567/10507 1622/3572/10508 3610/1648/10509 3605/1643/10510
f 1625/3561/10511 1459/3571/10512 3609/1647/10513 3599/1637/10514
f 1459/3571/10515 1463/3566/10516 3604/1642/10517 3609/1647/10518
f 1462/3413/10519 1460/3573/10520 3611/1649/10521 3450/1489/10522
f 1460/3573/10523 1472/3409/10524 3448/1487/10525 3611/1649/10526
f 1471/3574/10527 1461/3570/10528 3606/1644/10529 3612/1650/10530
f 1469/3578/10531 1641/3577/10532 3615/1653/10533 3614/1652/10534
f 1640/3576/10535 1466/3575/10536 3613/1651/10537 3616/1654/10538
f 1466/3575/10539 1630/3580/10540 3618/1656/10541 3613/1651/10542
f 1633/3569/10543 1467/3579/10544 3617/1655/10545 3607/1645/10546
f 1467/3579/10547 1471/3574/10548 3612/1650/10549 3617/1655/10550
f 1470/3421/10551 1468/3581/10552 3619/1657/10553 3458/1497/10554
f 1468/3581/10555 1480/3417/10556 3456/1495/10557 3619/1657/10558
f 1479/3582/10559 1469/3578/10560 3614/1652/10561 3620/1658/10562
f 1477/3586/10563 1649/3585/10564 3623/1661/10565 3622/1660/10566
f 1648/3584/10567 1474/3583/10568 3621/1659/10569 3624/1662/10570
f 1474/3583/10571 1638/3588/10572 3626/1664/10573 3621/1659/10574
f 1641/3577/10575 1475/3587/10576 3625/1663/10577 3615/1653/10578
f 1475/3587/10579 1479/3582/10580 3620/1658/10581 3625/1663/10582
f 1478/3429/10583 1476/3589/10584 3627/1665/10585 3466/1505/10586
f 1476/3589/10587 1488/3425/10588 3464/1503/10589 3627/1665/10590
f 1487/3590/10591 1477/3586/10592 3622/1660/10593 3628/1666/10594
f 1485/3594/10595 1657/3593/10596 3631/1669/10597 3630/1668/10598
f 1656/3592/10599 1482/3591/10600 3629/1667/10601 3632/1670/10602
f 1482/3591/10603 1646/3596/10604 3634/1672/10605 3629/1667/10606
f 1649/3585/10607 1483/3595/10608 3633/1671/10609 3623/1661/10610
f 1483/3595/10611 1487/3590/10612 3628/1666/10613 3633/1671/10614
f 1486/3437/10615 1484/3597/10616 3635/1673/10617 3474/1513/10618
f 1484/3597/10619 1496/3433/10620 3472/1511/10621 3635/1673/10622
f 1495/3598/10623 1485/3594/10624 3630/1668/10625 3636/1674/10626
f 1493/3601/10627 1661/3459/10628 3498/1537/10629 3638/1676/10630
f 1660/3600/10631 1490/3599/10632 3637/1675/10633 3639/1677/10634
f 1490/3599/10635 1654/3603/10636 3641/1679/10637 3637/1675/10638
f 1657/3593/10639 1491/3602/10640 3640/1678/10641 3631/1669/10642
f 1491/3602/10643 1495/3598/10644 3636/1674/10645 3640/1678/10646
f 1494/3444/10647 1492/3604/10648 3642/1680/10649 3481/1520/10650
f 1492/3604/10651 1500/3441/10652 3479/1518/10653 3642/1680/10654
f 1499/3462/10655 1493/3601/10656 3638/1676/10657 3499/1538/10658
f 1505/3608/10659 1681/3607/10660 3645/1683/10661 3644/1682/10662
f 1680/3606/10663 1502/3605/10664 3643/1681/10665 3646/1684/10666
f 1502/3605/10667 1666/3611/10668 3648/1686/10669 3643/1681/10670
f 1669/3610/10671 1503/3609/10672 3647/1685/10673 3649/1687/10674
f 1503/3609/10675 1507/3613/10676 3651/1689/10677 3647/1685/10678
f 1506/3452/10679 1504/3612/10680 3650/1688/10681 3488/1527/10682
f 1504/3612/10683 1520/3447/10684 3486/1525/10685 3650/1688/10686
f 1519/3614/10687 1505/3608/10688 3644/1682/10689 3652/1690/10690
f 1507/3613/10691 1512/3616/10692 3653/1691/10693 3651/1689/10694
f 1511/3615/10695 1508/3463/10696 3500/1539/10697 3654/1692/10698
f 1513/3620/10699 1818/3619/10700 3657/1695/10701 3656/1694/10702
f 1821/3618/10703 1510/3617/10704 3655/1693/10705 3658/1696/10706
f 1510/3617/10707 1659/3621/10708 3659/1697/10709 3655/1693/10710
f 1658/3460/10711 1511/3615/10712 3654/1692/10713 3497/1536/10714
f 1512/3616/10715 1669/3610/10716 3649/1687/10717 3653/1691/10718
f 1668/3622/10719 1513/3620/10720 3656/1694/10721 3660/1698/10722
f 1517/3626/10723 1689/3625/10724 3663/1701/10725 3662/1700/10726
f 1688/3624/10727 1514/3623/10728 3661/1699/10729 3664/1702/10730
f 1514/3623/10731 1678/3628/10732 3666/1704/10733 3661/1699/10734
f 1681/3607/10735 1515/3627/10736 3665/1703/10737 3645/1683/10738
f 1515/3627/10739 1519/3614/10740 3652/1690/10741 3665/1703/10742
f 1518/3469/10743 1516/3629/10744 3667/1705/10745 3506/1545/10746
f 1516/3629/10747 1528/3465/10748 3504/1543/10749 3667/1705/10750
f 1527/3630/10751 1517/3626/10752 3662/1700/10753 3668/1706/10754
f 1525/3634/10755 1697/3633/10756 3671/1709/10757 3670/1708/10758
f 1696/3632/10759 1522/3631/10760 3669/1707/10761 3672/1710/10762
f 1522/3631/10763 1686/3636/10764 3674/1712/10765 3669/1707/10766
f 1689/3625/10767 1523/3635/10768 3673/1711/10769 3663/1701/10770
f 1523/3635/10771 1527/3630/10772 3668/1706/10773 3673/1711/10774
f 1526/3477/10775 1524/3637/10776 3675/1713/10777 3514/1553/10778
f 1524/3637/10779 1536/3473/10780 3512/1551/10781 3675/1713/10782
f 1535/3638/10783 1525/3634/10784 3670/1708/10785 3676/1714/10786
f 1533/3642/10787 1705/3641/10788 3679/1717/10789 3678/1716/10790
f 1704/3640/10791 1530/3639/10792 3677/1715/10793 3680/1718/10794
f 1530/3639/10795 1694/3644/10796 3682/1720/10797 3677/1715/10798
f 1697/3633/10799 1531/3643/10800 3681/1719/10801 3671/1709/10802
f 1531/3643/10803 1535/3638/10804 3676/1714/10805 3681/1719/10806
f 1534/3485/10807 1532/3645/10808 3683/1721/10809 3522/1561/10810
f 1532/3645/10811 1544/3481/10812 3520/1559/10813 3683/1721/10814
f 1543/3646/10815 1533/3642/10816 3678/1716/10817 3684/1722/10818
f 1541/3650/10819 1713/3649/10820 3687/1725/10821 3686/1724/10822
f 1712/3648/10823 1538/3647/10824 3685/1723/10825 3688/1726/10826
f 1538/3647/10827 1702/3652/10828 3690/1728/10829 3685/1723/10830
f 1705/3641/10831 1539/3651/10832 3689/1727/10833 3679/1717/10834
f 1539/3651/10835 1543/3646/10836 3684/1722/10837 3689/1727/10838
f 1542/3493/10839 1540/3653/10840 3691/1729/10841 3530/1569/10842
f 1540/3653/10843 1552/3489/10844 3528/1567/10845 3691/1729/10846
f 1551/3654/10847 1541/3650/10848 3686/1724/10849 3692/1730/10850
f 1549/3658/10851 1721/3657/10852 3695/1733/10853 3694/1732/10854
f 1720/3656/10855 1546/3655/10856 3693/1731/10857 3696/1734/10858
f 1546/3655/10859 1710/3660/10860 3698/1736/10861 3693/1731/10862
f 1713/3649/10863 1547/3659/10864 3697/1735/10865 3687/1725/10866
f 1547/3659/10867 1551/3654/10868 3692/1730/10869 3697/1735/10870
f 1550/3501/10871 1548/3661/10872 3699/1737/10873 3538/1577/10874
f 1548/3661/10875 1560/3497/10876 3536/1575/10877 3699/1737/10878
f 1559/3662/10879 1549/3658/10880 3694/1732/10881 3700/1738/10882
f 1557/3666/10883 1729/3665/10884 3703/1741/10885 3702/1740/10886
f 1728/3664/10887 1554/3663/10888 3701/1739/10889 3704/1742/10890
f 1554/3663/10891 1718/3668/10892 3706/1744/10893 3701/1739/10894
f 1721/3657/10895 1555/3667/10896 3705/1743/10897 3695/1733/10898
f 1555/3667/10899 1559/3662/10900 3700/1738/10901 3705/1743/10902
f 1558/3509/10903 1556/3669/10904 3707/1745/10905 3546/1585/10906
f 1556/3669/10907 1568/3505/10908 3544/1583/10909 3707/1745/10910
f 1567/3670/10911 1557/3666/10912 3702/1740/10913 3708/1746/10914
f 1565/3674/10915 1737/3673/10916 3711/1749/10917 3710/1748/10918
f 1736/3672/10919 1562/3671/10920 3709/1747/10921 3712/1750/10922
f 1562/3671/10923 1726/3676/10924 3714/1752/10925 3709/1747/10926
f 1729/3665/10927 1563/3675/10928 3713/1751/10929 3703/1741/10930
f 1563/3675/10931 1567/3670/10932 3708/1746/10933 3713/1751/10934
f 1566/3517/10935 1564/3677/10936 3715/1753/10937 3554/1593/10938
f 1564/3677/10939 1576/3513/10940 3552/1591/10941 3715/1753/10942
f 1575/3678/10943 1565/3674/10944 3710/1748/10945 3716/1754/10946
f 1573/3682/10947 1745/3681/10948 3719/1757/10949 3718/1756/10950
f 1744/3680/10951 1570/3679/10952 3717/1755/10953 3720/1758/10954
f 1570/3679/10955 1734/3684/10956 3722/1760/10957 3717/1755/10958
f 1737/3673/10959 1571/3683/10960 3721/1759/10961 3711/1749/10962
f 1571/3683/10963 1575/3678/10964 3716/1754/10965 3721/1759/10966
f 1574/3525/10967 1572/3685/10968 3723/1761/10969 3562/1601/10970
f 1572/3685/10971 1584/3521/10972 3560/1599/10973 3723/1761/10974
f 1583/3686/10975 1573/3682/10976 3718/1756/10977 3724/1762/10978
f 1581/3689/10979 1753/3688/10980 3727/1765/10981 3726/1764/10982
f 1752/4012/10983 1578/4009/10984 3725/3947/10985 3728/3925/10986
f 1578/3687/10987 1742/3691/10988 3730/1767/10989 3725/1763/10990
f 1745/3681/10991 1579/3690/10992 3729/1766/10993 3719/1757/10994
f 1579/3690/10995 1583/3686/10996 3724/1762/10997 3729/1766/10998
f 1582/3532/10999 1580/3692/11000 3731/1768/11001 3570/1608/11002
f 1580/3983/11003 1592/4010/11004 3568/3922/11005 3731/3921/11006
f 1591/3693/11007 1581/3689/11008 3726/1764/11009 3732/1769/11010
f 1589/3697/11011 1761/3696/11012 3735/1772/11013 3734/1771/11014
f 1760/3695/11015 1586/3694/11016 3733/1770/11017 3736/1773/11018
f 1586/3694/11019 1750/3699/11020 3738/1775/11021 3733/1770/11022
f 1753/3688/11023 1587/3698/11024 3737/1774/11025 3727/1765/11026
f 1587/3698/11027 1591/3693/11028 3732/1769/11029 3737/1774/11030
f 1590/3540/11031 1588/3700/11032 3739/1776/11033 3578/1616/11034
f 1588/3700/11035 1600/3536/11036 3576/1614/11037 3739/1776/11038
f 1599/3701/11039 1589/3697/11040 3734/1771/11041 3740/1777/11042
f 1597/3705/11043 1769/3704/11044 3743/1780/11045 3742/1779/11046
f 1768/3703/11047 1594/3702/11048 3741/1778/11049 3744/1781/11050
f 1594/3702/11051 1758/3707/11052 3746/1783/11053 3741/1778/11054
f 1761/3696/11055 1595/3706/11056 3745/1782/11057 3735/1772/11058
f 1595/3706/11059 1599/3701/11060 3740/1777/11061 3745/1782/11062
f 1598/3548/11063 1596/3708/11064 3747/1784/11065 3586/1624/11066
f 1596/3708/11067 1608/3544/11068 3584/1622/11069 3747/1784/11070
f 1607/3709/11071 1597/3705/11072 3742/1779/11073 3748/1785/11074
f 1605/3713/11075 1777/3712/11076 3751/1788/11077 3750/1787/11078
f 1776/3711/11079 1602/3710/11080 3749/1786/11081 3752/1789/11082
f 1602/3710/11083 1766/3715/11084 3754/1791/11085 3749/1786/11086
f 1769/3704/11087 1603/3714/11088 3753/1790/11089 3743/1780/11090
f 1603/3714/11091 1607/3709/11092 3748/1785/11093 3753/1790/11094
f 1606/3556/11095 1604/3716/11096 3755/1792/11097 3594/1632/11098
f 1604/3716/11099 1616/3552/11100 3592/1630/11101 3755/1792/11102
f 1615/3717/11103 1605/3713/11104 3750/1787/11105 3756/1793/11106
f 1613/3721/11107 1785/3720/11108 3759/1796/11109 3758/1795/11110
f 1784/3719/11111 1610/3718/11112 3757/1794/11113 3760/1797/11114
f 1610/3718/11115 1774/3723/11116 3762/1799/11117 3757/1794/11118
f 1777/3712/11119 1611/3722/11120 3761/1798/11121 3751/1788/11122
f 1611/3722/11123 1615/3717/11124 3756/1793/11125 3761/1798/11126
f 1614/3564/11127 1612/3724/11128 3763/1800/11129 3602/1640/11130
f 1612/3724/11131 1624/3560/11132 3600/1638/11133 3763/1800/11134
f 1623/3725/11135 1613/3721/11136 3758/1795/11137 3764/1801/11138
f 1621/3729/11139 1793/3728/11140 3767/1804/11141 3766/1803/11142
f 1792/3727/11143 1618/3726/11144 3765/1802/11145 3768/1805/11146
f 1618/3726/11147 1782/3731/11148 3770/1807/11149 3765/1802/11150
f 1785/3720/11151 1619/3730/11152 3769/1806/11153 3759/1796/11154
f 1619/3730/11155 1623/3725/11156 3764/1801/11157 3769/1806/11158
f 1622/3572/11159 1620/3732/11160 3771/1808/11161 3610/1648/11162
f 1620/3732/11163 1632/3568/11164 3608/1646/11165 3771/1808/11166
f 1631/3733/11167 1621/3729/11168 3766/1803/11169 3772/1809/11170
f 1629/3737/11171 1801/3736/11172 3775/1812/11173 3774/1811/11174
f 1800/3735/11175 1626/3734/11176 3773/1810/11177 3776/1813/11178
f 1626/3734/11179 1790/3739/11180 3778/1815/11181 3773/1810/11182
f 1793/3728/11183 1627/3738/11184 3777/1814/11185 3767/1804/11186
f 1627/3738/11187 1631/3733/11188 3772/1809/11189 3777/1814/11190
f 1630/3580/11191 1628/3740/11192 3779/1816/11193 3618/1656/11194
f 1628/3740/11195 1640/3576/11196 3616/1654/11197 3779/1816/11198
f 1639/3741/11199 1629/3737/11200 3774/1811/11201 3780/1817/11202
f 1637/3745/11203 1809/3744/11204 3783/1820/11205 3782/1819/11206
f 1808/3743/11207 1634/3742/11208 3781/1818/11209 3784/1821/11210
f 1634/3742/11211 1798/3747/11212 3786/1823/11213 3781/1818/11214
f 1801/3736/11215 1635/3746/11216 3785/1822/11217 3775/1812/11218
f 1635/3746/11219 1639/3741/11220 3780/1817/11221 3785/1822/11222
f 1638/3588/11223 1636/3748/11224 3787/1824/11225 3626/1664/11226
f 1636/3748/11227 1648/3584/11228 3624/1662/11229 3787/1824/11230
f 1647/3749/11231 1637/3745/11232 3782/1819/11233 3788/1825/11234
f 1645/3753/11235 1817/3752/11236 3791/1828/11237 3790/1827/11238
f 1816/3751/11239 1642/3750/11240 3789/1826/11241 3792/1829/11242
f 1642/3750/11243 1806/3755/11244 3794/1831/11245 3789/1826/11246
f 1809/3744/11247 1643/3754/11248 3793/1830/11249 3783/1820/11250
f 1643/3754/11251 1647/3749/11252 3788/1825/11253 3793/1830/11254
f 1646/3596/11255 1644/3756/11256 3795/1832/11257 3634/1672/11258
f 1644/3756/11259 1656/3592/11260 3632/1670/11261 3795/1832/11262
f 1655/3757/11263 1645/3753/11264 3790/1827/11265 3796/1833/11266
f 1653/3760/11267 1821/3618/11268 3658/1696/11269 3798/1835/11270
f 1820/3759/11271 1650/3758/11272 3797/1834/11273 3799/1836/11274
f 1650/3758/11275 1814/3762/11276 3801/1838/11277 3797/1834/11278
f 1817/3752/11279 1651/3761/11280 3800/1837/11281 3791/1828/11282
f 1651/3761/11283 1655/3757/11284 3796/1833/11285 3800/1837/11286
f 1654/3603/11287 1652/3763/11288 3802/1839/11289 3641/1679/11290
f 1652/3763/11291 1660/3600/11292 3639/1677/11293 3802/1839/11294
f 1659/3621/11295 1653/3760/11296 3798/1835/11297 3659/1697/11298
f 1665/3766/11299 1829/3765/11300 3805/1842/11301 3804/1841/11302
f 1828/2362/11303 1662/3764/11304 3803/1840/11305 2341/387/11306
f 1662/3764/11307 1822/2367/11308 2346/392/11309 3803/1840/11310
f 1825/3768/11311 1663/3767/11312 3806/1843/11313 3807/1844/11314
f 1663/3767/11315 1667/3770/11316 3809/1846/11317 3806/1843/11318
f 1666/3611/11319 1664/3769/11320 3808/1845/11321 3648/1686/11322
f 1664/3769/11323 1680/3606/11324 3646/1684/11325 3808/1845/11326
f 1679/3771/11327 1665/3766/11328 3804/1841/11329 3810/1847/11330
f 1667/3770/11331 1672/3773/11332 3811/1848/11333 3809/1846/11334
f 1671/3772/11335 1668/3622/11336 3660/1698/11337 3812/1849/11338
f 1673/3776/11339 1898/2374/11340 2356/402/11341 3814/1851/11342
f 1901/3775/11343 1670/3774/11344 3813/1850/11345 3815/1852/11346
f 1670/3774/11347 1819/3777/11348 3816/1853/11349 3813/1850/11350
f 1818/3619/11351 1671/3772/11352 3812/1849/11353 3657/1695/11354
f 1672/3773/11355 1825/3768/11356 3807/1844/11357 3811/1848/11358
f 1824/2377/11359 1673/3776/11360 3814/1851/11361 2357/403/11362
f 1677/3780/11363 1833/3779/11364 3819/1856/11365 3818/1855/11366
f 1832/2351/11367 1674/3778/11368 3817/1854/11369 2328/374/11370
f 1674/3778/11371 1826/2356/11372 2333/379/11373 3817/1854/11374
f 1829/3765/11375 1675/3781/11376 3820/1857/11377 3805/1842/11378
f 1675/3781/11379 1679/3771/11380 3810/1847/11381 3820/1857/11382
f 1678/3628/11383 1676/3782/11384 3821/1858/11385 3666/1704/11386
f 1676/3782/11387 1688/3624/11388 3664/1702/11389 3821/1858/11390
f 1687/3783/11391 1677/3780/11392 3818/1855/11393 3822/1859/11394
f 1685/3786/11395 1837/3785/11396 3825/1862/11397 3824/1861/11398
f 1836/2340/11399 1682/3784/11400 3823/1860/11401 2315/361/11402
f 1682/3784/11403 1830/2345/11404 2320/366/11405 3823/1860/11406
f 1833/3779/11407 1683/3787/11408 3826/1863/11409 3819/1856/11410
f 1683/3787/11411 1687/3783/11412 3822/1859/11413 3826/1863/11414
f 1686/3636/11415 1684/3788/11416 3827/1864/11417 3674/1712/11418
f 1684/3788/11419 1696/3632/11420 3672/1710/11421 3827/1864/11422
f 1695/3789/11423 1685/3786/11424 3824/1861/11425 3828/1865/11426
f 1693/3792/11427 1841/3791/11428 3831/1868/11429 3830/1867/11430
f 1840/2329/11431 1690/3790/11432 3829/1866/11433 2302/348/11434
f 1690/3790/11435 1834/2334/11436 2307/353/11437 3829/1866/11438
f 1837/3785/11439 1691/3793/11440 3832/1869/11441 3825/1862/11442
f 1691/3793/11443 1695/3789/11444 3828/1865/11445 3832/1869/11446
f 1694/3644/11447 1692/3794/11448 3833/1870/11449 3682/1720/11450
f 1692/3794/11451 1704/3640/11452 3680/1718/11453 3833/1870/11454
f 1703/3795/11455 1693/3792/11456 3830/1867/11457 3834/1871/11458
f 1701/3798/11459 1845/3797/11460 3837/1874/11461 3836/1873/11462
f 1844/2318/11463 1698/3796/11464 3835/1872/11465 2289/335/11466
f 1698/3796/11467 1838/2323/11468 2294/340/11469 3835/1872/11470
f 1841/3791/11471 1699/3799/11472 3838/1875/11473 3831/1868/11474
f 1699/3799/11475 1703/3795/11476 3834/1871/11477 3838/1875/11478
f 1702/3652/11479 1700/3800/11480 3839/1876/11481 3690/1728/11482
f 1700/3800/11483 1712/3648/11484 3688/1726/11485 3839/1876/11486
f 1711/3801/11487 1701/3798/11488 3836/1873/11489 3840/1877/11490
f 1709/3804/11491 1849/3803/11492 3843/1880/11493 3842/1879/11494
f 1848/2307/11495 1706/3802/11496 3841/1878/11497 2276/322/11498
f 1706/3802/11499 1842/2312/11500 2281/327/11501 3841/1878/11502
f 1845/3797/11503 1707/3805/11504 3844/1881/11505 3837/1874/11506
f 1707/3805/11507 1711/3801/11508 3840/1877/11509 3844/1881/11510
f 1710/3660/11511 1708/3806/11512 3845/1882/11513 3698/1736/11514
f 1708/3806/11515 1720/3656/11516 3696/1734/11517 3845/1882/11518
f 1719/3807/11519 1709/3804/11520 3842/1879/11521 3846/1883/11522
f 1717/3810/11523 1853/3809/11524 3849/1886/11525 3848/1885/11526
f 1852/2296/11527 1714/3808/11528 3847/1884/11529 2263/309/11530
f 1714/3808/11531 1846/2301/11532 2268/314/11533 3847/1884/11534
f 1849/3803/11535 1715/3811/11536 3850/1887/11537 3843/1880/11538
f 1715/3811/11539 1719/3807/11540 3846/1883/11541 3850/1887/11542
f 1718/3668/11543 1716/3812/11544 3851/1888/11545 3706/1744/11546
f 1716/3812/11547 1728/3664/11548 3704/1742/11549 3851/1888/11550
f 1727/3813/11551 1717/3810/11552 3848/1885/11553 3852/1889/11554
f 1725/3816/11555 1857/3815/11556 3855/1892/11557 3854/1891/11558
f 1856/2285/11559 1722/3814/11560 3853/1890/11561 2250/296/11562
f 1722/3814/11563 1850/2290/11564 2255/301/11565 3853/1890/11566
f 1853/3809/11567 1723/3817/11568 3856/1893/11569 3849/1886/11570
f 1723/3817/11571 1727/3813/11572 3852/1889/11573 3856/1893/11574
f 1726/3676/11575 1724/3818/11576 3857/1894/11577 3714/1752/11578
f 1724/3818/11579 1736/3672/11580 3712/1750/11581 3857/1894/11582
f 1735/3819/11583 1725/3816/11584 3854/1891/11585 3858/1895/11586
f 1733/3822/11587 1861/3821/11588 3861/1898/11589 3860/1897/11590
f 1860/2274/11591 1730/3820/11592 3859/1896/11593 2237/283/11594
f 1730/3820/11595 1854/2279/11596 2242/288/11597 3859/1896/11598
f 1857/3815/11599 1731/3823/11600 3862/1899/11601 3855/1892/11602
f 1731/3823/11603 1735/3819/11604 3858/1895/11605 3862/1899/11606
f 1734/3684/11607 1732/3824/11608 3863/1900/11609 3722/1760/11610
f 1732/3824/11611 1744/3680/11612 3720/1758/11613 3863/1900/11614
f 1743/3825/11615 1733/3822/11616 3860/1897/11617 3864/1901/11618
f 1741/3828/11619 1865/3827/11620 3867/1904/11621 3866/1903/11622
f 1864/3991/11623 1738/4011/11624 3865/3949/11625 2224/3923/11626
f 1738/3826/11627 1858/2268/11628 2229/275/11629 3865/1902/11630
f 1861/3821/11631 1739/3829/11632 3868/1905/11633 3861/1898/11634
f 1739/3829/11635 1743/3825/11636 3864/1901/11637 3868/1905/11638
f 1742/3691/11639 1740/3830/11640 3869/1906/11641 3730/1767/11642
f 1740/3985/11643 1752/4012/11644 3728/3925/11645 3869/3924/11646
f 1751/3831/11647 1741/3828/11648 3866/1903/11649 3870/1907/11650
f 1749/3834/11651 1869/3833/11652 3873/1910/11653 3872/1909/11654
f 1868/2254/11655 1746/3832/11656 3871/1908/11657 2211/261/11658
f 1746/3832/11659 1862/2259/11660 2216/265/11661 3871/1908/11662
f 1865/3827/11663 1747/3835/11664 3874/1911/11665 3867/1904/11666
f 1747/3835/11667 1751/3831/11668 3870/1907/11669 3874/1911/11670
f 1750/3699/11671 1748/3836/11672 3875/1912/11673 3738/1775/11674
f 1748/3836/11675 1760/3695/11676 3736/1773/11677 3875/1912/11678
f 1759/3837/11679 1749/3834/11680 3872/1909/11681 3876/1913/11682
f 1757/3840/11683 1873/3839/11684 3879/1916/11685 3878/1915/11686
f 1872/2243/11687 1754/3838/11688 3877/1914/11689 2198/248/11690
f 1754/3838/11691 1866/2248/11692 2203/253/11693 3877/1914/11694
f 1869/3833/11695 1755/3841/11696 3880/1917/11697 3873/1910/11698
f 1755/3841/11699 1759/3837/11700 3876/1913/11701 3880/1917/11702
f 1758/3707/11703 1756/3842/11704 3881/1918/11705 3746/1783/11706
f 1756/3842/11707 1768/3703/11708 3744/1781/11709 3881/1918/11710
f 1767/3843/11711 1757/3840/11712 3878/1915/11713 3882/1919/11714
f 1765/3846/11715 1877/3845/11716 3885/1922/11717 3884/1921/11718
f 1876/2226/11719 1762/3844/11720 3883/1920/11721 2178/228/11722
f 1762/3844/11723 1870/2231/11724 2184/234/11725 3883/1920/11726
f 1873/3839/11727 1763/3847/11728 3886/1923/11729 3879/1916/11730
f 1763/3847/11731 1767/3843/11732 3882/1919/11733 3886/1923/11734
f 1766/3715/11735 1764/3848/11736 3887/1924/11737 3754/1791/11738
f 1764/3848/11739 1776/3711/11740 3752/1789/11741 3887/1924/11742
f 1775/3849/11743 1765/3846/11744 3884/1921/11745 3888/1925/11746
f 1773/3852/11747 1881/3851/11748 3891/1928/11749 3890/1927/11750
f 1880/2235/11751 1770/3850/11752 3889/1926/11753 2188/238/11754
f 1770/3850/11755 1874/2238/11756 2191/241/11757 3889/1926/11758
f 1877/3845/11759 1771/3853/11760 3892/1929/11761 3885/1922/11762
f 1771/3853/11763 1775/3849/11764 3888/1925/11765 3892/1929/11766
f 1774/3723/11767 1772/3854/11768 3893/1930/11769 3762/1799/11770
f 1772/3854/11771 1784/3719/11772 3760/1797/11773 3893/1930/11774
f 1783/3855/11775 1773/3852/11776 3890/1927/11777 3894/1931/11778
f 1781/3858/11779 1885/3857/11780 3897/1934/11781 3896/1933/11782
f 1884/2428/11783 1778/3856/11784 3895/1932/11785 2419/465/11786
f 1778/3856/11787 1878/2432/11788 2422/468/11789 3895/1932/11790
f 1881/3851/11791 1779/3859/11792 3898/1935/11793 3891/1928/11794
f 1779/3859/11795 1783/3855/11796 3894/1931/11797 3898/1935/11798
f 1782/3731/11799 1780/3860/11800 3899/1936/11801 3770/1807/11802
f 1780/3860/11803 1792/3727/11804 3768/1805/11805 3899/1936/11806
f 1791/3861/11807 1781/3858/11808 3896/1933/11809 3900/1937/11810
f 1789/3864/11811 1889/3863/11812 3903/1940/11813 3902/1939/11814
f 1888/2417/11815 1786/3862/11816 3901/1938/11817 2406/452/11818
f 1786/3862/11819 1882/2422/11820 2411/457/11821 3901/1938/11822
f 1885/3857/11823 1787/3865/11824 3904/1941/11825 3897/1934/11826
f 1787/3865/11827 1791/3861/11828 3900/1937/11829 3904/1941/11830
f 1790/3739/11831 1788/3866/11832 3905/1942/11833 3778/1815/11834
f 1788/3866/11835 1800/3735/11836 3776/1813/11837 3905/1942/11838
f 1799/3867/11839 1789/3864/11840 3902/1939/11841 3906/1943/11842
f 1797/3870/11843 1893/3869/11844 3909/1946/11845 3908/1945/11846
f 1892/2406/11847 1794/3868/11848 3907/1944/11849 2393/439/11850
f 1794/3868/11851 1886/2411/11852 2398/444/11853 3907/1944/11854
f 1889/3863/11855 1795/3871/11856 3910/1947/11857 3903/1940/11858
f 1795/3871/11859 1799/3867/11860 3906/1943/11861 3910/1947/11862
f 1798/3747/11863 1796/3872/11864 3911/1948/11865 3786/1823/11866
f 1796/3872/11867 1808/3743/11868 3784/1821/11869 3911/1948/11870
f 1807/3873/11871 1797/3870/11872 3908/1945/11873 3912/1949/11874
f 1805/3876/11875 1897/3875/11876 3915/1952/11877 3914/1951/11878
f 1896/2395/11879 1802/3874/11880 3913/1950/11881 2380/426/11882
f 1802/3874/11883 1890/2400/11884 2385/431/11885 3913/1950/11886
f 1893/3869/11887 1803/3877/11888 3916/1953/11889 3909/1946/11890
f 1803/3877/11891 1807/3873/11892 3912/1949/11893 3916/1953/11894
f 1806/3755/11895 1804/3878/11896 3917/1954/11897 3794/1831/11898
f 1804/3878/11899 1816/3751/11900 3792/1829/11901 3917/1954/11902
f 1815/3879/11903 1805/3876/11904 3914/1951/11905 3918/1955/11906
f 1813/3881/11907 1901/3775/11908 3815/1852/11909 3920/1957/11910
f 1900/2384/11911 1810/3880/11912 3919/1956/11913 2367/413/11914
f 1810/3880/11915 1894/2389/11916 2372/418/11917 3919/1956/11918
f 1897/3875/11919 1811/3882/11920 3921/1958/11921 3915/1952/11922
f 1811/3882/11923 1815/3879/11924 3918/1955/11925 3921/1958/11926
f 1814/3762/11927 1812/3883/11928 3922/1959/11929 3801/1838/11930
f 1812/3883/11931 1820/3759/11932 3799/1836/11933 3922/1959/11934
f 1819/3777/11935 1813/3881/11936 3920/1957/11937 3816/1853/11938
