# This file uses centimeters as units for non-parametric coordinates.

mtllib Waste_Basket.mtl
g default
v -19.433558 4.858140 -0.543095
v -19.183924 4.858140 -1.033029
v -18.795111 4.858140 -1.421843
v -18.305176 4.858140 -1.671476
v -17.762081 4.858140 -1.757494
v -17.218987 4.858140 -1.671476
v -16.729052 4.858140 -1.421842
v -16.340239 4.858140 -1.033029
v -16.090607 4.858140 -0.543095
v -16.004587 4.858140 0.000000
v -16.090607 4.858140 0.543095
v -16.340239 4.858140 1.033029
v -16.729052 4.858140 1.421842
v -17.218987 4.858140 1.671476
v -17.762081 4.858140 1.757493
v -18.305176 4.858140 1.671476
v -18.795111 4.858140 1.421842
v -19.183924 4.858140 1.033029
v -19.433558 4.858140 0.543095
v -19.519577 4.858140 0.000000
v -17.762081 0.499067 0.000000
v -19.092102 0.435957 -0.432150
v -19.090500 0.419817 -0.431628
v -19.083519 0.407192 -0.429360
v -19.073334 0.400627 -0.426052
v -18.893467 0.435957 -0.821998
v -18.892097 0.419817 -0.821005
v -18.886162 0.407192 -0.816692
v -18.877502 0.400627 -0.810399
v -18.584082 0.435958 -1.131383
v -18.583088 0.419816 -1.130016
v -18.578773 0.407192 -1.124081
v -18.572487 0.400627 -1.115418
v -18.194237 0.435958 -1.330020
v -18.193710 0.419815 -1.328413
v -18.191444 0.407192 -1.321436
v -18.188133 0.400628 -1.311252
v -17.762081 0.435958 -1.398466
v -17.762081 0.419815 -1.396777
v -17.762081 0.407192 -1.389440
v -17.762081 0.400628 -1.378732
v -17.329931 0.435958 -1.330020
v -17.330454 0.419815 -1.328413
v -17.332720 0.407192 -1.321436
v -17.336029 0.400628 -1.311252
v -16.940083 0.435958 -1.131383
v -16.941078 0.419815 -1.130016
v -16.945389 0.407192 -1.124081
v -16.951681 0.400628 -1.115418
v -16.630699 0.435958 -0.821998
v -16.632067 0.419815 -0.821004
v -16.638000 0.407192 -0.816692
v -16.646662 0.400628 -0.810398
v -16.432060 0.435958 -0.432150
v -16.433666 0.419815 -0.431627
v -16.440645 0.407192 -0.429360
v -16.450832 0.400628 -0.426051
v -16.363613 0.435958 0.000000
v -16.365309 0.419815 0.000000
v -16.372641 0.407192 0.000000
v -16.383350 0.400628 0.000000
v -16.432060 0.435958 0.432150
v -16.433666 0.419815 0.431628
v -16.440645 0.407192 0.429361
v -16.450832 0.400628 0.426052
v -16.630699 0.435958 0.821998
v -16.632067 0.419815 0.821004
v -16.638000 0.407192 0.816692
v -16.646662 0.400628 0.810398
v -16.940083 0.435958 1.131383
v -16.941078 0.419815 1.130016
v -16.945389 0.407192 1.124080
v -16.951681 0.400628 1.115418
v -17.329931 0.435958 1.330021
v -17.330454 0.419815 1.328413
v -17.332720 0.407192 1.321436
v -17.336029 0.400628 1.311252
v -17.762081 0.435958 1.398466
v -17.762081 0.419815 1.396776
v -17.762081 0.407192 1.389439
v -17.762081 0.400628 1.378732
v -18.194237 0.435958 1.330020
v -18.193710 0.419815 1.328413
v -18.191444 0.407192 1.321436
v -18.188133 0.400628 1.311252
v -18.584082 0.435958 1.131383
v -18.583088 0.419815 1.130016
v -18.578773 0.407192 1.124080
v -18.572487 0.400628 1.115418
v -18.893467 0.435958 0.821998
v -18.892097 0.419815 0.821004
v -18.886162 0.407192 0.816692
v -18.877502 0.400628 0.810398
v -19.092102 0.435958 0.432150
v -19.090500 0.419815 0.431628
v -19.083519 0.407192 0.429360
v -19.073334 0.400628 0.426052
v -19.160545 0.435957 0.000000
v -19.158855 0.419816 0.000000
v -19.151522 0.407192 0.000000
v -19.140814 0.400628 0.000000
v -19.183167 4.668306 -1.032479
v -19.432671 4.668305 -0.542806
v -19.518639 4.668307 0.000000
v -19.432671 4.668307 0.542806
v -19.183167 4.668306 1.032479
v -18.794563 4.668306 1.421085
v -18.304888 4.668306 1.670586
v -17.762081 4.668306 1.756558
v -17.219276 4.668306 1.670586
v -16.729601 4.668306 1.421085
v -16.340996 4.668306 1.032479
v -16.091492 4.668306 0.542806
v -16.005527 4.668306 0.000000
v -16.091492 4.668306 -0.542806
v -16.340996 4.668306 -1.032479
v -16.729601 4.668306 -1.421085
v -17.219276 4.668306 -1.670586
v -17.762081 4.668306 -1.756558
v -18.304888 4.668307 -1.670586
v -18.794563 4.668307 -1.421085
v -19.183924 4.758268 -1.033029
v -19.433558 4.758267 -0.543096
v -19.519577 4.758267 -0.000000
v -19.433558 4.758268 0.543095
v -19.183924 4.758267 1.033029
v -18.795111 4.758267 1.421842
v -18.305176 4.758267 1.671476
v -17.762081 4.758267 1.757493
v -17.218987 4.758267 1.671476
v -16.729052 4.758267 1.421842
v -16.340239 4.758267 1.033029
v -16.090607 4.758267 0.543095
v -16.004587 4.758267 -0.000000
v -16.090607 4.758267 -0.543095
v -16.340239 4.758267 -1.033029
v -16.729052 4.758267 -1.421843
v -17.218987 4.758267 -1.671476
v -17.762081 4.758267 -1.757494
v -18.305176 4.758268 -1.671476
v -18.795111 4.758267 -1.421843
v -19.433022 4.702626 -0.542921
v -19.183464 4.702627 -1.032697
v -18.794779 4.702626 -1.421386
v -18.305002 4.702628 -1.670938
v -17.762081 4.702628 -1.756929
v -17.219160 4.702628 -1.670938
v -16.729383 4.702628 -1.421385
v -16.340694 4.702628 -1.032696
v -16.091145 4.702628 -0.542921
v -16.005154 4.702628 0.000000
v -16.091145 4.702628 0.542921
v -16.340694 4.702628 1.032696
v -16.729383 4.702628 1.421385
v -17.219160 4.702628 1.670938
v -17.762081 4.702628 1.756928
v -18.305002 4.702628 1.670938
v -18.794779 4.702628 1.421385
v -19.183464 4.702628 1.032696
v -19.433022 4.702628 0.542920
v -19.519009 4.702626 0.000000
v -19.091316 0.445086 -0.431892
v -18.892792 0.445086 -0.821508
v -18.583590 0.445086 -1.130709
v -18.193974 0.445086 -1.329228
v -17.762081 0.445086 -1.397633
v -17.330193 0.445086 -1.329228
v -16.940573 0.445086 -1.130709
v -16.631372 0.445086 -0.821508
v -16.432852 0.445086 -0.431892
v -16.364452 0.445086 0.000000
v -16.432852 0.445086 0.431893
v -16.631372 0.445086 0.821508
v -16.940573 0.445086 1.130709
v -17.330193 0.445086 1.329228
v -17.762081 0.445086 1.397633
v -18.193974 0.445086 1.329228
v -18.583590 0.445086 1.130709
v -18.892792 0.445086 0.821508
v -19.091316 0.445086 0.431892
v -19.159714 0.445086 0.000000
v -18.889044 0.498667 -0.818786
v -19.086905 0.498667 -0.430461
v -19.155083 0.498667 0.000000
v -19.086905 0.498667 0.430461
v -18.889044 0.498667 0.818785
v -18.580868 0.498667 1.126961
v -18.192543 0.498667 1.324822
v -17.762081 0.498667 1.393001
v -17.331619 0.498667 1.324822
v -16.943295 0.498667 1.126962
v -16.635120 0.498667 0.818785
v -16.437260 0.498667 0.430461
v -16.369083 0.498667 0.000000
v -16.437260 0.498667 -0.430461
v -16.635120 0.498667 -0.818785
v -16.943295 0.498667 -1.126962
v -17.331619 0.498667 -1.324823
v -17.762081 0.498667 -1.393001
v -18.192543 0.498667 -1.324823
v -18.580868 0.498667 -1.126962
v -18.883045 0.598433 -0.814426
v -19.079849 0.598433 -0.428169
v -19.147663 0.598433 0.000000
v -19.079849 0.598433 0.428169
v -18.883045 0.598433 0.814425
v -18.576508 0.598433 1.120961
v -18.190254 0.598433 1.317768
v -17.762081 0.598433 1.385584
v -17.333912 0.598433 1.317768
v -16.947655 0.598433 1.120961
v -16.641121 0.598433 0.814425
v -16.444309 0.598433 0.428169
v -16.376495 0.598433 0.000000
v -16.444309 0.598433 -0.428169
v -16.641121 0.598433 -0.814426
v -16.947655 0.598433 -1.120961
v -17.333912 0.598433 -1.317768
v -17.762081 0.598433 -1.385584
v -18.190254 0.598433 -1.317769
v -18.576508 0.598433 -1.120961
v -19.431606 4.556624 -0.542461
v -19.346117 4.454625 -0.697246
v -19.257240 4.454626 -0.871676
v -19.303558 4.408978 -0.785419
v -19.216637 4.316893 -0.937723
v -19.176006 4.350226 -1.027277
v -19.103392 4.316894 -1.093592
v -19.174557 4.269181 -1.026220
v -19.182262 4.556624 -1.031822
v -19.435215 4.316893 -0.442345
v -19.424255 4.350224 -0.540071
v -19.375683 4.316893 -0.625580
v -19.422543 4.269181 -0.539516
v -19.053125 4.454626 -1.152613
v -18.914700 4.454627 -1.291041
v -18.985405 4.408978 -1.223318
v -18.855675 4.316894 -1.341310
v -18.789358 4.350226 -1.413926
v -18.699808 4.316893 -1.454555
v -18.788303 4.269181 -1.412472
v -18.793903 4.556624 -1.420181
v -18.633755 4.454625 -1.495153
v -18.459326 4.454626 -1.584030
v -18.547497 4.408979 -1.541471
v -18.387661 4.316894 -1.613600
v -18.302153 4.350226 -1.662169
v -18.204428 4.316895 -1.673137
v -18.301598 4.269181 -1.660459
v -18.304543 4.556624 -1.669523
v -18.129063 4.454626 -1.691338
v -17.935707 4.454626 -1.721963
v -18.032715 4.408979 -1.708733
v -17.858414 4.316895 -1.727939
v -17.762081 4.350227 -1.747707
v -17.665749 4.316895 -1.727939
v -17.762081 4.269182 -1.745910
v -17.762081 4.556624 -1.755440
v -17.588459 4.454625 -1.721963
v -17.395103 4.454625 -1.691338
v -17.491451 4.408979 -1.708733
v -17.319735 4.316895 -1.673137
v -17.222012 4.350227 -1.662169
v -17.136505 4.316895 -1.613600
v -17.222565 4.269182 -1.660459
v -17.219622 4.556624 -1.669523
v -17.064833 4.454625 -1.584030
v -16.890404 4.454625 -1.495153
v -16.976662 4.408979 -1.541470
v -16.824356 4.316895 -1.454555
v -16.734804 4.350227 -1.413925
v -16.668491 4.316895 -1.341310
v -16.735863 4.269181 -1.412471
v -16.730263 4.556624 -1.420181
v -16.609467 4.454626 -1.291041
v -16.471043 4.454626 -1.152612
v -16.538765 4.408979 -1.223317
v -16.420773 4.316895 -1.093591
v -16.348156 4.350227 -1.027277
v -16.307529 4.316895 -0.937723
v -16.349609 4.269181 -1.026220
v -16.341900 4.556624 -1.031822
v -16.266933 4.454626 -0.871676
v -16.178051 4.454626 -0.697246
v -16.220612 4.408979 -0.785418
v -16.148483 4.316895 -0.625580
v -16.099911 4.350227 -0.540071
v -16.088947 4.316895 -0.442345
v -16.101624 4.269181 -0.539516
v -16.092556 4.556624 -0.542461
v -16.070744 4.454625 -0.366985
v -16.040117 4.454625 -0.173628
v -16.053352 4.408979 -0.270636
v -16.034143 4.316895 -0.096332
v -16.014374 4.350227 0.000000
v -16.034143 4.316895 0.096332
v -16.016171 4.269181 0.000000
v -16.006645 4.556624 0.000000
v -16.040117 4.454625 0.173628
v -16.070744 4.454625 0.366986
v -16.053352 4.408979 0.270637
v -16.088947 4.316895 0.442345
v -16.099911 4.350227 0.540071
v -16.148483 4.316895 0.625580
v -16.101624 4.269182 0.539516
v -16.092556 4.556624 0.542461
v -16.178051 4.454625 0.697246
v -16.266933 4.454625 0.871676
v -16.220612 4.408979 0.785418
v -16.307529 4.316895 0.937722
v -16.348156 4.350227 1.027277
v -16.420771 4.316895 1.093592
v -16.349609 4.269182 1.026221
v -16.341900 4.556624 1.031822
v -16.471043 4.454625 1.152612
v -16.609467 4.454625 1.291041
v -16.538761 4.408979 1.223318
v -16.668488 4.316895 1.341309
v -16.734804 4.350227 1.413925
v -16.824356 4.316895 1.454555
v -16.735863 4.269181 1.412472
v -16.730263 4.556624 1.420181
v -16.890404 4.454625 1.495153
v -17.064833 4.454625 1.584029
v -16.976662 4.408979 1.541470
v -17.136505 4.316895 1.613599
v -17.222012 4.350227 1.662168
v -17.319735 4.316895 1.673136
v -17.222565 4.269182 1.660460
v -17.219622 4.556624 1.669523
v -17.395103 4.454626 1.691337
v -17.588459 4.454626 1.721962
v -17.491451 4.408979 1.708733
v -17.762081 4.269182 1.745910
v -17.665749 4.316895 1.727939
v -17.762081 4.350227 1.747707
v -17.858414 4.316895 1.727939
v -17.762081 4.556624 1.755440
v -17.935707 4.454626 1.721962
v -18.129063 4.454626 1.691337
v -18.032715 4.408979 1.708733
v -18.204428 4.316895 1.673135
v -18.302153 4.350227 1.662168
v -18.387661 4.316895 1.613599
v -18.301598 4.269181 1.660460
v -18.304543 4.556624 1.669523
v -18.459326 4.454626 1.584029
v -18.633755 4.454626 1.495153
v -18.547497 4.408979 1.541470
v -18.699808 4.316895 1.454555
v -18.789358 4.350227 1.413925
v -18.855675 4.316895 1.341310
v -18.788303 4.269182 1.412472
v -18.793903 4.556624 1.420181
v -18.914700 4.454625 1.291041
v -19.053125 4.454625 1.152612
v -18.985405 4.408979 1.223318
v -19.103392 4.316895 1.093592
v -19.176006 4.350227 1.027277
v -19.216637 4.316895 0.937722
v -19.174557 4.269181 1.026221
v -19.182262 4.556624 1.031822
v -19.257233 4.454625 0.871675
v -19.346111 4.454625 0.697246
v -19.303551 4.408979 0.785418
v -19.375683 4.316895 0.625580
v -19.424255 4.350226 0.540071
v -19.435215 4.316894 0.442345
v -19.422543 4.269181 0.539516
v -19.431606 4.556624 0.542461
v -19.453419 4.454626 0.366985
v -19.484041 4.454625 0.173628
v -19.470814 4.408979 0.270637
v -19.490019 4.316894 0.096332
v -19.509789 4.350226 0.000000
v -19.490019 4.316893 -0.096332
v -19.507992 4.269181 0.000000
v -19.517521 4.556624 0.000000
v -19.484041 4.454626 -0.173628
v -19.453419 4.454625 -0.366985
v -19.470814 4.408978 -0.270636
v -17.323780 1.059641 1.348949
v -17.403931 1.048944 1.354675
v -17.325111 0.984347 1.344856
v -17.255577 1.048944 1.306471
v -17.468842 0.901042 1.351477
v -17.545139 0.910929 1.369726
v -17.623348 0.901042 1.375948
v -17.762081 0.757765 1.384213
v -17.840080 1.048944 1.399047
v -17.762081 0.984347 1.414066
v -17.684086 1.048944 1.399047
v -17.762081 1.059641 1.418369
v -17.334339 0.757765 1.316465
v -16.928387 1.059641 1.147484
v -17.002842 1.048944 1.177698
v -16.930916 0.984347 1.144003
v -16.876637 1.048944 1.086008
v -17.065559 0.901043 1.194714
v -17.132484 0.910929 1.235648
v -17.204941 0.901043 1.265732
v -16.948460 0.757765 1.119852
v -16.614597 1.059641 0.833696
v -16.676071 1.048945 0.885440
v -16.618078 0.984348 0.831167
v -16.584381 1.048945 0.759238
v -16.730469 0.901043 0.921004
v -16.781464 0.910929 0.980616
v -16.841080 0.901043 1.031617
v -16.642227 0.757765 0.813620
v -16.413136 1.059641 0.438300
v -16.455616 1.048945 0.506508
v -16.417221 0.984348 0.436970
v -16.407406 1.048945 0.358150
v -16.496349 0.901042 0.557140
v -16.526432 0.910929 0.629594
v -16.567368 0.901042 0.696519
v -16.445621 0.757765 0.427745
v -16.343712 1.059641 0.000000
v -16.363037 1.048945 0.077997
v -16.348019 0.984348 0.000000
v -16.363037 1.048945 -0.077997
v -16.386135 0.901042 0.138739
v -16.392361 0.910929 0.216943
v -16.410606 0.901042 0.293243
v -16.377869 0.757765 0.000000
v -16.413136 1.059641 -0.438300
v -16.407406 1.048945 -0.358150
v -16.417221 0.984348 -0.436970
v -16.455616 1.048944 -0.506509
v -16.410606 0.901042 -0.293243
v -16.392361 0.910929 -0.216943
v -16.386135 0.901042 -0.138739
v -16.445621 0.757765 -0.427745
v -16.614597 1.059641 -0.833696
v -16.584389 1.048944 -0.759239
v -16.618078 0.984347 -0.831167
v -16.676075 1.048944 -0.885440
v -16.567368 0.901042 -0.696520
v -16.526436 0.910929 -0.629594
v -16.496349 0.901042 -0.557140
v -16.642227 0.757764 -0.813620
v -16.928387 1.059641 -1.147484
v -16.876648 1.048945 -1.086008
v -16.930916 0.984347 -1.144003
v -17.002842 1.048944 -1.177699
v -16.841080 0.901042 -1.031617
v -16.781466 0.910929 -0.980616
v -16.730469 0.901042 -0.921004
v -16.948460 0.757765 -1.119852
v -17.323780 1.059641 -1.348948
v -17.255577 1.048944 -1.306471
v -17.325111 0.984347 -1.344857
v -17.403931 1.048944 -1.354675
v -17.204945 0.901042 -1.265732
v -17.132490 0.910929 -1.235648
v -17.065567 0.901042 -1.194715
v -17.334339 0.757765 -1.316464
v -17.762081 1.059641 -1.418369
v -17.684086 1.048944 -1.399048
v -17.762081 0.984347 -1.414066
v -17.840080 1.048944 -1.399048
v -17.623348 0.901042 -1.375949
v -17.545139 0.910929 -1.369727
v -17.468842 0.901042 -1.351477
v -17.762081 0.757765 -1.384213
v -18.200386 1.059641 -1.348948
v -18.120232 1.048944 -1.354675
v -18.199051 0.984347 -1.344857
v -18.268589 1.048944 -1.306471
v -18.055328 0.901042 -1.351477
v -17.979031 0.910929 -1.369727
v -17.900824 0.901042 -1.375948
v -18.189827 0.757765 -1.316464
v -18.595778 1.059641 -1.147484
v -18.521320 1.048946 -1.177699
v -18.593250 0.984347 -1.144003
v -18.647522 1.048945 -1.086008
v -18.458603 0.901042 -1.194715
v -18.391682 0.910929 -1.235648
v -18.319225 0.901042 -1.265732
v -18.575699 0.757764 -1.119852
v -18.909565 1.059641 -0.833696
v -18.848091 1.048945 -0.885440
v -18.906086 0.984347 -0.831167
v -18.939781 1.048945 -0.759239
v -18.793701 0.901043 -0.921005
v -18.742702 0.910929 -0.980616
v -18.683088 0.901042 -1.031617
v -18.881931 0.757764 -0.813620
v -19.111031 1.059640 -0.438300
v -19.068552 1.048944 -0.506509
v -19.106937 0.984347 -0.436970
v -19.116756 1.048944 -0.358150
v -19.027813 0.901043 -0.557140
v -18.997734 0.910929 -0.629594
v -18.956795 0.901043 -0.696520
v -19.078545 0.757764 -0.427745
v -19.180450 1.059641 0.000000
v -19.161125 1.048945 -0.077997
v -19.176146 0.984347 0.000000
v -19.161125 1.048946 0.077997
v -19.138029 0.901042 -0.138739
v -19.131807 0.910929 -0.216943
v -19.113558 0.901043 -0.293243
v -19.146294 0.757764 0.000000
v -19.111031 1.059641 0.438300
v -19.116753 1.048944 0.358150
v -19.106937 0.984347 0.436970
v -19.068552 1.048944 0.506508
v -19.113558 0.901043 0.293243
v -19.131805 0.910929 0.216943
v -19.138027 0.901043 0.138739
v -19.078545 0.757765 0.427745
v -18.909565 1.059641 0.833696
v -18.939781 1.048944 0.759238
v -18.906086 0.984347 0.831166
v -18.848091 1.048944 0.885440
v -18.956795 0.901042 0.696520
v -18.997734 0.910929 0.629594
v -19.027813 0.901042 0.557140
v -18.881931 0.757765 0.813620
v -18.595778 1.059641 1.147484
v -18.647522 1.048944 1.086008
v -18.593250 0.984347 1.144003
v -18.521320 1.048944 1.177698
v -18.683090 0.901042 1.031617
v -18.742702 0.910929 0.980616
v -18.793709 0.901042 0.921004
v -18.575699 0.757765 1.119852
v -18.200386 1.059641 1.348949
v -18.268589 1.048944 1.306471
v -18.199051 0.984347 1.344856
v -18.120232 1.048944 1.354675
v -18.319225 0.901042 1.265732
v -18.391682 0.910929 1.235648
v -18.458603 0.901042 1.194714
v -18.189827 0.757765 1.316465
v -17.900824 0.901042 1.375948
v -17.979031 0.910929 1.369726
v -18.055328 0.901042 1.351477
v -17.312912 1.382966 1.382407
v -17.395409 1.369611 1.386920
v -17.314613 1.302082 1.377167
v -17.243523 1.369611 1.337568
v -17.462711 1.205175 1.379744
v -17.540369 1.217141 1.399857
v -17.620445 1.205175 1.404727
v -17.541130 1.139047 1.395037
v -17.841934 1.369611 1.432348
v -17.762081 1.302082 1.448039
v -17.682228 1.369611 1.432348
v -17.762081 1.382966 1.453549
v -16.907707 1.382966 1.175946
v -16.984770 1.369611 1.205730
v -16.910942 1.302082 1.171488
v -16.855568 1.369611 1.111857
v -17.050995 1.205175 1.219702
v -17.118635 1.217141 1.262828
v -17.193291 1.205175 1.292205
v -17.120852 1.139047 1.258480
v -16.586136 1.382966 0.854374
v -16.650227 1.369611 0.906516
v -16.590595 1.302082 0.851136
v -16.556349 1.369611 0.777310
v -16.708893 1.205175 0.940268
v -16.759892 1.217141 1.002187
v -16.821815 1.205175 1.053193
v -16.763344 1.139047 0.998736
v -16.379673 1.382966 0.449171
v -16.424515 1.369611 0.518565
v -16.384912 1.302082 0.447469
v -16.375164 1.369611 0.366675
v -16.469873 1.205175 0.568793
v -16.499252 1.217141 0.643443
v -16.542381 1.205175 0.711088
v -16.503599 1.139047 0.641228
v -16.308533 1.382966 0.000000
v -16.329735 1.369611 0.079853
v -16.314041 1.302082 0.000000
v -16.329735 1.369611 -0.079853
v -16.357361 1.205175 0.141641
v -16.362228 1.217141 0.221716
v -16.382339 1.205175 0.299376
v -16.367050 1.139047 0.220952
v -16.379673 1.382966 -0.449171
v -16.375164 1.369611 -0.366675
v -16.384912 1.302082 -0.447469
v -16.424515 1.369611 -0.518565
v -16.382339 1.205175 -0.299376
v -16.362228 1.217141 -0.221715
v -16.357361 1.205175 -0.141641
v -16.367050 1.139047 -0.220952
v -16.586136 1.382966 -0.854375
v -16.556355 1.369611 -0.777310
v -16.590595 1.302082 -0.851136
v -16.650227 1.369611 -0.906516
v -16.542381 1.205175 -0.711088
v -16.499254 1.217141 -0.643443
v -16.469879 1.205175 -0.568793
v -16.503609 1.139047 -0.641228
v -16.907707 1.382966 -1.175946
v -16.855568 1.369611 -1.111857
v -16.910942 1.302082 -1.171489
v -16.984770 1.369611 -1.205731
v -16.821815 1.205175 -1.053194
v -16.759899 1.217141 -1.002187
v -16.708893 1.205175 -0.940268
v -16.763355 1.139047 -0.998736
v -17.312912 1.382966 -1.382408
v -17.243523 1.369611 -1.337568
v -17.314613 1.302082 -1.377167
v -17.395409 1.369611 -1.386920
v -17.193291 1.205175 -1.292205
v -17.118645 1.217141 -1.262829
v -17.050995 1.205175 -1.219702
v -17.120857 1.139047 -1.258481
v -17.762081 1.382966 -1.453549
v -17.682228 1.369611 -1.432348
v -17.762081 1.302082 -1.448040
v -17.841934 1.369611 -1.432348
v -17.620445 1.205175 -1.404727
v -17.540369 1.217141 -1.399857
v -17.462711 1.205175 -1.379744
v -17.541130 1.139047 -1.395037
v -18.211252 1.382966 -1.382408
v -18.128757 1.369611 -1.386920
v -18.209553 1.302082 -1.377167
v -18.280645 1.369611 -1.337568
v -18.061464 1.205175 -1.379744
v -17.983803 1.217141 -1.399857
v -17.903725 1.205175 -1.404727
v -17.983038 1.139047 -1.395037
v -18.616457 1.382966 -1.175946
v -18.539394 1.369611 -1.205731
v -18.613220 1.302082 -1.171489
v -18.668598 1.369611 -1.111858
v -18.473171 1.205174 -1.219702
v -18.405527 1.217141 -1.262829
v -18.330875 1.205175 -1.292205
v -18.403311 1.139048 -1.258481
v -18.938026 1.382966 -0.854375
v -18.873940 1.369610 -0.906516
v -18.933571 1.302082 -0.851137
v -18.967810 1.369611 -0.777311
v -18.815277 1.205176 -0.940268
v -18.764271 1.217142 -1.002187
v -18.702353 1.205175 -1.053194
v -18.760822 1.139047 -0.998736
v -19.144491 1.382965 -0.449171
v -19.099649 1.369610 -0.518565
v -19.139252 1.302082 -0.447469
v -19.149002 1.369610 -0.366675
v -19.054289 1.205175 -0.568793
v -19.024910 1.217142 -0.643443
v -18.981785 1.205175 -0.711088
v -19.020561 1.139047 -0.641228
v -19.215630 1.382966 0.000000
v -19.194427 1.369611 -0.079853
v -19.210121 1.302082 0.000000
v -19.194429 1.369611 0.079853
v -19.166809 1.205175 -0.141641
v -19.161938 1.217141 -0.221715
v -19.141827 1.205175 -0.299376
v -19.157116 1.139047 -0.220952
v -19.144491 1.382966 0.449171
v -19.149000 1.369611 0.366675
v -19.139252 1.302082 0.447469
v -19.099649 1.369611 0.518565
v -19.141827 1.205175 0.299376
v -19.161936 1.217141 0.221716
v -19.166805 1.205174 0.141641
v -19.157116 1.139048 0.220952
v -18.938026 1.382966 0.854374
v -18.967813 1.369611 0.777310
v -18.933571 1.302082 0.851136
v -18.873940 1.369611 0.906516
v -18.981785 1.205175 0.711088
v -19.024910 1.217141 0.643443
v -19.054289 1.205175 0.568793
v -19.020561 1.139047 0.641228
v -18.616457 1.382966 1.175946
v -18.668598 1.369611 1.111857
v -18.613220 1.302082 1.171488
v -18.539394 1.369611 1.205730
v -18.702354 1.205175 1.053193
v -18.764278 1.217141 1.002187
v -18.815285 1.205175 0.940268
v -18.760824 1.139047 0.998736
v -18.211252 1.382966 1.382407
v -18.280645 1.369611 1.337568
v -18.209553 1.302082 1.377167
v -18.128757 1.369611 1.386920
v -18.330875 1.205175 1.292205
v -18.405527 1.217141 1.262828
v -18.473171 1.205175 1.219702
v -18.403311 1.139047 1.258480
v -17.903725 1.205175 1.404727
v -17.983803 1.217141 1.399857
v -18.061464 1.205175 1.379744
v -17.983038 1.139047 1.395037
v -17.299950 1.738109 1.422301
v -17.385057 1.721562 1.426070
v -17.301918 1.651950 1.416234
v -17.228882 1.721562 1.375324
v -17.454845 1.541923 1.415979
v -17.534369 1.556840 1.437762
v -17.616726 1.541923 1.441618
v -17.535297 1.473241 1.431914
v -17.844189 1.721562 1.472780
v -17.762081 1.651949 1.489117
v -17.679974 1.721561 1.472780
v -17.762081 1.738109 1.495496
v -16.883049 1.738109 1.209881
v -16.962828 1.721562 1.239766
v -16.886799 1.651950 1.204721
v -16.829975 1.721562 1.143243
v -17.032320 1.541923 1.251734
v -17.101215 1.556840 1.297024
v -17.178350 1.541923 1.326141
v -17.103903 1.473241 1.291748
v -16.552198 1.738109 0.879031
v -16.618839 1.721562 0.932105
v -16.557358 1.651950 0.875281
v -16.522314 1.721562 0.799252
v -16.681232 1.541923 0.964961
v -16.732756 1.556840 1.029324
v -16.797123 1.541923 1.080853
v -16.736942 1.473241 1.025137
v -16.339779 1.738109 0.462134
v -16.386757 1.721562 0.533203
v -16.345846 1.651950 0.460163
v -16.336012 1.721562 0.377026
v -16.435936 1.541923 0.583731
v -16.465057 1.556840 0.660866
v -16.510347 1.541923 0.729762
v -16.470337 1.473241 0.658179
v -16.266586 1.738109 -0.000000
v -16.289299 1.721562 0.082107
v -16.272964 1.651950 0.000000
v -16.289299 1.721562 -0.082107
v -16.320469 1.541923 0.145361
v -16.324326 1.556840 0.227719
v -16.346102 1.541923 0.307239
v -16.330172 1.473241 0.226793
v -16.339779 1.738109 -0.462134
v -16.336012 1.721562 -0.377025
v -16.345846 1.651950 -0.460163
v -16.386757 1.721562 -0.533203
v -16.346102 1.541923 -0.307238
v -16.324326 1.556840 -0.227719
v -16.320469 1.541923 -0.145360
v -16.330172 1.473241 -0.226793
v -16.552198 1.738109 -0.879030
v -16.522316 1.721562 -0.799253
v -16.557358 1.651950 -0.875281
v -16.618839 1.721562 -0.932105
v -16.510347 1.541923 -0.729763
v -16.465059 1.556840 -0.660866
v -16.435944 1.541923 -0.583731
v -16.470337 1.473241 -0.658179
v -16.883049 1.738109 -1.209882
v -16.829975 1.721562 -1.143243
v -16.886799 1.651950 -1.204721
v -16.962828 1.721562 -1.239765
v -16.797117 1.541923 -1.080853
v -16.732754 1.556840 -1.029323
v -16.681225 1.541923 -0.964961
v -16.736938 1.473241 -1.025137
v -17.299950 1.738109 -1.422302
v -17.228882 1.721562 -1.375325
v -17.301918 1.651950 -1.416235
v -17.385057 1.721562 -1.426070
v -17.178350 1.541923 -1.326141
v -17.101215 1.556840 -1.297024
v -17.032320 1.541923 -1.251734
v -17.103903 1.473241 -1.291748
v -17.762081 1.738109 -1.495497
v -17.679974 1.721561 -1.472781
v -17.762081 1.651950 -1.489117
v -17.844189 1.721562 -1.472781
v -17.616726 1.541923 -1.441618
v -17.534369 1.556840 -1.437762
v -17.454845 1.541923 -1.415979
v -17.535297 1.473241 -1.431914
v -18.224216 1.738109 -1.422302
v -18.139111 1.721562 -1.426070
v -18.222244 1.651950 -1.416235
v -18.295284 1.721562 -1.375325
v -18.069319 1.541923 -1.415979
v -17.989799 1.556840 -1.437762
v -17.907440 1.541923 -1.441618
v -17.988874 1.473241 -1.431914
v -18.641109 1.738109 -1.209882
v -18.561335 1.721561 -1.239766
v -18.637363 1.651950 -1.204722
v -18.694187 1.721560 -1.143243
v -18.491844 1.541922 -1.251734
v -18.422951 1.556840 -1.297023
v -18.345812 1.541923 -1.326141
v -18.420259 1.473241 -1.291748
v -18.971966 1.738109 -0.879031
v -18.905327 1.721561 -0.932105
v -18.966801 1.651950 -0.875281
v -19.001846 1.721561 -0.799253
v -18.842934 1.541923 -0.964961
v -18.791405 1.556840 -1.029324
v -18.727043 1.541923 -1.080853
v -18.787216 1.473241 -1.025138
v -19.184383 1.738108 -0.462134
v -19.137405 1.721561 -0.533203
v -19.178318 1.651950 -0.460163
v -19.188152 1.721561 -0.377025
v -19.088223 1.541923 -0.583731
v -19.059103 1.556840 -0.660866
v -19.013815 1.541923 -0.729763
v -19.053829 1.473241 -0.658179
v -19.257576 1.738109 -0.000000
v -19.234859 1.721561 -0.082107
v -19.251198 1.651950 0.000000
v -19.234859 1.721562 0.082107
v -19.203701 1.541922 -0.145361
v -19.199844 1.556840 -0.227719
v -19.178061 1.541923 -0.307238
v -19.193996 1.473241 -0.226793
v -19.184383 1.738109 0.462134
v -19.188152 1.721562 0.377026
v -19.178318 1.651950 0.460162
v -19.137405 1.721562 0.533203
v -19.178061 1.541923 0.307238
v -19.199841 1.556840 0.227719
v -19.203697 1.541922 0.145361
v -19.193993 1.473242 0.226793
v -18.971966 1.738109 0.879030
v -19.001846 1.721562 0.799252
v -18.966801 1.651949 0.875281
v -18.905327 1.721562 0.932105
v -19.013815 1.541923 0.729762
v -19.059109 1.556840 0.660866
v -19.088223 1.541923 0.583731
v -19.053829 1.473241 0.658178
v -18.641109 1.738109 1.209881
v -18.694187 1.721562 1.143243
v -18.637363 1.651950 1.204721
v -18.561335 1.721562 1.239766
v -18.727045 1.541923 1.080853
v -18.791412 1.556840 1.029324
v -18.842937 1.541923 0.964961
v -18.787224 1.473241 1.025138
v -18.224216 1.738109 1.422301
v -18.295284 1.721562 1.375324
v -18.222244 1.651950 1.416234
v -18.139111 1.721562 1.426070
v -18.345812 1.541923 1.326141
v -18.422951 1.556840 1.297024
v -18.491844 1.541923 1.251734
v -18.420259 1.473241 1.291748
v -17.907440 1.541923 1.441618
v -17.989799 1.556840 1.437762
v -18.069319 1.541923 1.415979
v -17.988874 1.473241 1.431914
v -17.285723 2.119542 1.466088
v -17.373554 2.099483 1.469588
v -17.287825 2.029008 1.459610
v -17.212606 2.099499 1.417295
v -17.445736 1.907747 1.457968
v -17.527514 1.926041 1.481039
v -17.612413 1.907747 1.484367
v -17.528538 1.837543 1.474548
v -17.846693 2.099499 1.517725
v -17.762081 2.029008 1.534725
v -17.677469 2.099499 1.517725
v -17.762081 2.119542 1.541536
v -16.855988 2.119542 1.247129
v -16.938438 2.099499 1.277599
v -16.859993 2.029008 1.241619
v -16.801533 2.099499 1.178131
v -17.010677 1.907747 1.288853
v -17.081322 1.926041 1.336065
v -17.161039 1.907747 1.365467
v -17.084309 1.837543 1.330209
v -16.514957 2.119542 0.906092
v -16.583950 2.099499 0.960549
v -16.520462 2.029008 0.902089
v -16.484478 2.099499 0.823643
v -16.649178 1.907747 0.993576
v -16.701775 1.926041 1.060307
v -16.768505 1.907747 1.112905
v -16.706421 1.837543 1.055660
v -16.295990 2.119542 0.476361
v -16.344784 2.099499 0.549474
v -16.302471 2.029008 0.474256
v -16.292494 2.099499 0.388531
v -16.396612 1.907747 0.601040
v -16.426020 1.926041 0.680759
v -16.473228 1.907747 0.751403
v -16.431870 1.837543 0.677775
v -16.220543 2.119542 0.000000
v -16.244358 2.099499 0.084613
v -16.227356 2.029008 0.000000
v -16.244358 2.099499 -0.084613
v -16.277714 1.907747 0.149671
v -16.281044 1.926041 0.234574
v -16.304115 1.907747 0.316349
v -16.287540 1.837543 0.233546
v -16.295990 2.119542 -0.476361
v -16.292494 2.099499 -0.388531
v -16.302471 2.029008 -0.474256
v -16.344784 2.099499 -0.549474
v -16.304115 1.907747 -0.316349
v -16.281044 1.926041 -0.234574
v -16.277714 1.907747 -0.149671
v -16.287540 1.837543 -0.233545
v -16.514957 2.119542 -0.906092
v -16.484482 2.099499 -0.823643
v -16.520462 2.029008 -0.902088
v -16.583950 2.099499 -0.960549
v -16.473228 1.907747 -0.751403
v -16.426020 1.926041 -0.680759
v -16.396618 1.907747 -0.601041
v -16.431873 1.837543 -0.677775
v -16.855988 2.119542 -1.247129
v -16.801533 2.099499 -1.178131
v -16.859993 2.029008 -1.241619
v -16.938438 2.099499 -1.277599
v -16.768501 1.907747 -1.112905
v -16.701775 1.926041 -1.060307
v -16.649178 1.907747 -0.993576
v -16.706417 1.837543 -1.055660
v -17.285723 2.119542 -1.466088
v -17.212606 2.099499 -1.417295
v -17.287825 2.029008 -1.459610
v -17.373554 2.099483 -1.469589
v -17.161041 1.907747 -1.365467
v -17.081326 1.926041 -1.336065
v -17.010679 1.907747 -1.288853
v -17.084309 1.837543 -1.330209
v -17.762081 2.119542 -1.541536
v -17.677469 2.099499 -1.517725
v -17.762081 2.029008 -1.534725
v -17.846693 2.099499 -1.517725
v -17.612413 1.907747 -1.484368
v -17.527514 1.926041 -1.481039
v -17.445736 1.907747 -1.457969
v -17.528538 1.837543 -1.474548
v -18.238441 2.119542 -1.466088
v -18.150612 2.099499 -1.469589
v -18.236340 2.029008 -1.459610
v -18.311556 2.099499 -1.417295
v -18.078430 1.907747 -1.457969
v -17.996655 1.926041 -1.481039
v -17.911751 1.907747 -1.484368
v -17.995628 1.837543 -1.474548
v -18.668175 2.119542 -1.247129
v -18.585722 2.099499 -1.277599
v -18.664173 2.029008 -1.241619
v -18.722633 2.099498 -1.178131
v -18.513483 1.907747 -1.288853
v -18.442841 1.926040 -1.336065
v -18.363117 1.907747 -1.365467
v -18.439854 1.837543 -1.330209
v -19.009209 2.119543 -0.906092
v -18.940216 2.099498 -0.960550
v -19.003700 2.029008 -0.902089
v -19.039677 2.099498 -0.823643
v -18.874989 1.907747 -0.993576
v -18.822393 1.926041 -1.060308
v -18.755661 1.907747 -1.112905
v -18.817745 1.837543 -1.055660
v -19.228168 2.119542 -0.476361
v -19.179380 2.099498 -0.549475
v -19.221695 2.029008 -0.474256
v -19.231674 2.099498 -0.388531
v -19.127546 1.907747 -0.601041
v -19.098145 1.926041 -0.680759
v -19.050938 1.907747 -0.751403
v -19.092285 1.837543 -0.677775
v -19.303619 2.119542 0.000000
v -19.279804 2.099498 -0.084613
v -19.296806 2.029008 0.000000
v -19.279804 2.099499 0.084613
v -19.246450 1.907747 -0.149671
v -19.243122 1.926040 -0.234574
v -19.220051 1.907747 -0.316349
v -19.236629 1.837543 -0.233545
v -19.228168 2.119542 0.476361
v -19.231674 2.099499 0.388531
v -19.221695 2.029008 0.474256
v -19.179380 2.099499 0.549474
v -19.220051 1.907747 0.316349
v -19.243122 1.926040 0.234574
v -19.246450 1.907747 0.149671
v -19.236629 1.837543 0.233545
v -19.009209 2.119542 0.906092
v -19.039677 2.099499 0.823642
v -19.003700 2.029008 0.902089
v -18.940216 2.099498 0.960549
v -19.050938 1.907747 0.751403
v -19.098145 1.926041 0.680759
v -19.127546 1.907747 0.601040
v -19.092285 1.837543 0.677775
v -18.668175 2.119542 1.247129
v -18.722633 2.099499 1.178131
v -18.664173 2.029008 1.241619
v -18.585728 2.099499 1.277599
v -18.755661 1.907747 1.112905
v -18.822393 1.926041 1.060307
v -18.874989 1.907747 0.993576
v -18.817745 1.837543 1.055660
v -18.238441 2.119542 1.466088
v -18.311556 2.099499 1.417295
v -18.236340 2.029008 1.459610
v -18.150612 2.099499 1.469588
v -18.363125 1.907747 1.365467
v -18.442842 1.926041 1.336065
v -18.513489 1.907747 1.288853
v -18.439857 1.837543 1.330209
v -17.911751 1.907747 1.484368
v -17.996655 1.926041 1.481040
v -18.078430 1.907747 1.457969
v -17.995628 1.837543 1.474548
v -17.271189 2.518278 1.510809
v -17.361671 2.494637 1.514514
v -17.273281 2.424823 1.504375
v -17.195808 2.494637 1.460621
v -17.435993 2.295568 1.502896
v -17.520260 2.317438 1.526822
v -17.607800 2.295568 1.530108
v -17.521320 2.225235 1.520142
v -17.849283 2.494637 1.564121
v -17.762081 2.424823 1.581794
v -17.674881 2.494637 1.564121
v -17.762081 2.518278 1.588559
v -16.828350 2.518278 1.285171
v -16.913265 2.494637 1.316655
v -16.832325 2.424823 1.279698
v -16.772163 2.494637 1.214146
v -16.987522 2.295568 1.328569
v -17.060276 2.317438 1.377366
v -17.142517 2.295568 1.407544
v -17.063347 2.225235 1.371340
v -16.476910 2.518278 0.933732
v -16.547937 2.494637 0.989913
v -16.482380 2.424823 0.929756
v -16.445427 2.494637 0.848821
v -16.614883 2.295568 1.024193
v -16.668999 2.317438 1.093084
v -16.737892 2.295568 1.147199
v -16.673782 2.225234 1.088302
v -16.251270 2.518278 0.490892
v -16.301460 2.494637 0.566272
v -16.257702 2.424823 0.488801
v -16.247568 2.494637 0.400408
v -16.354536 2.295568 0.619562
v -16.384716 2.317438 0.701803
v -16.433514 2.295568 0.774557
v -16.390743 2.225235 0.698733
v -16.173523 2.518278 0.000000
v -16.197960 2.494637 0.087200
v -16.180290 2.424823 0.000000
v -16.197960 2.494637 -0.087199
v -16.231976 2.295568 0.154284
v -16.235264 2.317438 0.241825
v -16.259190 2.295568 0.326098
v -16.241943 2.225235 0.240767
v -16.251270 2.518278 -0.490891
v -16.247568 2.494637 -0.400408
v -16.257702 2.424823 -0.488801
v -16.301460 2.494637 -0.566271
v -16.259190 2.295568 -0.326097
v -16.235264 2.317438 -0.241825
v -16.231976 2.295568 -0.154283
v -16.241943 2.225235 -0.240767
v -16.476910 2.518278 -0.933731
v -16.445427 2.494637 -0.848821
v -16.482380 2.424823 -0.929755
v -16.547937 2.494637 -0.989913
v -16.433514 2.295568 -0.774558
v -16.384718 2.317438 -0.701803
v -16.354542 2.295568 -0.619562
v -16.390743 2.225235 -0.698733
v -16.828350 2.518278 -1.285170
v -16.772163 2.494637 -1.214145
v -16.832325 2.424823 -1.279699
v -16.913265 2.494637 -1.316655
v -16.737885 2.295568 -1.147199
v -16.668991 2.317438 -1.093084
v -16.614883 2.295568 -1.024193
v -16.673775 2.225234 -1.088302
v -17.271189 2.518278 -1.510809
v -17.195808 2.494637 -1.460621
v -17.273281 2.424823 -1.504376
v -17.361671 2.494637 -1.514513
v -17.142521 2.295568 -1.407544
v -17.060284 2.317438 -1.377366
v -16.987522 2.295568 -1.328569
v -17.063354 2.225235 -1.371340
v -17.762081 2.518278 -1.588558
v -17.674881 2.494637 -1.564121
v -17.762081 2.424823 -1.581795
v -17.849283 2.494637 -1.564121
v -17.607800 2.295568 -1.530109
v -17.520260 2.317438 -1.526822
v -17.435993 2.295568 -1.502896
v -17.521320 2.225235 -1.520143
v -18.252974 2.518278 -1.510809
v -18.162491 2.494637 -1.514513
v -18.250885 2.424823 -1.504376
v -18.328350 2.494637 -1.460621
v -18.088179 2.295568 -1.502896
v -18.003906 2.317438 -1.526822
v -17.916367 2.295568 -1.530109
v -18.002846 2.225235 -1.520142
v -18.695812 2.518278 -1.285171
v -18.610903 2.494637 -1.316655
v -18.691837 2.424823 -1.279699
v -18.751995 2.494637 -1.214146
v -18.536642 2.295568 -1.328569
v -18.463881 2.317438 -1.377367
v -18.381639 2.295568 -1.407544
v -18.460810 2.225235 -1.371340
v -19.047253 2.518278 -0.933731
v -18.976227 2.494637 -0.989913
v -19.041779 2.424823 -0.929755
v -19.078735 2.494637 -0.848822
v -18.909283 2.295568 -1.024193
v -18.855167 2.317438 -1.093084
v -18.786278 2.295568 -1.147199
v -18.850388 2.225235 -1.088302
v -19.272892 2.518278 -0.490892
v -19.222702 2.494637 -0.566272
v -19.266457 2.424822 -0.488802
v -19.276596 2.494637 -0.400408
v -19.169624 2.295568 -0.619562
v -19.139446 2.317438 -0.701803
v -19.090652 2.295568 -0.774558
v -19.133419 2.225235 -0.698733
v -19.350639 2.518278 0.000000
v -19.326202 2.494637 -0.087199
v -19.343876 2.424823 0.000000
v -19.326202 2.494637 0.087200
v -19.292191 2.295568 -0.154283
v -19.288902 2.317438 -0.241825
v -19.264977 2.295568 -0.326097
v -19.282225 2.225235 -0.240767
v -19.272892 2.518278 0.490892
v -19.276596 2.494637 0.400409
v -19.266457 2.424823 0.488801
v -19.222702 2.494637 0.566272
v -19.264977 2.295568 0.326098
v -19.288902 2.317438 0.241825
v -19.292191 2.295568 0.154283
v -19.282225 2.225235 0.240767
v -19.047253 2.518278 0.933732
v -19.078735 2.494637 0.848821
v -19.041779 2.424823 0.929756
v -18.976227 2.494637 0.989913
v -19.090652 2.295568 0.774557
v -19.139446 2.317438 0.701803
v -19.169624 2.295568 0.619562
v -19.133419 2.225235 0.698732
v -18.695812 2.518278 1.285171
v -18.751991 2.494637 1.214146
v -18.691837 2.424823 1.279698
v -18.610903 2.494637 1.316655
v -18.786274 2.295568 1.147199
v -18.855164 2.317438 1.093084
v -18.909281 2.295568 1.024193
v -18.850384 2.225235 1.088302
v -18.252974 2.518278 1.510809
v -18.328350 2.494637 1.460621
v -18.250885 2.424823 1.504375
v -18.162491 2.494637 1.514514
v -18.381645 2.295568 1.407544
v -18.463886 2.317438 1.377366
v -18.536642 2.295568 1.328569
v -18.460815 2.225235 1.371340
v -17.916367 2.295568 1.530109
v -18.003906 2.317438 1.526822
v -18.088179 2.295568 1.502896
v -18.002846 2.225235 1.520142
v -17.257320 2.922675 1.553486
v -17.350212 2.895642 1.557853
v -17.259258 2.828131 1.547530
v -17.179607 2.895642 1.502419
v -17.426262 2.695189 1.547711
v -17.513100 2.720574 1.572011
v -17.603199 2.695189 1.575735
v -17.514118 2.626331 1.565606
v -17.851776 2.895642 1.608880
v -17.762081 2.828131 1.627170
v -17.672386 2.895642 1.608880
v -17.762081 2.922676 1.633431
v -16.801975 2.922676 1.321474
v -16.888969 2.895642 1.354333
v -16.805655 2.828131 1.316408
v -16.743837 2.895642 1.248890
v -16.964424 2.695189 1.368186
v -17.039509 2.720574 1.418131
v -17.124043 2.695189 1.449516
v -17.042454 2.626332 1.412353
v -16.440605 2.922676 0.960107
v -16.513189 2.895642 1.018241
v -16.445675 2.828131 0.956426
v -16.407747 2.895642 0.873111
v -16.580673 2.695189 1.054734
v -16.636642 2.720574 1.125435
v -16.707348 2.695189 1.181407
v -16.641232 2.626332 1.120850
v -16.208599 2.922676 0.504758
v -16.259663 2.895642 0.582476
v -16.214550 2.828131 0.502823
v -16.204231 2.895642 0.411867
v -16.312563 2.695189 0.638036
v -16.343952 2.720574 0.722574
v -16.393896 2.695189 0.797654
v -16.349731 2.626332 0.719630
v -16.128651 2.922675 0.000000
v -16.153202 2.895642 0.089695
v -16.134912 2.828131 0.000000
v -16.153202 2.895642 -0.089695
v -16.186348 2.695189 0.158884
v -16.190075 2.720574 0.248982
v -16.214369 2.695189 0.335822
v -16.196478 2.626332 0.247968
v -16.208599 2.922675 -0.504758
v -16.204231 2.895642 -0.411866
v -16.214550 2.828131 -0.502823
v -16.259663 2.895642 -0.582476
v -16.214369 2.695189 -0.335821
v -16.190075 2.720574 -0.248982
v -16.186348 2.695189 -0.158884
v -16.196478 2.626332 -0.247967
v -16.440605 2.922676 -0.960107
v -16.407749 2.895642 -0.873111
v -16.445675 2.828131 -0.956426
v -16.513189 2.895642 -1.018241
v -16.393896 2.695189 -0.797654
v -16.343952 2.720574 -0.722574
v -16.312567 2.695189 -0.638037
v -16.349731 2.626331 -0.719630
v -16.801975 2.922675 -1.321474
v -16.743837 2.895642 -1.248890
v -16.805655 2.828131 -1.316407
v -16.888969 2.895642 -1.354333
v -16.707344 2.695189 -1.181407
v -16.636642 2.720574 -1.125435
v -16.580671 2.695189 -1.054734
v -16.641228 2.626332 -1.120849
v -17.257320 2.922675 -1.553485
v -17.179607 2.895642 -1.502419
v -17.259258 2.828131 -1.547530
v -17.350212 2.895642 -1.557853
v -17.124050 2.695189 -1.449516
v -17.039509 2.720574 -1.418131
v -16.964428 2.695189 -1.368186
v -17.042454 2.626332 -1.412353
v -17.762081 2.922676 -1.633431
v -17.672386 2.895642 -1.608881
v -17.762081 2.828131 -1.627170
v -17.851776 2.895642 -1.608881
v -17.603199 2.695189 -1.575736
v -17.513100 2.720574 -1.572011
v -17.426262 2.695189 -1.547712
v -17.514118 2.626331 -1.565606
v -18.266838 2.922676 -1.553486
v -18.173946 2.895642 -1.557853
v -18.264904 2.828131 -1.547530
v -18.344559 2.895642 -1.502419
v -18.097902 2.695189 -1.547712
v -18.011066 2.720574 -1.572011
v -17.920969 2.695189 -1.575736
v -18.010048 2.626331 -1.565606
v -18.722191 2.922676 -1.321474
v -18.635193 2.895642 -1.354333
v -18.718510 2.828131 -1.316408
v -18.780327 2.895642 -1.248890
v -18.559734 2.695189 -1.368186
v -18.484653 2.720574 -1.418132
v -18.400116 2.695189 -1.449516
v -18.481710 2.626331 -1.412353
v -19.083553 2.922676 -0.960107
v -19.010975 2.895642 -1.018241
v -19.078491 2.828131 -0.956426
v -19.116417 2.895642 -0.873112
v -18.943493 2.695189 -1.054734
v -18.887524 2.720574 -1.125436
v -18.816818 2.695189 -1.181408
v -18.882936 2.626332 -1.120850
v -19.315567 2.922675 -0.504758
v -19.264502 2.895641 -0.582476
v -19.309612 2.828131 -0.502823
v -19.319937 2.895641 -0.411866
v -19.211596 2.695188 -0.638037
v -19.180210 2.720574 -0.722574
v -19.130268 2.695188 -0.797655
v -19.174433 2.626331 -0.719630
v -19.395512 2.922676 0.000000
v -19.370960 2.895642 -0.089695
v -19.389250 2.828131 0.000000
v -19.370960 2.895642 0.089695
v -19.337818 2.695188 -0.158884
v -19.334093 2.720574 -0.248982
v -19.309793 2.695188 -0.335821
v -19.327686 2.626331 -0.247967
v -19.315567 2.922676 0.504758
v -19.319937 2.895642 0.411867
v -19.309612 2.828131 0.502823
v -19.264502 2.895642 0.582476
v -19.309793 2.695189 0.335822
v -19.334093 2.720574 0.248982
v -19.337818 2.695189 0.158884
v -19.327686 2.626331 0.247968
v -19.083553 2.922675 0.960107
v -19.116417 2.895642 0.873111
v -19.078491 2.828131 0.956426
v -19.010969 2.895642 1.018241
v -19.130268 2.695189 0.797654
v -19.180214 2.720574 0.722574
v -19.211601 2.695189 0.638036
v -19.174435 2.626331 0.719629
v -18.722191 2.922675 1.321474
v -18.780321 2.895642 1.248890
v -18.718510 2.828131 1.316408
v -18.635193 2.895642 1.354333
v -18.816814 2.695189 1.181407
v -18.887516 2.720574 1.125435
v -18.943493 2.695189 1.054734
v -18.882935 2.626332 1.120850
v -18.266838 2.922675 1.553486
v -18.344559 2.895642 1.502419
v -18.264904 2.828131 1.547530
v -18.173946 2.895642 1.557853
v -18.400120 2.695189 1.449516
v -18.484657 2.720574 1.418131
v -18.559742 2.695189 1.368186
v -18.481712 2.626332 1.412353
v -17.920969 2.695189 1.575735
v -18.011066 2.720574 1.572011
v -18.097902 2.695189 1.547712
v -18.010048 2.626331 1.565606
v -17.244972 3.319760 1.591504
v -17.339870 3.289820 1.596973
v -17.246634 3.226126 1.586382
v -17.164978 3.289820 1.540146
v -17.417194 3.094388 1.589537
v -17.506502 3.122952 1.613695
v -17.598907 3.094388 1.618318
v -17.507404 3.028620 1.607975
v -17.854027 3.289820 1.649281
v -17.762081 3.226126 1.668021
v -17.670137 3.289820 1.649281
v -17.762081 3.319760 1.673406
v -16.778477 3.319760 1.353814
v -16.867043 3.289820 1.388342
v -16.781643 3.226126 1.349457
v -16.718269 3.289820 1.280251
v -16.942875 3.094388 1.405160
v -17.020350 3.122952 1.455735
v -17.106800 3.094388 1.488687
v -17.022976 3.028620 1.450575
v -16.408272 3.319760 0.983604
v -16.481827 3.289820 1.043810
v -16.412624 3.226126 0.980438
v -16.373741 3.289820 0.895037
v -16.548748 3.094388 1.083237
v -16.606802 3.122952 1.155278
v -16.678844 3.094388 1.213334
v -16.610901 3.028620 1.151183
v -16.170576 3.319760 0.517111
v -16.221939 3.289820 0.597103
v -16.175701 3.226126 0.515447
v -16.165112 3.289820 0.422209
v -16.273392 3.094388 0.655279
v -16.306345 3.122952 0.741734
v -16.356922 3.094388 0.819210
v -16.311510 3.028620 0.739105
v -16.088673 3.319760 0.000000
v -16.112801 3.289820 0.091947
v -16.094063 3.226126 0.000000
v -16.112801 3.289820 -0.091947
v -16.143768 3.094388 0.163178
v -16.148388 3.122952 0.255584
v -16.172550 3.094388 0.344897
v -16.154110 3.028620 0.254678
v -16.170576 3.319760 -0.517111
v -16.165112 3.289820 -0.422209
v -16.175701 3.226126 -0.515447
v -16.221939 3.289820 -0.597103
v -16.172550 3.094388 -0.344896
v -16.148388 3.122952 -0.255584
v -16.143768 3.094388 -0.163177
v -16.154110 3.028620 -0.254678
v -16.408272 3.319760 -0.983604
v -16.373741 3.289820 -0.895037
v -16.412624 3.226126 -0.980438
v -16.481827 3.289820 -1.043810
v -16.356922 3.094388 -0.819210
v -16.306349 3.122952 -0.741734
v -16.273396 3.094388 -0.655279
v -16.311510 3.028620 -0.739105
v -16.778477 3.319760 -1.353814
v -16.718269 3.289820 -1.280252
v -16.781643 3.226126 -1.349457
v -16.867043 3.289820 -1.388342
v -16.678841 3.094388 -1.213333
v -16.606798 3.122952 -1.155278
v -16.548744 3.094388 -1.083236
v -16.610893 3.028620 -1.151183
v -17.244972 3.319760 -1.591504
v -17.164978 3.289820 -1.540147
v -17.246634 3.226126 -1.586382
v -17.339870 3.289820 -1.596973
v -17.106804 3.094388 -1.488688
v -17.020350 3.122952 -1.455735
v -16.942875 3.094388 -1.405160
v -17.022978 3.028620 -1.450575
v -17.762081 3.319760 -1.673406
v -17.670137 3.289820 -1.649282
v -17.762081 3.226126 -1.668020
v -17.854027 3.289820 -1.649282
v -17.598907 3.094388 -1.618318
v -17.506502 3.122952 -1.613695
v -17.417194 3.094388 -1.589536
v -17.507404 3.028620 -1.607975
v -18.279194 3.319760 -1.591504
v -18.184288 3.289820 -1.596973
v -18.277531 3.226126 -1.586382
v -18.359184 3.289820 -1.540147
v -18.106977 3.094388 -1.589537
v -18.017666 3.122952 -1.613695
v -17.925259 3.094388 -1.618318
v -18.016762 3.028620 -1.607975
v -18.745686 3.319760 -1.353814
v -18.657116 3.289820 -1.388342
v -18.742519 3.226126 -1.349457
v -18.805893 3.289820 -1.280252
v -18.581293 3.094388 -1.405161
v -18.503815 3.122952 -1.455736
v -18.417366 3.094388 -1.488688
v -18.501190 3.028620 -1.450575
v -19.115894 3.319760 -0.983604
v -19.042332 3.289820 -1.043811
v -19.111538 3.226126 -0.980438
v -19.150421 3.289820 -0.895037
v -18.975418 3.094388 -1.083237
v -18.917366 3.122952 -1.155278
v -18.845322 3.094388 -1.213333
v -18.913269 3.028620 -1.151183
v -19.353586 3.319759 -0.517111
v -19.302227 3.289819 -0.597103
v -19.348465 3.226126 -0.515447
v -19.359056 3.289819 -0.422209
v -19.250767 3.094388 -0.655279
v -19.217813 3.122952 -0.741734
v -19.167244 3.094388 -0.819210
v -19.212654 3.028620 -0.739105
v -19.435492 3.319760 -0.000000
v -19.411362 3.289820 -0.091947
v -19.430101 3.226126 0.000000
v -19.411362 3.289820 0.091947
v -19.380400 3.094388 -0.163177
v -19.375776 3.122952 -0.255584
v -19.351618 3.094388 -0.344897
v -19.370056 3.028620 -0.254678
v -19.353586 3.319760 0.517111
v -19.359056 3.289820 0.422209
v -19.348465 3.226126 0.515447
v -19.302227 3.289820 0.597103
v -19.351618 3.094388 0.344897
v -19.375776 3.122952 0.255584
v -19.380400 3.094388 0.163178
v -19.370056 3.028620 0.254678
v -19.115894 3.319760 0.983604
v -19.150425 3.289820 0.895037
v -19.111538 3.226126 0.980438
v -19.042332 3.289820 1.043810
v -19.167244 3.094388 0.819210
v -19.217817 3.122952 0.741734
v -19.250771 3.094388 0.655279
v -19.212654 3.028620 0.739105
v -18.745686 3.319760 1.353814
v -18.805891 3.289820 1.280251
v -18.742519 3.226126 1.349457
v -18.657116 3.289820 1.388342
v -18.845322 3.094388 1.213334
v -18.917358 3.122952 1.155278
v -18.975414 3.094388 1.083237
v -18.913263 3.028620 1.151182
v -18.279194 3.319760 1.591504
v -18.359184 3.289820 1.540146
v -18.277531 3.226126 1.586382
v -18.184288 3.289820 1.596973
v -18.417366 3.094388 1.488687
v -18.503815 3.122952 1.455735
v -18.581293 3.094388 1.405160
v -18.501190 3.028620 1.450575
v -17.925259 3.094388 1.618319
v -18.017666 3.122952 1.613695
v -18.106977 3.094388 1.589537
v -18.016762 3.028620 1.607975
v -17.234764 3.696851 1.622912
v -17.331173 3.664760 1.629886
v -17.236084 3.606012 1.618861
v -17.152672 3.664760 1.571888
v -17.409273 3.480416 1.626016
v -17.500828 3.511538 1.649500
v -17.595161 3.480416 1.655458
v -17.501581 3.419088 1.644774
v -17.855923 3.664760 1.683272
v -17.762081 3.606012 1.702171
v -17.668240 3.664760 1.683272
v -17.762081 3.696850 1.706430
v -16.759069 3.696850 1.380531
v -16.848602 3.664760 1.416955
v -16.761570 3.606012 1.377085
v -16.696756 3.664760 1.306637
v -16.924068 3.480416 1.437408
v -17.003887 3.511538 1.488036
v -17.091761 3.480416 1.522852
v -17.006060 3.419088 1.483772
v -16.381550 3.696851 1.003015
v -16.455442 3.664760 1.065323
v -16.384996 3.606012 1.000511
v -16.345127 3.664760 0.913483
v -16.520901 3.480416 1.108097
v -16.581169 3.511538 1.180912
v -16.653988 3.480416 1.241179
v -16.584557 3.419088 1.177528
v -16.139168 3.696851 0.527316
v -16.190193 3.664760 0.609409
v -16.143219 3.606012 0.526000
v -16.132198 3.664760 0.430911
v -16.239231 3.480416 0.670317
v -16.274044 3.511538 0.758192
v -16.324673 3.480416 0.838011
v -16.278309 3.419088 0.756019
v -16.055651 3.696851 0.000000
v -16.078808 3.664760 0.093842
v -16.059910 3.606012 0.000000
v -16.078808 3.664760 -0.093842
v -16.106628 3.480416 0.166923
v -16.112587 3.511538 0.261255
v -16.136063 3.480416 0.352812
v -16.117313 3.419088 0.260507
v -16.139168 3.696851 -0.527316
v -16.132198 3.664760 -0.430910
v -16.143219 3.606012 -0.526000
v -16.190193 3.664760 -0.609409
v -16.136063 3.480416 -0.352812
v -16.112587 3.511538 -0.261255
v -16.106628 3.480416 -0.166922
v -16.117313 3.419088 -0.260506
v -16.381550 3.696851 -1.003014
v -16.345127 3.664760 -0.913483
v -16.384996 3.606012 -1.000511
v -16.455442 3.664760 -1.065323
v -16.324675 3.480416 -0.838011
v -16.274052 3.511538 -0.758192
v -16.239231 3.480416 -0.670317
v -16.278313 3.419088 -0.756020
v -16.759069 3.696850 -1.380531
v -16.696756 3.664760 -1.306637
v -16.761570 3.606012 -1.377085
v -16.848602 3.664760 -1.416955
v -16.653980 3.480416 -1.241179
v -16.581169 3.511538 -1.180912
v -16.520901 3.480416 -1.108097
v -16.584549 3.419088 -1.177528
v -17.234764 3.696851 -1.622912
v -17.152672 3.664760 -1.571889
v -17.236084 3.606012 -1.618861
v -17.331173 3.664760 -1.629886
v -17.091764 3.480416 -1.522852
v -17.003891 3.511538 -1.488036
v -16.924072 3.480416 -1.437408
v -17.006063 3.419088 -1.483772
v -17.762081 3.696851 -1.706431
v -17.668240 3.664760 -1.683272
v -17.762081 3.606012 -1.702171
v -17.855923 3.664760 -1.683273
v -17.595161 3.480416 -1.655458
v -17.500828 3.511538 -1.649501
v -17.409273 3.480416 -1.626016
v -17.501581 3.419088 -1.644774
v -18.289398 3.696850 -1.622912
v -18.192993 3.664760 -1.629886
v -18.288082 3.606012 -1.618861
v -18.371490 3.664760 -1.571889
v -18.114895 3.480416 -1.626016
v -18.023335 3.511538 -1.649501
v -17.929005 3.480416 -1.655459
v -18.022587 3.419088 -1.644775
v -18.765095 3.696851 -1.380531
v -18.675564 3.664760 -1.416955
v -18.762592 3.606012 -1.377086
v -18.827408 3.664760 -1.306637
v -18.600094 3.480416 -1.437408
v -18.520275 3.511538 -1.488036
v -18.432404 3.480416 -1.522853
v -18.518105 3.419088 -1.483772
v -19.142612 3.696850 -1.003015
v -19.068720 3.664760 -1.065323
v -19.139172 3.606012 -1.000511
v -19.179035 3.664760 -0.913483
v -19.003265 3.480416 -1.108097
v -18.942997 3.511538 -1.180912
v -18.870182 3.480416 -1.241180
v -18.939615 3.419088 -1.177529
v -19.384998 3.696850 -0.527316
v -19.333969 3.664759 -0.609409
v -19.380947 3.606012 -0.526000
v -19.391968 3.664759 -0.430911
v -19.284933 3.480416 -0.670318
v -19.250114 3.511537 -0.758193
v -19.199488 3.480416 -0.838011
v -19.245850 3.419088 -0.756020
v -19.468513 3.696851 0.000000
v -19.445351 3.664760 -0.093842
v -19.464252 3.606012 0.000000
v -19.445351 3.664760 0.093842
v -19.417538 3.480416 -0.166922
v -19.411579 3.511537 -0.261255
v -19.388096 3.480416 -0.352812
v -19.406853 3.419088 -0.260506
v -19.384998 3.696850 0.527316
v -19.391968 3.664760 0.430911
v -19.380947 3.606012 0.526000
v -19.333977 3.664760 0.609409
v -19.388096 3.480416 0.352812
v -19.411583 3.511538 0.261255
v -19.417538 3.480416 0.166923
v -19.406855 3.419088 0.260507
v -19.142612 3.696851 1.003014
v -19.179039 3.664760 0.913483
v -19.139172 3.606012 1.000511
v -19.068720 3.664760 1.065323
v -19.199488 3.480416 0.838010
v -19.250118 3.511538 0.758192
v -19.284935 3.480416 0.670317
v -19.245853 3.419088 0.756019
v -18.765095 3.696851 1.380531
v -18.827408 3.664760 1.306637
v -18.762592 3.606012 1.377085
v -18.675566 3.664760 1.416955
v -18.870178 3.480416 1.241179
v -18.942993 3.511538 1.180912
v -19.003262 3.480416 1.108097
v -18.939608 3.419088 1.177528
v -18.289398 3.696851 1.622912
v -18.371490 3.664760 1.571888
v -18.288082 3.606012 1.618861
v -18.192993 3.664760 1.629886
v -18.432404 3.480416 1.522852
v -18.520275 3.511538 1.488036
v -18.600094 3.480416 1.437408
v -18.518105 3.419088 1.483772
v -17.929005 3.480416 1.655458
v -18.023335 3.511538 1.649501
v -18.114895 3.480416 1.626016
v -18.022587 3.419088 1.644774
v -17.227077 4.043025 1.646573
v -17.324427 4.009778 1.655405
v -17.228012 3.956546 1.643700
v -17.143131 4.009777 1.596499
v -17.402866 3.841580 1.655542
v -17.496342 3.874376 1.677835
v -17.592131 3.841580 1.685518
v -17.496902 3.785548 1.674279
v -17.857391 4.009777 1.709627
v -17.762081 3.956546 1.728289
v -17.666771 4.009778 1.709627
v -17.762081 4.043025 1.731308
v -16.744446 4.043025 1.400658
v -16.834295 4.009777 1.439140
v -16.746218 3.956546 1.398215
v -16.680077 4.009778 1.327095
v -16.908855 3.841580 1.463509
v -16.990868 3.874376 1.513598
v -17.079596 3.841580 1.550505
v -16.992504 3.785548 1.510390
v -16.361427 4.043025 1.017638
v -16.434984 4.009778 1.082002
v -16.363865 3.956546 1.015863
v -16.322941 4.009778 0.927785
v -16.498363 3.841580 1.128218
v -16.560881 3.874376 1.201197
v -16.633863 3.841580 1.263716
v -16.563427 3.785548 1.198652
v -16.115507 4.043025 0.535004
v -16.165585 4.009778 0.618950
v -16.118380 3.956546 0.534070
v -16.106674 4.009778 0.437658
v -16.211575 3.841580 0.682489
v -16.248484 3.874376 0.771216
v -16.298573 3.841580 0.853227
v -16.251692 3.785548 0.769581
v -16.030773 4.043025 0.000000
v -16.052456 4.009778 0.095312
v -16.033794 3.956546 -0.000000
v -16.052456 4.009778 -0.095311
v -16.076565 3.841580 0.169954
v -16.084248 3.874376 0.265743
v -16.106537 3.841580 0.359219
v -16.087805 3.785548 0.265180
v -16.115507 4.043025 -0.535004
v -16.106674 4.009778 -0.437657
v -16.118380 3.956546 -0.534071
v -16.165585 4.009778 -0.618950
v -16.106537 3.841580 -0.359218
v -16.084248 3.874376 -0.265743
v -16.076565 3.841580 -0.169953
v -16.087805 3.785548 -0.265180
v -16.361427 4.043025 -1.017638
v -16.322945 4.009777 -0.927785
v -16.363865 3.956546 -1.015863
v -16.434984 4.009777 -1.082002
v -16.298573 3.841580 -0.853228
v -16.248486 3.874376 -0.771217
v -16.211576 3.841580 -0.682489
v -16.251698 3.785548 -0.769582
v -16.744446 4.043025 -1.400658
v -16.680077 4.009777 -1.327094
v -16.746218 3.956546 -1.398215
v -16.834295 4.009777 -1.439140
v -16.633862 3.841580 -1.263717
v -16.560879 3.874376 -1.201197
v -16.498360 3.841580 -1.128218
v -16.563425 3.785548 -1.198652
v -17.227077 4.043025 -1.646572
v -17.143131 4.009777 -1.596499
v -17.228012 3.956546 -1.643701
v -17.324427 4.009778 -1.655405
v -17.079596 3.841580 -1.550505
v -16.990868 3.874376 -1.513598
v -16.908855 3.841580 -1.463509
v -16.992504 3.785548 -1.510390
v -17.762081 4.043025 -1.731309
v -17.666771 4.009778 -1.709627
v -17.762081 3.956546 -1.728289
v -17.857391 4.009777 -1.709627
v -17.592131 3.841580 -1.685519
v -17.496342 3.874376 -1.677836
v -17.402866 3.841580 -1.655542
v -17.496902 3.785548 -1.674280
v -18.297085 4.043025 -1.646573
v -18.199738 4.009777 -1.655405
v -18.296152 3.956547 -1.643701
v -18.381031 4.009777 -1.596500
v -18.121307 3.841580 -1.655542
v -18.027836 3.874376 -1.677836
v -17.932041 3.841580 -1.685519
v -18.027267 3.785548 -1.674280
v -18.779720 4.043025 -1.400658
v -18.689869 4.009777 -1.439140
v -18.777945 3.956547 -1.398216
v -18.844086 4.009777 -1.327095
v -18.615311 3.841579 -1.463509
v -18.533300 3.874376 -1.513598
v -18.444572 3.841579 -1.550505
v -18.531666 3.785547 -1.510390
v -19.162739 4.043025 -1.017638
v -19.089178 4.009777 -1.082003
v -19.160297 3.956547 -1.015863
v -19.201223 4.009777 -0.927785
v -19.025803 3.841580 -1.128219
v -18.963287 3.874375 -1.201198
v -18.890305 3.841580 -1.263717
v -18.960737 3.785547 -1.198652
v -19.408655 4.043024 -0.535004
v -19.358583 4.009777 -0.618951
v -19.405785 3.956546 -0.534071
v -19.417488 4.009777 -0.437657
v -19.312588 3.841579 -0.682490
v -19.275679 3.874375 -0.771217
v -19.225590 3.841579 -0.853228
v -19.272470 3.785547 -0.769582
v -19.493389 4.043025 0.000000
v -19.471708 4.009777 -0.095311
v -19.490370 3.956547 -0.000000
v -19.471708 4.009777 0.095312
v -19.447601 3.841579 -0.169953
v -19.439917 3.874375 -0.265743
v -19.417622 3.841579 -0.359218
v -19.436363 3.785547 -0.265180
v -19.408655 4.043025 0.535004
v -19.417488 4.009777 0.437657
v -19.405785 3.956547 0.534070
v -19.358583 4.009777 0.618950
v -19.417622 3.841579 0.359218
v -19.439917 3.874375 0.265743
v -19.447601 3.841579 0.169953
v -19.436363 3.785547 0.265180
v -19.162739 4.043025 1.017637
v -19.201223 4.009778 0.927785
v -19.160297 3.956546 1.015863
v -19.089178 4.009777 1.082003
v -19.225594 3.841580 0.853227
v -19.275688 3.874376 0.771215
v -19.312592 3.841580 0.682489
v -19.272480 3.785548 0.769581
v -18.779720 4.043025 1.400658
v -18.844086 4.009778 1.327095
v -18.777945 3.956546 1.398215
v -18.689869 4.009777 1.439140
v -18.890305 3.841580 1.263716
v -18.963287 3.874376 1.201198
v -19.025803 3.841580 1.128218
v -18.960737 3.785548 1.198651
v -18.297085 4.043025 1.646572
v -18.381031 4.009778 1.596499
v -18.296152 3.956546 1.643700
v -18.199738 4.009777 1.655405
v -18.444572 3.841580 1.550504
v -18.533300 3.874376 1.513597
v -18.615311 3.841580 1.463509
v -18.531666 3.785548 1.510389
v -17.932041 3.841580 1.685519
v -18.027836 3.874376 1.677835
v -18.121307 3.841580 1.655542
v -18.027267 3.785548 1.674279
v -17.398144 4.168450 1.677327
v -17.493153 4.201868 1.697962
v -17.589897 4.168450 1.707698
v -17.493526 4.118007 1.695621
v -16.897621 4.168450 1.482767
v -16.981609 4.201868 1.531753
v -17.070610 4.168450 1.570908
v -16.982685 4.118007 1.529642
v -16.481739 4.168450 1.143065
v -16.546473 4.201868 1.215607
v -16.619017 4.168450 1.280346
v -16.548149 4.118007 1.213931
v -16.191170 4.168450 0.691470
v -16.230328 4.201867 0.780467
v -16.279316 4.168450 0.864455
v -16.232437 4.118007 0.779392
v -16.054382 4.168450 0.172190
v -16.064121 4.201868 0.268931
v -16.084751 4.168450 0.363946
v -16.066458 4.118007 0.268560
v -16.084751 4.168450 -0.363945
v -16.064121 4.201868 -0.268931
v -16.054382 4.168450 -0.172190
v -16.066458 4.118007 -0.268560
v -16.279316 4.168450 -0.864455
v -16.230328 4.201868 -0.780468
v -16.191170 4.168450 -0.691470
v -16.232437 4.118007 -0.779392
v -16.619017 4.168450 -1.280346
v -16.546476 4.201867 -1.215606
v -16.481739 4.168450 -1.143065
v -16.548149 4.118007 -1.213932
v -17.070610 4.168450 -1.570908
v -16.981609 4.201868 -1.531754
v -16.897621 4.168450 -1.482768
v -16.982685 4.118007 -1.529643
v -17.589897 4.168450 -1.707699
v -17.493153 4.201868 -1.697963
v -17.398144 4.168450 -1.677328
v -17.493526 4.118007 -1.695622
v -18.126022 4.168450 -1.677328
v -18.031013 4.201868 -1.697963
v -17.934269 4.168450 -1.707699
v -18.030640 4.118007 -1.695623
v -18.626537 4.168450 -1.482768
v -18.542549 4.201868 -1.531754
v -18.453556 4.168450 -1.570908
v -18.541473 4.118007 -1.529643
v -19.042431 4.168450 -1.143065
v -18.977692 4.201868 -1.215607
v -18.905151 4.168450 -1.280347
v -18.976017 4.118007 -1.213932
v -19.332996 4.168449 -0.691471
v -19.293842 4.201867 -0.780468
v -19.244854 4.168450 -0.864456
v -19.291733 4.118006 -0.779392
v -19.469776 4.168450 -0.172190
v -19.460041 4.201867 -0.268931
v -19.439407 4.168449 -0.363946
v -19.457701 4.118006 -0.268560
v -19.439407 4.168451 0.363945
v -19.460041 4.201868 0.268931
v -19.469776 4.168450 0.172190
v -19.457701 4.118007 0.268560
v -19.244848 4.168450 0.864455
v -19.293837 4.201868 0.780467
v -19.332996 4.168450 0.691470
v -19.291725 4.118007 0.779392
v -18.905151 4.168450 1.280346
v -18.977692 4.201868 1.215607
v -19.042431 4.168450 1.143064
v -18.976017 4.118007 1.213931
v -18.453552 4.168450 1.570908
v -18.542545 4.201868 1.531753
v -18.626534 4.168450 1.482767
v -18.541470 4.118007 1.529643
v -17.934269 4.168450 1.707698
v -18.031013 4.201868 1.697962
v -18.126022 4.168450 1.677327
v -18.030640 4.118007 1.695622
v -19.534826 4.939045 -0.576000
v -19.270067 4.939045 -1.095617
v -19.310219 4.916867 -1.124786
v -19.582024 4.916870 -0.591335
v -18.857698 4.939045 -1.507987
v -18.886868 4.916866 -1.548135
v -18.338081 4.939045 -1.772745
v -18.353420 4.916867 -1.819942
v -17.762081 4.939045 -1.863974
v -17.762081 4.916856 -1.913600
v -17.186081 4.939045 -1.772745
v -17.170746 4.916856 -1.819942
v -16.666464 4.939045 -1.507986
v -16.637295 4.916856 -1.548135
v -16.254095 4.939045 -1.095617
v -16.213947 4.916856 -1.124786
v -15.989334 4.939045 -0.575999
v -15.942139 4.916856 -0.591335
v -15.898109 4.939045 0.000000
v -15.848484 4.916856 0.000000
v -15.989334 4.939045 0.576000
v -15.942139 4.916856 0.591334
v -16.254095 4.939045 1.095617
v -16.213947 4.916856 1.124786
v -16.666464 4.939045 1.507987
v -16.637295 4.916856 1.548134
v -17.186081 4.939045 1.772743
v -17.170746 4.916856 1.819940
v -17.762081 4.939045 1.863973
v -17.762081 4.916856 1.913599
v -18.338081 4.939045 1.772743
v -18.353420 4.916856 1.819941
v -18.857698 4.939045 1.507987
v -18.886868 4.916856 1.548134
v -19.270067 4.939045 1.095617
v -19.310219 4.916856 1.124786
v -19.534826 4.939045 0.575999
v -19.582024 4.916867 0.591334
v -19.626055 4.939045 0.000000
v -19.675680 4.916866 -0.000000
v -19.582024 4.772438 -0.591335
v -19.310219 4.772454 -1.124786
v -19.270067 4.741520 -1.095617
v -19.534826 4.741520 -0.575999
v -19.675680 4.772454 0.000000
v -19.626055 4.741520 0.000000
v -19.582024 4.772454 0.591335
v -19.534826 4.741520 0.576000
v -19.310219 4.772456 1.124786
v -19.270067 4.741519 1.095617
v -18.886868 4.772456 1.548135
v -18.857698 4.741519 1.507987
v -18.353420 4.772456 1.819941
v -18.338081 4.741519 1.772743
v -17.762081 4.772456 1.913599
v -17.762081 4.741519 1.863973
v -17.170746 4.772456 1.819941
v -17.186081 4.741519 1.772744
v -16.637295 4.772456 1.548135
v -16.666464 4.741519 1.507987
v -16.213947 4.772456 1.124786
v -16.254095 4.741519 1.095617
v -15.942139 4.772456 0.591335
v -15.989342 4.741519 0.576000
v -15.848484 4.772456 0.000000
v -15.898109 4.741519 0.000000
v -15.942139 4.772456 -0.591335
v -15.989342 4.741519 -0.575999
v -16.213947 4.772456 -1.124786
v -16.254095 4.741519 -1.095616
v -16.637295 4.772456 -1.548135
v -16.666464 4.741519 -1.507986
v -17.170746 4.772456 -1.819942
v -17.186081 4.741519 -1.772745
v -17.762081 4.772456 -1.913600
v -17.762081 4.741519 -1.863974
v -18.353420 4.772454 -1.819942
v -18.338081 4.741520 -1.772745
v -18.886868 4.772454 -1.548135
v -18.857698 4.741520 -1.507987
v -19.270067 4.704661 -1.095617
v -19.534826 4.704659 -0.576000
v -19.626055 4.704660 0.000000
v -19.534826 4.704660 0.576000
v -19.270067 4.704661 1.095617
v -18.857698 4.704661 1.507987
v -18.338081 4.704661 1.772744
v -17.762081 4.704661 1.863973
v -17.186081 4.704661 1.772744
v -16.666464 4.704661 1.507987
v -16.254095 4.704661 1.095617
v -15.989342 4.704661 0.576000
v -15.898109 4.704661 0.000000
v -15.989342 4.704661 -0.575999
v -16.254095 4.704661 -1.095616
v -16.666464 4.704661 -1.507986
v -17.186081 4.704661 -1.772745
v -17.762081 4.704661 -1.863974
v -18.338081 4.704660 -1.772745
v -18.857698 4.704660 -1.507986
v -18.915527 0.251185 -0.838027
v -19.118038 0.251185 -0.440577
v -17.762081 0.128370 0.000000
v -18.600109 0.251185 -1.153446
v -18.202658 0.251185 -1.355956
v -17.762081 0.251185 -1.425736
v -17.321505 0.251185 -1.355956
v -16.924053 0.251185 -1.153445
v -16.608635 0.251185 -0.838027
v -16.406128 0.251185 -0.440577
v -16.336344 0.251185 0.000000
v -16.406128 0.251185 0.440577
v -16.608635 0.251185 0.838027
v -16.924053 0.251185 1.153445
v -17.321505 0.251185 1.355956
v -17.762081 0.251185 1.425736
v -18.202658 0.251185 1.355956
v -18.600109 0.251185 1.153445
v -18.915527 0.251185 0.838026
v -19.118038 0.251185 0.440577
v -19.187819 0.251185 0.000000
v -19.129829 0.259236 -0.444409
v -19.200218 0.259236 0.000000
v -19.138466 0.273793 -0.447214
v -19.141632 0.292154 -0.448241
v -19.209297 0.273793 0.000000
v -19.212620 0.292154 0.000000
v -18.925564 0.259236 -0.845316
v -18.932903 0.273793 -0.850652
v -18.935589 0.292154 -0.852605
v -18.607397 0.259236 -1.163478
v -18.612740 0.273793 -1.170822
v -18.614687 0.292154 -1.173510
v -18.206490 0.259236 -1.367750
v -18.209295 0.273793 -1.376383
v -18.210323 0.292154 -1.379544
v -17.762081 0.259236 -1.438137
v -17.762081 0.273793 -1.447216
v -17.762081 0.292154 -1.450538
v -17.317673 0.259236 -1.367750
v -17.314867 0.273793 -1.376383
v -17.313841 0.292154 -1.379544
v -16.916765 0.259236 -1.163478
v -16.911428 0.273793 -1.170822
v -16.909477 0.292154 -1.173510
v -16.598602 0.259236 -0.845316
v -16.591261 0.273793 -0.850652
v -16.588570 0.292154 -0.852605
v -16.394329 0.259236 -0.444409
v -16.385700 0.273793 -0.447214
v -16.382536 0.292154 -0.448241
v -16.323944 0.259236 0.000000
v -16.314869 0.273793 0.000000
v -16.311543 0.292154 0.000000
v -16.394329 0.259236 0.444409
v -16.385700 0.273793 0.447214
v -16.382536 0.292154 0.448241
v -16.598602 0.259236 0.845316
v -16.591261 0.273793 0.850652
v -16.588570 0.292154 0.852605
v -16.916765 0.259236 1.163478
v -16.911428 0.273793 1.170822
v -16.909477 0.292154 1.173510
v -17.317673 0.259236 1.367750
v -17.314867 0.273793 1.376384
v -17.313841 0.292154 1.379544
v -17.762081 0.259236 1.438137
v -17.762081 0.273793 1.447216
v -17.762081 0.292154 1.450538
v -18.206490 0.259236 1.367750
v -18.209295 0.273793 1.376384
v -18.210323 0.292154 1.379544
v -18.607397 0.259236 1.163478
v -18.612740 0.273793 1.170822
v -18.614687 0.292154 1.173510
v -18.925564 0.259236 0.845316
v -18.932903 0.273793 0.850652
v -18.935589 0.292154 0.852605
v -19.129829 0.259236 0.444409
v -19.138466 0.273793 0.447214
v -19.141632 0.292154 0.448241
v -19.141632 0.302524 -0.448241
v -18.935589 0.302524 -0.852605
v -19.212618 0.302524 0.000000
v -19.141632 0.302524 0.448241
v -18.935589 0.302524 0.852605
v -18.614687 0.302524 1.173510
v -18.210323 0.302524 1.379544
v -17.762081 0.302524 1.450538
v -17.313841 0.302524 1.379544
v -16.909477 0.302524 1.173510
v -16.588570 0.302524 0.852605
v -16.382536 0.302524 0.448241
v -16.311543 0.302524 0.000000
v -16.382536 0.302524 -0.448241
v -16.588570 0.302524 -0.852605
v -16.909477 0.302524 -1.173510
v -17.313841 0.302524 -1.379544
v -17.762081 0.302524 -1.450538
v -18.210323 0.302524 -1.379544
v -18.614687 0.302524 -1.173510
v -18.965519 0.355996 -0.874349
v -19.176809 0.355996 -0.459673
v -19.249615 0.355996 0.000000
v -19.176809 0.355996 0.459672
v -18.965519 0.355996 0.874349
v -18.636433 0.355996 1.203438
v -18.221756 0.355996 1.414726
v -17.762081 0.355996 1.487531
v -17.302410 0.355996 1.414726
v -16.887733 0.355996 1.203438
v -16.558643 0.355996 0.874349
v -16.347355 0.355996 0.459672
v -16.274549 0.355996 0.000000
v -16.347355 0.355996 -0.459672
v -16.558643 0.355996 -0.874349
v -16.887733 0.355996 -1.203438
v -17.302410 0.355996 -1.414726
v -17.762081 0.355996 -1.487531
v -18.221756 0.355996 -1.414726
v -18.636433 0.355996 -1.203439
v -18.968035 0.525784 -0.876176
v -19.179768 0.525784 -0.460633
v -19.252720 0.525784 0.000000
v -19.179768 0.525784 0.460633
v -18.968035 0.525784 0.876176
v -18.638256 0.525784 1.205953
v -18.222713 0.525784 1.417683
v -17.762081 0.525784 1.490640
v -17.301445 0.525784 1.417683
v -16.885908 0.525784 1.205953
v -16.556128 0.525784 0.876176
v -16.344398 0.525784 0.460633
v -16.271442 0.525784 0.000000
v -16.344398 0.525784 -0.460633
v -16.556128 0.525784 -0.876176
v -16.885908 0.525784 -1.205953
v -17.301445 0.525784 -1.417683
v -17.762081 0.525784 -1.490640
v -18.222713 0.525784 -1.417683
v -18.638256 0.525784 -1.205954
v -19.149677 0.588861 -0.450857
v -18.942440 0.588861 -0.857580
v -18.619663 0.588861 -1.180358
v -18.212938 0.588861 -1.387594
v -17.762081 0.588861 -1.459002
v -17.311226 0.588861 -1.387593
v -16.904503 0.588861 -1.180357
v -16.581724 0.588861 -0.857580
v -16.374489 0.588861 -0.450856
v -16.303080 0.588861 0.000000
v -16.374489 0.588861 0.450857
v -16.581724 0.588861 0.857580
v -16.904503 0.588861 1.180357
v -17.311226 0.588861 1.387593
v -17.762081 0.588861 1.459002
v -18.212938 0.588861 1.387593
v -18.619663 0.588861 1.180357
v -18.942440 0.588861 0.857580
v -19.149677 0.588861 0.450857
v -19.221085 0.588861 0.000000
v -19.534826 4.692712 -0.576000
v -19.533800 4.608340 -0.575666
v -19.560009 4.519785 -0.390113
v -19.577808 4.553851 -0.287583
v -19.400078 4.553851 -0.834599
v -19.445942 4.519785 -0.741186
v -19.398317 4.464855 -0.833700
v -19.478848 4.377157 -0.665576
v -19.528454 4.410832 -0.573928
v -19.351463 4.519786 -0.926609
v -19.270067 4.692714 -1.095617
v -19.269192 4.608340 -1.094981
v -19.264645 4.410833 -1.091676
v -19.309635 4.377158 -0.997676
v -19.262524 4.317911 -1.090134
v -19.340794 4.223117 -0.920387
v -19.390430 4.259418 -0.829682
v -19.189148 4.377158 -1.163510
v -19.134487 4.519786 -1.225250
v -19.060604 4.464856 -1.298518
v -19.054346 4.259418 -1.292261
v -19.125271 4.223117 -1.217022
v -19.062012 4.553851 -1.299918
v -19.542187 4.377157 -0.470626
v -19.525955 4.317909 -0.573117
v -19.547934 4.223117 -0.387493
v -19.567112 4.259418 -0.285889
v -19.575851 4.464855 -0.287273
v -19.434635 4.223117 -0.736210
v -18.987339 4.519786 -1.372402
v -18.857698 4.692715 -1.507987
v -18.857063 4.608340 -1.507112
v -18.853756 4.410832 -1.502563
v -18.925592 4.377158 -1.427065
v -18.852215 4.317910 -1.500441
v -18.979107 4.223117 -1.363187
v -18.759758 4.377158 -1.547551
v -18.688686 4.519786 -1.589377
v -18.595779 4.464855 -1.636229
v -18.591768 4.259418 -1.628343
v -18.682474 4.223117 -1.578706
v -18.596680 4.553852 -1.637994
v -18.503265 4.519785 -1.683855
v -18.338081 4.692715 -1.772745
v -18.337746 4.608341 -1.771717
v -18.336010 4.410833 -1.766370
v -18.427654 4.377158 -1.716763
v -18.335201 4.317910 -1.763874
v -18.498291 4.223117 -1.672549
v -18.232708 4.377158 -1.780107
v -18.152187 4.519785 -1.797926
v -18.049351 4.464856 -1.813773
v -18.047966 4.259419 -1.805032
v -18.149572 4.223118 -1.785854
v -18.049662 4.553851 -1.815730
v -17.946651 4.519786 -1.830480
v -17.762081 4.692714 -1.863974
v -17.762081 4.608340 -1.862893
v -17.762081 4.410833 -1.857271
v -17.864573 4.377158 -1.838414
v -17.762081 4.317911 -1.854647
v -17.945410 4.223118 -1.818190
v -17.659592 4.377158 -1.838414
v -17.577515 4.519786 -1.830480
v -17.474812 4.464856 -1.813773
v -17.476196 4.259419 -1.805032
v -17.578754 4.223117 -1.818189
v -17.474503 4.553851 -1.815730
v -17.371977 4.519786 -1.797926
v -17.186081 4.692715 -1.772745
v -17.186419 4.608340 -1.771717
v -17.188152 4.410833 -1.766369
v -17.291454 4.377158 -1.780107
v -17.188963 4.317911 -1.763874
v -17.374592 4.223118 -1.785854
v -17.096504 4.377158 -1.716763
v -17.020893 4.519786 -1.683855
v -16.928379 4.464856 -1.636228
v -16.932396 4.259419 -1.628343
v -17.025867 4.223117 -1.672548
v -16.927479 4.553851 -1.637993
v -16.835472 4.519786 -1.589377
v -16.666464 4.692714 -1.507986
v -16.667099 4.608340 -1.507112
v -16.670410 4.410833 -1.502563
v -16.764404 4.377158 -1.547551
v -16.671947 4.317911 -1.500440
v -16.841690 4.223118 -1.578705
v -16.598572 4.377158 -1.427065
v -16.536831 4.519786 -1.372402
v -16.463566 4.464856 -1.298517
v -16.469826 4.259419 -1.292260
v -16.545055 4.223118 -1.363187
v -16.462166 4.553851 -1.299919
v -16.389679 4.519786 -1.225250
v -16.254095 4.692715 -1.095616
v -16.254967 4.608340 -1.094981
v -16.259521 4.410833 -1.091676
v -16.335018 4.377158 -1.163510
v -16.261641 4.317911 -1.090133
v -16.398891 4.223118 -1.217022
v -16.214529 4.377158 -0.997675
v -16.172705 4.519786 -0.926609
v -16.125854 4.464856 -0.833700
v -16.133736 4.259419 -0.829682
v -16.183376 4.223118 -0.920387
v -16.124088 4.553851 -0.834599
v -16.078224 4.519786 -0.741186
v -15.989342 4.692715 -0.575999
v -15.990364 4.608340 -0.575665
v -15.995712 4.410833 -0.573928
v -16.045322 4.377158 -0.665576
v -15.998207 4.317911 -0.573117
v -16.089531 4.223118 -0.736209
v -15.981974 4.377158 -0.470626
v -15.964157 4.519786 -0.390113
v -15.948315 4.464856 -0.287273
v -15.957050 4.259419 -0.285889
v -15.976227 4.223118 -0.387493
v -15.946350 4.553851 -0.287583
v -15.931602 4.519786 -0.184570
v -15.898109 4.692714 0.000000
v -15.899189 4.608340 0.000000
v -15.904812 4.410833 0.000000
v -15.923668 4.377158 -0.102491
v -15.907438 4.317911 0.000000
v -15.943893 4.223118 -0.183331
v -15.923668 4.377158 0.102491
v -15.931602 4.519786 0.184570
v -15.948315 4.464856 0.287273
v -15.957050 4.259419 0.285889
v -15.943893 4.223118 0.183331
v -15.946350 4.553851 0.287584
v -15.964157 4.519786 0.390113
v -15.989342 4.692715 0.576000
v -15.990364 4.608340 0.575665
v -15.995712 4.410833 0.573928
v -15.981974 4.377158 0.470626
v -15.998207 4.317911 0.573117
v -15.976227 4.223118 0.387494
v -16.045322 4.377158 0.665576
v -16.078224 4.519786 0.741186
v -16.125854 4.464856 0.833699
v -16.133736 4.259419 0.829682
v -16.089531 4.223118 0.736209
v -16.124088 4.553851 0.834599
v -16.172705 4.519786 0.926609
v -16.254095 4.692714 1.095617
v -16.254967 4.608340 1.094981
v -16.259521 4.410833 1.091677
v -16.214529 4.377158 0.997675
v -16.261641 4.317911 1.090134
v -16.183378 4.223117 0.920387
v -16.335014 4.377158 1.163509
v -16.389679 4.519786 1.225250
v -16.463562 4.464856 1.298517
v -16.469826 4.259419 1.292260
v -16.398891 4.223118 1.217023
v -16.462160 4.553851 1.299919
v -16.536831 4.519786 1.372402
v -16.666464 4.692714 1.507987
v -16.667099 4.608340 1.507112
v -16.670410 4.410833 1.502564
v -16.598572 4.377158 1.427065
v -16.671947 4.317911 1.500440
v -16.545063 4.223117 1.363187
v -16.764404 4.377158 1.547550
v -16.835472 4.519786 1.589377
v -16.928379 4.464856 1.636227
v -16.932396 4.259419 1.628343
v -16.841690 4.223118 1.578706
v -16.927479 4.553851 1.637993
v -17.020893 4.519786 1.683854
v -17.186081 4.692715 1.772744
v -17.186419 4.608340 1.771715
v -17.188152 4.410833 1.766369
v -17.096504 4.377158 1.716763
v -17.188963 4.317911 1.763872
v -17.025867 4.223118 1.672549
v -17.291454 4.377158 1.780105
v -17.371977 4.519786 1.797924
v -17.474812 4.464856 1.813771
v -17.476196 4.259419 1.805031
v -17.374592 4.223118 1.785852
v -17.474503 4.553851 1.815729
v -17.577515 4.519786 1.830479
v -17.762081 4.692714 1.863973
v -17.762081 4.608340 1.862892
v -17.762081 4.410833 1.857270
v -17.659592 4.377158 1.838412
v -17.762081 4.317911 1.854645
v -17.864573 4.377158 1.838412
v -18.047966 4.259419 1.805031
v -17.945410 4.223118 1.818189
v -17.578754 4.223117 1.818188
v -17.946651 4.519786 1.830478
v -18.049351 4.464856 1.813771
v -18.049662 4.553851 1.815729
v -18.152187 4.519786 1.797924
v -18.338081 4.692715 1.772744
v -18.337746 4.608340 1.771715
v -18.336010 4.410833 1.766369
v -18.232708 4.377158 1.780105
v -18.335201 4.317911 1.763872
v -18.149572 4.223118 1.785852
v -18.427654 4.377158 1.716763
v -18.503265 4.519786 1.683854
v -18.595779 4.464856 1.636227
v -18.591763 4.259419 1.628342
v -18.498287 4.223118 1.672549
v -18.596680 4.553851 1.637994
v -18.688686 4.519786 1.589377
v -18.857698 4.692715 1.507987
v -18.857063 4.608340 1.507112
v -18.853756 4.410833 1.502564
v -18.759758 4.377158 1.547550
v -18.852215 4.317911 1.500440
v -18.682465 4.223118 1.578706
v -18.925592 4.377158 1.427065
v -18.987339 4.519786 1.372402
v -19.060604 4.464856 1.298517
v -19.054346 4.259419 1.292260
v -18.979107 4.223118 1.363187
v -19.062012 4.553851 1.299918
v -19.134487 4.519786 1.225250
v -19.270067 4.692714 1.095617
v -19.269192 4.608340 1.094981
v -19.264645 4.410833 1.091677
v -19.189148 4.377158 1.163510
v -19.262524 4.317911 1.090133
v -19.125271 4.223117 1.217023
v -19.309629 4.377158 0.997675
v -19.351458 4.519786 0.926609
v -19.398308 4.464856 0.833699
v -19.390423 4.259419 0.829681
v -19.340786 4.223118 0.920387
v -19.400070 4.553851 0.834599
v -19.445934 4.519785 0.741186
v -19.534826 4.692715 0.575999
v -19.533800 4.608341 0.575665
v -19.528454 4.410833 0.573928
v -19.478844 4.377158 0.665576
v -19.525955 4.317910 0.573117
v -19.434635 4.223118 0.736209
v -19.542187 4.377158 0.470626
v -19.560009 4.519785 0.390113
v -19.575851 4.464855 0.287273
v -19.567112 4.259418 0.285889
v -19.547934 4.223117 0.387493
v -19.577808 4.553852 0.287584
v -19.592560 4.519786 0.184570
v -19.626055 4.692715 0.000000
v -19.624977 4.608340 0.000000
v -19.619350 4.410832 0.000000
v -19.600494 4.377157 0.102491
v -19.616726 4.317910 0.000000
v -19.580265 4.223117 0.183331
v -19.600494 4.377158 -0.102491
v -19.592560 4.519786 -0.184570
v -19.580265 4.223117 -0.183331
v -17.296436 1.002372 1.433116
v -17.224543 0.968706 1.386512
v -17.081619 1.074046 1.335479
v -17.158047 1.131421 1.372260
v -17.381989 0.968706 1.437669
v -17.444160 1.131420 1.465222
v -17.527611 1.074046 1.480391
v -17.298317 0.911894 1.427311
v -17.531784 0.852870 1.454076
v -17.450954 0.818000 1.433916
v -17.170952 0.818000 1.342941
v -17.093712 0.852870 1.311741
v -17.532669 0.764033 1.448468
v -17.307011 0.619407 1.400574
v -17.305609 0.702698 1.404875
v -17.614882 0.818000 1.459880
v -17.679306 0.968706 1.484760
v -17.762081 0.911894 1.500763
v -17.762081 0.702698 1.477173
v -17.762081 0.619407 1.472651
v -17.909290 0.818000 1.459880
v -17.991501 0.764033 1.448467
v -17.844860 0.968706 1.484760
v -17.762081 1.002372 1.506867
v -17.912498 1.131420 1.491752
v -17.996557 1.074046 1.480391
v -17.992393 0.852870 1.454076
v -17.611668 1.131437 1.491753
v -17.096292 0.764033 1.306682
v -16.876369 1.002372 1.219081
v -16.822395 0.968706 1.152542
v -16.702236 1.074046 1.059843
v -16.763561 1.131421 1.118441
v -16.956327 0.968706 1.249850
v -17.006943 1.131421 1.295266
v -16.879951 0.911894 1.214143
v -17.023075 0.818000 1.267591
v -16.784897 0.818000 1.094545
v -16.721073 0.852870 1.041004
v -16.896484 0.619407 1.191400
v -16.893820 0.702698 1.195059
v -16.725092 0.764033 1.036988
v -16.543003 1.002372 0.885714
v -16.512234 0.968706 0.805753
v -16.426601 1.074046 0.680461
v -16.466816 1.131421 0.755141
v -16.609537 0.968706 0.939687
v -16.643639 1.131421 0.998519
v -16.547937 0.911894 0.882127
v -16.667536 0.818000 0.977185
v -16.494492 0.818000 0.739007
v -16.450340 0.852870 0.668365
v -16.570683 0.619407 0.865602
v -16.567028 0.702698 0.868261
v -16.455399 0.764033 0.665787
v -16.328968 1.002372 0.465648
v -16.324413 0.968706 0.380092
v -16.281696 1.074046 0.234471
v -16.296862 1.131420 0.317923
v -16.375570 0.968706 0.537540
v -16.389820 1.131421 0.604031
v -16.334774 0.911894 0.463762
v -16.419138 0.818000 0.591125
v -16.328167 0.818000 0.311131
v -16.308014 0.852870 0.230303
v -16.361507 0.619407 0.455074
v -16.357208 0.702698 0.456472
v -16.313616 0.764033 0.229415
v -16.255215 1.002372 0.000000
v -16.277328 0.968706 -0.082775
v -16.281696 1.074046 -0.234471
v -16.270332 1.131420 -0.150416
v -16.277328 0.968706 0.082775
v -16.270332 1.131420 0.150416
v -16.261318 0.911894 0.000000
v -16.302202 0.818000 0.147202
v -16.302202 0.818000 -0.147202
v -16.308014 0.852870 -0.230303
v -16.289436 0.619407 0.000000
v -16.284908 0.702698 0.000000
v -16.313616 0.764033 -0.229415
v -16.328968 1.002372 -0.465648
v -16.375570 0.968706 -0.537540
v -16.426603 1.074046 -0.680461
v -16.389820 1.131420 -0.604031
v -16.324413 0.968706 -0.380092
v -16.296862 1.131420 -0.317923
v -16.334774 0.911894 -0.463761
v -16.328167 0.818000 -0.311130
v -16.419142 0.818000 -0.591125
v -16.450340 0.852870 -0.668365
v -16.361507 0.619407 -0.455074
v -16.357208 0.702698 -0.456472
v -16.455406 0.764033 -0.665788
v -16.543003 1.002372 -0.885714
v -16.609541 0.968705 -0.939686
v -16.702244 1.074046 -1.059843
v -16.643642 1.131421 -0.998519
v -16.512234 0.968706 -0.805753
v -16.466816 1.131420 -0.755141
v -16.547937 0.911894 -0.882126
v -16.494492 0.818000 -0.739007
v -16.667536 0.818000 -0.977185
v -16.721085 0.852870 -1.041003
v -16.570683 0.619407 -0.865602
v -16.567028 0.702698 -0.868261
v -16.725094 0.764033 -1.036988
v -16.876369 1.002372 -1.219081
v -16.956329 0.968706 -1.249850
v -17.081627 1.074046 -1.335480
v -17.006943 1.131420 -1.295266
v -16.822395 0.968706 -1.152542
v -16.763565 1.131421 -1.118441
v -16.879951 0.911894 -1.214143
v -16.784897 0.818000 -1.094544
v -17.023075 0.818000 -1.267591
v -17.093721 0.852870 -1.311741
v -16.896484 0.619407 -1.191399
v -16.893820 0.702698 -1.195059
v -17.096298 0.764033 -1.306682
v -17.296436 1.002372 -1.433115
v -17.381989 0.968706 -1.437670
v -17.527611 1.074046 -1.480391
v -17.444160 1.131437 -1.465222
v -17.224543 0.968706 -1.386511
v -17.158054 1.131420 -1.372261
v -17.298317 0.911894 -1.427311
v -17.170959 0.818000 -1.342941
v -17.450954 0.818000 -1.433916
v -17.531784 0.852870 -1.454076
v -17.307011 0.619407 -1.400574
v -17.305609 0.702698 -1.404875
v -17.532669 0.764033 -1.448468
v -17.762081 1.002372 -1.506868
v -17.844860 0.968706 -1.484760
v -17.996557 1.074046 -1.480391
v -17.912498 1.131420 -1.491753
v -17.679306 0.968706 -1.484760
v -17.611668 1.131437 -1.491753
v -17.762081 0.911894 -1.500763
v -17.614882 0.818000 -1.459880
v -17.909290 0.818000 -1.459880
v -17.992393 0.852870 -1.454076
v -17.762081 0.619407 -1.472651
v -17.762081 0.702698 -1.477173
v -17.991501 0.764033 -1.448467
v -18.227730 1.002372 -1.433115
v -18.299622 0.968706 -1.386512
v -18.442543 1.074046 -1.335480
v -18.366112 1.131420 -1.372261
v -18.142178 0.968706 -1.437670
v -18.080009 1.131420 -1.465222
v -18.225847 0.911894 -1.427311
v -18.073217 0.818000 -1.433916
v -18.353210 0.818000 -1.342941
v -18.430447 0.852869 -1.311741
v -18.217155 0.619407 -1.400574
v -18.218554 0.702698 -1.404875
v -18.427872 0.764033 -1.306681
v -18.647797 1.002371 -1.219081
v -18.701771 0.968706 -1.152542
v -18.821928 1.074046 -1.059843
v -18.760603 1.131422 -1.118442
v -18.567835 0.968706 -1.249850
v -18.517223 1.131421 -1.295266
v -18.644211 0.911895 -1.214144
v -18.501089 0.818000 -1.267591
v -18.739273 0.818000 -1.094545
v -18.803093 0.852869 -1.041004
v -18.627684 0.619407 -1.191400
v -18.630342 0.702698 -1.195059
v -18.799072 0.764033 -1.036988
v -18.981163 1.002371 -0.885714
v -19.011932 0.968706 -0.805754
v -19.097561 1.074046 -0.680461
v -19.057346 1.131420 -0.755142
v -18.914625 0.968706 -0.939687
v -18.880527 1.131420 -0.998520
v -18.976227 0.911894 -0.882127
v -18.856628 0.817999 -0.977185
v -19.029671 0.817999 -0.739007
v -19.073822 0.852869 -0.668366
v -18.953480 0.619406 -0.865603
v -18.957140 0.702698 -0.868261
v -19.068764 0.764033 -0.665788
v -19.195198 1.002371 -0.465648
v -19.199755 0.968706 -0.380092
v -19.242472 1.074046 -0.234471
v -19.227306 1.131420 -0.317923
v -19.148592 0.968706 -0.537540
v -19.134346 1.131420 -0.604031
v -19.189392 0.911894 -0.463762
v -19.105026 0.817999 -0.591125
v -19.195997 0.817999 -0.311130
v -19.216158 0.852870 -0.230303
v -19.162657 0.619406 -0.455074
v -19.166958 0.702697 -0.456472
v -19.210552 0.764033 -0.229415
v -19.268948 1.002372 0.000000
v -19.246840 0.968706 0.082775
v -19.242470 1.074046 0.234471
v -19.253832 1.131420 0.150416
v -19.246840 0.968706 -0.082775
v -19.253834 1.131422 -0.150416
v -19.262844 0.911894 0.000000
v -19.221962 0.818000 -0.147202
v -19.221958 0.818000 0.147202
v -19.216154 0.852870 0.230303
v -19.234732 0.619407 0.000000
v -19.239254 0.702697 0.000000
v -19.210546 0.764033 0.229415
v -19.195198 1.002372 0.465647
v -19.148592 0.968706 0.537539
v -19.097561 1.074046 0.680461
v -19.134346 1.131421 0.604031
v -19.199749 0.968706 0.380092
v -19.227306 1.131420 0.317923
v -19.189392 0.911894 0.463761
v -19.195997 0.818000 0.311130
v -19.105026 0.818000 0.591125
v -19.073822 0.852870 0.668365
v -19.162657 0.619407 0.455074
v -19.166958 0.702698 0.456472
v -19.068764 0.764033 0.665787
v -18.981163 1.002372 0.885714
v -18.914625 0.968705 0.939687
v -18.821934 1.074046 1.059843
v -18.880527 1.131420 0.998519
v -19.011932 0.968706 0.805753
v -19.057346 1.131421 0.755141
v -18.976227 0.911894 0.882127
v -19.029671 0.818000 0.739007
v -18.856632 0.818000 0.977185
v -18.803093 0.852870 1.041004
v -18.953480 0.619407 0.865602
v -18.957140 0.702698 0.868260
v -18.799076 0.764033 1.036987
v -18.647797 1.002372 1.219081
v -18.567835 0.968706 1.249850
v -18.442543 1.074046 1.335479
v -18.517223 1.131421 1.295266
v -18.701771 0.968705 1.152542
v -18.760607 1.131420 1.118441
v -18.644211 0.911894 1.214143
v -18.739273 0.818000 1.094545
v -18.501089 0.818000 1.267591
v -18.430447 0.852870 1.311741
v -18.627684 0.619407 1.191400
v -18.630342 0.702698 1.195058
v -18.427872 0.764033 1.306681
v -18.227730 1.002372 1.433115
v -18.142178 0.968706 1.437669
v -18.080009 1.131420 1.465222
v -18.299622 0.968706 1.386511
v -18.366112 1.131421 1.372260
v -18.225847 0.911894 1.427311
v -18.353210 0.818000 1.342941
v -18.073217 0.818000 1.433916
v -18.217155 0.619407 1.400574
v -18.218554 0.702698 1.404875
v -17.284245 1.338311 1.470628
v -17.211067 1.300540 1.421281
v -17.063164 1.418528 1.371704
v -17.141319 1.480428 1.410270
v -17.372463 1.300539 1.473721
v -17.435356 1.480428 1.505807
v -17.521255 1.418528 1.520546
v -17.286745 1.239444 1.462936
v -17.526398 1.171504 1.488082
v -17.078083 1.171504 1.342418
v -17.677231 1.300540 1.521993
v -17.762081 1.239444 1.538222
v -17.846933 1.300540 1.521993
v -17.762081 1.338311 1.546311
v -17.916664 1.480428 1.533072
v -18.002913 1.418528 1.520546
v -17.997776 1.171504 1.488082
v -17.607506 1.480428 1.533072
v -16.853182 1.338311 1.250992
v -16.798828 1.300539 1.181444
v -16.673492 1.418528 1.088590
v -16.735905 1.480428 1.149420
v -16.936121 1.300539 1.281193
v -16.986027 1.480428 1.331142
v -16.857937 1.239444 1.244448
v -16.696730 1.171504 1.065349
v -16.511089 1.338311 0.908899
v -16.480885 1.300539 0.825959
v -16.390377 1.418528 0.698918
v -16.430941 1.480428 0.776058
v -16.580635 1.300539 0.963251
v -16.612659 1.480428 1.026176
v -16.517639 1.239444 0.904145
v -16.419662 1.171504 0.683996
v -16.291454 1.338311 0.477836
v -16.288361 1.300539 0.389624
v -16.241539 1.418528 0.240831
v -16.256275 1.480428 0.326729
v -16.340801 1.300539 0.551020
v -16.351807 1.480428 0.620761
v -16.299141 1.239444 0.475337
v -16.274010 1.171504 0.235689
v -16.215773 1.338311 0.000000
v -16.240089 1.300539 -0.084851
v -16.241539 1.418528 -0.240831
v -16.229015 1.480428 -0.154582
v -16.240089 1.300539 0.084851
v -16.229015 1.480428 0.154582
v -16.223858 1.239444 0.000000
v -16.274010 1.171504 -0.235689
v -16.291454 1.338311 -0.477836
v -16.340801 1.300539 -0.551020
v -16.390377 1.418528 -0.698918
v -16.351810 1.480428 -0.620762
v -16.288361 1.300539 -0.389624
v -16.256275 1.480428 -0.326729
v -16.299141 1.239444 -0.475337
v -16.419666 1.171504 -0.683996
v -16.511089 1.338311 -0.908898
v -16.580635 1.300540 -0.963251
v -16.673485 1.418528 -1.088589
v -16.612658 1.480428 -1.026177
v -16.480888 1.300539 -0.825959
v -16.430941 1.480428 -0.776058
v -16.517639 1.239444 -0.904145
v -16.696735 1.171504 -1.065349
v -16.853182 1.338311 -1.250991
v -16.936121 1.300540 -1.281193
v -17.063164 1.418528 -1.371704
v -16.986027 1.480428 -1.331143
v -16.798832 1.300539 -1.181444
v -16.735901 1.480428 -1.149420
v -16.857937 1.239444 -1.244449
v -17.078091 1.171504 -1.342419
v -17.284245 1.338311 -1.470629
v -17.372463 1.300539 -1.473722
v -17.521255 1.418528 -1.520546
v -17.435356 1.480428 -1.505808
v -17.211067 1.300539 -1.421281
v -17.141319 1.480428 -1.410270
v -17.286745 1.239444 -1.462937
v -17.526398 1.171504 -1.488082
v -17.762081 1.338311 -1.546310
v -17.846933 1.300540 -1.521993
v -18.002913 1.418528 -1.520546
v -17.916664 1.480428 -1.533072
v -17.677231 1.300540 -1.521993
v -17.607506 1.480428 -1.533072
v -17.762081 1.239444 -1.538223
v -17.997776 1.171504 -1.488082
v -18.239920 1.338311 -1.470629
v -18.313101 1.300540 -1.421281
v -18.460999 1.418528 -1.371704
v -18.382839 1.480427 -1.410270
v -18.151705 1.300539 -1.473722
v -18.088810 1.480428 -1.505807
v -18.237419 1.239444 -1.462937
v -18.446079 1.171504 -1.342419
v -18.670980 1.338311 -1.250992
v -18.725334 1.300540 -1.181445
v -18.850670 1.418528 -1.088591
v -18.788261 1.480427 -1.149420
v -18.588041 1.300539 -1.281193
v -18.538137 1.480427 -1.331143
v -18.666225 1.239444 -1.244449
v -18.827435 1.171504 -1.065349
v -19.013077 1.338311 -0.908899
v -19.043270 1.300540 -0.825960
v -19.133781 1.418528 -0.698918
v -19.093224 1.480428 -0.776058
v -18.943527 1.300539 -0.963251
v -18.911507 1.480428 -1.026177
v -19.006527 1.239445 -0.904145
v -19.104504 1.171503 -0.683996
v -19.232712 1.338311 -0.477836
v -19.235806 1.300539 -0.389624
v -19.282627 1.418528 -0.240831
v -19.267887 1.480428 -0.326729
v -19.183363 1.300539 -0.551020
v -19.172348 1.480428 -0.620762
v -19.225018 1.239444 -0.475337
v -19.250168 1.171503 -0.235689
v -19.308392 1.338312 0.000000
v -19.284075 1.300539 0.084851
v -19.282623 1.418528 0.240831
v -19.295151 1.480428 0.154582
v -19.284075 1.300539 -0.084851
v -19.295155 1.480428 -0.154582
v -19.300304 1.239444 0.000000
v -19.250160 1.171504 0.235689
v -19.232712 1.338311 0.477836
v -19.183363 1.300539 0.551019
v -19.133785 1.418528 0.698918
v -19.172352 1.480428 0.620761
v -19.235806 1.300539 0.389624
v -19.267891 1.480427 0.326729
v -19.225018 1.239444 0.475337
v -19.104504 1.171504 0.683996
v -19.013077 1.338311 0.908899
v -18.943527 1.300539 0.963251
v -18.850676 1.418528 1.088591
v -18.911507 1.480428 1.026177
v -19.043280 1.300539 0.825959
v -19.093224 1.480428 0.776058
v -19.006527 1.239444 0.904144
v -18.827438 1.171504 1.065349
v -18.670980 1.338311 1.250992
v -18.588041 1.300539 1.281193
v -18.460999 1.418528 1.371704
v -18.538137 1.480428 1.331142
v -18.725334 1.300540 1.181444
v -18.788261 1.480428 1.149420
v -18.666225 1.239444 1.244448
v -18.446079 1.171504 1.342418
v -18.239920 1.338311 1.470628
v -18.151705 1.300539 1.473721
v -18.088810 1.480428 1.505807
v -18.313101 1.300540 1.421281
v -18.382839 1.480428 1.410270
v -18.237419 1.239444 1.462936
v -17.269804 1.708044 1.515071
v -17.194656 1.666255 1.463605
v -17.042011 1.794174 1.413211
v -17.121899 1.861770 1.454385
v -17.360855 1.666255 1.517607
v -17.425133 1.861769 1.552910
v -17.513966 1.794174 1.566557
v -17.272831 1.600907 1.505756
v -17.519707 1.525133 1.530314
v -17.058674 1.525133 1.380516
v -17.674704 1.666255 1.567316
v -17.762081 1.600907 1.583246
v -17.849464 1.666255 1.567316
v -17.762081 1.708044 1.593040
v -17.921499 1.861769 1.581029
v -18.010197 1.794174 1.566557
v -18.004459 1.525133 1.530314
v -17.602669 1.861769 1.581029
v -16.825714 1.708044 1.288796
v -16.770145 1.666255 1.216626
v -16.640553 1.794174 1.121531
v -16.703804 1.861770 1.185376
v -16.911526 1.666255 1.319345
v -16.961746 1.861770 1.372782
v -16.831474 1.600907 1.280873
v -16.666496 1.525133 1.095584
v -16.473286 1.708044 0.936365
v -16.442734 1.666255 0.850555
v -16.348873 1.794174 0.720067
v -16.389297 1.861770 0.800334
v -16.545454 1.666255 0.991936
v -16.576706 1.861770 1.058277
v -16.481209 1.600907 0.930609
v -16.381565 1.525133 0.703408
v -16.247013 1.708044 0.492276
v -16.244474 1.666255 0.401226
v -16.195526 1.794174 0.248118
v -16.209171 1.861769 0.336950
v -16.298477 1.666255 0.567428
v -16.307695 1.861770 0.640180
v -16.256321 1.600907 0.489250
v -16.231770 1.525133 0.242378
v -16.169041 1.708044 0.000000
v -16.194765 1.666255 -0.087378
v -16.195526 1.794174 -0.248118
v -16.181055 1.861769 -0.159418
v -16.194765 1.666255 0.087378
v -16.181055 1.861769 0.159418
v -16.178837 1.600907 0.000000
v -16.231770 1.525133 -0.242378
v -16.247013 1.708044 -0.492276
v -16.298477 1.666255 -0.567428
v -16.348873 1.794174 -0.720067
v -16.307697 1.861770 -0.640180
v -16.244474 1.666255 -0.401226
v -16.209171 1.861769 -0.336949
v -16.256321 1.600907 -0.489250
v -16.381567 1.525133 -0.703408
v -16.473286 1.708044 -0.936365
v -16.545454 1.666255 -0.991936
v -16.640545 1.794174 -1.121531
v -16.576702 1.861770 -1.058277
v -16.442738 1.666255 -0.850556
v -16.389297 1.861770 -0.800334
v -16.481209 1.600907 -0.930609
v -16.666496 1.525133 -1.095584
v -16.825714 1.708044 -1.288796
v -16.911526 1.666255 -1.319345
v -17.042015 1.794174 -1.413211
v -16.961748 1.861769 -1.372783
v -16.770145 1.666255 -1.216627
v -16.703804 1.861770 -1.185376
v -16.831474 1.600907 -1.280873
v -17.058674 1.525133 -1.380517
v -17.269804 1.708044 -1.515071
v -17.360855 1.666255 -1.517608
v -17.513966 1.794174 -1.566557
v -17.425133 1.861769 -1.552910
v -17.194656 1.666255 -1.463605
v -17.121906 1.861769 -1.454385
v -17.272831 1.600907 -1.505756
v -17.519707 1.525133 -1.530314
v -17.762081 1.708044 -1.593040
v -17.849464 1.666255 -1.567317
v -18.010197 1.794174 -1.566557
v -17.921499 1.861769 -1.581028
v -17.674704 1.666255 -1.567316
v -17.602669 1.861769 -1.581028
v -17.762081 1.600907 -1.583246
v -18.004459 1.525133 -1.530314
v -18.254358 1.708044 -1.515071
v -18.329510 1.666255 -1.463605
v -18.482143 1.794174 -1.413211
v -18.402256 1.861770 -1.454385
v -18.163313 1.666255 -1.517608
v -18.099030 1.861769 -1.552911
v -18.251331 1.600907 -1.505756
v -18.465488 1.525133 -1.380516
v -18.698444 1.708044 -1.288797
v -18.754021 1.666255 -1.216627
v -18.883617 1.794174 -1.121531
v -18.820362 1.861770 -1.185376
v -18.612640 1.666255 -1.319345
v -18.562414 1.861770 -1.372783
v -18.692692 1.600907 -1.280873
v -18.857666 1.525133 -1.095585
v -19.050877 1.708045 -0.936365
v -19.081425 1.666255 -0.850556
v -19.175289 1.794174 -0.720067
v -19.134861 1.861770 -0.800334
v -18.978708 1.666255 -0.991936
v -18.947460 1.861770 -1.058277
v -19.042953 1.600907 -0.930609
v -19.142597 1.525133 -0.703408
v -19.277153 1.708044 -0.492276
v -19.279694 1.666255 -0.401226
v -19.328640 1.794174 -0.248118
v -19.314991 1.861770 -0.336949
v -19.225687 1.666255 -0.567429
v -19.216469 1.861770 -0.640180
v -19.267838 1.600906 -0.489250
v -19.292397 1.525133 -0.242378
v -19.355125 1.708045 0.000000
v -19.329399 1.666255 0.087378
v -19.328640 1.794174 0.248118
v -19.343113 1.861770 0.159418
v -19.329399 1.666255 -0.087378
v -19.343113 1.861769 -0.159418
v -19.345329 1.600907 0.000000
v -19.292397 1.525133 0.242378
v -19.277153 1.708044 0.492276
v -19.225687 1.666255 0.567428
v -19.175289 1.794174 0.720067
v -19.216469 1.861770 0.640180
v -19.279694 1.666255 0.401226
v -19.314991 1.861770 0.336950
v -19.267838 1.600907 0.489250
v -19.142597 1.525133 0.703408
v -19.050877 1.708044 0.936365
v -18.978708 1.666255 0.991936
v -18.883617 1.794174 1.121531
v -18.947460 1.861770 1.058277
v -19.081425 1.666255 0.850555
v -19.134861 1.861770 0.800333
v -19.042953 1.600907 0.930609
v -18.857670 1.525133 1.095584
v -18.698444 1.708044 1.288796
v -18.612640 1.666255 1.319345
v -18.482151 1.794174 1.413211
v -18.562416 1.861770 1.372782
v -18.754021 1.666255 1.216626
v -18.820362 1.861770 1.185376
v -18.692692 1.600907 1.280873
v -18.465488 1.525133 1.380516
v -18.254358 1.708044 1.515071
v -18.163313 1.666255 1.517607
v -18.099030 1.861769 1.552910
v -18.329510 1.666255 1.463605
v -18.402264 1.861770 1.454385
v -18.251331 1.600907 1.505756
v -17.254150 2.104652 1.563250
v -17.176418 2.061100 1.510638
v -17.019646 2.193716 1.457114
v -17.101221 2.267710 1.501364
v -17.347961 2.061100 1.566375
v -17.414251 2.267710 1.603072
v -17.506258 2.193716 1.615223
v -17.257553 1.990656 1.552774
v -17.512157 1.909397 1.578007
v -17.036749 1.909398 1.423541
v -17.671898 2.061100 1.617682
v -17.762081 1.990656 1.632683
v -17.852268 2.061100 1.617682
v -17.762081 2.104652 1.643698
v -17.926651 2.267710 1.632098
v -18.017910 2.193716 1.615224
v -18.012012 1.909397 1.578007
v -17.597517 2.267710 1.632098
v -16.795937 2.104652 1.329780
v -16.738270 2.061100 1.255723
v -16.605705 2.193716 1.156373
v -16.669621 2.267710 1.223665
v -16.884193 2.061100 1.361742
v -16.935894 2.267710 1.417125
v -16.802418 1.990656 1.320869
v -16.632355 1.909398 1.129728
v -16.432301 2.104652 0.966142
v -16.400337 2.061100 0.877888
v -16.304966 2.193716 0.742437
v -16.344963 2.267710 0.826186
v -16.506359 2.061100 1.023811
v -16.538418 2.267710 1.092461
v -16.441212 1.990656 0.959668
v -16.338539 1.909398 0.725330
v -16.198830 2.104652 0.507931
v -16.195707 2.061100 0.414120
v -16.146860 2.193716 0.255826
v -16.159008 2.267710 0.347834
v -16.251444 2.061100 0.585663
v -16.260715 2.267710 0.660859
v -16.209305 1.990656 0.504527
v -16.184078 1.909397 0.249932
v -16.118383 2.104652 0.000000
v -16.144400 2.061100 -0.090185
v -16.146860 2.193716 -0.255826
v -16.129988 2.267710 -0.164567
v -16.144400 2.061100 0.090186
v -16.129988 2.267710 0.164567
v -16.129398 1.990656 0.000000
v -16.184078 1.909397 -0.249932
v -16.198830 2.104652 -0.507931
v -16.251444 2.061100 -0.585663
v -16.304974 2.193716 -0.742437
v -16.260715 2.267710 -0.660859
v -16.195707 2.061100 -0.414119
v -16.159008 2.267710 -0.347833
v -16.209305 1.990656 -0.504527
v -16.338543 1.909398 -0.725330
v -16.432301 2.104652 -0.966142
v -16.506359 2.061100 -1.023811
v -16.605705 2.193716 -1.156373
v -16.538414 2.267710 -1.092461
v -16.400341 2.061100 -0.877888
v -16.344963 2.267710 -0.826186
v -16.441212 1.990656 -0.959667
v -16.632347 1.909398 -1.129729
v -16.795937 2.104652 -1.329780
v -16.884193 2.061100 -1.361742
v -17.019646 2.193716 -1.457114
v -16.935896 2.267710 -1.417126
v -16.738270 2.061100 -1.255722
v -16.669621 2.267710 -1.223665
v -16.802418 1.990656 -1.320869
v -17.036753 1.909397 -1.423541
v -17.254150 2.104652 -1.563250
v -17.347961 2.061100 -1.566375
v -17.506258 2.193716 -1.615224
v -17.414251 2.267710 -1.603072
v -17.176418 2.061100 -1.510638
v -17.101223 2.267710 -1.501364
v -17.257553 1.990656 -1.552774
v -17.512157 1.909397 -1.578007
v -17.762081 2.104652 -1.643698
v -17.852268 2.061100 -1.617682
v -18.017910 2.193716 -1.615224
v -17.926651 2.267710 -1.632098
v -17.671898 2.061100 -1.617682
v -17.597517 2.267710 -1.632098
v -17.762081 1.990656 -1.632684
v -18.012012 1.909397 -1.578007
v -18.270012 2.104652 -1.563250
v -18.347744 2.061101 -1.510638
v -18.504513 2.193716 -1.457114
v -18.422935 2.267710 -1.501364
v -18.176201 2.061100 -1.566375
v -18.109917 2.267710 -1.603072
v -18.266613 1.990656 -1.552774
v -18.487408 1.909398 -1.423541
v -18.728228 2.104652 -1.329780
v -18.785896 2.061101 -1.255723
v -18.918459 2.193716 -1.156373
v -18.854546 2.267710 -1.223665
v -18.639969 2.061100 -1.361742
v -18.588266 2.267710 -1.417126
v -18.721748 1.990656 -1.320869
v -18.891815 1.909398 -1.129729
v -19.091862 2.104652 -0.966142
v -19.123821 2.061100 -0.877888
v -19.219193 2.193716 -0.742437
v -19.179203 2.267710 -0.826186
v -19.017807 2.061100 -1.023811
v -18.985750 2.267710 -1.092461
v -19.082951 1.990655 -0.959667
v -19.185619 1.909397 -0.725331
v -19.325333 2.104651 -0.507931
v -19.328461 2.061100 -0.414120
v -19.377306 2.193715 -0.255826
v -19.365150 2.267710 -0.347833
v -19.272718 2.061100 -0.585663
v -19.263443 2.267710 -0.660859
v -19.314857 1.990655 -0.504527
v -19.340088 1.909397 -0.249932
v -19.405779 2.104652 0.000000
v -19.379763 2.061100 0.090186
v -19.377306 2.193716 0.255826
v -19.394180 2.267710 0.164567
v -19.379763 2.061100 -0.090185
v -19.394180 2.267710 -0.164567
v -19.394764 1.990656 0.000000
v -19.340088 1.909398 0.249932
v -19.325333 2.104652 0.507931
v -19.272718 2.061100 0.585662
v -19.219193 2.193716 0.742436
v -19.263443 2.267710 0.660859
v -19.328461 2.061101 0.414120
v -19.365150 2.267710 0.347834
v -19.314857 1.990656 0.504527
v -19.185619 1.909398 0.725330
v -19.091862 2.104652 0.966142
v -19.017807 2.061100 1.023811
v -18.918453 2.193716 1.156373
v -18.985748 2.267710 1.092461
v -19.123821 2.061100 0.877888
v -19.179203 2.267710 0.826186
v -19.082951 1.990656 0.959667
v -18.891815 1.909398 1.129728
v -18.728228 2.104652 1.329780
v -18.639969 2.061100 1.361742
v -18.504520 2.193716 1.457114
v -18.588272 2.267710 1.417125
v -18.785896 2.061101 1.255723
v -18.854542 2.267710 1.223665
v -18.721748 1.990656 1.320869
v -18.487413 1.909398 1.423541
v -18.270012 2.104652 1.563250
v -18.176201 2.061100 1.566375
v -18.109917 2.267710 1.603072
v -18.347744 2.061100 1.510638
v -18.422941 2.267710 1.501364
v -18.266613 1.990656 1.552774
v -17.238420 2.519274 1.611666
v -17.157722 2.475421 1.558862
v -16.997385 2.607879 1.500795
v -17.080883 2.686532 1.547581
v -17.334742 2.475421 1.616379
v -17.403542 2.686532 1.652421
v -17.498589 2.607879 1.663644
v -17.242035 2.399284 1.600531
v -17.504295 2.315360 1.627617
v -17.013950 2.315360 1.468294
v -17.669018 2.475421 1.669323
v -17.762081 2.399284 1.682898
v -17.855145 2.475421 1.669323
v -17.762081 2.519274 1.694606
v -17.931713 2.686532 1.682340
v -18.025581 2.607879 1.663645
v -18.019871 2.315360 1.627617
v -17.592453 2.686532 1.682340
v -16.766016 2.519274 1.370965
v -16.705589 2.475421 1.295809
v -16.571041 2.607879 1.191038
v -16.635990 2.686532 1.261334
v -16.856167 2.475421 1.405213
v -16.910461 2.686532 1.460750
v -16.772898 2.399284 1.361494
v -16.596832 2.315360 1.165245
v -16.391117 2.519274 0.996065
v -16.356865 2.475421 0.905913
v -16.261286 2.607879 0.764693
v -16.301336 2.686532 0.851619
v -16.466270 2.475421 1.056494
v -16.500746 2.686532 1.126091
v -16.400587 2.399284 0.989183
v -16.293789 2.315360 0.748133
v -16.150417 2.519274 0.523662
v -16.145706 2.475421 0.427340
v -16.098444 2.607879 0.263495
v -16.109661 2.686532 0.358541
v -16.203220 2.475421 0.604359
v -16.214500 2.686532 0.681202
v -16.161549 2.399284 0.520044
v -16.134466 2.315360 0.257789
v -16.067480 2.519274 0.000000
v -16.092762 2.475421 -0.093064
v -16.098444 2.607879 -0.263495
v -16.079742 2.686532 -0.169633
v -16.092762 2.475421 0.093065
v -16.079742 2.686532 0.169633
v -16.079189 2.399284 0.000000
v -16.134466 2.315360 -0.257789
v -16.150417 2.519274 -0.523662
v -16.203220 2.475421 -0.604359
v -16.261292 2.607879 -0.764693
v -16.214500 2.686532 -0.681202
v -16.145706 2.475421 -0.427339
v -16.109661 2.686532 -0.358541
v -16.161549 2.399284 -0.520044
v -16.293789 2.315360 -0.748133
v -16.391117 2.519274 -0.996064
v -16.466270 2.475421 -1.056495
v -16.571037 2.607879 -1.191038
v -16.500746 2.686532 -1.126091
v -16.356869 2.475421 -0.905913
v -16.301336 2.686532 -0.851619
v -16.400587 2.399284 -0.989183
v -16.596832 2.315360 -1.165245
v -16.766016 2.519274 -1.370965
v -16.856167 2.475421 -1.405214
v -16.997391 2.607879 -1.500796
v -16.910463 2.686532 -1.460750
v -16.705589 2.475421 -1.295810
v -16.635990 2.686532 -1.261333
v -16.772898 2.399284 -1.361494
v -17.013950 2.315360 -1.468295
v -17.238420 2.519274 -1.611666
v -17.334742 2.475421 -1.616380
v -17.498589 2.607879 -1.663645
v -17.403542 2.686532 -1.652420
v -17.157722 2.475421 -1.558862
v -17.080883 2.686532 -1.547581
v -17.242035 2.399284 -1.600532
v -17.504295 2.315360 -1.627617
v -17.762081 2.519274 -1.694606
v -17.855145 2.475421 -1.669324
v -18.025581 2.607879 -1.663645
v -17.931713 2.686532 -1.682340
v -17.669018 2.475421 -1.669324
v -17.592453 2.686532 -1.682340
v -17.762081 2.399284 -1.682899
v -18.019871 2.315360 -1.627617
v -18.285744 2.519274 -1.611666
v -18.366440 2.475421 -1.558862
v -18.526773 2.607879 -1.500796
v -18.443283 2.686532 -1.547581
v -18.189426 2.475421 -1.616380
v -18.120621 2.686532 -1.652420
v -18.282124 2.399284 -1.600532
v -18.510212 2.315360 -1.468295
v -18.758146 2.519274 -1.370966
v -18.818579 2.475421 -1.295810
v -18.953127 2.607879 -1.191039
v -18.888176 2.686532 -1.261334
v -18.667995 2.475421 -1.405214
v -18.613699 2.686532 -1.460750
v -18.751265 2.399284 -1.361494
v -18.927334 2.315360 -1.165245
v -19.133047 2.519274 -0.996065
v -19.167294 2.475421 -0.905913
v -19.262875 2.607879 -0.764694
v -19.222828 2.686532 -0.851619
v -19.057892 2.475421 -1.056495
v -19.023418 2.686532 -1.126091
v -19.123577 2.399284 -0.989183
v -19.230373 2.315360 -0.748134
v -19.373749 2.519274 -0.523662
v -19.378462 2.475421 -0.427340
v -19.425724 2.607879 -0.263495
v -19.414501 2.686532 -0.358541
v -19.320942 2.475421 -0.604359
v -19.309662 2.686532 -0.681203
v -19.362617 2.399283 -0.520044
v -19.389698 2.315359 -0.257789
v -19.456688 2.519274 0.000000
v -19.431404 2.475421 0.093065
v -19.425724 2.607879 0.263495
v -19.444422 2.686532 0.169633
v -19.431404 2.475421 -0.093065
v -19.444422 2.686532 -0.169633
v -19.444979 2.399284 0.000000
v -19.389698 2.315360 0.257789
v -19.373749 2.519274 0.523662
v -19.320942 2.475421 0.604359
v -19.262877 2.607879 0.764693
v -19.309666 2.686532 0.681202
v -19.378462 2.475421 0.427340
v -19.414501 2.686532 0.358541
v -19.362617 2.399284 0.520044
v -19.230373 2.315360 0.748133
v -19.133047 2.519274 0.996065
v -19.057892 2.475421 1.056494
v -18.953117 2.607879 1.191038
v -19.023418 2.686532 1.126091
v -19.167294 2.475421 0.905913
v -19.222828 2.686532 0.851619
v -19.123577 2.399284 0.989183
v -18.927322 2.315360 1.165245
v -18.758146 2.519274 1.370965
v -18.667995 2.475421 1.405213
v -18.526777 2.607879 1.500795
v -18.613705 2.686532 1.460750
v -18.818575 2.475421 1.295809
v -18.888172 2.686532 1.261334
v -18.751265 2.399284 1.361494
v -18.510216 2.315360 1.468294
v -18.285744 2.519274 1.611666
v -18.189426 2.475421 1.616379
v -18.120621 2.686532 1.652421
v -18.366440 2.475421 1.558862
v -18.443285 2.686532 1.547581
v -18.282124 2.399284 1.600531
v -17.223686 2.938133 1.657012
v -17.140018 2.895880 1.604529
v -16.976685 3.024375 1.541432
v -17.062317 3.104393 1.589754
v -17.322222 2.895880 1.663732
v -17.393776 3.104393 1.697449
v -17.491455 3.024375 1.708690
v -17.227169 2.816314 1.646292
v -17.496635 2.733428 1.675982
v -16.991714 2.733428 1.511925
v -17.666290 2.895880 1.718227
v -17.762081 2.816314 1.731014
v -17.857872 2.895880 1.718227
v -17.762081 2.938133 1.742285
v -17.936340 3.104393 1.728185
v -18.032713 3.024375 1.708690
v -18.027531 2.733428 1.675982
v -17.587826 3.104393 1.728185
v -16.737991 2.938133 1.409539
v -16.674633 2.895880 1.333770
v -16.538792 3.024375 1.223287
v -16.605303 3.104393 1.295706
v -16.829628 2.895880 1.446380
v -16.887253 3.104393 1.500556
v -16.744616 2.816314 1.400420
v -16.562208 2.733428 1.199870
v -16.352543 2.938133 1.024090
v -16.315701 2.895880 0.932452
v -16.220654 3.024375 0.785399
v -16.261528 3.104393 0.874826
v -16.428307 2.895880 1.087445
v -16.466373 3.104393 1.156777
v -16.361662 2.816314 1.017465
v -16.250156 2.733428 0.770364
v -16.105068 2.938133 0.538396
v -16.098351 2.895880 0.439859
v -16.053394 3.024375 0.270630
v -16.064632 3.104393 0.368312
v -16.157553 2.895880 0.622064
v -16.172329 3.104393 0.699765
v -16.115791 2.816314 0.534913
v -16.086102 2.733428 0.265450
v -16.019796 2.938133 0.000000
v -16.043858 2.895880 -0.095791
v -16.053394 3.024375 -0.270630
v -16.033899 3.104393 -0.174256
v -16.043858 2.895880 0.095791
v -16.033899 3.104393 0.174256
v -16.031071 2.816314 0.000000
v -16.086102 2.733428 -0.265449
v -16.105068 2.938133 -0.538396
v -16.157553 2.895880 -0.622064
v -16.220654 3.024375 -0.785399
v -16.172329 3.104393 -0.699766
v -16.098351 2.895880 -0.439859
v -16.064632 3.104393 -0.368311
v -16.115791 2.816314 -0.534913
v -16.250156 2.733428 -0.770364
v -16.352543 2.938133 -1.024090
v -16.428307 2.895880 -1.087445
v -16.538788 3.024375 -1.223287
v -16.466370 3.104393 -1.156778
v -16.315704 2.895880 -0.932452
v -16.261528 3.104393 -0.874826
v -16.361662 2.816314 -1.017464
v -16.562206 2.733428 -1.199870
v -16.737991 2.938133 -1.409539
v -16.829628 2.895880 -1.446379
v -16.976685 3.024375 -1.541432
v -16.887257 3.104393 -1.500556
v -16.674633 2.895880 -1.333771
v -16.605303 3.104393 -1.295706
v -16.744616 2.816314 -1.400420
v -16.991722 2.733428 -1.511925
v -17.223686 2.938133 -1.657012
v -17.322222 2.895880 -1.663732
v -17.491455 3.024375 -1.708690
v -17.393776 3.104393 -1.697449
v -17.140018 2.895880 -1.604530
v -17.062317 3.104393 -1.589753
v -17.227169 2.816314 -1.646292
v -17.496635 2.733428 -1.675982
v -17.762081 2.938133 -1.742285
v -17.857872 2.895880 -1.718227
v -18.032713 3.024375 -1.708690
v -17.936340 3.104393 -1.728186
v -17.666290 2.895880 -1.718227
v -17.587826 3.104393 -1.728186
v -17.762081 2.816314 -1.731014
v -18.027531 2.733428 -1.675982
v -18.300480 2.938133 -1.657012
v -18.384148 2.895880 -1.604530
v -18.547482 3.024375 -1.541432
v -18.461849 3.104393 -1.589754
v -18.201941 2.895880 -1.663732
v -18.130392 3.104393 -1.697450
v -18.296993 2.816314 -1.646292
v -18.532444 2.733428 -1.511925
v -18.786173 2.938133 -1.409539
v -18.849529 2.895880 -1.333771
v -18.985374 3.024375 -1.223288
v -18.918861 3.104393 -1.295707
v -18.694534 2.895880 -1.446379
v -18.636913 3.104393 -1.500556
v -18.779547 2.816314 -1.400421
v -18.961960 2.733428 -1.199871
v -19.171619 2.938133 -1.024090
v -19.208458 2.895880 -0.932452
v -19.303511 3.024375 -0.785399
v -19.262638 3.104393 -0.874826
v -19.095852 2.895880 -1.087445
v -19.057793 3.104393 -1.156778
v -19.162502 2.816314 -1.017465
v -19.274002 2.733428 -0.770364
v -19.419098 2.938133 -0.538396
v -19.425816 2.895880 -0.439859
v -19.470772 3.024375 -0.270630
v -19.459530 3.104393 -0.368312
v -19.366611 2.895880 -0.622064
v -19.351835 3.104393 -0.699766
v -19.408375 2.816313 -0.534913
v -19.438063 2.733428 -0.265449
v -19.504366 2.938133 0.000000
v -19.480307 2.895880 0.095791
v -19.470772 3.024375 0.270630
v -19.490267 3.104393 0.174256
v -19.480307 2.895880 -0.095791
v -19.490267 3.104393 -0.174256
v -19.493095 2.816314 0.000000
v -19.438063 2.733428 0.265450
v -19.419098 2.938133 0.538395
v -19.366611 2.895880 0.622064
v -19.303514 3.024375 0.785398
v -19.351837 3.104393 0.699765
v -19.425816 2.895880 0.439859
v -19.459530 3.104393 0.368312
v -19.408375 2.816314 0.534913
v -19.274006 2.733428 0.770364
v -19.171619 2.938133 1.024090
v -19.095852 2.895880 1.087445
v -18.985367 3.024375 1.223287
v -19.057785 3.104393 1.156777
v -19.208464 2.895880 0.932452
v -19.262638 3.104393 0.874825
v -19.162502 2.816314 1.017465
v -18.961950 2.733428 1.199870
v -18.786173 2.938133 1.409539
v -18.694534 2.895880 1.446380
v -18.547482 3.024375 1.541432
v -18.636913 3.104393 1.500556
v -18.849525 2.895880 1.333770
v -18.918861 3.104393 1.295706
v -18.779547 2.816314 1.400420
v -18.532448 2.733428 1.511925
v -18.300480 2.938133 1.657012
v -18.201941 2.895880 1.663732
v -18.130392 3.104393 1.697450
v -18.384148 2.895880 1.604529
v -18.461849 3.104393 1.589754
v -18.296993 2.816314 1.646292
v -17.210857 3.347936 1.696491
v -17.124477 3.308245 1.644620
v -16.958763 3.429813 1.576596
v -17.046618 3.508277 1.625411
v -17.311230 3.308245 1.705301
v -17.385513 3.508277 1.735523
v -17.485287 3.429813 1.747670
v -17.213850 3.228916 1.687280
v -17.489685 3.149189 1.719864
v -16.971542 3.149189 1.551512
v -17.663897 3.308245 1.761157
v -17.762081 3.228916 1.774111
v -17.860266 3.308245 1.761157
v -17.762081 3.347936 1.783795
v -17.940247 3.508277 1.766947
v -18.038885 3.429813 1.747670
v -18.034483 3.149189 1.719864
v -17.583920 3.508277 1.766947
v -16.713593 3.347936 1.443122
v -16.647463 3.308245 1.367096
v -16.510883 3.429813 1.251194
v -16.579357 3.508277 1.324769
v -16.806332 3.308245 1.482518
v -16.867634 3.508277 1.534213
v -16.719288 3.228916 1.435287
v -16.530792 3.149189 1.231287
v -16.318962 3.347936 1.048489
v -16.279560 3.308245 0.955750
v -16.185486 3.429813 0.803316
v -16.227871 3.508277 0.894449
v -16.394989 3.308245 1.114616
v -16.437313 3.508277 1.182724
v -16.326797 3.228916 1.042797
v -16.210567 3.149189 0.790535
v -16.065590 3.347936 0.551223
v -16.056782 3.308245 0.450849
v -16.014416 3.429813 0.276804
v -16.026558 3.508277 0.376573
v -16.117464 3.308245 0.637606
v -16.136665 3.508277 0.715461
v -16.074799 3.228916 0.548231
v -16.042219 3.149189 0.272400
v -15.978283 3.347936 0.000000
v -16.000923 3.308245 -0.098184
v -16.014416 3.429813 -0.276803
v -15.995136 3.508277 -0.178164
v -16.000923 3.308245 0.098184
v -15.995136 3.508277 0.178164
v -15.987972 3.228916 0.000000
v -16.042219 3.149189 -0.272399
v -16.065590 3.347936 -0.551223
v -16.117464 3.308245 -0.637607
v -16.185490 3.429813 -0.803316
v -16.136669 3.508277 -0.715461
v -16.056782 3.308245 -0.450849
v -16.026558 3.508277 -0.376573
v -16.074799 3.228916 -0.548230
v -16.210575 3.149189 -0.790535
v -16.318962 3.347936 -1.048489
v -16.394989 3.308245 -1.114616
v -16.510880 3.429813 -1.251194
v -16.437313 3.508277 -1.182723
v -16.279568 3.308245 -0.955750
v -16.227871 3.508277 -0.894448
v -16.326797 3.228916 -1.042796
v -16.530788 3.149189 -1.231287
v -16.713593 3.347936 -1.443121
v -16.806332 3.308245 -1.482518
v -16.958771 3.429813 -1.576596
v -16.867634 3.508277 -1.534214
v -16.647463 3.308245 -1.367096
v -16.579357 3.508277 -1.324769
v -16.719288 3.228916 -1.435286
v -16.971546 3.149189 -1.551512
v -17.210857 3.347936 -1.696491
v -17.311230 3.308245 -1.705302
v -17.485287 3.429813 -1.747670
v -17.385513 3.508277 -1.735523
v -17.124477 3.308245 -1.644621
v -17.046621 3.508277 -1.625412
v -17.213850 3.228916 -1.687280
v -17.489685 3.149189 -1.719864
v -17.762081 3.347936 -1.783797
v -17.860266 3.308245 -1.761159
v -18.038885 3.429813 -1.747670
v -17.940247 3.508277 -1.766948
v -17.663897 3.308245 -1.761159
v -17.583920 3.508277 -1.766948
v -17.762081 3.228916 -1.774112
v -18.034483 3.149189 -1.719865
v -18.313305 3.347936 -1.696491
v -18.399689 3.308245 -1.644621
v -18.565399 3.429813 -1.576596
v -18.477551 3.508277 -1.625412
v -18.212929 3.308245 -1.705302
v -18.138653 3.508277 -1.735523
v -18.310312 3.228916 -1.687280
v -18.552620 3.149189 -1.551512
v -18.810574 3.347936 -1.443121
v -18.876701 3.308245 -1.367096
v -19.013283 3.429813 -1.251194
v -18.944809 3.508278 -1.324769
v -18.717833 3.308245 -1.482519
v -18.656532 3.508278 -1.534214
v -18.804878 3.228916 -1.435286
v -18.993374 3.149189 -1.231287
v -19.205202 3.347936 -1.048489
v -19.244598 3.308245 -0.955750
v -19.338676 3.429813 -0.803316
v -19.296295 3.508277 -0.894448
v -19.129179 3.308245 -1.114616
v -19.086853 3.508277 -1.182724
v -19.197369 3.228917 -1.042796
v -19.313591 3.149189 -0.790535
v -19.458576 3.347936 -0.551223
v -19.467384 3.308244 -0.450849
v -19.509748 3.429813 -0.276804
v -19.497604 3.508277 -0.376573
v -19.406700 3.308244 -0.637607
v -19.387489 3.508277 -0.715461
v -19.449360 3.228916 -0.548231
v -19.481945 3.149189 -0.272400
v -19.545876 3.347936 0.000000
v -19.523239 3.308245 0.098184
v -19.509752 3.429813 0.276804
v -19.529030 3.508278 0.178164
v -19.523239 3.308245 -0.098184
v -19.529026 3.508277 -0.178164
v -19.536194 3.228916 0.000000
v -19.481945 3.149189 0.272400
v -19.458576 3.347936 0.551223
v -19.406700 3.308245 0.637606
v -19.338678 3.429813 0.803315
v -19.387497 3.508277 0.715461
v -19.467384 3.308245 0.450849
v -19.497604 3.508277 0.376573
v -19.449360 3.228916 0.548230
v -19.313595 3.149189 0.790535
v -19.205202 3.347936 1.048489
v -19.129175 3.308245 1.114616
v -19.013271 3.429813 1.251194
v -19.086851 3.508277 1.182724
v -19.244602 3.308245 0.955750
v -19.296295 3.508277 0.894448
v -19.197369 3.228916 1.042797
v -18.993366 3.149189 1.231287
v -18.810574 3.347936 1.443122
v -18.717833 3.308245 1.482518
v -18.565399 3.429813 1.576596
v -18.656532 3.508277 1.534213
v -18.876696 3.308245 1.367096
v -18.944805 3.508277 1.324769
v -18.804878 3.228916 1.435287
v -18.552620 3.149189 1.551512
v -18.313305 3.347936 1.696491
v -18.212929 3.308245 1.705301
v -18.138653 3.508277 1.735523
v -18.399689 3.308245 1.644620
v -18.477551 3.508277 1.625411
v -18.310312 3.228916 1.687280
v -17.200428 3.736980 1.728588
v -17.111858 3.699867 1.677162
v -16.944517 3.811497 1.604575
v -17.034454 3.883115 1.653062
v -17.302311 3.699866 1.739044
v -17.379110 3.883115 1.765045
v -17.480370 3.811497 1.778683
v -17.202816 3.623821 1.721238
v -17.483812 3.549912 1.756946
v -16.954500 3.549912 1.584964
v -17.661955 3.699866 1.796005
v -17.762081 3.623821 1.809816
v -17.862209 3.699866 1.796005
v -17.762081 3.736980 1.817544
v -17.943279 3.883115 1.797005
v -18.043804 3.811497 1.778683
v -18.040359 3.549912 1.756946
v -17.580887 3.883115 1.797005
v -16.693756 3.736980 1.470425
v -16.625408 3.699866 1.394146
v -16.488682 3.811497 1.273397
v -16.559238 3.883115 1.347304
v -16.787422 3.699866 1.511853
v -16.852417 3.883115 1.560312
v -16.698296 3.623821 1.464173
v -16.504246 3.549912 1.257835
v -16.291660 3.736980 1.068326
v -16.250227 3.699866 0.974661
v -16.157509 3.811497 0.817571
v -16.201771 3.883115 0.909664
v -16.367935 3.699866 1.136670
v -16.414776 3.883115 1.202843
v -16.297909 3.623821 1.063784
v -16.177116 3.549912 0.807579
v -16.033493 3.736980 0.561652
v -16.023041 3.699866 0.459770
v -15.983398 3.811497 0.281716
v -15.997040 3.883115 0.382979
v -16.084919 3.699866 0.650223
v -16.109020 3.883115 0.727632
v -16.040844 3.623821 0.559264
v -16.005138 3.549912 0.278273
v -15.944538 3.736980 0.000000
v -15.966076 3.699866 -0.100127
v -15.983398 3.811497 -0.281716
v -15.965080 3.883115 -0.181195
v -15.966076 3.699866 0.100127
v -15.965080 3.883115 0.181195
v -15.952267 3.623821 0.000000
v -16.005138 3.549912 -0.278273
v -16.033493 3.736980 -0.561652
v -16.084919 3.699866 -0.650223
v -16.157509 3.811497 -0.817571
v -16.109020 3.883115 -0.727632
v -16.023041 3.699866 -0.459770
v -15.997040 3.883115 -0.382978
v -16.040844 3.623821 -0.559264
v -16.177124 3.549912 -0.807579
v -16.291660 3.736980 -1.068326
v -16.367935 3.699866 -1.136670
v -16.488678 3.811497 -1.273397
v -16.414772 3.883115 -1.202843
v -16.250233 3.699866 -0.974661
v -16.201771 3.883115 -0.909664
v -16.297909 3.623821 -1.063784
v -16.504246 3.549912 -1.257834
v -16.693756 3.736980 -1.470425
v -16.787422 3.699866 -1.511852
v -16.944517 3.811497 -1.604575
v -16.852417 3.883115 -1.560312
v -16.625408 3.699866 -1.394146
v -16.559235 3.883115 -1.347304
v -16.698296 3.623821 -1.464173
v -16.954504 3.549912 -1.584964
v -17.200428 3.736980 -1.728588
v -17.302311 3.699866 -1.739044
v -17.480370 3.811497 -1.778685
v -17.379110 3.883115 -1.765047
v -17.111858 3.699867 -1.677163
v -17.034454 3.883115 -1.653062
v -17.202816 3.623821 -1.721239
v -17.483812 3.549912 -1.756946
v -17.762081 3.736980 -1.817546
v -17.862209 3.699866 -1.796006
v -18.043804 3.811497 -1.778685
v -17.943279 3.883115 -1.797006
v -17.661955 3.699866 -1.796006
v -17.580887 3.883115 -1.797006
v -17.762081 3.623821 -1.809818
v -18.040359 3.549912 -1.756947
v -18.323734 3.736980 -1.728588
v -18.412304 3.699866 -1.677163
v -18.579655 3.811497 -1.604575
v -18.489716 3.883115 -1.653062
v -18.221851 3.699867 -1.739044
v -18.145067 3.883115 -1.765047
v -18.321350 3.623822 -1.721239
v -18.569664 3.549912 -1.584964
v -18.830408 3.736980 -1.470425
v -18.898754 3.699866 -1.394147
v -19.035484 3.811497 -1.273397
v -18.964931 3.883115 -1.347305
v -18.736744 3.699866 -1.511853
v -18.671747 3.883115 -1.560312
v -18.825863 3.623822 -1.464173
v -19.019920 3.549912 -1.257835
v -19.232506 3.736980 -1.068326
v -19.273932 3.699866 -0.974661
v -19.366655 3.811497 -0.817571
v -19.322392 3.883115 -0.909664
v -19.156231 3.699866 -1.136671
v -19.109390 3.883115 -1.202843
v -19.226254 3.623822 -1.063784
v -19.347042 3.549912 -0.807580
v -19.490673 3.736979 -0.561652
v -19.501127 3.699865 -0.459770
v -19.540768 3.811497 -0.281715
v -19.527126 3.883114 -0.382979
v -19.439243 3.699865 -0.650223
v -19.415146 3.883114 -0.727632
v -19.483320 3.623820 -0.559264
v -19.519024 3.549912 -0.278273
v -19.579624 3.736980 0.000000
v -19.558086 3.699866 0.100127
v -19.540768 3.811497 0.281716
v -19.559086 3.883115 0.181195
v -19.558086 3.699866 -0.100127
v -19.559086 3.883114 -0.181195
v -19.571898 3.623822 0.000000
v -19.519028 3.549912 0.278273
v -19.490673 3.736980 0.561652
v -19.439247 3.699867 0.650223
v -19.366663 3.811497 0.817571
v -19.415150 3.883115 0.727632
v -19.501127 3.699866 0.459770
v -19.527126 3.883115 0.382979
v -19.483320 3.623822 0.559264
v -19.347046 3.549912 0.807580
v -19.232506 3.736980 1.068326
v -19.156231 3.699866 1.136670
v -19.035484 3.811497 1.273397
v -19.109390 3.883115 1.202843
v -19.273935 3.699866 0.974661
v -19.322399 3.883115 0.909664
v -19.226254 3.623821 1.063784
v -19.019913 3.549912 1.257835
v -18.830408 3.736980 1.470425
v -18.736744 3.699866 1.511853
v -18.579655 3.811497 1.604574
v -18.671747 3.883115 1.560312
v -18.898754 3.699866 1.394146
v -18.964931 3.883115 1.347304
v -18.825863 3.623821 1.464173
v -18.569664 3.549912 1.584964
v -18.323734 3.736980 1.728588
v -18.221851 3.699867 1.739044
v -18.145067 3.883115 1.765045
v -18.412304 3.699866 1.677162
v -18.489716 3.883115 1.653062
v -18.321350 3.623821 1.721238
v -17.192860 4.093269 1.751883
v -17.102543 4.058218 1.701192
v -16.934364 4.158830 1.624481
v -17.295723 4.058218 1.763960
v -17.476873 4.158830 1.800751
v -17.194494 3.989489 1.746854
v -17.479298 3.922901 1.785455
v -16.941402 3.922901 1.610684
v -17.660521 4.058218 1.821738
v -17.762081 3.989489 1.836750
v -17.863647 4.058219 1.821738
v -17.762081 4.093269 1.842037
v -18.047289 4.158830 1.800751
v -18.044878 3.922901 1.785455
v -16.679356 4.093269 1.490240
v -16.609123 4.058218 1.414121
v -16.472883 4.158830 1.289196
v -16.773460 4.058218 1.533514
v -16.682465 3.989489 1.485963
v -16.483833 3.922901 1.278245
v -16.271841 4.093269 1.082723
v -16.228565 4.058218 0.988626
v -16.137598 4.158830 0.827714
v -16.347961 4.058218 1.152956
v -16.276115 3.989489 1.079615
v -16.151402 3.922901 0.820684
v -16.010199 4.093269 0.569221
v -15.998119 4.058218 0.466358
v -15.961329 4.158830 0.285211
v -16.060890 4.058218 0.659539
v -16.015230 3.989489 0.567587
v -15.976627 3.922901 0.282789
v -15.920044 4.093269 0.000000
v -15.940344 4.058218 -0.101561
v -15.961329 4.158830 -0.285211
v -15.940344 4.058218 0.101562
v -15.925331 3.989489 -0.000000
v -15.976627 3.922901 -0.282788
v -16.010199 4.093269 -0.569221
v -16.060890 4.058218 -0.659539
v -16.137604 4.158830 -0.827714
v -15.998119 4.058218 -0.466357
v -16.015230 3.989489 -0.567587
v -16.151402 3.922901 -0.820684
v -16.271841 4.093269 -1.082723
v -16.347961 4.058218 -1.152956
v -16.472887 4.158830 -1.289196
v -16.228573 4.058218 -0.988626
v -16.276115 3.989489 -1.079616
v -16.483829 3.922901 -1.278244
v -16.679356 4.093269 -1.490240
v -16.773460 4.058218 -1.533514
v -16.934364 4.158830 -1.624481
v -16.609123 4.058218 -1.414122
v -16.682465 3.989489 -1.485963
v -16.941402 3.922901 -1.610684
v -17.192860 4.093269 -1.751882
v -17.295723 4.058218 -1.763961
v -17.476873 4.158830 -1.800752
v -17.102541 4.058218 -1.701193
v -17.194494 3.989489 -1.746854
v -17.479298 3.922901 -1.785456
v -17.762081 4.093269 -1.842038
v -17.863647 4.058219 -1.821739
v -18.047289 4.158830 -1.800753
v -17.660521 4.058218 -1.821739
v -17.762081 3.989489 -1.836752
v -18.044878 3.922901 -1.785456
v -18.331303 4.093269 -1.751883
v -18.421623 4.058219 -1.701193
v -18.589798 4.158829 -1.624482
v -18.228439 4.058218 -1.763961
v -18.329674 3.989489 -1.746854
v -18.582771 3.922901 -1.610683
v -18.844803 4.093269 -1.490240
v -18.915039 4.058219 -1.414122
v -19.051285 4.158830 -1.289196
v -18.750708 4.058218 -1.533515
v -18.841702 3.989489 -1.485964
v -19.040331 3.922901 -1.278246
v -19.252323 4.093270 -1.082723
v -19.295597 4.058219 -0.988626
v -19.386574 4.158829 -0.827715
v -19.176205 4.058219 -1.152957
v -19.248043 3.989490 -1.079616
v -19.372765 3.922900 -0.820685
v -19.513966 4.093268 -0.569221
v -19.526047 4.058219 -0.466357
v -19.562830 4.158830 -0.285211
v -19.463276 4.058219 -0.659539
v -19.508934 3.989488 -0.567588
v -19.547539 3.922901 -0.282788
v -19.604118 4.093269 0.000000
v -19.583820 4.058218 0.101562
v -19.562830 4.158829 0.285211
v -19.583818 4.058218 -0.101561
v -19.598831 3.989490 -0.000000
v -19.547539 3.922901 0.282788
v -19.513966 4.093269 0.569221
v -19.463276 4.058218 0.659539
v -19.386564 4.158830 0.827715
v -19.526047 4.058218 0.466357
v -19.508934 3.989490 0.567587
v -19.372772 3.922901 0.820683
v -19.252323 4.093269 1.082723
v -19.176205 4.058218 1.152956
v -19.051285 4.158830 1.289196
v -19.295597 4.058218 0.988626
v -19.248043 3.989489 1.079615
v -19.040337 3.922901 1.278245
v -18.844803 4.093269 1.490240
v -18.750708 4.058218 1.533514
v -18.589794 4.158830 1.624481
v -18.915039 4.058218 1.414121
v -18.841702 3.989489 1.485963
v -18.582771 3.922901 1.610682
v -18.331303 4.093269 1.751883
v -18.228439 4.058218 1.763960
v -18.421623 4.058218 1.701192
v -18.329674 3.989489 1.746854
v -19.432217 4.632673 -0.542659
v -19.432217 4.632673 -0.542659
v -19.432217 4.632673 -0.542659
v -19.432217 4.632673 -0.542659
v -19.182781 4.632674 -1.032199
v -19.182781 4.632674 -1.032199
v -19.182781 4.632674 -1.032199
v -19.182781 4.632674 -1.032199
v -18.794281 4.632675 -1.420700
v -18.794281 4.632675 -1.420700
v -18.794281 4.632675 -1.420700
v -18.794281 4.632675 -1.420700
v -18.304741 4.632674 -1.670133
v -18.304741 4.632674 -1.670133
v -18.304741 4.632674 -1.670133
v -18.304741 4.632674 -1.670133
v -17.762081 4.632675 -1.756081
v -17.762081 4.632675 -1.756081
v -17.762081 4.632675 -1.756081
v -17.762081 4.632675 -1.756081
v -17.219421 4.632674 -1.670133
v -17.219421 4.632674 -1.670133
v -17.219421 4.632674 -1.670133
v -17.219421 4.632674 -1.670133
v -16.729881 4.632674 -1.420699
v -16.729881 4.632674 -1.420699
v -16.729881 4.632674 -1.420699
v -16.729881 4.632674 -1.420699
v -16.341381 4.632675 -1.032199
v -16.341381 4.632675 -1.032199
v -16.341381 4.632675 -1.032199
v -16.341381 4.632675 -1.032199
v -16.091948 4.632675 -0.542659
v -16.091948 4.632675 -0.542659
v -16.091948 4.632675 -0.542659
v -16.091948 4.632675 -0.542659
v -16.006001 4.632674 0.000000
v -16.006001 4.632674 0.000000
v -16.006001 4.632674 0.000000
v -16.006001 4.632674 0.000000
v -16.091948 4.632675 0.542659
v -16.091948 4.632675 0.542659
v -16.091948 4.632675 0.542659
v -16.091948 4.632675 0.542659
v -16.341381 4.632674 1.032199
v -16.341381 4.632674 1.032199
v -16.341381 4.632674 1.032199
v -16.341381 4.632674 1.032199
v -16.729881 4.632674 1.420699
v -16.729881 4.632674 1.420699
v -16.729881 4.632674 1.420699
v -16.729881 4.632674 1.420699
v -17.219421 4.632675 1.670132
v -17.219421 4.632675 1.670132
v -17.219421 4.632675 1.670132
v -17.219421 4.632675 1.670132
v -17.762081 4.632675 1.756080
v -17.762081 4.632675 1.756080
v -17.762081 4.632675 1.756080
v -17.762081 4.632675 1.756080
v -18.304741 4.632675 1.670132
v -18.304741 4.632675 1.670132
v -18.304741 4.632675 1.670132
v -18.304741 4.632675 1.670132
v -18.794281 4.632675 1.420699
v -18.794281 4.632675 1.420699
v -18.794281 4.632675 1.420699
v -18.794281 4.632675 1.420699
v -19.182781 4.632674 1.032198
v -19.182781 4.632674 1.032198
v -19.182781 4.632674 1.032198
v -19.182781 4.632674 1.032198
v -19.432217 4.632674 0.542658
v -19.432217 4.632674 0.542658
v -19.432217 4.632674 0.542658
v -19.432217 4.632674 0.542658
v -19.518162 4.632675 0.000000
v -19.518162 4.632675 0.000000
v -19.518162 4.632675 0.000000
v -19.518162 4.632675 0.000000
v -17.762081 0.688217 1.380283
v -17.762081 0.688217 1.380283
v -17.762081 0.688217 1.380283
v -17.762081 0.688217 1.380283
v -17.335556 0.688217 1.312726
v -17.335556 0.688217 1.312726
v -17.335556 0.688217 1.312726
v -17.335556 0.688217 1.312726
v -16.950771 0.688217 1.116672
v -16.950771 0.688217 1.116672
v -16.950771 0.688217 1.116672
v -16.950771 0.688217 1.116672
v -16.645409 0.688217 0.811309
v -16.645409 0.688217 0.811309
v -16.645409 0.688217 0.811309
v -16.645409 0.688217 0.811309
v -16.449354 0.688217 0.426531
v -16.449354 0.688217 0.426531
v -16.449354 0.688217 0.426531
v -16.449354 0.688217 0.426531
v -16.381802 0.688217 0.000000
v -16.381802 0.688217 0.000000
v -16.381802 0.688217 0.000000
v -16.381802 0.688217 0.000000
v -16.449354 0.688217 -0.426531
v -16.449354 0.688217 -0.426531
v -16.449354 0.688217 -0.426531
v -16.449354 0.688217 -0.426531
v -16.645409 0.688217 -0.811310
v -16.645409 0.688217 -0.811310
v -16.645409 0.688217 -0.811310
v -16.645409 0.688217 -0.811310
v -16.950771 0.688217 -1.116672
v -16.950771 0.688217 -1.116672
v -16.950771 0.688217 -1.116672
v -16.950771 0.688217 -1.116672
v -17.335556 0.688217 -1.312727
v -17.335556 0.688217 -1.312727
v -17.335556 0.688217 -1.312727
v -17.335556 0.688217 -1.312727
v -17.762081 0.688217 -1.380282
v -17.762081 0.688217 -1.380282
v -17.762081 0.688217 -1.380282
v -17.762081 0.688217 -1.380282
v -18.188612 0.688217 -1.312727
v -18.188612 0.688217 -1.312727
v -18.188612 0.688217 -1.312727
v -18.188612 0.688217 -1.312727
v -18.573391 0.688217 -1.116672
v -18.573391 0.688217 -1.116672
v -18.573391 0.688217 -1.116672
v -18.573391 0.688217 -1.116672
v -18.878754 0.688218 -0.811310
v -18.878754 0.688218 -0.811310
v -18.878754 0.688218 -0.811310
v -18.878754 0.688218 -0.811310
v -19.074810 0.688218 -0.426531
v -19.074810 0.688218 -0.426531
v -19.074810 0.688218 -0.426531
v -19.074810 0.688218 -0.426531
v -19.142363 0.688217 0.000000
v -19.142363 0.688217 0.000000
v -19.142363 0.688217 0.000000
v -19.142363 0.688217 0.000000
v -19.074810 0.688217 0.426531
v -19.074810 0.688217 0.426531
v -19.074810 0.688217 0.426531
v -19.074810 0.688217 0.426531
v -18.878754 0.688217 0.811309
v -18.878754 0.688217 0.811309
v -18.878754 0.688217 0.811309
v -18.878754 0.688217 0.811309
v -18.573391 0.688217 1.116672
v -18.573391 0.688217 1.116672
v -18.573391 0.688217 1.116672
v -18.573391 0.688217 1.116672
v -18.188612 0.688217 1.312726
v -18.188612 0.688217 1.312726
v -18.188612 0.688217 1.312726
v -18.188612 0.688217 1.312726
v -19.432217 4.632673 -0.542659
v -19.471989 4.486037 -0.270823
v -19.453419 4.454625 -0.366985
v -19.431606 4.556624 -0.542461
v -19.431606 4.556624 -0.542461
v -19.346117 4.454625 -0.697246
v -19.304619 4.486037 -0.785959
v -19.432217 4.632673 -0.542659
v -19.257240 4.454626 -0.871676
v -19.182262 4.556624 -1.031822
v -19.182781 4.632674 -1.032199
v -19.304619 4.486037 -0.785959
v -19.182262 4.556624 -1.031822
v -19.053125 4.454626 -1.152613
v -18.986248 4.486038 -1.224161
v -19.182781 4.632674 -1.032199
v -18.914700 4.454627 -1.291041
v -18.793903 4.556624 -1.420181
v -18.794281 4.632675 -1.420700
v -18.986248 4.486038 -1.224161
v -18.793903 4.556624 -1.420181
v -18.633755 4.454625 -1.495153
v -18.548040 4.486038 -1.542533
v -18.794281 4.632675 -1.420700
v -18.459326 4.454626 -1.584030
v -18.304543 4.556624 -1.669523
v -18.304741 4.632674 -1.670133
v -18.548040 4.486038 -1.542533
v -18.304543 4.556624 -1.669523
v -18.129063 4.454626 -1.691338
v -18.032902 4.486038 -1.709912
v -18.304741 4.632674 -1.670133
v -17.935707 4.454626 -1.721963
v -17.762081 4.556624 -1.755440
v -17.762081 4.632675 -1.756081
v -18.032902 4.486038 -1.709912
v -17.762081 4.556624 -1.755440
v -17.588459 4.454625 -1.721963
v -17.491261 4.486038 -1.709912
v -17.762081 4.632675 -1.756081
v -17.395103 4.454625 -1.691338
v -17.219622 4.556624 -1.669523
v -17.219421 4.632674 -1.670133
v -17.491261 4.486038 -1.709912
v -17.219622 4.556624 -1.669523
v -17.064833 4.454625 -1.584030
v -16.976120 4.486038 -1.542533
v -17.219421 4.632674 -1.670133
v -16.890404 4.454625 -1.495153
v -16.730263 4.556624 -1.420181
v -16.729881 4.632674 -1.420699
v -16.976120 4.486038 -1.542533
v -16.730263 4.556624 -1.420181
v -16.609467 4.454626 -1.291041
v -16.537922 4.486038 -1.224161
v -16.729881 4.632674 -1.420699
v -16.471043 4.454626 -1.152612
v -16.341900 4.556624 -1.031822
v -16.341381 4.632675 -1.032199
v -16.537922 4.486038 -1.224161
v -16.341900 4.556624 -1.031822
v -16.266933 4.454626 -0.871676
v -16.219547 4.486038 -0.785960
v -16.341381 4.632675 -1.032199
v -16.178051 4.454626 -0.697246
v -16.092556 4.556624 -0.542461
v -16.091948 4.632675 -0.542659
v -16.219547 4.486038 -0.785960
v -16.092556 4.556624 -0.542461
v -16.070744 4.454625 -0.366985
v -16.052170 4.486038 -0.270823
v -16.091948 4.632675 -0.542659
v -16.040117 4.454625 -0.173628
v -16.006645 4.556624 0.000000
v -16.006001 4.632674 0.000000
v -16.052170 4.486038 -0.270823
v -16.006645 4.556624 0.000000
v -16.040117 4.454625 0.173628
v -16.052170 4.486038 0.270823
v -16.006001 4.632674 0.000000
v -16.070744 4.454625 0.366986
v -16.092556 4.556624 0.542461
v -16.091948 4.632675 0.542659
v -16.052170 4.486038 0.270823
v -16.092556 4.556624 0.542461
v -16.178051 4.454625 0.697246
v -16.219547 4.486038 0.785959
v -16.091948 4.632675 0.542659
v -16.266933 4.454625 0.871676
v -16.341900 4.556624 1.031822
v -16.341381 4.632674 1.032199
v -16.219547 4.486038 0.785959
v -16.341900 4.556624 1.031822
v -16.471043 4.454625 1.152612
v -16.537918 4.486038 1.224161
v -16.341381 4.632674 1.032199
v -16.609467 4.454625 1.291041
v -16.730263 4.556624 1.420181
v -16.729881 4.632674 1.420699
v -16.537918 4.486038 1.224161
v -16.730263 4.556624 1.420181
v -16.890404 4.454625 1.495153
v -16.976120 4.486038 1.542533
v -16.729881 4.632674 1.420699
v -17.064833 4.454625 1.584029
v -17.219622 4.556624 1.669523
v -17.219421 4.632675 1.670132
v -16.976120 4.486038 1.542533
v -17.219622 4.556624 1.669523
v -17.395103 4.454626 1.691337
v -17.491261 4.486038 1.709911
v -17.219421 4.632675 1.670132
v -17.588459 4.454626 1.721962
v -17.762081 4.556624 1.755440
v -17.762081 4.632675 1.756080
v -17.491261 4.486038 1.709911
v -17.762081 4.556624 1.755440
v -17.935707 4.454626 1.721962
v -18.032902 4.486038 1.709911
v -17.762081 4.632675 1.756080
v -18.129063 4.454626 1.691337
v -18.304543 4.556624 1.669523
v -18.304741 4.632675 1.670132
v -18.032902 4.486038 1.709911
v -18.304543 4.556624 1.669523
v -18.459326 4.454626 1.584029
v -18.548040 4.486038 1.542533
v -18.304741 4.632675 1.670132
v -18.633755 4.454626 1.495153
v -18.793903 4.556624 1.420181
v -18.794281 4.632675 1.420699
v -18.548040 4.486038 1.542533
v -18.793903 4.556624 1.420181
v -18.914700 4.454625 1.291041
v -18.986248 4.486038 1.224160
v -18.794281 4.632675 1.420699
v -19.053125 4.454625 1.152612
v -19.182262 4.556624 1.031822
v -19.182781 4.632674 1.032198
v -18.986248 4.486038 1.224160
v -19.182262 4.556624 1.031822
v -19.257233 4.454625 0.871675
v -19.304611 4.486038 0.785960
v -19.182781 4.632674 1.032198
v -19.346111 4.454625 0.697246
v -19.431606 4.556624 0.542461
v -19.432217 4.632674 0.542658
v -19.304611 4.486038 0.785960
v -19.431606 4.556624 0.542461
v -19.453419 4.454626 0.366985
v -19.471989 4.486038 0.270823
v -19.432217 4.632674 0.542658
v -19.484041 4.454625 0.173628
v -19.517521 4.556624 0.000000
v -19.518162 4.632675 0.000000
v -19.471989 4.486038 0.270823
v -19.517521 4.556624 0.000000
v -19.484041 4.454626 -0.173628
v -19.471989 4.486037 -0.270823
v -19.518162 4.632675 0.000000
v -17.468842 0.901042 1.351477
v -17.334339 0.757765 1.316465
v -17.335556 0.688217 1.312726
v -17.545681 0.838558 1.366308
v -17.545681 0.838558 1.366308
v -17.762081 0.688217 1.380283
v -17.762081 0.757765 1.384213
v -17.623348 0.901042 1.375948
v -17.762081 0.688217 1.380283
v -17.978489 0.838558 1.366308
v -17.900824 0.901042 1.375948
v -17.762081 0.757765 1.384213
v -17.334339 0.757765 1.316465
v -17.204941 0.901043 1.265732
v -17.134058 0.838558 1.232565
v -17.335556 0.688217 1.312726
v -17.065559 0.901043 1.194714
v -16.948460 0.757765 1.119852
v -16.950771 0.688217 1.116672
v -17.134058 0.838558 1.232565
v -16.948460 0.757765 1.119852
v -16.841080 0.901043 1.031617
v -16.783913 0.838558 0.978169
v -16.950771 0.688217 1.116672
v -16.730469 0.901043 0.921004
v -16.642227 0.757765 0.813620
v -16.645409 0.688217 0.811309
v -16.783913 0.838558 0.978169
v -16.642227 0.757765 0.813620
v -16.567368 0.901042 0.696519
v -16.529514 0.838558 0.628023
v -16.645409 0.688217 0.811309
v -16.496349 0.901042 0.557140
v -16.445621 0.757765 0.427745
v -16.449354 0.688217 0.426531
v -16.529514 0.838558 0.628023
v -16.445621 0.757765 0.427745
v -16.410606 0.901042 0.293243
v -16.395775 0.838558 0.216402
v -16.449354 0.688217 0.426531
v -16.386135 0.901042 0.138739
v -16.377869 0.757765 0.000000
v -16.381802 0.688217 0.000000
v -16.395775 0.838558 0.216402
v -16.377869 0.757765 0.000000
v -16.386135 0.901042 -0.138739
v -16.395775 0.838558 -0.216402
v -16.381802 0.688217 0.000000
v -16.410606 0.901042 -0.293243
v -16.445621 0.757765 -0.427745
v -16.449354 0.688217 -0.426531
v -16.395775 0.838558 -0.216402
v -16.445621 0.757765 -0.427745
v -16.496349 0.901042 -0.557140
v -16.529518 0.838558 -0.628024
v -16.449354 0.688217 -0.426531
v -16.567368 0.901042 -0.696520
v -16.642227 0.757764 -0.813620
v -16.645409 0.688217 -0.811310
v -16.529518 0.838558 -0.628024
v -16.642227 0.757764 -0.813620
v -16.730469 0.901042 -0.921004
v -16.783913 0.838558 -0.978169
v -16.645409 0.688217 -0.811310
v -16.841080 0.901042 -1.031617
v -16.948460 0.757765 -1.119852
v -16.950771 0.688217 -1.116672
v -16.783913 0.838558 -0.978169
v -16.948460 0.757765 -1.119852
v -17.065567 0.901042 -1.194715
v -17.134062 0.838558 -1.232565
v -16.950771 0.688217 -1.116672
v -17.204945 0.901042 -1.265732
v -17.334339 0.757765 -1.316464
v -17.335556 0.688217 -1.312727
v -17.134062 0.838558 -1.232565
v -17.334339 0.757765 -1.316464
v -17.468842 0.901042 -1.351477
v -17.545681 0.838558 -1.366309
v -17.335556 0.688217 -1.312727
v -17.623348 0.901042 -1.375949
v -17.762081 0.757765 -1.384213
v -17.762081 0.688217 -1.380282
v -17.545681 0.838558 -1.366309
v -17.762081 0.757765 -1.384213
v -17.900824 0.901042 -1.375948
v -17.978489 0.838558 -1.366308
v -17.762081 0.688217 -1.380282
v -18.055328 0.901042 -1.351477
v -18.189827 0.757765 -1.316464
v -18.188612 0.688217 -1.312727
v -17.978489 0.838558 -1.366308
v -18.189827 0.757765 -1.316464
v -18.319225 0.901042 -1.265732
v -18.390106 0.838558 -1.232564
v -18.188612 0.688217 -1.312727
v -18.458603 0.901042 -1.194715
v -18.575699 0.757764 -1.119852
v -18.573391 0.688217 -1.116672
v -18.390106 0.838558 -1.232564
v -18.575699 0.757764 -1.119852
v -18.683088 0.901042 -1.031617
v -18.740255 0.838558 -0.978169
v -18.573391 0.688217 -1.116672
v -18.793701 0.901043 -0.921005
v -18.881931 0.757764 -0.813620
v -18.878754 0.688218 -0.811310
v -18.740255 0.838558 -0.978169
v -18.881931 0.757764 -0.813620
v -18.956795 0.901043 -0.696520
v -18.994644 0.838558 -0.628023
v -18.878754 0.688218 -0.811310
v -19.027813 0.901043 -0.557140
v -19.078545 0.757764 -0.427745
v -19.074810 0.688218 -0.426531
v -18.994644 0.838558 -0.628023
v -19.078545 0.757764 -0.427745
v -19.113558 0.901043 -0.293243
v -19.128391 0.838558 -0.216402
v -19.074810 0.688218 -0.426531
v -19.138029 0.901042 -0.138739
v -19.146294 0.757764 0.000000
v -19.142363 0.688217 0.000000
v -19.128391 0.838558 -0.216402
v -19.146294 0.757764 0.000000
v -19.138027 0.901043 0.138739
v -19.128387 0.838559 0.216402
v -19.142363 0.688217 0.000000
v -19.113558 0.901043 0.293243
v -19.078545 0.757765 0.427745
v -19.074810 0.688217 0.426531
v -19.128387 0.838559 0.216402
v -19.078545 0.757765 0.427745
v -19.027813 0.901042 0.557140
v -18.994644 0.838558 0.628023
v -19.074810 0.688217 0.426531
v -18.956795 0.901042 0.696520
v -18.881931 0.757765 0.813620
v -18.878754 0.688217 0.811309
v -18.994644 0.838558 0.628023
v -18.881931 0.757765 0.813620
v -18.793709 0.901042 0.921004
v -18.740257 0.838558 0.978168
v -18.878754 0.688217 0.811309
v -18.683090 0.901042 1.031617
v -18.575699 0.757765 1.119852
v -18.573391 0.688217 1.116672
v -18.740257 0.838558 0.978168
v -18.575699 0.757765 1.119852
v -18.458603 0.901042 1.194714
v -18.390106 0.838558 1.232565
v -18.573391 0.688217 1.116672
v -18.319225 0.901042 1.265732
v -18.189827 0.757765 1.316465
v -18.188612 0.688217 1.312726
v -18.390106 0.838558 1.232565
v -18.189827 0.757765 1.316465
v -18.055328 0.901042 1.351477
v -17.978489 0.838558 1.366308
v -18.188612 0.688217 1.312726
v -19.346117 4.454625 -0.697246
v -19.303558 4.408978 -0.785419
v -19.257240 4.454626 -0.871676
v -19.304619 4.486037 -0.785959
v -19.053125 4.454626 -1.152613
v -18.985405 4.408978 -1.223318
v -18.914700 4.454627 -1.291041
v -18.986248 4.486038 -1.224161
v -18.633755 4.454625 -1.495153
v -18.547497 4.408979 -1.541471
v -18.459326 4.454626 -1.584030
v -18.548040 4.486038 -1.542533
v -18.129063 4.454626 -1.691338
v -18.032715 4.408979 -1.708733
v -17.935707 4.454626 -1.721963
v -18.032902 4.486038 -1.709912
v -17.588459 4.454625 -1.721963
v -17.491451 4.408979 -1.708733
v -17.395103 4.454625 -1.691338
v -17.491261 4.486038 -1.709912
v -17.064833 4.454625 -1.584030
v -16.976662 4.408979 -1.541470
v -16.890404 4.454625 -1.495153
v -16.976120 4.486038 -1.542533
v -16.609467 4.454626 -1.291041
v -16.538765 4.408979 -1.223317
v -16.471043 4.454626 -1.152612
v -16.537922 4.486038 -1.224161
v -16.266933 4.454626 -0.871676
v -16.220612 4.408979 -0.785418
v -16.178051 4.454626 -0.697246
v -16.219547 4.486038 -0.785960
v -16.070744 4.454625 -0.366985
v -16.053352 4.408979 -0.270636
v -16.040117 4.454625 -0.173628
v -16.052170 4.486038 -0.270823
v -16.040117 4.454625 0.173628
v -16.053352 4.408979 0.270637
v -16.070744 4.454625 0.366986
v -16.052170 4.486038 0.270823
v -16.178051 4.454625 0.697246
v -16.220612 4.408979 0.785418
v -16.266933 4.454625 0.871676
v -16.219547 4.486038 0.785959
v -16.471043 4.454625 1.152612
v -16.538761 4.408979 1.223318
v -16.609467 4.454625 1.291041
v -16.537918 4.486038 1.224161
v -16.890404 4.454625 1.495153
v -16.976662 4.408979 1.541470
v -17.064833 4.454625 1.584029
v -16.976120 4.486038 1.542533
v -17.395103 4.454626 1.691337
v -17.491451 4.408979 1.708733
v -17.588459 4.454626 1.721962
v -17.491261 4.486038 1.709911
v -17.935707 4.454626 1.721962
v -18.032715 4.408979 1.708733
v -18.129063 4.454626 1.691337
v -18.032902 4.486038 1.709911
v -18.459326 4.454626 1.584029
v -18.547497 4.408979 1.541470
v -18.633755 4.454626 1.495153
v -18.548040 4.486038 1.542533
v -18.914700 4.454625 1.291041
v -18.985405 4.408979 1.223318
v -19.053125 4.454625 1.152612
v -18.986248 4.486038 1.224160
v -19.257233 4.454625 0.871675
v -19.303551 4.408979 0.785418
v -19.346111 4.454625 0.697246
v -19.304611 4.486038 0.785960
v -19.453419 4.454626 0.366985
v -19.470814 4.408979 0.270637
v -19.484041 4.454625 0.173628
v -19.471989 4.486038 0.270823
v -19.484041 4.454626 -0.173628
v -19.470814 4.408978 -0.270636
v -19.453419 4.454625 -0.366985
v -19.471989 4.486037 -0.270823
v -17.468842 0.901042 1.351477
v -17.545681 0.838558 1.366308
v -17.623348 0.901042 1.375948
v -17.545139 0.910929 1.369726
v -17.065559 0.901043 1.194714
v -17.134058 0.838558 1.232565
v -17.204941 0.901043 1.265732
v -17.132484 0.910929 1.235648
v -16.730469 0.901043 0.921004
v -16.783913 0.838558 0.978169
v -16.841080 0.901043 1.031617
v -16.781464 0.910929 0.980616
v -16.496349 0.901042 0.557140
v -16.529514 0.838558 0.628023
v -16.567368 0.901042 0.696519
v -16.526432 0.910929 0.629594
v -16.386135 0.901042 0.138739
v -16.395775 0.838558 0.216402
v -16.410606 0.901042 0.293243
v -16.392361 0.910929 0.216943
v -16.410606 0.901042 -0.293243
v -16.395775 0.838558 -0.216402
v -16.386135 0.901042 -0.138739
v -16.392361 0.910929 -0.216943
v -16.567368 0.901042 -0.696520
v -16.529518 0.838558 -0.628024
v -16.496349 0.901042 -0.557140
v -16.526436 0.910929 -0.629594
v -16.841080 0.901042 -1.031617
v -16.783913 0.838558 -0.978169
v -16.730469 0.901042 -0.921004
v -16.781466 0.910929 -0.980616
v -17.204945 0.901042 -1.265732
v -17.134062 0.838558 -1.232565
v -17.065567 0.901042 -1.194715
v -17.132490 0.910929 -1.235648
v -17.623348 0.901042 -1.375949
v -17.545681 0.838558 -1.366309
v -17.468842 0.901042 -1.351477
v -17.545139 0.910929 -1.369727
v -18.055328 0.901042 -1.351477
v -17.978489 0.838558 -1.366308
v -17.900824 0.901042 -1.375948
v -17.979031 0.910929 -1.369727
v -18.458603 0.901042 -1.194715
v -18.390106 0.838558 -1.232564
v -18.319225 0.901042 -1.265732
v -18.391682 0.910929 -1.235648
v -18.793701 0.901043 -0.921005
v -18.740255 0.838558 -0.978169
v -18.683088 0.901042 -1.031617
v -18.742702 0.910929 -0.980616
v -19.027813 0.901043 -0.557140
v -18.994644 0.838558 -0.628023
v -18.956795 0.901043 -0.696520
v -18.997734 0.910929 -0.629594
v -19.138029 0.901042 -0.138739
v -19.128391 0.838558 -0.216402
v -19.113558 0.901043 -0.293243
v -19.131807 0.910929 -0.216943
v -19.113558 0.901043 0.293243
v -19.128387 0.838559 0.216402
v -19.138027 0.901043 0.138739
v -19.131805 0.910929 0.216943
v -18.956795 0.901042 0.696520
v -18.994644 0.838558 0.628023
v -19.027813 0.901042 0.557140
v -18.997734 0.910929 0.629594
v -18.683090 0.901042 1.031617
v -18.740257 0.838558 0.978168
v -18.793709 0.901042 0.921004
v -18.742702 0.910929 0.980616
v -18.319225 0.901042 1.265732
v -18.390106 0.838558 1.232565
v -18.458603 0.901042 1.194714
v -18.391682 0.910929 1.235648
v -17.900824 0.901042 1.375948
v -17.978489 0.838558 1.366308
v -18.055328 0.901042 1.351477
v -17.979031 0.910929 1.369726
v -19.471989 4.486037 -0.270823
v -19.432217 4.632673 -0.542659
v -19.534826 4.692712 -0.576000
v -19.577808 4.553851 -0.287583
v -19.432217 4.632673 -0.542659
v -19.304619 4.486037 -0.785959
v -19.400078 4.553851 -0.834599
v -19.534826 4.692712 -0.576000
v -19.304619 4.486037 -0.785959
v -19.182781 4.632674 -1.032199
v -19.270067 4.692714 -1.095617
v -19.400078 4.553851 -0.834599
v -19.182781 4.632674 -1.032199
v -18.986248 4.486038 -1.224161
v -19.062012 4.553851 -1.299918
v -19.270067 4.692714 -1.095617
v -18.986248 4.486038 -1.224161
v -18.794281 4.632675 -1.420700
v -18.857698 4.692715 -1.507987
v -19.062012 4.553851 -1.299918
v -18.794281 4.632675 -1.420700
v -18.548040 4.486038 -1.542533
v -18.596680 4.553852 -1.637994
v -18.857698 4.692715 -1.507987
v -18.548040 4.486038 -1.542533
v -18.304741 4.632674 -1.670133
v -18.338081 4.692715 -1.772745
v -18.596680 4.553852 -1.637994
v -18.304741 4.632674 -1.670133
v -18.032902 4.486038 -1.709912
v -18.049662 4.553851 -1.815730
v -18.338081 4.692715 -1.772745
v -18.032902 4.486038 -1.709912
v -17.762081 4.632675 -1.756081
v -17.762081 4.692714 -1.863974
v -18.049662 4.553851 -1.815730
v -17.762081 4.632675 -1.756081
v -17.491261 4.486038 -1.709912
v -17.474503 4.553851 -1.815730
v -17.762081 4.692714 -1.863974
v -17.491261 4.486038 -1.709912
v -17.219421 4.632674 -1.670133
v -17.186081 4.692715 -1.772745
v -17.474503 4.553851 -1.815730
v -17.219421 4.632674 -1.670133
v -16.976120 4.486038 -1.542533
v -16.927479 4.553851 -1.637993
v -17.186081 4.692715 -1.772745
v -16.976120 4.486038 -1.542533
v -16.729881 4.632674 -1.420699
v -16.666464 4.692714 -1.507986
v -16.927479 4.553851 -1.637993
v -16.729881 4.632674 -1.420699
v -16.537922 4.486038 -1.224161
v -16.462166 4.553851 -1.299919
v -16.666464 4.692714 -1.507986
v -16.537922 4.486038 -1.224161
v -16.341381 4.632675 -1.032199
v -16.254095 4.692715 -1.095616
v -16.462166 4.553851 -1.299919
v -16.341381 4.632675 -1.032199
v -16.219547 4.486038 -0.785960
v -16.124088 4.553851 -0.834599
v -16.254095 4.692715 -1.095616
v -16.219547 4.486038 -0.785960
v -16.091948 4.632675 -0.542659
v -15.989342 4.692715 -0.575999
v -16.124088 4.553851 -0.834599
v -16.091948 4.632675 -0.542659
v -16.052170 4.486038 -0.270823
v -15.946350 4.553851 -0.287583
v -15.989342 4.692715 -0.575999
v -16.052170 4.486038 -0.270823
v -16.006001 4.632674 0.000000
v -15.898109 4.692714 0.000000
v -15.946350 4.553851 -0.287583
v -16.006001 4.632674 0.000000
v -16.052170 4.486038 0.270823
v -15.946350 4.553851 0.287584
v -15.898109 4.692714 0.000000
v -16.052170 4.486038 0.270823
v -16.091948 4.632675 0.542659
v -15.989342 4.692715 0.576000
v -15.946350 4.553851 0.287584
v -16.091948 4.632675 0.542659
v -16.219547 4.486038 0.785959
v -16.124088 4.553851 0.834599
v -15.989342 4.692715 0.576000
v -16.219547 4.486038 0.785959
v -16.341381 4.632674 1.032199
v -16.254095 4.692714 1.095617
v -16.124088 4.553851 0.834599
v -16.341381 4.632674 1.032199
v -16.537918 4.486038 1.224161
v -16.462160 4.553851 1.299919
v -16.254095 4.692714 1.095617
v -16.537918 4.486038 1.224161
v -16.729881 4.632674 1.420699
v -16.666464 4.692714 1.507987
v -16.462160 4.553851 1.299919
v -16.729881 4.632674 1.420699
v -16.976120 4.486038 1.542533
v -16.927479 4.553851 1.637993
v -16.666464 4.692714 1.507987
v -16.976120 4.486038 1.542533
v -17.219421 4.632675 1.670132
v -17.186081 4.692715 1.772744
v -16.927479 4.553851 1.637993
v -17.219421 4.632675 1.670132
v -17.491261 4.486038 1.709911
v -17.474503 4.553851 1.815729
v -17.186081 4.692715 1.772744
v -17.491261 4.486038 1.709911
v -17.762081 4.632675 1.756080
v -17.762081 4.692714 1.863973
v -17.474503 4.553851 1.815729
v -17.762081 4.632675 1.756080
v -18.032902 4.486038 1.709911
v -18.049662 4.553851 1.815729
v -17.762081 4.692714 1.863973
v -18.032902 4.486038 1.709911
v -18.304741 4.632675 1.670132
v -18.338081 4.692715 1.772744
v -18.049662 4.553851 1.815729
v -18.304741 4.632675 1.670132
v -18.548040 4.486038 1.542533
v -18.596680 4.553851 1.637994
v -18.338081 4.692715 1.772744
v -18.548040 4.486038 1.542533
v -18.794281 4.632675 1.420699
v -18.857698 4.692715 1.507987
v -18.596680 4.553851 1.637994
v -18.794281 4.632675 1.420699
v -18.986248 4.486038 1.224160
v -19.062012 4.553851 1.299918
v -18.857698 4.692715 1.507987
v -18.986248 4.486038 1.224160
v -19.182781 4.632674 1.032198
v -19.270067 4.692714 1.095617
v -19.062012 4.553851 1.299918
v -19.182781 4.632674 1.032198
v -19.304611 4.486038 0.785960
v -19.400070 4.553851 0.834599
v -19.270067 4.692714 1.095617
v -19.304611 4.486038 0.785960
v -19.432217 4.632674 0.542658
v -19.534826 4.692715 0.575999
v -19.400070 4.553851 0.834599
v -19.432217 4.632674 0.542658
v -19.471989 4.486038 0.270823
v -19.577808 4.553852 0.287584
v -19.534826 4.692715 0.575999
v -19.471989 4.486038 0.270823
v -19.518162 4.632675 0.000000
v -19.626055 4.692715 0.000000
v -19.577808 4.553852 0.287584
v -19.518162 4.632675 0.000000
v -19.471989 4.486037 -0.270823
v -19.577808 4.553851 -0.287583
v -19.626055 4.692715 0.000000
v -17.545681 0.838558 1.366308
v -17.335556 0.688217 1.312726
v -17.307011 0.619407 1.400574
v -17.532669 0.764033 1.448468
v -17.762081 0.688217 1.380283
v -17.545681 0.838558 1.366308
v -17.532669 0.764033 1.448468
v -17.762081 0.619407 1.472651
v -17.978489 0.838558 1.366308
v -17.762081 0.688217 1.380283
v -17.762081 0.619407 1.472651
v -17.991501 0.764033 1.448467
v -17.335556 0.688217 1.312726
v -17.134058 0.838558 1.232565
v -17.096292 0.764033 1.306682
v -17.307011 0.619407 1.400574
v -17.134058 0.838558 1.232565
v -16.950771 0.688217 1.116672
v -16.896484 0.619407 1.191400
v -17.096292 0.764033 1.306682
v -16.950771 0.688217 1.116672
v -16.783913 0.838558 0.978169
v -16.725092 0.764033 1.036988
v -16.896484 0.619407 1.191400
v -16.783913 0.838558 0.978169
v -16.645409 0.688217 0.811309
v -16.570683 0.619407 0.865602
v -16.725092 0.764033 1.036988
v -16.645409 0.688217 0.811309
v -16.529514 0.838558 0.628023
v -16.455399 0.764033 0.665787
v -16.570683 0.619407 0.865602
v -16.529514 0.838558 0.628023
v -16.449354 0.688217 0.426531
v -16.361507 0.619407 0.455074
v -16.455399 0.764033 0.665787
v -16.449354 0.688217 0.426531
v -16.395775 0.838558 0.216402
v -16.313616 0.764033 0.229415
v -16.361507 0.619407 0.455074
v -16.395775 0.838558 0.216402
v -16.381802 0.688217 0.000000
v -16.289436 0.619407 0.000000
v -16.313616 0.764033 0.229415
v -16.381802 0.688217 0.000000
v -16.395775 0.838558 -0.216402
v -16.313616 0.764033 -0.229415
v -16.289436 0.619407 0.000000
v -16.395775 0.838558 -0.216402
v -16.449354 0.688217 -0.426531
v -16.361507 0.619407 -0.455074
v -16.313616 0.764033 -0.229415
v -16.449354 0.688217 -0.426531
v -16.529518 0.838558 -0.628024
v -16.455406 0.764033 -0.665788
v -16.361507 0.619407 -0.455074
v -16.529518 0.838558 -0.628024
v -16.645409 0.688217 -0.811310
v -16.570683 0.619407 -0.865602
v -16.455406 0.764033 -0.665788
v -16.645409 0.688217 -0.811310
v -16.783913 0.838558 -0.978169
v -16.725094 0.764033 -1.036988
v -16.570683 0.619407 -0.865602
v -16.783913 0.838558 -0.978169
v -16.950771 0.688217 -1.116672
v -16.896484 0.619407 -1.191399
v -16.725094 0.764033 -1.036988
v -16.950771 0.688217 -1.116672
v -17.134062 0.838558 -1.232565
v -17.096298 0.764033 -1.306682
v -16.896484 0.619407 -1.191399
v -17.134062 0.838558 -1.232565
v -17.335556 0.688217 -1.312727
v -17.307011 0.619407 -1.400574
v -17.096298 0.764033 -1.306682
v -17.335556 0.688217 -1.312727
v -17.545681 0.838558 -1.366309
v -17.532669 0.764033 -1.448468
v -17.307011 0.619407 -1.400574
v -17.545681 0.838558 -1.366309
v -17.762081 0.688217 -1.380282
v -17.762081 0.619407 -1.472651
v -17.532669 0.764033 -1.448468
v -17.762081 0.688217 -1.380282
v -17.978489 0.838558 -1.366308
v -17.991501 0.764033 -1.448467
v -17.762081 0.619407 -1.472651
v -17.978489 0.838558 -1.366308
v -18.188612 0.688217 -1.312727
v -18.217155 0.619407 -1.400574
v -17.991501 0.764033 -1.448467
v -18.188612 0.688217 -1.312727
v -18.390106 0.838558 -1.232564
v -18.427872 0.764033 -1.306681
v -18.217155 0.619407 -1.400574
v -18.390106 0.838558 -1.232564
v -18.573391 0.688217 -1.116672
v -18.627684 0.619407 -1.191400
v -18.427872 0.764033 -1.306681
v -18.573391 0.688217 -1.116672
v -18.740255 0.838558 -0.978169
v -18.799072 0.764033 -1.036988
v -18.627684 0.619407 -1.191400
v -18.740255 0.838558 -0.978169
v -18.878754 0.688218 -0.811310
v -18.953480 0.619406 -0.865603
v -18.799072 0.764033 -1.036988
v -18.878754 0.688218 -0.811310
v -18.994644 0.838558 -0.628023
v -19.068764 0.764033 -0.665788
v -18.953480 0.619406 -0.865603
v -18.994644 0.838558 -0.628023
v -19.074810 0.688218 -0.426531
v -19.162657 0.619406 -0.455074
v -19.068764 0.764033 -0.665788
v -19.074810 0.688218 -0.426531
v -19.128391 0.838558 -0.216402
v -19.210552 0.764033 -0.229415
v -19.162657 0.619406 -0.455074
v -19.128391 0.838558 -0.216402
v -19.142363 0.688217 0.000000
v -19.234732 0.619407 0.000000
v -19.210552 0.764033 -0.229415
v -19.142363 0.688217 0.000000
v -19.128387 0.838559 0.216402
v -19.210546 0.764033 0.229415
v -19.234732 0.619407 0.000000
v -19.128387 0.838559 0.216402
v -19.074810 0.688217 0.426531
v -19.162657 0.619407 0.455074
v -19.210546 0.764033 0.229415
v -19.074810 0.688217 0.426531
v -18.994644 0.838558 0.628023
v -19.068764 0.764033 0.665787
v -19.162657 0.619407 0.455074
v -18.994644 0.838558 0.628023
v -18.878754 0.688217 0.811309
v -18.953480 0.619407 0.865602
v -19.068764 0.764033 0.665787
v -18.878754 0.688217 0.811309
v -18.740257 0.838558 0.978168
v -18.799076 0.764033 1.036987
v -18.953480 0.619407 0.865602
v -18.740257 0.838558 0.978168
v -18.573391 0.688217 1.116672
v -18.627684 0.619407 1.191400
v -18.799076 0.764033 1.036987
v -18.573391 0.688217 1.116672
v -18.390106 0.838558 1.232565
v -18.427872 0.764033 1.306681
v -18.627684 0.619407 1.191400
v -18.390106 0.838558 1.232565
v -18.188612 0.688217 1.312726
v -18.217155 0.619407 1.400574
v -18.427872 0.764033 1.306681
v -18.188612 0.688217 1.312726
v -17.978489 0.838558 1.366308
v -17.991501 0.764033 1.448467
v -18.217155 0.619407 1.400574
vt 0.013625 0.283420
vt 0.013625 0.300981
vt 0.012816 0.300981
vt 0.012816 0.283420
vt 0.013625 0.318542
vt 0.012816 0.318542
vt 0.012816 0.336103
vt 0.013625 0.002441
vt 0.012815 0.002441
vt 0.013625 0.020003
vt 0.012815 0.020003
vt 0.013625 0.037564
vt 0.012815 0.037564
vt 0.013625 0.055125
vt 0.012815 0.055125
vt 0.013625 0.072686
vt 0.012815 0.072686
vt 0.013625 0.090247
vt 0.012815 0.090247
vt 0.013625 0.107808
vt 0.012815 0.107808
vt 0.013625 0.125369
vt 0.012815 0.125369
vt 0.013625 0.142931
vt 0.012815 0.142931
vt 0.013625 0.160492
vt 0.012815 0.160492
vt 0.013625 0.178053
vt 0.012815 0.178053
vt 0.013625 0.195614
vt 0.012815 0.195614
vt 0.013625 0.213175
vt 0.012815 0.213175
vt 0.013625 0.230736
vt 0.012815 0.230736
vt 0.013625 0.248297
vt 0.012816 0.248297
vt 0.013625 0.265859
vt 0.012816 0.265859
vt 0.144191 0.697579
vt 0.144192 0.719007
vt 0.138721 0.568996
vt 0.144192 0.740435
vt 0.144191 0.354729
vt 0.144191 0.376157
vt 0.144191 0.397585
vt 0.144191 0.419013
vt 0.144191 0.440442
vt 0.144191 0.461870
vt 0.144191 0.483298
vt 0.144191 0.504726
vt 0.144191 0.526154
vt 0.144191 0.547582
vt 0.144191 0.569010
vt 0.144191 0.590438
vt 0.144191 0.611866
vt 0.144191 0.633294
vt 0.144191 0.654723
vt 0.144191 0.676151
vt 0.144550 0.697579
vt 0.144550 0.676151
vt 0.146016 0.697579
vt 0.145198 0.697579
vt 0.145198 0.676151
vt 0.146016 0.676151
vt 0.144550 0.719007
vt 0.145198 0.719007
vt 0.146016 0.719007
vt 0.144550 0.740435
vt 0.145198 0.740435
vt 0.146016 0.740435
vt 0.144550 0.354729
vt 0.145198 0.354729
vt 0.146016 0.354729
vt 0.144550 0.376157
vt 0.145198 0.376157
vt 0.146016 0.376157
vt 0.144550 0.397585
vt 0.145198 0.397585
vt 0.146016 0.397585
vt 0.144550 0.419013
vt 0.145198 0.419013
vt 0.146016 0.419013
vt 0.144550 0.440442
vt 0.145198 0.440442
vt 0.146016 0.440442
vt 0.144550 0.461870
vt 0.145198 0.461870
vt 0.146016 0.461870
vt 0.144550 0.483298
vt 0.145198 0.483298
vt 0.146016 0.483298
vt 0.144550 0.504726
vt 0.145198 0.504726
vt 0.146016 0.504726
vt 0.144550 0.526154
vt 0.145198 0.526154
vt 0.146016 0.526154
vt 0.144550 0.547582
vt 0.145198 0.547582
vt 0.146016 0.547582
vt 0.144550 0.569010
vt 0.145198 0.569010
vt 0.146016 0.569010
vt 0.144550 0.590438
vt 0.145198 0.590438
vt 0.146016 0.590438
vt 0.144550 0.611866
vt 0.145198 0.611867
vt 0.146016 0.611866
vt 0.144550 0.633295
vt 0.145198 0.633294
vt 0.146016 0.633294
vt 0.144550 0.654723
vt 0.145198 0.654723
vt 0.146016 0.654723
vt 0.146478 0.697579
vt 0.146478 0.719007
vt 0.146478 0.676151
vt 0.146478 0.654723
vt 0.146478 0.633294
vt 0.146478 0.611866
vt 0.146478 0.590438
vt 0.146478 0.569010
vt 0.146478 0.547582
vt 0.146478 0.526154
vt 0.146478 0.504726
vt 0.146478 0.483298
vt 0.146478 0.461870
vt 0.146478 0.440442
vt 0.146478 0.419014
vt 0.146478 0.397585
vt 0.146478 0.376157
vt 0.146478 0.354729
vt 0.146478 0.740435
vt 0.007543 0.283420
vt 0.007544 0.300981
vt 0.006415 0.300981
vt 0.006415 0.283420
vt 0.007544 0.265859
vt 0.006415 0.265859
vt 0.007544 0.248297
vt 0.006415 0.248297
vt 0.007544 0.230736
vt 0.006415 0.230736
vt 0.007544 0.213175
vt 0.006415 0.213175
vt 0.007544 0.195614
vt 0.006415 0.195614
vt 0.007544 0.178053
vt 0.006415 0.178053
vt 0.007544 0.160492
vt 0.006415 0.160492
vt 0.007544 0.142931
vt 0.006415 0.142931
vt 0.007544 0.125369
vt 0.006415 0.125369
vt 0.007544 0.107808
vt 0.006415 0.107808
vt 0.007544 0.090247
vt 0.006415 0.090247
vt 0.007544 0.072686
vt 0.006415 0.072686
vt 0.007544 0.055125
vt 0.006415 0.055125
vt 0.007544 0.037564
vt 0.006415 0.037564
vt 0.007544 0.020003
vt 0.006415 0.020003
vt 0.007544 0.002441
vt 0.006415 0.002441
vt 0.006415 0.336103
vt 0.007544 0.318542
vt 0.006415 0.318542
vt 0.148860 0.697579
vt 0.148860 0.719007
vt 0.148860 0.676151
vt 0.148860 0.654723
vt 0.148860 0.633294
vt 0.148860 0.611866
vt 0.148860 0.590438
vt 0.148860 0.569010
vt 0.148860 0.547582
vt 0.148860 0.526154
vt 0.148860 0.504726
vt 0.148860 0.483298
vt 0.148860 0.461870
vt 0.148860 0.440442
vt 0.148860 0.419013
vt 0.148860 0.397585
vt 0.148860 0.376157
vt 0.148860 0.354729
vt 0.148860 0.740435
vt 0.156423 0.697579
vt 0.156423 0.719007
vt 0.156423 0.676151
vt 0.156423 0.654723
vt 0.156423 0.633294
vt 0.156423 0.611866
vt 0.156423 0.590438
vt 0.156423 0.569010
vt 0.156423 0.547582
vt 0.156423 0.526154
vt 0.156423 0.504726
vt 0.156423 0.483298
vt 0.156423 0.461870
vt 0.156423 0.440442
vt 0.156423 0.419013
vt 0.156423 0.397585
vt 0.156423 0.376157
vt 0.156423 0.354729
vt 0.156423 0.740435
vt 0.002442 0.421386
vt 0.005240 0.421386
vt 0.008178 0.426491
vt 0.007048 0.429365
vt 0.007048 0.413408
vt 0.008178 0.416282
vt 0.010000 0.413408
vt 0.012909 0.418558
vt 0.011792 0.421386
vt 0.008178 0.410534
vt 0.002441 0.405429
vt 0.005240 0.405429
vt 0.011792 0.405429
vt 0.012909 0.408258
vt 0.014874 0.405429
vt 0.018018 0.410534
vt 0.016814 0.413408
vt 0.012909 0.402600
vt 0.008178 0.400325
vt 0.010000 0.397451
vt 0.016814 0.397451
vt 0.018018 0.400325
vt 0.007048 0.397451
vt 0.012909 0.424215
vt 0.014874 0.421386
vt 0.018018 0.426491
vt 0.016814 0.429365
vt 0.010000 0.429365
vt 0.018018 0.416282
vt 0.008178 0.394576
vt 0.002441 0.389472
vt 0.005240 0.389472
vt 0.011792 0.389472
vt 0.012909 0.392301
vt 0.014874 0.389472
vt 0.018018 0.394576
vt 0.012909 0.386643
vt 0.008178 0.384367
vt 0.010000 0.381493
vt 0.016814 0.381493
vt 0.018018 0.384368
vt 0.007048 0.381493
vt 0.008178 0.378619
vt 0.002441 0.373515
vt 0.005240 0.373515
vt 0.011792 0.373515
vt 0.012909 0.376343
vt 0.014874 0.373515
vt 0.018018 0.378619
vt 0.012909 0.370686
vt 0.008178 0.368410
vt 0.010000 0.365536
vt 0.018018 0.368410
vt 0.002441 0.676702
vt 0.005240 0.676702
vt 0.011792 0.676702
vt 0.012909 0.360386
vt 0.014874 0.676702
vt 0.012909 0.673873
vt 0.008178 0.671598
vt 0.010000 0.668724
vt 0.016814 0.668724
vt 0.018018 0.671598
vt 0.007048 0.668724
vt 0.008178 0.665850
vt 0.002441 0.660745
vt 0.005240 0.660745
vt 0.011792 0.660745
vt 0.012909 0.663574
vt 0.014874 0.660745
vt 0.018018 0.665849
vt 0.012909 0.657916
vt 0.008178 0.655641
vt 0.010000 0.652766
vt 0.016814 0.652766
vt 0.018018 0.655640
vt 0.007048 0.652766
vt 0.008178 0.649892
vt 0.002441 0.644788
vt 0.005240 0.644788
vt 0.011792 0.644788
vt 0.012909 0.647616
vt 0.014874 0.644788
vt 0.018018 0.649892
vt 0.012909 0.641959
vt 0.008178 0.639683
vt 0.010000 0.636809
vt 0.016814 0.636809
vt 0.018018 0.639683
vt 0.007048 0.636809
vt 0.008178 0.633935
vt 0.002441 0.628830
vt 0.005240 0.628830
vt 0.011792 0.628830
vt 0.012909 0.631659
vt 0.014874 0.628830
vt 0.018018 0.633935
vt 0.012909 0.626002
vt 0.008178 0.623726
vt 0.010000 0.620852
vt 0.016814 0.620852
vt 0.018018 0.623726
vt 0.007048 0.620852
vt 0.008178 0.617977
vt 0.002441 0.612873
vt 0.005240 0.612873
vt 0.011792 0.612873
vt 0.012909 0.615702
vt 0.014874 0.612873
vt 0.018018 0.617977
vt 0.012909 0.610044
vt 0.008178 0.607769
vt 0.010000 0.604895
vt 0.016814 0.604895
vt 0.018018 0.607769
vt 0.007048 0.604895
vt 0.008178 0.602020
vt 0.002441 0.596916
vt 0.005240 0.596916
vt 0.011792 0.596916
vt 0.012909 0.599745
vt 0.014874 0.596916
vt 0.018018 0.602020
vt 0.012909 0.594087
vt 0.008178 0.591812
vt 0.010000 0.588937
vt 0.016814 0.588937
vt 0.018018 0.591812
vt 0.007048 0.588937
vt 0.008178 0.586063
vt 0.002441 0.580959
vt 0.005240 0.580959
vt 0.011792 0.580959
vt 0.012909 0.583788
vt 0.014874 0.580959
vt 0.018018 0.586063
vt 0.012909 0.578130
vt 0.008178 0.575854
vt 0.010000 0.572980
vt 0.016814 0.572980
vt 0.018018 0.575854
vt 0.007048 0.572980
vt 0.008178 0.570106
vt 0.002441 0.565001
vt 0.005240 0.565001
vt 0.011792 0.565001
vt 0.012909 0.567830
vt 0.014874 0.565001
vt 0.018018 0.570106
vt 0.012909 0.562173
vt 0.008178 0.559897
vt 0.010000 0.557023
vt 0.016814 0.557023
vt 0.018018 0.559897
vt 0.007048 0.557023
vt 0.008178 0.554149
vt 0.002441 0.549044
vt 0.005240 0.549044
vt 0.011792 0.549044
vt 0.012909 0.551873
vt 0.014874 0.549044
vt 0.018018 0.554148
vt 0.012909 0.546215
vt 0.008178 0.543940
vt 0.010000 0.541066
vt 0.016814 0.541066
vt 0.018018 0.543940
vt 0.007048 0.541066
vt 0.008178 0.538191
vt 0.002441 0.533087
vt 0.005240 0.533087
vt 0.011792 0.533087
vt 0.012909 0.535916
vt 0.014874 0.533087
vt 0.018018 0.538191
vt 0.012909 0.530258
vt 0.008178 0.527982
vt 0.010000 0.525108
vt 0.016814 0.525108
vt 0.018018 0.527983
vt 0.007048 0.525108
vt 0.008178 0.522234
vt 0.002441 0.517130
vt 0.005240 0.517130
vt 0.011792 0.517130
vt 0.012909 0.519958
vt 0.014874 0.517130
vt 0.012909 0.514301
vt 0.016814 0.509151
vt 0.018018 0.512025
vt 0.018018 0.522234
vt 0.008178 0.512025
vt 0.010000 0.509151
vt 0.007048 0.509151
vt 0.008178 0.506277
vt 0.002441 0.501172
vt 0.005240 0.501173
vt 0.011792 0.501172
vt 0.012909 0.504001
vt 0.014874 0.501172
vt 0.018018 0.506277
vt 0.012909 0.498344
vt 0.008178 0.496068
vt 0.010000 0.493194
vt 0.016814 0.493194
vt 0.018018 0.496068
vt 0.007048 0.493194
vt 0.008178 0.490320
vt 0.002441 0.485215
vt 0.005240 0.485215
vt 0.011792 0.485215
vt 0.012909 0.488044
vt 0.014874 0.485215
vt 0.018018 0.490320
vt 0.012909 0.482386
vt 0.008178 0.480111
vt 0.010000 0.477237
vt 0.016814 0.477237
vt 0.018018 0.480111
vt 0.007048 0.477236
vt 0.008178 0.474362
vt 0.002441 0.469258
vt 0.005240 0.469258
vt 0.011792 0.469258
vt 0.012909 0.472087
vt 0.014874 0.469258
vt 0.018018 0.474362
vt 0.012909 0.466429
vt 0.008178 0.464154
vt 0.010000 0.461279
vt 0.016814 0.461279
vt 0.018018 0.464154
vt 0.007048 0.461280
vt 0.008178 0.458405
vt 0.002441 0.453301
vt 0.005240 0.453301
vt 0.011792 0.453301
vt 0.012909 0.456130
vt 0.014874 0.453301
vt 0.018018 0.458405
vt 0.012909 0.450472
vt 0.008178 0.448196
vt 0.010000 0.445322
vt 0.016814 0.445322
vt 0.018018 0.448197
vt 0.007048 0.445322
vt 0.008178 0.442448
vt 0.002441 0.437344
vt 0.005240 0.437344
vt 0.011792 0.437344
vt 0.012909 0.440172
vt 0.014874 0.437344
vt 0.018018 0.442448
vt 0.012909 0.434515
vt 0.008178 0.432239
vt 0.018018 0.432239
vt 0.124852 0.533087
vt 0.125969 0.535916
vt 0.122474 0.541066
vt 0.120571 0.538191
vt 0.125969 0.530258
vt 0.120571 0.527983
vt 0.122474 0.525108
vt 0.127853 0.533087
vt 0.129811 0.525108
vt 0.130968 0.527983
vt 0.130968 0.538191
vt 0.129811 0.541066
vt 0.132758 0.525108
vt 0.137555 0.533087
vt 0.134792 0.533087
vt 0.130968 0.522234
vt 0.125969 0.519959
vt 0.127853 0.517130
vt 0.134792 0.517130
vt 0.137555 0.517130
vt 0.130968 0.512025
vt 0.132758 0.509151
vt 0.125969 0.514301
vt 0.124852 0.517130
vt 0.120571 0.512025
vt 0.122474 0.509151
vt 0.129811 0.509151
vt 0.120571 0.522234
vt 0.132758 0.541066
vt 0.124852 0.549044
vt 0.125969 0.551873
vt 0.122474 0.557023
vt 0.120571 0.554149
vt 0.125969 0.546215
vt 0.120571 0.543940
vt 0.127853 0.549044
vt 0.130968 0.543940
vt 0.130968 0.554149
vt 0.129811 0.557023
vt 0.137555 0.549044
vt 0.134792 0.549044
vt 0.132758 0.557023
vt 0.124852 0.565001
vt 0.125969 0.567830
vt 0.122474 0.572980
vt 0.120571 0.570106
vt 0.125969 0.562173
vt 0.120571 0.559897
vt 0.127853 0.565001
vt 0.130968 0.559897
vt 0.130968 0.570106
vt 0.129811 0.572980
vt 0.137555 0.565001
vt 0.134792 0.565001
vt 0.132758 0.572980
vt 0.124852 0.580959
vt 0.125969 0.583788
vt 0.122474 0.588937
vt 0.120571 0.586063
vt 0.125969 0.578130
vt 0.120571 0.575854
vt 0.127853 0.580959
vt 0.130968 0.575854
vt 0.130968 0.586063
vt 0.129811 0.588937
vt 0.137555 0.580959
vt 0.134792 0.580959
vt 0.132758 0.588937
vt 0.124852 0.596916
vt 0.125969 0.599745
vt 0.122474 0.604895
vt 0.120571 0.602020
vt 0.125969 0.594087
vt 0.120571 0.591812
vt 0.127853 0.596916
vt 0.130968 0.591812
vt 0.130968 0.602020
vt 0.129811 0.604895
vt 0.137555 0.596916
vt 0.134792 0.596916
vt 0.132758 0.604895
vt 0.124852 0.612873
vt 0.125969 0.615702
vt 0.122474 0.620852
vt 0.120571 0.617977
vt 0.125969 0.610044
vt 0.120571 0.607769
vt 0.127853 0.612873
vt 0.130968 0.607769
vt 0.130968 0.617978
vt 0.129811 0.620852
vt 0.137555 0.612873
vt 0.134792 0.612873
vt 0.132758 0.620852
vt 0.124852 0.628830
vt 0.125969 0.631659
vt 0.122474 0.636809
vt 0.120571 0.633935
vt 0.125969 0.626002
vt 0.120571 0.623726
vt 0.127853 0.628830
vt 0.130968 0.623726
vt 0.130968 0.633935
vt 0.129811 0.636809
vt 0.137555 0.628830
vt 0.134792 0.628831
vt 0.132758 0.636809
vt 0.124852 0.644788
vt 0.125969 0.647617
vt 0.122474 0.652766
vt 0.120571 0.649892
vt 0.125969 0.641959
vt 0.120571 0.639683
vt 0.127853 0.644788
vt 0.130968 0.639683
vt 0.130968 0.649892
vt 0.129811 0.652766
vt 0.137555 0.644788
vt 0.134792 0.644788
vt 0.132758 0.652766
vt 0.124852 0.660745
vt 0.125969 0.663574
vt 0.122474 0.668724
vt 0.120571 0.665849
vt 0.125969 0.657916
vt 0.120571 0.655641
vt 0.127853 0.660745
vt 0.130968 0.655641
vt 0.130968 0.665849
vt 0.129811 0.668724
vt 0.137555 0.660745
vt 0.134792 0.660745
vt 0.132758 0.668724
vt 0.124852 0.676702
vt 0.125969 0.360386
vt 0.122474 0.365536
vt 0.125969 0.673873
vt 0.120571 0.671598
vt 0.127853 0.676702
vt 0.130968 0.671598
vt 0.129811 0.365536
vt 0.137555 0.676702
vt 0.134792 0.676702
vt 0.132758 0.365536
vt 0.124852 0.373515
vt 0.125969 0.376343
vt 0.122474 0.381493
vt 0.120571 0.378619
vt 0.125969 0.370686
vt 0.120571 0.368410
vt 0.127853 0.373515
vt 0.130967 0.368410
vt 0.130967 0.378619
vt 0.129811 0.381493
vt 0.137555 0.373515
vt 0.134792 0.373515
vt 0.132758 0.381493
vt 0.124852 0.389472
vt 0.125969 0.392301
vt 0.122474 0.397451
vt 0.120571 0.394576
vt 0.125969 0.386643
vt 0.120571 0.384368
vt 0.127853 0.389472
vt 0.130967 0.384368
vt 0.130967 0.394576
vt 0.129811 0.397451
vt 0.137555 0.389472
vt 0.134792 0.389472
vt 0.132758 0.397451
vt 0.124852 0.405429
vt 0.125969 0.408258
vt 0.122474 0.413408
vt 0.120571 0.410533
vt 0.125969 0.402600
vt 0.120571 0.400325
vt 0.127853 0.405429
vt 0.130968 0.400325
vt 0.130968 0.410533
vt 0.129811 0.413408
vt 0.137555 0.405429
vt 0.134792 0.405429
vt 0.132758 0.413408
vt 0.124852 0.421386
vt 0.125969 0.424215
vt 0.122474 0.429365
vt 0.120571 0.426491
vt 0.125969 0.418558
vt 0.120571 0.416282
vt 0.127853 0.421386
vt 0.130968 0.416282
vt 0.130968 0.426491
vt 0.129811 0.429365
vt 0.137555 0.421386
vt 0.134792 0.421386
vt 0.132758 0.429365
vt 0.124852 0.437344
vt 0.125969 0.440172
vt 0.122474 0.445322
vt 0.120571 0.442448
vt 0.125969 0.434515
vt 0.120571 0.432239
vt 0.127853 0.437344
vt 0.130968 0.432239
vt 0.130968 0.442448
vt 0.129811 0.445322
vt 0.137555 0.437344
vt 0.134792 0.437344
vt 0.132758 0.445322
vt 0.124852 0.453301
vt 0.125969 0.456130
vt 0.122474 0.461279
vt 0.120571 0.458405
vt 0.125969 0.450472
vt 0.120571 0.448196
vt 0.127853 0.453301
vt 0.130967 0.448197
vt 0.130968 0.458405
vt 0.129811 0.461279
vt 0.137555 0.453301
vt 0.134792 0.453301
vt 0.132758 0.461279
vt 0.124852 0.469258
vt 0.125969 0.472087
vt 0.122474 0.477236
vt 0.120571 0.474362
vt 0.125969 0.466429
vt 0.120571 0.464154
vt 0.127853 0.469258
vt 0.130968 0.464154
vt 0.130968 0.474362
vt 0.129811 0.477236
vt 0.137555 0.469258
vt 0.134792 0.469258
vt 0.132758 0.477237
vt 0.124852 0.485215
vt 0.125969 0.488044
vt 0.122474 0.493194
vt 0.120571 0.490320
vt 0.125969 0.482386
vt 0.120571 0.480111
vt 0.127853 0.485215
vt 0.130968 0.480111
vt 0.130968 0.490320
vt 0.129811 0.493194
vt 0.137555 0.485215
vt 0.134792 0.485215
vt 0.132758 0.493194
vt 0.124852 0.501172
vt 0.125969 0.504001
vt 0.120571 0.506277
vt 0.125969 0.498344
vt 0.120571 0.496068
vt 0.127853 0.501172
vt 0.130968 0.496068
vt 0.130968 0.506277
vt 0.137555 0.501173
vt 0.134792 0.501172
vt 0.113709 0.533087
vt 0.114961 0.535916
vt 0.111048 0.541066
vt 0.108994 0.538191
vt 0.114962 0.530258
vt 0.108994 0.527983
vt 0.111048 0.525108
vt 0.116988 0.533087
vt 0.119242 0.525108
vt 0.119242 0.541066
vt 0.114961 0.519959
vt 0.116988 0.517130
vt 0.114961 0.514301
vt 0.113709 0.517130
vt 0.108994 0.512025
vt 0.111048 0.509151
vt 0.119242 0.509151
vt 0.108994 0.522234
vt 0.113709 0.549044
vt 0.114961 0.551873
vt 0.111048 0.557023
vt 0.108994 0.554149
vt 0.114961 0.546215
vt 0.108994 0.543940
vt 0.116988 0.549044
vt 0.119242 0.557023
vt 0.113709 0.565001
vt 0.114961 0.567830
vt 0.111048 0.572980
vt 0.108994 0.570106
vt 0.114961 0.562173
vt 0.108994 0.559897
vt 0.116988 0.565001
vt 0.119242 0.572980
vt 0.113709 0.580959
vt 0.114961 0.583788
vt 0.111048 0.588937
vt 0.108994 0.586063
vt 0.114961 0.578130
vt 0.108994 0.575854
vt 0.116988 0.580959
vt 0.119242 0.588937
vt 0.113709 0.596916
vt 0.114961 0.599745
vt 0.111048 0.604895
vt 0.108994 0.602020
vt 0.114961 0.594087
vt 0.108994 0.591812
vt 0.116988 0.596916
vt 0.119242 0.604895
vt 0.113709 0.612873
vt 0.114961 0.615702
vt 0.111048 0.620852
vt 0.108994 0.617977
vt 0.114961 0.610044
vt 0.108994 0.607769
vt 0.116988 0.612873
vt 0.119242 0.620852
vt 0.113709 0.628830
vt 0.114961 0.631659
vt 0.111048 0.636809
vt 0.108994 0.633935
vt 0.114961 0.626002
vt 0.108994 0.623726
vt 0.116988 0.628831
vt 0.119242 0.636809
vt 0.113709 0.644788
vt 0.114961 0.647616
vt 0.111048 0.652766
vt 0.108994 0.649892
vt 0.114962 0.641959
vt 0.108994 0.639683
vt 0.116988 0.644788
vt 0.119242 0.652766
vt 0.113709 0.660745
vt 0.114962 0.663574
vt 0.111048 0.668724
vt 0.108994 0.665849
vt 0.114962 0.657916
vt 0.108994 0.655641
vt 0.116988 0.660745
vt 0.119242 0.668724
vt 0.113709 0.676702
vt 0.114962 0.360386
vt 0.111048 0.365536
vt 0.114961 0.673873
vt 0.108994 0.671598
vt 0.116988 0.676702
vt 0.119242 0.365536
vt 0.113709 0.373515
vt 0.114962 0.376343
vt 0.111048 0.381493
vt 0.108994 0.378619
vt 0.114962 0.370686
vt 0.108994 0.368410
vt 0.116988 0.373515
vt 0.119242 0.381493
vt 0.113709 0.389472
vt 0.114962 0.392301
vt 0.111048 0.397450
vt 0.108994 0.394576
vt 0.114962 0.386643
vt 0.108994 0.384367
vt 0.116988 0.389472
vt 0.119242 0.397451
vt 0.113709 0.405429
vt 0.114962 0.408258
vt 0.111048 0.413408
vt 0.108994 0.410533
vt 0.114962 0.402600
vt 0.108994 0.400325
vt 0.116988 0.405429
vt 0.119242 0.413408
vt 0.113709 0.421386
vt 0.114962 0.424215
vt 0.111048 0.429365
vt 0.108994 0.426491
vt 0.114962 0.418558
vt 0.108994 0.416282
vt 0.116988 0.421386
vt 0.119242 0.429365
vt 0.113709 0.437344
vt 0.114962 0.440172
vt 0.111048 0.445322
vt 0.108994 0.442448
vt 0.114962 0.434515
vt 0.108994 0.432239
vt 0.116988 0.437344
vt 0.119242 0.445322
vt 0.113709 0.453301
vt 0.114962 0.456130
vt 0.111048 0.461279
vt 0.108994 0.458405
vt 0.114962 0.450472
vt 0.108995 0.448196
vt 0.116988 0.453301
vt 0.119242 0.461279
vt 0.113709 0.469258
vt 0.114962 0.472087
vt 0.111048 0.477237
vt 0.108994 0.474362
vt 0.114962 0.466429
vt 0.108994 0.464154
vt 0.116988 0.469258
vt 0.119242 0.477237
vt 0.113709 0.485215
vt 0.114962 0.488044
vt 0.111048 0.493194
vt 0.108994 0.490320
vt 0.114961 0.482386
vt 0.108994 0.480111
vt 0.116988 0.485215
vt 0.119242 0.493194
vt 0.113709 0.501172
vt 0.114962 0.504001
vt 0.108994 0.506277
vt 0.114961 0.498344
vt 0.108994 0.496068
vt 0.116988 0.501172
vt 0.101444 0.533087
vt 0.102830 0.535916
vt 0.098587 0.541066
vt 0.096345 0.538191
vt 0.102830 0.530258
vt 0.096345 0.527983
vt 0.098587 0.525108
vt 0.104998 0.533087
vt 0.107512 0.525108
vt 0.107512 0.541066
vt 0.102830 0.519959
vt 0.104998 0.517130
vt 0.102830 0.514301
vt 0.101444 0.517130
vt 0.096345 0.512025
vt 0.098587 0.509151
vt 0.107512 0.509151
vt 0.096345 0.522234
vt 0.101444 0.549044
vt 0.102830 0.551873
vt 0.098587 0.557023
vt 0.096345 0.554149
vt 0.102830 0.546215
vt 0.096345 0.543940
vt 0.104998 0.549044
vt 0.107512 0.557023
vt 0.101444 0.565001
vt 0.102831 0.567830
vt 0.098587 0.572980
vt 0.096345 0.570106
vt 0.102831 0.562173
vt 0.096345 0.559897
vt 0.104998 0.565001
vt 0.107512 0.572980
vt 0.101444 0.580959
vt 0.102831 0.583788
vt 0.098587 0.588937
vt 0.096345 0.586063
vt 0.102831 0.578130
vt 0.096345 0.575854
vt 0.104998 0.580959
vt 0.107512 0.588937
vt 0.101444 0.596916
vt 0.102831 0.599745
vt 0.098587 0.604895
vt 0.096345 0.602020
vt 0.102831 0.594087
vt 0.096345 0.591812
vt 0.104998 0.596916
vt 0.107512 0.604895
vt 0.101444 0.612873
vt 0.102830 0.615702
vt 0.098587 0.620852
vt 0.096345 0.617978
vt 0.102830 0.610044
vt 0.096345 0.607769
vt 0.104998 0.612873
vt 0.107512 0.620852
vt 0.101444 0.628830
vt 0.102830 0.631659
vt 0.098587 0.636809
vt 0.096345 0.633935
vt 0.102830 0.626002
vt 0.096345 0.623726
vt 0.104998 0.628830
vt 0.107512 0.636809
vt 0.101444 0.644788
vt 0.102830 0.647616
vt 0.098587 0.652766
vt 0.096345 0.649892
vt 0.102830 0.641959
vt 0.096345 0.639683
vt 0.104998 0.644788
vt 0.107512 0.652766
vt 0.101444 0.660745
vt 0.102831 0.663574
vt 0.098587 0.668724
vt 0.096345 0.665849
vt 0.102830 0.657916
vt 0.096345 0.655641
vt 0.104998 0.660745
vt 0.107512 0.668724
vt 0.101444 0.676702
vt 0.102831 0.360386
vt 0.098587 0.365536
vt 0.102831 0.673873
vt 0.096345 0.671598
vt 0.104998 0.676702
vt 0.107512 0.365536
vt 0.101444 0.373515
vt 0.102831 0.376343
vt 0.098587 0.381493
vt 0.096345 0.378619
vt 0.102831 0.370686
vt 0.096345 0.368410
vt 0.104998 0.373515
vt 0.107512 0.381493
vt 0.101444 0.389472
vt 0.102831 0.392301
vt 0.098587 0.397451
vt 0.096345 0.394576
vt 0.102831 0.386643
vt 0.096345 0.384367
vt 0.104998 0.389472
vt 0.107512 0.397451
vt 0.101444 0.405429
vt 0.102831 0.408258
vt 0.098587 0.413408
vt 0.096345 0.410533
vt 0.102831 0.402600
vt 0.096345 0.400325
vt 0.104998 0.405429
vt 0.107512 0.413408
vt 0.101444 0.421386
vt 0.102831 0.424215
vt 0.098587 0.429365
vt 0.096345 0.426491
vt 0.102831 0.418558
vt 0.096345 0.416282
vt 0.104998 0.421386
vt 0.107512 0.429365
vt 0.101444 0.437344
vt 0.102831 0.440172
vt 0.098587 0.445322
vt 0.096345 0.442448
vt 0.102831 0.434515
vt 0.096345 0.432239
vt 0.104998 0.437344
vt 0.107512 0.445322
vt 0.101444 0.453301
vt 0.102831 0.456130
vt 0.098587 0.461279
vt 0.096345 0.458405
vt 0.102831 0.450472
vt 0.096345 0.448197
vt 0.104998 0.453301
vt 0.107512 0.461279
vt 0.101444 0.469258
vt 0.102831 0.472087
vt 0.098587 0.477237
vt 0.096345 0.474362
vt 0.102831 0.466429
vt 0.096345 0.464154
vt 0.104998 0.469258
vt 0.107512 0.477237
vt 0.101444 0.485215
vt 0.102831 0.488044
vt 0.098587 0.493194
vt 0.096345 0.490320
vt 0.102831 0.482386
vt 0.096345 0.480111
vt 0.104998 0.485215
vt 0.107512 0.493194
vt 0.101444 0.501172
vt 0.102830 0.504001
vt 0.096345 0.506277
vt 0.102831 0.498344
vt 0.096345 0.496068
vt 0.104998 0.501173
vt 0.088289 0.533087
vt 0.089733 0.535916
vt 0.085334 0.541066
vt 0.082880 0.538191
vt 0.089733 0.530258
vt 0.082880 0.527983
vt 0.085334 0.525108
vt 0.092070 0.533087
vt 0.094765 0.525108
vt 0.094765 0.541066
vt 0.089733 0.519958
vt 0.092070 0.517130
vt 0.089733 0.514301
vt 0.088289 0.517130
vt 0.082880 0.512025
vt 0.085334 0.509151
vt 0.094765 0.509151
vt 0.082880 0.522234
vt 0.088289 0.549044
vt 0.089733 0.551873
vt 0.085334 0.557023
vt 0.082880 0.554149
vt 0.089733 0.546215
vt 0.082880 0.543940
vt 0.092070 0.549044
vt 0.094765 0.557023
vt 0.088289 0.565001
vt 0.089733 0.567830
vt 0.085334 0.572980
vt 0.082880 0.570106
vt 0.089733 0.562173
vt 0.082880 0.559897
vt 0.092070 0.565001
vt 0.094765 0.572980
vt 0.088289 0.580959
vt 0.089733 0.583788
vt 0.085334 0.588937
vt 0.082880 0.586063
vt 0.089733 0.578130
vt 0.082880 0.575854
vt 0.092070 0.580959
vt 0.094765 0.588937
vt 0.088289 0.596916
vt 0.089733 0.599745
vt 0.085334 0.604895
vt 0.082880 0.602020
vt 0.089733 0.594087
vt 0.082880 0.591812
vt 0.092070 0.596916
vt 0.094765 0.604895
vt 0.088289 0.612873
vt 0.089733 0.615702
vt 0.085334 0.620852
vt 0.082880 0.617977
vt 0.089733 0.610044
vt 0.082880 0.607769
vt 0.092070 0.612873
vt 0.094765 0.620852
vt 0.088289 0.628830
vt 0.089733 0.631659
vt 0.085334 0.636809
vt 0.082880 0.633935
vt 0.089733 0.626002
vt 0.082880 0.623726
vt 0.092070 0.628830
vt 0.094765 0.636809
vt 0.088289 0.644788
vt 0.089733 0.647616
vt 0.085334 0.652766
vt 0.082880 0.649892
vt 0.089733 0.641959
vt 0.082880 0.639683
vt 0.092070 0.644788
vt 0.094765 0.652766
vt 0.088289 0.660745
vt 0.089733 0.663574
vt 0.085334 0.668724
vt 0.082880 0.665849
vt 0.089733 0.657916
vt 0.082880 0.655641
vt 0.092070 0.660745
vt 0.094765 0.668724
vt 0.088289 0.676702
vt 0.089733 0.360386
vt 0.085334 0.365536
vt 0.089733 0.673873
vt 0.082880 0.671598
vt 0.092070 0.676702
vt 0.094765 0.365536
vt 0.088289 0.373515
vt 0.089733 0.376343
vt 0.085334 0.381493
vt 0.082880 0.378619
vt 0.089733 0.370686
vt 0.082880 0.368410
vt 0.092070 0.373515
vt 0.094765 0.381493
vt 0.088289 0.389472
vt 0.089733 0.392301
vt 0.085334 0.397451
vt 0.082880 0.394576
vt 0.089733 0.386643
vt 0.082880 0.384368
vt 0.092070 0.389472
vt 0.094765 0.397451
vt 0.088289 0.405429
vt 0.089733 0.408258
vt 0.085334 0.413408
vt 0.082880 0.410533
vt 0.089733 0.402600
vt 0.082880 0.400325
vt 0.092070 0.405429
vt 0.094765 0.413408
vt 0.088289 0.421386
vt 0.089733 0.424215
vt 0.085334 0.429365
vt 0.082880 0.426491
vt 0.089733 0.418558
vt 0.082880 0.416282
vt 0.092070 0.421386
vt 0.094765 0.429365
vt 0.088289 0.437344
vt 0.089733 0.440172
vt 0.085334 0.445322
vt 0.082880 0.442448
vt 0.089733 0.434515
vt 0.082880 0.432239
vt 0.092070 0.437344
vt 0.094765 0.445322
vt 0.088289 0.453301
vt 0.089733 0.456130
vt 0.085334 0.461279
vt 0.082880 0.458405
vt 0.089733 0.450472
vt 0.082880 0.448197
vt 0.092070 0.453301
vt 0.094765 0.461279
vt 0.088289 0.469258
vt 0.089733 0.472087
vt 0.085334 0.477237
vt 0.082880 0.474362
vt 0.089733 0.466429
vt 0.082880 0.464154
vt 0.092070 0.469258
vt 0.094765 0.477237
vt 0.088289 0.485215
vt 0.089733 0.488044
vt 0.085334 0.493194
vt 0.082880 0.490319
vt 0.089733 0.482386
vt 0.082880 0.480111
vt 0.092070 0.485215
vt 0.094765 0.493194
vt 0.088289 0.501173
vt 0.089733 0.504001
vt 0.082880 0.506277
vt 0.089733 0.498344
vt 0.082880 0.496068
vt 0.092070 0.501172
vt 0.074535 0.533087
vt 0.075990 0.535916
vt 0.071596 0.541066
vt 0.068987 0.538191
vt 0.075990 0.530258
vt 0.068987 0.527983
vt 0.071596 0.525108
vt 0.078516 0.533087
vt 0.081299 0.525108
vt 0.081299 0.541066
vt 0.075990 0.519959
vt 0.078516 0.517130
vt 0.075990 0.514301
vt 0.074535 0.517130
vt 0.068987 0.512025
vt 0.071596 0.509151
vt 0.081299 0.509151
vt 0.068987 0.522234
vt 0.074535 0.549044
vt 0.075990 0.551873
vt 0.071596 0.557023
vt 0.068987 0.554149
vt 0.075990 0.546215
vt 0.068987 0.543940
vt 0.078516 0.549044
vt 0.081299 0.557023
vt 0.074535 0.565001
vt 0.075990 0.567830
vt 0.071596 0.572980
vt 0.068987 0.570106
vt 0.075990 0.562173
vt 0.068987 0.559897
vt 0.078516 0.565001
vt 0.081299 0.572980
vt 0.074535 0.580959
vt 0.075990 0.583787
vt 0.071596 0.588937
vt 0.068987 0.586063
vt 0.075990 0.578130
vt 0.068987 0.575854
vt 0.078516 0.580959
vt 0.081299 0.588937
vt 0.074535 0.596916
vt 0.075990 0.599745
vt 0.071596 0.604895
vt 0.068987 0.602020
vt 0.075990 0.594087
vt 0.068987 0.591812
vt 0.078516 0.596916
vt 0.081299 0.604895
vt 0.074535 0.612873
vt 0.075990 0.615702
vt 0.071596 0.620852
vt 0.068987 0.617977
vt 0.075990 0.610044
vt 0.068987 0.607769
vt 0.078516 0.612873
vt 0.081299 0.620852
vt 0.074535 0.628830
vt 0.075990 0.631659
vt 0.071596 0.636809
vt 0.068987 0.633935
vt 0.075990 0.626002
vt 0.068987 0.623726
vt 0.078516 0.628830
vt 0.081299 0.636809
vt 0.074535 0.644788
vt 0.075990 0.647616
vt 0.071596 0.652766
vt 0.068987 0.649892
vt 0.075990 0.641959
vt 0.068987 0.639683
vt 0.078516 0.644788
vt 0.081299 0.652766
vt 0.074535 0.660745
vt 0.075990 0.663574
vt 0.071596 0.668724
vt 0.068987 0.665849
vt 0.075990 0.657916
vt 0.068987 0.655641
vt 0.078516 0.660745
vt 0.081299 0.668724
vt 0.074535 0.676702
vt 0.075990 0.360386
vt 0.071596 0.365536
vt 0.075990 0.673873
vt 0.068987 0.671598
vt 0.078516 0.676702
vt 0.081299 0.365536
vt 0.074535 0.373515
vt 0.075990 0.376343
vt 0.071596 0.381493
vt 0.068987 0.378619
vt 0.075990 0.370686
vt 0.068987 0.368410
vt 0.078516 0.373515
vt 0.081299 0.381493
vt 0.074535 0.389472
vt 0.075990 0.392301
vt 0.071596 0.397451
vt 0.068987 0.394576
vt 0.075990 0.386643
vt 0.068987 0.384367
vt 0.078516 0.389472
vt 0.081299 0.397451
vt 0.074535 0.405429
vt 0.075990 0.408258
vt 0.071596 0.413408
vt 0.068987 0.410533
vt 0.075990 0.402600
vt 0.068987 0.400325
vt 0.078516 0.405429
vt 0.081299 0.413408
vt 0.074535 0.421386
vt 0.075990 0.424215
vt 0.071596 0.429365
vt 0.068987 0.426491
vt 0.075990 0.418558
vt 0.068987 0.416282
vt 0.078516 0.421386
vt 0.081299 0.429365
vt 0.074535 0.437344
vt 0.075990 0.440172
vt 0.071596 0.445322
vt 0.068987 0.442448
vt 0.075990 0.434515
vt 0.068987 0.432239
vt 0.078516 0.437344
vt 0.081299 0.445322
vt 0.074535 0.453301
vt 0.075990 0.456130
vt 0.071596 0.461279
vt 0.068987 0.458405
vt 0.075990 0.450472
vt 0.068987 0.448197
vt 0.078516 0.453301
vt 0.081299 0.461279
vt 0.074535 0.469258
vt 0.075990 0.472087
vt 0.071596 0.477237
vt 0.068987 0.474362
vt 0.075990 0.466429
vt 0.068987 0.464154
vt 0.078516 0.469258
vt 0.081299 0.477237
vt 0.074535 0.485215
vt 0.075990 0.488044
vt 0.071596 0.493194
vt 0.068987 0.490320
vt 0.075990 0.482387
vt 0.068987 0.480111
vt 0.078516 0.485215
vt 0.081299 0.493194
vt 0.074535 0.501173
vt 0.075990 0.504001
vt 0.068987 0.506277
vt 0.075990 0.498344
vt 0.068987 0.496068
vt 0.078516 0.501173
vt 0.060642 0.533087
vt 0.062043 0.535916
vt 0.057781 0.541066
vt 0.055127 0.538191
vt 0.062043 0.530258
vt 0.055127 0.527982
vt 0.057781 0.525108
vt 0.064683 0.533087
vt 0.067432 0.525108
vt 0.067432 0.541066
vt 0.062043 0.519959
vt 0.064683 0.517130
vt 0.062043 0.514301
vt 0.060642 0.517130
vt 0.055127 0.512025
vt 0.057781 0.509151
vt 0.067432 0.509151
vt 0.055127 0.522234
vt 0.060642 0.549044
vt 0.062043 0.551873
vt 0.057781 0.557023
vt 0.055127 0.554149
vt 0.062043 0.546215
vt 0.055127 0.543940
vt 0.064683 0.549044
vt 0.067432 0.557023
vt 0.060642 0.565001
vt 0.062043 0.567830
vt 0.057781 0.572980
vt 0.055127 0.570106
vt 0.062043 0.562173
vt 0.055127 0.559897
vt 0.064683 0.565001
vt 0.067432 0.572980
vt 0.060642 0.580959
vt 0.062043 0.583788
vt 0.057781 0.588937
vt 0.055127 0.586063
vt 0.062043 0.578130
vt 0.055127 0.575854
vt 0.064683 0.580959
vt 0.067432 0.588937
vt 0.060642 0.596916
vt 0.062043 0.599745
vt 0.057781 0.604895
vt 0.055127 0.602020
vt 0.062043 0.594087
vt 0.055127 0.591812
vt 0.064683 0.596916
vt 0.067432 0.604895
vt 0.060642 0.612873
vt 0.062043 0.615702
vt 0.057781 0.620852
vt 0.055127 0.617978
vt 0.062043 0.610044
vt 0.055127 0.607769
vt 0.064683 0.612873
vt 0.067432 0.620852
vt 0.060642 0.628830
vt 0.062043 0.631659
vt 0.057781 0.636809
vt 0.055127 0.633935
vt 0.062043 0.626002
vt 0.055127 0.623726
vt 0.064683 0.628830
vt 0.067432 0.636809
vt 0.060642 0.644788
vt 0.062043 0.647616
vt 0.057781 0.652766
vt 0.055127 0.649892
vt 0.062043 0.641959
vt 0.055127 0.639683
vt 0.064683 0.644788
vt 0.067432 0.652766
vt 0.060642 0.660745
vt 0.062043 0.663574
vt 0.057781 0.668724
vt 0.055127 0.665849
vt 0.062043 0.657916
vt 0.055127 0.655641
vt 0.064683 0.660745
vt 0.067432 0.668724
vt 0.060642 0.676702
vt 0.062043 0.360386
vt 0.057781 0.365536
vt 0.062043 0.673873
vt 0.055127 0.671598
vt 0.064682 0.676702
vt 0.067432 0.365536
vt 0.060642 0.373515
vt 0.062043 0.376343
vt 0.057781 0.381493
vt 0.055127 0.378619
vt 0.062043 0.370686
vt 0.055127 0.368410
vt 0.064682 0.373515
vt 0.067432 0.381493
vt 0.060642 0.389472
vt 0.062043 0.392301
vt 0.057781 0.397451
vt 0.055127 0.394576
vt 0.062043 0.386643
vt 0.055127 0.384368
vt 0.064682 0.389472
vt 0.067432 0.397451
vt 0.060642 0.405429
vt 0.062043 0.408258
vt 0.057781 0.413408
vt 0.055127 0.410533
vt 0.062043 0.402600
vt 0.055127 0.400325
vt 0.064682 0.405429
vt 0.067432 0.413408
vt 0.060642 0.421386
vt 0.062043 0.424215
vt 0.057781 0.429365
vt 0.055127 0.426491
vt 0.062043 0.418558
vt 0.055127 0.416282
vt 0.064682 0.421386
vt 0.067432 0.429365
vt 0.060642 0.437344
vt 0.062043 0.440172
vt 0.057781 0.445322
vt 0.055127 0.442448
vt 0.062043 0.434515
vt 0.055127 0.432239
vt 0.064682 0.437344
vt 0.067432 0.445322
vt 0.060642 0.453301
vt 0.062043 0.456130
vt 0.057781 0.461279
vt 0.055127 0.458405
vt 0.062043 0.450472
vt 0.055127 0.448197
vt 0.064682 0.453301
vt 0.067432 0.461279
vt 0.060642 0.469258
vt 0.062043 0.472087
vt 0.057781 0.477237
vt 0.055127 0.474362
vt 0.062043 0.466429
vt 0.055127 0.464154
vt 0.064682 0.469258
vt 0.067432 0.477237
vt 0.060642 0.485215
vt 0.062043 0.488044
vt 0.057781 0.493194
vt 0.055127 0.490319
vt 0.062043 0.482386
vt 0.055127 0.480111
vt 0.064682 0.485215
vt 0.067432 0.493194
vt 0.060642 0.501172
vt 0.062043 0.504001
vt 0.055127 0.506277
vt 0.062043 0.498344
vt 0.055127 0.496068
vt 0.064682 0.501173
vt 0.047048 0.533087
vt 0.048365 0.535916
vt 0.044332 0.541066
vt 0.041730 0.538191
vt 0.048365 0.530258
vt 0.041730 0.527983
vt 0.044332 0.525108
vt 0.050996 0.533087
vt 0.053641 0.525108
vt 0.053641 0.541066
vt 0.048365 0.519959
vt 0.050996 0.517130
vt 0.048365 0.514301
vt 0.047048 0.517130
vt 0.041730 0.512025
vt 0.044332 0.509151
vt 0.053641 0.509151
vt 0.041730 0.522234
vt 0.047048 0.549044
vt 0.048365 0.551873
vt 0.044332 0.557023
vt 0.041730 0.554149
vt 0.048365 0.546215
vt 0.041730 0.543940
vt 0.050996 0.549044
vt 0.053641 0.557023
vt 0.047048 0.565001
vt 0.048365 0.567830
vt 0.044332 0.572980
vt 0.041730 0.570106
vt 0.048365 0.562173
vt 0.041730 0.559897
vt 0.050996 0.565001
vt 0.053641 0.572980
vt 0.047048 0.580959
vt 0.048365 0.583788
vt 0.044332 0.588937
vt 0.041730 0.586063
vt 0.048365 0.578130
vt 0.041730 0.575854
vt 0.050996 0.580959
vt 0.053641 0.588937
vt 0.047048 0.596916
vt 0.048365 0.599745
vt 0.044332 0.604895
vt 0.041730 0.602020
vt 0.048365 0.594087
vt 0.041730 0.591812
vt 0.050996 0.596916
vt 0.053641 0.604895
vt 0.047048 0.612873
vt 0.048365 0.615702
vt 0.044332 0.620852
vt 0.041730 0.617977
vt 0.048365 0.610044
vt 0.041730 0.607769
vt 0.050996 0.612873
vt 0.053641 0.620852
vt 0.047048 0.628830
vt 0.048365 0.631659
vt 0.044332 0.636809
vt 0.041730 0.633935
vt 0.048365 0.626002
vt 0.041730 0.623726
vt 0.050996 0.628830
vt 0.053641 0.636809
vt 0.047048 0.644788
vt 0.048365 0.647617
vt 0.044332 0.652766
vt 0.041730 0.649892
vt 0.048365 0.641959
vt 0.041730 0.639683
vt 0.050996 0.644788
vt 0.053641 0.652766
vt 0.047048 0.660745
vt 0.048365 0.663574
vt 0.044332 0.668724
vt 0.041730 0.665849
vt 0.048365 0.657916
vt 0.041730 0.655641
vt 0.050996 0.660745
vt 0.053641 0.668724
vt 0.047048 0.676702
vt 0.048365 0.360386
vt 0.044333 0.365536
vt 0.048365 0.673873
vt 0.041730 0.671598
vt 0.050996 0.676702
vt 0.053641 0.365536
vt 0.047048 0.373515
vt 0.048365 0.376343
vt 0.044333 0.381493
vt 0.041730 0.378619
vt 0.048365 0.370686
vt 0.041730 0.368410
vt 0.050996 0.373515
vt 0.053641 0.381493
vt 0.047048 0.389472
vt 0.048365 0.392301
vt 0.044333 0.397451
vt 0.041730 0.394576
vt 0.048365 0.386643
vt 0.041730 0.384368
vt 0.050996 0.389472
vt 0.053641 0.397451
vt 0.047048 0.405429
vt 0.048365 0.408258
vt 0.044333 0.413408
vt 0.041730 0.410533
vt 0.048365 0.402600
vt 0.041730 0.400325
vt 0.050996 0.405429
vt 0.053641 0.413408
vt 0.047048 0.421386
vt 0.048365 0.424215
vt 0.044333 0.429365
vt 0.041730 0.426491
vt 0.048365 0.418558
vt 0.041730 0.416282
vt 0.050996 0.421386
vt 0.053641 0.429365
vt 0.047048 0.437344
vt 0.048365 0.440172
vt 0.044332 0.445322
vt 0.041730 0.442448
vt 0.048365 0.434515
vt 0.041730 0.432239
vt 0.050996 0.437344
vt 0.053641 0.445322
vt 0.047048 0.453301
vt 0.048365 0.456130
vt 0.044332 0.461279
vt 0.041730 0.458405
vt 0.048365 0.450472
vt 0.041730 0.448197
vt 0.050996 0.453301
vt 0.053641 0.461279
vt 0.047048 0.469258
vt 0.048365 0.472087
vt 0.044332 0.477237
vt 0.041730 0.474362
vt 0.048365 0.466429
vt 0.041730 0.464154
vt 0.050996 0.469258
vt 0.053641 0.477237
vt 0.047048 0.485215
vt 0.048365 0.488044
vt 0.044332 0.493194
vt 0.041730 0.490320
vt 0.048365 0.482387
vt 0.041730 0.480111
vt 0.050996 0.485215
vt 0.053641 0.493194
vt 0.047048 0.501173
vt 0.048365 0.504001
vt 0.041730 0.506277
vt 0.048365 0.498344
vt 0.041730 0.496068
vt 0.050996 0.501173
vt 0.034144 0.533087
vt 0.035375 0.535916
vt 0.031672 0.541065
vt 0.029296 0.538191
vt 0.035375 0.530258
vt 0.029296 0.527982
vt 0.031672 0.525108
vt 0.037897 0.533087
vt 0.040349 0.525108
vt 0.040349 0.541066
vt 0.035375 0.519959
vt 0.037897 0.517130
vt 0.035375 0.514301
vt 0.034144 0.517130
vt 0.029296 0.512025
vt 0.031672 0.509151
vt 0.040349 0.509151
vt 0.029296 0.522234
vt 0.034144 0.549044
vt 0.035375 0.551873
vt 0.031672 0.557023
vt 0.029296 0.554149
vt 0.035375 0.546215
vt 0.029296 0.543940
vt 0.037897 0.549044
vt 0.040349 0.557023
vt 0.034144 0.565001
vt 0.035375 0.567830
vt 0.031672 0.572980
vt 0.029296 0.570106
vt 0.035375 0.562173
vt 0.029296 0.559897
vt 0.037897 0.565001
vt 0.040349 0.572980
vt 0.034144 0.580959
vt 0.035375 0.583788
vt 0.031672 0.588937
vt 0.029296 0.586063
vt 0.035375 0.578130
vt 0.029296 0.575854
vt 0.037897 0.580959
vt 0.040349 0.588937
vt 0.034144 0.596916
vt 0.035375 0.599745
vt 0.031672 0.604895
vt 0.029296 0.602020
vt 0.035375 0.594087
vt 0.029296 0.591812
vt 0.037897 0.596916
vt 0.040349 0.604895
vt 0.034144 0.612873
vt 0.035375 0.615702
vt 0.031672 0.620852
vt 0.029296 0.617977
vt 0.035375 0.610044
vt 0.029296 0.607769
vt 0.037897 0.612873
vt 0.040349 0.620852
vt 0.034144 0.628830
vt 0.035375 0.631659
vt 0.031672 0.636809
vt 0.029296 0.633935
vt 0.035375 0.626002
vt 0.029296 0.623726
vt 0.037897 0.628830
vt 0.040349 0.636809
vt 0.034144 0.644788
vt 0.035375 0.647617
vt 0.031672 0.652766
vt 0.029296 0.649892
vt 0.035375 0.641959
vt 0.029296 0.639683
vt 0.037897 0.644788
vt 0.040349 0.652766
vt 0.034144 0.660745
vt 0.035375 0.663574
vt 0.031672 0.668724
vt 0.029296 0.665849
vt 0.035375 0.657916
vt 0.029296 0.655641
vt 0.037897 0.660745
vt 0.040349 0.668724
vt 0.034144 0.676702
vt 0.035375 0.360386
vt 0.031672 0.365536
vt 0.035375 0.673873
vt 0.029296 0.671598
vt 0.037897 0.676702
vt 0.040349 0.365536
vt 0.034144 0.373515
vt 0.035375 0.376343
vt 0.031672 0.381493
vt 0.029296 0.378619
vt 0.035375 0.370686
vt 0.029296 0.368410
vt 0.037897 0.373515
vt 0.040349 0.381493
vt 0.034144 0.389472
vt 0.035375 0.392301
vt 0.031672 0.397451
vt 0.029296 0.394576
vt 0.035375 0.386643
vt 0.029296 0.384368
vt 0.037897 0.389472
vt 0.040349 0.397451
vt 0.034144 0.405429
vt 0.035375 0.408258
vt 0.031672 0.413408
vt 0.029296 0.410533
vt 0.035375 0.402600
vt 0.029296 0.400325
vt 0.037897 0.405429
vt 0.040349 0.413408
vt 0.034144 0.421386
vt 0.035375 0.424215
vt 0.031672 0.429365
vt 0.029296 0.426491
vt 0.035375 0.418558
vt 0.029296 0.416282
vt 0.037897 0.421386
vt 0.040349 0.429365
vt 0.034144 0.437344
vt 0.035375 0.440172
vt 0.031672 0.445322
vt 0.029296 0.442448
vt 0.035375 0.434515
vt 0.029296 0.432239
vt 0.037897 0.437344
vt 0.040349 0.445322
vt 0.034144 0.453301
vt 0.035375 0.456130
vt 0.031672 0.461279
vt 0.029296 0.458405
vt 0.035375 0.450472
vt 0.029296 0.448197
vt 0.037897 0.453301
vt 0.040349 0.461279
vt 0.034144 0.469258
vt 0.035375 0.472087
vt 0.031672 0.477237
vt 0.029296 0.474362
vt 0.035375 0.466429
vt 0.029296 0.464154
vt 0.037897 0.469258
vt 0.040349 0.477237
vt 0.034144 0.485215
vt 0.035375 0.488044
vt 0.031672 0.493194
vt 0.029296 0.490320
vt 0.035375 0.482386
vt 0.029296 0.480111
vt 0.037897 0.485215
vt 0.040349 0.493194
vt 0.034144 0.501172
vt 0.035375 0.504001
vt 0.029296 0.506277
vt 0.035375 0.498344
vt 0.029296 0.496068
vt 0.037897 0.501172
vt 0.022325 0.533087
vt 0.023488 0.535916
vt 0.020151 0.541066
vt 0.023488 0.530258
vt 0.020151 0.525108
vt 0.025768 0.533087
vt 0.027976 0.525108
vt 0.027976 0.541065
vt 0.023488 0.519959
vt 0.025768 0.517130
vt 0.023488 0.514301
vt 0.022325 0.517130
vt 0.020151 0.509151
vt 0.027977 0.509151
vt 0.022325 0.549044
vt 0.023488 0.551873
vt 0.020151 0.557023
vt 0.023488 0.546215
vt 0.025768 0.549044
vt 0.027976 0.557023
vt 0.022325 0.565001
vt 0.023488 0.567830
vt 0.020151 0.572980
vt 0.023488 0.562173
vt 0.025768 0.565001
vt 0.027976 0.572980
vt 0.022325 0.580959
vt 0.023488 0.583788
vt 0.020151 0.588937
vt 0.023488 0.578130
vt 0.025768 0.580959
vt 0.027976 0.588937
vt 0.022325 0.596916
vt 0.023488 0.599745
vt 0.020151 0.604895
vt 0.023488 0.594087
vt 0.025768 0.596916
vt 0.027976 0.604895
vt 0.022325 0.612873
vt 0.023488 0.615702
vt 0.020151 0.620852
vt 0.023488 0.610044
vt 0.025768 0.612873
vt 0.027976 0.620852
vt 0.022325 0.628830
vt 0.023488 0.631659
vt 0.020151 0.636809
vt 0.023488 0.626002
vt 0.025768 0.628830
vt 0.027976 0.636809
vt 0.022325 0.644788
vt 0.023488 0.647617
vt 0.020151 0.652766
vt 0.023488 0.641959
vt 0.025768 0.644788
vt 0.027976 0.652766
vt 0.022325 0.660745
vt 0.023488 0.663574
vt 0.020151 0.668724
vt 0.023488 0.657916
vt 0.025768 0.660745
vt 0.027976 0.668724
vt 0.022325 0.676702
vt 0.023488 0.360386
vt 0.020151 0.365536
vt 0.023488 0.673873
vt 0.025768 0.676702
vt 0.027977 0.365536
vt 0.022325 0.373515
vt 0.023488 0.376343
vt 0.020151 0.381493
vt 0.023488 0.370686
vt 0.025768 0.373515
vt 0.027977 0.381493
vt 0.022325 0.389472
vt 0.023488 0.392301
vt 0.020151 0.397451
vt 0.023488 0.386643
vt 0.025768 0.389472
vt 0.027977 0.397451
vt 0.022325 0.405429
vt 0.023488 0.408258
vt 0.020151 0.413408
vt 0.023488 0.402600
vt 0.025768 0.405429
vt 0.027977 0.413408
vt 0.022325 0.421386
vt 0.023488 0.424215
vt 0.020151 0.429365
vt 0.023488 0.418558
vt 0.025768 0.421386
vt 0.027977 0.429365
vt 0.022325 0.437344
vt 0.023488 0.440172
vt 0.020151 0.445322
vt 0.023488 0.434515
vt 0.025768 0.437344
vt 0.027977 0.445322
vt 0.022325 0.453301
vt 0.023488 0.456130
vt 0.020151 0.461279
vt 0.023488 0.450472
vt 0.025768 0.453301
vt 0.027977 0.461279
vt 0.022325 0.469258
vt 0.023488 0.472087
vt 0.020151 0.477237
vt 0.023488 0.466429
vt 0.025768 0.469258
vt 0.027977 0.477236
vt 0.022325 0.485215
vt 0.023488 0.488044
vt 0.020151 0.493194
vt 0.023488 0.482386
vt 0.025768 0.485215
vt 0.027977 0.493194
vt 0.022325 0.501173
vt 0.023488 0.504001
vt 0.023488 0.498344
vt 0.025768 0.501172
vt 0.005069 0.300981
vt 0.005069 0.283420
vt 0.005069 0.265859
vt 0.005069 0.248297
vt 0.005069 0.230736
vt 0.005069 0.213175
vt 0.005069 0.195614
vt 0.005069 0.178053
vt 0.005069 0.160492
vt 0.005069 0.142931
vt 0.005069 0.125369
vt 0.005069 0.107808
vt 0.005069 0.090247
vt 0.005069 0.072686
vt 0.005069 0.055125
vt 0.005069 0.037564
vt 0.005069 0.020003
vt 0.005069 0.002441
vt 0.005069 0.336103
vt 0.005069 0.318542
vt 0.159232 0.697579
vt 0.159232 0.719007
vt 0.159232 0.740435
vt 0.159232 0.354729
vt 0.159232 0.376157
vt 0.159232 0.397585
vt 0.159232 0.419013
vt 0.159232 0.440442
vt 0.159232 0.461870
vt 0.159232 0.483298
vt 0.159232 0.504726
vt 0.159232 0.526154
vt 0.159232 0.547582
vt 0.159232 0.569010
vt 0.159232 0.590438
vt 0.159232 0.611866
vt 0.159232 0.633294
vt 0.159232 0.654723
vt 0.159232 0.676151
vt 0.010672 0.283420
vt 0.007026 0.283420
vt 0.007026 0.300981
vt 0.010672 0.300981
vt 0.007026 0.318542
vt 0.010672 0.318542
vt 0.007026 0.336103
vt 0.010672 0.336103
vt 0.007026 0.002441
vt 0.010672 0.002441
vt 0.007026 0.020003
vt 0.010672 0.020003
vt 0.007026 0.037564
vt 0.010672 0.037564
vt 0.007026 0.055125
vt 0.010672 0.055125
vt 0.007026 0.072686
vt 0.010672 0.072686
vt 0.007026 0.090247
vt 0.010672 0.090247
vt 0.007026 0.107808
vt 0.010672 0.107808
vt 0.007026 0.125369
vt 0.010672 0.125369
vt 0.007026 0.142931
vt 0.010672 0.142931
vt 0.007026 0.160492
vt 0.010672 0.160492
vt 0.007026 0.178053
vt 0.010672 0.178053
vt 0.007026 0.195614
vt 0.010672 0.195614
vt 0.007026 0.213175
vt 0.010672 0.213175
vt 0.007026 0.230736
vt 0.010672 0.230736
vt 0.007026 0.248297
vt 0.010672 0.248297
vt 0.007026 0.265859
vt 0.010672 0.265859
vt 0.178493 0.447025
vt 0.173772 0.585483
vt 0.178493 0.423951
vt 0.178493 0.400877
vt 0.178493 0.816208
vt 0.178493 0.793134
vt 0.178493 0.770060
vt 0.178493 0.746986
vt 0.178493 0.723912
vt 0.178493 0.700838
vt 0.178493 0.677764
vt 0.178493 0.654690
vt 0.178493 0.631616
vt 0.178493 0.608542
vt 0.178493 0.585468
vt 0.178493 0.562394
vt 0.178493 0.539320
vt 0.178493 0.516246
vt 0.178493 0.493173
vt 0.178493 0.470099
vt 0.178178 0.447025
vt 0.178178 0.470099
vt 0.176799 0.447025
vt 0.176799 0.470099
vt 0.177573 0.470099
vt 0.177573 0.447025
vt 0.178178 0.423951
vt 0.177573 0.423951
vt 0.176799 0.423951
vt 0.178178 0.400877
vt 0.177573 0.400877
vt 0.176799 0.400877
vt 0.176799 0.377803
vt 0.178178 0.816208
vt 0.177573 0.816208
vt 0.176799 0.816208
vt 0.178178 0.793134
vt 0.177573 0.793134
vt 0.176799 0.793134
vt 0.178178 0.770060
vt 0.177573 0.770060
vt 0.176799 0.770060
vt 0.178178 0.746986
vt 0.177573 0.746986
vt 0.176799 0.746986
vt 0.178178 0.723912
vt 0.177573 0.723912
vt 0.176799 0.723912
vt 0.178178 0.700838
vt 0.177573 0.700838
vt 0.176799 0.700838
vt 0.178178 0.677764
vt 0.177573 0.677764
vt 0.176799 0.677764
vt 0.178178 0.654690
vt 0.177573 0.654690
vt 0.176799 0.654690
vt 0.178178 0.631616
vt 0.177573 0.631616
vt 0.176799 0.631616
vt 0.178178 0.608542
vt 0.177573 0.608542
vt 0.176799 0.608542
vt 0.178178 0.585468
vt 0.177573 0.585468
vt 0.176799 0.585468
vt 0.178178 0.562394
vt 0.177573 0.562394
vt 0.176799 0.562394
vt 0.178178 0.539320
vt 0.177573 0.539320
vt 0.176799 0.539320
vt 0.178178 0.516247
vt 0.177573 0.516247
vt 0.176799 0.516246
vt 0.178178 0.493173
vt 0.177573 0.493173
vt 0.176799 0.493173
vt 0.176361 0.447025
vt 0.176361 0.423951
vt 0.176361 0.470099
vt 0.176361 0.493173
vt 0.176361 0.516246
vt 0.176361 0.539320
vt 0.176361 0.562394
vt 0.176361 0.585468
vt 0.176361 0.608542
vt 0.176361 0.631616
vt 0.176361 0.654690
vt 0.176361 0.677764
vt 0.176361 0.700838
vt 0.176361 0.723912
vt 0.176361 0.746986
vt 0.176361 0.770060
vt 0.176361 0.793134
vt 0.176361 0.816208
vt 0.176361 0.377803
vt 0.176361 0.400877
vt 0.004995 0.283420
vt 0.003742 0.283420
vt 0.003742 0.300981
vt 0.004995 0.300981
vt 0.004995 0.265859
vt 0.003742 0.265859
vt 0.004995 0.248298
vt 0.003742 0.248298
vt 0.004995 0.230736
vt 0.003742 0.230736
vt 0.004995 0.213175
vt 0.003742 0.213175
vt 0.004995 0.195614
vt 0.003742 0.195614
vt 0.004995 0.178053
vt 0.003742 0.178053
vt 0.004995 0.160492
vt 0.003742 0.160492
vt 0.004995 0.142931
vt 0.003742 0.142931
vt 0.004995 0.125369
vt 0.003742 0.125369
vt 0.004995 0.107808
vt 0.003742 0.107808
vt 0.004995 0.090247
vt 0.003742 0.090247
vt 0.004995 0.072686
vt 0.003742 0.072686
vt 0.004995 0.055125
vt 0.003742 0.055125
vt 0.004995 0.037564
vt 0.003742 0.037564
vt 0.004995 0.020003
vt 0.003742 0.020003
vt 0.004995 0.002441
vt 0.003742 0.002441
vt 0.004995 0.318542
vt 0.003742 0.318542
vt 0.173791 0.447025
vt 0.173791 0.423951
vt 0.173791 0.470099
vt 0.173791 0.493173
vt 0.173791 0.516246
vt 0.173791 0.539320
vt 0.173791 0.562394
vt 0.173791 0.585468
vt 0.173791 0.608542
vt 0.173791 0.631616
vt 0.173791 0.654690
vt 0.173791 0.677764
vt 0.173791 0.700838
vt 0.173791 0.723912
vt 0.173791 0.746986
vt 0.173791 0.770060
vt 0.173791 0.793134
vt 0.173791 0.816208
vt 0.173791 0.377803
vt 0.173791 0.400877
vt 0.169006 0.447025
vt 0.169006 0.423951
vt 0.169006 0.470099
vt 0.169006 0.493173
vt 0.169006 0.516246
vt 0.169006 0.539320
vt 0.169006 0.562394
vt 0.169006 0.585468
vt 0.169006 0.608542
vt 0.169006 0.631616
vt 0.169006 0.654690
vt 0.169006 0.677764
vt 0.169006 0.700838
vt 0.169006 0.723912
vt 0.169006 0.746986
vt 0.169006 0.770060
vt 0.169006 0.793134
vt 0.169006 0.816208
vt 0.169006 0.377803
vt 0.169006 0.400877
vt 0.427613 0.371784
vt 0.427613 0.362855
vt 0.425334 0.364682
vt 0.425555 0.370529
vt 0.112964 0.359876
vt 0.112743 0.365723
vt 0.115022 0.367550
vt 0.115022 0.358622
vt 0.010339 0.416282
vt 0.013802 0.421386
vt 0.014908 0.418558
vt 0.011853 0.413408
vt 0.494751 0.365167
vt 0.494973 0.371014
vt 0.497031 0.372269
vt 0.497031 0.363340
vt 0.014908 0.408258
vt 0.013802 0.405429
vt 0.010339 0.410534
vt 0.018723 0.413408
vt 0.019832 0.410534
vt 0.016490 0.405429
vt 0.014908 0.402600
vt 0.011853 0.397451
vt 0.010339 0.400325
vt 0.019832 0.400325
vt 0.018723 0.397451
vt 0.572260 0.356059
vt 0.572260 0.361910
vt 0.574607 0.363649
vt 0.574269 0.354727
vt 0.014908 0.424215
vt 0.018723 0.429365
vt 0.019832 0.426491
vt 0.016490 0.421386
vt 0.010339 0.426491
vt 0.011853 0.429365
vt 0.019832 0.416282
vt 0.556077 0.365167
vt 0.556298 0.371014
vt 0.558356 0.372269
vt 0.558356 0.363340
vt 0.014908 0.392301
vt 0.013802 0.389472
vt 0.010339 0.394576
vt 0.019832 0.394576
vt 0.016490 0.389472
vt 0.014908 0.386643
vt 0.011853 0.381493
vt 0.010339 0.384367
vt 0.019832 0.384368
vt 0.018723 0.381493
vt 0.637214 0.355983
vt 0.636993 0.361831
vt 0.639272 0.363657
vt 0.639272 0.354729
vt 0.047158 0.360245
vt 0.047380 0.366092
vt 0.049438 0.367347
vt 0.049438 0.358418
vt 0.014908 0.376343
vt 0.013802 0.373515
vt 0.010339 0.378619
vt 0.019832 0.378619
vt 0.016490 0.373515
vt 0.014908 0.370686
vt 0.011853 0.365536
vt 0.010339 0.368410
vt 0.019832 0.368410
vt 0.018723 0.365536
vt 0.121907 0.359876
vt 0.121686 0.365724
vt 0.123966 0.367550
vt 0.123966 0.358622
vt 0.013088 0.360448
vt 0.013310 0.366295
vt 0.015368 0.367550
vt 0.015368 0.358622
vt 0.014908 0.360386
vt 0.013802 0.676702
vt 0.016490 0.676702
vt 0.014908 0.673873
vt 0.011853 0.668724
vt 0.010339 0.671598
vt 0.019832 0.671598
vt 0.018723 0.668724
vt 0.582703 0.355983
vt 0.582481 0.361830
vt 0.584761 0.363657
vt 0.584761 0.354729
vt 0.552244 0.365167
vt 0.552465 0.371014
vt 0.554524 0.372269
vt 0.554524 0.363340
vt 0.014908 0.663574
vt 0.013802 0.660745
vt 0.010339 0.665849
vt 0.019832 0.665849
vt 0.016490 0.660745
vt 0.014908 0.657916
vt 0.011853 0.652766
vt 0.010339 0.655640
vt 0.019832 0.655641
vt 0.018723 0.652766
vt 0.074210 0.359546
vt 0.073988 0.365394
vt 0.076268 0.367220
vt 0.076268 0.358292
vt 0.613144 0.356555
vt 0.613366 0.362402
vt 0.615424 0.363657
vt 0.615424 0.354729
vt 0.014908 0.647616
vt 0.013802 0.644788
vt 0.010339 0.649892
vt 0.019832 0.649892
vt 0.016490 0.644788
vt 0.014908 0.641959
vt 0.011853 0.636809
vt 0.010339 0.639683
vt 0.019832 0.639683
vt 0.018723 0.636809
vt 0.437906 0.364642
vt 0.437684 0.370489
vt 0.439964 0.372316
vt 0.439964 0.363387
vt 0.630179 0.356555
vt 0.630400 0.362403
vt 0.632458 0.363657
vt 0.632458 0.354729
vt 0.014908 0.631659
vt 0.013802 0.628830
vt 0.010339 0.633935
vt 0.019832 0.633935
vt 0.016490 0.628830
vt 0.014908 0.626002
vt 0.011853 0.620852
vt 0.010339 0.623726
vt 0.019832 0.623726
vt 0.018723 0.620852
vt 0.589517 0.355983
vt 0.589295 0.361830
vt 0.591575 0.363657
vt 0.591575 0.354729
vt 0.060360 0.360139
vt 0.060582 0.365986
vt 0.062640 0.367241
vt 0.062640 0.358312
vt 0.014908 0.615702
vt 0.013802 0.612873
vt 0.010339 0.617977
vt 0.019832 0.617977
vt 0.016490 0.612873
vt 0.014908 0.610044
vt 0.011853 0.604895
vt 0.010339 0.607769
vt 0.019832 0.607769
vt 0.018723 0.604895
vt 0.606551 0.355983
vt 0.606330 0.361831
vt 0.608610 0.363657
vt 0.608610 0.354729
vt 0.565446 0.356467
vt 0.565446 0.362318
vt 0.567455 0.363650
vt 0.567793 0.354728
vt 0.014908 0.599745
vt 0.013802 0.596916
vt 0.010339 0.602020
vt 0.019832 0.602020
vt 0.016490 0.596916
vt 0.014908 0.594087
vt 0.011853 0.588937
vt 0.010339 0.591812
vt 0.019832 0.591812
vt 0.018723 0.588937
vt 0.623586 0.355983
vt 0.623365 0.361831
vt 0.625644 0.363657
vt 0.625645 0.354729
vt 0.599516 0.356555
vt 0.599738 0.362402
vt 0.601796 0.363657
vt 0.601796 0.354729
vt 0.014908 0.583788
vt 0.013802 0.580959
vt 0.010339 0.586063
vt 0.019832 0.586063
vt 0.016490 0.580959
vt 0.014908 0.578130
vt 0.011853 0.572980
vt 0.010339 0.575854
vt 0.019832 0.575854
vt 0.018723 0.572980
vt 0.609958 0.355983
vt 0.609737 0.361831
vt 0.612017 0.363657
vt 0.612017 0.354729
vt 0.579074 0.356555
vt 0.579296 0.362402
vt 0.581354 0.363657
vt 0.581354 0.354729
vt 0.014908 0.567830
vt 0.013802 0.565001
vt 0.010339 0.570106
vt 0.019832 0.570106
vt 0.016490 0.565001
vt 0.014908 0.562173
vt 0.011853 0.557023
vt 0.010339 0.559897
vt 0.019832 0.559897
vt 0.018723 0.557023
vt 0.568853 0.356059
vt 0.568853 0.361910
vt 0.571200 0.363649
vt 0.570862 0.354727
vt 0.619958 0.356555
vt 0.620179 0.362403
vt 0.622238 0.363657
vt 0.622238 0.354729
vt 0.014908 0.551873
vt 0.013802 0.549044
vt 0.010339 0.554149
vt 0.019832 0.554149
vt 0.016490 0.549044
vt 0.014908 0.546215
vt 0.011853 0.541066
vt 0.010339 0.543940
vt 0.019832 0.543940
vt 0.018723 0.541066
vt 0.616773 0.355983
vt 0.616551 0.361831
vt 0.618831 0.363657
vt 0.618831 0.354729
vt 0.626772 0.356555
vt 0.626993 0.362403
vt 0.629052 0.363657
vt 0.629052 0.354729
vt 0.014908 0.535916
vt 0.013802 0.533087
vt 0.010339 0.538191
vt 0.019832 0.538191
vt 0.016490 0.533087
vt 0.014908 0.530258
vt 0.011853 0.525108
vt 0.010339 0.527982
vt 0.019832 0.527982
vt 0.018723 0.525108
vt 0.575667 0.356059
vt 0.575667 0.361910
vt 0.578014 0.363649
vt 0.577676 0.354727
vt 0.592702 0.356555
vt 0.592924 0.362402
vt 0.594982 0.363657
vt 0.594982 0.354729
vt 0.014908 0.519959
vt 0.013802 0.517130
vt 0.010339 0.522234
vt 0.016490 0.517130
vt 0.019831 0.512025
vt 0.018723 0.509151
vt 0.014908 0.514301
vt 0.019832 0.522234
vt 0.011853 0.509151
vt 0.010339 0.512025
vt 0.024808 0.359876
vt 0.024587 0.365723
vt 0.026866 0.367550
vt 0.026866 0.358622
vt 0.034382 0.360331
vt 0.034603 0.366178
vt 0.036662 0.367433
vt 0.036662 0.358504
vt 0.014908 0.504001
vt 0.013802 0.501173
vt 0.010339 0.506277
vt 0.019831 0.506277
vt 0.016490 0.501173
vt 0.014908 0.498344
vt 0.011853 0.493194
vt 0.010339 0.496068
vt 0.019831 0.496068
vt 0.018723 0.493194
vt 0.640621 0.355983
vt 0.640400 0.361831
vt 0.642679 0.363657
vt 0.642679 0.354729
vt 0.021180 0.360448
vt 0.021401 0.366296
vt 0.023459 0.367550
vt 0.023459 0.358622
vt 0.014908 0.488044
vt 0.013802 0.485215
vt 0.010339 0.490320
vt 0.019831 0.490320
vt 0.016490 0.485215
vt 0.014908 0.482386
vt 0.011853 0.477237
vt 0.010339 0.480111
vt 0.019831 0.480111
vt 0.018723 0.477237
vt 0.596331 0.355983
vt 0.596109 0.361831
vt 0.598389 0.363657
vt 0.598389 0.354729
vt 0.444924 0.365167
vt 0.445145 0.371014
vt 0.447204 0.372269
vt 0.447204 0.363340
vt 0.014908 0.472087
vt 0.013802 0.469258
vt 0.010339 0.474362
vt 0.019831 0.474362
vt 0.016490 0.469258
vt 0.014908 0.466429
vt 0.011853 0.461279
vt 0.010339 0.464154
vt 0.019831 0.464154
vt 0.018723 0.461279
vt 0.633807 0.355983
vt 0.633586 0.361831
vt 0.635865 0.363657
vt 0.635865 0.354729
vt 0.585888 0.356555
vt 0.586110 0.362403
vt 0.588168 0.363657
vt 0.588168 0.354729
vt 0.014908 0.456130
vt 0.013802 0.453301
vt 0.010339 0.458405
vt 0.019831 0.458405
vt 0.016490 0.453301
vt 0.014908 0.450472
vt 0.011853 0.445322
vt 0.010339 0.448197
vt 0.019831 0.448197
vt 0.018723 0.445322
vt 0.100614 0.359876
vt 0.100392 0.365723
vt 0.102672 0.367550
vt 0.102672 0.358622
vt 0.602923 0.356555
vt 0.603145 0.362403
vt 0.605203 0.363657
vt 0.605203 0.354729
vt 0.014908 0.440172
vt 0.013802 0.437344
vt 0.010339 0.442448
vt 0.019831 0.442448
vt 0.016490 0.437344
vt 0.014908 0.434515
vt 0.010339 0.432239
vt 0.019832 0.432239
vt 0.087412 0.359787
vt 0.087190 0.365634
vt 0.089470 0.367461
vt 0.089470 0.358532
vt 0.122952 0.533087
vt 0.118125 0.538191
vt 0.120318 0.541066
vt 0.123307 0.535916
vt 0.123307 0.530258
vt 0.120318 0.525108
vt 0.118125 0.527982
vt 0.125450 0.533087
vt 0.128213 0.527983
vt 0.127885 0.525108
vt 0.127885 0.541066
vt 0.128213 0.538191
vt 0.550115 0.355868
vt 0.551242 0.361695
vt 0.552906 0.362735
vt 0.552906 0.354729
vt 0.128213 0.522234
vt 0.125450 0.517130
vt 0.123307 0.519958
vt 0.445586 0.362735
vt 0.445586 0.354729
vt 0.443922 0.355769
vt 0.442795 0.361596
vt 0.424056 0.354727
vt 0.424056 0.362733
vt 0.426848 0.361594
vt 0.425721 0.355767
vt 0.123307 0.514301
vt 0.120318 0.509151
vt 0.118125 0.512025
vt 0.122952 0.517130
vt 0.128213 0.512025
vt 0.127885 0.509151
vt 0.118125 0.522234
vt 0.412557 0.356064
vt 0.412557 0.361999
vt 0.415515 0.362587
vt 0.413994 0.354727
vt 0.122952 0.549044
vt 0.118125 0.554148
vt 0.120318 0.557023
vt 0.123307 0.551873
vt 0.123307 0.546215
vt 0.118125 0.543940
vt 0.125450 0.549044
vt 0.128213 0.543940
vt 0.127885 0.557023
vt 0.128213 0.554148
vt 0.446627 0.355868
vt 0.447755 0.361695
vt 0.449419 0.362735
vt 0.449419 0.354729
vt 0.451588 0.355769
vt 0.450460 0.361596
vt 0.453252 0.362735
vt 0.453252 0.354729
vt 0.122952 0.565001
vt 0.118125 0.570106
vt 0.120318 0.572980
vt 0.123307 0.567830
vt 0.123307 0.562173
vt 0.118125 0.559897
vt 0.125450 0.565001
vt 0.128213 0.559897
vt 0.127885 0.572980
vt 0.128213 0.570106
vt 0.538616 0.355868
vt 0.539743 0.361695
vt 0.541408 0.362735
vt 0.541408 0.354729
vt 0.463086 0.355769
vt 0.461959 0.361596
vt 0.464751 0.362735
vt 0.464751 0.354729
vt 0.122952 0.580959
vt 0.118125 0.586063
vt 0.120318 0.588937
vt 0.123307 0.583788
vt 0.123307 0.578130
vt 0.118125 0.575854
vt 0.125450 0.580959
vt 0.128213 0.575854
vt 0.127885 0.588937
vt 0.128213 0.586063
vt 0.542449 0.355868
vt 0.543576 0.361695
vt 0.545241 0.362735
vt 0.545241 0.354729
vt 0.535910 0.355769
vt 0.534783 0.361596
vt 0.537575 0.362735
vt 0.537575 0.354729
vt 0.122952 0.596916
vt 0.118125 0.602020
vt 0.120318 0.604895
vt 0.123307 0.599745
vt 0.123307 0.594087
vt 0.118125 0.591812
vt 0.125450 0.596916
vt 0.128213 0.591812
vt 0.127885 0.604895
vt 0.128213 0.602020
vt 0.477290 0.355868
vt 0.478417 0.361695
vt 0.480082 0.362735
vt 0.480082 0.354729
vt 0.489916 0.355769
vt 0.488789 0.361596
vt 0.491581 0.362735
vt 0.491581 0.354729
vt 0.122952 0.612873
vt 0.118125 0.617978
vt 0.120318 0.620852
vt 0.123307 0.615702
vt 0.123307 0.610044
vt 0.118125 0.607769
vt 0.125450 0.612873
vt 0.128213 0.607769
vt 0.127885 0.620852
vt 0.128213 0.617977
vt 0.527117 0.355868
vt 0.528245 0.361695
vt 0.529909 0.362735
vt 0.529909 0.354729
vt 0.470752 0.355769
vt 0.469625 0.361596
vt 0.472416 0.362735
vt 0.472416 0.354729
vt 0.122952 0.628830
vt 0.118125 0.633935
vt 0.120318 0.636809
vt 0.123307 0.631659
vt 0.123307 0.626002
vt 0.118125 0.623726
vt 0.125450 0.628830
vt 0.128213 0.623726
vt 0.127885 0.636809
vt 0.128213 0.633935
vt 0.511786 0.355868
vt 0.512913 0.361695
vt 0.514578 0.362735
vt 0.514578 0.354729
vt 0.547409 0.355769
vt 0.546282 0.361596
vt 0.549074 0.362735
vt 0.549074 0.354729
vt 0.122952 0.644788
vt 0.118125 0.649892
vt 0.120318 0.652766
vt 0.123307 0.647616
vt 0.123307 0.641959
vt 0.118125 0.639683
vt 0.125450 0.644788
vt 0.128213 0.639683
vt 0.127885 0.652766
vt 0.128213 0.649892
vt 0.454293 0.355868
vt 0.455420 0.361695
vt 0.457085 0.362735
vt 0.457085 0.354729
vt 0.416390 0.356064
vt 0.416390 0.361999
vt 0.419348 0.362587
vt 0.417827 0.354727
vt 0.122952 0.660745
vt 0.118125 0.665849
vt 0.120318 0.668724
vt 0.123307 0.663574
vt 0.123307 0.657916
vt 0.118125 0.655641
vt 0.125450 0.660745
vt 0.128213 0.655641
vt 0.127885 0.668724
vt 0.128213 0.665849
vt 0.484956 0.355868
vt 0.486083 0.361695
vt 0.487748 0.362735
vt 0.487748 0.354729
vt 0.420223 0.356064
vt 0.420223 0.361999
vt 0.423181 0.362587
vt 0.421660 0.354727
vt 0.122952 0.676702
vt 0.120318 0.365536
vt 0.123307 0.360386
vt 0.123307 0.673873
vt 0.118125 0.671598
vt 0.125450 0.676702
vt 0.128213 0.671598
vt 0.128213 0.362662
vt 0.438962 0.355868
vt 0.440089 0.361695
vt 0.441754 0.362735
vt 0.441754 0.354729
vt 0.432423 0.355769
vt 0.431296 0.361596
vt 0.434088 0.362735
vt 0.434088 0.354729
vt 0.122952 0.373515
vt 0.118125 0.378619
vt 0.120318 0.381493
vt 0.123307 0.376343
vt 0.123307 0.370686
vt 0.118125 0.368411
vt 0.125450 0.373515
vt 0.128213 0.368410
vt 0.127885 0.381493
vt 0.128213 0.378619
vt 0.553947 0.355868
vt 0.555075 0.361694
vt 0.556739 0.362735
vt 0.556739 0.354729
vt 0.505247 0.355769
vt 0.504120 0.361596
vt 0.506912 0.362735
vt 0.506912 0.354729
vt 0.122952 0.389472
vt 0.118125 0.394576
vt 0.120318 0.397451
vt 0.123307 0.392301
vt 0.123307 0.386643
vt 0.118125 0.384368
vt 0.125450 0.389472
vt 0.128213 0.384368
vt 0.127885 0.397451
vt 0.128213 0.394576
vt 0.523285 0.355868
vt 0.524412 0.361694
vt 0.526076 0.362735
vt 0.526076 0.354729
vt 0.436256 0.355769
vt 0.435129 0.361596
vt 0.437921 0.362735
vt 0.437921 0.354729
vt 0.122952 0.405429
vt 0.118125 0.410533
vt 0.120318 0.413408
vt 0.123307 0.408258
vt 0.123307 0.402600
vt 0.118125 0.400325
vt 0.125450 0.405429
vt 0.128213 0.400325
vt 0.127885 0.413408
vt 0.128213 0.410533
vt 0.557780 0.355868
vt 0.558908 0.361694
vt 0.560572 0.362735
vt 0.560572 0.354729
vt 0.501415 0.355769
vt 0.500287 0.361596
vt 0.503079 0.362735
vt 0.503079 0.354729
vt 0.122952 0.421386
vt 0.118125 0.426491
vt 0.120318 0.429365
vt 0.123307 0.424215
vt 0.123307 0.418558
vt 0.118125 0.416282
vt 0.125450 0.421386
vt 0.128213 0.416282
vt 0.127885 0.429365
vt 0.128213 0.426491
vt 0.458126 0.355868
vt 0.459253 0.361695
vt 0.460918 0.362735
vt 0.460918 0.354729
vt 0.482250 0.355769
vt 0.481123 0.361596
vt 0.483915 0.362735
vt 0.483915 0.354729
vt 0.122952 0.437344
vt 0.118125 0.442448
vt 0.120318 0.445322
vt 0.123307 0.440172
vt 0.123307 0.434515
vt 0.118125 0.432239
vt 0.125450 0.437344
vt 0.128213 0.432239
vt 0.127885 0.445322
vt 0.128213 0.442448
vt 0.496455 0.355868
vt 0.497582 0.361695
vt 0.499246 0.362735
vt 0.499246 0.354729
vt 0.474585 0.355769
vt 0.473457 0.361596
vt 0.476249 0.362735
vt 0.476249 0.354729
vt 0.122952 0.453301
vt 0.118125 0.458405
vt 0.120318 0.461279
vt 0.123307 0.456130
vt 0.123307 0.450472
vt 0.118125 0.448197
vt 0.125450 0.453301
vt 0.128213 0.448197
vt 0.127885 0.461279
vt 0.128213 0.458405
vt 0.515619 0.355868
vt 0.516746 0.361695
vt 0.518411 0.362735
vt 0.518411 0.354729
vt 0.466919 0.355769
vt 0.465792 0.361596
vt 0.468583 0.362735
vt 0.468583 0.354729
vt 0.122952 0.469258
vt 0.118125 0.474362
vt 0.120318 0.477237
vt 0.123307 0.472087
vt 0.123307 0.466429
vt 0.118125 0.464154
vt 0.125450 0.469258
vt 0.128213 0.464154
vt 0.127885 0.477237
vt 0.128213 0.474362
vt 0.530950 0.355868
vt 0.532077 0.361695
vt 0.533742 0.362735
vt 0.533742 0.354729
vt 0.493749 0.355769
vt 0.492622 0.361596
vt 0.495414 0.362735
vt 0.495414 0.354729
vt 0.122952 0.485215
vt 0.118125 0.490320
vt 0.120318 0.493194
vt 0.123307 0.488044
vt 0.123307 0.482386
vt 0.118125 0.480111
vt 0.125450 0.485215
vt 0.128213 0.480111
vt 0.127885 0.493194
vt 0.128213 0.490320
vt 0.427463 0.355868
vt 0.428590 0.361695
vt 0.430255 0.362735
vt 0.430255 0.354729
vt 0.509080 0.355769
vt 0.507953 0.361596
vt 0.510745 0.362735
vt 0.510745 0.354729
vt 0.122952 0.501172
vt 0.118125 0.506277
vt 0.123307 0.504001
vt 0.123307 0.498344
vt 0.118125 0.496068
vt 0.125450 0.501173
vt 0.128213 0.496068
vt 0.128213 0.506277
vt 0.519452 0.355868
vt 0.520579 0.361695
vt 0.522243 0.362735
vt 0.522243 0.354729
vt 0.562740 0.355769
vt 0.561613 0.361596
vt 0.564405 0.362735
vt 0.564405 0.354729
vt 0.112227 0.533087
vt 0.106955 0.538191
vt 0.109233 0.541066
vt 0.112670 0.535916
vt 0.112670 0.530258
vt 0.109233 0.525108
vt 0.106955 0.527983
vt 0.114910 0.533087
vt 0.117728 0.525108
vt 0.117728 0.541066
vt 0.114910 0.517130
vt 0.112670 0.519959
vt 0.112670 0.514301
vt 0.109233 0.509151
vt 0.106955 0.512025
vt 0.112227 0.517130
vt 0.117728 0.509151
vt 0.106955 0.522234
vt 0.112227 0.549044
vt 0.106955 0.554148
vt 0.109233 0.557023
vt 0.112670 0.551873
vt 0.112670 0.546215
vt 0.106955 0.543940
vt 0.114910 0.549044
vt 0.117728 0.557023
vt 0.112227 0.565001
vt 0.106955 0.570106
vt 0.109233 0.572980
vt 0.112670 0.567830
vt 0.112670 0.562173
vt 0.106955 0.559897
vt 0.114910 0.565001
vt 0.117728 0.572980
vt 0.112227 0.580959
vt 0.106955 0.586063
vt 0.109233 0.588937
vt 0.112670 0.583788
vt 0.112670 0.578130
vt 0.106955 0.575854
vt 0.114910 0.580959
vt 0.117728 0.588937
vt 0.112227 0.596916
vt 0.106955 0.602020
vt 0.109233 0.604895
vt 0.112670 0.599745
vt 0.112670 0.594087
vt 0.106955 0.591812
vt 0.114910 0.596916
vt 0.117728 0.604895
vt 0.112227 0.612873
vt 0.106955 0.617978
vt 0.109233 0.620852
vt 0.112670 0.615702
vt 0.112670 0.610044
vt 0.106955 0.607769
vt 0.114910 0.612873
vt 0.117728 0.620852
vt 0.112227 0.628830
vt 0.106955 0.633935
vt 0.109233 0.636809
vt 0.112670 0.631659
vt 0.112670 0.626002
vt 0.106955 0.623726
vt 0.114910 0.628830
vt 0.117728 0.636809
vt 0.112227 0.644788
vt 0.106955 0.649892
vt 0.109233 0.652766
vt 0.112670 0.647616
vt 0.112670 0.641959
vt 0.106955 0.639683
vt 0.114910 0.644788
vt 0.117728 0.652767
vt 0.112227 0.660745
vt 0.106955 0.665849
vt 0.109233 0.668724
vt 0.112670 0.663574
vt 0.112670 0.657916
vt 0.106955 0.655641
vt 0.114910 0.660745
vt 0.117728 0.668724
vt 0.112227 0.676702
vt 0.109233 0.365536
vt 0.112670 0.360386
vt 0.112670 0.673873
vt 0.106955 0.671598
vt 0.114910 0.676702
vt 0.117728 0.365536
vt 0.112227 0.373515
vt 0.106955 0.378619
vt 0.109233 0.381493
vt 0.112670 0.376343
vt 0.112670 0.370686
vt 0.106955 0.368410
vt 0.114910 0.373515
vt 0.117728 0.381493
vt 0.112227 0.389472
vt 0.106955 0.394576
vt 0.109233 0.397450
vt 0.112670 0.392301
vt 0.112670 0.386643
vt 0.106955 0.384368
vt 0.114910 0.389472
vt 0.117728 0.397451
vt 0.112227 0.405429
vt 0.106955 0.410533
vt 0.109233 0.413408
vt 0.112670 0.408258
vt 0.112670 0.402600
vt 0.106955 0.400325
vt 0.114910 0.405429
vt 0.117728 0.413408
vt 0.112227 0.421386
vt 0.106955 0.426491
vt 0.109233 0.429365
vt 0.112670 0.424215
vt 0.112670 0.418558
vt 0.106955 0.416282
vt 0.114910 0.421386
vt 0.117728 0.429365
vt 0.112227 0.437344
vt 0.106955 0.442448
vt 0.109233 0.445322
vt 0.112670 0.440172
vt 0.112670 0.434515
vt 0.106955 0.432239
vt 0.114910 0.437344
vt 0.117728 0.445322
vt 0.112227 0.453301
vt 0.106955 0.458405
vt 0.109233 0.461279
vt 0.112670 0.456130
vt 0.112670 0.450472
vt 0.106955 0.448197
vt 0.114910 0.453301
vt 0.117728 0.461279
vt 0.112227 0.469258
vt 0.106955 0.474362
vt 0.109233 0.477237
vt 0.112670 0.472087
vt 0.112670 0.466429
vt 0.106955 0.464154
vt 0.114910 0.469258
vt 0.117728 0.477236
vt 0.112227 0.485215
vt 0.106955 0.490320
vt 0.109233 0.493194
vt 0.112670 0.488044
vt 0.112670 0.482386
vt 0.106955 0.480111
vt 0.114910 0.485215
vt 0.117728 0.493194
vt 0.112227 0.501173
vt 0.106955 0.506277
vt 0.112670 0.504001
vt 0.112670 0.498344
vt 0.106955 0.496068
vt 0.114910 0.501172
vt 0.100447 0.533087
vt 0.094820 0.538191
vt 0.097149 0.541066
vt 0.100996 0.535916
vt 0.100996 0.530258
vt 0.097149 0.525108
vt 0.094820 0.527983
vt 0.103305 0.533087
vt 0.106460 0.525108
vt 0.106460 0.541066
vt 0.103305 0.517130
vt 0.100996 0.519959
vt 0.100996 0.514301
vt 0.097149 0.509151
vt 0.094820 0.512025
vt 0.100447 0.517130
vt 0.106460 0.509151
vt 0.094820 0.522234
vt 0.100447 0.549044
vt 0.094820 0.554149
vt 0.097149 0.557023
vt 0.100996 0.551873
vt 0.100996 0.546215
vt 0.094820 0.543940
vt 0.103305 0.549044
vt 0.106460 0.557023
vt 0.100447 0.565001
vt 0.094820 0.570106
vt 0.097149 0.572980
vt 0.100996 0.567830
vt 0.100996 0.562173
vt 0.094820 0.559897
vt 0.103305 0.565002
vt 0.106460 0.572980
vt 0.100447 0.580959
vt 0.094820 0.586063
vt 0.097149 0.588937
vt 0.100996 0.583788
vt 0.100996 0.578130
vt 0.094820 0.575854
vt 0.103305 0.580959
vt 0.106460 0.588937
vt 0.100447 0.596916
vt 0.094820 0.602020
vt 0.097149 0.604895
vt 0.100996 0.599745
vt 0.100996 0.594087
vt 0.094820 0.591812
vt 0.103305 0.596916
vt 0.106460 0.604895
vt 0.100447 0.612873
vt 0.094820 0.617978
vt 0.097149 0.620852
vt 0.100996 0.615702
vt 0.100996 0.610044
vt 0.094820 0.607769
vt 0.103305 0.612873
vt 0.106460 0.620852
vt 0.100447 0.628830
vt 0.094820 0.633935
vt 0.097149 0.636809
vt 0.100996 0.631659
vt 0.100996 0.626002
vt 0.094820 0.623726
vt 0.103305 0.628830
vt 0.106460 0.636809
vt 0.100447 0.644788
vt 0.094820 0.649892
vt 0.097149 0.652766
vt 0.100996 0.647616
vt 0.100996 0.641959
vt 0.094820 0.639683
vt 0.103305 0.644788
vt 0.106460 0.652766
vt 0.100447 0.660745
vt 0.094820 0.665849
vt 0.097149 0.668724
vt 0.100996 0.663574
vt 0.100996 0.657916
vt 0.094820 0.655641
vt 0.103305 0.660745
vt 0.106460 0.668724
vt 0.100447 0.676702
vt 0.097149 0.365536
vt 0.100996 0.360386
vt 0.100996 0.673873
vt 0.094820 0.671598
vt 0.103305 0.676702
vt 0.106460 0.365536
vt 0.100447 0.373515
vt 0.094820 0.378619
vt 0.097149 0.381493
vt 0.100996 0.376343
vt 0.100996 0.370686
vt 0.094820 0.368410
vt 0.103305 0.373515
vt 0.106460 0.381493
vt 0.100447 0.389472
vt 0.094820 0.394576
vt 0.097149 0.397451
vt 0.100996 0.392301
vt 0.100996 0.386643
vt 0.094820 0.384367
vt 0.103305 0.389472
vt 0.106460 0.397450
vt 0.100447 0.405429
vt 0.094820 0.410533
vt 0.097149 0.413408
vt 0.100996 0.408258
vt 0.100996 0.402600
vt 0.094820 0.400325
vt 0.103305 0.405429
vt 0.106460 0.413408
vt 0.100447 0.421386
vt 0.094820 0.426491
vt 0.097149 0.429365
vt 0.100996 0.424215
vt 0.100996 0.418558
vt 0.094820 0.416282
vt 0.103305 0.421386
vt 0.106460 0.429365
vt 0.100447 0.437344
vt 0.094820 0.442448
vt 0.097149 0.445322
vt 0.100996 0.440172
vt 0.100996 0.434515
vt 0.094820 0.432239
vt 0.103305 0.437344
vt 0.106460 0.445322
vt 0.100447 0.453301
vt 0.094820 0.458405
vt 0.097149 0.461280
vt 0.100996 0.456130
vt 0.100996 0.450472
vt 0.094820 0.448197
vt 0.103305 0.453301
vt 0.106460 0.461279
vt 0.100447 0.469258
vt 0.094820 0.474362
vt 0.097149 0.477237
vt 0.100996 0.472087
vt 0.100996 0.466429
vt 0.094820 0.464154
vt 0.103305 0.469258
vt 0.106460 0.477237
vt 0.100447 0.485215
vt 0.094820 0.490319
vt 0.097149 0.493194
vt 0.100996 0.488044
vt 0.100996 0.482386
vt 0.094820 0.480111
vt 0.103305 0.485215
vt 0.106460 0.493194
vt 0.100447 0.501172
vt 0.094820 0.506277
vt 0.100996 0.504001
vt 0.100996 0.498344
vt 0.094820 0.496068
vt 0.103305 0.501173
vt 0.087795 0.533087
vt 0.081956 0.538191
vt 0.084289 0.541066
vt 0.088460 0.535916
vt 0.088460 0.530258
vt 0.084289 0.525108
vt 0.081956 0.527982
vt 0.090798 0.533087
vt 0.094213 0.525108
vt 0.094213 0.541066
vt 0.090798 0.517130
vt 0.088460 0.519959
vt 0.088460 0.514301
vt 0.084289 0.509151
vt 0.081956 0.512025
vt 0.087795 0.517130
vt 0.094213 0.509151
vt 0.081956 0.522234
vt 0.087795 0.549044
vt 0.081956 0.554148
vt 0.084289 0.557023
vt 0.088460 0.551873
vt 0.088460 0.546215
vt 0.081956 0.543940
vt 0.090798 0.549044
vt 0.094213 0.557023
vt 0.087795 0.565001
vt 0.081956 0.570106
vt 0.084289 0.572980
vt 0.088460 0.567830
vt 0.088460 0.562173
vt 0.081956 0.559897
vt 0.090798 0.565001
vt 0.094213 0.572980
vt 0.087795 0.580959
vt 0.081956 0.586063
vt 0.084289 0.588937
vt 0.088460 0.583788
vt 0.088460 0.578130
vt 0.081956 0.575854
vt 0.090798 0.580959
vt 0.094213 0.588937
vt 0.087795 0.596916
vt 0.081956 0.602020
vt 0.084289 0.604895
vt 0.088460 0.599745
vt 0.088460 0.594087
vt 0.081956 0.591812
vt 0.090798 0.596916
vt 0.094213 0.604895
vt 0.087795 0.612873
vt 0.081956 0.617978
vt 0.084289 0.620852
vt 0.088460 0.615702
vt 0.088460 0.610044
vt 0.081956 0.607769
vt 0.090798 0.612873
vt 0.094213 0.620852
vt 0.087795 0.628830
vt 0.081956 0.633935
vt 0.084289 0.636809
vt 0.088460 0.631659
vt 0.088460 0.626002
vt 0.081956 0.623726
vt 0.090798 0.628830
vt 0.094213 0.636809
vt 0.087795 0.644788
vt 0.081956 0.649892
vt 0.084289 0.652766
vt 0.088460 0.647616
vt 0.088460 0.641959
vt 0.081956 0.639683
vt 0.090798 0.644788
vt 0.094213 0.652766
vt 0.087795 0.660745
vt 0.081956 0.665850
vt 0.084289 0.668724
vt 0.088460 0.663574
vt 0.088460 0.657916
vt 0.081956 0.655641
vt 0.090798 0.660745
vt 0.094213 0.668724
vt 0.087795 0.676702
vt 0.084289 0.365536
vt 0.088460 0.360386
vt 0.088460 0.673873
vt 0.081956 0.671598
vt 0.090798 0.676702
vt 0.094213 0.365536
vt 0.087795 0.373515
vt 0.081956 0.378619
vt 0.084289 0.381493
vt 0.088460 0.376343
vt 0.088460 0.370686
vt 0.081956 0.368410
vt 0.090798 0.373515
vt 0.094213 0.381493
vt 0.087795 0.389472
vt 0.081956 0.394576
vt 0.084289 0.397451
vt 0.088460 0.392301
vt 0.088460 0.386643
vt 0.081956 0.384368
vt 0.090798 0.389472
vt 0.094213 0.397451
vt 0.087795 0.405429
vt 0.081956 0.410533
vt 0.084289 0.413408
vt 0.088460 0.408258
vt 0.088460 0.402600
vt 0.081956 0.400325
vt 0.090798 0.405429
vt 0.094213 0.413408
vt 0.087795 0.421386
vt 0.081956 0.426491
vt 0.084289 0.429365
vt 0.088460 0.424215
vt 0.088460 0.418558
vt 0.081956 0.416282
vt 0.090798 0.421386
vt 0.094213 0.429365
vt 0.087795 0.437344
vt 0.081956 0.442448
vt 0.084289 0.445322
vt 0.088460 0.440172
vt 0.088460 0.434515
vt 0.081956 0.432239
vt 0.090798 0.437344
vt 0.094213 0.445322
vt 0.087795 0.453301
vt 0.081956 0.458405
vt 0.084289 0.461279
vt 0.088460 0.456130
vt 0.088460 0.450472
vt 0.081956 0.448197
vt 0.090798 0.453301
vt 0.094213 0.461279
vt 0.087795 0.469258
vt 0.081956 0.474362
vt 0.084289 0.477237
vt 0.088460 0.472087
vt 0.088460 0.466429
vt 0.081956 0.464154
vt 0.090798 0.469258
vt 0.094213 0.477237
vt 0.087795 0.485215
vt 0.081956 0.490320
vt 0.084289 0.493194
vt 0.088460 0.488044
vt 0.088460 0.482386
vt 0.081956 0.480111
vt 0.090798 0.485215
vt 0.094213 0.493194
vt 0.087795 0.501173
vt 0.081956 0.506277
vt 0.088460 0.504001
vt 0.088460 0.498344
vt 0.081956 0.496068
vt 0.090798 0.501172
vt 0.074568 0.533087
vt 0.068700 0.538191
vt 0.070984 0.541066
vt 0.075353 0.535916
vt 0.075353 0.530258
vt 0.070984 0.525108
vt 0.068700 0.527983
vt 0.077668 0.533087
vt 0.081230 0.525108
vt 0.081230 0.541066
vt 0.077668 0.517130
vt 0.075353 0.519959
vt 0.075353 0.514301
vt 0.070984 0.509151
vt 0.068700 0.512025
vt 0.074569 0.517130
vt 0.081230 0.509151
vt 0.068700 0.522234
vt 0.074568 0.549044
vt 0.068700 0.554149
vt 0.070984 0.557023
vt 0.075353 0.551873
vt 0.075353 0.546215
vt 0.068700 0.543940
vt 0.077668 0.549044
vt 0.081230 0.557023
vt 0.074568 0.565001
vt 0.068700 0.570106
vt 0.070984 0.572980
vt 0.075353 0.567830
vt 0.075353 0.562173
vt 0.068700 0.559897
vt 0.077668 0.565001
vt 0.081230 0.572980
vt 0.074568 0.580959
vt 0.068700 0.586063
vt 0.070984 0.588937
vt 0.075353 0.583788
vt 0.075353 0.578130
vt 0.068700 0.575854
vt 0.077668 0.580959
vt 0.081230 0.588937
vt 0.074568 0.596916
vt 0.068700 0.602020
vt 0.070984 0.604895
vt 0.075353 0.599745
vt 0.075353 0.594087
vt 0.068700 0.591812
vt 0.077668 0.596916
vt 0.081230 0.604895
vt 0.074568 0.612873
vt 0.068700 0.617978
vt 0.070984 0.620852
vt 0.075353 0.615702
vt 0.075353 0.610044
vt 0.068700 0.607769
vt 0.077668 0.612873
vt 0.081230 0.620852
vt 0.074569 0.628830
vt 0.068700 0.633935
vt 0.070984 0.636809
vt 0.075353 0.631659
vt 0.075353 0.626002
vt 0.068700 0.623726
vt 0.077668 0.628830
vt 0.081230 0.636809
vt 0.074569 0.644788
vt 0.068700 0.649892
vt 0.070984 0.652766
vt 0.075353 0.647617
vt 0.075353 0.641959
vt 0.068700 0.639683
vt 0.077668 0.644788
vt 0.081230 0.652766
vt 0.074569 0.660745
vt 0.068700 0.665849
vt 0.070984 0.668724
vt 0.075353 0.663574
vt 0.075353 0.657916
vt 0.068700 0.655641
vt 0.077668 0.660745
vt 0.081230 0.668724
vt 0.074569 0.676702
vt 0.070984 0.365536
vt 0.075353 0.360386
vt 0.075353 0.673873
vt 0.068700 0.671598
vt 0.077668 0.676702
vt 0.081230 0.365536
vt 0.074569 0.373515
vt 0.068700 0.378619
vt 0.070984 0.381493
vt 0.075353 0.376343
vt 0.075353 0.370686
vt 0.068700 0.368410
vt 0.077668 0.373515
vt 0.081230 0.381493
vt 0.074569 0.389472
vt 0.068700 0.394576
vt 0.070984 0.397451
vt 0.075353 0.392301
vt 0.075353 0.386643
vt 0.068700 0.384367
vt 0.077668 0.389472
vt 0.081230 0.397451
vt 0.074569 0.405429
vt 0.068700 0.410533
vt 0.070984 0.413408
vt 0.075353 0.408258
vt 0.075353 0.402600
vt 0.068700 0.400325
vt 0.077668 0.405429
vt 0.081231 0.413408
vt 0.074569 0.421386
vt 0.068700 0.426491
vt 0.070984 0.429365
vt 0.075353 0.424215
vt 0.075353 0.418558
vt 0.068700 0.416282
vt 0.077668 0.421386
vt 0.081230 0.429365
vt 0.074569 0.437344
vt 0.068700 0.442448
vt 0.070984 0.445322
vt 0.075353 0.440172
vt 0.075353 0.434515
vt 0.068700 0.432239
vt 0.077668 0.437344
vt 0.081230 0.445322
vt 0.074569 0.453301
vt 0.068700 0.458405
vt 0.070984 0.461279
vt 0.075353 0.456130
vt 0.075353 0.450472
vt 0.068700 0.448197
vt 0.077668 0.453301
vt 0.081230 0.461279
vt 0.074569 0.469258
vt 0.068700 0.474362
vt 0.070984 0.477237
vt 0.075353 0.472087
vt 0.075353 0.466429
vt 0.068700 0.464154
vt 0.077668 0.469258
vt 0.081230 0.477237
vt 0.074569 0.485215
vt 0.068700 0.490319
vt 0.070984 0.493194
vt 0.075353 0.488044
vt 0.075353 0.482387
vt 0.068700 0.480111
vt 0.077668 0.485215
vt 0.081230 0.493194
vt 0.074569 0.501172
vt 0.068700 0.506277
vt 0.075353 0.504001
vt 0.075353 0.498344
vt 0.068700 0.496068
vt 0.077668 0.501172
vt 0.061154 0.533087
vt 0.055459 0.538191
vt 0.057640 0.541066
vt 0.062051 0.535916
vt 0.062051 0.530258
vt 0.057640 0.525108
vt 0.055459 0.527982
vt 0.064291 0.533087
vt 0.067858 0.525108
vt 0.067858 0.541066
vt 0.064291 0.517130
vt 0.062051 0.519959
vt 0.062051 0.514301
vt 0.057640 0.509151
vt 0.055459 0.512025
vt 0.061154 0.517130
vt 0.067858 0.509151
vt 0.055459 0.522234
vt 0.061154 0.549044
vt 0.055459 0.554149
vt 0.057640 0.557023
vt 0.062051 0.551873
vt 0.062051 0.546215
vt 0.055459 0.543940
vt 0.064291 0.549044
vt 0.067858 0.557023
vt 0.061154 0.565001
vt 0.055459 0.570106
vt 0.057640 0.572980
vt 0.062051 0.567830
vt 0.062051 0.562173
vt 0.055459 0.559897
vt 0.064291 0.565001
vt 0.067858 0.572980
vt 0.061154 0.580959
vt 0.055459 0.586063
vt 0.057640 0.588937
vt 0.062051 0.583787
vt 0.062051 0.578130
vt 0.055459 0.575854
vt 0.064291 0.580959
vt 0.067858 0.588937
vt 0.061154 0.596916
vt 0.055459 0.602020
vt 0.057640 0.604895
vt 0.062051 0.599745
vt 0.062051 0.594087
vt 0.055459 0.591812
vt 0.064291 0.596916
vt 0.067858 0.604895
vt 0.061154 0.612873
vt 0.055459 0.617978
vt 0.057640 0.620852
vt 0.062051 0.615702
vt 0.062051 0.610044
vt 0.055459 0.607769
vt 0.064291 0.612873
vt 0.067858 0.620852
vt 0.061154 0.628830
vt 0.055459 0.633935
vt 0.057640 0.636809
vt 0.062051 0.631659
vt 0.062051 0.626002
vt 0.055459 0.623726
vt 0.064291 0.628830
vt 0.067858 0.636809
vt 0.061154 0.644788
vt 0.055459 0.649892
vt 0.057640 0.652766
vt 0.062051 0.647616
vt 0.062051 0.641959
vt 0.055459 0.639683
vt 0.064291 0.644788
vt 0.067858 0.652766
vt 0.061154 0.660745
vt 0.055459 0.665850
vt 0.057640 0.668724
vt 0.062051 0.663574
vt 0.062051 0.657916
vt 0.055459 0.655641
vt 0.064291 0.660745
vt 0.067858 0.668724
vt 0.061154 0.676702
vt 0.057640 0.365536
vt 0.062051 0.360386
vt 0.062051 0.673873
vt 0.055459 0.671598
vt 0.064291 0.676702
vt 0.067858 0.365536
vt 0.061154 0.373515
vt 0.055459 0.378619
vt 0.057640 0.381493
vt 0.062051 0.376343
vt 0.062051 0.370686
vt 0.055459 0.368410
vt 0.064291 0.373515
vt 0.067858 0.381493
vt 0.061154 0.389472
vt 0.055459 0.394576
vt 0.057640 0.397451
vt 0.062051 0.392301
vt 0.062051 0.386643
vt 0.055459 0.384368
vt 0.064291 0.389472
vt 0.067858 0.397451
vt 0.061154 0.405429
vt 0.055459 0.410533
vt 0.057640 0.413408
vt 0.062051 0.408258
vt 0.062051 0.402600
vt 0.055459 0.400325
vt 0.064291 0.405429
vt 0.067858 0.413408
vt 0.061154 0.421386
vt 0.055459 0.426491
vt 0.057640 0.429365
vt 0.062051 0.424215
vt 0.062051 0.418558
vt 0.055459 0.416282
vt 0.064291 0.421386
vt 0.067858 0.429365
vt 0.061154 0.437344
vt 0.055459 0.442448
vt 0.057640 0.445322
vt 0.062051 0.440172
vt 0.062051 0.434515
vt 0.055459 0.432239
vt 0.064291 0.437344
vt 0.067858 0.445322
vt 0.061154 0.453301
vt 0.055459 0.458405
vt 0.057640 0.461279
vt 0.062051 0.456130
vt 0.062051 0.450472
vt 0.055459 0.448197
vt 0.064291 0.453301
vt 0.067858 0.461279
vt 0.061154 0.469258
vt 0.055459 0.474362
vt 0.057640 0.477237
vt 0.062051 0.472087
vt 0.062051 0.466429
vt 0.055459 0.464154
vt 0.064291 0.469258
vt 0.067858 0.477237
vt 0.061154 0.485215
vt 0.055459 0.490320
vt 0.057640 0.493194
vt 0.062051 0.488044
vt 0.062051 0.482387
vt 0.055459 0.480111
vt 0.064291 0.485215
vt 0.067858 0.493194
vt 0.061154 0.501173
vt 0.055459 0.506277
vt 0.062051 0.504001
vt 0.062051 0.498344
vt 0.055459 0.496068
vt 0.064291 0.501173
vt 0.047983 0.533087
vt 0.042654 0.538191
vt 0.044688 0.541066
vt 0.048976 0.535916
vt 0.048976 0.530258
vt 0.044688 0.525108
vt 0.042654 0.527983
vt 0.051089 0.533087
vt 0.054511 0.525108
vt 0.054511 0.541066
vt 0.051089 0.517130
vt 0.048976 0.519958
vt 0.048976 0.514301
vt 0.044688 0.509151
vt 0.042654 0.512025
vt 0.047983 0.517130
vt 0.054511 0.509151
vt 0.042654 0.522234
vt 0.047983 0.549044
vt 0.042654 0.554148
vt 0.044688 0.557023
vt 0.048976 0.551873
vt 0.048976 0.546215
vt 0.042654 0.543940
vt 0.051089 0.549044
vt 0.054511 0.557023
vt 0.047983 0.565001
vt 0.042654 0.570106
vt 0.044688 0.572980
vt 0.048976 0.567830
vt 0.048976 0.562173
vt 0.042654 0.559897
vt 0.051089 0.565001
vt 0.054511 0.572980
vt 0.047983 0.580959
vt 0.042654 0.586063
vt 0.044688 0.588937
vt 0.048976 0.583788
vt 0.048976 0.578130
vt 0.042654 0.575854
vt 0.051089 0.580959
vt 0.054511 0.588937
vt 0.047983 0.596916
vt 0.042654 0.602020
vt 0.044688 0.604895
vt 0.048976 0.599745
vt 0.048976 0.594087
vt 0.042654 0.591812
vt 0.051089 0.596916
vt 0.054511 0.604895
vt 0.047983 0.612873
vt 0.042654 0.617978
vt 0.044688 0.620852
vt 0.048976 0.615702
vt 0.048976 0.610044
vt 0.042654 0.607769
vt 0.051089 0.612873
vt 0.054511 0.620852
vt 0.047983 0.628830
vt 0.042654 0.633935
vt 0.044688 0.636809
vt 0.048976 0.631659
vt 0.048976 0.626002
vt 0.042654 0.623726
vt 0.051089 0.628830
vt 0.054511 0.636809
vt 0.047983 0.644788
vt 0.042654 0.649892
vt 0.044688 0.652766
vt 0.048976 0.647616
vt 0.048976 0.641959
vt 0.042654 0.639683
vt 0.051089 0.644788
vt 0.054511 0.652766
vt 0.047983 0.660745
vt 0.042654 0.665849
vt 0.044688 0.668724
vt 0.048976 0.663574
vt 0.048976 0.657916
vt 0.042654 0.655641
vt 0.051089 0.660745
vt 0.054511 0.668724
vt 0.047983 0.676702
vt 0.044688 0.365536
vt 0.048976 0.360386
vt 0.048976 0.673873
vt 0.042654 0.671598
vt 0.051089 0.676702
vt 0.054511 0.365536
vt 0.047983 0.373515
vt 0.042654 0.378619
vt 0.044688 0.381493
vt 0.048976 0.376343
vt 0.048976 0.370686
vt 0.042654 0.368410
vt 0.051089 0.373515
vt 0.054511 0.381493
vt 0.047983 0.389472
vt 0.042654 0.394576
vt 0.044688 0.397451
vt 0.048976 0.392301
vt 0.048976 0.386643
vt 0.042654 0.384368
vt 0.051089 0.389472
vt 0.054511 0.397451
vt 0.047983 0.405429
vt 0.042654 0.410533
vt 0.044688 0.413408
vt 0.048976 0.408258
vt 0.048976 0.402600
vt 0.042654 0.400325
vt 0.051089 0.405429
vt 0.054511 0.413408
vt 0.047983 0.421386
vt 0.042654 0.426491
vt 0.044688 0.429365
vt 0.048976 0.424215
vt 0.048976 0.418558
vt 0.042654 0.416282
vt 0.051089 0.421386
vt 0.054511 0.429365
vt 0.047983 0.437344
vt 0.042654 0.442448
vt 0.044688 0.445322
vt 0.048976 0.440172
vt 0.048976 0.434515
vt 0.042654 0.432239
vt 0.051089 0.437344
vt 0.054511 0.445322
vt 0.047983 0.453301
vt 0.042654 0.458405
vt 0.044688 0.461279
vt 0.048976 0.456130
vt 0.048976 0.450472
vt 0.042654 0.448197
vt 0.051089 0.453301
vt 0.054511 0.461279
vt 0.047983 0.469258
vt 0.042654 0.474362
vt 0.044688 0.477237
vt 0.048976 0.472087
vt 0.048976 0.466429
vt 0.042654 0.464154
vt 0.051089 0.469258
vt 0.054511 0.477237
vt 0.047983 0.485215
vt 0.042654 0.490320
vt 0.044688 0.493194
vt 0.048976 0.488044
vt 0.048976 0.482386
vt 0.042654 0.480111
vt 0.051089 0.485215
vt 0.054511 0.493194
vt 0.047983 0.501172
vt 0.042654 0.506277
vt 0.048976 0.504001
vt 0.048976 0.498344
vt 0.042654 0.496068
vt 0.051089 0.501172
vt 0.035475 0.533087
vt 0.030674 0.538191
vt 0.032533 0.541065
vt 0.036539 0.535916
vt 0.036539 0.530258
vt 0.032533 0.525108
vt 0.030674 0.527983
vt 0.038488 0.533087
vt 0.041622 0.525108
vt 0.041622 0.541066
vt 0.038488 0.517130
vt 0.036539 0.519959
vt 0.036539 0.514301
vt 0.032533 0.509151
vt 0.030674 0.512025
vt 0.035475 0.517130
vt 0.041622 0.509151
vt 0.030674 0.522234
vt 0.035475 0.549044
vt 0.030674 0.554149
vt 0.032533 0.557023
vt 0.036539 0.551873
vt 0.036539 0.546215
vt 0.030674 0.543940
vt 0.038488 0.549044
vt 0.041622 0.557023
vt 0.035475 0.565001
vt 0.030674 0.570106
vt 0.032533 0.572980
vt 0.036539 0.567830
vt 0.036539 0.562173
vt 0.030674 0.559897
vt 0.038488 0.565001
vt 0.041622 0.572980
vt 0.035475 0.580959
vt 0.030674 0.586063
vt 0.032533 0.588937
vt 0.036539 0.583788
vt 0.036539 0.578130
vt 0.030674 0.575854
vt 0.038488 0.580959
vt 0.041622 0.588937
vt 0.035475 0.596916
vt 0.030674 0.602020
vt 0.032533 0.604895
vt 0.036539 0.599745
vt 0.036539 0.594087
vt 0.030674 0.591812
vt 0.038488 0.596916
vt 0.041622 0.604895
vt 0.035475 0.612873
vt 0.030674 0.617977
vt 0.032533 0.620852
vt 0.036539 0.615702
vt 0.036539 0.610044
vt 0.030674 0.607769
vt 0.038488 0.612873
vt 0.041622 0.620852
vt 0.035475 0.628830
vt 0.030674 0.633935
vt 0.032533 0.636809
vt 0.036539 0.631659
vt 0.036539 0.626002
vt 0.030674 0.623726
vt 0.038488 0.628830
vt 0.041622 0.636809
vt 0.035475 0.644788
vt 0.030674 0.649892
vt 0.032533 0.652766
vt 0.036539 0.647617
vt 0.036539 0.641959
vt 0.030674 0.639683
vt 0.038488 0.644788
vt 0.041622 0.652766
vt 0.035475 0.660745
vt 0.030674 0.665849
vt 0.032533 0.668724
vt 0.036539 0.663574
vt 0.036539 0.657916
vt 0.030674 0.655641
vt 0.038488 0.660745
vt 0.041622 0.668724
vt 0.035475 0.676702
vt 0.032533 0.365536
vt 0.036539 0.360386
vt 0.036539 0.673873
vt 0.030674 0.671598
vt 0.038488 0.676702
vt 0.041622 0.365536
vt 0.035475 0.373515
vt 0.030674 0.378619
vt 0.032533 0.381493
vt 0.036539 0.376343
vt 0.036539 0.370686
vt 0.030674 0.368410
vt 0.038488 0.373515
vt 0.041622 0.381493
vt 0.035475 0.389472
vt 0.030674 0.394576
vt 0.032533 0.397451
vt 0.036539 0.392301
vt 0.036539 0.386643
vt 0.030674 0.384368
vt 0.038488 0.389472
vt 0.041622 0.397451
vt 0.035475 0.405429
vt 0.030674 0.410533
vt 0.032533 0.413408
vt 0.036539 0.408258
vt 0.036539 0.402600
vt 0.030674 0.400325
vt 0.038488 0.405429
vt 0.041622 0.413408
vt 0.035475 0.421386
vt 0.030674 0.426491
vt 0.032533 0.429365
vt 0.036539 0.424215
vt 0.036539 0.418558
vt 0.030674 0.416282
vt 0.038488 0.421386
vt 0.041622 0.429365
vt 0.035475 0.437344
vt 0.030674 0.442448
vt 0.032533 0.445322
vt 0.036539 0.440172
vt 0.036539 0.434515
vt 0.030674 0.432239
vt 0.038488 0.437344
vt 0.041622 0.445322
vt 0.035475 0.453301
vt 0.030674 0.458405
vt 0.032533 0.461279
vt 0.036539 0.456130
vt 0.036539 0.450472
vt 0.030674 0.448197
vt 0.038488 0.453301
vt 0.041622 0.461279
vt 0.035475 0.469258
vt 0.030674 0.474362
vt 0.032533 0.477237
vt 0.036539 0.472087
vt 0.036539 0.466429
vt 0.030674 0.464154
vt 0.038488 0.469258
vt 0.041622 0.477237
vt 0.035475 0.485215
vt 0.030674 0.490320
vt 0.032533 0.493194
vt 0.036539 0.488044
vt 0.036539 0.482386
vt 0.030674 0.480111
vt 0.038488 0.485215
vt 0.041622 0.493194
vt 0.035475 0.501172
vt 0.030674 0.506277
vt 0.036539 0.504001
vt 0.036539 0.498344
vt 0.030674 0.496068
vt 0.038488 0.501172
vt 0.023992 0.533087
vt 0.021505 0.541066
vt 0.025095 0.535916
vt 0.025095 0.530258
vt 0.021505 0.525108
vt 0.026860 0.533087
vt 0.029586 0.525108
vt 0.029586 0.541066
vt 0.026860 0.517130
vt 0.025095 0.519959
vt 0.025095 0.514301
vt 0.021505 0.509151
vt 0.023992 0.517130
vt 0.029586 0.509151
vt 0.023992 0.549044
vt 0.021505 0.557023
vt 0.025095 0.551873
vt 0.025095 0.546215
vt 0.026860 0.549044
vt 0.029586 0.557023
vt 0.023992 0.565001
vt 0.021505 0.572980
vt 0.025095 0.567830
vt 0.025095 0.562173
vt 0.026860 0.565001
vt 0.029586 0.572980
vt 0.023992 0.580959
vt 0.021505 0.588937
vt 0.025095 0.583788
vt 0.025095 0.578130
vt 0.026860 0.580959
vt 0.029586 0.588937
vt 0.023992 0.596916
vt 0.021505 0.604895
vt 0.025095 0.599745
vt 0.025095 0.594087
vt 0.026860 0.596916
vt 0.029586 0.604895
vt 0.023992 0.612873
vt 0.021505 0.620852
vt 0.025095 0.615702
vt 0.025095 0.610044
vt 0.026860 0.612873
vt 0.029586 0.620852
vt 0.023992 0.628830
vt 0.021505 0.636809
vt 0.025095 0.631659
vt 0.025095 0.626002
vt 0.026860 0.628830
vt 0.029586 0.636809
vt 0.023992 0.644788
vt 0.021505 0.652766
vt 0.025095 0.647616
vt 0.025095 0.641959
vt 0.026860 0.644788
vt 0.029586 0.652766
vt 0.023992 0.660745
vt 0.021505 0.668724
vt 0.025095 0.663574
vt 0.025095 0.657916
vt 0.026860 0.660745
vt 0.029586 0.668724
vt 0.023992 0.676702
vt 0.021505 0.365536
vt 0.025095 0.360386
vt 0.025095 0.673873
vt 0.026860 0.676702
vt 0.029586 0.365536
vt 0.023992 0.373515
vt 0.021505 0.381493
vt 0.025095 0.376343
vt 0.025095 0.370686
vt 0.026860 0.373515
vt 0.029586 0.381493
vt 0.023992 0.389472
vt 0.021505 0.397451
vt 0.025095 0.392301
vt 0.025095 0.386643
vt 0.026860 0.389472
vt 0.029586 0.397451
vt 0.023992 0.405429
vt 0.021505 0.413408
vt 0.025095 0.408258
vt 0.025095 0.402600
vt 0.026860 0.405429
vt 0.029586 0.413408
vt 0.023992 0.421386
vt 0.021505 0.429365
vt 0.025095 0.424215
vt 0.025095 0.418558
vt 0.026860 0.421386
vt 0.029586 0.429365
vt 0.023992 0.437344
vt 0.021505 0.445322
vt 0.025095 0.440172
vt 0.025095 0.434515
vt 0.026860 0.437344
vt 0.029586 0.445322
vt 0.023992 0.453301
vt 0.021505 0.461279
vt 0.025095 0.456130
vt 0.025095 0.450472
vt 0.026860 0.453301
vt 0.029586 0.461279
vt 0.023992 0.469258
vt 0.021505 0.477237
vt 0.025095 0.472087
vt 0.025095 0.466429
vt 0.026860 0.469258
vt 0.029586 0.477237
vt 0.023992 0.485215
vt 0.021505 0.493194
vt 0.025095 0.488044
vt 0.025095 0.482386
vt 0.026860 0.485215
vt 0.029586 0.493194
vt 0.023992 0.501173
vt 0.025095 0.504001
vt 0.025095 0.498344
vt 0.026860 0.501173
vt 0.002441 0.283420
vt 0.002441 0.300981
vt 0.002441 0.265859
vt 0.002441 0.283420
vt 0.002441 0.248298
vt 0.002441 0.265859
vt 0.002441 0.230736
vt 0.002441 0.248298
vt 0.002441 0.213175
vt 0.002441 0.230736
vt 0.002441 0.195614
vt 0.002441 0.213175
vt 0.002441 0.178053
vt 0.002441 0.195614
vt 0.002441 0.160492
vt 0.002441 0.178053
vt 0.002441 0.142931
vt 0.002441 0.160492
vt 0.002441 0.125369
vt 0.002441 0.142931
vt 0.002441 0.107808
vt 0.002441 0.125369
vt 0.002441 0.090247
vt 0.002441 0.107808
vt 0.002441 0.072686
vt 0.002441 0.090247
vt 0.002441 0.055125
vt 0.002441 0.072686
vt 0.002441 0.037564
vt 0.002441 0.055125
vt 0.002441 0.020003
vt 0.002441 0.037564
vt 0.002441 0.002441
vt 0.002441 0.020003
vt 0.002441 0.336103
vt 0.002442 0.353664
vt 0.002442 0.318542
vt 0.002441 0.336103
vt 0.002441 0.300981
vt 0.002442 0.318542
vt 0.164699 0.447025
vt 0.164699 0.423951
vt 0.164699 0.423951
vt 0.164699 0.400877
vt 0.164699 0.400877
vt 0.164699 0.377803
vt 0.164699 0.377803
vt 0.164699 0.354729
vt 0.164699 0.816208
vt 0.164699 0.793134
vt 0.164699 0.793134
vt 0.164699 0.770060
vt 0.164699 0.770060
vt 0.164699 0.746986
vt 0.164699 0.746986
vt 0.164699 0.723912
vt 0.164699 0.723912
vt 0.164699 0.700838
vt 0.164699 0.700838
vt 0.164699 0.677764
vt 0.164699 0.677764
vt 0.164699 0.654690
vt 0.164699 0.654690
vt 0.164699 0.631616
vt 0.164699 0.631616
vt 0.164699 0.608542
vt 0.164699 0.608542
vt 0.164699 0.585468
vt 0.164699 0.585468
vt 0.164699 0.562394
vt 0.164699 0.562394
vt 0.164699 0.539320
vt 0.164699 0.539320
vt 0.164699 0.516247
vt 0.164699 0.516247
vt 0.164699 0.493173
vt 0.164699 0.493173
vt 0.164699 0.470099
vt 0.164699 0.470099
vt 0.164699 0.447025
vt 0.137600 0.362071
vt 0.135314 0.364151
vt 0.135736 0.367212
vt 0.137600 0.364980
vt 0.516041 0.363113
vt 0.515619 0.366174
vt 0.517905 0.368254
vt 0.517905 0.365346
vt 0.508375 0.363348
vt 0.507953 0.366410
vt 0.510239 0.368489
vt 0.510239 0.365581
vt 0.519874 0.363113
vt 0.519452 0.366174
vt 0.521738 0.368254
vt 0.521738 0.365346
vt 0.443377 0.363357
vt 0.441091 0.365436
vt 0.441513 0.368497
vt 0.443377 0.366265
vt 0.454293 0.362852
vt 0.454293 0.365942
vt 0.456842 0.367690
vt 0.456444 0.364809
vt 0.500710 0.363349
vt 0.500287 0.366410
vt 0.502573 0.368489
vt 0.502573 0.365581
vt 0.512208 0.363113
vt 0.511786 0.366174
vt 0.514072 0.368254
vt 0.514072 0.365346
vt 0.527540 0.363113
vt 0.527117 0.366174
vt 0.529403 0.368254
vt 0.529403 0.365346
vt 0.485378 0.363113
vt 0.484956 0.366174
vt 0.487242 0.368254
vt 0.487242 0.365346
vt 0.458548 0.363113
vt 0.458126 0.366174
vt 0.460412 0.368254
vt 0.460412 0.365346
vt 0.542449 0.362852
vt 0.542449 0.365942
vt 0.544997 0.367690
vt 0.544600 0.364809
vt 0.450882 0.363348
vt 0.450460 0.366410
vt 0.452746 0.368489
vt 0.452746 0.365581
vt 0.562035 0.363348
vt 0.561613 0.366410
vt 0.563899 0.368489
vt 0.563899 0.365581
vt 0.523285 0.362852
vt 0.523285 0.365942
vt 0.525833 0.367690
vt 0.525436 0.364809
vt 0.550697 0.363273
vt 0.548411 0.365352
vt 0.548833 0.368414
vt 0.550697 0.366181
vt 0.493204 0.363357
vt 0.490918 0.365436
vt 0.491340 0.368497
vt 0.493204 0.366265
vt 0.531372 0.363113
vt 0.530950 0.366174
vt 0.533236 0.368254
vt 0.533236 0.365346
vt 0.477712 0.363113
vt 0.477290 0.366174
vt 0.479576 0.368254
vt 0.479576 0.365346
vt 0.539198 0.363273
vt 0.536913 0.365352
vt 0.537335 0.368413
vt 0.539198 0.366181
vt 0.481123 0.363179
vt 0.481123 0.366197
vt 0.483987 0.367150
vt 0.482781 0.365001
vt 0.435753 0.363353
vt 0.434277 0.365985
vt 0.436308 0.368217
vt 0.436308 0.365753
vt 0.576292 0.364236
vt 0.574815 0.366868
vt 0.576846 0.369100
vt 0.576846 0.366636
vt 0.127124 0.358617
vt 0.125093 0.360848
vt 0.126569 0.363481
vt 0.127124 0.361080
vt 0.432050 0.363351
vt 0.430018 0.365583
vt 0.431495 0.368216
vt 0.432050 0.365815
vt 0.423403 0.363792
vt 0.421927 0.366425
vt 0.423958 0.368656
vt 0.423958 0.366193
vt 0.416589 0.363314
vt 0.415113 0.365946
vt 0.417144 0.368178
vt 0.417144 0.365714
vt 0.644986 0.363429
vt 0.642955 0.365661
vt 0.644431 0.368293
vt 0.644986 0.365893
vt 0.473457 0.363179
vt 0.473457 0.366197
vt 0.476321 0.367150
vt 0.475116 0.365002
vt 0.032877 0.361274
vt 0.031401 0.363906
vt 0.033432 0.366138
vt 0.033432 0.363674
vt 0.420422 0.363314
vt 0.418946 0.365946
vt 0.420977 0.368178
vt 0.420977 0.365714
vt 0.634210 0.364259
vt 0.632734 0.366891
vt 0.634765 0.369123
vt 0.634765 0.366659
vt 0.569181 0.363919
vt 0.567150 0.366150
vt 0.568626 0.368783
vt 0.569181 0.366382
vt 0.505171 0.363526
vt 0.503694 0.366159
vt 0.505726 0.368391
vt 0.505726 0.365927
vt 0.573014 0.364234
vt 0.570982 0.366466
vt 0.572459 0.369098
vt 0.573014 0.366698
vt 0.583235 0.364257
vt 0.581203 0.366489
vt 0.582680 0.369121
vt 0.583235 0.366721
vt 0.461959 0.363179
vt 0.461959 0.366197
vt 0.464822 0.367150
vt 0.463617 0.365002
vt 0.111238 0.358618
vt 0.109761 0.361250
vt 0.111793 0.363482
vt 0.111793 0.361018
vt 0.465792 0.363179
vt 0.465792 0.366197
vt 0.468655 0.367150
vt 0.467450 0.365002
vt 0.469625 0.363179
vt 0.469625 0.366197
vt 0.472488 0.367150
vt 0.471283 0.365002
vt 0.002441 0.300981
vt 0.002441 0.283420
vt 0.002441 0.283420
vt 0.002441 0.265859
vt 0.002441 0.265859
vt 0.002441 0.248298
vt 0.002441 0.248298
vt 0.002441 0.230736
vt 0.002441 0.230736
vt 0.002441 0.213175
vt 0.002441 0.213175
vt 0.002441 0.195614
vt 0.002441 0.195614
vt 0.002441 0.178053
vt 0.002441 0.178053
vt 0.002441 0.160492
vt 0.002441 0.160492
vt 0.002441 0.142931
vt 0.002441 0.142931
vt 0.002441 0.125369
vt 0.002441 0.125369
vt 0.002441 0.107808
vt 0.002441 0.107808
vt 0.002441 0.090247
vt 0.002441 0.090247
vt 0.002441 0.072686
vt 0.002441 0.072686
vt 0.002441 0.055125
vt 0.002441 0.055125
vt 0.002441 0.037564
vt 0.002441 0.037564
vt 0.002441 0.020003
vt 0.002441 0.020003
vt 0.002441 0.002441
vt 0.002442 0.353664
vt 0.002441 0.336103
vt 0.002441 0.336103
vt 0.002442 0.318542
vt 0.002442 0.318542
vt 0.002441 0.300981
vt 0.163658 0.697579
vt 0.163658 0.719007
vt 0.163658 0.719007
vt 0.163658 0.740435
vt 0.163658 0.740435
vt 0.163658 0.761863
vt 0.163658 0.761863
vt 0.163658 0.783291
vt 0.163658 0.354729
vt 0.163658 0.376157
vt 0.163658 0.376157
vt 0.163658 0.397585
vt 0.163658 0.397585
vt 0.163658 0.419013
vt 0.163658 0.419013
vt 0.163658 0.440442
vt 0.163658 0.440442
vt 0.163658 0.461870
vt 0.163658 0.461870
vt 0.163658 0.483298
vt 0.163658 0.483298
vt 0.163658 0.504726
vt 0.163658 0.504726
vt 0.163658 0.526154
vt 0.163658 0.526154
vt 0.163658 0.547582
vt 0.163658 0.547582
vt 0.163658 0.569010
vt 0.163658 0.569010
vt 0.163658 0.590438
vt 0.163658 0.590438
vt 0.163658 0.611866
vt 0.163658 0.611866
vt 0.163658 0.633294
vt 0.163658 0.633294
vt 0.163658 0.654723
vt 0.163658 0.654723
vt 0.163658 0.676151
vt 0.163658 0.676151
vt 0.163658 0.697579
vt 0.006956 0.421386
vt 0.183438 0.354727
vt 0.183438 0.367838
vt 0.185824 0.369293
vt 0.186133 0.356370
vt 0.255124 0.367838
vt 0.255124 0.354727
vt 0.252429 0.356370
vt 0.252738 0.369293
vt 0.093152 0.354727
vt 0.093152 0.367839
vt 0.095538 0.369293
vt 0.095847 0.356370
vt 0.006956 0.405429
vt 0.251291 0.367839
vt 0.251291 0.354727
vt 0.248596 0.356370
vt 0.248905 0.369293
vt 0.027994 0.354727
vt 0.027994 0.367839
vt 0.030380 0.369293
vt 0.030689 0.356370
vt 0.006956 0.389472
vt 0.058796 0.367839
vt 0.058796 0.354727
vt 0.056101 0.356370
vt 0.056410 0.369293
vt 0.117853 0.354727
vt 0.117853 0.367838
vt 0.120239 0.369293
vt 0.120548 0.356370
vt 0.006956 0.373515
vt 0.141416 0.367839
vt 0.141416 0.354727
vt 0.138721 0.356370
vt 0.139030 0.369293
vt 0.194936 0.354727
vt 0.194936 0.367838
vt 0.197322 0.369293
vt 0.197631 0.356370
vt 0.006956 0.676702
vt 0.247458 0.367839
vt 0.247458 0.354727
vt 0.244763 0.356370
vt 0.245072 0.369293
vt 0.052269 0.354727
vt 0.052269 0.367839
vt 0.054655 0.369293
vt 0.054964 0.356370
vt 0.006956 0.660745
vt 0.072424 0.367838
vt 0.072424 0.354727
vt 0.069729 0.356370
vt 0.070038 0.369293
vt 0.221766 0.354727
vt 0.221766 0.367839
vt 0.224152 0.369293
vt 0.224461 0.356370
vt 0.006956 0.644788
vt 0.270455 0.367838
vt 0.270455 0.354727
vt 0.267761 0.356370
vt 0.268069 0.369293
vt 0.210268 0.354727
vt 0.210268 0.367838
vt 0.212654 0.369293
vt 0.212963 0.356370
vt 0.006956 0.628830
vt 0.239793 0.367839
vt 0.239793 0.354727
vt 0.237098 0.356370
vt 0.237407 0.369293
vt 0.279259 0.354727
vt 0.279259 0.367838
vt 0.281645 0.369293
vt 0.281954 0.356370
vt 0.006956 0.612873
vt 0.232127 0.367838
vt 0.232127 0.354727
vt 0.229432 0.356370
vt 0.229741 0.369293
vt 0.198769 0.354727
vt 0.198769 0.367839
vt 0.201155 0.369293
vt 0.201464 0.356370
vt 0.006956 0.596916
vt 0.193798 0.367839
vt 0.193798 0.354727
vt 0.191103 0.356370
vt 0.191412 0.369293
vt 0.240931 0.354727
vt 0.240931 0.367838
vt 0.243316 0.369293
vt 0.243625 0.356370
vt 0.006956 0.580959
vt 0.278121 0.367838
vt 0.278121 0.354727
vt 0.275426 0.356370
vt 0.275735 0.369293
vt 0.206435 0.354727
vt 0.206435 0.367838
vt 0.208821 0.369293
vt 0.209130 0.356370
vt 0.006956 0.565001
vt 0.235960 0.367839
vt 0.235960 0.354727
vt 0.233265 0.356370
vt 0.233574 0.369293
vt 0.083357 0.354727
vt 0.083357 0.367839
vt 0.085743 0.369293
vt 0.086052 0.356370
vt 0.006956 0.549044
vt 0.216795 0.367839
vt 0.216795 0.354727
vt 0.214100 0.356370
vt 0.214409 0.369293
vt 0.065897 0.354727
vt 0.065897 0.367838
vt 0.068283 0.369293
vt 0.068591 0.356370
vt 0.006956 0.533087
vt 0.082219 0.367839
vt 0.082219 0.354727
vt 0.079524 0.356370
vt 0.079833 0.369293
vt 0.271593 0.354727
vt 0.271593 0.367838
vt 0.273979 0.369293
vt 0.274288 0.356370
vt 0.006956 0.517130
vt 0.228294 0.367838
vt 0.228294 0.354727
vt 0.225599 0.356370
vt 0.225908 0.369293
vt 0.187270 0.354727
vt 0.187270 0.367839
vt 0.189656 0.369293
vt 0.189965 0.356370
vt 0.006956 0.501173
vt 0.220628 0.367838
vt 0.220628 0.354727
vt 0.217933 0.356370
vt 0.218242 0.369293
vt 0.179605 0.354727
vt 0.179605 0.367839
vt 0.181991 0.369293
vt 0.182300 0.356370
vt 0.006956 0.485215
vt 0.020042 0.367839
vt 0.020042 0.354727
vt 0.017347 0.356370
vt 0.017656 0.369293
vt 0.260095 0.354727
vt 0.260095 0.367839
vt 0.262481 0.369293
vt 0.262790 0.356370
vt 0.006956 0.469258
vt 0.258957 0.367838
vt 0.258957 0.354727
vt 0.256262 0.356370
vt 0.256571 0.369293
vt 0.263928 0.354727
vt 0.263928 0.367838
vt 0.266314 0.369293
vt 0.266623 0.356370
vt 0.006956 0.453301
vt 0.205297 0.367838
vt 0.205297 0.354727
vt 0.202602 0.356370
vt 0.202911 0.369293
vt 0.039492 0.354727
vt 0.039492 0.367838
vt 0.041878 0.369293
vt 0.042187 0.356370
vt 0.006956 0.437344
vt 0.108624 0.367839
vt 0.108624 0.354727
vt 0.105929 0.356370
vt 0.106238 0.369293
vt 0.300127 0.354727
vt 0.300127 0.365531
vt 0.302349 0.366920
vt 0.302534 0.356231
vt 0.132966 0.533087
vt 0.132966 0.517130
vt 0.374081 0.365532
vt 0.374081 0.354728
vt 0.371674 0.356233
vt 0.371858 0.366921
vt 0.296720 0.354727
vt 0.296720 0.365531
vt 0.298942 0.366920
vt 0.299127 0.356231
vt 0.285499 0.365532
vt 0.285499 0.354728
vt 0.283092 0.356233
vt 0.283277 0.366921
vt 0.405744 0.354727
vt 0.405744 0.365531
vt 0.407966 0.366920
vt 0.408150 0.356231
vt 0.132966 0.549044
vt 0.045732 0.365532
vt 0.045732 0.354728
vt 0.043325 0.356233
vt 0.043510 0.366921
vt 0.351232 0.354727
vt 0.351232 0.365531
vt 0.353454 0.366920
vt 0.353639 0.356231
vt 0.132966 0.565002
vt 0.336604 0.365532
vt 0.336604 0.354728
vt 0.334197 0.356233
vt 0.334381 0.366921
vt 0.344418 0.354727
vt 0.344418 0.365531
vt 0.346640 0.366920
vt 0.346825 0.356231
vt 0.132966 0.580959
vt 0.350232 0.365532
vt 0.350232 0.354728
vt 0.347825 0.356233
vt 0.348009 0.366921
vt 0.378488 0.354727
vt 0.378488 0.365531
vt 0.380710 0.366920
vt 0.380895 0.356231
vt 0.132966 0.596916
vt 0.363860 0.365532
vt 0.363860 0.354728
vt 0.361453 0.356233
vt 0.361637 0.366921
vt 0.358046 0.354727
vt 0.358046 0.365531
vt 0.360268 0.366920
vt 0.360453 0.356231
vt 0.132966 0.612873
vt 0.387709 0.365532
vt 0.387709 0.354728
vt 0.385302 0.356233
vt 0.385486 0.366921
vt 0.409151 0.354727
vt 0.409150 0.365530
vt 0.411373 0.366920
vt 0.411557 0.356232
vt 0.132966 0.628830
vt 0.357046 0.365532
vt 0.357046 0.354728
vt 0.354639 0.356233
vt 0.354823 0.366921
vt 0.320569 0.354727
vt 0.320569 0.365531
vt 0.322791 0.366920
vt 0.322976 0.356231
vt 0.132966 0.644788
vt 0.404743 0.365532
vt 0.404743 0.354728
vt 0.402337 0.356233
vt 0.402521 0.366921
vt 0.368267 0.354727
vt 0.368267 0.365531
vt 0.370489 0.366920
vt 0.370674 0.356231
vt 0.132966 0.660745
vt 0.319569 0.365532
vt 0.319569 0.354728
vt 0.317162 0.356233
vt 0.317347 0.366921
vt 0.375081 0.354727
vt 0.375081 0.365531
vt 0.377303 0.366920
vt 0.377488 0.356231
vt 0.132966 0.676702
vt 0.295720 0.365532
vt 0.295720 0.354728
vt 0.293313 0.356233
vt 0.293497 0.366921
vt 0.392116 0.354727
vt 0.392116 0.365530
vt 0.394338 0.366920
vt 0.394523 0.356231
vt 0.132966 0.373515
vt 0.305941 0.365532
vt 0.305941 0.354728
vt 0.303534 0.356233
vt 0.303718 0.366921
vt 0.388709 0.354727
vt 0.388709 0.365531
vt 0.390931 0.366920
vt 0.391116 0.356232
vt 0.132966 0.389472
vt 0.340011 0.365532
vt 0.340011 0.354728
vt 0.337604 0.356233
vt 0.337788 0.366921
vt 0.395523 0.354727
vt 0.395523 0.365530
vt 0.397745 0.366920
vt 0.397930 0.356231
vt 0.132966 0.405429
vt 0.316162 0.365532
vt 0.316162 0.354728
vt 0.313755 0.356233
vt 0.313939 0.366921
vt 0.327383 0.354727
vt 0.327383 0.365531
vt 0.329605 0.366920
vt 0.329790 0.356231
vt 0.132966 0.421386
vt 0.326383 0.365532
vt 0.326383 0.354728
vt 0.323976 0.356233
vt 0.324160 0.366921
vt 0.286499 0.354727
vt 0.286499 0.365531
vt 0.288721 0.366920
vt 0.288906 0.356231
vt 0.132966 0.437344
vt 0.312755 0.365532
vt 0.312755 0.354728
vt 0.310348 0.356233
vt 0.310532 0.366921
vt 0.341011 0.354727
vt 0.341011 0.365531
vt 0.343233 0.366920
vt 0.343418 0.356231
vt 0.132966 0.453301
vt 0.333197 0.365532
vt 0.333197 0.354728
vt 0.330790 0.356233
vt 0.330974 0.366921
vt 0.289906 0.354727
vt 0.289906 0.365531
vt 0.292128 0.366920
vt 0.292313 0.356231
vt 0.132966 0.469258
vt 0.401337 0.365532
vt 0.401337 0.354728
vt 0.398930 0.356233
vt 0.399114 0.366921
vt 0.096985 0.354727
vt 0.096985 0.365531
vt 0.099208 0.366920
vt 0.099392 0.356231
vt 0.132966 0.485215
vt 0.384302 0.365532
vt 0.384302 0.354728
vt 0.381895 0.356233
vt 0.382079 0.366921
vt 0.306941 0.354727
vt 0.306941 0.365531
vt 0.309163 0.366920
vt 0.309348 0.356231
vt 0.132966 0.501173
vt 0.367267 0.365532
vt 0.367267 0.354728
vt 0.364860 0.356233
vt 0.365044 0.366921
vt 0.013625 0.336103
vt 0.013625 0.353664
vt 0.144191 0.783291
vt 0.138721 0.997559
vt 0.144550 0.761863
vt 0.144550 0.783291
vt 0.144192 0.761863
vt 0.145198 0.761863
vt 0.145198 0.783291
vt 0.146016 0.783291
vt 0.146478 0.783291
vt 0.146016 0.761863
vt 0.007544 0.353664
vt 0.012815 0.353664
vt 0.007544 0.336103
vt 0.148860 0.783291
vt 0.146478 0.761863
vt 0.156423 0.783291
vt 0.148860 0.761863
vt 0.007048 0.365536
vt 0.002441 0.357557
vt 0.008178 0.362662
vt 0.016814 0.365536
vt 0.127853 0.357557
vt 0.137555 0.357557
vt 0.130967 0.362662
vt 0.116988 0.357557
vt 0.120571 0.362662
vt 0.104998 0.357557
vt 0.108994 0.362662
vt 0.092070 0.357557
vt 0.096345 0.362662
vt 0.078516 0.357557
vt 0.082880 0.362662
vt 0.064682 0.357557
vt 0.068987 0.362662
vt 0.050996 0.357557
vt 0.055127 0.362662
vt 0.037897 0.357557
vt 0.041730 0.362662
vt 0.018018 0.362662
vt 0.025768 0.357557
vt 0.029296 0.362662
vt 0.006415 0.353664
vt 0.159232 0.783291
vt 0.156423 0.761863
vt 0.011792 0.357557
vt 0.012909 0.354729
vt 0.124852 0.357557
vt 0.125969 0.354729
vt 0.113709 0.357557
vt 0.114962 0.354729
vt 0.101444 0.357557
vt 0.102831 0.354729
vt 0.088289 0.357557
vt 0.089733 0.354729
vt 0.074535 0.357557
vt 0.075990 0.354729
vt 0.060642 0.357557
vt 0.062043 0.354729
vt 0.047048 0.357557
vt 0.048365 0.354729
vt 0.034144 0.357557
vt 0.035375 0.354729
vt 0.022325 0.357557
vt 0.023488 0.354729
vt 0.178493 0.377803
vt 0.178493 0.354729
vt 0.178178 0.377803
vt 0.178178 0.354729
vt 0.177573 0.377803
vt 0.177573 0.354729
vt 0.176799 0.354729
vt 0.003742 0.353664
vt 0.004995 0.336103
vt 0.004995 0.353664
vt 0.007026 0.353664
vt 0.176361 0.354729
vt 0.173791 0.354729
vt 0.010339 0.362662
vt 0.127885 0.365536
vt 0.003742 0.336103
vt 0.169006 0.354729
vt 0.016490 0.357557
vt 0.014908 0.354729
vt 0.125450 0.357557
vt 0.123307 0.354729
vt 0.114910 0.357557
vt 0.112670 0.354729
vt 0.103305 0.357557
vt 0.100996 0.354729
vt 0.090798 0.357557
vt 0.088460 0.354729
vt 0.077668 0.357557
vt 0.075353 0.354729
vt 0.064291 0.357557
vt 0.062051 0.354729
vt 0.051089 0.357557
vt 0.048976 0.354729
vt 0.038488 0.357557
vt 0.036539 0.354729
vt 0.026860 0.357557
vt 0.025095 0.354729
vt 0.010672 0.353664
vt 0.005069 0.353664
vt 0.159232 0.761863
vt 0.006956 0.357557
vt 0.005240 0.357557
vt 0.013802 0.357557
vt 0.019832 0.362662
vt 0.014874 0.357557
vt 0.122952 0.357557
vt 0.132966 0.357557
vt 0.134792 0.357557
vt 0.112227 0.357557
vt 0.118125 0.362662
vt 0.100447 0.357557
vt 0.106955 0.362662
vt 0.087795 0.357557
vt 0.094820 0.362662
vt 0.074569 0.357557
vt 0.081956 0.362662
vt 0.061154 0.357557
vt 0.068700 0.362662
vt 0.047983 0.357557
vt 0.055459 0.362662
vt 0.035475 0.357557
vt 0.042654 0.362662
vt 0.023992 0.357557
vt 0.030674 0.362662
vn -0.388011 0.912992 -0.126070
vn -0.330069 0.912986 -0.239815
vn -0.330070 0.912986 -0.239812
vn -0.388011 0.912992 -0.126070
vn -0.239821 0.912977 -0.330088
vn -0.239821 0.912977 -0.330088
vn -0.126082 0.912958 -0.388086
vn -0.126086 0.912958 -0.388085
vn 0.000013 0.912920 -0.408138
vn 0.000013 0.912920 -0.408138
vn 0.126136 0.912901 -0.388204
vn 0.126135 0.912901 -0.388204
vn 0.239923 0.912902 -0.330222
vn 0.239922 0.912903 -0.330222
vn 0.330222 0.912903 -0.239919
vn 0.330222 0.912903 -0.239918
vn 0.388207 0.912899 -0.126135
vn 0.388207 0.912899 -0.126136
vn 0.408195 0.912895 -0.000000
vn 0.408195 0.912895 -0.000000
vn 0.388207 0.912900 0.126135
vn 0.388206 0.912900 0.126135
vn 0.330224 0.912901 0.239923
vn 0.330224 0.912901 0.239923
vn 0.239924 0.912900 0.330228
vn 0.239924 0.912900 0.330228
vn 0.126135 0.912901 0.388204
vn 0.126135 0.912901 0.388204
vn 0.000000 0.912900 0.408183
vn 0.000000 0.912900 0.408183
vn -0.126131 0.912902 0.388202
vn -0.126136 0.912902 0.388200
vn -0.239921 0.912904 0.330220
vn -0.239920 0.912904 0.330220
vn -0.330183 0.912921 0.239906
vn -0.330185 0.912921 0.239903
vn -0.388081 0.912957 0.126105
vn -0.388081 0.912957 0.126105
vn -0.407999 0.912982 0.000004
vn -0.407999 0.912982 0.000004
vn -0.092515 -0.995257 -0.030060
vn -0.078698 -0.995257 -0.057177
vn -0.000000 -1.000000 -0.000000
vn -0.057177 -0.995257 -0.078698
vn -0.030060 -0.995257 -0.092515
vn 0.000000 -0.995257 -0.097277
vn 0.030060 -0.995257 -0.092515
vn 0.057177 -0.995258 -0.078698
vn 0.078698 -0.995257 -0.057177
vn 0.092515 -0.995257 -0.030060
vn 0.097276 -0.995257 -0.000000
vn 0.092515 -0.995257 0.030060
vn 0.078698 -0.995257 0.057177
vn 0.057177 -0.995257 0.078698
vn 0.030060 -0.995257 0.092515
vn -0.000000 -0.995257 0.097277
vn -0.030060 -0.995257 0.092515
vn -0.057178 -0.995257 0.078698
vn -0.078698 -0.995257 0.057178
vn -0.092515 -0.995257 0.030060
vn -0.097276 -0.995257 0.000000
vn -0.699897 -0.677072 -0.227414
vn -0.735895 -0.677095 0.000003
vn -0.944842 -0.114152 -0.306992
vn -0.892386 -0.345791 -0.289958
vn -0.983996 -0.178190 -0.000001
vn -0.993466 -0.114129 -0.000001
vn -0.848443 -0.529287 0.000002
vn -0.595384 -0.677063 -0.432555
vn -0.759128 -0.345731 -0.551539
vn -0.803730 -0.114091 -0.583953
vn -0.432537 -0.677091 -0.595365
vn -0.551558 -0.345737 -0.759111
vn -0.583938 -0.114049 -0.803747
vn -0.227407 -0.677074 -0.699898
vn -0.262201 -0.529202 -0.806967
vn -0.307002 -0.114089 -0.944846
vn -0.304072 -0.178051 -0.935862
vn 0.000000 -0.677056 -0.735932
vn 0.000000 -0.529158 -0.848523
vn 0.000000 -0.114107 -0.993469
vn 0.000000 -0.178080 -0.984016
vn 0.227411 -0.677062 -0.699908
vn 0.262209 -0.529163 -0.806990
vn 0.306997 -0.114098 -0.944846
vn 0.304082 -0.178052 -0.935859
vn 0.432570 -0.677050 -0.595387
vn 0.551549 -0.345708 -0.759131
vn 0.583941 -0.114121 -0.803735
vn 0.595398 -0.677038 -0.432575
vn 0.759131 -0.345705 -0.551551
vn 0.803733 -0.114150 -0.583938
vn 0.699937 -0.677031 -0.227414
vn 0.892401 -0.345746 -0.289966
vn 0.944836 -0.114199 -0.306990
vn 0.735977 -0.677006 0.000001
vn 0.848597 -0.529040 0.000000
vn 0.993453 -0.114243 0.000001
vn 0.983976 -0.178301 0.000000
vn 0.699944 -0.677022 0.227417
vn 0.892406 -0.345733 0.289966
vn 0.944837 -0.114189 0.306991
vn 0.595386 -0.677053 0.432567
vn 0.759128 -0.345716 0.551548
vn 0.803735 -0.114121 0.583940
vn 0.432566 -0.677058 0.595382
vn 0.551547 -0.345714 0.759130
vn 0.583944 -0.114085 0.803738
vn 0.227414 -0.677057 0.699912
vn 0.262208 -0.529163 0.806990
vn 0.306997 -0.114092 0.944847
vn 0.304082 -0.178052 0.935859
vn -0.000000 -0.677059 0.735929
vn 0.000000 -0.529186 0.848506
vn -0.000000 -0.114101 0.993469
vn -0.000000 -0.178066 0.984019
vn -0.227407 -0.677078 0.699894
vn -0.262197 -0.529218 0.806958
vn -0.307003 -0.114078 0.944847
vn -0.304072 -0.178038 0.935865
vn -0.432536 -0.677092 0.595365
vn -0.551561 -0.345722 0.759116
vn -0.583939 -0.114052 0.803746
vn -0.595376 -0.677074 0.432549
vn -0.759124 -0.345742 0.551538
vn -0.803730 -0.114094 0.583953
vn -0.699903 -0.677067 0.227412
vn -0.892377 -0.345819 0.289954
vn -0.944844 -0.114128 0.306994
vn -0.951056 0.000071 -0.309019
vn -0.809014 0.000045 -0.587790
vn -1.000000 0.000142 -0.000001
vn -0.951056 0.000140 0.309019
vn -0.809013 -0.000014 0.587791
vn -0.587787 -0.000046 0.809016
vn -0.309016 0.000005 0.951057
vn -0.000000 -0.000009 1.000000
vn 0.309016 -0.000009 0.951057
vn 0.587784 0.000011 0.809018
vn 0.809015 0.000011 0.587788
vn 0.951057 0.000022 0.309016
vn 1.000000 0.000022 -0.000000
vn 0.951057 -0.000008 -0.309016
vn 0.809016 -0.000019 -0.587787
vn 0.587784 -0.000037 -0.809018
vn 0.309017 -0.000026 -0.951057
vn 0.000000 0.000000 -1.000000
vn -0.309017 0.000000 -0.951057
vn -0.587787 0.000014 -0.809016
vn -0.502994 -0.848697 -0.163433
vn -0.427900 -0.848669 -0.310907
vn -0.641042 -0.610027 -0.465759
vn -0.753589 -0.610041 -0.244854
vn -0.528936 -0.848662 0.000018
vn -0.792390 -0.610016 0.000013
vn -0.503090 -0.848634 0.163464
vn -0.753614 -0.610005 0.244864
vn -0.427969 -0.848622 0.310938
vn -0.641072 -0.609988 0.465770
vn -0.310942 -0.848618 0.427976
vn -0.465767 -0.609989 0.641073
vn -0.163476 -0.848618 0.503114
vn -0.244866 -0.609988 0.753628
vn -0.000000 -0.848614 0.529012
vn -0.000000 -0.609981 0.792416
vn 0.163473 -0.848613 0.503123
vn 0.244868 -0.609980 0.753633
vn 0.310945 -0.848615 0.427979
vn 0.465769 -0.609984 0.641076
vn 0.427967 -0.848625 0.310934
vn 0.641067 -0.610002 0.465758
vn 0.503105 -0.848625 0.163467
vn 0.753619 -0.609999 0.244866
vn 0.529001 -0.848621 -0.000000
vn 0.792406 -0.609994 0.000000
vn 0.503094 -0.848632 -0.163463
vn 0.753611 -0.610011 -0.244862
vn 0.427968 -0.848624 -0.310936
vn 0.641070 -0.609999 -0.465759
vn 0.310945 -0.848615 -0.427979
vn 0.465769 -0.609985 -0.641075
vn 0.163473 -0.848614 -0.503121
vn 0.244868 -0.609984 -0.753631
vn 0.000002 -0.848616 -0.529009
vn 0.000001 -0.609981 -0.792416
vn -0.163468 -0.848627 -0.503101
vn -0.244864 -0.609990 -0.753627
vn -0.310928 -0.848631 -0.427959
vn -0.465762 -0.609996 -0.641070
vn -0.951057 -0.000005 -0.309014
vn -0.809021 0.000002 -0.587780
vn -0.809021 0.000002 -0.587779
vn -0.951058 -0.000005 -0.309014
vn -0.587786 0.000000 -0.809016
vn -0.587786 0.000000 -0.809016
vn -0.309022 0.000000 -0.951055
vn -0.309021 0.000000 -0.951055
vn -0.000004 0.000001 -1.000000
vn -0.000004 0.000001 -1.000000
vn 0.309017 0.000002 -0.951056
vn 0.309017 0.000002 -0.951056
vn 0.587786 0.000002 -0.809017
vn 0.587786 0.000002 -0.809017
vn 0.809017 0.000000 -0.587785
vn 0.809017 0.000000 -0.587785
vn 0.951057 0.000000 -0.309016
vn 0.951057 0.000000 -0.309015
vn 1.000000 -0.000001 0.000000
vn 1.000000 -0.000001 -0.000000
vn 0.951057 -0.000000 0.309015
vn 0.951057 -0.000000 0.309016
vn 0.809017 0.000003 0.587785
vn 0.809017 0.000003 0.587785
vn 0.587785 0.000005 0.809017
vn 0.587785 0.000005 0.809017
vn 0.309017 0.000004 0.951057
vn 0.309016 0.000004 0.951057
vn -0.000000 0.000003 1.000000
vn -0.000000 0.000003 1.000000
vn -0.309016 0.000004 0.951057
vn -0.309016 0.000004 0.951057
vn -0.587785 0.000004 0.809017
vn -0.587785 0.000004 0.809017
vn -0.809020 0.000002 0.587781
vn -0.809019 0.000002 0.587782
vn -0.951059 0.000007 0.309010
vn -0.951059 0.000007 0.309011
vn -1.000000 -0.000001 -0.000006
vn -1.000000 -0.000001 -0.000007
vn -0.782135 -0.568929 -0.254134
vn -0.665324 -0.568930 -0.483386
vn -0.665322 -0.568930 -0.483389
vn -0.782136 -0.568929 -0.254131
vn -0.822385 -0.568931 -0.000001
vn -0.822385 -0.568931 -0.000001
vn -0.782138 -0.568924 0.254136
vn -0.782139 -0.568924 0.254132
vn -0.665323 -0.568932 0.483386
vn -0.665321 -0.568932 0.483389
vn -0.483385 -0.568940 0.665317
vn -0.483382 -0.568940 0.665319
vn -0.254131 -0.568937 0.782130
vn -0.254128 -0.568937 0.782131
vn -0.000000 -0.568935 0.822382
vn 0.000000 -0.568935 0.822382
vn 0.254129 -0.568937 0.782131
vn 0.254131 -0.568937 0.782131
vn 0.483383 -0.568935 0.665322
vn 0.483384 -0.568935 0.665322
vn 0.665324 -0.568928 0.483389
vn 0.665325 -0.568928 0.483388
vn 0.782137 -0.568927 0.254133
vn 0.782138 -0.568927 0.254131
vn 0.822388 -0.568927 -0.000000
vn 0.822388 -0.568927 -0.000000
vn 0.782136 -0.568929 -0.254132
vn 0.782136 -0.568929 -0.254131
vn 0.665324 -0.568927 -0.483389
vn 0.665326 -0.568927 -0.483388
vn 0.483386 -0.568928 -0.665326
vn 0.483386 -0.568929 -0.665326
vn 0.254130 -0.568936 -0.782132
vn 0.254132 -0.568936 -0.782131
vn -0.000000 -0.568936 -0.822381
vn 0.000000 -0.568937 -0.822381
vn -0.254129 -0.568941 -0.782128
vn -0.254127 -0.568941 -0.782129
vn -0.483383 -0.568945 -0.665314
vn -0.483380 -0.568945 -0.665316
vn -0.944604 0.116287 -0.306920
vn -0.803527 0.116288 -0.583799
vn -0.808880 -0.018316 -0.587688
vn -0.950897 -0.018311 -0.308966
vn -0.993216 0.116285 0.000000
vn -0.999833 -0.018306 0.000000
vn -0.944605 0.116281 0.306921
vn -0.950897 -0.018318 0.308966
vn -0.803527 0.116289 0.583799
vn -0.808880 -0.018314 0.587688
vn -0.583795 0.116294 0.803529
vn -0.587689 -0.018300 0.808880
vn -0.306918 0.116292 0.944604
vn -0.308966 -0.018302 0.950897
vn 0.000000 0.116291 0.993215
vn 0.000000 -0.018309 0.999832
vn 0.306924 0.116291 0.944603
vn 0.308963 -0.018309 0.950898
vn 0.583796 0.116293 0.803528
vn 0.587688 -0.018304 0.808881
vn 0.803527 0.116298 0.583798
vn 0.808880 -0.018301 0.587689
vn 0.944603 0.116297 0.306920
vn 0.950898 -0.018299 0.308965
vn 0.993215 0.116295 -0.000000
vn 0.999833 -0.018294 -0.000000
vn 0.944604 0.116296 -0.306919
vn 0.950898 -0.018297 -0.308965
vn 0.803527 0.116295 -0.583798
vn 0.808880 -0.018302 -0.587689
vn 0.583796 0.116294 -0.803528
vn 0.587688 -0.018305 -0.808881
vn 0.306925 0.116294 -0.944602
vn 0.308964 -0.018307 -0.950898
vn 0.000000 0.116292 -0.993215
vn 0.000000 -0.018307 -0.999833
vn -0.306918 0.116292 -0.944604
vn -0.308966 -0.018300 -0.950897
vn -0.583795 0.116293 -0.803529
vn -0.587688 -0.018302 -0.808880
vn -0.950800 -0.023329 -0.308926
vn -0.950800 -0.023329 -0.308925
vn -0.987378 -0.027921 -0.155901
vn -0.987435 -0.022704 -0.156386
vn -0.890774 -0.022686 -0.453881
vn -0.890453 -0.027912 -0.454218
vn -0.890597 -0.030192 -0.453790
vn -0.895250 -0.038559 -0.443893
vn -0.950566 -0.032314 -0.308838
vn -0.890858 -0.027896 -0.453426
vn -0.808805 -0.023359 -0.587613
vn -0.808804 -0.023359 -0.587614
vn -0.808591 -0.032273 -0.587485
vn -0.885330 -0.038538 -0.463363
vn -0.808388 -0.039370 -0.587333
vn -0.891059 -0.049207 -0.451212
vn -0.890153 -0.043825 -0.453549
vn -0.714259 -0.038551 -0.698819
vn -0.706527 -0.027928 -0.707135
vn -0.706788 -0.030243 -0.706779
vn -0.706426 -0.043841 -0.706428
vn -0.704477 -0.049201 -0.708019
vn -0.706931 -0.022741 -0.706917
vn -0.985190 -0.038588 -0.167067
vn -0.950323 -0.039383 -0.308764
vn -0.986884 -0.049195 -0.153751
vn -0.986741 -0.043850 -0.156270
vn -0.987239 -0.030240 -0.156349
vn -0.888792 -0.049203 -0.455662
vn -0.707141 -0.027931 -0.706520
vn -0.587617 -0.023367 -0.808802
vn -0.587617 -0.023367 -0.808801
vn -0.587477 -0.032272 -0.808597
vn -0.698816 -0.038570 -0.714261
vn -0.587326 -0.039366 -0.808393
vn -0.708014 -0.049216 -0.704481
vn -0.463350 -0.038534 -0.885337
vn -0.453411 -0.027918 -0.890864
vn -0.453787 -0.030213 -0.890598
vn -0.453552 -0.043837 -0.890151
vn -0.451200 -0.049199 -0.891066
vn -0.453876 -0.022725 -0.890775
vn -0.454219 -0.027931 -0.890452
vn -0.308936 -0.023374 -0.950796
vn -0.308933 -0.023374 -0.950797
vn -0.308861 -0.032278 -0.950559
vn -0.443907 -0.038556 -0.895243
vn -0.308781 -0.039373 -0.950318
vn -0.455677 -0.049206 -0.888784
vn -0.167082 -0.038550 -0.985189
vn -0.155925 -0.027919 -0.987374
vn -0.156365 -0.030216 -0.987237
vn -0.156283 -0.043841 -0.986739
vn -0.153759 -0.049210 -0.986882
vn -0.156397 -0.022727 -0.987433
vn -0.156825 -0.027921 -0.987232
vn -0.000001 -0.023369 -0.999727
vn -0.000000 -0.023369 -0.999727
vn 0.000001 -0.032281 -0.999479
vn -0.145536 -0.038555 -0.988601
vn 0.000001 -0.039382 -0.999224
vn -0.158728 -0.049206 -0.986095
vn 0.145536 -0.038557 -0.988601
vn 0.156825 -0.027922 -0.987232
vn 0.156365 -0.030212 -0.987237
vn 0.156283 -0.043842 -0.986739
vn 0.158730 -0.049210 -0.986095
vn 0.156396 -0.022724 -0.987433
vn 0.155926 -0.027923 -0.987374
vn 0.308936 -0.023380 -0.950795
vn 0.308928 -0.023380 -0.950798
vn 0.308858 -0.032279 -0.950560
vn 0.167083 -0.038553 -0.985189
vn 0.308777 -0.039376 -0.950319
vn 0.153759 -0.049209 -0.986882
vn 0.443906 -0.038545 -0.895244
vn 0.454215 -0.027926 -0.890455
vn 0.453789 -0.030210 -0.890597
vn 0.453554 -0.043841 -0.890150
vn 0.455680 -0.049203 -0.888783
vn 0.453874 -0.022728 -0.890776
vn 0.453417 -0.027916 -0.890861
vn 0.587632 -0.023353 -0.808791
vn 0.587632 -0.023353 -0.808791
vn 0.587483 -0.032265 -0.808593
vn 0.463355 -0.038545 -0.885334
vn 0.587335 -0.039366 -0.808386
vn 0.451196 -0.049226 -0.891066
vn 0.698829 -0.038548 -0.714249
vn 0.707156 -0.027904 -0.706506
vn 0.706783 -0.030215 -0.706785
vn 0.706428 -0.043822 -0.706427
vn 0.708036 -0.049204 -0.704460
vn 0.706924 -0.022696 -0.706925
vn 0.706504 -0.027909 -0.707159
vn 0.808791 -0.023346 -0.587633
vn 0.808794 -0.023346 -0.587628
vn 0.808590 -0.032250 -0.587488
vn 0.714246 -0.038540 -0.698833
vn 0.808381 -0.039345 -0.587343
vn 0.704461 -0.049201 -0.708035
vn 0.885334 -0.038538 -0.463356
vn 0.890866 -0.027908 -0.453409
vn 0.890594 -0.030237 -0.453794
vn 0.890146 -0.043851 -0.453562
vn 0.891067 -0.049230 -0.451195
vn 0.890774 -0.022713 -0.453879
vn 0.890447 -0.027921 -0.454229
vn 0.950795 -0.023334 -0.308941
vn 0.950796 -0.023334 -0.308936
vn 0.950558 -0.032294 -0.308865
vn 0.895240 -0.038564 -0.443913
vn 0.950318 -0.039358 -0.308783
vn 0.888778 -0.049203 -0.455690
vn 0.985190 -0.038555 -0.167074
vn 0.987376 -0.027924 -0.155916
vn 0.987237 -0.030249 -0.156362
vn 0.986741 -0.043832 -0.156273
vn 0.986883 -0.049208 -0.153757
vn 0.987433 -0.022757 -0.156391
vn 0.987232 -0.027930 -0.156825
vn 0.999727 -0.023376 0.000000
vn 0.999727 -0.023376 -0.000000
vn 0.999478 -0.032291 0.000000
vn 0.988601 -0.038558 -0.145537
vn 0.999224 -0.039395 0.000000
vn 0.986097 -0.049204 -0.158718
vn 0.988601 -0.038568 0.145537
vn 0.987231 -0.027936 0.156824
vn 0.987236 -0.030253 0.156362
vn 0.986741 -0.043835 0.156273
vn 0.986097 -0.049215 0.158718
vn 0.987433 -0.022757 0.156391
vn 0.987376 -0.027923 0.155917
vn 0.950795 -0.023328 0.308941
vn 0.950796 -0.023328 0.308937
vn 0.950557 -0.032294 0.308866
vn 0.985190 -0.038555 0.167074
vn 0.950318 -0.039358 0.308784
vn 0.986883 -0.049203 0.153757
vn 0.895239 -0.038563 0.443914
vn 0.890447 -0.027916 0.454229
vn 0.890594 -0.030229 0.453793
vn 0.890145 -0.043842 0.453563
vn 0.888782 -0.049199 0.455682
vn 0.890774 -0.022716 0.453878
vn 0.890866 -0.027909 0.453409
vn 0.808798 -0.023358 0.587623
vn 0.808801 -0.023358 0.587619
vn 0.808598 -0.032250 0.587477
vn 0.885335 -0.038544 0.463354
vn 0.808385 -0.039370 0.587337
vn 0.891060 -0.049208 0.451210
vn 0.714253 -0.038541 0.698826
vn 0.706515 -0.027908 0.707147
vn 0.706784 -0.030217 0.706784
vn 0.706418 -0.043820 0.706438
vn 0.704463 -0.049213 0.708033
vn 0.706924 -0.022726 0.706924
vn 0.707146 -0.027919 0.706516
vn 0.587626 -0.023376 0.808795
vn 0.587626 -0.023376 0.808795
vn 0.587480 -0.032255 0.808596
vn 0.698823 -0.038557 0.714255
vn 0.587334 -0.039374 0.808386
vn 0.708026 -0.049207 0.704470
vn 0.463353 -0.038544 0.885335
vn 0.453415 -0.027923 0.890862
vn 0.453787 -0.030217 0.890598
vn 0.453554 -0.043841 0.890150
vn 0.451196 -0.049224 0.891066
vn 0.453872 -0.022739 0.890777
vn 0.454211 -0.027933 0.890456
vn 0.308934 -0.023384 0.950796
vn 0.308926 -0.023384 0.950799
vn 0.308854 -0.032288 0.950561
vn 0.443904 -0.038549 0.895245
vn 0.308774 -0.039379 0.950320
vn 0.455679 -0.049213 0.888783
vn 0.167079 -0.038555 0.985189
vn 0.155924 -0.027927 0.987374
vn 0.156364 -0.030218 0.987237
vn 0.156283 -0.043839 0.986739
vn 0.153756 -0.049211 0.986883
vn 0.156396 -0.022729 0.987433
vn 0.156826 -0.027926 0.987231
vn 0.000000 -0.023374 0.999727
vn 0.000001 -0.023374 0.999727
vn 0.000001 -0.032284 0.999479
vn 0.145538 -0.038557 0.988601
vn 0.000001 -0.039380 0.999224
vn -0.145538 -0.038555 0.988601
vn -0.156284 -0.043840 0.986739
vn -0.158730 -0.049206 0.986095
vn 0.158730 -0.049207 0.986095
vn -0.156825 -0.027926 0.987232
vn -0.156365 -0.030221 0.987237
vn -0.156397 -0.022733 0.987433
vn -0.155924 -0.027924 0.987374
vn -0.308933 -0.023384 0.950796
vn -0.308930 -0.023384 0.950797
vn -0.308859 -0.032280 0.950560
vn -0.167079 -0.038551 0.985190
vn -0.308780 -0.039375 0.950318
vn -0.153756 -0.049210 0.986883
vn -0.443911 -0.038556 0.895241
vn -0.454217 -0.027939 0.890453
vn -0.453786 -0.030221 0.890598
vn -0.453556 -0.043844 0.890149
vn -0.455683 -0.049199 0.888781
vn -0.453873 -0.022739 0.890776
vn -0.453410 -0.027922 0.890865
vn -0.587618 -0.023367 0.808801
vn -0.587617 -0.023367 0.808801
vn -0.587476 -0.032277 0.808598
vn -0.463346 -0.038552 0.885339
vn -0.587326 -0.039380 0.808392
vn -0.451198 -0.049212 0.891066
vn -0.698819 -0.038555 0.714259
vn -0.707142 -0.027920 0.706520
vn -0.706788 -0.030239 0.706779
vn -0.706427 -0.043823 0.706427
vn -0.708014 -0.049206 0.704482
vn -0.706931 -0.022744 0.706917
vn -0.706526 -0.027939 0.707136
vn -0.808811 -0.023365 0.587604
vn -0.808810 -0.023365 0.587606
vn -0.808603 -0.032283 0.587469
vn -0.714259 -0.038556 0.698818
vn -0.808398 -0.039358 0.587319
vn -0.704478 -0.049207 0.708018
vn -0.885345 -0.038545 0.463335
vn -0.890870 -0.027915 0.453401
vn -0.890600 -0.030211 0.453784
vn -0.890147 -0.043816 0.453563
vn -0.891069 -0.049184 0.451195
vn -0.890776 -0.022710 0.453875
vn -0.890445 -0.027916 0.454234
vn -0.950796 -0.023352 0.308935
vn -0.950797 -0.023352 0.308933
vn -0.950561 -0.032304 0.308852
vn -0.895238 -0.038532 0.443919
vn -0.950318 -0.039371 0.308780
vn -0.888778 -0.049197 0.455691
vn -0.985191 -0.038572 0.167068
vn -0.987378 -0.027920 0.155901
vn -0.987240 -0.030215 0.156348
vn -0.986740 -0.043856 0.156269
vn -0.986884 -0.049196 0.153751
vn -0.987435 -0.022706 0.156385
vn -0.987231 -0.027911 0.156832
vn -0.999727 -0.023358 0.000002
vn -0.999727 -0.023358 0.000001
vn -0.999479 -0.032273 0.000001
vn -0.988602 -0.038564 0.145531
vn -0.999223 -0.039411 -0.000001
vn -0.986096 -0.049220 0.158721
vn -0.988601 -0.038577 -0.145531
vn -0.987231 -0.027912 -0.156832
vn -0.986096 -0.049223 -0.158722
vn 0.307725 -0.091404 0.947075
vn 0.439862 -0.092012 0.893339
vn 0.451933 -0.095251 0.886952
vn 0.456429 -0.101287 0.883976
vn 0.169235 -0.092010 0.981272
vn 0.150332 -0.101287 0.983433
vn 0.155722 -0.095243 0.983199
vn 0.307979 -0.081875 0.947864
vn 0.155949 -0.078692 0.984626
vn 0.157357 -0.060784 0.985669
vn 0.452058 -0.060789 0.889915
vn 0.452588 -0.078690 0.888241
vn 0.156293 -0.042576 0.986793
vn 0.308816 -0.035463 0.950460
vn 0.308825 -0.035463 0.950458
vn 0.154932 -0.060779 0.986054
vn 0.142276 -0.092009 0.985541
vn 0.000003 -0.081883 0.996642
vn 0.000000 -0.035449 0.999371
vn -0.000001 -0.035449 0.999372
vn -0.154926 -0.060783 0.986055
vn -0.156293 -0.042582 0.986792
vn -0.142272 -0.092011 0.985542
vn 0.000010 -0.091406 0.995814
vn -0.160918 -0.101296 0.981756
vn -0.155722 -0.095248 0.983198
vn -0.155948 -0.078696 0.984625
vn 0.160921 -0.101291 0.981756
vn 0.453583 -0.042587 0.890196
vn 0.585325 -0.091392 0.805632
vn 0.694384 -0.092010 0.713698
vn 0.703892 -0.095252 0.703892
vn 0.707243 -0.101292 0.699677
vn 0.464188 -0.092002 0.880946
vn 0.446879 -0.101293 0.888842
vn 0.585814 -0.081875 0.806299
vn 0.454249 -0.060780 0.888799
vn 0.704928 -0.060794 0.706669
vn 0.704913 -0.078705 0.704913
vn 0.587411 -0.035458 0.808512
vn 0.587420 -0.035458 0.808505
vn 0.706471 -0.042589 0.706459
vn 0.805637 -0.091405 0.585316
vn 0.880948 -0.092008 0.464182
vn 0.886955 -0.095249 0.451928
vn 0.888834 -0.101310 0.446889
vn 0.713704 -0.092019 0.694377
vn 0.699682 -0.101304 0.707236
vn 0.806310 -0.081873 0.585800
vn 0.706680 -0.060789 0.704917
vn 0.888794 -0.060762 0.454260
vn 0.888243 -0.078676 0.452586
vn 0.808510 -0.035439 0.587414
vn 0.808506 -0.035439 0.587419
vn 0.890193 -0.042568 0.453591
vn 0.947077 -0.091412 0.307716
vn 0.981273 -0.092020 0.169219
vn 0.983197 -0.095253 0.155728
vn 0.983440 -0.101274 0.150295
vn 0.893344 -0.092000 0.439856
vn 0.883974 -0.101281 0.456433
vn 0.947867 -0.081881 0.307968
vn 0.889921 -0.060775 0.452048
vn 0.985671 -0.060777 0.157353
vn 0.984627 -0.078655 0.155961
vn 0.950460 -0.035455 0.308818
vn 0.950460 -0.035455 0.308819
vn 0.986792 -0.042565 0.156302
vn 0.995812 -0.091422 -0.000000
vn 0.985537 -0.091997 -0.142314
vn 0.983198 -0.095242 -0.155728
vn 0.981749 -0.101294 -0.160959
vn 0.985536 -0.092011 0.142313
vn 0.981748 -0.101303 0.160959
vn 0.996645 -0.081844 -0.000000
vn 0.986051 -0.060756 0.154960
vn 0.986050 -0.060761 -0.154960
vn 0.984627 -0.078649 -0.155961
vn 0.999371 -0.035461 0.000000
vn 0.999371 -0.035462 -0.000000
vn 0.986792 -0.042561 -0.156302
vn 0.947075 -0.091422 -0.307718
vn 0.893341 -0.092027 -0.439855
vn 0.886955 -0.095248 -0.451928
vn 0.883969 -0.101285 -0.456442
vn 0.981274 -0.092013 -0.169219
vn 0.983440 -0.101277 -0.150295
vn 0.947867 -0.081886 -0.307965
vn 0.985671 -0.060770 -0.157353
vn 0.889917 -0.060783 -0.452055
vn 0.888245 -0.078709 -0.452576
vn 0.950456 -0.035442 -0.308834
vn 0.950455 -0.035442 -0.308835
vn 0.890195 -0.042599 -0.453583
vn 0.805629 -0.091402 -0.585327
vn 0.713681 -0.091989 -0.694404
vn 0.703892 -0.095237 -0.703893
vn 0.699671 -0.101296 -0.707248
vn 0.880949 -0.092010 -0.464180
vn 0.888842 -0.101292 -0.446877
vn 0.806297 -0.081860 -0.585820
vn 0.888801 -0.060788 -0.454243
vn 0.706665 -0.060751 -0.704936
vn 0.704915 -0.078663 -0.704916
vn 0.808517 -0.035446 -0.587405
vn 0.808513 -0.035446 -0.587410
vn 0.706472 -0.042565 -0.706460
vn 0.585323 -0.091399 -0.805632
vn 0.464171 -0.092010 -0.880954
vn 0.451924 -0.095250 -0.886956
vn 0.446864 -0.101295 -0.888849
vn 0.694404 -0.092000 -0.713680
vn 0.707257 -0.101289 -0.699663
vn 0.585816 -0.081869 -0.806298
vn 0.704943 -0.060780 -0.706655
vn 0.454233 -0.060790 -0.888806
vn 0.452580 -0.078689 -0.888245
vn 0.587406 -0.035471 -0.808515
vn 0.587415 -0.035471 -0.808509
vn 0.453575 -0.042584 -0.890200
vn 0.307722 -0.091396 -0.947077
vn 0.169238 -0.092007 -0.981271
vn 0.155725 -0.095239 -0.983199
vn 0.150333 -0.101287 -0.983433
vn 0.439870 -0.092006 -0.893336
vn 0.456433 -0.101291 -0.883973
vn 0.307985 -0.081878 -0.947861
vn 0.452063 -0.060775 -0.889913
vn 0.157360 -0.060782 -0.985669
vn 0.155949 -0.078694 -0.984625
vn 0.308818 -0.035444 -0.950460
vn 0.308829 -0.035444 -0.950457
vn 0.156293 -0.042570 -0.986793
vn 0.000009 -0.091408 -0.995814
vn -0.142273 -0.092016 -0.985541
vn -0.155723 -0.095248 -0.983198
vn -0.160921 -0.101291 -0.981756
vn 0.142276 -0.092012 -0.985541
vn 0.160924 -0.101290 -0.981755
vn 0.000003 -0.081890 -0.996641
vn 0.154929 -0.060781 -0.986054
vn -0.154924 -0.060786 -0.986055
vn -0.155948 -0.078700 -0.984625
vn -0.000003 -0.035448 -0.999372
vn -0.000001 -0.035448 -0.999372
vn -0.156293 -0.042580 -0.986793
vn -0.307726 -0.091409 -0.947074
vn -0.439866 -0.092009 -0.893338
vn -0.451924 -0.095256 -0.886956
vn -0.456425 -0.101294 -0.883977
vn -0.169241 -0.092017 -0.981270
vn -0.150333 -0.101291 -0.983433
vn -0.307987 -0.081883 -0.947860
vn -0.157365 -0.060785 -0.985668
vn -0.452057 -0.060778 -0.889916
vn -0.452586 -0.078682 -0.888243
vn -0.308824 -0.035452 -0.950458
vn -0.308824 -0.035452 -0.950459
vn -0.453581 -0.042571 -0.890198
vn -0.585318 -0.091414 -0.805634
vn -0.694384 -0.092007 -0.713699
vn -0.703888 -0.095252 -0.703895
vn -0.707243 -0.101300 -0.699676
vn -0.464176 -0.092017 -0.880950
vn -0.446871 -0.101297 -0.888845
vn -0.585804 -0.081875 -0.806306
vn -0.454247 -0.060775 -0.888801
vn -0.704927 -0.060780 -0.706671
vn -0.704919 -0.078706 -0.704908
vn -0.587419 -0.035449 -0.808506
vn -0.587419 -0.035449 -0.808506
vn -0.706470 -0.042595 -0.706461
vn -0.805632 -0.091407 -0.585322
vn -0.880948 -0.092027 -0.464178
vn -0.886948 -0.095273 -0.451937
vn -0.888839 -0.101300 -0.446883
vn -0.713699 -0.092019 -0.694383
vn -0.699674 -0.101292 -0.707245
vn -0.806307 -0.081886 -0.585802
vn -0.706677 -0.060791 -0.704920
vn -0.888799 -0.060787 -0.454249
vn -0.888239 -0.078675 -0.452594
vn -0.808508 -0.035449 -0.587417
vn -0.808509 -0.035449 -0.587416
vn -0.890194 -0.042564 -0.453590
vn -0.947069 -0.091426 -0.307736
vn -0.981269 -0.092025 -0.169240
vn -0.983198 -0.095264 -0.155716
vn -0.983432 -0.101295 -0.150338
vn -0.893333 -0.092014 -0.439875
vn -0.883974 -0.101300 -0.456430
vn -0.947858 -0.081879 -0.307994
vn -0.889914 -0.060753 -0.452064
vn -0.985667 -0.060786 -0.157372
vn -0.984625 -0.078695 -0.155954
vn -0.950456 -0.035442 -0.308832
vn -0.950456 -0.035442 -0.308832
vn -0.986793 -0.042560 -0.156292
vn -0.995813 -0.091416 0.000001
vn -0.985540 -0.092016 0.142284
vn -0.983198 -0.095271 0.155708
vn -0.981754 -0.101297 0.160929
vn -0.985539 -0.092035 -0.142276
vn -0.981756 -0.101301 -0.160912
vn -0.996642 -0.081888 0.000004
vn -0.986055 -0.060786 -0.154921
vn -0.986053 -0.060777 0.154934
vn -0.984628 -0.078682 0.155941
vn -0.999372 -0.035442 0.000013
vn -0.999372 -0.035442 0.000012
vn -0.986794 -0.042568 0.156284
vn -0.947074 -0.091437 0.307719
vn -0.893335 -0.092000 0.439873
vn -0.886949 -0.095261 0.451937
vn -0.883975 -0.101289 0.456430
vn -0.981273 -0.092028 0.169216
vn -0.983434 -0.101308 0.150311
vn -0.947866 -0.081859 0.307977
vn -0.985673 -0.060758 0.157344
vn -0.889914 -0.060754 0.452064
vn -0.888240 -0.078670 0.452594
vn -0.950461 -0.035436 0.308819
vn -0.950461 -0.035436 0.308819
vn -0.890194 -0.042559 0.453590
vn -0.805637 -0.091407 0.585315
vn -0.713705 -0.092018 0.694376
vn -0.703893 -0.095246 0.703891
vn -0.699687 -0.101295 0.707232
vn -0.880949 -0.092015 0.464178
vn -0.888834 -0.101314 0.446889
vn -0.806306 -0.081883 0.585803
vn -0.888799 -0.060775 0.454249
vn -0.706677 -0.060797 0.704919
vn -0.704914 -0.078697 0.704913
vn -0.808511 -0.035455 0.587412
vn -0.808512 -0.035455 0.587411
vn -0.706465 -0.042598 0.706464
vn -0.585314 -0.091408 0.805638
vn -0.464176 -0.092019 0.880950
vn -0.451925 -0.095258 0.886955
vn -0.446871 -0.101297 0.888845
vn -0.694377 -0.092008 0.713705
vn -0.707238 -0.101276 0.699684
vn -0.585803 -0.081881 0.806307
vn -0.704920 -0.060787 0.706677
vn -0.454248 -0.060775 0.888800
vn -0.452587 -0.078682 0.888242
vn -0.587415 -0.035448 0.808509
vn -0.587415 -0.035448 0.808509
vn -0.453582 -0.042564 0.890198
vn -0.307728 -0.091408 0.947073
vn -0.169240 -0.092014 0.981270
vn -0.150336 -0.101292 0.983432
vn -0.439869 -0.092011 0.893336
vn -0.456426 -0.101297 0.883977
vn -0.307988 -0.081878 0.947861
vn -0.452059 -0.060774 0.889915
vn -0.157363 -0.060784 0.985668
vn -0.308824 -0.035450 0.950459
vn -0.308823 -0.035450 0.950459
vn 0.307242 -0.107007 0.945596
vn 0.439585 -0.108613 0.891610
vn 0.451245 -0.109920 0.885605
vn 0.456349 -0.113328 0.882555
vn 0.168442 -0.108613 0.979709
vn 0.149564 -0.113329 0.982236
vn 0.155485 -0.109921 0.981703
vn 0.307441 -0.100859 0.946207
vn 0.155678 -0.097961 0.982938
vn 0.451813 -0.097963 0.886717
vn 0.142543 -0.108613 0.983811
vn -0.000011 -0.100876 0.994899
vn -0.142541 -0.108613 0.983812
vn 0.000003 -0.106993 0.994260
vn -0.161280 -0.113327 0.980380
vn -0.155486 -0.109919 0.981704
vn -0.155680 -0.097965 0.982938
vn 0.161284 -0.113324 0.980380
vn 0.584413 -0.106988 0.804373
vn 0.693590 -0.108609 0.712136
vn 0.702821 -0.109917 0.702823
vn 0.706731 -0.113326 0.698347
vn 0.462951 -0.108607 0.879705
vn 0.445776 -0.113325 0.887942
vn 0.584786 -0.100878 0.804891
vn 0.703708 -0.097973 0.703702
vn 0.804367 -0.106996 0.584418
vn 0.879697 -0.108608 0.462966
vn 0.885601 -0.109919 0.451252
vn 0.887939 -0.113319 0.445784
vn 0.712139 -0.108623 0.693584
vn 0.698345 -0.113326 0.706734
vn 0.804884 -0.100901 0.584791
vn 0.886711 -0.097971 0.451824
vn 0.945597 -0.106999 0.307242
vn 0.979715 -0.108602 0.168417
vn 0.981705 -0.109920 0.155474
vn 0.982238 -0.113334 0.149545
vn 0.891607 -0.108617 0.439591
vn 0.882550 -0.113321 0.456359
vn 0.946214 -0.100838 0.307426
vn 0.982941 -0.097937 0.155675
vn 0.994262 -0.106968 0.000000
vn 0.983809 -0.108605 -0.142563
vn 0.981705 -0.109921 -0.155474
vn 0.980381 -0.113327 -0.161273
vn 0.983811 -0.108593 0.142563
vn 0.980381 -0.113330 0.161273
vn 0.994901 -0.100857 0.000000
vn 0.982940 -0.097946 -0.155675
vn 0.945599 -0.106986 -0.307239
vn 0.891607 -0.108600 -0.439594
vn 0.885607 -0.109908 -0.451243
vn 0.882554 -0.113308 -0.456355
vn 0.979715 -0.108601 -0.168417
vn 0.982238 -0.113333 -0.149546
vn 0.946212 -0.100838 -0.307432
vn 0.886715 -0.097940 -0.451824
vn 0.804376 -0.107002 -0.584405
vn 0.712143 -0.108629 -0.693580
vn 0.702824 -0.109927 -0.702819
vn 0.698350 -0.113316 -0.706730
vn 0.879704 -0.108604 -0.462954
vn 0.887945 -0.113310 -0.445774
vn 0.804889 -0.100892 -0.584786
vn 0.703711 -0.097971 -0.703699
vn 0.584415 -0.106998 -0.804370
vn 0.462948 -0.108604 -0.879707
vn 0.451246 -0.109921 -0.885604
vn 0.445778 -0.113324 -0.887941
vn 0.693592 -0.108625 -0.712131
vn 0.706730 -0.113332 -0.698347
vn 0.584789 -0.100870 -0.804889
vn 0.451807 -0.097966 -0.886721
vn 0.307245 -0.107005 -0.945595
vn 0.168443 -0.108617 -0.979709
vn 0.155483 -0.109919 -0.981704
vn 0.149562 -0.113327 -0.982236
vn 0.439589 -0.108619 -0.891607
vn 0.456349 -0.113326 -0.882555
vn 0.307455 -0.100871 -0.946201
vn 0.155682 -0.097963 -0.982938
vn 0.000002 -0.106992 -0.994260
vn -0.142542 -0.108610 -0.983812
vn -0.155484 -0.109918 -0.981704
vn -0.161280 -0.113326 -0.980381
vn 0.142543 -0.108612 -0.983812
vn 0.161282 -0.113326 -0.980380
vn -0.000012 -0.100870 -0.994900
vn -0.155680 -0.097961 -0.982938
vn -0.307244 -0.106995 -0.945597
vn -0.439583 -0.108611 -0.891611
vn -0.451240 -0.109912 -0.885608
vn -0.456345 -0.113326 -0.882557
vn -0.168447 -0.108611 -0.979709
vn -0.149565 -0.113325 -0.982236
vn -0.307443 -0.100869 -0.946205
vn -0.451806 -0.097968 -0.886721
vn -0.584411 -0.107002 -0.804372
vn -0.693590 -0.108627 -0.712133
vn -0.702816 -0.109935 -0.702826
vn -0.706736 -0.113337 -0.698341
vn -0.462949 -0.108607 -0.879706
vn -0.445770 -0.113325 -0.887945
vn -0.584783 -0.100878 -0.804893
vn -0.703704 -0.097963 -0.703707
vn -0.804376 -0.107033 -0.584399
vn -0.879709 -0.108635 -0.462936
vn -0.885612 -0.109931 -0.451228
vn -0.887950 -0.113342 -0.445756
vn -0.712132 -0.108623 -0.693592
vn -0.698338 -0.113326 -0.706740
vn -0.804893 -0.100883 -0.584783
vn -0.886715 -0.097963 -0.451818
vn -0.945595 -0.106988 -0.307252
vn -0.979708 -0.108603 -0.168456
vn -0.981703 -0.109918 -0.155489
vn -0.982233 -0.113337 -0.149575
vn -0.891611 -0.108593 -0.439588
vn -0.882557 -0.113327 -0.456344
vn -0.946204 -0.100873 -0.307446
vn -0.982938 -0.097969 -0.155677
vn -0.994261 -0.106984 0.000003
vn -0.983811 -0.108597 0.142554
vn -0.981705 -0.109926 0.155472
vn -0.980381 -0.113328 0.161279
vn -0.983813 -0.108610 -0.142536
vn -0.980379 -0.113329 -0.161284
vn -0.994900 -0.100864 0.000014
vn -0.982940 -0.097959 0.155673
vn -0.945595 -0.107023 0.307239
vn -0.891611 -0.108617 0.439583
vn -0.885607 -0.109916 0.451242
vn -0.882555 -0.113337 0.456346
vn -0.979711 -0.108622 0.168429
vn -0.982236 -0.113336 0.149556
vn -0.946208 -0.100869 0.307435
vn -0.886712 -0.097980 0.451821
vn -0.804369 -0.107009 0.584415
vn -0.712141 -0.108622 0.693583
vn -0.702817 -0.109922 0.702827
vn -0.698349 -0.113324 0.706730
vn -0.879698 -0.108621 0.462961
vn -0.887947 -0.113306 0.445772
vn -0.804884 -0.100902 0.584790
vn -0.703710 -0.097949 0.703703
vn -0.584406 -0.107001 0.804376
vn -0.462949 -0.108611 0.879705
vn -0.451240 -0.109911 0.885609
vn -0.445771 -0.113332 0.887944
vn -0.693582 -0.108604 0.712145
vn -0.706726 -0.113329 0.698352
vn -0.584782 -0.100864 0.804895
vn -0.451806 -0.097968 0.886721
vn -0.307243 -0.106993 0.945597
vn -0.168448 -0.108611 0.979709
vn -0.149568 -0.113327 0.982235
vn -0.439582 -0.108607 0.891612
vn -0.456342 -0.113323 0.882559
vn -0.307443 -0.100870 0.946205
vn 0.306960 -0.115239 0.944720
vn 0.439910 -0.116852 0.890407
vn 0.450855 -0.117369 0.884847
vn 0.456553 -0.118240 0.881804
vn 0.167477 -0.116848 0.978927
vn 0.148949 -0.118231 0.981751
vn 0.155352 -0.117361 0.980863
vn 0.307106 -0.111166 0.945160
vn 0.155499 -0.109188 0.981783
vn 0.451282 -0.109189 0.885676
vn 0.143225 -0.116845 0.982768
vn 0.000003 -0.111172 0.993801
vn -0.143224 -0.116848 0.982768
vn 0.000003 -0.115227 0.993339
vn -0.161712 -0.118234 0.979730
vn -0.155353 -0.117363 0.980863
vn -0.155500 -0.109192 0.981783
vn 0.161716 -0.118232 0.979729
vn 0.583874 -0.115233 0.803625
vn 0.693529 -0.116852 0.710889
vn 0.702223 -0.117364 0.702216
vn 0.706702 -0.118234 0.697563
vn 0.461787 -0.116853 0.879260
vn 0.445047 -0.118229 0.887668
vn 0.584139 -0.111184 0.804002
vn 0.702877 -0.109194 0.702881
vn 0.803627 -0.115231 0.583871
vn 0.879261 -0.116856 0.461785
vn 0.884848 -0.117376 0.450851
vn 0.887671 -0.118243 0.445039
vn 0.710891 -0.116844 0.693528
vn 0.697562 -0.118232 0.706703
vn 0.803999 -0.111183 0.584144
vn 0.885670 -0.109183 0.451296
vn 0.944721 -0.115218 0.306964
vn 0.978929 -0.116845 0.167469
vn 0.980864 -0.117349 0.155355
vn 0.981754 -0.118222 0.148941
vn 0.890405 -0.116824 0.439921
vn 0.881804 -0.118233 0.456556
vn 0.945164 -0.111140 0.307103
vn 0.981785 -0.109201 0.155477
vn 0.993339 -0.115226 0.000000
vn 0.982768 -0.116848 -0.143225
vn 0.980863 -0.117356 -0.155355
vn 0.979728 -0.118234 -0.161720
vn 0.982768 -0.116852 0.143224
vn 0.979729 -0.118228 0.161720
vn 0.993799 -0.111193 -0.000000
vn 0.981786 -0.109193 -0.155478
vn 0.944721 -0.115222 -0.306962
vn 0.890406 -0.116829 -0.439919
vn 0.884851 -0.117380 -0.450845
vn 0.881802 -0.118233 -0.456559
vn 0.978928 -0.116849 -0.167468
vn 0.981754 -0.118218 -0.148941
vn 0.945164 -0.111144 -0.307103
vn 0.885676 -0.109168 -0.451288
vn 0.803635 -0.115240 -0.583858
vn 0.710899 -0.116836 -0.693521
vn 0.702219 -0.117361 -0.702221
vn 0.697573 -0.118226 -0.706692
vn 0.879265 -0.116858 -0.461776
vn 0.887678 -0.118229 -0.445028
vn 0.804005 -0.111166 -0.584139
vn 0.702880 -0.109175 -0.702880
vn 0.583864 -0.115238 -0.803631
vn 0.461784 -0.116858 -0.879261
vn 0.450849 -0.117366 -0.884851
vn 0.445040 -0.118238 -0.887671
vn 0.693522 -0.116845 -0.710897
vn 0.706684 -0.118240 -0.697579
vn 0.584140 -0.111178 -0.804002
vn 0.451282 -0.109188 -0.885676
vn 0.306962 -0.115230 -0.944720
vn 0.167476 -0.116845 -0.978927
vn 0.155352 -0.117362 -0.980863
vn 0.148952 -0.118232 -0.981751
vn 0.439910 -0.116842 -0.890408
vn 0.456551 -0.118235 -0.881806
vn 0.307105 -0.111164 -0.945161
vn 0.155497 -0.109188 -0.981784
vn 0.000004 -0.115225 -0.993339
vn -0.143223 -0.116845 -0.982769
vn -0.155352 -0.117363 -0.980863
vn -0.161712 -0.118233 -0.979730
vn 0.143225 -0.116847 -0.982768
vn 0.161715 -0.118233 -0.979729
vn 0.000004 -0.111173 -0.993801
vn -0.155498 -0.109188 -0.981783
vn -0.306962 -0.115226 -0.944721
vn -0.439911 -0.116845 -0.890407
vn -0.450850 -0.117358 -0.884851
vn -0.456557 -0.118233 -0.881803
vn -0.167478 -0.116846 -0.978927
vn -0.148952 -0.118231 -0.981751
vn -0.307105 -0.111174 -0.945160
vn -0.451275 -0.109191 -0.885680
vn -0.583861 -0.115217 -0.803637
vn -0.693521 -0.116844 -0.710898
vn -0.702219 -0.117365 -0.702221
vn -0.706686 -0.118240 -0.697578
vn -0.461782 -0.116843 -0.879264
vn -0.445036 -0.118228 -0.887674
vn -0.584140 -0.111172 -0.804003
vn -0.702878 -0.109188 -0.702880
vn -0.803634 -0.115236 -0.583860
vn -0.879263 -0.116851 -0.461781
vn -0.884842 -0.117378 -0.450863
vn -0.887672 -0.118240 -0.445037
vn -0.710898 -0.116842 -0.693521
vn -0.697575 -0.118241 -0.706688
vn -0.804004 -0.111165 -0.584141
vn -0.885681 -0.109204 -0.451270
vn -0.944716 -0.115222 -0.306978
vn -0.978924 -0.116848 -0.167494
vn -0.980861 -0.117355 -0.155369
vn -0.981750 -0.118222 -0.148962
vn -0.890403 -0.116860 -0.439915
vn -0.881796 -0.118224 -0.456572
vn -0.945156 -0.111195 -0.307109
vn -0.981779 -0.109208 -0.155509
vn -0.993336 -0.115254 0.000000
vn -0.982765 -0.116869 0.143229
vn -0.980860 -0.117361 0.155369
vn -0.979728 -0.118231 0.161724
vn -0.982766 -0.116859 -0.143232
vn -0.979728 -0.118228 -0.161724
vn -0.993800 -0.111184 -0.000003
vn -0.981783 -0.109204 0.155492
vn -0.944715 -0.115230 0.306978
vn -0.890402 -0.116858 0.439918
vn -0.884843 -0.117367 0.450863
vn -0.881796 -0.118227 0.456573
vn -0.978926 -0.116833 0.167491
vn -0.981749 -0.118234 0.148961
vn -0.945157 -0.111179 0.307110
vn -0.885679 -0.109184 0.451278
vn -0.803635 -0.115228 0.583861
vn -0.710902 -0.116841 0.693517
vn -0.702219 -0.117361 0.702222
vn -0.697575 -0.118231 0.706690
vn -0.879265 -0.116838 0.461781
vn -0.887673 -0.118235 0.445036
vn -0.804007 -0.111166 0.584136
vn -0.702879 -0.109187 0.702879
vn -0.583867 -0.115214 0.803633
vn -0.461790 -0.116843 0.879260
vn -0.450858 -0.117357 0.884847
vn -0.445048 -0.118224 0.887669
vn -0.693517 -0.116843 0.710902
vn -0.706687 -0.118235 0.697577
vn -0.584137 -0.111175 0.804005
vn -0.451274 -0.109194 0.885680
vn -0.306960 -0.115234 0.944720
vn -0.167481 -0.116848 0.978926
vn -0.148953 -0.118232 0.981751
vn -0.439907 -0.116854 0.890408
vn -0.456556 -0.118229 0.881804
vn -0.307105 -0.111178 0.945159
vn 0.306903 -0.116764 0.944551
vn 0.440496 -0.118494 0.889900
vn 0.450806 -0.118207 0.884760
vn 0.456897 -0.117140 0.881773
vn 0.166698 -0.118489 0.978863
vn 0.148660 -0.117144 0.981925
vn 0.155337 -0.118204 0.980764
vn 0.306967 -0.114856 0.944764
vn 0.155421 -0.113563 0.981299
vn 0.451059 -0.113562 0.885240
vn 0.143943 -0.118494 0.982466
vn 0.000003 -0.114862 0.993382
vn -0.143938 -0.118494 0.982467
vn 0.000002 -0.116765 0.993160
vn -0.162044 -0.117141 0.979806
vn -0.155337 -0.118205 0.980764
vn -0.155420 -0.113568 0.981299
vn 0.162047 -0.117145 0.979805
vn 0.583759 -0.116776 0.803485
vn 0.693926 -0.118492 0.710230
vn 0.702153 -0.118195 0.702148
vn 0.707010 -0.117143 0.697434
vn 0.461029 -0.118501 0.879437
vn 0.444811 -0.117144 0.887930
vn 0.583895 -0.114869 0.803662
vn 0.702529 -0.113570 0.702534
vn 0.803484 -0.116742 0.583768
vn 0.879436 -0.118474 0.461039
vn 0.884753 -0.118186 0.450826
vn 0.887921 -0.117145 0.444830
vn 0.710227 -0.118487 0.693929
vn 0.697439 -0.117143 0.707005
vn 0.803658 -0.114864 0.583900
vn 0.885240 -0.113578 0.451055
vn 0.944552 -0.116779 0.306896
vn 0.978865 -0.118496 0.166681
vn 0.980766 -0.118211 0.155321
vn 0.981929 -0.117141 0.148638
vn 0.889899 -0.118495 0.440498
vn 0.881769 -0.117131 0.456906
vn 0.944767 -0.114847 0.306962
vn 0.981301 -0.113552 0.155413
vn 0.993161 -0.116750 0.000000
vn 0.982466 -0.118492 -0.143945
vn 0.980766 -0.118207 -0.155321
vn 0.979807 -0.117148 -0.162032
vn 0.982466 -0.118492 0.143945
vn 0.979808 -0.117139 0.162032
vn 0.993380 -0.114872 -0.000000
vn 0.981302 -0.113552 -0.155413
vn 0.944548 -0.116776 -0.306907
vn 0.889890 -0.118497 -0.440516
vn 0.884751 -0.118214 -0.450823
vn 0.881762 -0.117150 -0.456916
vn 0.978866 -0.118486 -0.166681
vn 0.981931 -0.117127 -0.148639
vn 0.944766 -0.114840 -0.306967
vn 0.885245 -0.113554 -0.451051
vn 0.803490 -0.116760 -0.583756
vn 0.710233 -0.118487 -0.693924
vn 0.702150 -0.118198 -0.702150
vn 0.697435 -0.117146 -0.707008
vn 0.879448 -0.118474 -0.461016
vn 0.887926 -0.117164 -0.444815
vn 0.803672 -0.114845 -0.583886
vn 0.702525 -0.113571 -0.702539
vn 0.583762 -0.116769 -0.803484
vn 0.461028 -0.118496 -0.879439
vn 0.450805 -0.118203 -0.884761
vn 0.444813 -0.117143 -0.887930
vn 0.693920 -0.118499 -0.710235
vn 0.707010 -0.117138 -0.697435
vn 0.583886 -0.114877 -0.803667
vn 0.451052 -0.113565 -0.885243
vn 0.306903 -0.116761 -0.944552
vn 0.166700 -0.118488 -0.978862
vn 0.155337 -0.118201 -0.980765
vn 0.148660 -0.117143 -0.981926
vn 0.440495 -0.118494 -0.889901
vn 0.456895 -0.117144 -0.881774
vn 0.306969 -0.114861 -0.944763
vn 0.155422 -0.113565 -0.981299
vn 0.000002 -0.116763 -0.993160
vn -0.143938 -0.118493 -0.982467
vn -0.155336 -0.118204 -0.980764
vn -0.162045 -0.117143 -0.979806
vn 0.143942 -0.118493 -0.982467
vn 0.162047 -0.117143 -0.979805
vn 0.000002 -0.114861 -0.993382
vn -0.155420 -0.113567 -0.981299
vn -0.306906 -0.116762 -0.944550
vn -0.440501 -0.118493 -0.889898
vn -0.450802 -0.118207 -0.884763
vn -0.456892 -0.117146 -0.881775
vn -0.166701 -0.118491 -0.978862
vn -0.148662 -0.117146 -0.981925
vn -0.306976 -0.114859 -0.944761
vn -0.451052 -0.113568 -0.885243
vn -0.583754 -0.116770 -0.803490
vn -0.693920 -0.118502 -0.710234
vn -0.702151 -0.118211 -0.702146
vn -0.707004 -0.117144 -0.697440
vn -0.461017 -0.118494 -0.879444
vn -0.444808 -0.117147 -0.887932
vn -0.583884 -0.114870 -0.803670
vn -0.702530 -0.113580 -0.702532
vn -0.803492 -0.116766 -0.583751
vn -0.879444 -0.118490 -0.461019
vn -0.884759 -0.118200 -0.450811
vn -0.887931 -0.117146 -0.444809
vn -0.710238 -0.118500 -0.693917
vn -0.697439 -0.117144 -0.707005
vn -0.803672 -0.114864 -0.583882
vn -0.885238 -0.113560 -0.451064
vn -0.944548 -0.116745 -0.306919
vn -0.978862 -0.118474 -0.166711
vn -0.980765 -0.118191 -0.155344
vn -0.981927 -0.117131 -0.148662
vn -0.889895 -0.118476 -0.440512
vn -0.881768 -0.117135 -0.456908
vn -0.944759 -0.114850 -0.306986
vn -0.981299 -0.113555 -0.155429
vn -0.993161 -0.116754 0.000000
vn -0.982469 -0.118474 0.143939
vn -0.980765 -0.118185 0.155344
vn -0.979806 -0.117137 0.162045
vn -0.982468 -0.118484 -0.143939
vn -0.979805 -0.117146 -0.162044
vn -0.993384 -0.114837 0.000000
vn -0.981297 -0.113569 0.155429
vn -0.944548 -0.116742 0.306920
vn -0.889895 -0.118471 0.440513
vn -0.884759 -0.118195 0.450811
vn -0.881768 -0.117133 0.456909
vn -0.978861 -0.118488 0.166711
vn -0.981926 -0.117139 0.148662
vn -0.944758 -0.114862 0.306985
vn -0.885237 -0.113564 0.451064
vn -0.803490 -0.116758 0.583756
vn -0.710233 -0.118489 0.693923
vn -0.702151 -0.118195 0.702149
vn -0.697425 -0.117137 0.707020
vn -0.879444 -0.118493 0.461017
vn -0.887932 -0.117147 0.444808
vn -0.803672 -0.114861 0.583882
vn -0.702532 -0.113572 0.702532
vn -0.583761 -0.116767 0.803485
vn -0.461026 -0.118497 0.879440
vn -0.450802 -0.118210 0.884762
vn -0.444812 -0.117143 0.887930
vn -0.693926 -0.118494 0.710229
vn -0.707020 -0.117135 0.697426
vn -0.583889 -0.114862 0.803667
vn -0.451059 -0.113559 0.885240
vn -0.306903 -0.116761 0.944552
vn -0.166702 -0.118491 0.978862
vn -0.148664 -0.117145 0.981925
vn -0.440495 -0.118487 0.889902
vn -0.456887 -0.117144 0.881778
vn -0.306975 -0.114852 0.944762
vn 0.307071 -0.111958 0.945078
vn 0.439929 -0.114190 0.890743
vn 0.451114 -0.112320 0.885370
vn 0.456873 -0.110251 0.882673
vn 0.167653 -0.114205 0.979209
vn 0.149194 -0.110257 0.982642
vn 0.155444 -0.112325 0.981438
vn 0.307041 -0.112997 0.944964
vn 0.155446 -0.112209 0.981451
vn 0.451125 -0.112199 0.885380
vn 0.143144 -0.114204 0.983091
vn 0.000001 -0.113000 0.993595
vn -0.143140 -0.114201 0.983092
vn 0.000002 -0.111965 0.993712
vn -0.161757 -0.110256 0.980652
vn -0.155444 -0.112320 0.981439
vn -0.155447 -0.112205 0.981451
vn 0.161760 -0.110258 0.980651
vn 0.584094 -0.111972 0.803926
vn 0.693649 -0.114210 0.711201
vn 0.702633 -0.112326 0.702630
vn 0.707275 -0.110265 0.698286
vn 0.462042 -0.114207 0.879474
vn 0.445547 -0.110262 0.888442
vn 0.584018 -0.113003 0.803837
vn 0.702644 -0.112212 0.702638
vn 0.803928 -0.111956 0.584094
vn 0.879469 -0.114206 0.462051
vn 0.885365 -0.112315 0.451125
vn 0.888438 -0.110254 0.445559
vn 0.711207 -0.114211 0.693643
vn 0.698290 -0.110262 0.707272
vn 0.803835 -0.113025 0.584016
vn 0.885371 -0.112204 0.451142
vn 0.945082 -0.111966 0.307058
vn 0.979214 -0.114194 0.167632
vn 0.981437 -0.112343 0.155437
vn 0.982643 -0.110260 0.149184
vn 0.890742 -0.114194 0.439930
vn 0.882669 -0.110269 0.456876
vn 0.944970 -0.112970 0.307034
vn 0.981456 -0.112198 0.155422
vn 0.993711 -0.111980 -0.000000
vn 0.983090 -0.114216 -0.143140
vn 0.981437 -0.112343 -0.155437
vn 0.980651 -0.110261 -0.161762
vn 0.983090 -0.114213 0.143141
vn 0.980650 -0.110269 0.161762
vn 0.993593 -0.113015 0.000000
vn 0.981456 -0.112198 -0.155422
vn 0.945079 -0.111969 -0.307066
vn 0.890737 -0.114200 -0.439939
vn 0.885364 -0.112334 -0.451123
vn 0.882665 -0.110270 -0.456884
vn 0.979214 -0.114191 -0.167632
vn 0.982642 -0.110264 -0.149183
vn 0.944970 -0.112970 -0.307034
vn 0.885369 -0.112226 -0.451139
vn 0.803940 -0.111952 -0.584079
vn 0.711212 -0.114202 -0.693639
vn 0.702634 -0.112315 -0.702632
vn 0.698295 -0.110258 -0.707267
vn 0.879476 -0.114212 -0.462036
vn 0.888442 -0.110264 -0.445547
vn 0.803838 -0.113018 -0.584013
vn 0.702640 -0.112208 -0.702642
vn 0.584089 -0.111960 -0.803931
vn 0.462041 -0.114201 -0.879475
vn 0.451115 -0.112311 -0.885371
vn 0.445541 -0.110251 -0.888447
vn 0.693645 -0.114199 -0.711207
vn 0.707269 -0.110266 -0.698292
vn 0.584019 -0.113001 -0.803836
vn 0.451124 -0.112210 -0.885379
vn 0.307074 -0.111956 -0.945078
vn 0.167655 -0.114203 -0.979209
vn 0.155443 -0.112320 -0.981439
vn 0.149194 -0.110254 -0.982642
vn 0.439930 -0.114194 -0.890742
vn 0.456881 -0.110248 -0.882669
vn 0.307040 -0.113001 -0.944964
vn 0.155447 -0.112208 -0.981451
vn 0.000001 -0.111960 -0.993713
vn -0.143140 -0.114200 -0.983092
vn -0.155444 -0.112317 -0.981439
vn -0.161757 -0.110253 -0.980652
vn 0.143143 -0.114200 -0.983091
vn 0.161759 -0.110255 -0.980652
vn 0.000001 -0.112999 -0.993595
vn -0.155448 -0.112207 -0.981451
vn -0.307080 -0.111964 -0.945075
vn -0.439929 -0.114205 -0.890741
vn -0.451119 -0.112317 -0.885368
vn -0.456881 -0.110256 -0.882669
vn -0.167661 -0.114202 -0.979208
vn -0.149197 -0.110251 -0.982642
vn -0.307038 -0.113005 -0.944964
vn -0.451120 -0.112213 -0.885381
vn -0.584083 -0.111966 -0.803935
vn -0.693638 -0.114203 -0.711213
vn -0.702633 -0.112323 -0.702631
vn -0.707267 -0.110254 -0.698296
vn -0.462041 -0.114202 -0.879475
vn -0.445545 -0.110251 -0.888445
vn -0.584012 -0.113002 -0.803841
vn -0.702639 -0.112207 -0.702644
vn -0.803938 -0.111965 -0.584079
vn -0.879478 -0.114208 -0.462034
vn -0.885365 -0.112324 -0.451123
vn -0.888449 -0.110250 -0.445538
vn -0.711213 -0.114197 -0.693639
vn -0.698296 -0.110258 -0.707266
vn -0.803843 -0.113001 -0.584010
vn -0.885377 -0.112204 -0.451129
vn -0.945075 -0.111964 -0.307080
vn -0.979209 -0.114210 -0.167647
vn -0.981436 -0.112336 -0.155445
vn -0.982641 -0.110269 -0.149191
vn -0.890734 -0.114197 -0.439945
vn -0.882661 -0.110253 -0.456895
vn -0.944963 -0.112994 -0.307045
vn -0.981451 -0.112211 -0.155446
vn -0.993710 -0.111983 -0.000000
vn -0.983089 -0.114213 0.143146
vn -0.981438 -0.112327 0.155445
vn -0.980650 -0.110259 0.161766
vn -0.983089 -0.114212 -0.143146
vn -0.980649 -0.110269 -0.161765
vn -0.993594 -0.113007 0.000000
vn -0.981451 -0.112212 0.155446
vn -0.945074 -0.111968 0.307080
vn -0.890732 -0.114218 0.439945
vn -0.885361 -0.112339 0.451127
vn -0.882662 -0.110262 0.456892
vn -0.979210 -0.114204 0.167647
vn -0.982642 -0.110257 0.149191
vn -0.944963 -0.113000 0.307045
vn -0.885376 -0.112211 0.451129
vn -0.803930 -0.111958 0.584091
vn -0.711192 -0.114200 0.693660
vn -0.702629 -0.112322 0.702635
vn -0.698277 -0.110248 0.707287
vn -0.879477 -0.114201 0.462036
vn -0.888440 -0.110266 0.445551
vn -0.803835 -0.112998 0.584021
vn -0.702639 -0.112195 0.702645
vn -0.584092 -0.111971 0.803927
vn -0.462042 -0.114203 0.879474
vn -0.451115 -0.112327 0.885369
vn -0.445546 -0.110258 0.888444
vn -0.693657 -0.114202 0.711194
vn -0.707282 -0.110258 0.698280
vn -0.584024 -0.112994 0.803834
vn -0.451119 -0.112205 0.885382
vn -0.307079 -0.111967 0.945075
vn -0.167661 -0.114204 0.979208
vn -0.149198 -0.110253 0.982642
vn -0.439928 -0.114203 0.890742
vn -0.456876 -0.110258 0.882671
vn -0.307038 -0.113004 0.944964
vn 0.307400 -0.102269 0.946069
vn 0.439876 -0.105101 0.891887
vn 0.451634 -0.101711 0.886387
vn 0.456751 -0.099133 0.884054
vn 0.168371 -0.105097 0.980105
vn 0.150113 -0.099126 0.983687
vn 0.155625 -0.101701 0.982567
vn 0.307287 -0.105631 0.945736
vn 0.155562 -0.105422 0.982185
vn 0.451455 -0.105423 0.886044
vn 0.142740 -0.105102 0.984164
vn 0.000001 -0.105631 0.994405
vn -0.142738 -0.105103 0.984164
vn 0.000001 -0.102271 0.994757
vn -0.161208 -0.099124 0.981930
vn -0.155623 -0.101703 0.982567
vn -0.155562 -0.105418 0.982185
vn 0.161211 -0.099125 0.981929
vn 0.584698 -0.102270 0.804779
vn 0.693952 -0.105105 0.712309
vn 0.703441 -0.101701 0.703440
vn 0.707577 -0.099135 0.699648
vn 0.462996 -0.105104 0.880107
vn 0.446744 -0.099130 0.889153
vn 0.584495 -0.105635 0.804492
vn 0.703166 -0.105427 0.703166
vn 0.804781 -0.102264 0.584695
vn 0.880107 -0.105102 0.462996
vn 0.886384 -0.101706 0.451641
vn 0.889149 -0.099143 0.446749
vn 0.712313 -0.105102 0.693948
vn 0.699646 -0.099117 0.707581
vn 0.804492 -0.105643 0.584493
vn 0.886037 -0.105434 0.451467
vn 0.946069 -0.102282 0.307397
vn 0.980106 -0.105105 0.168360
vn 0.982567 -0.101713 0.155618
vn 0.983690 -0.099129 0.150094
vn 0.891883 -0.105106 0.439883
vn 0.884049 -0.099124 0.456762
vn 0.945736 -0.105637 0.307285
vn 0.982184 -0.105430 0.155559
vn 0.994756 -0.102282 -0.000000
vn 0.984163 -0.105104 -0.142745
vn 0.982567 -0.101713 -0.155618
vn 0.981929 -0.099134 -0.161211
vn 0.984163 -0.105107 0.142745
vn 0.981929 -0.099134 0.161211
vn 0.994405 -0.105637 0.000000
vn 0.982185 -0.105427 -0.155559
vn 0.946068 -0.102285 -0.307397
vn 0.891883 -0.105107 -0.439884
vn 0.886385 -0.101699 -0.451640
vn 0.884044 -0.099115 -0.456775
vn 0.980106 -0.105105 -0.168359
vn 0.983690 -0.099124 -0.150094
vn 0.945736 -0.105634 -0.307285
vn 0.886037 -0.105443 -0.451465
vn 0.804786 -0.102277 -0.584687
vn 0.712317 -0.105110 -0.693943
vn 0.703437 -0.101696 -0.703445
vn 0.699649 -0.099114 -0.707579
vn 0.880110 -0.105106 -0.462990
vn 0.889161 -0.099109 -0.446732
vn 0.804497 -0.105645 -0.584486
vn 0.703165 -0.105430 -0.703166
vn 0.584696 -0.102265 -0.804781
vn 0.462993 -0.105096 -0.880109
vn 0.451636 -0.101703 -0.886387
vn 0.446745 -0.099129 -0.889153
vn 0.693945 -0.105109 -0.712314
vn 0.707569 -0.099132 -0.699657
vn 0.584487 -0.105641 -0.804496
vn 0.451457 -0.105416 -0.886044
vn 0.307398 -0.102270 -0.946069
vn 0.168368 -0.105097 -0.980106
vn 0.155626 -0.101703 -0.982566
vn 0.150114 -0.099130 -0.983687
vn 0.439881 -0.105102 -0.891885
vn 0.456753 -0.099128 -0.884053
vn 0.307289 -0.105629 -0.945736
vn 0.155561 -0.105420 -0.982185
vn 0.000001 -0.102276 -0.994756
vn -0.142740 -0.105104 -0.984164
vn -0.155622 -0.101709 -0.982567
vn -0.161209 -0.099130 -0.981929
vn 0.142743 -0.105105 -0.984163
vn 0.161214 -0.099130 -0.981928
vn 0.000001 -0.105631 -0.994405
vn -0.155562 -0.105417 -0.982185
vn -0.307395 -0.102280 -0.946069
vn -0.439879 -0.105108 -0.891885
vn -0.451633 -0.101717 -0.886387
vn -0.456750 -0.099130 -0.884054
vn -0.168367 -0.105103 -0.980105
vn -0.150114 -0.099131 -0.983686
vn -0.307286 -0.105634 -0.945736
vn -0.451459 -0.105417 -0.886043
vn -0.584695 -0.102275 -0.804780
vn -0.693947 -0.105091 -0.712315
vn -0.703440 -0.101699 -0.703441
vn -0.707575 -0.099122 -0.699652
vn -0.462991 -0.105112 -0.880108
vn -0.446739 -0.099136 -0.889155
vn -0.584489 -0.105629 -0.804497
vn -0.703167 -0.105421 -0.703166
vn -0.804783 -0.102274 -0.584692
vn -0.880114 -0.105096 -0.462985
vn -0.886384 -0.101714 -0.451640
vn -0.889161 -0.099119 -0.446731
vn -0.712315 -0.105109 -0.693945
vn -0.699648 -0.099125 -0.707578
vn -0.804502 -0.105625 -0.584482
vn -0.886041 -0.105412 -0.451464
vn -0.946066 -0.102285 -0.307404
vn -0.980105 -0.105106 -0.168363
vn -0.982568 -0.101702 -0.155620
vn -0.983686 -0.099135 -0.150112
vn -0.891876 -0.105111 -0.439897
vn -0.884048 -0.099126 -0.456764
vn -0.945732 -0.105640 -0.307297
vn -0.982183 -0.105434 -0.155563
vn -0.994758 -0.102254 0.000000
vn -0.984165 -0.105087 0.142742
vn -0.982568 -0.101700 0.155620
vn -0.981929 -0.099120 0.161215
vn -0.984164 -0.105099 -0.142742
vn -0.981929 -0.099125 -0.161214
vn -0.994406 -0.105627 0.000000
vn -0.982184 -0.105421 0.155564
vn -0.946068 -0.102279 0.307400
vn -0.891882 -0.105094 0.439889
vn -0.886382 -0.101701 0.451646
vn -0.884052 -0.099122 0.456756
vn -0.980105 -0.105106 0.168363
vn -0.983686 -0.099133 0.150113
vn -0.945734 -0.105628 0.307294
vn -0.886035 -0.105424 0.451473
vn -0.804772 -0.102263 0.584709
vn -0.712301 -0.105094 0.693962
vn -0.703447 -0.101712 0.703432
vn -0.699639 -0.099128 0.707586
vn -0.880102 -0.105104 0.463004
vn -0.889151 -0.099132 0.446748
vn -0.804486 -0.105628 0.584504
vn -0.703164 -0.105412 0.703170
vn -0.584707 -0.102277 0.804771
vn -0.462997 -0.105105 0.880106
vn -0.451634 -0.101711 0.886387
vn -0.446741 -0.099131 0.889155
vn -0.693965 -0.105108 0.712296
vn -0.707596 -0.099124 0.699630
vn -0.584501 -0.105627 0.804488
vn -0.451456 -0.105422 0.886044
vn -0.307399 -0.102275 0.946069
vn -0.168371 -0.105101 0.980105
vn -0.150114 -0.099123 0.983687
vn -0.439877 -0.105103 0.891887
vn -0.456751 -0.099124 0.884055
vn -0.307287 -0.105635 0.945736
vn 0.307812 -0.088174 0.947353
vn 0.440227 -0.091895 0.893171
vn 0.452261 -0.087264 0.887606
vn 0.456099 -0.084851 0.885875
vn 0.168837 -0.091889 0.981351
vn 0.151711 -0.084851 0.984776
vn 0.155836 -0.087263 0.983921
vn 0.307660 -0.093626 0.946879
vn 0.155737 -0.094362 0.983281
vn 0.451964 -0.094371 0.887030
vn 0.142679 -0.091887 0.985494
vn 0.000001 -0.093619 0.995608
vn -0.142675 -0.091885 0.985495
vn 0.000001 -0.088173 0.996105
vn -0.160019 -0.084852 0.983460
vn -0.155836 -0.087263 0.983921
vn -0.155737 -0.094357 0.983282
vn 0.160024 -0.084852 0.983460
vn 0.585491 -0.088175 0.805869
vn 0.694678 -0.091887 0.713428
vn 0.704410 -0.087247 0.704410
vn 0.707522 -0.084844 0.701580
vn 0.463836 -0.091890 0.881143
vn 0.448602 -0.084850 0.889695
vn 0.585199 -0.093634 0.805466
vn 0.703949 -0.094361 0.703954
vn 0.805862 -0.088161 0.585503
vn 0.881137 -0.091886 0.463848
vn 0.887599 -0.087262 0.452275
vn 0.889689 -0.084851 0.448614
vn 0.713424 -0.091881 0.694683
vn 0.701582 -0.084846 0.707520
vn 0.805456 -0.093632 0.585213
vn 0.887024 -0.094384 0.451974
vn 0.947352 -0.088185 0.307812
vn 0.981354 -0.091890 0.168821
vn 0.983921 -0.087272 0.155833
vn 0.984779 -0.084845 0.151696
vn 0.893166 -0.091898 0.440238
vn 0.885871 -0.084850 0.456106
vn 0.946882 -0.093612 0.307655
vn 0.983283 -0.094366 0.155724
vn 0.996104 -0.088182 0.000000
vn 0.985493 -0.091893 -0.142686
vn 0.983921 -0.087272 -0.155833
vn 0.983458 -0.084856 -0.160030
vn 0.985493 -0.091893 0.142686
vn 0.983458 -0.084851 0.160030
vn 0.995606 -0.093638 0.000000
vn 0.983283 -0.094363 -0.155724
vn 0.947351 -0.088188 -0.307815
vn 0.893160 -0.091895 -0.440251
vn 0.887603 -0.087267 -0.452266
vn 0.885866 -0.084854 -0.456116
vn 0.981354 -0.091887 -0.168821
vn 0.984779 -0.084845 -0.151696
vn 0.946879 -0.093606 -0.307665
vn 0.887029 -0.094341 -0.451973
vn 0.805875 -0.088173 -0.585484
vn 0.713432 -0.091873 -0.694675
vn 0.704411 -0.087237 -0.704411
vn 0.701586 -0.084846 -0.707516
vn 0.881151 -0.091880 -0.463821
vn 0.889702 -0.084839 -0.448589
vn 0.805472 -0.093605 -0.585195
vn 0.703944 -0.094354 -0.703960
vn 0.585482 -0.088172 -0.805876
vn 0.463827 -0.091894 -0.881147
vn 0.452258 -0.087267 -0.887607
vn 0.448593 -0.084844 -0.889700
vn 0.694670 -0.091886 -0.713436
vn 0.707518 -0.084839 -0.701584
vn 0.585194 -0.093643 -0.805468
vn 0.451966 -0.094365 -0.887030
vn 0.307817 -0.088172 -0.947351
vn 0.168838 -0.091890 -0.981351
vn 0.155839 -0.087260 -0.983921
vn 0.151711 -0.084850 -0.984776
vn 0.440236 -0.091888 -0.893168
vn 0.456105 -0.084854 -0.885871
vn 0.307662 -0.093626 -0.946878
vn 0.155741 -0.094365 -0.983280
vn 0.000001 -0.088174 -0.996105
vn -0.142677 -0.091888 -0.985495
vn -0.155840 -0.087263 -0.983920
vn -0.160022 -0.084853 -0.983460
vn 0.142682 -0.091889 -0.985494
vn 0.160030 -0.084849 -0.983459
vn 0.000002 -0.093624 -0.995608
vn -0.155738 -0.094363 -0.983281
vn -0.307813 -0.088178 -0.947352
vn -0.440227 -0.091895 -0.893171
vn -0.452261 -0.087265 -0.887606
vn -0.456104 -0.084842 -0.885873
vn -0.168842 -0.091888 -0.981351
vn -0.151716 -0.084852 -0.984775
vn -0.307660 -0.093625 -0.946879
vn -0.451961 -0.094364 -0.887033
vn -0.585490 -0.088172 -0.805871
vn -0.694677 -0.091888 -0.713429
vn -0.704414 -0.087245 -0.704407
vn -0.707516 -0.084849 -0.701586
vn -0.463829 -0.091888 -0.881147
vn -0.448605 -0.084848 -0.889693
vn -0.585196 -0.093626 -0.805469
vn -0.703949 -0.094356 -0.703955
vn -0.805875 -0.088166 -0.585485
vn -0.881150 -0.091886 -0.463823
vn -0.887608 -0.087259 -0.452258
vn -0.889700 -0.084840 -0.448593
vn -0.713432 -0.091872 -0.694676
vn -0.701588 -0.084844 -0.707514
vn -0.805472 -0.093609 -0.585194
vn -0.887034 -0.094351 -0.451961
vn -0.947352 -0.088178 -0.307814
vn -0.981352 -0.091892 -0.168833
vn -0.983924 -0.087244 -0.155825
vn -0.984780 -0.084838 -0.151696
vn -0.893167 -0.091881 -0.440239
vn -0.885872 -0.084850 -0.456105
vn -0.946876 -0.093631 -0.307668
vn -0.983279 -0.094372 -0.155744
vn -0.996107 -0.088155 -0.000003
vn -0.985495 -0.091882 0.142677
vn -0.983922 -0.087263 0.155831
vn -0.983461 -0.084844 0.160020
vn -0.985496 -0.091873 -0.142681
vn -0.983460 -0.084844 -0.160025
vn -0.995608 -0.093616 0.000000
vn -0.983280 -0.094366 0.155744
vn -0.947347 -0.088201 0.307820
vn -0.893166 -0.091905 0.440236
vn -0.887602 -0.087262 0.452270
vn -0.885870 -0.084864 0.456105
vn -0.981350 -0.091899 0.168840
vn -0.984775 -0.084862 0.151711
vn -0.946877 -0.093633 0.307664
vn -0.887030 -0.094363 0.451966
vn -0.805858 -0.088161 0.585508
vn -0.713409 -0.091889 0.694697
vn -0.704412 -0.087264 0.704407
vn -0.701570 -0.084856 0.707530
vn -0.881143 -0.091878 0.463838
vn -0.889693 -0.084842 0.448608
vn -0.805458 -0.093628 0.585211
vn -0.703957 -0.094357 0.703947
vn -0.585502 -0.088184 0.805860
vn -0.463830 -0.091891 0.881146
vn -0.452260 -0.087268 0.887606
vn -0.448604 -0.084855 0.889693
vn -0.694700 -0.091886 0.713407
vn -0.707532 -0.084852 0.701569
vn -0.585208 -0.093619 0.805460
vn -0.451962 -0.094361 0.887032
vn -0.307811 -0.088178 0.947353
vn -0.168839 -0.091886 0.981351
vn -0.151714 -0.084851 0.984776
vn -0.440228 -0.091892 0.893171
vn -0.456103 -0.084845 0.885873
vn -0.307658 -0.093619 0.946880
vn 0.308204 -0.072570 0.948548
vn 0.441021 -0.076765 0.894208
vn 0.452859 -0.070491 0.888791
vn 0.455884 -0.068273 0.887417
vn 0.168810 -0.076769 0.982654
vn 0.152794 -0.068270 0.985897
vn 0.156046 -0.070485 0.985232
vn 0.308050 -0.079076 0.948078
vn 0.155925 -0.080500 0.984483
vn 0.452519 -0.080494 0.888114
vn 0.143106 -0.076774 0.986725
vn 0.000001 -0.079079 0.996868
vn -0.143102 -0.076775 0.986726
vn 0.000001 -0.072578 0.997363
vn -0.159337 -0.068273 0.984861
vn -0.156044 -0.070488 0.985232
vn -0.155923 -0.080501 0.984483
vn 0.159344 -0.068273 0.984860
vn 0.586224 -0.072571 0.806892
vn 0.695753 -0.076764 0.714168
vn 0.705349 -0.070478 0.705348
vn 0.707790 -0.068271 0.703116
vn 0.464201 -0.076780 0.882396
vn 0.449967 -0.068270 0.890432
vn 0.585942 -0.079080 0.806485
vn 0.704814 -0.080493 0.704811
vn 0.806884 -0.072555 0.586237
vn 0.882389 -0.076774 0.464216
vn 0.888788 -0.070473 0.452867
vn 0.890430 -0.068261 0.449973
vn 0.714169 -0.076763 0.695752
vn 0.703114 -0.068260 0.707793
vn 0.806482 -0.079079 0.585947
vn 0.888109 -0.080500 0.452530
vn 0.948550 -0.072574 0.308197
vn 0.982657 -0.076751 0.168804
vn 0.985234 -0.070458 0.156042
vn 0.985896 -0.068273 0.152801
vn 0.894210 -0.076761 0.441018
vn 0.887417 -0.068270 0.455884
vn 0.948082 -0.079060 0.308041
vn 0.984485 -0.080498 0.155917
vn 0.997364 -0.072560 0.000000
vn 0.986726 -0.076771 -0.143101
vn 0.985233 -0.070473 -0.156041
vn 0.984861 -0.068272 -0.159337
vn 0.986727 -0.076752 0.143101
vn 0.984861 -0.068264 0.159337
vn 0.996868 -0.079083 0.000000
vn 0.984484 -0.080501 -0.155917
vn 0.948550 -0.072577 -0.308196
vn 0.894206 -0.076769 -0.441025
vn 0.888788 -0.070491 -0.452865
vn 0.887417 -0.068272 -0.455884
vn 0.982657 -0.076756 -0.168804
vn 0.985895 -0.068282 -0.152801
vn 0.948079 -0.079067 -0.308049
vn 0.888115 -0.080477 -0.452521
vn 0.806891 -0.072572 -0.586225
vn 0.714172 -0.076777 -0.695747
vn 0.705348 -0.070486 -0.705348
vn 0.703117 -0.068261 -0.707791
vn 0.882398 -0.076770 -0.464199
vn 0.890433 -0.068261 -0.449967
vn 0.806494 -0.079065 -0.585932
vn 0.704814 -0.080493 -0.704810
vn 0.586222 -0.072572 -0.806894
vn 0.464198 -0.076771 -0.882398
vn 0.452858 -0.070492 -0.888792
vn 0.449966 -0.068268 -0.890432
vn 0.695750 -0.076774 -0.714169
vn 0.707787 -0.068272 -0.703119
vn 0.585940 -0.079068 -0.806488
vn 0.452515 -0.080500 -0.888116
vn 0.308205 -0.072570 -0.948548
vn 0.168812 -0.076773 -0.982654
vn 0.156048 -0.070485 -0.985231
vn 0.152796 -0.068270 -0.985897
vn 0.441023 -0.076767 -0.894207
vn 0.455884 -0.068279 -0.887417
vn 0.308051 -0.079078 -0.948078
vn 0.155929 -0.080499 -0.984483
vn 0.000001 -0.072576 -0.997363
vn -0.143103 -0.076775 -0.986726
vn -0.156044 -0.070490 -0.985232
vn -0.159337 -0.068272 -0.984861
vn 0.143109 -0.076774 -0.986725
vn 0.159346 -0.068273 -0.984859
vn 0.000003 -0.079076 -0.996869
vn -0.155927 -0.080505 -0.984482
vn -0.308203 -0.072574 -0.948548
vn -0.441020 -0.076760 -0.894209
vn -0.452862 -0.070485 -0.888790
vn -0.455880 -0.068271 -0.887419
vn -0.168815 -0.076780 -0.982653
vn -0.152798 -0.068272 -0.985896
vn -0.308055 -0.079064 -0.948078
vn -0.452527 -0.080486 -0.888111
vn -0.586232 -0.072592 -0.806884
vn -0.695749 -0.076791 -0.714169
vn -0.705352 -0.070491 -0.705344
vn -0.707796 -0.068264 -0.703110
vn -0.464212 -0.076774 -0.882390
vn -0.449978 -0.068274 -0.890426
vn -0.585941 -0.079084 -0.806486
vn -0.704812 -0.080497 -0.704812
vn -0.806893 -0.072570 -0.586223
vn -0.882398 -0.076755 -0.464200
vn -0.888785 -0.070480 -0.452872
vn -0.890424 -0.068272 -0.449983
vn -0.714174 -0.076772 -0.695745
vn -0.703121 -0.068269 -0.707786
vn -0.806493 -0.079073 -0.585932
vn -0.888120 -0.080484 -0.452511
vn -0.948546 -0.072576 -0.308211
vn -0.982655 -0.076763 -0.168808
vn -0.985233 -0.070477 -0.156039
vn -0.985895 -0.068282 -0.152805
vn -0.894202 -0.076780 -0.441029
vn -0.887415 -0.068275 -0.455888
vn -0.948078 -0.079079 -0.308051
vn -0.984485 -0.080493 -0.155919
vn -0.997363 -0.072569 0.000000
vn -0.986728 -0.076762 0.143096
vn -0.985233 -0.070477 0.156039
vn -0.984862 -0.068272 0.159327
vn -0.986726 -0.076775 -0.143100
vn -0.984863 -0.068261 -0.159329
vn -0.996869 -0.079077 -0.000003
vn -0.984482 -0.080503 0.155928
vn -0.948550 -0.072580 0.308196
vn -0.894211 -0.076781 0.441012
vn -0.888788 -0.070492 0.452866
vn -0.887426 -0.068274 0.455866
vn -0.982653 -0.076779 0.168813
vn -0.985894 -0.068291 0.152806
vn -0.948078 -0.079084 0.308049
vn -0.888112 -0.080503 0.452523
vn -0.806884 -0.072575 0.586234
vn -0.714166 -0.076778 0.695753
vn -0.705351 -0.070501 0.705343
vn -0.703125 -0.068275 0.707781
vn -0.882388 -0.076782 0.464216
vn -0.890417 -0.068277 0.449995
vn -0.806482 -0.079078 0.585947
vn -0.704811 -0.080500 0.704813
vn -0.586232 -0.072589 0.806885
vn -0.464212 -0.076774 0.882390
vn -0.452862 -0.070482 0.888790
vn -0.449978 -0.068267 0.890427
vn -0.695754 -0.076784 0.714164
vn -0.707792 -0.068272 0.703114
vn -0.585945 -0.079087 0.806483
vn -0.452525 -0.080492 0.888111
vn -0.308203 -0.072573 0.948549
vn -0.168814 -0.076774 0.982653
vn -0.152796 -0.068270 0.985897
vn -0.441018 -0.076763 0.894210
vn -0.455879 -0.068271 0.887419
vn -0.308054 -0.079065 0.948078
vn 0.308558 -0.054395 0.949649
vn 0.442399 -0.059288 0.894856
vn 0.453379 -0.051821 0.889810
vn 0.168073 -0.059276 0.983991
vn 0.156222 -0.051796 0.986363
vn 0.308435 -0.061346 0.949265
vn 0.156121 -0.063521 0.985693
vn 0.453068 -0.063521 0.889210
vn 0.144220 -0.059270 0.987769
vn 0.000000 -0.061342 0.998117
vn -0.144218 -0.059270 0.987769
vn 0.000001 -0.054382 0.998520
vn -0.156222 -0.051798 0.986363
vn -0.156115 -0.063516 0.985695
vn 0.586906 -0.054386 0.807826
vn 0.697267 -0.059268 0.714357
vn 0.706151 -0.051785 0.706165
vn 0.463910 -0.059278 0.883897
vn 0.586668 -0.061337 0.807501
vn 0.705676 -0.063525 0.705681
vn 0.807816 -0.054371 0.586922
vn 0.883893 -0.059251 0.463920
vn 0.889806 -0.051796 0.453390
vn 0.714351 -0.059278 0.697272
vn 0.807496 -0.061321 0.586677
vn 0.889210 -0.063510 0.453070
vn 0.949646 -0.054402 0.308565
vn 0.983988 -0.059287 0.168084
vn 0.986364 -0.051789 0.156219
vn 0.894856 -0.059283 0.442400
vn 0.949262 -0.061360 0.308443
vn 0.985693 -0.063530 0.156123
vn 0.998520 -0.054378 0.000000
vn 0.987770 -0.059274 -0.144215
vn 0.986364 -0.051789 -0.156218
vn 0.987769 -0.059278 0.144215
vn 0.998116 -0.061354 -0.000000
vn 0.985693 -0.063530 -0.156122
vn 0.949644 -0.054405 -0.308571
vn 0.894852 -0.059288 -0.442409
vn 0.889807 -0.051837 -0.453383
vn 0.983988 -0.059291 -0.168084
vn 0.949262 -0.061364 -0.308443
vn 0.889211 -0.063508 -0.453068
vn 0.807826 -0.054394 -0.586905
vn 0.714350 -0.059270 -0.697274
vn 0.706159 -0.051804 -0.706156
vn 0.883903 -0.059271 -0.463898
vn 0.807505 -0.061310 -0.586666
vn 0.705676 -0.063507 -0.705682
vn 0.586908 -0.054397 -0.807824
vn 0.463908 -0.059279 -0.883898
vn 0.453378 -0.051815 -0.889811
vn 0.697272 -0.059275 -0.714352
vn 0.586667 -0.061333 -0.807502
vn 0.453068 -0.063525 -0.889210
vn 0.308558 -0.054385 -0.949650
vn 0.168076 -0.059270 -0.983991
vn 0.156224 -0.051794 -0.986363
vn 0.442399 -0.059282 -0.894857
vn 0.308435 -0.061348 -0.949265
vn 0.156122 -0.063516 -0.985694
vn 0.000003 -0.054380 -0.998520
vn -0.144217 -0.059268 -0.987770
vn -0.156224 -0.051795 -0.986363
vn 0.144222 -0.059270 -0.987769
vn 0.000003 -0.061339 -0.998117
vn -0.156116 -0.063514 -0.985695
vn -0.308556 -0.054382 -0.949650
vn -0.442395 -0.059271 -0.894860
vn -0.453377 -0.051803 -0.889812
vn -0.168077 -0.059267 -0.983991
vn -0.308436 -0.061334 -0.949266
vn -0.453073 -0.063517 -0.889208
vn -0.586910 -0.054370 -0.807825
vn -0.697267 -0.059253 -0.714359
vn -0.706157 -0.051797 -0.706158
vn -0.463920 -0.059269 -0.883892
vn -0.586682 -0.061318 -0.807492
vn -0.705686 -0.063508 -0.705672
vn -0.807818 -0.054394 -0.586917
vn -0.883883 -0.059286 -0.463935
vn -0.889812 -0.051797 -0.453378
vn -0.714362 -0.059272 -0.697262
vn -0.807493 -0.061353 -0.586677
vn -0.889203 -0.063520 -0.453083
vn -0.949652 -0.054384 -0.308552
vn -0.983990 -0.059274 -0.168080
vn -0.986365 -0.051778 -0.156214
vn -0.894864 -0.059277 -0.442386
vn -0.949262 -0.061360 -0.308443
vn -0.985693 -0.063520 -0.156122
vn -0.998521 -0.054368 -0.000005
vn -0.987771 -0.059263 0.144212
vn -0.986365 -0.051785 0.156213
vn -0.987770 -0.059255 -0.144217
vn -0.998117 -0.061339 -0.000005
vn -0.985693 -0.063534 0.156121
vn -0.949647 -0.054394 0.308563
vn -0.894861 -0.059283 0.442390
vn -0.889806 -0.051800 0.453390
vn -0.983989 -0.059284 0.168082
vn -0.949264 -0.061361 0.308435
vn -0.889208 -0.063510 0.453074
vn -0.807823 -0.054391 0.586910
vn -0.714367 -0.059279 0.697256
vn -0.706156 -0.051793 0.706159
vn -0.883887 -0.059265 0.463931
vn -0.807495 -0.061345 0.586676
vn -0.705687 -0.063519 0.705670
vn -0.586909 -0.054372 0.807825
vn -0.463919 -0.059267 0.883893
vn -0.453383 -0.051793 0.889810
vn -0.697261 -0.059262 0.714364
vn -0.586677 -0.061325 0.807496
vn -0.453074 -0.063516 0.889208
vn -0.308555 -0.054377 0.949651
vn -0.168072 -0.059271 0.983991
vn -0.442398 -0.059261 0.894859
vn -0.308434 -0.061336 0.949266
vn -0.809020 -0.000003 -0.587782
vn -0.951057 0.000010 -0.309015
vn -1.000000 -0.000005 -0.000001
vn -0.951056 -0.000017 0.309017
vn -0.809017 0.000000 0.587785
vn -0.587785 -0.000002 0.809018
vn -0.309014 0.000001 0.951057
vn -0.000000 0.000003 1.000000
vn 0.309015 0.000000 0.951057
vn 0.587785 0.000001 0.809018
vn 0.809021 0.000001 0.587780
vn 0.951057 0.000003 0.309014
vn 1.000000 0.000003 0.000000
vn 0.951057 0.000004 -0.309014
vn 0.809020 0.000004 -0.587782
vn 0.587785 0.000000 -0.809017
vn 0.309016 0.000000 -0.951057
vn -0.000001 0.000002 -1.000000
vn -0.309015 0.000002 -0.951057
vn -0.587787 -0.000000 -0.809016
vn -0.850115 0.448338 -0.276218
vn -0.723146 0.448349 -0.525399
vn -0.525404 0.448335 -0.723151
vn -0.276222 0.448330 -0.850119
vn 0.000001 0.448343 -0.893861
vn 0.276214 0.448349 -0.850111
vn 0.525400 0.448344 -0.723148
vn 0.723148 0.448343 -0.525400
vn 0.850118 0.448334 -0.276219
vn 0.893870 0.448327 -0.000000
vn 0.850113 0.448342 0.276218
vn 0.723146 0.448348 0.525399
vn 0.525401 0.448340 0.723149
vn 0.276214 0.448344 0.850114
vn 0.000000 0.448345 0.893861
vn -0.276221 0.448334 0.850117
vn -0.525404 0.448333 0.723151
vn -0.723148 0.448345 0.525399
vn -0.850116 0.448337 0.276220
vn -0.893872 0.448322 0.000000
vn 0.951056 -0.000009 0.309018
vn 0.951056 -0.000009 0.309019
vn 0.809017 0.000000 0.587786
vn 0.809017 0.000000 0.587786
vn 0.587784 0.000000 0.809018
vn 0.587784 0.000000 0.809018
vn 0.309016 0.000000 0.951057
vn 0.309016 0.000000 0.951057
vn -0.000001 -0.000001 1.000000
vn -0.000001 -0.000001 1.000000
vn -0.309017 -0.000005 0.951057
vn -0.309017 -0.000005 0.951057
vn -0.587784 -0.000004 0.809018
vn -0.587785 -0.000004 0.809017
vn -0.809017 0.000000 0.587785
vn -0.809017 0.000000 0.587785
vn -0.951056 0.000009 0.309017
vn -0.951057 0.000009 0.309017
vn -1.000000 0.000000 0.000000
vn -1.000000 -0.000000 -0.000000
vn -0.951056 -0.000009 -0.309017
vn -0.951056 -0.000009 -0.309017
vn -0.809017 0.000000 -0.587785
vn -0.809017 0.000000 -0.587785
vn -0.587784 0.000000 -0.809018
vn -0.587784 0.000000 -0.809018
vn -0.309016 0.000001 -0.951057
vn -0.309016 0.000001 -0.951057
vn 0.000000 0.000001 -1.000000
vn 0.000000 0.000001 -1.000000
vn 0.309016 0.000004 -0.951057
vn 0.309016 0.000004 -0.951057
vn 0.587784 0.000004 -0.809018
vn 0.587784 0.000004 -0.809018
vn 0.809016 -0.000009 -0.587786
vn 0.809016 -0.000009 -0.587786
vn 0.951056 0.000000 -0.309019
vn 0.951056 -0.000000 -0.309019
vn 1.000000 -0.000000 0.000001
vn 1.000000 0.000000 0.000000
vn -0.055799 0.998277 -0.018130
vn -0.000000 1.000000 -0.000000
vn -0.047465 0.998277 -0.034485
vn -0.034485 0.998278 -0.047465
vn -0.018130 0.998277 -0.055798
vn -0.000000 0.998277 -0.058670
vn 0.018130 0.998277 -0.055798
vn 0.034485 0.998277 -0.047465
vn 0.047465 0.998277 -0.034485
vn 0.055798 0.998278 -0.018130
vn 0.058669 0.998278 0.000000
vn 0.055798 0.998277 0.018130
vn 0.047465 0.998277 0.034485
vn 0.034485 0.998277 0.047465
vn 0.018130 0.998277 0.055798
vn -0.000000 0.998277 0.058670
vn -0.018130 0.998277 0.055798
vn -0.034485 0.998278 0.047465
vn -0.047465 0.998277 0.034485
vn -0.055799 0.998277 0.018130
vn -0.058671 0.998277 -0.000001
vn 0.704454 0.671827 0.228895
vn 0.740666 0.671873 0.000001
vn 0.950507 0.033907 0.308849
vn 0.999425 0.033893 -0.000001
vn 0.994578 0.103996 -0.000005
vn 0.909383 0.292785 0.295464
vn 0.864535 0.502572 0.000004
vn 0.599244 0.671827 0.435380
vn 0.773555 0.292810 0.562027
vn 0.808558 0.033807 0.587445
vn 0.435366 0.671826 0.599255
vn 0.562022 0.292839 0.773548
vn 0.587456 0.033769 0.808552
vn 0.228893 0.671858 0.704425
vn 0.267160 0.502516 0.822255
vn 0.307310 0.104185 0.945889
vn 0.308875 0.033797 0.950502
vn -0.000001 0.671867 0.740672
vn -0.000000 0.502498 0.864578
vn 0.000000 0.104137 0.994563
vn 0.000000 0.033809 0.999428
vn -0.228886 0.671864 0.704422
vn -0.267164 0.502485 0.822273
vn -0.307334 0.104148 0.945885
vn -0.308857 0.033789 0.950508
vn -0.435367 0.671849 0.599229
vn -0.562020 0.292791 0.773568
vn -0.587455 0.033806 0.808551
vn -0.599220 0.671864 0.435356
vn -0.773565 0.292776 0.562032
vn -0.808552 0.033865 0.587450
vn -0.704387 0.671907 0.228868
vn -0.909376 0.292801 0.295471
vn -0.950511 0.033833 0.308842
vn -0.740631 0.671912 -0.000000
vn -0.864602 0.502457 -0.000000
vn -0.994554 0.104223 -0.000000
vn -0.999428 0.033806 0.000000
vn -0.704405 0.671886 -0.228873
vn -0.909385 0.292768 -0.295474
vn -0.950512 0.033823 -0.308842
vn -0.599219 0.671863 -0.435358
vn -0.773569 0.292754 -0.562037
vn -0.808553 0.033812 -0.587451
vn -0.435364 0.671856 -0.599222
vn -0.562019 0.292787 -0.773570
vn -0.587458 0.033787 -0.808549
vn -0.228885 0.671864 -0.704422
vn -0.267167 0.502474 -0.822278
vn -0.307334 0.104168 -0.945883
vn -0.308855 0.033786 -0.950509
vn -0.000000 0.671867 -0.740671
vn 0.000000 0.502486 -0.864586
vn 0.000000 0.104171 -0.994559
vn 0.000000 0.033809 -0.999428
vn 0.228891 0.671855 -0.704428
vn 0.267163 0.502495 -0.822267
vn 0.307312 0.104197 -0.945887
vn 0.308875 0.033799 -0.950502
vn 0.435362 0.671833 -0.599249
vn 0.562022 0.292836 -0.773549
vn 0.587459 0.033769 -0.808549
vn 0.599209 0.671871 -0.435359
vn 0.773552 0.292821 -0.562026
vn 0.808559 0.033801 -0.587444
vn 0.704372 0.671924 -0.228861
vn 0.909372 0.292823 -0.295460
vn 0.950508 0.033838 -0.308852
vn 0.947163 -0.090485 0.307725
vn 0.805669 -0.090844 0.585358
vn 0.995903 -0.090427 0.000004
vn 0.947153 -0.090610 -0.307720
vn 0.805666 -0.090849 -0.585362
vn 0.585323 -0.091088 -0.805667
vn 0.307678 -0.091058 -0.947124
vn 0.000000 -0.090984 -0.995852
vn -0.307698 -0.091043 -0.947118
vn -0.585342 -0.090999 -0.805664
vn -0.805670 -0.090909 -0.585347
vn -0.947114 -0.090969 -0.307732
vn -0.995843 -0.091088 -0.000000
vn -0.947120 -0.090909 0.307734
vn -0.805679 -0.090790 0.585353
vn -0.585346 -0.090999 0.805661
vn -0.307697 -0.090999 0.947123
vn -0.000000 -0.090924 0.995858
vn 0.307676 -0.091043 0.947125
vn 0.585327 -0.091086 0.805665
vn 0.951000 0.010774 0.309003
vn 0.950987 0.012091 0.308994
vn 0.808959 0.012091 0.587740
vn 0.808968 0.010774 0.587754
vn 0.999942 0.010749 0.000000
vn 0.999927 0.012091 -0.000001
vn 0.951001 0.010723 -0.309003
vn 0.950987 0.012091 -0.308995
vn 0.808968 0.010710 -0.587755
vn 0.808958 0.012085 -0.587742
vn 0.587751 0.010761 -0.808970
vn 0.587745 0.012103 -0.808956
vn 0.308999 0.010793 -0.951001
vn 0.308993 0.012116 -0.950987
vn 0.000000 0.010787 -0.999942
vn 0.000000 0.012115 -0.999927
vn -0.309004 0.010780 -0.951000
vn -0.308987 0.012114 -0.950989
vn -0.587751 0.010787 -0.808970
vn -0.587741 0.012116 -0.808958
vn -0.808972 0.010787 -0.587749
vn -0.808956 0.012110 -0.587745
vn -0.951001 0.010787 -0.309001
vn -0.950988 0.012104 -0.308990
vn -0.999942 0.010748 0.000001
vn -0.999927 0.012078 -0.000001
vn -0.951001 0.010735 0.309002
vn -0.950989 0.012072 0.308988
vn -0.808972 0.010787 0.587749
vn -0.808956 0.012104 0.587745
vn -0.587750 0.010787 0.808970
vn -0.587741 0.012116 0.808959
vn -0.309004 0.010783 0.951000
vn -0.308988 0.012113 0.950989
vn -0.000002 0.010793 0.999942
vn -0.000000 0.012111 0.999927
vn 0.308996 0.010797 0.951002
vn 0.308990 0.012115 0.950988
vn 0.587750 0.010774 0.808971
vn 0.587746 0.012097 0.808955
vn 0.951007 0.010163 0.309003
vn 0.951007 0.010163 0.309001
vn 0.808974 0.010179 0.587757
vn 0.808977 0.010179 0.587752
vn 0.587755 0.010187 0.808975
vn 0.587755 0.010187 0.808975
vn 0.309005 0.010169 0.951006
vn 0.309001 0.010169 0.951007
vn 0.000001 0.010162 0.999948
vn 0.000001 0.010162 0.999948
vn -0.309003 0.010172 0.951007
vn -0.308999 0.010172 0.951008
vn -0.587754 0.010156 0.808976
vn -0.587752 0.010156 0.808977
vn -0.808978 0.010140 0.587751
vn -0.808976 0.010140 0.587755
vn -0.951008 0.010172 0.308998
vn -0.951008 0.010172 0.308998
vn -0.999948 0.010195 -0.000000
vn -0.999948 0.010195 0.000000
vn -0.951008 0.010164 -0.308999
vn -0.951008 0.010164 -0.308998
vn -0.808978 0.010132 -0.587751
vn -0.808976 0.010132 -0.587754
vn -0.587754 0.010148 -0.808976
vn -0.587753 0.010148 -0.808977
vn -0.309002 0.010154 -0.951007
vn -0.308999 0.010154 -0.951008
vn 0.000000 0.010148 -0.999949
vn 0.000000 0.010148 -0.999949
vn 0.309002 0.010158 -0.951007
vn 0.308999 0.010158 -0.951008
vn 0.587755 0.010172 -0.808975
vn 0.587755 0.010172 -0.808975
vn 0.808974 0.010171 -0.587756
vn 0.808978 0.010171 -0.587751
vn 0.951008 0.010163 -0.309000
vn 0.951007 0.010163 -0.309002
vn 0.999948 0.010163 0.000001
vn 0.999948 0.010163 0.000001
vn 0.947519 -0.086170 0.307869
vn 0.947521 -0.086170 0.307862
vn 0.806007 -0.086159 0.585601
vn 0.806007 -0.086159 0.585602
vn 0.996281 -0.086159 -0.000000
vn 0.996281 -0.086159 -0.000000
vn 0.947518 -0.086179 -0.307869
vn 0.947520 -0.086179 -0.307863
vn 0.806006 -0.086169 -0.585602
vn 0.806006 -0.086169 -0.585601
vn 0.585602 -0.086133 -0.806010
vn 0.585599 -0.086133 -0.806012
vn 0.307870 -0.086131 -0.947522
vn 0.307867 -0.086131 -0.947523
vn 0.000000 -0.086131 -0.996284
vn 0.000000 -0.086131 -0.996284
vn -0.307876 -0.086113 -0.947521
vn -0.307861 -0.086113 -0.947526
vn -0.585602 -0.086108 -0.806012
vn -0.585601 -0.086108 -0.806013
vn -0.806011 -0.086128 -0.585601
vn -0.806011 -0.086128 -0.585600
vn -0.947521 -0.086149 -0.307866
vn -0.947522 -0.086149 -0.307864
vn -0.996282 -0.086159 0.000000
vn -0.996282 -0.086159 0.000000
vn -0.947521 -0.086159 0.307866
vn -0.947522 -0.086159 0.307863
vn -0.806010 -0.086138 0.585600
vn -0.806011 -0.086138 0.585600
vn -0.585603 -0.086108 0.806012
vn -0.585601 -0.086108 0.806013
vn -0.307877 -0.086110 0.947521
vn -0.307861 -0.086110 0.947527
vn -0.000000 -0.086128 0.996284
vn -0.000000 -0.086128 0.996284
vn 0.307870 -0.086131 0.947522
vn 0.307867 -0.086131 0.947523
vn 0.585601 -0.086134 0.806010
vn 0.585599 -0.086134 0.806012
vn 0.948919 -0.067023 0.308320
vn 0.948439 -0.074164 0.308163
vn 0.806790 -0.074136 0.586168
vn 0.807199 -0.067014 0.586462
vn 0.997751 -0.067026 0.000000
vn 0.997246 -0.074163 -0.000000
vn 0.948919 -0.067018 -0.308320
vn 0.948440 -0.074136 -0.308163
vn 0.807199 -0.067012 -0.586463
vn 0.806791 -0.074125 -0.586169
vn 0.586464 -0.067013 -0.807198
vn 0.586169 -0.074125 -0.806791
vn 0.308325 -0.067017 -0.948917
vn 0.308163 -0.074134 -0.948441
vn -0.000000 -0.067016 -0.997752
vn 0.000000 -0.074138 -0.997248
vn -0.308324 -0.067021 -0.948918
vn -0.308166 -0.074140 -0.948439
vn -0.586463 -0.067020 -0.807198
vn -0.586169 -0.074141 -0.806790
vn -0.807198 -0.067015 -0.586465
vn -0.806791 -0.074130 -0.586168
vn -0.948920 -0.067006 -0.308321
vn -0.948441 -0.074108 -0.308169
vn -0.997753 -0.067003 -0.000000
vn -0.997251 -0.074097 -0.000000
vn -0.948919 -0.067009 0.308321
vn -0.948441 -0.074108 0.308169
vn -0.807198 -0.067015 0.586464
vn -0.806791 -0.074136 0.586168
vn -0.586463 -0.067024 0.807198
vn -0.586168 -0.074152 0.806789
vn -0.308325 -0.067023 0.948917
vn -0.308167 -0.074148 0.948438
vn -0.000001 -0.067018 0.997752
vn -0.000000 -0.074141 0.997248
vn 0.308326 -0.067017 0.948917
vn 0.308164 -0.074134 0.948440
vn 0.586464 -0.067016 0.807198
vn 0.586168 -0.074130 0.806791
vn 0.987037 0.036644 0.156255
vn 0.987037 0.036644 0.156255
vn 0.987037 0.036644 0.156255
vn 0.987037 0.036644 0.156255
vn 0.890387 0.036616 0.453730
vn 0.890387 0.036616 0.453730
vn 0.890387 0.036616 0.453730
vn 0.890387 0.036616 0.453730
vn 0.892473 0.042101 0.449131
vn 0.950495 0.034538 0.308816
vn 0.895029 0.044748 0.443759
vn 0.892473 0.042101 0.449131
vn 0.890429 0.036636 0.453646
vn 0.890428 0.036636 0.453646
vn 0.890428 0.036636 0.453646
vn 0.890428 0.036636 0.453646
vn 0.887929 0.042114 0.458048
vn 0.885091 0.044753 0.463261
vn 0.808536 0.034492 0.587435
vn 0.887929 0.042114 0.458048
vn 0.890207 0.042333 0.453584
vn 0.889481 0.053138 0.453872
vn 0.808305 0.041916 0.587270
vn 0.714094 0.044743 0.698619
vn 0.710015 0.042087 0.702928
vn 0.710015 0.042087 0.702928
vn 0.706516 0.053149 0.705699
vn 0.706476 0.042334 0.706469
vn 0.706603 0.036635 0.706662
vn 0.706603 0.036635 0.706662
vn 0.706603 0.036635 0.706662
vn 0.706603 0.036635 0.706662
vn 0.984933 0.044764 0.167045
vn 0.986805 0.042324 0.156286
vn 0.986206 0.053128 0.156762
vn 0.950226 0.041938 0.308727
vn 0.986022 0.042130 0.161201
vn 0.986022 0.042130 0.161201
vn 0.890013 0.053150 0.452826
vn 0.706661 0.036642 0.706603
vn 0.706661 0.036642 0.706603
vn 0.706661 0.036642 0.706603
vn 0.706661 0.036642 0.706603
vn 0.702931 0.042086 0.710012
vn 0.698620 0.044744 0.714093
vn 0.587434 0.034498 0.808536
vn 0.702931 0.042086 0.710012
vn 0.705701 0.053146 0.706514
vn 0.587269 0.041942 0.808304
vn 0.463253 0.044742 0.885096
vn 0.458035 0.042058 0.887939
vn 0.458035 0.042058 0.887939
vn 0.453859 0.053154 0.889487
vn 0.453587 0.042343 0.890206
vn 0.453636 0.036660 0.890433
vn 0.453636 0.036660 0.890432
vn 0.453636 0.036660 0.890433
vn 0.453636 0.036660 0.890433
vn 0.453730 0.036649 0.890385
vn 0.453730 0.036649 0.890385
vn 0.453730 0.036649 0.890385
vn 0.453730 0.036649 0.890385
vn 0.449136 0.042094 0.892471
vn 0.443769 0.044745 0.895023
vn 0.308836 0.034504 0.950489
vn 0.449136 0.042094 0.892471
vn 0.452843 0.053146 0.890005
vn 0.308748 0.041938 0.950219
vn 0.167069 0.044751 0.984929
vn 0.161224 0.042076 0.986020
vn 0.161224 0.042076 0.986020
vn 0.156781 0.053151 0.986202
vn 0.156297 0.042343 0.986802
vn 0.156278 0.036646 0.987033
vn 0.156278 0.036646 0.987033
vn 0.156278 0.036646 0.987033
vn 0.156278 0.036646 0.987033
vn 0.156381 0.036637 0.987017
vn 0.156381 0.036637 0.987017
vn 0.156381 0.036637 0.987017
vn 0.156381 0.036637 0.987017
vn 0.151361 0.042089 0.987582
vn 0.145467 0.044750 0.988351
vn 0.000001 0.034503 0.999405
vn 0.151361 0.042089 0.987582
vn 0.155648 0.053148 0.986382
vn -0.000000 0.041939 0.999120
vn -0.145468 0.044751 0.988350
vn -0.151362 0.042086 0.987582
vn -0.151362 0.042086 0.987582
vn -0.155650 0.053151 0.986381
vn -0.156296 0.042352 0.986802
vn -0.156380 0.036643 0.987017
vn -0.156380 0.036643 0.987017
vn -0.156380 0.036643 0.987017
vn -0.156380 0.036643 0.987017
vn -0.156281 0.036649 0.987033
vn -0.156281 0.036649 0.987033
vn -0.156281 0.036649 0.987033
vn -0.156281 0.036649 0.987033
vn -0.161228 0.042080 0.986020
vn -0.167071 0.044754 0.984929
vn -0.308839 0.034506 0.950488
vn -0.161228 0.042080 0.986020
vn -0.156778 0.053155 0.986202
vn -0.308749 0.041940 0.950218
vn -0.443765 0.044758 0.895025
vn -0.449135 0.042112 0.892471
vn -0.449135 0.042112 0.892471
vn -0.452834 0.053147 0.890009
vn -0.453582 0.042342 0.890208
vn -0.453727 0.036649 0.890387
vn -0.453727 0.036649 0.890387
vn -0.453727 0.036649 0.890387
vn -0.453727 0.036649 0.890387
vn -0.453650 0.036646 0.890426
vn -0.453650 0.036646 0.890426
vn -0.453650 0.036646 0.890426
vn -0.453650 0.036646 0.890426
vn -0.458036 0.042080 0.887937
vn -0.463259 0.044746 0.885093
vn -0.587441 0.034514 0.808530
vn -0.458036 0.042080 0.887937
vn -0.453864 0.053155 0.889484
vn -0.587273 0.041947 0.808301
vn -0.698627 0.044776 0.714084
vn -0.702945 0.042123 0.709996
vn -0.702945 0.042123 0.709996
vn -0.705701 0.053150 0.706513
vn -0.706476 0.042352 0.706469
vn -0.706667 0.036632 0.706598
vn -0.706667 0.036632 0.706598
vn -0.706667 0.036632 0.706598
vn -0.706667 0.036632 0.706598
vn -0.706590 0.036649 0.706673
vn -0.706590 0.036649 0.706673
vn -0.706590 0.036649 0.706674
vn -0.706590 0.036649 0.706673
vn -0.709998 0.042065 0.702946
vn -0.714085 0.044748 0.698628
vn -0.808537 0.034490 0.587434
vn -0.709998 0.042065 0.702946
vn -0.706519 0.053131 0.705697
vn -0.808307 0.041940 0.587266
vn -0.885097 0.044737 0.463251
vn -0.887938 0.042072 0.458034
vn -0.887938 0.042072 0.458034
vn -0.889484 0.053137 0.453865
vn -0.890203 0.042329 0.453593
vn -0.890425 0.036690 0.453649
vn -0.890425 0.036690 0.453649
vn -0.890425 0.036690 0.453649
vn -0.890425 0.036690 0.453649
vn -0.890380 0.036642 0.453740
vn -0.890380 0.036642 0.453740
vn -0.890380 0.036642 0.453740
vn -0.890380 0.036642 0.453740
vn -0.892466 0.042108 0.449144
vn -0.895022 0.044751 0.443772
vn -0.950491 0.034527 0.308830
vn -0.892466 0.042108 0.449144
vn -0.890002 0.053151 0.452848
vn -0.950221 0.041929 0.308743
vn -0.984932 0.044762 0.167051
vn -0.986022 0.042130 0.161199
vn -0.986022 0.042130 0.161199
vn -0.986204 0.053150 0.156770
vn -0.986805 0.042298 0.156291
vn -0.987035 0.036625 0.156270
vn -0.987035 0.036625 0.156270
vn -0.987035 0.036624 0.156270
vn -0.987035 0.036625 0.156270
vn -0.987020 0.036636 0.156363
vn -0.987020 0.036636 0.156363
vn -0.987020 0.036636 0.156363
vn -0.987020 0.036636 0.156363
vn -0.987577 0.042137 0.151379
vn -0.988348 0.044758 0.145483
vn -0.999403 0.034542 -0.000000
vn -0.987577 0.042137 0.151379
vn -0.986382 0.053126 0.155654
vn -0.999121 0.041930 -0.000000
vn -0.988348 0.044751 -0.145484
vn -0.987578 0.042108 -0.151380
vn -0.987578 0.042108 -0.151380
vn -0.986382 0.053132 -0.155654
vn -0.986804 0.042312 -0.156291
vn -0.987020 0.036630 -0.156364
vn -0.987020 0.036630 -0.156364
vn -0.987020 0.036630 -0.156364
vn -0.987020 0.036630 -0.156364
vn -0.987035 0.036623 -0.156270
vn -0.987035 0.036623 -0.156270
vn -0.987035 0.036623 -0.156270
vn -0.987035 0.036623 -0.156270
vn -0.986022 0.042130 -0.161200
vn -0.984932 0.044760 -0.167051
vn -0.950491 0.034534 -0.308827
vn -0.986022 0.042130 -0.161200
vn -0.986204 0.053146 -0.156770
vn -0.950221 0.041925 -0.308742
vn -0.895023 0.044744 -0.443770
vn -0.892468 0.042109 -0.449141
vn -0.892468 0.042109 -0.449141
vn -0.890003 0.053135 -0.452848
vn -0.890203 0.042321 -0.453593
vn -0.890380 0.036635 -0.453741
vn -0.890380 0.036635 -0.453741
vn -0.890380 0.036635 -0.453741
vn -0.890380 0.036635 -0.453741
vn -0.890426 0.036675 -0.453648
vn -0.890426 0.036675 -0.453648
vn -0.890426 0.036675 -0.453648
vn -0.890426 0.036675 -0.453648
vn -0.887939 0.042058 -0.458035
vn -0.885098 0.044736 -0.463250
vn -0.808542 0.034489 -0.587426
vn -0.887939 0.042058 -0.458035
vn -0.889483 0.053137 -0.453869
vn -0.808311 0.041956 -0.587259
vn -0.714097 0.044768 -0.698614
vn -0.710015 0.042073 -0.702929
vn -0.710015 0.042073 -0.702929
vn -0.706522 0.053151 -0.705692
vn -0.706475 0.042375 -0.706468
vn -0.706600 0.036665 -0.706663
vn -0.706600 0.036665 -0.706663
vn -0.706600 0.036665 -0.706663
vn -0.706600 0.036665 -0.706663
vn -0.706657 0.036648 -0.706607
vn -0.706657 0.036648 -0.706607
vn -0.706657 0.036648 -0.706607
vn -0.706657 0.036648 -0.706607
vn -0.702936 0.042094 -0.710006
vn -0.698617 0.044774 -0.714093
vn -0.587435 0.034521 -0.808535
vn -0.702936 0.042094 -0.710006
vn -0.705696 0.053161 -0.706518
vn -0.587265 0.041967 -0.808306
vn -0.463257 0.044752 -0.885093
vn -0.458037 0.042084 -0.887937
vn -0.458037 0.042084 -0.887937
vn -0.453862 0.053151 -0.889485
vn -0.453583 0.042339 -0.890208
vn -0.453645 0.036641 -0.890429
vn -0.453645 0.036641 -0.890429
vn -0.453645 0.036641 -0.890429
vn -0.453645 0.036641 -0.890429
vn -0.453728 0.036642 -0.890387
vn -0.453728 0.036642 -0.890387
vn -0.453728 0.036642 -0.890387
vn -0.453728 0.036642 -0.890387
vn -0.449135 0.042105 -0.892471
vn -0.443767 0.044754 -0.895024
vn -0.308837 0.034505 -0.950489
vn -0.449135 0.042105 -0.892471
vn -0.452838 0.053140 -0.890008
vn -0.308749 0.041939 -0.950218
vn -0.167069 0.044752 -0.984929
vn -0.161227 0.042079 -0.986020
vn -0.161227 0.042079 -0.986020
vn -0.156774 0.053156 -0.986203
vn -0.156295 0.042349 -0.986802
vn -0.156277 0.036646 -0.987033
vn -0.156277 0.036646 -0.987033
vn -0.156277 0.036646 -0.987033
vn -0.156277 0.036646 -0.987033
vn -0.156382 0.036642 -0.987017
vn -0.156382 0.036642 -0.987017
vn -0.156382 0.036642 -0.987017
vn -0.156382 0.036642 -0.987017
vn -0.151362 0.042084 -0.987582
vn -0.145469 0.044750 -0.988350
vn -0.000001 0.034501 -0.999405
vn -0.151362 0.042084 -0.987582
vn -0.000000 0.041939 -0.999120
vn 0.155648 0.053148 -0.986382
vn 0.156295 0.042345 -0.986802
vn 0.145468 0.044749 -0.988351
vn -0.155651 0.053151 -0.986381
vn 0.151360 0.042087 -0.987582
vn 0.151360 0.042087 -0.987582
vn 0.156385 0.036637 -0.987016
vn 0.156385 0.036637 -0.987016
vn 0.156385 0.036637 -0.987017
vn 0.156385 0.036637 -0.987016
vn 0.156273 0.036641 -0.987034
vn 0.156273 0.036641 -0.987034
vn 0.156273 0.036641 -0.987034
vn 0.156273 0.036641 -0.987034
vn 0.161227 0.042087 -0.986020
vn 0.167069 0.044753 -0.984929
vn 0.308833 0.034499 -0.950490
vn 0.161227 0.042087 -0.986020
vn 0.156778 0.053152 -0.986203
vn 0.308747 0.041937 -0.950219
vn 0.443770 0.044746 -0.895023
vn 0.449136 0.042087 -0.892472
vn 0.449136 0.042087 -0.892472
vn 0.452847 0.053151 -0.890003
vn 0.453588 0.042347 -0.890205
vn 0.453735 0.036653 -0.890383
vn 0.453735 0.036653 -0.890383
vn 0.453735 0.036653 -0.890383
vn 0.453735 0.036653 -0.890383
vn 0.453636 0.036652 -0.890433
vn 0.453636 0.036652 -0.890433
vn 0.453636 0.036652 -0.890433
vn 0.453636 0.036652 -0.890433
vn 0.458033 0.042058 -0.887940
vn 0.463249 0.044751 -0.885098
vn 0.587433 0.034499 -0.808537
vn 0.458033 0.042058 -0.887940
vn 0.453854 0.053158 -0.889489
vn 0.587266 0.041946 -0.808306
vn 0.698620 0.044741 -0.714092
vn 0.702932 0.042087 -0.710011
vn 0.702932 0.042087 -0.710010
vn 0.705702 0.053146 -0.706513
vn 0.706475 0.042327 -0.706471
vn 0.706663 0.036624 -0.706601
vn 0.706663 0.036624 -0.706602
vn 0.706663 0.036624 -0.706601
vn 0.706663 0.036624 -0.706602
vn 0.706601 0.036630 -0.706663
vn 0.706601 0.036630 -0.706663
vn 0.706601 0.036630 -0.706663
vn 0.706601 0.036630 -0.706663
vn 0.710015 0.042102 -0.702927
vn 0.714092 0.044745 -0.698620
vn 0.808539 0.034487 -0.587432
vn 0.710015 0.042102 -0.702927
vn 0.706515 0.053137 -0.705700
vn 0.808306 0.041930 -0.587268
vn 0.885098 0.044749 -0.463249
vn 0.887939 0.042066 -0.458033
vn 0.887939 0.042066 -0.458033
vn 0.889486 0.053152 -0.453862
vn 0.890201 0.042345 -0.453596
vn 0.890438 0.036648 -0.453627
vn 0.890438 0.036648 -0.453627
vn 0.890438 0.036648 -0.453627
vn 0.890438 0.036648 -0.453627
vn 0.890375 0.036642 -0.453751
vn 0.890375 0.036642 -0.453751
vn 0.890375 0.036642 -0.453751
vn 0.890375 0.036642 -0.453751
vn 0.892465 0.042080 -0.449151
vn 0.895019 0.044738 -0.443778
vn 0.950493 0.034532 -0.308821
vn 0.892465 0.042080 -0.449151
vn 0.890001 0.053155 -0.452850
vn 0.950222 0.041945 -0.308738
vn 0.984933 0.044762 -0.167046
vn 0.986023 0.042115 -0.161201
vn 0.986023 0.042115 -0.161201
vn 0.986206 0.053136 -0.156763
vn 0.986804 0.042336 -0.156286
vn 0.987038 0.036618 -0.156255
vn 0.987038 0.036618 -0.156255
vn 0.987038 0.036618 -0.156255
vn 0.987038 0.036618 -0.156255
vn 0.987016 0.036610 -0.156394
vn 0.987016 0.036610 -0.156394
vn 0.987016 0.036610 -0.156394
vn 0.987016 0.036610 -0.156394
vn 0.987583 0.042065 -0.151360
vn 0.988350 0.044752 -0.145470
vn 0.999404 0.034511 0.000001
vn 0.987583 0.042065 -0.151360
vn 0.986381 0.053147 -0.155652
vn 0.999120 0.041956 -0.000001
vn 0.988351 0.044743 0.145469
vn 0.987583 0.042079 0.151358
vn 0.987583 0.042079 0.151358
vn 0.986382 0.053134 0.155651
vn 0.987015 0.036638 0.156392
vn 0.987015 0.036638 0.156392
vn 0.987015 0.036638 0.156392
vn 0.987015 0.036638 0.156392
vn -0.308032 0.080017 -0.948005
vn -0.455665 0.093397 -0.885238
vn -0.452348 0.085087 -0.887773
vn -0.438106 0.085784 -0.894821
vn -0.171529 0.085782 -0.981438
vn -0.155867 0.085086 -0.984107
vn -0.151691 0.093405 -0.984005
vn -0.308090 0.077424 -0.948201
vn -0.139024 0.082350 -0.986859
vn -0.139024 0.082350 -0.986859
vn -0.467585 0.082338 -0.880105
vn -0.467585 0.082338 -0.880105
vn -0.213317 0.044113 -0.975987
vn -0.213317 0.044113 -0.975987
vn -0.213317 0.044113 -0.975987
vn -0.213317 0.044113 -0.975987
vn -0.172735 0.082356 -0.981519
vn -0.000003 0.077430 -0.996998
vn -0.140147 0.085784 -0.986408
vn -0.172735 0.082356 -0.981519
vn -0.098719 0.044102 -0.994138
vn -0.098719 0.044102 -0.994138
vn -0.098719 0.044102 -0.994138
vn -0.098719 0.044102 -0.994138
vn 0.098716 0.044106 -0.994138
vn 0.098716 0.044106 -0.994138
vn 0.098716 0.044106 -0.994138
vn 0.098716 0.044106 -0.994138
vn 0.140145 0.085784 -0.986408
vn 0.155863 0.085091 -0.984107
vn 0.159804 0.093402 -0.982720
vn -0.000001 0.080011 -0.996794
vn 0.172731 0.082352 -0.981520
vn 0.172731 0.082352 -0.981520
vn -0.159808 0.093406 -0.982719
vn -0.401091 0.044114 -0.914975
vn -0.401091 0.044114 -0.914975
vn -0.401091 0.044114 -0.914975
vn -0.401091 0.044114 -0.914975
vn -0.585893 0.079994 -0.806431
vn -0.706910 0.093396 -0.701110
vn -0.704546 0.085060 -0.704542
vn -0.693160 0.085785 -0.715661
vn -0.466421 0.085782 -0.880394
vn -0.448343 0.093403 -0.888968
vn -0.586011 0.077447 -0.806594
vn -0.437185 0.082356 -0.895593
vn -0.437185 0.082356 -0.895593
vn -0.716646 0.082407 -0.692551
vn -0.716646 0.082407 -0.692551
vn -0.504467 0.044126 -0.862303
vn -0.504467 0.044126 -0.862303
vn -0.504467 0.044126 -0.862303
vn -0.504467 0.044126 -0.862303
vn -0.664208 0.044109 -0.746245
vn -0.664208 0.044109 -0.746245
vn -0.664208 0.044109 -0.746245
vn -0.664208 0.044109 -0.746245
vn -0.806428 0.079993 -0.585897
vn -0.888960 0.093408 -0.448359
vn -0.887770 0.085087 -0.452356
vn -0.880391 0.085776 -0.466426
vn -0.715659 0.085774 -0.693163
vn -0.701122 0.093397 -0.706899
vn -0.806590 0.077455 -0.586015
vn -0.692547 0.082390 -0.716652
vn -0.692547 0.082390 -0.716652
vn -0.895590 0.082375 -0.437187
vn -0.895590 0.082375 -0.437187
vn -0.746247 0.044096 -0.664208
vn -0.746247 0.044096 -0.664207
vn -0.746247 0.044096 -0.664208
vn -0.746247 0.044096 -0.664207
vn -0.862298 0.044107 -0.504476
vn -0.862298 0.044107 -0.504476
vn -0.862298 0.044107 -0.504476
vn -0.862298 0.044107 -0.504476
vn -0.948006 0.079981 -0.308037
vn -0.984009 0.093392 -0.151671
vn -0.984106 0.085091 -0.155868
vn -0.981441 0.085776 -0.171511
vn -0.894817 0.085770 -0.438117
vn -0.885234 0.093396 -0.455674
vn -0.948205 0.077380 -0.308091
vn -0.880094 0.082299 -0.467613
vn -0.880094 0.082299 -0.467613
vn -0.986865 0.082350 -0.138981
vn -0.986865 0.082350 -0.138981
vn -0.914992 0.044070 -0.401057
vn -0.914993 0.044070 -0.401057
vn -0.914992 0.044070 -0.401057
vn -0.914992 0.044070 -0.401057
vn -0.975983 0.044089 -0.213341
vn -0.975983 0.044089 -0.213341
vn -0.975983 0.044089 -0.213341
vn -0.975983 0.044089 -0.213341
vn -0.996792 0.080033 -0.000000
vn -0.982715 0.093423 0.159820
vn -0.984106 0.085091 0.155868
vn -0.986405 0.085786 0.140167
vn -0.986405 0.085781 -0.140168
vn -0.982716 0.093416 -0.159820
vn -0.996998 0.077424 -0.000000
vn -0.981518 0.082333 -0.172753
vn -0.981518 0.082333 -0.172753
vn -0.981518 0.082333 0.172752
vn -0.981518 0.082333 0.172752
vn -0.994136 0.044117 -0.098732
vn -0.994136 0.044117 -0.098732
vn -0.994136 0.044117 -0.098732
vn -0.994136 0.044117 -0.098732
vn -0.994136 0.044110 0.098732
vn -0.994136 0.044110 0.098732
vn -0.994136 0.044110 0.098732
vn -0.994136 0.044110 0.098732
vn -0.948003 0.079990 0.308046
vn -0.885229 0.093426 0.455677
vn -0.887775 0.085132 0.452336
vn -0.894806 0.085782 0.438137
vn -0.981441 0.085773 0.171511
vn -0.984010 0.093385 0.151670
vn -0.948203 0.077388 0.308096
vn -0.986865 0.082350 0.138982
vn -0.986865 0.082350 0.138982
vn -0.880086 0.082306 0.467626
vn -0.880086 0.082306 0.467626
vn -0.975982 0.044096 0.213341
vn -0.975982 0.044096 0.213341
vn -0.975982 0.044096 0.213341
vn -0.975982 0.044096 0.213341
vn -0.914983 0.044107 0.401074
vn -0.914983 0.044107 0.401074
vn -0.914983 0.044107 0.401074
vn -0.914983 0.044107 0.401074
vn -0.806429 0.080021 0.585891
vn -0.701096 0.093414 0.706921
vn -0.704546 0.085119 0.704535
vn -0.715634 0.085787 0.693187
vn -0.880413 0.085793 0.466383
vn -0.888977 0.093412 0.448325
vn -0.806599 0.077418 0.586008
vn -0.895610 0.082326 0.437156
vn -0.895610 0.082326 0.437156
vn -0.692537 0.082359 0.716665
vn -0.692538 0.082359 0.716665
vn -0.862308 0.044110 0.504459
vn -0.862308 0.044110 0.504459
vn -0.862308 0.044110 0.504459
vn -0.862308 0.044110 0.504459
vn -0.746246 0.044093 0.664208
vn -0.746246 0.044093 0.664208
vn -0.746246 0.044093 0.664208
vn -0.746246 0.044093 0.664208
vn -0.585917 0.080018 0.806411
vn -0.448330 0.093394 0.888976
vn -0.452348 0.085083 0.887774
vn -0.466416 0.085784 0.880396
vn -0.693194 0.085801 0.715625
vn -0.706937 0.093417 0.701081
vn -0.586030 0.077428 0.806582
vn -0.716671 0.082333 0.692534
vn -0.716671 0.082333 0.692534
vn -0.437179 0.082376 0.895594
vn -0.437179 0.082376 0.895594
vn -0.664207 0.044100 0.746247
vn -0.664207 0.044100 0.746247
vn -0.664207 0.044100 0.746247
vn -0.664207 0.044100 0.746247
vn -0.504469 0.044094 0.862303
vn -0.504469 0.044094 0.862303
vn -0.504469 0.044094 0.862303
vn -0.504469 0.044094 0.862303
vn -0.308036 0.080011 0.948004
vn -0.151692 0.093403 0.984005
vn -0.155870 0.085084 0.984106
vn -0.171531 0.085780 0.981437
vn -0.438115 0.085780 0.894817
vn -0.455677 0.093392 0.885232
vn -0.308097 0.077421 0.948200
vn -0.467596 0.082330 0.880100
vn -0.467596 0.082330 0.880100
vn -0.139028 0.082357 0.986858
vn -0.139028 0.082357 0.986858
vn -0.401090 0.044117 0.914976
vn -0.401090 0.044117 0.914976
vn -0.401090 0.044117 0.914976
vn -0.401090 0.044117 0.914976
vn -0.213324 0.044104 0.975986
vn -0.213324 0.044104 0.975985
vn -0.213324 0.044104 0.975986
vn -0.213324 0.044104 0.975985
vn -0.000002 0.080010 0.996794
vn 0.159806 0.093400 0.982720
vn 0.155865 0.085090 0.984107
vn 0.140143 0.085785 0.986408
vn -0.140146 0.085784 0.986408
vn -0.159810 0.093406 0.982719
vn -0.000003 0.077431 0.996998
vn -0.172732 0.082358 0.981520
vn -0.172732 0.082358 0.981520
vn 0.172726 0.082356 0.981521
vn 0.172726 0.082356 0.981521
vn -0.098718 0.044109 0.994137
vn -0.098718 0.044109 0.994137
vn -0.098718 0.044109 0.994137
vn -0.098718 0.044109 0.994137
vn 0.098721 0.044111 0.994137
vn 0.098721 0.044111 0.994137
vn 0.098721 0.044111 0.994137
vn 0.098721 0.044111 0.994137
vn 0.308027 0.080020 0.948006
vn 0.455668 0.093402 0.885236
vn 0.452347 0.085096 0.887773
vn 0.438106 0.085782 0.894821
vn 0.171529 0.085787 0.981437
vn 0.151690 0.093403 0.984005
vn 0.308089 0.077426 0.948202
vn 0.139030 0.082350 0.986858
vn 0.139030 0.082350 0.986858
vn 0.467579 0.082340 0.880108
vn 0.467579 0.082340 0.880108
vn 0.213324 0.044109 0.975985
vn 0.213324 0.044109 0.975985
vn 0.213324 0.044109 0.975985
vn 0.213324 0.044109 0.975985
vn 0.401092 0.044109 0.914975
vn 0.401092 0.044109 0.914975
vn 0.401092 0.044109 0.914975
vn 0.401092 0.044109 0.914975
vn 0.585899 0.080004 0.806425
vn 0.706915 0.093398 0.701104
vn 0.704546 0.085082 0.704539
vn 0.693170 0.085784 0.715651
vn 0.466418 0.085783 0.880395
vn 0.448341 0.093404 0.888969
vn 0.586022 0.077424 0.806588
vn 0.437184 0.082350 0.895594
vn 0.437184 0.082350 0.895594
vn 0.716662 0.082358 0.692541
vn 0.716662 0.082358 0.692541
vn 0.504478 0.044111 0.862297
vn 0.504478 0.044111 0.862297
vn 0.504478 0.044111 0.862297
vn 0.504478 0.044111 0.862297
vn 0.664187 0.044125 0.746263
vn 0.664187 0.044125 0.746263
vn 0.664187 0.044125 0.746263
vn 0.664187 0.044125 0.746263
vn 0.806429 0.080001 0.585894
vn 0.888973 0.093407 0.448333
vn 0.887772 0.085101 0.452348
vn 0.880393 0.085797 0.466419
vn 0.715656 0.085780 0.693165
vn 0.701110 0.093400 0.706909
vn 0.806588 0.077441 0.586020
vn 0.692544 0.082359 0.716659
vn 0.692544 0.082359 0.716659
vn 0.895586 0.082391 0.437193
vn 0.895586 0.082391 0.437193
vn 0.746265 0.044091 0.664187
vn 0.746265 0.044091 0.664187
vn 0.746265 0.044091 0.664187
vn 0.746265 0.044091 0.664187
vn 0.862299 0.044102 0.504475
vn 0.862299 0.044102 0.504475
vn 0.862299 0.044102 0.504475
vn 0.862299 0.044102 0.504475
vn 0.948007 0.080021 0.308024
vn 0.984007 0.093406 0.151674
vn 0.984104 0.085107 0.155869
vn 0.981439 0.085780 0.171519
vn 0.894821 0.085802 0.438102
vn 0.885231 0.093400 0.455678
vn 0.948205 0.077417 0.308080
vn 0.880114 0.082343 0.467567
vn 0.880114 0.082343 0.467567
vn 0.986859 0.082342 0.139026
vn 0.986859 0.082342 0.139026
vn 0.914976 0.044103 0.401091
vn 0.914976 0.044103 0.401091
vn 0.914976 0.044103 0.401091
vn 0.914976 0.044103 0.401091
vn 0.975983 0.044084 0.213340
vn 0.975983 0.044084 0.213340
vn 0.975983 0.044084 0.213340
vn 0.975983 0.044084 0.213340
vn 0.996792 0.080036 0.000005
vn 0.982717 0.093421 -0.159814
vn 0.984105 0.085120 -0.155857
vn 0.986404 0.085809 -0.140159
vn 0.986406 0.085783 0.140162
vn 0.982716 0.093413 0.159822
vn 0.996999 0.077415 -0.000002
vn 0.981523 0.082299 0.172739
vn 0.981523 0.082299 0.172739
vn 0.981517 0.082366 -0.172743
vn 0.981517 0.082366 -0.172743
vn 0.994138 0.044124 0.098709
vn 0.994138 0.044124 0.098709
vn 0.994138 0.044124 0.098709
vn 0.994138 0.044124 0.098709
vn 0.994137 0.044090 -0.098728
vn 0.994137 0.044090 -0.098728
vn 0.994137 0.044090 -0.098728
vn 0.994137 0.044090 -0.098728
vn 0.948009 0.080039 -0.308014
vn 0.885231 0.093391 -0.455679
vn 0.887771 0.085099 -0.452350
vn 0.894821 0.085804 -0.438102
vn 0.981441 0.085794 -0.171505
vn 0.984009 0.093409 -0.151661
vn 0.948209 0.077416 -0.308070
vn 0.986864 0.082326 -0.139006
vn 0.986864 0.082326 -0.139006
vn 0.880113 0.082343 -0.467568
vn 0.880113 0.082343 -0.467568
vn 0.975988 0.044083 -0.213318
vn 0.975988 0.044083 -0.213318
vn 0.975988 0.044083 -0.213318
vn 0.975988 0.044083 -0.213318
vn 0.914976 0.044091 -0.401091
vn 0.914976 0.044091 -0.401091
vn 0.914976 0.044091 -0.401091
vn 0.914976 0.044091 -0.401091
vn 0.806427 0.080001 -0.585897
vn 0.701115 0.093400 -0.706905
vn 0.704537 0.085108 -0.704545
vn 0.715651 0.085780 -0.693170
vn 0.880393 0.085791 -0.466420
vn 0.888971 0.093391 -0.448339
vn 0.806585 0.077413 -0.586027
vn 0.895585 0.082391 -0.437194
vn 0.895585 0.082391 -0.437194
vn 0.692539 0.082307 -0.716670
vn 0.692539 0.082308 -0.716670
vn 0.862299 0.044110 -0.504475
vn 0.862299 0.044110 -0.504475
vn 0.862299 0.044110 -0.504475
vn 0.862299 0.044110 -0.504475
vn 0.746260 0.044132 -0.664190
vn 0.746260 0.044132 -0.664190
vn 0.746260 0.044132 -0.664190
vn 0.746260 0.044132 -0.664190
vn 0.585895 0.080009 -0.806428
vn 0.448340 0.093405 -0.888970
vn 0.452348 0.085099 -0.887772
vn 0.466418 0.085780 -0.880396
vn 0.693168 0.085781 -0.715653
vn 0.706902 0.093394 -0.701119
vn 0.586023 0.077416 -0.806588
vn 0.716665 0.082333 -0.692541
vn 0.716665 0.082333 -0.692541
vn 0.437185 0.082347 -0.895594
vn 0.437185 0.082347 -0.895594
vn 0.664184 0.044108 -0.746267
vn 0.664184 0.044108 -0.746267
vn 0.664184 0.044108 -0.746267
vn 0.664184 0.044108 -0.746267
vn 0.504482 0.044100 -0.862295
vn 0.504482 0.044100 -0.862295
vn 0.504482 0.044100 -0.862295
vn 0.504482 0.044100 -0.862295
vn 0.308029 0.080021 -0.948006
vn 0.151689 0.093404 -0.984005
vn 0.171528 0.085786 -0.981437
vn 0.438107 0.085788 -0.894820
vn 0.455671 0.093399 -0.885235
vn 0.308088 0.077424 -0.948202
vn 0.467577 0.082344 -0.880108
vn 0.467577 0.082344 -0.880108
vn 0.139027 0.082347 -0.986859
vn 0.139027 0.082347 -0.986859
vn 0.401094 0.044110 -0.914974
vn 0.401094 0.044110 -0.914974
vn 0.401094 0.044110 -0.914974
vn 0.401094 0.044110 -0.914974
vn 0.213320 0.044118 -0.975986
vn 0.213320 0.044118 -0.975986
vn 0.213320 0.044118 -0.975986
vn 0.213320 0.044118 -0.975986
vn -0.307672 0.093174 -0.946920
vn -0.454981 0.103676 -0.884445
vn -0.451836 0.097363 -0.886772
vn -0.437295 0.099674 -0.893777
vn -0.171568 0.099675 -0.980117
vn -0.155691 0.097364 -0.982996
vn -0.151777 0.103680 -0.982962
vn -0.307675 0.093306 -0.946906
vn -0.155860 0.085658 -0.984058
vn -0.452322 0.085644 -0.887733
vn -0.000001 0.093313 -0.995637
vn -0.139702 0.099676 -0.985164
vn 0.139698 0.099673 -0.985165
vn 0.155693 0.097359 -0.982996
vn 0.159398 0.103680 -0.981755
vn -0.000001 0.093173 -0.995650
vn 0.155856 0.085651 -0.984059
vn -0.159402 0.103683 -0.981754
vn -0.585232 0.093163 -0.805497
vn -0.706012 0.103686 -0.700569
vn -0.703750 0.097353 -0.703746
vn -0.692081 0.099670 -0.714905
vn -0.466048 0.099673 -0.879127
vn -0.448105 0.103686 -0.887948
vn -0.585225 0.093312 -0.805484
vn -0.704517 0.085663 -0.704498
vn -0.805498 0.093166 -0.585229
vn -0.887951 0.103676 -0.448101
vn -0.886763 0.097392 -0.451847
vn -0.879124 0.099688 -0.466051
vn -0.714913 0.099672 -0.692073
vn -0.700569 0.103683 -0.706012
vn -0.805485 0.093326 -0.585221
vn -0.887722 0.085654 -0.452342
vn -0.946917 0.093197 -0.307671
vn -0.982967 0.103676 -0.151747
vn -0.982998 0.097369 -0.155674
vn -0.980121 0.099682 -0.171542
vn -0.893766 0.099682 -0.437317
vn -0.884437 0.103682 -0.454996
vn -0.946911 0.093292 -0.307664
vn -0.984061 0.085655 -0.155845
vn -0.995652 0.093148 0.000000
vn -0.981754 0.103683 0.159404
vn -0.982999 0.097360 0.155674
vn -0.985165 0.099660 0.139707
vn -0.985164 0.099669 -0.139707
vn -0.981753 0.103691 -0.159404
vn -0.995635 0.093329 -0.000000
vn -0.984061 0.085655 0.155845
vn -0.946922 0.093176 0.307665
vn -0.884444 0.103681 0.454982
vn -0.886775 0.097377 0.451828
vn -0.893772 0.099671 0.437306
vn -0.980121 0.099678 0.171542
vn -0.982967 0.103680 0.151747
vn -0.946911 0.093300 0.307661
vn -0.887730 0.085673 0.452323
vn -0.805503 0.093193 0.585218
vn -0.700564 0.103673 0.706018
vn -0.703745 0.097376 0.703747
vn -0.714904 0.099687 0.692080
vn -0.879133 0.099689 0.466034
vn -0.887957 0.103690 0.448086
vn -0.805488 0.093311 0.585220
vn -0.704517 0.085672 0.704497
vn -0.585232 0.093164 0.805496
vn -0.448107 0.103685 0.887947
vn -0.451838 0.097365 0.886771
vn -0.466043 0.099665 0.879131
vn -0.692087 0.099674 0.714899
vn -0.706012 0.103681 0.700569
vn -0.585225 0.093299 0.805486
vn -0.452322 0.085639 0.887734
vn -0.307674 0.093181 0.946918
vn -0.151777 0.103679 0.982962
vn -0.155690 0.097360 0.982996
vn -0.171569 0.099677 0.980117
vn -0.437302 0.099674 0.893774
vn -0.454982 0.103682 0.884444
vn -0.307678 0.093307 0.946904
vn -0.155862 0.085657 0.984058
vn -0.000001 0.093167 0.995650
vn 0.159396 0.103681 0.981755
vn 0.155691 0.097359 0.982996
vn 0.139697 0.099670 0.985165
vn -0.139701 0.099671 0.985165
vn -0.159399 0.103682 0.981755
vn -0.000001 0.093312 0.995637
vn 0.155859 0.085650 0.984059
vn 0.307675 0.093174 0.946918
vn 0.454975 0.103687 0.884447
vn 0.451834 0.097360 0.886774
vn 0.437296 0.099674 0.893777
vn 0.171573 0.099671 0.980117
vn 0.151783 0.103679 0.982961
vn 0.307672 0.093308 0.946906
vn 0.452322 0.085658 0.887732
vn 0.585232 0.093167 0.805496
vn 0.706022 0.103676 0.700560
vn 0.703750 0.097354 0.703746
vn 0.692091 0.099665 0.714897
vn 0.466046 0.099662 0.879129
vn 0.448106 0.103679 0.887948
vn 0.585223 0.093311 0.805486
vn 0.704512 0.085646 0.704505
vn 0.805500 0.093165 0.585226
vn 0.887948 0.103696 0.448102
vn 0.886771 0.097363 0.451838
vn 0.879130 0.099686 0.466040
vn 0.714903 0.099664 0.692085
vn 0.700567 0.103690 0.706013
vn 0.805494 0.093309 0.585212
vn 0.887731 0.085641 0.452327
vn 0.946918 0.093171 0.307677
vn 0.982962 0.103673 0.151780
vn 0.982996 0.097362 0.155691
vn 0.980119 0.099664 0.171562
vn 0.893772 0.099661 0.437309
vn 0.884441 0.103671 0.454991
vn 0.946907 0.093306 0.307671
vn 0.984059 0.085659 0.155857
vn 0.995649 0.093181 0.000003
vn 0.981753 0.103687 -0.159404
vn 0.982998 0.097366 -0.155678
vn 0.985163 0.099687 -0.139702
vn 0.985164 0.099678 0.139703
vn 0.981755 0.103675 0.159400
vn 0.995637 0.093309 0.000004
vn 0.984061 0.085660 -0.155842
vn 0.946922 0.093173 -0.307665
vn 0.884447 0.103677 -0.454978
vn 0.886770 0.097355 -0.451842
vn 0.893774 0.099650 -0.437309
vn 0.980122 0.099673 -0.171543
vn 0.982964 0.103690 -0.151759
vn 0.946911 0.093289 -0.307664
vn 0.887731 0.085629 -0.452329
vn 0.805501 0.093163 -0.585226
vn 0.700582 0.103689 -0.705998
vn 0.703749 0.097360 -0.703746
vn 0.714916 0.099665 -0.692071
vn 0.879128 0.099656 -0.466051
vn 0.887941 0.103677 -0.448120
vn 0.805494 0.093292 -0.585215
vn 0.704503 0.085644 -0.704515
vn 0.585226 0.093165 -0.805501
vn 0.448107 0.103673 -0.887948
vn 0.451833 0.097356 -0.886775
vn 0.466046 0.099663 -0.879130
vn 0.692074 0.099661 -0.714913
vn 0.706006 0.103675 -0.700576
vn 0.585216 0.093303 -0.805491
vn 0.452322 0.085659 -0.887732
vn 0.307674 0.093169 -0.946919
vn 0.151783 0.103679 -0.982961
vn 0.171573 0.099670 -0.980117
vn 0.437296 0.099665 -0.893778
vn 0.454973 0.103679 -0.884449
vn 0.307674 0.093303 -0.946906
vn -0.307482 0.099722 -0.946314
vn -0.454347 0.107512 -0.884313
vn -0.451578 0.102924 -0.886275
vn -0.436849 0.106599 -0.893196
vn -0.171596 0.106593 -0.979384
vn -0.155605 0.102912 -0.982444
vn -0.152216 0.107511 -0.982482
vn -0.307400 0.102208 -0.946075
vn -0.155720 0.095343 -0.983189
vn -0.451927 0.095336 -0.886946
vn 0.000001 0.102220 -0.994762
vn -0.139448 0.106596 -0.984475
vn 0.139447 0.106598 -0.984475
vn 0.155604 0.102917 -0.982444
vn 0.158838 0.107507 -0.981434
vn -0.000000 0.099723 -0.995015
vn 0.155722 0.095339 -0.983189
vn -0.158842 0.107509 -0.981433
vn -0.584852 0.099721 -0.804987
vn -0.705378 0.107504 -0.700631
vn -0.703352 0.102918 -0.703352
vn -0.691474 0.106607 -0.714492
vn -0.465837 0.106601 -0.878426
vn -0.448365 0.107506 -0.887362
vn -0.584704 0.102227 -0.804780
vn -0.703885 0.095349 -0.703885
vn -0.804980 0.099715 -0.584862
vn -0.887361 0.107498 -0.448370
vn -0.886273 0.102902 -0.451587
vn -0.878422 0.106577 -0.465849
vn -0.714490 0.106599 -0.691478
vn -0.700632 0.107503 -0.705378
vn -0.804781 0.102217 -0.584704
vn -0.886943 0.095344 -0.451932
vn -0.946318 0.099733 -0.307465
vn -0.982485 0.107515 -0.152199
vn -0.982443 0.102930 -0.155602
vn -0.979390 0.106587 -0.171564
vn -0.893198 0.106593 -0.436848
vn -0.884312 0.107499 -0.454353
vn -0.946079 0.102201 -0.307391
vn -0.983192 0.095345 -0.155701
vn -0.995015 0.099722 0.000000
vn -0.981432 0.107501 0.158858
vn -0.982443 0.102931 0.155602
vn -0.984471 0.106609 0.139466
vn -0.984471 0.106609 -0.139465
vn -0.981430 0.107516 -0.158857
vn -0.994760 0.102241 0.000000
vn -0.983192 0.095347 0.155701
vn -0.946319 0.099729 0.307466
vn -0.884314 0.107518 0.454345
vn -0.886278 0.102912 0.451575
vn -0.893198 0.106596 0.436847
vn -0.979390 0.106587 0.171564
vn -0.982486 0.107507 0.152199
vn -0.946079 0.102220 0.307386
vn -0.886953 0.095343 0.451912
vn -0.804990 0.099712 0.584850
vn -0.700637 0.107500 0.705373
vn -0.703358 0.102907 0.703347
vn -0.714495 0.106579 0.691475
vn -0.878429 0.106593 0.465833
vn -0.887366 0.107507 0.448356
vn -0.804784 0.102200 0.584703
vn -0.703883 0.095332 0.703889
vn -0.584850 0.099723 0.804988
vn -0.448363 0.107509 0.887362
vn -0.451578 0.102921 0.886276
vn -0.465837 0.106600 0.878426
vn -0.691474 0.106597 0.714494
vn -0.705382 0.107497 0.700629
vn -0.584704 0.102218 0.804781
vn -0.451927 0.095342 0.886946
vn -0.307478 0.099723 0.946315
vn -0.152214 0.107515 0.982482
vn -0.155603 0.102916 0.982444
vn -0.171592 0.106597 0.979384
vn -0.436849 0.106598 0.893197
vn -0.454350 0.107513 0.884311
vn -0.307399 0.102210 0.946076
vn -0.155719 0.095343 0.983189
vn -0.000001 0.099724 0.995015
vn 0.158840 0.107508 0.981434
vn 0.155603 0.102916 0.982444
vn 0.139448 0.106598 0.984475
vn -0.139449 0.106599 0.984475
vn -0.158842 0.107507 0.981433
vn 0.000000 0.102225 0.994761
vn 0.155721 0.095340 0.983189
vn 0.307480 0.099721 0.946315
vn 0.454347 0.107512 0.884314
vn 0.451580 0.102912 0.886275
vn 0.436846 0.106596 0.893198
vn 0.171596 0.106597 0.979384
vn 0.152212 0.107507 0.982484
vn 0.307399 0.102222 0.946074
vn 0.451922 0.095352 0.886947
vn 0.584851 0.099716 0.804988
vn 0.705370 0.107506 0.700639
vn 0.703348 0.102923 0.703355
vn 0.691471 0.106598 0.714496
vn 0.465844 0.106593 0.878423
vn 0.448364 0.107503 0.887363
vn 0.584708 0.102218 0.804779
vn 0.703889 0.095352 0.703881
vn 0.804995 0.099745 0.584837
vn 0.887375 0.107503 0.448339
vn 0.886279 0.102940 0.451567
vn 0.878433 0.106622 0.465818
vn 0.714494 0.106613 0.691471
vn 0.700640 0.107521 0.705367
vn 0.804782 0.102241 0.584699
vn 0.886945 0.095335 0.451928
vn 0.946313 0.099719 0.307487
vn 0.982483 0.107515 0.152213
vn 0.982443 0.102926 0.155604
vn 0.979384 0.106593 0.171594
vn 0.893190 0.106593 0.436863
vn 0.884308 0.107521 0.454355
vn 0.946073 0.102212 0.307407
vn 0.983189 0.095336 0.155725
vn 0.995013 0.099747 0.000000
vn 0.981433 0.107515 -0.158841
vn 0.982442 0.102933 -0.155603
vn 0.984472 0.106618 -0.139454
vn 0.984474 0.106604 0.139450
vn 0.981433 0.107511 0.158840
vn 0.994763 0.102213 -0.000004
vn 0.983191 0.095334 -0.155714
vn 0.946312 0.099726 -0.307487
vn 0.884307 0.107527 -0.454355
vn 0.886278 0.102947 -0.451567
vn 0.893193 0.106607 -0.436854
vn 0.979385 0.106601 -0.171587
vn 0.982482 0.107520 -0.152213
vn 0.946077 0.102223 -0.307390
vn 0.886944 0.095350 -0.451928
vn 0.804995 0.099751 -0.584836
vn 0.700640 0.107515 -0.705368
vn 0.703349 0.102916 -0.703356
vn 0.714502 0.106601 -0.691465
vn 0.878429 0.106623 -0.465827
vn 0.887376 0.107501 -0.448339
vn 0.804783 0.102237 -0.584698
vn 0.703888 0.095341 -0.703883
vn 0.584850 0.099724 -0.804988
vn 0.448366 0.107511 -0.887361
vn 0.451581 0.102928 -0.886273
vn 0.465846 0.106601 -0.878421
vn 0.691465 0.106595 -0.714503
vn 0.705371 0.107508 -0.700639
vn 0.584703 0.102214 -0.804782
vn 0.451922 0.095342 -0.886948
vn 0.307483 0.099728 -0.946313
vn 0.152216 0.107506 -0.982483
vn 0.171599 0.106598 -0.979383
vn 0.436845 0.106603 -0.893198
vn 0.454347 0.107511 -0.884313
vn 0.307399 0.102218 -0.946075
vn -0.307437 0.100592 -0.946237
vn -0.453801 0.106204 -0.884751
vn -0.451582 0.102841 -0.886283
vn -0.436953 0.107710 -0.893012
vn -0.171395 0.107707 -0.979297
vn -0.155610 0.102834 -0.982451
vn -0.152910 0.106204 -0.982517
vn -0.307325 0.104834 -0.945812
vn -0.155670 0.098933 -0.982842
vn -0.451764 0.098928 -0.886636
vn -0.000001 0.104836 -0.994490
vn -0.139618 0.107714 -0.984329
vn 0.139616 0.107713 -0.984330
vn 0.155605 0.102844 -0.982451
vn 0.158194 0.106206 -0.981680
vn -0.000000 0.100598 -0.994927
vn 0.155666 0.098928 -0.982844
vn -0.158196 0.106205 -0.981679
vn -0.584805 0.100602 -0.804911
vn -0.704995 0.106222 -0.701213
vn -0.703361 0.102826 -0.703356
vn -0.691529 0.107705 -0.714274
vn -0.465624 0.107714 -0.878403
vn -0.449034 0.106195 -0.887182
vn -0.584548 0.104830 -0.804559
vn -0.703639 0.098925 -0.703637
vn -0.804909 0.100565 -0.584815
vn -0.887179 0.106195 -0.449040
vn -0.886274 0.102826 -0.451604
vn -0.878400 0.107690 -0.465636
vn -0.714280 0.107700 -0.691524
vn -0.701208 0.106195 -0.705003
vn -0.804559 0.104824 -0.584548
vn -0.886634 0.098912 -0.451770
vn -0.946234 0.100608 -0.307441
vn -0.982522 0.106203 -0.152880
vn -0.982452 0.102838 -0.155606
vn -0.979299 0.107718 -0.171375
vn -0.893004 0.107711 -0.436969
vn -0.884741 0.106189 -0.453826
vn -0.945816 0.104835 -0.307314
vn -0.982840 0.098954 -0.155674
vn -0.994927 0.100597 -0.000000
vn -0.981678 0.106206 0.158202
vn -0.982452 0.102836 0.155606
vn -0.984329 0.107696 0.139634
vn -0.984327 0.107717 -0.139634
vn -0.981678 0.106211 -0.158202
vn -0.994491 0.104827 0.000000
vn -0.982841 0.098945 0.155674
vn -0.946236 0.100600 0.307436
vn -0.884745 0.106196 0.453817
vn -0.886281 0.102823 0.451591
vn -0.893010 0.107711 0.436958
vn -0.979300 0.107717 0.171375
vn -0.982521 0.106209 0.152880
vn -0.945817 0.104848 0.307308
vn -0.886640 0.098936 0.451754
vn -0.804921 0.100566 0.584799
vn -0.701228 0.106200 0.704983
vn -0.703370 0.102839 0.703346
vn -0.714292 0.107695 0.691511
vn -0.878403 0.107697 0.465629
vn -0.887183 0.106190 0.449032
vn -0.804564 0.104824 0.584542
vn -0.703647 0.098911 0.703632
vn -0.584796 0.100608 0.804917
vn -0.449020 0.106197 0.887188
vn -0.451578 0.102841 0.886285
vn -0.465615 0.107718 0.878407
vn -0.691526 0.107714 0.714276
vn -0.704990 0.106215 0.701219
vn -0.584549 0.104830 0.804558
vn -0.451766 0.098934 0.886634
vn -0.307443 0.100588 0.946235
vn -0.152910 0.106200 0.982517
vn -0.155612 0.102831 0.982451
vn -0.171398 0.107705 0.979297
vn -0.436961 0.107711 0.893008
vn -0.453811 0.106207 0.884746
vn -0.307328 0.104837 0.945811
vn -0.155670 0.098932 0.982843
vn 0.000000 0.100599 0.994927
vn 0.158196 0.106205 0.981679
vn 0.155606 0.102841 0.982451
vn 0.139617 0.107715 0.984330
vn -0.139617 0.107713 0.984330
vn -0.158197 0.106204 0.981679
vn -0.000000 0.104835 0.994490
vn 0.155666 0.098931 0.982843
vn 0.307450 0.100588 0.946233
vn 0.453812 0.106200 0.884747
vn 0.451575 0.102843 0.886286
vn 0.436959 0.107708 0.893010
vn 0.171391 0.107711 0.979297
vn 0.152903 0.106204 0.982518
vn 0.307315 0.104834 0.945816
vn 0.451759 0.098936 0.886637
vn 0.584790 0.100605 0.804922
vn 0.704995 0.106198 0.701216
vn 0.703363 0.102830 0.703354
vn 0.691519 0.107708 0.714283
vn 0.465610 0.107721 0.878410
vn 0.449021 0.106209 0.887186
vn 0.584540 0.104831 0.804564
vn 0.703642 0.098935 0.703633
vn 0.804928 0.100600 0.584782
vn 0.887183 0.106214 0.449027
vn 0.886287 0.102846 0.451573
vn 0.878413 0.107718 0.465605
vn 0.714294 0.107708 0.691507
vn 0.701222 0.106196 0.704989
vn 0.804575 0.104823 0.584527
vn 0.886641 0.098940 0.451751
vn 0.946234 0.100559 0.307457
vn 0.982517 0.106194 0.152916
vn 0.982450 0.102832 0.155619
vn 0.979297 0.107696 0.171406
vn 0.893011 0.107703 0.436957
vn 0.884750 0.106195 0.453806
vn 0.945815 0.104833 0.307317
vn 0.982843 0.098932 0.155668
vn 0.994924 0.100625 0.000000
vn 0.981678 0.106206 -0.158201
vn 0.982451 0.102822 -0.155619
vn 0.984329 0.107721 -0.139619
vn 0.984328 0.107727 0.139619
vn 0.981679 0.106206 0.158201
vn 0.994490 0.104828 -0.000001
vn 0.982842 0.098940 -0.155668
vn 0.946233 0.100562 -0.307457
vn 0.884750 0.106198 -0.453805
vn 0.886287 0.102841 -0.451574
vn 0.893011 0.107704 -0.436957
vn 0.979296 0.107697 -0.171406
vn 0.982516 0.106202 -0.152916
vn 0.945814 0.104839 -0.307318
vn 0.886642 0.098933 -0.451751
vn 0.804927 0.100589 -0.584786
vn 0.701216 0.106190 -0.704997
vn 0.703361 0.102815 -0.703358
vn 0.714291 0.107698 -0.691512
vn 0.878414 0.107709 -0.465605
vn 0.887184 0.106210 -0.449026
vn 0.804575 0.104820 -0.584527
vn 0.703642 0.098939 -0.703633
vn 0.584802 0.100592 -0.804915
vn 0.449036 0.106207 -0.887179
vn 0.451583 0.102842 -0.886283
vn 0.465624 0.107712 -0.878404
vn 0.691522 0.107704 -0.714281
vn 0.705001 0.106187 -0.701212
vn 0.584544 0.104831 -0.804561
vn 0.451761 0.098931 -0.886637
vn 0.307445 0.100597 -0.946233
vn 0.152904 0.106207 -0.982517
vn 0.171391 0.107712 -0.979297
vn 0.436955 0.107714 -0.893011
vn 0.453808 0.106200 -0.884748
vn 0.307315 0.104826 -0.945817
vn -0.307566 0.096846 -0.946586
vn -0.453392 0.100881 -0.885584
vn -0.451793 0.098218 -0.886700
vn -0.437556 0.104259 -0.893127
vn -0.170980 0.104263 -0.979742
vn -0.155679 0.098208 -0.982914
vn -0.153741 0.100892 -0.982947
vn -0.307395 0.102335 -0.946063
vn -0.155693 0.097465 -0.982985
vn -0.451827 0.097452 -0.886767
vn -0.000002 0.102331 -0.994750
vn -0.140148 0.104261 -0.984626
vn 0.140146 0.104259 -0.984626
vn 0.155678 0.098210 -0.982914
vn 0.157533 0.100886 -0.982347
vn -0.000002 0.096845 -0.995300
vn 0.155690 0.097461 -0.982986
vn -0.157534 0.100892 -0.982346
vn -0.585007 0.096844 -0.805225
vn -0.704846 0.100897 -0.702148
vn -0.703683 0.098212 -0.703694
vn -0.692122 0.104264 -0.714210
vn -0.465357 0.104265 -0.878961
vn -0.449954 0.100897 -0.887334
vn -0.584691 0.102336 -0.804776
vn -0.703731 0.097465 -0.703750
vn -0.805215 0.096844 -0.585022
vn -0.887334 0.100882 -0.449958
vn -0.886695 0.098215 -0.451804
vn -0.878962 0.104261 -0.465355
vn -0.714194 0.104267 -0.692139
vn -0.702141 0.100908 -0.704851
vn -0.804770 0.102325 -0.584701
vn -0.886762 0.097454 -0.451837
vn -0.946584 0.096861 -0.307566
vn -0.982954 0.100874 -0.153710
vn -0.982915 0.098211 -0.155666
vn -0.979746 0.104271 -0.170955
vn -0.893117 0.104258 -0.437576
vn -0.885576 0.100895 -0.453405
vn -0.946066 0.102316 -0.307393
vn -0.982988 0.097457 -0.155682
vn -0.995299 0.096849 -0.000000
vn -0.982346 0.100882 0.157540
vn -0.982915 0.098216 0.155666
vn -0.984625 0.104268 0.140148
vn -0.984626 0.104262 -0.140148
vn -0.982347 0.100878 -0.157540
vn -0.994749 0.102347 0.000000
vn -0.982987 0.097463 0.155681
vn -0.946586 0.096848 0.307563
vn -0.885579 0.100896 0.453398
vn -0.886697 0.098223 0.451797
vn -0.893119 0.104263 0.437571
vn -0.979746 0.104271 0.170955
vn -0.982953 0.100877 0.153709
vn -0.946066 0.102326 0.307390
vn -0.886767 0.097458 0.451825
vn -0.805217 0.096846 0.585018
vn -0.702145 0.100890 0.704850
vn -0.703685 0.098206 0.703692
vn -0.714205 0.104269 0.692126
vn -0.878964 0.104254 0.465353
vn -0.887334 0.100890 0.449955
vn -0.804779 0.102324 0.584689
vn -0.703742 0.097469 0.703738
vn -0.585008 0.096842 0.805225
vn -0.449957 0.100897 0.887332
vn -0.451790 0.098212 0.886702
vn -0.465353 0.104262 0.878963
vn -0.692118 0.104254 0.714216
vn -0.704848 0.100890 0.702147
vn -0.584681 0.102320 0.804785
vn -0.451823 0.097457 0.886768
vn -0.307563 0.096841 0.946587
vn -0.153738 0.100891 0.982947
vn -0.155677 0.098210 0.982914
vn -0.170976 0.104264 0.979743
vn -0.437556 0.104255 0.893127
vn -0.453384 0.100886 0.885587
vn -0.307397 0.102337 0.946063
vn -0.155694 0.097462 0.982986
vn -0.000001 0.096844 0.995300
vn 0.157533 0.100888 0.982347
vn 0.155678 0.098212 0.982913
vn 0.140148 0.104259 0.984626
vn -0.140149 0.104259 0.984626
vn -0.157534 0.100890 0.982346
vn -0.000002 0.102328 0.994751
vn 0.155690 0.097459 0.982987
vn 0.307568 0.096846 0.946585
vn 0.453385 0.100900 0.885585
vn 0.451798 0.098207 0.886698
vn 0.437560 0.104266 0.893124
vn 0.170976 0.104258 0.979744
vn 0.153739 0.100889 0.982947
vn 0.307399 0.102326 0.946063
vn 0.451823 0.097461 0.886768
vn 0.585019 0.096833 0.805218
vn 0.704845 0.100893 0.702150
vn 0.703685 0.098216 0.703691
vn 0.692125 0.104249 0.714210
vn 0.465363 0.104252 0.878959
vn 0.449960 0.100884 0.887332
vn 0.584693 0.102321 0.804776
vn 0.703742 0.097453 0.703740
vn 0.805218 0.096865 0.585014
vn 0.887336 0.100899 0.449950
vn 0.886699 0.098219 0.451794
vn 0.878959 0.104270 0.465359
vn 0.714207 0.104272 0.692124
vn 0.702147 0.100900 0.704847
vn 0.804773 0.102328 0.584696
vn 0.886768 0.097454 0.451825
vn 0.946584 0.096859 0.307567
vn 0.982947 0.100893 0.153737
vn 0.982913 0.098218 0.155676
vn 0.979743 0.104270 0.170974
vn 0.893123 0.104268 0.437562
vn 0.885583 0.100893 0.453392
vn 0.946062 0.102334 0.307399
vn 0.982987 0.097446 0.155695
vn 0.995299 0.096854 -0.000000
vn 0.982346 0.100894 -0.157533
vn 0.982913 0.098223 -0.155676
vn 0.984625 0.104267 -0.140152
vn 0.984625 0.104260 0.140152
vn 0.982347 0.100885 0.157534
vn 0.994751 0.102323 0.000000
vn 0.982986 0.097453 -0.155696
vn 0.946583 0.096865 -0.307569
vn 0.885581 0.100897 -0.453394
vn 0.886693 0.098231 -0.451803
vn 0.893121 0.104279 -0.437563
vn 0.979742 0.104279 -0.170974
vn 0.982947 0.100897 -0.153737
vn 0.946061 0.102346 -0.307398
vn 0.886768 0.097456 -0.451825
vn 0.805215 0.096865 -0.585018
vn 0.702131 0.100882 -0.704866
vn 0.703683 0.098214 -0.703694
vn 0.714200 0.104277 -0.692130
vn 0.878958 0.104267 -0.465361
vn 0.887330 0.100896 -0.449961
vn 0.804770 0.102330 -0.584699
vn 0.703742 0.097447 -0.703741
vn 0.585021 0.096851 -0.805214
vn 0.449957 0.100885 -0.887334
vn 0.451793 0.098217 -0.886700
vn 0.465365 0.104270 -0.878955
vn 0.692132 0.104252 -0.714202
vn 0.704856 0.100887 -0.702139
vn 0.584705 0.102325 -0.804767
vn 0.451830 0.097454 -0.886765
vn 0.307567 0.096846 -0.946585
vn 0.153740 0.100889 -0.982947
vn 0.170978 0.104259 -0.979743
vn 0.437558 0.104259 -0.893125
vn 0.453384 0.100893 -0.885587
vn 0.307399 0.102323 -0.946063
vn -0.307789 0.089427 -0.947243
vn -0.453085 0.092470 -0.886658
vn -0.452158 0.089985 -0.887387
vn -0.438553 0.097280 -0.893425
vn -0.170360 0.097272 -0.980569
vn -0.155802 0.089980 -0.983681
vn -0.154624 0.092468 -0.983637
vn -0.307604 0.095734 -0.946686
vn -0.155774 0.091916 -0.983507
vn -0.452069 0.091905 -0.887236
vn -0.000001 0.095734 -0.995407
vn -0.140993 0.097276 -0.985220
vn 0.140994 0.097274 -0.985220
vn 0.155802 0.089986 -0.983681
vn 0.156909 0.092467 -0.983275
vn 0.000000 0.089422 -0.995994
vn 0.155773 0.091912 -0.983508
vn -0.156910 0.092466 -0.983275
vn -0.585431 0.089406 -0.805778
vn -0.704893 0.092461 -0.703262
vn -0.704234 0.089988 -0.704242
vn -0.693158 0.097276 -0.714191
vn -0.465032 0.097265 -0.879935
vn -0.451018 0.092474 -0.887711
vn -0.585075 0.095741 -0.805308
vn -0.704111 0.091932 -0.704114
vn -0.805778 0.089427 -0.585427
vn -0.887715 0.092475 -0.451010
vn -0.887392 0.089995 -0.452147
vn -0.879939 0.097264 -0.465023
vn -0.714186 0.097285 -0.693163
vn -0.703258 0.092475 -0.704895
vn -0.805305 0.095744 -0.585079
vn -0.887230 0.091902 -0.452080
vn -0.947247 0.089409 -0.307779
vn -0.983636 0.092473 -0.154627
vn -0.983681 0.089984 -0.155803
vn -0.980574 0.097246 -0.170344
vn -0.893426 0.097279 -0.438551
vn -0.886661 0.092468 -0.453081
vn -0.946694 0.095706 -0.307590
vn -0.983512 0.091888 -0.155760
vn -0.995994 0.089419 -0.000000
vn -0.983275 0.092475 0.156901
vn -0.983682 0.089973 0.155803
vn -0.985221 0.097258 0.141001
vn -0.985220 0.097269 -0.141000
vn -0.983275 0.092478 -0.156901
vn -0.995407 0.095732 0.000000
vn -0.983512 0.091890 0.155760
vn -0.947250 0.089396 0.307777
vn -0.886663 0.092456 0.453079
vn -0.887395 0.090000 0.452139
vn -0.893430 0.097268 0.438546
vn -0.980575 0.097244 0.170344
vn -0.983636 0.092476 0.154627
vn -0.946695 0.095705 0.307587
vn -0.887233 0.091922 0.452072
vn -0.805784 0.089432 0.585418
vn -0.703268 0.092473 0.704886
vn -0.704236 0.089983 0.704240
vn -0.714194 0.097272 0.693156
vn -0.879940 0.097282 0.465018
vn -0.887721 0.092469 0.451000
vn -0.805306 0.095734 0.585078
vn -0.704115 0.091909 0.704113
vn -0.585425 0.089417 0.805781
vn -0.451016 0.092474 0.887713
vn -0.452155 0.089982 0.887389
vn -0.465032 0.097271 0.879934
vn -0.693154 0.097276 0.714195
vn -0.704885 0.092473 0.703268
vn -0.585080 0.095741 0.805305
vn -0.452065 0.091914 0.887237
vn -0.307788 0.089422 0.947244
vn -0.154623 0.092468 0.983637
vn -0.155802 0.089979 0.983682
vn -0.170358 0.097271 0.980569
vn -0.438548 0.097278 0.893427
vn -0.453084 0.092470 0.886659
vn -0.307601 0.095739 0.946687
vn -0.155773 0.091914 0.983507
vn -0.000001 0.089417 0.995994
vn 0.156903 0.092466 0.983276
vn 0.155797 0.089985 0.983682
vn 0.140991 0.097270 0.985221
vn -0.140993 0.097272 0.985220
vn -0.156909 0.092465 0.983275
vn -0.000001 0.095732 0.995407
vn 0.155774 0.091913 0.983507
vn 0.307777 0.089425 0.947247
vn 0.453082 0.092460 0.886661
vn 0.452149 0.089986 0.887392
vn 0.438540 0.097283 0.893431
vn 0.170357 0.097276 0.980569
vn 0.154620 0.092467 0.983637
vn 0.307597 0.095738 0.946688
vn 0.452066 0.091909 0.887237
vn 0.585425 0.089416 0.805781
vn 0.704886 0.092464 0.703268
vn 0.704241 0.089980 0.704236
vn 0.693155 0.097273 0.714195
vn 0.465027 0.097273 0.879936
vn 0.451012 0.092462 0.887716
vn 0.585076 0.095741 0.805307
vn 0.704112 0.091921 0.704115
vn 0.805781 0.089410 0.585425
vn 0.887720 0.092453 0.451004
vn 0.887394 0.089976 0.452146
vn 0.879937 0.097272 0.465026
vn 0.714199 0.097272 0.693151
vn 0.703270 0.092463 0.704884
vn 0.805309 0.095729 0.585076
vn 0.887238 0.091904 0.452065
vn 0.947247 0.089408 0.307783
vn 0.983637 0.092466 0.154623
vn 0.983683 0.089968 0.155802
vn 0.980570 0.097260 0.170361
vn 0.893429 0.097263 0.438548
vn 0.886661 0.092455 0.453084
vn 0.946686 0.095738 0.307603
vn 0.983508 0.091905 0.155774
vn 0.995993 0.089434 -0.000000
vn 0.983274 0.092478 -0.156906
vn 0.983681 0.089982 -0.155802
vn 0.985219 0.097286 -0.140992
vn 0.985221 0.097265 0.140992
vn 0.983276 0.092458 0.156907
vn 0.995407 0.095729 0.000000
vn 0.983507 0.091915 -0.155774
vn 0.947245 0.089417 -0.307786
vn 0.886661 0.092454 -0.453084
vn 0.887390 0.089993 -0.452151
vn 0.893428 0.097268 -0.438550
vn 0.980570 0.097261 -0.170362
vn 0.983637 0.092465 -0.154623
vn 0.946686 0.095739 -0.307602
vn 0.887232 0.091911 -0.452076
vn 0.805772 0.089413 -0.585437
vn 0.703258 0.092475 -0.704895
vn 0.704245 0.090001 -0.704230
vn 0.714178 0.097269 -0.693173
vn 0.879934 0.097264 -0.465033
vn 0.887714 0.092465 -0.451015
vn 0.805294 0.095714 -0.585098
vn 0.704108 0.091892 -0.704122
vn 0.585437 0.089425 -0.805771
vn 0.451013 0.092461 -0.887715
vn 0.452148 0.089988 -0.887392
vn 0.465029 0.097266 -0.879936
vn 0.693174 0.097286 -0.714175
vn 0.704905 0.092467 -0.703249
vn 0.585087 0.095723 -0.805302
vn 0.452062 0.091903 -0.887239
vn 0.307778 0.089425 -0.947247
vn 0.154622 0.092468 -0.983637
vn 0.170359 0.097275 -0.980569
vn 0.438540 0.097280 -0.893431
vn 0.453081 0.092462 -0.886662
vn 0.307598 0.095734 -0.946688
vn -0.308048 0.079051 -0.948081
vn -0.452884 0.081532 -0.887834
vn -0.452575 0.078867 -0.888232
vn -0.439798 0.087507 -0.893824
vn -0.169574 0.087510 -0.981625
vn -0.155950 0.078875 -0.984611
vn -0.155461 0.081534 -0.984471
vn -0.307880 0.085890 -0.947541
vn -0.155898 0.083116 -0.984270
vn -0.452426 0.083116 -0.887920
vn -0.000000 0.085888 -0.996305
vn -0.142070 0.087509 -0.985981
vn 0.142069 0.087507 -0.985981
vn 0.155947 0.078875 -0.984611
vn 0.156368 0.081535 -0.984328
vn -0.000001 0.079056 -0.996870
vn 0.155895 0.083113 -0.984271
vn -0.156370 0.081536 -0.984327
vn -0.585949 0.079042 -0.806484
vn -0.705073 0.081542 -0.704431
vn -0.704903 0.078866 -0.704906
vn -0.694479 0.087496 -0.714173
vn -0.464615 0.087510 -0.881178
vn -0.452071 0.081518 -0.888249
vn -0.585613 0.085898 -0.806027
vn -0.704660 0.083128 -0.704659
vn -0.806487 0.079035 -0.585945
vn -0.888245 0.081532 -0.452077
vn -0.888227 0.078885 -0.452582
vn -0.881176 0.087514 -0.464619
vn -0.714179 0.087499 -0.694473
vn -0.704429 0.081527 -0.705076
vn -0.806032 0.085890 -0.585607
vn -0.887919 0.083128 -0.452426
vn -0.948082 0.079080 -0.308038
vn -0.984480 0.081521 -0.155416
vn -0.984614 0.078874 -0.155930
vn -0.981626 0.087532 -0.169554
vn -0.893821 0.087515 -0.439802
vn -0.887830 0.081552 -0.452888
vn -0.947541 0.085891 -0.307879
vn -0.984269 0.083137 -0.155891
vn -0.996869 0.079065 0.000000
vn -0.984325 0.081548 0.156381
vn -0.984613 0.078883 0.155930
vn -0.985979 0.087528 0.142073
vn -0.985980 0.087512 -0.142073
vn -0.984325 0.081541 -0.156382
vn -0.996302 0.085924 0.000000
vn -0.984269 0.083145 0.155891
vn -0.948080 0.079082 0.308043
vn -0.887821 0.081545 0.452907
vn -0.888226 0.078882 0.452584
vn -0.893816 0.087511 0.439811
vn -0.981626 0.087537 0.169553
vn -0.984480 0.081518 0.155416
vn -0.947540 0.085896 0.307881
vn -0.887924 0.083113 0.452418
vn -0.806495 0.079031 0.585935
vn -0.704440 0.081523 0.705067
vn -0.704912 0.078863 0.704897
vn -0.714190 0.087499 0.694462
vn -0.881183 0.087494 0.464610
vn -0.888253 0.081518 0.452063
vn -0.806037 0.085880 0.585601
vn -0.704661 0.083129 0.704658
vn -0.585944 0.079052 0.806486
vn -0.452069 0.081526 0.888250
vn -0.452576 0.078866 0.888232
vn -0.464612 0.087512 0.881180
vn -0.694473 0.087516 0.714177
vn -0.705075 0.081531 0.704430
vn -0.585609 0.085904 0.806029
vn -0.452423 0.083121 0.887921
vn -0.308047 0.079047 0.948082
vn -0.155461 0.081535 0.984471
vn -0.155947 0.078873 0.984611
vn -0.169571 0.087509 0.981625
vn -0.439799 0.087503 0.893823
vn -0.452885 0.081536 0.887833
vn -0.307878 0.085894 0.947541
vn -0.155897 0.083116 0.984270
vn -0.000002 0.079054 0.996870
vn 0.156367 0.081533 0.984328
vn 0.155947 0.078874 0.984611
vn 0.142064 0.087509 0.985982
vn -0.142068 0.087507 0.985981
vn -0.156368 0.081535 0.984328
vn -0.000002 0.085890 0.996305
vn 0.155891 0.083113 0.984272
vn 0.308047 0.079059 0.948081
vn 0.452891 0.081532 0.887830
vn 0.452580 0.078876 0.888228
vn 0.439802 0.087507 0.893821
vn 0.169570 0.087508 0.981625
vn 0.155460 0.081534 0.984472
vn 0.307877 0.085880 0.947542
vn 0.452425 0.083105 0.887922
vn 0.585940 0.079057 0.806489
vn 0.705068 0.081539 0.704436
vn 0.704903 0.078879 0.704904
vn 0.694467 0.087515 0.714183
vn 0.464612 0.087506 0.881180
vn 0.452074 0.081533 0.888246
vn 0.585604 0.085887 0.806034
vn 0.704659 0.083113 0.704662
vn 0.806491 0.079054 0.585938
vn 0.888257 0.081530 0.452055
vn 0.888228 0.078877 0.452580
vn 0.881187 0.087500 0.464601
vn 0.714181 0.087505 0.694470
vn 0.704429 0.081535 0.705076
vn 0.806037 0.085873 0.585603
vn 0.887928 0.083105 0.452414
vn 0.948077 0.079060 0.308059
vn 0.984475 0.081529 0.155444
vn 0.984611 0.078868 0.155955
vn 0.981625 0.087515 0.169570
vn 0.893816 0.087509 0.439813
vn 0.887822 0.081528 0.452908
vn 0.947538 0.085903 0.307884
vn 0.984271 0.083115 0.155893
vn 0.996869 0.079076 0.000003
vn 0.984328 0.081522 -0.156374
vn 0.984611 0.078867 -0.155955
vn 0.985980 0.087512 -0.142074
vn 0.985980 0.087505 0.142079
vn 0.984327 0.081515 0.156385
vn 0.996303 0.085908 -0.000000
vn 0.984270 0.083123 -0.155893
vn 0.948077 0.079056 -0.308057
vn 0.887828 0.081545 -0.452892
vn 0.888226 0.078871 -0.452586
vn 0.893821 0.087497 -0.439805
vn 0.981624 0.087514 -0.169574
vn 0.984473 0.081528 -0.155455
vn 0.947540 0.085889 -0.307881
vn 0.887921 0.083123 -0.452423
vn 0.806479 0.079046 -0.585955
vn 0.704421 0.081535 -0.705084
vn 0.704904 0.078881 -0.704903
vn 0.714169 0.087509 -0.694482
vn 0.881177 0.087493 -0.464621
vn 0.888247 0.081528 -0.452073
vn 0.806025 0.085888 -0.585617
vn 0.704665 0.083104 -0.704656
vn 0.585947 0.079065 -0.806483
vn 0.452073 0.081533 -0.888247
vn 0.452578 0.078876 -0.888230
vn 0.464611 0.087510 -0.881180
vn 0.694484 0.087505 -0.714167
vn 0.705075 0.081553 -0.704427
vn 0.585613 0.085881 -0.806028
vn 0.452424 0.083102 -0.887922
vn 0.308048 0.079056 -0.948081
vn 0.155460 0.081536 -0.984472
vn 0.169571 0.087509 -0.981625
vn 0.439801 0.087505 -0.893822
vn 0.452890 0.081530 -0.887831
vn 0.307879 0.085883 -0.947541
vn -0.308339 0.066227 -0.948968
vn -0.452815 0.068408 -0.888976
vn -0.453020 0.065344 -0.889102
vn -0.441182 0.075400 -0.894244
vn -0.168699 0.075409 -0.982779
vn -0.156099 0.065340 -0.985578
vn -0.156191 0.068401 -0.985356
vn -0.308182 0.073387 -0.948493
vn -0.156033 0.071673 -0.985148
vn -0.452821 0.071659 -0.888717
vn -0.000002 0.073385 -0.997304
vn -0.143252 0.075404 -0.986810
vn 0.143250 0.075410 -0.986809
vn 0.156099 0.065348 -0.985577
vn 0.155940 0.068402 -0.985395
vn -0.000001 0.066227 -0.997805
vn 0.156032 0.071670 -0.985148
vn -0.155944 0.068400 -0.985395
vn -0.586484 0.066220 -0.807250
vn -0.705351 0.068409 -0.705549
vn -0.705592 0.065334 -0.705600
vn -0.695914 0.075411 -0.714154
vn -0.464135 0.075402 -0.882550
vn -0.453037 0.068407 -0.888863
vn -0.586194 0.073384 -0.806841
vn -0.705281 0.071686 -0.705294
vn -0.807245 0.066228 -0.586489
vn -0.888863 0.068399 -0.453039
vn -0.889100 0.065345 -0.453025
vn -0.882547 0.075402 -0.464139
vn -0.714149 0.075399 -0.695921
vn -0.705545 0.068393 -0.705357
vn -0.806837 0.073389 -0.586199
vn -0.888717 0.071672 -0.452820
vn -0.948971 0.066249 -0.308326
vn -0.985358 0.068416 -0.156171
vn -0.985580 0.065347 -0.156085
vn -0.982785 0.075402 -0.168665
vn -0.894242 0.075428 -0.441183
vn -0.888973 0.068401 -0.452823
vn -0.948500 0.073368 -0.308163
vn -0.985153 0.071660 -0.156009
vn -0.997806 0.066208 -0.000000
vn -0.985396 0.068393 0.155943
vn -0.985579 0.065351 0.156085
vn -0.986808 0.075410 0.143261
vn -0.986808 0.075407 -0.143261
vn -0.985396 0.068387 -0.155943
vn -0.997302 0.073406 -0.000000
vn -0.985153 0.071656 0.156009
vn -0.948969 0.066243 0.308332
vn -0.888969 0.068395 0.452832
vn -0.889100 0.065359 0.453023
vn -0.894234 0.075410 0.441203
vn -0.982785 0.075401 0.168664
vn -0.985358 0.068410 0.156171
vn -0.948497 0.073365 0.308174
vn -0.888716 0.071665 0.452823
vn -0.807249 0.066243 0.586482
vn -0.705545 0.068394 0.705357
vn -0.705590 0.065334 0.705602
vn -0.714151 0.075410 0.695918
vn -0.882557 0.075404 0.464121
vn -0.888870 0.068402 0.453025
vn -0.806843 0.073383 0.586191
vn -0.705292 0.071664 0.705286
vn -0.586482 0.066222 0.807250
vn -0.453039 0.068409 0.888862
vn -0.453020 0.065343 0.889102
vn -0.464135 0.075409 0.882549
vn -0.695915 0.075395 0.714155
vn -0.705349 0.068405 0.705552
vn -0.586195 0.073377 0.806840
vn -0.452821 0.071671 0.888716
vn -0.308339 0.066225 0.948969
vn -0.156193 0.068401 0.985355
vn -0.156100 0.065341 0.985578
vn -0.168702 0.075408 0.982778
vn -0.441181 0.075405 0.894244
vn -0.452815 0.068402 0.888977
vn -0.308183 0.073397 0.948492
vn -0.156033 0.071674 0.985148
vn -0.000003 0.066229 0.997804
vn 0.155938 0.068402 0.985396
vn 0.156099 0.065347 0.985577
vn 0.143250 0.075407 0.986810
vn -0.143251 0.075407 0.986809
vn -0.155943 0.068403 0.985395
vn -0.000001 0.073387 0.997304
vn 0.156034 0.071667 0.985148
vn 0.308338 0.066231 0.948969
vn 0.452811 0.068405 0.888979
vn 0.453021 0.065346 0.889102
vn 0.441181 0.075403 0.894245
vn 0.168701 0.075409 0.982778
vn 0.156197 0.068404 0.985355
vn 0.308184 0.073381 0.948492
vn 0.452828 0.071660 0.888714
vn 0.586490 0.066222 0.807245
vn 0.705349 0.068402 0.705552
vn 0.705593 0.065354 0.705597
vn 0.695916 0.075403 0.714154
vn 0.464143 0.075403 0.882545
vn 0.453045 0.068399 0.888860
vn 0.586195 0.073383 0.806840
vn 0.705284 0.071669 0.705293
vn 0.807246 0.066216 0.586489
vn 0.888861 0.068403 0.453042
vn 0.889097 0.065339 0.453031
vn 0.882554 0.075392 0.464128
vn 0.714145 0.075410 0.695924
vn 0.705549 0.068409 0.705352
vn 0.806843 0.073370 0.586192
vn 0.888715 0.071660 0.452826
vn 0.948966 0.066243 0.308345
vn 0.985355 0.068416 0.156188
vn 0.985577 0.065345 0.156104
vn 0.982782 0.075405 0.168685
vn 0.894232 0.075422 0.441204
vn 0.888969 0.068425 0.452827
vn 0.948492 0.073380 0.308185
vn 0.985150 0.071663 0.156027
vn 0.997803 0.066252 -0.000000
vn 0.985394 0.068409 -0.155948
vn 0.985577 0.065347 -0.156104
vn 0.986808 0.075416 -0.143254
vn 0.986808 0.075408 0.143261
vn 0.985395 0.068394 0.155948
vn 0.997305 0.073373 0.000006
vn 0.985150 0.071662 -0.156028
vn 0.948975 0.066224 -0.308319
vn 0.888986 0.068389 -0.452799
vn 0.889099 0.065332 -0.453029
vn 0.894249 0.075408 -0.441172
vn 0.982781 0.075401 -0.168689
vn 0.985355 0.068412 -0.156189
vn 0.948495 0.073395 -0.308172
vn 0.888713 0.071686 -0.452825
vn 0.807236 0.066210 -0.586504
vn 0.705550 0.068412 -0.705351
vn 0.705594 0.065352 -0.705596
vn 0.714143 0.075406 -0.695926
vn 0.882540 0.075402 -0.464152
vn 0.888848 0.068407 -0.453067
vn 0.806835 0.073374 -0.586203
vn 0.705282 0.071683 -0.705293
vn 0.586491 0.066226 -0.807244
vn 0.453045 0.068398 -0.888860
vn 0.453023 0.065344 -0.889101
vn 0.464144 0.075403 -0.882545
vn 0.695917 0.075416 -0.714151
vn 0.705350 0.068405 -0.705551
vn 0.586196 0.073394 -0.806838
vn 0.452827 0.071657 -0.888714
vn 0.308339 0.066229 -0.948968
vn 0.156195 0.068401 -0.985355
vn 0.168701 0.075409 -0.982778
vn 0.441183 0.075403 -0.894244
vn 0.452812 0.068401 -0.888978
vn 0.308185 0.073383 -0.948492
vn -0.308609 0.051289 -0.949805
vn -0.453427 0.049756 -0.889903
vn -0.442555 0.061184 -0.894652
vn -0.167821 0.061180 -0.983917
vn -0.156240 0.049759 -0.986465
vn -0.308482 0.058642 -0.949421
vn -0.156171 0.057978 -0.986027
vn -0.453225 0.057986 -0.889508
vn -0.000002 0.058630 -0.998280
vn -0.144437 0.061178 -0.987621
vn 0.144433 0.061175 -0.987622
vn 0.156241 0.049757 -0.986465
vn -0.000001 0.051285 -0.998684
vn 0.156171 0.057977 -0.986027
vn -0.587007 0.051268 -0.807957
vn -0.706239 0.049736 -0.706225
vn -0.697353 0.061178 -0.714112
vn -0.463660 0.061178 -0.883899
vn -0.586770 0.058630 -0.807628
vn -0.705914 0.057986 -0.705920
vn -0.807956 0.051245 -0.587010
vn -0.889893 0.049748 -0.453448
vn -0.883895 0.061167 -0.463668
vn -0.714117 0.061147 -0.697351
vn -0.807630 0.058620 -0.586769
vn -0.889506 0.057963 -0.453232
vn -0.949801 0.051300 -0.308622
vn -0.986466 0.049755 -0.156235
vn -0.983917 0.061190 -0.167820
vn -0.894646 0.061172 -0.442569
vn -0.949420 0.058619 -0.308490
vn -0.986029 0.057977 -0.156158
vn -0.998684 0.051296 0.000000
vn -0.986466 0.049750 0.156235
vn -0.987622 0.061180 0.144433
vn -0.987622 0.061176 -0.144432
vn -0.998279 0.058636 0.000000
vn -0.986029 0.057973 0.156158
vn -0.949800 0.051311 0.308621
vn -0.889894 0.049761 0.453445
vn -0.894644 0.061182 0.442571
vn -0.983917 0.061188 0.167819
vn -0.949419 0.058621 0.308492
vn -0.889507 0.057976 0.453228
vn -0.807961 0.051253 0.587003
vn -0.706239 0.049729 0.706224
vn -0.714119 0.061140 0.697349
vn -0.883901 0.061164 0.463658
vn -0.807634 0.058612 0.586764
vn -0.705913 0.057977 0.705922
vn -0.587008 0.051275 0.807956
vn -0.453426 0.049766 0.889903
vn -0.463661 0.061184 0.883898
vn -0.697352 0.061178 0.714113
vn -0.586769 0.058632 0.807629
vn -0.453225 0.057985 0.889508
vn -0.308610 0.051287 0.949805
vn -0.156243 0.049759 0.986465
vn -0.167824 0.061177 0.983917
vn -0.442554 0.061187 0.894652
vn -0.308483 0.058640 0.949421
vn -0.156171 0.057981 0.986027
vn -0.000001 0.051287 0.998684
vn 0.156243 0.049754 0.986465
vn 0.144432 0.061179 0.987622
vn -0.144437 0.061180 0.987621
vn -0.000002 0.058632 0.998280
vn 0.156170 0.057980 0.986027
vn 0.308612 0.051287 0.949804
vn 0.453432 0.049764 0.889900
vn 0.442558 0.061185 0.894650
vn 0.167830 0.061174 0.983916
vn 0.308487 0.058631 0.949420
vn 0.453227 0.057981 0.889508
vn 0.587010 0.051289 0.807953
vn 0.706235 0.049761 0.706226
vn 0.697351 0.061182 0.714114
vn 0.463661 0.061176 0.883898
vn 0.586770 0.058630 0.807628
vn 0.705916 0.057988 0.705918
vn 0.807949 0.051285 0.587016
vn 0.889900 0.049766 0.453433
vn 0.883892 0.061181 0.463671
vn 0.714115 0.061181 0.697349
vn 0.807628 0.058637 0.586769
vn 0.889505 0.057973 0.453232
vn 0.949809 0.051283 0.308600
vn 0.986467 0.049737 0.156234
vn 0.983918 0.061180 0.167817
vn 0.894653 0.061199 0.442551
vn 0.949420 0.058646 0.308485
vn 0.986027 0.057969 0.156175
vn 0.998685 0.051268 0.000000
vn 0.986467 0.049739 -0.156234
vn 0.987622 0.061161 -0.144437
vn 0.987623 0.061154 0.144437
vn 0.998281 0.058611 0.000000
vn 0.986026 0.057982 -0.156176
vn 0.949806 0.051291 -0.308608
vn 0.889895 0.049765 -0.453443
vn 0.894653 0.061192 -0.442552
vn 0.983917 0.061186 -0.167818
vn 0.949424 0.058635 -0.308474
vn 0.889505 0.057977 -0.453233
vn 0.807952 0.051272 -0.587013
vn 0.706237 0.049760 -0.706225
vn 0.714118 0.061179 -0.697347
vn 0.883891 0.061174 -0.463676
vn 0.807624 0.058637 -0.586775
vn 0.705917 0.057994 -0.705917
vn 0.587008 0.051287 -0.807955
vn 0.453433 0.049756 -0.889901
vn 0.463658 0.061170 -0.883900
vn 0.697351 0.061188 -0.714113
vn 0.586769 0.058631 -0.807629
vn 0.453227 0.057977 -0.889508
vn 0.308612 0.051292 -0.949804
vn 0.167828 0.061175 -0.983916
vn 0.442559 0.061184 -0.894649
vn 0.308487 0.058630 -0.949420
vn 0.890927 0.013198 0.453955
vn 0.890927 0.013198 0.453955
vn 0.987603 0.013198 0.156413
vn 0.987603 0.013198 0.156413
vn 0.987603 0.013247 -0.156415
vn 0.987603 0.013247 -0.156415
vn 0.890927 0.013247 -0.453952
vn 0.890928 0.013247 -0.453952
vn 0.707043 0.013247 -0.707046
vn 0.707043 0.013247 -0.707046
vn 0.453944 0.013223 -0.890932
vn 0.453944 0.013223 -0.890932
vn 0.156421 0.013235 -0.987602
vn 0.156421 0.013235 -0.987602
vn -0.156419 0.013229 -0.987602
vn -0.156419 0.013229 -0.987602
vn -0.453947 0.013247 -0.890930
vn -0.453947 0.013247 -0.890930
vn -0.707046 0.013223 -0.707044
vn -0.707046 0.013223 -0.707044
vn -0.890927 0.013223 -0.453955
vn -0.890927 0.013223 -0.453955
vn -0.987604 0.013199 -0.156412
vn -0.987604 0.013199 -0.156412
vn -0.987604 0.013199 0.156412
vn -0.987604 0.013199 0.156412
vn -0.890928 0.013199 0.453953
vn -0.890928 0.013199 0.453953
vn -0.707043 0.013223 0.707047
vn -0.707043 0.013223 0.707047
vn -0.453950 0.013247 0.890929
vn -0.453950 0.013247 0.890929
vn -0.156418 0.013217 0.987603
vn -0.156418 0.013217 0.987603
vn 0.156420 0.013223 0.987602
vn 0.156420 0.013223 0.987602
vn 0.453942 0.013222 0.890933
vn 0.453942 0.013222 0.890933
vn 0.707045 0.013198 0.707045
vn 0.707045 0.013198 0.707045
vn 0.889497 -0.058217 0.453218
vn 0.889496 -0.058217 0.453218
vn 0.705905 -0.058230 0.705909
vn 0.705905 -0.058230 0.705909
vn 0.453222 -0.058236 0.889493
vn 0.453222 -0.058236 0.889493
vn 0.156168 -0.058224 0.986013
vn 0.156168 -0.058224 0.986013
vn -0.156171 -0.058224 0.986013
vn -0.156171 -0.058224 0.986013
vn -0.453217 -0.058230 0.889496
vn -0.453217 -0.058230 0.889496
vn -0.705908 -0.058218 0.705907
vn -0.705908 -0.058218 0.705907
vn -0.889493 -0.058230 0.453223
vn -0.889493 -0.058230 0.453223
vn -0.986012 -0.058255 0.156164
vn -0.986012 -0.058255 0.156163
vn -0.986013 -0.058230 -0.156164
vn -0.986013 -0.058230 -0.156164
vn -0.889492 -0.058242 -0.453223
vn -0.889492 -0.058242 -0.453224
vn -0.705908 -0.058218 -0.705907
vn -0.705908 -0.058218 -0.705907
vn -0.453217 -0.058242 -0.889496
vn -0.453217 -0.058242 -0.889496
vn -0.156170 -0.058224 -0.986013
vn -0.156170 -0.058224 -0.986013
vn 0.156169 -0.058224 -0.986013
vn 0.156169 -0.058224 -0.986013
vn 0.453221 -0.058236 -0.889494
vn 0.453221 -0.058236 -0.889494
vn 0.705906 -0.058230 -0.705908
vn 0.705906 -0.058230 -0.705908
vn 0.889495 -0.058230 -0.453219
vn 0.889495 -0.058230 -0.453219
vn 0.986013 -0.058230 -0.156164
vn 0.986013 -0.058230 -0.156164
vn 0.986015 -0.058205 0.156164
vn 0.986015 -0.058205 0.156164
vn 0.890900 0.015439 0.453937
vn 0.890900 0.015439 0.453937
vn 0.890900 0.015439 0.453937
vn 0.890900 0.015439 0.453937
vn 0.707026 0.015471 0.707018
vn 0.707026 0.015471 0.707018
vn 0.707026 0.015471 0.707018
vn 0.707026 0.015471 0.707018
vn 0.453937 0.015487 0.890899
vn 0.453937 0.015487 0.890899
vn 0.453937 0.015487 0.890899
vn 0.453937 0.015487 0.890899
vn 0.156415 0.015487 0.987570
vn 0.156415 0.015487 0.987570
vn 0.156415 0.015487 0.987570
vn 0.156415 0.015487 0.987570
vn -0.156416 0.015491 0.987570
vn -0.156416 0.015491 0.987570
vn -0.156416 0.015491 0.987570
vn -0.156416 0.015491 0.987570
vn -0.453941 0.015479 0.890898
vn -0.453941 0.015479 0.890898
vn -0.453941 0.015479 0.890898
vn -0.453941 0.015479 0.890898
vn -0.707035 0.015518 0.707008
vn -0.707035 0.015518 0.707008
vn -0.707035 0.015518 0.707008
vn -0.707035 0.015518 0.707008
vn -0.890887 0.015486 0.453961
vn -0.890887 0.015486 0.453961
vn -0.890887 0.015486 0.453961
vn -0.890887 0.015486 0.453961
vn -0.987568 0.015518 0.156424
vn -0.987568 0.015518 0.156424
vn -0.987568 0.015518 0.156424
vn -0.987568 0.015518 0.156424
vn -0.987568 0.015534 -0.156424
vn -0.987568 0.015534 -0.156424
vn -0.987568 0.015534 -0.156424
vn -0.987568 0.015534 -0.156424
vn -0.890886 0.015518 -0.453961
vn -0.890886 0.015518 -0.453961
vn -0.890886 0.015518 -0.453961
vn -0.890886 0.015518 -0.453961
vn -0.707036 0.015455 -0.707008
vn -0.707036 0.015455 -0.707008
vn -0.707036 0.015455 -0.707008
vn -0.707036 0.015455 -0.707008
vn -0.453937 0.015471 -0.890899
vn -0.453937 0.015471 -0.890899
vn -0.453937 0.015471 -0.890899
vn -0.453937 0.015471 -0.890899
vn -0.156415 0.015490 -0.987570
vn -0.156415 0.015490 -0.987570
vn -0.156415 0.015490 -0.987570
vn -0.156415 0.015490 -0.987570
vn 0.156416 0.015483 -0.987570
vn 0.156416 0.015483 -0.987570
vn 0.156416 0.015483 -0.987570
vn 0.156416 0.015483 -0.987570
vn 0.453939 0.015487 -0.890898
vn 0.453939 0.015487 -0.890898
vn 0.453939 0.015487 -0.890898
vn 0.453939 0.015487 -0.890898
vn 0.707032 0.015455 -0.707013
vn 0.707032 0.015455 -0.707012
vn 0.707032 0.015455 -0.707013
vn 0.707032 0.015455 -0.707012
vn 0.890896 0.015455 -0.453945
vn 0.890896 0.015455 -0.453945
vn 0.890896 0.015455 -0.453945
vn 0.890896 0.015455 -0.453945
vn 0.987573 0.015439 -0.156403
vn 0.987573 0.015439 -0.156403
vn 0.987573 0.015439 -0.156403
vn 0.987573 0.015439 -0.156403
vn 0.987573 0.015423 0.156405
vn 0.987573 0.015423 0.156405
vn 0.987573 0.015423 0.156405
vn 0.987573 0.015423 0.156405
vn -0.156251 0.047766 -0.986562
vn -0.156251 0.047766 -0.986562
vn -0.156251 0.047766 -0.986562
vn -0.156251 0.047766 -0.986562
vn -0.453469 0.047783 -0.889990
vn -0.453469 0.047783 -0.889990
vn -0.453469 0.047783 -0.889990
vn -0.453469 0.047783 -0.889990
vn -0.706304 0.047783 -0.706294
vn -0.706304 0.047783 -0.706294
vn -0.706304 0.047783 -0.706294
vn -0.706304 0.047783 -0.706294
vn -0.889987 0.047772 -0.453476
vn -0.889987 0.047772 -0.453476
vn -0.889987 0.047772 -0.453476
vn -0.889987 0.047772 -0.453476
vn -0.986563 0.047709 -0.156259
vn -0.986563 0.047709 -0.156259
vn -0.986563 0.047709 -0.156259
vn -0.986563 0.047709 -0.156259
vn -0.986563 0.047709 0.156258
vn -0.986563 0.047709 0.156258
vn -0.986563 0.047709 0.156258
vn -0.986563 0.047709 0.156258
vn -0.889989 0.047730 0.453476
vn -0.889989 0.047730 0.453476
vn -0.889989 0.047730 0.453476
vn -0.889989 0.047730 0.453476
vn -0.706305 0.047783 0.706294
vn -0.706305 0.047783 0.706294
vn -0.706305 0.047783 0.706294
vn -0.706305 0.047783 0.706294
vn -0.453477 0.047762 0.889987
vn -0.453477 0.047762 0.889987
vn -0.453477 0.047762 0.889988
vn -0.453477 0.047762 0.889988
vn -0.156258 0.047761 0.986561
vn -0.156258 0.047761 0.986561
vn -0.156258 0.047761 0.986561
vn -0.156258 0.047761 0.986561
vn 0.156255 0.047772 0.986561
vn 0.156255 0.047772 0.986561
vn 0.156255 0.047772 0.986561
vn 0.156255 0.047772 0.986561
vn 0.453475 0.047794 0.889987
vn 0.453475 0.047794 0.889987
vn 0.453475 0.047794 0.889987
vn 0.453475 0.047794 0.889987
vn 0.706299 0.047751 0.706302
vn 0.706299 0.047751 0.706302
vn 0.706299 0.047751 0.706302
vn 0.706299 0.047751 0.706302
vn 0.889984 0.047835 0.453475
vn 0.889984 0.047835 0.453475
vn 0.889984 0.047835 0.453475
vn 0.889984 0.047835 0.453475
vn 0.986563 0.047709 0.156259
vn 0.986563 0.047709 0.156259
vn 0.986563 0.047709 0.156259
vn 0.986563 0.047709 0.156259
vn 0.986562 0.047773 -0.156246
vn 0.986562 0.047773 -0.156246
vn 0.986562 0.047773 -0.156246
vn 0.986562 0.047773 -0.156246
vn 0.889985 0.047835 -0.453474
vn 0.889985 0.047835 -0.453474
vn 0.889985 0.047835 -0.453474
vn 0.889985 0.047835 -0.453474
vn 0.706281 0.047739 -0.706320
vn 0.706281 0.047739 -0.706320
vn 0.706281 0.047739 -0.706320
vn 0.706281 0.047739 -0.706320
vn 0.453479 0.047783 -0.889985
vn 0.453479 0.047783 -0.889985
vn 0.453479 0.047783 -0.889985
vn 0.453479 0.047783 -0.889985
vn 0.156255 0.047761 -0.986561
vn 0.156255 0.047761 -0.986561
vn 0.156255 0.047761 -0.986561
vn 0.156255 0.047761 -0.986561
vn 0.543282 0.792602 0.276816
vn 0.543282 0.792602 0.276816
vn 0.543282 0.792602 0.276816
vn 0.543282 0.792602 0.276816
vn 0.431152 0.792601 0.431151
vn 0.431152 0.792601 0.431151
vn 0.431152 0.792601 0.431151
vn 0.431152 0.792601 0.431151
vn 0.276816 0.792602 0.543281
vn 0.276816 0.792602 0.543281
vn 0.276816 0.792602 0.543281
vn 0.276816 0.792602 0.543281
vn 0.095384 0.792602 0.602233
vn 0.095384 0.792602 0.602233
vn 0.095384 0.792602 0.602233
vn 0.095384 0.792602 0.602233
vn -0.095384 0.792602 0.602232
vn -0.095384 0.792602 0.602232
vn -0.095384 0.792602 0.602232
vn -0.095384 0.792602 0.602232
vn -0.276816 0.792601 0.543283
vn -0.276816 0.792601 0.543283
vn -0.276816 0.792601 0.543283
vn -0.276816 0.792601 0.543283
vn -0.431154 0.792600 0.431153
vn -0.431154 0.792600 0.431152
vn -0.431154 0.792600 0.431152
vn -0.431154 0.792600 0.431152
vn -0.543279 0.792604 0.276815
vn -0.543279 0.792604 0.276815
vn -0.543279 0.792604 0.276815
vn -0.543279 0.792604 0.276815
vn -0.602232 0.792603 0.095383
vn -0.602232 0.792603 0.095383
vn -0.602232 0.792603 0.095383
vn -0.602232 0.792603 0.095383
vn -0.602231 0.792603 -0.095383
vn -0.602231 0.792603 -0.095383
vn -0.602231 0.792603 -0.095383
vn -0.602231 0.792603 -0.095383
vn -0.543282 0.792602 -0.276816
vn -0.543282 0.792602 -0.276816
vn -0.543282 0.792602 -0.276816
vn -0.543282 0.792602 -0.276816
vn -0.431150 0.792604 -0.431148
vn -0.431150 0.792604 -0.431148
vn -0.431150 0.792604 -0.431148
vn -0.431150 0.792604 -0.431148
vn -0.276817 0.792598 -0.543287
vn -0.276817 0.792598 -0.543286
vn -0.276817 0.792598 -0.543287
vn -0.276817 0.792598 -0.543287
vn -0.095384 0.792601 -0.602233
vn -0.095384 0.792601 -0.602233
vn -0.095384 0.792601 -0.602233
vn -0.095384 0.792601 -0.602233
vn 0.095384 0.792601 -0.602233
vn 0.095384 0.792601 -0.602234
vn 0.095384 0.792601 -0.602234
vn 0.095384 0.792601 -0.602234
vn 0.276817 0.792598 -0.543288
vn 0.276817 0.792598 -0.543288
vn 0.276817 0.792598 -0.543288
vn 0.276817 0.792598 -0.543288
vn 0.431152 0.792602 -0.431150
vn 0.431152 0.792602 -0.431150
vn 0.431152 0.792602 -0.431150
vn 0.431152 0.792602 -0.431150
vn 0.543277 0.792606 -0.276814
vn 0.543277 0.792606 -0.276814
vn 0.543277 0.792606 -0.276814
vn 0.543277 0.792606 -0.276814
vn 0.602237 0.792599 -0.095384
vn 0.602237 0.792599 -0.095384
vn 0.602237 0.792599 -0.095384
vn 0.602237 0.792599 -0.095384
vn 0.602230 0.792604 0.095384
vn 0.602230 0.792604 0.095384
vn 0.602230 0.792604 0.095384
vn 0.602230 0.792604 0.095384
vn -0.498766 -0.828641 -0.254139
vn -0.498766 -0.828641 -0.254139
vn -0.498766 -0.828641 -0.254139
vn -0.498766 -0.828641 -0.254139
vn -0.552875 -0.828651 -0.087562
vn -0.552875 -0.828651 -0.087562
vn -0.552875 -0.828651 -0.087562
vn -0.552875 -0.828651 -0.087562
vn -0.552880 -0.828648 0.087565
vn -0.552880 -0.828648 0.087565
vn -0.552880 -0.828647 0.087565
vn -0.552880 -0.828648 0.087565
vn -0.498762 -0.828645 0.254134
vn -0.498762 -0.828645 0.254134
vn -0.498762 -0.828645 0.254134
vn -0.498762 -0.828645 0.254134
vn -0.395815 -0.828650 0.395815
vn -0.395815 -0.828650 0.395815
vn -0.395815 -0.828650 0.395815
vn -0.395815 -0.828650 0.395815
vn -0.254132 -0.828647 0.498760
vn -0.254132 -0.828647 0.498760
vn -0.254132 -0.828647 0.498760
vn -0.254132 -0.828647 0.498760
vn -0.087567 -0.828649 0.552876
vn -0.087567 -0.828649 0.552877
vn -0.087567 -0.828649 0.552876
vn -0.087567 -0.828649 0.552876
vn 0.087567 -0.828648 0.552878
vn 0.087567 -0.828648 0.552878
vn 0.087567 -0.828648 0.552878
vn 0.087567 -0.828648 0.552878
vn 0.254129 -0.828647 0.498760
vn 0.254129 -0.828647 0.498760
vn 0.254129 -0.828647 0.498760
vn 0.254129 -0.828647 0.498760
vn 0.395817 -0.828649 0.395816
vn 0.395817 -0.828649 0.395816
vn 0.395817 -0.828649 0.395816
vn 0.395817 -0.828649 0.395816
vn 0.498777 -0.828635 0.254137
vn 0.498777 -0.828635 0.254137
vn 0.498777 -0.828635 0.254137
vn 0.498777 -0.828635 0.254137
vn 0.552883 -0.828645 0.087569
vn 0.552883 -0.828645 0.087569
vn 0.552883 -0.828645 0.087569
vn 0.552883 -0.828645 0.087569
vn 0.552894 -0.828637 -0.087570
vn 0.552894 -0.828637 -0.087570
vn 0.552894 -0.828637 -0.087570
vn 0.552894 -0.828637 -0.087570
vn 0.498779 -0.828634 -0.254138
vn 0.498779 -0.828634 -0.254138
vn 0.498779 -0.828634 -0.254138
vn 0.498779 -0.828633 -0.254138
vn 0.395819 -0.828647 -0.395818
vn 0.395819 -0.828647 -0.395818
vn 0.395819 -0.828647 -0.395818
vn 0.395819 -0.828647 -0.395818
vn 0.254131 -0.828647 -0.498761
vn 0.254131 -0.828647 -0.498761
vn 0.254131 -0.828647 -0.498761
vn 0.254131 -0.828647 -0.498761
vn 0.087567 -0.828649 -0.552877
vn 0.087566 -0.828649 -0.552877
vn 0.087567 -0.828649 -0.552877
vn 0.087567 -0.828649 -0.552877
vn -0.087566 -0.828650 -0.552875
vn -0.087566 -0.828650 -0.552875
vn -0.087566 -0.828650 -0.552875
vn -0.087566 -0.828650 -0.552875
vn -0.254130 -0.828647 -0.498760
vn -0.254130 -0.828647 -0.498760
vn -0.254130 -0.828647 -0.498760
vn -0.254130 -0.828647 -0.498760
vn -0.395818 -0.828647 -0.395818
vn -0.395818 -0.828647 -0.395818
vn -0.395818 -0.828647 -0.395818
vn -0.395818 -0.828647 -0.395818
vn -0.701691 0.616280 -0.357532
vn -0.701691 0.616280 -0.357532
vn -0.701691 0.616280 -0.357532
vn -0.701691 0.616280 -0.357532
vn -0.556865 0.616281 -0.556865
vn -0.556865 0.616281 -0.556865
vn -0.556865 0.616281 -0.556865
vn -0.556865 0.616281 -0.556865
vn -0.357529 0.616282 -0.701691
vn -0.357529 0.616282 -0.701691
vn -0.357529 0.616282 -0.701691
vn -0.357529 0.616282 -0.701691
vn -0.123196 0.616276 -0.777834
vn -0.123196 0.616276 -0.777834
vn -0.123196 0.616276 -0.777834
vn -0.123196 0.616276 -0.777834
vn 0.123198 0.616277 -0.777834
vn 0.123198 0.616277 -0.777834
vn 0.123198 0.616277 -0.777834
vn 0.123198 0.616277 -0.777834
vn 0.357531 0.616272 -0.701698
vn 0.357531 0.616272 -0.701698
vn 0.357531 0.616272 -0.701698
vn 0.357531 0.616272 -0.701698
vn 0.556871 0.616269 -0.556873
vn 0.556871 0.616269 -0.556873
vn 0.556871 0.616269 -0.556873
vn 0.556871 0.616269 -0.556873
vn 0.701696 0.616274 -0.357531
vn 0.701696 0.616274 -0.357531
vn 0.701696 0.616274 -0.357531
vn 0.701696 0.616274 -0.357531
vn 0.777829 0.616284 -0.123194
vn 0.777829 0.616284 -0.123194
vn 0.777829 0.616284 -0.123194
vn 0.777829 0.616284 -0.123194
vn 0.777837 0.616274 0.123195
vn 0.777837 0.616274 0.123195
vn 0.777837 0.616274 0.123195
vn 0.777837 0.616274 0.123195
vn 0.701702 0.616266 0.357534
vn 0.701702 0.616266 0.357534
vn 0.701702 0.616266 0.357534
vn 0.701702 0.616266 0.357534
vn 0.556870 0.616271 0.556872
vn 0.556870 0.616271 0.556872
vn 0.556870 0.616270 0.556872
vn 0.556870 0.616271 0.556872
vn 0.357528 0.616279 0.701693
vn 0.357528 0.616279 0.701693
vn 0.357528 0.616279 0.701693
vn 0.357528 0.616279 0.701693
vn 0.123198 0.616276 0.777834
vn 0.123198 0.616276 0.777834
vn 0.123198 0.616276 0.777834
vn 0.123198 0.616276 0.777834
vn -0.123197 0.616276 0.777834
vn -0.123197 0.616276 0.777834
vn -0.123197 0.616276 0.777834
vn -0.123197 0.616276 0.777834
vn -0.357527 0.616285 0.701689
vn -0.357527 0.616285 0.701689
vn -0.357527 0.616285 0.701689
vn -0.357527 0.616285 0.701689
vn -0.556865 0.616282 0.556865
vn -0.556865 0.616282 0.556865
vn -0.556865 0.616282 0.556865
vn -0.556865 0.616282 0.556865
vn -0.701692 0.616278 0.357533
vn -0.701692 0.616278 0.357533
vn -0.701692 0.616278 0.357533
vn -0.701692 0.616278 0.357533
vn -0.777821 0.616295 0.123191
vn -0.777821 0.616295 0.123191
vn -0.777821 0.616295 0.123191
vn -0.777821 0.616295 0.123191
vn -0.777823 0.616292 -0.123191
vn -0.777823 0.616292 -0.123191
vn -0.777823 0.616292 -0.123191
vn -0.777823 0.616292 -0.123191
vn -0.328941 -0.816398 -0.474649
vn -0.328941 -0.816398 -0.474649
vn -0.328941 -0.816398 -0.474649
vn -0.328941 -0.816398 -0.474649
vn 0.379489 0.800457 0.463958
vn 0.379489 0.800457 0.463959
vn 0.379489 0.800457 0.463958
vn 0.379489 0.800457 0.463958
vn 0.579721 0.800457 -0.152294
vn 0.579720 0.800457 -0.152294
vn 0.579721 0.800457 -0.152294
vn 0.579721 0.800457 -0.152294
vn -0.545121 -0.816389 0.190663
vn -0.545121 -0.816389 0.190663
vn -0.545121 -0.816389 0.190663
vn -0.545121 -0.816389 0.190663
vn -0.228200 -0.805065 -0.547535
vn -0.228200 -0.805065 -0.547535
vn -0.228200 -0.805065 -0.547535
vn -0.228200 -0.805065 -0.547535
vn 0.232482 0.755799 0.612144
vn 0.232482 0.755799 0.612144
vn 0.232482 0.755799 0.612144
vn 0.232482 0.755799 0.612144
vn 0.217538 0.800451 0.558530
vn 0.217538 0.800451 0.558530
vn 0.217538 0.800451 0.558530
vn 0.217538 0.800451 0.558530
vn -0.166170 -0.816393 -0.553073
vn -0.166170 -0.816393 -0.553074
vn -0.166170 -0.816393 -0.553074
vn -0.166170 -0.816393 -0.553074
vn 0.631880 0.755805 -0.171714
vn 0.631880 0.755805 -0.171714
vn 0.631880 0.755805 -0.171714
vn 0.631880 0.755805 -0.171714
vn -0.577098 -0.805066 0.137211
vn -0.577098 -0.805066 0.137211
vn -0.577098 -0.805066 0.137211
vn -0.577098 -0.805066 0.137211
vn -0.114586 -0.832355 -0.542269
vn -0.114586 -0.832355 -0.542269
vn -0.114586 -0.832355 -0.542269
vn -0.114586 -0.832355 -0.542269
vn 0.127015 0.776382 0.617332
vn 0.127015 0.776382 0.617332
vn 0.127015 0.776382 0.617332
vn 0.127015 0.776382 0.617332
vn 0.031939 0.755796 0.654028
vn 0.031939 0.755796 0.654028
vn 0.031939 0.755796 0.654028
vn 0.031939 0.755796 0.654028
vn -0.047831 -0.805057 -0.591266
vn -0.047831 -0.805057 -0.591266
vn -0.047831 -0.805057 -0.591266
vn -0.047831 -0.805057 -0.591266
vn 0.626356 0.776390 -0.069979
vn 0.626356 0.776390 -0.069979
vn 0.626356 0.776390 -0.069979
vn 0.626356 0.776390 -0.069979
vn -0.551143 -0.832352 0.058584
vn -0.551143 -0.832352 0.058584
vn -0.551143 -0.832352 0.058584
vn -0.551143 -0.832352 0.058584
vn 0.598419 0.800450 0.034273
vn 0.598418 0.800450 0.034273
vn 0.598419 0.800450 0.034273
vn 0.598419 0.800450 0.034273
vn -0.577369 -0.816382 0.012878
vn -0.577369 -0.816382 0.012878
vn -0.577369 -0.816382 0.012878
vn -0.577369 -0.816382 0.012878
vn -0.276552 -0.832354 -0.480319
vn -0.276552 -0.832354 -0.480319
vn -0.276552 -0.832354 -0.480319
vn -0.276552 -0.832354 -0.480319
vn 0.311557 0.776392 0.547857
vn 0.311557 0.776392 0.547857
vn 0.311557 0.776392 0.547857
vn 0.311557 0.776392 0.547857
vn -0.506456 -0.805060 0.308839
vn -0.506456 -0.805060 0.308839
vn -0.506456 -0.805060 0.308839
vn -0.506456 -0.805060 0.308839
vn 0.547888 0.755795 -0.358598
vn 0.547888 0.755795 -0.358598
vn 0.547888 0.755795 -0.358598
vn 0.547888 0.755795 -0.358598
vn 0.574082 0.776385 -0.260108
vn 0.574082 0.776385 -0.260108
vn 0.574082 0.776385 -0.260108
vn 0.574082 0.776385 -0.260108
vn -0.506063 -0.832349 0.226042
vn -0.506063 -0.832349 0.226042
vn -0.506063 -0.832349 0.226042
vn -0.506063 -0.832349 0.226042
vn 0.034296 0.800456 0.598410
vn 0.034296 0.800456 0.598409
vn 0.034296 0.800456 0.598410
vn 0.034296 0.800456 0.598410
vn 0.012870 -0.816397 -0.577348
vn 0.012870 -0.816397 -0.577348
vn 0.012870 -0.816397 -0.577348
vn 0.012870 -0.816397 -0.577348
vn 0.654001 0.755819 0.031947
vn 0.654001 0.755819 0.031947
vn 0.654001 0.755819 0.031947
vn 0.654001 0.755819 0.031947
vn -0.591256 -0.805064 -0.047839
vn -0.591256 -0.805064 -0.047839
vn -0.591256 -0.805064 -0.047839
vn -0.591256 -0.805064 -0.047839
vn 0.058590 -0.832356 -0.551137
vn 0.058590 -0.832356 -0.551136
vn 0.058590 -0.832356 -0.551136
vn 0.058590 -0.832356 -0.551136
vn -0.069969 0.776390 0.626357
vn -0.069969 0.776390 0.626357
vn -0.069969 0.776390 0.626357
vn -0.069969 0.776390 0.626357
vn -0.171731 0.755799 0.631883
vn -0.171731 0.755799 0.631883
vn -0.171731 0.755799 0.631883
vn -0.171731 0.755799 0.631883
vn 0.137224 -0.805059 -0.577104
vn 0.137224 -0.805060 -0.577104
vn 0.137224 -0.805060 -0.577104
vn 0.137224 -0.805060 -0.577104
vn 0.617322 0.776391 0.127010
vn 0.617322 0.776391 0.127010
vn 0.617322 0.776391 0.127010
vn 0.617322 0.776391 0.127010
vn -0.542272 -0.832354 -0.114575
vn -0.542272 -0.832354 -0.114575
vn -0.542272 -0.832354 -0.114575
vn -0.542272 -0.832354 -0.114575
vn 0.558525 0.800453 0.217541
vn 0.558525 0.800453 0.217541
vn 0.558525 0.800453 0.217541
vn 0.558525 0.800453 0.217541
vn -0.553070 -0.816393 -0.166181
vn -0.553070 -0.816393 -0.166182
vn -0.553070 -0.816393 -0.166182
vn -0.553070 -0.816393 -0.166182
vn -0.152299 0.800454 0.579722
vn -0.152299 0.800454 0.579722
vn -0.152299 0.800454 0.579722
vn -0.152299 0.800454 0.579722
vn 0.190661 -0.816391 -0.545119
vn 0.190661 -0.816391 -0.545119
vn 0.190661 -0.816391 -0.545119
vn 0.190661 -0.816391 -0.545119
vn 0.612143 0.755804 0.232471
vn 0.612143 0.755804 0.232471
vn 0.612143 0.755804 0.232471
vn 0.612142 0.755804 0.232471
vn -0.547544 -0.805060 -0.228195
vn -0.547544 -0.805060 -0.228195
vn -0.547544 -0.805060 -0.228195
vn -0.547544 -0.805060 -0.228195
vn 0.226038 -0.832355 -0.506056
vn 0.226038 -0.832355 -0.506056
vn 0.226038 -0.832355 -0.506056
vn 0.226038 -0.832355 -0.506056
vn -0.260095 0.776390 0.574082
vn -0.260095 0.776389 0.574082
vn -0.260095 0.776389 0.574082
vn -0.260095 0.776390 0.574082
vn -0.358581 0.755808 0.547882
vn -0.358581 0.755808 0.547882
vn -0.358581 0.755808 0.547881
vn -0.358581 0.755808 0.547881
vn 0.308840 -0.805064 -0.506448
vn 0.308840 -0.805064 -0.506448
vn 0.308840 -0.805064 -0.506448
vn 0.308840 -0.805064 -0.506448
vn 0.547856 0.776386 0.311574
vn 0.547856 0.776386 0.311574
vn 0.547856 0.776386 0.311574
vn 0.547856 0.776386 0.311574
vn -0.480309 -0.832360 -0.276549
vn -0.480309 -0.832360 -0.276549
vn -0.480309 -0.832360 -0.276549
vn -0.480309 -0.832360 -0.276549
vn 0.463963 0.800454 0.379489
vn 0.463963 0.800454 0.379489
vn 0.463962 0.800454 0.379489
vn 0.463963 0.800454 0.379489
vn -0.474646 -0.816392 -0.328961
vn -0.474646 -0.816392 -0.328961
vn -0.474646 -0.816392 -0.328961
vn -0.474646 -0.816392 -0.328961
vn -0.323994 0.800458 0.504276
vn -0.323994 0.800458 0.504276
vn -0.323994 0.800458 0.504276
vn -0.323994 0.800458 0.504276
vn 0.349772 -0.816392 -0.459526
vn 0.349772 -0.816392 -0.459526
vn 0.349772 -0.816392 -0.459526
vn 0.349772 -0.816392 -0.459526
vn 0.510345 0.755805 0.410253
vn 0.510345 0.755805 0.410253
vn 0.510345 0.755805 0.410253
vn 0.510345 0.755805 0.410253
vn -0.450234 -0.805061 -0.386219
vn -0.450234 -0.805061 -0.386219
vn -0.450234 -0.805061 -0.386219
vn -0.450234 -0.805061 -0.386219
vn 0.371361 -0.832348 -0.411445
vn 0.371361 -0.832348 -0.411445
vn 0.371361 -0.832348 -0.411445
vn 0.371361 -0.832348 -0.411445
vn -0.424778 0.776392 0.465595
vn -0.424778 0.776392 0.465595
vn -0.424778 0.776392 0.465595
vn -0.424778 0.776392 0.465595
vn -0.510352 0.755798 0.410256
vn -0.510352 0.755798 0.410256
vn -0.510352 0.755798 0.410256
vn -0.510352 0.755798 0.410256
vn 0.450239 -0.805058 -0.386220
vn 0.450239 -0.805058 -0.386220
vn 0.450239 -0.805058 -0.386220
vn 0.450239 -0.805058 -0.386220
vn 0.424779 0.776388 0.465601
vn 0.424779 0.776388 0.465601
vn 0.424779 0.776388 0.465601
vn 0.424779 0.776388 0.465601
vn -0.371366 -0.832347 -0.411443
vn -0.371366 -0.832347 -0.411443
vn -0.371366 -0.832347 -0.411443
vn -0.371366 -0.832347 -0.411443
vn 0.323997 0.800458 0.504274
vn 0.323997 0.800458 0.504274
vn 0.323997 0.800458 0.504274
vn 0.323997 0.800458 0.504274
vn -0.349779 -0.816388 -0.459528
vn -0.349779 -0.816388 -0.459528
vn -0.349779 -0.816388 -0.459528
vn -0.349779 -0.816388 -0.459528
vn -0.463959 0.800454 0.379493
vn -0.463959 0.800454 0.379493
vn -0.463959 0.800454 0.379493
vn -0.463959 0.800454 0.379493
vn 0.474641 -0.816395 -0.328960
vn 0.474641 -0.816395 -0.328960
vn 0.474641 -0.816395 -0.328960
vn 0.474641 -0.816395 -0.328960
vn 0.358571 0.755806 0.547891
vn 0.358571 0.755806 0.547891
vn 0.358571 0.755806 0.547891
vn 0.358571 0.755806 0.547891
vn -0.308834 -0.805063 -0.506454
vn -0.308834 -0.805063 -0.506454
vn -0.308834 -0.805063 -0.506454
vn -0.308834 -0.805063 -0.506454
vn 0.480308 -0.832362 -0.276548
vn 0.480308 -0.832362 -0.276548
vn 0.480308 -0.832362 -0.276548
vn 0.480308 -0.832362 -0.276548
vn -0.547854 0.776390 0.311569
vn -0.547854 0.776390 0.311569
vn -0.547854 0.776390 0.311569
vn -0.547854 0.776390 0.311569
vn -0.612136 0.755805 0.232483
vn -0.612136 0.755805 0.232483
vn -0.612136 0.755805 0.232483
vn -0.612136 0.755805 0.232483
vn 0.547532 -0.805071 -0.228187
vn 0.547532 -0.805071 -0.228187
vn 0.547532 -0.805071 -0.228187
vn 0.547532 -0.805071 -0.228187
vn 0.260091 0.776389 0.574084
vn 0.260091 0.776389 0.574084
vn 0.260091 0.776389 0.574084
vn 0.260091 0.776389 0.574084
vn -0.226034 -0.832355 -0.506058
vn -0.226034 -0.832355 -0.506058
vn -0.226034 -0.832355 -0.506058
vn -0.226034 -0.832355 -0.506058
vn 0.152298 0.800457 0.579719
vn 0.152298 0.800457 0.579719
vn 0.152298 0.800457 0.579719
vn 0.152298 0.800457 0.579719
vn -0.190648 -0.816393 -0.545120
vn -0.190648 -0.816393 -0.545120
vn -0.190648 -0.816393 -0.545120
vn -0.190648 -0.816393 -0.545120
vn -0.558524 0.800456 0.217533
vn -0.558524 0.800456 0.217533
vn -0.558524 0.800456 0.217533
vn -0.558524 0.800456 0.217533
vn 0.553077 -0.816392 -0.166162
vn 0.553077 -0.816392 -0.166162
vn 0.553076 -0.816392 -0.166162
vn 0.553077 -0.816392 -0.166162
vn 0.171734 0.755801 0.631880
vn 0.171734 0.755801 0.631880
vn 0.171734 0.755801 0.631880
vn 0.171734 0.755801 0.631880
vn -0.137227 -0.805063 -0.577099
vn -0.137227 -0.805063 -0.577099
vn -0.137227 -0.805063 -0.577099
vn -0.137227 -0.805063 -0.577099
vn 0.542277 -0.832351 -0.114578
vn 0.542277 -0.832351 -0.114578
vn 0.542277 -0.832351 -0.114578
vn 0.542277 -0.832351 -0.114578
vn -0.617326 0.776387 0.127008
vn -0.617326 0.776387 0.127008
vn -0.617326 0.776387 0.127008
vn -0.617326 0.776387 0.127008
vn -0.654032 0.755792 0.031960
vn -0.654032 0.755792 0.031960
vn -0.654032 0.755792 0.031960
vn -0.654032 0.755792 0.031960
vn 0.591260 -0.805062 -0.047823
vn 0.591260 -0.805062 -0.047823
vn 0.591260 -0.805062 -0.047823
vn 0.591260 -0.805062 -0.047823
vn 0.069968 0.776383 0.626366
vn 0.069968 0.776383 0.626366
vn 0.069968 0.776383 0.626366
vn 0.069968 0.776383 0.626366
vn -0.058585 -0.832353 -0.551141
vn -0.058585 -0.832353 -0.551141
vn -0.058585 -0.832353 -0.551141
vn -0.058585 -0.832353 -0.551141
vn -0.034295 0.800456 0.598409
vn -0.034295 0.800456 0.598409
vn -0.034295 0.800456 0.598409
vn -0.034295 0.800456 0.598409
vn -0.012870 -0.816395 -0.577350
vn -0.012870 -0.816395 -0.577350
vn -0.012870 -0.816395 -0.577350
vn -0.012870 -0.816395 -0.577350
vn -0.598413 0.800453 0.034304
vn -0.598413 0.800453 0.034304
vn -0.598413 0.800453 0.034304
vn -0.598413 0.800453 0.034304
vn 0.577344 -0.816400 0.012872
vn 0.577344 -0.816400 0.012872
vn 0.577344 -0.816400 0.012872
vn 0.577344 -0.816400 0.012872
vn -0.031936 0.755805 0.654018
vn -0.031936 0.755805 0.654018
vn -0.031936 0.755805 0.654018
vn -0.031936 0.755805 0.654018
vn 0.047823 -0.805062 -0.591260
vn 0.047823 -0.805062 -0.591260
vn 0.047823 -0.805062 -0.591260
vn 0.047823 -0.805062 -0.591260
vn 0.551131 -0.832358 0.058598
vn 0.551131 -0.832358 0.058598
vn 0.551131 -0.832358 0.058598
vn 0.551131 -0.832358 0.058598
vn -0.626365 0.776385 -0.069956
vn -0.626365 0.776385 -0.069956
vn -0.626365 0.776385 -0.069956
vn -0.626365 0.776385 -0.069956
vn -0.631882 0.755799 -0.171736
vn -0.631882 0.755799 -0.171736
vn -0.631882 0.755799 -0.171736
vn -0.631882 0.755799 -0.171736
vn 0.577102 -0.805059 0.137233
vn 0.577102 -0.805059 0.137233
vn 0.577102 -0.805059 0.137233
vn 0.577102 -0.805059 0.137233
vn -0.127009 0.776385 0.617329
vn -0.127009 0.776385 0.617329
vn -0.127009 0.776385 0.617329
vn -0.127009 0.776385 0.617329
vn 0.114593 -0.832354 -0.542268
vn 0.114593 -0.832354 -0.542268
vn 0.114593 -0.832354 -0.542268
vn 0.114593 -0.832354 -0.542268
vn -0.217536 0.800458 0.558521
vn -0.217536 0.800458 0.558521
vn -0.217536 0.800458 0.558521
vn -0.217536 0.800458 0.558521
vn 0.166172 -0.816396 -0.553068
vn 0.166172 -0.816396 -0.553068
vn 0.166172 -0.816396 -0.553068
vn 0.166172 -0.816396 -0.553068
vn -0.579737 0.800444 -0.152297
vn -0.579737 0.800444 -0.152297
vn -0.579737 0.800444 -0.152297
vn -0.579737 0.800444 -0.152297
vn 0.545121 -0.816392 0.190651
vn 0.545121 -0.816392 0.190651
vn 0.545121 -0.816392 0.190651
vn 0.545121 -0.816392 0.190651
vn -0.232477 0.755805 0.612139
vn -0.232476 0.755804 0.612139
vn -0.232477 0.755805 0.612139
vn -0.232477 0.755805 0.612139
vn 0.228198 -0.805059 -0.547545
vn 0.228198 -0.805059 -0.547545
vn 0.228198 -0.805059 -0.547545
vn 0.228198 -0.805059 -0.547545
vn 0.506061 -0.832351 0.226040
vn 0.506061 -0.832351 0.226040
vn 0.506061 -0.832351 0.226040
vn 0.506061 -0.832351 0.226040
vn -0.574086 0.776380 -0.260114
vn -0.574086 0.776380 -0.260114
vn -0.574086 0.776380 -0.260114
vn -0.574086 0.776380 -0.260114
vn -0.547898 0.755794 -0.358586
vn -0.547898 0.755794 -0.358586
vn -0.547898 0.755794 -0.358586
vn -0.547898 0.755794 -0.358586
vn 0.506450 -0.805058 0.308854
vn 0.506450 -0.805058 0.308854
vn 0.506450 -0.805058 0.308854
vn 0.506450 -0.805058 0.308854
vn -0.311556 0.776388 0.547863
vn -0.311556 0.776388 0.547863
vn -0.311556 0.776388 0.547863
vn -0.311556 0.776388 0.547863
vn 0.276553 -0.832351 -0.480322
vn 0.276553 -0.832352 -0.480322
vn 0.276553 -0.832351 -0.480322
vn 0.276553 -0.832351 -0.480322
vn -0.379483 0.800457 0.463962
vn -0.379483 0.800457 0.463962
vn -0.379483 0.800457 0.463962
vn -0.379483 0.800457 0.463962
vn 0.328958 -0.816390 -0.474652
vn 0.328958 -0.816390 -0.474652
vn 0.328958 -0.816390 -0.474652
vn 0.328957 -0.816390 -0.474652
vn -0.504279 0.800457 -0.323992
vn -0.504279 0.800457 -0.323992
vn -0.504279 0.800457 -0.323992
vn -0.504279 0.800457 -0.323992
vn 0.459525 -0.816389 0.349779
vn 0.459525 -0.816389 0.349779
vn 0.459525 -0.816389 0.349779
vn 0.459525 -0.816389 0.349779
vn -0.410274 0.755795 0.510343
vn -0.410274 0.755795 0.510343
vn -0.410274 0.755795 0.510343
vn -0.410274 0.755795 0.510343
vn 0.386225 -0.805057 -0.450238
vn 0.386225 -0.805056 -0.450238
vn 0.386225 -0.805057 -0.450238
vn 0.386225 -0.805057 -0.450238
vn 0.411456 -0.832349 0.371348
vn 0.411456 -0.832349 0.371348
vn 0.411456 -0.832349 0.371348
vn 0.411456 -0.832349 0.371348
vn -0.465604 0.776389 -0.424774
vn -0.465604 0.776389 -0.424774
vn -0.465604 0.776389 -0.424774
vn -0.465604 0.776389 -0.424774
vn -0.410271 0.755797 -0.510341
vn -0.410271 0.755797 -0.510341
vn -0.410271 0.755797 -0.510341
vn -0.410271 0.755797 -0.510341
vn 0.386227 -0.805055 0.450239
vn 0.386227 -0.805055 0.450239
vn 0.386228 -0.805055 0.450239
vn 0.386228 -0.805055 0.450239
vn -0.465604 0.776390 0.424772
vn -0.465604 0.776390 0.424772
vn -0.465604 0.776390 0.424772
vn -0.465604 0.776390 0.424772
vn 0.411457 -0.832348 -0.371349
vn 0.411457 -0.832348 -0.371349
vn 0.411457 -0.832348 -0.371349
vn 0.411456 -0.832348 -0.371349
vn -0.504281 0.800456 0.323992
vn -0.504281 0.800456 0.323992
vn -0.504281 0.800456 0.323992
vn -0.504281 0.800456 0.323992
vn 0.459524 -0.816390 -0.349779
vn 0.459524 -0.816390 -0.349779
vn 0.459524 -0.816390 -0.349779
vn 0.459524 -0.816390 -0.349779
vn -0.379485 0.800454 -0.463966
vn -0.379485 0.800454 -0.463967
vn -0.379485 0.800454 -0.463967
vn -0.379485 0.800454 -0.463966
vn 0.328958 -0.816390 0.474652
vn 0.328958 -0.816389 0.474652
vn 0.328958 -0.816390 0.474652
vn 0.328958 -0.816390 0.474652
vn -0.547899 0.755793 0.358587
vn -0.547899 0.755792 0.358587
vn -0.547899 0.755793 0.358587
vn -0.547899 0.755793 0.358587
vn 0.506446 -0.805060 -0.308853
vn 0.506446 -0.805060 -0.308853
vn 0.506446 -0.805060 -0.308853
vn 0.506446 -0.805060 -0.308853
vn 0.276549 -0.832352 0.480323
vn 0.276549 -0.832352 0.480323
vn 0.276549 -0.832352 0.480323
vn 0.276549 -0.832352 0.480323
vn -0.311555 0.776388 -0.547865
vn -0.311555 0.776387 -0.547865
vn -0.311555 0.776387 -0.547865
vn -0.311555 0.776387 -0.547865
vn -0.232481 0.755798 -0.612146
vn -0.232481 0.755798 -0.612146
vn -0.232481 0.755798 -0.612146
vn -0.232481 0.755798 -0.612146
vn 0.228199 -0.805059 0.547545
vn 0.228199 -0.805059 0.547545
vn 0.228199 -0.805059 0.547545
vn 0.228199 -0.805059 0.547545
vn -0.574087 0.776380 0.260112
vn -0.574087 0.776380 0.260112
vn -0.574087 0.776380 0.260112
vn -0.574087 0.776380 0.260112
vn 0.506064 -0.832348 -0.226043
vn 0.506064 -0.832348 -0.226043
vn 0.506064 -0.832348 -0.226043
vn 0.506064 -0.832348 -0.226043
vn -0.579738 0.800443 0.152298
vn -0.579738 0.800443 0.152298
vn -0.579738 0.800443 0.152298
vn -0.579738 0.800443 0.152298
vn 0.545119 -0.816393 -0.190652
vn 0.545119 -0.816393 -0.190652
vn 0.545119 -0.816393 -0.190652
vn 0.545119 -0.816393 -0.190652
vn -0.217535 0.800458 -0.558521
vn -0.217535 0.800458 -0.558521
vn -0.217535 0.800458 -0.558521
vn -0.217535 0.800458 -0.558521
vn 0.166172 -0.816395 0.553069
vn 0.166172 -0.816395 0.553069
vn 0.166172 -0.816396 0.553069
vn 0.166172 -0.816395 0.553069
vn -0.631884 0.755799 0.171731
vn -0.631884 0.755799 0.171731
vn -0.631884 0.755799 0.171731
vn -0.631884 0.755799 0.171731
vn 0.577096 -0.805064 -0.137229
vn 0.577096 -0.805064 -0.137229
vn 0.577096 -0.805064 -0.137229
vn 0.577096 -0.805064 -0.137229
vn 0.114584 -0.832355 0.542268
vn 0.114584 -0.832355 0.542268
vn 0.114584 -0.832355 0.542268
vn 0.114584 -0.832355 0.542268
vn -0.127008 0.776386 -0.617328
vn -0.127008 0.776386 -0.617328
vn -0.127008 0.776386 -0.617328
vn -0.127008 0.776386 -0.617328
vn -0.031937 0.755797 -0.654027
vn -0.031937 0.755797 -0.654027
vn -0.031937 0.755797 -0.654027
vn -0.031937 0.755797 -0.654027
vn 0.047826 -0.805065 0.591255
vn 0.047826 -0.805065 0.591255
vn 0.047826 -0.805065 0.591255
vn 0.047826 -0.805065 0.591255
vn -0.626361 0.776388 0.069950
vn -0.626361 0.776388 0.069950
vn -0.626361 0.776388 0.069950
vn -0.626361 0.776388 0.069950
vn 0.551130 -0.832359 -0.058601
vn 0.551130 -0.832359 -0.058601
vn 0.551130 -0.832359 -0.058601
vn 0.551130 -0.832359 -0.058601
vn -0.598410 0.800456 -0.034293
vn -0.598410 0.800456 -0.034293
vn -0.598410 0.800456 -0.034293
vn -0.598410 0.800456 -0.034293
vn 0.577347 -0.816398 -0.012870
vn 0.577347 -0.816398 -0.012870
vn 0.577347 -0.816398 -0.012870
vn 0.577347 -0.816398 -0.012870
vn -0.034294 0.800459 -0.598406
vn -0.034294 0.800459 -0.598406
vn -0.034294 0.800459 -0.598406
vn -0.034294 0.800459 -0.598406
vn -0.012869 -0.816392 0.577354
vn -0.012869 -0.816392 0.577354
vn -0.012869 -0.816392 0.577354
vn -0.012869 -0.816392 0.577354
vn -0.654032 0.755791 -0.031966
vn -0.654032 0.755791 -0.031966
vn -0.654032 0.755791 -0.031966
vn -0.654032 0.755791 -0.031966
vn 0.591262 -0.805060 0.047834
vn 0.591262 -0.805060 0.047834
vn 0.591262 -0.805060 0.047834
vn 0.591262 -0.805060 0.047834
vn -0.058589 -0.832358 0.551133
vn -0.058589 -0.832358 0.551133
vn -0.058589 -0.832358 0.551133
vn -0.058589 -0.832358 0.551133
vn 0.069971 0.776388 -0.626359
vn 0.069971 0.776388 -0.626359
vn 0.069971 0.776388 -0.626359
vn 0.069971 0.776388 -0.626359
vn 0.171734 0.755802 -0.631879
vn 0.171734 0.755802 -0.631879
vn 0.171734 0.755802 -0.631879
vn 0.171734 0.755802 -0.631879
vn -0.137226 -0.805060 0.577102
vn -0.137226 -0.805060 0.577103
vn -0.137226 -0.805060 0.577103
vn -0.137226 -0.805060 0.577103
vn -0.617326 0.776387 -0.127010
vn -0.617326 0.776387 -0.127010
vn -0.617326 0.776387 -0.127010
vn -0.617326 0.776387 -0.127010
vn 0.542281 -0.832348 0.114581
vn 0.542281 -0.832348 0.114581
vn 0.542281 -0.832348 0.114581
vn 0.542281 -0.832348 0.114581
vn -0.558522 0.800459 -0.217530
vn -0.558522 0.800459 -0.217530
vn -0.558522 0.800459 -0.217530
vn -0.558522 0.800459 -0.217530
vn 0.553079 -0.816391 0.166162
vn 0.553079 -0.816391 0.166162
vn 0.553079 -0.816391 0.166162
vn 0.553079 -0.816391 0.166162
vn 0.152301 0.800456 -0.579719
vn 0.152301 0.800456 -0.579719
vn 0.152301 0.800456 -0.579719
vn 0.152301 0.800456 -0.579719
vn -0.190646 -0.816391 0.545123
vn -0.190646 -0.816391 0.545123
vn -0.190646 -0.816391 0.545123
vn -0.190646 -0.816391 0.545123
vn -0.612135 0.755805 -0.232485
vn -0.612135 0.755805 -0.232485
vn -0.612135 0.755805 -0.232485
vn -0.612135 0.755805 -0.232485
vn 0.547532 -0.805071 0.228188
vn 0.547532 -0.805071 0.228188
vn 0.547532 -0.805071 0.228188
vn 0.547532 -0.805071 0.228188
vn -0.226030 -0.832354 0.506061
vn -0.226030 -0.832354 0.506061
vn -0.226030 -0.832354 0.506061
vn -0.226030 -0.832354 0.506061
vn 0.260092 0.776390 -0.574082
vn 0.260092 0.776390 -0.574082
vn 0.260092 0.776390 -0.574082
vn 0.260092 0.776390 -0.574082
vn 0.358574 0.755806 -0.547889
vn 0.358574 0.755806 -0.547889
vn 0.358574 0.755806 -0.547889
vn 0.358574 0.755806 -0.547889
vn -0.308832 -0.805060 0.506460
vn -0.308832 -0.805060 0.506460
vn -0.308832 -0.805059 0.506460
vn -0.308832 -0.805059 0.506460
vn -0.547852 0.776392 -0.311568
vn -0.547852 0.776392 -0.311567
vn -0.547852 0.776392 -0.311567
vn -0.547852 0.776392 -0.311567
vn 0.480308 -0.832360 0.276552
vn 0.480308 -0.832360 0.276552
vn 0.480308 -0.832360 0.276552
vn 0.480308 -0.832360 0.276552
vn -0.463960 0.800454 -0.379492
vn -0.463960 0.800454 -0.379492
vn -0.463960 0.800454 -0.379492
vn -0.463960 0.800454 -0.379492
vn 0.474639 -0.816396 0.328962
vn 0.474639 -0.816396 0.328962
vn 0.474639 -0.816396 0.328962
vn 0.474639 -0.816396 0.328962
vn 0.323995 0.800458 -0.504277
vn 0.323995 0.800458 -0.504277
vn 0.323995 0.800458 -0.504277
vn 0.323995 0.800458 -0.504277
vn -0.349775 -0.816389 0.459528
vn -0.349775 -0.816389 0.459528
vn -0.349775 -0.816389 0.459528
vn -0.349775 -0.816389 0.459528
vn -0.510355 0.755799 -0.410252
vn -0.510355 0.755798 -0.410253
vn -0.510354 0.755798 -0.410252
vn -0.510355 0.755798 -0.410252
vn 0.450237 -0.805056 0.386226
vn 0.450237 -0.805057 0.386226
vn 0.450237 -0.805056 0.386226
vn 0.450237 -0.805057 0.386226
vn -0.424777 0.776390 -0.465600
vn -0.424777 0.776390 -0.465600
vn -0.424777 0.776390 -0.465600
vn -0.424777 0.776390 -0.465600
vn 0.371360 -0.832347 0.411449
vn 0.371360 -0.832347 0.411449
vn 0.371360 -0.832347 0.411449
vn 0.371360 -0.832347 0.411449
vn -0.371363 -0.832348 0.411445
vn -0.371363 -0.832348 0.411445
vn -0.371363 -0.832348 0.411445
vn -0.371363 -0.832348 0.411445
vn 0.424779 0.776387 -0.465604
vn 0.424779 0.776387 -0.465604
vn 0.424779 0.776387 -0.465604
vn 0.424779 0.776387 -0.465604
vn 0.510349 0.755800 -0.410257
vn 0.510349 0.755800 -0.410257
vn 0.510349 0.755800 -0.410257
vn 0.510349 0.755800 -0.410257
vn -0.450233 -0.805058 0.386227
vn -0.450233 -0.805058 0.386227
vn -0.450233 -0.805058 0.386227
vn -0.450233 -0.805058 0.386227
vn -0.323993 0.800456 -0.504279
vn -0.323993 0.800456 -0.504279
vn -0.323993 0.800456 -0.504279
vn -0.323993 0.800456 -0.504279
vn 0.349770 -0.816389 0.459533
vn 0.349770 -0.816389 0.459533
vn 0.349770 -0.816389 0.459533
vn 0.349770 -0.816389 0.459533
vn 0.463961 0.800455 -0.379488
vn 0.463961 0.800456 -0.379488
vn 0.463961 0.800455 -0.379488
vn 0.463961 0.800455 -0.379488
vn -0.474644 -0.816391 0.328966
vn -0.474644 -0.816391 0.328966
vn -0.474644 -0.816391 0.328966
vn -0.474644 -0.816391 0.328966
vn -0.358581 0.755806 -0.547885
vn -0.358581 0.755806 -0.547885
vn -0.358581 0.755806 -0.547885
vn -0.358581 0.755806 -0.547885
vn 0.308836 -0.805061 0.506455
vn 0.308836 -0.805061 0.506455
vn 0.308836 -0.805061 0.506455
vn 0.308836 -0.805061 0.506455
vn -0.480313 -0.832357 0.276555
vn -0.480313 -0.832357 0.276555
vn -0.480313 -0.832357 0.276555
vn -0.480313 -0.832357 0.276555
vn 0.547859 0.776384 -0.311575
vn 0.547859 0.776384 -0.311575
vn 0.547859 0.776384 -0.311575
vn 0.547859 0.776384 -0.311575
vn 0.612148 0.755798 -0.232474
vn 0.612148 0.755798 -0.232474
vn 0.612148 0.755798 -0.232474
vn 0.612148 0.755798 -0.232475
vn -0.547544 -0.805061 0.228194
vn -0.547544 -0.805061 0.228194
vn -0.547544 -0.805061 0.228194
vn -0.547544 -0.805061 0.228194
vn -0.260099 0.776390 -0.574079
vn -0.260099 0.776390 -0.574079
vn -0.260099 0.776390 -0.574079
vn -0.260099 0.776390 -0.574079
vn 0.226036 -0.832352 0.506062
vn 0.226036 -0.832352 0.506062
vn 0.226036 -0.832352 0.506062
vn 0.226036 -0.832351 0.506062
vn -0.152304 0.800458 -0.579716
vn -0.152304 0.800458 -0.579716
vn -0.152304 0.800458 -0.579716
vn -0.152304 0.800458 -0.579716
vn 0.190650 -0.816395 0.545116
vn 0.190650 -0.816395 0.545116
vn 0.190650 -0.816395 0.545116
vn 0.190650 -0.816395 0.545116
vn 0.558527 0.800453 -0.217537
vn 0.558527 0.800453 -0.217537
vn 0.558527 0.800453 -0.217537
vn 0.558527 0.800453 -0.217537
vn -0.553067 -0.816394 0.166183
vn -0.553067 -0.816394 0.166183
vn -0.553067 -0.816394 0.166183
vn -0.553067 -0.816394 0.166183
vn -0.171732 0.755804 -0.631877
vn -0.171732 0.755804 -0.631877
vn -0.171732 0.755804 -0.631877
vn -0.171732 0.755804 -0.631877
vn 0.137222 -0.805062 0.577101
vn 0.137222 -0.805062 0.577101
vn 0.137222 -0.805062 0.577101
vn 0.137222 -0.805062 0.577101
vn -0.542264 -0.832356 0.114602
vn -0.542264 -0.832356 0.114602
vn -0.542264 -0.832356 0.114602
vn -0.542264 -0.832356 0.114602
vn 0.617317 0.776393 -0.127021
vn 0.617317 0.776393 -0.127021
vn 0.617317 0.776393 -0.127021
vn 0.617317 0.776393 -0.127021
vn 0.654007 0.755813 -0.031960
vn 0.654007 0.755813 -0.031960
vn 0.654007 0.755813 -0.031960
vn 0.654007 0.755813 -0.031960
vn -0.591250 -0.805068 0.047836
vn -0.591250 -0.805068 0.047836
vn -0.591250 -0.805068 0.047836
vn -0.591250 -0.805068 0.047836
vn -0.069967 0.776390 -0.626357
vn -0.069967 0.776390 -0.626357
vn -0.069967 0.776390 -0.626357
vn -0.069967 0.776390 -0.626357
vn 0.058590 -0.832352 0.551142
vn 0.058590 -0.832352 0.551142
vn 0.058590 -0.832352 0.551142
vn 0.058590 -0.832352 0.551141
vn 0.034293 0.800458 -0.598408
vn 0.034293 0.800458 -0.598408
vn 0.034293 0.800458 -0.598408
vn 0.034293 0.800458 -0.598408
vn 0.012868 -0.816391 0.577356
vn 0.012868 -0.816391 0.577356
vn 0.012868 -0.816391 0.577356
vn 0.012868 -0.816391 0.577356
vn 0.598412 0.800455 -0.034271
vn 0.598412 0.800455 -0.034271
vn 0.598412 0.800455 -0.034271
vn 0.598412 0.800455 -0.034271
vn -0.577366 -0.816384 -0.012878
vn -0.577366 -0.816384 -0.012878
vn -0.577366 -0.816384 -0.012878
vn -0.577366 -0.816384 -0.012878
vn 0.031937 0.755798 -0.654025
vn 0.031937 0.755798 -0.654025
vn 0.031937 0.755798 -0.654025
vn 0.031937 0.755798 -0.654025
vn -0.047825 -0.805062 0.591259
vn -0.047825 -0.805062 0.591259
vn -0.047825 -0.805062 0.591259
vn -0.047825 -0.805062 0.591259
vn -0.551145 -0.832350 -0.058584
vn -0.551145 -0.832350 -0.058584
vn -0.551145 -0.832350 -0.058584
vn -0.551145 -0.832350 -0.058584
vn 0.626360 0.776387 0.069981
vn 0.626360 0.776387 0.069981
vn 0.626360 0.776387 0.069981
vn 0.626360 0.776387 0.069981
vn 0.631880 0.755802 0.171729
vn 0.631880 0.755802 0.171729
vn 0.631880 0.755802 0.171729
vn 0.631880 0.755802 0.171729
vn -0.577097 -0.805066 -0.137217
vn -0.577097 -0.805066 -0.137217
vn -0.577097 -0.805066 -0.137217
vn -0.577097 -0.805066 -0.137217
vn 0.127016 0.776381 -0.617333
vn 0.127016 0.776381 -0.617333
vn 0.127016 0.776381 -0.617333
vn 0.127016 0.776381 -0.617333
vn -0.114595 -0.832352 0.542271
vn -0.114595 -0.832352 0.542271
vn -0.114595 -0.832352 0.542271
vn -0.114595 -0.832352 0.542271
vn 0.217539 0.800453 -0.558526
vn 0.217539 0.800453 -0.558526
vn 0.217539 0.800453 -0.558527
vn 0.217540 0.800453 -0.558527
vn -0.166175 -0.816391 0.553075
vn -0.166175 -0.816391 0.553075
vn -0.166175 -0.816391 0.553075
vn -0.166175 -0.816390 0.553075
vn 0.579721 0.800459 0.152283
vn 0.579721 0.800459 0.152283
vn 0.579721 0.800459 0.152283
vn 0.579721 0.800459 0.152283
vn -0.545123 -0.816392 -0.190645
vn -0.545123 -0.816392 -0.190645
vn -0.545123 -0.816392 -0.190645
vn -0.545123 -0.816392 -0.190645
vn 0.232480 0.755795 -0.612149
vn 0.232480 0.755795 -0.612149
vn 0.232480 0.755795 -0.612149
vn 0.232480 0.755795 -0.612149
vn -0.228197 -0.805059 0.547546
vn -0.228197 -0.805059 0.547546
vn -0.228197 -0.805059 0.547546
vn -0.228197 -0.805059 0.547546
vn -0.506066 -0.832348 -0.226040
vn -0.506066 -0.832348 -0.226040
vn -0.506066 -0.832348 -0.226040
vn -0.506066 -0.832348 -0.226040
vn 0.574091 0.776384 0.260091
vn 0.574091 0.776384 0.260091
vn 0.574091 0.776384 0.260091
vn 0.574091 0.776384 0.260091
vn 0.547885 0.755798 0.358597
vn 0.547885 0.755798 0.358597
vn 0.547885 0.755798 0.358597
vn 0.547885 0.755798 0.358597
vn -0.506451 -0.805061 -0.308842
vn -0.506451 -0.805062 -0.308842
vn -0.506451 -0.805061 -0.308842
vn -0.506451 -0.805061 -0.308842
vn 0.311553 0.776393 -0.547859
vn 0.311553 0.776393 -0.547859
vn 0.311553 0.776393 -0.547859
vn 0.311553 0.776393 -0.547859
vn -0.276547 -0.832361 0.480310
vn -0.276547 -0.832361 0.480310
vn -0.276547 -0.832361 0.480310
vn -0.276547 -0.832361 0.480310
vn 0.379489 0.800456 -0.463958
vn 0.379489 0.800456 -0.463958
vn 0.379489 0.800457 -0.463958
vn 0.379489 0.800457 -0.463958
vn -0.328943 -0.816395 0.474653
vn -0.328943 -0.816395 0.474654
vn -0.328943 -0.816395 0.474654
vn -0.328943 -0.816395 0.474653
vn 0.504281 0.800459 0.323984
vn 0.504281 0.800459 0.323984
vn 0.504281 0.800459 0.323984
vn 0.504281 0.800459 0.323984
vn -0.459520 -0.816396 -0.349770
vn -0.459519 -0.816396 -0.349770
vn -0.459520 -0.816396 -0.349770
vn -0.459520 -0.816396 -0.349770
vn 0.410263 0.755795 -0.510350
vn 0.410263 0.755795 -0.510350
vn 0.410263 0.755796 -0.510350
vn 0.410263 0.755795 -0.510350
vn -0.386222 -0.805062 0.450231
vn -0.386222 -0.805062 0.450230
vn -0.386222 -0.805062 0.450230
vn -0.386222 -0.805062 0.450231
vn -0.411448 -0.832355 -0.371343
vn -0.411448 -0.832355 -0.371343
vn -0.411448 -0.832355 -0.371343
vn -0.411448 -0.832355 -0.371343
vn 0.465601 0.776393 0.424770
vn 0.465601 0.776393 0.424770
vn 0.465601 0.776393 0.424770
vn 0.465601 0.776393 0.424770
vn 0.410254 0.755807 0.510341
vn 0.410254 0.755807 0.510341
vn 0.410254 0.755807 0.510341
vn 0.410254 0.755807 0.510341
vn -0.386232 -0.805061 -0.450224
vn -0.386232 -0.805061 -0.450224
vn -0.386232 -0.805061 -0.450224
vn -0.386232 -0.805061 -0.450224
vn 0.465603 0.776394 -0.424765
vn 0.465603 0.776394 -0.424765
vn 0.465603 0.776394 -0.424765
vn 0.465603 0.776394 -0.424765
vn -0.411449 -0.832355 0.371343
vn -0.411449 -0.832355 0.371343
vn -0.411449 -0.832355 0.371343
vn -0.411449 -0.832355 0.371343
vn 0.504280 0.800458 -0.323988
vn 0.504280 0.800458 -0.323988
vn 0.504280 0.800458 -0.323988
vn 0.504280 0.800458 -0.323988
vn -0.459517 -0.816399 0.349768
vn -0.459517 -0.816399 0.349768
vn -0.459517 -0.816399 0.349768
vn -0.459517 -0.816399 0.349768
vn 0.215193 -0.667074 -0.713235
vn 0.215193 -0.667074 -0.713235
vn 0.215193 -0.667074 -0.713235
vn 0.215193 -0.667074 -0.713235
vn -0.374510 0.649950 0.661292
vn -0.374510 0.649950 0.661292
vn -0.374510 0.649950 0.661292
vn -0.374510 0.649950 0.661292
vn 0.691675 0.649958 0.314867
vn 0.691675 0.649958 0.314867
vn 0.691675 0.649958 0.314867
vn 0.691675 0.649958 0.314867
vn -0.593328 -0.667075 -0.450525
vn -0.593328 -0.667075 -0.450525
vn -0.593328 -0.667075 -0.450525
vn -0.593328 -0.667075 -0.450525
vn -0.478272 0.624759 0.617197
vn -0.478272 0.624759 0.617197
vn -0.478272 0.624759 0.617197
vn -0.478272 0.624759 0.617197
vn 0.347771 -0.633262 -0.691401
vn 0.347771 -0.633262 -0.691401
vn 0.347771 -0.633262 -0.691401
vn 0.347771 -0.633262 -0.691401
vn -0.687750 -0.633271 -0.354920
vn -0.687750 -0.633271 -0.354920
vn -0.687750 -0.633271 -0.354920
vn -0.687750 -0.633271 -0.354920
vn 0.749699 0.624770 0.218206
vn 0.749699 0.624770 0.218206
vn 0.749699 0.624770 0.218206
vn 0.749699 0.624770 0.218206
vn -0.570972 -0.691114 -0.443117
vn -0.570972 -0.691114 -0.443117
vn -0.570972 -0.691114 -0.443117
vn -0.570972 -0.691114 -0.443117
vn 0.678945 0.650439 0.340534
vn 0.678945 0.650439 0.340534
vn 0.678945 0.650439 0.340534
vn 0.678945 0.650439 0.340534
vn 0.645600 0.624741 0.439203
vn 0.645600 0.624741 0.439203
vn 0.645600 0.624741 0.439203
vn 0.645600 0.624741 0.439203
vn -0.544424 -0.633263 -0.550073
vn -0.544424 -0.633263 -0.550073
vn -0.544424 -0.633263 -0.550073
vn -0.544424 -0.633263 -0.550073
vn -0.540492 0.650424 0.533682
vn -0.540492 0.650424 0.533682
vn -0.540492 0.650424 0.533682
vn -0.540492 0.650424 0.533682
vn 0.406093 -0.691114 -0.597871
vn 0.406093 -0.691114 -0.597871
vn 0.406093 -0.691114 -0.597871
vn 0.406093 -0.691114 -0.597871
vn 0.540474 0.650426 0.533698
vn 0.540474 0.650426 0.533698
vn 0.540474 0.650426 0.533698
vn 0.540474 0.650426 0.533698
vn -0.406083 -0.691115 -0.597877
vn -0.406083 -0.691115 -0.597877
vn -0.406083 -0.691115 -0.597877
vn -0.406083 -0.691115 -0.597877
vn 0.560530 0.649952 0.513194
vn 0.560530 0.649952 0.513194
vn 0.560530 0.649952 0.513194
vn 0.560530 0.649952 0.513194
vn -0.425066 -0.667069 -0.611832
vn -0.425066 -0.667069 -0.611832
vn -0.425066 -0.667069 -0.611832
vn -0.425066 -0.667069 -0.611832
vn -0.645587 0.624759 0.439196
vn -0.645587 0.624759 0.439196
vn -0.645587 0.624759 0.439196
vn -0.645587 0.624759 0.439196
vn 0.544402 -0.633268 -0.550089
vn 0.544402 -0.633268 -0.550089
vn 0.544402 -0.633268 -0.550089
vn 0.544402 -0.633268 -0.550089
vn 0.425070 -0.667068 -0.611830
vn 0.425070 -0.667068 -0.611830
vn 0.425070 -0.667068 -0.611830
vn 0.425070 -0.667068 -0.611830
vn -0.560588 0.649946 0.513138
vn -0.560588 0.649946 0.513138
vn -0.560588 0.649946 0.513138
vn -0.560588 0.649946 0.513138
vn 0.201458 -0.691106 -0.694109
vn 0.201458 -0.691106 -0.694109
vn 0.201458 -0.691106 -0.694109
vn 0.201458 -0.691106 -0.694109
vn -0.349105 0.650416 0.674600
vn -0.349105 0.650416 0.674600
vn -0.349105 0.650416 0.674599
vn -0.349105 0.650416 0.674599
vn -0.015733 -0.667072 -0.744827
vn -0.015733 -0.667072 -0.744827
vn -0.015733 -0.667072 -0.744827
vn -0.015733 -0.667072 -0.744827
vn -0.151834 0.649947 0.744658
vn -0.151834 0.649947 0.744658
vn -0.151834 0.649947 0.744658
vn -0.151834 0.649947 0.744658
vn 0.755129 0.649948 0.085714
vn 0.755129 0.649948 0.085714
vn 0.755129 0.649948 0.085714
vn 0.755129 0.649948 0.085714
vn -0.703512 -0.667071 -0.245126
vn -0.703512 -0.667071 -0.245126
vn -0.703512 -0.667071 -0.245126
vn -0.703512 -0.667071 -0.245126
vn -0.264145 0.624744 0.734794
vn -0.264145 0.624744 0.734794
vn -0.264145 0.624744 0.734794
vn -0.264145 0.624744 0.734794
vn 0.117103 -0.633262 -0.765027
vn 0.117103 -0.633262 -0.765027
vn 0.117103 -0.633262 -0.765027
vn 0.117103 -0.633262 -0.765027
vn -0.763772 -0.633266 -0.125009
vn -0.763772 -0.633266 -0.125009
vn -0.763772 -0.633266 -0.125009
vn -0.763772 -0.633266 -0.125009
vn 0.780462 0.624737 -0.024139
vn 0.780462 0.624737 -0.024139
vn 0.780462 0.624737 -0.024139
vn 0.780462 0.624737 -0.024139
vn -0.679959 -0.691108 -0.245001
vn -0.679959 -0.691108 -0.245001
vn -0.679959 -0.691108 -0.245001
vn -0.679959 -0.691108 -0.245001
vn 0.750950 0.650431 0.114082
vn 0.750950 0.650431 0.114082
vn 0.750950 0.650431 0.114082
vn 0.750950 0.650431 0.114082
vn -0.022887 -0.691116 -0.722381
vn -0.022887 -0.691116 -0.722381
vn -0.022887 -0.691116 -0.722381
vn -0.022887 -0.691116 -0.722381
vn -0.123575 0.650421 0.749454
vn -0.123575 0.650421 0.749454
vn -0.123575 0.650421 0.749454
vn -0.123575 0.650421 0.749454
vn -0.245132 -0.667069 -0.703512
vn -0.245132 -0.667069 -0.703512
vn -0.245132 -0.667069 -0.703512
vn -0.245132 -0.667069 -0.703512
vn 0.085706 0.649947 0.755132
vn 0.085706 0.649947 0.755132
vn 0.085706 0.649947 0.755132
vn 0.085706 0.649947 0.755132
vn 0.744650 0.649952 -0.151850
vn 0.744650 0.649952 -0.151850
vn 0.744650 0.649952 -0.151850
vn 0.744651 0.649952 -0.151850
vn -0.744832 -0.667066 -0.015733
vn -0.744832 -0.667066 -0.015733
vn -0.744832 -0.667066 -0.015733
vn -0.744832 -0.667066 -0.015733
vn -0.024152 0.624745 0.780456
vn -0.024152 0.624745 0.780456
vn -0.024152 0.624745 0.780456
vn -0.024152 0.624745 0.780455
vn -0.125031 -0.633261 -0.763772
vn -0.125031 -0.633261 -0.763772
vn -0.125031 -0.633261 -0.763772
vn -0.125031 -0.633261 -0.763772
vn -0.765022 -0.633267 0.117110
vn -0.765022 -0.633267 0.117110
vn -0.765022 -0.633267 0.117110
vn -0.765022 -0.633267 0.117110
vn 0.734804 0.624741 -0.264124
vn 0.734804 0.624741 -0.264124
vn 0.734804 0.624741 -0.264124
vn 0.734804 0.624741 -0.264124
vn -0.722391 -0.691106 -0.022887
vn -0.722391 -0.691106 -0.022887
vn -0.722391 -0.691106 -0.022887
vn -0.722391 -0.691106 -0.022887
vn 0.749457 0.650420 -0.123565
vn 0.749457 0.650420 -0.123565
vn 0.749457 0.650420 -0.123565
vn 0.749457 0.650420 -0.123565
vn -0.244997 -0.691111 -0.679957
vn -0.244997 -0.691111 -0.679958
vn -0.244997 -0.691111 -0.679957
vn -0.244997 -0.691111 -0.679958
vn 0.114070 0.650426 0.750956
vn 0.114070 0.650426 0.750956
vn 0.114069 0.650426 0.750956
vn 0.114070 0.650426 0.750956
vn -0.450538 -0.667074 -0.593320
vn -0.450538 -0.667074 -0.593320
vn -0.450538 -0.667074 -0.593320
vn -0.450538 -0.667074 -0.593320
vn 0.314860 0.649945 0.691690
vn 0.314860 0.649945 0.691690
vn 0.314860 0.649945 0.691690
vn 0.314860 0.649945 0.691690
vn 0.661290 0.649941 -0.374530
vn 0.661290 0.649941 -0.374530
vn 0.661290 0.649941 -0.374530
vn 0.661290 0.649941 -0.374530
vn -0.713229 -0.667071 0.215222
vn -0.713229 -0.667071 0.215222
vn -0.713229 -0.667071 0.215222
vn -0.713229 -0.667071 0.215222
vn 0.218206 0.624749 0.749716
vn 0.218206 0.624749 0.749716
vn 0.218206 0.624749 0.749716
vn 0.218206 0.624749 0.749716
vn -0.354942 -0.633248 -0.687760
vn -0.354942 -0.633248 -0.687760
vn -0.354942 -0.633248 -0.687760
vn -0.354942 -0.633248 -0.687760
vn -0.691414 -0.633240 0.347783
vn -0.691414 -0.633240 0.347783
vn -0.691414 -0.633240 0.347783
vn -0.691414 -0.633240 0.347783
vn 0.617213 0.624729 -0.478290
vn 0.617213 0.624729 -0.478290
vn 0.617213 0.624729 -0.478290
vn 0.617213 0.624729 -0.478290
vn -0.694109 -0.691105 0.201464
vn -0.694109 -0.691105 0.201464
vn -0.694109 -0.691105 0.201464
vn -0.694109 -0.691105 0.201464
vn 0.674568 0.650427 -0.349145
vn 0.674568 0.650428 -0.349145
vn 0.674568 0.650428 -0.349145
vn 0.674568 0.650428 -0.349145
vn -0.443126 -0.691114 -0.570965
vn -0.443126 -0.691114 -0.570965
vn -0.443126 -0.691114 -0.570965
vn -0.443126 -0.691114 -0.570965
vn 0.340537 0.650426 0.678955
vn 0.340537 0.650426 0.678955
vn 0.340537 0.650426 0.678955
vn 0.340537 0.650426 0.678955
vn -0.611837 -0.667066 -0.425064
vn -0.611837 -0.667066 -0.425064
vn -0.611837 -0.667066 -0.425064
vn -0.611837 -0.667066 -0.425064
vn 0.513193 0.649958 0.560524
vn 0.513193 0.649958 0.560524
vn 0.513193 0.649958 0.560524
vn 0.513193 0.649958 0.560524
vn 0.513191 0.649960 -0.560524
vn 0.513191 0.649960 -0.560523
vn 0.513191 0.649960 -0.560524
vn 0.513191 0.649960 -0.560523
vn -0.611834 -0.667070 0.425061
vn -0.611834 -0.667070 0.425061
vn -0.611834 -0.667070 0.425061
vn -0.611834 -0.667070 0.425061
vn 0.439212 0.624740 0.645595
vn 0.439212 0.624740 0.645595
vn 0.439212 0.624740 0.645595
vn 0.439212 0.624740 0.645595
vn -0.550084 -0.633260 -0.544417
vn -0.550084 -0.633259 -0.544417
vn -0.550084 -0.633259 -0.544417
vn -0.550084 -0.633259 -0.544417
vn -0.550084 -0.633260 0.544417
vn -0.550084 -0.633260 0.544417
vn -0.550084 -0.633260 0.544417
vn -0.550084 -0.633260 0.544417
vn 0.439210 0.624741 -0.645595
vn 0.439210 0.624741 -0.645595
vn 0.439210 0.624741 -0.645595
vn 0.439210 0.624741 -0.645595
vn -0.597877 -0.691111 0.406089
vn -0.597877 -0.691111 0.406089
vn -0.597877 -0.691111 0.406089
vn -0.597877 -0.691111 0.406089
vn 0.533688 0.650420 -0.540491
vn 0.533688 0.650420 -0.540491
vn 0.533688 0.650420 -0.540491
vn 0.533688 0.650420 -0.540491
vn -0.597880 -0.691108 -0.406091
vn -0.597880 -0.691108 -0.406091
vn -0.597880 -0.691108 -0.406091
vn -0.597880 -0.691108 -0.406091
vn 0.533682 0.650429 0.540487
vn 0.533682 0.650429 0.540487
vn 0.533682 0.650429 0.540487
vn 0.533682 0.650429 0.540487
vn -0.713203 -0.667101 -0.215215
vn -0.713203 -0.667101 -0.215214
vn -0.713203 -0.667101 -0.215214
vn -0.713203 -0.667101 -0.215214
vn 0.661276 0.649955 0.374530
vn 0.661276 0.649955 0.374530
vn 0.661276 0.649955 0.374530
vn 0.661276 0.649955 0.374530
vn 0.314860 0.649946 -0.691689
vn 0.314860 0.649946 -0.691689
vn 0.314860 0.649946 -0.691689
vn 0.314860 0.649946 -0.691689
vn -0.450541 -0.667069 0.593323
vn -0.450541 -0.667069 0.593323
vn -0.450541 -0.667069 0.593323
vn -0.450541 -0.667069 0.593323
vn 0.617209 0.624735 0.478289
vn 0.617209 0.624735 0.478289
vn 0.617209 0.624735 0.478289
vn 0.617209 0.624735 0.478289
vn -0.691410 -0.633247 -0.347780
vn -0.691410 -0.633247 -0.347780
vn -0.691410 -0.633247 -0.347780
vn -0.691410 -0.633247 -0.347780
vn -0.354940 -0.633255 0.687754
vn -0.354940 -0.633255 0.687754
vn -0.354940 -0.633255 0.687754
vn -0.354940 -0.633255 0.687754
vn 0.218201 0.624749 -0.749718
vn 0.218201 0.624749 -0.749718
vn 0.218201 0.624749 -0.749718
vn 0.218201 0.624749 -0.749718
vn -0.443125 -0.691114 0.570966
vn -0.443125 -0.691114 0.570966
vn -0.443125 -0.691114 0.570966
vn -0.443125 -0.691114 0.570966
vn 0.340538 0.650425 -0.678956
vn 0.340538 0.650425 -0.678956
vn 0.340538 0.650425 -0.678956
vn 0.340538 0.650425 -0.678956
vn -0.694107 -0.691114 -0.201439
vn -0.694107 -0.691114 -0.201439
vn -0.694107 -0.691114 -0.201439
vn -0.694107 -0.691114 -0.201439
vn 0.674580 0.650422 0.349132
vn 0.674580 0.650422 0.349132
vn 0.674580 0.650422 0.349132
vn 0.674580 0.650422 0.349132
vn -0.744805 -0.667096 0.015744
vn -0.744805 -0.667096 0.015744
vn -0.744805 -0.667096 0.015744
vn -0.744805 -0.667096 0.015744
vn 0.744653 0.649954 0.151830
vn 0.744653 0.649954 0.151830
vn 0.744653 0.649954 0.151830
vn 0.744653 0.649954 0.151830
vn 0.085706 0.649950 -0.755129
vn 0.085706 0.649950 -0.755129
vn 0.085706 0.649950 -0.755128
vn 0.085706 0.649950 -0.755129
vn -0.245118 -0.667075 0.703511
vn -0.245118 -0.667075 0.703511
vn -0.245118 -0.667075 0.703511
vn -0.245118 -0.667075 0.703511
vn 0.734781 0.624758 0.264147
vn 0.734781 0.624758 0.264147
vn 0.734781 0.624758 0.264147
vn 0.734781 0.624758 0.264147
vn -0.765024 -0.633264 -0.117110
vn -0.765024 -0.633264 -0.117110
vn -0.765024 -0.633264 -0.117110
vn -0.765024 -0.633264 -0.117110
vn -0.125029 -0.633260 0.763773
vn -0.125029 -0.633260 0.763773
vn -0.125029 -0.633260 0.763773
vn -0.125029 -0.633260 0.763773
vn -0.024150 0.624749 -0.780452
vn -0.024150 0.624749 -0.780452
vn -0.024150 0.624749 -0.780452
vn -0.024150 0.624749 -0.780452
vn -0.245005 -0.691107 0.679958
vn -0.245005 -0.691107 0.679958
vn -0.245005 -0.691107 0.679958
vn -0.245005 -0.691107 0.679958
vn 0.114071 0.650429 -0.750953
vn 0.114071 0.650429 -0.750953
vn 0.114071 0.650429 -0.750953
vn 0.114071 0.650429 -0.750953
vn -0.722383 -0.691114 0.022893
vn -0.722383 -0.691114 0.022893
vn -0.722383 -0.691114 0.022893
vn -0.722383 -0.691114 0.022893
vn 0.749456 0.650421 0.123567
vn 0.749456 0.650421 0.123567
vn 0.749456 0.650421 0.123567
vn 0.749456 0.650421 0.123567
vn -0.703502 -0.667072 0.245154
vn -0.703501 -0.667072 0.245154
vn -0.703502 -0.667072 0.245154
vn -0.703502 -0.667072 0.245154
vn 0.755127 0.649951 -0.085715
vn 0.755127 0.649951 -0.085715
vn 0.755127 0.649951 -0.085715
vn 0.755127 0.649951 -0.085715
vn -0.151838 0.649949 -0.744655
vn -0.151838 0.649949 -0.744655
vn -0.151838 0.649949 -0.744655
vn -0.151838 0.649949 -0.744655
vn -0.015735 -0.667074 0.744826
vn -0.015735 -0.667074 0.744826
vn -0.015735 -0.667074 0.744826
vn -0.015735 -0.667074 0.744826
vn 0.780456 0.624744 0.024149
vn 0.780456 0.624744 0.024149
vn 0.780456 0.624744 0.024149
vn 0.780456 0.624744 0.024149
vn -0.763773 -0.633265 0.125007
vn -0.763773 -0.633265 0.125007
vn -0.763773 -0.633265 0.125007
vn -0.763773 -0.633265 0.125007
vn 0.117098 -0.633262 0.765028
vn 0.117098 -0.633262 0.765028
vn 0.117098 -0.633262 0.765028
vn 0.117098 -0.633262 0.765028
vn -0.264141 0.624753 -0.734788
vn -0.264141 0.624753 -0.734788
vn -0.264142 0.624753 -0.734788
vn -0.264141 0.624753 -0.734788
vn -0.022889 -0.691109 0.722388
vn -0.022889 -0.691109 0.722388
vn -0.022889 -0.691109 0.722388
vn -0.022889 -0.691109 0.722388
vn -0.123574 0.650419 -0.749456
vn -0.123574 0.650419 -0.749456
vn -0.123574 0.650419 -0.749456
vn -0.123574 0.650419 -0.749456
vn -0.679956 -0.691105 0.245016
vn -0.679956 -0.691105 0.245016
vn -0.679956 -0.691105 0.245016
vn -0.679956 -0.691105 0.245016
vn 0.750940 0.650444 -0.114068
vn 0.750940 0.650444 -0.114068
vn 0.750940 0.650444 -0.114068
vn 0.750940 0.650444 -0.114068
vn -0.593326 -0.667076 0.450526
vn -0.593326 -0.667076 0.450526
vn -0.593326 -0.667076 0.450526
vn -0.593326 -0.667076 0.450526
vn 0.691704 0.649960 -0.314798
vn 0.691704 0.649960 -0.314798
vn 0.691704 0.649960 -0.314798
vn 0.691704 0.649960 -0.314798
vn -0.374530 0.649949 -0.661282
vn -0.374530 0.649949 -0.661282
vn -0.374530 0.649949 -0.661282
vn -0.374530 0.649949 -0.661282
vn 0.215204 -0.667073 0.713232
vn 0.215204 -0.667073 0.713232
vn 0.215204 -0.667073 0.713232
vn 0.215204 -0.667073 0.713232
vn 0.749719 0.624749 -0.218198
vn 0.749719 0.624749 -0.218198
vn 0.749719 0.624749 -0.218198
vn 0.749719 0.624749 -0.218198
vn -0.687764 -0.633260 0.354911
vn -0.687764 -0.633260 0.354911
vn -0.687764 -0.633260 0.354911
vn -0.687764 -0.633260 0.354911
vn 0.347773 -0.633254 0.691407
vn 0.347773 -0.633254 0.691407
vn 0.347773 -0.633254 0.691407
vn 0.347773 -0.633254 0.691407
vn -0.478275 0.624752 -0.617202
vn -0.478275 0.624752 -0.617202
vn -0.478275 0.624752 -0.617202
vn -0.478275 0.624752 -0.617202
vn 0.201462 -0.691113 0.694100
vn 0.201462 -0.691113 0.694100
vn 0.201462 -0.691113 0.694100
vn 0.201462 -0.691113 0.694100
vn -0.349122 0.650414 -0.674593
vn -0.349122 0.650414 -0.674593
vn -0.349122 0.650414 -0.674593
vn -0.349122 0.650414 -0.674593
vn -0.570973 -0.691113 0.443117
vn -0.570973 -0.691113 0.443117
vn -0.570973 -0.691113 0.443117
vn -0.570973 -0.691113 0.443117
vn 0.678945 0.650439 -0.340534
vn 0.678945 0.650439 -0.340534
vn 0.678945 0.650439 -0.340534
vn 0.678945 0.650439 -0.340534
vn -0.425065 -0.667069 0.611832
vn -0.425065 -0.667069 0.611832
vn -0.425065 -0.667069 0.611832
vn -0.425065 -0.667069 0.611832
vn 0.560533 0.649951 -0.513193
vn 0.560533 0.649951 -0.513193
vn 0.560533 0.649951 -0.513193
vn 0.560533 0.649951 -0.513193
vn -0.560587 0.649947 -0.513139
vn -0.560587 0.649947 -0.513138
vn -0.560587 0.649947 -0.513139
vn -0.560587 0.649947 -0.513139
vn 0.425067 -0.667072 0.611827
vn 0.425067 -0.667072 0.611827
vn 0.425067 -0.667072 0.611827
vn 0.425067 -0.667072 0.611827
vn 0.645599 0.624741 -0.439204
vn 0.645599 0.624742 -0.439204
vn 0.645599 0.624742 -0.439204
vn 0.645599 0.624742 -0.439204
vn -0.544421 -0.633264 0.550074
vn -0.544421 -0.633264 0.550074
vn -0.544421 -0.633264 0.550074
vn -0.544421 -0.633264 0.550074
vn 0.544401 -0.633268 0.550090
vn 0.544401 -0.633268 0.550090
vn 0.544401 -0.633268 0.550090
vn 0.544401 -0.633268 0.550089
vn -0.645586 0.624760 -0.439197
vn -0.645586 0.624760 -0.439197
vn -0.645586 0.624759 -0.439197
vn -0.645586 0.624760 -0.439197
vn 0.406096 -0.691111 0.597873
vn 0.406096 -0.691111 0.597873
vn 0.406096 -0.691111 0.597873
vn 0.406096 -0.691111 0.597873
vn -0.540493 0.650419 -0.533688
vn -0.540493 0.650419 -0.533688
vn -0.540493 0.650419 -0.533688
vn -0.540493 0.650419 -0.533688
vn -0.406084 -0.691115 0.597877
vn -0.406084 -0.691115 0.597877
vn -0.406084 -0.691115 0.597877
vn -0.406084 -0.691115 0.597877
vn 0.540469 0.650431 -0.533697
vn 0.540469 0.650431 -0.533697
vn 0.540469 0.650431 -0.533697
vn 0.540469 0.650431 -0.533697
vn -0.215198 -0.667077 0.713231
vn -0.215198 -0.667077 0.713231
vn -0.215198 -0.667077 0.713231
vn -0.215198 -0.667077 0.713231
vn 0.374525 0.649956 -0.661277
vn 0.374525 0.649956 -0.661277
vn 0.374525 0.649956 -0.661277
vn 0.374525 0.649956 -0.661277
vn -0.691688 0.649943 -0.314869
vn -0.691688 0.649943 -0.314869
vn -0.691688 0.649943 -0.314869
vn -0.691688 0.649943 -0.314869
vn 0.593340 -0.667073 0.450512
vn 0.593340 -0.667073 0.450512
vn 0.593340 -0.667073 0.450512
vn 0.593340 -0.667073 0.450512
vn 0.478280 0.624736 -0.617214
vn 0.478280 0.624736 -0.617214
vn 0.478280 0.624736 -0.617214
vn 0.478280 0.624736 -0.617214
vn -0.347786 -0.633242 0.691411
vn -0.347786 -0.633242 0.691411
vn -0.347786 -0.633242 0.691411
vn -0.347786 -0.633242 0.691411
vn 0.687748 -0.633270 0.354926
vn 0.687748 -0.633270 0.354926
vn 0.687748 -0.633270 0.354926
vn 0.687748 -0.633270 0.354926
vn -0.749709 0.624750 -0.218229
vn -0.749709 0.624750 -0.218229
vn -0.749709 0.624750 -0.218229
vn -0.749709 0.624750 -0.218229
vn 0.570975 -0.691111 0.443118
vn 0.570975 -0.691111 0.443118
vn 0.570975 -0.691111 0.443118
vn 0.570975 -0.691111 0.443118
vn -0.678973 0.650411 -0.340530
vn -0.678973 0.650411 -0.340530
vn -0.678973 0.650411 -0.340530
vn -0.678973 0.650411 -0.340530
vn -0.201459 -0.691112 0.694103
vn -0.201459 -0.691112 0.694103
vn -0.201459 -0.691112 0.694103
vn -0.201459 -0.691112 0.694103
vn 0.349111 0.650432 -0.674581
vn 0.349111 0.650432 -0.674581
vn 0.349111 0.650432 -0.674581
vn 0.349111 0.650432 -0.674581
vn 0.015734 -0.667065 0.744833
vn 0.015734 -0.667065 0.744833
vn 0.015734 -0.667065 0.744833
vn 0.015734 -0.667065 0.744833
vn 0.151837 0.649957 -0.744648
vn 0.151837 0.649957 -0.744648
vn 0.151837 0.649957 -0.744648
vn 0.151837 0.649957 -0.744649
vn -0.755129 0.649951 -0.085700
vn -0.755129 0.649951 -0.085700
vn -0.755129 0.649951 -0.085700
vn -0.755129 0.649951 -0.085700
vn 0.703510 -0.667071 0.245131
vn 0.703510 -0.667071 0.245131
vn 0.703510 -0.667071 0.245131
vn 0.703510 -0.667071 0.245131
vn 0.264154 0.624745 -0.734791
vn 0.264154 0.624745 -0.734791
vn 0.264154 0.624745 -0.734791
vn 0.264154 0.624745 -0.734791
vn -0.117109 -0.633261 0.765027
vn -0.117109 -0.633261 0.765027
vn -0.117109 -0.633261 0.765027
vn -0.117109 -0.633261 0.765027
vn 0.763756 -0.633281 0.125024
vn 0.763756 -0.633281 0.125024
vn 0.763756 -0.633281 0.125024
vn 0.763756 -0.633281 0.125024
vn -0.780445 0.624758 0.024151
vn -0.780445 0.624758 0.024151
vn -0.780445 0.624758 0.024151
vn -0.780445 0.624758 0.024151
vn 0.679959 -0.691114 0.244986
vn 0.679959 -0.691114 0.244986
vn 0.679958 -0.691114 0.244986
vn 0.679959 -0.691114 0.244986
vn -0.750960 0.650424 -0.114053
vn -0.750960 0.650424 -0.114053
vn -0.750960 0.650424 -0.114053
vn -0.750960 0.650424 -0.114053
vn 0.022888 -0.691122 0.722376
vn 0.022888 -0.691122 0.722376
vn 0.022888 -0.691122 0.722376
vn 0.022888 -0.691122 0.722376
vn 0.123568 0.650428 -0.749449
vn 0.123568 0.650428 -0.749449
vn 0.123568 0.650428 -0.749449
vn 0.123568 0.650428 -0.749449
vn 0.245130 -0.667072 0.703510
vn 0.245130 -0.667072 0.703510
vn 0.245130 -0.667072 0.703510
vn 0.245130 -0.667072 0.703510
vn -0.085708 0.649949 -0.755130
vn -0.085708 0.649949 -0.755130
vn -0.085708 0.649949 -0.755130
vn -0.085708 0.649949 -0.755130
vn -0.744655 0.649944 0.151860
vn -0.744655 0.649944 0.151860
vn -0.744655 0.649944 0.151860
vn -0.744655 0.649944 0.151860
vn 0.744834 -0.667065 0.015728
vn 0.744834 -0.667065 0.015728
vn 0.744834 -0.667064 0.015728
vn 0.744834 -0.667064 0.015728
vn 0.024149 0.624750 -0.780451
vn 0.024149 0.624750 -0.780451
vn 0.024149 0.624750 -0.780451
vn 0.024149 0.624750 -0.780451
vn 0.125037 -0.633258 0.763773
vn 0.125037 -0.633258 0.763773
vn 0.125037 -0.633258 0.763773
vn 0.125037 -0.633258 0.763774
vn 0.765033 -0.633252 -0.117116
vn 0.765033 -0.633252 -0.117116
vn 0.765033 -0.633252 -0.117116
vn 0.765033 -0.633252 -0.117116
vn -0.734806 0.624738 0.264126
vn -0.734806 0.624738 0.264126
vn -0.734806 0.624738 0.264126
vn -0.734806 0.624738 0.264126
vn 0.722400 -0.691096 0.022889
vn 0.722400 -0.691096 0.022889
vn 0.722400 -0.691096 0.022889
vn 0.722400 -0.691096 0.022889
vn -0.749450 0.650424 0.123587
vn -0.749450 0.650424 0.123587
vn -0.749450 0.650424 0.123587
vn -0.749450 0.650424 0.123587
vn 0.244999 -0.691107 0.679961
vn 0.244999 -0.691107 0.679961
vn 0.244999 -0.691107 0.679961
vn 0.244999 -0.691107 0.679961
vn -0.114071 0.650427 -0.750954
vn -0.114071 0.650427 -0.750954
vn -0.114071 0.650427 -0.750954
vn -0.114071 0.650427 -0.750954
vn 0.450517 -0.667085 0.593323
vn 0.450517 -0.667085 0.593323
vn 0.450517 -0.667085 0.593323
vn 0.450517 -0.667085 0.593323
vn -0.314858 0.649943 -0.691692
vn -0.314858 0.649943 -0.691692
vn -0.314858 0.649943 -0.691692
vn -0.314858 0.649943 -0.691692
vn -0.661285 0.649945 0.374531
vn -0.661285 0.649945 0.374531
vn -0.661285 0.649945 0.374531
vn -0.661285 0.649945 0.374531
vn 0.713229 -0.667078 -0.215200
vn 0.713229 -0.667078 -0.215200
vn 0.713229 -0.667078 -0.215200
vn 0.713229 -0.667078 -0.215200
vn -0.218212 0.624748 -0.749716
vn -0.218212 0.624748 -0.749716
vn -0.218212 0.624748 -0.749716
vn -0.218212 0.624748 -0.749716
vn 0.354934 -0.633264 0.687749
vn 0.354934 -0.633265 0.687749
vn 0.354934 -0.633265 0.687749
vn 0.354934 -0.633265 0.687749
vn 0.691406 -0.633250 -0.347783
vn 0.691406 -0.633250 -0.347783
vn 0.691406 -0.633250 -0.347783
vn 0.691406 -0.633250 -0.347783
vn -0.617192 0.624749 0.478292
vn -0.617192 0.624749 0.478292
vn -0.617192 0.624749 0.478292
vn -0.617192 0.624749 0.478292
vn 0.694095 -0.691120 -0.201458
vn 0.694095 -0.691120 -0.201458
vn 0.694095 -0.691120 -0.201458
vn 0.694095 -0.691120 -0.201458
vn -0.674575 0.650423 0.349141
vn -0.674575 0.650423 0.349141
vn -0.674575 0.650423 0.349141
vn -0.674575 0.650423 0.349141
vn 0.443124 -0.691110 0.570972
vn 0.443124 -0.691110 0.570972
vn 0.443124 -0.691110 0.570972
vn 0.443124 -0.691110 0.570972
vn -0.340541 0.650433 -0.678947
vn -0.340541 0.650433 -0.678947
vn -0.340541 0.650433 -0.678947
vn -0.340541 0.650433 -0.678947
vn 0.611821 -0.667080 0.425065
vn 0.611821 -0.667080 0.425065
vn 0.611821 -0.667080 0.425065
vn 0.611821 -0.667080 0.425065
vn -0.513191 0.649957 -0.560527
vn -0.513191 0.649957 -0.560528
vn -0.513191 0.649957 -0.560527
vn -0.513192 0.649957 -0.560527
vn -0.513194 0.649946 0.560537
vn -0.513194 0.649946 0.560537
vn -0.513194 0.649946 0.560537
vn -0.513194 0.649946 0.560537
vn 0.611821 -0.667069 -0.425081
vn 0.611821 -0.667069 -0.425081
vn 0.611821 -0.667069 -0.425081
vn 0.611821 -0.667069 -0.425081
vn -0.439195 0.624760 -0.645587
vn -0.439195 0.624760 -0.645587
vn -0.439195 0.624760 -0.645587
vn -0.439195 0.624760 -0.645587
vn 0.550089 -0.633258 0.544415
vn 0.550089 -0.633258 0.544415
vn 0.550089 -0.633258 0.544415
vn 0.550089 -0.633258 0.544415
vn 0.550077 -0.633274 -0.544407
vn 0.550077 -0.633274 -0.544407
vn 0.550077 -0.633274 -0.544407
vn 0.550077 -0.633274 -0.544407
vn -0.439203 0.624740 0.645601
vn -0.439203 0.624740 0.645601
vn -0.439203 0.624740 0.645601
vn -0.439203 0.624740 0.645601
vn 0.597864 -0.691117 -0.406099
vn 0.597864 -0.691117 -0.406099
vn 0.597864 -0.691117 -0.406099
vn 0.597864 -0.691117 -0.406099
vn -0.533684 0.650422 0.540493
vn -0.533683 0.650422 0.540493
vn -0.533683 0.650422 0.540493
vn -0.533683 0.650422 0.540493
vn 0.597879 -0.691109 0.406091
vn 0.597879 -0.691109 0.406091
vn 0.597879 -0.691109 0.406091
vn 0.597879 -0.691109 0.406091
vn -0.533687 0.650431 -0.540480
vn -0.533687 0.650431 -0.540480
vn -0.533687 0.650431 -0.540480
vn -0.533687 0.650431 -0.540480
vn 0.713223 -0.667085 0.215198
vn 0.713223 -0.667085 0.215198
vn 0.713223 -0.667085 0.215198
vn 0.713223 -0.667085 0.215198
vn -0.661288 0.649940 -0.374535
vn -0.661288 0.649940 -0.374535
vn -0.661288 0.649940 -0.374535
vn -0.661288 0.649940 -0.374535
vn -0.314857 0.649950 0.691687
vn -0.314857 0.649950 0.691687
vn -0.314857 0.649950 0.691687
vn -0.314857 0.649950 0.691687
vn 0.450526 -0.667066 -0.593337
vn 0.450526 -0.667066 -0.593337
vn 0.450526 -0.667066 -0.593337
vn 0.450526 -0.667066 -0.593337
vn -0.617206 0.624743 -0.478282
vn -0.617206 0.624743 -0.478282
vn -0.617206 0.624743 -0.478282
vn -0.617206 0.624743 -0.478282
vn 0.691397 -0.633260 0.347780
vn 0.691397 -0.633260 0.347780
vn 0.691397 -0.633260 0.347780
vn 0.691397 -0.633260 0.347780
vn 0.354930 -0.633261 -0.687754
vn 0.354930 -0.633261 -0.687754
vn 0.354930 -0.633261 -0.687754
vn 0.354930 -0.633261 -0.687754
vn -0.218212 0.624749 0.749715
vn -0.218212 0.624749 0.749715
vn -0.218212 0.624749 0.749715
vn -0.218212 0.624749 0.749715
vn 0.443130 -0.691110 -0.570966
vn 0.443130 -0.691110 -0.570966
vn 0.443130 -0.691110 -0.570966
vn 0.443130 -0.691110 -0.570966
vn -0.340538 0.650429 0.678952
vn -0.340538 0.650429 0.678952
vn -0.340538 0.650429 0.678952
vn -0.340538 0.650429 0.678952
vn 0.694086 -0.691129 0.201458
vn 0.694086 -0.691129 0.201458
vn 0.694086 -0.691129 0.201458
vn 0.694086 -0.691129 0.201458
vn -0.674564 0.650434 -0.349140
vn -0.674564 0.650434 -0.349140
vn -0.674564 0.650434 -0.349140
vn -0.674564 0.650434 -0.349140
vn 0.744837 -0.667062 -0.015702
vn 0.744837 -0.667062 -0.015702
vn 0.744837 -0.667062 -0.015702
vn 0.744837 -0.667062 -0.015702
vn -0.744670 0.649929 -0.151850
vn -0.744670 0.649929 -0.151850
vn -0.744670 0.649929 -0.151850
vn -0.744670 0.649929 -0.151850
vn -0.085706 0.649955 0.755124
vn -0.085706 0.649955 0.755124
vn -0.085706 0.649955 0.755124
vn -0.085706 0.649955 0.755124
vn 0.245129 -0.667069 -0.703513
vn 0.245129 -0.667069 -0.703513
vn 0.245129 -0.667069 -0.703513
vn 0.245129 -0.667069 -0.703513
vn -0.734808 0.624735 -0.264127
vn -0.734808 0.624735 -0.264127
vn -0.734808 0.624735 -0.264127
vn -0.734808 0.624735 -0.264127
vn 0.765032 -0.633253 0.117120
vn 0.765032 -0.633253 0.117120
vn 0.765032 -0.633253 0.117120
vn 0.765032 -0.633253 0.117120
vn 0.125037 -0.633260 -0.763772
vn 0.125037 -0.633260 -0.763772
vn 0.125037 -0.633260 -0.763772
vn 0.125037 -0.633260 -0.763772
vn 0.024148 0.624752 0.780450
vn 0.024148 0.624752 0.780450
vn 0.024148 0.624752 0.780450
vn 0.024148 0.624752 0.780450
vn 0.244993 -0.691116 -0.679953
vn 0.244993 -0.691116 -0.679954
vn 0.244993 -0.691116 -0.679953
vn 0.244993 -0.691116 -0.679953
vn -0.114067 0.650420 0.750961
vn -0.114067 0.650420 0.750961
vn -0.114067 0.650420 0.750961
vn -0.114067 0.650420 0.750961
vn 0.722398 -0.691099 -0.022874
vn 0.722398 -0.691099 -0.022874
vn 0.722398 -0.691099 -0.022874
vn 0.722398 -0.691099 -0.022874
vn -0.749459 0.650411 -0.123600
vn -0.749459 0.650411 -0.123600
vn -0.749459 0.650411 -0.123600
vn -0.749459 0.650411 -0.123600
vn 0.703515 -0.667068 -0.245127
vn 0.703515 -0.667068 -0.245127
vn 0.703515 -0.667068 -0.245127
vn 0.703515 -0.667068 -0.245127
vn -0.755129 0.649951 0.085704
vn -0.755129 0.649951 0.085704
vn -0.755129 0.649951 0.085704
vn -0.755129 0.649951 0.085704
vn 0.151834 0.649944 0.744661
vn 0.151834 0.649944 0.744661
vn 0.151834 0.649944 0.744661
vn 0.151834 0.649944 0.744661
vn 0.015730 -0.667064 -0.744834
vn 0.015730 -0.667064 -0.744834
vn 0.015730 -0.667064 -0.744834
vn 0.015730 -0.667064 -0.744834
vn -0.780438 0.624767 -0.024149
vn -0.780438 0.624767 -0.024149
vn -0.780438 0.624767 -0.024149
vn -0.780438 0.624767 -0.024149
vn 0.763763 -0.633271 -0.125036
vn 0.763763 -0.633271 -0.125036
vn 0.763763 -0.633271 -0.125036
vn 0.763763 -0.633271 -0.125036
vn -0.117107 -0.633259 -0.765029
vn -0.117107 -0.633259 -0.765029
vn -0.117107 -0.633259 -0.765029
vn -0.117107 -0.633259 -0.765029
vn 0.264152 0.624751 0.734785
vn 0.264152 0.624751 0.734785
vn 0.264152 0.624751 0.734785
vn 0.264152 0.624751 0.734785
vn 0.022890 -0.691110 -0.722387
vn 0.022890 -0.691110 -0.722387
vn 0.022890 -0.691110 -0.722387
vn 0.022890 -0.691110 -0.722387
vn 0.123566 0.650429 0.749449
vn 0.123566 0.650429 0.749449
vn 0.123566 0.650429 0.749449
vn 0.123566 0.650429 0.749449
vn 0.679957 -0.691115 -0.244987
vn 0.679957 -0.691115 -0.244987
vn 0.679957 -0.691115 -0.244987
vn 0.679957 -0.691115 -0.244987
vn -0.750962 0.650421 0.114055
vn -0.750962 0.650421 0.114055
vn -0.750962 0.650421 0.114055
vn -0.750962 0.650421 0.114055
vn 0.593343 -0.667069 -0.450514
vn 0.593343 -0.667069 -0.450514
vn 0.593343 -0.667069 -0.450514
vn 0.593343 -0.667069 -0.450514
vn -0.691685 0.649945 0.314871
vn -0.691685 0.649944 0.314871
vn -0.691685 0.649944 0.314871
vn -0.691685 0.649944 0.314871
vn 0.374526 0.649953 0.661280
vn 0.374526 0.649953 0.661280
vn 0.374526 0.649953 0.661280
vn 0.374526 0.649953 0.661280
vn -0.215196 -0.667081 -0.713227
vn -0.215196 -0.667081 -0.713227
vn -0.215196 -0.667081 -0.713227
vn -0.215196 -0.667081 -0.713227
vn -0.749713 0.624744 0.218231
vn -0.749713 0.624744 0.218231
vn -0.749713 0.624744 0.218231
vn -0.749713 0.624744 0.218231
vn 0.687743 -0.633277 -0.354923
vn 0.687743 -0.633277 -0.354923
vn 0.687743 -0.633277 -0.354923
vn 0.687743 -0.633277 -0.354923
vn -0.347785 -0.633246 -0.691408
vn -0.347785 -0.633246 -0.691408
vn -0.347785 -0.633246 -0.691408
vn -0.347785 -0.633246 -0.691408
vn 0.478282 0.624735 0.617213
vn 0.478282 0.624735 0.617213
vn 0.478282 0.624735 0.617213
vn 0.478282 0.624735 0.617213
vn -0.201462 -0.691109 -0.694105
vn -0.201462 -0.691109 -0.694105
vn -0.201462 -0.691109 -0.694105
vn -0.201462 -0.691109 -0.694105
vn 0.349109 0.650436 0.674578
vn 0.349109 0.650436 0.674578
vn 0.349109 0.650436 0.674578
vn 0.349109 0.650436 0.674578
vn 0.570977 -0.691110 -0.443117
vn 0.570977 -0.691110 -0.443117
vn 0.570977 -0.691110 -0.443117
vn 0.570977 -0.691110 -0.443117
vn -0.678969 0.650416 0.340529
vn -0.678969 0.650416 0.340529
vn -0.678969 0.650416 0.340529
vn -0.678969 0.650416 0.340529
vn 0.310600 -0.686129 -0.657841
vn 0.310600 -0.686129 -0.657841
vn 0.310600 -0.686129 -0.657841
vn 0.310600 -0.686129 -0.657841
vn -0.470095 0.660185 0.585804
vn -0.470095 0.660185 0.585804
vn -0.470095 0.660185 0.585804
vn -0.470095 0.660185 0.585804
vn 0.724640 0.660190 0.197604
vn 0.724640 0.660190 0.197604
vn 0.724640 0.660190 0.197604
vn 0.724640 0.660190 0.197604
vn -0.637947 -0.686134 -0.349633
vn -0.637947 -0.686134 -0.349633
vn -0.637947 -0.686134 -0.349633
vn -0.637947 -0.686134 -0.349633
vn -0.552731 0.638769 0.535222
vn -0.552731 0.638769 0.535222
vn -0.552731 0.638769 0.535222
vn -0.552731 0.638769 0.535222
vn 0.424906 -0.648448 -0.631641
vn 0.424907 -0.648448 -0.631641
vn 0.424907 -0.648448 -0.631641
vn 0.424907 -0.648448 -0.631641
vn -0.715031 -0.648452 -0.261231
vn -0.715031 -0.648452 -0.261231
vn -0.715031 -0.648452 -0.261231
vn -0.715030 -0.648452 -0.261231
vn 0.761743 0.638790 0.108145
vn 0.761743 0.638790 0.108145
vn 0.761743 0.638790 0.108145
vn 0.761743 0.638790 0.108145
vn 0.691077 0.638757 0.338234
vn 0.691077 0.638757 0.338234
vn 0.691077 0.638757 0.338234
vn 0.691077 0.638757 0.338234
vn -0.599297 -0.648486 -0.469370
vn -0.599297 -0.648486 -0.469370
vn -0.599297 -0.648486 -0.469370
vn -0.599297 -0.648486 -0.469370
vn 0.628112 0.660181 0.411869
vn 0.628112 0.660181 0.411869
vn 0.628112 0.660181 0.411869
vn 0.628112 0.660181 0.411869
vn -0.498686 -0.686131 -0.529657
vn -0.498686 -0.686131 -0.529657
vn -0.498686 -0.686131 -0.529657
vn -0.498686 -0.686131 -0.529657
vn -0.691054 0.638781 0.338234
vn -0.691054 0.638781 0.338234
vn -0.691054 0.638781 0.338234
vn -0.691054 0.638781 0.338234
vn 0.599304 -0.648445 -0.469419
vn 0.599304 -0.648445 -0.469419
vn 0.599304 -0.648445 -0.469419
vn 0.599304 -0.648445 -0.469419
vn 0.498702 -0.686118 -0.529658
vn 0.498702 -0.686118 -0.529658
vn 0.498702 -0.686118 -0.529658
vn 0.498702 -0.686118 -0.529658
vn -0.628128 0.660178 0.411851
vn -0.628128 0.660178 0.411851
vn -0.628128 0.660178 0.411851
vn -0.628128 0.660178 0.411851
vn 0.092124 -0.686129 -0.721623
vn 0.092124 -0.686129 -0.721623
vn 0.092124 -0.686129 -0.721623
vn 0.092124 -0.686129 -0.721623
vn -0.266068 0.660181 0.702402
vn -0.266068 0.660181 0.702402
vn -0.266068 0.660181 0.702402
vn -0.266068 0.660181 0.702402
vn 0.750241 0.660185 -0.035988
vn 0.750241 0.660185 -0.035988
vn 0.750241 0.660185 -0.035988
vn 0.750241 0.660185 -0.035988
vn -0.714766 -0.686135 -0.135385
vn -0.714766 -0.686135 -0.135385
vn -0.714766 -0.686135 -0.135385
vn -0.714766 -0.686135 -0.135385
vn -0.360282 0.638768 0.679833
vn -0.360282 0.638768 0.679833
vn -0.360282 0.638768 0.679833
vn -0.360282 0.638768 0.679833
vn 0.208936 -0.648452 -0.732022
vn 0.208936 -0.648452 -0.732022
vn 0.208936 -0.648452 -0.732022
vn 0.208936 -0.648452 -0.732022
vn -0.760769 -0.648441 -0.027493
vn -0.760769 -0.648441 -0.027493
vn -0.760769 -0.648441 -0.027493
vn -0.760769 -0.648441 -0.027493
vn 0.757886 0.638775 -0.132569
vn 0.757886 0.638775 -0.132569
vn 0.757886 0.638775 -0.132569
vn 0.757886 0.638775 -0.132569
vn -0.135380 -0.686131 -0.714771
vn -0.135380 -0.686131 -0.714771
vn -0.135380 -0.686131 -0.714771
vn -0.135380 -0.686131 -0.714771
vn -0.035999 0.660174 0.750249
vn -0.035999 0.660174 0.750249
vn -0.035999 0.660174 0.750249
vn -0.035999 0.660174 0.750249
vn 0.702382 0.660196 -0.266084
vn 0.702382 0.660196 -0.266084
vn 0.702382 0.660196 -0.266084
vn 0.702382 0.660196 -0.266084
vn -0.721625 -0.686127 0.092129
vn -0.721625 -0.686127 0.092129
vn -0.721625 -0.686127 0.092129
vn -0.721625 -0.686127 0.092129
vn -0.132563 0.638764 0.757897
vn -0.132563 0.638764 0.757897
vn -0.132563 0.638764 0.757897
vn -0.132563 0.638764 0.757897
vn -0.027497 -0.648447 -0.760763
vn -0.027497 -0.648447 -0.760763
vn -0.027497 -0.648447 -0.760763
vn -0.027497 -0.648447 -0.760763
vn -0.732029 -0.648448 0.208922
vn -0.732029 -0.648448 0.208922
vn -0.732029 -0.648448 0.208922
vn -0.732029 -0.648448 0.208922
vn 0.679826 0.638771 -0.360290
vn 0.679826 0.638771 -0.360290
vn 0.679826 0.638771 -0.360290
vn 0.679826 0.638771 -0.360290
vn -0.349626 -0.686137 -0.637948
vn -0.349626 -0.686137 -0.637948
vn -0.349626 -0.686137 -0.637948
vn -0.349626 -0.686137 -0.637948
vn 0.197604 0.660195 0.724635
vn 0.197604 0.660195 0.724635
vn 0.197604 0.660195 0.724635
vn 0.197604 0.660195 0.724635
vn 0.585797 0.660184 -0.470106
vn 0.585797 0.660184 -0.470106
vn 0.585797 0.660184 -0.470106
vn 0.585797 0.660184 -0.470106
vn -0.657826 -0.686137 0.310614
vn -0.657826 -0.686137 0.310614
vn -0.657826 -0.686137 0.310614
vn -0.657826 -0.686137 0.310614
vn 0.108127 0.638767 0.761765
vn 0.108127 0.638767 0.761765
vn 0.108127 0.638767 0.761765
vn 0.108127 0.638767 0.761765
vn -0.261239 -0.648447 -0.715032
vn -0.261239 -0.648447 -0.715032
vn -0.261239 -0.648447 -0.715032
vn -0.261239 -0.648447 -0.715032
vn -0.631626 -0.648442 0.424937
vn -0.631626 -0.648442 0.424937
vn -0.631626 -0.648442 0.424937
vn -0.631626 -0.648442 0.424937
vn 0.535241 0.638752 -0.552732
vn 0.535241 0.638752 -0.552732
vn 0.535241 0.638752 -0.552732
vn 0.535241 0.638752 -0.552732
vn -0.529657 -0.686133 -0.498683
vn -0.529657 -0.686133 -0.498683
vn -0.529657 -0.686133 -0.498683
vn -0.529657 -0.686133 -0.498683
vn 0.411861 0.660200 0.628098
vn 0.411861 0.660200 0.628098
vn 0.411861 0.660200 0.628098
vn 0.411861 0.660200 0.628098
vn 0.411866 0.660187 -0.628108
vn 0.411866 0.660187 -0.628108
vn 0.411866 0.660187 -0.628108
vn 0.411866 0.660187 -0.628108
vn -0.529656 -0.686135 0.498682
vn -0.529656 -0.686135 0.498682
vn -0.529656 -0.686135 0.498682
vn -0.529656 -0.686135 0.498682
vn 0.338239 0.638761 0.691070
vn 0.338239 0.638761 0.691070
vn 0.338239 0.638761 0.691070
vn 0.338239 0.638761 0.691070
vn -0.469401 -0.648441 -0.599321
vn -0.469401 -0.648441 -0.599321
vn -0.469401 -0.648441 -0.599321
vn -0.469401 -0.648441 -0.599321
vn -0.469401 -0.648441 0.599322
vn -0.469401 -0.648441 0.599322
vn -0.469401 -0.648441 0.599322
vn -0.469401 -0.648441 0.599322
vn 0.338237 0.638763 -0.691070
vn 0.338236 0.638763 -0.691070
vn 0.338236 0.638763 -0.691070
vn 0.338236 0.638763 -0.691070
vn -0.657826 -0.686137 -0.310613
vn -0.657826 -0.686137 -0.310613
vn -0.657826 -0.686137 -0.310613
vn -0.657826 -0.686137 -0.310613
vn 0.585795 0.660189 0.470101
vn 0.585795 0.660189 0.470101
vn 0.585795 0.660189 0.470101
vn 0.585795 0.660189 0.470101
vn 0.197608 0.660186 -0.724642
vn 0.197608 0.660186 -0.724642
vn 0.197608 0.660186 -0.724642
vn 0.197608 0.660186 -0.724642
vn -0.349628 -0.686135 0.637949
vn -0.349628 -0.686135 0.637949
vn -0.349628 -0.686135 0.637949
vn -0.349628 -0.686135 0.637949
vn 0.535242 0.638752 0.552731
vn 0.535242 0.638752 0.552731
vn 0.535242 0.638752 0.552731
vn 0.535242 0.638752 0.552731
vn -0.631629 -0.648438 -0.424938
vn -0.631629 -0.648438 -0.424938
vn -0.631629 -0.648438 -0.424938
vn -0.631629 -0.648438 -0.424938
vn -0.261231 -0.648448 0.715034
vn -0.261231 -0.648448 0.715034
vn -0.261231 -0.648448 0.715034
vn -0.261231 -0.648448 0.715034
vn 0.108128 0.638761 -0.761769
vn 0.108128 0.638761 -0.761769
vn 0.108128 0.638761 -0.761769
vn 0.108128 0.638761 -0.761769
vn -0.721626 -0.686122 -0.092157
vn -0.721626 -0.686122 -0.092157
vn -0.721626 -0.686122 -0.092157
vn -0.721626 -0.686122 -0.092157
vn 0.702401 0.660177 0.266080
vn 0.702401 0.660177 0.266080
vn 0.702401 0.660177 0.266080
vn 0.702401 0.660177 0.266080
vn -0.035994 0.660179 -0.750246
vn -0.035994 0.660179 -0.750246
vn -0.035994 0.660179 -0.750246
vn -0.035994 0.660179 -0.750246
vn -0.135376 -0.686132 0.714770
vn -0.135376 -0.686132 0.714770
vn -0.135376 -0.686132 0.714770
vn -0.135376 -0.686132 0.714770
vn 0.679832 0.638765 0.360288
vn 0.679832 0.638765 0.360288
vn 0.679832 0.638765 0.360288
vn 0.679832 0.638765 0.360288
vn -0.732027 -0.648450 -0.208923
vn -0.732027 -0.648450 -0.208923
vn -0.732027 -0.648450 -0.208923
vn -0.732027 -0.648450 -0.208923
vn -0.027498 -0.648445 0.760764
vn -0.027498 -0.648445 0.760765
vn -0.027498 -0.648445 0.760765
vn -0.027498 -0.648445 0.760765
vn -0.132558 0.638769 -0.757894
vn -0.132558 0.638769 -0.757894
vn -0.132558 0.638769 -0.757894
vn -0.132558 0.638769 -0.757894
vn -0.714761 -0.686140 0.135383
vn -0.714761 -0.686140 0.135383
vn -0.714761 -0.686140 0.135383
vn -0.714761 -0.686140 0.135383
vn 0.750237 0.660189 0.035988
vn 0.750237 0.660189 0.035988
vn 0.750237 0.660189 0.035988
vn 0.750237 0.660189 0.035988
vn -0.266065 0.660188 -0.702397
vn -0.266065 0.660188 -0.702397
vn -0.266065 0.660188 -0.702397
vn -0.266065 0.660188 -0.702397
vn 0.092117 -0.686129 0.721624
vn 0.092117 -0.686129 0.721624
vn 0.092117 -0.686129 0.721624
vn 0.092117 -0.686129 0.721624
vn 0.757891 0.638768 0.132576
vn 0.757892 0.638768 0.132576
vn 0.757892 0.638768 0.132576
vn 0.757892 0.638768 0.132576
vn -0.760774 -0.648434 0.027497
vn -0.760774 -0.648434 0.027497
vn -0.760774 -0.648434 0.027497
vn -0.760774 -0.648434 0.027497
vn 0.208937 -0.648455 0.732019
vn 0.208937 -0.648455 0.732019
vn 0.208937 -0.648455 0.732019
vn 0.208937 -0.648455 0.732019
vn -0.360266 0.638774 -0.679836
vn -0.360266 0.638774 -0.679836
vn -0.360266 0.638774 -0.679836
vn -0.360266 0.638774 -0.679836
vn -0.637948 -0.686133 0.349635
vn -0.637948 -0.686133 0.349634
vn -0.637948 -0.686133 0.349634
vn -0.637948 -0.686133 0.349634
vn 0.724637 0.660193 -0.197602
vn 0.724637 0.660193 -0.197602
vn 0.724637 0.660193 -0.197602
vn 0.724637 0.660193 -0.197602
vn -0.470097 0.660184 -0.585804
vn -0.470097 0.660184 -0.585804
vn -0.470097 0.660184 -0.585804
vn -0.470097 0.660184 -0.585804
vn 0.310600 -0.686134 0.657836
vn 0.310600 -0.686134 0.657836
vn 0.310600 -0.686134 0.657836
vn 0.310600 -0.686134 0.657836
vn 0.761764 0.638768 -0.108122
vn 0.761764 0.638768 -0.108122
vn 0.761764 0.638768 -0.108122
vn 0.761764 0.638768 -0.108122
vn -0.715048 -0.648428 0.261242
vn -0.715048 -0.648428 0.261242
vn -0.715048 -0.648428 0.261242
vn -0.715048 -0.648428 0.261242
vn 0.424901 -0.648485 0.631606
vn 0.424901 -0.648485 0.631606
vn 0.424901 -0.648485 0.631606
vn 0.424901 -0.648485 0.631606
vn -0.552733 0.638767 -0.535222
vn -0.552733 0.638767 -0.535222
vn -0.552733 0.638767 -0.535222
vn -0.552733 0.638767 -0.535222
vn -0.498685 -0.686132 0.529656
vn -0.498685 -0.686132 0.529656
vn -0.498685 -0.686132 0.529656
vn -0.498685 -0.686132 0.529656
vn 0.628111 0.660183 -0.411867
vn 0.628111 0.660183 -0.411867
vn 0.628111 0.660184 -0.411867
vn 0.628111 0.660184 -0.411867
vn -0.628130 0.660175 -0.411851
vn -0.628130 0.660175 -0.411851
vn -0.628130 0.660175 -0.411851
vn -0.628130 0.660175 -0.411851
vn 0.498702 -0.686118 0.529658
vn 0.498702 -0.686118 0.529658
vn 0.498702 -0.686118 0.529658
vn 0.498702 -0.686118 0.529658
vn 0.691079 0.638755 -0.338235
vn 0.691079 0.638755 -0.338235
vn 0.691079 0.638755 -0.338235
vn 0.691079 0.638755 -0.338235
vn -0.599300 -0.648483 0.469372
vn -0.599300 -0.648483 0.469372
vn -0.599300 -0.648483 0.469372
vn -0.599300 -0.648483 0.469372
vn 0.599304 -0.648445 0.469419
vn 0.599304 -0.648445 0.469419
vn 0.599304 -0.648445 0.469419
vn 0.599304 -0.648445 0.469419
vn -0.691059 0.638775 -0.338236
vn -0.691059 0.638775 -0.338236
vn -0.691059 0.638775 -0.338236
vn -0.691059 0.638775 -0.338236
vn -0.310610 -0.686127 0.657838
vn -0.310610 -0.686127 0.657838
vn -0.310610 -0.686127 0.657838
vn -0.310610 -0.686127 0.657838
vn 0.470106 0.660184 -0.585797
vn 0.470106 0.660184 -0.585797
vn 0.470106 0.660184 -0.585797
vn 0.470106 0.660184 -0.585797
vn -0.724637 0.660196 -0.197593
vn -0.724637 0.660196 -0.197593
vn -0.724637 0.660196 -0.197593
vn -0.724637 0.660196 -0.197593
vn 0.637952 -0.686131 0.349631
vn 0.637952 -0.686131 0.349631
vn 0.637952 -0.686131 0.349631
vn 0.637952 -0.686131 0.349631
vn 0.552734 0.638769 -0.535219
vn 0.552734 0.638769 -0.535219
vn 0.552734 0.638769 -0.535219
vn 0.552734 0.638769 -0.535219
vn -0.424931 -0.648444 0.631628
vn -0.424931 -0.648444 0.631628
vn -0.424931 -0.648444 0.631628
vn -0.424931 -0.648444 0.631628
vn 0.715035 -0.648440 0.261247
vn 0.715035 -0.648440 0.261247
vn 0.715035 -0.648440 0.261247
vn 0.715035 -0.648440 0.261247
vn -0.761761 0.638771 -0.108133
vn -0.761761 0.638771 -0.108133
vn -0.761761 0.638771 -0.108133
vn -0.761761 0.638771 -0.108133
vn -0.092128 -0.686129 0.721623
vn -0.092128 -0.686129 0.721623
vn -0.092128 -0.686129 0.721623
vn -0.092128 -0.686129 0.721623
vn 0.266062 0.660193 -0.702393
vn 0.266062 0.660193 -0.702393
vn 0.266062 0.660193 -0.702393
vn 0.266062 0.660193 -0.702393
vn -0.750239 0.660187 0.035982
vn -0.750239 0.660187 0.035982
vn -0.750239 0.660187 0.035982
vn -0.750239 0.660187 0.035982
vn 0.714768 -0.686131 0.135393
vn 0.714768 -0.686131 0.135393
vn 0.714768 -0.686131 0.135393
vn 0.714768 -0.686131 0.135393
vn 0.360283 0.638763 -0.679837
vn 0.360283 0.638763 -0.679837
vn 0.360283 0.638763 -0.679837
vn 0.360283 0.638763 -0.679837
vn -0.208944 -0.648449 0.732022
vn -0.208944 -0.648449 0.732022
vn -0.208944 -0.648449 0.732022
vn -0.208944 -0.648449 0.732022
vn 0.760766 -0.648443 0.027516
vn 0.760766 -0.648443 0.027516
vn 0.760766 -0.648443 0.027516
vn 0.760766 -0.648443 0.027516
vn -0.757888 0.638774 0.132561
vn -0.757888 0.638774 0.132561
vn -0.757888 0.638774 0.132561
vn -0.757888 0.638774 0.132561
vn 0.135379 -0.686135 0.714766
vn 0.135379 -0.686135 0.714766
vn 0.135379 -0.686135 0.714766
vn 0.135379 -0.686135 0.714766
vn 0.035997 0.660184 -0.750241
vn 0.035997 0.660184 -0.750241
vn 0.035997 0.660184 -0.750241
vn 0.035997 0.660184 -0.750241
vn -0.702371 0.660202 0.266099
vn -0.702371 0.660202 0.266099
vn -0.702371 0.660202 0.266099
vn -0.702371 0.660202 0.266099
vn 0.721614 -0.686139 -0.092120
vn 0.721614 -0.686139 -0.092120
vn 0.721614 -0.686139 -0.092120
vn 0.721614 -0.686139 -0.092120
vn 0.132563 0.638770 -0.757892
vn 0.132563 0.638770 -0.757892
vn 0.132563 0.638770 -0.757892
vn 0.132563 0.638770 -0.757892
vn 0.027500 -0.648449 0.760761
vn 0.027500 -0.648449 0.760761
vn 0.027500 -0.648449 0.760761
vn 0.027500 -0.648449 0.760761
vn 0.732034 -0.648443 -0.208921
vn 0.732034 -0.648443 -0.208921
vn 0.732033 -0.648443 -0.208921
vn 0.732034 -0.648443 -0.208921
vn -0.679833 0.638775 0.360269
vn -0.679833 0.638775 0.360269
vn -0.679833 0.638775 0.360269
vn -0.679833 0.638775 0.360269
vn 0.349627 -0.686132 0.637953
vn 0.349627 -0.686132 0.637953
vn 0.349627 -0.686132 0.637953
vn 0.349627 -0.686132 0.637953
vn -0.197602 0.660188 -0.724642
vn -0.197602 0.660188 -0.724642
vn -0.197602 0.660188 -0.724642
vn -0.197602 0.660188 -0.724642
vn -0.585806 0.660188 0.470089
vn -0.585806 0.660188 0.470088
vn -0.585806 0.660188 0.470089
vn -0.585806 0.660188 0.470089
vn 0.657837 -0.686136 -0.310594
vn 0.657837 -0.686136 -0.310594
vn 0.657837 -0.686136 -0.310594
vn 0.657837 -0.686136 -0.310594
vn -0.108127 0.638767 -0.761765
vn -0.108127 0.638766 -0.761765
vn -0.108127 0.638766 -0.761765
vn -0.108127 0.638766 -0.761765
vn 0.261245 -0.648447 0.715030
vn 0.261245 -0.648447 0.715030
vn 0.261245 -0.648447 0.715030
vn 0.261245 -0.648447 0.715030
vn 0.631639 -0.648445 -0.424914
vn 0.631639 -0.648445 -0.424914
vn 0.631639 -0.648445 -0.424914
vn 0.631639 -0.648445 -0.424914
vn -0.535221 0.638772 0.552729
vn -0.535221 0.638772 0.552729
vn -0.535221 0.638772 0.552729
vn -0.535221 0.638772 0.552729
vn 0.529658 -0.686138 0.498676
vn 0.529658 -0.686138 0.498676
vn 0.529658 -0.686138 0.498676
vn 0.529658 -0.686138 0.498676
vn -0.411860 0.660181 -0.628118
vn -0.411860 0.660181 -0.628118
vn -0.411860 0.660181 -0.628118
vn -0.411860 0.660181 -0.628118
vn -0.411855 0.660188 0.628115
vn -0.411855 0.660188 0.628115
vn -0.411855 0.660188 0.628115
vn -0.411855 0.660188 0.628115
vn 0.529651 -0.686131 -0.498693
vn 0.529651 -0.686131 -0.498693
vn 0.529651 -0.686131 -0.498693
vn 0.529651 -0.686131 -0.498693
vn -0.338231 0.638765 -0.691071
vn -0.338231 0.638765 -0.691071
vn -0.338231 0.638765 -0.691071
vn -0.338231 0.638765 -0.691071
vn 0.469412 -0.648449 0.599305
vn 0.469412 -0.648449 0.599305
vn 0.469412 -0.648449 0.599305
vn 0.469412 -0.648449 0.599305
vn 0.469407 -0.648444 -0.599315
vn 0.469407 -0.648444 -0.599315
vn 0.469407 -0.648444 -0.599314
vn 0.469407 -0.648444 -0.599315
vn -0.338236 0.638756 0.691078
vn -0.338236 0.638756 0.691078
vn -0.338236 0.638756 0.691078
vn -0.338236 0.638756 0.691078
vn 0.657841 -0.686125 0.310609
vn 0.657841 -0.686125 0.310609
vn 0.657841 -0.686125 0.310609
vn 0.657841 -0.686125 0.310609
vn -0.585795 0.660195 -0.470093
vn -0.585795 0.660195 -0.470093
vn -0.585795 0.660195 -0.470093
vn -0.585795 0.660195 -0.470093
vn -0.197604 0.660191 0.724638
vn -0.197604 0.660191 0.724638
vn -0.197604 0.660191 0.724638
vn -0.197604 0.660191 0.724638
vn 0.349634 -0.686128 -0.637953
vn 0.349634 -0.686128 -0.637953
vn 0.349634 -0.686128 -0.637953
vn 0.349634 -0.686128 -0.637953
vn -0.535225 0.638763 -0.552734
vn -0.535225 0.638763 -0.552734
vn -0.535225 0.638763 -0.552734
vn -0.535225 0.638763 -0.552734
vn 0.631636 -0.648448 0.424914
vn 0.631636 -0.648448 0.424914
vn 0.631636 -0.648448 0.424914
vn 0.631636 -0.648448 0.424914
vn 0.261246 -0.648438 -0.715038
vn 0.261246 -0.648438 -0.715038
vn 0.261246 -0.648438 -0.715038
vn 0.261246 -0.648438 -0.715038
vn -0.108124 0.638772 0.761760
vn -0.108124 0.638772 0.761760
vn -0.108124 0.638772 0.761760
vn -0.108124 0.638772 0.761760
vn 0.721632 -0.686118 0.092134
vn 0.721632 -0.686118 0.092134
vn 0.721632 -0.686118 0.092134
vn 0.721632 -0.686118 0.092134
vn -0.702390 0.660183 -0.266095
vn -0.702390 0.660183 -0.266095
vn -0.702390 0.660183 -0.266095
vn -0.702390 0.660183 -0.266095
vn 0.035997 0.660176 0.750248
vn 0.035997 0.660176 0.750248
vn 0.035997 0.660176 0.750248
vn 0.035997 0.660176 0.750248
vn 0.135381 -0.686122 -0.714779
vn 0.135381 -0.686122 -0.714779
vn 0.135381 -0.686122 -0.714779
vn 0.135381 -0.686122 -0.714779
vn -0.679813 0.638777 -0.360302
vn -0.679813 0.638777 -0.360302
vn -0.679813 0.638777 -0.360302
vn -0.679813 0.638777 -0.360302
vn 0.732034 -0.648443 0.208921
vn 0.732034 -0.648443 0.208921
vn 0.732034 -0.648443 0.208921
vn 0.732034 -0.648443 0.208921
vn 0.027499 -0.648452 -0.760759
vn 0.027499 -0.648452 -0.760759
vn 0.027499 -0.648452 -0.760759
vn 0.027499 -0.648452 -0.760759
vn 0.132568 0.638765 0.757896
vn 0.132568 0.638765 0.757896
vn 0.132568 0.638765 0.757896
vn 0.132568 0.638765 0.757896
vn 0.714771 -0.686128 -0.135392
vn 0.714771 -0.686128 -0.135392
vn 0.714771 -0.686128 -0.135392
vn 0.714771 -0.686128 -0.135392
vn -0.750238 0.660188 -0.035984
vn -0.750238 0.660188 -0.035984
vn -0.750238 0.660188 -0.035984
vn -0.750238 0.660188 -0.035984
vn 0.266067 0.660190 0.702395
vn 0.266067 0.660190 0.702395
vn 0.266067 0.660190 0.702395
vn 0.266067 0.660190 0.702395
vn -0.092125 -0.686130 -0.721622
vn -0.092125 -0.686130 -0.721622
vn -0.092125 -0.686130 -0.721622
vn -0.092125 -0.686130 -0.721622
vn -0.757888 0.638780 -0.132536
vn -0.757888 0.638780 -0.132536
vn -0.757888 0.638780 -0.132536
vn -0.757888 0.638780 -0.132536
vn 0.760754 -0.648457 -0.027519
vn 0.760754 -0.648457 -0.027519
vn 0.760754 -0.648457 -0.027519
vn 0.760754 -0.648457 -0.027519
vn -0.208940 -0.648448 -0.732024
vn -0.208940 -0.648448 -0.732024
vn -0.208940 -0.648448 -0.732024
vn -0.208940 -0.648448 -0.732024
vn 0.360286 0.638764 0.679835
vn 0.360286 0.638764 0.679835
vn 0.360286 0.638764 0.679835
vn 0.360286 0.638764 0.679835
vn 0.637953 -0.686129 -0.349633
vn 0.637953 -0.686129 -0.349633
vn 0.637953 -0.686129 -0.349633
vn 0.637953 -0.686129 -0.349633
vn -0.724636 0.660197 0.197593
vn -0.724636 0.660197 0.197593
vn -0.724636 0.660197 0.197593
vn -0.724636 0.660197 0.197593
vn 0.470106 0.660184 0.585796
vn 0.470106 0.660184 0.585796
vn 0.470106 0.660184 0.585796
vn 0.470106 0.660184 0.585796
vn -0.310608 -0.686128 -0.657838
vn -0.310608 -0.686128 -0.657838
vn -0.310608 -0.686128 -0.657838
vn -0.310608 -0.686128 -0.657838
vn -0.761761 0.638771 0.108132
vn -0.761761 0.638771 0.108132
vn -0.761761 0.638771 0.108132
vn -0.761761 0.638771 0.108132
vn 0.715042 -0.648432 -0.261249
vn 0.715042 -0.648432 -0.261249
vn 0.715042 -0.648432 -0.261249
vn 0.715042 -0.648432 -0.261249
vn -0.424927 -0.648449 -0.631626
vn -0.424927 -0.648449 -0.631626
vn -0.424927 -0.648449 -0.631626
vn -0.424927 -0.648449 -0.631626
vn 0.552736 0.638763 0.535224
vn 0.552736 0.638763 0.535224
vn 0.552736 0.638763 0.535224
vn 0.552736 0.638763 0.535224
vn 0.394089 -0.709168 -0.584615
vn 0.394089 -0.709168 -0.584615
vn 0.394089 -0.709168 -0.584615
vn 0.394089 -0.709168 -0.584615
vn -0.554629 0.670857 0.492278
vn -0.554629 0.670857 0.492278
vn -0.554629 0.670857 0.492278
vn -0.554629 0.670857 0.492278
vn 0.738060 0.670858 0.072228
vn 0.738060 0.670858 0.072228
vn 0.738060 0.670858 0.072228
vn 0.738060 0.670858 0.072228
vn -0.662449 -0.709176 -0.241311
vn -0.662449 -0.709176 -0.241311
vn -0.662449 -0.709176 -0.241311
vn -0.662449 -0.709176 -0.241311
vn -0.615042 0.654763 0.439328
vn -0.615042 0.654763 0.439328
vn -0.615042 0.654763 0.439328
vn -0.615042 0.654763 0.439328
vn 0.491199 -0.671725 -0.554535
vn 0.491199 -0.671725 -0.554535
vn 0.491198 -0.671725 -0.554535
vn 0.491199 -0.671725 -0.554535
vn -0.723343 -0.671718 -0.159905
vn -0.723343 -0.671718 -0.159905
vn -0.723343 -0.671718 -0.159905
vn -0.723343 -0.671718 -0.159905
vn 0.755813 0.654759 -0.006105
vn 0.755813 0.654759 -0.006105
vn 0.755813 0.654759 -0.006105
vn 0.755813 0.654759 -0.006105
vn 0.720731 0.654740 0.227734
vn 0.720731 0.654740 0.227734
vn 0.720731 0.654740 0.227734
vn 0.720731 0.654740 0.227734
vn -0.638539 -0.671709 -0.375599
vn -0.638539 -0.671709 -0.375599
vn -0.638539 -0.671709 -0.375599
vn -0.638539 -0.671709 -0.375599
vn 0.679616 0.670848 0.296790
vn 0.679616 0.670848 0.296790
vn 0.679616 0.670848 0.296790
vn 0.679616 0.670848 0.296790
vn -0.555473 -0.709160 -0.434215
vn -0.555473 -0.709160 -0.434214
vn -0.555473 -0.709160 -0.434215
vn -0.555473 -0.709160 -0.434214
vn -0.720726 0.654748 0.227724
vn -0.720726 0.654748 0.227724
vn -0.720726 0.654748 0.227724
vn -0.720726 0.654748 0.227725
vn 0.638527 -0.671723 -0.375595
vn 0.638527 -0.671723 -0.375595
vn 0.638527 -0.671723 -0.375595
vn 0.638527 -0.671723 -0.375595
vn 0.555476 -0.709161 -0.434208
vn 0.555476 -0.709161 -0.434208
vn 0.555476 -0.709161 -0.434208
vn 0.555476 -0.709161 -0.434208
vn -0.679626 0.670846 0.296773
vn -0.679626 0.670846 0.296773
vn -0.679626 0.670846 0.296773
vn -0.679626 0.670846 0.296773
vn 0.194160 -0.709171 -0.677775
vn 0.194160 -0.709171 -0.677775
vn 0.194160 -0.709171 -0.677775
vn 0.194160 -0.709171 -0.677775
vn -0.375379 0.670850 0.639571
vn -0.375379 0.670850 0.639571
vn -0.375379 0.670850 0.639571
vn -0.375379 0.670850 0.639571
vn 0.724264 0.670853 -0.159367
vn 0.724264 0.670853 -0.159367
vn 0.724264 0.670853 -0.159367
vn 0.724264 0.670853 -0.159367
vn -0.704597 -0.709175 -0.024780
vn -0.704597 -0.709175 -0.024780
vn -0.704597 -0.709175 -0.024780
vn -0.704597 -0.709175 -0.024780
vn -0.449199 0.654760 0.607873
vn -0.449199 0.654760 0.607873
vn -0.449199 0.654760 0.607873
vn -0.449199 0.654760 0.607873
vn 0.295805 -0.671723 -0.679181
vn 0.295805 -0.671723 -0.679181
vn 0.295805 -0.671723 -0.679181
vn 0.295805 -0.671723 -0.679181
vn -0.737360 -0.671711 0.071449
vn -0.737360 -0.671711 0.071449
vn -0.737360 -0.671711 0.071449
vn -0.737360 -0.671711 0.071449
vn 0.716944 0.654749 -0.239365
vn 0.716944 0.654749 -0.239365
vn 0.716944 0.654749 -0.239365
vn 0.716944 0.654749 -0.239365
vn -0.024792 -0.709170 -0.704601
vn -0.024792 -0.709170 -0.704601
vn -0.024792 -0.709170 -0.704601
vn -0.024792 -0.709170 -0.704601
vn -0.159365 0.670857 0.724261
vn -0.159365 0.670857 0.724261
vn -0.159365 0.670857 0.724261
vn -0.159365 0.670857 0.724261
vn 0.639571 0.670855 -0.375370
vn 0.639571 0.670855 -0.375370
vn 0.639571 0.670855 -0.375370
vn 0.639571 0.670855 -0.375370
vn -0.677778 -0.709170 0.194153
vn -0.677778 -0.709170 0.194153
vn -0.677778 -0.709170 0.194153
vn -0.677778 -0.709170 0.194153
vn -0.239372 0.654749 0.716941
vn -0.239372 0.654749 0.716941
vn -0.239372 0.654749 0.716941
vn -0.239372 0.654749 0.716941
vn 0.071444 -0.671722 -0.737351
vn 0.071444 -0.671721 -0.737351
vn 0.071444 -0.671721 -0.737351
vn 0.071444 -0.671722 -0.737351
vn -0.679201 -0.671704 0.295804
vn -0.679201 -0.671704 0.295804
vn -0.679201 -0.671704 0.295804
vn -0.679201 -0.671704 0.295804
vn 0.607873 0.654756 -0.449205
vn 0.607873 0.654756 -0.449205
vn 0.607873 0.654756 -0.449205
vn 0.607873 0.654756 -0.449205
vn -0.241312 -0.709166 -0.662459
vn -0.241312 -0.709166 -0.662459
vn -0.241312 -0.709166 -0.662459
vn -0.241312 -0.709166 -0.662459
vn 0.072245 0.670850 0.738066
vn 0.072245 0.670850 0.738066
vn 0.072245 0.670850 0.738066
vn 0.072245 0.670850 0.738066
vn 0.492285 0.670838 -0.554646
vn 0.492285 0.670838 -0.554646
vn 0.492285 0.670838 -0.554646
vn 0.492285 0.670838 -0.554646
vn -0.584625 -0.709158 0.394091
vn -0.584625 -0.709158 0.394091
vn -0.584625 -0.709158 0.394091
vn -0.584625 -0.709158 0.394091
vn -0.006110 0.654752 0.755819
vn -0.006110 0.654752 0.755819
vn -0.006110 0.654752 0.755819
vn -0.006110 0.654752 0.755819
vn -0.159903 -0.671723 -0.723339
vn -0.159903 -0.671723 -0.723339
vn -0.159903 -0.671723 -0.723339
vn -0.159903 -0.671723 -0.723339
vn -0.554529 -0.671719 0.491214
vn -0.554529 -0.671719 0.491214
vn -0.554529 -0.671719 0.491214
vn -0.554529 -0.671719 0.491214
vn 0.439305 0.654756 -0.615065
vn 0.439305 0.654756 -0.615065
vn 0.439305 0.654756 -0.615066
vn 0.439305 0.654756 -0.615065
vn -0.434204 -0.709184 -0.555450
vn -0.434204 -0.709184 -0.555450
vn -0.434204 -0.709184 -0.555450
vn -0.434204 -0.709184 -0.555450
vn 0.296785 0.670850 0.679617
vn 0.296785 0.670850 0.679617
vn 0.296785 0.670850 0.679617
vn 0.296785 0.670850 0.679617
vn 0.296787 0.670848 -0.679618
vn 0.296787 0.670848 -0.679618
vn 0.296787 0.670848 -0.679618
vn 0.296787 0.670848 -0.679618
vn -0.434207 -0.709180 0.555452
vn -0.434207 -0.709180 0.555452
vn -0.434207 -0.709180 0.555452
vn -0.434207 -0.709180 0.555452
vn 0.227747 0.654745 0.720722
vn 0.227748 0.654745 0.720722
vn 0.227748 0.654745 0.720722
vn 0.227747 0.654745 0.720722
vn -0.375606 -0.671706 -0.638539
vn -0.375606 -0.671706 -0.638539
vn -0.375606 -0.671706 -0.638539
vn -0.375606 -0.671706 -0.638539
vn -0.375602 -0.671714 0.638532
vn -0.375602 -0.671714 0.638532
vn -0.375602 -0.671714 0.638532
vn -0.375602 -0.671714 0.638532
vn 0.227746 0.654749 -0.720718
vn 0.227746 0.654749 -0.720719
vn 0.227746 0.654749 -0.720719
vn 0.227746 0.654749 -0.720718
vn -0.584616 -0.709165 -0.394093
vn -0.584616 -0.709165 -0.394093
vn -0.584615 -0.709165 -0.394093
vn -0.584616 -0.709165 -0.394093
vn 0.492271 0.670854 0.554638
vn 0.492271 0.670854 0.554638
vn 0.492271 0.670854 0.554638
vn 0.492271 0.670854 0.554638
vn 0.072247 0.670857 -0.738059
vn 0.072247 0.670857 -0.738059
vn 0.072247 0.670857 -0.738059
vn 0.072247 0.670857 -0.738059
vn -0.241313 -0.709164 0.662461
vn -0.241313 -0.709164 0.662461
vn -0.241313 -0.709164 0.662461
vn -0.241313 -0.709164 0.662461
vn 0.439303 0.654760 0.615062
vn 0.439303 0.654760 0.615062
vn 0.439303 0.654760 0.615062
vn 0.439303 0.654760 0.615062
vn -0.554532 -0.671715 -0.491216
vn -0.554532 -0.671715 -0.491216
vn -0.554532 -0.671715 -0.491216
vn -0.554532 -0.671715 -0.491216
vn -0.159898 -0.671721 0.723342
vn -0.159898 -0.671721 0.723342
vn -0.159898 -0.671721 0.723342
vn -0.159898 -0.671721 0.723342
vn -0.006111 0.654747 -0.755823
vn -0.006111 0.654747 -0.755823
vn -0.006111 0.654747 -0.755823
vn -0.006111 0.654747 -0.755823
vn -0.677772 -0.709169 -0.194175
vn -0.677772 -0.709169 -0.194175
vn -0.677773 -0.709169 -0.194175
vn -0.677772 -0.709169 -0.194175
vn 0.639563 0.670856 0.375382
vn 0.639563 0.670856 0.375382
vn 0.639563 0.670856 0.375382
vn 0.639563 0.670856 0.375382
vn -0.159366 0.670852 -0.724265
vn -0.159366 0.670852 -0.724265
vn -0.159366 0.670852 -0.724265
vn -0.159366 0.670852 -0.724265
vn -0.024793 -0.709165 0.704607
vn -0.024793 -0.709165 0.704607
vn -0.024793 -0.709165 0.704607
vn -0.024793 -0.709165 0.704607
vn 0.607882 0.654749 0.449202
vn 0.607882 0.654749 0.449202
vn 0.607882 0.654749 0.449202
vn 0.607882 0.654749 0.449202
vn -0.679193 -0.671713 -0.295802
vn -0.679193 -0.671713 -0.295802
vn -0.679193 -0.671713 -0.295802
vn -0.679193 -0.671713 -0.295802
vn 0.071448 -0.671719 0.737353
vn 0.071448 -0.671719 0.737353
vn 0.071448 -0.671719 0.737353
vn 0.071448 -0.671719 0.737353
vn -0.239375 0.654750 -0.716939
vn -0.239375 0.654750 -0.716939
vn -0.239375 0.654750 -0.716939
vn -0.239375 0.654750 -0.716939
vn -0.704600 -0.709172 0.024796
vn -0.704600 -0.709172 0.024796
vn -0.704600 -0.709172 0.024796
vn -0.704600 -0.709172 0.024796
vn 0.724259 0.670860 0.159360
vn 0.724259 0.670860 0.159360
vn 0.724259 0.670860 0.159360
vn 0.724259 0.670860 0.159360
vn -0.375379 0.670853 -0.639568
vn -0.375379 0.670853 -0.639568
vn -0.375379 0.670853 -0.639568
vn -0.375379 0.670853 -0.639568
vn 0.194153 -0.709170 0.677777
vn 0.194153 -0.709170 0.677777
vn 0.194153 -0.709170 0.677777
vn 0.194153 -0.709170 0.677777
vn 0.716942 0.654755 0.239354
vn 0.716942 0.654755 0.239354
vn 0.716942 0.654755 0.239354
vn 0.716942 0.654755 0.239354
vn -0.737356 -0.671718 -0.071430
vn -0.737356 -0.671718 -0.071430
vn -0.737356 -0.671717 -0.071430
vn -0.737356 -0.671717 -0.071430
vn 0.295805 -0.671726 0.679178
vn 0.295805 -0.671726 0.679178
vn 0.295805 -0.671726 0.679178
vn 0.295805 -0.671726 0.679178
vn -0.449201 0.654757 -0.607875
vn -0.449201 0.654757 -0.607875
vn -0.449201 0.654757 -0.607875
vn -0.449201 0.654757 -0.607875
vn -0.662450 -0.709175 0.241310
vn -0.662450 -0.709175 0.241310
vn -0.662450 -0.709175 0.241310
vn -0.662450 -0.709175 0.241310
vn 0.738062 0.670856 -0.072228
vn 0.738062 0.670856 -0.072228
vn 0.738062 0.670856 -0.072228
vn 0.738062 0.670856 -0.072228
vn -0.554644 0.670852 -0.492268
vn -0.554645 0.670852 -0.492268
vn -0.554644 0.670852 -0.492268
vn -0.554644 0.670852 -0.492268
vn 0.394091 -0.709170 0.584611
vn 0.394091 -0.709170 0.584611
vn 0.394091 -0.709170 0.584611
vn 0.394091 -0.709170 0.584611
vn 0.755812 0.654760 0.006103
vn 0.755812 0.654760 0.006103
vn 0.755812 0.654760 0.006103
vn 0.755812 0.654760 0.006103
vn -0.723344 -0.671717 0.159905
vn -0.723344 -0.671717 0.159905
vn -0.723344 -0.671717 0.159905
vn -0.723344 -0.671717 0.159905
vn 0.491201 -0.671724 0.554534
vn 0.491201 -0.671724 0.554534
vn 0.491201 -0.671724 0.554534
vn 0.491201 -0.671724 0.554534
vn -0.615043 0.654763 -0.439327
vn -0.615043 0.654763 -0.439327
vn -0.615043 0.654763 -0.439327
vn -0.615043 0.654763 -0.439327
vn -0.555470 -0.709164 0.434213
vn -0.555470 -0.709164 0.434213
vn -0.555470 -0.709164 0.434213
vn -0.555470 -0.709164 0.434213
vn 0.679614 0.670851 -0.296790
vn 0.679614 0.670851 -0.296790
vn 0.679614 0.670851 -0.296790
vn 0.679614 0.670851 -0.296790
vn -0.679623 0.670849 -0.296775
vn -0.679623 0.670849 -0.296774
vn -0.679623 0.670849 -0.296775
vn -0.679623 0.670849 -0.296775
vn 0.555475 -0.709162 0.434209
vn 0.555475 -0.709162 0.434209
vn 0.555475 -0.709162 0.434209
vn 0.555475 -0.709162 0.434209
vn 0.720729 0.654742 -0.227734
vn 0.720729 0.654742 -0.227734
vn 0.720729 0.654742 -0.227734
vn 0.720729 0.654742 -0.227734
vn -0.638543 -0.671705 0.375600
vn -0.638543 -0.671705 0.375600
vn -0.638543 -0.671705 0.375600
vn -0.638543 -0.671705 0.375600
vn 0.638530 -0.671719 0.375597
vn 0.638530 -0.671719 0.375597
vn 0.638530 -0.671719 0.375597
vn 0.638530 -0.671719 0.375597
vn -0.720725 0.654749 -0.227725
vn -0.720725 0.654749 -0.227725
vn -0.720725 0.654750 -0.227725
vn -0.720725 0.654749 -0.227725
vn -0.394109 -0.709166 0.584604
vn -0.394109 -0.709166 0.584604
vn -0.394109 -0.709166 0.584604
vn -0.394109 -0.709166 0.584604
vn 0.554655 0.670842 -0.492269
vn 0.554655 0.670842 -0.492269
vn 0.554655 0.670842 -0.492269
vn 0.554655 0.670842 -0.492269
vn -0.738062 0.670853 -0.072256
vn -0.738062 0.670853 -0.072256
vn -0.738062 0.670853 -0.072256
vn -0.738062 0.670853 -0.072256
vn 0.662449 -0.709169 0.241330
vn 0.662449 -0.709169 0.241330
vn 0.662449 -0.709169 0.241330
vn 0.662449 -0.709169 0.241330
vn 0.615048 0.654758 -0.439327
vn 0.615048 0.654758 -0.439327
vn 0.615048 0.654758 -0.439327
vn 0.615048 0.654758 -0.439327
vn -0.491203 -0.671722 0.554535
vn -0.491203 -0.671722 0.554535
vn -0.491203 -0.671722 0.554535
vn -0.491203 -0.671722 0.554535
vn 0.723347 -0.671712 0.159912
vn 0.723347 -0.671712 0.159912
vn 0.723347 -0.671712 0.159912
vn 0.723347 -0.671712 0.159912
vn -0.755817 0.654755 0.006097
vn -0.755817 0.654755 0.006097
vn -0.755817 0.654755 0.006097
vn -0.755817 0.654755 0.006097
vn -0.194157 -0.709169 0.677778
vn -0.194157 -0.709169 0.677778
vn -0.194157 -0.709169 0.677778
vn -0.194157 -0.709169 0.677778
vn 0.375365 0.670863 -0.639566
vn 0.375365 0.670863 -0.639566
vn 0.375365 0.670863 -0.639566
vn 0.375365 0.670863 -0.639566
vn -0.724270 0.670846 0.159370
vn -0.724270 0.670846 0.159370
vn -0.724270 0.670846 0.159370
vn -0.724270 0.670846 0.159370
vn 0.704596 -0.709175 0.024801
vn 0.704596 -0.709175 0.024801
vn 0.704596 -0.709175 0.024801
vn 0.704596 -0.709175 0.024801
vn 0.449205 0.654750 -0.607880
vn 0.449205 0.654750 -0.607880
vn 0.449205 0.654750 -0.607880
vn 0.449205 0.654750 -0.607880
vn -0.295805 -0.671715 0.679190
vn -0.295805 -0.671715 0.679190
vn -0.295805 -0.671715 0.679190
vn -0.295805 -0.671715 0.679190
vn 0.737346 -0.671726 -0.071453
vn 0.737346 -0.671726 -0.071453
vn 0.737346 -0.671725 -0.071453
vn 0.737346 -0.671726 -0.071453
vn -0.716927 0.654758 0.239391
vn -0.716927 0.654758 0.239391
vn -0.716927 0.654758 0.239391
vn -0.716927 0.654758 0.239391
vn 0.024787 -0.709173 0.704599
vn 0.024787 -0.709173 0.704599
vn 0.024787 -0.709173 0.704599
vn 0.024787 -0.709173 0.704599
vn 0.159373 0.670856 -0.724260
vn 0.159373 0.670856 -0.724260
vn 0.159373 0.670856 -0.724260
vn 0.159373 0.670856 -0.724260
vn -0.639576 0.670850 0.375371
vn -0.639576 0.670850 0.375371
vn -0.639576 0.670850 0.375371
vn -0.639576 0.670850 0.375371
vn 0.677778 -0.709166 -0.194165
vn 0.677778 -0.709166 -0.194165
vn 0.677778 -0.709166 -0.194165
vn 0.677778 -0.709166 -0.194165
vn 0.239373 0.654752 -0.716938
vn 0.239373 0.654753 -0.716938
vn 0.239373 0.654753 -0.716938
vn 0.239373 0.654752 -0.716938
vn -0.071446 -0.671716 0.737355
vn -0.071446 -0.671716 0.737355
vn -0.071446 -0.671716 0.737355
vn -0.071446 -0.671716 0.737355
vn 0.679181 -0.671724 -0.295805
vn 0.679181 -0.671724 -0.295805
vn 0.679181 -0.671724 -0.295805
vn 0.679181 -0.671724 -0.295805
vn -0.607880 0.654747 0.449209
vn -0.607880 0.654747 0.449209
vn -0.607880 0.654747 0.449209
vn -0.607880 0.654747 0.449209
vn 0.241301 -0.709176 0.662453
vn 0.241301 -0.709176 0.662453
vn 0.241301 -0.709176 0.662453
vn 0.241301 -0.709176 0.662453
vn -0.072244 0.670856 -0.738061
vn -0.072244 0.670856 -0.738061
vn -0.072244 0.670856 -0.738060
vn -0.072244 0.670856 -0.738061
vn -0.492258 0.670856 0.554648
vn -0.492259 0.670856 0.554648
vn -0.492259 0.670856 0.554648
vn -0.492259 0.670856 0.554648
vn 0.584595 -0.709181 -0.394095
vn 0.584595 -0.709181 -0.394095
vn 0.584595 -0.709181 -0.394095
vn 0.584595 -0.709181 -0.394095
vn 0.006114 0.654754 -0.755818
vn 0.006114 0.654754 -0.755818
vn 0.006114 0.654754 -0.755818
vn 0.006114 0.654754 -0.755818
vn 0.159908 -0.671721 0.723340
vn 0.159908 -0.671721 0.723340
vn 0.159908 -0.671721 0.723340
vn 0.159908 -0.671721 0.723340
vn 0.554544 -0.671713 -0.491205
vn 0.554544 -0.671713 -0.491205
vn 0.554544 -0.671713 -0.491205
vn 0.554544 -0.671713 -0.491205
vn -0.439302 0.654760 0.615064
vn -0.439302 0.654759 0.615064
vn -0.439302 0.654759 0.615064
vn -0.439302 0.654759 0.615064
vn 0.434198 -0.709173 0.555469
vn 0.434198 -0.709173 0.555469
vn 0.434198 -0.709173 0.555469
vn 0.434198 -0.709173 0.555469
vn -0.296773 0.670851 -0.679621
vn -0.296773 0.670851 -0.679621
vn -0.296773 0.670851 -0.679621
vn -0.296773 0.670851 -0.679621
vn -0.296772 0.670855 0.679618
vn -0.296771 0.670855 0.679618
vn -0.296771 0.670855 0.679618
vn -0.296771 0.670855 0.679618
vn 0.434200 -0.709169 -0.555473
vn 0.434200 -0.709169 -0.555473
vn 0.434200 -0.709169 -0.555473
vn 0.434200 -0.709169 -0.555473
vn -0.227743 0.654759 -0.720711
vn -0.227743 0.654759 -0.720711
vn -0.227743 0.654759 -0.720711
vn -0.227743 0.654759 -0.720711
vn 0.375597 -0.671726 0.638522
vn 0.375597 -0.671726 0.638522
vn 0.375597 -0.671726 0.638522
vn 0.375597 -0.671727 0.638522
vn 0.375596 -0.671718 -0.638531
vn 0.375596 -0.671718 -0.638531
vn 0.375596 -0.671718 -0.638531
vn 0.375596 -0.671718 -0.638531
vn -0.227742 0.654752 0.720717
vn -0.227742 0.654752 0.720717
vn -0.227742 0.654752 0.720717
vn -0.227742 0.654752 0.720717
vn 0.584601 -0.709177 0.394094
vn 0.584601 -0.709177 0.394094
vn 0.584601 -0.709177 0.394094
vn 0.584601 -0.709177 0.394094
vn -0.492260 0.670855 -0.554647
vn -0.492260 0.670855 -0.554647
vn -0.492260 0.670855 -0.554648
vn -0.492260 0.670855 -0.554647
vn -0.072244 0.670856 0.738060
vn -0.072244 0.670856 0.738060
vn -0.072244 0.670856 0.738060
vn -0.072244 0.670856 0.738060
vn 0.241305 -0.709171 -0.662457
vn 0.241305 -0.709171 -0.662457
vn 0.241305 -0.709171 -0.662457
vn 0.241305 -0.709171 -0.662457
vn -0.439299 0.654750 -0.615076
vn -0.439299 0.654750 -0.615076
vn -0.439299 0.654750 -0.615076
vn -0.439299 0.654750 -0.615076
vn 0.554533 -0.671724 0.491203
vn 0.554533 -0.671724 0.491203
vn 0.554533 -0.671724 0.491203
vn 0.554533 -0.671724 0.491203
vn 0.159905 -0.671715 -0.723346
vn 0.159905 -0.671715 -0.723346
vn 0.159905 -0.671715 -0.723346
vn 0.159905 -0.671715 -0.723346
vn 0.006112 0.654758 0.755814
vn 0.006112 0.654758 0.755814
vn 0.006112 0.654758 0.755814
vn 0.006112 0.654758 0.755814
vn 0.677782 -0.709163 0.194163
vn 0.677782 -0.709163 0.194163
vn 0.677782 -0.709163 0.194163
vn 0.677782 -0.709163 0.194163
vn -0.639576 0.670849 -0.375371
vn -0.639576 0.670849 -0.375371
vn -0.639576 0.670849 -0.375371
vn -0.639576 0.670849 -0.375371
vn 0.159374 0.670852 0.724263
vn 0.159374 0.670852 0.724263
vn 0.159374 0.670852 0.724263
vn 0.159374 0.670852 0.724263
vn 0.024791 -0.709166 -0.704606
vn 0.024791 -0.709166 -0.704606
vn 0.024791 -0.709166 -0.704606
vn 0.024791 -0.709166 -0.704606
vn -0.607886 0.654758 -0.449184
vn -0.607886 0.654758 -0.449184
vn -0.607886 0.654758 -0.449184
vn -0.607886 0.654758 -0.449184
vn 0.679177 -0.671728 0.295803
vn 0.679177 -0.671728 0.295803
vn 0.679177 -0.671728 0.295803
vn 0.679177 -0.671728 0.295803
vn -0.071447 -0.671719 -0.737353
vn -0.071447 -0.671719 -0.737353
vn -0.071447 -0.671719 -0.737353
vn -0.071447 -0.671719 -0.737353
vn 0.239379 0.654756 0.716933
vn 0.239379 0.654756 0.716933
vn 0.239379 0.654756 0.716933
vn 0.239379 0.654756 0.716933
vn 0.704597 -0.709175 -0.024780
vn 0.704597 -0.709175 -0.024780
vn 0.704597 -0.709175 -0.024780
vn 0.704597 -0.709175 -0.024780
vn -0.724275 0.670842 -0.159365
vn -0.724275 0.670842 -0.159365
vn -0.724275 0.670842 -0.159365
vn -0.724275 0.670842 -0.159365
vn 0.375370 0.670857 0.639569
vn 0.375370 0.670857 0.639569
vn 0.375370 0.670857 0.639569
vn 0.375370 0.670857 0.639569
vn -0.194153 -0.709167 -0.677781
vn -0.194153 -0.709167 -0.677781
vn -0.194153 -0.709167 -0.677781
vn -0.194153 -0.709167 -0.677781
vn -0.716933 0.654761 -0.239364
vn -0.716933 0.654761 -0.239364
vn -0.716933 0.654761 -0.239364
vn -0.716933 0.654761 -0.239364
vn 0.737351 -0.671720 0.071446
vn 0.737351 -0.671720 0.071446
vn 0.737351 -0.671720 0.071446
vn 0.737351 -0.671720 0.071446
vn -0.295806 -0.671713 -0.679191
vn -0.295806 -0.671713 -0.679191
vn -0.295806 -0.671713 -0.679191
vn -0.295806 -0.671713 -0.679191
vn 0.449200 0.654757 0.607875
vn 0.449200 0.654757 0.607875
vn 0.449200 0.654757 0.607875
vn 0.449200 0.654757 0.607875
vn 0.662446 -0.709172 -0.241329
vn 0.662446 -0.709172 -0.241330
vn 0.662446 -0.709172 -0.241330
vn 0.662446 -0.709172 -0.241329
vn -0.738060 0.670855 0.072256
vn -0.738060 0.670855 0.072256
vn -0.738060 0.670855 0.072256
vn -0.738060 0.670855 0.072256
vn 0.554644 0.670850 0.492270
vn 0.554644 0.670850 0.492270
vn 0.554644 0.670850 0.492270
vn 0.554644 0.670850 0.492270
vn -0.394096 -0.709169 -0.584610
vn -0.394096 -0.709169 -0.584610
vn -0.394096 -0.709169 -0.584610
vn -0.394096 -0.709169 -0.584610
vn -0.755821 0.654750 -0.006094
vn -0.755821 0.654750 -0.006094
vn -0.755821 0.654750 -0.006094
vn -0.755821 0.654750 -0.006094
vn 0.723351 -0.671708 -0.159912
vn 0.723351 -0.671708 -0.159912
vn 0.723351 -0.671708 -0.159912
vn 0.723351 -0.671708 -0.159912
vn -0.491201 -0.671723 -0.554535
vn -0.491201 -0.671723 -0.554535
vn -0.491201 -0.671723 -0.554535
vn -0.491201 -0.671723 -0.554535
vn 0.615048 0.654758 0.439327
vn 0.615048 0.654758 0.439327
vn 0.615048 0.654758 0.439327
vn 0.615048 0.654758 0.439327
vn 0.461716 -0.736993 -0.493618
vn 0.461716 -0.736993 -0.493618
vn 0.461716 -0.736993 -0.493618
vn 0.461716 -0.736993 -0.493618
vn -0.620878 0.680463 0.389206
vn -0.620878 0.680463 0.389206
vn -0.620878 0.680463 0.389206
vn -0.620878 0.680463 0.389206
vn 0.731058 0.680474 -0.050099
vn 0.731057 0.680474 -0.050099
vn 0.731057 0.680474 -0.050099
vn 0.731057 0.680474 -0.050099
vn -0.663681 -0.737005 -0.127876
vn -0.663681 -0.737005 -0.127876
vn -0.663681 -0.737004 -0.127876
vn -0.663681 -0.737004 -0.127876
vn -0.662644 0.671889 0.330859
vn -0.662644 0.671889 0.330859
vn -0.662644 0.671889 0.330859
vn -0.662644 0.671889 0.330859
vn 0.541941 -0.702391 -0.461462
vn 0.541941 -0.702391 -0.461462
vn 0.541941 -0.702391 -0.461462
vn 0.541941 -0.702391 -0.461462
vn -0.709675 -0.702398 -0.054768
vn -0.709675 -0.702398 -0.054768
vn -0.709675 -0.702398 -0.054768
vn -0.709675 -0.702398 -0.054768
vn 0.730597 0.671858 -0.121801
vn 0.730597 0.671858 -0.121801
vn 0.730597 0.671858 -0.121801
vn 0.730597 0.671858 -0.121801
vn 0.732497 0.671835 0.109939
vn 0.732497 0.671835 0.109939
vn 0.732497 0.671835 0.109939
vn 0.732497 0.671835 0.109939
vn -0.658027 -0.702384 -0.271396
vn -0.658027 -0.702384 -0.271396
vn -0.658027 -0.702384 -0.271396
vn -0.658027 -0.702384 -0.271397
vn 0.710757 0.680468 0.178291
vn 0.710757 0.680468 0.178291
vn 0.710757 0.680468 0.178291
vn 0.710757 0.680468 0.178291
vn -0.591646 -0.736990 -0.326804
vn -0.591646 -0.736990 -0.326804
vn -0.591646 -0.736990 -0.326804
vn -0.591646 -0.736990 -0.326804
vn -0.732482 0.671853 0.109923
vn -0.732482 0.671853 0.109923
vn -0.732482 0.671853 0.109923
vn -0.732482 0.671853 0.109923
vn 0.658022 -0.702391 -0.271392
vn 0.658022 -0.702391 -0.271392
vn 0.658022 -0.702391 -0.271392
vn 0.658022 -0.702391 -0.271392
vn 0.591659 -0.736986 -0.326790
vn 0.591659 -0.736986 -0.326790
vn 0.591659 -0.736986 -0.326790
vn 0.591659 -0.736986 -0.326790
vn -0.710766 0.680461 0.178283
vn -0.710766 0.680461 0.178283
vn -0.710766 0.680461 0.178283
vn -0.710766 0.680461 0.178283
vn 0.286570 -0.736992 -0.612145
vn 0.286570 -0.736992 -0.612145
vn 0.286570 -0.736992 -0.612145
vn 0.286570 -0.736992 -0.612145
vn -0.470223 0.680451 0.562030
vn -0.470223 0.680450 0.562030
vn -0.470223 0.680451 0.562030
vn -0.470223 0.680451 0.562030
vn 0.679816 0.680459 -0.273544
vn 0.679816 0.680459 -0.273544
vn 0.679816 0.680459 -0.273544
vn 0.679816 0.680459 -0.273544
vn -0.670737 -0.736993 0.083382
vn -0.670738 -0.736993 0.083382
vn -0.670738 -0.736993 0.083382
vn -0.670738 -0.736993 0.083382
vn -0.527973 0.671851 0.519482
vn -0.527973 0.671851 0.519482
vn -0.527973 0.671851 0.519482
vn -0.527973 0.671851 0.519482
vn 0.372836 -0.702388 -0.606336
vn 0.372836 -0.702388 -0.606336
vn 0.372836 -0.702388 -0.606336
vn 0.372836 -0.702388 -0.606336
vn -0.691878 -0.702389 0.167199
vn -0.691878 -0.702389 0.167199
vn -0.691878 -0.702389 0.167199
vn -0.691878 -0.702389 0.167199
vn 0.657209 0.671849 -0.341606
vn 0.657209 0.671849 -0.341606
vn 0.657209 0.671849 -0.341606
vn 0.657209 0.671849 -0.341606
vn 0.083391 -0.736994 -0.670735
vn 0.083391 -0.736994 -0.670735
vn 0.083391 -0.736994 -0.670736
vn 0.083391 -0.736994 -0.670735
vn -0.273539 0.680461 0.679815
vn -0.273539 0.680461 0.679815
vn -0.273539 0.680461 0.679815
vn -0.273539 0.680461 0.679815
vn 0.562003 0.680465 -0.470234
vn 0.562003 0.680465 -0.470234
vn 0.562003 0.680465 -0.470234
vn 0.562003 0.680465 -0.470234
vn -0.612127 -0.736999 0.286590
vn -0.612127 -0.736999 0.286590
vn -0.612127 -0.736999 0.286590
vn -0.612127 -0.736999 0.286590
vn -0.341608 0.671855 0.657203
vn -0.341608 0.671855 0.657203
vn -0.341608 0.671855 0.657203
vn -0.341608 0.671855 0.657202
vn 0.167210 -0.702393 -0.691870
vn 0.167210 -0.702393 -0.691870
vn 0.167210 -0.702393 -0.691870
vn 0.167210 -0.702393 -0.691870
vn -0.606338 -0.702389 0.372832
vn -0.606338 -0.702389 0.372832
vn -0.606338 -0.702389 0.372832
vn -0.606338 -0.702389 0.372832
vn 0.519473 0.671850 -0.527983
vn 0.519473 0.671850 -0.527983
vn 0.519473 0.671850 -0.527983
vn 0.519473 0.671850 -0.527983
vn -0.127959 -0.736997 -0.663673
vn -0.127959 -0.736997 -0.663673
vn -0.127959 -0.736997 -0.663673
vn -0.127959 -0.736997 -0.663673
vn -0.050075 0.680458 0.731074
vn -0.050075 0.680458 0.731074
vn -0.050075 0.680458 0.731074
vn -0.050075 0.680458 0.731074
vn 0.389203 0.680459 -0.620883
vn 0.389203 0.680459 -0.620883
vn 0.389203 0.680459 -0.620883
vn 0.389203 0.680459 -0.620883
vn -0.493622 -0.736996 0.461709
vn -0.493622 -0.736996 0.461709
vn -0.493622 -0.736996 0.461709
vn -0.493622 -0.736996 0.461709
vn -0.121796 0.671854 0.730601
vn -0.121796 0.671854 0.730601
vn -0.121796 0.671854 0.730601
vn -0.121796 0.671854 0.730601
vn -0.054774 -0.702389 -0.709683
vn -0.054774 -0.702389 -0.709683
vn -0.054774 -0.702389 -0.709683
vn -0.054774 -0.702389 -0.709683
vn -0.461442 -0.702393 0.541955
vn -0.461442 -0.702393 0.541955
vn -0.461442 -0.702393 0.541955
vn -0.461442 -0.702393 0.541955
vn 0.330902 0.671858 -0.662654
vn 0.330902 0.671858 -0.662654
vn 0.330902 0.671858 -0.662654
vn 0.330902 0.671858 -0.662654
vn -0.326782 -0.736995 -0.591652
vn -0.326782 -0.736995 -0.591652
vn -0.326782 -0.736995 -0.591652
vn -0.326782 -0.736995 -0.591652
vn 0.178293 0.680465 0.710759
vn 0.178293 0.680465 0.710759
vn 0.178293 0.680465 0.710759
vn 0.178293 0.680465 0.710759
vn 0.178293 0.680464 -0.710761
vn 0.178293 0.680464 -0.710761
vn 0.178293 0.680464 -0.710761
vn 0.178293 0.680464 -0.710761
vn -0.326781 -0.736998 0.591648
vn -0.326781 -0.736998 0.591649
vn -0.326781 -0.736998 0.591649
vn -0.326781 -0.736998 0.591648
vn 0.109932 0.671858 0.732476
vn 0.109932 0.671858 0.732476
vn 0.109932 0.671858 0.732476
vn 0.109932 0.671858 0.732476
vn -0.271400 -0.702387 -0.658023
vn -0.271400 -0.702387 -0.658023
vn -0.271400 -0.702387 -0.658023
vn -0.271400 -0.702387 -0.658023
vn -0.271401 -0.702384 0.658026
vn -0.271401 -0.702384 0.658026
vn -0.271401 -0.702384 0.658026
vn -0.271401 -0.702384 0.658026
vn 0.109933 0.671854 -0.732480
vn 0.109933 0.671854 -0.732480
vn 0.109933 0.671854 -0.732480
vn 0.109933 0.671854 -0.732480
vn -0.493637 -0.736994 -0.461695
vn -0.493637 -0.736994 -0.461695
vn -0.493637 -0.736994 -0.461695
vn -0.493637 -0.736994 -0.461695
vn 0.389194 0.680464 0.620884
vn 0.389194 0.680464 0.620884
vn 0.389194 0.680464 0.620884
vn 0.389194 0.680464 0.620884
vn -0.050075 0.680458 -0.731074
vn -0.050075 0.680458 -0.731074
vn -0.050075 0.680458 -0.731074
vn -0.050075 0.680458 -0.731074
vn -0.127958 -0.737004 0.663665
vn -0.127958 -0.737004 0.663665
vn -0.127958 -0.737004 0.663665
vn -0.127958 -0.737004 0.663665
vn 0.330903 0.671855 0.662657
vn 0.330903 0.671855 0.662657
vn 0.330903 0.671855 0.662657
vn 0.330903 0.671855 0.662657
vn -0.461446 -0.702388 -0.541959
vn -0.461446 -0.702388 -0.541959
vn -0.461446 -0.702388 -0.541959
vn -0.461446 -0.702388 -0.541959
vn -0.054771 -0.702397 0.709675
vn -0.054771 -0.702397 0.709675
vn -0.054771 -0.702397 0.709676
vn -0.054771 -0.702397 0.709675
vn -0.121798 0.671857 -0.730598
vn -0.121798 0.671857 -0.730598
vn -0.121798 0.671857 -0.730598
vn -0.121798 0.671857 -0.730598
vn -0.612147 -0.736985 -0.286583
vn -0.612147 -0.736985 -0.286583
vn -0.612147 -0.736985 -0.286583
vn -0.612147 -0.736985 -0.286583
vn 0.562001 0.680458 0.470246
vn 0.562001 0.680458 0.470246
vn 0.562001 0.680458 0.470246
vn 0.562001 0.680458 0.470246
vn -0.273540 0.680460 -0.679816
vn -0.273540 0.680460 -0.679816
vn -0.273540 0.680460 -0.679816
vn -0.273540 0.680460 -0.679816
vn 0.083393 -0.736994 0.670735
vn 0.083393 -0.736994 0.670735
vn 0.083393 -0.736994 0.670735
vn 0.083393 -0.736994 0.670735
vn 0.519487 0.671841 0.527980
vn 0.519487 0.671841 0.527980
vn 0.519487 0.671841 0.527980
vn 0.519487 0.671841 0.527980
vn -0.606333 -0.702393 -0.372832
vn -0.606333 -0.702393 -0.372832
vn -0.606333 -0.702393 -0.372832
vn -0.606333 -0.702393 -0.372832
vn 0.167211 -0.702384 0.691879
vn 0.167211 -0.702384 0.691879
vn 0.167211 -0.702384 0.691879
vn 0.167211 -0.702384 0.691879
vn -0.341600 0.671848 -0.657213
vn -0.341600 0.671848 -0.657213
vn -0.341600 0.671848 -0.657213
vn -0.341601 0.671848 -0.657213
vn -0.670718 -0.737010 -0.083395
vn -0.670718 -0.737010 -0.083395
vn -0.670718 -0.737010 -0.083395
vn -0.670718 -0.737010 -0.083395
vn 0.679820 0.680457 0.273536
vn 0.679820 0.680457 0.273536
vn 0.679820 0.680457 0.273536
vn 0.679820 0.680457 0.273536
vn -0.470231 0.680461 -0.562011
vn -0.470231 0.680461 -0.562011
vn -0.470231 0.680461 -0.562011
vn -0.470231 0.680461 -0.562011
vn 0.286571 -0.737002 0.612131
vn 0.286571 -0.737002 0.612131
vn 0.286571 -0.737002 0.612131
vn 0.286571 -0.737002 0.612131
vn 0.657189 0.671863 0.341616
vn 0.657189 0.671863 0.341616
vn 0.657189 0.671863 0.341616
vn 0.657189 0.671863 0.341616
vn -0.691885 -0.702385 -0.167185
vn -0.691885 -0.702385 -0.167185
vn -0.691885 -0.702385 -0.167185
vn -0.691885 -0.702385 -0.167185
vn 0.372831 -0.702394 0.606333
vn 0.372831 -0.702394 0.606333
vn 0.372831 -0.702394 0.606333
vn 0.372831 -0.702394 0.606333
vn -0.527963 0.671861 -0.519479
vn -0.527963 0.671861 -0.519479
vn -0.527963 0.671861 -0.519479
vn -0.527963 0.671861 -0.519479
vn -0.663677 -0.737008 0.127875
vn -0.663677 -0.737008 0.127875
vn -0.663677 -0.737008 0.127875
vn -0.663677 -0.737008 0.127875
vn 0.731055 0.680477 0.050099
vn 0.731055 0.680477 0.050099
vn 0.731055 0.680477 0.050099
vn 0.731055 0.680477 0.050099
vn -0.620879 0.680459 -0.389211
vn -0.620879 0.680459 -0.389211
vn -0.620879 0.680459 -0.389211
vn -0.620879 0.680459 -0.389211
vn 0.461715 -0.736987 0.493629
vn 0.461714 -0.736987 0.493629
vn 0.461714 -0.736987 0.493629
vn 0.461715 -0.736987 0.493629
vn 0.730611 0.671841 0.121808
vn 0.730611 0.671841 0.121808
vn 0.730611 0.671841 0.121808
vn 0.730611 0.671841 0.121808
vn -0.709688 -0.702384 0.054777
vn -0.709688 -0.702384 0.054777
vn -0.709688 -0.702384 0.054777
vn -0.709688 -0.702384 0.054777
vn 0.541940 -0.702390 0.461465
vn 0.541940 -0.702390 0.461465
vn 0.541940 -0.702390 0.461465
vn 0.541940 -0.702390 0.461465
vn -0.662642 0.671890 -0.330860
vn -0.662642 0.671890 -0.330860
vn -0.662642 0.671890 -0.330860
vn -0.662642 0.671890 -0.330860
vn -0.591647 -0.736989 0.326805
vn -0.591647 -0.736989 0.326805
vn -0.591647 -0.736989 0.326805
vn -0.591647 -0.736989 0.326805
vn 0.710757 0.680468 -0.178291
vn 0.710757 0.680468 -0.178291
vn 0.710757 0.680468 -0.178291
vn 0.710757 0.680468 -0.178291
vn -0.710771 0.680456 -0.178284
vn -0.710771 0.680456 -0.178284
vn -0.710771 0.680456 -0.178284
vn -0.710771 0.680456 -0.178284
vn 0.591660 -0.736985 0.326789
vn 0.591660 -0.736985 0.326789
vn 0.591660 -0.736985 0.326789
vn 0.591660 -0.736985 0.326789
vn 0.732499 0.671832 -0.109941
vn 0.732499 0.671832 -0.109941
vn 0.732499 0.671832 -0.109941
vn 0.732499 0.671832 -0.109941
vn -0.658025 -0.702387 0.271395
vn -0.658025 -0.702387 0.271395
vn -0.658025 -0.702387 0.271395
vn -0.658025 -0.702387 0.271395
vn 0.658021 -0.702393 0.271391
vn 0.658021 -0.702393 0.271391
vn 0.658021 -0.702393 0.271391
vn 0.658021 -0.702393 0.271391
vn -0.732483 0.671853 -0.109923
vn -0.732483 0.671852 -0.109923
vn -0.732483 0.671852 -0.109923
vn -0.732483 0.671852 -0.109923
vn -0.461722 -0.736989 0.493620
vn -0.461722 -0.736989 0.493620
vn -0.461722 -0.736989 0.493620
vn -0.461722 -0.736989 0.493620
vn 0.620894 0.680451 -0.389201
vn 0.620894 0.680451 -0.389201
vn 0.620894 0.680451 -0.389201
vn 0.620894 0.680451 -0.389201
vn -0.731073 0.680458 0.050087
vn -0.731073 0.680458 0.050087
vn -0.731073 0.680458 0.050087
vn -0.731073 0.680458 0.050087
vn 0.663674 -0.736999 0.127944
vn 0.663674 -0.736999 0.127944
vn 0.663674 -0.736999 0.127944
vn 0.663674 -0.736999 0.127944
vn 0.662662 0.671849 -0.330905
vn 0.662662 0.671849 -0.330905
vn 0.662662 0.671849 -0.330905
vn 0.662662 0.671849 -0.330905
vn -0.541939 -0.702396 0.461457
vn -0.541939 -0.702396 0.461457
vn -0.541939 -0.702396 0.461457
vn -0.541939 -0.702396 0.461457
vn 0.709696 -0.702377 0.054752
vn 0.709696 -0.702377 0.054752
vn 0.709696 -0.702377 0.054752
vn 0.709696 -0.702377 0.054752
vn -0.730611 0.671844 0.121789
vn -0.730611 0.671844 0.121789
vn -0.730611 0.671844 0.121789
vn -0.730611 0.671844 0.121789
vn -0.286578 -0.736991 0.612142
vn -0.286578 -0.736991 0.612142
vn -0.286578 -0.736991 0.612142
vn -0.286578 -0.736991 0.612142
vn 0.470219 0.680460 -0.562022
vn 0.470219 0.680460 -0.562022
vn 0.470219 0.680460 -0.562022
vn 0.470219 0.680460 -0.562022
vn -0.679819 0.680458 0.273536
vn -0.679819 0.680458 0.273536
vn -0.679819 0.680458 0.273536
vn -0.679819 0.680458 0.273536
vn 0.670727 -0.737002 -0.083386
vn 0.670727 -0.737002 -0.083386
vn 0.670727 -0.737002 -0.083386
vn 0.670727 -0.737002 -0.083386
vn 0.527977 0.671856 -0.519471
vn 0.527977 0.671856 -0.519471
vn 0.527977 0.671856 -0.519471
vn 0.527977 0.671856 -0.519471
vn -0.372825 -0.702399 0.606331
vn -0.372825 -0.702399 0.606331
vn -0.372825 -0.702399 0.606331
vn -0.372825 -0.702399 0.606331
vn 0.691878 -0.702389 -0.167195
vn 0.691878 -0.702389 -0.167195
vn 0.691878 -0.702389 -0.167195
vn 0.691878 -0.702389 -0.167195
vn -0.657195 0.671865 0.341603
vn -0.657195 0.671865 0.341603
vn -0.657195 0.671865 0.341603
vn -0.657195 0.671865 0.341603
vn -0.083391 -0.736991 0.670738
vn -0.083391 -0.736992 0.670738
vn -0.083391 -0.736992 0.670738
vn -0.083391 -0.736992 0.670738
vn 0.273543 0.680459 -0.679816
vn 0.273543 0.680459 -0.679816
vn 0.273543 0.680459 -0.679816
vn 0.273543 0.680459 -0.679816
vn -0.562013 0.680455 0.470237
vn -0.562013 0.680455 0.470237
vn -0.562013 0.680455 0.470236
vn -0.562013 0.680455 0.470236
vn 0.612138 -0.736992 -0.286582
vn 0.612138 -0.736992 -0.286582
vn 0.612138 -0.736992 -0.286582
vn 0.612138 -0.736992 -0.286582
vn 0.341608 0.671849 -0.657209
vn 0.341608 0.671849 -0.657209
vn 0.341608 0.671849 -0.657209
vn 0.341608 0.671849 -0.657209
vn -0.167210 -0.702389 0.691875
vn -0.167210 -0.702389 0.691875
vn -0.167210 -0.702389 0.691875
vn -0.167210 -0.702389 0.691875
vn 0.606350 -0.702385 -0.372819
vn 0.606350 -0.702385 -0.372819
vn 0.606350 -0.702385 -0.372819
vn 0.606350 -0.702385 -0.372819
vn -0.519483 0.671847 0.527977
vn -0.519483 0.671847 0.527977
vn -0.519483 0.671847 0.527977
vn -0.519483 0.671847 0.527977
vn 0.127965 -0.736988 0.663682
vn 0.127965 -0.736988 0.663682
vn 0.127965 -0.736988 0.663682
vn 0.127965 -0.736988 0.663682
vn 0.050077 0.680460 -0.731072
vn 0.050077 0.680460 -0.731072
vn 0.050077 0.680460 -0.731072
vn 0.050077 0.680460 -0.731072
vn -0.389197 0.680464 0.620882
vn -0.389197 0.680464 0.620882
vn -0.389197 0.680464 0.620882
vn -0.389197 0.680464 0.620882
vn 0.493629 -0.736999 -0.461696
vn 0.493629 -0.736999 -0.461696
vn 0.493629 -0.736999 -0.461696
vn 0.493629 -0.736999 -0.461696
vn 0.121799 0.671852 -0.730602
vn 0.121799 0.671852 -0.730602
vn 0.121799 0.671852 -0.730602
vn 0.121799 0.671852 -0.730602
vn 0.054774 -0.702387 0.709684
vn 0.054774 -0.702387 0.709684
vn 0.054774 -0.702387 0.709684
vn 0.054774 -0.702387 0.709684
vn 0.461456 -0.702388 -0.541950
vn 0.461456 -0.702388 -0.541950
vn 0.461456 -0.702388 -0.541950
vn 0.461456 -0.702388 -0.541950
vn -0.330908 0.671845 0.662664
vn -0.330908 0.671845 0.662664
vn -0.330908 0.671845 0.662664
vn -0.330908 0.671845 0.662664
vn 0.326782 -0.736994 0.591653
vn 0.326782 -0.736993 0.591653
vn 0.326782 -0.736994 0.591653
vn 0.326782 -0.736993 0.591653
vn -0.178292 0.680456 -0.710769
vn -0.178292 0.680456 -0.710769
vn -0.178292 0.680456 -0.710769
vn -0.178292 0.680456 -0.710769
vn -0.178292 0.680457 0.710768
vn -0.178292 0.680457 0.710768
vn -0.178292 0.680457 0.710768
vn -0.178292 0.680457 0.710768
vn 0.326782 -0.736994 -0.591654
vn 0.326782 -0.736994 -0.591654
vn 0.326782 -0.736994 -0.591654
vn 0.326782 -0.736994 -0.591654
vn -0.109934 0.671843 -0.732490
vn -0.109934 0.671843 -0.732490
vn -0.109934 0.671843 -0.732490
vn -0.109934 0.671843 -0.732490
vn 0.271399 -0.702389 0.658021
vn 0.271399 -0.702389 0.658021
vn 0.271399 -0.702389 0.658021
vn 0.271399 -0.702389 0.658021
vn 0.271398 -0.702392 -0.658019
vn 0.271398 -0.702392 -0.658019
vn 0.271398 -0.702392 -0.658019
vn 0.271398 -0.702392 -0.658019
vn -0.109931 0.671849 0.732485
vn -0.109931 0.671849 0.732485
vn -0.109931 0.671849 0.732485
vn -0.109932 0.671849 0.732485
vn 0.493628 -0.736999 0.461696
vn 0.493628 -0.736999 0.461696
vn 0.493628 -0.736999 0.461696
vn 0.493628 -0.736999 0.461696
vn -0.389199 0.680461 -0.620883
vn -0.389200 0.680461 -0.620883
vn -0.389199 0.680461 -0.620883
vn -0.389199 0.680461 -0.620883
vn 0.050075 0.680461 0.731072
vn 0.050075 0.680461 0.731072
vn 0.050075 0.680461 0.731072
vn 0.050075 0.680461 0.731072
vn 0.127962 -0.736993 -0.663677
vn 0.127962 -0.736993 -0.663677
vn 0.127962 -0.736993 -0.663677
vn 0.127962 -0.736993 -0.663677
vn -0.330899 0.671855 -0.662659
vn -0.330899 0.671855 -0.662659
vn -0.330899 0.671855 -0.662659
vn -0.330899 0.671855 -0.662659
vn 0.461458 -0.702385 0.541952
vn 0.461458 -0.702385 0.541952
vn 0.461458 -0.702385 0.541952
vn 0.461458 -0.702385 0.541952
vn 0.054774 -0.702382 -0.709689
vn 0.054774 -0.702382 -0.709689
vn 0.054774 -0.702382 -0.709689
vn 0.054774 -0.702382 -0.709689
vn 0.121801 0.671847 0.730607
vn 0.121801 0.671847 0.730607
vn 0.121801 0.671847 0.730607
vn 0.121801 0.671847 0.730607
vn 0.612135 -0.737002 0.286565
vn 0.612135 -0.737002 0.286565
vn 0.612135 -0.737002 0.286565
vn 0.612135 -0.737002 0.286565
vn -0.562007 0.680463 -0.470232
vn -0.562007 0.680463 -0.470232
vn -0.562007 0.680463 -0.470232
vn -0.562007 0.680463 -0.470232
vn 0.273542 0.680462 0.679814
vn 0.273542 0.680462 0.679814
vn 0.273542 0.680462 0.679814
vn 0.273542 0.680462 0.679814
vn -0.083389 -0.736997 -0.670732
vn -0.083389 -0.736997 -0.670732
vn -0.083389 -0.736997 -0.670732
vn -0.083389 -0.736997 -0.670732
vn -0.519476 0.671854 -0.527974
vn -0.519476 0.671854 -0.527974
vn -0.519476 0.671854 -0.527974
vn -0.519476 0.671854 -0.527974
vn 0.606350 -0.702386 0.372818
vn 0.606350 -0.702386 0.372818
vn 0.606350 -0.702386 0.372818
vn 0.606350 -0.702386 0.372818
vn -0.167213 -0.702389 -0.691874
vn -0.167213 -0.702389 -0.691874
vn -0.167213 -0.702389 -0.691874
vn -0.167213 -0.702389 -0.691874
vn 0.341609 0.671845 0.657212
vn 0.341609 0.671845 0.657212
vn 0.341609 0.671845 0.657212
vn 0.341609 0.671845 0.657212
vn 0.670738 -0.736993 0.083381
vn 0.670738 -0.736993 0.083381
vn 0.670738 -0.736993 0.083381
vn 0.670738 -0.736993 0.083381
vn -0.679818 0.680451 -0.273560
vn -0.679818 0.680451 -0.273560
vn -0.679818 0.680451 -0.273560
vn -0.679817 0.680451 -0.273560
vn 0.470223 0.680458 0.562021
vn 0.470223 0.680458 0.562021
vn 0.470223 0.680458 0.562021
vn 0.470223 0.680458 0.562021
vn -0.286581 -0.736991 -0.612141
vn -0.286581 -0.736991 -0.612141
vn -0.286581 -0.736991 -0.612141
vn -0.286581 -0.736991 -0.612141
vn -0.657199 0.671860 -0.341606
vn -0.657199 0.671860 -0.341606
vn -0.657199 0.671860 -0.341606
vn -0.657199 0.671860 -0.341606
vn 0.691872 -0.702394 0.167197
vn 0.691872 -0.702394 0.167197
vn 0.691872 -0.702394 0.167197
vn 0.691872 -0.702394 0.167197
vn -0.372836 -0.702394 -0.606330
vn -0.372836 -0.702394 -0.606330
vn -0.372836 -0.702394 -0.606330
vn -0.372836 -0.702394 -0.606330
vn 0.527984 0.671849 0.519473
vn 0.527984 0.671849 0.519473
vn 0.527984 0.671849 0.519473
vn 0.527984 0.671849 0.519473
vn 0.663675 -0.736998 -0.127944
vn 0.663675 -0.736998 -0.127944
vn 0.663675 -0.736998 -0.127944
vn 0.663675 -0.736998 -0.127944
vn -0.731077 0.680454 -0.050087
vn -0.731077 0.680454 -0.050087
vn -0.731077 0.680454 -0.050087
vn -0.731077 0.680454 -0.050087
vn 0.620879 0.680465 0.389201
vn 0.620879 0.680465 0.389200
vn 0.620879 0.680465 0.389200
vn 0.620879 0.680465 0.389200
vn -0.461708 -0.736996 -0.493622
vn -0.461708 -0.736996 -0.493622
vn -0.461708 -0.736996 -0.493622
vn -0.461708 -0.736996 -0.493622
vn -0.730600 0.671856 -0.121793
vn -0.730600 0.671856 -0.121793
vn -0.730600 0.671856 -0.121793
vn -0.730600 0.671856 -0.121793
vn 0.709678 -0.702395 -0.054765
vn 0.709678 -0.702395 -0.054765
vn 0.709678 -0.702395 -0.054765
vn 0.709678 -0.702395 -0.054765
vn -0.541942 -0.702393 -0.461458
vn -0.541942 -0.702393 -0.461458
vn -0.541942 -0.702393 -0.461458
vn -0.541942 -0.702393 -0.461458
vn 0.662660 0.671852 0.330903
vn 0.662660 0.671852 0.330903
vn 0.662660 0.671852 0.330903
vn 0.662660 0.671852 0.330903
vn 0.515082 -0.766283 -0.384059
vn 0.515082 -0.766283 -0.384059
vn 0.515082 -0.766283 -0.384059
vn 0.515082 -0.766282 -0.384059
vn -0.665615 0.691498 0.280690
vn -0.665615 0.691498 0.280690
vn -0.665615 0.691498 0.280691
vn -0.665615 0.691498 0.280690
vn 0.703479 0.691507 -0.164121
vn 0.703479 0.691507 -0.164121
vn 0.703479 0.691507 -0.164121
vn 0.703479 0.691507 -0.164121
vn -0.642438 -0.766297 -0.007943
vn -0.642438 -0.766297 -0.007943
vn -0.642438 -0.766297 -0.007943
vn -0.642438 -0.766297 -0.007943
vn -0.691696 0.688271 0.218722
vn -0.691696 0.688271 0.218722
vn -0.691696 0.688271 0.218722
vn -0.691696 0.688271 0.218722
vn 0.573582 -0.737978 -0.355516
vn 0.573582 -0.737978 -0.355516
vn 0.573582 -0.737978 -0.355516
vn 0.573582 -0.737978 -0.355516
vn -0.673000 -0.737980 0.049561
vn -0.673000 -0.737981 0.049561
vn -0.673000 -0.737981 0.049561
vn -0.673000 -0.737981 0.049561
vn 0.688172 0.688260 -0.229604
vn 0.688172 0.688260 -0.229604
vn 0.688172 0.688260 -0.229604
vn 0.688172 0.688260 -0.229604
vn 0.725452 0.688248 -0.005724
vn 0.725452 0.688249 -0.005724
vn 0.725452 0.688248 -0.005724
vn 0.725452 0.688248 -0.005724
vn -0.655384 -0.737972 -0.160841
vn -0.655384 -0.737972 -0.160841
vn -0.655384 -0.737972 -0.160841
vn -0.655384 -0.737972 -0.160841
vn 0.719765 0.691508 0.061273
vn 0.719765 0.691508 0.061273
vn 0.719765 0.691508 0.061273
vn 0.719765 0.691508 0.061273
vn -0.608552 -0.766285 -0.206085
vn -0.608552 -0.766285 -0.206085
vn -0.608552 -0.766285 -0.206085
vn -0.608552 -0.766285 -0.206085
vn -0.725449 0.688252 -0.005714
vn -0.725449 0.688252 -0.005714
vn -0.725449 0.688252 -0.005714
vn -0.725449 0.688252 -0.005714
vn 0.655374 -0.737980 -0.160840
vn 0.655374 -0.737980 -0.160840
vn 0.655374 -0.737980 -0.160840
vn 0.655374 -0.737980 -0.160840
vn 0.608557 -0.766283 -0.206078
vn 0.608557 -0.766283 -0.206078
vn 0.608557 -0.766283 -0.206078
vn 0.608557 -0.766283 -0.206078
vn -0.719776 0.691496 0.061281
vn -0.719776 0.691496 0.061281
vn -0.719776 0.691496 0.061281
vn -0.719776 0.691496 0.061281
vn 0.371204 -0.766289 -0.524412
vn 0.371204 -0.766289 -0.524413
vn 0.371204 -0.766289 -0.524413
vn 0.371204 -0.766289 -0.524413
vn -0.546275 0.691506 0.472655
vn -0.546275 0.691506 0.472655
vn -0.546275 0.691506 0.472655
vn -0.546275 0.691506 0.472655
vn 0.618337 0.691498 -0.373483
vn 0.618337 0.691498 -0.373483
vn 0.618337 0.691498 -0.373483
vn 0.618337 0.691498 -0.373483
vn -0.613449 -0.766287 0.191010
vn -0.613449 -0.766287 0.191010
vn -0.613449 -0.766287 0.191010
vn -0.613449 -0.766287 0.191010
vn -0.590265 0.688250 0.421780
vn -0.590265 0.688250 0.421780
vn -0.590265 0.688250 0.421780
vn -0.590265 0.688250 0.421780
vn 0.435680 -0.737969 -0.515350
vn 0.435680 -0.737969 -0.515350
vn 0.435680 -0.737969 -0.515350
vn 0.435680 -0.737969 -0.515350
vn -0.624751 -0.737973 0.255114
vn -0.624751 -0.737973 0.255114
vn -0.624751 -0.737973 0.255114
vn -0.624751 -0.737973 0.255114
vn 0.583535 0.688256 -0.431035
vn 0.583535 0.688256 -0.431035
vn 0.583535 0.688256 -0.431035
vn 0.583535 0.688256 -0.431035
vn 0.190970 -0.766282 -0.613467
vn 0.190970 -0.766282 -0.613467
vn 0.190970 -0.766282 -0.613467
vn 0.190970 -0.766282 -0.613467
vn -0.373491 0.691503 0.618327
vn -0.373491 0.691503 0.618327
vn -0.373491 0.691503 0.618327
vn -0.373491 0.691503 0.618327
vn 0.472654 0.691509 -0.546272
vn 0.472654 0.691509 -0.546272
vn 0.472654 0.691509 -0.546272
vn 0.472654 0.691509 -0.546272
vn -0.524410 -0.766287 0.371212
vn -0.524410 -0.766287 0.371212
vn -0.524410 -0.766287 0.371212
vn -0.524410 -0.766287 0.371212
vn -0.431023 0.688258 0.583541
vn -0.431023 0.688258 0.583541
vn -0.431023 0.688258 0.583541
vn -0.431023 0.688258 0.583541
vn 0.255099 -0.737984 -0.624744
vn 0.255099 -0.737984 -0.624744
vn 0.255099 -0.737984 -0.624744
vn 0.255099 -0.737984 -0.624744
vn -0.515367 -0.737958 0.435678
vn -0.515367 -0.737958 0.435678
vn -0.515367 -0.737958 0.435678
vn -0.515367 -0.737958 0.435678
vn 0.421769 0.688255 -0.590267
vn 0.421769 0.688255 -0.590267
vn 0.421769 0.688255 -0.590267
vn 0.421769 0.688255 -0.590267
vn -0.007942 -0.766289 -0.642447
vn -0.007942 -0.766289 -0.642447
vn -0.007942 -0.766289 -0.642447
vn -0.007942 -0.766289 -0.642447
vn -0.164131 0.691504 0.703480
vn -0.164131 0.691504 0.703480
vn -0.164131 0.691504 0.703480
vn -0.164131 0.691504 0.703480
vn 0.280721 0.691503 -0.665597
vn 0.280721 0.691503 -0.665597
vn 0.280721 0.691503 -0.665597
vn 0.280721 0.691503 -0.665597
vn -0.384043 -0.766286 0.515089
vn -0.384043 -0.766286 0.515089
vn -0.384043 -0.766286 0.515089
vn -0.384043 -0.766286 0.515089
vn -0.229623 0.688255 0.688170
vn -0.229623 0.688255 0.688170
vn -0.229623 0.688255 0.688170
vn -0.229624 0.688255 0.688170
vn 0.049557 -0.737972 -0.673010
vn 0.049557 -0.737972 -0.673010
vn 0.049557 -0.737972 -0.673010
vn 0.049557 -0.737972 -0.673010
vn -0.355488 -0.737970 0.573610
vn -0.355488 -0.737970 0.573610
vn -0.355488 -0.737970 0.573610
vn -0.355488 -0.737970 0.573610
vn 0.218729 0.688262 -0.691703
vn 0.218729 0.688262 -0.691703
vn 0.218729 0.688262 -0.691703
vn 0.218729 0.688262 -0.691703
vn -0.206090 -0.766286 -0.608550
vn -0.206090 -0.766286 -0.608550
vn -0.206090 -0.766286 -0.608550
vn -0.206090 -0.766286 -0.608550
vn 0.061295 0.691497 0.719774
vn 0.061295 0.691497 0.719774
vn 0.061295 0.691497 0.719774
vn 0.061295 0.691497 0.719774
vn 0.061294 0.691496 -0.719775
vn 0.061294 0.691496 -0.719775
vn 0.061294 0.691496 -0.719775
vn 0.061294 0.691496 -0.719775
vn -0.206089 -0.766285 0.608551
vn -0.206089 -0.766285 0.608551
vn -0.206089 -0.766285 0.608551
vn -0.206089 -0.766285 0.608551
vn -0.005726 0.688262 0.725440
vn -0.005726 0.688262 0.725440
vn -0.005726 0.688262 0.725440
vn -0.005726 0.688262 0.725440
vn -0.160842 -0.737981 -0.655373
vn -0.160842 -0.737981 -0.655373
vn -0.160842 -0.737981 -0.655373
vn -0.160842 -0.737981 -0.655373
vn -0.160845 -0.737971 0.655383
vn -0.160845 -0.737971 0.655383
vn -0.160845 -0.737971 0.655383
vn -0.160845 -0.737971 0.655383
vn -0.005726 0.688261 -0.725441
vn -0.005726 0.688261 -0.725441
vn -0.005726 0.688261 -0.725441
vn -0.005726 0.688261 -0.725441
vn -0.384050 -0.766292 -0.515075
vn -0.384050 -0.766292 -0.515075
vn -0.384050 -0.766292 -0.515075
vn -0.384050 -0.766292 -0.515075
vn 0.280718 0.691504 0.665598
vn 0.280718 0.691504 0.665597
vn 0.280718 0.691504 0.665598
vn 0.280718 0.691504 0.665598
vn -0.164132 0.691503 -0.703480
vn -0.164132 0.691503 -0.703480
vn -0.164132 0.691503 -0.703480
vn -0.164132 0.691503 -0.703480
vn -0.007941 -0.766287 0.642450
vn -0.007941 -0.766287 0.642450
vn -0.007941 -0.766287 0.642450
vn -0.007941 -0.766287 0.642450
vn 0.218729 0.688258 0.691707
vn 0.218729 0.688258 0.691707
vn 0.218729 0.688258 0.691707
vn 0.218729 0.688258 0.691707
vn -0.355488 -0.737970 -0.573610
vn -0.355488 -0.737970 -0.573610
vn -0.355488 -0.737970 -0.573610
vn -0.355488 -0.737970 -0.573610
vn 0.049554 -0.737971 0.673010
vn 0.049554 -0.737971 0.673010
vn 0.049554 -0.737971 0.673010
vn 0.049554 -0.737971 0.673010
vn -0.229621 0.688262 -0.688164
vn -0.229621 0.688262 -0.688164
vn -0.229621 0.688262 -0.688164
vn -0.229621 0.688262 -0.688164
vn -0.524421 -0.766276 -0.371219
vn -0.524421 -0.766276 -0.371219
vn -0.524421 -0.766276 -0.371219
vn -0.524421 -0.766276 -0.371219
vn 0.472663 0.691501 0.546274
vn 0.472663 0.691501 0.546274
vn 0.472663 0.691501 0.546274
vn 0.472663 0.691501 0.546274
vn -0.373494 0.691499 -0.618330
vn -0.373494 0.691499 -0.618330
vn -0.373494 0.691499 -0.618330
vn -0.373494 0.691499 -0.618330
vn 0.190983 -0.766282 0.613464
vn 0.190983 -0.766282 0.613464
vn 0.190983 -0.766282 0.613464
vn 0.190983 -0.766282 0.613464
vn 0.421773 0.688256 0.590264
vn 0.421773 0.688256 0.590264
vn 0.421773 0.688256 0.590264
vn 0.421773 0.688256 0.590264
vn -0.515368 -0.737956 -0.435680
vn -0.515368 -0.737956 -0.435680
vn -0.515368 -0.737956 -0.435680
vn -0.515368 -0.737956 -0.435680
vn 0.255100 -0.737974 0.624755
vn 0.255100 -0.737974 0.624755
vn 0.255100 -0.737974 0.624755
vn 0.255100 -0.737974 0.624755
vn -0.431041 0.688251 -0.583536
vn -0.431041 0.688251 -0.583536
vn -0.431041 0.688251 -0.583536
vn -0.431042 0.688251 -0.583536
vn -0.613446 -0.766294 -0.190989
vn -0.613446 -0.766294 -0.190989
vn -0.613446 -0.766294 -0.190989
vn -0.613446 -0.766294 -0.190989
vn 0.618329 0.691506 0.373482
vn 0.618329 0.691506 0.373482
vn 0.618329 0.691506 0.373482
vn 0.618329 0.691506 0.373482
vn -0.546278 0.691508 -0.472649
vn -0.546278 0.691508 -0.472649
vn -0.546278 0.691508 -0.472649
vn -0.546278 0.691508 -0.472649
vn 0.371202 -0.766291 0.524411
vn 0.371202 -0.766291 0.524412
vn 0.371202 -0.766291 0.524412
vn 0.371202 -0.766291 0.524411
vn 0.583545 0.688261 0.431012
vn 0.583545 0.688261 0.431012
vn 0.583545 0.688261 0.431012
vn 0.583545 0.688261 0.431012
vn -0.624759 -0.737973 -0.255090
vn -0.624759 -0.737973 -0.255090
vn -0.624759 -0.737973 -0.255090
vn -0.624759 -0.737973 -0.255090
vn 0.435678 -0.737975 0.515342
vn 0.435679 -0.737975 0.515342
vn 0.435678 -0.737975 0.515342
vn 0.435678 -0.737975 0.515342
vn -0.590246 0.688259 -0.421792
vn -0.590246 0.688259 -0.421792
vn -0.590246 0.688259 -0.421792
vn -0.590246 0.688259 -0.421792
vn -0.642435 -0.766299 0.007943
vn -0.642435 -0.766299 0.007943
vn -0.642435 -0.766299 0.007943
vn -0.642435 -0.766299 0.007943
vn 0.703478 0.691507 0.164124
vn 0.703478 0.691507 0.164124
vn 0.703478 0.691507 0.164124
vn 0.703478 0.691507 0.164124
vn -0.665610 0.691494 -0.280713
vn -0.665610 0.691494 -0.280713
vn -0.665610 0.691494 -0.280713
vn -0.665610 0.691494 -0.280713
vn 0.515096 -0.766280 0.384045
vn 0.515096 -0.766280 0.384046
vn 0.515096 -0.766280 0.384046
vn 0.515096 -0.766280 0.384046
vn 0.688172 0.688251 0.229631
vn 0.688172 0.688251 0.229631
vn 0.688172 0.688251 0.229631
vn 0.688172 0.688251 0.229631
vn -0.673008 -0.737972 -0.049569
vn -0.673008 -0.737972 -0.049569
vn -0.673008 -0.737972 -0.049569
vn -0.673008 -0.737972 -0.049569
vn 0.573583 -0.737978 0.355516
vn 0.573583 -0.737978 0.355516
vn 0.573583 -0.737978 0.355516
vn 0.573583 -0.737978 0.355516
vn -0.691698 0.688269 -0.218721
vn -0.691699 0.688269 -0.218721
vn -0.691699 0.688269 -0.218721
vn -0.691699 0.688269 -0.218721
vn -0.608550 -0.766288 0.206084
vn -0.608550 -0.766287 0.206084
vn -0.608550 -0.766288 0.206084
vn -0.608550 -0.766288 0.206084
vn 0.719766 0.691507 -0.061274
vn 0.719766 0.691507 -0.061274
vn 0.719766 0.691507 -0.061274
vn 0.719766 0.691507 -0.061274
vn -0.719773 0.691499 -0.061281
vn -0.719773 0.691499 -0.061281
vn -0.719773 0.691499 -0.061281
vn -0.719773 0.691499 -0.061281
vn 0.608559 -0.766282 0.206077
vn 0.608559 -0.766282 0.206077
vn 0.608559 -0.766282 0.206077
vn 0.608559 -0.766282 0.206077
vn 0.725449 0.688252 0.005723
vn 0.725449 0.688252 0.005723
vn 0.725449 0.688252 0.005723
vn 0.725449 0.688252 0.005723
vn -0.655386 -0.737970 0.160843
vn -0.655386 -0.737970 0.160843
vn -0.655386 -0.737970 0.160843
vn -0.655386 -0.737970 0.160843
vn 0.655375 -0.737980 0.160840
vn 0.655375 -0.737980 0.160840
vn 0.655375 -0.737980 0.160840
vn 0.655375 -0.737980 0.160840
vn -0.725445 0.688257 0.005715
vn -0.725445 0.688257 0.005715
vn -0.725445 0.688257 0.005715
vn -0.725445 0.688257 0.005715
vn -0.515085 -0.766285 0.384051
vn -0.515085 -0.766285 0.384051
vn -0.515085 -0.766285 0.384051
vn -0.515085 -0.766285 0.384051
vn 0.665606 0.691496 -0.280718
vn 0.665606 0.691496 -0.280718
vn 0.665606 0.691496 -0.280718
vn 0.665606 0.691496 -0.280718
vn -0.703476 0.691509 0.164123
vn -0.703476 0.691509 0.164123
vn -0.703476 0.691509 0.164123
vn -0.703476 0.691509 0.164123
vn 0.642443 -0.766293 0.007911
vn 0.642443 -0.766293 0.007911
vn 0.642443 -0.766293 0.007911
vn 0.642443 -0.766293 0.007911
vn 0.691698 0.688264 -0.218739
vn 0.691698 0.688264 -0.218739
vn 0.691698 0.688264 -0.218739
vn 0.691698 0.688264 -0.218739
vn -0.573605 -0.737974 0.355487
vn -0.573605 -0.737974 0.355487
vn -0.573605 -0.737974 0.355487
vn -0.573605 -0.737974 0.355487
vn 0.673023 -0.737960 -0.049546
vn 0.673023 -0.737960 -0.049546
vn 0.673023 -0.737960 -0.049546
vn 0.673023 -0.737960 -0.049546
vn -0.688165 0.688257 0.229634
vn -0.688165 0.688257 0.229634
vn -0.688165 0.688257 0.229634
vn -0.688165 0.688257 0.229634
vn -0.371190 -0.766289 0.524423
vn -0.371190 -0.766289 0.524423
vn -0.371190 -0.766289 0.524423
vn -0.371190 -0.766289 0.524423
vn 0.546268 0.691514 -0.472653
vn 0.546268 0.691514 -0.472653
vn 0.546268 0.691514 -0.472653
vn 0.546268 0.691514 -0.472653
vn -0.618324 0.691512 0.373480
vn -0.618324 0.691512 0.373480
vn -0.618324 0.691512 0.373480
vn -0.618324 0.691512 0.373480
vn 0.613450 -0.766294 -0.190975
vn 0.613450 -0.766294 -0.190975
vn 0.613450 -0.766294 -0.190975
vn 0.613450 -0.766295 -0.190975
vn 0.590248 0.688271 -0.421770
vn 0.590248 0.688271 -0.421770
vn 0.590248 0.688271 -0.421770
vn 0.590248 0.688271 -0.421770
vn -0.435683 -0.737974 0.515340
vn -0.435683 -0.737974 0.515340
vn -0.435683 -0.737974 0.515340
vn -0.435683 -0.737974 0.515340
vn 0.624746 -0.737983 -0.255093
vn 0.624746 -0.737983 -0.255093
vn 0.624746 -0.737983 -0.255093
vn 0.624746 -0.737983 -0.255093
vn -0.583510 0.688269 0.431048
vn -0.583510 0.688269 0.431048
vn -0.583510 0.688269 0.431048
vn -0.583510 0.688269 0.431048
vn -0.190978 -0.766289 0.613457
vn -0.190978 -0.766289 0.613456
vn -0.190978 -0.766289 0.613457
vn -0.190978 -0.766289 0.613457
vn 0.373489 0.691504 -0.618327
vn 0.373489 0.691504 -0.618327
vn 0.373489 0.691504 -0.618327
vn 0.373489 0.691504 -0.618327
vn -0.472663 0.691495 0.546283
vn -0.472663 0.691495 0.546283
vn -0.472663 0.691495 0.546283
vn -0.472663 0.691495 0.546283
vn 0.524419 -0.766279 -0.371215
vn 0.524419 -0.766279 -0.371215
vn 0.524419 -0.766279 -0.371215
vn 0.524419 -0.766279 -0.371215
vn 0.431032 0.688251 -0.583542
vn 0.431032 0.688251 -0.583542
vn 0.431032 0.688251 -0.583542
vn 0.431032 0.688251 -0.583542
vn -0.255102 -0.737971 0.624757
vn -0.255102 -0.737971 0.624757
vn -0.255102 -0.737971 0.624757
vn -0.255102 -0.737971 0.624757
vn 0.515348 -0.737974 -0.435673
vn 0.515348 -0.737974 -0.435673
vn 0.515348 -0.737974 -0.435673
vn 0.515348 -0.737974 -0.435673
vn -0.421773 0.688256 0.590264
vn -0.421773 0.688256 0.590264
vn -0.421773 0.688256 0.590264
vn -0.421773 0.688256 0.590264
vn 0.007939 -0.766282 0.642456
vn 0.007939 -0.766282 0.642456
vn 0.007939 -0.766282 0.642456
vn 0.007939 -0.766282 0.642456
vn 0.164130 0.691505 -0.703479
vn 0.164130 0.691505 -0.703479
vn 0.164130 0.691505 -0.703478
vn 0.164130 0.691505 -0.703478
vn -0.280713 0.691503 0.665600
vn -0.280713 0.691503 0.665600
vn -0.280713 0.691503 0.665600
vn -0.280713 0.691503 0.665600
vn 0.384045 -0.766293 -0.515078
vn 0.384045 -0.766293 -0.515078
vn 0.384045 -0.766293 -0.515078
vn 0.384045 -0.766293 -0.515078
vn 0.229625 0.688259 -0.688166
vn 0.229625 0.688259 -0.688166
vn 0.229625 0.688259 -0.688166
vn 0.229625 0.688259 -0.688166
vn -0.049554 -0.737977 0.673004
vn -0.049554 -0.737977 0.673004
vn -0.049554 -0.737977 0.673005
vn -0.049554 -0.737977 0.673004
vn 0.355489 -0.737972 -0.573608
vn 0.355489 -0.737972 -0.573608
vn 0.355489 -0.737972 -0.573608
vn 0.355489 -0.737972 -0.573608
vn -0.218728 0.688254 0.691711
vn -0.218728 0.688254 0.691711
vn -0.218728 0.688254 0.691711
vn -0.218728 0.688254 0.691711
vn 0.206078 -0.766289 0.608551
vn 0.206078 -0.766288 0.608551
vn 0.206078 -0.766288 0.608551
vn 0.206078 -0.766289 0.608551
vn -0.061293 0.691498 -0.719773
vn -0.061293 0.691498 -0.719773
vn -0.061293 0.691498 -0.719773
vn -0.061293 0.691498 -0.719773
vn -0.061292 0.691502 0.719770
vn -0.061292 0.691502 0.719770
vn -0.061292 0.691502 0.719770
vn -0.061292 0.691502 0.719770
vn 0.206082 -0.766283 -0.608556
vn 0.206082 -0.766283 -0.608556
vn 0.206082 -0.766283 -0.608556
vn 0.206082 -0.766283 -0.608556
vn 0.005728 0.688257 -0.725444
vn 0.005728 0.688257 -0.725444
vn 0.005728 0.688257 -0.725444
vn 0.005728 0.688257 -0.725444
vn 0.160843 -0.737968 0.655387
vn 0.160843 -0.737968 0.655387
vn 0.160843 -0.737968 0.655387
vn 0.160843 -0.737968 0.655387
vn 0.160841 -0.737973 -0.655382
vn 0.160841 -0.737973 -0.655382
vn 0.160841 -0.737973 -0.655382
vn 0.160841 -0.737973 -0.655382
vn 0.005728 0.688261 0.725440
vn 0.005728 0.688261 0.725440
vn 0.005728 0.688261 0.725440
vn 0.005728 0.688261 0.725440
vn 0.384051 -0.766280 0.515091
vn 0.384051 -0.766280 0.515091
vn 0.384051 -0.766280 0.515091
vn 0.384051 -0.766280 0.515091
vn -0.280713 0.691507 -0.665596
vn -0.280713 0.691507 -0.665596
vn -0.280713 0.691507 -0.665596
vn -0.280713 0.691507 -0.665596
vn 0.164129 0.691499 0.703485
vn 0.164129 0.691499 0.703485
vn 0.164129 0.691499 0.703485
vn 0.164129 0.691499 0.703485
vn 0.007939 -0.766282 -0.642456
vn 0.007939 -0.766282 -0.642456
vn 0.007939 -0.766282 -0.642456
vn 0.007939 -0.766282 -0.642456
vn -0.218728 0.688251 -0.691714
vn -0.218728 0.688251 -0.691714
vn -0.218728 0.688251 -0.691714
vn -0.218728 0.688251 -0.691714
vn 0.355487 -0.737971 0.573610
vn 0.355487 -0.737971 0.573610
vn 0.355487 -0.737971 0.573610
vn 0.355487 -0.737971 0.573610
vn -0.049555 -0.737972 -0.673009
vn -0.049555 -0.737973 -0.673009
vn -0.049555 -0.737973 -0.673009
vn -0.049555 -0.737972 -0.673009
vn 0.229621 0.688263 0.688163
vn 0.229621 0.688263 0.688163
vn 0.229621 0.688263 0.688163
vn 0.229621 0.688263 0.688163
vn 0.524424 -0.766286 0.371193
vn 0.524424 -0.766286 0.371193
vn 0.524424 -0.766286 0.371193
vn 0.524424 -0.766286 0.371193
vn -0.472665 0.691492 -0.546285
vn -0.472665 0.691492 -0.546285
vn -0.472665 0.691492 -0.546285
vn -0.472665 0.691492 -0.546285
vn 0.373490 0.691496 0.618335
vn 0.373490 0.691496 0.618335
vn 0.373490 0.691496 0.618335
vn 0.373490 0.691496 0.618335
vn -0.190979 -0.766284 -0.613462
vn -0.190979 -0.766284 -0.613462
vn -0.190979 -0.766284 -0.613462
vn -0.190979 -0.766284 -0.613462
vn -0.421773 0.688259 -0.590261
vn -0.421773 0.688259 -0.590261
vn -0.421773 0.688259 -0.590261
vn -0.421773 0.688259 -0.590261
vn 0.515355 -0.737965 0.435679
vn 0.515355 -0.737965 0.435679
vn 0.515355 -0.737965 0.435679
vn 0.515355 -0.737965 0.435679
vn -0.255097 -0.737973 -0.624757
vn -0.255097 -0.737973 -0.624757
vn -0.255097 -0.737973 -0.624757
vn -0.255097 -0.737973 -0.624757
vn 0.431036 0.688263 0.583525
vn 0.431036 0.688263 0.583525
vn 0.431036 0.688263 0.583525
vn 0.431036 0.688263 0.583525
vn 0.613458 -0.766286 0.190983
vn 0.613458 -0.766287 0.190983
vn 0.613458 -0.766287 0.190983
vn 0.613458 -0.766287 0.190983
vn -0.618343 0.691491 -0.373486
vn -0.618343 0.691491 -0.373486
vn -0.618343 0.691491 -0.373486
vn -0.618343 0.691491 -0.373486
vn 0.546276 0.691504 0.472657
vn 0.546277 0.691504 0.472657
vn 0.546276 0.691504 0.472657
vn 0.546277 0.691504 0.472657
vn -0.371198 -0.766292 -0.524413
vn -0.371198 -0.766292 -0.524413
vn -0.371198 -0.766292 -0.524413
vn -0.371198 -0.766292 -0.524413
vn -0.583531 0.688257 -0.431038
vn -0.583531 0.688257 -0.431038
vn -0.583531 0.688257 -0.431038
vn -0.583531 0.688257 -0.431038
vn 0.624763 -0.737965 0.255104
vn 0.624763 -0.737965 0.255104
vn 0.624763 -0.737965 0.255104
vn 0.624763 -0.737965 0.255104
vn -0.435682 -0.737966 -0.515352
vn -0.435682 -0.737966 -0.515352
vn -0.435682 -0.737966 -0.515352
vn -0.435682 -0.737966 -0.515352
vn 0.590263 0.688257 0.421772
vn 0.590263 0.688257 0.421772
vn 0.590263 0.688257 0.421772
vn 0.590263 0.688257 0.421772
vn 0.642444 -0.766292 -0.007911
vn 0.642444 -0.766292 -0.007911
vn 0.642444 -0.766292 -0.007911
vn 0.642444 -0.766292 -0.007911
vn -0.703474 0.691511 -0.164123
vn -0.703474 0.691511 -0.164123
vn -0.703474 0.691511 -0.164123
vn -0.703474 0.691511 -0.164123
vn 0.665599 0.691506 0.280708
vn 0.665599 0.691506 0.280708
vn 0.665599 0.691506 0.280708
vn 0.665599 0.691506 0.280708
vn -0.515071 -0.766293 -0.384053
vn -0.515071 -0.766293 -0.384053
vn -0.515071 -0.766293 -0.384053
vn -0.515071 -0.766293 -0.384053
vn -0.688162 0.688263 -0.229624
vn -0.688162 0.688263 -0.229624
vn -0.688162 0.688263 -0.229624
vn -0.688162 0.688263 -0.229624
vn 0.673011 -0.737972 0.049538
vn 0.673011 -0.737972 0.049538
vn 0.673011 -0.737972 0.049538
vn 0.673011 -0.737972 0.049538
vn -0.573607 -0.737972 -0.355489
vn -0.573607 -0.737972 -0.355489
vn -0.573607 -0.737972 -0.355489
vn -0.573607 -0.737972 -0.355489
vn 0.691698 0.688263 0.218741
vn 0.691698 0.688263 0.218741
vn 0.691699 0.688263 0.218741
vn 0.691698 0.688263 0.218741
vn 0.552388 -0.791254 -0.262268
vn 0.552388 -0.791254 -0.262268
vn 0.552388 -0.791254 -0.262268
vn 0.552388 -0.791254 -0.262268
vn -0.688441 0.703796 0.175271
vn -0.688441 0.703796 0.175271
vn -0.688441 0.703796 0.175271
vn -0.688441 0.703796 0.175271
vn 0.659969 0.703817 -0.262836
vn 0.659969 0.703817 -0.262836
vn 0.659969 0.703817 -0.262836
vn 0.659969 0.703817 -0.262836
vn -0.601044 -0.791260 0.112489
vn -0.601044 -0.791260 0.112489
vn -0.601044 -0.791260 0.112489
vn -0.601044 -0.791260 0.112489
vn -0.699414 0.707103 0.104046
vn -0.699414 0.707103 0.104046
vn -0.699414 0.707103 0.104046
vn -0.699414 0.707103 0.104046
vn 0.587728 -0.773818 -0.236181
vn 0.587728 -0.773818 -0.236181
vn 0.587728 -0.773818 -0.236181
vn 0.587728 -0.773818 -0.236181
vn -0.614318 -0.773811 0.154368
vn -0.614318 -0.773811 0.154368
vn -0.614318 -0.773811 0.154368
vn -0.614318 -0.773811 0.154368
vn 0.627002 0.707095 -0.326933
vn 0.627002 0.707095 -0.326933
vn 0.627002 0.707095 -0.326933
vn 0.627002 0.707095 -0.326933
vn 0.697352 0.707090 -0.117151
vn 0.697352 0.707090 -0.117150
vn 0.697352 0.707090 -0.117151
vn 0.697352 0.707090 -0.117151
vn -0.631958 -0.773809 -0.043011
vn -0.631958 -0.773809 -0.043011
vn -0.631958 -0.773809 -0.043011
vn -0.631958 -0.773809 -0.043011
vn 0.708904 0.703802 -0.046018
vn 0.708904 0.703802 -0.046018
vn 0.708904 0.703802 -0.046018
vn 0.708904 0.703802 -0.046018
vn -0.606395 -0.791256 -0.078734
vn -0.606395 -0.791256 -0.078734
vn -0.606395 -0.791256 -0.078734
vn -0.606395 -0.791256 -0.078734
vn -0.697344 0.707097 -0.117150
vn -0.697344 0.707097 -0.117150
vn -0.697344 0.707097 -0.117150
vn -0.697344 0.707097 -0.117150
vn 0.631945 -0.773819 -0.043017
vn 0.631945 -0.773819 -0.043017
vn 0.631945 -0.773819 -0.043017
vn 0.631945 -0.773819 -0.043017
vn 0.606408 -0.791247 -0.078729
vn 0.606408 -0.791247 -0.078729
vn 0.606408 -0.791247 -0.078729
vn 0.606408 -0.791247 -0.078729
vn -0.708914 0.703792 -0.046016
vn -0.708914 0.703792 -0.046016
vn -0.708914 0.703792 -0.046016
vn -0.708914 0.703792 -0.046016
vn 0.444305 -0.791245 -0.420149
vn 0.444305 -0.791245 -0.420149
vn 0.444305 -0.791245 -0.420149
vn 0.444305 -0.791245 -0.420149
vn -0.600568 0.703798 0.379456
vn -0.600568 0.703798 0.379456
vn -0.600568 0.703798 0.379456
vn -0.600568 0.703798 0.379456
vn 0.546451 0.703800 -0.453936
vn 0.546451 0.703800 -0.453936
vn 0.546451 0.703800 -0.453936
vn 0.546451 0.703800 -0.453936
vn -0.536870 -0.791253 0.292728
vn -0.536870 -0.791253 0.292728
vn -0.536870 -0.791253 0.292728
vn -0.536870 -0.791253 0.292728
vn -0.633024 0.707094 0.315118
vn -0.633024 0.707094 0.315118
vn -0.633024 0.707094 0.315118
vn -0.633024 0.707094 0.315118
vn 0.485984 -0.773816 -0.406237
vn 0.485984 -0.773816 -0.406237
vn 0.485984 -0.773816 -0.406238
vn 0.485984 -0.773816 -0.406238
vn -0.536533 -0.773815 0.336665
vn -0.536533 -0.773815 0.336665
vn -0.536533 -0.773815 0.336665
vn -0.536533 -0.773815 0.336665
vn 0.495300 0.707094 -0.504675
vn 0.495300 0.707094 -0.504675
vn 0.495300 0.707094 -0.504675
vn 0.495300 0.707094 -0.504675
vn 0.292736 -0.791248 -0.536873
vn 0.292736 -0.791248 -0.536873
vn 0.292736 -0.791248 -0.536873
vn 0.292736 -0.791248 -0.536873
vn -0.453925 0.703799 0.546460
vn -0.453925 0.703799 0.546461
vn -0.453925 0.703799 0.546461
vn -0.453925 0.703799 0.546460
vn 0.379446 0.703801 -0.600570
vn 0.379446 0.703801 -0.600570
vn 0.379447 0.703801 -0.600570
vn 0.379447 0.703801 -0.600570
vn -0.420122 -0.791252 0.444317
vn -0.420122 -0.791252 0.444317
vn -0.420122 -0.791252 0.444317
vn -0.420122 -0.791252 0.444317
vn -0.504671 0.707093 0.495304
vn -0.504671 0.707093 0.495304
vn -0.504671 0.707093 0.495304
vn -0.504671 0.707093 0.495304
vn 0.336660 -0.773815 -0.536535
vn 0.336660 -0.773815 -0.536535
vn 0.336660 -0.773815 -0.536535
vn 0.336660 -0.773815 -0.536535
vn -0.406247 -0.773811 0.485984
vn -0.406247 -0.773811 0.485984
vn -0.406247 -0.773811 0.485984
vn -0.406247 -0.773811 0.485984
vn 0.315101 0.707096 -0.633029
vn 0.315101 0.707096 -0.633030
vn 0.315101 0.707096 -0.633030
vn 0.315101 0.707096 -0.633030
vn 0.112504 -0.791248 -0.601057
vn 0.112504 -0.791248 -0.601057
vn 0.112504 -0.791248 -0.601057
vn 0.112504 -0.791248 -0.601057
vn -0.262828 0.703794 0.659996
vn -0.262828 0.703794 0.659996
vn -0.262828 0.703794 0.659996
vn -0.262828 0.703794 0.659996
vn 0.175289 0.703796 -0.688436
vn 0.175289 0.703796 -0.688436
vn 0.175289 0.703796 -0.688436
vn 0.175289 0.703796 -0.688436
vn -0.262270 -0.791258 0.552381
vn -0.262270 -0.791258 0.552381
vn -0.262270 -0.791258 0.552381
vn -0.262270 -0.791258 0.552381
vn -0.326913 0.707103 0.627004
vn -0.326913 0.707103 0.627004
vn -0.326913 0.707103 0.627004
vn -0.326913 0.707103 0.627004
vn 0.154389 -0.773819 -0.614303
vn 0.154389 -0.773819 -0.614303
vn 0.154389 -0.773819 -0.614303
vn 0.154389 -0.773819 -0.614303
vn -0.236188 -0.773810 0.587735
vn -0.236188 -0.773810 0.587735
vn -0.236188 -0.773810 0.587735
vn -0.236188 -0.773810 0.587735
vn 0.104064 0.707092 -0.699422
vn 0.104064 0.707092 -0.699422
vn 0.104064 0.707092 -0.699422
vn 0.104064 0.707092 -0.699422
vn -0.078739 -0.791249 -0.606403
vn -0.078739 -0.791249 -0.606403
vn -0.078739 -0.791249 -0.606403
vn -0.078739 -0.791249 -0.606403
vn -0.046026 0.703795 0.708910
vn -0.046026 0.703795 0.708910
vn -0.046026 0.703795 0.708910
vn -0.046026 0.703795 0.708910
vn -0.046026 0.703795 -0.708910
vn -0.046026 0.703795 -0.708911
vn -0.046026 0.703795 -0.708911
vn -0.046026 0.703795 -0.708911
vn -0.078738 -0.791253 0.606398
vn -0.078738 -0.791253 0.606398
vn -0.078738 -0.791253 0.606398
vn -0.078738 -0.791253 0.606398
vn -0.117159 0.707100 0.697340
vn -0.117159 0.707100 0.697340
vn -0.117159 0.707100 0.697340
vn -0.117159 0.707100 0.697340
vn -0.043003 -0.773818 -0.631947
vn -0.043003 -0.773818 -0.631947
vn -0.043003 -0.773818 -0.631947
vn -0.043003 -0.773818 -0.631947
vn -0.043003 -0.773816 0.631949
vn -0.043003 -0.773816 0.631949
vn -0.043003 -0.773816 0.631949
vn -0.043003 -0.773816 0.631949
vn -0.117158 0.707099 -0.697341
vn -0.117158 0.707099 -0.697341
vn -0.117158 0.707099 -0.697341
vn -0.117158 0.707099 -0.697341
vn -0.262268 -0.791262 -0.552376
vn -0.262268 -0.791262 -0.552376
vn -0.262268 -0.791262 -0.552376
vn -0.262268 -0.791262 -0.552376
vn 0.175287 0.703799 0.688434
vn 0.175287 0.703799 0.688434
vn 0.175287 0.703799 0.688434
vn 0.175287 0.703799 0.688434
vn -0.262827 0.703798 -0.659993
vn -0.262827 0.703798 -0.659993
vn -0.262827 0.703798 -0.659993
vn -0.262827 0.703798 -0.659993
vn 0.112504 -0.791249 0.601056
vn 0.112504 -0.791249 0.601056
vn 0.112504 -0.791249 0.601056
vn 0.112504 -0.791249 0.601056
vn 0.104064 0.707089 0.699425
vn 0.104064 0.707089 0.699425
vn 0.104064 0.707089 0.699425
vn 0.104064 0.707089 0.699425
vn -0.236185 -0.773816 -0.587729
vn -0.236185 -0.773816 -0.587729
vn -0.236185 -0.773816 -0.587729
vn -0.236185 -0.773816 -0.587729
vn 0.154386 -0.773817 0.614307
vn 0.154386 -0.773817 0.614307
vn 0.154386 -0.773817 0.614307
vn 0.154386 -0.773817 0.614307
vn -0.326915 0.707097 -0.627009
vn -0.326915 0.707097 -0.627009
vn -0.326915 0.707097 -0.627009
vn -0.326915 0.707097 -0.627009
vn -0.420133 -0.791245 -0.444320
vn -0.420133 -0.791245 -0.444320
vn -0.420133 -0.791245 -0.444320
vn -0.420133 -0.791245 -0.444320
vn 0.379453 0.703799 0.600569
vn 0.379453 0.703799 0.600569
vn 0.379453 0.703799 0.600569
vn 0.379453 0.703799 0.600569
vn -0.453934 0.703788 -0.546467
vn -0.453934 0.703788 -0.546467
vn -0.453934 0.703788 -0.546467
vn -0.453934 0.703788 -0.546467
vn 0.292735 -0.791252 0.536867
vn 0.292735 -0.791252 0.536867
vn 0.292735 -0.791252 0.536867
vn 0.292735 -0.791252 0.536867
vn 0.315102 0.707095 0.633030
vn 0.315102 0.707095 0.633030
vn 0.315102 0.707095 0.633030
vn 0.315102 0.707095 0.633030
vn -0.406248 -0.773809 -0.485985
vn -0.406248 -0.773809 -0.485985
vn -0.406248 -0.773809 -0.485985
vn -0.406248 -0.773809 -0.485985
vn 0.336662 -0.773816 0.536532
vn 0.336662 -0.773816 0.536532
vn 0.336662 -0.773816 0.536532
vn 0.336662 -0.773816 0.536532
vn -0.504666 0.707094 -0.495309
vn -0.504666 0.707094 -0.495309
vn -0.504666 0.707094 -0.495309
vn -0.504666 0.707094 -0.495309
vn -0.536862 -0.791257 -0.292732
vn -0.536862 -0.791257 -0.292732
vn -0.536862 -0.791257 -0.292732
vn -0.536862 -0.791257 -0.292732
vn 0.546456 0.703803 0.453925
vn 0.546456 0.703803 0.453925
vn 0.546456 0.703803 0.453925
vn 0.546456 0.703803 0.453925
vn -0.600568 0.703805 -0.379442
vn -0.600568 0.703805 -0.379442
vn -0.600568 0.703805 -0.379441
vn -0.600568 0.703805 -0.379442
vn 0.444301 -0.791256 0.420132
vn 0.444301 -0.791256 0.420132
vn 0.444301 -0.791256 0.420132
vn 0.444301 -0.791256 0.420132
vn 0.495295 0.707095 0.504677
vn 0.495295 0.707096 0.504677
vn 0.495295 0.707095 0.504677
vn 0.495295 0.707095 0.504677
vn -0.536541 -0.773812 -0.336657
vn -0.536541 -0.773812 -0.336657
vn -0.536541 -0.773812 -0.336657
vn -0.536541 -0.773812 -0.336657
vn 0.485978 -0.773820 0.406238
vn 0.485978 -0.773820 0.406238
vn 0.485978 -0.773820 0.406238
vn 0.485978 -0.773820 0.406238
vn -0.633027 0.707102 -0.315093
vn -0.633027 0.707102 -0.315093
vn -0.633027 0.707102 -0.315093
vn -0.633027 0.707102 -0.315093
vn -0.601041 -0.791263 -0.112488
vn -0.601041 -0.791263 -0.112488
vn -0.601041 -0.791263 -0.112488
vn -0.601041 -0.791263 -0.112488
vn 0.659971 0.703814 0.262837
vn 0.659971 0.703814 0.262837
vn 0.659971 0.703814 0.262837
vn 0.659971 0.703814 0.262837
vn -0.688441 0.703793 -0.175284
vn -0.688441 0.703793 -0.175284
vn -0.688441 0.703793 -0.175284
vn -0.688441 0.703793 -0.175284
vn 0.552392 -0.791249 0.262274
vn 0.552392 -0.791249 0.262274
vn 0.552392 -0.791249 0.262274
vn 0.552392 -0.791249 0.262274
vn 0.627016 0.707092 0.326912
vn 0.627016 0.707092 0.326912
vn 0.627016 0.707092 0.326912
vn 0.627016 0.707092 0.326912
vn -0.614314 -0.773810 -0.154391
vn -0.614314 -0.773810 -0.154391
vn -0.614314 -0.773810 -0.154391
vn -0.614314 -0.773810 -0.154391
vn 0.587725 -0.773821 0.236180
vn 0.587725 -0.773821 0.236180
vn 0.587725 -0.773821 0.236180
vn 0.587724 -0.773821 0.236180
vn -0.699413 0.707104 -0.104045
vn -0.699413 0.707104 -0.104045
vn -0.699413 0.707104 -0.104045
vn -0.699413 0.707104 -0.104045
vn -0.606399 -0.791253 0.078737
vn -0.606399 -0.791253 0.078737
vn -0.606399 -0.791253 0.078737
vn -0.606399 -0.791253 0.078737
vn 0.708902 0.703805 0.046018
vn 0.708901 0.703805 0.046018
vn 0.708902 0.703805 0.046018
vn 0.708902 0.703805 0.046018
vn -0.708911 0.703796 0.046016
vn -0.708911 0.703796 0.046016
vn -0.708911 0.703796 0.046016
vn -0.708911 0.703796 0.046016
vn 0.606410 -0.791245 0.078731
vn 0.606410 -0.791245 0.078731
vn 0.606410 -0.791245 0.078731
vn 0.606410 -0.791245 0.078731
vn 0.697354 0.707088 0.117152
vn 0.697354 0.707088 0.117152
vn 0.697354 0.707088 0.117152
vn 0.697354 0.707088 0.117152
vn -0.631959 -0.773807 0.043011
vn -0.631959 -0.773807 0.043011
vn -0.631959 -0.773807 0.043011
vn -0.631959 -0.773808 0.043011
vn 0.631946 -0.773818 0.043017
vn 0.631946 -0.773818 0.043017
vn 0.631946 -0.773818 0.043017
vn 0.631946 -0.773818 0.043017
vn -0.697347 0.707095 0.117152
vn -0.697347 0.707095 0.117152
vn -0.697347 0.707095 0.117152
vn -0.697347 0.707095 0.117152
vn -0.552392 -0.791250 0.262271
vn -0.552392 -0.791250 0.262271
vn -0.552392 -0.791250 0.262271
vn -0.552392 -0.791250 0.262271
vn 0.688427 0.703805 -0.175291
vn 0.688427 0.703805 -0.175291
vn 0.688427 0.703805 -0.175291
vn 0.688427 0.703805 -0.175291
vn -0.659982 0.703800 0.262849
vn -0.659982 0.703800 0.262849
vn -0.659982 0.703800 0.262849
vn -0.659982 0.703800 0.262849
vn 0.601061 -0.791244 -0.112508
vn 0.601061 -0.791244 -0.112508
vn 0.601061 -0.791244 -0.112508
vn 0.601061 -0.791244 -0.112508
vn 0.699428 0.707086 -0.104062
vn 0.699428 0.707086 -0.104062
vn 0.699428 0.707086 -0.104062
vn 0.699428 0.707086 -0.104062
vn -0.587730 -0.773818 0.236175
vn -0.587730 -0.773818 0.236175
vn -0.587730 -0.773818 0.236175
vn -0.587730 -0.773818 0.236175
vn 0.614305 -0.773817 -0.154389
vn 0.614305 -0.773817 -0.154389
vn 0.614305 -0.773817 -0.154389
vn 0.614305 -0.773817 -0.154389
vn -0.627015 0.707086 0.326928
vn -0.627015 0.707086 0.326928
vn -0.627015 0.707086 0.326928
vn -0.627015 0.707086 0.326928
vn -0.444306 -0.791253 0.420132
vn -0.444306 -0.791253 0.420132
vn -0.444306 -0.791253 0.420132
vn -0.444306 -0.791253 0.420132
vn 0.600571 0.703801 -0.379446
vn 0.600571 0.703801 -0.379446
vn 0.600571 0.703801 -0.379446
vn 0.600571 0.703801 -0.379446
vn -0.546462 0.703795 0.453930
vn -0.546462 0.703795 0.453930
vn -0.546462 0.703795 0.453930
vn -0.546462 0.703795 0.453930
vn 0.536877 -0.791247 -0.292729
vn 0.536877 -0.791247 -0.292729
vn 0.536877 -0.791247 -0.292729
vn 0.536877 -0.791247 -0.292729
vn 0.633023 0.707100 -0.315108
vn 0.633022 0.707100 -0.315108
vn 0.633023 0.707099 -0.315108
vn 0.633023 0.707100 -0.315108
vn -0.485978 -0.773822 0.406234
vn -0.485978 -0.773822 0.406234
vn -0.485978 -0.773822 0.406234
vn -0.485978 -0.773822 0.406234
vn 0.536525 -0.773826 -0.336652
vn 0.536525 -0.773826 -0.336652
vn 0.536524 -0.773826 -0.336652
vn 0.536525 -0.773826 -0.336652
vn -0.495294 0.707102 0.504668
vn -0.495294 0.707102 0.504668
vn -0.495294 0.707102 0.504668
vn -0.495294 0.707102 0.504668
vn -0.292739 -0.791249 0.536870
vn -0.292739 -0.791249 0.536870
vn -0.292739 -0.791249 0.536870
vn -0.292739 -0.791249 0.536870
vn 0.453922 0.703798 -0.546464
vn 0.453922 0.703798 -0.546464
vn 0.453922 0.703798 -0.546464
vn 0.453922 0.703798 -0.546464
vn -0.379451 0.703787 0.600583
vn -0.379451 0.703787 0.600583
vn -0.379451 0.703787 0.600583
vn -0.379451 0.703787 0.600583
vn 0.420144 -0.791245 -0.444308
vn 0.420144 -0.791245 -0.444308
vn 0.420144 -0.791245 -0.444308
vn 0.420144 -0.791245 -0.444308
vn 0.504683 0.707085 -0.495303
vn 0.504683 0.707085 -0.495303
vn 0.504683 0.707085 -0.495303
vn 0.504683 0.707085 -0.495303
vn -0.336665 -0.773817 0.536530
vn -0.336665 -0.773817 0.536530
vn -0.336665 -0.773817 0.536530
vn -0.336665 -0.773817 0.536530
vn 0.406249 -0.773810 -0.485983
vn 0.406249 -0.773810 -0.485983
vn 0.406249 -0.773810 -0.485983
vn 0.406249 -0.773810 -0.485983
vn -0.315119 0.707084 0.633034
vn -0.315119 0.707084 0.633034
vn -0.315119 0.707084 0.633034
vn -0.315119 0.707084 0.633034
vn -0.112506 -0.791248 0.601056
vn -0.112506 -0.791248 0.601056
vn -0.112506 -0.791248 0.601056
vn -0.112506 -0.791248 0.601056
vn 0.262833 0.703799 -0.659989
vn 0.262833 0.703799 -0.659989
vn 0.262833 0.703799 -0.659989
vn 0.262833 0.703799 -0.659989
vn -0.175283 0.703803 0.688431
vn -0.175283 0.703803 0.688431
vn -0.175283 0.703803 0.688431
vn -0.175283 0.703803 0.688431
vn 0.262276 -0.791247 -0.552395
vn 0.262276 -0.791247 -0.552395
vn 0.262276 -0.791247 -0.552395
vn 0.262276 -0.791247 -0.552395
vn 0.326921 0.707098 -0.627004
vn 0.326921 0.707098 -0.627004
vn 0.326921 0.707098 -0.627004
vn 0.326921 0.707098 -0.627004
vn -0.154382 -0.773816 0.614308
vn -0.154382 -0.773817 0.614308
vn -0.154382 -0.773817 0.614308
vn -0.154382 -0.773816 0.614308
vn 0.236185 -0.773813 -0.587733
vn 0.236185 -0.773813 -0.587734
vn 0.236185 -0.773813 -0.587734
vn 0.236185 -0.773813 -0.587733
vn -0.104063 0.707091 0.699423
vn -0.104063 0.707092 0.699423
vn -0.104063 0.707092 0.699423
vn -0.104063 0.707091 0.699423
vn 0.078740 -0.791254 0.606398
vn 0.078740 -0.791254 0.606398
vn 0.078740 -0.791254 0.606398
vn 0.078740 -0.791254 0.606398
vn 0.046026 0.703794 -0.708912
vn 0.046026 0.703794 -0.708912
vn 0.046026 0.703794 -0.708912
vn 0.046026 0.703794 -0.708912
vn 0.046025 0.703801 0.708905
vn 0.046025 0.703801 0.708905
vn 0.046025 0.703801 0.708905
vn 0.046025 0.703801 0.708905
vn 0.078738 -0.791253 -0.606399
vn 0.078738 -0.791253 -0.606399
vn 0.078738 -0.791253 -0.606399
vn 0.078738 -0.791253 -0.606399
vn 0.117161 0.707096 -0.697344
vn 0.117161 0.707096 -0.697344
vn 0.117161 0.707096 -0.697344
vn 0.117161 0.707096 -0.697344
vn 0.043001 -0.773815 0.631950
vn 0.043001 -0.773815 0.631950
vn 0.043001 -0.773815 0.631950
vn 0.043001 -0.773815 0.631950
vn 0.043002 -0.773818 -0.631947
vn 0.043002 -0.773818 -0.631947
vn 0.043002 -0.773818 -0.631947
vn 0.043002 -0.773818 -0.631947
vn 0.117163 0.707089 0.697351
vn 0.117163 0.707089 0.697351
vn 0.117163 0.707089 0.697351
vn 0.117163 0.707089 0.697351
vn 0.262268 -0.791253 0.552389
vn 0.262268 -0.791253 0.552389
vn 0.262268 -0.791253 0.552389
vn 0.262268 -0.791253 0.552389
vn -0.175287 0.703794 -0.688440
vn -0.175287 0.703794 -0.688439
vn -0.175287 0.703794 -0.688440
vn -0.175287 0.703794 -0.688440
vn 0.262831 0.703799 0.659990
vn 0.262831 0.703799 0.659990
vn 0.262831 0.703799 0.659990
vn 0.262831 0.703799 0.659990
vn -0.112503 -0.791248 -0.601058
vn -0.112503 -0.791248 -0.601058
vn -0.112503 -0.791248 -0.601058
vn -0.112503 -0.791248 -0.601058
vn -0.104067 0.707088 -0.699426
vn -0.104067 0.707088 -0.699426
vn -0.104067 0.707088 -0.699426
vn -0.104067 0.707088 -0.699426
vn 0.236183 -0.773812 0.587735
vn 0.236183 -0.773812 0.587735
vn 0.236183 -0.773812 0.587735
vn 0.236183 -0.773812 0.587735
vn -0.154385 -0.773817 -0.614307
vn -0.154385 -0.773817 -0.614307
vn -0.154385 -0.773817 -0.614307
vn -0.154385 -0.773817 -0.614307
vn 0.326923 0.707091 0.627011
vn 0.326923 0.707091 0.627011
vn 0.326923 0.707091 0.627011
vn 0.326923 0.707091 0.627011
vn 0.420133 -0.791249 0.444311
vn 0.420133 -0.791249 0.444311
vn 0.420133 -0.791249 0.444311
vn 0.420133 -0.791249 0.444311
vn -0.379448 0.703798 -0.600573
vn -0.379448 0.703798 -0.600573
vn -0.379448 0.703798 -0.600573
vn -0.379448 0.703798 -0.600573
vn 0.453920 0.703804 0.546459
vn 0.453920 0.703804 0.546459
vn 0.453920 0.703804 0.546459
vn 0.453920 0.703804 0.546459
vn -0.292734 -0.791243 -0.536880
vn -0.292734 -0.791244 -0.536880
vn -0.292734 -0.791244 -0.536880
vn -0.292734 -0.791244 -0.536880
vn -0.315109 0.707090 -0.633032
vn -0.315109 0.707090 -0.633032
vn -0.315109 0.707090 -0.633032
vn -0.315109 0.707090 -0.633032
vn 0.406253 -0.773806 0.485986
vn 0.406253 -0.773807 0.485986
vn 0.406253 -0.773806 0.485986
vn 0.406253 -0.773806 0.485986
vn -0.336667 -0.773814 -0.536533
vn -0.336667 -0.773814 -0.536533
vn -0.336667 -0.773814 -0.536533
vn -0.336667 -0.773814 -0.536533
vn 0.504670 0.707095 0.495303
vn 0.504670 0.707095 0.495303
vn 0.504670 0.707095 0.495303
vn 0.504670 0.707095 0.495303
vn 0.536877 -0.791247 0.292731
vn 0.536877 -0.791247 0.292731
vn 0.536877 -0.791247 0.292731
vn 0.536877 -0.791247 0.292731
vn -0.546459 0.703796 -0.453931
vn -0.546459 0.703796 -0.453931
vn -0.546459 0.703796 -0.453931
vn -0.546459 0.703796 -0.453931
vn 0.600576 0.703795 0.379448
vn 0.600576 0.703795 0.379449
vn 0.600576 0.703795 0.379448
vn 0.600576 0.703795 0.379449
vn -0.444308 -0.791252 -0.420132
vn -0.444308 -0.791252 -0.420132
vn -0.444308 -0.791252 -0.420132
vn -0.444308 -0.791252 -0.420132
vn -0.495298 0.707096 -0.504673
vn -0.495298 0.707096 -0.504673
vn -0.495298 0.707096 -0.504673
vn -0.495298 0.707096 -0.504673
vn 0.536539 -0.773812 0.336661
vn 0.536539 -0.773812 0.336661
vn 0.536539 -0.773812 0.336661
vn 0.536539 -0.773812 0.336661
vn -0.485991 -0.773811 -0.406237
vn -0.485991 -0.773812 -0.406237
vn -0.485991 -0.773812 -0.406237
vn -0.485991 -0.773812 -0.406237
vn 0.633030 0.707092 0.315110
vn 0.633030 0.707092 0.315110
vn 0.633030 0.707092 0.315110
vn 0.633030 0.707092 0.315110
vn 0.601062 -0.791243 0.112508
vn 0.601062 -0.791243 0.112508
vn 0.601062 -0.791243 0.112508
vn 0.601062 -0.791243 0.112508
vn -0.659982 0.703800 -0.262850
vn -0.659982 0.703800 -0.262850
vn -0.659982 0.703800 -0.262850
vn -0.659982 0.703800 -0.262850
vn 0.688428 0.703804 0.175291
vn 0.688428 0.703804 0.175291
vn 0.688428 0.703804 0.175291
vn 0.688428 0.703804 0.175291
vn -0.552391 -0.791252 -0.262268
vn -0.552391 -0.791252 -0.262268
vn -0.552391 -0.791252 -0.262268
vn -0.552391 -0.791252 -0.262268
vn -0.627007 0.707096 -0.326922
vn -0.627007 0.707096 -0.326922
vn -0.627007 0.707096 -0.326922
vn -0.627007 0.707096 -0.326922
vn 0.614297 -0.773826 0.154379
vn 0.614297 -0.773826 0.154379
vn 0.614297 -0.773826 0.154379
vn 0.614297 -0.773826 0.154379
vn -0.587727 -0.773821 -0.236175
vn -0.587727 -0.773821 -0.236175
vn -0.587727 -0.773821 -0.236175
vn -0.587727 -0.773821 -0.236175
vn 0.699427 0.707088 0.104061
vn 0.699427 0.707088 0.104061
vn 0.699427 0.707088 0.104061
vn 0.699427 0.707088 0.104061
vn 0.572773 -0.808447 -0.135440
vn 0.572773 -0.808447 -0.135440
vn 0.572773 -0.808447 -0.135440
vn 0.572773 -0.808447 -0.135440
vn -0.693528 0.716895 0.071282
vn -0.693528 0.716895 0.071282
vn -0.693528 0.716895 0.071282
vn -0.693528 0.716895 0.071282
vn 0.602972 0.716892 -0.349986
vn 0.602972 0.716892 -0.349986
vn 0.602972 0.716892 -0.349986
vn 0.602972 0.716892 -0.349987
vn -0.542980 -0.808459 0.227083
vn -0.542980 -0.808459 0.227083
vn -0.542980 -0.808459 0.227083
vn -0.542980 -0.808459 0.227083
vn -0.686897 0.726732 -0.005744
vn -0.686897 0.726732 -0.005744
vn -0.686897 0.726732 -0.005744
vn -0.686897 0.726732 -0.005744
vn 0.584098 -0.804477 -0.107914
vn 0.584098 -0.804477 -0.107914
vn 0.584098 -0.804477 -0.107914
vn 0.584098 -0.804477 -0.107914
vn -0.536000 -0.804459 0.256025
vn -0.536000 -0.804459 0.256025
vn -0.536000 -0.804459 0.256025
vn -0.536000 -0.804459 0.256025
vn 0.552338 0.726723 -0.408407
vn 0.552338 0.726723 -0.408407
vn 0.552338 0.726723 -0.408407
vn 0.552338 0.726723 -0.408407
vn 0.651514 0.726717 -0.217743
vn 0.651514 0.726717 -0.217743
vn 0.651514 0.726717 -0.217743
vn 0.651514 0.726717 -0.217743
vn -0.588876 -0.804463 0.077879
vn -0.588876 -0.804463 0.077879
vn -0.588876 -0.804463 0.077879
vn -0.588876 -0.804463 0.077879
vn 0.681619 0.716886 -0.146524
vn 0.681619 0.716886 -0.146524
vn 0.681619 0.716886 -0.146524
vn 0.681619 0.716886 -0.146524
vn -0.586602 -0.808442 0.048171
vn -0.586602 -0.808442 0.048171
vn -0.586602 -0.808442 0.048171
vn -0.586602 -0.808442 0.048171
vn -0.651513 0.726719 -0.217740
vn -0.651513 0.726719 -0.217740
vn -0.651513 0.726719 -0.217740
vn -0.651513 0.726719 -0.217740
vn 0.588870 -0.804467 0.077882
vn 0.588870 -0.804467 0.077882
vn 0.588870 -0.804467 0.077882
vn 0.588870 -0.804467 0.077882
vn 0.586616 -0.808431 0.048174
vn 0.586616 -0.808431 0.048174
vn 0.586616 -0.808431 0.048174
vn 0.586616 -0.808431 0.048174
vn -0.681625 0.716882 -0.146519
vn -0.681625 0.716882 -0.146519
vn -0.681625 0.716882 -0.146519
vn -0.681625 0.716882 -0.146519
vn 0.502883 -0.808437 -0.305840
vn 0.502883 -0.808437 -0.305840
vn 0.502883 -0.808437 -0.305840
vn 0.502883 -0.808437 -0.305840
vn -0.637562 0.716886 0.282116
vn -0.637562 0.716886 0.282116
vn -0.637562 0.716886 0.282116
vn -0.637562 0.716886 0.282116
vn 0.465322 0.716891 -0.519175
vn 0.465322 0.716891 -0.519175
vn 0.465322 0.716891 -0.519175
vn 0.465322 0.716891 -0.519175
vn -0.446254 -0.808441 0.383772
vn -0.446254 -0.808441 0.383772
vn -0.446254 -0.808441 0.383772
vn -0.446254 -0.808441 0.383772
vn -0.655065 0.726717 0.206815
vn -0.655065 0.726717 0.206815
vn -0.655065 0.726717 0.206815
vn -0.655065 0.726717 0.206815
vn 0.522180 -0.804462 -0.283140
vn 0.522180 -0.804462 -0.283140
vn 0.522180 -0.804462 -0.283140
vn 0.522180 -0.804462 -0.283140
vn -0.430648 -0.804460 0.409129
vn -0.430648 -0.804460 0.409128
vn -0.430648 -0.804460 0.409128
vn -0.430648 -0.804460 0.409129
vn 0.399107 0.726718 -0.559101
vn 0.399107 0.726718 -0.559101
vn 0.399107 0.726718 -0.559101
vn 0.399107 0.726718 -0.559101
vn 0.383764 -0.808446 -0.446252
vn 0.383764 -0.808446 -0.446252
vn 0.383764 -0.808446 -0.446252
vn 0.383764 -0.808446 -0.446252
vn -0.519185 0.716889 0.465314
vn -0.519185 0.716889 0.465314
vn -0.519185 0.716889 0.465314
vn -0.519185 0.716889 0.465314
vn 0.282108 0.716887 -0.637564
vn 0.282108 0.716887 -0.637564
vn 0.282108 0.716887 -0.637564
vn 0.282108 0.716887 -0.637564
vn -0.305815 -0.808445 0.502886
vn -0.305815 -0.808445 0.502886
vn -0.305815 -0.808445 0.502886
vn -0.305815 -0.808445 0.502886
vn -0.559103 0.726723 0.399096
vn -0.559103 0.726723 0.399095
vn -0.559103 0.726723 0.399095
vn -0.559103 0.726723 0.399096
vn 0.409133 -0.804460 -0.430643
vn 0.409133 -0.804460 -0.430643
vn 0.409133 -0.804460 -0.430643
vn 0.409133 -0.804460 -0.430643
vn -0.283141 -0.804462 0.522180
vn -0.283141 -0.804462 0.522180
vn -0.283141 -0.804462 0.522180
vn -0.283141 -0.804462 0.522180
vn 0.206800 0.726717 -0.655070
vn 0.206800 0.726717 -0.655070
vn 0.206800 0.726717 -0.655070
vn 0.206800 0.726717 -0.655070
vn 0.227086 -0.808441 -0.543006
vn 0.227086 -0.808441 -0.543006
vn 0.227086 -0.808441 -0.543006
vn 0.227086 -0.808441 -0.543006
vn -0.349985 0.716889 0.602976
vn -0.349985 0.716889 0.602976
vn -0.349985 0.716889 0.602976
vn -0.349985 0.716889 0.602976
vn 0.071281 0.716881 -0.693542
vn 0.071281 0.716881 -0.693542
vn 0.071281 0.716881 -0.693542
vn 0.071281 0.716881 -0.693542
vn -0.135448 -0.808443 0.572777
vn -0.135448 -0.808443 0.572777
vn -0.135448 -0.808443 0.572777
vn -0.135448 -0.808443 0.572777
vn -0.408402 0.726713 0.552355
vn -0.408403 0.726713 0.552355
vn -0.408402 0.726713 0.552355
vn -0.408402 0.726713 0.552355
vn 0.256031 -0.804463 -0.535993
vn 0.256031 -0.804463 -0.535993
vn 0.256031 -0.804463 -0.535993
vn 0.256031 -0.804463 -0.535993
vn -0.107911 -0.804462 0.584121
vn -0.107911 -0.804462 0.584121
vn -0.107911 -0.804462 0.584121
vn -0.107911 -0.804462 0.584121
vn -0.005744 0.726723 -0.686906
vn -0.005744 0.726723 -0.686906
vn -0.005744 0.726723 -0.686907
vn -0.005744 0.726723 -0.686906
vn 0.048177 -0.808441 -0.586602
vn 0.048177 -0.808441 -0.586603
vn 0.048177 -0.808441 -0.586603
vn 0.048177 -0.808441 -0.586603
vn -0.146520 0.716880 0.681626
vn -0.146520 0.716880 0.681626
vn -0.146520 0.716880 0.681626
vn -0.146520 0.716880 0.681626
vn -0.146518 0.716887 -0.681619
vn -0.146518 0.716887 -0.681619
vn -0.146518 0.716887 -0.681619
vn -0.146518 0.716887 -0.681619
vn 0.048178 -0.808443 0.586599
vn 0.048178 -0.808443 0.586599
vn 0.048178 -0.808443 0.586599
vn 0.048178 -0.808443 0.586599
vn -0.217730 0.726719 0.651516
vn -0.217730 0.726719 0.651516
vn -0.217730 0.726719 0.651516
vn -0.217730 0.726719 0.651516
vn 0.077869 -0.804463 -0.588876
vn 0.077869 -0.804463 -0.588876
vn 0.077869 -0.804463 -0.588876
vn 0.077869 -0.804463 -0.588876
vn 0.077868 -0.804465 0.588874
vn 0.077868 -0.804465 0.588874
vn 0.077868 -0.804465 0.588874
vn 0.077868 -0.804465 0.588874
vn -0.217732 0.726713 -0.651522
vn -0.217732 0.726713 -0.651522
vn -0.217732 0.726713 -0.651522
vn -0.217732 0.726713 -0.651522
vn -0.135449 -0.808441 -0.572779
vn -0.135449 -0.808441 -0.572779
vn -0.135449 -0.808441 -0.572779
vn -0.135449 -0.808441 -0.572779
vn 0.071281 0.716886 0.693537
vn 0.071281 0.716886 0.693537
vn 0.071281 0.716886 0.693537
vn 0.071281 0.716886 0.693537
vn -0.349985 0.716891 -0.602975
vn -0.349985 0.716891 -0.602975
vn -0.349985 0.716891 -0.602975
vn -0.349985 0.716891 -0.602975
vn 0.227088 -0.808442 0.543003
vn 0.227088 -0.808442 0.543003
vn 0.227088 -0.808442 0.543003
vn 0.227088 -0.808442 0.543003
vn -0.005743 0.726720 0.686909
vn -0.005743 0.726720 0.686909
vn -0.005743 0.726720 0.686909
vn -0.005743 0.726720 0.686909
vn -0.107910 -0.804464 -0.584117
vn -0.107910 -0.804464 -0.584117
vn -0.107910 -0.804464 -0.584117
vn -0.107910 -0.804464 -0.584117
vn 0.256026 -0.804464 0.535993
vn 0.256026 -0.804464 0.535993
vn 0.256026 -0.804464 0.535993
vn 0.256026 -0.804464 0.535993
vn -0.408406 0.726720 -0.552342
vn -0.408406 0.726720 -0.552342
vn -0.408406 0.726721 -0.552342
vn -0.408406 0.726720 -0.552342
vn -0.305827 -0.808439 -0.502888
vn -0.305827 -0.808439 -0.502888
vn -0.305827 -0.808439 -0.502888
vn -0.305827 -0.808439 -0.502888
vn 0.282109 0.716884 0.637567
vn 0.282109 0.716884 0.637567
vn 0.282109 0.716884 0.637567
vn 0.282109 0.716884 0.637567
vn -0.519180 0.716890 -0.465319
vn -0.519180 0.716890 -0.465319
vn -0.519180 0.716890 -0.465319
vn -0.519180 0.716890 -0.465319
vn 0.383776 -0.808443 0.446246
vn 0.383776 -0.808443 0.446246
vn 0.383776 -0.808443 0.446246
vn 0.383776 -0.808443 0.446246
vn 0.206809 0.726724 0.655059
vn 0.206809 0.726724 0.655059
vn 0.206809 0.726724 0.655059
vn 0.206809 0.726724 0.655059
vn -0.283141 -0.804462 -0.522181
vn -0.283141 -0.804462 -0.522181
vn -0.283140 -0.804462 -0.522181
vn -0.283141 -0.804462 -0.522181
vn 0.409139 -0.804456 0.430646
vn 0.409139 -0.804456 0.430646
vn 0.409139 -0.804456 0.430646
vn 0.409139 -0.804456 0.430646
vn -0.559114 0.726709 -0.399106
vn -0.559114 0.726709 -0.399106
vn -0.559114 0.726709 -0.399106
vn -0.559114 0.726709 -0.399106
vn -0.446247 -0.808452 -0.383755
vn -0.446247 -0.808453 -0.383755
vn -0.446247 -0.808453 -0.383755
vn -0.446247 -0.808452 -0.383755
vn 0.465317 0.716889 0.519183
vn 0.465317 0.716889 0.519183
vn 0.465317 0.716889 0.519183
vn 0.465317 0.716889 0.519183
vn -0.637572 0.716886 -0.282093
vn -0.637572 0.716886 -0.282093
vn -0.637571 0.716886 -0.282093
vn -0.637571 0.716886 -0.282093
vn 0.502876 -0.808449 0.305819
vn 0.502876 -0.808450 0.305819
vn 0.502876 -0.808449 0.305819
vn 0.502876 -0.808449 0.305819
vn 0.399109 0.726713 0.559107
vn 0.399109 0.726713 0.559107
vn 0.399109 0.726713 0.559107
vn 0.399109 0.726713 0.559107
vn -0.430644 -0.804467 -0.409119
vn -0.430644 -0.804467 -0.409119
vn -0.430644 -0.804467 -0.409119
vn -0.430644 -0.804467 -0.409119
vn 0.522179 -0.804467 0.283129
vn 0.522179 -0.804467 0.283129
vn 0.522179 -0.804467 0.283129
vn 0.522179 -0.804467 0.283129
vn -0.655061 0.726725 -0.206798
vn -0.655061 0.726725 -0.206799
vn -0.655061 0.726725 -0.206798
vn -0.655061 0.726725 -0.206798
vn -0.542982 -0.808458 -0.227083
vn -0.542982 -0.808458 -0.227083
vn -0.542982 -0.808458 -0.227083
vn -0.542982 -0.808458 -0.227083
vn 0.602976 0.716888 0.349988
vn 0.602976 0.716888 0.349988
vn 0.602976 0.716888 0.349988
vn 0.602976 0.716888 0.349988
vn -0.693533 0.716890 -0.071285
vn -0.693533 0.716890 -0.071285
vn -0.693533 0.716890 -0.071285
vn -0.693533 0.716890 -0.071285
vn 0.572783 -0.808441 0.135435
vn 0.572783 -0.808441 0.135435
vn 0.572783 -0.808441 0.135435
vn 0.572783 -0.808441 0.135435
vn 0.552348 0.726718 0.408402
vn 0.552348 0.726718 0.408402
vn 0.552348 0.726718 0.408402
vn 0.552348 0.726718 0.408402
vn -0.535998 -0.804457 -0.256036
vn -0.535998 -0.804457 -0.256036
vn -0.535998 -0.804458 -0.256036
vn -0.535998 -0.804458 -0.256036
vn 0.584101 -0.804475 0.107916
vn 0.584101 -0.804475 0.107916
vn 0.584102 -0.804475 0.107916
vn 0.584101 -0.804475 0.107916
vn -0.686900 0.726729 0.005743
vn -0.686900 0.726729 0.005743
vn -0.686900 0.726729 0.005743
vn -0.686900 0.726729 0.005743
vn -0.586601 -0.808443 -0.048171
vn -0.586601 -0.808443 -0.048171
vn -0.586601 -0.808443 -0.048171
vn -0.586601 -0.808443 -0.048171
vn 0.681616 0.716890 0.146522
vn 0.681616 0.716890 0.146522
vn 0.681616 0.716890 0.146522
vn 0.681616 0.716890 0.146522
vn -0.681627 0.716881 0.146517
vn -0.681627 0.716881 0.146517
vn -0.681627 0.716881 0.146517
vn -0.681627 0.716881 0.146517
vn 0.586616 -0.808431 -0.048175
vn 0.586616 -0.808431 -0.048175
vn 0.586616 -0.808431 -0.048175
vn 0.586616 -0.808431 -0.048175
vn 0.651513 0.726717 0.217743
vn 0.651513 0.726717 0.217743
vn 0.651513 0.726717 0.217743
vn 0.651513 0.726717 0.217743
vn -0.588879 -0.804460 -0.077880
vn -0.588879 -0.804460 -0.077880
vn -0.588879 -0.804460 -0.077880
vn -0.588879 -0.804460 -0.077880
vn 0.588867 -0.804469 -0.077880
vn 0.588867 -0.804469 -0.077880
vn 0.588867 -0.804469 -0.077880
vn 0.588867 -0.804469 -0.077880
vn -0.651515 0.726717 0.217740
vn -0.651515 0.726717 0.217740
vn -0.651515 0.726717 0.217740
vn -0.651515 0.726717 0.217740
vn -0.572772 -0.808447 0.135444
vn -0.572772 -0.808448 0.135444
vn -0.572772 -0.808448 0.135444
vn -0.572772 -0.808447 0.135444
vn 0.693523 0.716900 -0.071281
vn 0.693523 0.716900 -0.071281
vn 0.693523 0.716900 -0.071281
vn 0.693523 0.716900 -0.071281
vn -0.602984 0.716889 0.349973
vn -0.602984 0.716889 0.349973
vn -0.602984 0.716889 0.349973
vn -0.602984 0.716889 0.349973
vn 0.542999 -0.808443 -0.227093
vn 0.542999 -0.808443 -0.227093
vn 0.542999 -0.808443 -0.227093
vn 0.542999 -0.808443 -0.227093
vn 0.686913 0.726717 0.005735
vn 0.686913 0.726717 0.005735
vn 0.686913 0.726717 0.005735
vn 0.686913 0.726717 0.005735
vn -0.584109 -0.804471 0.107905
vn -0.584109 -0.804471 0.107905
vn -0.584109 -0.804471 0.107905
vn -0.584109 -0.804471 0.107905
vn 0.535995 -0.804465 -0.256020
vn 0.535995 -0.804465 -0.256020
vn 0.535995 -0.804465 -0.256020
vn 0.535995 -0.804465 -0.256020
vn -0.552335 0.726722 0.408413
vn -0.552335 0.726722 0.408413
vn -0.552335 0.726722 0.408413
vn -0.552335 0.726722 0.408413
vn -0.502876 -0.808449 0.305822
vn -0.502876 -0.808449 0.305822
vn -0.502876 -0.808449 0.305822
vn -0.502876 -0.808449 0.305822
vn 0.637561 0.716889 -0.282111
vn 0.637561 0.716889 -0.282111
vn 0.637561 0.716889 -0.282111
vn 0.637561 0.716889 -0.282111
vn -0.465313 0.716887 0.519189
vn -0.465313 0.716887 0.519189
vn -0.465313 0.716887 0.519189
vn -0.465313 0.716887 0.519189
vn 0.446253 -0.808439 -0.383777
vn 0.446253 -0.808439 -0.383777
vn 0.446253 -0.808439 -0.383777
vn 0.446253 -0.808439 -0.383777
vn 0.655061 0.726717 -0.206827
vn 0.655061 0.726717 -0.206827
vn 0.655061 0.726717 -0.206827
vn 0.655061 0.726717 -0.206827
vn -0.522186 -0.804455 0.283149
vn -0.522186 -0.804456 0.283149
vn -0.522186 -0.804455 0.283149
vn -0.522186 -0.804455 0.283149
vn 0.430638 -0.804466 -0.409127
vn 0.430638 -0.804466 -0.409128
vn 0.430638 -0.804466 -0.409128
vn 0.430638 -0.804466 -0.409127
vn -0.399105 0.726720 0.559099
vn -0.399105 0.726721 0.559099
vn -0.399105 0.726720 0.559099
vn -0.399106 0.726720 0.559099
vn -0.383768 -0.808443 0.446254
vn -0.383768 -0.808443 0.446254
vn -0.383768 -0.808443 0.446254
vn -0.383768 -0.808443 0.446254
vn 0.519179 0.716886 -0.465325
vn 0.519179 0.716886 -0.465325
vn 0.519179 0.716886 -0.465325
vn 0.519179 0.716886 -0.465325
vn -0.282114 0.716880 0.637569
vn -0.282114 0.716880 0.637569
vn -0.282114 0.716880 0.637569
vn -0.282114 0.716880 0.637569
vn 0.305815 -0.808438 -0.502896
vn 0.305815 -0.808438 -0.502896
vn 0.305815 -0.808438 -0.502896
vn 0.305815 -0.808438 -0.502896
vn 0.559108 0.726704 -0.399125
vn 0.559108 0.726704 -0.399125
vn 0.559108 0.726704 -0.399125
vn 0.559108 0.726704 -0.399125
vn -0.409130 -0.804460 0.430648
vn -0.409130 -0.804460 0.430648
vn -0.409130 -0.804460 0.430648
vn -0.409130 -0.804460 0.430648
vn 0.283132 -0.804467 -0.522178
vn 0.283131 -0.804467 -0.522178
vn 0.283132 -0.804467 -0.522178
vn 0.283132 -0.804467 -0.522178
vn -0.206802 0.726718 0.655068
vn -0.206802 0.726718 0.655068
vn -0.206802 0.726718 0.655068
vn -0.206802 0.726718 0.655068
vn -0.227090 -0.808445 0.542998
vn -0.227090 -0.808445 0.542998
vn -0.227090 -0.808445 0.542998
vn -0.227090 -0.808445 0.542998
vn 0.349976 0.716881 -0.602992
vn 0.349976 0.716881 -0.602992
vn 0.349976 0.716881 -0.602991
vn 0.349976 0.716881 -0.602992
vn -0.071282 0.716888 0.693534
vn -0.071282 0.716888 0.693534
vn -0.071282 0.716888 0.693534
vn -0.071282 0.716888 0.693534
vn 0.135447 -0.808445 -0.572775
vn 0.135447 -0.808445 -0.572775
vn 0.135447 -0.808445 -0.572775
vn 0.135447 -0.808445 -0.572775
vn 0.408405 0.726719 -0.552345
vn 0.408405 0.726719 -0.552345
vn 0.408405 0.726719 -0.552345
vn 0.408405 0.726719 -0.552345
vn -0.256032 -0.804465 0.535989
vn -0.256032 -0.804464 0.535989
vn -0.256032 -0.804465 0.535989
vn -0.256032 -0.804464 0.535989
vn 0.107915 -0.804470 -0.584108
vn 0.107915 -0.804470 -0.584108
vn 0.107915 -0.804470 -0.584108
vn 0.107915 -0.804470 -0.584108
vn 0.005745 0.726719 0.686911
vn 0.005745 0.726719 0.686911
vn 0.005745 0.726719 0.686911
vn 0.005745 0.726719 0.686911
vn -0.048178 -0.808445 0.586597
vn -0.048178 -0.808444 0.586597
vn -0.048178 -0.808444 0.586597
vn -0.048178 -0.808445 0.586597
vn 0.146524 0.716889 -0.681617
vn 0.146524 0.716889 -0.681617
vn 0.146524 0.716889 -0.681617
vn 0.146524 0.716889 -0.681617
vn 0.146526 0.716885 0.681620
vn 0.146526 0.716885 0.681620
vn 0.146526 0.716885 0.681620
vn 0.146526 0.716885 0.681620
vn -0.048179 -0.808442 -0.586601
vn -0.048179 -0.808442 -0.586601
vn -0.048179 -0.808442 -0.586601
vn -0.048179 -0.808442 -0.586601
vn 0.217733 0.726715 -0.651520
vn 0.217733 0.726715 -0.651520
vn 0.217733 0.726715 -0.651520
vn 0.217733 0.726715 -0.651520
vn -0.077870 -0.804460 0.588881
vn -0.077870 -0.804460 0.588881
vn -0.077870 -0.804460 0.588881
vn -0.077870 -0.804460 0.588881
vn -0.077870 -0.804459 -0.588882
vn -0.077869 -0.804459 -0.588882
vn -0.077870 -0.804459 -0.588882
vn -0.077870 -0.804459 -0.588882
vn 0.217731 0.726714 0.651521
vn 0.217731 0.726714 0.651521
vn 0.217731 0.726715 0.651521
vn 0.217731 0.726714 0.651521
vn 0.135449 -0.808441 0.572780
vn 0.135449 -0.808441 0.572780
vn 0.135449 -0.808441 0.572780
vn 0.135449 -0.808441 0.572780
vn -0.071280 0.716892 -0.693531
vn -0.071280 0.716892 -0.693531
vn -0.071280 0.716892 -0.693531
vn -0.071280 0.716892 -0.693531
vn 0.349978 0.716880 0.602991
vn 0.349978 0.716880 0.602991
vn 0.349978 0.716880 0.602991
vn 0.349978 0.716880 0.602991
vn -0.227088 -0.808442 -0.543004
vn -0.227088 -0.808442 -0.543004
vn -0.227088 -0.808442 -0.543004
vn -0.227088 -0.808442 -0.543004
vn 0.005743 0.726721 -0.686909
vn 0.005743 0.726721 -0.686909
vn 0.005743 0.726721 -0.686909
vn 0.005743 0.726721 -0.686909
vn 0.107916 -0.804464 0.584117
vn 0.107916 -0.804464 0.584117
vn 0.107916 -0.804464 0.584117
vn 0.107916 -0.804464 0.584117
vn -0.256035 -0.804460 -0.535994
vn -0.256035 -0.804460 -0.535994
vn -0.256035 -0.804460 -0.535994
vn -0.256035 -0.804460 -0.535994
vn 0.408400 0.726722 0.552344
vn 0.408401 0.726722 0.552344
vn 0.408401 0.726722 0.552344
vn 0.408400 0.726722 0.552344
vn 0.305820 -0.808442 0.502887
vn 0.305820 -0.808443 0.502887
vn 0.305820 -0.808443 0.502887
vn 0.305820 -0.808442 0.502887
vn -0.282106 0.716890 -0.637562
vn -0.282106 0.716890 -0.637562
vn -0.282106 0.716890 -0.637562
vn -0.282106 0.716890 -0.637562
vn 0.519182 0.716884 0.465325
vn 0.519182 0.716884 0.465325
vn 0.519182 0.716884 0.465325
vn 0.519182 0.716884 0.465325
vn -0.383765 -0.808447 -0.446250
vn -0.383765 -0.808447 -0.446250
vn -0.383765 -0.808447 -0.446249
vn -0.383765 -0.808447 -0.446250
vn -0.206803 0.726721 -0.655064
vn -0.206803 0.726721 -0.655064
vn -0.206803 0.726721 -0.655064
vn -0.206803 0.726721 -0.655064
vn 0.283134 -0.804464 0.522181
vn 0.283134 -0.804464 0.522181
vn 0.283134 -0.804464 0.522181
vn 0.283134 -0.804464 0.522181
vn -0.409129 -0.804466 -0.430637
vn -0.409129 -0.804466 -0.430637
vn -0.409129 -0.804466 -0.430637
vn -0.409129 -0.804466 -0.430637
vn 0.559099 0.726723 0.399103
vn 0.559098 0.726723 0.399103
vn 0.559098 0.726723 0.399103
vn 0.559098 0.726723 0.399103
vn 0.446254 -0.808436 0.383781
vn 0.446254 -0.808436 0.383781
vn 0.446254 -0.808436 0.383781
vn 0.446254 -0.808436 0.383781
vn -0.465315 0.716885 -0.519190
vn -0.465315 0.716885 -0.519190
vn -0.465315 0.716885 -0.519190
vn -0.465315 0.716885 -0.519190
vn 0.637562 0.716886 0.282116
vn 0.637562 0.716886 0.282116
vn 0.637562 0.716886 0.282116
vn 0.637562 0.716886 0.282116
vn -0.502890 -0.808443 -0.305812
vn -0.502890 -0.808443 -0.305812
vn -0.502890 -0.808443 -0.305812
vn -0.502890 -0.808443 -0.305812
vn -0.399112 0.726721 -0.559094
vn -0.399112 0.726721 -0.559094
vn -0.399112 0.726721 -0.559094
vn -0.399112 0.726721 -0.559094
vn 0.430640 -0.804463 0.409131
vn 0.430640 -0.804463 0.409130
vn 0.430640 -0.804463 0.409130
vn 0.430640 -0.804463 0.409131
vn -0.522186 -0.804455 -0.283150
vn -0.522186 -0.804455 -0.283150
vn -0.522186 -0.804455 -0.283150
vn -0.522186 -0.804455 -0.283150
vn 0.655059 0.726719 0.206827
vn 0.655059 0.726719 0.206827
vn 0.655059 0.726719 0.206827
vn 0.655059 0.726719 0.206827
vn 0.543000 -0.808442 0.227095
vn 0.543000 -0.808442 0.227095
vn 0.543000 -0.808442 0.227095
vn 0.543000 -0.808442 0.227095
vn -0.602984 0.716889 -0.349973
vn -0.602984 0.716889 -0.349973
vn -0.602984 0.716889 -0.349973
vn -0.602984 0.716889 -0.349973
vn 0.693526 0.716897 0.071281
vn 0.693525 0.716897 0.071281
vn 0.693525 0.716897 0.071281
vn 0.693525 0.716897 0.071281
vn -0.572771 -0.808448 -0.135444
vn -0.572771 -0.808448 -0.135444
vn -0.572771 -0.808448 -0.135444
vn -0.572771 -0.808448 -0.135444
vn -0.552338 0.726719 -0.408414
vn -0.552338 0.726719 -0.408414
vn -0.552338 0.726719 -0.408414
vn -0.552338 0.726719 -0.408414
vn 0.535992 -0.804468 0.256016
vn 0.535992 -0.804468 0.256016
vn 0.535992 -0.804468 0.256016
vn 0.535992 -0.804468 0.256016
vn -0.584111 -0.804469 -0.107904
vn -0.584111 -0.804469 -0.107904
vn -0.584111 -0.804469 -0.107904
vn -0.584111 -0.804469 -0.107904
vn 0.686913 0.726717 -0.005734
vn 0.686913 0.726717 -0.005734
vn 0.686913 0.726717 -0.005734
vn 0.686913 0.726717 -0.005734
vn 0.576867 -0.816810 -0.006794
vn 0.576867 -0.816810 -0.006794
vn 0.576867 -0.816810 -0.006794
vn 0.576867 -0.816810 -0.006794
vn -0.678336 0.734178 -0.029028
vn -0.678336 0.734178 -0.029028
vn -0.678336 0.734178 -0.029028
vn -0.678336 0.734178 -0.029028
vn 0.531702 0.734202 -0.422185
vn 0.531702 0.734202 -0.422185
vn 0.531702 0.734202 -0.422185
vn 0.531702 0.734202 -0.422185
vn -0.470678 -0.816817 0.333573
vn -0.470678 -0.816817 0.333573
vn -0.470678 -0.816817 0.333573
vn -0.470678 -0.816817 0.333573
vn -0.656191 0.745924 -0.114063
vn -0.656191 0.745924 -0.114063
vn -0.656191 0.745924 -0.114063
vn -0.656191 0.745924 -0.114063
vn 0.561849 -0.826799 0.026992
vn 0.561849 -0.826799 0.026992
vn 0.561849 -0.826799 0.026992
vn 0.561849 -0.826799 0.026992
vn -0.438675 -0.826798 0.352093
vn -0.438675 -0.826798 0.352093
vn -0.438675 -0.826798 0.352093
vn -0.438675 -0.826798 0.352093
vn 0.463828 0.745921 -0.477981
vn 0.463828 0.745921 -0.477981
vn 0.463828 0.745921 -0.477981
vn 0.463828 0.745921 -0.477981
vn 0.588842 0.745913 -0.311254
vn 0.588843 0.745913 -0.311254
vn 0.588842 0.745913 -0.311254
vn 0.588842 0.745913 -0.311254
vn -0.526016 -0.826793 0.199298
vn -0.526016 -0.826793 0.199298
vn -0.526016 -0.826793 0.199298
vn -0.526016 -0.826793 0.199298
vn 0.636139 0.734197 -0.237237
vn 0.636139 0.734197 -0.237237
vn 0.636139 0.734197 -0.237237
vn 0.636139 0.734197 -0.237237
vn -0.550710 -0.816827 0.171793
vn -0.550710 -0.816827 0.171793
vn -0.550710 -0.816827 0.171793
vn -0.550710 -0.816827 0.171793
vn -0.588821 0.745919 -0.311279
vn -0.588821 0.745919 -0.311279
vn -0.588821 0.745919 -0.311279
vn -0.588821 0.745919 -0.311279
vn 0.526009 -0.826798 0.199299
vn 0.526009 -0.826798 0.199299
vn 0.526009 -0.826798 0.199299
vn 0.526009 -0.826798 0.199299
vn 0.550727 -0.816813 0.171803
vn 0.550727 -0.816813 0.171803
vn 0.550727 -0.816813 0.171803
vn 0.550727 -0.816813 0.171803
vn -0.636157 0.734189 -0.237216
vn -0.636157 0.734189 -0.237216
vn -0.636157 0.734189 -0.237216
vn -0.636157 0.734189 -0.237216
vn 0.546520 -0.816820 -0.184719
vn 0.546520 -0.816820 -0.184719
vn 0.546520 -0.816820 -0.184719
vn 0.546520 -0.816820 -0.184719
vn -0.654085 0.734199 0.182002
vn -0.654085 0.734199 0.182002
vn -0.654085 0.734199 0.182002
vn -0.654085 0.734199 0.182002
vn 0.375220 0.734186 -0.565845
vn 0.375220 0.734186 -0.565845
vn 0.375220 0.734186 -0.565845
vn 0.375220 0.734186 -0.565845
vn -0.344565 -0.816818 0.462691
vn -0.344565 -0.816818 0.462691
vn -0.344565 -0.816818 0.462691
vn -0.344565 -0.816818 0.462691
vn -0.659330 0.745916 0.094307
vn -0.659330 0.745916 0.094307
vn -0.659330 0.745916 0.094307
vn -0.659330 0.745916 0.094307
vn 0.542700 -0.826794 -0.147945
vn 0.542700 -0.826794 -0.147945
vn 0.542700 -0.826794 -0.147945
vn 0.542700 -0.826794 -0.147945
vn -0.308406 -0.826793 0.470424
vn -0.308406 -0.826793 0.470424
vn -0.308406 -0.826793 0.470424
vn -0.308406 -0.826793 0.470424
vn 0.293426 0.745916 -0.597921
vn 0.293426 0.745917 -0.597921
vn 0.293426 0.745916 -0.597921
vn 0.293426 0.745917 -0.597921
vn 0.462700 -0.816810 -0.344574
vn 0.462700 -0.816810 -0.344574
vn 0.462700 -0.816810 -0.344574
vn 0.462700 -0.816810 -0.344574
vn -0.565843 0.734193 0.375211
vn -0.565843 0.734193 0.375211
vn -0.565843 0.734193 0.375211
vn -0.565843 0.734193 0.375211
vn 0.182009 0.734189 -0.654094
vn 0.182009 0.734190 -0.654094
vn 0.182009 0.734189 -0.654094
vn 0.182009 0.734189 -0.654094
vn -0.184726 -0.816815 0.546525
vn -0.184726 -0.816815 0.546525
vn -0.184726 -0.816815 0.546525
vn -0.184726 -0.816815 0.546525
vn -0.597917 0.745922 0.293419
vn -0.597917 0.745922 0.293419
vn -0.597917 0.745922 0.293419
vn -0.597917 0.745922 0.293419
vn 0.470420 -0.826795 -0.308409
vn 0.470420 -0.826795 -0.308409
vn 0.470420 -0.826795 -0.308409
vn 0.470420 -0.826795 -0.308409
vn -0.147949 -0.826800 0.542691
vn -0.147949 -0.826800 0.542691
vn -0.147949 -0.826800 0.542691
vn -0.147949 -0.826800 0.542691
vn 0.094293 0.745921 -0.659326
vn 0.094293 0.745921 -0.659326
vn 0.094293 0.745921 -0.659326
vn 0.094293 0.745921 -0.659326
vn 0.333569 -0.816819 -0.470679
vn 0.333569 -0.816819 -0.470679
vn 0.333569 -0.816819 -0.470679
vn 0.333569 -0.816819 -0.470679
vn -0.422208 0.734184 0.531708
vn -0.422208 0.734184 0.531708
vn -0.422208 0.734184 0.531708
vn -0.422208 0.734184 0.531708
vn -0.029029 0.734191 -0.678323
vn -0.029029 0.734191 -0.678323
vn -0.029029 0.734191 -0.678323
vn -0.029029 0.734191 -0.678323
vn -0.006796 -0.816824 0.576847
vn -0.006796 -0.816824 0.576847
vn -0.006796 -0.816824 0.576847
vn -0.006796 -0.816824 0.576847
vn -0.477980 0.745921 0.463829
vn -0.477980 0.745921 0.463829
vn -0.477980 0.745921 0.463829
vn -0.477980 0.745921 0.463829
vn 0.352082 -0.826798 -0.438683
vn 0.352082 -0.826798 -0.438683
vn 0.352082 -0.826798 -0.438683
vn 0.352082 -0.826798 -0.438683
vn 0.026997 -0.826795 0.561856
vn 0.026997 -0.826795 0.561856
vn 0.026997 -0.826795 0.561856
vn 0.026997 -0.826795 0.561856
vn -0.114062 0.745919 -0.656197
vn -0.114062 0.745919 -0.656197
vn -0.114062 0.745919 -0.656197
vn -0.114062 0.745919 -0.656197
vn 0.171796 -0.816814 -0.550727
vn 0.171796 -0.816814 -0.550727
vn 0.171796 -0.816814 -0.550727
vn 0.171796 -0.816814 -0.550728
vn -0.237225 0.734191 0.636150
vn -0.237225 0.734191 0.636151
vn -0.237225 0.734191 0.636151
vn -0.237225 0.734191 0.636151
vn -0.237224 0.734193 -0.636149
vn -0.237224 0.734193 -0.636149
vn -0.237224 0.734193 -0.636149
vn -0.237224 0.734193 -0.636149
vn 0.171794 -0.816817 0.550723
vn 0.171794 -0.816817 0.550723
vn 0.171794 -0.816817 0.550723
vn 0.171794 -0.816817 0.550723
vn -0.311256 0.745924 0.588827
vn -0.311256 0.745924 0.588827
vn -0.311256 0.745924 0.588827
vn -0.311256 0.745924 0.588827
vn 0.199298 -0.826798 -0.526010
vn 0.199298 -0.826797 -0.526010
vn 0.199298 -0.826797 -0.526010
vn 0.199298 -0.826797 -0.526010
vn 0.199299 -0.826796 0.526012
vn 0.199299 -0.826796 0.526012
vn 0.199299 -0.826796 0.526012
vn 0.199299 -0.826796 0.526012
vn -0.311255 0.745922 -0.588830
vn -0.311255 0.745922 -0.588830
vn -0.311255 0.745922 -0.588830
vn -0.311255 0.745922 -0.588830
vn -0.006795 -0.816818 -0.576855
vn -0.006795 -0.816818 -0.576855
vn -0.006795 -0.816818 -0.576855
vn -0.006795 -0.816818 -0.576855
vn -0.029030 0.734194 0.678319
vn -0.029030 0.734194 0.678319
vn -0.029030 0.734194 0.678319
vn -0.029030 0.734194 0.678318
vn -0.422208 0.734185 -0.531708
vn -0.422208 0.734185 -0.531708
vn -0.422208 0.734185 -0.531708
vn -0.422208 0.734185 -0.531708
vn 0.333568 -0.816820 0.470679
vn 0.333568 -0.816820 0.470679
vn 0.333568 -0.816820 0.470679
vn 0.333568 -0.816820 0.470679
vn -0.114062 0.745923 0.656193
vn -0.114062 0.745923 0.656193
vn -0.114062 0.745923 0.656193
vn -0.114062 0.745923 0.656193
vn 0.026997 -0.826793 -0.561859
vn 0.026997 -0.826793 -0.561859
vn 0.026997 -0.826793 -0.561859
vn 0.026997 -0.826793 -0.561859
vn 0.352088 -0.826797 0.438681
vn 0.352088 -0.826797 0.438681
vn 0.352088 -0.826797 0.438681
vn 0.352088 -0.826797 0.438681
vn -0.477978 0.745930 -0.463816
vn -0.477978 0.745930 -0.463816
vn -0.477978 0.745930 -0.463816
vn -0.477978 0.745930 -0.463816
vn -0.184725 -0.816814 -0.546526
vn -0.184725 -0.816814 -0.546526
vn -0.184725 -0.816814 -0.546526
vn -0.184725 -0.816814 -0.546526
vn 0.182009 0.734192 0.654091
vn 0.182009 0.734192 0.654091
vn 0.182009 0.734192 0.654091
vn 0.182009 0.734192 0.654091
vn -0.565843 0.734191 -0.375214
vn -0.565843 0.734191 -0.375214
vn -0.565843 0.734191 -0.375214
vn -0.565843 0.734191 -0.375214
vn 0.462691 -0.816817 0.344567
vn 0.462691 -0.816817 0.344567
vn 0.462691 -0.816817 0.344567
vn 0.462691 -0.816817 0.344567
vn 0.094296 0.745922 0.659324
vn 0.094296 0.745922 0.659324
vn 0.094296 0.745922 0.659324
vn 0.094296 0.745922 0.659324
vn -0.147949 -0.826797 -0.542695
vn -0.147949 -0.826797 -0.542695
vn -0.147949 -0.826797 -0.542695
vn -0.147949 -0.826797 -0.542695
vn 0.470419 -0.826795 0.308410
vn 0.470419 -0.826795 0.308410
vn 0.470419 -0.826795 0.308410
vn 0.470419 -0.826795 0.308410
vn -0.597918 0.745921 -0.293423
vn -0.597918 0.745920 -0.293423
vn -0.597918 0.745920 -0.293423
vn -0.597918 0.745921 -0.293423
vn -0.344566 -0.816816 -0.462694
vn -0.344566 -0.816816 -0.462694
vn -0.344566 -0.816816 -0.462694
vn -0.344566 -0.816816 -0.462694
vn 0.375222 0.734186 0.565844
vn 0.375222 0.734186 0.565844
vn 0.375222 0.734186 0.565844
vn 0.375222 0.734186 0.565844
vn -0.654083 0.734201 -0.182001
vn -0.654083 0.734201 -0.182001
vn -0.654083 0.734201 -0.182001
vn -0.654083 0.734201 -0.182001
vn 0.546513 -0.816825 0.184719
vn 0.546513 -0.816825 0.184719
vn 0.546513 -0.816825 0.184719
vn 0.546513 -0.816825 0.184719
vn 0.293422 0.745918 0.597921
vn 0.293422 0.745918 0.597921
vn 0.293422 0.745918 0.597921
vn 0.293422 0.745918 0.597921
vn -0.308415 -0.826793 -0.470418
vn -0.308415 -0.826793 -0.470418
vn -0.308415 -0.826793 -0.470418
vn -0.308415 -0.826793 -0.470418
vn 0.542688 -0.826802 0.147950
vn 0.542688 -0.826802 0.147950
vn 0.542688 -0.826802 0.147950
vn 0.542688 -0.826802 0.147950
vn -0.659325 0.745921 -0.094299
vn -0.659325 0.745921 -0.094299
vn -0.659325 0.745921 -0.094299
vn -0.659325 0.745921 -0.094299
vn -0.470676 -0.816820 -0.333570
vn -0.470676 -0.816820 -0.333570
vn -0.470676 -0.816820 -0.333570
vn -0.470676 -0.816820 -0.333570
vn 0.531702 0.734203 0.422184
vn 0.531702 0.734203 0.422184
vn 0.531702 0.734203 0.422184
vn 0.531702 0.734203 0.422184
vn -0.678332 0.734182 0.029030
vn -0.678332 0.734182 0.029030
vn -0.678332 0.734182 0.029030
vn -0.678332 0.734182 0.029030
vn 0.576869 -0.816808 0.006794
vn 0.576869 -0.816808 0.006794
vn 0.576869 -0.816808 0.006794
vn 0.576869 -0.816808 0.006794
vn 0.463831 0.745919 0.477981
vn 0.463831 0.745919 0.477981
vn 0.463830 0.745919 0.477981
vn 0.463831 0.745919 0.477981
vn -0.438676 -0.826798 -0.352091
vn -0.438676 -0.826798 -0.352091
vn -0.438676 -0.826798 -0.352091
vn -0.438676 -0.826798 -0.352091
vn 0.561848 -0.826800 -0.026992
vn 0.561848 -0.826800 -0.026992
vn 0.561848 -0.826800 -0.026992
vn 0.561848 -0.826800 -0.026992
vn -0.656189 0.745926 0.114064
vn -0.656189 0.745926 0.114064
vn -0.656189 0.745926 0.114064
vn -0.656189 0.745926 0.114064
vn -0.550710 -0.816827 -0.171791
vn -0.550710 -0.816827 -0.171791
vn -0.550710 -0.816827 -0.171791
vn -0.550710 -0.816827 -0.171791
vn 0.636137 0.734201 0.237231
vn 0.636137 0.734201 0.237231
vn 0.636137 0.734201 0.237231
vn 0.636137 0.734201 0.237231
vn -0.636159 0.734187 0.237214
vn -0.636159 0.734187 0.237214
vn -0.636159 0.734187 0.237214
vn -0.636159 0.734187 0.237214
vn 0.550730 -0.816811 -0.171803
vn 0.550730 -0.816811 -0.171803
vn 0.550730 -0.816811 -0.171803
vn 0.550730 -0.816811 -0.171803
vn 0.588842 0.745914 0.311253
vn 0.588842 0.745914 0.311253
vn 0.588842 0.745914 0.311253
vn 0.588842 0.745914 0.311253
vn -0.526015 -0.826795 -0.199296
vn -0.526015 -0.826795 -0.199296
vn -0.526015 -0.826795 -0.199296
vn -0.526015 -0.826795 -0.199296
vn 0.526009 -0.826798 -0.199296
vn 0.526009 -0.826798 -0.199296
vn 0.526009 -0.826798 -0.199296
vn 0.526009 -0.826798 -0.199296
vn -0.588823 0.745917 0.311279
vn -0.588823 0.745917 0.311279
vn -0.588823 0.745917 0.311279
vn -0.588823 0.745917 0.311279
vn -0.576852 -0.816821 0.006785
vn -0.576852 -0.816821 0.006785
vn -0.576852 -0.816821 0.006785
vn -0.576852 -0.816821 0.006785
vn 0.678320 0.734193 0.029035
vn 0.678320 0.734193 0.029035
vn 0.678320 0.734193 0.029035
vn 0.678320 0.734193 0.029035
vn -0.531716 0.734191 0.422186
vn -0.531716 0.734191 0.422186
vn -0.531716 0.734191 0.422186
vn -0.531716 0.734191 0.422186
vn 0.470692 -0.816812 -0.333569
vn 0.470692 -0.816812 -0.333569
vn 0.470692 -0.816812 -0.333569
vn 0.470692 -0.816812 -0.333569
vn 0.656199 0.745920 0.114045
vn 0.656199 0.745920 0.114045
vn 0.656199 0.745920 0.114045
vn 0.656199 0.745920 0.114045
vn -0.561851 -0.826797 -0.026997
vn -0.561851 -0.826797 -0.026997
vn -0.561852 -0.826798 -0.026997
vn -0.561851 -0.826797 -0.026997
vn 0.438666 -0.826799 -0.352101
vn 0.438666 -0.826799 -0.352100
vn 0.438666 -0.826800 -0.352100
vn 0.438666 -0.826799 -0.352101
vn -0.463820 0.745924 0.477984
vn -0.463820 0.745924 0.477984
vn -0.463820 0.745924 0.477984
vn -0.463820 0.745924 0.477984
vn -0.546520 -0.816821 0.184713
vn -0.546520 -0.816821 0.184713
vn -0.546520 -0.816821 0.184713
vn -0.546520 -0.816821 0.184713
vn 0.654076 0.734208 -0.181998
vn 0.654076 0.734208 -0.181998
vn 0.654076 0.734208 -0.181998
vn 0.654076 0.734208 -0.181998
vn -0.375219 0.734193 0.565837
vn -0.375219 0.734193 0.565837
vn -0.375219 0.734193 0.565837
vn -0.375219 0.734193 0.565837
vn 0.344566 -0.816815 -0.462696
vn 0.344566 -0.816815 -0.462696
vn 0.344565 -0.816815 -0.462696
vn 0.344565 -0.816815 -0.462696
vn 0.659326 0.745919 -0.094305
vn 0.659326 0.745919 -0.094305
vn 0.659326 0.745919 -0.094305
vn 0.659326 0.745919 -0.094305
vn -0.542704 -0.826792 0.147946
vn -0.542704 -0.826792 0.147946
vn -0.542704 -0.826792 0.147946
vn -0.542704 -0.826792 0.147946
vn 0.308403 -0.826800 -0.470415
vn 0.308403 -0.826799 -0.470415
vn 0.308403 -0.826799 -0.470415
vn 0.308403 -0.826799 -0.470415
vn -0.293422 0.745922 0.597916
vn -0.293422 0.745922 0.597916
vn -0.293422 0.745922 0.597916
vn -0.293422 0.745922 0.597916
vn -0.462695 -0.816819 0.344559
vn -0.462695 -0.816819 0.344559
vn -0.462695 -0.816819 0.344559
vn -0.462695 -0.816819 0.344559
vn 0.565838 0.734193 -0.375217
vn 0.565838 0.734193 -0.375217
vn 0.565838 0.734193 -0.375217
vn 0.565838 0.734193 -0.375217
vn -0.182002 0.734187 0.654099
vn -0.182002 0.734187 0.654099
vn -0.182002 0.734187 0.654099
vn -0.182002 0.734187 0.654099
vn 0.184715 -0.816818 -0.546524
vn 0.184715 -0.816818 -0.546524
vn 0.184715 -0.816818 -0.546524
vn 0.184715 -0.816818 -0.546524
vn 0.597915 0.745919 -0.293433
vn 0.597915 0.745919 -0.293433
vn 0.597915 0.745919 -0.293433
vn 0.597915 0.745919 -0.293433
vn -0.470433 -0.826791 0.308398
vn -0.470433 -0.826791 0.308398
vn -0.470433 -0.826791 0.308398
vn -0.470433 -0.826791 0.308398
vn 0.147949 -0.826794 -0.542699
vn 0.147949 -0.826794 -0.542699
vn 0.147949 -0.826794 -0.542699
vn 0.147949 -0.826794 -0.542699
vn -0.094294 0.745921 0.659325
vn -0.094294 0.745921 0.659325
vn -0.094294 0.745921 0.659325
vn -0.094294 0.745921 0.659325
vn -0.333570 -0.816817 0.470681
vn -0.333570 -0.816817 0.470681
vn -0.333570 -0.816817 0.470681
vn -0.333570 -0.816817 0.470681
vn 0.422195 0.734183 -0.531721
vn 0.422195 0.734183 -0.531721
vn 0.422195 0.734183 -0.531721
vn 0.422195 0.734183 -0.531721
vn 0.029030 0.734191 0.678322
vn 0.029030 0.734191 0.678322
vn 0.029030 0.734191 0.678322
vn 0.029030 0.734191 0.678322
vn 0.006794 -0.816824 -0.576847
vn 0.006794 -0.816824 -0.576847
vn 0.006794 -0.816824 -0.576847
vn 0.006794 -0.816824 -0.576847
vn 0.477979 0.745925 -0.463822
vn 0.477979 0.745925 -0.463822
vn 0.477979 0.745925 -0.463822
vn 0.477979 0.745925 -0.463822
vn -0.352094 -0.826802 0.438666
vn -0.352094 -0.826802 0.438666
vn -0.352094 -0.826802 0.438666
vn -0.352094 -0.826802 0.438666
vn -0.026994 -0.826804 -0.561842
vn -0.026994 -0.826804 -0.561842
vn -0.026994 -0.826804 -0.561842
vn -0.026994 -0.826804 -0.561842
vn 0.114066 0.745919 0.656197
vn 0.114066 0.745919 0.656197
vn 0.114066 0.745919 0.656197
vn 0.114066 0.745919 0.656197
vn -0.171796 -0.816823 0.550715
vn -0.171796 -0.816823 0.550715
vn -0.171796 -0.816823 0.550715
vn -0.171796 -0.816823 0.550715
vn 0.237232 0.734191 -0.636149
vn 0.237232 0.734191 -0.636149
vn 0.237232 0.734191 -0.636149
vn 0.237232 0.734191 -0.636149
vn 0.237230 0.734192 0.636147
vn 0.237230 0.734192 0.636147
vn 0.237230 0.734192 0.636147
vn 0.237230 0.734192 0.636147
vn -0.171800 -0.816818 -0.550720
vn -0.171800 -0.816818 -0.550720
vn -0.171800 -0.816818 -0.550720
vn -0.171800 -0.816818 -0.550720
vn 0.311256 0.745920 -0.588833
vn 0.311256 0.745920 -0.588833
vn 0.311256 0.745920 -0.588833
vn 0.311256 0.745920 -0.588833
vn -0.199305 -0.826790 0.526019
vn -0.199305 -0.826790 0.526019
vn -0.199305 -0.826790 0.526019
vn -0.199305 -0.826790 0.526019
vn -0.199298 -0.826800 -0.526006
vn -0.199298 -0.826800 -0.526006
vn -0.199298 -0.826800 -0.526006
vn -0.199298 -0.826800 -0.526006
vn 0.311251 0.745927 0.588826
vn 0.311251 0.745927 0.588826
vn 0.311251 0.745927 0.588826
vn 0.311251 0.745927 0.588826
vn 0.006795 -0.816815 0.576860
vn 0.006795 -0.816815 0.576860
vn 0.006795 -0.816815 0.576860
vn 0.006795 -0.816815 0.576860
vn 0.029030 0.734190 -0.678323
vn 0.029030 0.734190 -0.678323
vn 0.029030 0.734190 -0.678323
vn 0.029030 0.734190 -0.678323
vn 0.422197 0.734186 0.531716
vn 0.422197 0.734186 0.531716
vn 0.422197 0.734186 0.531716
vn 0.422197 0.734186 0.531716
vn -0.333574 -0.816816 -0.470681
vn -0.333574 -0.816816 -0.470681
vn -0.333574 -0.816816 -0.470681
vn -0.333574 -0.816816 -0.470681
vn 0.114064 0.745924 -0.656191
vn 0.114064 0.745924 -0.656191
vn 0.114064 0.745924 -0.656191
vn 0.114064 0.745924 -0.656191
vn -0.026997 -0.826797 0.561852
vn -0.026997 -0.826797 0.561852
vn -0.026997 -0.826797 0.561852
vn -0.026997 -0.826797 0.561852
vn -0.352091 -0.826798 -0.438677
vn -0.352091 -0.826798 -0.438677
vn -0.352091 -0.826798 -0.438677
vn -0.352091 -0.826798 -0.438677
vn 0.477985 0.745929 0.463811
vn 0.477985 0.745929 0.463812
vn 0.477985 0.745929 0.463812
vn 0.477985 0.745929 0.463812
vn 0.184722 -0.816815 0.546526
vn 0.184722 -0.816815 0.546526
vn 0.184722 -0.816815 0.546526
vn 0.184722 -0.816815 0.546526
vn -0.182008 0.734190 -0.654094
vn -0.182008 0.734190 -0.654094
vn -0.182008 0.734190 -0.654094
vn -0.182008 0.734190 -0.654094
vn 0.565830 0.734200 0.375216
vn 0.565830 0.734200 0.375216
vn 0.565830 0.734200 0.375216
vn 0.565830 0.734200 0.375216
vn -0.462689 -0.816826 -0.344548
vn -0.462689 -0.816826 -0.344548
vn -0.462689 -0.816826 -0.344548
vn -0.462689 -0.816826 -0.344548
vn -0.094297 0.745921 -0.659325
vn -0.094297 0.745921 -0.659325
vn -0.094297 0.745921 -0.659325
vn -0.094297 0.745921 -0.659325
vn 0.147952 -0.826792 0.542702
vn 0.147952 -0.826792 0.542702
vn 0.147952 -0.826792 0.542702
vn 0.147952 -0.826792 0.542702
vn -0.470421 -0.826798 -0.308398
vn -0.470421 -0.826798 -0.308398
vn -0.470421 -0.826798 -0.308398
vn -0.470421 -0.826798 -0.308398
vn 0.597910 0.745932 0.293409
vn 0.597910 0.745932 0.293409
vn 0.597910 0.745932 0.293409
vn 0.597910 0.745932 0.293409
vn 0.344567 -0.816818 0.462689
vn 0.344567 -0.816818 0.462689
vn 0.344567 -0.816818 0.462689
vn 0.344567 -0.816818 0.462689
vn -0.375223 0.734191 -0.565837
vn -0.375223 0.734191 -0.565837
vn -0.375223 0.734191 -0.565837
vn -0.375223 0.734191 -0.565837
vn 0.654074 0.734210 0.181998
vn 0.654074 0.734210 0.181998
vn 0.654074 0.734210 0.181998
vn 0.654074 0.734210 0.181998
vn -0.546519 -0.816821 -0.184718
vn -0.546519 -0.816821 -0.184718
vn -0.546519 -0.816821 -0.184718
vn -0.546519 -0.816821 -0.184718
vn -0.293432 0.745916 -0.597919
vn -0.293432 0.745916 -0.597919
vn -0.293432 0.745916 -0.597919
vn -0.293432 0.745916 -0.597919
vn 0.308409 -0.826800 0.470411
vn 0.308409 -0.826800 0.470411
vn 0.308409 -0.826800 0.470411
vn 0.308409 -0.826800 0.470411
vn -0.542700 -0.826793 -0.147951
vn -0.542700 -0.826793 -0.147951
vn -0.542700 -0.826793 -0.147951
vn -0.542700 -0.826793 -0.147951
vn 0.659325 0.745921 0.094300
vn 0.659325 0.745920 0.094300
vn 0.659325 0.745921 0.094300
vn 0.659325 0.745920 0.094300
vn 0.470691 -0.816811 0.333572
vn 0.470691 -0.816811 0.333572
vn 0.470691 -0.816811 0.333572
vn 0.470691 -0.816811 0.333572
vn -0.531719 0.734186 -0.422192
vn -0.531719 0.734186 -0.422192
vn -0.531719 0.734186 -0.422192
vn -0.531719 0.734186 -0.422192
vn 0.678318 0.734195 -0.029031
vn 0.678318 0.734195 -0.029031
vn 0.678318 0.734195 -0.029031
vn 0.678318 0.734195 -0.029031
vn -0.576851 -0.816821 -0.006791
vn -0.576851 -0.816821 -0.006791
vn -0.576851 -0.816821 -0.006791
vn -0.576851 -0.816821 -0.006791
vn -0.463821 0.745925 -0.477981
vn -0.463821 0.745925 -0.477981
vn -0.463821 0.745925 -0.477981
vn -0.463821 0.745925 -0.477981
vn 0.438666 -0.826800 0.352100
vn 0.438666 -0.826800 0.352100
vn 0.438666 -0.826800 0.352100
vn 0.438666 -0.826800 0.352100
vn -0.561849 -0.826799 0.026995
vn -0.561849 -0.826799 0.026995
vn -0.561849 -0.826799 0.026995
vn -0.561849 -0.826799 0.026995
vn 0.656197 0.745922 -0.114045
vn 0.656197 0.745922 -0.114045
vn 0.656197 0.745922 -0.114045
vn 0.656197 0.745922 -0.114045
vn 0.567407 -0.815769 0.112118
vn 0.567407 -0.815769 0.112118
vn 0.567407 -0.815769 0.112118
vn 0.567407 -0.815769 0.112118
vn -0.651897 0.747081 -0.130002
vn -0.651897 0.747081 -0.130002
vn -0.651897 0.747081 -0.130002
vn -0.651897 0.747081 -0.130002
vn 0.450968 0.747080 -0.488363
vn 0.450968 0.747080 -0.488363
vn 0.450968 0.747080 -0.488363
vn 0.450968 0.747080 -0.488363
vn -0.393138 -0.815769 0.424221
vn -0.393138 -0.815769 0.424221
vn -0.393138 -0.815769 0.424221
vn -0.393138 -0.815769 0.424221
vn -0.608420 0.764210 -0.214030
vn -0.608420 0.764210 -0.214030
vn -0.608420 0.764210 -0.214030
vn -0.608420 0.764210 -0.214030
vn 0.527429 -0.836113 0.150780
vn 0.527429 -0.836113 0.150780
vn 0.527429 -0.836113 0.150780
vn 0.527429 -0.836113 0.150780
vn -0.338094 -0.836106 0.431994
vn -0.338094 -0.836106 0.431994
vn -0.338094 -0.836106 0.431994
vn -0.338094 -0.836106 0.431994
vn 0.366432 0.764199 -0.530780
vn 0.366431 0.764199 -0.530780
vn 0.366432 0.764199 -0.530780
vn 0.366432 0.764199 -0.530780
vn 0.512514 0.764204 -0.391563
vn 0.512514 0.764204 -0.391563
vn 0.512514 0.764204 -0.391563
vn 0.512514 0.764204 -0.391563
vn -0.455035 -0.836105 0.306383
vn -0.455035 -0.836105 0.306383
vn -0.455035 -0.836105 0.306383
vn -0.455035 -0.836105 0.306383
vn 0.579825 0.747071 -0.325097
vn 0.579825 0.747071 -0.325097
vn 0.579825 0.747071 -0.325097
vn 0.579825 0.747071 -0.325097
vn -0.505003 -0.815766 0.281954
vn -0.505003 -0.815766 0.281954
vn -0.505003 -0.815766 0.281954
vn -0.505003 -0.815766 0.281954
vn -0.512482 0.764217 -0.391580
vn -0.512482 0.764217 -0.391580
vn -0.512482 0.764217 -0.391580
vn -0.512482 0.764217 -0.391580
vn 0.455026 -0.836114 0.306373
vn 0.455026 -0.836114 0.306373
vn 0.455026 -0.836114 0.306373
vn 0.455026 -0.836114 0.306373
vn 0.504998 -0.815770 0.281951
vn 0.504998 -0.815770 0.281951
vn 0.504998 -0.815770 0.281951
vn 0.504998 -0.815770 0.281951
vn -0.579834 0.747069 -0.325084
vn -0.579834 0.747069 -0.325084
vn -0.579834 0.747069 -0.325084
vn -0.579834 0.747069 -0.325084
vn 0.574283 -0.815767 -0.068724
vn 0.574283 -0.815767 -0.068724
vn 0.574283 -0.815767 -0.068724
vn 0.574283 -0.815767 -0.068724
vn -0.660163 0.747081 0.077812
vn -0.660163 0.747081 0.077812
vn -0.660163 0.747081 0.077812
vn -0.660163 0.747081 0.077812
vn 0.278001 0.747073 -0.603819
vn 0.278001 0.747073 -0.603819
vn 0.278001 0.747073 -0.603819
vn 0.278001 0.747073 -0.603819
vn -0.242831 -0.815762 0.524944
vn -0.242831 -0.815762 0.524944
vn -0.242831 -0.815762 0.524944
vn -0.242831 -0.815762 0.524944
vn -0.644792 0.764200 -0.015571
vn -0.644791 0.764200 -0.015571
vn -0.644792 0.764200 -0.015571
vn -0.644791 0.764200 -0.015571
vn 0.548204 -0.836115 -0.019601
vn 0.548204 -0.836115 -0.019601
vn 0.548204 -0.836115 -0.019601
vn 0.548204 -0.836115 -0.019601
vn -0.188049 -0.836109 0.515324
vn -0.188048 -0.836109 0.515324
vn -0.188048 -0.836109 0.515324
vn -0.188048 -0.836109 0.515324
vn 0.184474 0.764201 -0.618034
vn 0.184474 0.764201 -0.618034
vn 0.184474 0.764201 -0.618034
vn 0.184474 0.764201 -0.618034
vn 0.524938 -0.815769 -0.242819
vn 0.524938 -0.815769 -0.242819
vn 0.524938 -0.815769 -0.242819
vn 0.524938 -0.815769 -0.242819
vn -0.603805 0.747083 0.278004
vn -0.603805 0.747083 0.278004
vn -0.603805 0.747083 0.278004
vn -0.603805 0.747083 0.278004
vn 0.077800 0.747077 -0.660169
vn 0.077800 0.747077 -0.660169
vn 0.077800 0.747077 -0.660169
vn 0.077800 0.747077 -0.660169
vn -0.068721 -0.815768 0.574283
vn -0.068721 -0.815768 0.574283
vn -0.068721 -0.815768 0.574283
vn -0.068721 -0.815768 0.574283
vn -0.618037 0.764201 0.184466
vn -0.618037 0.764201 0.184466
vn -0.618037 0.764201 0.184466
vn -0.618037 0.764201 0.184466
vn 0.515320 -0.836112 -0.188050
vn 0.515320 -0.836111 -0.188050
vn 0.515320 -0.836112 -0.188050
vn 0.515320 -0.836112 -0.188050
vn -0.019601 -0.836111 0.548209
vn -0.019601 -0.836111 0.548209
vn -0.019601 -0.836111 0.548209
vn -0.019601 -0.836112 0.548209
vn -0.015541 0.764205 -0.644786
vn -0.015541 0.764205 -0.644786
vn -0.015541 0.764205 -0.644786
vn -0.015541 0.764205 -0.644786
vn 0.424212 -0.815769 -0.393147
vn 0.424212 -0.815769 -0.393147
vn 0.424212 -0.815769 -0.393147
vn 0.424212 -0.815769 -0.393147
vn -0.488362 0.747075 0.450979
vn -0.488362 0.747075 0.450979
vn -0.488362 0.747075 0.450979
vn -0.488362 0.747075 0.450979
vn -0.130007 0.747079 -0.651898
vn -0.130007 0.747079 -0.651898
vn -0.130007 0.747079 -0.651898
vn -0.130007 0.747079 -0.651898
vn 0.112107 -0.815770 0.567407
vn 0.112107 -0.815770 0.567407
vn 0.112107 -0.815770 0.567407
vn 0.112107 -0.815770 0.567407
vn -0.530777 0.764207 0.366419
vn -0.530777 0.764207 0.366419
vn -0.530777 0.764207 0.366419
vn -0.530777 0.764207 0.366419
vn 0.432006 -0.836104 -0.338085
vn 0.432006 -0.836104 -0.338085
vn 0.432006 -0.836104 -0.338085
vn 0.432006 -0.836104 -0.338085
vn 0.150775 -0.836107 0.527439
vn 0.150775 -0.836107 0.527439
vn 0.150775 -0.836107 0.527439
vn 0.150775 -0.836107 0.527439
vn -0.214032 0.764204 -0.608426
vn -0.214032 0.764204 -0.608426
vn -0.214032 0.764204 -0.608426
vn -0.214032 0.764204 -0.608426
vn 0.281963 -0.815767 -0.504996
vn 0.281963 -0.815767 -0.504996
vn 0.281963 -0.815767 -0.504996
vn 0.281963 -0.815767 -0.504996
vn -0.325099 0.747070 0.579826
vn -0.325099 0.747070 0.579826
vn -0.325099 0.747070 0.579826
vn -0.325099 0.747070 0.579826
vn -0.325093 0.747077 -0.579819
vn -0.325093 0.747077 -0.579819
vn -0.325093 0.747077 -0.579819
vn -0.325093 0.747077 -0.579819
vn 0.281962 -0.815767 0.504996
vn 0.281962 -0.815767 0.504996
vn 0.281962 -0.815767 0.504996
vn 0.281962 -0.815767 0.504996
vn -0.391568 0.764205 0.512509
vn -0.391568 0.764205 0.512509
vn -0.391568 0.764205 0.512509
vn -0.391568 0.764205 0.512509
vn 0.306378 -0.836110 -0.455030
vn 0.306378 -0.836110 -0.455030
vn 0.306378 -0.836110 -0.455030
vn 0.306378 -0.836110 -0.455030
vn 0.306377 -0.836112 0.455028
vn 0.306377 -0.836112 0.455028
vn 0.306377 -0.836112 0.455028
vn 0.306377 -0.836112 0.455028
vn -0.391568 0.764204 -0.512510
vn -0.391568 0.764204 -0.512510
vn -0.391568 0.764204 -0.512510
vn -0.391568 0.764204 -0.512510
vn 0.112109 -0.815766 -0.567413
vn 0.112109 -0.815766 -0.567413
vn 0.112109 -0.815766 -0.567413
vn 0.112109 -0.815766 -0.567413
vn -0.130008 0.747078 0.651899
vn -0.130008 0.747078 0.651899
vn -0.130008 0.747078 0.651899
vn -0.130008 0.747078 0.651899
vn -0.488363 0.747074 -0.450980
vn -0.488363 0.747074 -0.450980
vn -0.488363 0.747074 -0.450980
vn -0.488363 0.747074 -0.450980
vn 0.424217 -0.815767 0.393147
vn 0.424217 -0.815767 0.393147
vn 0.424217 -0.815767 0.393147
vn 0.424217 -0.815767 0.393147
vn -0.214031 0.764207 0.608423
vn -0.214031 0.764207 0.608423
vn -0.214031 0.764207 0.608423
vn -0.214031 0.764207 0.608423
vn 0.150778 -0.836105 -0.527442
vn 0.150778 -0.836105 -0.527442
vn 0.150778 -0.836105 -0.527442
vn 0.150778 -0.836105 -0.527442
vn 0.432004 -0.836105 0.338085
vn 0.432004 -0.836105 0.338085
vn 0.432004 -0.836105 0.338085
vn 0.432004 -0.836105 0.338085
vn -0.530781 0.764202 -0.366424
vn -0.530781 0.764202 -0.366424
vn -0.530781 0.764202 -0.366424
vn -0.530781 0.764202 -0.366424
vn -0.068719 -0.815766 -0.574285
vn -0.068719 -0.815766 -0.574285
vn -0.068719 -0.815766 -0.574285
vn -0.068719 -0.815766 -0.574285
vn 0.077802 0.747075 0.660171
vn 0.077802 0.747075 0.660171
vn 0.077802 0.747075 0.660171
vn 0.077802 0.747075 0.660171
vn -0.603797 0.747090 -0.278004
vn -0.603797 0.747090 -0.278004
vn -0.603797 0.747090 -0.278004
vn -0.603797 0.747090 -0.278004
vn 0.524949 -0.815768 0.242800
vn 0.524949 -0.815768 0.242800
vn 0.524949 -0.815768 0.242800
vn 0.524949 -0.815768 0.242800
vn -0.015546 0.764201 0.644790
vn -0.015546 0.764201 0.644790
vn -0.015546 0.764201 0.644790
vn -0.015546 0.764201 0.644790
vn -0.019602 -0.836110 -0.548212
vn -0.019602 -0.836110 -0.548212
vn -0.019602 -0.836110 -0.548212
vn -0.019602 -0.836110 -0.548212
vn 0.515326 -0.836107 0.188054
vn 0.515326 -0.836107 0.188054
vn 0.515326 -0.836107 0.188054
vn 0.515326 -0.836107 0.188054
vn -0.618039 0.764197 -0.184473
vn -0.618039 0.764197 -0.184473
vn -0.618039 0.764197 -0.184473
vn -0.618039 0.764197 -0.184473
vn -0.242828 -0.815763 -0.524944
vn -0.242828 -0.815762 -0.524944
vn -0.242828 -0.815763 -0.524944
vn -0.242828 -0.815763 -0.524944
vn 0.277999 0.747075 0.603817
vn 0.277999 0.747075 0.603817
vn 0.277999 0.747075 0.603817
vn 0.277999 0.747075 0.603817
vn -0.660156 0.747087 -0.077817
vn -0.660156 0.747087 -0.077817
vn -0.660156 0.747087 -0.077817
vn -0.660156 0.747087 -0.077817
vn 0.574293 -0.815761 0.068715
vn 0.574293 -0.815761 0.068715
vn 0.574293 -0.815761 0.068715
vn 0.574293 -0.815761 0.068715
vn 0.184463 0.764208 0.618029
vn 0.184463 0.764208 0.618029
vn 0.184463 0.764208 0.618029
vn 0.184463 0.764208 0.618029
vn -0.188044 -0.836110 -0.515325
vn -0.188044 -0.836110 -0.515325
vn -0.188044 -0.836110 -0.515325
vn -0.188044 -0.836110 -0.515325
vn 0.548205 -0.836114 0.019602
vn 0.548205 -0.836114 0.019602
vn 0.548205 -0.836114 0.019602
vn 0.548205 -0.836114 0.019602
vn -0.644791 0.764200 0.015572
vn -0.644791 0.764200 0.015572
vn -0.644791 0.764200 0.015572
vn -0.644791 0.764200 0.015572
vn -0.393139 -0.815769 -0.424220
vn -0.393140 -0.815769 -0.424220
vn -0.393139 -0.815769 -0.424220
vn -0.393139 -0.815769 -0.424220
vn 0.450966 0.747082 0.488362
vn 0.450966 0.747082 0.488362
vn 0.450966 0.747082 0.488362
vn 0.450966 0.747082 0.488362
vn -0.651891 0.747087 0.129998
vn -0.651891 0.747086 0.129998
vn -0.651891 0.747087 0.129998
vn -0.651891 0.747087 0.129998
vn 0.567404 -0.815771 -0.112115
vn 0.567404 -0.815771 -0.112115
vn 0.567404 -0.815771 -0.112115
vn 0.567404 -0.815771 -0.112115
vn 0.366429 0.764199 0.530782
vn 0.366429 0.764199 0.530782
vn 0.366429 0.764199 0.530782
vn 0.366429 0.764199 0.530782
vn -0.338092 -0.836109 -0.431991
vn -0.338092 -0.836109 -0.431991
vn -0.338092 -0.836109 -0.431991
vn -0.338092 -0.836109 -0.431991
vn 0.527435 -0.836109 -0.150780
vn 0.527435 -0.836109 -0.150780
vn 0.527435 -0.836109 -0.150780
vn 0.527435 -0.836109 -0.150780
vn -0.608415 0.764215 0.214027
vn -0.608415 0.764215 0.214027
vn -0.608415 0.764215 0.214027
vn -0.608415 0.764215 0.214027
vn -0.505007 -0.815763 -0.281955
vn -0.505007 -0.815763 -0.281955
vn -0.505007 -0.815763 -0.281956
vn -0.505007 -0.815763 -0.281955
vn 0.579826 0.747071 0.325095
vn 0.579826 0.747071 0.325095
vn 0.579826 0.747071 0.325095
vn 0.579826 0.747071 0.325095
vn -0.579829 0.747074 0.325082
vn -0.579829 0.747074 0.325082
vn -0.579829 0.747074 0.325082
vn -0.579829 0.747074 0.325082
vn 0.504997 -0.815772 -0.281949
vn 0.504997 -0.815772 -0.281949
vn 0.504997 -0.815771 -0.281949
vn 0.504997 -0.815772 -0.281949
vn 0.512515 0.764204 0.391562
vn 0.512515 0.764204 0.391562
vn 0.512515 0.764204 0.391562
vn 0.512515 0.764204 0.391562
vn -0.455038 -0.836105 -0.306381
vn -0.455038 -0.836105 -0.306381
vn -0.455038 -0.836105 -0.306380
vn -0.455038 -0.836105 -0.306380
vn 0.455027 -0.836115 -0.306371
vn 0.455027 -0.836115 -0.306371
vn 0.455027 -0.836115 -0.306371
vn 0.455027 -0.836115 -0.306371
vn -0.512491 0.764210 0.391583
vn -0.512491 0.764210 0.391583
vn -0.512491 0.764210 0.391583
vn -0.512491 0.764210 0.391583
vn -0.567409 -0.815770 -0.112096
vn -0.567409 -0.815770 -0.112096
vn -0.567409 -0.815770 -0.112096
vn -0.567409 -0.815770 -0.112096
vn 0.651900 0.747076 0.130018
vn 0.651900 0.747076 0.130018
vn 0.651900 0.747076 0.130018
vn 0.651900 0.747076 0.130018
vn -0.450974 0.747078 0.488362
vn -0.450974 0.747078 0.488361
vn -0.450974 0.747078 0.488362
vn -0.450974 0.747078 0.488362
vn 0.393144 -0.815769 -0.424215
vn 0.393144 -0.815769 -0.424215
vn 0.393144 -0.815769 -0.424215
vn 0.393144 -0.815769 -0.424215
vn 0.608446 0.764190 0.214028
vn 0.608446 0.764190 0.214028
vn 0.608446 0.764190 0.214028
vn 0.608446 0.764190 0.214028
vn -0.527447 -0.836107 -0.150751
vn -0.527447 -0.836107 -0.150751
vn -0.527447 -0.836107 -0.150751
vn -0.527447 -0.836107 -0.150751
vn 0.338080 -0.836110 -0.431998
vn 0.338080 -0.836110 -0.431998
vn 0.338080 -0.836110 -0.431998
vn 0.338080 -0.836110 -0.431998
vn -0.366405 0.764206 0.530789
vn -0.366405 0.764206 0.530789
vn -0.366405 0.764206 0.530789
vn -0.366405 0.764206 0.530789
vn -0.574275 -0.815774 0.068712
vn -0.574275 -0.815774 0.068712
vn -0.574275 -0.815774 0.068712
vn -0.574275 -0.815774 0.068712
vn 0.660162 0.747085 -0.077787
vn 0.660162 0.747085 -0.077787
vn 0.660162 0.747085 -0.077787
vn 0.660162 0.747085 -0.077787
vn -0.278004 0.747069 0.603822
vn -0.278004 0.747069 0.603822
vn -0.278005 0.747069 0.603822
vn -0.278004 0.747069 0.603822
vn 0.242815 -0.815771 -0.524937
vn 0.242815 -0.815771 -0.524937
vn 0.242815 -0.815771 -0.524937
vn 0.242815 -0.815771 -0.524937
vn 0.644798 0.764195 0.015539
vn 0.644798 0.764195 0.015539
vn 0.644798 0.764195 0.015539
vn 0.644798 0.764195 0.015539
vn -0.548210 -0.836111 0.019610
vn -0.548210 -0.836111 0.019610
vn -0.548210 -0.836111 0.019610
vn -0.548209 -0.836111 0.019610
vn 0.188038 -0.836114 -0.515321
vn 0.188038 -0.836114 -0.515321
vn 0.188038 -0.836114 -0.515321
vn 0.188038 -0.836114 -0.515321
vn -0.184464 0.764209 0.618028
vn -0.184463 0.764209 0.618028
vn -0.184463 0.764209 0.618028
vn -0.184464 0.764209 0.618028
vn -0.524937 -0.815777 0.242796
vn -0.524937 -0.815777 0.242796
vn -0.524937 -0.815777 0.242796
vn -0.524937 -0.815777 0.242796
vn 0.603801 0.747092 -0.277989
vn 0.603801 0.747092 -0.277989
vn 0.603801 0.747092 -0.277989
vn 0.603801 0.747092 -0.277989
vn -0.077802 0.747079 0.660166
vn -0.077802 0.747079 0.660166
vn -0.077802 0.747079 0.660166
vn -0.077802 0.747079 0.660166
vn 0.068713 -0.815769 -0.574282
vn 0.068713 -0.815769 -0.574282
vn 0.068713 -0.815769 -0.574282
vn 0.068713 -0.815769 -0.574282
vn 0.618044 0.764195 -0.184465
vn 0.618044 0.764195 -0.184465
vn 0.618044 0.764195 -0.184465
vn 0.618044 0.764195 -0.184465
vn -0.515330 -0.836105 0.188053
vn -0.515330 -0.836105 0.188053
vn -0.515330 -0.836105 0.188053
vn -0.515330 -0.836105 0.188053
vn 0.019600 -0.836107 -0.548215
vn 0.019600 -0.836107 -0.548215
vn 0.019600 -0.836107 -0.548215
vn 0.019600 -0.836107 -0.548215
vn 0.015544 0.764200 0.644792
vn 0.015544 0.764200 0.644792
vn 0.015544 0.764200 0.644792
vn 0.015544 0.764200 0.644792
vn -0.424222 -0.815756 0.393164
vn -0.424222 -0.815756 0.393164
vn -0.424222 -0.815756 0.393164
vn -0.424222 -0.815756 0.393164
vn 0.488356 0.747073 -0.450987
vn 0.488356 0.747073 -0.450987
vn 0.488356 0.747073 -0.450988
vn 0.488356 0.747073 -0.450987
vn 0.130011 0.747080 0.651897
vn 0.130011 0.747080 0.651897
vn 0.130011 0.747080 0.651897
vn 0.130011 0.747080 0.651897
vn -0.112117 -0.815774 -0.567400
vn -0.112117 -0.815774 -0.567400
vn -0.112117 -0.815774 -0.567400
vn -0.112117 -0.815773 -0.567400
vn 0.530782 0.764207 -0.366414
vn 0.530782 0.764207 -0.366414
vn 0.530782 0.764207 -0.366414
vn 0.530782 0.764207 -0.366414
vn -0.431995 -0.836109 0.338087
vn -0.431995 -0.836109 0.338087
vn -0.431995 -0.836109 0.338087
vn -0.431995 -0.836109 0.338087
vn -0.150770 -0.836112 -0.527433
vn -0.150770 -0.836112 -0.527433
vn -0.150770 -0.836112 -0.527433
vn -0.150770 -0.836112 -0.527433
vn 0.214037 0.764200 0.608429
vn 0.214037 0.764200 0.608429
vn 0.214037 0.764200 0.608429
vn 0.214037 0.764200 0.608429
vn -0.281957 -0.815770 0.504995
vn -0.281958 -0.815770 0.504995
vn -0.281957 -0.815770 0.504995
vn -0.281957 -0.815770 0.504995
vn 0.325089 0.747077 -0.579821
vn 0.325089 0.747077 -0.579821
vn 0.325089 0.747077 -0.579821
vn 0.325089 0.747077 -0.579821
vn 0.325092 0.747073 0.579825
vn 0.325092 0.747073 0.579825
vn 0.325092 0.747073 0.579825
vn 0.325092 0.747073 0.579826
vn -0.281967 -0.815767 -0.504994
vn -0.281967 -0.815767 -0.504994
vn -0.281967 -0.815767 -0.504994
vn -0.281967 -0.815767 -0.504994
vn 0.391576 0.764197 -0.512515
vn 0.391576 0.764197 -0.512515
vn 0.391576 0.764197 -0.512515
vn 0.391576 0.764197 -0.512515
vn -0.306384 -0.836099 0.455046
vn -0.306384 -0.836099 0.455046
vn -0.306384 -0.836099 0.455046
vn -0.306384 -0.836099 0.455046
vn -0.306380 -0.836109 -0.455031
vn -0.306380 -0.836109 -0.455031
vn -0.306380 -0.836109 -0.455031
vn -0.306380 -0.836109 -0.455031
vn 0.391572 0.764203 0.512509
vn 0.391572 0.764203 0.512509
vn 0.391572 0.764203 0.512509
vn 0.391572 0.764203 0.512509
vn -0.112110 -0.815764 0.567415
vn -0.112110 -0.815764 0.567415
vn -0.112110 -0.815764 0.567415
vn -0.112110 -0.815764 0.567415
vn 0.130010 0.747079 -0.651897
vn 0.130010 0.747079 -0.651897
vn 0.130010 0.747079 -0.651897
vn 0.130010 0.747079 -0.651897
vn 0.488349 0.747075 0.450991
vn 0.488349 0.747075 0.450991
vn 0.488349 0.747075 0.450991
vn 0.488349 0.747075 0.450991
vn -0.424212 -0.815761 -0.393165
vn -0.424212 -0.815761 -0.393165
vn -0.424212 -0.815761 -0.393165
vn -0.424212 -0.815761 -0.393165
vn 0.214035 0.764203 -0.608427
vn 0.214035 0.764203 -0.608427
vn 0.214035 0.764203 -0.608427
vn 0.214035 0.764203 -0.608427
vn -0.150773 -0.836108 0.527438
vn -0.150773 -0.836108 0.527438
vn -0.150773 -0.836108 0.527438
vn -0.150773 -0.836108 0.527438
vn -0.432003 -0.836101 -0.338097
vn -0.432003 -0.836101 -0.338097
vn -0.432003 -0.836101 -0.338097
vn -0.432003 -0.836101 -0.338097
vn 0.530786 0.764196 0.366430
vn 0.530786 0.764196 0.366430
vn 0.530786 0.764196 0.366430
vn 0.530786 0.764196 0.366430
vn 0.068715 -0.815763 0.574291
vn 0.068715 -0.815763 0.574291
vn 0.068715 -0.815763 0.574291
vn 0.068715 -0.815763 0.574291
vn -0.077805 0.747082 -0.660162
vn -0.077805 0.747082 -0.660162
vn -0.077805 0.747082 -0.660162
vn -0.077805 0.747082 -0.660162
vn 0.603813 0.747077 0.278003
vn 0.603813 0.747077 0.278003
vn 0.603813 0.747077 0.278003
vn 0.603813 0.747077 0.278003
vn -0.524941 -0.815768 -0.242816
vn -0.524941 -0.815768 -0.242817
vn -0.524941 -0.815768 -0.242817
vn -0.524941 -0.815768 -0.242816
vn 0.015542 0.764208 -0.644783
vn 0.015542 0.764208 -0.644783
vn 0.015542 0.764208 -0.644783
vn 0.015542 0.764208 -0.644783
vn 0.019599 -0.836114 0.548206
vn 0.019599 -0.836114 0.548206
vn 0.019599 -0.836114 0.548206
vn 0.019599 -0.836114 0.548206
vn -0.515334 -0.836103 -0.188051
vn -0.515334 -0.836103 -0.188051
vn -0.515334 -0.836103 -0.188051
vn -0.515334 -0.836103 -0.188051
vn 0.618043 0.764191 0.184488
vn 0.618043 0.764191 0.184488
vn 0.618043 0.764191 0.184488
vn 0.618043 0.764191 0.184488
vn 0.242815 -0.815766 0.524945
vn 0.242815 -0.815766 0.524945
vn 0.242815 -0.815766 0.524945
vn 0.242815 -0.815766 0.524945
vn -0.277997 0.747080 -0.603812
vn -0.277997 0.747080 -0.603812
vn -0.277997 0.747080 -0.603812
vn -0.277997 0.747080 -0.603812
vn 0.660171 0.747077 0.077786
vn 0.660171 0.747077 0.077786
vn 0.660171 0.747077 0.077786
vn 0.660171 0.747077 0.077786
vn -0.574274 -0.815774 -0.068719
vn -0.574274 -0.815774 -0.068719
vn -0.574274 -0.815774 -0.068719
vn -0.574274 -0.815774 -0.068719
vn -0.184466 0.764203 -0.618034
vn -0.184466 0.764203 -0.618034
vn -0.184466 0.764203 -0.618034
vn -0.184466 0.764203 -0.618034
vn 0.188042 -0.836110 0.515325
vn 0.188042 -0.836110 0.515325
vn 0.188042 -0.836110 0.515325
vn 0.188042 -0.836110 0.515325
vn -0.548209 -0.836111 -0.019607
vn -0.548209 -0.836111 -0.019607
vn -0.548209 -0.836111 -0.019607
vn -0.548209 -0.836111 -0.019607
vn 0.644791 0.764201 -0.015533
vn 0.644791 0.764201 -0.015533
vn 0.644791 0.764201 -0.015533
vn 0.644791 0.764201 -0.015533
vn 0.393140 -0.815770 0.424217
vn 0.393140 -0.815770 0.424217
vn 0.393140 -0.815770 0.424217
vn 0.393140 -0.815770 0.424217
vn -0.450978 0.747074 -0.488364
vn -0.450978 0.747074 -0.488364
vn -0.450978 0.747074 -0.488364
vn -0.450978 0.747074 -0.488364
vn 0.651906 0.747070 -0.130016
vn 0.651906 0.747070 -0.130016
vn 0.651906 0.747070 -0.130016
vn 0.651906 0.747070 -0.130016
vn -0.567412 -0.815768 0.112093
vn -0.567412 -0.815769 0.112093
vn -0.567412 -0.815769 0.112093
vn -0.567412 -0.815768 0.112093
vn -0.366411 0.764205 -0.530786
vn -0.366411 0.764205 -0.530786
vn -0.366411 0.764205 -0.530786
vn -0.366411 0.764205 -0.530786
vn 0.338080 -0.836113 0.431993
vn 0.338080 -0.836113 0.431993
vn 0.338080 -0.836113 0.431993
vn 0.338080 -0.836113 0.431993
vn -0.527448 -0.836106 0.150751
vn -0.527447 -0.836106 0.150751
vn -0.527448 -0.836106 0.150751
vn -0.527447 -0.836106 0.150751
vn 0.608449 0.764186 -0.214031
vn 0.608449 0.764186 -0.214031
vn 0.608449 0.764186 -0.214031
vn 0.608449 0.764186 -0.214031
g FCSET_Waste_Basket_001_0p46_0p378_0p797 Waste_Basket group1
usemtl initialShadingGroup
f 1902/1/1 1903/2/2 1904/3/3 1905/4/4
f 1903/2/2 1906/5/5 1907/6/6 1904/3/3
f 1906/5/5 1908/4844/7 1909/7/8 1907/6/6
f 1908/4844/7 1910/4845/9 1911/4857/10 1909/7/8
f 1910/8/9 1912/10/11 1913/11/12 1911/9/10
f 1912/10/11 1914/12/13 1915/13/14 1913/11/12
f 1914/12/13 1916/14/15 1917/15/16 1915/13/14
f 1916/14/15 1918/16/17 1919/17/18 1917/15/16
f 1918/16/17 1920/18/19 1921/19/20 1919/17/18
f 1920/18/19 1922/20/21 1923/21/22 1921/19/20
f 1922/20/21 1924/22/23 1925/23/24 1923/21/22
f 1924/22/23 1926/24/25 1927/25/26 1925/23/24
f 1926/24/25 1928/26/27 1929/27/28 1927/25/26
f 1928/26/27 1930/28/29 1931/29/30 1929/27/28
f 1930/28/29 1932/30/31 1933/31/32 1931/29/30
f 1932/30/31 1934/32/33 1935/33/34 1933/31/32
f 1934/32/33 1936/34/35 1937/35/36 1935/33/34
f 1936/34/35 1938/36/37 1939/37/38 1937/35/36
f 1938/36/37 1940/38/39 1941/39/40 1939/37/38
f 1940/38/39 1902/1/1 1905/4/4 1941/39/40
f 2003/40/41 2002/41/42 2004/42/43
f 2002/41/42 2005/43/44 2004/42/43
f 2005/43/44 2006/4850/45 2004/42/43
f 2006/4850/45 2007/4846/46 2004/4847/43
f 2007/44/46 2008/45/47 2004/42/43
f 2008/45/47 2009/46/48 2004/42/43
f 2009/46/48 2010/47/49 2004/42/43
f 2010/47/49 2011/48/50 2004/42/43
f 2011/48/50 2012/49/51 2004/42/43
f 2012/49/51 2013/50/52 2004/42/43
f 2013/50/52 2014/51/53 2004/42/43
f 2014/51/53 2015/52/54 2004/42/43
f 2015/52/54 2016/53/55 2004/42/43
f 2016/53/55 2017/54/56 2004/42/43
f 2017/54/56 2018/55/57 2004/42/43
f 2018/55/57 2019/56/58 2004/42/43
f 2019/56/58 2020/57/59 2004/42/43
f 2020/57/59 2021/58/60 2004/42/43
f 2021/58/60 2022/59/61 2004/42/43
f 2022/59/61 2003/40/41 2004/42/43
f 2023/60/62 2003/40/41 2022/59/61 2024/61/63
f 2026/62/64 2025/63/65 2027/64/66 2028/65/67
f 2025/63/65 2023/60/62 2024/61/63 2027/64/68
f 2003/40/41 2023/60/62 2029/66/69 2002/41/42
f 2023/60/62 2025/63/65 2030/67/70 2029/66/69
f 2025/63/65 2026/62/64 2031/68/71 2030/67/70
f 2002/41/42 2029/66/69 2032/69/72 2005/43/44
f 2029/66/69 2030/67/70 2033/70/73 2032/69/72
f 2030/67/70 2031/68/71 2034/71/74 2033/70/73
f 2005/43/44 2032/69/72 2035/4848/75 2006/4850/45
f 2032/69/72 2033/70/73 2036/4851/76 2035/4848/75
f 2033/70/73 2034/71/74 2037/4855/77 2036/4851/78
f 2006/4850/45 2035/4848/75 2038/4849/79 2007/4846/46
f 2035/4848/75 2036/4851/76 2039/4852/80 2038/4849/79
f 2036/4851/78 2037/4855/77 2040/4853/81 2039/4852/82
f 2007/44/46 2038/72/79 2041/75/83 2008/45/47
f 2038/72/79 2039/73/80 2042/76/84 2041/75/83
f 2039/73/82 2040/74/81 2043/77/85 2042/76/86
f 2008/45/47 2041/75/83 2044/78/87 2009/46/48
f 2041/75/83 2042/76/84 2045/79/88 2044/78/87
f 2042/76/86 2043/77/85 2046/80/89 2045/79/88
f 2009/46/48 2044/78/87 2047/81/90 2010/47/49
f 2044/78/87 2045/79/88 2048/82/91 2047/81/90
f 2045/79/88 2046/80/89 2049/83/92 2048/82/91
f 2010/47/49 2047/81/90 2050/84/93 2011/48/50
f 2047/81/90 2048/82/91 2051/85/94 2050/84/93
f 2048/82/91 2049/83/92 2052/86/95 2051/85/94
f 2011/48/50 2050/84/93 2053/87/96 2012/49/51
f 2050/84/93 2051/85/94 2054/88/97 2053/87/96
f 2051/85/94 2052/86/95 2055/89/98 2054/88/99
f 2012/49/51 2053/87/96 2056/90/100 2013/50/52
f 2053/87/96 2054/88/97 2057/91/101 2056/90/100
f 2054/88/99 2055/89/98 2058/92/102 2057/91/101
f 2013/50/52 2056/90/100 2059/93/103 2014/51/53
f 2056/90/100 2057/91/101 2060/94/104 2059/93/103
f 2057/91/101 2058/92/102 2061/95/105 2060/94/104
f 2014/51/53 2059/93/103 2062/96/106 2015/52/54
f 2059/93/103 2060/94/104 2063/97/107 2062/96/106
f 2060/94/104 2061/95/105 2064/98/108 2063/97/107
f 2015/52/54 2062/96/106 2065/99/109 2016/53/55
f 2062/96/106 2063/97/107 2066/100/110 2065/99/109
f 2063/97/107 2064/98/108 2067/101/111 2066/100/112
f 2016/53/55 2065/99/109 2068/102/113 2017/54/56
f 2065/99/109 2066/100/110 2069/103/114 2068/102/113
f 2066/100/112 2067/101/111 2070/104/115 2069/103/116
f 2017/54/56 2068/102/113 2071/105/117 2018/55/57
f 2068/102/113 2069/103/114 2072/106/118 2071/105/117
f 2069/103/116 2070/104/115 2073/107/119 2072/106/120
f 2018/55/57 2071/105/117 2074/108/121 2019/56/58
f 2071/105/117 2072/106/118 2075/109/122 2074/108/121
f 2072/106/120 2073/107/119 2076/110/123 2075/109/122
f 2019/56/58 2074/108/121 2077/111/124 2020/57/59
f 2074/108/121 2075/109/122 2078/112/125 2077/111/124
f 2075/109/122 2076/110/123 2079/113/126 2078/112/125
f 2020/57/59 2077/111/124 2080/114/127 2021/58/60
f 2077/111/124 2078/112/125 2081/115/128 2080/114/127
f 2078/112/125 2079/113/126 2082/116/129 2081/115/128
f 2021/58/60 2080/114/127 2024/61/63 2022/59/61
f 2080/114/127 2081/115/128 2027/64/68 2024/61/63
f 2081/115/128 2082/116/129 2028/65/67 2027/64/66
f 2083/117/130 2084/118/131 2031/68/71 2026/62/64
f 2085/119/132 2083/117/130 2026/62/64 2028/65/67
f 2086/120/133 2085/119/132 2028/65/67 2082/116/129
f 2087/121/134 2086/120/133 2082/116/129 2079/113/126
f 2088/122/135 2087/121/134 2079/113/126 2076/110/123
f 2089/123/136 2088/122/135 2076/110/123 2073/107/119
f 2090/124/137 2089/123/136 2073/107/119 2070/104/115
f 2091/125/138 2090/124/137 2070/104/115 2067/101/111
f 2092/126/139 2091/125/138 2067/101/111 2064/98/108
f 2093/127/140 2092/126/139 2064/98/108 2061/95/105
f 2094/128/141 2093/127/140 2061/95/105 2058/92/102
f 2095/129/142 2094/128/141 2058/92/102 2055/89/98
f 2096/130/143 2095/129/142 2055/89/98 2052/86/95
f 2097/131/144 2096/130/143 2052/86/95 2049/83/92
f 2098/132/145 2097/131/144 2049/83/92 2046/80/89
f 2099/133/146 2098/132/145 2046/80/89 2043/77/85
f 2100/134/147 2099/133/146 2043/77/85 2040/74/81
f 2101/4860/148 2100/4854/147 2040/4853/81 2037/4855/77
f 2102/135/149 2101/4860/148 2037/4855/77 2034/71/74
f 2084/118/131 2102/135/149 2034/71/74 2031/68/71
f 1942/136/150 1943/137/151 1944/138/152 1945/139/153
f 1946/140/154 1942/136/150 1945/139/153 1947/141/155
f 1948/142/156 1946/140/154 1947/141/155 1949/143/157
f 1950/144/158 1948/142/156 1949/143/157 1951/145/159
f 1952/146/160 1950/144/158 1951/145/159 1953/147/161
f 1954/148/162 1952/146/160 1953/147/161 1955/149/163
f 1956/150/164 1954/148/162 1955/149/163 1957/151/165
f 1958/152/166 1956/150/164 1957/151/165 1959/153/167
f 1960/154/168 1958/152/166 1959/153/167 1961/155/169
f 1962/156/170 1960/154/168 1961/155/169 1963/157/171
f 1964/158/172 1962/156/170 1963/157/171 1965/159/173
f 1966/160/174 1964/158/172 1965/159/173 1967/161/175
f 1968/162/176 1966/160/174 1967/161/175 1969/163/177
f 1970/164/178 1968/162/176 1969/163/177 1971/165/179
f 1972/166/180 1970/164/178 1971/165/179 1973/167/181
f 1974/168/182 1972/166/180 1973/167/181 1975/169/183
f 1976/170/184 1974/168/182 1975/169/183 1977/171/185
f 1978/4858/186 1976/4856/184 1977/4887/185 1979/172/187
f 1980/173/188 1978/4858/186 1979/172/187 1981/174/189
f 1943/137/151 1980/173/188 1981/174/189 1944/138/152
f 1905/4/190 1904/3/191 1943/137/192 1942/136/193
f 1904/3/191 1907/6/194 1980/173/195 1943/137/192
f 1907/6/194 1909/7/196 1978/4858/197 1980/173/195
f 1909/7/196 1911/4857/198 1976/4856/199 1978/4858/197
f 1911/9/198 1913/11/200 1974/168/201 1976/170/199
f 1913/11/200 1915/13/202 1972/166/203 1974/168/201
f 1915/13/202 1917/15/204 1970/164/205 1972/166/203
f 1917/15/204 1919/17/206 1968/162/207 1970/164/205
f 1919/17/206 1921/19/208 1966/160/209 1968/162/207
f 1921/19/208 1923/21/210 1964/158/211 1966/160/209
f 1923/21/210 1925/23/212 1962/156/213 1964/158/211
f 1925/23/212 1927/25/214 1960/154/215 1962/156/213
f 1927/25/214 1929/27/216 1958/152/217 1960/154/215
f 1929/27/216 1931/29/218 1956/150/219 1958/152/217
f 1931/29/218 1933/31/220 1954/148/221 1956/150/219
f 1933/31/220 1935/33/222 1952/146/223 1954/148/221
f 1935/33/222 1937/35/224 1950/144/225 1952/146/223
f 1937/35/224 1939/37/226 1948/142/227 1950/144/225
f 1939/37/226 1941/39/228 1946/140/229 1948/142/227
f 1941/39/228 1905/4/190 1942/136/193 1946/140/229
f 2104/175/230 2103/176/231 2084/118/232 2083/117/233
f 2105/177/234 2104/175/230 2083/117/233 2085/119/235
f 2106/178/236 2105/177/234 2085/119/235 2086/120/237
f 2107/179/238 2106/178/236 2086/120/237 2087/121/239
f 2108/180/240 2107/179/238 2087/121/239 2088/122/241
f 2109/181/242 2108/180/240 2088/122/241 2089/123/243
f 2110/182/244 2109/181/242 2089/123/243 2090/124/245
f 2111/183/246 2110/182/244 2090/124/245 2091/125/247
f 2112/184/248 2111/183/246 2091/125/247 2092/126/249
f 2113/185/250 2112/184/248 2092/126/249 2093/127/251
f 2114/186/252 2113/185/250 2093/127/251 2094/128/253
f 2115/187/254 2114/186/252 2094/128/253 2095/129/255
f 2116/188/256 2115/187/254 2095/129/255 2096/130/257
f 2117/189/258 2116/188/256 2096/130/257 2097/131/259
f 2118/190/260 2117/189/258 2097/131/259 2098/132/261
f 2119/191/262 2118/190/260 2098/132/261 2099/133/263
f 2120/192/264 2119/191/262 2099/133/263 2100/134/265
f 2121/4862/266 2120/4859/264 2100/4854/265 2101/4860/267
f 2122/193/268 2121/4862/266 2101/4860/267 2102/135/269
f 2103/176/231 2122/193/268 2102/135/269 2084/118/232
f 2124/194/270 2123/195/271 2103/176/272 2104/175/273
f 2125/196/274 2124/194/270 2104/175/273 2105/177/275
f 2126/197/276 2125/196/274 2105/177/275 2106/178/277
f 2127/198/278 2126/197/276 2106/178/277 2107/179/279
f 2128/199/280 2127/198/278 2107/179/279 2108/180/281
f 2129/200/282 2128/199/280 2108/180/281 2109/181/283
f 2130/201/284 2129/200/282 2109/181/283 2110/182/285
f 2131/202/286 2130/201/284 2110/182/285 2111/183/287
f 2132/203/288 2131/202/286 2111/183/287 2112/184/289
f 2133/204/290 2132/203/288 2112/184/289 2113/185/291
f 2134/205/292 2133/204/290 2113/185/291 2114/186/293
f 2135/206/294 2134/205/292 2114/186/293 2115/187/295
f 2136/207/296 2135/206/294 2115/187/295 2116/188/297
f 2137/208/298 2136/207/296 2116/188/297 2117/189/299
f 2138/209/300 2137/208/298 2117/189/299 2118/190/301
f 2139/210/302 2138/209/300 2118/190/301 2119/191/303
f 2140/211/304 2139/210/302 2119/191/303 2120/192/305
f 2141/4889/306 2140/4861/304 2120/4859/305 2121/4862/307
f 2142/212/308 2141/4889/306 2121/4862/307 2122/193/309
f 2123/195/271 2142/212/308 2122/193/309 2103/176/272
f 2163/213/310 2164/214/311 2165/215/312 2166/216/313
f 2164/214/311 2163/213/310 2167/217/314 2168/218/315
f 2168/218/315 2169/219/316 2170/220/317 2171/221/318
f 2172/222/319 2167/217/314 2173/223/320 2174/224/321
f 2169/219/316 2172/222/319 2175/225/322 2176/226/323
f 2176/226/323 2177/227/324 2178/228/325 2179/229/326
f 2180/230/327 2175/225/322 2181/231/328 2182/232/329
f 2177/227/324 2180/230/327 2183/233/330 2184/234/331
f 2174/224/321 2173/223/320 2185/235/332 2181/231/328
f 2186/236/333 2187/237/334 2188/238/335 2189/239/336
f 2171/221/318 2186/236/333 2190/240/337 2165/215/312
f 2187/237/334 2170/220/317 2179/229/326 2191/241/338
f 2192/242/339 2185/235/332 2193/243/340 2194/244/341
f 2182/232/329 2192/242/339 2195/245/342 2196/246/343
f 2196/246/343 2197/247/344 2198/248/345 2183/233/330
f 2199/249/346 2195/245/342 2200/250/347 2201/251/348
f 2197/247/344 2199/249/346 2202/252/349 2203/253/350
f 2194/244/341 2193/243/340 2204/254/351 2200/250/347
f 2205/255/352 2204/254/351 2206/256/353 2207/257/354
f 2201/251/348 2205/255/352 2208/258/355 2209/259/356
f 2209/259/356 2210/260/357 2211/261/358 2202/252/349
f 2212/262/359 2208/258/355 2213/263/360 2214/264/361
f 2210/260/357 2212/262/359 2215/4866/362 2216/265/363
f 2207/257/354 2206/256/353 2217/4863/364 2213/263/360
f 2218/4865/365 2217/4863/364 2219/4864/366 2220/4951/367
f 2214/264/361 2218/4865/365 2221/4890/368 2222/269/369
f 2222/269/369 2223/4954/370 2224/4884/371 2215/4866/362
f 2225/271/372 2221/268/368 2226/272/373 2227/273/374
f 2223/270/370 2225/271/372 2228/274/375 2229/275/376
f 2220/267/367 2219/266/366 2230/276/377 2226/272/373
f 2231/277/378 2230/276/377 2232/278/379 2233/279/380
f 2227/273/374 2231/277/378 2234/280/381 2235/281/382
f 2235/281/382 2236/282/383 2237/283/384 2228/274/375
f 2238/284/385 2234/280/381 2239/285/386 2240/286/387
f 2236/282/383 2238/284/385 2241/287/388 2242/288/389
f 2233/279/380 2232/278/379 2243/289/390 2239/285/386
f 2244/290/391 2243/289/390 2245/291/392 2246/292/393
f 2240/286/387 2244/290/391 2247/293/394 2248/294/395
f 2248/294/395 2249/295/396 2250/296/397 2241/287/388
f 2251/297/398 2247/293/394 2252/298/399 2253/299/400
f 2249/295/396 2251/297/398 2254/300/401 2255/301/402
f 2246/292/393 2245/291/392 2256/302/403 2252/298/399
f 2257/303/404 2256/302/403 2258/304/405 2259/305/406
f 2253/299/400 2257/303/404 2260/306/407 2261/307/408
f 2261/307/408 2262/308/409 2263/309/410 2254/300/401
f 2264/310/411 2260/306/407 2265/311/412 2266/312/413
f 2262/308/409 2264/310/411 2267/313/414 2268/314/415
f 2259/305/406 2258/304/405 2269/315/416 2265/311/412
f 2270/316/417 2269/315/416 2271/317/418 2272/318/419
f 2266/312/413 2270/316/417 2273/319/420 2274/320/421
f 2274/320/421 2275/321/422 2276/322/423 2267/313/414
f 2277/323/424 2273/319/420 2278/324/425 2279/325/426
f 2275/321/422 2277/323/424 2280/326/427 2281/327/428
f 2272/318/419 2271/317/418 2282/328/429 2278/324/425
f 2283/329/430 2282/328/429 2284/330/431 2285/331/432
f 2279/325/426 2283/329/430 2286/332/433 2287/333/434
f 2287/333/434 2288/334/435 2289/335/436 2280/326/427
f 2290/336/437 2286/332/433 2291/337/438 2292/338/439
f 2288/334/435 2290/336/437 2293/339/440 2294/340/441
f 2285/331/432 2284/330/431 2295/341/442 2291/337/438
f 2296/342/443 2295/341/442 2297/343/444 2298/344/445
f 2292/338/439 2296/342/443 2299/345/446 2300/346/447
f 2300/346/447 2301/347/448 2302/348/449 2293/339/440
f 2303/349/450 2299/345/446 2304/350/451 2305/351/452
f 2301/347/448 2303/349/450 2306/352/453 2307/353/454
f 2298/344/445 2297/343/444 2308/354/455 2304/350/451
f 2309/355/456 2308/354/455 2310/356/457 2311/357/458
f 2305/351/452 2309/355/456 2312/358/459 2313/359/460
f 2313/359/460 2314/360/461 2315/361/462 2306/352/453
f 2316/362/463 2312/358/459 2317/363/464 2318/364/465
f 2314/360/461 2316/362/463 2319/365/466 2320/366/467
f 2311/357/458 2310/356/457 2321/367/468 2317/363/464
f 2322/368/469 2321/367/468 2323/369/470 2324/370/471
f 2318/364/465 2322/368/469 2325/371/472 2326/372/473
f 2326/372/473 2327/373/474 2328/374/475 2319/365/466
f 2329/375/476 2325/371/472 2330/376/477 2331/377/478
f 2327/373/474 2329/375/476 2332/378/479 2333/379/480
f 2324/370/471 2323/369/470 2334/380/481 2330/376/477
f 2335/381/482 2334/380/481 2336/382/483 2337/383/484
f 2331/377/478 2335/381/482 2338/384/485 2339/385/486
f 2339/385/486 2340/386/487 2341/387/488 2332/378/479
f 2342/388/489 2338/384/485 2343/389/490 2344/390/491
f 2340/386/487 2342/388/489 2345/391/492 2346/392/493
f 2337/383/484 2336/382/483 2347/393/494 2343/389/490
f 2348/394/495 2347/393/494 2349/395/496 2350/396/497
f 2344/390/491 2348/394/495 2351/397/498 2352/398/499
f 2353/399/500 2354/400/501 2355/401/502 2356/402/503
f 2352/398/499 2353/399/500 2357/403/504 2345/391/492
f 2354/400/501 2351/397/498 2358/404/505 2359/405/506
f 2350/396/497 2349/395/496 2360/406/507 2358/404/505
f 2361/407/508 2360/406/507 2362/408/509 2363/409/510
f 2359/405/506 2361/407/508 2364/410/511 2365/411/512
f 2365/411/512 2366/412/513 2367/413/514 2355/401/502
f 2368/414/515 2364/410/511 2369/415/516 2370/416/517
f 2366/412/513 2368/414/515 2371/417/518 2372/418/519
f 2363/409/510 2362/408/509 2373/419/520 2369/415/516
f 2374/420/521 2373/419/520 2375/421/522 2376/422/523
f 2370/416/517 2374/420/521 2377/423/524 2378/424/525
f 2378/424/525 2379/425/526 2380/426/527 2371/417/518
f 2381/427/528 2377/423/524 2382/428/529 2383/429/530
f 2379/425/526 2381/427/528 2384/430/531 2385/431/532
f 2376/422/523 2375/421/522 2386/432/533 2382/428/529
f 2387/433/534 2386/432/533 2388/434/535 2389/435/536
f 2383/429/530 2387/433/534 2390/436/537 2391/437/538
f 2391/437/538 2392/438/539 2393/439/540 2384/430/531
f 2394/440/541 2390/436/537 2395/441/542 2396/442/543
f 2392/438/539 2394/440/541 2397/443/544 2398/444/545
f 2389/435/536 2388/434/535 2399/445/546 2395/441/542
f 2400/446/547 2399/445/546 2401/447/548 2402/448/549
f 2396/442/543 2400/446/547 2403/449/550 2404/450/551
f 2404/450/551 2405/451/552 2406/452/553 2397/443/544
f 2407/453/554 2403/449/550 2408/454/555 2409/455/556
f 2405/451/552 2407/453/554 2410/456/557 2411/457/558
f 2402/448/549 2401/447/548 2412/458/559 2408/454/555
f 2413/459/560 2412/458/559 2414/460/561 2415/461/562
f 2409/455/556 2413/459/560 2416/462/563 2417/463/564
f 2417/463/564 2418/464/565 2419/465/566 2410/456/557
f 2420/466/567 2416/462/563 2421/467/568 2190/240/337
f 2418/464/565 2420/466/567 2189/239/336 2422/468/569
f 2415/461/562 2414/460/561 2166/216/313 2421/467/568
f 2423/469/570 2424/470/571 2425/471/572 2426/472/573
f 2427/473/574 2423/469/570 2428/474/575 2429/475/576
f 2430/476/577 2427/473/574 2431/477/578 2432/478/579
f 2424/470/571 2430/476/577 2433/479/580 2434/480/581
f 2432/478/579 2435/481/582 2436/482/583 2437/483/584
f 2438/484/585 2431/477/578 2439/485/586 2440/486/587
f 2435/481/582 2438/484/585 2441/487/588 2442/488/589
f 2442/488/589 2441/487/588 2443/489/590 2444/490/591
f 2445/491/592 2446/492/593 2447/493/594 2448/494/595
f 2440/486/587 2445/491/592 2449/495/596 2443/489/590
f 2446/492/593 2439/485/586 2429/475/576 2450/496/597
f 2437/483/584 2436/482/583 2451/497/598 2433/479/580
f 2452/498/599 2453/499/600 2454/500/601 2455/501/602
f 2456/502/603 2452/498/599 2457/503/604 2425/471/572
f 2458/504/605 2456/502/603 2434/480/581 2459/505/606
f 2453/499/600 2458/504/605 2460/506/607 2461/507/608
f 2459/505/606 2451/497/598 2462/508/609 2463/509/610
f 2463/509/610 2462/508/609 2464/510/611 2460/506/607
f 2465/511/612 2466/512/613 2467/513/614 2468/514/615
f 2469/515/616 2465/511/612 2470/516/617 2454/500/601
f 2471/517/618 2469/515/616 2461/507/608 2472/518/619
f 2466/512/613 2471/517/618 2473/519/620 2474/520/621
f 2472/518/619 2464/510/611 2475/521/622 2476/522/623
f 2476/522/623 2475/521/622 2477/523/624 2473/519/620
f 2478/524/625 2479/525/626 2480/526/627 2481/527/628
f 2482/528/629 2478/524/625 2483/529/630 2467/513/614
f 2484/530/631 2482/528/629 2474/520/621 2485/531/632
f 2479/525/626 2484/530/631 2486/532/633 2487/533/634
f 2485/531/632 2477/523/624 2488/534/635 2489/535/636
f 2489/535/636 2488/534/635 2490/536/637 2486/532/633
f 2491/537/638 2492/538/639 2493/539/640 2494/540/641
f 2495/541/642 2491/537/638 2496/542/643 2480/526/627
f 2497/543/644 2495/541/642 2487/533/634 2498/544/645
f 2492/538/639 2497/543/644 2499/545/646 2500/546/647
f 2498/544/645 2490/536/637 2501/547/648 2502/548/649
f 2502/548/649 2501/547/648 2503/549/650 2499/545/646
f 2504/550/651 2505/551/652 2506/552/653 2507/553/654
f 2508/554/655 2504/550/651 2509/555/656 2493/539/640
f 2510/556/657 2508/554/655 2500/546/647 2511/557/658
f 2505/551/652 2510/556/657 2512/558/659 2513/559/660
f 2511/557/658 2503/549/650 2514/560/661 2515/561/662
f 2515/561/662 2514/560/661 2516/562/663 2512/558/659
f 2517/563/664 2518/564/665 2519/565/666 2520/566/667
f 2521/567/668 2517/563/664 2522/568/669 2506/552/653
f 2523/569/670 2521/567/668 2513/559/660 2524/570/671
f 2518/564/665 2523/569/670 2525/571/672 2526/572/673
f 2524/570/671 2516/562/663 2527/573/674 2528/574/675
f 2528/574/675 2527/573/674 2529/575/676 2525/571/672
f 2530/576/677 2531/577/678 2532/578/679 2533/579/680
f 2534/580/681 2530/576/677 2535/581/682 2519/565/666
f 2536/582/683 2534/580/681 2526/572/673 2537/583/684
f 2531/577/678 2536/582/683 2538/584/685 2539/585/686
f 2537/583/684 2529/575/676 2540/586/687 2541/587/688
f 2541/587/688 2540/586/687 2542/588/689 2538/584/685
f 2543/589/690 2544/590/691 2545/591/692 2546/592/693
f 2547/593/694 2543/589/690 2548/594/695 2532/578/679
f 2549/595/696 2547/593/694 2539/585/686 2550/596/697
f 2544/590/691 2549/595/696 2551/597/698 2552/598/699
f 2550/596/697 2542/588/689 2553/599/700 2554/600/701
f 2554/600/701 2553/599/700 2555/601/702 2551/597/698
f 2556/4892/703 2557/603/704 2558/604/705 2559/4871/706
f 2560/605/707 2556/602/703 2561/606/708 2545/591/692
f 2562/607/709 2560/605/707 2552/598/699 2563/608/710
f 2557/603/704 2562/4867/709 2564/4869/711 2565/609/712
f 2563/608/710 2555/601/702 2566/610/713 2567/611/714
f 2567/4957/714 2566/4868/713 2568/612/715 2564/4869/711
f 2569/613/716 2570/614/717 2571/615/718 2572/616/719
f 2573/617/720 2569/613/716 2574/618/721 2558/604/705
f 2575/619/722 2573/617/720 2565/609/712 2576/620/723
f 2570/614/717 2575/619/722 2577/621/724 2578/622/725
f 2576/620/723 2568/612/715 2579/623/726 2580/624/727
f 2580/624/727 2579/623/726 2581/625/728 2577/621/724
f 2582/626/729 2583/627/730 2584/628/731 2585/629/732
f 2586/630/733 2582/626/729 2587/631/734 2571/615/718
f 2588/632/735 2586/630/733 2578/622/725 2589/633/736
f 2583/627/730 2588/632/735 2590/634/737 2591/635/738
f 2589/633/736 2581/625/728 2592/636/739 2593/637/740
f 2593/637/740 2592/636/739 2594/638/741 2590/634/737
f 2595/639/742 2596/640/743 2597/641/744 2598/642/745
f 2599/643/746 2595/639/742 2600/644/747 2584/628/731
f 2601/645/748 2599/643/746 2591/635/738 2602/646/749
f 2596/640/743 2601/645/748 2603/647/750 2604/648/751
f 2602/646/749 2594/638/741 2605/649/752 2606/650/753
f 2606/650/753 2605/649/752 2607/651/754 2603/647/750
f 2608/652/755 2609/653/756 2610/654/757 2611/655/758
f 2612/656/759 2608/652/755 2613/657/760 2597/641/744
f 2614/658/761 2612/656/759 2604/648/751 2615/659/762
f 2609/653/756 2614/658/761 2616/660/763 2617/661/764
f 2615/659/762 2607/651/754 2618/662/765 2619/663/766
f 2619/663/766 2618/662/765 2620/664/767 2616/660/763
f 2621/665/768 2622/666/769 2623/667/770 2624/668/771
f 2625/669/772 2621/665/768 2626/670/773 2610/654/757
f 2627/671/774 2625/669/772 2617/661/764 2628/672/775
f 2622/666/769 2627/671/774 2629/673/776 2630/674/777
f 2628/672/775 2620/664/767 2631/675/778 2632/676/779
f 2632/676/779 2631/675/778 2633/677/780 2629/673/776
f 2634/678/781 2635/679/782 2636/680/783 2637/681/784
f 2638/682/785 2634/678/781 2639/683/786 2623/667/770
f 2640/684/787 2638/682/785 2630/674/777 2641/685/788
f 2635/679/782 2640/684/787 2642/686/789 2643/687/790
f 2641/685/788 2633/677/780 2644/688/791 2645/689/792
f 2645/689/792 2644/688/791 2646/690/793 2642/686/789
f 2647/691/794 2648/692/795 2649/693/796 2650/694/797
f 2651/695/798 2647/691/794 2652/696/799 2636/680/783
f 2653/697/800 2651/695/798 2643/687/790 2654/698/801
f 2648/692/795 2653/697/800 2655/699/802 2656/700/803
f 2654/698/801 2646/690/793 2657/701/804 2658/702/805
f 2658/702/805 2657/701/804 2659/703/806 2655/699/802
f 2660/704/807 2661/705/808 2662/706/809 2663/707/810
f 2664/708/811 2660/704/807 2665/709/812 2649/693/796
f 2666/710/813 2664/708/811 2656/700/803 2667/711/814
f 2661/705/808 2666/710/813 2668/712/815 2669/713/816
f 2667/711/814 2659/703/806 2670/714/817 2671/715/818
f 2671/715/818 2670/714/817 2672/716/819 2668/712/815
f 2673/717/820 2674/718/821 2448/494/595 2675/719/822
f 2676/720/823 2673/717/820 2677/721/824 2662/706/809
f 2678/722/825 2676/720/823 2669/713/816 2679/723/826
f 2674/718/821 2678/722/825 2680/724/827 2449/495/596
f 2679/723/826 2672/716/819 2681/725/828 2682/726/829
f 2682/726/829 2681/725/828 2444/490/591 2680/724/827
f 2683/727/830 2684/728/831 2685/729/832 2686/730/833
f 2687/731/834 2683/727/830 2688/732/835 2689/733/836
f 2690/734/837 2687/731/834 2691/735/838 2428/474/575
f 2684/728/831 2690/734/837 2426/472/573 2692/736/839
f 2450/496/597 2691/735/838 2693/737/840 2694/738/841
f 2695/739/842 2696/740/843 2697/741/844 2698/742/845
f 2694/738/841 2695/739/842 2699/743/846 2447/493/594
f 2696/740/843 2693/737/840 2689/733/836 2700/744/847
f 2701/745/848 2702/746/849 2703/747/850 2704/748/851
f 2705/749/852 2701/745/848 2706/750/853 2685/729/832
f 2707/751/854 2705/749/852 2692/736/839 2457/503/604
f 2702/746/849 2707/751/854 2455/501/602 2708/752/855
f 2709/753/856 2710/754/857 2711/755/858 2712/756/859
f 2713/757/860 2709/753/856 2714/758/861 2703/747/850
f 2715/759/862 2713/757/860 2708/752/855 2470/516/617
f 2710/754/857 2715/759/862 2468/514/615 2716/760/863
f 2717/761/864 2718/762/865 2719/763/866 2720/764/867
f 2721/765/868 2717/761/864 2722/766/869 2711/755/858
f 2723/767/870 2721/765/868 2716/760/863 2483/529/630
f 2718/762/865 2723/767/870 2481/527/628 2724/768/871
f 2725/769/872 2726/770/873 2727/771/874 2728/772/875
f 2729/773/876 2725/769/872 2730/774/877 2719/763/866
f 2731/775/878 2729/773/876 2724/768/871 2496/542/643
f 2726/770/873 2731/775/878 2494/540/641 2732/776/879
f 2733/777/880 2734/778/881 2735/779/882 2736/780/883
f 2737/781/884 2733/777/880 2738/782/885 2727/771/874
f 2739/783/886 2737/781/884 2732/776/879 2509/555/656
f 2734/778/881 2739/783/886 2507/553/654 2740/784/887
f 2741/785/888 2742/786/889 2743/787/890 2744/788/891
f 2745/789/892 2741/785/888 2746/790/893 2735/779/882
f 2747/791/894 2745/789/892 2740/784/887 2522/568/669
f 2742/786/889 2747/791/894 2520/566/667 2748/792/895
f 2749/793/896 2750/794/897 2751/795/898 2752/796/899
f 2753/797/900 2749/793/896 2754/798/901 2743/787/890
f 2755/799/902 2753/797/900 2748/792/895 2535/581/682
f 2750/794/897 2755/799/902 2533/579/680 2756/800/903
f 2757/801/904 2758/802/905 2759/803/906 2760/804/907
f 2761/805/908 2757/801/904 2762/806/909 2751/795/898
f 2763/807/910 2761/805/908 2756/800/903 2548/594/695
f 2758/802/905 2763/807/910 2546/592/693 2764/808/911
f 2765/4894/912 2766/810/913 2767/811/914 2768/4873/915
f 2769/812/916 2765/809/912 2770/813/917 2759/803/906
f 2771/814/918 2769/812/916 2764/808/911 2561/606/708
f 2766/810/913 2771/4870/918 2559/4871/706 2772/815/919
f 2773/816/920 2774/817/921 2775/818/922 2776/819/923
f 2777/820/924 2773/816/920 2778/821/925 2767/811/914
f 2779/822/926 2777/820/924 2772/815/919 2574/618/721
f 2774/817/921 2779/822/926 2572/616/719 2780/823/927
f 2781/824/928 2782/825/929 2783/826/930 2784/827/931
f 2785/828/932 2781/824/928 2786/829/933 2775/818/922
f 2787/830/934 2785/828/932 2780/823/927 2587/631/734
f 2782/825/929 2787/830/934 2585/629/732 2788/831/935
f 2789/832/936 2790/833/937 2791/834/938 2792/835/939
f 2793/836/940 2789/832/936 2794/837/941 2783/826/930
f 2795/838/942 2793/836/940 2788/831/935 2600/644/747
f 2790/833/937 2795/838/942 2598/642/745 2796/839/943
f 2797/840/944 2798/841/945 2799/842/946 2800/843/947
f 2801/844/948 2797/840/944 2802/845/949 2791/834/938
f 2803/846/950 2801/844/948 2796/839/943 2613/657/760
f 2798/841/945 2803/846/950 2611/655/758 2804/847/951
f 2805/848/952 2806/849/953 2807/850/954 2808/851/955
f 2809/852/956 2805/848/952 2810/853/957 2799/842/946
f 2811/854/958 2809/852/956 2804/847/951 2626/670/773
f 2806/849/953 2811/854/958 2624/668/771 2812/855/959
f 2813/856/960 2814/857/961 2815/858/962 2816/859/963
f 2817/860/964 2813/856/960 2818/861/965 2807/850/954
f 2819/862/966 2817/860/964 2812/855/959 2639/683/786
f 2814/857/961 2819/862/966 2637/681/784 2820/863/967
f 2821/864/968 2822/865/969 2823/866/970 2824/867/971
f 2825/868/972 2821/864/968 2826/869/973 2815/858/962
f 2827/870/974 2825/868/972 2820/863/967 2652/696/799
f 2822/865/969 2827/870/974 2650/694/797 2828/871/975
f 2829/872/976 2830/873/977 2831/874/978 2832/875/979
f 2833/876/980 2829/872/976 2834/877/981 2823/866/970
f 2835/878/982 2833/876/980 2828/871/975 2665/709/812
f 2830/873/977 2835/878/982 2663/707/810 2836/879/983
f 2837/880/984 2838/881/985 2698/742/845 2839/882/986
f 2840/883/987 2837/880/984 2841/884/988 2831/874/978
f 2842/885/989 2840/883/987 2836/879/983 2677/721/824
f 2838/881/985 2842/885/989 2675/719/822 2699/743/846
f 2843/886/990 2844/887/991 2845/888/992 2846/889/993
f 2847/890/994 2843/886/990 2848/891/995 2849/892/996
f 2850/893/997 2847/890/994 2851/894/998 2688/732/835
f 2844/887/991 2850/893/997 2686/730/833 2852/895/999
f 2700/744/847 2851/894/998 2853/896/1000 2854/897/1001
f 2855/898/1002 2856/899/1003 2857/900/1004 2858/901/1005
f 2854/897/1001 2855/898/1002 2859/902/1006 2697/741/844
f 2856/899/1003 2853/896/1000 2849/892/996 2860/903/1007
f 2861/904/1008 2862/905/1009 2863/906/1010 2864/907/1011
f 2865/908/1012 2861/904/1008 2866/909/1013 2845/888/992
f 2867/910/1014 2865/908/1012 2852/895/999 2706/750/853
f 2862/905/1009 2867/910/1014 2704/748/851 2868/911/1015
f 2869/912/1016 2870/913/1017 2871/914/1018 2872/915/1019
f 2873/916/1020 2869/912/1016 2874/917/1021 2863/906/1010
f 2875/918/1022 2873/916/1020 2868/911/1015 2714/758/861
f 2870/913/1017 2875/918/1022 2712/756/859 2876/919/1023
f 2877/920/1024 2878/921/1025 2879/922/1026 2880/923/1027
f 2881/924/1028 2877/920/1024 2882/925/1029 2871/914/1018
f 2883/926/1030 2881/924/1028 2876/919/1023 2722/766/869
f 2878/921/1025 2883/926/1030 2720/764/867 2884/927/1031
f 2885/928/1032 2886/929/1033 2887/930/1034 2888/931/1035
f 2889/932/1036 2885/928/1032 2890/933/1037 2879/922/1026
f 2891/934/1038 2889/932/1036 2884/927/1031 2730/774/877
f 2886/929/1033 2891/934/1038 2728/772/875 2892/935/1039
f 2893/936/1040 2894/937/1041 2895/938/1042 2896/939/1043
f 2897/940/1044 2893/936/1040 2898/941/1045 2887/930/1034
f 2899/942/1046 2897/940/1044 2892/935/1039 2738/782/885
f 2894/937/1041 2899/942/1046 2736/780/883 2900/943/1047
f 2901/944/1048 2902/945/1049 2903/946/1050 2904/947/1051
f 2905/948/1052 2901/944/1048 2906/949/1053 2895/938/1042
f 2907/950/1054 2905/948/1052 2900/943/1047 2746/790/893
f 2902/945/1049 2907/950/1054 2744/788/891 2908/951/1055
f 2909/952/1056 2910/953/1057 2911/954/1058 2912/955/1059
f 2913/956/1060 2909/952/1056 2914/957/1061 2903/946/1050
f 2915/958/1062 2913/956/1060 2908/951/1055 2754/798/901
f 2910/953/1057 2915/958/1062 2752/796/899 2916/959/1063
f 2917/960/1064 2918/961/1065 2919/962/1066 2920/963/1067
f 2921/964/1068 2917/960/1064 2922/965/1069 2911/954/1058
f 2923/966/1070 2921/964/1068 2916/959/1063 2762/806/909
f 2918/961/1065 2923/966/1070 2760/804/907 2924/967/1071
f 2925/4896/1072 2926/969/1073 2927/970/1074 2928/4875/1075
f 2929/971/1076 2925/968/1072 2930/972/1077 2919/962/1066
f 2931/973/1078 2929/971/1076 2924/967/1071 2770/813/917
f 2926/969/1073 2931/4872/1078 2768/4873/915 2932/974/1079
f 2933/975/1080 2934/976/1081 2935/977/1082 2936/978/1083
f 2937/979/1084 2933/975/1080 2938/980/1085 2927/970/1074
f 2939/981/1086 2937/979/1084 2932/974/1079 2778/821/925
f 2934/976/1081 2939/981/1086 2776/819/923 2940/982/1087
f 2941/983/1088 2942/984/1089 2943/985/1090 2944/986/1091
f 2945/987/1092 2941/983/1088 2946/988/1093 2935/977/1082
f 2947/989/1094 2945/987/1092 2940/982/1087 2786/829/933
f 2942/984/1089 2947/989/1094 2784/827/931 2948/990/1095
f 2949/991/1096 2950/992/1097 2951/993/1098 2952/994/1099
f 2953/995/1100 2949/991/1096 2954/996/1101 2943/985/1090
f 2955/997/1102 2953/995/1100 2948/990/1095 2794/837/941
f 2950/992/1097 2955/997/1102 2792/835/939 2956/998/1103
f 2957/999/1104 2958/1000/1105 2959/1001/1106 2960/1002/1107
f 2961/1003/1108 2957/999/1104 2962/1004/1109 2951/993/1098
f 2963/1005/1110 2961/1003/1108 2956/998/1103 2802/845/949
f 2958/1000/1105 2963/1005/1110 2800/843/947 2964/1006/1111
f 2965/1007/1112 2966/1008/1113 2967/1009/1114 2968/1010/1115
f 2969/1011/1116 2965/1007/1112 2970/1012/1117 2959/1001/1106
f 2971/1013/1118 2969/1011/1116 2964/1006/1111 2810/853/957
f 2966/1008/1113 2971/1013/1118 2808/851/955 2972/1014/1119
f 2973/1015/1120 2974/1016/1121 2975/1017/1122 2976/1018/1123
f 2977/1019/1124 2973/1015/1120 2978/1020/1125 2967/1009/1114
f 2979/1021/1126 2977/1019/1124 2972/1014/1119 2818/861/965
f 2974/1016/1121 2979/1021/1126 2816/859/963 2980/1022/1127
f 2981/1023/1128 2982/1024/1129 2983/1025/1130 2984/1026/1131
f 2985/1027/1132 2981/1023/1128 2986/1028/1133 2975/1017/1122
f 2987/1029/1134 2985/1027/1132 2980/1022/1127 2826/869/973
f 2982/1024/1129 2987/1029/1134 2824/867/971 2988/1030/1135
f 2989/1031/1136 2990/1032/1137 2991/1033/1138 2992/1034/1139
f 2993/1035/1140 2989/1031/1136 2994/1036/1141 2983/1025/1130
f 2995/1037/1142 2993/1035/1140 2988/1030/1135 2834/877/981
f 2990/1032/1137 2995/1037/1142 2832/875/979 2996/1038/1143
f 2997/1039/1144 2998/1040/1145 2858/901/1005 2999/1041/1146
f 3000/1042/1147 2997/1039/1144 3001/1043/1148 2991/1033/1138
f 3002/1044/1149 3000/1042/1147 2996/1038/1143 2841/884/988
f 2998/1040/1145 3002/1044/1149 2839/882/986 2859/902/1006
f 3003/1045/1150 3004/1046/1151 3005/1047/1152 3006/1048/1153
f 3007/1049/1154 3003/1045/1150 3008/1050/1155 3009/1051/1156
f 3010/1052/1157 3007/1049/1154 3011/1053/1158 2848/891/995
f 3004/1046/1151 3010/1052/1157 2846/889/993 3012/1054/1159
f 2860/903/1007 3011/1053/1158 3013/1055/1160 3014/1056/1161
f 3015/1057/1162 3016/1058/1163 3017/1059/1164 3018/1060/1165
f 3014/1056/1161 3015/1057/1162 3019/1061/1166 2857/900/1004
f 3016/1058/1163 3013/1055/1160 3009/1051/1156 3020/1062/1167
f 3021/1063/1168 3022/1064/1169 3023/1065/1170 3024/1066/1171
f 3025/1067/1172 3021/1063/1168 3026/1068/1173 3005/1047/1152
f 3027/1069/1174 3025/1067/1172 3012/1054/1159 2866/909/1013
f 3022/1064/1169 3027/1069/1174 2864/907/1011 3028/1070/1175
f 3029/1071/1176 3030/1072/1177 3031/1073/1178 3032/1074/1179
f 3033/1075/1180 3029/1071/1176 3034/1076/1181 3023/1065/1170
f 3035/1077/1182 3033/1075/1180 3028/1070/1175 2874/917/1021
f 3030/1072/1177 3035/1077/1182 2872/915/1019 3036/1078/1183
f 3037/1079/1184 3038/1080/1185 3039/1081/1186 3040/1082/1187
f 3041/1083/1188 3037/1079/1184 3042/1084/1189 3031/1073/1178
f 3043/1085/1190 3041/1083/1188 3036/1078/1183 2882/925/1029
f 3038/1080/1185 3043/1085/1190 2880/923/1027 3044/1086/1191
f 3045/1087/1192 3046/1088/1193 3047/1089/1194 3048/1090/1195
f 3049/1091/1196 3045/1087/1192 3050/1092/1197 3039/1081/1186
f 3051/1093/1198 3049/1091/1196 3044/1086/1191 2890/933/1037
f 3046/1088/1193 3051/1093/1198 2888/931/1035 3052/1094/1199
f 3053/1095/1200 3054/1096/1201 3055/1097/1202 3056/1098/1203
f 3057/1099/1204 3053/1095/1200 3058/1100/1205 3047/1089/1194
f 3059/1101/1206 3057/1099/1204 3052/1094/1199 2898/941/1045
f 3054/1096/1201 3059/1101/1206 2896/939/1043 3060/1102/1207
f 3061/1103/1208 3062/1104/1209 3063/1105/1210 3064/1106/1211
f 3065/1107/1212 3061/1103/1208 3066/1108/1213 3055/1097/1202
f 3067/1109/1214 3065/1107/1212 3060/1102/1207 2906/949/1053
f 3062/1104/1209 3067/1109/1214 2904/947/1051 3068/1110/1215
f 3069/1111/1216 3070/1112/1217 3071/1113/1218 3072/1114/1219
f 3073/1115/1220 3069/1111/1216 3074/1116/1221 3063/1105/1210
f 3075/1117/1222 3073/1115/1220 3068/1110/1215 2914/957/1061
f 3070/1112/1217 3075/1117/1222 2912/955/1059 3076/1118/1223
f 3077/1119/1224 3078/1120/1225 3079/1121/1226 3080/1122/1227
f 3081/1123/1228 3077/1119/1224 3082/1124/1229 3071/1113/1218
f 3083/1125/1230 3081/1123/1228 3076/1118/1223 2922/965/1069
f 3078/1120/1225 3083/1125/1230 2920/963/1067 3084/1126/1231
f 3085/4898/1232 3086/1128/1233 3087/1129/1234 3088/4877/1235
f 3089/1130/1236 3085/1127/1232 3090/1131/1237 3079/1121/1226
f 3091/1132/1238 3089/1130/1236 3084/1126/1231 2930/972/1077
f 3086/1128/1233 3091/4874/1238 2928/4875/1075 3092/1133/1239
f 3093/1134/1240 3094/1135/1241 3095/1136/1242 3096/1137/1243
f 3097/1138/1244 3093/1134/1240 3098/1139/1245 3087/1129/1234
f 3099/1140/1246 3097/1138/1244 3092/1133/1239 2938/980/1085
f 3094/1135/1241 3099/1140/1246 2936/978/1083 3100/1141/1247
f 3101/1142/1248 3102/1143/1249 3103/1144/1250 3104/1145/1251
f 3105/1146/1252 3101/1142/1248 3106/1147/1253 3095/1136/1242
f 3107/1148/1254 3105/1146/1252 3100/1141/1247 2946/988/1093
f 3102/1143/1249 3107/1148/1254 2944/986/1091 3108/1149/1255
f 3109/1150/1256 3110/1151/1257 3111/1152/1258 3112/1153/1259
f 3113/1154/1260 3109/1150/1256 3114/1155/1261 3103/1144/1250
f 3115/1156/1262 3113/1154/1260 3108/1149/1255 2954/996/1101
f 3110/1151/1257 3115/1156/1262 2952/994/1099 3116/1157/1263
f 3117/1158/1264 3118/1159/1265 3119/1160/1266 3120/1161/1267
f 3121/1162/1268 3117/1158/1264 3122/1163/1269 3111/1152/1258
f 3123/1164/1270 3121/1162/1268 3116/1157/1263 2962/1004/1109
f 3118/1159/1265 3123/1164/1270 2960/1002/1107 3124/1165/1271
f 3125/1166/1272 3126/1167/1273 3127/1168/1274 3128/1169/1275
f 3129/1170/1276 3125/1166/1272 3130/1171/1277 3119/1160/1266
f 3131/1172/1278 3129/1170/1276 3124/1165/1271 2970/1012/1117
f 3126/1167/1273 3131/1172/1278 2968/1010/1115 3132/1173/1279
f 3133/1174/1280 3134/1175/1281 3135/1176/1282 3136/1177/1283
f 3137/1178/1284 3133/1174/1280 3138/1179/1285 3127/1168/1274
f 3139/1180/1286 3137/1178/1284 3132/1173/1279 2978/1020/1125
f 3134/1175/1281 3139/1180/1286 2976/1018/1123 3140/1181/1287
f 3141/1182/1288 3142/1183/1289 3143/1184/1290 3144/1185/1291
f 3145/1186/1292 3141/1182/1288 3146/1187/1293 3135/1176/1282
f 3147/1188/1294 3145/1186/1292 3140/1181/1287 2986/1028/1133
f 3142/1183/1289 3147/1188/1294 2984/1026/1131 3148/1189/1295
f 3149/1190/1296 3150/1191/1297 3151/1192/1298 3152/1193/1299
f 3153/1194/1300 3149/1190/1296 3154/1195/1301 3143/1184/1290
f 3155/1196/1302 3153/1194/1300 3148/1189/1295 2994/1036/1141
f 3150/1191/1297 3155/1196/1302 2992/1034/1139 3156/1197/1303
f 3157/1198/1304 3158/1199/1305 3018/1060/1165 3159/1200/1306
f 3160/1201/1307 3157/1198/1304 3161/1202/1308 3151/1192/1298
f 3162/1203/1309 3160/1201/1307 3156/1197/1303 3001/1043/1148
f 3158/1199/1305 3162/1203/1309 2999/1041/1146 3019/1061/1166
f 3163/1204/1310 3164/1205/1311 3165/1206/1312 3166/1207/1313
f 3167/1208/1314 3163/1204/1310 3168/1209/1315 3169/1210/1316
f 3170/1211/1317 3167/1208/1314 3171/1212/1318 3008/1050/1155
f 3164/1205/1311 3170/1211/1317 3006/1048/1153 3172/1213/1319
f 3020/1062/1167 3171/1212/1318 3173/1214/1320 3174/1215/1321
f 3175/1216/1322 3176/1217/1323 3177/1218/1324 3178/1219/1325
f 3174/1215/1321 3175/1216/1322 3179/1220/1326 3017/1059/1164
f 3176/1217/1323 3173/1214/1320 3169/1210/1316 3180/1221/1327
f 3181/1222/1328 3182/1223/1329 3183/1224/1330 3184/1225/1331
f 3185/1226/1332 3181/1222/1328 3186/1227/1333 3165/1206/1312
f 3187/1228/1334 3185/1226/1332 3172/1213/1319 3026/1068/1173
f 3182/1223/1329 3187/1228/1334 3024/1066/1171 3188/1229/1335
f 3189/1230/1336 3190/1231/1337 3191/1232/1338 3192/1233/1339
f 3193/1234/1340 3189/1230/1336 3194/1235/1341 3183/1224/1330
f 3195/1236/1342 3193/1234/1340 3188/1229/1335 3034/1076/1181
f 3190/1231/1337 3195/1236/1342 3032/1074/1179 3196/1237/1343
f 3197/1238/1344 3198/1239/1345 3199/1240/1346 3200/1241/1347
f 3201/1242/1348 3197/1238/1344 3202/1243/1349 3191/1232/1338
f 3203/1244/1350 3201/1242/1348 3196/1237/1343 3042/1084/1189
f 3198/1239/1345 3203/1244/1350 3040/1082/1187 3204/1245/1351
f 3205/1246/1352 3206/1247/1353 3207/1248/1354 3208/1249/1355
f 3209/1250/1356 3205/1246/1352 3210/1251/1357 3199/1240/1346
f 3211/1252/1358 3209/1250/1356 3204/1245/1351 3050/1092/1197
f 3206/1247/1353 3211/1252/1358 3048/1090/1195 3212/1253/1359
f 3213/1254/1360 3214/1255/1361 3215/1256/1362 3216/1257/1363
f 3217/1258/1364 3213/1254/1360 3218/1259/1365 3207/1248/1354
f 3219/1260/1366 3217/1258/1364 3212/1253/1359 3058/1100/1205
f 3214/1255/1361 3219/1260/1366 3056/1098/1203 3220/1261/1367
f 3221/1262/1368 3222/1263/1369 3223/1264/1370 3224/1265/1371
f 3225/1266/1372 3221/1262/1368 3226/1267/1373 3215/1256/1362
f 3227/1268/1374 3225/1266/1372 3220/1261/1367 3066/1108/1213
f 3222/1263/1369 3227/1268/1374 3064/1106/1211 3228/1269/1375
f 3229/1270/1376 3230/1271/1377 3231/1272/1378 3232/1273/1379
f 3233/1274/1380 3229/1270/1376 3234/1275/1381 3223/1264/1370
f 3235/1276/1382 3233/1274/1380 3228/1269/1375 3074/1116/1221
f 3230/1271/1377 3235/1276/1382 3072/1114/1219 3236/1277/1383
f 3237/1278/1384 3238/1279/1385 3239/1280/1386 3240/1281/1387
f 3241/1282/1388 3237/1278/1384 3242/1283/1389 3231/1272/1378
f 3243/1284/1390 3241/1282/1388 3236/1277/1383 3082/1124/1229
f 3238/1279/1385 3243/1284/1390 3080/1122/1227 3244/1285/1391
f 3245/4900/1392 3246/1287/1393 3247/1288/1394 3248/4879/1395
f 3249/1289/1396 3245/1286/1392 3250/1290/1397 3239/1280/1386
f 3251/1291/1398 3249/1289/1396 3244/1285/1391 3090/1131/1237
f 3246/1287/1393 3251/4876/1398 3088/4877/1235 3252/1292/1399
f 3253/1293/1400 3254/1294/1401 3255/1295/1402 3256/1296/1403
f 3257/1297/1404 3253/1293/1400 3258/1298/1405 3247/1288/1394
f 3259/1299/1406 3257/1297/1404 3252/1292/1399 3098/1139/1245
f 3254/1294/1401 3259/1299/1406 3096/1137/1243 3260/1300/1407
f 3261/1301/1408 3262/1302/1409 3263/1303/1410 3264/1304/1411
f 3265/1305/1412 3261/1301/1408 3266/1306/1413 3255/1295/1402
f 3267/1307/1414 3265/1305/1412 3260/1300/1407 3106/1147/1253
f 3262/1302/1409 3267/1307/1414 3104/1145/1251 3268/1308/1415
f 3269/1309/1416 3270/1310/1417 3271/1311/1418 3272/1312/1419
f 3273/1313/1420 3269/1309/1416 3274/1314/1421 3263/1303/1410
f 3275/1315/1422 3273/1313/1420 3268/1308/1415 3114/1155/1261
f 3270/1310/1417 3275/1315/1422 3112/1153/1259 3276/1316/1423
f 3277/1317/1424 3278/1318/1425 3279/1319/1426 3280/1320/1427
f 3281/1321/1428 3277/1317/1424 3282/1322/1429 3271/1311/1418
f 3283/1323/1430 3281/1321/1428 3276/1316/1423 3122/1163/1269
f 3278/1318/1425 3283/1323/1430 3120/1161/1267 3284/1324/1431
f 3285/1325/1432 3286/1326/1433 3287/1327/1434 3288/1328/1435
f 3289/1329/1436 3285/1325/1432 3290/1330/1437 3279/1319/1426
f 3291/1331/1438 3289/1329/1436 3284/1324/1431 3130/1171/1277
f 3286/1326/1433 3291/1331/1438 3128/1169/1275 3292/1332/1439
f 3293/1333/1440 3294/1334/1441 3295/1335/1442 3296/1336/1443
f 3297/1337/1444 3293/1333/1440 3298/1338/1445 3287/1327/1434
f 3299/1339/1446 3297/1337/1444 3292/1332/1439 3138/1179/1285
f 3294/1334/1441 3299/1339/1446 3136/1177/1283 3300/1340/1447
f 3301/1341/1448 3302/1342/1449 3303/1343/1450 3304/1344/1451
f 3305/1345/1452 3301/1341/1448 3306/1346/1453 3295/1335/1442
f 3307/1347/1454 3305/1345/1452 3300/1340/1447 3146/1187/1293
f 3302/1342/1449 3307/1347/1454 3144/1185/1291 3308/1348/1455
f 3309/1349/1456 3310/1350/1457 3311/1351/1458 3312/1352/1459
f 3313/1353/1460 3309/1349/1456 3314/1354/1461 3303/1343/1450
f 3315/1355/1462 3313/1353/1460 3308/1348/1455 3154/1195/1301
f 3310/1350/1457 3315/1355/1462 3152/1193/1299 3316/1356/1463
f 3317/1357/1464 3318/1358/1465 3178/1219/1325 3319/1359/1466
f 3320/1360/1467 3317/1357/1464 3321/1361/1468 3311/1351/1458
f 3322/1362/1469 3320/1360/1467 3316/1356/1463 3161/1202/1308
f 3318/1358/1465 3322/1362/1469 3159/1200/1306 3179/1220/1326
f 3323/1363/1470 3324/1364/1471 3325/1365/1472 3326/1366/1473
f 3327/1367/1474 3323/1363/1470 3328/1368/1475 3329/1369/1476
f 3330/1370/1477 3327/1367/1474 3331/1371/1478 3168/1209/1315
f 3324/1364/1471 3330/1370/1477 3166/1207/1313 3332/1372/1479
f 3180/1221/1327 3331/1371/1478 3333/1373/1480 3334/1374/1481
f 3335/1375/1482 3336/1376/1483 3337/1377/1484 3338/1378/1485
f 3334/1374/1481 3335/1375/1482 3339/1379/1486 3177/1218/1324
f 3336/1376/1483 3333/1373/1480 3329/1369/1476 3340/1380/1487
f 3341/1381/1488 3342/1382/1489 3343/1383/1490 3344/1384/1491
f 3345/1385/1492 3341/1381/1488 3346/1386/1493 3325/1365/1472
f 3347/1387/1494 3345/1385/1492 3332/1372/1479 3186/1227/1333
f 3342/1382/1489 3347/1387/1494 3184/1225/1331 3348/1388/1495
f 3349/1389/1496 3350/1390/1497 3351/1391/1498 3352/1392/1499
f 3353/1393/1500 3349/1389/1496 3354/1394/1501 3343/1383/1490
f 3355/1395/1502 3353/1393/1500 3348/1388/1495 3194/1235/1341
f 3350/1390/1497 3355/1395/1502 3192/1233/1339 3356/1396/1503
f 3357/1397/1504 3358/1398/1505 3359/1399/1506 3360/1400/1507
f 3361/1401/1508 3357/1397/1504 3362/1402/1509 3351/1391/1498
f 3363/1403/1510 3361/1401/1508 3356/1396/1503 3202/1243/1349
f 3358/1398/1505 3363/1403/1510 3200/1241/1347 3364/1404/1511
f 3365/1405/1512 3366/1406/1513 3367/1407/1514 3368/1408/1515
f 3369/1409/1516 3365/1405/1512 3370/1410/1517 3359/1399/1506
f 3371/1411/1518 3369/1409/1516 3364/1404/1511 3210/1251/1357
f 3366/1406/1513 3371/1411/1518 3208/1249/1355 3372/1412/1519
f 3373/1413/1520 3374/1414/1521 3375/1415/1522 3376/1416/1523
f 3377/1417/1524 3373/1413/1520 3378/1418/1525 3367/1407/1514
f 3379/1419/1526 3377/1417/1524 3372/1412/1519 3218/1259/1365
f 3374/1414/1521 3379/1419/1526 3216/1257/1363 3380/1420/1527
f 3381/1421/1528 3382/1422/1529 3383/1423/1530 3384/1424/1531
f 3385/1425/1532 3381/1421/1528 3386/1426/1533 3375/1415/1522
f 3387/1427/1534 3385/1425/1532 3380/1420/1527 3226/1267/1373
f 3382/1422/1529 3387/1427/1534 3224/1265/1371 3388/1428/1535
f 3389/1429/1536 3390/1430/1537 3391/1431/1538 3392/1432/1539
f 3393/1433/1540 3389/1429/1536 3394/1434/1541 3383/1423/1530
f 3395/1435/1542 3393/1433/1540 3388/1428/1535 3234/1275/1381
f 3390/1430/1537 3395/1435/1542 3232/1273/1379 3396/1436/1543
f 3397/1437/1544 3398/1438/1545 3399/1439/1546 3400/1440/1547
f 3401/1441/1548 3397/1437/1544 3402/1442/1549 3391/1431/1538
f 3403/1443/1550 3401/1441/1548 3396/1436/1543 3242/1283/1389
f 3398/1438/1545 3403/1443/1550 3240/1281/1387 3404/1444/1551
f 3405/4902/1552 3406/1446/1553 3407/1447/1554 3408/4881/1555
f 3409/1448/1556 3405/1445/1552 3410/1449/1557 3399/1439/1546
f 3411/1450/1558 3409/1448/1556 3404/1444/1551 3250/1290/1397
f 3406/1446/1553 3411/4878/1558 3248/4879/1395 3412/1451/1559
f 3413/1452/1560 3414/1453/1561 3415/1454/1562 3416/1455/1563
f 3417/1456/1564 3413/1452/1560 3418/1457/1565 3407/1447/1554
f 3419/1458/1566 3417/1456/1564 3412/1451/1559 3258/1298/1405
f 3414/1453/1561 3419/1458/1566 3256/1296/1403 3420/1459/1567
f 3421/1460/1568 3422/1461/1569 3423/1462/1570 3424/1463/1571
f 3425/1464/1572 3421/1460/1568 3426/1465/1573 3415/1454/1562
f 3427/1466/1574 3425/1464/1572 3420/1459/1567 3266/1306/1413
f 3422/1461/1569 3427/1466/1574 3264/1304/1411 3428/1467/1575
f 3429/1468/1576 3430/1469/1577 3431/1470/1578 3432/1471/1579
f 3433/1472/1580 3429/1468/1576 3434/1473/1581 3423/1462/1570
f 3435/1474/1582 3433/1472/1580 3428/1467/1575 3274/1314/1421
f 3430/1469/1577 3435/1474/1582 3272/1312/1419 3436/1475/1583
f 3437/1476/1584 3438/1477/1585 3439/1478/1586 3440/1479/1587
f 3441/1480/1588 3437/1476/1584 3442/1481/1589 3431/1470/1578
f 3443/1482/1590 3441/1480/1588 3436/1475/1583 3282/1322/1429
f 3438/1477/1585 3443/1482/1590 3280/1320/1427 3444/1483/1591
f 3445/1484/1592 3446/1485/1593 3447/1486/1594 3448/1487/1595
f 3449/1488/1596 3445/1484/1592 3450/1489/1597 3439/1478/1586
f 3451/1490/1598 3449/1488/1596 3444/1483/1591 3290/1330/1437
f 3446/1485/1593 3451/1490/1598 3288/1328/1435 3452/1491/1599
f 3453/1492/1600 3454/1493/1601 3455/1494/1602 3456/1495/1603
f 3457/1496/1604 3453/1492/1600 3458/1497/1605 3447/1486/1594
f 3459/1498/1606 3457/1496/1604 3452/1491/1599 3298/1338/1445
f 3454/1493/1601 3459/1498/1606 3296/1336/1443 3460/1499/1607
f 3461/1500/1608 3462/1501/1609 3463/1502/1610 3464/1503/1611
f 3465/1504/1612 3461/1500/1608 3466/1505/1613 3455/1494/1602
f 3467/1506/1614 3465/1504/1612 3460/1499/1607 3306/1346/1453
f 3462/1501/1609 3467/1506/1614 3304/1344/1451 3468/1507/1615
f 3469/1508/1616 3470/1509/1617 3471/1510/1618 3472/1511/1619
f 3473/1512/1620 3469/1508/1616 3474/1513/1621 3463/1502/1610
f 3475/1514/1622 3473/1512/1620 3468/1507/1615 3314/1354/1461
f 3470/1509/1617 3475/1514/1622 3312/1352/1459 3476/1515/1623
f 3477/1516/1624 3478/1517/1625 3338/1378/1485 3479/1518/1626
f 3480/1519/1627 3477/1516/1624 3481/1520/1628 3471/1510/1618
f 3482/1521/1629 3480/1519/1627 3476/1515/1623 3321/1361/1468
f 3478/1517/1625 3482/1521/1629 3319/1359/1466 3339/1379/1486
f 3483/1522/1630 3484/1523/1631 3485/1524/1632 3486/1525/1633
f 3487/1526/1634 3483/1522/1630 3488/1527/1635 3489/1528/1636
f 3490/1529/1637 3487/1526/1634 3491/1530/1638 3328/1368/1475
f 3484/1523/1631 3490/1529/1637 3326/1366/1473 3492/1531/1639
f 3340/1380/1487 3491/1530/1638 3493/1532/1640 3494/1533/1641
f 3495/1534/1642 3496/1535/1643 3497/1536/1644 3498/1537/1645
f 3494/1533/1641 3495/1534/1642 3499/1538/1646 3337/1377/1484
f 3496/1535/1643 3493/1532/1640 3489/1528/1636 3500/1539/1647
f 3501/1540/1648 3502/1541/1649 3503/1542/1650 3504/1543/1651
f 3505/1544/1652 3501/1540/1648 3506/1545/1653 3485/1524/1632
f 3507/1546/1654 3505/1544/1652 3492/1531/1639 3346/1386/1493
f 3502/1541/1649 3507/1546/1654 3344/1384/1491 3508/1547/1655
f 3509/1548/1656 3510/1549/1657 3511/1550/1658 3512/1551/1659
f 3513/1552/1660 3509/1548/1656 3514/1553/1661 3503/1542/1650
f 3515/1554/1662 3513/1552/1660 3508/1547/1655 3354/1394/1501
f 3510/1549/1657 3515/1554/1662 3352/1392/1499 3516/1555/1663
f 3517/1556/1664 3518/1557/1665 3519/1558/1666 3520/1559/1667
f 3521/1560/1668 3517/1556/1664 3522/1561/1669 3511/1550/1658
f 3523/1562/1670 3521/1560/1668 3516/1555/1663 3362/1402/1509
f 3518/1557/1665 3523/1562/1670 3360/1400/1507 3524/1563/1671
f 3525/1564/1672 3526/1565/1673 3527/1566/1674 3528/1567/1675
f 3529/1568/1676 3525/1564/1672 3530/1569/1677 3519/1558/1666
f 3531/1570/1678 3529/1568/1676 3524/1563/1671 3370/1410/1517
f 3526/1565/1673 3531/1570/1678 3368/1408/1515 3532/1571/1679
f 3533/1572/1680 3534/1573/1681 3535/1574/1682 3536/1575/1683
f 3537/1576/1684 3533/1572/1680 3538/1577/1685 3527/1566/1674
f 3539/1578/1686 3537/1576/1684 3532/1571/1679 3378/1418/1525
f 3534/1573/1681 3539/1578/1686 3376/1416/1523 3540/1579/1687
f 3541/1580/1688 3542/1581/1689 3543/1582/1690 3544/1583/1691
f 3545/1584/1692 3541/1580/1688 3546/1585/1693 3535/1574/1682
f 3547/1586/1694 3545/1584/1692 3540/1579/1687 3386/1426/1533
f 3542/1581/1689 3547/1586/1694 3384/1424/1531 3548/1587/1695
f 3549/1588/1696 3550/1589/1697 3551/1590/1698 3552/1591/1699
f 3553/1592/1700 3549/1588/1696 3554/1593/1701 3543/1582/1690
f 3555/1594/1702 3553/1592/1700 3548/1587/1695 3394/1434/1541
f 3550/1589/1697 3555/1594/1702 3392/1432/1539 3556/1595/1703
f 3557/1596/1704 3558/1597/1705 3559/1598/1706 3560/1599/1707
f 3561/1600/1708 3557/1596/1704 3562/1601/1709 3551/1590/1698
f 3563/1602/1710 3561/1600/1708 3556/1595/1703 3402/1442/1549
f 3558/1597/1705 3563/1602/1710 3400/1440/1547 3564/1603/1711
f 3565/4904/1712 3566/1605/1713 3567/1606/1714 3568/4883/1715
f 3569/1607/1716 3565/1604/1712 3570/1608/1717 3559/1598/1706
f 3571/1609/1718 3569/1607/1716 3564/1603/1711 3410/1449/1557
f 3566/1605/1713 3571/4880/1718 3408/4881/1555 3572/1610/1719
f 3573/1611/1720 3574/1612/1721 3575/1613/1722 3576/1614/1723
f 3577/1615/1724 3573/1611/1720 3578/1616/1725 3567/1606/1714
f 3579/1617/1726 3577/1615/1724 3572/1610/1719 3418/1457/1565
f 3574/1612/1721 3579/1617/1726 3416/1455/1563 3580/1618/1727
f 3581/1619/1728 3582/1620/1729 3583/1621/1730 3584/1622/1731
f 3585/1623/1732 3581/1619/1728 3586/1624/1733 3575/1613/1722
f 3587/1625/1734 3585/1623/1732 3580/1618/1727 3426/1465/1573
f 3582/1620/1729 3587/1625/1734 3424/1463/1571 3588/1626/1735
f 3589/1627/1736 3590/1628/1737 3591/1629/1738 3592/1630/1739
f 3593/1631/1740 3589/1627/1736 3594/1632/1741 3583/1621/1730
f 3595/1633/1742 3593/1631/1740 3588/1626/1735 3434/1473/1581
f 3590/1628/1737 3595/1633/1742 3432/1471/1579 3596/1634/1743
f 3597/1635/1744 3598/1636/1745 3599/1637/1746 3600/1638/1747
f 3601/1639/1748 3597/1635/1744 3602/1640/1749 3591/1629/1738
f 3603/1641/1750 3601/1639/1748 3596/1634/1743 3442/1481/1589
f 3598/1636/1745 3603/1641/1750 3440/1479/1587 3604/1642/1751
f 3605/1643/1752 3606/1644/1753 3607/1645/1754 3608/1646/1755
f 3609/1647/1756 3605/1643/1752 3610/1648/1757 3599/1637/1746
f 3611/1649/1758 3609/1647/1756 3604/1642/1751 3450/1489/1597
f 3606/1644/1753 3611/1649/1758 3448/1487/1595 3612/1650/1759
f 3613/1651/1760 3614/1652/1761 3615/1653/1762 3616/1654/1763
f 3617/1655/1764 3613/1651/1760 3618/1656/1765 3607/1645/1754
f 3619/1657/1766 3617/1655/1764 3612/1650/1759 3458/1497/1605
f 3614/1652/1761 3619/1657/1766 3456/1495/1603 3620/1658/1767
f 3621/1659/1768 3622/1660/1769 3623/1661/1770 3624/1662/1771
f 3625/1663/1772 3621/1659/1768 3626/1664/1773 3615/1653/1762
f 3627/1665/1774 3625/1663/1772 3620/1658/1767 3466/1505/1613
f 3622/1660/1769 3627/1665/1774 3464/1503/1611 3628/1666/1775
f 3629/1667/1776 3630/1668/1777 3631/1669/1778 3632/1670/1779
f 3633/1671/1780 3629/1667/1776 3634/1672/1781 3623/1661/1770
f 3635/1673/1782 3633/1671/1780 3628/1666/1775 3474/1513/1621
f 3630/1668/1777 3635/1673/1782 3472/1511/1619 3636/1674/1783
f 3637/1675/1784 3638/1676/1785 3498/1537/1645 3639/1677/1786
f 3640/1678/1787 3637/1675/1784 3641/1679/1788 3631/1669/1778
f 3642/1680/1789 3640/1678/1787 3636/1674/1783 3481/1520/1628
f 3638/1676/1785 3642/1680/1789 3479/1518/1626 3499/1538/1646
f 3643/1681/1790 3644/1682/1791 3645/1683/1792 3646/1684/1793
f 3647/1685/1794 3643/1681/1790 3648/1686/1795 3649/1687/1796
f 3650/1688/1797 3647/1685/1794 3651/1689/1798 3488/1527/1635
f 3644/1682/1791 3650/1688/1797 3486/1525/1633 3652/1690/1799
f 3500/1539/1647 3651/1689/1798 3653/1691/1800 3654/1692/1801
f 3655/1693/1802 3656/1694/1803 3657/1695/1804 3658/1696/1805
f 3654/1692/1801 3655/1693/1802 3659/1697/1806 3497/1536/1644
f 3656/1694/1803 3653/1691/1800 3649/1687/1796 3660/1698/1807
f 3661/1699/1808 3662/1700/1809 3663/1701/1810 3664/1702/1811
f 3665/1703/1812 3661/1699/1808 3666/1704/1813 3645/1683/1792
f 3667/1705/1814 3665/1703/1812 3652/1690/1799 3506/1545/1653
f 3662/1700/1809 3667/1705/1814 3504/1543/1651 3668/1706/1815
f 3669/1707/1816 3670/1708/1817 3671/1709/1818 3672/1710/1819
f 3673/1711/1820 3669/1707/1816 3674/1712/1821 3663/1701/1810
f 3675/1713/1822 3673/1711/1820 3668/1706/1815 3514/1553/1661
f 3670/1708/1817 3675/1713/1822 3512/1551/1659 3676/1714/1823
f 3677/1715/1824 3678/1716/1825 3679/1717/1826 3680/1718/1827
f 3681/1719/1828 3677/1715/1824 3682/1720/1829 3671/1709/1818
f 3683/1721/1830 3681/1719/1828 3676/1714/1823 3522/1561/1669
f 3678/1716/1825 3683/1721/1830 3520/1559/1667 3684/1722/1831
f 3685/1723/1832 3686/1724/1833 3687/1725/1834 3688/1726/1835
f 3689/1727/1836 3685/1723/1832 3690/1728/1837 3679/1717/1826
f 3691/1729/1838 3689/1727/1836 3684/1722/1831 3530/1569/1677
f 3686/1724/1833 3691/1729/1838 3528/1567/1675 3692/1730/1839
f 3693/1731/1840 3694/1732/1841 3695/1733/1842 3696/1734/1843
f 3697/1735/1844 3693/1731/1840 3698/1736/1845 3687/1725/1834
f 3699/1737/1846 3697/1735/1844 3692/1730/1839 3538/1577/1685
f 3694/1732/1841 3699/1737/1846 3536/1575/1683 3700/1738/1847
f 3701/1739/1848 3702/1740/1849 3703/1741/1850 3704/1742/1851
f 3705/1743/1852 3701/1739/1848 3706/1744/1853 3695/1733/1842
f 3707/1745/1854 3705/1743/1852 3700/1738/1847 3546/1585/1693
f 3702/1740/1849 3707/1745/1854 3544/1583/1691 3708/1746/1855
f 3709/1747/1856 3710/1748/1857 3711/1749/1858 3712/1750/1859
f 3713/1751/1860 3709/1747/1856 3714/1752/1861 3703/1741/1850
f 3715/1753/1862 3713/1751/1860 3708/1746/1855 3554/1593/1701
f 3710/1748/1857 3715/1753/1862 3552/1591/1699 3716/1754/1863
f 3717/1755/1864 3718/1756/1865 3719/1757/1866 3720/1758/1867
f 3721/1759/1868 3717/1755/1864 3722/1760/1869 3711/1749/1858
f 3723/1761/1870 3721/1759/1868 3716/1754/1863 3562/1601/1709
f 3718/1756/1865 3723/1761/1870 3560/1599/1707 3724/1762/1871
f 3725/4906/1872 3726/1764/1873 3727/1765/1874 3728/4886/1875
f 3729/1766/1876 3725/1763/1872 3730/1767/1877 3719/1757/1866
f 3731/1768/1878 3729/1766/1876 3724/1762/1871 3570/1608/1717
f 3726/1764/1873 3731/4882/1878 3568/4883/1715 3732/1769/1879
f 3733/1770/1880 3734/1771/1881 3735/1772/1882 3736/1773/1883
f 3737/1774/1884 3733/1770/1880 3738/1775/1885 3727/1765/1874
f 3739/1776/1886 3737/1774/1884 3732/1769/1879 3578/1616/1725
f 3734/1771/1881 3739/1776/1886 3576/1614/1723 3740/1777/1887
f 3741/1778/1888 3742/1779/1889 3743/1780/1890 3744/1781/1891
f 3745/1782/1892 3741/1778/1888 3746/1783/1893 3735/1772/1882
f 3747/1784/1894 3745/1782/1892 3740/1777/1887 3586/1624/1733
f 3742/1779/1889 3747/1784/1894 3584/1622/1731 3748/1785/1895
f 3749/1786/1896 3750/1787/1897 3751/1788/1898 3752/1789/1899
f 3753/1790/1900 3749/1786/1896 3754/1791/1901 3743/1780/1890
f 3755/1792/1902 3753/1790/1900 3748/1785/1895 3594/1632/1741
f 3750/1787/1897 3755/1792/1902 3592/1630/1739 3756/1793/1903
f 3757/1794/1904 3758/1795/1905 3759/1796/1906 3760/1797/1907
f 3761/1798/1908 3757/1794/1904 3762/1799/1909 3751/1788/1898
f 3763/1800/1910 3761/1798/1908 3756/1793/1903 3602/1640/1749
f 3758/1795/1905 3763/1800/1910 3600/1638/1747 3764/1801/1911
f 3765/1802/1912 3766/1803/1913 3767/1804/1914 3768/1805/1915
f 3769/1806/1916 3765/1802/1912 3770/1807/1917 3759/1796/1906
f 3771/1808/1918 3769/1806/1916 3764/1801/1911 3610/1648/1757
f 3766/1803/1913 3771/1808/1918 3608/1646/1755 3772/1809/1919
f 3773/1810/1920 3774/1811/1921 3775/1812/1922 3776/1813/1923
f 3777/1814/1924 3773/1810/1920 3778/1815/1925 3767/1804/1914
f 3779/1816/1926 3777/1814/1924 3772/1809/1919 3618/1656/1765
f 3774/1811/1921 3779/1816/1926 3616/1654/1763 3780/1817/1927
f 3781/1818/1928 3782/1819/1929 3783/1820/1930 3784/1821/1931
f 3785/1822/1932 3781/1818/1928 3786/1823/1933 3775/1812/1922
f 3787/1824/1934 3785/1822/1932 3780/1817/1927 3626/1664/1773
f 3782/1819/1929 3787/1824/1934 3624/1662/1771 3788/1825/1935
f 3789/1826/1936 3790/1827/1937 3791/1828/1938 3792/1829/1939
f 3793/1830/1940 3789/1826/1936 3794/1831/1941 3783/1820/1930
f 3795/1832/1942 3793/1830/1940 3788/1825/1935 3634/1672/1781
f 3790/1827/1937 3795/1832/1942 3632/1670/1779 3796/1833/1943
f 3797/1834/1944 3798/1835/1945 3658/1696/1805 3799/1836/1946
f 3800/1837/1947 3797/1834/1944 3801/1838/1948 3791/1828/1938
f 3802/1839/1949 3800/1837/1947 3796/1833/1943 3641/1679/1788
f 3798/1835/1945 3802/1839/1949 3639/1677/1786 3659/1697/1806
f 3803/1840/1950 3804/1841/1951 3805/1842/1952 2341/387/488
f 3806/1843/1953 3803/1840/1950 2346/392/493 3807/1844/1954
f 3808/1845/1955 3806/1843/1953 3809/1846/1956 3648/1686/1795
f 3804/1841/1951 3808/1845/1955 3646/1684/1793 3810/1847/1957
f 3660/1698/1807 3809/1846/1956 3811/1848/1958 3812/1849/1959
f 3813/1850/1960 3814/1851/1961 2356/402/503 3815/1852/1962
f 3812/1849/1959 3813/1850/1960 3816/1853/1963 3657/1695/1804
f 3814/1851/1961 3811/1848/1958 3807/1844/1954 2357/403/504
f 3817/1854/1964 3818/1855/1965 3819/1856/1966 2328/374/475
f 3820/1857/1967 3817/1854/1964 2333/379/480 3805/1842/1952
f 3821/1858/1968 3820/1857/1967 3810/1847/1957 3666/1704/1813
f 3818/1855/1965 3821/1858/1968 3664/1702/1811 3822/1859/1969
f 3823/1860/1970 3824/1861/1971 3825/1862/1972 2315/361/462
f 3826/1863/1973 3823/1860/1970 2320/366/467 3819/1856/1966
f 3827/1864/1974 3826/1863/1973 3822/1859/1969 3674/1712/1821
f 3824/1861/1971 3827/1864/1974 3672/1710/1819 3828/1865/1975
f 3829/1866/1976 3830/1867/1977 3831/1868/1978 2302/348/449
f 3832/1869/1979 3829/1866/1976 2307/353/454 3825/1862/1972
f 3833/1870/1980 3832/1869/1979 3828/1865/1975 3682/1720/1829
f 3830/1867/1977 3833/1870/1980 3680/1718/1827 3834/1871/1981
f 3835/1872/1982 3836/1873/1983 3837/1874/1984 2289/335/436
f 3838/1875/1985 3835/1872/1982 2294/340/441 3831/1868/1978
f 3839/1876/1986 3838/1875/1985 3834/1871/1981 3690/1728/1837
f 3836/1873/1983 3839/1876/1986 3688/1726/1835 3840/1877/1987
f 3841/1878/1988 3842/1879/1989 3843/1880/1990 2276/322/423
f 3844/1881/1991 3841/1878/1988 2281/327/428 3837/1874/1984
f 3845/1882/1992 3844/1881/1991 3840/1877/1987 3698/1736/1845
f 3842/1879/1989 3845/1882/1992 3696/1734/1843 3846/1883/1993
f 3847/1884/1994 3848/1885/1995 3849/1886/1996 2263/309/410
f 3850/1887/1997 3847/1884/1994 2268/314/415 3843/1880/1990
f 3851/1888/1998 3850/1887/1997 3846/1883/1993 3706/1744/1853
f 3848/1885/1995 3851/1888/1998 3704/1742/1851 3852/1889/1999
f 3853/1890/2000 3854/1891/2001 3855/1892/2002 2250/296/397
f 3856/1893/2003 3853/1890/2000 2255/301/402 3849/1886/1996
f 3857/1894/2004 3856/1893/2003 3852/1889/1999 3714/1752/1861
f 3854/1891/2001 3857/1894/2004 3712/1750/1859 3858/1895/2005
f 3859/1896/2006 3860/1897/2007 3861/1898/2008 2237/283/384
f 3862/1899/2009 3859/1896/2006 2242/288/389 3855/1892/2002
f 3863/1900/2010 3862/1899/2009 3858/1895/2005 3722/1760/1869
f 3860/1897/2007 3863/1900/2010 3720/1758/1867 3864/1901/2011
f 3865/4908/2012 3866/1903/2013 3867/1904/2014 2224/4884/371
f 3868/1905/2015 3865/1902/2012 2229/275/376 3861/1898/2008
f 3869/1906/2016 3868/1905/2015 3864/1901/2011 3730/1767/1877
f 3866/1903/2013 3869/4885/2016 3728/4886/1875 3870/1907/2017
f 3871/1908/2018 3872/1909/2019 3873/1910/2020 2211/261/358
f 3874/1911/2021 3871/1908/2018 2216/265/363 3867/1904/2014
f 3875/1912/2022 3874/1911/2021 3870/1907/2017 3738/1775/1885
f 3872/1909/2019 3875/1912/2022 3736/1773/1883 3876/1913/2023
f 3877/1914/2024 3878/1915/2025 3879/1916/2026 2198/248/345
f 3880/1917/2027 3877/1914/2024 2203/253/350 3873/1910/2020
f 3881/1918/2028 3880/1917/2027 3876/1913/2023 3746/1783/1893
f 3878/1915/2025 3881/1918/2028 3744/1781/1891 3882/1919/2029
f 3883/1920/2030 3884/1921/2031 3885/1922/2032 2178/228/325
f 3886/1923/2033 3883/1920/2030 2184/234/331 3879/1916/2026
f 3887/1924/2034 3886/1923/2033 3882/1919/2029 3754/1791/1901
f 3884/1921/2031 3887/1924/2034 3752/1789/1899 3888/1925/2035
f 3889/1926/2036 3890/1927/2037 3891/1928/2038 2188/238/335
f 3892/1929/2039 3889/1926/2036 2191/241/338 3885/1922/2032
f 3893/1930/2040 3892/1929/2039 3888/1925/2035 3762/1799/1909
f 3890/1927/2037 3893/1930/2040 3760/1797/1907 3894/1931/2041
f 3895/1932/2042 3896/1933/2043 3897/1934/2044 2419/465/566
f 3898/1935/2045 3895/1932/2042 2422/468/569 3891/1928/2038
f 3899/1936/2046 3898/1935/2045 3894/1931/2041 3770/1807/1917
f 3896/1933/2043 3899/1936/2046 3768/1805/1915 3900/1937/2047
f 3901/1938/2048 3902/1939/2049 3903/1940/2050 2406/452/553
f 3904/1941/2051 3901/1938/2048 2411/457/558 3897/1934/2044
f 3905/1942/2052 3904/1941/2051 3900/1937/2047 3778/1815/1925
f 3902/1939/2049 3905/1942/2052 3776/1813/1923 3906/1943/2053
f 3907/1944/2054 3908/1945/2055 3909/1946/2056 2393/439/540
f 3910/1947/2057 3907/1944/2054 2398/444/545 3903/1940/2050
f 3911/1948/2058 3910/1947/2057 3906/1943/2053 3786/1823/1933
f 3908/1945/2055 3911/1948/2058 3784/1821/1931 3912/1949/2059
f 3913/1950/2060 3914/1951/2061 3915/1952/2062 2380/426/527
f 3916/1953/2063 3913/1950/2060 2385/431/532 3909/1946/2056
f 3917/1954/2064 3916/1953/2063 3912/1949/2059 3794/1831/1941
f 3914/1951/2061 3917/1954/2064 3792/1829/1939 3918/1955/2065
f 3919/1956/2066 3920/1957/2067 3815/1852/1962 2367/413/514
f 3921/1958/2068 3919/1956/2066 2372/418/519 3915/1952/2062
f 3922/1959/2069 3921/1958/2068 3918/1955/2065 3801/1838/1948
f 3920/1957/2067 3922/1959/2069 3799/1836/1946 3816/1853/1963
f 1945/139/153 1944/138/152 1982/1960/2070 1983/1961/2071
f 1947/141/155 1945/139/153 1983/1961/2071 1984/1962/2072
f 1949/143/157 1947/141/155 1984/1962/2072 1985/1963/2073
f 1951/145/159 1949/143/157 1985/1963/2073 1986/1964/2074
f 1953/147/161 1951/145/159 1986/1964/2074 1987/1965/2075
f 1955/149/163 1953/147/161 1987/1965/2075 1988/1966/2076
f 1957/151/165 1955/149/163 1988/1966/2076 1989/1967/2077
f 1959/153/167 1957/151/165 1989/1967/2077 1990/1968/2078
f 1961/155/169 1959/153/167 1990/1968/2078 1991/1969/2079
f 1963/157/171 1961/155/169 1991/1969/2079 1992/1970/2080
f 1965/159/173 1963/157/171 1992/1970/2080 1993/1971/2081
f 1967/161/175 1965/159/173 1993/1971/2081 1994/1972/2082
f 1969/163/177 1967/161/175 1994/1972/2082 1995/1973/2083
f 1971/165/179 1969/163/177 1995/1973/2083 1996/1974/2084
f 1973/167/181 1971/165/179 1996/1974/2084 1997/1975/2085
f 1975/169/183 1973/167/181 1997/1975/2085 1998/1976/2086
f 1977/171/185 1975/169/183 1998/1976/2086 1999/1977/2087
f 1979/172/187 1977/4887/185 1999/4948/2087 2000/1978/2088
f 1981/174/189 1979/172/187 2000/1978/2088 2001/1979/2089
f 1944/138/152 1981/174/189 2001/1979/2089 1982/1960/2070
f 2143/1980/2090 2144/1981/2091 2123/195/271 2124/194/270
f 2144/1981/2091 2145/1982/2092 2142/212/308 2123/195/271
f 2145/1982/2092 2146/4949/2093 2141/4889/306 2142/212/308
f 2146/4949/2093 2147/4888/2094 2140/4861/304 2141/4889/306
f 2147/1983/2094 2148/1984/2095 2139/210/302 2140/211/304
f 2148/1984/2095 2149/1985/2096 2138/209/300 2139/210/302
f 2149/1985/2096 2150/1986/2097 2137/208/298 2138/209/300
f 2150/1986/2097 2151/1987/2098 2136/207/296 2137/208/298
f 2151/1987/2098 2152/1988/2099 2135/206/294 2136/207/296
f 2152/1988/2099 2153/1989/2100 2134/205/292 2135/206/294
f 2153/1989/2100 2154/1990/2101 2133/204/290 2134/205/292
f 2154/1990/2101 2155/1991/2102 2132/203/288 2133/204/290
f 2155/1991/2102 2156/1992/2103 2131/202/286 2132/203/288
f 2156/1992/2103 2157/1993/2104 2130/201/284 2131/202/286
f 2157/1993/2104 2158/1994/2105 2129/200/282 2130/201/284
f 2158/1994/2105 2159/1995/2106 2128/199/280 2129/200/282
f 2159/1995/2106 2160/1996/2107 2127/198/278 2128/199/280
f 2160/1996/2107 2161/1997/2108 2126/197/276 2127/198/278
f 2161/1997/2108 2162/1998/2109 2125/196/274 2126/197/276
f 2162/1998/2109 2143/1980/2090 2124/194/270 2125/196/274
f 2168/218/315 2167/217/314 2172/222/319 2169/219/316
f 2176/226/323 2175/225/322 2180/230/327 2177/227/324
f 2186/236/333 2171/221/318 2170/220/317 2187/237/334
f 2181/231/328 2185/235/332 2192/242/339 2182/232/329
f 2196/246/343 2195/245/342 2199/249/346 2197/247/344
f 2200/250/347 2204/254/351 2205/255/352 2201/251/348
f 2209/259/356 2208/258/355 2212/262/359 2210/260/357
f 2213/263/360 2217/4863/364 2218/4865/365 2214/264/361
f 2222/269/369 2221/4890/368 2225/4891/372 2223/4954/370
f 2226/272/373 2230/276/377 2231/277/378 2227/273/374
f 2235/281/382 2234/280/381 2238/284/385 2236/282/383
f 2239/285/386 2243/289/390 2244/290/391 2240/286/387
f 2248/294/395 2247/293/394 2251/297/398 2249/295/396
f 2252/298/399 2256/302/403 2257/303/404 2253/299/400
f 2261/307/408 2260/306/407 2264/310/411 2262/308/409
f 2265/311/412 2269/315/416 2270/316/417 2266/312/413
f 2274/320/421 2273/319/420 2277/323/424 2275/321/422
f 2278/324/425 2282/328/429 2283/329/430 2279/325/426
f 2287/333/434 2286/332/433 2290/336/437 2288/334/435
f 2291/337/438 2295/341/442 2296/342/443 2292/338/439
f 2300/346/447 2299/345/446 2303/349/450 2301/347/448
f 2304/350/451 2308/354/455 2309/355/456 2305/351/452
f 2313/359/460 2312/358/459 2316/362/463 2314/360/461
f 2317/363/464 2321/367/468 2322/368/469 2318/364/465
f 2326/372/473 2325/371/472 2329/375/476 2327/373/474
f 2330/376/477 2334/380/481 2335/381/482 2331/377/478
f 2339/385/486 2338/384/485 2342/388/489 2340/386/487
f 2343/389/490 2347/393/494 2348/394/495 2344/390/491
f 2353/399/500 2352/398/499 2351/397/498 2354/400/501
f 2358/404/505 2360/406/507 2361/407/508 2359/405/506
f 2365/411/512 2364/410/511 2368/414/515 2366/412/513
f 2369/415/516 2373/419/520 2374/420/521 2370/416/517
f 2378/424/525 2377/423/524 2381/427/528 2379/425/526
f 2382/428/529 2386/432/533 2387/433/534 2383/429/530
f 2391/437/538 2390/436/537 2394/440/541 2392/438/539
f 2395/441/542 2399/445/546 2400/446/547 2396/442/543
f 2404/450/551 2403/449/550 2407/453/554 2405/451/552
f 2408/454/555 2412/458/559 2413/459/560 2409/455/556
f 2417/463/564 2416/462/563 2420/466/567 2418/464/565
f 2421/467/568 2166/216/313 2165/215/312 2190/240/337
f 2423/469/570 2427/473/574 2430/476/577 2424/470/571
f 2432/478/579 2431/477/578 2438/484/585 2435/481/582
f 2445/491/592 2440/486/587 2439/485/586 2446/492/593
f 2452/498/599 2456/502/603 2458/504/605 2453/499/600
f 2459/505/606 2434/480/581 2433/479/580 2451/497/598
f 2465/511/612 2469/515/616 2471/517/618 2466/512/613
f 2472/518/619 2461/507/608 2460/506/607 2464/510/611
f 2478/524/625 2482/528/629 2484/530/631 2479/525/626
f 2485/531/632 2474/520/621 2473/519/620 2477/523/624
f 2491/537/638 2495/541/642 2497/543/644 2492/538/639
f 2498/544/645 2487/533/634 2486/532/633 2490/536/637
f 2504/550/651 2508/554/655 2510/556/657 2505/551/652
f 2511/557/658 2500/546/647 2499/545/646 2503/549/650
f 2517/563/664 2521/567/668 2523/569/670 2518/564/665
f 2524/570/671 2513/559/660 2512/558/659 2516/562/663
f 2530/576/677 2534/580/681 2536/582/683 2531/577/678
f 2537/583/684 2526/572/673 2525/571/672 2529/575/676
f 2543/589/690 2547/593/694 2549/595/696 2544/590/691
f 2550/596/697 2539/585/686 2538/584/685 2542/588/689
f 2556/4892/703 2560/4893/707 2562/4867/709 2557/603/704
f 2563/608/710 2552/598/699 2551/597/698 2555/601/702
f 2569/613/716 2573/617/720 2575/619/722 2570/614/717
f 2576/620/723 2565/609/712 2564/4869/711 2568/612/715
f 2582/626/729 2586/630/733 2588/632/735 2583/627/730
f 2589/633/736 2578/622/725 2577/621/724 2581/625/728
f 2595/639/742 2599/643/746 2601/645/748 2596/640/743
f 2602/646/749 2591/635/738 2590/634/737 2594/638/741
f 2608/652/755 2612/656/759 2614/658/761 2609/653/756
f 2615/659/762 2604/648/751 2603/647/750 2607/651/754
f 2621/665/768 2625/669/772 2627/671/774 2622/666/769
f 2628/672/775 2617/661/764 2616/660/763 2620/664/767
f 2634/678/781 2638/682/785 2640/684/787 2635/679/782
f 2641/685/788 2630/674/777 2629/673/776 2633/677/780
f 2647/691/794 2651/695/798 2653/697/800 2648/692/795
f 2654/698/801 2643/687/790 2642/686/789 2646/690/793
f 2660/704/807 2664/708/811 2666/710/813 2661/705/808
f 2667/711/814 2656/700/803 2655/699/802 2659/703/806
f 2673/717/820 2676/720/823 2678/722/825 2674/718/821
f 2679/723/826 2669/713/816 2668/712/815 2672/716/819
f 2443/489/590 2449/495/596 2680/724/827 2444/490/591
f 2683/727/830 2687/731/834 2690/734/837 2684/728/831
f 2428/474/575 2691/735/838 2450/496/597 2429/475/576
f 2695/739/842 2694/738/841 2693/737/840 2696/740/843
f 2701/745/848 2705/749/852 2707/751/854 2702/746/849
f 2457/503/604 2692/736/839 2426/472/573 2425/471/572
f 2709/753/856 2713/757/860 2715/759/862 2710/754/857
f 2470/516/617 2708/752/855 2455/501/602 2454/500/601
f 2717/761/864 2721/765/868 2723/767/870 2718/762/865
f 2483/529/630 2716/760/863 2468/514/615 2467/513/614
f 2725/769/872 2729/773/876 2731/775/878 2726/770/873
f 2496/542/643 2724/768/871 2481/527/628 2480/526/627
f 2733/777/880 2737/781/884 2739/783/886 2734/778/881
f 2509/555/656 2732/776/879 2494/540/641 2493/539/640
f 2741/785/888 2745/789/892 2747/791/894 2742/786/889
f 2522/568/669 2740/784/887 2507/553/654 2506/552/653
f 2749/793/896 2753/797/900 2755/799/902 2750/794/897
f 2535/581/682 2748/792/895 2520/566/667 2519/565/666
f 2757/801/904 2761/805/908 2763/807/910 2758/802/905
f 2548/594/695 2756/800/903 2533/579/680 2532/578/679
f 2765/4894/912 2769/4895/916 2771/4870/918 2766/810/913
f 2561/606/708 2764/808/911 2546/592/693 2545/591/692
f 2773/816/920 2777/820/924 2779/822/926 2774/817/921
f 2574/618/721 2772/815/919 2559/4871/706 2558/604/705
f 2781/824/928 2785/828/932 2787/830/934 2782/825/929
f 2587/631/734 2780/823/927 2572/616/719 2571/615/718
f 2789/832/936 2793/836/940 2795/838/942 2790/833/937
f 2600/644/747 2788/831/935 2585/629/732 2584/628/731
f 2797/840/944 2801/844/948 2803/846/950 2798/841/945
f 2613/657/760 2796/839/943 2598/642/745 2597/641/744
f 2805/848/952 2809/852/956 2811/854/958 2806/849/953
f 2626/670/773 2804/847/951 2611/655/758 2610/654/757
f 2813/856/960 2817/860/964 2819/862/966 2814/857/961
f 2639/683/786 2812/855/959 2624/668/771 2623/667/770
f 2821/864/968 2825/868/972 2827/870/974 2822/865/969
f 2652/696/799 2820/863/967 2637/681/784 2636/680/783
f 2829/872/976 2833/876/980 2835/878/982 2830/873/977
f 2665/709/812 2828/871/975 2650/694/797 2649/693/796
f 2837/880/984 2840/883/987 2842/885/989 2838/881/985
f 2677/721/824 2836/879/983 2663/707/810 2662/706/809
f 2447/493/594 2699/743/846 2675/719/822 2448/494/595
f 2843/886/990 2847/890/994 2850/893/997 2844/887/991
f 2688/732/835 2851/894/998 2700/744/847 2689/733/836
f 2855/898/1002 2854/897/1001 2853/896/1000 2856/899/1003
f 2861/904/1008 2865/908/1012 2867/910/1014 2862/905/1009
f 2706/750/853 2852/895/999 2686/730/833 2685/729/832
f 2869/912/1016 2873/916/1020 2875/918/1022 2870/913/1017
f 2714/758/861 2868/911/1015 2704/748/851 2703/747/850
f 2877/920/1024 2881/924/1028 2883/926/1030 2878/921/1025
f 2722/766/869 2876/919/1023 2712/756/859 2711/755/858
f 2885/928/1032 2889/932/1036 2891/934/1038 2886/929/1033
f 2730/774/877 2884/927/1031 2720/764/867 2719/763/866
f 2893/936/1040 2897/940/1044 2899/942/1046 2894/937/1041
f 2738/782/885 2892/935/1039 2728/772/875 2727/771/874
f 2901/944/1048 2905/948/1052 2907/950/1054 2902/945/1049
f 2746/790/893 2900/943/1047 2736/780/883 2735/779/882
f 2909/952/1056 2913/956/1060 2915/958/1062 2910/953/1057
f 2754/798/901 2908/951/1055 2744/788/891 2743/787/890
f 2917/960/1064 2921/964/1068 2923/966/1070 2918/961/1065
f 2762/806/909 2916/959/1063 2752/796/899 2751/795/898
f 2925/4896/1072 2929/4897/1076 2931/4872/1078 2926/969/1073
f 2770/813/917 2924/967/1071 2760/804/907 2759/803/906
f 2933/975/1080 2937/979/1084 2939/981/1086 2934/976/1081
f 2778/821/925 2932/974/1079 2768/4873/915 2767/811/914
f 2941/983/1088 2945/987/1092 2947/989/1094 2942/984/1089
f 2786/829/933 2940/982/1087 2776/819/923 2775/818/922
f 2949/991/1096 2953/995/1100 2955/997/1102 2950/992/1097
f 2794/837/941 2948/990/1095 2784/827/931 2783/826/930
f 2957/999/1104 2961/1003/1108 2963/1005/1110 2958/1000/1105
f 2802/845/949 2956/998/1103 2792/835/939 2791/834/938
f 2965/1007/1112 2969/1011/1116 2971/1013/1118 2966/1008/1113
f 2810/853/957 2964/1006/1111 2800/843/947 2799/842/946
f 2973/1015/1120 2977/1019/1124 2979/1021/1126 2974/1016/1121
f 2818/861/965 2972/1014/1119 2808/851/955 2807/850/954
f 2981/1023/1128 2985/1027/1132 2987/1029/1134 2982/1024/1129
f 2826/869/973 2980/1022/1127 2816/859/963 2815/858/962
f 2989/1031/1136 2993/1035/1140 2995/1037/1142 2990/1032/1137
f 2834/877/981 2988/1030/1135 2824/867/971 2823/866/970
f 2997/1039/1144 3000/1042/1147 3002/1044/1149 2998/1040/1145
f 2841/884/988 2996/1038/1143 2832/875/979 2831/874/978
f 2697/741/844 2859/902/1006 2839/882/986 2698/742/845
f 3003/1045/1150 3007/1049/1154 3010/1052/1157 3004/1046/1151
f 2848/891/995 3011/1053/1158 2860/903/1007 2849/892/996
f 3015/1057/1162 3014/1056/1161 3013/1055/1160 3016/1058/1163
f 3021/1063/1168 3025/1067/1172 3027/1069/1174 3022/1064/1169
f 2866/909/1013 3012/1054/1159 2846/889/993 2845/888/992
f 3029/1071/1176 3033/1075/1180 3035/1077/1182 3030/1072/1177
f 2874/917/1021 3028/1070/1175 2864/907/1011 2863/906/1010
f 3037/1079/1184 3041/1083/1188 3043/1085/1190 3038/1080/1185
f 2882/925/1029 3036/1078/1183 2872/915/1019 2871/914/1018
f 3045/1087/1192 3049/1091/1196 3051/1093/1198 3046/1088/1193
f 2890/933/1037 3044/1086/1191 2880/923/1027 2879/922/1026
f 3053/1095/1200 3057/1099/1204 3059/1101/1206 3054/1096/1201
f 2898/941/1045 3052/1094/1199 2888/931/1035 2887/930/1034
f 3061/1103/1208 3065/1107/1212 3067/1109/1214 3062/1104/1209
f 2906/949/1053 3060/1102/1207 2896/939/1043 2895/938/1042
f 3069/1111/1216 3073/1115/1220 3075/1117/1222 3070/1112/1217
f 2914/957/1061 3068/1110/1215 2904/947/1051 2903/946/1050
f 3077/1119/1224 3081/1123/1228 3083/1125/1230 3078/1120/1225
f 2922/965/1069 3076/1118/1223 2912/955/1059 2911/954/1058
f 3085/4898/1232 3089/4899/1236 3091/4874/1238 3086/1128/1233
f 2930/972/1077 3084/1126/1231 2920/963/1067 2919/962/1066
f 3093/1134/1240 3097/1138/1244 3099/1140/1246 3094/1135/1241
f 2938/980/1085 3092/1133/1239 2928/4875/1075 2927/970/1074
f 3101/1142/1248 3105/1146/1252 3107/1148/1254 3102/1143/1249
f 2946/988/1093 3100/1141/1247 2936/978/1083 2935/977/1082
f 3109/1150/1256 3113/1154/1260 3115/1156/1262 3110/1151/1257
f 2954/996/1101 3108/1149/1255 2944/986/1091 2943/985/1090
f 3117/1158/1264 3121/1162/1268 3123/1164/1270 3118/1159/1265
f 2962/1004/1109 3116/1157/1263 2952/994/1099 2951/993/1098
f 3125/1166/1272 3129/1170/1276 3131/1172/1278 3126/1167/1273
f 2970/1012/1117 3124/1165/1271 2960/1002/1107 2959/1001/1106
f 3133/1174/1280 3137/1178/1284 3139/1180/1286 3134/1175/1281
f 2978/1020/1125 3132/1173/1279 2968/1010/1115 2967/1009/1114
f 3141/1182/1288 3145/1186/1292 3147/1188/1294 3142/1183/1289
f 2986/1028/1133 3140/1181/1287 2976/1018/1123 2975/1017/1122
f 3149/1190/1296 3153/1194/1300 3155/1196/1302 3150/1191/1297
f 2994/1036/1141 3148/1189/1295 2984/1026/1131 2983/1025/1130
f 3157/1198/1304 3160/1201/1307 3162/1203/1309 3158/1199/1305
f 3001/1043/1148 3156/1197/1303 2992/1034/1139 2991/1033/1138
f 2857/900/1004 3019/1061/1166 2999/1041/1146 2858/901/1005
f 3163/1204/1310 3167/1208/1314 3170/1211/1317 3164/1205/1311
f 3008/1050/1155 3171/1212/1318 3020/1062/1167 3009/1051/1156
f 3175/1216/1322 3174/1215/1321 3173/1214/1320 3176/1217/1323
f 3181/1222/1328 3185/1226/1332 3187/1228/1334 3182/1223/1329
f 3026/1068/1173 3172/1213/1319 3006/1048/1153 3005/1047/1152
f 3189/1230/1336 3193/1234/1340 3195/1236/1342 3190/1231/1337
f 3034/1076/1181 3188/1229/1335 3024/1066/1171 3023/1065/1170
f 3197/1238/1344 3201/1242/1348 3203/1244/1350 3198/1239/1345
f 3042/1084/1189 3196/1237/1343 3032/1074/1179 3031/1073/1178
f 3205/1246/1352 3209/1250/1356 3211/1252/1358 3206/1247/1353
f 3050/1092/1197 3204/1245/1351 3040/1082/1187 3039/1081/1186
f 3213/1254/1360 3217/1258/1364 3219/1260/1366 3214/1255/1361
f 3058/1100/1205 3212/1253/1359 3048/1090/1195 3047/1089/1194
f 3221/1262/1368 3225/1266/1372 3227/1268/1374 3222/1263/1369
f 3066/1108/1213 3220/1261/1367 3056/1098/1203 3055/1097/1202
f 3229/1270/1376 3233/1274/1380 3235/1276/1382 3230/1271/1377
f 3074/1116/1221 3228/1269/1375 3064/1106/1211 3063/1105/1210
f 3237/1278/1384 3241/1282/1388 3243/1284/1390 3238/1279/1385
f 3082/1124/1229 3236/1277/1383 3072/1114/1219 3071/1113/1218
f 3245/4900/1392 3249/4901/1396 3251/4876/1398 3246/1287/1393
f 3090/1131/1237 3244/1285/1391 3080/1122/1227 3079/1121/1226
f 3253/1293/1400 3257/1297/1404 3259/1299/1406 3254/1294/1401
f 3098/1139/1245 3252/1292/1399 3088/4877/1235 3087/1129/1234
f 3261/1301/1408 3265/1305/1412 3267/1307/1414 3262/1302/1409
f 3106/1147/1253 3260/1300/1407 3096/1137/1243 3095/1136/1242
f 3269/1309/1416 3273/1313/1420 3275/1315/1422 3270/1310/1417
f 3114/1155/1261 3268/1308/1415 3104/1145/1251 3103/1144/1250
f 3277/1317/1424 3281/1321/1428 3283/1323/1430 3278/1318/1425
f 3122/1163/1269 3276/1316/1423 3112/1153/1259 3111/1152/1258
f 3285/1325/1432 3289/1329/1436 3291/1331/1438 3286/1326/1433
f 3130/1171/1277 3284/1324/1431 3120/1161/1267 3119/1160/1266
f 3293/1333/1440 3297/1337/1444 3299/1339/1446 3294/1334/1441
f 3138/1179/1285 3292/1332/1439 3128/1169/1275 3127/1168/1274
f 3301/1341/1448 3305/1345/1452 3307/1347/1454 3302/1342/1449
f 3146/1187/1293 3300/1340/1447 3136/1177/1283 3135/1176/1282
f 3309/1349/1456 3313/1353/1460 3315/1355/1462 3310/1350/1457
f 3154/1195/1301 3308/1348/1455 3144/1185/1291 3143/1184/1290
f 3317/1357/1464 3320/1360/1467 3322/1362/1469 3318/1358/1465
f 3161/1202/1308 3316/1356/1463 3152/1193/1299 3151/1192/1298
f 3017/1059/1164 3179/1220/1326 3159/1200/1306 3018/1060/1165
f 3323/1363/1470 3327/1367/1474 3330/1370/1477 3324/1364/1471
f 3168/1209/1315 3331/1371/1478 3180/1221/1327 3169/1210/1316
f 3335/1375/1482 3334/1374/1481 3333/1373/1480 3336/1376/1483
f 3341/1381/1488 3345/1385/1492 3347/1387/1494 3342/1382/1489
f 3186/1227/1333 3332/1372/1479 3166/1207/1313 3165/1206/1312
f 3349/1389/1496 3353/1393/1500 3355/1395/1502 3350/1390/1497
f 3194/1235/1341 3348/1388/1495 3184/1225/1331 3183/1224/1330
f 3357/1397/1504 3361/1401/1508 3363/1403/1510 3358/1398/1505
f 3202/1243/1349 3356/1396/1503 3192/1233/1339 3191/1232/1338
f 3365/1405/1512 3369/1409/1516 3371/1411/1518 3366/1406/1513
f 3210/1251/1357 3364/1404/1511 3200/1241/1347 3199/1240/1346
f 3373/1413/1520 3377/1417/1524 3379/1419/1526 3374/1414/1521
f 3218/1259/1365 3372/1412/1519 3208/1249/1355 3207/1248/1354
f 3381/1421/1528 3385/1425/1532 3387/1427/1534 3382/1422/1529
f 3226/1267/1373 3380/1420/1527 3216/1257/1363 3215/1256/1362
f 3389/1429/1536 3393/1433/1540 3395/1435/1542 3390/1430/1537
f 3234/1275/1381 3388/1428/1535 3224/1265/1371 3223/1264/1370
f 3397/1437/1544 3401/1441/1548 3403/1443/1550 3398/1438/1545
f 3242/1283/1389 3396/1436/1543 3232/1273/1379 3231/1272/1378
f 3405/4902/1552 3409/4903/1556 3411/4878/1558 3406/1446/1553
f 3250/1290/1397 3404/1444/1551 3240/1281/1387 3239/1280/1386
f 3413/1452/1560 3417/1456/1564 3419/1458/1566 3414/1453/1561
f 3258/1298/1405 3412/1451/1559 3248/4879/1395 3247/1288/1394
f 3421/1460/1568 3425/1464/1572 3427/1466/1574 3422/1461/1569
f 3266/1306/1413 3420/1459/1567 3256/1296/1403 3255/1295/1402
f 3429/1468/1576 3433/1472/1580 3435/1474/1582 3430/1469/1577
f 3274/1314/1421 3428/1467/1575 3264/1304/1411 3263/1303/1410
f 3437/1476/1584 3441/1480/1588 3443/1482/1590 3438/1477/1585
f 3282/1322/1429 3436/1475/1583 3272/1312/1419 3271/1311/1418
f 3445/1484/1592 3449/1488/1596 3451/1490/1598 3446/1485/1593
f 3290/1330/1437 3444/1483/1591 3280/1320/1427 3279/1319/1426
f 3453/1492/1600 3457/1496/1604 3459/1498/1606 3454/1493/1601
f 3298/1338/1445 3452/1491/1599 3288/1328/1435 3287/1327/1434
f 3461/1500/1608 3465/1504/1612 3467/1506/1614 3462/1501/1609
f 3306/1346/1453 3460/1499/1607 3296/1336/1443 3295/1335/1442
f 3469/1508/1616 3473/1512/1620 3475/1514/1622 3470/1509/1617
f 3314/1354/1461 3468/1507/1615 3304/1344/1451 3303/1343/1450
f 3477/1516/1624 3480/1519/1627 3482/1521/1629 3478/1517/1625
f 3321/1361/1468 3476/1515/1623 3312/1352/1459 3311/1351/1458
f 3177/1218/1324 3339/1379/1486 3319/1359/1466 3178/1219/1325
f 3483/1522/1630 3487/1526/1634 3490/1529/1637 3484/1523/1631
f 3328/1368/1475 3491/1530/1638 3340/1380/1487 3329/1369/1476
f 3495/1534/1642 3494/1533/1641 3493/1532/1640 3496/1535/1643
f 3501/1540/1648 3505/1544/1652 3507/1546/1654 3502/1541/1649
f 3346/1386/1493 3492/1531/1639 3326/1366/1473 3325/1365/1472
f 3509/1548/1656 3513/1552/1660 3515/1554/1662 3510/1549/1657
f 3354/1394/1501 3508/1547/1655 3344/1384/1491 3343/1383/1490
f 3517/1556/1664 3521/1560/1668 3523/1562/1670 3518/1557/1665
f 3362/1402/1509 3516/1555/1663 3352/1392/1499 3351/1391/1498
f 3525/1564/1672 3529/1568/1676 3531/1570/1678 3526/1565/1673
f 3370/1410/1517 3524/1563/1671 3360/1400/1507 3359/1399/1506
f 3533/1572/1680 3537/1576/1684 3539/1578/1686 3534/1573/1681
f 3378/1418/1525 3532/1571/1679 3368/1408/1515 3367/1407/1514
f 3541/1580/1688 3545/1584/1692 3547/1586/1694 3542/1581/1689
f 3386/1426/1533 3540/1579/1687 3376/1416/1523 3375/1415/1522
f 3549/1588/1696 3553/1592/1700 3555/1594/1702 3550/1589/1697
f 3394/1434/1541 3548/1587/1695 3384/1424/1531 3383/1423/1530
f 3557/1596/1704 3561/1600/1708 3563/1602/1710 3558/1597/1705
f 3402/1442/1549 3556/1595/1703 3392/1432/1539 3391/1431/1538
f 3565/4904/1712 3569/4905/1716 3571/4880/1718 3566/1605/1713
f 3410/1449/1557 3564/1603/1711 3400/1440/1547 3399/1439/1546
f 3573/1611/1720 3577/1615/1724 3579/1617/1726 3574/1612/1721
f 3418/1457/1565 3572/1610/1719 3408/4881/1555 3407/1447/1554
f 3581/1619/1728 3585/1623/1732 3587/1625/1734 3582/1620/1729
f 3426/1465/1573 3580/1618/1727 3416/1455/1563 3415/1454/1562
f 3589/1627/1736 3593/1631/1740 3595/1633/1742 3590/1628/1737
f 3434/1473/1581 3588/1626/1735 3424/1463/1571 3423/1462/1570
f 3597/1635/1744 3601/1639/1748 3603/1641/1750 3598/1636/1745
f 3442/1481/1589 3596/1634/1743 3432/1471/1579 3431/1470/1578
f 3605/1643/1752 3609/1647/1756 3611/1649/1758 3606/1644/1753
f 3450/1489/1597 3604/1642/1751 3440/1479/1587 3439/1478/1586
f 3613/1651/1760 3617/1655/1764 3619/1657/1766 3614/1652/1761
f 3458/1497/1605 3612/1650/1759 3448/1487/1595 3447/1486/1594
f 3621/1659/1768 3625/1663/1772 3627/1665/1774 3622/1660/1769
f 3466/1505/1613 3620/1658/1767 3456/1495/1603 3455/1494/1602
f 3629/1667/1776 3633/1671/1780 3635/1673/1782 3630/1668/1777
f 3474/1513/1621 3628/1666/1775 3464/1503/1611 3463/1502/1610
f 3637/1675/1784 3640/1678/1787 3642/1680/1789 3638/1676/1785
f 3481/1520/1628 3636/1674/1783 3472/1511/1619 3471/1510/1618
f 3337/1377/1484 3499/1538/1646 3479/1518/1626 3338/1378/1485
f 3643/1681/1790 3647/1685/1794 3650/1688/1797 3644/1682/1791
f 3488/1527/1635 3651/1689/1798 3500/1539/1647 3489/1528/1636
f 3655/1693/1802 3654/1692/1801 3653/1691/1800 3656/1694/1803
f 3661/1699/1808 3665/1703/1812 3667/1705/1814 3662/1700/1809
f 3506/1545/1653 3652/1690/1799 3486/1525/1633 3485/1524/1632
f 3669/1707/1816 3673/1711/1820 3675/1713/1822 3670/1708/1817
f 3514/1553/1661 3668/1706/1815 3504/1543/1651 3503/1542/1650
f 3677/1715/1824 3681/1719/1828 3683/1721/1830 3678/1716/1825
f 3522/1561/1669 3676/1714/1823 3512/1551/1659 3511/1550/1658
f 3685/1723/1832 3689/1727/1836 3691/1729/1838 3686/1724/1833
f 3530/1569/1677 3684/1722/1831 3520/1559/1667 3519/1558/1666
f 3693/1731/1840 3697/1735/1844 3699/1737/1846 3694/1732/1841
f 3538/1577/1685 3692/1730/1839 3528/1567/1675 3527/1566/1674
f 3701/1739/1848 3705/1743/1852 3707/1745/1854 3702/1740/1849
f 3546/1585/1693 3700/1738/1847 3536/1575/1683 3535/1574/1682
f 3709/1747/1856 3713/1751/1860 3715/1753/1862 3710/1748/1857
f 3554/1593/1701 3708/1746/1855 3544/1583/1691 3543/1582/1690
f 3717/1755/1864 3721/1759/1868 3723/1761/1870 3718/1756/1865
f 3562/1601/1709 3716/1754/1863 3552/1591/1699 3551/1590/1698
f 3725/4906/1872 3729/4907/1876 3731/4882/1878 3726/1764/1873
f 3570/1608/1717 3724/1762/1871 3560/1599/1707 3559/1598/1706
f 3733/1770/1880 3737/1774/1884 3739/1776/1886 3734/1771/1881
f 3578/1616/1725 3732/1769/1879 3568/4883/1715 3567/1606/1714
f 3741/1778/1888 3745/1782/1892 3747/1784/1894 3742/1779/1889
f 3586/1624/1733 3740/1777/1887 3576/1614/1723 3575/1613/1722
f 3749/1786/1896 3753/1790/1900 3755/1792/1902 3750/1787/1897
f 3594/1632/1741 3748/1785/1895 3584/1622/1731 3583/1621/1730
f 3757/1794/1904 3761/1798/1908 3763/1800/1910 3758/1795/1905
f 3602/1640/1749 3756/1793/1903 3592/1630/1739 3591/1629/1738
f 3765/1802/1912 3769/1806/1916 3771/1808/1918 3766/1803/1913
f 3610/1648/1757 3764/1801/1911 3600/1638/1747 3599/1637/1746
f 3773/1810/1920 3777/1814/1924 3779/1816/1926 3774/1811/1921
f 3618/1656/1765 3772/1809/1919 3608/1646/1755 3607/1645/1754
f 3781/1818/1928 3785/1822/1932 3787/1824/1934 3782/1819/1929
f 3626/1664/1773 3780/1817/1927 3616/1654/1763 3615/1653/1762
f 3789/1826/1936 3793/1830/1940 3795/1832/1942 3790/1827/1937
f 3634/1672/1781 3788/1825/1935 3624/1662/1771 3623/1661/1770
f 3797/1834/1944 3800/1837/1947 3802/1839/1949 3798/1835/1945
f 3641/1679/1788 3796/1833/1943 3632/1670/1779 3631/1669/1778
f 3497/1536/1644 3659/1697/1806 3639/1677/1786 3498/1537/1645
f 3803/1840/1950 3806/1843/1953 3808/1845/1955 3804/1841/1951
f 3648/1686/1795 3809/1846/1956 3660/1698/1807 3649/1687/1796
f 3813/1850/1960 3812/1849/1959 3811/1848/1958 3814/1851/1961
f 3817/1854/1964 3820/1857/1967 3821/1858/1968 3818/1855/1965
f 3666/1704/1813 3810/1847/1957 3646/1684/1793 3645/1683/1792
f 3823/1860/1970 3826/1863/1973 3827/1864/1974 3824/1861/1971
f 3674/1712/1821 3822/1859/1969 3664/1702/1811 3663/1701/1810
f 3829/1866/1976 3832/1869/1979 3833/1870/1980 3830/1867/1977
f 3682/1720/1829 3828/1865/1975 3672/1710/1819 3671/1709/1818
f 3835/1872/1982 3838/1875/1985 3839/1876/1986 3836/1873/1983
f 3690/1728/1837 3834/1871/1981 3680/1718/1827 3679/1717/1826
f 3841/1878/1988 3844/1881/1991 3845/1882/1992 3842/1879/1989
f 3698/1736/1845 3840/1877/1987 3688/1726/1835 3687/1725/1834
f 3847/1884/1994 3850/1887/1997 3851/1888/1998 3848/1885/1995
f 3706/1744/1853 3846/1883/1993 3696/1734/1843 3695/1733/1842
f 3853/1890/2000 3856/1893/2003 3857/1894/2004 3854/1891/2001
f 3714/1752/1861 3852/1889/1999 3704/1742/1851 3703/1741/1850
f 3859/1896/2006 3862/1899/2009 3863/1900/2010 3860/1897/2007
f 3722/1760/1869 3858/1895/2005 3712/1750/1859 3711/1749/1858
f 3865/4908/2012 3868/4909/2015 3869/4885/2016 3866/1903/2013
f 3730/1767/1877 3864/1901/2011 3720/1758/1867 3719/1757/1866
f 3871/1908/2018 3874/1911/2021 3875/1912/2022 3872/1909/2019
f 3738/1775/1885 3870/1907/2017 3728/4886/1875 3727/1765/1874
f 3877/1914/2024 3880/1917/2027 3881/1918/2028 3878/1915/2025
f 3746/1783/1893 3876/1913/2023 3736/1773/1883 3735/1772/1882
f 3883/1920/2030 3886/1923/2033 3887/1924/2034 3884/1921/2031
f 3754/1791/1901 3882/1919/2029 3744/1781/1891 3743/1780/1890
f 3889/1926/2036 3892/1929/2039 3893/1930/2040 3890/1927/2037
f 3762/1799/1909 3888/1925/2035 3752/1789/1899 3751/1788/1898
f 3895/1932/2042 3898/1935/2045 3899/1936/2046 3896/1933/2043
f 3770/1807/1917 3894/1931/2041 3760/1797/1907 3759/1796/1906
f 3901/1938/2048 3904/1941/2051 3905/1942/2052 3902/1939/2049
f 3778/1815/1925 3900/1937/2047 3768/1805/1915 3767/1804/1914
f 3907/1944/2054 3910/1947/2057 3911/1948/2058 3908/1945/2055
f 3786/1823/1933 3906/1943/2053 3776/1813/1923 3775/1812/1922
f 3913/1950/2060 3916/1953/2063 3917/1954/2064 3914/1951/2061
f 3794/1831/1941 3912/1949/2059 3784/1821/1931 3783/1820/1930
f 3919/1956/2066 3921/1958/2068 3922/1959/2069 3920/1957/2067
f 3801/1838/1948 3918/1955/2065 3792/1829/1939 3791/1828/1938
f 3657/1695/1804 3816/1853/1963 3799/1836/1946 3658/1696/1805
f 2346/392/493 2345/391/492 2357/403/504 3807/1844/1954
f 2333/379/480 2332/378/479 2341/387/488 3805/1842/1952
f 2320/366/467 2319/365/466 2328/374/475 3819/1856/1966
f 2307/353/454 2306/352/453 2315/361/462 3825/1862/1972
f 2294/340/441 2293/339/440 2302/348/449 3831/1868/1978
f 2281/327/428 2280/326/427 2289/335/436 3837/1874/1984
f 2268/314/415 2267/313/414 2276/322/423 3843/1880/1990
f 2255/301/402 2254/300/401 2263/309/410 3849/1886/1996
f 2242/288/389 2241/287/388 2250/296/397 3855/1892/2002
f 2229/275/376 2228/274/375 2237/283/384 3861/1898/2008
f 2216/265/363 2215/4866/362 2224/4884/371 3867/1904/2014
f 2203/253/350 2202/252/349 2211/261/358 3873/1910/2020
f 2184/234/331 2183/233/330 2198/248/345 3879/1916/2026
f 2191/241/338 2179/229/326 2178/228/325 3885/1922/2032
f 2422/468/569 2189/239/336 2188/238/335 3891/1928/2038
f 2411/457/558 2410/456/557 2419/465/566 3897/1934/2044
f 2398/444/545 2397/443/544 2406/452/553 3903/1940/2050
f 2385/431/532 2384/430/531 2393/439/540 3909/1946/2056
f 2372/418/519 2371/417/518 2380/426/527 3915/1952/2062
f 2356/402/503 2355/401/502 2367/413/514 3815/1852/1962
f 1/1999/2110 123/2000/2111 122/2001/2112 2/2002/2113
f 2/2002/2113 122/2001/2112 141/2003/2114 3/2004/2115
f 3/2004/2115 141/2003/2114 140/2005/2116 4/2006/2117
f 4/2006/2117 140/2005/2116 139/4920/2118 5/4947/2119
f 5/2008/2119 139/2007/2118 138/2009/2120 6/2010/2121
f 6/2010/2121 138/2009/2120 137/2011/2122 7/2012/2123
f 7/2012/2123 137/2011/2122 136/2013/2124 8/2014/2125
f 8/2014/2125 136/2013/2124 135/2015/2126 9/2016/2127
f 9/2016/2127 135/2015/2126 134/2017/2128 10/2018/2129
f 10/2018/2129 134/2017/2128 133/2019/2130 11/2020/2131
f 11/2020/2131 133/2019/2130 132/2021/2132 12/2022/2133
f 12/2022/2133 132/2021/2132 131/2023/2134 13/2024/2135
f 13/2024/2135 131/2023/2134 130/2025/2136 14/2026/2137
f 14/2026/2137 130/2025/2136 129/2027/2138 15/2028/2139
f 15/2028/2139 129/2027/2138 128/2029/2140 16/2030/2141
f 16/2030/2141 128/2029/2140 127/2031/2142 17/2032/2143
f 17/2032/2143 127/2031/2142 126/2033/2144 18/2034/2145
f 18/2034/2145 126/2033/2144 125/2035/2146 19/2036/2147
f 19/2036/2147 125/2035/2146 124/2037/2148 20/2038/2149
f 20/2038/2149 124/2037/2148 123/2000/2111 1/1999/2110
f 25/2039/2150 21/2040/2151 29/2041/2152
f 29/2041/2152 21/2040/2151 33/2042/2153
f 33/2042/2153 21/2040/2151 37/4910/2154
f 37/4910/2154 21/2040/2151 41/4911/2155
f 41/2043/2155 21/2040/2151 45/2044/2156
f 45/2044/2156 21/2040/2151 49/2045/2157
f 49/2045/2157 21/2040/2151 53/2046/2158
f 53/2046/2158 21/2040/2151 57/2047/2159
f 57/2047/2159 21/2040/2151 61/2048/2160
f 61/2048/2160 21/2040/2151 65/2049/2161
f 65/2049/2161 21/2040/2151 69/2050/2162
f 69/2050/2162 21/2040/2151 73/2051/2163
f 73/2051/2163 21/2040/2151 77/2052/2164
f 77/2052/2164 21/2040/2151 81/2053/2165
f 81/2053/2165 21/2040/2151 85/2054/2166
f 85/2054/2166 21/2040/2151 89/2055/2167
f 89/2055/2167 21/2040/2151 93/2056/2168
f 93/2056/2168 21/2040/2151 97/2057/2169
f 97/2057/2169 21/2040/2151 101/2058/2170
f 101/2058/2170 21/2040/2151 25/2039/2150
f 24/2059/2171 100/2060/2172 101/2058/2170 25/2039/2150
f 22/2061/2173 98/2062/2174 99/2063/2175 23/2064/2176
f 23/2064/2176 99/2063/2177 100/2060/2172 24/2059/2171
f 25/2039/2150 29/2041/2152 28/2065/2178 24/2059/2171
f 24/2059/2171 28/2065/2178 27/2066/2179 23/2064/2176
f 23/2064/2176 27/2066/2179 26/2067/2180 22/2061/2173
f 29/2041/2152 33/2042/2153 32/2068/2181 28/2065/2178
f 28/2065/2178 32/2068/2181 31/2069/2182 27/2066/2179
f 27/2066/2179 31/2069/2182 30/2070/2183 26/2067/2180
f 33/2042/2153 37/4910/2154 36/4912/2184 32/2068/2181
f 32/2068/2181 36/4912/2184 35/4914/2185 31/2069/2182
f 31/2069/2182 35/4914/2186 34/2071/2187 30/2070/2183
f 37/4910/2154 41/4911/2155 40/4913/2188 36/4912/2184
f 36/4912/2184 40/4913/2188 39/4915/2189 35/4914/2185
f 35/4914/2186 39/4915/2190 38/4916/2191 34/2071/2187
f 41/2043/2155 45/2044/2156 44/2075/2192 40/2072/2188
f 40/2072/2188 44/2075/2192 43/2076/2193 39/2073/2189
f 39/2073/2190 43/2076/2194 42/2077/2195 38/2074/2191
f 45/2044/2156 49/2045/2157 48/2078/2196 44/2075/2192
f 44/2075/2192 48/2078/2196 47/2079/2197 43/2076/2193
f 43/2076/2194 47/2079/2197 46/2080/2198 42/2077/2195
f 49/2045/2157 53/2046/2158 52/2081/2199 48/2078/2196
f 48/2078/2196 52/2081/2199 51/2082/2200 47/2079/2197
f 47/2079/2197 51/2082/2200 50/2083/2201 46/2080/2198
f 53/2046/2158 57/2047/2159 56/2084/2202 52/2081/2199
f 52/2081/2199 56/2084/2202 55/2085/2203 51/2082/2200
f 51/2082/2200 55/2085/2203 54/2086/2204 50/2083/2201
f 57/2047/2159 61/2048/2160 60/2087/2205 56/2084/2202
f 56/2084/2202 60/2087/2205 59/2088/2206 55/2085/2203
f 55/2085/2203 59/2088/2207 58/2089/2208 54/2086/2204
f 61/2048/2160 65/2049/2161 64/2090/2209 60/2087/2205
f 60/2087/2205 64/2090/2209 63/2091/2210 59/2088/2206
f 59/2088/2207 63/2091/2210 62/2092/2211 58/2089/2208
f 65/2049/2161 69/2050/2162 68/2093/2212 64/2090/2209
f 64/2090/2209 68/2093/2212 67/2094/2213 63/2091/2210
f 63/2091/2210 67/2094/2213 66/2095/2214 62/2092/2211
f 69/2050/2162 73/2051/2163 72/2096/2215 68/2093/2212
f 68/2093/2212 72/2096/2215 71/2097/2216 67/2094/2213
f 67/2094/2213 71/2097/2216 70/2098/2217 66/2095/2214
f 73/2051/2163 77/2052/2164 76/2099/2218 72/2096/2215
f 72/2096/2215 76/2099/2218 75/2100/2219 71/2097/2216
f 71/2097/2216 75/2100/2220 74/2101/2221 70/2098/2217
f 77/2052/2164 81/2053/2165 80/2102/2222 76/2099/2218
f 76/2099/2218 80/2102/2222 79/2103/2223 75/2100/2219
f 75/2100/2220 79/2103/2224 78/2104/2225 74/2101/2221
f 81/2053/2165 85/2054/2166 84/2105/2226 80/2102/2222
f 80/2102/2222 84/2105/2226 83/2106/2227 79/2103/2223
f 79/2103/2224 83/2106/2228 82/2107/2229 78/2104/2225
f 85/2054/2166 89/2055/2167 88/2108/2230 84/2105/2226
f 84/2105/2226 88/2108/2230 87/2109/2231 83/2106/2227
f 83/2106/2228 87/2109/2231 86/2110/2232 82/2107/2229
f 89/2055/2167 93/2056/2168 92/2111/2233 88/2108/2230
f 88/2108/2230 92/2111/2233 91/2112/2234 87/2109/2231
f 87/2109/2231 91/2112/2234 90/2113/2235 86/2110/2232
f 93/2056/2168 97/2057/2169 96/2114/2236 92/2111/2233
f 92/2111/2233 96/2114/2236 95/2115/2237 91/2112/2234
f 91/2112/2234 95/2115/2237 94/2116/2238 90/2113/2235
f 97/2057/2169 101/2058/2170 100/2060/2172 96/2114/2236
f 96/2114/2236 100/2060/2172 99/2063/2177 95/2115/2237
f 95/2115/2237 99/2063/2175 98/2062/2174 94/2116/2238
f 162/2117/2239 22/2061/2173 26/2067/2180 163/2118/2240
f 181/2119/2241 98/2062/2174 22/2061/2173 162/2117/2239
f 180/2120/2242 94/2116/2238 98/2062/2174 181/2119/2241
f 179/2121/2243 90/2113/2235 94/2116/2238 180/2120/2242
f 178/2122/2244 86/2110/2232 90/2113/2235 179/2121/2243
f 177/2123/2245 82/2107/2229 86/2110/2232 178/2122/2244
f 176/2124/2246 78/2104/2225 82/2107/2229 177/2123/2245
f 175/2125/2247 74/2101/2221 78/2104/2225 176/2124/2246
f 174/2126/2248 70/2098/2217 74/2101/2221 175/2125/2247
f 173/2127/2249 66/2095/2214 70/2098/2217 174/2126/2248
f 172/2128/2250 62/2092/2211 66/2095/2214 173/2127/2249
f 171/2129/2251 58/2089/2208 62/2092/2211 172/2128/2250
f 170/2130/2252 54/2086/2204 58/2089/2208 171/2129/2251
f 169/2131/2253 50/2083/2201 54/2086/2204 170/2130/2252
f 168/2132/2254 46/2080/2198 50/2083/2201 169/2131/2253
f 167/2133/2255 42/2077/2195 46/2080/2198 168/2132/2254
f 166/2134/2256 38/2074/2191 42/2077/2195 167/2133/2255
f 165/2135/2257 34/2071/2187 38/4916/2191 166/4921/2256
f 164/2136/2258 30/2070/2183 34/2071/2187 165/2135/2257
f 163/2118/2240 26/2067/2180 30/2070/2183 164/2136/2258
f 142/2137/2259 103/2138/2260 102/2139/2261 143/2140/2262
f 161/2141/2263 104/2142/2264 103/2138/2260 142/2137/2259
f 160/2143/2265 105/2144/2266 104/2142/2264 161/2141/2263
f 159/2145/2267 106/2146/2268 105/2144/2266 160/2143/2265
f 158/2147/2269 107/2148/2270 106/2146/2268 159/2145/2267
f 157/2149/2271 108/2150/2272 107/2148/2270 158/2147/2269
f 156/2151/2273 109/2152/2274 108/2150/2272 157/2149/2271
f 155/2153/2275 110/2154/2276 109/2152/2274 156/2151/2273
f 154/2155/2277 111/2156/2278 110/2154/2276 155/2153/2275
f 153/2157/2279 112/2158/2280 111/2156/2278 154/2155/2277
f 152/2159/2281 113/2160/2282 112/2158/2280 153/2157/2279
f 151/2161/2283 114/2162/2284 113/2160/2282 152/2159/2281
f 150/2163/2285 115/2164/2286 114/2162/2284 151/2161/2283
f 149/2165/2287 116/2166/2288 115/2164/2286 150/2163/2285
f 148/2167/2289 117/2168/2290 116/2166/2288 149/2165/2287
f 147/2169/2291 118/2170/2292 117/2168/2290 148/2167/2289
f 146/2171/2293 119/2172/2294 118/2170/2292 147/2169/2291
f 145/4918/2295 120/4925/2296 119/4917/2294 146/4919/2293
f 144/2173/2297 121/2174/2298 120/4925/2296 145/4918/2295
f 143/2140/2262 102/2139/2261 121/2174/2298 144/2173/2297
f 123/2000/2299 142/2137/2300 143/2140/2301 122/2001/2302
f 122/2001/2302 143/2140/2301 144/2173/2303 141/2003/2304
f 141/2003/2304 144/2173/2303 145/4918/2305 140/2005/2306
f 140/2005/2306 145/4918/2305 146/4919/2307 139/4920/2308
f 139/2007/2308 146/2171/2307 147/2169/2309 138/2009/2310
f 138/2009/2310 147/2169/2309 148/2167/2311 137/2011/2312
f 137/2011/2312 148/2167/2311 149/2165/2313 136/2013/2314
f 136/2013/2314 149/2165/2313 150/2163/2315 135/2015/2316
f 135/2015/2316 150/2163/2315 151/2161/2317 134/2017/2318
f 134/2017/2318 151/2161/2317 152/2159/2319 133/2019/2320
f 133/2019/2320 152/2159/2319 153/2157/2321 132/2021/2322
f 132/2021/2322 153/2157/2321 154/2155/2323 131/2023/2324
f 131/2023/2324 154/2155/2323 155/2153/2325 130/2025/2326
f 130/2025/2326 155/2153/2325 156/2151/2327 129/2027/2328
f 129/2027/2328 156/2151/2327 157/2149/2329 128/2029/2330
f 128/2029/2330 157/2149/2329 158/2147/2331 127/2031/2332
f 127/2031/2332 158/2147/2331 159/2145/2333 126/2033/2334
f 126/2033/2334 159/2145/2333 160/2143/2335 125/2035/2336
f 125/2035/2336 160/2143/2335 161/2141/2337 124/2037/2338
f 124/2037/2338 161/2141/2337 142/2137/2300 123/2000/2299
f 183/2175/2339 162/2117/2340 163/2118/2341 182/2176/2342
f 184/2177/2343 181/2119/2344 162/2117/2340 183/2175/2339
f 185/2178/2345 180/2120/2346 181/2119/2344 184/2177/2343
f 186/2179/2347 179/2121/2348 180/2120/2346 185/2178/2345
f 187/2180/2349 178/2122/2350 179/2121/2348 186/2179/2347
f 188/2181/2351 177/2123/2352 178/2122/2350 187/2180/2349
f 189/2182/2353 176/2124/2354 177/2123/2352 188/2181/2351
f 190/2183/2355 175/2125/2356 176/2124/2354 189/2182/2353
f 191/2184/2357 174/2126/2358 175/2125/2356 190/2183/2355
f 192/2185/2359 173/2127/2360 174/2126/2358 191/2184/2357
f 193/2186/2361 172/2128/2362 173/2127/2360 192/2185/2359
f 194/2187/2363 171/2129/2364 172/2128/2362 193/2186/2361
f 195/2188/2365 170/2130/2366 171/2129/2364 194/2187/2363
f 196/2189/2367 169/2131/2368 170/2130/2366 195/2188/2365
f 197/2190/2369 168/2132/2370 169/2131/2368 196/2189/2367
f 198/2191/2371 167/2133/2372 168/2132/2370 197/2190/2369
f 199/2192/2373 166/2134/2374 167/2133/2372 198/2191/2371
f 200/2193/2375 165/2135/2376 166/4921/2374 199/4922/2373
f 201/2194/2377 164/2136/2378 165/2135/2376 200/2193/2375
f 182/2176/2342 163/2118/2341 164/2136/2378 201/2194/2377
f 203/2195/2379 183/2175/2380 182/2176/2381 202/2196/2382
f 204/2197/2383 184/2177/2384 183/2175/2380 203/2195/2379
f 205/2198/2385 185/2178/2386 184/2177/2384 204/2197/2383
f 206/2199/2387 186/2179/2388 185/2178/2386 205/2198/2385
f 207/2200/2389 187/2180/2390 186/2179/2388 206/2199/2387
f 208/2201/2391 188/2181/2392 187/2180/2390 207/2200/2389
f 209/2202/2393 189/2182/2394 188/2181/2392 208/2201/2391
f 210/2203/2395 190/2183/2396 189/2182/2394 209/2202/2393
f 211/2204/2397 191/2184/2398 190/2183/2396 210/2203/2395
f 212/2205/2399 192/2185/2400 191/2184/2398 211/2204/2397
f 213/2206/2401 193/2186/2402 192/2185/2400 212/2205/2399
f 214/2207/2403 194/2187/2404 193/2186/2402 213/2206/2401
f 215/2208/2405 195/2188/2406 194/2187/2404 214/2207/2403
f 216/2209/2407 196/2189/2408 195/2188/2406 215/2208/2405
f 217/2210/2409 197/2190/2410 196/2189/2408 216/2209/2407
f 218/2211/2411 198/2191/2412 197/2190/2410 217/2210/2409
f 219/2212/2413 199/2192/2414 198/2191/2412 218/2211/2411
f 220/2213/2415 200/2193/2416 199/4922/2414 219/4926/2413
f 221/2214/2417 201/2194/2418 200/2193/2416 220/2213/2415
f 202/2196/2382 182/2176/2381 201/2194/2418 221/2214/2417
f 4083/2215/2419 4084/2216/2420 4085/2217/2421 4086/2218/2422
f 4087/2219/2423 4088/2220/2424 4089/2221/2425 4090/2222/2426
f 223/2223/2427 232/2224/2428 233/2225/2429 225/2226/2430
f 4091/2227/2431 4092/2228/2432 4093/2229/2433 4094/2230/2434
f 225/2226/2435 226/2231/2436 227/2232/2437 224/2233/2438
f 226/2231/2436 1875/2234/2439 1876/2235/2440 229/2236/2441
f 228/2237/2442 237/2238/2443 235/2239/2444 227/2232/2437
f 229/2236/2441 1870/2240/2445 1871/2241/2446 228/2237/2442
f 4095/2242/2447 4096/2243/2448 4097/2244/2449 4098/2245/2450
f 231/2246/2451 1879/2247/2452 1880/2248/2453 234/2249/2454
f 232/2224/2428 380/2250/2455 381/2251/2456 231/2246/2451
f 234/2249/2454 1874/2252/2457 1875/2234/2439 233/2225/2429
f 4099/2253/2458 4100/2254/2459 4101/2255/2460 4102/2256/2461
f 237/2238/2462 238/2257/2463 239/2258/2464 236/2259/2465
f 238/2257/2463 1871/2241/2446 1872/2260/2466 241/2261/2467
f 240/2262/2468 245/2263/2469 243/2264/2470 239/2258/2464
f 241/2261/2467 1866/2265/2471 1867/2266/2472 240/2262/2468
f 4103/2267/2473 4104/2268/2474 4105/2269/2475 4106/2270/2476
f 4107/2271/2477 4108/2272/2478 4109/2273/2479 4110/2274/2480
f 245/2263/2481 246/2275/2482 247/2276/2483 244/2277/2484
f 246/2275/2482 1867/2266/2472 1868/2278/2485 249/2279/2486
f 248/2280/2487 253/2281/2488 251/2282/2489 247/2276/2483
f 249/2279/2486 1862/2283/2490 1863/2284/2491 248/2280/2487
f 4111/2285/2492 4112/2286/2493 4113/2287/2494 4114/2288/2495
f 4115/2289/2496 4116/2290/2497 4117/2291/2498 4118/2292/2499
f 253/2281/2500 254/2293/2501 255/4952/2502 252/4923/2503
f 254/2293/2501 1863/2284/2491 1864/4953/2504 257/4927/2505
f 256/2296/2506 261/2297/2507 259/2298/2508 255/2294/2502
f 257/2295/2505 1858/2299/2509 1859/2300/2510 256/2296/2506
f 4119/2301/2511 4120/2302/2512 4121/2303/2513 4122/2304/2514
f 4123/2305/2515 4124/2306/2516 4125/2307/2517 4126/2308/2518
f 261/2297/2519 262/2309/2520 263/2310/2521 260/2311/2522
f 262/2309/2520 1859/2300/2510 1860/2312/2523 265/2313/2524
f 264/2314/2525 269/2315/2526 267/2316/2527 263/2310/2521
f 265/2313/2524 1854/2317/2528 1855/2318/2529 264/2314/2525
f 4127/2319/2530 4128/2320/2531 4129/2321/2532 4130/2322/2533
f 4131/2323/2534 4132/2324/2535 4133/2325/2536 4134/2326/2537
f 269/2315/2538 270/2327/2539 271/2328/2540 268/2329/2541
f 270/2327/2539 1855/2318/2529 1856/2330/2542 273/2331/2543
f 272/2332/2544 277/2333/2545 275/2334/2546 271/2328/2540
f 273/2331/2543 1850/2335/2547 1851/2336/2548 272/2332/2544
f 4135/2337/2549 4136/2338/2550 4137/2339/2551 4138/2340/2552
f 4139/2341/2553 4140/2342/2554 4141/2343/2555 4142/2344/2556
f 277/2333/2557 278/2345/2558 279/2346/2559 276/2347/2560
f 278/2345/2558 1851/2336/2548 1852/2348/2561 281/2349/2562
f 280/2350/2563 285/2351/2564 283/2352/2565 279/2346/2559
f 281/2349/2562 1846/2353/2566 1847/2354/2567 280/2350/2563
f 4143/2355/2568 4144/2356/2569 4145/2357/2570 4146/2358/2571
f 4147/2359/2572 4148/2360/2573 4149/2361/2574 4150/2362/2575
f 285/2351/2576 286/2363/2577 287/2364/2578 284/2365/2579
f 286/2363/2577 1847/2354/2567 1848/2366/2580 289/2367/2581
f 288/2368/2582 293/2369/2583 291/2370/2584 287/2364/2578
f 289/2367/2581 1842/2371/2585 1843/2372/2586 288/2368/2582
f 4151/2373/2587 4152/2374/2588 4153/2375/2589 4154/2376/2590
f 4155/2377/2591 4156/2378/2592 4157/2379/2593 4158/2380/2594
f 293/2369/2595 294/2381/2596 295/2382/2597 292/2383/2598
f 294/2381/2596 1843/2372/2586 1844/2384/2599 297/2385/2600
f 296/2386/2601 301/2387/2602 299/2388/2603 295/2382/2597
f 297/2385/2600 1838/2389/2604 1839/2390/2605 296/2386/2601
f 4159/2391/2606 4160/2392/2607 4161/2393/2608 4162/2394/2609
f 4163/2395/2610 4164/2396/2611 4165/2397/2612 4166/2398/2613
f 301/2387/2614 302/2399/2615 303/2400/2616 300/2401/2617
f 302/2399/2615 1839/2390/2605 1840/2402/2618 305/2403/2619
f 304/2404/2620 309/2405/2621 307/2406/2622 303/2400/2616
f 305/2403/2619 1834/2407/2623 1835/2408/2624 304/2404/2620
f 4167/2409/2625 4168/2410/2626 4169/2411/2627 4170/2412/2628
f 4171/2413/2629 4172/2414/2630 4173/2415/2631 4174/2416/2632
f 309/2405/2633 310/2417/2634 311/2418/2635 308/2419/2636
f 310/2417/2634 1835/2408/2624 1836/2420/2637 313/2421/2638
f 312/2422/2639 317/2423/2640 315/2424/2641 311/2418/2635
f 313/2421/2638 1830/2425/2642 1831/2426/2643 312/2422/2639
f 4175/2427/2644 4176/2428/2645 4177/2429/2646 4178/2430/2647
f 4179/2431/2648 4180/2432/2649 4181/2433/2650 4182/2434/2651
f 317/2423/2652 318/2435/2653 319/2436/2654 316/2437/2655
f 318/2435/2653 1831/2426/2643 1832/2438/2656 321/2439/2657
f 320/2440/2658 325/2441/2659 323/2442/2660 319/2436/2654
f 321/2439/2657 1826/2443/2661 1827/2444/2662 320/2440/2658
f 4183/2445/2663 4184/2446/2664 4185/2447/2665 4186/2448/2666
f 4187/2449/2667 4188/2450/2668 4189/2451/2669 4190/2452/2670
f 325/2441/2671 326/2453/2672 327/2454/2673 324/2455/2674
f 326/2453/2672 1827/2444/2662 1828/2456/2675 329/2457/2676
f 328/2458/2677 333/2459/2678 331/2460/2679 327/2454/2673
f 329/2457/2676 1822/2461/2680 1823/2462/2681 328/2458/2677
f 4191/2463/2682 4192/2464/2683 4193/2465/2684 4194/2466/2685
f 4195/2467/2686 4196/2468/2687 4197/2469/2688 4198/2470/2689
f 333/2459/2690 335/2471/2691 336/2472/2692 332/2473/2693
f 334/2474/2694 1898/2475/2695 1899/2476/2696 337/2477/2697
f 335/2471/2691 1823/2462/2681 1824/2478/2698 334/2474/2694
f 337/2477/2697 341/2479/2699 339/2480/2700 336/2472/2692
f 4199/2481/2701 4200/2482/2702 4201/2483/2703 4202/2484/2704
f 4203/2485/2705 4204/2486/2706 4205/2487/2707 4206/2488/2708
f 341/2479/2709 342/2489/2710 343/2490/2711 340/2491/2712
f 342/2489/2710 1899/2476/2696 1900/2492/2713 345/2493/2714
f 344/2494/2715 349/2495/2716 347/2496/2717 343/2490/2711
f 345/2493/2714 1894/2497/2718 1895/2498/2719 344/2494/2715
f 4207/2499/2720 4208/2500/2721 4209/2501/2722 4210/2502/2723
f 4211/2503/2724 4212/2504/2725 4213/2505/2726 4214/2506/2727
f 349/2495/2728 350/2507/2729 351/2508/2730 348/2509/2731
f 350/2507/2729 1895/2498/2719 1896/2510/2732 353/2511/2733
f 352/2512/2734 357/2513/2735 355/2514/2736 351/2508/2730
f 353/2511/2733 1890/2515/2737 1891/2516/2738 352/2512/2734
f 4215/2517/2739 4216/2518/2740 4217/2519/2741 4218/2520/2742
f 4219/2521/2743 4220/2522/2744 4221/2523/2745 4222/2524/2746
f 357/2513/2747 358/2525/2748 359/2526/2749 356/2527/2750
f 358/2525/2748 1891/2516/2738 1892/2528/2751 361/2529/2752
f 360/2530/2753 365/2531/2754 363/2532/2755 359/2526/2749
f 361/2529/2752 1886/2533/2756 1887/2534/2757 360/2530/2753
f 4223/2535/2758 4224/2536/2759 4225/2537/2760 4226/2538/2761
f 4227/2539/2762 4228/2540/2763 4229/2541/2764 4230/2542/2765
f 365/2531/2766 366/2543/2767 367/2544/2768 364/2545/2769
f 366/2543/2767 1887/2534/2757 1888/2546/2770 369/2547/2771
f 368/2548/2772 373/2549/2773 371/2550/2774 367/2544/2768
f 369/2547/2771 1882/2551/2775 1883/2552/2776 368/2548/2772
f 4231/2553/2777 4232/2554/2778 4233/2555/2779 4234/2556/2780
f 4235/2557/2781 4236/2558/2782 4237/2559/2783 4238/2560/2784
f 373/2549/2785 374/2561/2786 375/2562/2787 372/2563/2788
f 374/2561/2786 1883/2552/2776 1884/2564/2789 377/2565/2790
f 376/2566/2791 381/2251/2792 379/2567/2793 375/2562/2787
f 377/2565/2790 1878/2568/2794 1879/2247/2452 376/2566/2791
f 4239/2569/2795 4240/2570/2796 4241/2571/2797 4242/2572/2798
f 382/2573/2799 560/2574/2800 561/2575/2801 385/2576/2802
f 383/2577/2803 549/2578/2804 546/2579/2805 382/2573/2799
f 384/2580/2806 386/2581/2807 387/2582/2808 383/2577/2803
f 385/2576/2802 400/2583/2809 401/2584/2810 384/2580/2806
f 4243/2585/2811 4244/2586/2812 4245/2587/2813 4246/2588/2814
f 388/2589/2815 391/2590/2816 392/2591/2817 387/2582/2818
f 4247/2592/2819 4248/2593/2820 4249/2594/2821 4250/2595/2822
f 4251/2596/2823 4252/2597/2824 4253/2598/2825 4254/2599/2826
f 390/2600/2827 701/2601/2828 698/2602/2829 393/2603/2830
f 391/2590/2816 539/2604/2831 540/2605/2832 390/2600/2827
f 393/2603/2830 548/2606/2833 549/2578/2804 392/2591/2817
f 4255/2607/2834 4256/2608/2835 4257/2609/2836 4258/2610/2837
f 395/2611/2838 568/2612/2839 569/2613/2840 398/2614/2841
f 396/2615/2842 561/2575/2801 558/2616/2843 395/2611/2838
f 397/2617/2844 399/2618/2845 400/2583/2846 396/2615/2842
f 398/2614/2841 408/2619/2847 409/2620/2848 397/2617/2844
f 4259/2621/2849 4260/2622/2850 4261/2623/2851 4262/2624/2852
f 4263/2625/2853 4264/2626/2854 4265/2627/2855 4266/2628/2856
f 403/2629/2857 576/2630/2858 577/2631/2859 406/2632/2860
f 404/2633/2861 569/2613/2840 566/2634/2862 403/2629/2857
f 405/2635/2863 407/2636/2864 408/2619/2865 404/2633/2861
f 406/2632/2860 416/2637/2866 417/2638/2867 405/2635/2863
f 4267/2639/2868 4268/2640/2869 4269/2641/2870 4270/2642/2871
f 4271/2643/2872 4272/2644/2873 4273/2645/2874 4274/2646/2875
f 411/2647/2876 584/2648/2877 585/2649/2878 414/2650/2879
f 412/2651/2880 577/2631/2859 574/2652/2881 411/2647/2876
f 413/2653/2882 415/2654/2883 416/2637/2884 412/2651/2880
f 414/2650/2879 424/2655/2885 425/2656/2886 413/2653/2882
f 4275/2657/2887 4276/2658/2888 4277/2659/2889 4278/2660/2890
f 4279/2661/2891 4280/2662/2892 4281/2663/2893 4282/2664/2894
f 419/2665/2895 592/2666/2896 593/2667/2897 422/2668/2898
f 420/2669/2899 585/2649/2878 582/2670/2900 419/2665/2895
f 421/2671/2901 423/2672/2902 424/2655/2903 420/2669/2899
f 422/2668/2898 432/2673/2904 433/2674/2905 421/2671/2901
f 4283/2675/2906 4284/2676/2907 4285/2677/2908 4286/2678/2909
f 4287/2679/2910 4288/2680/2911 4289/2681/2912 4290/2682/2913
f 427/2683/2914 600/2684/2915 601/2685/2916 430/2686/2917
f 428/2687/2918 593/2667/2897 590/2688/2919 427/2683/2914
f 429/2689/2920 431/2690/2921 432/2673/2922 428/2687/2918
f 430/2686/2917 440/2691/2923 441/2692/2924 429/2689/2920
f 4291/2693/2925 4292/2694/2926 4293/2695/2927 4294/2696/2928
f 4295/2697/2929 4296/2698/2930 4297/2699/2931 4298/2700/2932
f 435/2701/2933 608/2702/2934 609/2703/2935 438/2704/2936
f 436/2705/2937 601/2685/2916 598/2706/2938 435/2701/2933
f 437/2707/2939 439/2708/2940 440/2691/2941 436/2705/2937
f 438/2704/2936 448/2709/2942 449/2710/2943 437/2707/2939
f 4299/2711/2944 4300/2712/2945 4301/2713/2946 4302/2714/2947
f 4303/2715/2948 4304/2716/2949 4305/2717/2950 4306/2718/2951
f 443/2719/2952 616/2720/2953 617/2721/2954 446/2722/2955
f 444/2723/2956 609/2703/2935 606/2724/2957 443/2719/2952
f 445/2725/2958 447/2726/2959 448/2709/2960 444/2723/2956
f 446/2722/2955 456/2727/2961 457/2728/2962 445/2725/2958
f 4307/2729/2963 4308/2730/2964 4309/2731/2965 4310/2732/2966
f 4311/2733/2967 4312/2734/2968 4313/2735/2969 4314/2736/2970
f 451/2737/2971 624/2738/2972 625/2739/2973 454/2740/2974
f 452/2741/2975 617/2721/2954 614/2742/2976 451/2737/2971
f 453/2743/2977 455/2744/2978 456/2727/2979 452/2741/2975
f 454/2740/2974 464/2745/2980 465/2746/2981 453/2743/2977
f 4315/2747/2982 4316/2748/2983 4317/2749/2984 4318/2750/2985
f 4319/2751/2986 4320/2752/2987 4321/2753/2988 4322/2754/2989
f 459/4955/2990 632/4959/2991 633/2756/2992 462/2757/2993
f 460/2758/2994 625/2739/2973 622/2759/2995 459/2755/2990
f 461/2760/2996 463/2761/2997 464/2745/2998 460/2758/2994
f 462/2757/2993 472/4924/2999 473/2762/3000 461/4929/2996
f 4323/2763/3001 4324/2764/3002 4325/2765/3003 4326/2766/3004
f 4327/2767/3005 4328/2768/3006 4329/2769/3007 4330/2770/3008
f 467/2771/3009 640/2772/3010 641/2773/3011 470/2774/3012
f 468/2775/3013 633/2756/2992 630/2776/3014 467/2771/3009
f 469/2777/3015 471/2778/3016 472/4924/3017 468/2775/3013
f 470/2774/3012 480/2779/3018 481/2780/3019 469/2777/3015
f 4331/2781/3020 4332/2782/3021 4333/2783/3022 4334/2784/3023
f 4335/2785/3024 4336/2786/3025 4337/2787/3026 4338/2788/3027
f 475/2789/3028 648/2790/3029 649/2791/3030 478/2792/3031
f 476/2793/3032 641/2773/3011 638/2794/3033 475/2789/3028
f 477/2795/3034 479/2796/3035 480/2779/3036 476/2793/3032
f 478/2792/3031 488/2797/3037 489/2798/3038 477/2795/3034
f 4339/2799/3039 4340/2800/3040 4341/2801/3041 4342/2802/3042
f 4343/2803/3043 4344/2804/3044 4345/2805/3045 4346/2806/3046
f 483/2807/3047 656/2808/3048 657/2809/3049 486/2810/3050
f 484/2811/3051 649/2791/3030 646/2812/3052 483/2807/3047
f 485/2813/3053 487/2814/3054 488/2797/3055 484/2811/3051
f 486/2810/3050 496/2815/3056 497/2816/3057 485/2813/3053
f 4347/2817/3058 4348/2818/3059 4349/2819/3060 4350/2820/3061
f 4351/2821/3062 4352/2822/3063 4353/2823/3064 4354/2824/3065
f 491/2825/3066 664/2826/3067 665/2827/3068 494/2828/3069
f 492/2829/3070 657/2809/3049 654/2830/3071 491/2825/3066
f 493/2831/3072 495/2832/3073 496/2815/3074 492/2829/3070
f 494/2828/3069 504/2833/3075 505/2834/3076 493/2831/3072
f 4355/2835/3077 4356/2836/3078 4357/2837/3079 4358/2838/3080
f 4359/2839/3081 4360/2840/3082 4361/2841/3083 4362/2842/3084
f 499/2843/3085 672/2844/3086 673/2845/3087 502/2846/3088
f 500/2847/3089 665/2827/3068 662/2848/3090 499/2843/3085
f 501/2849/3091 503/2850/3092 504/2833/3093 500/2847/3089
f 502/2846/3088 512/2851/3094 513/2852/3095 501/2849/3091
f 4363/2853/3096 4364/2854/3097 4365/2855/3098 4366/2856/3099
f 4367/2857/3100 4368/2858/3101 4369/2859/3102 4370/2860/3103
f 507/2861/3104 680/2862/3105 681/2863/3106 510/2864/3107
f 508/2865/3108 673/2845/3087 670/2866/3109 507/2861/3104
f 509/2867/3110 511/2868/3111 512/2851/3112 508/2865/3108
f 510/2864/3107 520/2869/3113 521/2870/3114 509/2867/3110
f 4371/2871/3115 4372/2872/3116 4373/2873/3117 4374/2874/3118
f 4375/2875/3119 4376/2876/3120 4377/2877/3121 4378/2878/3122
f 515/2879/3123 688/2880/3124 689/2881/3125 518/2882/3126
f 516/2883/3127 681/2863/3106 678/2884/3128 515/2879/3123
f 517/2885/3129 519/2886/3130 520/2869/3131 516/2883/3127
f 518/2882/3126 528/2887/3132 529/2888/3133 517/2885/3129
f 4379/2889/3134 4380/2890/3135 4381/2891/3136 4382/2892/3137
f 4383/2893/3138 4384/2894/3139 4385/2895/3140 4386/2896/3141
f 523/2897/3142 696/2898/3143 697/2899/3144 526/2900/3145
f 524/2901/3146 689/2881/3125 686/2902/3147 523/2897/3142
f 525/2903/3148 527/2904/3149 528/2887/3150 524/2901/3146
f 526/2900/3145 536/2905/3151 537/2906/3152 525/2903/3148
f 4387/2907/3153 4388/2908/3154 4389/2909/3155 4390/2910/3156
f 4391/2911/3157 4392/2912/3158 4393/2913/3159 4394/2914/3160
f 531/2915/3161 700/2916/3162 701/2601/2828 534/2917/3163
f 532/2918/3164 697/2899/3144 694/2919/3165 531/2915/3161
f 533/2920/3166 535/2921/3167 536/2905/3168 532/2918/3164
f 534/2917/3163 540/2605/3169 541/2922/3170 533/2920/3166
f 4395/2923/3171 4396/2924/3172 4397/2925/3173 4398/2926/3174
f 4399/2927/3175 4400/2928/3176 4401/2929/3177 4402/2930/3178
f 542/2931/3179 720/2932/3180 721/2933/3181 545/2934/3182
f 543/2935/3183 709/2936/3184 706/2937/3185 542/2931/3179
f 544/2938/3186 546/2579/2805 547/2939/3187 543/2935/3183
f 545/2934/3182 559/2940/3188 560/2574/2800 544/2938/3186
f 548/2606/2833 551/2941/3189 552/2942/3190 547/2939/3187
f 550/2943/3191 861/2944/3192 858/2945/3193 553/2946/3194
f 551/2941/3189 698/2602/2829 699/2947/3195 550/2943/3191
f 553/2946/3194 708/2948/3196 709/2936/3184 552/2942/3190
f 554/2949/3197 728/2950/3198 729/2951/3199 557/2952/3200
f 555/2953/3201 721/2933/3181 718/2954/3202 554/2949/3197
f 556/2955/3203 558/2616/2843 559/2940/3188 555/2953/3201
f 557/2952/3200 567/2956/3204 568/2612/2839 556/2955/3203
f 562/2957/3205 736/2958/3206 737/2959/3207 565/2960/3208
f 563/2961/3209 729/2951/3199 726/2962/3210 562/2957/3205
f 564/2963/3211 566/2634/2862 567/2956/3204 563/2961/3209
f 565/2960/3208 575/2964/3212 576/2630/2858 564/2963/3211
f 570/2965/3213 744/2966/3214 745/2967/3215 573/2968/3216
f 571/2969/3217 737/2959/3207 734/2970/3218 570/2965/3213
f 572/2971/3219 574/2652/2881 575/2964/3212 571/2969/3217
f 573/2968/3216 583/2972/3220 584/2648/2877 572/2971/3219
f 578/2973/3221 752/2974/3222 753/2975/3223 581/2976/3224
f 579/2977/3225 745/2967/3215 742/2978/3226 578/2973/3221
f 580/2979/3227 582/2670/2900 583/2972/3220 579/2977/3225
f 581/2976/3224 591/2980/3228 592/2666/2896 580/2979/3227
f 586/2981/3229 760/2982/3230 761/2983/3231 589/2984/3232
f 587/2985/3233 753/2975/3223 750/2986/3234 586/2981/3229
f 588/2987/3235 590/2688/2919 591/2980/3228 587/2985/3233
f 589/2984/3232 599/2988/3236 600/2684/2915 588/2987/3235
f 594/2989/3237 768/2990/3238 769/2991/3239 597/2992/3240
f 595/2993/3241 761/2983/3231 758/2994/3242 594/2989/3237
f 596/2995/3243 598/2706/2938 599/2988/3236 595/2993/3241
f 597/2992/3240 607/2996/3244 608/2702/2934 596/2995/3243
f 602/2997/3245 776/2998/3246 777/2999/3247 605/3000/3248
f 603/3001/3249 769/2991/3239 766/3002/3250 602/2997/3245
f 604/3003/3251 606/2724/2957 607/2996/3244 603/3001/3249
f 605/3000/3248 615/3004/3252 616/2720/2953 604/3003/3251
f 610/3005/3253 784/3006/3254 785/3007/3255 613/3008/3256
f 611/3009/3257 777/2999/3247 774/3010/3258 610/3005/3253
f 612/3011/3259 614/2742/2976 615/3004/3252 611/3009/3257
f 613/3008/3256 623/3012/3260 624/2738/2972 612/3011/3259
f 618/4958/3261 792/4961/3262 793/3014/3263 621/3015/3264
f 619/3016/3265 785/3007/3255 782/3017/3266 618/3013/3261
f 620/3018/3267 622/2759/2995 623/3012/3260 619/3016/3265
f 621/3015/3264 631/3019/3268 632/4959/2991 620/4931/3267
f 626/3020/3269 800/3021/3270 801/3022/3271 629/3023/3272
f 627/3024/3273 793/3014/3263 790/3025/3274 626/3020/3269
f 628/3026/3275 630/2776/3014 631/3019/3268 627/3024/3273
f 629/3023/3272 639/3027/3276 640/2772/3010 628/3026/3275
f 634/3028/3277 808/3029/3278 809/3030/3279 637/3031/3280
f 635/3032/3281 801/3022/3271 798/3033/3282 634/3028/3277
f 636/3034/3283 638/2794/3033 639/3027/3276 635/3032/3281
f 637/3031/3280 647/3035/3284 648/2790/3029 636/3034/3283
f 642/3036/3285 816/3037/3286 817/3038/3287 645/3039/3288
f 643/3040/3289 809/3030/3279 806/3041/3290 642/3036/3285
f 644/3042/3291 646/2812/3052 647/3035/3284 643/3040/3289
f 645/3039/3288 655/3043/3292 656/2808/3048 644/3042/3291
f 650/3044/3293 824/3045/3294 825/3046/3295 653/3047/3296
f 651/3048/3297 817/3038/3287 814/3049/3298 650/3044/3293
f 652/3050/3299 654/2830/3071 655/3043/3292 651/3048/3297
f 653/3047/3296 663/3051/3300 664/2826/3067 652/3050/3299
f 658/3052/3301 832/3053/3302 833/3054/3303 661/3055/3304
f 659/3056/3305 825/3046/3295 822/3057/3306 658/3052/3301
f 660/3058/3307 662/2848/3090 663/3051/3300 659/3056/3305
f 661/3055/3304 671/3059/3308 672/2844/3086 660/3058/3307
f 666/3060/3309 840/3061/3310 841/3062/3311 669/3063/3312
f 667/3064/3313 833/3054/3303 830/3065/3314 666/3060/3309
f 668/3066/3315 670/2866/3109 671/3059/3308 667/3064/3313
f 669/3063/3312 679/3067/3316 680/2862/3105 668/3066/3315
f 674/3068/3317 848/3069/3318 849/3070/3319 677/3071/3320
f 675/3072/3321 841/3062/3311 838/3073/3322 674/3068/3317
f 676/3074/3323 678/2884/3128 679/3067/3316 675/3072/3321
f 677/3071/3320 687/3075/3324 688/2880/3124 676/3074/3323
f 682/3076/3325 856/3077/3326 857/3078/3327 685/3079/3328
f 683/3080/3329 849/3070/3319 846/3081/3330 682/3076/3325
f 684/3082/3331 686/2902/3147 687/3075/3324 683/3080/3329
f 685/3079/3328 695/3083/3332 696/2898/3143 684/3082/3331
f 690/3084/3333 860/3085/3334 861/2944/3192 693/3086/3335
f 691/3087/3336 857/3078/3327 854/3088/3337 690/3084/3333
f 692/3089/3338 694/2919/3165 695/3083/3332 691/3087/3336
f 693/3086/3335 699/2947/3195 700/2916/3162 692/3089/3338
f 702/3090/3339 880/3091/3340 881/3092/3341 705/3093/3342
f 703/3094/3343 869/3095/3344 866/3096/3345 702/3090/3339
f 704/3097/3346 706/2937/3185 707/3098/3347 703/3094/3343
f 705/3093/3342 719/3099/3348 720/2932/3180 704/3097/3346
f 708/2948/3196 711/3100/3349 712/3101/3350 707/3098/3347
f 710/3102/3351 1021/3103/3352 1018/3104/3353 713/3105/3354
f 711/3100/3349 858/2945/3193 859/3106/3355 710/3102/3351
f 713/3105/3354 868/3107/3356 869/3095/3344 712/3101/3350
f 714/3108/3357 888/3109/3358 889/3110/3359 717/3111/3360
f 715/3112/3361 881/3092/3341 878/3113/3362 714/3108/3357
f 716/3114/3363 718/2954/3202 719/3099/3348 715/3112/3361
f 717/3111/3360 727/3115/3364 728/2950/3198 716/3114/3363
f 722/3116/3365 896/3117/3366 897/3118/3367 725/3119/3368
f 723/3120/3369 889/3110/3359 886/3121/3370 722/3116/3365
f 724/3122/3371 726/2962/3210 727/3115/3364 723/3120/3369
f 725/3119/3368 735/3123/3372 736/2958/3206 724/3122/3371
f 730/3124/3373 904/3125/3374 905/3126/3375 733/3127/3376
f 731/3128/3377 897/3118/3367 894/3129/3378 730/3124/3373
f 732/3130/3379 734/2970/3218 735/3123/3372 731/3128/3377
f 733/3127/3376 743/3131/3380 744/2966/3214 732/3130/3379
f 738/3132/3381 912/3133/3382 913/3134/3383 741/3135/3384
f 739/3136/3385 905/3126/3375 902/3137/3386 738/3132/3381
f 740/3138/3387 742/2978/3226 743/3131/3380 739/3136/3385
f 741/3135/3384 751/3139/3388 752/2974/3222 740/3138/3387
f 746/3140/3389 920/3141/3390 921/3142/3391 749/3143/3392
f 747/3144/3393 913/3134/3383 910/3145/3394 746/3140/3389
f 748/3146/3395 750/2986/3234 751/3139/3388 747/3144/3393
f 749/3143/3392 759/3147/3396 760/2982/3230 748/3146/3395
f 754/3148/3397 928/3149/3398 929/3150/3399 757/3151/3400
f 755/3152/3401 921/3142/3391 918/3153/3402 754/3148/3397
f 756/3154/3403 758/2994/3242 759/3147/3396 755/3152/3401
f 757/3151/3400 767/3155/3404 768/2990/3238 756/3154/3403
f 762/3156/3405 936/3157/3406 937/3158/3407 765/3159/3408
f 763/3160/3409 929/3150/3399 926/3161/3410 762/3156/3405
f 764/3162/3411 766/3002/3250 767/3155/3404 763/3160/3409
f 765/3159/3408 775/3163/3412 776/2998/3246 764/3162/3411
f 770/3164/3413 944/3165/3414 945/3166/3415 773/3167/3416
f 771/3168/3417 937/3158/3407 934/3169/3418 770/3164/3413
f 772/3170/3419 774/3010/3258 775/3163/3412 771/3168/3417
f 773/3167/3416 783/3171/3420 784/3006/3254 772/3170/3419
f 778/4960/3421 952/4963/3422 953/3173/3423 781/3174/3424
f 779/3175/3425 945/3166/3415 942/3176/3426 778/3172/3421
f 780/3177/3427 782/3017/3266 783/3171/3420 779/3175/3425
f 781/3174/3424 791/3178/3428 792/4961/3262 780/4933/3427
f 786/3179/3429 960/3180/3430 961/3181/3431 789/3182/3432
f 787/3183/3433 953/3173/3423 950/3184/3434 786/3179/3429
f 788/3185/3435 790/3025/3274 791/3178/3428 787/3183/3433
f 789/3182/3432 799/3186/3436 800/3021/3270 788/3185/3435
f 794/3187/3437 968/3188/3438 969/3189/3439 797/3190/3440
f 795/3191/3441 961/3181/3431 958/3192/3442 794/3187/3437
f 796/3193/3443 798/3033/3282 799/3186/3436 795/3191/3441
f 797/3190/3440 807/3194/3444 808/3029/3278 796/3193/3443
f 802/3195/3445 976/3196/3446 977/3197/3447 805/3198/3448
f 803/3199/3449 969/3189/3439 966/3200/3450 802/3195/3445
f 804/3201/3451 806/3041/3290 807/3194/3444 803/3199/3449
f 805/3198/3448 815/3202/3452 816/3037/3286 804/3201/3451
f 810/3203/3453 984/3204/3454 985/3205/3455 813/3206/3456
f 811/3207/3457 977/3197/3447 974/3208/3458 810/3203/3453
f 812/3209/3459 814/3049/3298 815/3202/3452 811/3207/3457
f 813/3206/3456 823/3210/3460 824/3045/3294 812/3209/3459
f 818/3211/3461 992/3212/3462 993/3213/3463 821/3214/3464
f 819/3215/3465 985/3205/3455 982/3216/3466 818/3211/3461
f 820/3217/3467 822/3057/3306 823/3210/3460 819/3215/3465
f 821/3214/3464 831/3218/3468 832/3053/3302 820/3217/3467
f 826/3219/3469 1000/3220/3470 1001/3221/3471 829/3222/3472
f 827/3223/3473 993/3213/3463 990/3224/3474 826/3219/3469
f 828/3225/3475 830/3065/3314 831/3218/3468 827/3223/3473
f 829/3222/3472 839/3226/3476 840/3061/3310 828/3225/3475
f 834/3227/3477 1008/3228/3478 1009/3229/3479 837/3230/3480
f 835/3231/3481 1001/3221/3471 998/3232/3482 834/3227/3477
f 836/3233/3483 838/3073/3322 839/3226/3476 835/3231/3481
f 837/3230/3480 847/3234/3484 848/3069/3318 836/3233/3483
f 842/3235/3485 1016/3236/3486 1017/3237/3487 845/3238/3488
f 843/3239/3489 1009/3229/3479 1006/3240/3490 842/3235/3485
f 844/3241/3491 846/3081/3330 847/3234/3484 843/3239/3489
f 845/3238/3488 855/3242/3492 856/3077/3326 844/3241/3491
f 850/3243/3493 1020/3244/3494 1021/3103/3352 853/3245/3495
f 851/3246/3496 1017/3237/3487 1014/3247/3497 850/3243/3493
f 852/3248/3498 854/3088/3337 855/3242/3492 851/3246/3496
f 853/3245/3495 859/3106/3355 860/3085/3334 852/3248/3498
f 862/3249/3499 1040/3250/3500 1041/3251/3501 865/3252/3502
f 863/3253/3503 1029/3254/3504 1026/3255/3505 862/3249/3499
f 864/3256/3506 866/3096/3345 867/3257/3507 863/3253/3503
f 865/3252/3502 879/3258/3508 880/3091/3340 864/3256/3506
f 868/3107/3356 871/3259/3509 872/3260/3510 867/3257/3507
f 870/3261/3511 1181/3262/3512 1178/3263/3513 873/3264/3514
f 871/3259/3509 1018/3104/3353 1019/3265/3515 870/3261/3511
f 873/3264/3514 1028/3266/3516 1029/3254/3504 872/3260/3510
f 874/3267/3517 1048/3268/3518 1049/3269/3519 877/3270/3520
f 875/3271/3521 1041/3251/3501 1038/3272/3522 874/3267/3517
f 876/3273/3523 878/3113/3362 879/3258/3508 875/3271/3521
f 877/3270/3520 887/3274/3524 888/3109/3358 876/3273/3523
f 882/3275/3525 1056/3276/3526 1057/3277/3527 885/3278/3528
f 883/3279/3529 1049/3269/3519 1046/3280/3530 882/3275/3525
f 884/3281/3531 886/3121/3370 887/3274/3524 883/3279/3529
f 885/3278/3528 895/3282/3532 896/3117/3366 884/3281/3531
f 890/3283/3533 1064/3284/3534 1065/3285/3535 893/3286/3536
f 891/3287/3537 1057/3277/3527 1054/3288/3538 890/3283/3533
f 892/3289/3539 894/3129/3378 895/3282/3532 891/3287/3537
f 893/3286/3536 903/3290/3540 904/3125/3374 892/3289/3539
f 898/3291/3541 1072/3292/3542 1073/3293/3543 901/3294/3544
f 899/3295/3545 1065/3285/3535 1062/3296/3546 898/3291/3541
f 900/3297/3547 902/3137/3386 903/3290/3540 899/3295/3545
f 901/3294/3544 911/3298/3548 912/3133/3382 900/3297/3547
f 906/3299/3549 1080/3300/3550 1081/3301/3551 909/3302/3552
f 907/3303/3553 1073/3293/3543 1070/3304/3554 906/3299/3549
f 908/3305/3555 910/3145/3394 911/3298/3548 907/3303/3553
f 909/3302/3552 919/3306/3556 920/3141/3390 908/3305/3555
f 914/3307/3557 1088/3308/3558 1089/3309/3559 917/3310/3560
f 915/3311/3561 1081/3301/3551 1078/3312/3562 914/3307/3557
f 916/3313/3563 918/3153/3402 919/3306/3556 915/3311/3561
f 917/3310/3560 927/3314/3564 928/3149/3398 916/3313/3563
f 922/3315/3565 1096/3316/3566 1097/3317/3567 925/3318/3568
f 923/3319/3569 1089/3309/3559 1086/3320/3570 922/3315/3565
f 924/3321/3571 926/3161/3410 927/3314/3564 923/3319/3569
f 925/3318/3568 935/3322/3572 936/3157/3406 924/3321/3571
f 930/3323/3573 1104/3324/3574 1105/3325/3575 933/3326/3576
f 931/3327/3577 1097/3317/3567 1094/3328/3578 930/3323/3573
f 932/3329/3579 934/3169/3418 935/3322/3572 931/3327/3577
f 933/3326/3576 943/3330/3580 944/3165/3414 932/3329/3579
f 938/4962/3581 1112/4965/3582 1113/3332/3583 941/3333/3584
f 939/3334/3585 1105/3325/3575 1102/3335/3586 938/3331/3581
f 940/3336/3587 942/3176/3426 943/3330/3580 939/3334/3585
f 941/3333/3584 951/3337/3588 952/4963/3422 940/4935/3587
f 946/3338/3589 1120/3339/3590 1121/3340/3591 949/3341/3592
f 947/3342/3593 1113/3332/3583 1110/3343/3594 946/3338/3589
f 948/3344/3595 950/3184/3434 951/3337/3588 947/3342/3593
f 949/3341/3592 959/3345/3596 960/3180/3430 948/3344/3595
f 954/3346/3597 1128/3347/3598 1129/3348/3599 957/3349/3600
f 955/3350/3601 1121/3340/3591 1118/3351/3602 954/3346/3597
f 956/3352/3603 958/3192/3442 959/3345/3596 955/3350/3601
f 957/3349/3600 967/3353/3604 968/3188/3438 956/3352/3603
f 962/3354/3605 1136/3355/3606 1137/3356/3607 965/3357/3608
f 963/3358/3609 1129/3348/3599 1126/3359/3610 962/3354/3605
f 964/3360/3611 966/3200/3450 967/3353/3604 963/3358/3609
f 965/3357/3608 975/3361/3612 976/3196/3446 964/3360/3611
f 970/3362/3613 1144/3363/3614 1145/3364/3615 973/3365/3616
f 971/3366/3617 1137/3356/3607 1134/3367/3618 970/3362/3613
f 972/3368/3619 974/3208/3458 975/3361/3612 971/3366/3617
f 973/3365/3616 983/3369/3620 984/3204/3454 972/3368/3619
f 978/3370/3621 1152/3371/3622 1153/3372/3623 981/3373/3624
f 979/3374/3625 1145/3364/3615 1142/3375/3626 978/3370/3621
f 980/3376/3627 982/3216/3466 983/3369/3620 979/3374/3625
f 981/3373/3624 991/3377/3628 992/3212/3462 980/3376/3627
f 986/3378/3629 1160/3379/3630 1161/3380/3631 989/3381/3632
f 987/3382/3633 1153/3372/3623 1150/3383/3634 986/3378/3629
f 988/3384/3635 990/3224/3474 991/3377/3628 987/3382/3633
f 989/3381/3632 999/3385/3636 1000/3220/3470 988/3384/3635
f 994/3386/3637 1168/3387/3638 1169/3388/3639 997/3389/3640
f 995/3390/3641 1161/3380/3631 1158/3391/3642 994/3386/3637
f 996/3392/3643 998/3232/3482 999/3385/3636 995/3390/3641
f 997/3389/3640 1007/3393/3644 1008/3228/3478 996/3392/3643
f 1002/3394/3645 1176/3395/3646 1177/3396/3647 1005/3397/3648
f 1003/3398/3649 1169/3388/3639 1166/3399/3650 1002/3394/3645
f 1004/3400/3651 1006/3240/3490 1007/3393/3644 1003/3398/3649
f 1005/3397/3648 1015/3401/3652 1016/3236/3486 1004/3400/3651
f 1010/3402/3653 1180/3403/3654 1181/3262/3512 1013/3404/3655
f 1011/3405/3656 1177/3396/3647 1174/3406/3657 1010/3402/3653
f 1012/3407/3658 1014/3247/3497 1015/3401/3652 1011/3405/3656
f 1013/3404/3655 1019/3265/3515 1020/3244/3494 1012/3407/3658
f 1022/3408/3659 1200/3409/3660 1201/3410/3661 1025/3411/3662
f 1023/3412/3663 1189/3413/3664 1186/3414/3665 1022/3408/3659
f 1024/3415/3666 1026/3255/3505 1027/3416/3667 1023/3412/3663
f 1025/3411/3662 1039/3417/3668 1040/3250/3500 1024/3415/3666
f 1028/3266/3516 1031/3418/3669 1032/3419/3670 1027/3416/3667
f 1030/3420/3671 1341/3421/3672 1338/3422/3673 1033/3423/3674
f 1031/3418/3669 1178/3263/3513 1179/3424/3675 1030/3420/3671
f 1033/3423/3674 1188/3425/3676 1189/3413/3664 1032/3419/3670
f 1034/3426/3677 1208/3427/3678 1209/3428/3679 1037/3429/3680
f 1035/3430/3681 1201/3410/3661 1198/3431/3682 1034/3426/3677
f 1036/3432/3683 1038/3272/3522 1039/3417/3668 1035/3430/3681
f 1037/3429/3680 1047/3433/3684 1048/3268/3518 1036/3432/3683
f 1042/3434/3685 1216/3435/3686 1217/3436/3687 1045/3437/3688
f 1043/3438/3689 1209/3428/3679 1206/3439/3690 1042/3434/3685
f 1044/3440/3691 1046/3280/3530 1047/3433/3684 1043/3438/3689
f 1045/3437/3688 1055/3441/3692 1056/3276/3526 1044/3440/3691
f 1050/3442/3693 1224/3443/3694 1225/3444/3695 1053/3445/3696
f 1051/3446/3697 1217/3436/3687 1214/3447/3698 1050/3442/3693
f 1052/3448/3699 1054/3288/3538 1055/3441/3692 1051/3446/3697
f 1053/3445/3696 1063/3449/3700 1064/3284/3534 1052/3448/3699
f 1058/3450/3701 1232/3451/3702 1233/3452/3703 1061/3453/3704
f 1059/3454/3705 1225/3444/3695 1222/3455/3706 1058/3450/3701
f 1060/3456/3707 1062/3296/3546 1063/3449/3700 1059/3454/3705
f 1061/3453/3704 1071/3457/3708 1072/3292/3542 1060/3456/3707
f 1066/3458/3709 1240/3459/3710 1241/3460/3711 1069/3461/3712
f 1067/3462/3713 1233/3452/3703 1230/3463/3714 1066/3458/3709
f 1068/3464/3715 1070/3304/3554 1071/3457/3708 1067/3462/3713
f 1069/3461/3712 1079/3465/3716 1080/3300/3550 1068/3464/3715
f 1074/3466/3717 1248/3467/3718 1249/3468/3719 1077/3469/3720
f 1075/3470/3721 1241/3460/3711 1238/3471/3722 1074/3466/3717
f 1076/3472/3723 1078/3312/3562 1079/3465/3716 1075/3470/3721
f 1077/3469/3720 1087/3473/3724 1088/3308/3558 1076/3472/3723
f 1082/3474/3725 1256/3475/3726 1257/3476/3727 1085/3477/3728
f 1083/3478/3729 1249/3468/3719 1246/3479/3730 1082/3474/3725
f 1084/3480/3731 1086/3320/3570 1087/3473/3724 1083/3478/3729
f 1085/3477/3728 1095/3481/3732 1096/3316/3566 1084/3480/3731
f 1090/3482/3733 1264/3483/3734 1265/3484/3735 1093/3485/3736
f 1091/3486/3737 1257/3476/3727 1254/3487/3738 1090/3482/3733
f 1092/3488/3739 1094/3328/3578 1095/3481/3732 1091/3486/3737
f 1093/3485/3736 1103/3489/3740 1104/3324/3574 1092/3488/3739
f 1098/4964/3741 1272/4967/3742 1273/3491/3743 1101/3492/3744
f 1099/3493/3745 1265/3484/3735 1262/3494/3746 1098/3490/3741
f 1100/3495/3747 1102/3335/3586 1103/3489/3740 1099/3493/3745
f 1101/3492/3744 1111/3496/3748 1112/4965/3582 1100/4937/3747
f 1106/3497/3749 1280/3498/3750 1281/3499/3751 1109/3500/3752
f 1107/3501/3753 1273/3491/3743 1270/3502/3754 1106/3497/3749
f 1108/3503/3755 1110/3343/3594 1111/3496/3748 1107/3501/3753
f 1109/3500/3752 1119/3504/3756 1120/3339/3590 1108/3503/3755
f 1114/3505/3757 1288/3506/3758 1289/3507/3759 1117/3508/3760
f 1115/3509/3761 1281/3499/3751 1278/3510/3762 1114/3505/3757
f 1116/3511/3763 1118/3351/3602 1119/3504/3756 1115/3509/3761
f 1117/3508/3760 1127/3512/3764 1128/3347/3598 1116/3511/3763
f 1122/3513/3765 1296/3514/3766 1297/3515/3767 1125/3516/3768
f 1123/3517/3769 1289/3507/3759 1286/3518/3770 1122/3513/3765
f 1124/3519/3771 1126/3359/3610 1127/3512/3764 1123/3517/3769
f 1125/3516/3768 1135/3520/3772 1136/3355/3606 1124/3519/3771
f 1130/3521/3773 1304/3522/3774 1305/3523/3775 1133/3524/3776
f 1131/3525/3777 1297/3515/3767 1294/3526/3778 1130/3521/3773
f 1132/3527/3779 1134/3367/3618 1135/3520/3772 1131/3525/3777
f 1133/3524/3776 1143/3528/3780 1144/3363/3614 1132/3527/3779
f 1138/3529/3781 1312/3530/3782 1313/3531/3783 1141/3532/3784
f 1139/3533/3785 1305/3523/3775 1302/3534/3786 1138/3529/3781
f 1140/3535/3787 1142/3375/3626 1143/3528/3780 1139/3533/3785
f 1141/3532/3784 1151/3536/3788 1152/3371/3622 1140/3535/3787
f 1146/3537/3789 1320/3538/3790 1321/3539/3791 1149/3540/3792
f 1147/3541/3793 1313/3531/3783 1310/3542/3794 1146/3537/3789
f 1148/3543/3795 1150/3383/3634 1151/3536/3788 1147/3541/3793
f 1149/3540/3792 1159/3544/3796 1160/3379/3630 1148/3543/3795
f 1154/3545/3797 1328/3546/3798 1329/3547/3799 1157/3548/3800
f 1155/3549/3801 1321/3539/3791 1318/3550/3802 1154/3545/3797
f 1156/3551/3803 1158/3391/3642 1159/3544/3796 1155/3549/3801
f 1157/3548/3800 1167/3552/3804 1168/3387/3638 1156/3551/3803
f 1162/3553/3805 1336/3554/3806 1337/3555/3807 1165/3556/3808
f 1163/3557/3809 1329/3547/3799 1326/3558/3810 1162/3553/3805
f 1164/3559/3811 1166/3399/3650 1167/3552/3804 1163/3557/3809
f 1165/3556/3808 1175/3560/3812 1176/3395/3646 1164/3559/3811
f 1170/3561/3813 1340/3562/3814 1341/3421/3672 1173/3563/3815
f 1171/3564/3816 1337/3555/3807 1334/3565/3817 1170/3561/3813
f 1172/3566/3818 1174/3406/3657 1175/3560/3812 1171/3564/3816
f 1173/3563/3815 1179/3424/3675 1180/3403/3654 1172/3566/3818
f 1182/3567/3819 1360/3568/3820 1361/3569/3821 1185/3570/3822
f 1183/3571/3823 1349/3572/3824 1346/3573/3825 1182/3567/3819
f 1184/3574/3826 1186/3414/3665 1187/3575/3827 1183/3571/3823
f 1185/3570/3822 1199/3576/3828 1200/3409/3660 1184/3574/3826
f 1188/3425/3676 1191/3577/3829 1192/3578/3830 1187/3575/3827
f 1190/3579/3831 1501/3580/3832 1498/3581/3833 1193/3582/3834
f 1191/3577/3829 1338/3422/3673 1339/3583/3835 1190/3579/3831
f 1193/3582/3834 1348/3584/3836 1349/3572/3824 1192/3578/3830
f 1194/3585/3837 1368/3586/3838 1369/3587/3839 1197/3588/3840
f 1195/3589/3841 1361/3569/3821 1358/3590/3842 1194/3585/3837
f 1196/3591/3843 1198/3431/3682 1199/3576/3828 1195/3589/3841
f 1197/3588/3840 1207/3592/3844 1208/3427/3678 1196/3591/3843
f 1202/3593/3845 1376/3594/3846 1377/3595/3847 1205/3596/3848
f 1203/3597/3849 1369/3587/3839 1366/3598/3850 1202/3593/3845
f 1204/3599/3851 1206/3439/3690 1207/3592/3844 1203/3597/3849
f 1205/3596/3848 1215/3600/3852 1216/3435/3686 1204/3599/3851
f 1210/3601/3853 1384/3602/3854 1385/3603/3855 1213/3604/3856
f 1211/3605/3857 1377/3595/3847 1374/3606/3858 1210/3601/3853
f 1212/3607/3859 1214/3447/3698 1215/3600/3852 1211/3605/3857
f 1213/3604/3856 1223/3608/3860 1224/3443/3694 1212/3607/3859
f 1218/3609/3861 1392/3610/3862 1393/3611/3863 1221/3612/3864
f 1219/3613/3865 1385/3603/3855 1382/3614/3866 1218/3609/3861
f 1220/3615/3867 1222/3455/3706 1223/3608/3860 1219/3613/3865
f 1221/3612/3864 1231/3616/3868 1232/3451/3702 1220/3615/3867
f 1226/3617/3869 1400/3618/3870 1401/3619/3871 1229/3620/3872
f 1227/3621/3873 1393/3611/3863 1390/3622/3874 1226/3617/3869
f 1228/3623/3875 1230/3463/3714 1231/3616/3868 1227/3621/3873
f 1229/3620/3872 1239/3624/3876 1240/3459/3710 1228/3623/3875
f 1234/3625/3877 1408/3626/3878 1409/3627/3879 1237/3628/3880
f 1235/3629/3881 1401/3619/3871 1398/3630/3882 1234/3625/3877
f 1236/3631/3883 1238/3471/3722 1239/3624/3876 1235/3629/3881
f 1237/3628/3880 1247/3632/3884 1248/3467/3718 1236/3631/3883
f 1242/3633/3885 1416/3634/3886 1417/3635/3887 1245/3636/3888
f 1243/3637/3889 1409/3627/3879 1406/3638/3890 1242/3633/3885
f 1244/3639/3891 1246/3479/3730 1247/3632/3884 1243/3637/3889
f 1245/3636/3888 1255/3640/3892 1256/3475/3726 1244/3639/3891
f 1250/3641/3893 1424/3642/3894 1425/3643/3895 1253/3644/3896
f 1251/3645/3897 1417/3635/3887 1414/3646/3898 1250/3641/3893
f 1252/3647/3899 1254/3487/3738 1255/3640/3892 1251/3645/3897
f 1253/3644/3896 1263/3648/3900 1264/3483/3734 1252/3647/3899
f 1258/4966/3901 1432/4969/3902 1433/3650/3903 1261/3651/3904
f 1259/3652/3905 1425/3643/3895 1422/3653/3906 1258/3649/3901
f 1260/3654/3907 1262/3494/3746 1263/3648/3900 1259/3652/3905
f 1261/3651/3904 1271/3655/3908 1272/4967/3742 1260/4939/3907
f 1266/3656/3909 1440/3657/3910 1441/3658/3911 1269/3659/3912
f 1267/3660/3913 1433/3650/3903 1430/3661/3914 1266/3656/3909
f 1268/3662/3915 1270/3502/3754 1271/3655/3908 1267/3660/3913
f 1269/3659/3912 1279/3663/3916 1280/3498/3750 1268/3662/3915
f 1274/3664/3917 1448/3665/3918 1449/3666/3919 1277/3667/3920
f 1275/3668/3921 1441/3658/3911 1438/3669/3922 1274/3664/3917
f 1276/3670/3923 1278/3510/3762 1279/3663/3916 1275/3668/3921
f 1277/3667/3920 1287/3671/3924 1288/3506/3758 1276/3670/3923
f 1282/3672/3925 1456/3673/3926 1457/3674/3927 1285/3675/3928
f 1283/3676/3929 1449/3666/3919 1446/3677/3930 1282/3672/3925
f 1284/3678/3931 1286/3518/3770 1287/3671/3924 1283/3676/3929
f 1285/3675/3928 1295/3679/3932 1296/3514/3766 1284/3678/3931
f 1290/3680/3933 1464/3681/3934 1465/3682/3935 1293/3683/3936
f 1291/3684/3937 1457/3674/3927 1454/3685/3938 1290/3680/3933
f 1292/3686/3939 1294/3526/3778 1295/3679/3932 1291/3684/3937
f 1293/3683/3936 1303/3687/3940 1304/3522/3774 1292/3686/3939
f 1298/3688/3941 1472/3689/3942 1473/3690/3943 1301/3691/3944
f 1299/3692/3945 1465/3682/3935 1462/3693/3946 1298/3688/3941
f 1300/3694/3947 1302/3534/3786 1303/3687/3940 1299/3692/3945
f 1301/3691/3944 1311/3695/3948 1312/3530/3782 1300/3694/3947
f 1306/3696/3949 1480/3697/3950 1481/3698/3951 1309/3699/3952
f 1307/3700/3953 1473/3690/3943 1470/3701/3954 1306/3696/3949
f 1308/3702/3955 1310/3542/3794 1311/3695/3948 1307/3700/3953
f 1309/3699/3952 1319/3703/3956 1320/3538/3790 1308/3702/3955
f 1314/3704/3957 1488/3705/3958 1489/3706/3959 1317/3707/3960
f 1315/3708/3961 1481/3698/3951 1478/3709/3962 1314/3704/3957
f 1316/3710/3963 1318/3550/3802 1319/3703/3956 1315/3708/3961
f 1317/3707/3960 1327/3711/3964 1328/3546/3798 1316/3710/3963
f 1322/3712/3965 1496/3713/3966 1497/3714/3967 1325/3715/3968
f 1323/3716/3969 1489/3706/3959 1486/3717/3970 1322/3712/3965
f 1324/3718/3971 1326/3558/3810 1327/3711/3964 1323/3716/3969
f 1325/3715/3968 1335/3719/3972 1336/3554/3806 1324/3718/3971
f 1330/3720/3973 1500/3721/3974 1501/3580/3832 1333/3722/3975
f 1331/3723/3976 1497/3714/3967 1494/3724/3977 1330/3720/3973
f 1332/3725/3978 1334/3565/3817 1335/3719/3972 1331/3723/3976
f 1333/3722/3975 1339/3583/3835 1340/3562/3814 1332/3725/3978
f 1342/3726/3979 1520/3727/3980 1521/3728/3981 1345/3729/3982
f 1343/3730/3983 1509/3731/3984 1506/3732/3985 1342/3726/3979
f 1344/3733/3986 1346/3573/3825 1347/3734/3987 1343/3730/3983
f 1345/3729/3982 1359/3735/3988 1360/3568/3820 1344/3733/3986
f 1348/3584/3836 1351/3736/3989 1352/3737/3990 1347/3734/3987
f 1350/3738/3991 1661/3739/3992 1658/3740/3993 1353/3741/3994
f 1351/3736/3989 1498/3581/3833 1499/3742/3995 1350/3738/3991
f 1353/3741/3994 1508/3743/3996 1509/3731/3984 1352/3737/3990
f 1354/3744/3997 1528/3745/3998 1529/3746/3999 1357/3747/4000
f 1355/3748/4001 1521/3728/3981 1518/3749/4002 1354/3744/3997
f 1356/3750/4003 1358/3590/3842 1359/3735/3988 1355/3748/4001
f 1357/3747/4000 1367/3751/4004 1368/3586/3838 1356/3750/4003
f 1362/3752/4005 1536/3753/4006 1537/3754/4007 1365/3755/4008
f 1363/3756/4009 1529/3746/3999 1526/3757/4010 1362/3752/4005
f 1364/3758/4011 1366/3598/3850 1367/3751/4004 1363/3756/4009
f 1365/3755/4008 1375/3759/4012 1376/3594/3846 1364/3758/4011
f 1370/3760/4013 1544/3761/4014 1545/3762/4015 1373/3763/4016
f 1371/3764/4017 1537/3754/4007 1534/3765/4018 1370/3760/4013
f 1372/3766/4019 1374/3606/3858 1375/3759/4012 1371/3764/4017
f 1373/3763/4016 1383/3767/4020 1384/3602/3854 1372/3766/4019
f 1378/3768/4021 1552/3769/4022 1553/3770/4023 1381/3771/4024
f 1379/3772/4025 1545/3762/4015 1542/3773/4026 1378/3768/4021
f 1380/3774/4027 1382/3614/3866 1383/3767/4020 1379/3772/4025
f 1381/3771/4024 1391/3775/4028 1392/3610/3862 1380/3774/4027
f 1386/3776/4029 1560/3777/4030 1561/3778/4031 1389/3779/4032
f 1387/3780/4033 1553/3770/4023 1550/3781/4034 1386/3776/4029
f 1388/3782/4035 1390/3622/3874 1391/3775/4028 1387/3780/4033
f 1389/3779/4032 1399/3783/4036 1400/3618/3870 1388/3782/4035
f 1394/3784/4037 1568/3785/4038 1569/3786/4039 1397/3787/4040
f 1395/3788/4041 1561/3778/4031 1558/3789/4042 1394/3784/4037
f 1396/3790/4043 1398/3630/3882 1399/3783/4036 1395/3788/4041
f 1397/3787/4040 1407/3791/4044 1408/3626/3878 1396/3790/4043
f 1402/3792/4045 1576/3793/4046 1577/3794/4047 1405/3795/4048
f 1403/3796/4049 1569/3786/4039 1566/3797/4050 1402/3792/4045
f 1404/3798/4051 1406/3638/3890 1407/3791/4044 1403/3796/4049
f 1405/3795/4048 1415/3799/4052 1416/3634/3886 1404/3798/4051
f 1410/3800/4053 1584/3801/4054 1585/3802/4055 1413/3803/4056
f 1411/3804/4057 1577/3794/4047 1574/3805/4058 1410/3800/4053
f 1412/3806/4059 1414/3646/3898 1415/3799/4052 1411/3804/4057
f 1413/3803/4056 1423/3807/4060 1424/3642/3894 1412/3806/4059
f 1418/4968/4061 1592/4971/4062 1593/3809/4063 1421/3810/4064
f 1419/3811/4065 1585/3802/4055 1582/3812/4066 1418/3808/4061
f 1420/3813/4067 1422/3653/3906 1423/3807/4060 1419/3811/4065
f 1421/3810/4064 1431/3814/4068 1432/4969/3902 1420/4941/4067
f 1426/3815/4069 1600/3816/4070 1601/3817/4071 1429/3818/4072
f 1427/3819/4073 1593/3809/4063 1590/3820/4074 1426/3815/4069
f 1428/3821/4075 1430/3661/3914 1431/3814/4068 1427/3819/4073
f 1429/3818/4072 1439/3822/4076 1440/3657/3910 1428/3821/4075
f 1434/3823/4077 1608/3824/4078 1609/3825/4079 1437/3826/4080
f 1435/3827/4081 1601/3817/4071 1598/3828/4082 1434/3823/4077
f 1436/3829/4083 1438/3669/3922 1439/3822/4076 1435/3827/4081
f 1437/3826/4080 1447/3830/4084 1448/3665/3918 1436/3829/4083
f 1442/3831/4085 1616/3832/4086 1617/3833/4087 1445/3834/4088
f 1443/3835/4089 1609/3825/4079 1606/3836/4090 1442/3831/4085
f 1444/3837/4091 1446/3677/3930 1447/3830/4084 1443/3835/4089
f 1445/3834/4088 1455/3838/4092 1456/3673/3926 1444/3837/4091
f 1450/3839/4093 1624/3840/4094 1625/3841/4095 1453/3842/4096
f 1451/3843/4097 1617/3833/4087 1614/3844/4098 1450/3839/4093
f 1452/3845/4099 1454/3685/3938 1455/3838/4092 1451/3843/4097
f 1453/3842/4096 1463/3846/4100 1464/3681/3934 1452/3845/4099
f 1458/3847/4101 1632/3848/4102 1633/3849/4103 1461/3850/4104
f 1459/3851/4105 1625/3841/4095 1622/3852/4106 1458/3847/4101
f 1460/3853/4107 1462/3693/3946 1463/3846/4100 1459/3851/4105
f 1461/3850/4104 1471/3854/4108 1472/3689/3942 1460/3853/4107
f 1466/3855/4109 1640/3856/4110 1641/3857/4111 1469/3858/4112
f 1467/3859/4113 1633/3849/4103 1630/3860/4114 1466/3855/4109
f 1468/3861/4115 1470/3701/3954 1471/3854/4108 1467/3859/4113
f 1469/3858/4112 1479/3862/4116 1480/3697/3950 1468/3861/4115
f 1474/3863/4117 1648/3864/4118 1649/3865/4119 1477/3866/4120
f 1475/3867/4121 1641/3857/4111 1638/3868/4122 1474/3863/4117
f 1476/3869/4123 1478/3709/3962 1479/3862/4116 1475/3867/4121
f 1477/3866/4120 1487/3870/4124 1488/3705/3958 1476/3869/4123
f 1482/3871/4125 1656/3872/4126 1657/3873/4127 1485/3874/4128
f 1483/3875/4129 1649/3865/4119 1646/3876/4130 1482/3871/4125
f 1484/3877/4131 1486/3717/3970 1487/3870/4124 1483/3875/4129
f 1485/3874/4128 1495/3878/4132 1496/3713/3966 1484/3877/4131
f 1490/3879/4133 1660/3880/4134 1661/3739/3992 1493/3881/4135
f 1491/3882/4136 1657/3873/4127 1654/3883/4137 1490/3879/4133
f 1492/3884/4138 1494/3724/3977 1495/3878/4132 1491/3882/4136
f 1493/3881/4135 1499/3742/3995 1500/3721/3974 1492/3884/4138
f 1502/3885/4139 1680/3886/4140 1681/3887/4141 1505/3888/4142
f 1503/3889/4143 1669/3890/4144 1666/3891/4145 1502/3885/4139
f 1504/3892/4146 1506/3732/3985 1507/3893/4147 1503/3889/4143
f 1505/3888/4142 1519/3894/4148 1520/3727/3980 1504/3892/4146
f 1508/3743/3996 1511/3895/4149 1512/3896/4150 1507/3893/4147
f 1510/3897/4151 1821/3898/4152 1818/3899/4153 1513/3900/4154
f 1511/3895/4149 1658/3740/3993 1659/3901/4155 1510/3897/4151
f 1513/3900/4154 1668/3902/4156 1669/3890/4144 1512/3896/4150
f 1514/3903/4157 1688/3904/4158 1689/3905/4159 1517/3906/4160
f 1515/3907/4161 1681/3887/4141 1678/3908/4162 1514/3903/4157
f 1516/3909/4163 1518/3749/4002 1519/3894/4148 1515/3907/4161
f 1517/3906/4160 1527/3910/4164 1528/3745/3998 1516/3909/4163
f 1522/3911/4165 1696/3912/4166 1697/3913/4167 1525/3914/4168
f 1523/3915/4169 1689/3905/4159 1686/3916/4170 1522/3911/4165
f 1524/3917/4171 1526/3757/4010 1527/3910/4164 1523/3915/4169
f 1525/3914/4168 1535/3918/4172 1536/3753/4006 1524/3917/4171
f 1530/3919/4173 1704/3920/4174 1705/3921/4175 1533/3922/4176
f 1531/3923/4177 1697/3913/4167 1694/3924/4178 1530/3919/4173
f 1532/3925/4179 1534/3765/4018 1535/3918/4172 1531/3923/4177
f 1533/3922/4176 1543/3926/4180 1544/3761/4014 1532/3925/4179
f 1538/3927/4181 1712/3928/4182 1713/3929/4183 1541/3930/4184
f 1539/3931/4185 1705/3921/4175 1702/3932/4186 1538/3927/4181
f 1540/3933/4187 1542/3773/4026 1543/3926/4180 1539/3931/4185
f 1541/3930/4184 1551/3934/4188 1552/3769/4022 1540/3933/4187
f 1546/3935/4189 1720/3936/4190 1721/3937/4191 1549/3938/4192
f 1547/3939/4193 1713/3929/4183 1710/3940/4194 1546/3935/4189
f 1548/3941/4195 1550/3781/4034 1551/3934/4188 1547/3939/4193
f 1549/3938/4192 1559/3942/4196 1560/3777/4030 1548/3941/4195
f 1554/3943/4197 1728/3944/4198 1729/3945/4199 1557/3946/4200
f 1555/3947/4201 1721/3937/4191 1718/3948/4202 1554/3943/4197
f 1556/3949/4203 1558/3789/4042 1559/3942/4196 1555/3947/4201
f 1557/3946/4200 1567/3950/4204 1568/3785/4038 1556/3949/4203
f 1562/3951/4205 1736/3952/4206 1737/3953/4207 1565/3954/4208
f 1563/3955/4209 1729/3945/4199 1726/3956/4210 1562/3951/4205
f 1564/3957/4211 1566/3797/4050 1567/3950/4204 1563/3955/4209
f 1565/3954/4208 1575/3958/4212 1576/3793/4046 1564/3957/4211
f 1570/3959/4213 1744/3960/4214 1745/3961/4215 1573/3962/4216
f 1571/3963/4217 1737/3953/4207 1734/3964/4218 1570/3959/4213
f 1572/3965/4219 1574/3805/4058 1575/3958/4212 1571/3963/4217
f 1573/3962/4216 1583/3966/4220 1584/3801/4054 1572/3965/4219
f 1578/4970/4221 1752/4973/4222 1753/3968/4223 1581/3969/4224
f 1579/3970/4225 1745/3961/4215 1742/3971/4226 1578/3967/4221
f 1580/3972/4227 1582/3812/4066 1583/3966/4220 1579/3970/4225
f 1581/3969/4224 1591/3973/4228 1592/4971/4062 1580/4943/4227
f 1586/3974/4229 1760/3975/4230 1761/3976/4231 1589/3977/4232
f 1587/3978/4233 1753/3968/4223 1750/3979/4234 1586/3974/4229
f 1588/3980/4235 1590/3820/4074 1591/3973/4228 1587/3978/4233
f 1589/3977/4232 1599/3981/4236 1600/3816/4070 1588/3980/4235
f 1594/3982/4237 1768/3983/4238 1769/3984/4239 1597/3985/4240
f 1595/3986/4241 1761/3976/4231 1758/3987/4242 1594/3982/4237
f 1596/3988/4243 1598/3828/4082 1599/3981/4236 1595/3986/4241
f 1597/3985/4240 1607/3989/4244 1608/3824/4078 1596/3988/4243
f 1602/3990/4245 1776/3991/4246 1777/3992/4247 1605/3993/4248
f 1603/3994/4249 1769/3984/4239 1766/3995/4250 1602/3990/4245
f 1604/3996/4251 1606/3836/4090 1607/3989/4244 1603/3994/4249
f 1605/3993/4248 1615/3997/4252 1616/3832/4086 1604/3996/4251
f 1610/3998/4253 1784/3999/4254 1785/4000/4255 1613/4001/4256
f 1611/4002/4257 1777/3992/4247 1774/4003/4258 1610/3998/4253
f 1612/4004/4259 1614/3844/4098 1615/3997/4252 1611/4002/4257
f 1613/4001/4256 1623/4005/4260 1624/3840/4094 1612/4004/4259
f 1618/4006/4261 1792/4007/4262 1793/4008/4263 1621/4009/4264
f 1619/4010/4265 1785/4000/4255 1782/4011/4266 1618/4006/4261
f 1620/4012/4267 1622/3852/4106 1623/4005/4260 1619/4010/4265
f 1621/4009/4264 1631/4013/4268 1632/3848/4102 1620/4012/4267
f 1626/4014/4269 1800/4015/4270 1801/4016/4271 1629/4017/4272
f 1627/4018/4273 1793/4008/4263 1790/4019/4274 1626/4014/4269
f 1628/4020/4275 1630/3860/4114 1631/4013/4268 1627/4018/4273
f 1629/4017/4272 1639/4021/4276 1640/3856/4110 1628/4020/4275
f 1634/4022/4277 1808/4023/4278 1809/4024/4279 1637/4025/4280
f 1635/4026/4281 1801/4016/4271 1798/4027/4282 1634/4022/4277
f 1636/4028/4283 1638/3868/4122 1639/4021/4276 1635/4026/4281
f 1637/4025/4280 1647/4029/4284 1648/3864/4118 1636/4028/4283
f 1642/4030/4285 1816/4031/4286 1817/4032/4287 1645/4033/4288
f 1643/4034/4289 1809/4024/4279 1806/4035/4290 1642/4030/4285
f 1644/4036/4291 1646/3876/4130 1647/4029/4284 1643/4034/4289
f 1645/4033/4288 1655/4037/4292 1656/3872/4126 1644/4036/4291
f 1650/4038/4293 1820/4039/4294 1821/3898/4152 1653/4040/4295
f 1651/4041/4296 1817/4032/4287 1814/4042/4297 1650/4038/4293
f 1652/4043/4298 1654/3883/4137 1655/4037/4292 1651/4041/4296
f 1653/4040/4295 1659/3901/4155 1660/3880/4134 1652/4043/4298
f 1662/4044/4299 1828/2456/2675 1829/4045/4300 1665/4046/4301
f 1663/4047/4302 1825/4048/4303 1822/2461/2680 1662/4044/4299
f 1664/4049/4304 1666/3891/4145 1667/4050/4305 1663/4047/4302
f 1665/4046/4301 1679/4051/4306 1680/3886/4140 1664/4049/4304
f 1668/3902/4156 1671/4052/4307 1672/4053/4308 1667/4050/4305
f 1670/4054/4309 1901/4055/4310 1898/2475/2695 1673/4056/4311
f 1671/4052/4307 1818/3899/4153 1819/4057/4312 1670/4054/4309
f 1673/4056/4311 1824/2478/2698 1825/4048/4303 1672/4053/4308
f 1674/4058/4313 1832/2438/2656 1833/4059/4314 1677/4060/4315
f 1675/4061/4316 1829/4045/4300 1826/2443/2661 1674/4058/4313
f 1676/4062/4317 1678/3908/4162 1679/4051/4306 1675/4061/4316
f 1677/4060/4315 1687/4063/4318 1688/3904/4158 1676/4062/4317
f 1682/4064/4319 1836/2420/2637 1837/4065/4320 1685/4066/4321
f 1683/4067/4322 1833/4059/4314 1830/2425/2642 1682/4064/4319
f 1684/4068/4323 1686/3916/4170 1687/4063/4318 1683/4067/4322
f 1685/4066/4321 1695/4069/4324 1696/3912/4166 1684/4068/4323
f 1690/4070/4325 1840/2402/2618 1841/4071/4326 1693/4072/4327
f 1691/4073/4328 1837/4065/4320 1834/2407/2623 1690/4070/4325
f 1692/4074/4329 1694/3924/4178 1695/4069/4324 1691/4073/4328
f 1693/4072/4327 1703/4075/4330 1704/3920/4174 1692/4074/4329
f 1698/4076/4331 1844/2384/2599 1845/4077/4332 1701/4078/4333
f 1699/4079/4334 1841/4071/4326 1838/2389/2604 1698/4076/4331
f 1700/4080/4335 1702/3932/4186 1703/4075/4330 1699/4079/4334
f 1701/4078/4333 1711/4081/4336 1712/3928/4182 1700/4080/4335
f 1706/4082/4337 1848/2366/2580 1849/4083/4338 1709/4084/4339
f 1707/4085/4340 1845/4077/4332 1842/2371/2585 1706/4082/4337
f 1708/4086/4341 1710/3940/4194 1711/4081/4336 1707/4085/4340
f 1709/4084/4339 1719/4087/4342 1720/3936/4190 1708/4086/4341
f 1714/4088/4343 1852/2348/2561 1853/4089/4344 1717/4090/4345
f 1715/4091/4346 1849/4083/4338 1846/2353/2566 1714/4088/4343
f 1716/4092/4347 1718/3948/4202 1719/4087/4342 1715/4091/4346
f 1717/4090/4345 1727/4093/4348 1728/3944/4198 1716/4092/4347
f 1722/4094/4349 1856/2330/2542 1857/4095/4350 1725/4096/4351
f 1723/4097/4352 1853/4089/4344 1850/2335/2547 1722/4094/4349
f 1724/4098/4353 1726/3956/4210 1727/4093/4348 1723/4097/4352
f 1725/4096/4351 1735/4099/4354 1736/3952/4206 1724/4098/4353
f 1730/4100/4355 1860/2312/2523 1861/4101/4356 1733/4102/4357
f 1731/4103/4358 1857/4095/4350 1854/2317/2528 1730/4100/4355
f 1732/4104/4359 1734/3964/4218 1735/4099/4354 1731/4103/4358
f 1733/4102/4357 1743/4105/4360 1744/3960/4214 1732/4104/4359
f 1738/4972/4361 1864/4953/2504 1865/4107/4362 1741/4108/4363
f 1739/4109/4364 1861/4101/4356 1858/2299/2509 1738/4106/4361
f 1740/4110/4365 1742/3971/4226 1743/4105/4360 1739/4109/4364
f 1741/4108/4363 1751/4111/4366 1752/4973/4222 1740/4945/4365
f 1746/4112/4367 1868/2278/2485 1869/4113/4368 1749/4114/4369
f 1747/4115/4370 1865/4107/4362 1862/2283/2490 1746/4112/4367
f 1748/4116/4371 1750/3979/4234 1751/4111/4366 1747/4115/4370
f 1749/4114/4369 1759/4117/4372 1760/3975/4230 1748/4116/4371
f 1754/4118/4373 1872/2260/2466 1873/4119/4374 1757/4120/4375
f 1755/4121/4376 1869/4113/4368 1866/2265/2471 1754/4118/4373
f 1756/4122/4377 1758/3987/4242 1759/4117/4372 1755/4121/4376
f 1757/4120/4375 1767/4123/4378 1768/3983/4238 1756/4122/4377
f 1762/4124/4379 1876/2235/2440 1877/4125/4380 1765/4126/4381
f 1763/4127/4382 1873/4119/4374 1870/2240/2445 1762/4124/4379
f 1764/4128/4383 1766/3995/4250 1767/4123/4378 1763/4127/4382
f 1765/4126/4381 1775/4129/4384 1776/3991/4246 1764/4128/4383
f 1770/4130/4385 1880/2248/2453 1881/4131/4386 1773/4132/4387
f 1771/4133/4388 1877/4125/4380 1874/2252/2457 1770/4130/4385
f 1772/4134/4389 1774/4003/4258 1775/4129/4384 1771/4133/4388
f 1773/4132/4387 1783/4135/4390 1784/3999/4254 1772/4134/4389
f 1778/4136/4391 1884/2564/2789 1885/4137/4392 1781/4138/4393
f 1779/4139/4394 1881/4131/4386 1878/2568/2794 1778/4136/4391
f 1780/4140/4395 1782/4011/4266 1783/4135/4390 1779/4139/4394
f 1781/4138/4393 1791/4141/4396 1792/4007/4262 1780/4140/4395
f 1786/4142/4397 1888/2546/2770 1889/4143/4398 1789/4144/4399
f 1787/4145/4400 1885/4137/4392 1882/2551/2775 1786/4142/4397
f 1788/4146/4401 1790/4019/4274 1791/4141/4396 1787/4145/4400
f 1789/4144/4399 1799/4147/4402 1800/4015/4270 1788/4146/4401
f 1794/4148/4403 1892/2528/2751 1893/4149/4404 1797/4150/4405
f 1795/4151/4406 1889/4143/4398 1886/2533/2756 1794/4148/4403
f 1796/4152/4407 1798/4027/4282 1799/4147/4402 1795/4151/4406
f 1797/4150/4405 1807/4153/4408 1808/4023/4278 1796/4152/4407
f 1802/4154/4409 1896/2510/2732 1897/4155/4410 1805/4156/4411
f 1803/4157/4412 1893/4149/4404 1890/2515/2737 1802/4154/4409
f 1804/4158/4413 1806/4035/4290 1807/4153/4408 1803/4157/4412
f 1805/4156/4411 1815/4159/4414 1816/4031/4286 1804/4158/4413
f 1810/4160/4415 1900/2492/2713 1901/4055/4310 1813/4161/4416
f 1811/4162/4417 1897/4155/4410 1894/2497/2718 1810/4160/4415
f 1812/4163/4418 1814/4042/4297 1815/4159/4414 1811/4162/4417
f 1813/4161/4416 1819/4057/4312 1820/4039/4294 1812/4163/4418
f 103/2138/2260 3926/4164/4419 3930/4165/4420 102/2139/2261
f 104/2142/2264 4002/4166/4421 3925/4167/4422 103/2138/2260
f 105/2144/2266 3998/4168/4423 4001/4169/4424 104/2142/2264
f 106/2146/2268 3994/4170/4425 3997/4171/4426 105/2144/2266
f 107/2148/2270 3990/4172/4427 3993/4173/4428 106/2146/2268
f 108/2150/2272 3986/4174/4429 3989/4175/4430 107/2148/2270
f 109/2152/2274 3982/4176/4431 3985/4177/4432 108/2150/2272
f 110/2154/2276 3978/4178/4433 3981/4179/4434 109/2152/2274
f 111/2156/2278 3974/4180/4435 3977/4181/4436 110/2154/2276
f 112/2158/2280 3970/4182/4437 3973/4183/4438 111/2156/2278
f 113/2160/2282 3966/4184/4439 3969/4185/4440 112/2158/2280
f 114/2162/2284 3962/4186/4441 3965/4187/4442 113/2160/2282
f 115/2164/2286 3958/4188/4443 3961/4189/4444 114/2162/2284
f 116/2166/2288 3954/4190/4445 3957/4191/4446 115/2164/2286
f 117/2168/2290 3950/4192/4447 3953/4193/4448 116/2166/2288
f 118/2170/2292 3946/4194/4449 3949/4195/4450 117/2168/2290
f 119/2172/2294 3942/4196/4451 3945/4197/4452 118/2170/2292
f 120/4925/2296 3938/4198/4453 3941/4199/4454 119/4917/2294
f 121/2174/2298 3934/4200/4455 3937/4201/4456 120/4925/2296
f 102/2139/2261 3929/4202/4457 3933/4203/4458 121/2174/2298
f 4062/4204/4459 203/2195/2379 202/2196/2382 4058/4205/4460
f 4057/4206/4461 202/2196/2382 221/2214/2417 4054/4207/4462
f 4053/4208/4463 221/2214/2417 220/2213/2415 4050/4209/4464
f 4049/4210/4465 220/2213/2415 219/4926/2413 4046/4211/4466
f 4045/4212/4467 219/2212/2413 218/2211/2411 4042/4213/4468
f 4041/4214/4469 218/2211/2411 217/2210/2409 4038/4215/4470
f 4037/4216/4471 217/2210/2409 216/2209/2407 4034/4217/4472
f 4033/4218/4473 216/2209/2407 215/2208/2405 4030/4219/4474
f 4029/4220/4475 215/2208/2405 214/2207/2403 4026/4221/4476
f 4025/4222/4477 214/2207/2403 213/2206/2401 4022/4223/4478
f 4021/4224/4479 213/2206/2401 212/2205/2399 4018/4225/4480
f 4017/4226/4481 212/2205/2399 211/2204/2397 4014/4227/4482
f 4013/4228/4483 211/2204/2397 210/2203/2395 4010/4229/4484
f 4009/4230/4485 210/2203/2395 209/2202/2393 4006/4231/4486
f 4005/4232/4487 209/2202/2393 208/2201/2391 4082/4233/4488
f 4081/4234/4489 208/2201/2391 207/2200/2389 4078/4235/4490
f 4077/4236/4491 207/2200/2389 206/2199/2387 4074/4237/4492
f 4073/4238/4493 206/2199/2387 205/2198/2385 4070/4239/4494
f 4069/4240/4495 205/2198/2385 204/2197/2383 4066/4241/4496
f 4065/4242/4497 204/2197/2383 203/2195/2379 4061/4243/4498
f 4403/4244/4499 4404/4245/4500 4405/4246/4501 4406/4247/4502
f 226/2231/2436 229/2236/2441 228/2237/2442 227/2232/2437
f 231/2246/2451 234/2249/2454 233/2225/2429 232/2224/2428
f 4407/4248/4503 4408/4249/4504 4409/4250/4505 4410/4251/4506
f 238/2257/2463 241/2261/2467 240/2262/2468 239/2258/2464
f 4411/4252/4507 4412/4253/4508 4413/4254/4509 4414/4255/4510
f 246/2275/2482 249/2279/2486 248/2280/2487 247/2276/2483
f 4415/4256/4511 4416/4257/4512 4417/4258/4513 4418/4259/4514
f 254/2293/2501 257/4927/2505 256/4928/2506 255/4952/2502
f 4419/4260/4515 4420/4261/4516 4421/4262/4517 4422/4263/4518
f 262/2309/2520 265/2313/2524 264/2314/2525 263/2310/2521
f 4423/4264/4519 4424/4265/4520 4425/4266/4521 4426/4267/4522
f 270/2327/2539 273/2331/2543 272/2332/2544 271/2328/2540
f 4427/4268/4523 4428/4269/4524 4429/4270/4525 4430/4271/4526
f 278/2345/2558 281/2349/2562 280/2350/2563 279/2346/2559
f 4431/4272/4527 4432/4273/4528 4433/4274/4529 4434/4275/4530
f 286/2363/2577 289/2367/2581 288/2368/2582 287/2364/2578
f 4435/4276/4531 4436/4277/4532 4437/4278/4533 4438/4279/4534
f 294/2381/2596 297/2385/2600 296/2386/2601 295/2382/2597
f 4439/4280/4535 4440/4281/4536 4441/4282/4537 4442/4283/4538
f 302/2399/2615 305/2403/2619 304/2404/2620 303/2400/2616
f 4443/4284/4539 4444/4285/4540 4445/4286/4541 4446/4287/4542
f 310/2417/2634 313/2421/2638 312/2422/2639 311/2418/2635
f 4447/4288/4543 4448/4289/4544 4449/4290/4545 4450/4291/4546
f 318/2435/2653 321/2439/2657 320/2440/2658 319/2436/2654
f 4451/4292/4547 4452/4293/4548 4453/4294/4549 4454/4295/4550
f 326/2453/2672 329/2457/2676 328/2458/2677 327/2454/2673
f 4455/4296/4551 4456/4297/4552 4457/4298/4553 4458/4299/4554
f 334/2474/2694 337/2477/2697 336/2472/2692 335/2471/2691
f 4459/4300/4555 4460/4301/4556 4461/4302/4557 4462/4303/4558
f 342/2489/2710 345/2493/2714 344/2494/2715 343/2490/2711
f 4463/4304/4559 4464/4305/4560 4465/4306/4561 4466/4307/4562
f 350/2507/2729 353/2511/2733 352/2512/2734 351/2508/2730
f 4467/4308/4563 4468/4309/4564 4469/4310/4565 4470/4311/4566
f 358/2525/2748 361/2529/2752 360/2530/2753 359/2526/2749
f 4471/4312/4567 4472/4313/4568 4473/4314/4569 4474/4315/4570
f 366/2543/2767 369/2547/2771 368/2548/2772 367/2544/2768
f 4475/4316/4571 4476/4317/4572 4477/4318/4573 4478/4319/4574
f 374/2561/2786 377/2565/2790 376/2566/2791 375/2562/2787
f 4479/4320/4575 4480/4321/4576 4481/4322/4577 4482/4323/4578
f 382/2573/2799 385/2576/2802 384/2580/2806 383/2577/2803
f 4483/4324/4579 4484/4325/4580 4485/4326/4581 4486/4327/4582
f 390/2600/2827 393/2603/2830 392/2591/2817 391/2590/2816
f 395/2611/2838 398/2614/2841 397/2617/2844 396/2615/2842
f 4487/4328/4583 4488/4329/4584 4489/4330/4585 4490/4331/4586
f 403/2629/2857 406/2632/2860 405/2635/2863 404/2633/2861
f 4491/4332/4587 4492/4333/4588 4493/4334/4589 4494/4335/4590
f 411/2647/2876 414/2650/2879 413/2653/2882 412/2651/2880
f 4495/4336/4591 4496/4337/4592 4497/4338/4593 4498/4339/4594
f 419/2665/2895 422/2668/2898 421/2671/2901 420/2669/2899
f 4499/4340/4595 4500/4341/4596 4501/4342/4597 4502/4343/4598
f 427/2683/2914 430/2686/2917 429/2689/2920 428/2687/2918
f 4503/4344/4599 4504/4345/4600 4505/4346/4601 4506/4347/4602
f 435/2701/2933 438/2704/2936 437/2707/2939 436/2705/2937
f 4507/4348/4603 4508/4349/4604 4509/4350/4605 4510/4351/4606
f 443/2719/2952 446/2722/2955 445/2725/2958 444/2723/2956
f 4511/4352/4607 4512/4353/4608 4513/4354/4609 4514/4355/4610
f 451/2737/2971 454/2740/2974 453/2743/2977 452/2741/2975
f 4515/4356/4611 4516/4357/4612 4517/4358/4613 4518/4359/4614
f 459/4955/2990 462/2757/2993 461/4929/2996 460/4930/2994
f 4519/4360/4615 4520/4361/4616 4521/4362/4617 4522/4363/4618
f 467/2771/3009 470/2774/3012 469/2777/3015 468/2775/3013
f 4523/4364/4619 4524/4365/4620 4525/4366/4621 4526/4367/4622
f 475/2789/3028 478/2792/3031 477/2795/3034 476/2793/3032
f 4527/4368/4623 4528/4369/4624 4529/4370/4625 4530/4371/4626
f 483/2807/3047 486/2810/3050 485/2813/3053 484/2811/3051
f 4531/4372/4627 4532/4373/4628 4533/4374/4629 4534/4375/4630
f 491/2825/3066 494/2828/3069 493/2831/3072 492/2829/3070
f 4535/4376/4631 4536/4377/4632 4537/4378/4633 4538/4379/4634
f 499/2843/3085 502/2846/3088 501/2849/3091 500/2847/3089
f 4539/4380/4635 4540/4381/4636 4541/4382/4637 4542/4383/4638
f 507/2861/3104 510/2864/3107 509/2867/3110 508/2865/3108
f 4543/4384/4639 4544/4385/4640 4545/4386/4641 4546/4387/4642
f 515/2879/3123 518/2882/3126 517/2885/3129 516/2883/3127
f 4547/4388/4643 4548/4389/4644 4549/4390/4645 4550/4391/4646
f 523/2897/3142 526/2900/3145 525/2903/3148 524/2901/3146
f 4551/4392/4647 4552/4393/4648 4553/4394/4649 4554/4395/4650
f 531/2915/3161 534/2917/3163 533/2920/3166 532/2918/3164
f 4555/4396/4651 4556/4397/4652 4557/4398/4653 4558/4399/4654
f 4559/4400/4655 4560/4401/4656 4561/4402/4657 4562/4403/4658
f 542/2931/3179 545/2934/3182 544/2938/3186 543/2935/3183
f 546/2579/2805 549/2578/2804 548/2606/2833 547/2939/3187
f 550/2943/3191 553/2946/3194 552/2942/3190 551/2941/3189
f 554/2949/3197 557/2952/3200 556/2955/3203 555/2953/3201
f 558/2616/2843 561/2575/2801 560/2574/2800 559/2940/3188
f 562/2957/3205 565/2960/3208 564/2963/3211 563/2961/3209
f 566/2634/2862 569/2613/2840 568/2612/2839 567/2956/3204
f 570/2965/3213 573/2968/3216 572/2971/3219 571/2969/3217
f 574/2652/2881 577/2631/2859 576/2630/2858 575/2964/3212
f 578/2973/3221 581/2976/3224 580/2979/3227 579/2977/3225
f 582/2670/2900 585/2649/2878 584/2648/2877 583/2972/3220
f 586/2981/3229 589/2984/3232 588/2987/3235 587/2985/3233
f 590/2688/2919 593/2667/2897 592/2666/2896 591/2980/3228
f 594/2989/3237 597/2992/3240 596/2995/3243 595/2993/3241
f 598/2706/2938 601/2685/2916 600/2684/2915 599/2988/3236
f 602/2997/3245 605/3000/3248 604/3003/3251 603/3001/3249
f 606/2724/2957 609/2703/2935 608/2702/2934 607/2996/3244
f 610/3005/3253 613/3008/3256 612/3011/3259 611/3009/3257
f 614/2742/2976 617/2721/2954 616/2720/2953 615/3004/3252
f 618/4958/3261 621/3015/3264 620/4931/3267 619/4932/3265
f 622/2759/2995 625/2739/2973 624/2738/2972 623/3012/3260
f 626/3020/3269 629/3023/3272 628/3026/3275 627/3024/3273
f 630/2776/3014 633/2756/2992 632/4959/2991 631/3019/3268
f 634/3028/3277 637/3031/3280 636/3034/3283 635/3032/3281
f 638/2794/3033 641/2773/3011 640/2772/3010 639/3027/3276
f 642/3036/3285 645/3039/3288 644/3042/3291 643/3040/3289
f 646/2812/3052 649/2791/3030 648/2790/3029 647/3035/3284
f 650/3044/3293 653/3047/3296 652/3050/3299 651/3048/3297
f 654/2830/3071 657/2809/3049 656/2808/3048 655/3043/3292
f 658/3052/3301 661/3055/3304 660/3058/3307 659/3056/3305
f 662/2848/3090 665/2827/3068 664/2826/3067 663/3051/3300
f 666/3060/3309 669/3063/3312 668/3066/3315 667/3064/3313
f 670/2866/3109 673/2845/3087 672/2844/3086 671/3059/3308
f 674/3068/3317 677/3071/3320 676/3074/3323 675/3072/3321
f 678/2884/3128 681/2863/3106 680/2862/3105 679/3067/3316
f 682/3076/3325 685/3079/3328 684/3082/3331 683/3080/3329
f 686/2902/3147 689/2881/3125 688/2880/3124 687/3075/3324
f 690/3084/3333 693/3086/3335 692/3089/3338 691/3087/3336
f 694/2919/3165 697/2899/3144 696/2898/3143 695/3083/3332
f 698/2602/2829 701/2601/2828 700/2916/3162 699/2947/3195
f 702/3090/3339 705/3093/3342 704/3097/3346 703/3094/3343
f 706/2937/3185 709/2936/3184 708/2948/3196 707/3098/3347
f 710/3102/3351 713/3105/3354 712/3101/3350 711/3100/3349
f 714/3108/3357 717/3111/3360 716/3114/3363 715/3112/3361
f 718/2954/3202 721/2933/3181 720/2932/3180 719/3099/3348
f 722/3116/3365 725/3119/3368 724/3122/3371 723/3120/3369
f 726/2962/3210 729/2951/3199 728/2950/3198 727/3115/3364
f 730/3124/3373 733/3127/3376 732/3130/3379 731/3128/3377
f 734/2970/3218 737/2959/3207 736/2958/3206 735/3123/3372
f 738/3132/3381 741/3135/3384 740/3138/3387 739/3136/3385
f 742/2978/3226 745/2967/3215 744/2966/3214 743/3131/3380
f 746/3140/3389 749/3143/3392 748/3146/3395 747/3144/3393
f 750/2986/3234 753/2975/3223 752/2974/3222 751/3139/3388
f 754/3148/3397 757/3151/3400 756/3154/3403 755/3152/3401
f 758/2994/3242 761/2983/3231 760/2982/3230 759/3147/3396
f 762/3156/3405 765/3159/3408 764/3162/3411 763/3160/3409
f 766/3002/3250 769/2991/3239 768/2990/3238 767/3155/3404
f 770/3164/3413 773/3167/3416 772/3170/3419 771/3168/3417
f 774/3010/3258 777/2999/3247 776/2998/3246 775/3163/3412
f 778/4960/3421 781/3174/3424 780/4933/3427 779/4934/3425
f 782/3017/3266 785/3007/3255 784/3006/3254 783/3171/3420
f 786/3179/3429 789/3182/3432 788/3185/3435 787/3183/3433
f 790/3025/3274 793/3014/3263 792/4961/3262 791/3178/3428
f 794/3187/3437 797/3190/3440 796/3193/3443 795/3191/3441
f 798/3033/3282 801/3022/3271 800/3021/3270 799/3186/3436
f 802/3195/3445 805/3198/3448 804/3201/3451 803/3199/3449
f 806/3041/3290 809/3030/3279 808/3029/3278 807/3194/3444
f 810/3203/3453 813/3206/3456 812/3209/3459 811/3207/3457
f 814/3049/3298 817/3038/3287 816/3037/3286 815/3202/3452
f 818/3211/3461 821/3214/3464 820/3217/3467 819/3215/3465
f 822/3057/3306 825/3046/3295 824/3045/3294 823/3210/3460
f 826/3219/3469 829/3222/3472 828/3225/3475 827/3223/3473
f 830/3065/3314 833/3054/3303 832/3053/3302 831/3218/3468
f 834/3227/3477 837/3230/3480 836/3233/3483 835/3231/3481
f 838/3073/3322 841/3062/3311 840/3061/3310 839/3226/3476
f 842/3235/3485 845/3238/3488 844/3241/3491 843/3239/3489
f 846/3081/3330 849/3070/3319 848/3069/3318 847/3234/3484
f 850/3243/3493 853/3245/3495 852/3248/3498 851/3246/3496
f 854/3088/3337 857/3078/3327 856/3077/3326 855/3242/3492
f 858/2945/3193 861/2944/3192 860/3085/3334 859/3106/3355
f 862/3249/3499 865/3252/3502 864/3256/3506 863/3253/3503
f 866/3096/3345 869/3095/3344 868/3107/3356 867/3257/3507
f 870/3261/3511 873/3264/3514 872/3260/3510 871/3259/3509
f 874/3267/3517 877/3270/3520 876/3273/3523 875/3271/3521
f 878/3113/3362 881/3092/3341 880/3091/3340 879/3258/3508
f 882/3275/3525 885/3278/3528 884/3281/3531 883/3279/3529
f 886/3121/3370 889/3110/3359 888/3109/3358 887/3274/3524
f 890/3283/3533 893/3286/3536 892/3289/3539 891/3287/3537
f 894/3129/3378 897/3118/3367 896/3117/3366 895/3282/3532
f 898/3291/3541 901/3294/3544 900/3297/3547 899/3295/3545
f 902/3137/3386 905/3126/3375 904/3125/3374 903/3290/3540
f 906/3299/3549 909/3302/3552 908/3305/3555 907/3303/3553
f 910/3145/3394 913/3134/3383 912/3133/3382 911/3298/3548
f 914/3307/3557 917/3310/3560 916/3313/3563 915/3311/3561
f 918/3153/3402 921/3142/3391 920/3141/3390 919/3306/3556
f 922/3315/3565 925/3318/3568 924/3321/3571 923/3319/3569
f 926/3161/3410 929/3150/3399 928/3149/3398 927/3314/3564
f 930/3323/3573 933/3326/3576 932/3329/3579 931/3327/3577
f 934/3169/3418 937/3158/3407 936/3157/3406 935/3322/3572
f 938/4962/3581 941/3333/3584 940/4935/3587 939/4936/3585
f 942/3176/3426 945/3166/3415 944/3165/3414 943/3330/3580
f 946/3338/3589 949/3341/3592 948/3344/3595 947/3342/3593
f 950/3184/3434 953/3173/3423 952/4963/3422 951/3337/3588
f 954/3346/3597 957/3349/3600 956/3352/3603 955/3350/3601
f 958/3192/3442 961/3181/3431 960/3180/3430 959/3345/3596
f 962/3354/3605 965/3357/3608 964/3360/3611 963/3358/3609
f 966/3200/3450 969/3189/3439 968/3188/3438 967/3353/3604
f 970/3362/3613 973/3365/3616 972/3368/3619 971/3366/3617
f 974/3208/3458 977/3197/3447 976/3196/3446 975/3361/3612
f 978/3370/3621 981/3373/3624 980/3376/3627 979/3374/3625
f 982/3216/3466 985/3205/3455 984/3204/3454 983/3369/3620
f 986/3378/3629 989/3381/3632 988/3384/3635 987/3382/3633
f 990/3224/3474 993/3213/3463 992/3212/3462 991/3377/3628
f 994/3386/3637 997/3389/3640 996/3392/3643 995/3390/3641
f 998/3232/3482 1001/3221/3471 1000/3220/3470 999/3385/3636
f 1002/3394/3645 1005/3397/3648 1004/3400/3651 1003/3398/3649
f 1006/3240/3490 1009/3229/3479 1008/3228/3478 1007/3393/3644
f 1010/3402/3653 1013/3404/3655 1012/3407/3658 1011/3405/3656
f 1014/3247/3497 1017/3237/3487 1016/3236/3486 1015/3401/3652
f 1018/3104/3353 1021/3103/3352 1020/3244/3494 1019/3265/3515
f 1022/3408/3659 1025/3411/3662 1024/3415/3666 1023/3412/3663
f 1026/3255/3505 1029/3254/3504 1028/3266/3516 1027/3416/3667
f 1030/3420/3671 1033/3423/3674 1032/3419/3670 1031/3418/3669
f 1034/3426/3677 1037/3429/3680 1036/3432/3683 1035/3430/3681
f 1038/3272/3522 1041/3251/3501 1040/3250/3500 1039/3417/3668
f 1042/3434/3685 1045/3437/3688 1044/3440/3691 1043/3438/3689
f 1046/3280/3530 1049/3269/3519 1048/3268/3518 1047/3433/3684
f 1050/3442/3693 1053/3445/3696 1052/3448/3699 1051/3446/3697
f 1054/3288/3538 1057/3277/3527 1056/3276/3526 1055/3441/3692
f 1058/3450/3701 1061/3453/3704 1060/3456/3707 1059/3454/3705
f 1062/3296/3546 1065/3285/3535 1064/3284/3534 1063/3449/3700
f 1066/3458/3709 1069/3461/3712 1068/3464/3715 1067/3462/3713
f 1070/3304/3554 1073/3293/3543 1072/3292/3542 1071/3457/3708
f 1074/3466/3717 1077/3469/3720 1076/3472/3723 1075/3470/3721
f 1078/3312/3562 1081/3301/3551 1080/3300/3550 1079/3465/3716
f 1082/3474/3725 1085/3477/3728 1084/3480/3731 1083/3478/3729
f 1086/3320/3570 1089/3309/3559 1088/3308/3558 1087/3473/3724
f 1090/3482/3733 1093/3485/3736 1092/3488/3739 1091/3486/3737
f 1094/3328/3578 1097/3317/3567 1096/3316/3566 1095/3481/3732
f 1098/4964/3741 1101/3492/3744 1100/4937/3747 1099/4938/3745
f 1102/3335/3586 1105/3325/3575 1104/3324/3574 1103/3489/3740
f 1106/3497/3749 1109/3500/3752 1108/3503/3755 1107/3501/3753
f 1110/3343/3594 1113/3332/3583 1112/4965/3582 1111/3496/3748
f 1114/3505/3757 1117/3508/3760 1116/3511/3763 1115/3509/3761
f 1118/3351/3602 1121/3340/3591 1120/3339/3590 1119/3504/3756
f 1122/3513/3765 1125/3516/3768 1124/3519/3771 1123/3517/3769
f 1126/3359/3610 1129/3348/3599 1128/3347/3598 1127/3512/3764
f 1130/3521/3773 1133/3524/3776 1132/3527/3779 1131/3525/3777
f 1134/3367/3618 1137/3356/3607 1136/3355/3606 1135/3520/3772
f 1138/3529/3781 1141/3532/3784 1140/3535/3787 1139/3533/3785
f 1142/3375/3626 1145/3364/3615 1144/3363/3614 1143/3528/3780
f 1146/3537/3789 1149/3540/3792 1148/3543/3795 1147/3541/3793
f 1150/3383/3634 1153/3372/3623 1152/3371/3622 1151/3536/3788
f 1154/3545/3797 1157/3548/3800 1156/3551/3803 1155/3549/3801
f 1158/3391/3642 1161/3380/3631 1160/3379/3630 1159/3544/3796
f 1162/3553/3805 1165/3556/3808 1164/3559/3811 1163/3557/3809
f 1166/3399/3650 1169/3388/3639 1168/3387/3638 1167/3552/3804
f 1170/3561/3813 1173/3563/3815 1172/3566/3818 1171/3564/3816
f 1174/3406/3657 1177/3396/3647 1176/3395/3646 1175/3560/3812
f 1178/3263/3513 1181/3262/3512 1180/3403/3654 1179/3424/3675
f 1182/3567/3819 1185/3570/3822 1184/3574/3826 1183/3571/3823
f 1186/3414/3665 1189/3413/3664 1188/3425/3676 1187/3575/3827
f 1190/3579/3831 1193/3582/3834 1192/3578/3830 1191/3577/3829
f 1194/3585/3837 1197/3588/3840 1196/3591/3843 1195/3589/3841
f 1198/3431/3682 1201/3410/3661 1200/3409/3660 1199/3576/3828
f 1202/3593/3845 1205/3596/3848 1204/3599/3851 1203/3597/3849
f 1206/3439/3690 1209/3428/3679 1208/3427/3678 1207/3592/3844
f 1210/3601/3853 1213/3604/3856 1212/3607/3859 1211/3605/3857
f 1214/3447/3698 1217/3436/3687 1216/3435/3686 1215/3600/3852
f 1218/3609/3861 1221/3612/3864 1220/3615/3867 1219/3613/3865
f 1222/3455/3706 1225/3444/3695 1224/3443/3694 1223/3608/3860
f 1226/3617/3869 1229/3620/3872 1228/3623/3875 1227/3621/3873
f 1230/3463/3714 1233/3452/3703 1232/3451/3702 1231/3616/3868
f 1234/3625/3877 1237/3628/3880 1236/3631/3883 1235/3629/3881
f 1238/3471/3722 1241/3460/3711 1240/3459/3710 1239/3624/3876
f 1242/3633/3885 1245/3636/3888 1244/3639/3891 1243/3637/3889
f 1246/3479/3730 1249/3468/3719 1248/3467/3718 1247/3632/3884
f 1250/3641/3893 1253/3644/3896 1252/3647/3899 1251/3645/3897
f 1254/3487/3738 1257/3476/3727 1256/3475/3726 1255/3640/3892
f 1258/4966/3901 1261/3651/3904 1260/4939/3907 1259/4940/3905
f 1262/3494/3746 1265/3484/3735 1264/3483/3734 1263/3648/3900
f 1266/3656/3909 1269/3659/3912 1268/3662/3915 1267/3660/3913
f 1270/3502/3754 1273/3491/3743 1272/4967/3742 1271/3655/3908
f 1274/3664/3917 1277/3667/3920 1276/3670/3923 1275/3668/3921
f 1278/3510/3762 1281/3499/3751 1280/3498/3750 1279/3663/3916
f 1282/3672/3925 1285/3675/3928 1284/3678/3931 1283/3676/3929
f 1286/3518/3770 1289/3507/3759 1288/3506/3758 1287/3671/3924
f 1290/3680/3933 1293/3683/3936 1292/3686/3939 1291/3684/3937
f 1294/3526/3778 1297/3515/3767 1296/3514/3766 1295/3679/3932
f 1298/3688/3941 1301/3691/3944 1300/3694/3947 1299/3692/3945
f 1302/3534/3786 1305/3523/3775 1304/3522/3774 1303/3687/3940
f 1306/3696/3949 1309/3699/3952 1308/3702/3955 1307/3700/3953
f 1310/3542/3794 1313/3531/3783 1312/3530/3782 1311/3695/3948
f 1314/3704/3957 1317/3707/3960 1316/3710/3963 1315/3708/3961
f 1318/3550/3802 1321/3539/3791 1320/3538/3790 1319/3703/3956
f 1322/3712/3965 1325/3715/3968 1324/3718/3971 1323/3716/3969
f 1326/3558/3810 1329/3547/3799 1328/3546/3798 1327/3711/3964
f 1330/3720/3973 1333/3722/3975 1332/3725/3978 1331/3723/3976
f 1334/3565/3817 1337/3555/3807 1336/3554/3806 1335/3719/3972
f 1338/3422/3673 1341/3421/3672 1340/3562/3814 1339/3583/3835
f 1342/3726/3979 1345/3729/3982 1344/3733/3986 1343/3730/3983
f 1346/3573/3825 1349/3572/3824 1348/3584/3836 1347/3734/3987
f 1350/3738/3991 1353/3741/3994 1352/3737/3990 1351/3736/3989
f 1354/3744/3997 1357/3747/4000 1356/3750/4003 1355/3748/4001
f 1358/3590/3842 1361/3569/3821 1360/3568/3820 1359/3735/3988
f 1362/3752/4005 1365/3755/4008 1364/3758/4011 1363/3756/4009
f 1366/3598/3850 1369/3587/3839 1368/3586/3838 1367/3751/4004
f 1370/3760/4013 1373/3763/4016 1372/3766/4019 1371/3764/4017
f 1374/3606/3858 1377/3595/3847 1376/3594/3846 1375/3759/4012
f 1378/3768/4021 1381/3771/4024 1380/3774/4027 1379/3772/4025
f 1382/3614/3866 1385/3603/3855 1384/3602/3854 1383/3767/4020
f 1386/3776/4029 1389/3779/4032 1388/3782/4035 1387/3780/4033
f 1390/3622/3874 1393/3611/3863 1392/3610/3862 1391/3775/4028
f 1394/3784/4037 1397/3787/4040 1396/3790/4043 1395/3788/4041
f 1398/3630/3882 1401/3619/3871 1400/3618/3870 1399/3783/4036
f 1402/3792/4045 1405/3795/4048 1404/3798/4051 1403/3796/4049
f 1406/3638/3890 1409/3627/3879 1408/3626/3878 1407/3791/4044
f 1410/3800/4053 1413/3803/4056 1412/3806/4059 1411/3804/4057
f 1414/3646/3898 1417/3635/3887 1416/3634/3886 1415/3799/4052
f 1418/4968/4061 1421/3810/4064 1420/4941/4067 1419/4942/4065
f 1422/3653/3906 1425/3643/3895 1424/3642/3894 1423/3807/4060
f 1426/3815/4069 1429/3818/4072 1428/3821/4075 1427/3819/4073
f 1430/3661/3914 1433/3650/3903 1432/4969/3902 1431/3814/4068
f 1434/3823/4077 1437/3826/4080 1436/3829/4083 1435/3827/4081
f 1438/3669/3922 1441/3658/3911 1440/3657/3910 1439/3822/4076
f 1442/3831/4085 1445/3834/4088 1444/3837/4091 1443/3835/4089
f 1446/3677/3930 1449/3666/3919 1448/3665/3918 1447/3830/4084
f 1450/3839/4093 1453/3842/4096 1452/3845/4099 1451/3843/4097
f 1454/3685/3938 1457/3674/3927 1456/3673/3926 1455/3838/4092
f 1458/3847/4101 1461/3850/4104 1460/3853/4107 1459/3851/4105
f 1462/3693/3946 1465/3682/3935 1464/3681/3934 1463/3846/4100
f 1466/3855/4109 1469/3858/4112 1468/3861/4115 1467/3859/4113
f 1470/3701/3954 1473/3690/3943 1472/3689/3942 1471/3854/4108
f 1474/3863/4117 1477/3866/4120 1476/3869/4123 1475/3867/4121
f 1478/3709/3962 1481/3698/3951 1480/3697/3950 1479/3862/4116
f 1482/3871/4125 1485/3874/4128 1484/3877/4131 1483/3875/4129
f 1486/3717/3970 1489/3706/3959 1488/3705/3958 1487/3870/4124
f 1490/3879/4133 1493/3881/4135 1492/3884/4138 1491/3882/4136
f 1494/3724/3977 1497/3714/3967 1496/3713/3966 1495/3878/4132
f 1498/3581/3833 1501/3580/3832 1500/3721/3974 1499/3742/3995
f 1502/3885/4139 1505/3888/4142 1504/3892/4146 1503/3889/4143
f 1506/3732/3985 1509/3731/3984 1508/3743/3996 1507/3893/4147
f 1510/3897/4151 1513/3900/4154 1512/3896/4150 1511/3895/4149
f 1514/3903/4157 1517/3906/4160 1516/3909/4163 1515/3907/4161
f 1518/3749/4002 1521/3728/3981 1520/3727/3980 1519/3894/4148
f 1522/3911/4165 1525/3914/4168 1524/3917/4171 1523/3915/4169
f 1526/3757/4010 1529/3746/3999 1528/3745/3998 1527/3910/4164
f 1530/3919/4173 1533/3922/4176 1532/3925/4179 1531/3923/4177
f 1534/3765/4018 1537/3754/4007 1536/3753/4006 1535/3918/4172
f 1538/3927/4181 1541/3930/4184 1540/3933/4187 1539/3931/4185
f 1542/3773/4026 1545/3762/4015 1544/3761/4014 1543/3926/4180
f 1546/3935/4189 1549/3938/4192 1548/3941/4195 1547/3939/4193
f 1550/3781/4034 1553/3770/4023 1552/3769/4022 1551/3934/4188
f 1554/3943/4197 1557/3946/4200 1556/3949/4203 1555/3947/4201
f 1558/3789/4042 1561/3778/4031 1560/3777/4030 1559/3942/4196
f 1562/3951/4205 1565/3954/4208 1564/3957/4211 1563/3955/4209
f 1566/3797/4050 1569/3786/4039 1568/3785/4038 1567/3950/4204
f 1570/3959/4213 1573/3962/4216 1572/3965/4219 1571/3963/4217
f 1574/3805/4058 1577/3794/4047 1576/3793/4046 1575/3958/4212
f 1578/4970/4221 1581/3969/4224 1580/4943/4227 1579/4944/4225
f 1582/3812/4066 1585/3802/4055 1584/3801/4054 1583/3966/4220
f 1586/3974/4229 1589/3977/4232 1588/3980/4235 1587/3978/4233
f 1590/3820/4074 1593/3809/4063 1592/4971/4062 1591/3973/4228
f 1594/3982/4237 1597/3985/4240 1596/3988/4243 1595/3986/4241
f 1598/3828/4082 1601/3817/4071 1600/3816/4070 1599/3981/4236
f 1602/3990/4245 1605/3993/4248 1604/3996/4251 1603/3994/4249
f 1606/3836/4090 1609/3825/4079 1608/3824/4078 1607/3989/4244
f 1610/3998/4253 1613/4001/4256 1612/4004/4259 1611/4002/4257
f 1614/3844/4098 1617/3833/4087 1616/3832/4086 1615/3997/4252
f 1618/4006/4261 1621/4009/4264 1620/4012/4267 1619/4010/4265
f 1622/3852/4106 1625/3841/4095 1624/3840/4094 1623/4005/4260
f 1626/4014/4269 1629/4017/4272 1628/4020/4275 1627/4018/4273
f 1630/3860/4114 1633/3849/4103 1632/3848/4102 1631/4013/4268
f 1634/4022/4277 1637/4025/4280 1636/4028/4283 1635/4026/4281
f 1638/3868/4122 1641/3857/4111 1640/3856/4110 1639/4021/4276
f 1642/4030/4285 1645/4033/4288 1644/4036/4291 1643/4034/4289
f 1646/3876/4130 1649/3865/4119 1648/3864/4118 1647/4029/4284
f 1650/4038/4293 1653/4040/4295 1652/4043/4298 1651/4041/4296
f 1654/3883/4137 1657/3873/4127 1656/3872/4126 1655/4037/4292
f 1658/3740/3993 1661/3739/3992 1660/3880/4134 1659/3901/4155
f 1662/4044/4299 1665/4046/4301 1664/4049/4304 1663/4047/4302
f 1666/3891/4145 1669/3890/4144 1668/3902/4156 1667/4050/4305
f 1670/4054/4309 1673/4056/4311 1672/4053/4308 1671/4052/4307
f 1674/4058/4313 1677/4060/4315 1676/4062/4317 1675/4061/4316
f 1678/3908/4162 1681/3887/4141 1680/3886/4140 1679/4051/4306
f 1682/4064/4319 1685/4066/4321 1684/4068/4323 1683/4067/4322
f 1686/3916/4170 1689/3905/4159 1688/3904/4158 1687/4063/4318
f 1690/4070/4325 1693/4072/4327 1692/4074/4329 1691/4073/4328
f 1694/3924/4178 1697/3913/4167 1696/3912/4166 1695/4069/4324
f 1698/4076/4331 1701/4078/4333 1700/4080/4335 1699/4079/4334
f 1702/3932/4186 1705/3921/4175 1704/3920/4174 1703/4075/4330
f 1706/4082/4337 1709/4084/4339 1708/4086/4341 1707/4085/4340
f 1710/3940/4194 1713/3929/4183 1712/3928/4182 1711/4081/4336
f 1714/4088/4343 1717/4090/4345 1716/4092/4347 1715/4091/4346
f 1718/3948/4202 1721/3937/4191 1720/3936/4190 1719/4087/4342
f 1722/4094/4349 1725/4096/4351 1724/4098/4353 1723/4097/4352
f 1726/3956/4210 1729/3945/4199 1728/3944/4198 1727/4093/4348
f 1730/4100/4355 1733/4102/4357 1732/4104/4359 1731/4103/4358
f 1734/3964/4218 1737/3953/4207 1736/3952/4206 1735/4099/4354
f 1738/4972/4361 1741/4108/4363 1740/4945/4365 1739/4946/4364
f 1742/3971/4226 1745/3961/4215 1744/3960/4214 1743/4105/4360
f 1746/4112/4367 1749/4114/4369 1748/4116/4371 1747/4115/4370
f 1750/3979/4234 1753/3968/4223 1752/4973/4222 1751/4111/4366
f 1754/4118/4373 1757/4120/4375 1756/4122/4377 1755/4121/4376
f 1758/3987/4242 1761/3976/4231 1760/3975/4230 1759/4117/4372
f 1762/4124/4379 1765/4126/4381 1764/4128/4383 1763/4127/4382
f 1766/3995/4250 1769/3984/4239 1768/3983/4238 1767/4123/4378
f 1770/4130/4385 1773/4132/4387 1772/4134/4389 1771/4133/4388
f 1774/4003/4258 1777/3992/4247 1776/3991/4246 1775/4129/4384
f 1778/4136/4391 1781/4138/4393 1780/4140/4395 1779/4139/4394
f 1782/4011/4266 1785/4000/4255 1784/3999/4254 1783/4135/4390
f 1786/4142/4397 1789/4144/4399 1788/4146/4401 1787/4145/4400
f 1790/4019/4274 1793/4008/4263 1792/4007/4262 1791/4141/4396
f 1794/4148/4403 1797/4150/4405 1796/4152/4407 1795/4151/4406
f 1798/4027/4282 1801/4016/4271 1800/4015/4270 1799/4147/4402
f 1802/4154/4409 1805/4156/4411 1804/4158/4413 1803/4157/4412
f 1806/4035/4290 1809/4024/4279 1808/4023/4278 1807/4153/4408
f 1810/4160/4415 1813/4161/4416 1812/4163/4418 1811/4162/4417
f 1814/4042/4297 1817/4032/4287 1816/4031/4286 1815/4159/4414
f 1818/3899/4153 1821/3898/4152 1820/4039/4294 1819/4057/4312
f 1822/2461/2680 1825/4048/4303 1824/2478/2698 1823/2462/2681
f 1826/2443/2661 1829/4045/4300 1828/2456/2675 1827/2444/2662
f 1830/2425/2642 1833/4059/4314 1832/2438/2656 1831/2426/2643
f 1834/2407/2623 1837/4065/4320 1836/2420/2637 1835/2408/2624
f 1838/2389/2604 1841/4071/4326 1840/2402/2618 1839/2390/2605
f 1842/2371/2585 1845/4077/4332 1844/2384/2599 1843/2372/2586
f 1846/2353/2566 1849/4083/4338 1848/2366/2580 1847/2354/2567
f 1850/2335/2547 1853/4089/4344 1852/2348/2561 1851/2336/2548
f 1854/2317/2528 1857/4095/4350 1856/2330/2542 1855/2318/2529
f 1858/2299/2509 1861/4101/4356 1860/2312/2523 1859/2300/2510
f 1862/2283/2490 1865/4107/4362 1864/4953/2504 1863/2284/2491
f 1866/2265/2471 1869/4113/4368 1868/2278/2485 1867/2266/2472
f 1870/2240/2445 1873/4119/4374 1872/2260/2466 1871/2241/2446
f 1874/2252/2457 1877/4125/4380 1876/2235/2440 1875/2234/2439
f 1878/2568/2794 1881/4131/4386 1880/2248/2453 1879/2247/2452
f 1882/2551/2775 1885/4137/4392 1884/2564/2789 1883/2552/2776
f 1886/2533/2756 1889/4143/4398 1888/2546/2770 1887/2534/2757
f 1890/2515/2737 1893/4149/4404 1892/2528/2751 1891/2516/2738
f 1894/2497/2718 1897/4155/4410 1896/2510/2732 1895/2498/2719
f 1898/2475/2695 1901/4055/4310 1900/2492/2713 1899/2476/2696
f 1/1999/4659 2/2002/4660 1903/2/4661 1902/1/4662
f 2/2002/4663 3/2004/4664 1906/5/4665 1903/2/4666
f 3/2004/4667 4/2006/4668 1908/4844/4669 1906/5/4670
f 4/2006/4671 5/4947/4672 1910/4845/4673 1908/4844/4674
f 5/2008/4675 6/2010/4676 1912/10/4677 1910/8/4678
f 6/2010/4679 7/2012/4680 1914/12/4681 1912/10/4682
f 7/2012/4683 8/2014/4684 1916/14/4685 1914/12/4686
f 8/2014/4687 9/2016/4688 1918/16/4689 1916/14/4690
f 9/2016/4691 10/2018/4692 1920/18/4693 1918/16/4694
f 10/2018/4695 11/2020/4696 1922/20/4697 1920/18/4698
f 11/2020/4699 12/2022/4700 1924/22/4701 1922/20/4702
f 12/2022/4703 13/2024/4704 1926/24/4705 1924/22/4706
f 13/2024/4707 14/2026/4708 1928/26/4709 1926/24/4710
f 14/2026/4711 15/2028/4712 1930/28/4713 1928/26/4714
f 15/2028/4715 16/2030/4716 1932/30/4717 1930/28/4718
f 16/2030/4719 17/2032/4720 1934/32/4721 1932/30/4722
f 17/2032/4723 18/2034/4724 1936/34/4725 1934/32/4726
f 18/2034/4727 19/2036/4728 1938/36/4729 1936/34/4730
f 19/2036/4731 20/2038/4732 1940/38/4733 1938/36/4734
f 20/2038/4735 1/1999/4736 1902/1/4737 1940/38/4738
f 3928/4404/4739 3923/4405/4740 1983/1961/4741 1982/1960/4742
f 3924/4406/4743 3999/4407/4744 1984/1962/4745 1983/1961/4746
f 4000/4408/4747 3995/4409/4748 1985/1963/4749 1984/1962/4750
f 3996/4410/4751 3991/4411/4752 1986/1964/4753 1985/1963/4754
f 3992/4412/4755 3987/4413/4756 1987/1965/4757 1986/1964/4758
f 3988/4414/4759 3983/4415/4760 1988/1966/4761 1987/1965/4762
f 3984/4416/4763 3979/4417/4764 1989/1967/4765 1988/1966/4766
f 3980/4418/4767 3975/4419/4768 1990/1968/4769 1989/1967/4770
f 3976/4420/4771 3971/4421/4772 1991/1969/4773 1990/1968/4774
f 3972/4422/4775 3967/4423/4776 1992/1970/4777 1991/1969/4778
f 3968/4424/4779 3963/4425/4780 1993/1971/4781 1992/1970/4782
f 3964/4426/4783 3959/4427/4784 1994/1972/4785 1993/1971/4786
f 3960/4428/4787 3955/4429/4788 1995/1973/4789 1994/1972/4790
f 3956/4430/4791 3951/4431/4792 1996/1974/4793 1995/1973/4794
f 3952/4432/4795 3947/4433/4796 1997/1975/4797 1996/1974/4798
f 3948/4434/4799 3943/4435/4800 1998/1976/4801 1997/1975/4802
f 3944/4436/4803 3939/4437/4804 1999/1977/4805 1998/1976/4806
f 3940/4438/4807 3935/4439/4808 2000/1978/4809 1999/4948/4810
f 3936/4440/4811 3931/4441/4812 2001/1979/4813 2000/1978/4814
f 3932/4442/4815 3927/4443/4816 1982/1960/4817 2001/1979/4818
f 4060/4444/4819 4055/4445/4820 2144/1981/4821 2143/1980/4822
f 4056/4446/4823 4051/4447/4824 2145/1982/4825 2144/1981/4826
f 4052/4448/4827 4047/4449/4828 2146/4949/4829 2145/1982/4830
f 4048/4450/4831 4043/4451/4832 2147/4888/4833 2146/4949/4834
f 4044/4452/4835 4039/4453/4836 2148/1984/4837 2147/1983/4838
f 4040/4454/4839 4035/4455/4840 2149/1985/4841 2148/1984/4842
f 4036/4456/4843 4031/4457/4844 2150/1986/4845 2149/1985/4846
f 4032/4458/4847 4027/4459/4848 2151/1987/4849 2150/1986/4850
f 4028/4460/4851 4023/4461/4852 2152/1988/4853 2151/1987/4854
f 4024/4462/4855 4019/4463/4856 2153/1989/4857 2152/1988/4858
f 4020/4464/4859 4015/4465/4860 2154/1990/4861 2153/1989/4862
f 4016/4466/4863 4011/4467/4864 2155/1991/4865 2154/1990/4866
f 4012/4468/4867 4007/4469/4868 2156/1992/4869 2155/1991/4870
f 4008/4470/4871 4003/4471/4872 2157/1993/4873 2156/1992/4874
f 4004/4472/4875 4079/4473/4876 2158/1994/4877 2157/1993/4878
f 4080/4474/4879 4075/4475/4880 2159/1995/4881 2158/1994/4882
f 4076/4476/4883 4071/4477/4884 2160/1996/4885 2159/1995/4886
f 4072/4478/4887 4067/4479/4888 2161/1997/4889 2160/1996/4890
f 4068/4480/4891 4063/4481/4892 2162/1998/4893 2161/1997/4894
f 4064/4482/4895 4059/4483/4896 2143/1980/4897 2162/1998/4898
f 222/4484/4899 380/2250/4900 2165/215/4901 2164/214/4902
f 4563/4485/4903 4564/4486/4904 4565/4487/4905 4566/4488/4906
f 4567/4489/4907 4568/4490/4908 4569/4491/4909 4570/4492/4910
f 223/2223/4911 222/4484/4912 2164/214/4913 2168/218/4914
f 225/2226/4915 233/2225/4916 2170/220/4917 2169/219/4918
f 232/2224/4919 223/2223/4920 2168/218/4921 2171/221/4922
f 4571/4493/4923 4572/4494/4924 4573/4495/4925 4574/4496/4926
f 230/4497/4927 224/2233/4928 2172/222/4929 2174/224/4930
f 224/2233/4931 227/2232/4932 2175/225/4933 2172/222/4934
f 226/2231/4935 225/2226/4936 2169/219/4937 2176/226/4938
f 229/2236/4939 1876/2235/4940 2178/228/4941 2177/227/4942
f 1875/2234/4943 226/2231/4944 2176/226/4945 2179/229/4946
f 227/2232/4947 235/2239/4948 2181/231/4949 2175/225/4950
f 237/2238/4951 228/2237/4952 2180/230/4953 2182/232/4954
f 228/2237/4955 1871/2241/4956 2183/233/4957 2180/230/4958
f 1870/2240/4959 229/2236/4960 2177/227/4961 2184/234/4962
f 4575/4498/4963 4576/4499/4964 4577/4500/4965 4578/4501/4966
f 235/2239/4967 230/4497/4968 2174/224/4969 2181/231/4970
f 234/2249/4971 1880/2248/4972 2188/238/4973 2187/237/4974
f 1879/2247/4975 231/2246/4976 2186/236/4977 2189/239/4978
f 231/2246/4979 381/2251/4980 2190/240/4981 2186/236/4982
f 380/2250/4983 232/2224/4984 2171/221/4985 2165/215/4986
f 233/2225/4987 1875/2234/4988 2179/229/4989 2170/220/4990
f 1874/2252/4991 234/2249/4992 2187/237/4993 2191/241/4994
f 4579/4502/4995 4580/4503/4996 4581/4504/4997 4582/4505/4998
f 242/4506/4999 236/2259/5000 2192/242/5001 2194/244/5002
f 236/2259/5003 239/2258/5004 2195/245/5005 2192/242/5006
f 238/2257/5007 237/2238/5008 2182/232/5009 2196/246/5010
f 241/2261/5011 1872/2260/5012 2198/248/5013 2197/247/5014
f 1871/2241/5015 238/2257/5016 2196/246/5017 2183/233/5018
f 239/2258/5019 243/2264/5020 2200/250/5021 2195/245/5022
f 245/2263/5023 240/2262/5024 2199/249/5025 2201/251/5026
f 240/2262/5027 1867/2266/5028 2202/252/5029 2199/249/5030
f 1866/2265/5031 241/2261/5032 2197/247/5033 2203/253/5034
f 4583/4507/5035 4584/4508/5036 4585/4509/5037 4586/4510/5038
f 243/2264/5039 242/4506/5040 2194/244/5041 2200/250/5042
f 4587/4511/5043 4588/4512/5044 4589/4513/5045 4590/4514/5046
f 250/4515/5047 244/2277/5048 2205/255/5049 2207/257/5050
f 244/2277/5051 247/2276/5052 2208/258/5053 2205/255/5054
f 246/2275/5055 245/2263/5056 2201/251/5057 2209/259/5058
f 249/2279/5059 1868/2278/5060 2211/261/5061 2210/260/5062
f 1867/2266/5063 246/2275/5064 2209/259/5065 2202/252/5066
f 247/2276/5067 251/2282/5068 2213/263/5069 2208/258/5070
f 253/2281/5071 248/2280/5072 2212/262/5073 2214/264/5074
f 248/2280/5075 1863/2284/5076 2215/4866/5077 2212/262/5078
f 1862/2283/5079 249/2279/5080 2210/260/5081 2216/265/5082
f 4591/4516/5083 4592/4517/5084 4593/4518/5085 4594/4519/5086
f 251/2282/5087 250/4515/5088 2207/257/5089 2213/263/5090
f 4595/4520/5091 4596/4521/5092 4597/4522/5093 4598/4523/5094
f 258/4950/5095 252/4923/5096 2218/4865/5097 2220/4951/5098
f 252/4923/5099 255/4952/5100 2221/4890/5101 2218/4865/5102
f 254/2293/5103 253/2281/5104 2214/264/5105 2222/269/5106
f 257/4927/5107 1864/4953/5108 2224/4884/5109 2223/4954/5110
f 1863/2284/5111 254/2293/5112 2222/269/5113 2215/4866/5114
f 255/2294/5115 259/2298/5116 2226/272/5117 2221/268/5118
f 261/2297/5119 256/2296/5120 2225/271/5121 2227/273/5122
f 256/2296/5123 1859/2300/5124 2228/274/5125 2225/271/5126
f 1858/2299/5127 257/2295/5128 2223/270/5129 2229/275/5130
f 4599/4525/5131 4600/4526/5132 4601/4527/5133 4602/4528/5134
f 259/2298/5135 258/4524/5136 2220/267/5137 2226/272/5138
f 4603/4529/5139 4604/4530/5140 4605/4531/5141 4606/4532/5142
f 266/4533/5143 260/2311/5144 2231/277/5145 2233/279/5146
f 260/2311/5147 263/2310/5148 2234/280/5149 2231/277/5150
f 262/2309/5151 261/2297/5152 2227/273/5153 2235/281/5154
f 265/2313/5155 1860/2312/5156 2237/283/5157 2236/282/5158
f 1859/2300/5159 262/2309/5160 2235/281/5161 2228/274/5162
f 263/2310/5163 267/2316/5164 2239/285/5165 2234/280/5166
f 269/2315/5167 264/2314/5168 2238/284/5169 2240/286/5170
f 264/2314/5171 1855/2318/5172 2241/287/5173 2238/284/5174
f 1854/2317/5175 265/2313/5176 2236/282/5177 2242/288/5178
f 4607/4534/5179 4608/4535/5180 4609/4536/5181 4610/4537/5182
f 267/2316/5183 266/4533/5184 2233/279/5185 2239/285/5186
f 4611/4538/5187 4612/4539/5188 4613/4540/5189 4614/4541/5190
f 274/4542/5191 268/2329/5192 2244/290/5193 2246/292/5194
f 268/2329/5195 271/2328/5196 2247/293/5197 2244/290/5198
f 270/2327/5199 269/2315/5200 2240/286/5201 2248/294/5202
f 273/2331/5203 1856/2330/5204 2250/296/5205 2249/295/5206
f 1855/2318/5207 270/2327/5208 2248/294/5209 2241/287/5210
f 271/2328/5211 275/2334/5212 2252/298/5213 2247/293/5214
f 277/2333/5215 272/2332/5216 2251/297/5217 2253/299/5218
f 272/2332/5219 1851/2336/5220 2254/300/5221 2251/297/5222
f 1850/2335/5223 273/2331/5224 2249/295/5225 2255/301/5226
f 4615/4543/5227 4616/4544/5228 4617/4545/5229 4618/4546/5230
f 275/2334/5231 274/4542/5232 2246/292/5233 2252/298/5234
f 4619/4547/5235 4620/4548/5236 4621/4549/5237 4622/4550/5238
f 282/4551/5239 276/2347/5240 2257/303/5241 2259/305/5242
f 276/2347/5243 279/2346/5244 2260/306/5245 2257/303/5246
f 278/2345/5247 277/2333/5248 2253/299/5249 2261/307/5250
f 281/2349/5251 1852/2348/5252 2263/309/5253 2262/308/5254
f 1851/2336/5255 278/2345/5256 2261/307/5257 2254/300/5258
f 279/2346/5259 283/2352/5260 2265/311/5261 2260/306/5262
f 285/2351/5263 280/2350/5264 2264/310/5265 2266/312/5266
f 280/2350/5267 1847/2354/5268 2267/313/5269 2264/310/5270
f 1846/2353/5271 281/2349/5272 2262/308/5273 2268/314/5274
f 4623/4552/5275 4624/4553/5276 4625/4554/5277 4626/4555/5278
f 283/2352/5279 282/4551/5280 2259/305/5281 2265/311/5282
f 4627/4556/5283 4628/4557/5284 4629/4558/5285 4630/4559/5286
f 290/4560/5287 284/2365/5288 2270/316/5289 2272/318/5290
f 284/2365/5291 287/2364/5292 2273/319/5293 2270/316/5294
f 286/2363/5295 285/2351/5296 2266/312/5297 2274/320/5298
f 289/2367/5299 1848/2366/5300 2276/322/5301 2275/321/5302
f 1847/2354/5303 286/2363/5304 2274/320/5305 2267/313/5306
f 287/2364/5307 291/2370/5308 2278/324/5309 2273/319/5310
f 293/2369/5311 288/2368/5312 2277/323/5313 2279/325/5314
f 288/2368/5315 1843/2372/5316 2280/326/5317 2277/323/5318
f 1842/2371/5319 289/2367/5320 2275/321/5321 2281/327/5322
f 4631/4561/5323 4632/4562/5324 4633/4563/5325 4634/4564/5326
f 291/2370/5327 290/4560/5328 2272/318/5329 2278/324/5330
f 4635/4565/5331 4636/4566/5332 4637/4567/5333 4638/4568/5334
f 298/4569/5335 292/2383/5336 2283/329/5337 2285/331/5338
f 292/2383/5339 295/2382/5340 2286/332/5341 2283/329/5342
f 294/2381/5343 293/2369/5344 2279/325/5345 2287/333/5346
f 297/2385/5347 1844/2384/5348 2289/335/5349 2288/334/5350
f 1843/2372/5351 294/2381/5352 2287/333/5353 2280/326/5354
f 295/2382/5355 299/2388/5356 2291/337/5357 2286/332/5358
f 301/2387/5359 296/2386/5360 2290/336/5361 2292/338/5362
f 296/2386/5363 1839/2390/5364 2293/339/5365 2290/336/5366
f 1838/2389/5367 297/2385/5368 2288/334/5369 2294/340/5370
f 4639/4570/5371 4640/4571/5372 4641/4572/5373 4642/4573/5374
f 299/2388/5375 298/4569/5376 2285/331/5377 2291/337/5378
f 4643/4574/5379 4644/4575/5380 4645/4576/5381 4646/4577/5382
f 306/4578/5383 300/2401/5384 2296/342/5385 2298/344/5386
f 300/2401/5387 303/2400/5388 2299/345/5389 2296/342/5390
f 302/2399/5391 301/2387/5392 2292/338/5393 2300/346/5394
f 305/2403/5395 1840/2402/5396 2302/348/5397 2301/347/5398
f 1839/2390/5399 302/2399/5400 2300/346/5401 2293/339/5402
f 303/2400/5403 307/2406/5404 2304/350/5405 2299/345/5406
f 309/2405/5407 304/2404/5408 2303/349/5409 2305/351/5410
f 304/2404/5411 1835/2408/5412 2306/352/5413 2303/349/5414
f 1834/2407/5415 305/2403/5416 2301/347/5417 2307/353/5418
f 4647/4579/5419 4648/4580/5420 4649/4581/5421 4650/4582/5422
f 307/2406/5423 306/4578/5424 2298/344/5425 2304/350/5426
f 4651/4583/5427 4652/4584/5428 4653/4585/5429 4654/4586/5430
f 314/4587/5431 308/2419/5432 2309/355/5433 2311/357/5434
f 308/2419/5435 311/2418/5436 2312/358/5437 2309/355/5438
f 310/2417/5439 309/2405/5440 2305/351/5441 2313/359/5442
f 313/2421/5443 1836/2420/5444 2315/361/5445 2314/360/5446
f 1835/2408/5447 310/2417/5448 2313/359/5449 2306/352/5450
f 311/2418/5451 315/2424/5452 2317/363/5453 2312/358/5454
f 317/2423/5455 312/2422/5456 2316/362/5457 2318/364/5458
f 312/2422/5459 1831/2426/5460 2319/365/5461 2316/362/5462
f 1830/2425/5463 313/2421/5464 2314/360/5465 2320/366/5466
f 4655/4588/5467 4656/4589/5468 4657/4590/5469 4658/4591/5470
f 315/2424/5471 314/4587/5472 2311/357/5473 2317/363/5474
f 4659/4592/5475 4660/4593/5476 4661/4594/5477 4662/4595/5478
f 322/4596/5479 316/2437/5480 2322/368/5481 2324/370/5482
f 316/2437/5483 319/2436/5484 2325/371/5485 2322/368/5486
f 318/2435/5487 317/2423/5488 2318/364/5489 2326/372/5490
f 321/2439/5491 1832/2438/5492 2328/374/5493 2327/373/5494
f 1831/2426/5495 318/2435/5496 2326/372/5497 2319/365/5498
f 319/2436/5499 323/2442/5500 2330/376/5501 2325/371/5502
f 325/2441/5503 320/2440/5504 2329/375/5505 2331/377/5506
f 320/2440/5507 1827/2444/5508 2332/378/5509 2329/375/5510
f 1826/2443/5511 321/2439/5512 2327/373/5513 2333/379/5514
f 4663/4597/5515 4664/4598/5516 4665/4599/5517 4666/4600/5518
f 323/2442/5519 322/4596/5520 2324/370/5521 2330/376/5522
f 4667/4601/5523 4668/4602/5524 4669/4603/5525 4670/4604/5526
f 330/4605/5527 324/2455/5528 2335/381/5529 2337/383/5530
f 324/2455/5531 327/2454/5532 2338/384/5533 2335/381/5534
f 326/2453/5535 325/2441/5536 2331/377/5537 2339/385/5538
f 329/2457/5539 1828/2456/5540 2341/387/5541 2340/386/5542
f 1827/2444/5543 326/2453/5544 2339/385/5545 2332/378/5546
f 327/2454/5547 331/2460/5548 2343/389/5549 2338/384/5550
f 333/2459/5551 328/2458/5552 2342/388/5553 2344/390/5554
f 328/2458/5555 1823/2462/5556 2345/391/5557 2342/388/5558
f 1822/2461/5559 329/2457/5560 2340/386/5561 2346/392/5562
f 4671/4606/5563 4672/4607/5564 4673/4608/5565 4674/4609/5566
f 331/2460/5567 330/4605/5568 2337/383/5569 2343/389/5570
f 4675/4610/5571 4676/4611/5572 4677/4612/5573 4678/4613/5574
f 338/4614/5575 332/2473/5576 2348/394/5577 2350/396/5578
f 332/2473/5579 336/2472/5580 2351/397/5581 2348/394/5582
f 335/2471/5583 333/2459/5584 2344/390/5585 2352/398/5586
f 337/2477/5587 1899/2476/5588 2355/401/5589 2354/400/5590
f 1898/2475/5591 334/2474/5592 2353/399/5593 2356/402/5594
f 334/2474/5595 1824/2478/5596 2357/403/5597 2353/399/5598
f 1823/2462/5599 335/2471/5600 2352/398/5601 2345/391/5602
f 336/2472/5603 339/2480/5604 2358/404/5605 2351/397/5606
f 341/2479/5607 337/2477/5608 2354/400/5609 2359/405/5610
f 4679/4615/5611 4680/4616/5612 4681/4617/5613 4682/4618/5614
f 339/2480/5615 338/4614/5616 2350/396/5617 2358/404/5618
f 4683/4619/5619 4684/4620/5620 4685/4621/5621 4686/4622/5622
f 346/4623/5623 340/2491/5624 2361/407/5625 2363/409/5626
f 340/2491/5627 343/2490/5628 2364/410/5629 2361/407/5630
f 342/2489/5631 341/2479/5632 2359/405/5633 2365/411/5634
f 345/2493/5635 1900/2492/5636 2367/413/5637 2366/412/5638
f 1899/2476/5639 342/2489/5640 2365/411/5641 2355/401/5642
f 343/2490/5643 347/2496/5644 2369/415/5645 2364/410/5646
f 349/2495/5647 344/2494/5648 2368/414/5649 2370/416/5650
f 344/2494/5651 1895/2498/5652 2371/417/5653 2368/414/5654
f 1894/2497/5655 345/2493/5656 2366/412/5657 2372/418/5658
f 4687/4624/5659 4688/4625/5660 4689/4626/5661 4690/4627/5662
f 347/2496/5663 346/4623/5664 2363/409/5665 2369/415/5666
f 4691/4628/5667 4692/4629/5668 4693/4630/5669 4694/4631/5670
f 354/4632/5671 348/2509/5672 2374/420/5673 2376/422/5674
f 348/2509/5675 351/2508/5676 2377/423/5677 2374/420/5678
f 350/2507/5679 349/2495/5680 2370/416/5681 2378/424/5682
f 353/2511/5683 1896/2510/5684 2380/426/5685 2379/425/5686
f 1895/2498/5687 350/2507/5688 2378/424/5689 2371/417/5690
f 351/2508/5691 355/2514/5692 2382/428/5693 2377/423/5694
f 357/2513/5695 352/2512/5696 2381/427/5697 2383/429/5698
f 352/2512/5699 1891/2516/5700 2384/430/5701 2381/427/5702
f 1890/2515/5703 353/2511/5704 2379/425/5705 2385/431/5706
f 4695/4633/5707 4696/4634/5708 4697/4635/5709 4698/4636/5710
f 355/2514/5711 354/4632/5712 2376/422/5713 2382/428/5714
f 4699/4637/5715 4700/4638/5716 4701/4639/5717 4702/4640/5718
f 362/4641/5719 356/2527/5720 2387/433/5721 2389/435/5722
f 356/2527/5723 359/2526/5724 2390/436/5725 2387/433/5726
f 358/2525/5727 357/2513/5728 2383/429/5729 2391/437/5730
f 361/2529/5731 1892/2528/5732 2393/439/5733 2392/438/5734
f 1891/2516/5735 358/2525/5736 2391/437/5737 2384/430/5738
f 359/2526/5739 363/2532/5740 2395/441/5741 2390/436/5742
f 365/2531/5743 360/2530/5744 2394/440/5745 2396/442/5746
f 360/2530/5747 1887/2534/5748 2397/443/5749 2394/440/5750
f 1886/2533/5751 361/2529/5752 2392/438/5753 2398/444/5754
f 4703/4642/5755 4704/4643/5756 4705/4644/5757 4706/4645/5758
f 363/2532/5759 362/4641/5760 2389/435/5761 2395/441/5762
f 4707/4646/5763 4708/4647/5764 4709/4648/5765 4710/4649/5766
f 370/4650/5767 364/2545/5768 2400/446/5769 2402/448/5770
f 364/2545/5771 367/2544/5772 2403/449/5773 2400/446/5774
f 366/2543/5775 365/2531/5776 2396/442/5777 2404/450/5778
f 369/2547/5779 1888/2546/5780 2406/452/5781 2405/451/5782
f 1887/2534/5783 366/2543/5784 2404/450/5785 2397/443/5786
f 367/2544/5787 371/2550/5788 2408/454/5789 2403/449/5790
f 373/2549/5791 368/2548/5792 2407/453/5793 2409/455/5794
f 368/2548/5795 1883/2552/5796 2410/456/5797 2407/453/5798
f 1882/2551/5799 369/2547/5800 2405/451/5801 2411/457/5802
f 4711/4651/5803 4712/4652/5804 4713/4653/5805 4714/4654/5806
f 371/2550/5807 370/4650/5808 2402/448/5809 2408/454/5810
f 4715/4655/5811 4716/4656/5812 4717/4657/5813 4718/4658/5814
f 378/4659/5815 372/2563/5816 2413/459/5817 2415/461/5818
f 372/2563/5819 375/2562/5820 2416/462/5821 2413/459/5822
f 374/2561/5823 373/2549/5824 2409/455/5825 2417/463/5826
f 377/2565/5827 1884/2564/5828 2419/465/5829 2418/464/5830
f 1883/2552/5831 374/2561/5832 2417/463/5833 2410/456/5834
f 375/2562/5835 379/2567/5836 2421/467/5837 2416/462/5838
f 381/2251/5839 376/2566/5840 2420/466/5841 2190/240/5842
f 376/2566/5843 1879/2247/5844 2189/239/5845 2420/466/5846
f 1878/2568/5847 377/2565/5848 2418/464/5849 2422/468/5850
f 4719/4660/5851 4720/4661/5852 4721/4662/5853 4722/4663/5854
f 379/2567/5855 378/4659/5856 2415/461/5857 2421/467/5858
f 385/2576/5859 561/2575/5860 2425/471/5861 2424/470/5862
f 560/2574/5863 382/2573/5864 2423/469/5865 2426/472/5866
f 382/2573/5867 546/2579/5868 2428/474/5869 2423/469/5870
f 549/2578/5871 383/2577/5872 2427/473/5873 2429/475/5874
f 383/2577/5875 387/2582/5876 2431/477/5877 2427/473/5878
f 386/2581/5879 384/2580/5880 2430/476/5881 2432/478/5882
f 384/2580/5883 401/2584/5884 2433/479/5885 2430/476/5886
f 400/2583/5887 385/2576/5888 2424/470/5889 2434/480/5890
f 4723/4664/5891 4724/4665/5892 4725/4666/5893 4726/4667/5894
f 394/4668/5895 386/2581/5896 2432/478/5897 2437/483/5898
f 387/2582/5899 392/2591/5900 2439/485/5901 2431/477/5902
f 391/2590/5903 388/2589/5904 2438/484/5905 2440/486/5906
f 388/2589/5907 389/4669/5908 2441/487/5909 2438/484/5910
f 4727/4670/5911 4728/4671/5912 4729/4672/5913 4730/4673/5914
f 389/4669/5915 539/2604/5916 2443/489/5917 2441/487/5918
f 4731/4674/5919 4732/4675/5920 4733/4676/5921 4734/4677/5922
f 393/2603/5923 698/2602/5924 2447/493/5925 2446/492/5926
f 701/2601/5927 390/2600/5928 2445/491/5929 2448/494/5930
f 390/2600/5931 540/2605/5932 2449/495/5933 2445/491/5934
f 539/2604/5935 391/2590/5936 2440/486/5937 2443/489/5938
f 392/2591/5939 549/2578/5940 2429/475/5941 2439/485/5942
f 548/2606/5943 393/2603/5944 2446/492/5945 2450/496/5946
f 4735/4678/5947 4736/4679/5948 4737/4680/5949 4738/4681/5950
f 401/2584/5951 394/4668/5952 2437/483/5953 2433/479/5954
f 398/2614/5955 569/2613/5956 2454/500/5957 2453/499/5958
f 568/2612/5959 395/2611/5960 2452/498/5961 2455/501/5962
f 395/2611/5963 558/2616/5964 2457/503/5965 2452/498/5966
f 561/2575/5967 396/2615/5968 2456/502/5969 2425/471/5970
f 396/2615/5971 400/2583/5972 2434/480/5973 2456/502/5974
f 399/2618/5975 397/2617/5976 2458/504/5977 2459/505/5978
f 397/2617/5979 409/2620/5980 2460/506/5981 2458/504/5982
f 408/2619/5983 398/2614/5984 2453/499/5985 2461/507/5986
f 4739/4682/5987 4740/4683/5988 4741/4684/5989 4742/4685/5990
f 402/4686/5991 399/2618/5992 2459/505/5993 2463/509/5994
f 4743/4687/5995 4744/4688/5996 4745/4689/5997 4746/4690/5998
f 409/2620/5999 402/4686/6000 2463/509/6001 2460/506/6002
f 406/2632/6003 577/2631/6004 2467/513/6005 2466/512/6006
f 576/2630/6007 403/2629/6008 2465/511/6009 2468/514/6010
f 403/2629/6011 566/2634/6012 2470/516/6013 2465/511/6014
f 569/2613/6015 404/2633/6016 2469/515/6017 2454/500/6018
f 404/2633/6019 408/2619/6020 2461/507/6021 2469/515/6022
f 407/2636/6023 405/2635/6024 2471/517/6025 2472/518/6026
f 405/2635/6027 417/2638/6028 2473/519/6029 2471/517/6030
f 416/2637/6031 406/2632/6032 2466/512/6033 2474/520/6034
f 4747/4691/6035 4748/4692/6036 4749/4693/6037 4750/4694/6038
f 410/4695/6039 407/2636/6040 2472/518/6041 2476/522/6042
f 4751/4696/6043 4752/4697/6044 4753/4698/6045 4754/4699/6046
f 417/2638/6047 410/4695/6048 2476/522/6049 2473/519/6050
f 414/2650/6051 585/2649/6052 2480/526/6053 2479/525/6054
f 584/2648/6055 411/2647/6056 2478/524/6057 2481/527/6058
f 411/2647/6059 574/2652/6060 2483/529/6061 2478/524/6062
f 577/2631/6063 412/2651/6064 2482/528/6065 2467/513/6066
f 412/2651/6067 416/2637/6068 2474/520/6069 2482/528/6070
f 415/2654/6071 413/2653/6072 2484/530/6073 2485/531/6074
f 413/2653/6075 425/2656/6076 2486/532/6077 2484/530/6078
f 424/2655/6079 414/2650/6080 2479/525/6081 2487/533/6082
f 4755/4700/6083 4756/4701/6084 4757/4702/6085 4758/4703/6086
f 418/4704/6087 415/2654/6088 2485/531/6089 2489/535/6090
f 4759/4705/6091 4760/4706/6092 4761/4707/6093 4762/4708/6094
f 425/2656/6095 418/4704/6096 2489/535/6097 2486/532/6098
f 422/2668/6099 593/2667/6100 2493/539/6101 2492/538/6102
f 592/2666/6103 419/2665/6104 2491/537/6105 2494/540/6106
f 419/2665/6107 582/2670/6108 2496/542/6109 2491/537/6110
f 585/2649/6111 420/2669/6112 2495/541/6113 2480/526/6114
f 420/2669/6115 424/2655/6116 2487/533/6117 2495/541/6118
f 423/2672/6119 421/2671/6120 2497/543/6121 2498/544/6122
f 421/2671/6123 433/2674/6124 2499/545/6125 2497/543/6126
f 432/2673/6127 422/2668/6128 2492/538/6129 2500/546/6130
f 4763/4709/6131 4764/4710/6132 4765/4711/6133 4766/4712/6134
f 426/4713/6135 423/2672/6136 2498/544/6137 2502/548/6138
f 4767/4714/6139 4768/4715/6140 4769/4716/6141 4770/4717/6142
f 433/2674/6143 426/4713/6144 2502/548/6145 2499/545/6146
f 430/2686/6147 601/2685/6148 2506/552/6149 2505/551/6150
f 600/2684/6151 427/2683/6152 2504/550/6153 2507/553/6154
f 427/2683/6155 590/2688/6156 2509/555/6157 2504/550/6158
f 593/2667/6159 428/2687/6160 2508/554/6161 2493/539/6162
f 428/2687/6163 432/2673/6164 2500/546/6165 2508/554/6166
f 431/2690/6167 429/2689/6168 2510/556/6169 2511/557/6170
f 429/2689/6171 441/2692/6172 2512/558/6173 2510/556/6174
f 440/2691/6175 430/2686/6176 2505/551/6177 2513/559/6178
f 4771/4718/6179 4772/4719/6180 4773/4720/6181 4774/4721/6182
f 434/4722/6183 431/2690/6184 2511/557/6185 2515/561/6186
f 4775/4723/6187 4776/4724/6188 4777/4725/6189 4778/4726/6190
f 441/2692/6191 434/4722/6192 2515/561/6193 2512/558/6194
f 438/2704/6195 609/2703/6196 2519/565/6197 2518/564/6198
f 608/2702/6199 435/2701/6200 2517/563/6201 2520/566/6202
f 435/2701/6203 598/2706/6204 2522/568/6205 2517/563/6206
f 601/2685/6207 436/2705/6208 2521/567/6209 2506/552/6210
f 436/2705/6211 440/2691/6212 2513/559/6213 2521/567/6214
f 439/2708/6215 437/2707/6216 2523/569/6217 2524/570/6218
f 437/2707/6219 449/2710/6220 2525/571/6221 2523/569/6222
f 448/2709/6223 438/2704/6224 2518/564/6225 2526/572/6226
f 4779/4727/6227 4780/4728/6228 4781/4729/6229 4782/4730/6230
f 442/4731/6231 439/2708/6232 2524/570/6233 2528/574/6234
f 4783/4732/6235 4784/4733/6236 4785/4734/6237 4786/4735/6238
f 449/2710/6239 442/4731/6240 2528/574/6241 2525/571/6242
f 446/2722/6243 617/2721/6244 2532/578/6245 2531/577/6246
f 616/2720/6247 443/2719/6248 2530/576/6249 2533/579/6250
f 443/2719/6251 606/2724/6252 2535/581/6253 2530/576/6254
f 609/2703/6255 444/2723/6256 2534/580/6257 2519/565/6258
f 444/2723/6259 448/2709/6260 2526/572/6261 2534/580/6262
f 447/2726/6263 445/2725/6264 2536/582/6265 2537/583/6266
f 445/2725/6267 457/2728/6268 2538/584/6269 2536/582/6270
f 456/2727/6271 446/2722/6272 2531/577/6273 2539/585/6274
f 4787/4736/6275 4788/4737/6276 4789/4738/6277 4790/4739/6278
f 450/4740/6279 447/2726/6280 2537/583/6281 2541/587/6282
f 4791/4741/6283 4792/4742/6284 4793/4743/6285 4794/4744/6286
f 457/2728/6287 450/4740/6288 2541/587/6289 2538/584/6290
f 454/2740/6291 625/2739/6292 2545/591/6293 2544/590/6294
f 624/2738/6295 451/2737/6296 2543/589/6297 2546/592/6298
f 451/2737/6299 614/2742/6300 2548/594/6301 2543/589/6302
f 617/2721/6303 452/2741/6304 2547/593/6305 2532/578/6306
f 452/2741/6307 456/2727/6308 2539/585/6309 2547/593/6310
f 455/2744/6311 453/2743/6312 2549/595/6313 2550/596/6314
f 453/2743/6315 465/2746/6316 2551/597/6317 2549/595/6318
f 464/2745/6319 454/2740/6320 2544/590/6321 2552/598/6322
f 4795/4745/6323 4796/4746/6324 4797/4747/6325 4798/4748/6326
f 458/4749/6327 455/2744/6328 2550/596/6329 2554/600/6330
f 4799/4750/6331 4800/4751/6332 4801/4752/6333 4802/4753/6334
f 465/2746/6335 458/4749/6336 2554/600/6337 2551/597/6338
f 462/2757/6339 633/2756/6340 2558/604/6341 2557/603/6342
f 632/4959/6343 459/4955/6344 2556/4892/6345 2559/4871/6346
f 459/2755/6347 622/2759/6348 2561/606/6349 2556/602/6350
f 625/2739/6351 460/2758/6352 2560/605/6353 2545/591/6354
f 460/2758/6355 464/2745/6356 2552/598/6357 2560/605/6358
f 463/2761/6359 461/2760/6360 2562/607/6361 2563/608/6362
f 461/4929/6363 473/2762/6364 2564/4869/6365 2562/4867/6366
f 472/4924/6367 462/2757/6368 2557/603/6369 2565/609/6370
f 4803/4754/6371 4804/4755/6372 4805/4756/6373 4806/4757/6374
f 466/4758/6375 463/2761/6376 2563/608/6377 2567/611/6378
f 4807/4759/6379 4808/4760/6380 4809/4761/6381 4810/4762/6382
f 473/2762/6383 466/4956/6384 2567/4957/6385 2564/4869/6386
f 470/2774/6387 641/2773/6388 2571/615/6389 2570/614/6390
f 640/2772/6391 467/2771/6392 2569/613/6393 2572/616/6394
f 467/2771/6395 630/2776/6396 2574/618/6397 2569/613/6398
f 633/2756/6399 468/2775/6400 2573/617/6401 2558/604/6402
f 468/2775/6403 472/4924/6404 2565/609/6405 2573/617/6406
f 471/2778/6407 469/2777/6408 2575/619/6409 2576/620/6410
f 469/2777/6411 481/2780/6412 2577/621/6413 2575/619/6414
f 480/2779/6415 470/2774/6416 2570/614/6417 2578/622/6418
f 4811/4763/6419 4812/4764/6420 4813/4765/6421 4814/4766/6422
f 474/4767/6423 471/2778/6424 2576/620/6425 2580/624/6426
f 4815/4768/6427 4816/4769/6428 4817/4770/6429 4818/4771/6430
f 481/2780/6431 474/4767/6432 2580/624/6433 2577/621/6434
f 478/2792/6435 649/2791/6436 2584/628/6437 2583/627/6438
f 648/2790/6439 475/2789/6440 2582/626/6441 2585/629/6442
f 475/2789/6443 638/2794/6444 2587/631/6445 2582/626/6446
f 641/2773/6447 476/2793/6448 2586/630/6449 2571/615/6450
f 476/2793/6451 480/2779/6452 2578/622/6453 2586/630/6454
f 479/2796/6455 477/2795/6456 2588/632/6457 2589/633/6458
f 477/2795/6459 489/2798/6460 2590/634/6461 2588/632/6462
f 488/2797/6463 478/2792/6464 2583/627/6465 2591/635/6466
f 4819/4772/6467 4820/4773/6468 4821/4774/6469 4822/4775/6470
f 482/4776/6471 479/2796/6472 2589/633/6473 2593/637/6474
f 4823/4777/6475 4824/4778/6476 4825/4779/6477 4826/4780/6478
f 489/2798/6479 482/4776/6480 2593/637/6481 2590/634/6482
f 486/2810/6483 657/2809/6484 2597/641/6485 2596/640/6486
f 656/2808/6487 483/2807/6488 2595/639/6489 2598/642/6490
f 483/2807/6491 646/2812/6492 2600/644/6493 2595/639/6494
f 649/2791/6495 484/2811/6496 2599/643/6497 2584/628/6498
f 484/2811/6499 488/2797/6500 2591/635/6501 2599/643/6502
f 487/2814/6503 485/2813/6504 2601/645/6505 2602/646/6506
f 485/2813/6507 497/2816/6508 2603/647/6509 2601/645/6510
f 496/2815/6511 486/2810/6512 2596/640/6513 2604/648/6514
f 4827/4781/6515 4828/4782/6516 4829/4783/6517 4830/4784/6518
f 490/4785/6519 487/2814/6520 2602/646/6521 2606/650/6522
f 4831/4786/6523 4832/4787/6524 4833/4788/6525 4834/4789/6526
f 497/2816/6527 490/4785/6528 2606/650/6529 2603/647/6530
f 494/2828/6531 665/2827/6532 2610/654/6533 2609/653/6534
f 664/2826/6535 491/2825/6536 2608/652/6537 2611/655/6538
f 491/2825/6539 654/2830/6540 2613/657/6541 2608/652/6542
f 657/2809/6543 492/2829/6544 2612/656/6545 2597/641/6546
f 492/2829/6547 496/2815/6548 2604/648/6549 2612/656/6550
f 495/2832/6551 493/2831/6552 2614/658/6553 2615/659/6554
f 493/2831/6555 505/2834/6556 2616/660/6557 2614/658/6558
f 504/2833/6559 494/2828/6560 2609/653/6561 2617/661/6562
f 4835/4790/6563 4836/4791/6564 4837/4792/6565 4838/4793/6566
f 498/4794/6567 495/2832/6568 2615/659/6569 2619/663/6570
f 4839/4795/6571 4840/4796/6572 4841/4797/6573 4842/4798/6574
f 505/2834/6575 498/4794/6576 2619/663/6577 2616/660/6578
f 502/2846/6579 673/2845/6580 2623/667/6581 2622/666/6582
f 672/2844/6583 499/2843/6584 2621/665/6585 2624/668/6586
f 499/2843/6587 662/2848/6588 2626/670/6589 2621/665/6590
f 665/2827/6591 500/2847/6592 2625/669/6593 2610/654/6594
f 500/2847/6595 504/2833/6596 2617/661/6597 2625/669/6598
f 503/2850/6599 501/2849/6600 2627/671/6601 2628/672/6602
f 501/2849/6603 513/2852/6604 2629/673/6605 2627/671/6606
f 512/2851/6607 502/2846/6608 2622/666/6609 2630/674/6610
f 4843/4799/6611 4844/4800/6612 4845/4801/6613 4846/4802/6614
f 506/4803/6615 503/2850/6616 2628/672/6617 2632/676/6618
f 4847/4804/6619 4848/4805/6620 4849/4806/6621 4850/4807/6622
f 513/2852/6623 506/4803/6624 2632/676/6625 2629/673/6626
f 510/2864/6627 681/2863/6628 2636/680/6629 2635/679/6630
f 680/2862/6631 507/2861/6632 2634/678/6633 2637/681/6634
f 507/2861/6635 670/2866/6636 2639/683/6637 2634/678/6638
f 673/2845/6639 508/2865/6640 2638/682/6641 2623/667/6642
f 508/2865/6643 512/2851/6644 2630/674/6645 2638/682/6646
f 511/2868/6647 509/2867/6648 2640/684/6649 2641/685/6650
f 509/2867/6651 521/2870/6652 2642/686/6653 2640/684/6654
f 520/2869/6655 510/2864/6656 2635/679/6657 2643/687/6658
f 4851/4808/6659 4852/4809/6660 4853/4810/6661 4854/4811/6662
f 514/4812/6663 511/2868/6664 2641/685/6665 2645/689/6666
f 4855/4813/6667 4856/4814/6668 4857/4815/6669 4858/4816/6670
f 521/2870/6671 514/4812/6672 2645/689/6673 2642/686/6674
f 518/2882/6675 689/2881/6676 2649/693/6677 2648/692/6678
f 688/2880/6679 515/2879/6680 2647/691/6681 2650/694/6682
f 515/2879/6683 678/2884/6684 2652/696/6685 2647/691/6686
f 681/2863/6687 516/2883/6688 2651/695/6689 2636/680/6690
f 516/2883/6691 520/2869/6692 2643/687/6693 2651/695/6694
f 519/2886/6695 517/2885/6696 2653/697/6697 2654/698/6698
f 517/2885/6699 529/2888/6700 2655/699/6701 2653/697/6702
f 528/2887/6703 518/2882/6704 2648/692/6705 2656/700/6706
f 4859/4817/6707 4860/4818/6708 4861/4819/6709 4862/4820/6710
f 522/4821/6711 519/2886/6712 2654/698/6713 2658/702/6714
f 4863/4822/6715 4864/4823/6716 4865/4824/6717 4866/4825/6718
f 529/2888/6719 522/4821/6720 2658/702/6721 2655/699/6722
f 526/2900/6723 697/2899/6724 2662/706/6725 2661/705/6726
f 696/2898/6727 523/2897/6728 2660/704/6729 2663/707/6730
f 523/2897/6731 686/2902/6732 2665/709/6733 2660/704/6734
f 689/2881/6735 524/2901/6736 2664/708/6737 2649/693/6738
f 524/2901/6739 528/2887/6740 2656/700/6741 2664/708/6742
f 527/2904/6743 525/2903/6744 2666/710/6745 2667/711/6746
f 525/2903/6747 537/2906/6748 2668/712/6749 2666/710/6750
f 536/2905/6751 526/2900/6752 2661/705/6753 2669/713/6754
f 4867/4826/6755 4868/4827/6756 4869/4828/6757 4870/4829/6758
f 530/4830/6759 527/2904/6760 2667/711/6761 2671/715/6762
f 4871/4831/6763 4872/4832/6764 4873/4833/6765 4874/4834/6766
f 537/2906/6767 530/4830/6768 2671/715/6769 2668/712/6770
f 534/2917/6771 701/2601/6772 2448/494/6773 2674/718/6774
f 700/2916/6775 531/2915/6776 2673/717/6777 2675/719/6778
f 531/2915/6779 694/2919/6780 2677/721/6781 2673/717/6782
f 697/2899/6783 532/2918/6784 2676/720/6785 2662/706/6786
f 532/2918/6787 536/2905/6788 2669/713/6789 2676/720/6790
f 535/2921/6791 533/2920/6792 2678/722/6793 2679/723/6794
f 533/2920/6795 541/2922/6796 2680/724/6797 2678/722/6798
f 540/2605/6799 534/2917/6800 2674/718/6801 2449/495/6802
f 4875/4835/6803 4876/4836/6804 4877/4837/6805 4878/4838/6806
f 538/4839/6807 535/2921/6808 2679/723/6809 2682/726/6810
f 4879/4840/6811 4880/4841/6812 4881/4842/6813 4882/4843/6814
f 541/2922/6815 538/4839/6816 2682/726/6817 2680/724/6818
f 545/2934/6819 721/2933/6820 2685/729/6821 2684/728/6822
f 720/2932/6823 542/2931/6824 2683/727/6825 2686/730/6826
f 542/2931/6827 706/2937/6828 2688/732/6829 2683/727/6830
f 709/2936/6831 543/2935/6832 2687/731/6833 2689/733/6834
f 543/2935/6835 547/2939/6836 2691/735/6837 2687/731/6838
f 546/2579/6839 544/2938/6840 2690/734/6841 2428/474/6842
f 544/2938/6843 560/2574/6844 2426/472/6845 2690/734/6846
f 559/2940/6847 545/2934/6848 2684/728/6849 2692/736/6850
f 547/2939/6851 552/2942/6852 2693/737/6853 2691/735/6854
f 551/2941/6855 548/2606/6856 2450/496/6857 2694/738/6858
f 553/2946/6859 858/2945/6860 2697/741/6861 2696/740/6862
f 861/2944/6863 550/2943/6864 2695/739/6865 2698/742/6866
f 550/2943/6867 699/2947/6868 2699/743/6869 2695/739/6870
f 698/2602/6871 551/2941/6872 2694/738/6873 2447/493/6874
f 552/2942/6875 709/2936/6876 2689/733/6877 2693/737/6878
f 708/2948/6879 553/2946/6880 2696/740/6881 2700/744/6882
f 557/2952/6883 729/2951/6884 2703/747/6885 2702/746/6886
f 728/2950/6887 554/2949/6888 2701/745/6889 2704/748/6890
f 554/2949/6891 718/2954/6892 2706/750/6893 2701/745/6894
f 721/2933/6895 555/2953/6896 2705/749/6897 2685/729/6898
f 555/2953/6899 559/2940/6900 2692/736/6901 2705/749/6902
f 558/2616/6903 556/2955/6904 2707/751/6905 2457/503/6906
f 556/2955/6907 568/2612/6908 2455/501/6909 2707/751/6910
f 567/2956/6911 557/2952/6912 2702/746/6913 2708/752/6914
f 565/2960/6915 737/2959/6916 2711/755/6917 2710/754/6918
f 736/2958/6919 562/2957/6920 2709/753/6921 2712/756/6922
f 562/2957/6923 726/2962/6924 2714/758/6925 2709/753/6926
f 729/2951/6927 563/2961/6928 2713/757/6929 2703/747/6930
f 563/2961/6931 567/2956/6932 2708/752/6933 2713/757/6934
f 566/2634/6935 564/2963/6936 2715/759/6937 2470/516/6938
f 564/2963/6939 576/2630/6940 2468/514/6941 2715/759/6942
f 575/2964/6943 565/2960/6944 2710/754/6945 2716/760/6946
f 573/2968/6947 745/2967/6948 2719/763/6949 2718/762/6950
f 744/2966/6951 570/2965/6952 2717/761/6953 2720/764/6954
f 570/2965/6955 734/2970/6956 2722/766/6957 2717/761/6958
f 737/2959/6959 571/2969/6960 2721/765/6961 2711/755/6962
f 571/2969/6963 575/2964/6964 2716/760/6965 2721/765/6966
f 574/2652/6967 572/2971/6968 2723/767/6969 2483/529/6970
f 572/2971/6971 584/2648/6972 2481/527/6973 2723/767/6974
f 583/2972/6975 573/2968/6976 2718/762/6977 2724/768/6978
f 581/2976/6979 753/2975/6980 2727/771/6981 2726/770/6982
f 752/2974/6983 578/2973/6984 2725/769/6985 2728/772/6986
f 578/2973/6987 742/2978/6988 2730/774/6989 2725/769/6990
f 745/2967/6991 579/2977/6992 2729/773/6993 2719/763/6994
f 579/2977/6995 583/2972/6996 2724/768/6997 2729/773/6998
f 582/2670/6999 580/2979/7000 2731/775/7001 2496/542/7002
f 580/2979/7003 592/2666/7004 2494/540/7005 2731/775/7006
f 591/2980/7007 581/2976/7008 2726/770/7009 2732/776/7010
f 589/2984/7011 761/2983/7012 2735/779/7013 2734/778/7014
f 760/2982/7015 586/2981/7016 2733/777/7017 2736/780/7018
f 586/2981/7019 750/2986/7020 2738/782/7021 2733/777/7022
f 753/2975/7023 587/2985/7024 2737/781/7025 2727/771/7026
f 587/2985/7027 591/2980/7028 2732/776/7029 2737/781/7030
f 590/2688/7031 588/2987/7032 2739/783/7033 2509/555/7034
f 588/2987/7035 600/2684/7036 2507/553/7037 2739/783/7038
f 599/2988/7039 589/2984/7040 2734/778/7041 2740/784/7042
f 597/2992/7043 769/2991/7044 2743/787/7045 2742/786/7046
f 768/2990/7047 594/2989/7048 2741/785/7049 2744/788/7050
f 594/2989/7051 758/2994/7052 2746/790/7053 2741/785/7054
f 761/2983/7055 595/2993/7056 2745/789/7057 2735/779/7058
f 595/2993/7059 599/2988/7060 2740/784/7061 2745/789/7062
f 598/2706/7063 596/2995/7064 2747/791/7065 2522/568/7066
f 596/2995/7067 608/2702/7068 2520/566/7069 2747/791/7070
f 607/2996/7071 597/2992/7072 2742/786/7073 2748/792/7074
f 605/3000/7075 777/2999/7076 2751/795/7077 2750/794/7078
f 776/2998/7079 602/2997/7080 2749/793/7081 2752/796/7082
f 602/2997/7083 766/3002/7084 2754/798/7085 2749/793/7086
f 769/2991/7087 603/3001/7088 2753/797/7089 2743/787/7090
f 603/3001/7091 607/2996/7092 2748/792/7093 2753/797/7094
f 606/2724/7095 604/3003/7096 2755/799/7097 2535/581/7098
f 604/3003/7099 616/2720/7100 2533/579/7101 2755/799/7102
f 615/3004/7103 605/3000/7104 2750/794/7105 2756/800/7106
f 613/3008/7107 785/3007/7108 2759/803/7109 2758/802/7110
f 784/3006/7111 610/3005/7112 2757/801/7113 2760/804/7114
f 610/3005/7115 774/3010/7116 2762/806/7117 2757/801/7118
f 777/2999/7119 611/3009/7120 2761/805/7121 2751/795/7122
f 611/3009/7123 615/3004/7124 2756/800/7125 2761/805/7126
f 614/2742/7127 612/3011/7128 2763/807/7129 2548/594/7130
f 612/3011/7131 624/2738/7132 2546/592/7133 2763/807/7134
f 623/3012/7135 613/3008/7136 2758/802/7137 2764/808/7138
f 621/3015/7139 793/3014/7140 2767/811/7141 2766/810/7142
f 792/4961/7143 618/4958/7144 2765/4894/7145 2768/4873/7146
f 618/3013/7147 782/3017/7148 2770/813/7149 2765/809/7150
f 785/3007/7151 619/3016/7152 2769/812/7153 2759/803/7154
f 619/3016/7155 623/3012/7156 2764/808/7157 2769/812/7158
f 622/2759/7159 620/3018/7160 2771/814/7161 2561/606/7162
f 620/4931/7163 632/4959/7164 2559/4871/7165 2771/4870/7166
f 631/3019/7167 621/3015/7168 2766/810/7169 2772/815/7170
f 629/3023/7171 801/3022/7172 2775/818/7173 2774/817/7174
f 800/3021/7175 626/3020/7176 2773/816/7177 2776/819/7178
f 626/3020/7179 790/3025/7180 2778/821/7181 2773/816/7182
f 793/3014/7183 627/3024/7184 2777/820/7185 2767/811/7186
f 627/3024/7187 631/3019/7188 2772/815/7189 2777/820/7190
f 630/2776/7191 628/3026/7192 2779/822/7193 2574/618/7194
f 628/3026/7195 640/2772/7196 2572/616/7197 2779/822/7198
f 639/3027/7199 629/3023/7200 2774/817/7201 2780/823/7202
f 637/3031/7203 809/3030/7204 2783/826/7205 2782/825/7206
f 808/3029/7207 634/3028/7208 2781/824/7209 2784/827/7210
f 634/3028/7211 798/3033/7212 2786/829/7213 2781/824/7214
f 801/3022/7215 635/3032/7216 2785/828/7217 2775/818/7218
f 635/3032/7219 639/3027/7220 2780/823/7221 2785/828/7222
f 638/2794/7223 636/3034/7224 2787/830/7225 2587/631/7226
f 636/3034/7227 648/2790/7228 2585/629/7229 2787/830/7230
f 647/3035/7231 637/3031/7232 2782/825/7233 2788/831/7234
f 645/3039/7235 817/3038/7236 2791/834/7237 2790/833/7238
f 816/3037/7239 642/3036/7240 2789/832/7241 2792/835/7242
f 642/3036/7243 806/3041/7244 2794/837/7245 2789/832/7246
f 809/3030/7247 643/3040/7248 2793/836/7249 2783/826/7250
f 643/3040/7251 647/3035/7252 2788/831/7253 2793/836/7254
f 646/2812/7255 644/3042/7256 2795/838/7257 2600/644/7258
f 644/3042/7259 656/2808/7260 2598/642/7261 2795/838/7262
f 655/3043/7263 645/3039/7264 2790/833/7265 2796/839/7266
f 653/3047/7267 825/3046/7268 2799/842/7269 2798/841/7270
f 824/3045/7271 650/3044/7272 2797/840/7273 2800/843/7274
f 650/3044/7275 814/3049/7276 2802/845/7277 2797/840/7278
f 817/3038/7279 651/3048/7280 2801/844/7281 2791/834/7282
f 651/3048/7283 655/3043/7284 2796/839/7285 2801/844/7286
f 654/2830/7287 652/3050/7288 2803/846/7289 2613/657/7290
f 652/3050/7291 664/2826/7292 2611/655/7293 2803/846/7294
f 663/3051/7295 653/3047/7296 2798/841/7297 2804/847/7298
f 661/3055/7299 833/3054/7300 2807/850/7301 2806/849/7302
f 832/3053/7303 658/3052/7304 2805/848/7305 2808/851/7306
f 658/3052/7307 822/3057/7308 2810/853/7309 2805/848/7310
f 825/3046/7311 659/3056/7312 2809/852/7313 2799/842/7314
f 659/3056/7315 663/3051/7316 2804/847/7317 2809/852/7318
f 662/2848/7319 660/3058/7320 2811/854/7321 2626/670/7322
f 660/3058/7323 672/2844/7324 2624/668/7325 2811/854/7326
f 671/3059/7327 661/3055/7328 2806/849/7329 2812/855/7330
f 669/3063/7331 841/3062/7332 2815/858/7333 2814/857/7334
f 840/3061/7335 666/3060/7336 2813/856/7337 2816/859/7338
f 666/3060/7339 830/3065/7340 2818/861/7341 2813/856/7342
f 833/3054/7343 667/3064/7344 2817/860/7345 2807/850/7346
f 667/3064/7347 671/3059/7348 2812/855/7349 2817/860/7350
f 670/2866/7351 668/3066/7352 2819/862/7353 2639/683/7354
f 668/3066/7355 680/2862/7356 2637/681/7357 2819/862/7358
f 679/3067/7359 669/3063/7360 2814/857/7361 2820/863/7362
f 677/3071/7363 849/3070/7364 2823/866/7365 2822/865/7366
f 848/3069/7367 674/3068/7368 2821/864/7369 2824/867/7370
f 674/3068/7371 838/3073/7372 2826/869/7373 2821/864/7374
f 841/3062/7375 675/3072/7376 2825/868/7377 2815/858/7378
f 675/3072/7379 679/3067/7380 2820/863/7381 2825/868/7382
f 678/2884/7383 676/3074/7384 2827/870/7385 2652/696/7386
f 676/3074/7387 688/2880/7388 2650/694/7389 2827/870/7390
f 687/3075/7391 677/3071/7392 2822/865/7393 2828/871/7394
f 685/3079/7395 857/3078/7396 2831/874/7397 2830/873/7398
f 856/3077/7399 682/3076/7400 2829/872/7401 2832/875/7402
f 682/3076/7403 846/3081/7404 2834/877/7405 2829/872/7406
f 849/3070/7407 683/3080/7408 2833/876/7409 2823/866/7410
f 683/3080/7411 687/3075/7412 2828/871/7413 2833/876/7414
f 686/2902/7415 684/3082/7416 2835/878/7417 2665/709/7418
f 684/3082/7419 696/2898/7420 2663/707/7421 2835/878/7422
f 695/3083/7423 685/3079/7424 2830/873/7425 2836/879/7426
f 693/3086/7427 861/2944/7428 2698/742/7429 2838/881/7430
f 860/3085/7431 690/3084/7432 2837/880/7433 2839/882/7434
f 690/3084/7435 854/3088/7436 2841/884/7437 2837/880/7438
f 857/3078/7439 691/3087/7440 2840/883/7441 2831/874/7442
f 691/3087/7443 695/3083/7444 2836/879/7445 2840/883/7446
f 694/2919/7447 692/3089/7448 2842/885/7449 2677/721/7450
f 692/3089/7451 700/2916/7452 2675/719/7453 2842/885/7454
f 699/2947/7455 693/3086/7456 2838/881/7457 2699/743/7458
f 705/3093/7459 881/3092/7460 2845/888/7461 2844/887/7462
f 880/3091/7463 702/3090/7464 2843/886/7465 2846/889/7466
f 702/3090/7467 866/3096/7468 2848/891/7469 2843/886/7470
f 869/3095/7471 703/3094/7472 2847/890/7473 2849/892/7474
f 703/3094/7475 707/3098/7476 2851/894/7477 2847/890/7478
f 706/2937/7479 704/3097/7480 2850/893/7481 2688/732/7482
f 704/3097/7483 720/2932/7484 2686/730/7485 2850/893/7486
f 719/3099/7487 705/3093/7488 2844/887/7489 2852/895/7490
f 707/3098/7491 712/3101/7492 2853/896/7493 2851/894/7494
f 711/3100/7495 708/2948/7496 2700/744/7497 2854/897/7498
f 713/3105/7499 1018/3104/7500 2857/900/7501 2856/899/7502
f 1021/3103/7503 710/3102/7504 2855/898/7505 2858/901/7506
f 710/3102/7507 859/3106/7508 2859/902/7509 2855/898/7510
f 858/2945/7511 711/3100/7512 2854/897/7513 2697/741/7514
f 712/3101/7515 869/3095/7516 2849/892/7517 2853/896/7518
f 868/3107/7519 713/3105/7520 2856/899/7521 2860/903/7522
f 717/3111/7523 889/3110/7524 2863/906/7525 2862/905/7526
f 888/3109/7527 714/3108/7528 2861/904/7529 2864/907/7530
f 714/3108/7531 878/3113/7532 2866/909/7533 2861/904/7534
f 881/3092/7535 715/3112/7536 2865/908/7537 2845/888/7538
f 715/3112/7539 719/3099/7540 2852/895/7541 2865/908/7542
f 718/2954/7543 716/3114/7544 2867/910/7545 2706/750/7546
f 716/3114/7547 728/2950/7548 2704/748/7549 2867/910/7550
f 727/3115/7551 717/3111/7552 2862/905/7553 2868/911/7554
f 725/3119/7555 897/3118/7556 2871/914/7557 2870/913/7558
f 896/3117/7559 722/3116/7560 2869/912/7561 2872/915/7562
f 722/3116/7563 886/3121/7564 2874/917/7565 2869/912/7566
f 889/3110/7567 723/3120/7568 2873/916/7569 2863/906/7570
f 723/3120/7571 727/3115/7572 2868/911/7573 2873/916/7574
f 726/2962/7575 724/3122/7576 2875/918/7577 2714/758/7578
f 724/3122/7579 736/2958/7580 2712/756/7581 2875/918/7582
f 735/3123/7583 725/3119/7584 2870/913/7585 2876/919/7586
f 733/3127/7587 905/3126/7588 2879/922/7589 2878/921/7590
f 904/3125/7591 730/3124/7592 2877/920/7593 2880/923/7594
f 730/3124/7595 894/3129/7596 2882/925/7597 2877/920/7598
f 897/3118/7599 731/3128/7600 2881/924/7601 2871/914/7602
f 731/3128/7603 735/3123/7604 2876/919/7605 2881/924/7606
f 734/2970/7607 732/3130/7608 2883/926/7609 2722/766/7610
f 732/3130/7611 744/2966/7612 2720/764/7613 2883/926/7614
f 743/3131/7615 733/3127/7616 2878/921/7617 2884/927/7618
f 741/3135/7619 913/3134/7620 2887/930/7621 2886/929/7622
f 912/3133/7623 738/3132/7624 2885/928/7625 2888/931/7626
f 738/3132/7627 902/3137/7628 2890/933/7629 2885/928/7630
f 905/3126/7631 739/3136/7632 2889/932/7633 2879/922/7634
f 739/3136/7635 743/3131/7636 2884/927/7637 2889/932/7638
f 742/2978/7639 740/3138/7640 2891/934/7641 2730/774/7642
f 740/3138/7643 752/2974/7644 2728/772/7645 2891/934/7646
f 751/3139/7647 741/3135/7648 2886/929/7649 2892/935/7650
f 749/3143/7651 921/3142/7652 2895/938/7653 2894/937/7654
f 920/3141/7655 746/3140/7656 2893/936/7657 2896/939/7658
f 746/3140/7659 910/3145/7660 2898/941/7661 2893/936/7662
f 913/3134/7663 747/3144/7664 2897/940/7665 2887/930/7666
f 747/3144/7667 751/3139/7668 2892/935/7669 2897/940/7670
f 750/2986/7671 748/3146/7672 2899/942/7673 2738/782/7674
f 748/3146/7675 760/2982/7676 2736/780/7677 2899/942/7678
f 759/3147/7679 749/3143/7680 2894/937/7681 2900/943/7682
f 757/3151/7683 929/3150/7684 2903/946/7685 2902/945/7686
f 928/3149/7687 754/3148/7688 2901/944/7689 2904/947/7690
f 754/3148/7691 918/3153/7692 2906/949/7693 2901/944/7694
f 921/3142/7695 755/3152/7696 2905/948/7697 2895/938/7698
f 755/3152/7699 759/3147/7700 2900/943/7701 2905/948/7702
f 758/2994/7703 756/3154/7704 2907/950/7705 2746/790/7706
f 756/3154/7707 768/2990/7708 2744/788/7709 2907/950/7710
f 767/3155/7711 757/3151/7712 2902/945/7713 2908/951/7714
f 765/3159/7715 937/3158/7716 2911/954/7717 2910/953/7718
f 936/3157/7719 762/3156/7720 2909/952/7721 2912/955/7722
f 762/3156/7723 926/3161/7724 2914/957/7725 2909/952/7726
f 929/3150/7727 763/3160/7728 2913/956/7729 2903/946/7730
f 763/3160/7731 767/3155/7732 2908/951/7733 2913/956/7734
f 766/3002/7735 764/3162/7736 2915/958/7737 2754/798/7738
f 764/3162/7739 776/2998/7740 2752/796/7741 2915/958/7742
f 775/3163/7743 765/3159/7744 2910/953/7745 2916/959/7746
f 773/3167/7747 945/3166/7748 2919/962/7749 2918/961/7750
f 944/3165/7751 770/3164/7752 2917/960/7753 2920/963/7754
f 770/3164/7755 934/3169/7756 2922/965/7757 2917/960/7758
f 937/3158/7759 771/3168/7760 2921/964/7761 2911/954/7762
f 771/3168/7763 775/3163/7764 2916/959/7765 2921/964/7766
f 774/3010/7767 772/3170/7768 2923/966/7769 2762/806/7770
f 772/3170/7771 784/3006/7772 2760/804/7773 2923/966/7774
f 783/3171/7775 773/3167/7776 2918/961/7777 2924/967/7778
f 781/3174/7779 953/3173/7780 2927/970/7781 2926/969/7782
f 952/4963/7783 778/4960/7784 2925/4896/7785 2928/4875/7786
f 778/3172/7787 942/3176/7788 2930/972/7789 2925/968/7790
f 945/3166/7791 779/3175/7792 2929/971/7793 2919/962/7794
f 779/3175/7795 783/3171/7796 2924/967/7797 2929/971/7798
f 782/3017/7799 780/3177/7800 2931/973/7801 2770/813/7802
f 780/4933/7803 792/4961/7804 2768/4873/7805 2931/4872/7806
f 791/3178/7807 781/3174/7808 2926/969/7809 2932/974/7810
f 789/3182/7811 961/3181/7812 2935/977/7813 2934/976/7814
f 960/3180/7815 786/3179/7816 2933/975/7817 2936/978/7818
f 786/3179/7819 950/3184/7820 2938/980/7821 2933/975/7822
f 953/3173/7823 787/3183/7824 2937/979/7825 2927/970/7826
f 787/3183/7827 791/3178/7828 2932/974/7829 2937/979/7830
f 790/3025/7831 788/3185/7832 2939/981/7833 2778/821/7834
f 788/3185/7835 800/3021/7836 2776/819/7837 2939/981/7838
f 799/3186/7839 789/3182/7840 2934/976/7841 2940/982/7842
f 797/3190/7843 969/3189/7844 2943/985/7845 2942/984/7846
f 968/3188/7847 794/3187/7848 2941/983/7849 2944/986/7850
f 794/3187/7851 958/3192/7852 2946/988/7853 2941/983/7854
f 961/3181/7855 795/3191/7856 2945/987/7857 2935/977/7858
f 795/3191/7859 799/3186/7860 2940/982/7861 2945/987/7862
f 798/3033/7863 796/3193/7864 2947/989/7865 2786/829/7866
f 796/3193/7867 808/3029/7868 2784/827/7869 2947/989/7870
f 807/3194/7871 797/3190/7872 2942/984/7873 2948/990/7874
f 805/3198/7875 977/3197/7876 2951/993/7877 2950/992/7878
f 976/3196/7879 802/3195/7880 2949/991/7881 2952/994/7882
f 802/3195/7883 966/3200/7884 2954/996/7885 2949/991/7886
f 969/3189/7887 803/3199/7888 2953/995/7889 2943/985/7890
f 803/3199/7891 807/3194/7892 2948/990/7893 2953/995/7894
f 806/3041/7895 804/3201/7896 2955/997/7897 2794/837/7898
f 804/3201/7899 816/3037/7900 2792/835/7901 2955/997/7902
f 815/3202/7903 805/3198/7904 2950/992/7905 2956/998/7906
f 813/3206/7907 985/3205/7908 2959/1001/7909 2958/1000/7910
f 984/3204/7911 810/3203/7912 2957/999/7913 2960/1002/7914
f 810/3203/7915 974/3208/7916 2962/1004/7917 2957/999/7918
f 977/3197/7919 811/3207/7920 2961/1003/7921 2951/993/7922
f 811/3207/7923 815/3202/7924 2956/998/7925 2961/1003/7926
f 814/3049/7927 812/3209/7928 2963/1005/7929 2802/845/7930
f 812/3209/7931 824/3045/7932 2800/843/7933 2963/1005/7934
f 823/3210/7935 813/3206/7936 2958/1000/7937 2964/1006/7938
f 821/3214/7939 993/3213/7940 2967/1009/7941 2966/1008/7942
f 992/3212/7943 818/3211/7944 2965/1007/7945 2968/1010/7946
f 818/3211/7947 982/3216/7948 2970/1012/7949 2965/1007/7950
f 985/3205/7951 819/3215/7952 2969/1011/7953 2959/1001/7954
f 819/3215/7955 823/3210/7956 2964/1006/7957 2969/1011/7958
f 822/3057/7959 820/3217/7960 2971/1013/7961 2810/853/7962
f 820/3217/7963 832/3053/7964 2808/851/7965 2971/1013/7966
f 831/3218/7967 821/3214/7968 2966/1008/7969 2972/1014/7970
f 829/3222/7971 1001/3221/7972 2975/1017/7973 2974/1016/7974
f 1000/3220/7975 826/3219/7976 2973/1015/7977 2976/1018/7978
f 826/3219/7979 990/3224/7980 2978/1020/7981 2973/1015/7982
f 993/3213/7983 827/3223/7984 2977/1019/7985 2967/1009/7986
f 827/3223/7987 831/3218/7988 2972/1014/7989 2977/1019/7990
f 830/3065/7991 828/3225/7992 2979/1021/7993 2818/861/7994
f 828/3225/7995 840/3061/7996 2816/859/7997 2979/1021/7998
f 839/3226/7999 829/3222/8000 2974/1016/8001 2980/1022/8002
f 837/3230/8003 1009/3229/8004 2983/1025/8005 2982/1024/8006
f 1008/3228/8007 834/3227/8008 2981/1023/8009 2984/1026/8010
f 834/3227/8011 998/3232/8012 2986/1028/8013 2981/1023/8014
f 1001/3221/8015 835/3231/8016 2985/1027/8017 2975/1017/8018
f 835/3231/8019 839/3226/8020 2980/1022/8021 2985/1027/8022
f 838/3073/8023 836/3233/8024 2987/1029/8025 2826/869/8026
f 836/3233/8027 848/3069/8028 2824/867/8029 2987/1029/8030
f 847/3234/8031 837/3230/8032 2982/1024/8033 2988/1030/8034
f 845/3238/8035 1017/3237/8036 2991/1033/8037 2990/1032/8038
f 1016/3236/8039 842/3235/8040 2989/1031/8041 2992/1034/8042
f 842/3235/8043 1006/3240/8044 2994/1036/8045 2989/1031/8046
f 1009/3229/8047 843/3239/8048 2993/1035/8049 2983/1025/8050
f 843/3239/8051 847/3234/8052 2988/1030/8053 2993/1035/8054
f 846/3081/8055 844/3241/8056 2995/1037/8057 2834/877/8058
f 844/3241/8059 856/3077/8060 2832/875/8061 2995/1037/8062
f 855/3242/8063 845/3238/8064 2990/1032/8065 2996/1038/8066
f 853/3245/8067 1021/3103/8068 2858/901/8069 2998/1040/8070
f 1020/3244/8071 850/3243/8072 2997/1039/8073 2999/1041/8074
f 850/3243/8075 1014/3247/8076 3001/1043/8077 2997/1039/8078
f 1017/3237/8079 851/3246/8080 3000/1042/8081 2991/1033/8082
f 851/3246/8083 855/3242/8084 2996/1038/8085 3000/1042/8086
f 854/3088/8087 852/3248/8088 3002/1044/8089 2841/884/8090
f 852/3248/8091 860/3085/8092 2839/882/8093 3002/1044/8094
f 859/3106/8095 853/3245/8096 2998/1040/8097 2859/902/8098
f 865/3252/8099 1041/3251/8100 3005/1047/8101 3004/1046/8102
f 1040/3250/8103 862/3249/8104 3003/1045/8105 3006/1048/8106
f 862/3249/8107 1026/3255/8108 3008/1050/8109 3003/1045/8110
f 1029/3254/8111 863/3253/8112 3007/1049/8113 3009/1051/8114
f 863/3253/8115 867/3257/8116 3011/1053/8117 3007/1049/8118
f 866/3096/8119 864/3256/8120 3010/1052/8121 2848/891/8122
f 864/3256/8123 880/3091/8124 2846/889/8125 3010/1052/8126
f 879/3258/8127 865/3252/8128 3004/1046/8129 3012/1054/8130
f 867/3257/8131 872/3260/8132 3013/1055/8133 3011/1053/8134
f 871/3259/8135 868/3107/8136 2860/903/8137 3014/1056/8138
f 873/3264/8139 1178/3263/8140 3017/1059/8141 3016/1058/8142
f 1181/3262/8143 870/3261/8144 3015/1057/8145 3018/1060/8146
f 870/3261/8147 1019/3265/8148 3019/1061/8149 3015/1057/8150
f 1018/3104/8151 871/3259/8152 3014/1056/8153 2857/900/8154
f 872/3260/8155 1029/3254/8156 3009/1051/8157 3013/1055/8158
f 1028/3266/8159 873/3264/8160 3016/1058/8161 3020/1062/8162
f 877/3270/8163 1049/3269/8164 3023/1065/8165 3022/1064/8166
f 1048/3268/8167 874/3267/8168 3021/1063/8169 3024/1066/8170
f 874/3267/8171 1038/3272/8172 3026/1068/8173 3021/1063/8174
f 1041/3251/8175 875/3271/8176 3025/1067/8177 3005/1047/8178
f 875/3271/8179 879/3258/8180 3012/1054/8181 3025/1067/8182
f 878/3113/8183 876/3273/8184 3027/1069/8185 2866/909/8186
f 876/3273/8187 888/3109/8188 2864/907/8189 3027/1069/8190
f 887/3274/8191 877/3270/8192 3022/1064/8193 3028/1070/8194
f 885/3278/8195 1057/3277/8196 3031/1073/8197 3030/1072/8198
f 1056/3276/8199 882/3275/8200 3029/1071/8201 3032/1074/8202
f 882/3275/8203 1046/3280/8204 3034/1076/8205 3029/1071/8206
f 1049/3269/8207 883/3279/8208 3033/1075/8209 3023/1065/8210
f 883/3279/8211 887/3274/8212 3028/1070/8213 3033/1075/8214
f 886/3121/8215 884/3281/8216 3035/1077/8217 2874/917/8218
f 884/3281/8219 896/3117/8220 2872/915/8221 3035/1077/8222
f 895/3282/8223 885/3278/8224 3030/1072/8225 3036/1078/8226
f 893/3286/8227 1065/3285/8228 3039/1081/8229 3038/1080/8230
f 1064/3284/8231 890/3283/8232 3037/1079/8233 3040/1082/8234
f 890/3283/8235 1054/3288/8236 3042/1084/8237 3037/1079/8238
f 1057/3277/8239 891/3287/8240 3041/1083/8241 3031/1073/8242
f 891/3287/8243 895/3282/8244 3036/1078/8245 3041/1083/8246
f 894/3129/8247 892/3289/8248 3043/1085/8249 2882/925/8250
f 892/3289/8251 904/3125/8252 2880/923/8253 3043/1085/8254
f 903/3290/8255 893/3286/8256 3038/1080/8257 3044/1086/8258
f 901/3294/8259 1073/3293/8260 3047/1089/8261 3046/1088/8262
f 1072/3292/8263 898/3291/8264 3045/1087/8265 3048/1090/8266
f 898/3291/8267 1062/3296/8268 3050/1092/8269 3045/1087/8270
f 1065/3285/8271 899/3295/8272 3049/1091/8273 3039/1081/8274
f 899/3295/8275 903/3290/8276 3044/1086/8277 3049/1091/8278
f 902/3137/8279 900/3297/8280 3051/1093/8281 2890/933/8282
f 900/3297/8283 912/3133/8284 2888/931/8285 3051/1093/8286
f 911/3298/8287 901/3294/8288 3046/1088/8289 3052/1094/8290
f 909/3302/8291 1081/3301/8292 3055/1097/8293 3054/1096/8294
f 1080/3300/8295 906/3299/8296 3053/1095/8297 3056/1098/8298
f 906/3299/8299 1070/3304/8300 3058/1100/8301 3053/1095/8302
f 1073/3293/8303 907/3303/8304 3057/1099/8305 3047/1089/8306
f 907/3303/8307 911/3298/8308 3052/1094/8309 3057/1099/8310
f 910/3145/8311 908/3305/8312 3059/1101/8313 2898/941/8314
f 908/3305/8315 920/3141/8316 2896/939/8317 3059/1101/8318
f 919/3306/8319 909/3302/8320 3054/1096/8321 3060/1102/8322
f 917/3310/8323 1089/3309/8324 3063/1105/8325 3062/1104/8326
f 1088/3308/8327 914/3307/8328 3061/1103/8329 3064/1106/8330
f 914/3307/8331 1078/3312/8332 3066/1108/8333 3061/1103/8334
f 1081/3301/8335 915/3311/8336 3065/1107/8337 3055/1097/8338
f 915/3311/8339 919/3306/8340 3060/1102/8341 3065/1107/8342
f 918/3153/8343 916/3313/8344 3067/1109/8345 2906/949/8346
f 916/3313/8347 928/3149/8348 2904/947/8349 3067/1109/8350
f 927/3314/8351 917/3310/8352 3062/1104/8353 3068/1110/8354
f 925/3318/8355 1097/3317/8356 3071/1113/8357 3070/1112/8358
f 1096/3316/8359 922/3315/8360 3069/1111/8361 3072/1114/8362
f 922/3315/8363 1086/3320/8364 3074/1116/8365 3069/1111/8366
f 1089/3309/8367 923/3319/8368 3073/1115/8369 3063/1105/8370
f 923/3319/8371 927/3314/8372 3068/1110/8373 3073/1115/8374
f 926/3161/8375 924/3321/8376 3075/1117/8377 2914/957/8378
f 924/3321/8379 936/3157/8380 2912/955/8381 3075/1117/8382
f 935/3322/8383 925/3318/8384 3070/1112/8385 3076/1118/8386
f 933/3326/8387 1105/3325/8388 3079/1121/8389 3078/1120/8390
f 1104/3324/8391 930/3323/8392 3077/1119/8393 3080/1122/8394
f 930/3323/8395 1094/3328/8396 3082/1124/8397 3077/1119/8398
f 1097/3317/8399 931/3327/8400 3081/1123/8401 3071/1113/8402
f 931/3327/8403 935/3322/8404 3076/1118/8405 3081/1123/8406
f 934/3169/8407 932/3329/8408 3083/1125/8409 2922/965/8410
f 932/3329/8411 944/3165/8412 2920/963/8413 3083/1125/8414
f 943/3330/8415 933/3326/8416 3078/1120/8417 3084/1126/8418
f 941/3333/8419 1113/3332/8420 3087/1129/8421 3086/1128/8422
f 1112/4965/8423 938/4962/8424 3085/4898/8425 3088/4877/8426
f 938/3331/8427 1102/3335/8428 3090/1131/8429 3085/1127/8430
f 1105/3325/8431 939/3334/8432 3089/1130/8433 3079/1121/8434
f 939/3334/8435 943/3330/8436 3084/1126/8437 3089/1130/8438
f 942/3176/8439 940/3336/8440 3091/1132/8441 2930/972/8442
f 940/4935/8443 952/4963/8444 2928/4875/8445 3091/4874/8446
f 951/3337/8447 941/3333/8448 3086/1128/8449 3092/1133/8450
f 949/3341/8451 1121/3340/8452 3095/1136/8453 3094/1135/8454
f 1120/3339/8455 946/3338/8456 3093/1134/8457 3096/1137/8458
f 946/3338/8459 1110/3343/8460 3098/1139/8461 3093/1134/8462
f 1113/3332/8463 947/3342/8464 3097/1138/8465 3087/1129/8466
f 947/3342/8467 951/3337/8468 3092/1133/8469 3097/1138/8470
f 950/3184/8471 948/3344/8472 3099/1140/8473 2938/980/8474
f 948/3344/8475 960/3180/8476 2936/978/8477 3099/1140/8478
f 959/3345/8479 949/3341/8480 3094/1135/8481 3100/1141/8482
f 957/3349/8483 1129/3348/8484 3103/1144/8485 3102/1143/8486
f 1128/3347/8487 954/3346/8488 3101/1142/8489 3104/1145/8490
f 954/3346/8491 1118/3351/8492 3106/1147/8493 3101/1142/8494
f 1121/3340/8495 955/3350/8496 3105/1146/8497 3095/1136/8498
f 955/3350/8499 959/3345/8500 3100/1141/8501 3105/1146/8502
f 958/3192/8503 956/3352/8504 3107/1148/8505 2946/988/8506
f 956/3352/8507 968/3188/8508 2944/986/8509 3107/1148/8510
f 967/3353/8511 957/3349/8512 3102/1143/8513 3108/1149/8514
f 965/3357/8515 1137/3356/8516 3111/1152/8517 3110/1151/8518
f 1136/3355/8519 962/3354/8520 3109/1150/8521 3112/1153/8522
f 962/3354/8523 1126/3359/8524 3114/1155/8525 3109/1150/8526
f 1129/3348/8527 963/3358/8528 3113/1154/8529 3103/1144/8530
f 963/3358/8531 967/3353/8532 3108/1149/8533 3113/1154/8534
f 966/3200/8535 964/3360/8536 3115/1156/8537 2954/996/8538
f 964/3360/8539 976/3196/8540 2952/994/8541 3115/1156/8542
f 975/3361/8543 965/3357/8544 3110/1151/8545 3116/1157/8546
f 973/3365/8547 1145/3364/8548 3119/1160/8549 3118/1159/8550
f 1144/3363/8551 970/3362/8552 3117/1158/8553 3120/1161/8554
f 970/3362/8555 1134/3367/8556 3122/1163/8557 3117/1158/8558
f 1137/3356/8559 971/3366/8560 3121/1162/8561 3111/1152/8562
f 971/3366/8563 975/3361/8564 3116/1157/8565 3121/1162/8566
f 974/3208/8567 972/3368/8568 3123/1164/8569 2962/1004/8570
f 972/3368/8571 984/3204/8572 2960/1002/8573 3123/1164/8574
f 983/3369/8575 973/3365/8576 3118/1159/8577 3124/1165/8578
f 981/3373/8579 1153/3372/8580 3127/1168/8581 3126/1167/8582
f 1152/3371/8583 978/3370/8584 3125/1166/8585 3128/1169/8586
f 978/3370/8587 1142/3375/8588 3130/1171/8589 3125/1166/8590
f 1145/3364/8591 979/3374/8592 3129/1170/8593 3119/1160/8594
f 979/3374/8595 983/3369/8596 3124/1165/8597 3129/1170/8598
f 982/3216/8599 980/3376/8600 3131/1172/8601 2970/1012/8602
f 980/3376/8603 992/3212/8604 2968/1010/8605 3131/1172/8606
f 991/3377/8607 981/3373/8608 3126/1167/8609 3132/1173/8610
f 989/3381/8611 1161/3380/8612 3135/1176/8613 3134/1175/8614
f 1160/3379/8615 986/3378/8616 3133/1174/8617 3136/1177/8618
f 986/3378/8619 1150/3383/8620 3138/1179/8621 3133/1174/8622
f 1153/3372/8623 987/3382/8624 3137/1178/8625 3127/1168/8626
f 987/3382/8627 991/3377/8628 3132/1173/8629 3137/1178/8630
f 990/3224/8631 988/3384/8632 3139/1180/8633 2978/1020/8634
f 988/3384/8635 1000/3220/8636 2976/1018/8637 3139/1180/8638
f 999/3385/8639 989/3381/8640 3134/1175/8641 3140/1181/8642
f 997/3389/8643 1169/3388/8644 3143/1184/8645 3142/1183/8646
f 1168/3387/8647 994/3386/8648 3141/1182/8649 3144/1185/8650
f 994/3386/8651 1158/3391/8652 3146/1187/8653 3141/1182/8654
f 1161/3380/8655 995/3390/8656 3145/1186/8657 3135/1176/8658
f 995/3390/8659 999/3385/8660 3140/1181/8661 3145/1186/8662
f 998/3232/8663 996/3392/8664 3147/1188/8665 2986/1028/8666
f 996/3392/8667 1008/3228/8668 2984/1026/8669 3147/1188/8670
f 1007/3393/8671 997/3389/8672 3142/1183/8673 3148/1189/8674
f 1005/3397/8675 1177/3396/8676 3151/1192/8677 3150/1191/8678
f 1176/3395/8679 1002/3394/8680 3149/1190/8681 3152/1193/8682
f 1002/3394/8683 1166/3399/8684 3154/1195/8685 3149/1190/8686
f 1169/3388/8687 1003/3398/8688 3153/1194/8689 3143/1184/8690
f 1003/3398/8691 1007/3393/8692 3148/1189/8693 3153/1194/8694
f 1006/3240/8695 1004/3400/8696 3155/1196/8697 2994/1036/8698
f 1004/3400/8699 1016/3236/8700 2992/1034/8701 3155/1196/8702
f 1015/3401/8703 1005/3397/8704 3150/1191/8705 3156/1197/8706
f 1013/3404/8707 1181/3262/8708 3018/1060/8709 3158/1199/8710
f 1180/3403/8711 1010/3402/8712 3157/1198/8713 3159/1200/8714
f 1010/3402/8715 1174/3406/8716 3161/1202/8717 3157/1198/8718
f 1177/3396/8719 1011/3405/8720 3160/1201/8721 3151/1192/8722
f 1011/3405/8723 1015/3401/8724 3156/1197/8725 3160/1201/8726
f 1014/3247/8727 1012/3407/8728 3162/1203/8729 3001/1043/8730
f 1012/3407/8731 1020/3244/8732 2999/1041/8733 3162/1203/8734
f 1019/3265/8735 1013/3404/8736 3158/1199/8737 3019/1061/8738
f 1025/3411/8739 1201/3410/8740 3165/1206/8741 3164/1205/8742
f 1200/3409/8743 1022/3408/8744 3163/1204/8745 3166/1207/8746
f 1022/3408/8747 1186/3414/8748 3168/1209/8749 3163/1204/8750
f 1189/3413/8751 1023/3412/8752 3167/1208/8753 3169/1210/8754
f 1023/3412/8755 1027/3416/8756 3171/1212/8757 3167/1208/8758
f 1026/3255/8759 1024/3415/8760 3170/1211/8761 3008/1050/8762
f 1024/3415/8763 1040/3250/8764 3006/1048/8765 3170/1211/8766
f 1039/3417/8767 1025/3411/8768 3164/1205/8769 3172/1213/8770
f 1027/3416/8771 1032/3419/8772 3173/1214/8773 3171/1212/8774
f 1031/3418/8775 1028/3266/8776 3020/1062/8777 3174/1215/8778
f 1033/3423/8779 1338/3422/8780 3177/1218/8781 3176/1217/8782
f 1341/3421/8783 1030/3420/8784 3175/1216/8785 3178/1219/8786
f 1030/3420/8787 1179/3424/8788 3179/1220/8789 3175/1216/8790
f 1178/3263/8791 1031/3418/8792 3174/1215/8793 3017/1059/8794
f 1032/3419/8795 1189/3413/8796 3169/1210/8797 3173/1214/8798
f 1188/3425/8799 1033/3423/8800 3176/1217/8801 3180/1221/8802
f 1037/3429/8803 1209/3428/8804 3183/1224/8805 3182/1223/8806
f 1208/3427/8807 1034/3426/8808 3181/1222/8809 3184/1225/8810
f 1034/3426/8811 1198/3431/8812 3186/1227/8813 3181/1222/8814
f 1201/3410/8815 1035/3430/8816 3185/1226/8817 3165/1206/8818
f 1035/3430/8819 1039/3417/8820 3172/1213/8821 3185/1226/8822
f 1038/3272/8823 1036/3432/8824 3187/1228/8825 3026/1068/8826
f 1036/3432/8827 1048/3268/8828 3024/1066/8829 3187/1228/8830
f 1047/3433/8831 1037/3429/8832 3182/1223/8833 3188/1229/8834
f 1045/3437/8835 1217/3436/8836 3191/1232/8837 3190/1231/8838
f 1216/3435/8839 1042/3434/8840 3189/1230/8841 3192/1233/8842
f 1042/3434/8843 1206/3439/8844 3194/1235/8845 3189/1230/8846
f 1209/3428/8847 1043/3438/8848 3193/1234/8849 3183/1224/8850
f 1043/3438/8851 1047/3433/8852 3188/1229/8853 3193/1234/8854
f 1046/3280/8855 1044/3440/8856 3195/1236/8857 3034/1076/8858
f 1044/3440/8859 1056/3276/8860 3032/1074/8861 3195/1236/8862
f 1055/3441/8863 1045/3437/8864 3190/1231/8865 3196/1237/8866
f 1053/3445/8867 1225/3444/8868 3199/1240/8869 3198/1239/8870
f 1224/3443/8871 1050/3442/8872 3197/1238/8873 3200/1241/8874
f 1050/3442/8875 1214/3447/8876 3202/1243/8877 3197/1238/8878
f 1217/3436/8879 1051/3446/8880 3201/1242/8881 3191/1232/8882
f 1051/3446/8883 1055/3441/8884 3196/1237/8885 3201/1242/8886
f 1054/3288/8887 1052/3448/8888 3203/1244/8889 3042/1084/8890
f 1052/3448/8891 1064/3284/8892 3040/1082/8893 3203/1244/8894
f 1063/3449/8895 1053/3445/8896 3198/1239/8897 3204/1245/8898
f 1061/3453/8899 1233/3452/8900 3207/1248/8901 3206/1247/8902
f 1232/3451/8903 1058/3450/8904 3205/1246/8905 3208/1249/8906
f 1058/3450/8907 1222/3455/8908 3210/1251/8909 3205/1246/8910
f 1225/3444/8911 1059/3454/8912 3209/1250/8913 3199/1240/8914
f 1059/3454/8915 1063/3449/8916 3204/1245/8917 3209/1250/8918
f 1062/3296/8919 1060/3456/8920 3211/1252/8921 3050/1092/8922
f 1060/3456/8923 1072/3292/8924 3048/1090/8925 3211/1252/8926
f 1071/3457/8927 1061/3453/8928 3206/1247/8929 3212/1253/8930
f 1069/3461/8931 1241/3460/8932 3215/1256/8933 3214/1255/8934
f 1240/3459/8935 1066/3458/8936 3213/1254/8937 3216/1257/8938
f 1066/3458/8939 1230/3463/8940 3218/1259/8941 3213/1254/8942
f 1233/3452/8943 1067/3462/8944 3217/1258/8945 3207/1248/8946
f 1067/3462/8947 1071/3457/8948 3212/1253/8949 3217/1258/8950
f 1070/3304/8951 1068/3464/8952 3219/1260/8953 3058/1100/8954
f 1068/3464/8955 1080/3300/8956 3056/1098/8957 3219/1260/8958
f 1079/3465/8959 1069/3461/8960 3214/1255/8961 3220/1261/8962
f 1077/3469/8963 1249/3468/8964 3223/1264/8965 3222/1263/8966
f 1248/3467/8967 1074/3466/8968 3221/1262/8969 3224/1265/8970
f 1074/3466/8971 1238/3471/8972 3226/1267/8973 3221/1262/8974
f 1241/3460/8975 1075/3470/8976 3225/1266/8977 3215/1256/8978
f 1075/3470/8979 1079/3465/8980 3220/1261/8981 3225/1266/8982
f 1078/3312/8983 1076/3472/8984 3227/1268/8985 3066/1108/8986
f 1076/3472/8987 1088/3308/8988 3064/1106/8989 3227/1268/8990
f 1087/3473/8991 1077/3469/8992 3222/1263/8993 3228/1269/8994
f 1085/3477/8995 1257/3476/8996 3231/1272/8997 3230/1271/8998
f 1256/3475/8999 1082/3474/9000 3229/1270/9001 3232/1273/9002
f 1082/3474/9003 1246/3479/9004 3234/1275/9005 3229/1270/9006
f 1249/3468/9007 1083/3478/9008 3233/1274/9009 3223/1264/9010
f 1083/3478/9011 1087/3473/9012 3228/1269/9013 3233/1274/9014
f 1086/3320/9015 1084/3480/9016 3235/1276/9017 3074/1116/9018
f 1084/3480/9019 1096/3316/9020 3072/1114/9021 3235/1276/9022
f 1095/3481/9023 1085/3477/9024 3230/1271/9025 3236/1277/9026
f 1093/3485/9027 1265/3484/9028 3239/1280/9029 3238/1279/9030
f 1264/3483/9031 1090/3482/9032 3237/1278/9033 3240/1281/9034
f 1090/3482/9035 1254/3487/9036 3242/1283/9037 3237/1278/9038
f 1257/3476/9039 1091/3486/9040 3241/1282/9041 3231/1272/9042
f 1091/3486/9043 1095/3481/9044 3236/1277/9045 3241/1282/9046
f 1094/3328/9047 1092/3488/9048 3243/1284/9049 3082/1124/9050
f 1092/3488/9051 1104/3324/9052 3080/1122/9053 3243/1284/9054
f 1103/3489/9055 1093/3485/9056 3238/1279/9057 3244/1285/9058
f 1101/3492/9059 1273/3491/9060 3247/1288/9061 3246/1287/9062
f 1272/4967/9063 1098/4964/9064 3245/4900/9065 3248/4879/9066
f 1098/3490/9067 1262/3494/9068 3250/1290/9069 3245/1286/9070
f 1265/3484/9071 1099/3493/9072 3249/1289/9073 3239/1280/9074
f 1099/3493/9075 1103/3489/9076 3244/1285/9077 3249/1289/9078
f 1102/3335/9079 1100/3495/9080 3251/1291/9081 3090/1131/9082
f 1100/4937/9083 1112/4965/9084 3088/4877/9085 3251/4876/9086
f 1111/3496/9087 1101/3492/9088 3246/1287/9089 3252/1292/9090
f 1109/3500/9091 1281/3499/9092 3255/1295/9093 3254/1294/9094
f 1280/3498/9095 1106/3497/9096 3253/1293/9097 3256/1296/9098
f 1106/3497/9099 1270/3502/9100 3258/1298/9101 3253/1293/9102
f 1273/3491/9103 1107/3501/9104 3257/1297/9105 3247/1288/9106
f 1107/3501/9107 1111/3496/9108 3252/1292/9109 3257/1297/9110
f 1110/3343/9111 1108/3503/9112 3259/1299/9113 3098/1139/9114
f 1108/3503/9115 1120/3339/9116 3096/1137/9117 3259/1299/9118
f 1119/3504/9119 1109/3500/9120 3254/1294/9121 3260/1300/9122
f 1117/3508/9123 1289/3507/9124 3263/1303/9125 3262/1302/9126
f 1288/3506/9127 1114/3505/9128 3261/1301/9129 3264/1304/9130
f 1114/3505/9131 1278/3510/9132 3266/1306/9133 3261/1301/9134
f 1281/3499/9135 1115/3509/9136 3265/1305/9137 3255/1295/9138
f 1115/3509/9139 1119/3504/9140 3260/1300/9141 3265/1305/9142
f 1118/3351/9143 1116/3511/9144 3267/1307/9145 3106/1147/9146
f 1116/3511/9147 1128/3347/9148 3104/1145/9149 3267/1307/9150
f 1127/3512/9151 1117/3508/9152 3262/1302/9153 3268/1308/9154
f 1125/3516/9155 1297/3515/9156 3271/1311/9157 3270/1310/9158
f 1296/3514/9159 1122/3513/9160 3269/1309/9161 3272/1312/9162
f 1122/3513/9163 1286/3518/9164 3274/1314/9165 3269/1309/9166
f 1289/3507/9167 1123/3517/9168 3273/1313/9169 3263/1303/9170
f 1123/3517/9171 1127/3512/9172 3268/1308/9173 3273/1313/9174
f 1126/3359/9175 1124/3519/9176 3275/1315/9177 3114/1155/9178
f 1124/3519/9179 1136/3355/9180 3112/1153/9181 3275/1315/9182
f 1135/3520/9183 1125/3516/9184 3270/1310/9185 3276/1316/9186
f 1133/3524/9187 1305/3523/9188 3279/1319/9189 3278/1318/9190
f 1304/3522/9191 1130/3521/9192 3277/1317/9193 3280/1320/9194
f 1130/3521/9195 1294/3526/9196 3282/1322/9197 3277/1317/9198
f 1297/3515/9199 1131/3525/9200 3281/1321/9201 3271/1311/9202
f 1131/3525/9203 1135/3520/9204 3276/1316/9205 3281/1321/9206
f 1134/3367/9207 1132/3527/9208 3283/1323/9209 3122/1163/9210
f 1132/3527/9211 1144/3363/9212 3120/1161/9213 3283/1323/9214
f 1143/3528/9215 1133/3524/9216 3278/1318/9217 3284/1324/9218
f 1141/3532/9219 1313/3531/9220 3287/1327/9221 3286/1326/9222
f 1312/3530/9223 1138/3529/9224 3285/1325/9225 3288/1328/9226
f 1138/3529/9227 1302/3534/9228 3290/1330/9229 3285/1325/9230
f 1305/3523/9231 1139/3533/9232 3289/1329/9233 3279/1319/9234
f 1139/3533/9235 1143/3528/9236 3284/1324/9237 3289/1329/9238
f 1142/3375/9239 1140/3535/9240 3291/1331/9241 3130/1171/9242
f 1140/3535/9243 1152/3371/9244 3128/1169/9245 3291/1331/9246
f 1151/3536/9247 1141/3532/9248 3286/1326/9249 3292/1332/9250
f 1149/3540/9251 1321/3539/9252 3295/1335/9253 3294/1334/9254
f 1320/3538/9255 1146/3537/9256 3293/1333/9257 3296/1336/9258
f 1146/3537/9259 1310/3542/9260 3298/1338/9261 3293/1333/9262
f 1313/3531/9263 1147/3541/9264 3297/1337/9265 3287/1327/9266
f 1147/3541/9267 1151/3536/9268 3292/1332/9269 3297/1337/9270
f 1150/3383/9271 1148/3543/9272 3299/1339/9273 3138/1179/9274
f 1148/3543/9275 1160/3379/9276 3136/1177/9277 3299/1339/9278
f 1159/3544/9279 1149/3540/9280 3294/1334/9281 3300/1340/9282
f 1157/3548/9283 1329/3547/9284 3303/1343/9285 3302/1342/9286
f 1328/3546/9287 1154/3545/9288 3301/1341/9289 3304/1344/9290
f 1154/3545/9291 1318/3550/9292 3306/1346/9293 3301/1341/9294
f 1321/3539/9295 1155/3549/9296 3305/1345/9297 3295/1335/9298
f 1155/3549/9299 1159/3544/9300 3300/1340/9301 3305/1345/9302
f 1158/3391/9303 1156/3551/9304 3307/1347/9305 3146/1187/9306
f 1156/3551/9307 1168/3387/9308 3144/1185/9309 3307/1347/9310
f 1167/3552/9311 1157/3548/9312 3302/1342/9313 3308/1348/9314
f 1165/3556/9315 1337/3555/9316 3311/1351/9317 3310/1350/9318
f 1336/3554/9319 1162/3553/9320 3309/1349/9321 3312/1352/9322
f 1162/3553/9323 1326/3558/9324 3314/1354/9325 3309/1349/9326
f 1329/3547/9327 1163/3557/9328 3313/1353/9329 3303/1343/9330
f 1163/3557/9331 1167/3552/9332 3308/1348/9333 3313/1353/9334
f 1166/3399/9335 1164/3559/9336 3315/1355/9337 3154/1195/9338
f 1164/3559/9339 1176/3395/9340 3152/1193/9341 3315/1355/9342
f 1175/3560/9343 1165/3556/9344 3310/1350/9345 3316/1356/9346
f 1173/3563/9347 1341/3421/9348 3178/1219/9349 3318/1358/9350
f 1340/3562/9351 1170/3561/9352 3317/1357/9353 3319/1359/9354
f 1170/3561/9355 1334/3565/9356 3321/1361/9357 3317/1357/9358
f 1337/3555/9359 1171/3564/9360 3320/1360/9361 3311/1351/9362
f 1171/3564/9363 1175/3560/9364 3316/1356/9365 3320/1360/9366
f 1174/3406/9367 1172/3566/9368 3322/1362/9369 3161/1202/9370
f 1172/3566/9371 1180/3403/9372 3159/1200/9373 3322/1362/9374
f 1179/3424/9375 1173/3563/9376 3318/1358/9377 3179/1220/9378
f 1185/3570/9379 1361/3569/9380 3325/1365/9381 3324/1364/9382
f 1360/3568/9383 1182/3567/9384 3323/1363/9385 3326/1366/9386
f 1182/3567/9387 1346/3573/9388 3328/1368/9389 3323/1363/9390
f 1349/3572/9391 1183/3571/9392 3327/1367/9393 3329/1369/9394
f 1183/3571/9395 1187/3575/9396 3331/1371/9397 3327/1367/9398
f 1186/3414/9399 1184/3574/9400 3330/1370/9401 3168/1209/9402
f 1184/3574/9403 1200/3409/9404 3166/1207/9405 3330/1370/9406
f 1199/3576/9407 1185/3570/9408 3324/1364/9409 3332/1372/9410
f 1187/3575/9411 1192/3578/9412 3333/1373/9413 3331/1371/9414
f 1191/3577/9415 1188/3425/9416 3180/1221/9417 3334/1374/9418
f 1193/3582/9419 1498/3581/9420 3337/1377/9421 3336/1376/9422
f 1501/3580/9423 1190/3579/9424 3335/1375/9425 3338/1378/9426
f 1190/3579/9427 1339/3583/9428 3339/1379/9429 3335/1375/9430
f 1338/3422/9431 1191/3577/9432 3334/1374/9433 3177/1218/9434
f 1192/3578/9435 1349/3572/9436 3329/1369/9437 3333/1373/9438
f 1348/3584/9439 1193/3582/9440 3336/1376/9441 3340/1380/9442
f 1197/3588/9443 1369/3587/9444 3343/1383/9445 3342/1382/9446
f 1368/3586/9447 1194/3585/9448 3341/1381/9449 3344/1384/9450
f 1194/3585/9451 1358/3590/9452 3346/1386/9453 3341/1381/9454
f 1361/3569/9455 1195/3589/9456 3345/1385/9457 3325/1365/9458
f 1195/3589/9459 1199/3576/9460 3332/1372/9461 3345/1385/9462
f 1198/3431/9463 1196/3591/9464 3347/1387/9465 3186/1227/9466
f 1196/3591/9467 1208/3427/9468 3184/1225/9469 3347/1387/9470
f 1207/3592/9471 1197/3588/9472 3342/1382/9473 3348/1388/9474
f 1205/3596/9475 1377/3595/9476 3351/1391/9477 3350/1390/9478
f 1376/3594/9479 1202/3593/9480 3349/1389/9481 3352/1392/9482
f 1202/3593/9483 1366/3598/9484 3354/1394/9485 3349/1389/9486
f 1369/3587/9487 1203/3597/9488 3353/1393/9489 3343/1383/9490
f 1203/3597/9491 1207/3592/9492 3348/1388/9493 3353/1393/9494
f 1206/3439/9495 1204/3599/9496 3355/1395/9497 3194/1235/9498
f 1204/3599/9499 1216/3435/9500 3192/1233/9501 3355/1395/9502
f 1215/3600/9503 1205/3596/9504 3350/1390/9505 3356/1396/9506
f 1213/3604/9507 1385/3603/9508 3359/1399/9509 3358/1398/9510
f 1384/3602/9511 1210/3601/9512 3357/1397/9513 3360/1400/9514
f 1210/3601/9515 1374/3606/9516 3362/1402/9517 3357/1397/9518
f 1377/3595/9519 1211/3605/9520 3361/1401/9521 3351/1391/9522
f 1211/3605/9523 1215/3600/9524 3356/1396/9525 3361/1401/9526
f 1214/3447/9527 1212/3607/9528 3363/1403/9529 3202/1243/9530
f 1212/3607/9531 1224/3443/9532 3200/1241/9533 3363/1403/9534
f 1223/3608/9535 1213/3604/9536 3358/1398/9537 3364/1404/9538
f 1221/3612/9539 1393/3611/9540 3367/1407/9541 3366/1406/9542
f 1392/3610/9543 1218/3609/9544 3365/1405/9545 3368/1408/9546
f 1218/3609/9547 1382/3614/9548 3370/1410/9549 3365/1405/9550
f 1385/3603/9551 1219/3613/9552 3369/1409/9553 3359/1399/9554
f 1219/3613/9555 1223/3608/9556 3364/1404/9557 3369/1409/9558
f 1222/3455/9559 1220/3615/9560 3371/1411/9561 3210/1251/9562
f 1220/3615/9563 1232/3451/9564 3208/1249/9565 3371/1411/9566
f 1231/3616/9567 1221/3612/9568 3366/1406/9569 3372/1412/9570
f 1229/3620/9571 1401/3619/9572 3375/1415/9573 3374/1414/9574
f 1400/3618/9575 1226/3617/9576 3373/1413/9577 3376/1416/9578
f 1226/3617/9579 1390/3622/9580 3378/1418/9581 3373/1413/9582
f 1393/3611/9583 1227/3621/9584 3377/1417/9585 3367/1407/9586
f 1227/3621/9587 1231/3616/9588 3372/1412/9589 3377/1417/9590
f 1230/3463/9591 1228/3623/9592 3379/1419/9593 3218/1259/9594
f 1228/3623/9595 1240/3459/9596 3216/1257/9597 3379/1419/9598
f 1239/3624/9599 1229/3620/9600 3374/1414/9601 3380/1420/9602
f 1237/3628/9603 1409/3627/9604 3383/1423/9605 3382/1422/9606
f 1408/3626/9607 1234/3625/9608 3381/1421/9609 3384/1424/9610
f 1234/3625/9611 1398/3630/9612 3386/1426/9613 3381/1421/9614
f 1401/3619/9615 1235/3629/9616 3385/1425/9617 3375/1415/9618
f 1235/3629/9619 1239/3624/9620 3380/1420/9621 3385/1425/9622
f 1238/3471/9623 1236/3631/9624 3387/1427/9625 3226/1267/9626
f 1236/3631/9627 1248/3467/9628 3224/1265/9629 3387/1427/9630
f 1247/3632/9631 1237/3628/9632 3382/1422/9633 3388/1428/9634
f 1245/3636/9635 1417/3635/9636 3391/1431/9637 3390/1430/9638
f 1416/3634/9639 1242/3633/9640 3389/1429/9641 3392/1432/9642
f 1242/3633/9643 1406/3638/9644 3394/1434/9645 3389/1429/9646
f 1409/3627/9647 1243/3637/9648 3393/1433/9649 3383/1423/9650
f 1243/3637/9651 1247/3632/9652 3388/1428/9653 3393/1433/9654
f 1246/3479/9655 1244/3639/9656 3395/1435/9657 3234/1275/9658
f 1244/3639/9659 1256/3475/9660 3232/1273/9661 3395/1435/9662
f 1255/3640/9663 1245/3636/9664 3390/1430/9665 3396/1436/9666
f 1253/3644/9667 1425/3643/9668 3399/1439/9669 3398/1438/9670
f 1424/3642/9671 1250/3641/9672 3397/1437/9673 3400/1440/9674
f 1250/3641/9675 1414/3646/9676 3402/1442/9677 3397/1437/9678
f 1417/3635/9679 1251/3645/9680 3401/1441/9681 3391/1431/9682
f 1251/3645/9683 1255/3640/9684 3396/1436/9685 3401/1441/9686
f 1254/3487/9687 1252/3647/9688 3403/1443/9689 3242/1283/9690
f 1252/3647/9691 1264/3483/9692 3240/1281/9693 3403/1443/9694
f 1263/3648/9695 1253/3644/9696 3398/1438/9697 3404/1444/9698
f 1261/3651/9699 1433/3650/9700 3407/1447/9701 3406/1446/9702
f 1432/4969/9703 1258/4966/9704 3405/4902/9705 3408/4881/9706
f 1258/3649/9707 1422/3653/9708 3410/1449/9709 3405/1445/9710
f 1425/3643/9711 1259/3652/9712 3409/1448/9713 3399/1439/9714
f 1259/3652/9715 1263/3648/9716 3404/1444/9717 3409/1448/9718
f 1262/3494/9719 1260/3654/9720 3411/1450/9721 3250/1290/9722
f 1260/4939/9723 1272/4967/9724 3248/4879/9725 3411/4878/9726
f 1271/3655/9727 1261/3651/9728 3406/1446/9729 3412/1451/9730
f 1269/3659/9731 1441/3658/9732 3415/1454/9733 3414/1453/9734
f 1440/3657/9735 1266/3656/9736 3413/1452/9737 3416/1455/9738
f 1266/3656/9739 1430/3661/9740 3418/1457/9741 3413/1452/9742
f 1433/3650/9743 1267/3660/9744 3417/1456/9745 3407/1447/9746
f 1267/3660/9747 1271/3655/9748 3412/1451/9749 3417/1456/9750
f 1270/3502/9751 1268/3662/9752 3419/1458/9753 3258/1298/9754
f 1268/3662/9755 1280/3498/9756 3256/1296/9757 3419/1458/9758
f 1279/3663/9759 1269/3659/9760 3414/1453/9761 3420/1459/9762
f 1277/3667/9763 1449/3666/9764 3423/1462/9765 3422/1461/9766
f 1448/3665/9767 1274/3664/9768 3421/1460/9769 3424/1463/9770
f 1274/3664/9771 1438/3669/9772 3426/1465/9773 3421/1460/9774
f 1441/3658/9775 1275/3668/9776 3425/1464/9777 3415/1454/9778
f 1275/3668/9779 1279/3663/9780 3420/1459/9781 3425/1464/9782
f 1278/3510/9783 1276/3670/9784 3427/1466/9785 3266/1306/9786
f 1276/3670/9787 1288/3506/9788 3264/1304/9789 3427/1466/9790
f 1287/3671/9791 1277/3667/9792 3422/1461/9793 3428/1467/9794
f 1285/3675/9795 1457/3674/9796 3431/1470/9797 3430/1469/9798
f 1456/3673/9799 1282/3672/9800 3429/1468/9801 3432/1471/9802
f 1282/3672/9803 1446/3677/9804 3434/1473/9805 3429/1468/9806
f 1449/3666/9807 1283/3676/9808 3433/1472/9809 3423/1462/9810
f 1283/3676/9811 1287/3671/9812 3428/1467/9813 3433/1472/9814
f 1286/3518/9815 1284/3678/9816 3435/1474/9817 3274/1314/9818
f 1284/3678/9819 1296/3514/9820 3272/1312/9821 3435/1474/9822
f 1295/3679/9823 1285/3675/9824 3430/1469/9825 3436/1475/9826
f 1293/3683/9827 1465/3682/9828 3439/1478/9829 3438/1477/9830
f 1464/3681/9831 1290/3680/9832 3437/1476/9833 3440/1479/9834
f 1290/3680/9835 1454/3685/9836 3442/1481/9837 3437/1476/9838
f 1457/3674/9839 1291/3684/9840 3441/1480/9841 3431/1470/9842
f 1291/3684/9843 1295/3679/9844 3436/1475/9845 3441/1480/9846
f 1294/3526/9847 1292/3686/9848 3443/1482/9849 3282/1322/9850
f 1292/3686/9851 1304/3522/9852 3280/1320/9853 3443/1482/9854
f 1303/3687/9855 1293/3683/9856 3438/1477/9857 3444/1483/9858
f 1301/3691/9859 1473/3690/9860 3447/1486/9861 3446/1485/9862
f 1472/3689/9863 1298/3688/9864 3445/1484/9865 3448/1487/9866
f 1298/3688/9867 1462/3693/9868 3450/1489/9869 3445/1484/9870
f 1465/3682/9871 1299/3692/9872 3449/1488/9873 3439/1478/9874
f 1299/3692/9875 1303/3687/9876 3444/1483/9877 3449/1488/9878
f 1302/3534/9879 1300/3694/9880 3451/1490/9881 3290/1330/9882
f 1300/3694/9883 1312/3530/9884 3288/1328/9885 3451/1490/9886
f 1311/3695/9887 1301/3691/9888 3446/1485/9889 3452/1491/9890
f 1309/3699/9891 1481/3698/9892 3455/1494/9893 3454/1493/9894
f 1480/3697/9895 1306/3696/9896 3453/1492/9897 3456/1495/9898
f 1306/3696/9899 1470/3701/9900 3458/1497/9901 3453/1492/9902
f 1473/3690/9903 1307/3700/9904 3457/1496/9905 3447/1486/9906
f 1307/3700/9907 1311/3695/9908 3452/1491/9909 3457/1496/9910
f 1310/3542/9911 1308/3702/9912 3459/1498/9913 3298/1338/9914
f 1308/3702/9915 1320/3538/9916 3296/1336/9917 3459/1498/9918
f 1319/3703/9919 1309/3699/9920 3454/1493/9921 3460/1499/9922
f 1317/3707/9923 1489/3706/9924 3463/1502/9925 3462/1501/9926
f 1488/3705/9927 1314/3704/9928 3461/1500/9929 3464/1503/9930
f 1314/3704/9931 1478/3709/9932 3466/1505/9933 3461/1500/9934
f 1481/3698/9935 1315/3708/9936 3465/1504/9937 3455/1494/9938
f 1315/3708/9939 1319/3703/9940 3460/1499/9941 3465/1504/9942
f 1318/3550/9943 1316/3710/9944 3467/1506/9945 3306/1346/9946
f 1316/3710/9947 1328/3546/9948 3304/1344/9949 3467/1506/9950
f 1327/3711/9951 1317/3707/9952 3462/1501/9953 3468/1507/9954
f 1325/3715/9955 1497/3714/9956 3471/1510/9957 3470/1509/9958
f 1496/3713/9959 1322/3712/9960 3469/1508/9961 3472/1511/9962
f 1322/3712/9963 1486/3717/9964 3474/1513/9965 3469/1508/9966
f 1489/3706/9967 1323/3716/9968 3473/1512/9969 3463/1502/9970
f 1323/3716/9971 1327/3711/9972 3468/1507/9973 3473/1512/9974
f 1326/3558/9975 1324/3718/9976 3475/1514/9977 3314/1354/9978
f 1324/3718/9979 1336/3554/9980 3312/1352/9981 3475/1514/9982
f 1335/3719/9983 1325/3715/9984 3470/1509/9985 3476/1515/9986
f 1333/3722/9987 1501/3580/9988 3338/1378/9989 3478/1517/9990
f 1500/3721/9991 1330/3720/9992 3477/1516/9993 3479/1518/9994
f 1330/3720/9995 1494/3724/9996 3481/1520/9997 3477/1516/9998
f 1497/3714/9999 1331/3723/10000 3480/1519/10001 3471/1510/10002
f 1331/3723/10003 1335/3719/10004 3476/1515/10005 3480/1519/10006
f 1334/3565/10007 1332/3725/10008 3482/1521/10009 3321/1361/10010
f 1332/3725/10011 1340/3562/10012 3319/1359/10013 3482/1521/10014
f 1339/3583/10015 1333/3722/10016 3478/1517/10017 3339/1379/10018
f 1345/3729/10019 1521/3728/10020 3485/1524/10021 3484/1523/10022
f 1520/3727/10023 1342/3726/10024 3483/1522/10025 3486/1525/10026
f 1342/3726/10027 1506/3732/10028 3488/1527/10029 3483/1522/10030
f 1509/3731/10031 1343/3730/10032 3487/1526/10033 3489/1528/10034
f 1343/3730/10035 1347/3734/10036 3491/1530/10037 3487/1526/10038
f 1346/3573/10039 1344/3733/10040 3490/1529/10041 3328/1368/10042
f 1344/3733/10043 1360/3568/10044 3326/1366/10045 3490/1529/10046
f 1359/3735/10047 1345/3729/10048 3484/1523/10049 3492/1531/10050
f 1347/3734/10051 1352/3737/10052 3493/1532/10053 3491/1530/10054
f 1351/3736/10055 1348/3584/10056 3340/1380/10057 3494/1533/10058
f 1353/3741/10059 1658/3740/10060 3497/1536/10061 3496/1535/10062
f 1661/3739/10063 1350/3738/10064 3495/1534/10065 3498/1537/10066
f 1350/3738/10067 1499/3742/10068 3499/1538/10069 3495/1534/10070
f 1498/3581/10071 1351/3736/10072 3494/1533/10073 3337/1377/10074
f 1352/3737/10075 1509/3731/10076 3489/1528/10077 3493/1532/10078
f 1508/3743/10079 1353/3741/10080 3496/1535/10081 3500/1539/10082
f 1357/3747/10083 1529/3746/10084 3503/1542/10085 3502/1541/10086
f 1528/3745/10087 1354/3744/10088 3501/1540/10089 3504/1543/10090
f 1354/3744/10091 1518/3749/10092 3506/1545/10093 3501/1540/10094
f 1521/3728/10095 1355/3748/10096 3505/1544/10097 3485/1524/10098
f 1355/3748/10099 1359/3735/10100 3492/1531/10101 3505/1544/10102
f 1358/3590/10103 1356/3750/10104 3507/1546/10105 3346/1386/10106
f 1356/3750/10107 1368/3586/10108 3344/1384/10109 3507/1546/10110
f 1367/3751/10111 1357/3747/10112 3502/1541/10113 3508/1547/10114
f 1365/3755/10115 1537/3754/10116 3511/1550/10117 3510/1549/10118
f 1536/3753/10119 1362/3752/10120 3509/1548/10121 3512/1551/10122
f 1362/3752/10123 1526/3757/10124 3514/1553/10125 3509/1548/10126
f 1529/3746/10127 1363/3756/10128 3513/1552/10129 3503/1542/10130
f 1363/3756/10131 1367/3751/10132 3508/1547/10133 3513/1552/10134
f 1366/3598/10135 1364/3758/10136 3515/1554/10137 3354/1394/10138
f 1364/3758/10139 1376/3594/10140 3352/1392/10141 3515/1554/10142
f 1375/3759/10143 1365/3755/10144 3510/1549/10145 3516/1555/10146
f 1373/3763/10147 1545/3762/10148 3519/1558/10149 3518/1557/10150
f 1544/3761/10151 1370/3760/10152 3517/1556/10153 3520/1559/10154
f 1370/3760/10155 1534/3765/10156 3522/1561/10157 3517/1556/10158
f 1537/3754/10159 1371/3764/10160 3521/1560/10161 3511/1550/10162
f 1371/3764/10163 1375/3759/10164 3516/1555/10165 3521/1560/10166
f 1374/3606/10167 1372/3766/10168 3523/1562/10169 3362/1402/10170
f 1372/3766/10171 1384/3602/10172 3360/1400/10173 3523/1562/10174
f 1383/3767/10175 1373/3763/10176 3518/1557/10177 3524/1563/10178
f 1381/3771/10179 1553/3770/10180 3527/1566/10181 3526/1565/10182
f 1552/3769/10183 1378/3768/10184 3525/1564/10185 3528/1567/10186
f 1378/3768/10187 1542/3773/10188 3530/1569/10189 3525/1564/10190
f 1545/3762/10191 1379/3772/10192 3529/1568/10193 3519/1558/10194
f 1379/3772/10195 1383/3767/10196 3524/1563/10197 3529/1568/10198
f 1382/3614/10199 1380/3774/10200 3531/1570/10201 3370/1410/10202
f 1380/3774/10203 1392/3610/10204 3368/1408/10205 3531/1570/10206
f 1391/3775/10207 1381/3771/10208 3526/1565/10209 3532/1571/10210
f 1389/3779/10211 1561/3778/10212 3535/1574/10213 3534/1573/10214
f 1560/3777/10215 1386/3776/10216 3533/1572/10217 3536/1575/10218
f 1386/3776/10219 1550/3781/10220 3538/1577/10221 3533/1572/10222
f 1553/3770/10223 1387/3780/10224 3537/1576/10225 3527/1566/10226
f 1387/3780/10227 1391/3775/10228 3532/1571/10229 3537/1576/10230
f 1390/3622/10231 1388/3782/10232 3539/1578/10233 3378/1418/10234
f 1388/3782/10235 1400/3618/10236 3376/1416/10237 3539/1578/10238
f 1399/3783/10239 1389/3779/10240 3534/1573/10241 3540/1579/10242
f 1397/3787/10243 1569/3786/10244 3543/1582/10245 3542/1581/10246
f 1568/3785/10247 1394/3784/10248 3541/1580/10249 3544/1583/10250
f 1394/3784/10251 1558/3789/10252 3546/1585/10253 3541/1580/10254
f 1561/3778/10255 1395/3788/10256 3545/1584/10257 3535/1574/10258
f 1395/3788/10259 1399/3783/10260 3540/1579/10261 3545/1584/10262
f 1398/3630/10263 1396/3790/10264 3547/1586/10265 3386/1426/10266
f 1396/3790/10267 1408/3626/10268 3384/1424/10269 3547/1586/10270
f 1407/3791/10271 1397/3787/10272 3542/1581/10273 3548/1587/10274
f 1405/3795/10275 1577/3794/10276 3551/1590/10277 3550/1589/10278
f 1576/3793/10279 1402/3792/10280 3549/1588/10281 3552/1591/10282
f 1402/3792/10283 1566/3797/10284 3554/1593/10285 3549/1588/10286
f 1569/3786/10287 1403/3796/10288 3553/1592/10289 3543/1582/10290
f 1403/3796/10291 1407/3791/10292 3548/1587/10293 3553/1592/10294
f 1406/3638/10295 1404/3798/10296 3555/1594/10297 3394/1434/10298
f 1404/3798/10299 1416/3634/10300 3392/1432/10301 3555/1594/10302
f 1415/3799/10303 1405/3795/10304 3550/1589/10305 3556/1595/10306
f 1413/3803/10307 1585/3802/10308 3559/1598/10309 3558/1597/10310
f 1584/3801/10311 1410/3800/10312 3557/1596/10313 3560/1599/10314
f 1410/3800/10315 1574/3805/10316 3562/1601/10317 3557/1596/10318
f 1577/3794/10319 1411/3804/10320 3561/1600/10321 3551/1590/10322
f 1411/3804/10323 1415/3799/10324 3556/1595/10325 3561/1600/10326
f 1414/3646/10327 1412/3806/10328 3563/1602/10329 3402/1442/10330
f 1412/3806/10331 1424/3642/10332 3400/1440/10333 3563/1602/10334
f 1423/3807/10335 1413/3803/10336 3558/1597/10337 3564/1603/10338
f 1421/3810/10339 1593/3809/10340 3567/1606/10341 3566/1605/10342
f 1592/4971/10343 1418/4968/10344 3565/4904/10345 3568/4883/10346
f 1418/3808/10347 1582/3812/10348 3570/1608/10349 3565/1604/10350
f 1585/3802/10351 1419/3811/10352 3569/1607/10353 3559/1598/10354
f 1419/3811/10355 1423/3807/10356 3564/1603/10357 3569/1607/10358
f 1422/3653/10359 1420/3813/10360 3571/1609/10361 3410/1449/10362
f 1420/4941/10363 1432/4969/10364 3408/4881/10365 3571/4880/10366
f 1431/3814/10367 1421/3810/10368 3566/1605/10369 3572/1610/10370
f 1429/3818/10371 1601/3817/10372 3575/1613/10373 3574/1612/10374
f 1600/3816/10375 1426/3815/10376 3573/1611/10377 3576/1614/10378
f 1426/3815/10379 1590/3820/10380 3578/1616/10381 3573/1611/10382
f 1593/3809/10383 1427/3819/10384 3577/1615/10385 3567/1606/10386
f 1427/3819/10387 1431/3814/10388 3572/1610/10389 3577/1615/10390
f 1430/3661/10391 1428/3821/10392 3579/1617/10393 3418/1457/10394
f 1428/3821/10395 1440/3657/10396 3416/1455/10397 3579/1617/10398
f 1439/3822/10399 1429/3818/10400 3574/1612/10401 3580/1618/10402
f 1437/3826/10403 1609/3825/10404 3583/1621/10405 3582/1620/10406
f 1608/3824/10407 1434/3823/10408 3581/1619/10409 3584/1622/10410
f 1434/3823/10411 1598/3828/10412 3586/1624/10413 3581/1619/10414
f 1601/3817/10415 1435/3827/10416 3585/1623/10417 3575/1613/10418
f 1435/3827/10419 1439/3822/10420 3580/1618/10421 3585/1623/10422
f 1438/3669/10423 1436/3829/10424 3587/1625/10425 3426/1465/10426
f 1436/3829/10427 1448/3665/10428 3424/1463/10429 3587/1625/10430
f 1447/3830/10431 1437/3826/10432 3582/1620/10433 3588/1626/10434
f 1445/3834/10435 1617/3833/10436 3591/1629/10437 3590/1628/10438
f 1616/3832/10439 1442/3831/10440 3589/1627/10441 3592/1630/10442
f 1442/3831/10443 1606/3836/10444 3594/1632/10445 3589/1627/10446
f 1609/3825/10447 1443/3835/10448 3593/1631/10449 3583/1621/10450
f 1443/3835/10451 1447/3830/10452 3588/1626/10453 3593/1631/10454
f 1446/3677/10455 1444/3837/10456 3595/1633/10457 3434/1473/10458
f 1444/3837/10459 1456/3673/10460 3432/1471/10461 3595/1633/10462
f 1455/3838/10463 1445/3834/10464 3590/1628/10465 3596/1634/10466
f 1453/3842/10467 1625/3841/10468 3599/1637/10469 3598/1636/10470
f 1624/3840/10471 1450/3839/10472 3597/1635/10473 3600/1638/10474
f 1450/3839/10475 1614/3844/10476 3602/1640/10477 3597/1635/10478
f 1617/3833/10479 1451/3843/10480 3601/1639/10481 3591/1629/10482
f 1451/3843/10483 1455/3838/10484 3596/1634/10485 3601/1639/10486
f 1454/3685/10487 1452/3845/10488 3603/1641/10489 3442/1481/10490
f 1452/3845/10491 1464/3681/10492 3440/1479/10493 3603/1641/10494
f 1463/3846/10495 1453/3842/10496 3598/1636/10497 3604/1642/10498
f 1461/3850/10499 1633/3849/10500 3607/1645/10501 3606/1644/10502
f 1632/3848/10503 1458/3847/10504 3605/1643/10505 3608/1646/10506
f 1458/3847/10507 1622/3852/10508 3610/1648/10509 3605/1643/10510
f 1625/3841/10511 1459/3851/10512 3609/1647/10513 3599/1637/10514
f 1459/3851/10515 1463/3846/10516 3604/1642/10517 3609/1647/10518
f 1462/3693/10519 1460/3853/10520 3611/1649/10521 3450/1489/10522
f 1460/3853/10523 1472/3689/10524 3448/1487/10525 3611/1649/10526
f 1471/3854/10527 1461/3850/10528 3606/1644/10529 3612/1650/10530
f 1469/3858/10531 1641/3857/10532 3615/1653/10533 3614/1652/10534
f 1640/3856/10535 1466/3855/10536 3613/1651/10537 3616/1654/10538
f 1466/3855/10539 1630/3860/10540 3618/1656/10541 3613/1651/10542
f 1633/3849/10543 1467/3859/10544 3617/1655/10545 3607/1645/10546
f 1467/3859/10547 1471/3854/10548 3612/1650/10549 3617/1655/10550
f 1470/3701/10551 1468/3861/10552 3619/1657/10553 3458/1497/10554
f 1468/3861/10555 1480/3697/10556 3456/1495/10557 3619/1657/10558
f 1479/3862/10559 1469/3858/10560 3614/1652/10561 3620/1658/10562
f 1477/3866/10563 1649/3865/10564 3623/1661/10565 3622/1660/10566
f 1648/3864/10567 1474/3863/10568 3621/1659/10569 3624/1662/10570
f 1474/3863/10571 1638/3868/10572 3626/1664/10573 3621/1659/10574
f 1641/3857/10575 1475/3867/10576 3625/1663/10577 3615/1653/10578
f 1475/3867/10579 1479/3862/10580 3620/1658/10581 3625/1663/10582
f 1478/3709/10583 1476/3869/10584 3627/1665/10585 3466/1505/10586
f 1476/3869/10587 1488/3705/10588 3464/1503/10589 3627/1665/10590
f 1487/3870/10591 1477/3866/10592 3622/1660/10593 3628/1666/10594
f 1485/3874/10595 1657/3873/10596 3631/1669/10597 3630/1668/10598
f 1656/3872/10599 1482/3871/10600 3629/1667/10601 3632/1670/10602
f 1482/3871/10603 1646/3876/10604 3634/1672/10605 3629/1667/10606
f 1649/3865/10607 1483/3875/10608 3633/1671/10609 3623/1661/10610
f 1483/3875/10611 1487/3870/10612 3628/1666/10613 3633/1671/10614
f 1486/3717/10615 1484/3877/10616 3635/1673/10617 3474/1513/10618
f 1484/3877/10619 1496/3713/10620 3472/1511/10621 3635/1673/10622
f 1495/3878/10623 1485/3874/10624 3630/1668/10625 3636/1674/10626
f 1493/3881/10627 1661/3739/10628 3498/1537/10629 3638/1676/10630
f 1660/3880/10631 1490/3879/10632 3637/1675/10633 3639/1677/10634
f 1490/3879/10635 1654/3883/10636 3641/1679/10637 3637/1675/10638
f 1657/3873/10639 1491/3882/10640 3640/1678/10641 3631/1669/10642
f 1491/3882/10643 1495/3878/10644 3636/1674/10645 3640/1678/10646
f 1494/3724/10647 1492/3884/10648 3642/1680/10649 3481/1520/10650
f 1492/3884/10651 1500/3721/10652 3479/1518/10653 3642/1680/10654
f 1499/3742/10655 1493/3881/10656 3638/1676/10657 3499/1538/10658
f 1505/3888/10659 1681/3887/10660 3645/1683/10661 3644/1682/10662
f 1680/3886/10663 1502/3885/10664 3643/1681/10665 3646/1684/10666
f 1502/3885/10667 1666/3891/10668 3648/1686/10669 3643/1681/10670
f 1669/3890/10671 1503/3889/10672 3647/1685/10673 3649/1687/10674
f 1503/3889/10675 1507/3893/10676 3651/1689/10677 3647/1685/10678
f 1506/3732/10679 1504/3892/10680 3650/1688/10681 3488/1527/10682
f 1504/3892/10683 1520/3727/10684 3486/1525/10685 3650/1688/10686
f 1519/3894/10687 1505/3888/10688 3644/1682/10689 3652/1690/10690
f 1507/3893/10691 1512/3896/10692 3653/1691/10693 3651/1689/10694
f 1511/3895/10695 1508/3743/10696 3500/1539/10697 3654/1692/10698
f 1513/3900/10699 1818/3899/10700 3657/1695/10701 3656/1694/10702
f 1821/3898/10703 1510/3897/10704 3655/1693/10705 3658/1696/10706
f 1510/3897/10707 1659/3901/10708 3659/1697/10709 3655/1693/10710
f 1658/3740/10711 1511/3895/10712 3654/1692/10713 3497/1536/10714
f 1512/3896/10715 1669/3890/10716 3649/1687/10717 3653/1691/10718
f 1668/3902/10719 1513/3900/10720 3656/1694/10721 3660/1698/10722
f 1517/3906/10723 1689/3905/10724 3663/1701/10725 3662/1700/10726
f 1688/3904/10727 1514/3903/10728 3661/1699/10729 3664/1702/10730
f 1514/3903/10731 1678/3908/10732 3666/1704/10733 3661/1699/10734
f 1681/3887/10735 1515/3907/10736 3665/1703/10737 3645/1683/10738
f 1515/3907/10739 1519/3894/10740 3652/1690/10741 3665/1703/10742
f 1518/3749/10743 1516/3909/10744 3667/1705/10745 3506/1545/10746
f 1516/3909/10747 1528/3745/10748 3504/1543/10749 3667/1705/10750
f 1527/3910/10751 1517/3906/10752 3662/1700/10753 3668/1706/10754
f 1525/3914/10755 1697/3913/10756 3671/1709/10757 3670/1708/10758
f 1696/3912/10759 1522/3911/10760 3669/1707/10761 3672/1710/10762
f 1522/3911/10763 1686/3916/10764 3674/1712/10765 3669/1707/10766
f 1689/3905/10767 1523/3915/10768 3673/1711/10769 3663/1701/10770
f 1523/3915/10771 1527/3910/10772 3668/1706/10773 3673/1711/10774
f 1526/3757/10775 1524/3917/10776 3675/1713/10777 3514/1553/10778
f 1524/3917/10779 1536/3753/10780 3512/1551/10781 3675/1713/10782
f 1535/3918/10783 1525/3914/10784 3670/1708/10785 3676/1714/10786
f 1533/3922/10787 1705/3921/10788 3679/1717/10789 3678/1716/10790
f 1704/3920/10791 1530/3919/10792 3677/1715/10793 3680/1718/10794
f 1530/3919/10795 1694/3924/10796 3682/1720/10797 3677/1715/10798
f 1697/3913/10799 1531/3923/10800 3681/1719/10801 3671/1709/10802
f 1531/3923/10803 1535/3918/10804 3676/1714/10805 3681/1719/10806
f 1534/3765/10807 1532/3925/10808 3683/1721/10809 3522/1561/10810
f 1532/3925/10811 1544/3761/10812 3520/1559/10813 3683/1721/10814
f 1543/3926/10815 1533/3922/10816 3678/1716/10817 3684/1722/10818
f 1541/3930/10819 1713/3929/10820 3687/1725/10821 3686/1724/10822
f 1712/3928/10823 1538/3927/10824 3685/1723/10825 3688/1726/10826
f 1538/3927/10827 1702/3932/10828 3690/1728/10829 3685/1723/10830
f 1705/3921/10831 1539/3931/10832 3689/1727/10833 3679/1717/10834
f 1539/3931/10835 1543/3926/10836 3684/1722/10837 3689/1727/10838
f 1542/3773/10839 1540/3933/10840 3691/1729/10841 3530/1569/10842
f 1540/3933/10843 1552/3769/10844 3528/1567/10845 3691/1729/10846
f 1551/3934/10847 1541/3930/10848 3686/1724/10849 3692/1730/10850
f 1549/3938/10851 1721/3937/10852 3695/1733/10853 3694/1732/10854
f 1720/3936/10855 1546/3935/10856 3693/1731/10857 3696/1734/10858
f 1546/3935/10859 1710/3940/10860 3698/1736/10861 3693/1731/10862
f 1713/3929/10863 1547/3939/10864 3697/1735/10865 3687/1725/10866
f 1547/3939/10867 1551/3934/10868 3692/1730/10869 3697/1735/10870
f 1550/3781/10871 1548/3941/10872 3699/1737/10873 3538/1577/10874
f 1548/3941/10875 1560/3777/10876 3536/1575/10877 3699/1737/10878
f 1559/3942/10879 1549/3938/10880 3694/1732/10881 3700/1738/10882
f 1557/3946/10883 1729/3945/10884 3703/1741/10885 3702/1740/10886
f 1728/3944/10887 1554/3943/10888 3701/1739/10889 3704/1742/10890
f 1554/3943/10891 1718/3948/10892 3706/1744/10893 3701/1739/10894
f 1721/3937/10895 1555/3947/10896 3705/1743/10897 3695/1733/10898
f 1555/3947/10899 1559/3942/10900 3700/1738/10901 3705/1743/10902
f 1558/3789/10903 1556/3949/10904 3707/1745/10905 3546/1585/10906
f 1556/3949/10907 1568/3785/10908 3544/1583/10909 3707/1745/10910
f 1567/3950/10911 1557/3946/10912 3702/1740/10913 3708/1746/10914
f 1565/3954/10915 1737/3953/10916 3711/1749/10917 3710/1748/10918
f 1736/3952/10919 1562/3951/10920 3709/1747/10921 3712/1750/10922
f 1562/3951/10923 1726/3956/10924 3714/1752/10925 3709/1747/10926
f 1729/3945/10927 1563/3955/10928 3713/1751/10929 3703/1741/10930
f 1563/3955/10931 1567/3950/10932 3708/1746/10933 3713/1751/10934
f 1566/3797/10935 1564/3957/10936 3715/1753/10937 3554/1593/10938
f 1564/3957/10939 1576/3793/10940 3552/1591/10941 3715/1753/10942
f 1575/3958/10943 1565/3954/10944 3710/1748/10945 3716/1754/10946
f 1573/3962/10947 1745/3961/10948 3719/1757/10949 3718/1756/10950
f 1744/3960/10951 1570/3959/10952 3717/1755/10953 3720/1758/10954
f 1570/3959/10955 1734/3964/10956 3722/1760/10957 3717/1755/10958
f 1737/3953/10959 1571/3963/10960 3721/1759/10961 3711/1749/10962
f 1571/3963/10963 1575/3958/10964 3716/1754/10965 3721/1759/10966
f 1574/3805/10967 1572/3965/10968 3723/1761/10969 3562/1601/10970
f 1572/3965/10971 1584/3801/10972 3560/1599/10973 3723/1761/10974
f 1583/3966/10975 1573/3962/10976 3718/1756/10977 3724/1762/10978
f 1581/3969/10979 1753/3968/10980 3727/1765/10981 3726/1764/10982
f 1752/4973/10983 1578/4970/10984 3725/4906/10985 3728/4886/10986
f 1578/3967/10987 1742/3971/10988 3730/1767/10989 3725/1763/10990
f 1745/3961/10991 1579/3970/10992 3729/1766/10993 3719/1757/10994
f 1579/3970/10995 1583/3966/10996 3724/1762/10997 3729/1766/10998
f 1582/3812/10999 1580/3972/11000 3731/1768/11001 3570/1608/11002
f 1580/4943/11003 1592/4971/11004 3568/4883/11005 3731/4882/11006
f 1591/3973/11007 1581/3969/11008 3726/1764/11009 3732/1769/11010
f 1589/3977/11011 1761/3976/11012 3735/1772/11013 3734/1771/11014
f 1760/3975/11015 1586/3974/11016 3733/1770/11017 3736/1773/11018
f 1586/3974/11019 1750/3979/11020 3738/1775/11021 3733/1770/11022
f 1753/3968/11023 1587/3978/11024 3737/1774/11025 3727/1765/11026
f 1587/3978/11027 1591/3973/11028 3732/1769/11029 3737/1774/11030
f 1590/3820/11031 1588/3980/11032 3739/1776/11033 3578/1616/11034
f 1588/3980/11035 1600/3816/11036 3576/1614/11037 3739/1776/11038
f 1599/3981/11039 1589/3977/11040 3734/1771/11041 3740/1777/11042
f 1597/3985/11043 1769/3984/11044 3743/1780/11045 3742/1779/11046
f 1768/3983/11047 1594/3982/11048 3741/1778/11049 3744/1781/11050
f 1594/3982/11051 1758/3987/11052 3746/1783/11053 3741/1778/11054
f 1761/3976/11055 1595/3986/11056 3745/1782/11057 3735/1772/11058
f 1595/3986/11059 1599/3981/11060 3740/1777/11061 3745/1782/11062
f 1598/3828/11063 1596/3988/11064 3747/1784/11065 3586/1624/11066
f 1596/3988/11067 1608/3824/11068 3584/1622/11069 3747/1784/11070
f 1607/3989/11071 1597/3985/11072 3742/1779/11073 3748/1785/11074
f 1605/3993/11075 1777/3992/11076 3751/1788/11077 3750/1787/11078
f 1776/3991/11079 1602/3990/11080 3749/1786/11081 3752/1789/11082
f 1602/3990/11083 1766/3995/11084 3754/1791/11085 3749/1786/11086
f 1769/3984/11087 1603/3994/11088 3753/1790/11089 3743/1780/11090
f 1603/3994/11091 1607/3989/11092 3748/1785/11093 3753/1790/11094
f 1606/3836/11095 1604/3996/11096 3755/1792/11097 3594/1632/11098
f 1604/3996/11099 1616/3832/11100 3592/1630/11101 3755/1792/11102
f 1615/3997/11103 1605/3993/11104 3750/1787/11105 3756/1793/11106
f 1613/4001/11107 1785/4000/11108 3759/1796/11109 3758/1795/11110
f 1784/3999/11111 1610/3998/11112 3757/1794/11113 3760/1797/11114
f 1610/3998/11115 1774/4003/11116 3762/1799/11117 3757/1794/11118
f 1777/3992/11119 1611/4002/11120 3761/1798/11121 3751/1788/11122
f 1611/4002/11123 1615/3997/11124 3756/1793/11125 3761/1798/11126
f 1614/3844/11127 1612/4004/11128 3763/1800/11129 3602/1640/11130
f 1612/4004/11131 1624/3840/11132 3600/1638/11133 3763/1800/11134
f 1623/4005/11135 1613/4001/11136 3758/1795/11137 3764/1801/11138
f 1621/4009/11139 1793/4008/11140 3767/1804/11141 3766/1803/11142
f 1792/4007/11143 1618/4006/11144 3765/1802/11145 3768/1805/11146
f 1618/4006/11147 1782/4011/11148 3770/1807/11149 3765/1802/11150
f 1785/4000/11151 1619/4010/11152 3769/1806/11153 3759/1796/11154
f 1619/4010/11155 1623/4005/11156 3764/1801/11157 3769/1806/11158
f 1622/3852/11159 1620/4012/11160 3771/1808/11161 3610/1648/11162
f 1620/4012/11163 1632/3848/11164 3608/1646/11165 3771/1808/11166
f 1631/4013/11167 1621/4009/11168 3766/1803/11169 3772/1809/11170
f 1629/4017/11171 1801/4016/11172 3775/1812/11173 3774/1811/11174
f 1800/4015/11175 1626/4014/11176 3773/1810/11177 3776/1813/11178
f 1626/4014/11179 1790/4019/11180 3778/1815/11181 3773/1810/11182
f 1793/4008/11183 1627/4018/11184 3777/1814/11185 3767/1804/11186
f 1627/4018/11187 1631/4013/11188 3772/1809/11189 3777/1814/11190
f 1630/3860/11191 1628/4020/11192 3779/1816/11193 3618/1656/11194
f 1628/4020/11195 1640/3856/11196 3616/1654/11197 3779/1816/11198
f 1639/4021/11199 1629/4017/11200 3774/1811/11201 3780/1817/11202
f 1637/4025/11203 1809/4024/11204 3783/1820/11205 3782/1819/11206
f 1808/4023/11207 1634/4022/11208 3781/1818/11209 3784/1821/11210
f 1634/4022/11211 1798/4027/11212 3786/1823/11213 3781/1818/11214
f 1801/4016/11215 1635/4026/11216 3785/1822/11217 3775/1812/11218
f 1635/4026/11219 1639/4021/11220 3780/1817/11221 3785/1822/11222
f 1638/3868/11223 1636/4028/11224 3787/1824/11225 3626/1664/11226
f 1636/4028/11227 1648/3864/11228 3624/1662/11229 3787/1824/11230
f 1647/4029/11231 1637/4025/11232 3782/1819/11233 3788/1825/11234
f 1645/4033/11235 1817/4032/11236 3791/1828/11237 3790/1827/11238
f 1816/4031/11239 1642/4030/11240 3789/1826/11241 3792/1829/11242
f 1642/4030/11243 1806/4035/11244 3794/1831/11245 3789/1826/11246
f 1809/4024/11247 1643/4034/11248 3793/1830/11249 3783/1820/11250
f 1643/4034/11251 1647/4029/11252 3788/1825/11253 3793/1830/11254
f 1646/3876/11255 1644/4036/11256 3795/1832/11257 3634/1672/11258
f 1644/4036/11259 1656/3872/11260 3632/1670/11261 3795/1832/11262
f 1655/4037/11263 1645/4033/11264 3790/1827/11265 3796/1833/11266
f 1653/4040/11267 1821/3898/11268 3658/1696/11269 3798/1835/11270
f 1820/4039/11271 1650/4038/11272 3797/1834/11273 3799/1836/11274
f 1650/4038/11275 1814/4042/11276 3801/1838/11277 3797/1834/11278
f 1817/4032/11279 1651/4041/11280 3800/1837/11281 3791/1828/11282
f 1651/4041/11283 1655/4037/11284 3796/1833/11285 3800/1837/11286
f 1654/3883/11287 1652/4043/11288 3802/1839/11289 3641/1679/11290
f 1652/4043/11291 1660/3880/11292 3639/1677/11293 3802/1839/11294
f 1659/3901/11295 1653/4040/11296 3798/1835/11297 3659/1697/11298
f 1665/4046/11299 1829/4045/11300 3805/1842/11301 3804/1841/11302
f 1828/2456/11303 1662/4044/11304 3803/1840/11305 2341/387/11306
f 1662/4044/11307 1822/2461/11308 2346/392/11309 3803/1840/11310
f 1825/4048/11311 1663/4047/11312 3806/1843/11313 3807/1844/11314
f 1663/4047/11315 1667/4050/11316 3809/1846/11317 3806/1843/11318
f 1666/3891/11319 1664/4049/11320 3808/1845/11321 3648/1686/11322
f 1664/4049/11323 1680/3886/11324 3646/1684/11325 3808/1845/11326
f 1679/4051/11327 1665/4046/11328 3804/1841/11329 3810/1847/11330
f 1667/4050/11331 1672/4053/11332 3811/1848/11333 3809/1846/11334
f 1671/4052/11335 1668/3902/11336 3660/1698/11337 3812/1849/11338
f 1673/4056/11339 1898/2475/11340 2356/402/11341 3814/1851/11342
f 1901/4055/11343 1670/4054/11344 3813/1850/11345 3815/1852/11346
f 1670/4054/11347 1819/4057/11348 3816/1853/11349 3813/1850/11350
f 1818/3899/11351 1671/4052/11352 3812/1849/11353 3657/1695/11354
f 1672/4053/11355 1825/4048/11356 3807/1844/11357 3811/1848/11358
f 1824/2478/11359 1673/4056/11360 3814/1851/11361 2357/403/11362
f 1677/4060/11363 1833/4059/11364 3819/1856/11365 3818/1855/11366
f 1832/2438/11367 1674/4058/11368 3817/1854/11369 2328/374/11370
f 1674/4058/11371 1826/2443/11372 2333/379/11373 3817/1854/11374
f 1829/4045/11375 1675/4061/11376 3820/1857/11377 3805/1842/11378
f 1675/4061/11379 1679/4051/11380 3810/1847/11381 3820/1857/11382
f 1678/3908/11383 1676/4062/11384 3821/1858/11385 3666/1704/11386
f 1676/4062/11387 1688/3904/11388 3664/1702/11389 3821/1858/11390
f 1687/4063/11391 1677/4060/11392 3818/1855/11393 3822/1859/11394
f 1685/4066/11395 1837/4065/11396 3825/1862/11397 3824/1861/11398
f 1836/2420/11399 1682/4064/11400 3823/1860/11401 2315/361/11402
f 1682/4064/11403 1830/2425/11404 2320/366/11405 3823/1860/11406
f 1833/4059/11407 1683/4067/11408 3826/1863/11409 3819/1856/11410
f 1683/4067/11411 1687/4063/11412 3822/1859/11413 3826/1863/11414
f 1686/3916/11415 1684/4068/11416 3827/1864/11417 3674/1712/11418
f 1684/4068/11419 1696/3912/11420 3672/1710/11421 3827/1864/11422
f 1695/4069/11423 1685/4066/11424 3824/1861/11425 3828/1865/11426
f 1693/4072/11427 1841/4071/11428 3831/1868/11429 3830/1867/11430
f 1840/2402/11431 1690/4070/11432 3829/1866/11433 2302/348/11434
f 1690/4070/11435 1834/2407/11436 2307/353/11437 3829/1866/11438
f 1837/4065/11439 1691/4073/11440 3832/1869/11441 3825/1862/11442
f 1691/4073/11443 1695/4069/11444 3828/1865/11445 3832/1869/11446
f 1694/3924/11447 1692/4074/11448 3833/1870/11449 3682/1720/11450
f 1692/4074/11451 1704/3920/11452 3680/1718/11453 3833/1870/11454
f 1703/4075/11455 1693/4072/11456 3830/1867/11457 3834/1871/11458
f 1701/4078/11459 1845/4077/11460 3837/1874/11461 3836/1873/11462
f 1844/2384/11463 1698/4076/11464 3835/1872/11465 2289/335/11466
f 1698/4076/11467 1838/2389/11468 2294/340/11469 3835/1872/11470
f 1841/4071/11471 1699/4079/11472 3838/1875/11473 3831/1868/11474
f 1699/4079/11475 1703/4075/11476 3834/1871/11477 3838/1875/11478
f 1702/3932/11479 1700/4080/11480 3839/1876/11481 3690/1728/11482
f 1700/4080/11483 1712/3928/11484 3688/1726/11485 3839/1876/11486
f 1711/4081/11487 1701/4078/11488 3836/1873/11489 3840/1877/11490
f 1709/4084/11491 1849/4083/11492 3843/1880/11493 3842/1879/11494
f 1848/2366/11495 1706/4082/11496 3841/1878/11497 2276/322/11498
f 1706/4082/11499 1842/2371/11500 2281/327/11501 3841/1878/11502
f 1845/4077/11503 1707/4085/11504 3844/1881/11505 3837/1874/11506
f 1707/4085/11507 1711/4081/11508 3840/1877/11509 3844/1881/11510
f 1710/3940/11511 1708/4086/11512 3845/1882/11513 3698/1736/11514
f 1708/4086/11515 1720/3936/11516 3696/1734/11517 3845/1882/11518
f 1719/4087/11519 1709/4084/11520 3842/1879/11521 3846/1883/11522
f 1717/4090/11523 1853/4089/11524 3849/1886/11525 3848/1885/11526
f 1852/2348/11527 1714/4088/11528 3847/1884/11529 2263/309/11530
f 1714/4088/11531 1846/2353/11532 2268/314/11533 3847/1884/11534
f 1849/4083/11535 1715/4091/11536 3850/1887/11537 3843/1880/11538
f 1715/4091/11539 1719/4087/11540 3846/1883/11541 3850/1887/11542
f 1718/3948/11543 1716/4092/11544 3851/1888/11545 3706/1744/11546
f 1716/4092/11547 1728/3944/11548 3704/1742/11549 3851/1888/11550
f 1727/4093/11551 1717/4090/11552 3848/1885/11553 3852/1889/11554
f 1725/4096/11555 1857/4095/11556 3855/1892/11557 3854/1891/11558
f 1856/2330/11559 1722/4094/11560 3853/1890/11561 2250/296/11562
f 1722/4094/11563 1850/2335/11564 2255/301/11565 3853/1890/11566
f 1853/4089/11567 1723/4097/11568 3856/1893/11569 3849/1886/11570
f 1723/4097/11571 1727/4093/11572 3852/1889/11573 3856/1893/11574
f 1726/3956/11575 1724/4098/11576 3857/1894/11577 3714/1752/11578
f 1724/4098/11579 1736/3952/11580 3712/1750/11581 3857/1894/11582
f 1735/4099/11583 1725/4096/11584 3854/1891/11585 3858/1895/11586
f 1733/4102/11587 1861/4101/11588 3861/1898/11589 3860/1897/11590
f 1860/2312/11591 1730/4100/11592 3859/1896/11593 2237/283/11594
f 1730/4100/11595 1854/2317/11596 2242/288/11597 3859/1896/11598
f 1857/4095/11599 1731/4103/11600 3862/1899/11601 3855/1892/11602
f 1731/4103/11603 1735/4099/11604 3858/1895/11605 3862/1899/11606
f 1734/3964/11607 1732/4104/11608 3863/1900/11609 3722/1760/11610
f 1732/4104/11611 1744/3960/11612 3720/1758/11613 3863/1900/11614
f 1743/4105/11615 1733/4102/11616 3860/1897/11617 3864/1901/11618
f 1741/4108/11619 1865/4107/11620 3867/1904/11621 3866/1903/11622
f 1864/4953/11623 1738/4972/11624 3865/4908/11625 2224/4884/11626
f 1738/4106/11627 1858/2299/11628 2229/275/11629 3865/1902/11630
f 1861/4101/11631 1739/4109/11632 3868/1905/11633 3861/1898/11634
f 1739/4109/11635 1743/4105/11636 3864/1901/11637 3868/1905/11638
f 1742/3971/11639 1740/4110/11640 3869/1906/11641 3730/1767/11642
f 1740/4945/11643 1752/4973/11644 3728/4886/11645 3869/4885/11646
f 1751/4111/11647 1741/4108/11648 3866/1903/11649 3870/1907/11650
f 1749/4114/11651 1869/4113/11652 3873/1910/11653 3872/1909/11654
f 1868/2278/11655 1746/4112/11656 3871/1908/11657 2211/261/11658
f 1746/4112/11659 1862/2283/11660 2216/265/11661 3871/1908/11662
f 1865/4107/11663 1747/4115/11664 3874/1911/11665 3867/1904/11666
f 1747/4115/11667 1751/4111/11668 3870/1907/11669 3874/1911/11670
f 1750/3979/11671 1748/4116/11672 3875/1912/11673 3738/1775/11674
f 1748/4116/11675 1760/3975/11676 3736/1773/11677 3875/1912/11678
f 1759/4117/11679 1749/4114/11680 3872/1909/11681 3876/1913/11682
f 1757/4120/11683 1873/4119/11684 3879/1916/11685 3878/1915/11686
f 1872/2260/11687 1754/4118/11688 3877/1914/11689 2198/248/11690
f 1754/4118/11691 1866/2265/11692 2203/253/11693 3877/1914/11694
f 1869/4113/11695 1755/4121/11696 3880/1917/11697 3873/1910/11698
f 1755/4121/11699 1759/4117/11700 3876/1913/11701 3880/1917/11702
f 1758/3987/11703 1756/4122/11704 3881/1918/11705 3746/1783/11706
f 1756/4122/11707 1768/3983/11708 3744/1781/11709 3881/1918/11710
f 1767/4123/11711 1757/4120/11712 3878/1915/11713 3882/1919/11714
f 1765/4126/11715 1877/4125/11716 3885/1922/11717 3884/1921/11718
f 1876/2235/11719 1762/4124/11720 3883/1920/11721 2178/228/11722
f 1762/4124/11723 1870/2240/11724 2184/234/11725 3883/1920/11726
f 1873/4119/11727 1763/4127/11728 3886/1923/11729 3879/1916/11730
f 1763/4127/11731 1767/4123/11732 3882/1919/11733 3886/1923/11734
f 1766/3995/11735 1764/4128/11736 3887/1924/11737 3754/1791/11738
f 1764/4128/11739 1776/3991/11740 3752/1789/11741 3887/1924/11742
f 1775/4129/11743 1765/4126/11744 3884/1921/11745 3888/1925/11746
f 1773/4132/11747 1881/4131/11748 3891/1928/11749 3890/1927/11750
f 1880/2248/11751 1770/4130/11752 3889/1926/11753 2188/238/11754
f 1770/4130/11755 1874/2252/11756 2191/241/11757 3889/1926/11758
f 1877/4125/11759 1771/4133/11760 3892/1929/11761 3885/1922/11762
f 1771/4133/11763 1775/4129/11764 3888/1925/11765 3892/1929/11766
f 1774/4003/11767 1772/4134/11768 3893/1930/11769 3762/1799/11770
f 1772/4134/11771 1784/3999/11772 3760/1797/11773 3893/1930/11774
f 1783/4135/11775 1773/4132/11776 3890/1927/11777 3894/1931/11778
f 1781/4138/11779 1885/4137/11780 3897/1934/11781 3896/1933/11782
f 1884/2564/11783 1778/4136/11784 3895/1932/11785 2419/465/11786
f 1778/4136/11787 1878/2568/11788 2422/468/11789 3895/1932/11790
f 1881/4131/11791 1779/4139/11792 3898/1935/11793 3891/1928/11794
f 1779/4139/11795 1783/4135/11796 3894/1931/11797 3898/1935/11798
f 1782/4011/11799 1780/4140/11800 3899/1936/11801 3770/1807/11802
f 1780/4140/11803 1792/4007/11804 3768/1805/11805 3899/1936/11806
f 1791/4141/11807 1781/4138/11808 3896/1933/11809 3900/1937/11810
f 1789/4144/11811 1889/4143/11812 3903/1940/11813 3902/1939/11814
f 1888/2546/11815 1786/4142/11816 3901/1938/11817 2406/452/11818
f 1786/4142/11819 1882/2551/11820 2411/457/11821 3901/1938/11822
f 1885/4137/11823 1787/4145/11824 3904/1941/11825 3897/1934/11826
f 1787/4145/11827 1791/4141/11828 3900/1937/11829 3904/1941/11830
f 1790/4019/11831 1788/4146/11832 3905/1942/11833 3778/1815/11834
f 1788/4146/11835 1800/4015/11836 3776/1813/11837 3905/1942/11838
f 1799/4147/11839 1789/4144/11840 3902/1939/11841 3906/1943/11842
f 1797/4150/11843 1893/4149/11844 3909/1946/11845 3908/1945/11846
f 1892/2528/11847 1794/4148/11848 3907/1944/11849 2393/439/11850
f 1794/4148/11851 1886/2533/11852 2398/444/11853 3907/1944/11854
f 1889/4143/11855 1795/4151/11856 3910/1947/11857 3903/1940/11858
f 1795/4151/11859 1799/4147/11860 3906/1943/11861 3910/1947/11862
f 1798/4027/11863 1796/4152/11864 3911/1948/11865 3786/1823/11866
f 1796/4152/11867 1808/4023/11868 3784/1821/11869 3911/1948/11870
f 1807/4153/11871 1797/4150/11872 3908/1945/11873 3912/1949/11874
f 1805/4156/11875 1897/4155/11876 3915/1952/11877 3914/1951/11878
f 1896/2510/11879 1802/4154/11880 3913/1950/11881 2380/426/11882
f 1802/4154/11883 1890/2515/11884 2385/431/11885 3913/1950/11886
f 1893/4149/11887 1803/4157/11888 3916/1953/11889 3909/1946/11890
f 1803/4157/11891 1807/4153/11892 3912/1949/11893 3916/1953/11894
f 1806/4035/11895 1804/4158/11896 3917/1954/11897 3794/1831/11898
f 1804/4158/11899 1816/4031/11900 3792/1829/11901 3917/1954/11902
f 1815/4159/11903 1805/4156/11904 3914/1951/11905 3918/1955/11906
f 1813/4161/11907 1901/4055/11908 3815/1852/11909 3920/1957/11910
f 1900/2492/11911 1810/4160/11912 3919/1956/11913 2367/413/11914
f 1810/4160/11915 1894/2497/11916 2372/418/11917 3919/1956/11918
f 1897/4155/11919 1811/4162/11920 3921/1958/11921 3915/1952/11922
f 1811/4162/11923 1815/4159/11924 3918/1955/11925 3921/1958/11926
f 1814/4042/11927 1812/4163/11928 3922/1959/11929 3801/1838/11930
f 1812/4163/11931 1820/4039/11932 3799/1836/11933 3922/1959/11934
f 1819/4057/11935 1813/4161/11936 3920/1957/11937 3816/1853/11938
