# This file uses centimeters as units for non-parametric coordinates.

v -2.968714 2.641090 -4.906292
v -2.473617 2.641090 -4.411196
v -2.473617 2.641090 -4.061099
v -2.823714 2.641090 -4.411196
v -2.772434 2.641090 -4.112379
v -2.123520 2.641090 -4.411196
v -2.174800 2.641090 -4.112379
v -2.473617 2.641090 -4.761293
v -2.174800 2.641090 -4.710013
v -2.998763 2.641090 -4.411196
v -2.946465 2.641090 -4.127799
v -2.798074 2.641090 -4.261787
v -2.972625 2.641090 -4.269497
v -2.757014 2.641090 -3.938348
v -2.900815 2.641090 -3.983998
v -2.473617 2.641090 -3.886050
v -2.623025 2.641090 -4.086739
v -2.615315 2.641090 -3.912188
v -2.473617 2.641090 -4.236147
v -2.648665 2.641090 -4.411196
v -2.635845 2.641090 -4.248968
v -2.190220 2.641090 -3.938348
v -2.324208 2.641090 -4.086739
v -2.331918 2.641090 -3.912188
v -2.000769 2.641090 -4.127799
v -2.046419 2.641090 -3.983998
v -1.948471 2.641090 -4.411196
v -2.149160 2.641090 -4.261787
v -1.974609 2.641090 -4.269497
v -2.298568 2.641090 -4.411196
v -2.311388 2.641090 -4.248968
v -2.000769 2.641090 -4.694593
v -2.149160 2.641090 -4.560605
v -1.974609 2.641090 -4.552895
v -2.190220 2.641090 -4.884044
v -2.046419 2.641090 -4.838394
v -2.473617 2.641090 -4.936341
v -2.324208 2.641090 -4.735653
v -2.331918 2.641090 -4.910204
v -2.473617 2.641090 -4.586245
v -2.311388 2.641090 -4.573425
v -2.623025 2.641090 -4.735653
v -2.615315 2.641090 -4.910204
v -2.879629 2.635166 -4.946652
v -3.024312 2.609255 -4.803507
v -2.900498 2.642921 -4.833601
v -2.798074 2.641090 -4.560605
v -2.972625 2.641090 -4.552895
v -2.635845 2.641090 -4.573425
v -3.162551 2.641090 -4.411196
v -3.173811 2.654272 -4.411196
v -3.149324 2.641090 -4.276801
v -3.160358 2.654272 -4.274608
v -3.110118 2.641090 -4.147561
v -3.120496 2.654272 -4.143242
v -3.046448 2.641090 -4.028450
v -3.055808 2.654272 -4.022186
v -2.960777 2.641090 -3.924036
v -2.968714 2.654272 -3.916099
v -2.856363 2.641090 -3.838365
v -2.862626 2.654272 -3.829005
v -2.737253 2.641090 -3.774695
v -2.741571 2.654272 -3.764317
v -2.608012 2.641090 -3.735489
v -2.610206 2.654272 -3.724455
v -2.473617 2.641090 -3.722262
v -2.473617 2.654272 -3.711002
v -2.339222 2.641090 -3.735489
v -2.337029 2.654272 -3.724455
v -2.209981 2.641090 -3.774695
v -2.205663 2.654272 -3.764317
v -2.090871 2.641090 -3.838365
v -2.084608 2.654272 -3.829005
v -1.986457 2.641090 -3.924036
v -1.978521 2.654272 -3.916099
v -1.900786 2.641090 -4.028450
v -1.891426 2.654272 -4.022186
v -1.837116 2.641090 -4.147561
v -1.826738 2.654272 -4.143242
v -1.797910 2.641090 -4.276801
v -1.786876 2.654272 -4.274608
v -1.784683 2.641090 -4.411196
v -1.773423 2.654272 -4.411196
v -1.797910 2.641090 -4.545591
v -1.786876 2.654272 -4.547785
v -1.837116 2.641090 -4.674832
v -1.826738 2.654272 -4.679150
v -1.900786 2.641090 -4.793942
v -1.891426 2.654272 -4.800205
v -1.986457 2.641090 -4.898356
v -1.978521 2.654272 -4.906292
v -2.090871 2.641090 -4.984026
v -2.084608 2.654272 -4.993388
v -2.209981 2.641090 -5.047697
v -2.205663 2.654272 -5.058075
v -2.339222 2.641090 -5.086903
v -2.337029 2.654272 -5.097937
v -2.473617 2.641090 -5.100130
v -2.473617 2.654272 -5.111391
v -2.608012 2.641090 -5.086903
v -2.610206 2.654272 -5.097937
v -2.731080 2.641090 -5.049574
v -2.741571 2.654272 -5.058075
v -2.746116 2.641090 -4.880675
v -2.757014 2.654249 -4.884044
v -2.820684 2.633493 -4.748112
v -2.828982 2.646629 -4.756658
v -3.111995 2.641090 -4.668659
v -3.120496 2.654272 -4.679150
v -2.943232 2.641090 -4.683627
v -2.946465 2.654249 -4.694593
v -3.149324 2.641090 -4.545591
v -3.160358 2.654272 -4.547785
v -2.741571 2.807863 -5.058075
v -2.737195 2.817081 -5.069298
v -2.770277 2.816523 -5.036030
v -2.793803 2.815730 -4.876562
v -2.757014 2.807863 -4.884044
v -3.120496 2.809107 -4.679150
v -3.097168 2.817435 -4.708736
v -3.131392 2.817300 -4.674650
v -2.942938 2.814819 -4.730333
v -2.946465 2.809220 -4.694593
v -2.852674 2.810924 -4.783489
v -2.828982 2.801419 -4.756658
v -3.184744 2.817422 -4.410491
v -3.173811 2.808948 -4.411196
v -3.171195 2.817427 -4.272413
v -3.160358 2.808948 -4.274608
v -3.131326 2.817428 -4.139657
v -3.120496 2.808948 -4.143242
v -3.068327 2.817428 -4.018596
v -3.055808 2.808948 -4.022186
v -2.987046 2.817428 -3.915045
v -2.968714 2.808948 -3.916099
v -2.860497 2.817428 -3.811182
v -2.862626 2.808948 -3.829005
v -2.742832 2.817428 -3.751499
v -2.741571 2.808948 -3.764317
v -2.611618 2.817428 -3.713203
v -2.610206 2.808948 -3.724455
v -2.473420 2.817428 -3.700070
v -2.473617 2.808948 -3.711002
v -2.334872 2.817428 -3.713875
v -2.337029 2.808948 -3.724455
v -2.201547 2.817428 -3.754375
v -2.205663 2.808948 -3.764317
v -2.078644 2.817428 -3.820074
v -2.084608 2.808948 -3.829005
v -1.970918 2.817428 -3.908497
v -1.978521 2.808948 -3.916099
v -1.882496 2.817428 -4.016223
v -1.891426 2.808948 -4.022186
v -1.816797 2.817428 -4.139127
v -1.826738 2.808948 -4.143242
v -1.776301 2.817428 -4.272457
v -1.786876 2.808948 -4.274608
v -1.762511 2.817428 -4.411023
v -1.773423 2.808948 -4.411196
v -1.775691 2.817428 -4.549278
v -1.786876 2.808948 -4.547785
v -1.814221 2.817428 -4.680778
v -1.826738 2.808948 -4.679150
v -1.874251 2.817428 -4.798866
v -1.891426 2.808948 -4.800205
v -1.978114 2.817428 -4.925415
v -1.978521 2.808948 -4.906292
v -2.081318 2.817428 -5.006274
v -2.084608 2.808948 -4.993388
v -2.202144 2.817426 -5.068988
v -2.205663 2.808948 -5.058075
v -2.334852 2.817421 -5.108805
v -2.337029 2.808948 -5.097937
v -2.472915 2.817404 -5.122355
v -2.473617 2.808948 -5.111391
v -2.607864 2.817322 -5.109778
v -2.610206 2.808948 -5.097937
v -3.172100 2.817417 -4.545483
v -3.160358 2.808948 -4.547785
v -2.891296 2.800537 -4.932679
v -2.872192 2.813509 -4.960648
v -2.907550 2.810770 -4.813718
v -2.879397 2.810839 -4.841878
v -2.900498 2.794071 -4.833601
v -2.998718 2.800945 -4.811963
v -3.023948 2.813823 -4.803850
v -2.968714 2.804404 -4.906292
v -2.979255 2.816078 -4.918764
v -3.267418 2.811051 -4.411196
v -3.238028 2.817755 -4.410477
v -3.252156 2.811051 -4.256339
v -3.223415 2.817759 -4.262100
v -3.207003 2.811051 -4.107428
v -3.180547 2.817760 -4.119272
v -3.133633 2.811051 -3.970183
v -3.112736 2.817760 -3.989103
v -3.034916 2.811051 -3.849897
v -3.024855 2.817760 -3.877422
v -2.914630 2.811051 -3.751180
v -2.890016 2.817760 -3.766755
v -2.777385 2.811051 -3.677810
v -2.763105 2.817760 -3.702187
v -2.628475 2.811051 -3.632658
v -2.622006 2.817760 -3.660954
v -2.473617 2.811051 -3.617395
v -2.473417 2.817760 -3.646791
v -2.318759 2.811051 -3.632658
v -2.324481 2.817760 -3.661630
v -2.169848 2.811051 -3.677810
v -2.181161 2.817760 -3.705158
v -2.032604 2.811051 -3.751180
v -2.049046 2.817760 -3.775790
v -1.912318 2.811051 -3.849897
v -1.933255 2.817760 -3.870834
v -1.813601 2.811051 -3.970183
v -1.838212 2.817760 -3.986626
v -1.740231 2.811051 -4.107428
v -1.767580 2.817760 -4.118741
v -1.695078 2.811051 -4.256339
v -1.724056 2.817760 -4.262066
v -1.679816 2.811051 -4.411196
v -1.709232 2.817760 -4.411021
v -1.695078 2.811051 -4.566053
v -1.723441 2.817760 -4.559666
v -1.740231 2.811051 -4.714965
v -1.764927 2.817760 -4.701074
v -1.813601 2.811051 -4.852209
v -1.829803 2.817760 -4.828362
v -1.912318 2.811051 -4.972496
v -1.940470 2.817760 -4.963202
v -2.032604 2.811051 -5.071212
v -2.051843 2.817760 -5.050705
v -2.169848 2.811051 -5.144582
v -2.181758 2.817759 -5.118209
v -2.318759 2.811051 -5.189734
v -2.324539 2.817755 -5.161026
v -2.473617 2.811051 -5.204997
v -2.472889 2.817739 -5.175641
v -2.628475 2.811051 -5.189734
v -2.620773 2.817693 -5.161076
v -2.777385 2.811051 -5.144582
v -2.756700 2.817533 -5.118868
v -2.914630 2.810915 -5.071212
v -2.884560 2.817090 -5.048438
v -3.034916 2.811051 -4.972496
v -3.016104 2.817268 -4.955316
v -3.133633 2.811255 -4.852209
v -3.110144 2.817657 -4.822582
v -3.207003 2.811051 -4.714965
v -3.180835 2.817663 -4.694562
v -3.252156 2.811051 -4.566053
v -3.223413 2.817741 -4.558379
v -3.275829 2.641090 -4.411196
v -3.267418 2.650948 -4.411196
v -3.260431 2.641090 -4.254688
v -3.252156 2.650948 -4.256339
v -3.214781 2.641090 -4.104194
v -3.207003 2.650948 -4.107428
v -3.140642 2.641090 -3.965503
v -3.133633 2.650948 -3.970183
v -3.040863 2.641090 -3.843950
v -3.034916 2.650948 -3.849897
v -2.919310 2.641090 -3.744171
v -2.914630 2.650948 -3.751180
v -2.780619 2.641090 -3.670032
v -2.777385 2.650948 -3.677810
v -2.630125 2.641090 -3.624382
v -2.628475 2.650948 -3.632658
v -2.473617 2.641090 -3.608984
v -2.473617 2.650948 -3.617395
v -2.317109 2.641090 -3.624382
v -2.318759 2.650948 -3.632658
v -2.166615 2.641090 -3.670032
v -2.169848 2.650948 -3.677810
v -2.027924 2.641090 -3.744171
v -2.032604 2.650948 -3.751180
v -1.906371 2.641090 -3.843950
v -1.912318 2.650948 -3.849897
v -1.806592 2.641090 -3.965503
v -1.813601 2.650948 -3.970183
v -1.732453 2.641090 -4.104194
v -1.740231 2.650948 -4.107428
v -1.686803 2.641090 -4.254688
v -1.695078 2.650948 -4.256339
v -1.671405 2.641090 -4.411196
v -1.679816 2.650948 -4.411196
v -1.686803 2.641090 -4.567704
v -1.695078 2.650948 -4.566053
v -1.732453 2.641090 -4.718198
v -1.740231 2.650948 -4.714965
v -1.806592 2.641090 -4.856889
v -1.813601 2.650948 -4.852209
v -1.906371 2.641090 -4.978442
v -1.912318 2.650948 -4.972496
v -2.027924 2.641090 -5.078221
v -2.032604 2.650948 -5.071212
v -2.166615 2.641090 -5.152360
v -2.169848 2.650948 -5.144582
v -2.317109 2.641090 -5.198010
v -2.318759 2.650948 -5.189734
v -2.473617 2.641090 -5.213408
v -2.473617 2.650948 -5.204997
v -2.630125 2.641090 -5.198010
v -2.628475 2.650948 -5.189734
v -2.780619 2.641090 -5.152360
v -2.777385 2.650948 -5.144582
v -2.919310 2.641090 -5.078221
v -2.914630 2.650948 -5.071212
v -3.040863 2.641090 -4.978442
v -3.034916 2.650948 -4.972496
v -3.140642 2.641090 -4.856889
v -3.133633 2.650948 -4.852209
v -3.214781 2.641090 -4.718198
v -3.207003 2.650948 -4.714965
v -3.260431 2.641090 -4.567704
v -3.252156 2.650948 -4.566053
v -3.396500 2.622391 -4.411196
v -3.380559 2.641090 -4.411196
v -3.378773 2.622391 -4.231151
v -3.363149 2.641090 -4.234249
v -3.326249 2.622391 -4.058024
v -3.311530 2.641090 -4.064129
v -3.240964 2.622391 -3.898463
v -3.227714 2.641090 -3.907327
v -3.126194 2.622391 -3.758619
v -3.114934 2.641090 -3.769879
v -2.986350 2.622391 -3.643849
v -2.977486 2.641090 -3.657099
v -2.826789 2.622391 -3.558564
v -2.820684 2.641090 -3.573283
v -2.653662 2.622391 -3.506040
v -2.650565 2.641090 -3.521664
v -2.473617 2.622391 -3.488313
v -2.473617 2.641090 -3.504254
v -2.293572 2.622391 -3.506040
v -2.296669 2.641090 -3.521664
v -2.120445 2.622391 -3.558564
v -2.126549 2.641090 -3.573283
v -1.960884 2.622391 -3.643849
v -1.969748 2.641090 -3.657099
v -1.821040 2.622391 -3.758619
v -1.832300 2.641090 -3.769879
v -1.706270 2.622391 -3.898463
v -1.719520 2.641090 -3.907327
v -1.620985 2.622391 -4.058024
v -1.635704 2.641090 -4.064129
v -1.568461 2.622391 -4.231151
v -1.584085 2.641090 -4.234249
v -1.550734 2.622391 -4.411196
v -1.566675 2.641090 -4.411196
v -1.568461 2.622391 -4.591242
v -1.584085 2.641090 -4.588144
v -1.620985 2.622391 -4.764369
v -1.635704 2.641090 -4.758263
v -1.706270 2.622391 -4.923929
v -1.719520 2.641090 -4.915065
v -1.821040 2.622391 -5.063773
v -1.832300 2.641090 -5.052514
v -1.960884 2.622391 -5.178543
v -1.969748 2.641090 -5.165293
v -2.120445 2.622391 -5.263829
v -2.126549 2.641090 -5.249109
v -2.293572 2.622391 -5.316352
v -2.296669 2.641090 -5.300728
v -2.473617 2.622391 -5.334078
v -2.473617 2.641090 -5.318139
v -2.653662 2.622391 -5.316352
v -2.650565 2.641090 -5.300728
v -2.826789 2.622391 -5.263829
v -2.820684 2.641090 -5.249109
v -2.986350 2.622391 -5.178543
v -2.977486 2.641090 -5.165293
v -3.126194 2.622391 -5.063773
v -3.114934 2.641090 -5.052514
v -3.240964 2.622391 -4.923929
v -3.227714 2.641090 -4.915065
v -3.326249 2.622391 -4.764369
v -3.311530 2.641090 -4.758263
v -3.378773 2.622391 -4.591242
v -3.363149 2.641090 -4.588144
v -3.402378 2.473955 -4.411196
v -3.396500 2.481936 -4.411196
v -3.384516 2.473955 -4.229997
v -3.378773 2.481936 -4.231151
v -3.331676 2.473955 -4.055786
v -3.326249 2.481936 -4.058024
v -3.245847 2.473955 -3.895208
v -3.240964 2.481936 -3.898463
v -3.130354 2.473955 -3.754459
v -3.126194 2.481936 -3.758619
v -2.989605 2.473955 -3.638966
v -2.986350 2.481936 -3.643849
v -2.829027 2.473955 -3.553137
v -2.826789 2.481936 -3.558564
v -2.654815 2.473955 -3.500297
v -2.653662 2.481936 -3.506040
v -2.473617 2.473955 -3.482435
v -2.473617 2.481936 -3.488313
v -2.292418 2.473955 -3.500297
v -2.293572 2.481936 -3.506040
v -2.118207 2.473955 -3.553137
v -2.120445 2.481936 -3.558564
v -1.957628 2.473955 -3.638966
v -1.960884 2.481936 -3.643849
v -1.816880 2.473955 -3.754459
v -1.821040 2.481936 -3.758619
v -1.701386 2.473955 -3.895208
v -1.706270 2.481936 -3.898463
v -1.615558 2.473955 -4.055786
v -1.620985 2.481936 -4.058024
v -1.562718 2.473955 -4.229997
v -1.568461 2.481936 -4.231151
v -1.544856 2.473955 -4.411196
v -1.550734 2.481936 -4.411196
v -1.562718 2.473955 -4.592395
v -1.568461 2.481936 -4.591242
v -1.615558 2.473955 -4.766606
v -1.620985 2.481936 -4.764369
v -1.701386 2.473955 -4.927185
v -1.706270 2.481936 -4.923929
v -1.816880 2.473955 -5.067934
v -1.821040 2.481936 -5.063773
v -1.957628 2.473955 -5.183426
v -1.960884 2.481936 -5.178543
v -2.118207 2.473955 -5.269255
v -2.120445 2.481936 -5.263829
v -2.292418 2.473955 -5.322095
v -2.293572 2.481936 -5.316352
v -2.473617 2.473955 -5.339957
v -2.473617 2.481936 -5.334078
v -2.654815 2.473955 -5.322095
v -2.653662 2.481936 -5.316352
v -2.829027 2.473955 -5.269255
v -2.826789 2.481936 -5.263829
v -2.989605 2.473955 -5.183426
v -2.986350 2.481936 -5.178543
v -3.130354 2.473955 -5.067934
v -3.126194 2.481936 -5.063773
v -3.245847 2.473955 -4.927185
v -3.240964 2.481936 -4.923929
v -3.331676 2.473955 -4.766606
v -3.326249 2.481936 -4.764369
v -3.384516 2.473955 -4.592395
v -3.378773 2.481936 -4.591242
v -3.438035 2.462492 -4.411196
v -3.433535 2.468596 -4.411196
v -3.419494 2.462492 -4.223056
v -3.415085 2.468596 -4.223915
v -3.364619 2.462492 -4.042129
v -3.360459 2.468596 -4.043848
v -3.275489 2.462492 -3.875401
v -3.271759 2.468596 -3.877888
v -3.155565 2.462492 -3.729249
v -3.152377 2.468596 -3.732436
v -3.009412 2.462492 -3.609324
v -3.006925 2.468596 -3.613054
v -2.842684 2.462492 -3.520194
v -2.840966 2.468596 -3.524354
v -2.661757 2.462492 -3.465319
v -2.660897 2.468596 -3.469728
v -2.473617 2.462492 -3.446779
v -2.473617 2.468596 -3.451278
v -2.285477 2.462492 -3.465319
v -2.286336 2.468596 -3.469728
v -2.104550 2.462492 -3.520194
v -2.106268 2.468596 -3.524354
v -1.937822 2.462492 -3.609324
v -1.940309 2.468596 -3.613054
v -1.791669 2.462492 -3.729249
v -1.794857 2.468596 -3.732436
v -1.671745 2.462492 -3.875401
v -1.675475 2.468596 -3.877888
v -1.582615 2.462492 -4.042129
v -1.586775 2.468596 -4.043848
v -1.527740 2.462492 -4.223056
v -1.532149 2.468596 -4.223915
v -1.509199 2.462492 -4.411196
v -1.513699 2.468596 -4.411196
v -1.527740 2.462492 -4.599336
v -1.532149 2.468596 -4.598477
v -1.582615 2.462492 -4.780263
v -1.586775 2.468596 -4.778544
v -1.671745 2.462492 -4.946991
v -1.675475 2.468596 -4.944504
v -1.791669 2.462492 -5.093144
v -1.794857 2.468596 -5.089956
v -1.937822 2.462492 -5.213068
v -1.940309 2.468596 -5.209338
v -2.104550 2.462492 -5.302198
v -2.106268 2.468596 -5.298038
v -2.285477 2.462492 -5.357073
v -2.286336 2.468596 -5.352664
v -2.473617 2.462492 -5.375614
v -2.473617 2.468596 -5.371114
v -2.661757 2.462492 -5.357073
v -2.660897 2.468596 -5.352664
v -2.842684 2.462492 -5.302198
v -2.840966 2.468596 -5.298038
v -3.009412 2.462492 -5.213068
v -3.006925 2.468596 -5.209338
v -3.155565 2.462492 -5.093144
v -3.152377 2.468596 -5.089956
v -3.275489 2.462492 -4.946991
v -3.271759 2.468596 -4.944504
v -3.364619 2.462492 -4.780263
v -3.360459 2.468596 -4.778544
v -3.419494 2.462492 -4.599336
v -3.415085 2.468596 -4.598477
v -3.384946 2.445624 -4.411196
v -3.438035 2.451910 -4.411196
v -3.367423 2.445624 -4.233412
v -3.419494 2.451910 -4.223056
v -3.315578 2.445624 -4.062456
v -3.364619 2.451910 -4.042129
v -3.231354 2.445624 -3.904885
v -3.275489 2.451910 -3.875401
v -3.118009 2.445624 -3.766804
v -3.155565 2.451910 -3.729249
v -2.979928 2.445624 -3.653459
v -3.009412 2.451910 -3.609324
v -2.822357 2.445624 -3.569236
v -2.842684 2.451910 -3.520194
v -2.651402 2.445624 -3.517390
v -2.661757 2.451910 -3.465319
v -2.473617 2.445624 -3.499867
v -2.473617 2.451910 -3.446779
v -2.295833 2.445624 -3.517390
v -2.285477 2.451910 -3.465319
v -2.124876 2.445624 -3.569236
v -2.104550 2.451910 -3.520194
v -1.967306 2.445624 -3.653459
v -1.937822 2.451910 -3.609324
v -1.829225 2.445624 -3.766804
v -1.791669 2.451910 -3.729249
v -1.715880 2.445624 -3.904885
v -1.671745 2.451910 -3.875401
v -1.631657 2.445624 -4.062456
v -1.582615 2.451910 -4.042129
v -1.579811 2.445624 -4.233412
v -1.527740 2.451910 -4.223056
v -1.562288 2.445624 -4.411196
v -1.509199 2.451910 -4.411196
v -1.579811 2.445624 -4.588981
v -1.527740 2.451910 -4.599336
v -1.631657 2.445624 -4.759936
v -1.582615 2.451910 -4.780263
v -1.715880 2.445624 -4.917508
v -1.671745 2.451910 -4.946991
v -1.829225 2.445624 -5.055588
v -1.791669 2.451910 -5.093144
v -1.967306 2.445624 -5.168933
v -1.937822 2.451910 -5.213068
v -2.124876 2.445624 -5.253157
v -2.104550 2.451910 -5.302198
v -2.295833 2.445624 -5.305002
v -2.285477 2.451910 -5.357073
v -2.473617 2.445624 -5.322525
v -2.473617 2.451910 -5.375614
v -2.651402 2.445624 -5.305002
v -2.661757 2.451910 -5.357073
v -2.822357 2.445624 -5.253157
v -2.842684 2.451910 -5.302198
v -2.979928 2.445624 -5.168933
v -3.009412 2.451910 -5.213068
v -3.118009 2.445624 -5.055588
v -3.155565 2.451910 -5.093144
v -3.231354 2.445624 -4.917508
v -3.275489 2.451910 -4.946991
v -3.315578 2.445624 -4.759936
v -3.364619 2.451910 -4.780263
v -3.367423 2.445624 -4.588981
v -3.419494 2.451910 -4.599336
v -3.367423 2.621329 -4.588981
v -3.384946 2.621329 -4.411196
v -3.367423 2.621329 -4.233412
v -3.315578 2.621329 -4.062456
v -3.231354 2.621329 -3.904885
v -3.118009 2.621329 -3.766804
v -2.979928 2.621329 -3.653459
v -2.822357 2.621329 -3.569236
v -2.651402 2.621329 -3.517390
v -2.473617 2.621329 -3.499867
v -2.295833 2.621329 -3.517390
v -2.124876 2.621329 -3.569236
v -1.967306 2.621329 -3.653459
v -1.829225 2.621329 -3.766804
v -1.715880 2.621329 -3.904885
v -1.631657 2.621329 -4.062456
v -1.579811 2.621329 -4.233412
v -1.562288 2.621329 -4.411196
v -1.579811 2.621329 -4.588981
v -1.631657 2.621329 -4.759936
v -1.715880 2.621329 -4.917508
v -1.829225 2.621329 -5.055588
v -1.967306 2.621329 -5.168933
v -2.124876 2.621329 -5.253157
v -2.295833 2.621329 -5.305002
v -2.473617 2.621329 -5.322525
v -2.651402 2.621329 -5.305002
v -2.822357 2.621329 -5.253157
v -2.979928 2.621329 -5.168933
v -3.118009 2.621329 -5.055588
v -3.231354 2.621329 -4.917508
v -3.315578 2.621329 -4.759936
v -2.965458 2.646132 -4.792631
v -2.955532 2.796499 -4.801856
v -2.972431 2.812861 -4.785428
v -3.020949 2.815338 -4.719958
v -3.037788 2.809174 -4.686476
v -3.037788 2.654249 -4.686476
v -3.031774 2.641090 -4.675781
v -3.065327 2.641090 -4.549073
v -3.084704 2.641090 -4.411196
v -3.065327 2.641090 -4.273319
v -3.032339 2.641090 -4.138177
v -2.977238 2.641090 -4.007332
v -2.911148 2.641090 -3.883315
v -2.918293 2.654272 -3.874700
v -2.918293 2.808948 -3.874700
v -2.927749 2.817428 -3.861935
v -2.961613 2.817760 -3.821068
v -2.977735 2.811051 -3.802980
v -2.977735 2.650948 -3.802980
v -2.983094 2.641090 -3.796514
v -3.049613 2.641090 -3.716270
v -3.059720 2.622391 -3.704061
v -3.059720 2.481936 -3.704061
v -3.063451 2.473955 -3.699561
v -3.083235 2.468596 -3.675685
v -3.086106 2.462492 -3.672248
v -3.086106 2.451910 -3.672248
v -3.052372 2.445624 -3.712924
v -3.052372 2.621329 -3.712924
v -2.856183 2.638150 -4.906428
v -2.865407 2.802392 -4.895620
v -2.849799 2.814221 -4.914676
v -2.781823 2.815743 -4.967587
v -2.747495 2.807863 -4.991171
v -2.747495 2.654249 -4.991171
v -2.736868 2.641090 -4.984637
v -2.610816 2.641090 -5.018960
v -2.473617 2.641090 -5.037161
v -2.336418 2.641090 -5.018960
v -2.202384 2.641090 -4.984796
v -2.073777 2.641090 -4.928044
v -1.953536 2.641090 -4.858223
v -1.945035 2.654272 -4.865504
v -1.945035 2.808948 -4.865504
v -1.930411 2.817428 -4.872712
v -1.890164 2.817760 -4.907319
v -1.874355 2.811051 -4.926258
v -1.874355 2.650948 -4.926258
v -1.868001 2.641090 -4.931707
v -1.788956 2.641090 -4.999673
v -1.776905 2.622391 -5.010006
v -1.776905 2.481936 -5.010006
v -1.772496 2.473955 -5.013827
v -1.748958 2.468596 -5.034040
v -1.745567 2.462492 -5.036957
v -1.745567 2.451910 -5.036957
v -1.785655 2.445624 -5.002500
v -1.785655 2.621329 -5.002500
v -3.005478 2.643848 -4.870342
v -2.998763 2.806167 -4.873304
v -3.015828 2.817418 -4.871495
v -3.053675 2.817333 -4.905144
v -3.069442 2.811119 -4.930418
v -3.069442 2.650948 -4.930418
v -3.075773 2.641090 -4.935935
v -3.154366 2.641090 -5.004444
v -3.166350 2.622391 -5.014867
v -3.166350 2.481936 -5.014867
v -3.170736 2.473955 -5.018711
v -3.194138 2.468596 -5.039083
v -3.197507 2.462492 -5.042022
v -3.197507 2.451910 -5.042022
v -3.157645 2.445624 -5.007293
v -3.157645 2.621329 -5.007293
v -2.919943 2.638015 -4.929875
v -2.924556 2.802414 -4.942424
v -2.924408 2.814800 -4.958003
v -2.952914 2.817061 -5.003724
v -2.972761 2.810983 -5.023527
v -2.972761 2.650948 -5.023527
v -2.978052 2.641090 -5.030016
v -3.043893 2.641090 -5.110802
v -3.053932 2.622391 -5.123103
v -3.053932 2.481936 -5.123103
v -3.057617 2.473955 -5.127625
v -3.077198 2.468596 -5.151659
v -3.080024 2.462492 -5.155118
v -3.080024 2.451910 -5.155118
v -3.046651 2.445624 -5.114172
v -3.046651 2.621329 -5.114172
v -1.745160 0.718631 -4.411196
v -1.630526 1.949985 -4.411196
v -1.800600 0.718631 -4.132434
v -1.694694 1.949985 -4.088548
v -1.958510 0.718631 -3.896089
v -1.877453 1.949985 -3.815032
v -2.194855 0.718631 -3.738179
v -2.150969 1.949985 -3.632273
v -2.473617 0.718631 -3.682739
v -2.473617 1.949985 -3.568105
v -2.752379 0.718631 -3.738179
v -2.796265 1.949985 -3.632273
v -2.988724 0.718631 -3.896089
v -3.069781 1.949985 -3.815032
v -3.146634 0.718631 -4.132434
v -3.252540 1.949985 -4.088548
v -3.202074 0.718631 -4.411196
v -3.316708 1.949985 -4.411196
v -3.146634 0.718631 -4.689958
v -3.252540 1.949985 -4.733844
v -2.988724 0.718631 -4.926302
v -3.069781 1.949985 -5.007360
v -2.752379 0.718631 -5.084213
v -2.796265 1.949985 -5.190119
v -2.473617 0.718631 -5.139653
v -2.473617 1.949985 -5.254287
v -2.194855 0.718631 -5.084213
v -2.150969 1.949985 -5.190119
v -1.694694 1.949985 -4.733844
v -1.800600 0.718631 -4.689958
v -1.958510 0.718631 -4.926302
v -1.877453 1.949985 -5.007360
v -1.694694 1.949985 -4.733844
v -1.630526 1.949985 -4.411196
v -1.800600 0.718631 -4.689958
v -1.745160 0.718631 -4.411196
v -1.694694 1.949985 -4.088548
v -1.800600 0.718631 -4.132434
v -1.877453 1.949985 -3.815032
v -1.958510 0.718631 -3.896089
v -2.150969 1.949985 -3.632273
v -2.194855 0.718631 -3.738179
v -2.473617 1.949985 -3.568105
v -2.473617 0.718631 -3.682739
v -2.796265 1.949985 -3.632273
v -2.752379 0.718631 -3.738179
v -3.069781 1.949985 -3.815032
v -2.988724 0.718631 -3.896089
v -3.252540 1.949985 -4.088548
v -3.146634 0.718631 -4.132434
v -3.316708 1.949985 -4.411196
v -3.202074 0.718631 -4.411196
v -3.252540 1.949985 -4.733844
v -3.146634 0.718631 -4.689958
v -3.069781 1.949985 -5.007360
v -2.988724 0.718631 -4.926302
v -2.796265 1.949985 -5.190119
v -2.752379 0.718631 -5.084213
v -2.473617 1.949985 -5.254287
v -2.473617 0.718631 -5.139653
v -2.150969 1.949985 -5.190119
v -2.194855 0.718631 -5.084213
v -1.877453 1.949985 -5.007360
v -1.958510 0.718631 -4.926302
v -1.699329 1.536443 -4.731923
v -1.635523 1.536443 -4.411196
v -1.734624 1.126000 -4.717294
v -1.673734 1.126000 -4.411196
v -1.699329 1.536443 -4.090470
v -1.734624 1.126000 -4.105099
v -1.881002 1.536443 -3.818581
v -1.908022 1.126000 -3.845601
v -2.152891 1.536443 -3.636908
v -2.167520 1.126000 -3.672203
v -2.473617 1.536443 -3.573102
v -2.473617 1.126000 -3.611313
v -2.794343 1.536443 -3.636908
v -2.779714 1.126000 -3.672203
v -3.066232 1.536443 -3.818581
v -3.039212 1.126000 -3.845601
v -3.247905 1.536443 -4.090470
v -3.212610 1.126000 -4.105099
v -3.311711 1.536443 -4.411196
v -3.273500 1.126000 -4.411196
v -3.247905 1.536443 -4.731923
v -3.212610 1.126000 -4.717294
v -3.066232 1.536443 -5.003810
v -3.039212 1.126000 -4.976791
v -2.794343 1.536443 -5.185484
v -2.779714 1.126000 -5.150189
v -2.473617 1.536443 -5.249290
v -2.473617 1.126000 -5.211079
v -2.152891 1.536443 -5.185484
v -2.167520 1.126000 -5.150189
v -1.881002 1.536443 -5.003810
v -1.908022 1.126000 -4.976791
v -1.674119 1.947905 -4.742368
v -1.665459 1.936848 -4.745941
v -1.598872 1.936848 -4.411196
v -1.608232 1.947905 -4.411196
v -1.769624 0.725730 -4.702800
v -1.780048 0.716573 -4.698482
v -1.722911 0.716573 -4.411196
v -1.711629 0.725730 -4.411196
v -1.665459 1.936848 -4.076451
v -1.674119 1.947905 -4.080024
v -1.780048 0.716573 -4.123910
v -1.769624 0.725730 -4.119592
v -1.855068 1.936848 -3.792647
v -1.861693 1.947905 -3.799272
v -1.942796 0.716573 -3.880375
v -1.934815 0.725730 -3.872394
v -2.138872 1.936848 -3.603038
v -2.142445 1.947905 -3.611697
v -2.186331 0.716573 -3.717627
v -2.182013 0.725730 -3.707203
v -2.473617 1.936848 -3.536451
v -2.473617 1.947905 -3.545811
v -2.473617 0.716573 -3.660491
v -2.473617 0.725730 -3.649208
v -2.808362 1.936848 -3.603038
v -2.804789 1.947905 -3.611697
v -2.760903 0.716573 -3.717627
v -2.765221 0.725730 -3.707203
v -3.092166 1.936848 -3.792647
v -3.085541 1.947905 -3.799272
v -3.004438 0.716573 -3.880375
v -3.012419 0.725730 -3.872394
v -3.281775 1.936848 -4.076451
v -3.273116 1.947905 -4.080024
v -3.167186 0.716573 -4.123910
v -3.177610 0.725730 -4.119592
v -3.348362 1.936848 -4.411196
v -3.339002 1.947905 -4.411196
v -3.224322 0.716573 -4.411196
v -3.235605 0.725730 -4.411196
v -3.281775 1.936848 -4.745941
v -3.273116 1.947905 -4.742368
v -3.167186 0.716573 -4.698482
v -3.177610 0.725730 -4.702800
v -3.092166 1.936848 -5.029745
v -3.085541 1.947905 -5.023120
v -3.004438 0.716573 -4.942017
v -3.012419 0.725730 -4.949998
v -2.808362 1.936848 -5.219355
v -2.804789 1.947905 -5.210694
v -2.760903 0.716573 -5.104765
v -2.765221 0.725730 -5.115189
v -2.473617 1.936848 -5.285942
v -2.473617 1.947905 -5.276581
v -2.473617 0.716573 -5.161902
v -2.473617 0.725730 -5.173184
v -2.138872 1.936848 -5.219355
v -2.142445 1.947905 -5.210694
v -2.186331 0.716573 -5.104765
v -2.182013 0.725730 -5.115189
v -1.855068 1.936848 -5.029745
v -1.861693 1.947905 -5.023120
v -1.942796 0.716573 -4.942017
v -1.934815 0.725730 -4.949998
v -1.638055 2.562451 -4.757291
v -1.834109 2.562451 -5.050704
v -2.127522 2.562451 -5.246758
v -2.473617 2.562451 -5.315606
v -2.819712 2.562451 -5.246758
v -3.113125 2.562451 -5.050704
v -3.309179 2.562451 -4.757291
v -3.378027 2.562451 -4.411196
v -3.309179 2.562451 -4.065101
v -3.113125 2.562451 -3.771688
v -2.819712 2.562451 -3.575634
v -2.473617 2.562451 -3.506786
v -2.127522 2.562451 -3.575634
v -1.834109 2.562451 -3.771688
v -1.638055 2.562451 -4.065101
v -1.569207 2.562451 -4.411196
v -2.217556 0.085318 -4.155135
v -2.217556 0.085318 -4.667257
v -2.473617 0.085318 -4.155135
v -2.473617 0.085318 -4.667257
v -2.729678 0.085318 -4.155135
v -2.729678 0.085318 -4.667257
v -2.729678 0.085318 -4.411196
v -2.473617 0.085318 -4.411196
v -2.217556 0.085318 -4.411196
v -1.855430 0.115073 -4.667257
v -1.884371 0.085318 -4.655274
v -2.022610 0.085318 -4.862203
v -2.000475 0.115073 -4.884338
v -2.217556 0.115073 -5.029383
v -2.229539 0.085318 -5.000442
v -2.473617 0.115073 -5.080324
v -2.473617 0.085318 -5.049009
v -2.729678 0.115073 -5.029383
v -2.717695 0.085318 -5.000442
v -2.924624 0.085318 -4.862203
v -2.946759 0.115073 -4.884338
v -3.091804 0.115073 -4.667257
v -3.062863 0.085318 -4.655274
v -3.142745 0.115073 -4.411196
v -3.111429 0.085318 -4.411196
v -3.091804 0.115073 -4.155135
v -3.062863 0.085318 -4.167119
v -2.924624 0.085318 -3.960189
v -2.946759 0.115073 -3.938054
v -2.729678 0.115073 -3.793009
v -2.717695 0.085318 -3.821950
v -2.473617 0.115073 -3.742068
v -2.473617 0.085318 -3.773384
v -2.217556 0.115073 -3.793009
v -2.229539 0.085318 -3.821950
v -2.022610 0.085318 -3.960189
v -2.000475 0.115073 -3.938054
v -1.855430 0.115073 -4.155135
v -1.884371 0.085318 -4.167119
v -1.804489 0.115073 -4.411196
v -1.835804 0.085318 -4.411196
vt 0.564635 0.208538
vt 0.543788 0.216218
vt 0.535283 0.195727
vt 0.554749 0.189856
vt 0.573958 0.183790
vt 0.584939 0.201082
vt 0.607211 0.191151
vt 0.594113 0.179468
vt 0.631633 0.214713
vt 0.611442 0.226629
vt 0.597576 0.214193
vt 0.618963 0.203202
vt 0.591419 0.238953
vt 0.577129 0.224190
vt 0.571669 0.251855
vt 0.556517 0.234659
vt 0.620457 0.242139
vt 0.639125 0.229370
vt 0.647599 0.243756
vt 0.630582 0.257323
vt 0.644846 0.273646
vt 0.655097 0.259471
vt 0.623751 0.299397
vt 0.606062 0.284060
vt 0.617818 0.270450
vt 0.633853 0.286317
vt 0.588661 0.268256
vt 0.604091 0.254918
vt 0.590073 0.293722
vt 0.609091 0.308421
vt 0.595200 0.318088
vt 0.575138 0.304237
vt 0.560984 0.319124
vt 0.580024 0.327219
vt 0.525328 0.299696
vt 0.537641 0.281339
vt 0.556603 0.293011
vt 0.543260 0.309387
vt 0.553591 0.265772
vt 0.571849 0.280055
vt 0.522147 0.264135
vt 0.509893 0.283948
vt 0.525293 0.229926
vt 0.516956 0.207885
vt 0.538791 0.248572
vt 0.530076 0.174866
vt 0.529573 0.172627
vt 0.547342 0.167041
vt 0.547427 0.169306
vt 0.513482 0.183390
vt 0.512570 0.181210
vt 0.565251 0.164396
vt 0.564957 0.166631
vt 0.582827 0.164596
vt 0.582187 0.166759
vt 0.599681 0.167573
vt 0.598731 0.169550
vt 0.606086 0.171990
vt 0.607239 0.169947
vt 0.615446 0.172920
vt 0.614158 0.174789
vt 0.629676 0.180857
vt 0.628114 0.182526
vt 0.642147 0.190859
vt 0.640349 0.192285
vt 0.652566 0.202671
vt 0.650579 0.203811
vt 0.660530 0.215980
vt 0.658375 0.216812
vt 0.665974 0.230356
vt 0.663715 0.230856
vt 0.668747 0.245385
vt 0.666436 0.245541
vt 0.668767 0.260635
vt 0.666462 0.260439
vt 0.665989 0.275645
vt 0.663740 0.275102
vt 0.660527 0.289973
vt 0.658387 0.289098
vt 0.652527 0.303192
vt 0.650550 0.302003
vt 0.642204 0.314905
vt 0.640450 0.313436
vt 0.629703 0.324688
vt 0.628193 0.322969
vt 0.615473 0.332256
vt 0.614248 0.330333
vt 0.599854 0.337266
vt 0.598937 0.335259
vt 0.588967 0.336975
vt 0.589706 0.339193
vt 0.583275 0.340124
vt 0.582718 0.337940
vt 0.565989 0.339656
vt 0.565784 0.337421
vt 0.548557 0.336371
vt 0.548714 0.334131
vt 0.531380 0.330191
vt 0.531921 0.328000
vt 0.514934 0.321097
vt 0.515898 0.319016
vt 0.499894 0.309110
vt 0.501362 0.307208
vt 0.488989 0.294788
vt 0.490787 0.293882
vt 0.488419 0.285348
vt 0.490979 0.284764
vt 0.494241 0.268790
vt 0.491501 0.268263
vt 0.495891 0.242884
vt 0.498790 0.243164
vt 0.495925 0.219336
vt 0.498703 0.219360
vt 0.499519 0.193543
vt 0.497696 0.192172
vt 0.495549 0.204102
vt 0.498056 0.205095
vt 0.532360 0.184929
vt 0.550626 0.179256
vt 0.568996 0.174947
vt 0.587709 0.172964
vt 0.571171 0.333378
vt 0.553255 0.328187
vt 0.536075 0.320642
vt 0.519431 0.311465
vt 0.504852 0.298086
vt 0.515086 0.195228
vt 0.468891 0.307342
vt 0.470403 0.304772
vt 0.488604 0.325092
vt 0.487670 0.327196
vt 0.467647 0.303000
vt 0.465555 0.287955
vt 0.468157 0.289599
vt 0.467906 0.267772
vt 0.465410 0.266219
vt 0.468388 0.239983
vt 0.471050 0.240265
vt 0.473309 0.197139
vt 0.476117 0.196701
vt 0.473052 0.215117
vt 0.470597 0.214922
vt 0.482608 0.179029
vt 0.481641 0.176229
vt 0.503984 0.160285
vt 0.504440 0.162557
vt 0.525968 0.150496
vt 0.526093 0.152739
vt 0.547701 0.144830
vt 0.547518 0.147042
vt 0.569092 0.142626
vt 0.568613 0.144775
vt 0.589891 0.143657
vt 0.589125 0.145710
vt 0.609760 0.147738
vt 0.608712 0.149636
vt 0.617458 0.152943
vt 0.618620 0.151082
vt 0.628270 0.154952
vt 0.626955 0.156747
vt 0.645064 0.164803
vt 0.643520 0.166370
vt 0.659767 0.177172
vt 0.658012 0.178505
vt 0.672013 0.191688
vt 0.670082 0.192756
vt 0.681472 0.207952
vt 0.679402 0.208732
vt 0.687918 0.225497
vt 0.685753 0.225967
vt 0.691184 0.243828
vt 0.688973 0.243976
vt 0.691176 0.262425
vt 0.688967 0.262246
vt 0.687878 0.280754
vt 0.685722 0.280252
vt 0.681383 0.298282
vt 0.679326 0.297466
vt 0.671858 0.314497
vt 0.669949 0.313389
vt 0.659545 0.328924
vt 0.657826 0.327549
vt 0.644743 0.341124
vt 0.643246 0.339514
vt 0.627861 0.350746
vt 0.626618 0.348941
vt 0.609364 0.357571
vt 0.608408 0.355635
vt 0.596450 0.357742
vt 0.597214 0.359794
vt 0.589536 0.360998
vt 0.588877 0.358878
vt 0.569015 0.361387
vt 0.568662 0.359234
vt 0.548159 0.358339
vt 0.548124 0.356153
vt 0.527415 0.351805
vt 0.527703 0.349623
vt 0.507150 0.341598
vt 0.507766 0.339456
vt 0.454247 0.243393
vt 0.479177 0.180308
vt 0.438249 0.276503
vt 0.439649 0.281749
vt 0.429325 0.284502
vt 0.429634 0.281194
vt 0.446443 0.276990
vt 0.443031 0.270138
vt 0.448680 0.259362
vt 0.451268 0.266050
vt 0.455307 0.234349
vt 0.451253 0.238240
vt 0.454515 0.219582
vt 0.457972 0.213603
vt 0.453315 0.200625
vt 0.448553 0.206293
vt 0.444350 0.191049
vt 0.446148 0.187042
vt 0.421423 0.252059
vt 0.425228 0.246160
vt 0.430203 0.232976
vt 0.431588 0.219365
vt 0.414574 0.264232
vt 0.418901 0.257969
vt 0.425147 0.213924
vt 0.426973 0.204633
vt 0.525829 0.138477
vt 0.525794 0.140457
vt 0.502841 0.149644
vt 0.502711 0.147484
vt 0.548967 0.133165
vt 0.548725 0.135069
vt 0.571808 0.131349
vt 0.571345 0.133184
vt 0.594043 0.132901
vt 0.593354 0.134650
vt 0.615285 0.137789
vt 0.614382 0.139404
vt 0.623759 0.142984
vt 0.624774 0.141409
vt 0.635195 0.145575
vt 0.634071 0.147095
vt 0.653182 0.156613
vt 0.651861 0.157942
vt 0.668963 0.170212
vt 0.667470 0.171343
vt 0.682119 0.186108
vt 0.680479 0.187015
vt 0.692296 0.203882
vt 0.690541 0.204544
vt 0.699231 0.223043
vt 0.697397 0.223443
vt 0.702739 0.243056
vt 0.700865 0.243184
vt 0.702716 0.263361
vt 0.700843 0.263212
vt 0.699149 0.283381
vt 0.697321 0.282957
vt 0.692131 0.302539
vt 0.690387 0.301852
vt 0.681843 0.320288
vt 0.680222 0.319351
vt 0.668549 0.336111
vt 0.667086 0.334948
vt 0.652589 0.349546
vt 0.651312 0.348182
vt 0.634385 0.360201
vt 0.633322 0.358667
vt 0.614377 0.367714
vt 0.613550 0.366070
vt 0.600606 0.368755
vt 0.601303 0.370489
vt 0.593134 0.372093
vt 0.592554 0.370298
vt 0.570980 0.372713
vt 0.570650 0.370871
vt 0.548534 0.369875
vt 0.548453 0.367996
vt 0.526208 0.363417
vt 0.526375 0.361519
vt 0.504413 0.353265
vt 0.504816 0.351345
vt 0.483541 0.339412
vt 0.484157 0.337392
vt 0.463820 0.322687
vt 0.464576 0.320218
vt 0.444268 0.307959
vt 0.445124 0.305109
vt 0.435697 0.299650
vt 0.434742 0.302711
vt 0.423537 0.299882
vt 0.424403 0.297388
vt 0.444753 0.171733
vt 0.444523 0.168826
vt 0.458330 0.167772
vt 0.458476 0.170869
vt 0.480278 0.159270
vt 0.480486 0.161912
vt 0.527646 0.113500
vt 0.527444 0.115413
vt 0.502861 0.122074
vt 0.502935 0.119983
vt 0.552886 0.109554
vt 0.552536 0.111354
vt 0.578139 0.108809
vt 0.577620 0.110521
vt 0.602928 0.111507
vt 0.602228 0.113126
vt 0.626777 0.117633
vt 0.625880 0.119142
vt 0.636532 0.123450
vt 0.637494 0.122030
vt 0.649065 0.127497
vt 0.647984 0.128906
vt 0.669408 0.140440
vt 0.668168 0.141664
vt 0.687274 0.156428
vt 0.685879 0.157471
vt 0.702187 0.175033
vt 0.700660 0.175870
vt 0.713746 0.195774
vt 0.712116 0.196388
vt 0.721632 0.218105
vt 0.719932 0.218478
vt 0.725620 0.241419
vt 0.723882 0.241542
vt 0.725584 0.265077
vt 0.723848 0.264946
vt 0.721511 0.288420
vt 0.719815 0.288038
vt 0.713503 0.310795
vt 0.711881 0.310169
vt 0.701761 0.331572
vt 0.700249 0.330717
vt 0.686599 0.350167
vt 0.685227 0.349102
vt 0.668412 0.366060
vt 0.667208 0.364810
vt 0.647686 0.378820
vt 0.646670 0.377413
vt 0.625001 0.388174
vt 0.624191 0.386637
vt 0.609504 0.390235
vt 0.610166 0.391810
vt 0.600750 0.393563
vt 0.600149 0.391886
vt 0.575738 0.395288
vt 0.575357 0.393573
vt 0.550394 0.393156
vt 0.550225 0.391386
vt 0.525298 0.387310
vt 0.525328 0.385488
vt 0.500921 0.378066
vt 0.501136 0.376175
vt 0.477623 0.366108
vt 0.478009 0.364092
vt 0.455480 0.352873
vt 0.456044 0.350658
vt 0.433974 0.340818
vt 0.434760 0.338452
vt 0.424638 0.333221
vt 0.423738 0.335511
vt 0.412358 0.331020
vt 0.413310 0.328853
vt 0.441348 0.138010
vt 0.440967 0.135651
vt 0.456048 0.133320
vt 0.456309 0.135787
vt 0.479222 0.127365
vt 0.479308 0.129682
vt 0.529887 0.094302
vt 0.529457 0.097973
vt 0.503683 0.103290
vt 0.503849 0.099392
vt 0.556583 0.091374
vt 0.555871 0.094864
vt 0.583493 0.091486
vt 0.582463 0.094815
vt 0.610080 0.095099
vt 0.608707 0.098256
vt 0.635767 0.102470
vt 0.634057 0.105378
vt 0.645434 0.110178
vt 0.647355 0.107282
vt 0.659926 0.113324
vt 0.657860 0.116018
vt 0.681979 0.128017
vt 0.679569 0.130407
vt 0.701400 0.145862
vt 0.698693 0.147898
vt 0.717639 0.166543
vt 0.714678 0.168181
vt 0.730242 0.189563
vt 0.727080 0.190763
vt 0.738846 0.214325
vt 0.735544 0.215059
vt 0.743194 0.240174
vt 0.739824 0.240420
vt 0.743149 0.266407
vt 0.739779 0.266159
vt 0.738687 0.292305
vt 0.735392 0.291565
vt 0.729918 0.317150
vt 0.726767 0.315936
vt 0.717069 0.340255
vt 0.714131 0.338594
vt 0.700484 0.360983
vt 0.697817 0.358911
vt 0.680603 0.378768
vt 0.678261 0.376332
vt 0.657953 0.393131
vt 0.655979 0.390384
vt 0.633089 0.403631
vt 0.631518 0.400685
vt 0.615648 0.404976
vt 0.617015 0.408165
vt 0.606921 0.410419
vt 0.605763 0.407217
vt 0.579614 0.412725
vt 0.578867 0.409382
vt 0.552161 0.411146
vt 0.551810 0.407699
vt 0.525087 0.405806
vt 0.525108 0.402268
vt 0.498879 0.397192
vt 0.499244 0.393547
vt 0.473844 0.386181
vt 0.474529 0.382385
vt 0.449919 0.374125
vt 0.450926 0.370152
vt 0.426469 0.362536
vt 0.427816 0.358498
vt 0.416625 0.353001
vt 0.415043 0.357079
vt 0.402214 0.351868
vt 0.403961 0.347907
vt 0.437629 0.117291
vt 0.436927 0.113018
vt 0.453573 0.110133
vt 0.454004 0.114338
vt 0.478613 0.105207
vt 0.478730 0.109334
vt 0.532663 0.071855
vt 0.532481 0.073334
vt 0.504950 0.077348
vt 0.505028 0.075810
vt 0.561075 0.069937
vt 0.560777 0.071358
vt 0.589887 0.070999
vt 0.589463 0.072361
vt 0.618544 0.075651
vt 0.617984 0.076947
vt 0.646464 0.084147
vt 0.645757 0.085345
vt 0.658277 0.090983
vt 0.659062 0.089799
vt 0.672615 0.096820
vt 0.671769 0.097929
vt 0.696771 0.113285
vt 0.695786 0.114268
vt 0.718035 0.133291
vt 0.716927 0.134131
vt 0.735836 0.156414
vt 0.734624 0.157091
vt 0.749673 0.182115
vt 0.748379 0.182612
vt 0.759135 0.209745
vt 0.757782 0.210051
vt 0.763927 0.238583
vt 0.762543 0.238690
vt 0.763884 0.267858
vt 0.762502 0.267761
vt 0.758983 0.296774
vt 0.757630 0.296477
vt 0.749339 0.324543
vt 0.748044 0.324049
vt 0.735203 0.350405
vt 0.733995 0.349727
vt 0.716961 0.373663
vt 0.715864 0.372816
vt 0.695107 0.393700
vt 0.694141 0.392703
vt 0.670229 0.410005
vt 0.669411 0.408880
vt 0.642997 0.422280
vt 0.642351 0.421068
vt 0.624821 0.426075
vt 0.625365 0.427381
vt 0.614205 0.429901
vt 0.613715 0.428586
vt 0.584411 0.433307
vt 0.584097 0.431937
vt 0.554525 0.432435
vt 0.554370 0.431023
vt 0.525172 0.427672
vt 0.525167 0.426226
vt 0.496854 0.419659
vt 0.496987 0.418183
vt 0.469847 0.409355
vt 0.470107 0.407846
vt 0.444051 0.397983
vt 0.444422 0.396444
vt 0.418875 0.386795
vt 0.419349 0.385243
vt 0.407321 0.379949
vt 0.406801 0.381518
vt 0.393651 0.376388
vt 0.394249 0.374824
vt 0.434504 0.089188
vt 0.434329 0.087553
vt 0.451681 0.085047
vt 0.451794 0.086659
vt 0.478188 0.080585
vt 0.478209 0.082174
vt 0.533378 0.066013
vt 0.533242 0.067146
vt 0.505273 0.070930
vt 0.505329 0.069759
vt 0.562242 0.064305
vt 0.562019 0.065398
vt 0.591559 0.065585
vt 0.591236 0.066636
vt 0.620759 0.070495
vt 0.620330 0.071496
vt 0.649274 0.079389
vt 0.648736 0.080316
vt 0.661565 0.085986
vt 0.662174 0.085059
vt 0.675946 0.092407
vt 0.675298 0.093258
vt 0.700694 0.109370
vt 0.699933 0.110132
vt 0.722442 0.129943
vt 0.721587 0.130595
vt 0.740662 0.153715
vt 0.739726 0.154240
vt 0.754830 0.180130
vt 0.753829 0.180516
vt 0.764520 0.208523
vt 0.763475 0.208762
vt 0.769430 0.238159
vt 0.768362 0.238242
vt 0.769389 0.268244
vt 0.768320 0.268170
vt 0.764370 0.297966
vt 0.763323 0.297736
vt 0.754492 0.326513
vt 0.753491 0.326131
vt 0.740014 0.353108
vt 0.739079 0.352584
vt 0.721327 0.377039
vt 0.720479 0.376384
vt 0.698946 0.397675
vt 0.698201 0.396903
vt 0.673480 0.414485
vt 0.672848 0.413615
vt 0.645538 0.427099
vt 0.645039 0.426166
vt 0.627070 0.431596
vt 0.627493 0.432619
vt 0.616182 0.435126
vt 0.615810 0.434116
vt 0.585645 0.438761
vt 0.585406 0.437700
vt 0.555124 0.438050
vt 0.555008 0.436962
vt 0.525171 0.433406
vt 0.525171 0.432295
vt 0.496306 0.425498
vt 0.496413 0.424367
vt 0.468807 0.415301
vt 0.469009 0.414150
vt 0.442580 0.404017
vt 0.442862 0.402852
vt 0.417027 0.392813
vt 0.417378 0.391650
vt 0.405176 0.386494
vt 0.404797 0.387694
vt 0.391167 0.382434
vt 0.391609 0.381258
vt 0.433733 0.082373
vt 0.433614 0.081125
vt 0.451263 0.078740
vt 0.451339 0.079948
vt 0.478111 0.074359
vt 0.478128 0.075562
vt 0.534505 0.056512
vt 0.533568 0.064433
vt 0.505409 0.068125
vt 0.505791 0.059945
vt 0.564109 0.055130
vt 0.562556 0.062780
vt 0.594247 0.056758
vt 0.592012 0.064118
vt 0.624329 0.062079
vt 0.621358 0.069097
vt 0.653566 0.071605
vt 0.650009 0.078090
vt 0.663029 0.083766
vt 0.667193 0.077441
vt 0.681658 0.085168
vt 0.676863 0.091227
vt 0.707064 0.102970
vt 0.701756 0.108307
vt 0.729583 0.124467
vt 0.723634 0.129036
vt 0.748481 0.149289
vt 0.741967 0.152983
vt 0.763190 0.176859
vt 0.756223 0.179591
vt 0.773259 0.206490
vt 0.765978 0.208191
vt 0.778368 0.237418
vt 0.770920 0.238042
vt 0.778336 0.268820
vt 0.770879 0.268347
vt 0.773134 0.299848
vt 0.765829 0.298287
vt 0.762884 0.329661
vt 0.755887 0.327044
vt 0.747855 0.357451
vt 0.741315 0.353838
vt 0.728458 0.382478
vt 0.722510 0.377951
vt 0.705231 0.404092
vt 0.699987 0.398749
vt 0.678818 0.421738
vt 0.674362 0.415697
vt 0.649898 0.434849
vt 0.646248 0.428402
vt 0.628102 0.434041
vt 0.631241 0.440940
vt 0.619174 0.443781
vt 0.616683 0.436534
vt 0.587701 0.447631
vt 0.585981 0.440238
vt 0.556160 0.447177
vt 0.555288 0.439570
vt 0.525235 0.442725
vt 0.525172 0.434957
vt 0.495479 0.434980
vt 0.496160 0.427077
vt 0.467182 0.424937
vt 0.468528 0.416905
vt 0.440262 0.413777
vt 0.442185 0.405644
vt 0.414317 0.402606
vt 0.416552 0.394441
vt 0.404279 0.389372
vt 0.401884 0.397673
vt 0.388771 0.392743
vt 0.390639 0.384105
vt 0.433488 0.079379
vt 0.433230 0.070743
vt 0.450782 0.068459
vt 0.451168 0.077052
vt 0.477988 0.064288
vt 0.478091 0.072681
vt 0.506766 0.033319
vt 0.537241 0.030311
vt 0.568922 0.029483
vt 0.601436 0.031848
vt 0.634159 0.038155
vt 0.666289 0.048809
vt 0.681021 0.056058
vt 0.696927 0.064825
vt 0.725043 0.084668
vt 0.749858 0.108789
vt 0.770725 0.136603
vt 0.787004 0.167477
vt 0.798174 0.200659
vt 0.803864 0.235297
vt 0.803864 0.270479
vt 0.798135 0.305263
vt 0.786812 0.338710
vt 0.770198 0.369922
vt 0.748752 0.398076
vt 0.723084 0.422469
vt 0.693913 0.442551
vt 0.662079 0.457987
vt 0.641033 0.464344
vt 0.627768 0.467653
vt 0.593250 0.472833
vt 0.558686 0.473007
vt 0.524932 0.468864
vt 0.492633 0.461226
vt 0.462157 0.451172
vt 0.433529 0.439946
vt 0.406492 0.428800
vt 0.393834 0.423776
vt 0.380544 0.418952
vt 0.431562 0.043560
vt 0.449400 0.041402
vt 0.477548 0.037368
vt 0.422370 0.198162
vt 0.439005 0.186335
vt 0.438984 0.183297
vt 0.436950 0.170678
vt 0.436623 0.168259
vt 0.433182 0.138609
vt 0.432739 0.136345
vt 0.428390 0.118295
vt 0.427588 0.114109
vt 0.425082 0.090249
vt 0.424851 0.088603
vt 0.423961 0.083432
vt 0.423799 0.082196
vt 0.423666 0.080463
vt 0.423850 0.071704
vt 0.422123 0.044430
vt 0.934003 0.674156
vt 0.934003 0.718371
vt 0.872139 0.718371
vt 0.872139 0.674156
vt 0.934003 0.629991
vt 0.872139 0.629991
vt 0.934003 0.584000
vt 0.872139 0.584000
vt 0.934003 0.536941
vt 0.872139 0.536941
vt 0.934003 0.490565
vt 0.872139 0.490565
vt 0.934003 0.444551
vt 0.872139 0.444551
vt 0.934003 0.397539
vt 0.872139 0.397539
vt 0.934003 0.350524
vt 0.872139 0.350524
vt 0.934003 0.304363
vt 0.872139 0.304363
vt 0.934003 0.256499
vt 0.872139 0.256499
vt 0.934003 0.209002
vt 0.872139 0.209002
vt 0.934003 0.163572
vt 0.872139 0.163572
vt 0.934003 0.119288
vt 0.872139 0.119288
vt 0.934003 0.074315
vt 0.872139 0.074315
vt 0.934003 0.029483
vt 0.872139 0.029483
vt 0.934003 0.764481
vt 0.872139 0.764481
vt 0.806465 0.733833
vt 0.806465 0.688232
vt 0.806465 0.674156
vt 0.806465 0.718371
vt 0.997559 0.660062
vt 0.997559 0.702582
vt 0.997559 0.718371
vt 0.997559 0.674156
vt 0.806465 0.643091
vt 0.806465 0.629991
vt 0.997559 0.616892
vt 0.997559 0.629991
vt 0.806465 0.595394
vt 0.806465 0.584000
vt 0.997559 0.584000
vt 0.997559 0.584000
vt 0.806465 0.536941
vt 0.806465 0.536941
vt 0.997559 0.528292
vt 0.997559 0.536941
vt 0.806465 0.490565
vt 0.806465 0.490565
vt 0.997559 0.484720
vt 0.997559 0.490565
vt 0.806465 0.448020
vt 0.806465 0.444551
vt 0.997559 0.444551
vt 0.997559 0.444551
vt 0.806465 0.397539
vt 0.806465 0.397539
vt 0.997559 0.396204
vt 0.997559 0.397539
vt 0.806465 0.349849
vt 0.806465 0.350524
vt 0.997559 0.350524
vt 0.997559 0.350524
vt 0.806465 0.304363
vt 0.806465 0.304363
vt 0.997559 0.307852
vt 0.997559 0.304363
vt 0.806465 0.250475
vt 0.806465 0.256499
vt 0.997559 0.262529
vt 0.997559 0.256499
vt 0.806465 0.198821
vt 0.806465 0.209002
vt 0.997559 0.209002
vt 0.997559 0.209002
vt 0.806465 0.163572
vt 0.806465 0.163572
vt 0.997559 0.177756
vt 0.997559 0.163572
vt 0.806465 0.100609
vt 0.806465 0.119288
vt 0.997559 0.119288
vt 0.997559 0.119288
vt 0.806465 0.051182
vt 0.806465 0.074315
vt 0.997559 0.074315
vt 0.997559 0.074315
vt 0.806465 0.002441
vt 0.806465 0.029483
vt 0.997559 0.060072
vt 0.997559 0.060071
vt 0.806465 0.781045
vt 0.806465 0.764481
vt 0.997559 0.743940
vt 0.997559 0.743941
vt 0.809751 0.718371
vt 0.811899 0.718371
vt 0.811899 0.764481
vt 0.809751 0.764481
vt 0.809751 0.674156
vt 0.811899 0.674156
vt 0.809751 0.629991
vt 0.811899 0.629991
vt 0.992665 0.718371
vt 0.994624 0.718371
vt 0.994624 0.745771
vt 0.992665 0.764481
vt 0.992665 0.674156
vt 0.994624 0.674156
vt 0.992665 0.629991
vt 0.994624 0.629991
vt 0.809751 0.584000
vt 0.811899 0.584000
vt 0.992665 0.584000
vt 0.994624 0.584000
vt 0.809751 0.536941
vt 0.811899 0.536941
vt 0.992665 0.536941
vt 0.994624 0.536941
vt 0.809751 0.490565
vt 0.811899 0.490565
vt 0.992665 0.490565
vt 0.994624 0.490565
vt 0.809751 0.444551
vt 0.811899 0.444551
vt 0.992665 0.444551
vt 0.994624 0.444551
vt 0.809751 0.397539
vt 0.811899 0.397539
vt 0.992665 0.397539
vt 0.994624 0.397539
vt 0.809751 0.350524
vt 0.811899 0.350524
vt 0.992665 0.350524
vt 0.994624 0.350524
vt 0.809751 0.304363
vt 0.811899 0.304363
vt 0.992665 0.304363
vt 0.994624 0.304363
vt 0.809751 0.256499
vt 0.811899 0.256499
vt 0.992665 0.256499
vt 0.994624 0.256499
vt 0.809751 0.209002
vt 0.811899 0.209002
vt 0.992665 0.209002
vt 0.994624 0.209002
vt 0.809751 0.163572
vt 0.811899 0.163572
vt 0.992665 0.163572
vt 0.994624 0.163572
vt 0.809751 0.119288
vt 0.811899 0.119288
vt 0.992665 0.119288
vt 0.994624 0.119288
vt 0.809751 0.074315
vt 0.811899 0.074315
vt 0.992665 0.074315
vt 0.994624 0.074315
vt 0.809751 0.029483
vt 0.811899 0.029483
vt 0.992665 0.029483
vt 0.994624 0.058035
vt 0.804031 0.508699
vt 0.761034 0.538228
vt 0.755777 0.486530
vt 0.790377 0.471496
vt 0.734509 0.601271
vt 0.727231 0.565193
vt 0.778975 0.605062
vt 0.693291 0.544847
vt 0.717128 0.519450
vt 0.720533 0.485517
vt 0.389117 0.215494
vt 0.395136 0.217145
vt 0.386455 0.253446
vt 0.380354 0.252125
vt 0.399768 0.179292
vt 0.405621 0.181456
vt 0.379402 0.290107
vt 0.373245 0.289064
vt 0.373925 0.327017
vt 0.367730 0.326240
vt 0.370015 0.364108
vt 0.363792 0.363591
vt 0.367671 0.401318
vt 0.361432 0.401063
vt 0.366892 0.438586
vt 0.360649 0.438593
vt 0.367681 0.475856
vt 0.361442 0.476124
vt 0.370031 0.513066
vt 0.363809 0.513597
vt 0.373941 0.550160
vt 0.367748 0.550952
vt 0.379407 0.587076
vt 0.373254 0.588134
vt 0.386437 0.623750
vt 0.380340 0.625084
vt 0.395079 0.660085
vt 0.389070 0.661744
vt 0.405530 0.695864
vt 0.399704 0.698020
vt 0.418633 0.730302
vt 0.413185 0.733655
vt 0.413134 0.143877
vt 0.418633 0.147230
vt 0.029252 0.179722
vt 0.041061 0.128959
vt 0.019563 0.231000
vt 0.012021 0.282687
vt 0.006645 0.334675
vt 0.003450 0.386863
vt 0.002441 0.439148
vt 0.003628 0.491429
vt 0.007005 0.543603
vt 0.012571 0.595568
vt 0.020316 0.647218
vt 0.030223 0.698446
vt 0.042267 0.749132
vt 0.056384 0.799123
vt 0.072342 0.848182
vt 0.054947 0.078832
vt 0.070822 0.029482
vt 0.688154 0.453978
vt 0.709662 0.436769
vt 0.671262 0.472955
vt 0.756332 0.670042
vt 0.800508 0.654696
vt 0.804031 0.713519
vt 0.773706 0.691144
vt 0.738275 0.424859
vt 0.772709 0.420026
vt 0.736506 0.654580
vt 0.657757 0.495416
vt 0.720209 0.640899
vt 0.650160 0.520567
vt 0.685418 0.613549
vt 0.700201 0.630596
vt 0.669508 0.594788
vt 0.657373 0.573430
vt 0.648552 0.547816
vn 0.000000 1.000000 -0.000001
vn 0.000000 1.000000 -0.000001
vn 0.000000 1.000000 -0.000001
vn 0.000000 1.000000 -0.000001
vn 0.000000 1.000000 -0.000001
vn 0.000000 1.000000 0.000000
vn 0.000000 1.000000 0.000000
vn 0.000000 1.000000 0.000000
vn 0.000000 1.000000 0.000001
vn 0.000000 1.000000 0.000000
vn 0.000000 1.000000 -0.000001
vn 0.000000 1.000000 0.000000
vn 0.000000 1.000000 0.000000
vn 0.000000 1.000000 0.000000
vn 0.000000 1.000000 0.000001
vn 0.000000 1.000000 0.000000
vn 0.000000 1.000000 0.000001
vn 0.000000 1.000000 0.000000
vn 0.000000 1.000000 0.000001
vn 0.000000 1.000000 0.000000
vn 0.000000 1.000000 0.000001
vn 0.000000 1.000000 0.000000
vn 0.000000 1.000000 0.000001
vn 0.000000 1.000000 0.000001
vn 0.000000 1.000000 0.000001
vn 0.000000 1.000000 0.000000
vn 0.000000 1.000000 0.000000
vn 0.000000 1.000000 0.000001
vn 0.000000 1.000000 0.000000
vn 0.000000 1.000000 0.000000
vn 0.000000 1.000000 0.000000
vn 0.000000 1.000000 0.000001
vn 0.000000 1.000000 0.000000
vn 0.000000 1.000000 0.000000
vn 0.000000 1.000000 0.000001
vn 0.000000 1.000000 0.000001
vn 0.000000 1.000000 0.000000
vn 0.000000 1.000000 0.000000
vn 0.000000 1.000000 0.000000
vn 0.000000 1.000000 0.000000
vn 0.000000 1.000000 0.000001
vn 0.000000 1.000000 0.000000
vn 0.000000 1.000000 0.000000
vn 0.000000 1.000000 0.000000
vn 0.000000 1.000000 0.000000
vn 0.000000 1.000000 0.000000
vn 0.000000 1.000000 0.000001
vn 0.000000 1.000000 0.000000
vn 0.000000 1.000000 0.000000
vn 0.000000 1.000000 0.000000
vn 0.000000 1.000000 0.000000
vn 0.000000 1.000000 0.000000
vn 0.000000 1.000000 0.000000
vn 0.000000 1.000000 0.000000
vn 0.000000 1.000000 0.000000
vn 0.000000 1.000000 0.000000
vn 0.000000 1.000000 0.000000
vn 0.000000 1.000000 0.000000
vn 0.000000 1.000000 0.000000
vn 0.000000 1.000000 0.000000
vn 0.000000 1.000000 0.000000
vn 0.000000 1.000000 0.000000
vn 0.000000 1.000000 0.000001
vn 0.000000 1.000000 0.000000
vn 0.000000 1.000000 0.000001
vn 0.000000 1.000000 0.000000
vn 0.000000 1.000000 0.000000
vn 0.000000 1.000000 0.000000
vn 0.000000 1.000000 0.000000
vn 0.000000 1.000000 0.000000
vn 0.000000 1.000000 0.000000
vn 0.000000 1.000000 0.000000
vn 0.000000 1.000000 0.000000
vn 0.000000 1.000000 0.000000
vn 0.000000 1.000000 0.000000
vn 0.000000 1.000000 0.000000
vn 0.000000 1.000000 0.000001
vn 0.000000 1.000000 0.000000
vn 0.000000 1.000000 0.000000
vn 0.000000 1.000000 0.000000
vn 0.000000 1.000000 0.000000
vn 0.000000 1.000000 0.000000
vn 0.000000 1.000000 0.000001
vn 0.000000 1.000000 0.000001
vn 0.000000 1.000000 0.000000
vn 0.000000 1.000000 0.000000
vn 0.000000 1.000000 -0.000001
vn 0.000000 1.000000 0.000001
vn 0.000000 1.000000 -0.000001
vn 0.000000 1.000000 0.000000
vn 0.000000 1.000000 0.000000
vn 0.000000 1.000000 0.000001
vn 0.000000 1.000000 -0.000001
vn 0.000000 1.000000 0.000000
vn 0.000000 1.000000 -0.000001
vn 0.000000 1.000000 -0.000001
vn 0.000000 1.000000 -0.000001
vn 0.000000 1.000000 0.000000
vn 0.000000 1.000000 0.000000
vn 0.000000 1.000000 -0.000001
vn 0.000000 1.000000 0.000000
vn 0.000000 1.000000 0.000000
vn 0.000000 1.000000 0.000000
vn 0.000000 1.000000 -0.000001
vn 0.000000 1.000000 0.000000
vn 0.000000 1.000000 0.000000
vn 0.000000 1.000000 -0.000001
vn 0.000000 1.000000 -0.000001
vn -0.011113 0.999937 -0.001813
vn 0.000000 1.000000 0.000000
vn 0.000000 1.000000 0.000000
vn -0.005862 0.999970 0.004975
vn 0.000000 1.000000 0.000000
vn 0.000000 1.000000 0.000000
vn -0.002217 0.999934 -0.011266
vn 0.005334 0.999966 -0.006294
vn -0.002217 0.999934 -0.011266
vn 0.000000 1.000000 0.000000
vn 0.000000 1.000000 0.000000
vn -0.006461 0.999958 -0.006461
vn 0.000000 1.000000 0.000000
vn 0.000000 1.000000 0.000000
vn 0.000000 1.000000 -0.000001
vn -0.006461 0.999958 -0.006461
vn 0.000000 1.000000 -0.000001
vn 0.000000 1.000000 0.000000
vn -0.011113 0.999937 -0.001813
vn -0.006461 0.999958 -0.006461
vn 0.760903 0.648866 0.000001
vn 0.760903 0.648866 0.000001
vn 0.746280 0.648870 -0.148441
vn 0.746280 0.648870 -0.148441
vn 0.760903 0.648866 0.000001
vn 0.760903 0.648866 0.000001
vn 0.746452 0.648872 0.147561
vn 0.746452 0.648872 0.147561
vn 0.746280 0.648870 -0.148441
vn 0.746280 0.648870 -0.148441
vn 0.702985 0.648862 -0.291188
vn 0.702985 0.648862 -0.291186
vn 0.702985 0.648862 -0.291186
vn 0.702985 0.648862 -0.291188
vn 0.632670 0.648862 -0.422738
vn 0.632670 0.648862 -0.422737
vn 0.632670 0.648862 -0.422737
vn 0.632670 0.648862 -0.422738
vn 0.556683 0.648647 -0.519000
vn 0.556683 0.648647 -0.519000
vn 0.483693 0.647052 -0.589377
vn 0.483693 0.647052 -0.589377
vn 0.403207 0.648680 -0.645475
vn 0.403206 0.648680 -0.645476
vn 0.403206 0.648680 -0.645476
vn 0.403207 0.648680 -0.645475
vn 0.291187 0.648859 -0.702988
vn 0.291185 0.648859 -0.702989
vn 0.291185 0.648859 -0.702989
vn 0.291187 0.648859 -0.702988
vn 0.148442 0.648865 -0.746284
vn 0.148442 0.648865 -0.746284
vn 0.148442 0.648865 -0.746284
vn 0.148442 0.648865 -0.746284
vn 0.000000 0.648864 -0.760905
vn 0.000000 0.648864 -0.760905
vn 0.000000 0.648864 -0.760905
vn 0.000000 0.648864 -0.760905
vn -0.148442 0.648865 -0.746284
vn -0.148442 0.648865 -0.746284
vn -0.148442 0.648865 -0.746284
vn -0.148442 0.648865 -0.746284
vn -0.291187 0.648859 -0.702988
vn -0.291185 0.648859 -0.702989
vn -0.291185 0.648859 -0.702989
vn -0.291187 0.648859 -0.702988
vn -0.422738 0.648863 -0.632669
vn -0.422737 0.648863 -0.632669
vn -0.422737 0.648863 -0.632669
vn -0.422738 0.648863 -0.632669
vn -0.538035 0.648873 -0.538035
vn -0.538035 0.648873 -0.538035
vn -0.538035 0.648873 -0.538035
vn -0.538035 0.648873 -0.538035
vn -0.632670 0.648862 -0.422738
vn -0.632670 0.648862 -0.422737
vn -0.632670 0.648862 -0.422737
vn -0.632670 0.648862 -0.422738
vn -0.702984 0.648862 -0.291189
vn -0.702985 0.648862 -0.291187
vn -0.702985 0.648862 -0.291187
vn -0.702984 0.648862 -0.291189
vn -0.746280 0.648870 -0.148442
vn -0.746279 0.648870 -0.148443
vn -0.746279 0.648870 -0.148443
vn -0.746280 0.648870 -0.148442
vn -0.760903 0.648866 0.000000
vn -0.760903 0.648866 0.000000
vn -0.760903 0.648866 0.000000
vn -0.760903 0.648866 0.000000
vn -0.746280 0.648870 0.148441
vn -0.746280 0.648870 0.148441
vn -0.746280 0.648870 0.148441
vn -0.746280 0.648870 0.148441
vn -0.702985 0.648862 0.291188
vn -0.702985 0.648862 0.291186
vn -0.702985 0.648862 0.291186
vn -0.702985 0.648862 0.291188
vn -0.642478 0.648753 0.407850
vn -0.642479 0.648753 0.407849
vn -0.589368 0.647072 0.483677
vn -0.589368 0.647072 0.483677
vn -0.514185 0.648517 0.561283
vn -0.514185 0.648517 0.561283
vn -0.514185 0.648517 0.561283
vn -0.514185 0.648517 0.561283
vn -0.422737 0.648863 0.632669
vn -0.422737 0.648863 0.632670
vn -0.422737 0.648863 0.632670
vn -0.422737 0.648863 0.632669
vn -0.291187 0.648859 0.702988
vn -0.291185 0.648859 0.702989
vn -0.291185 0.648859 0.702989
vn -0.291187 0.648859 0.702988
vn -0.148442 0.648865 0.746284
vn -0.148442 0.648865 0.746284
vn -0.148442 0.648865 0.746284
vn -0.148442 0.648865 0.746284
vn 0.000000 0.648864 0.760905
vn 0.000000 0.648864 0.760905
vn 0.000000 0.648864 0.760905
vn 0.000000 0.648864 0.760905
vn 0.147561 0.648871 0.746453
vn 0.147562 0.648871 0.746453
vn 0.147562 0.648871 0.746453
vn 0.147561 0.648871 0.746453
vn 0.221325 0.647064 0.729605
vn 0.221325 0.647065 0.729604
vn 0.759559 0.646922 0.067538
vn 0.759559 0.646922 0.067538
vn 0.759559 0.646922 0.067538
vn 0.759559 0.646922 0.067538
vn 0.701750 0.659679 0.269018
vn 0.703302 0.659700 0.264881
vn 0.529013 0.663172 0.529479
vn 0.529330 0.663168 0.529167
vn 0.529330 0.663168 0.529167
vn 0.529013 0.663172 0.529479
vn 0.259961 0.659720 0.705117
vn 0.264227 0.659687 0.703560
vn 0.729605 0.647064 0.221323
vn 0.729605 0.647064 0.221323
vn 0.746452 0.648872 0.147561
vn 0.746452 0.648872 0.147561
vn 0.067377 0.647628 0.758972
vn 0.067377 0.647628 0.758972
vn 0.264227 0.659687 0.703560
vn 0.259961 0.659720 0.705117
vn 0.000000 1.000000 0.000000
vn 0.000000 1.000000 0.000000
vn 0.000000 1.000000 -0.000001
vn 0.000000 1.000000 0.000000
vn 0.000000 1.000000 -0.000001
vn 0.000000 1.000000 0.000000
vn 0.000000 1.000000 -0.000001
vn 0.000000 1.000000 0.000000
vn 0.000000 1.000000 -0.000001
vn 0.000000 1.000000 0.000000
vn 0.000000 1.000000 0.000000
vn 0.000000 1.000000 0.000000
vn 0.000000 1.000000 0.000000
vn 0.000000 1.000000 0.000000
vn 0.000000 1.000000 0.000001
vn 0.000000 1.000000 0.000000
vn 0.000000 1.000000 0.000001
vn 0.000000 1.000000 0.000000
vn 0.000000 1.000000 0.000001
vn 0.000000 1.000000 0.000000
vn 0.000000 1.000000 0.000001
vn 0.000000 1.000000 0.000000
vn 0.000000 1.000000 0.000000
vn 0.000000 1.000000 0.000000
vn 0.000000 1.000000 0.000000
vn 0.000000 1.000000 0.000000
vn 0.000000 1.000000 0.000000
vn 0.000000 1.000000 0.000000
vn 0.000000 1.000000 0.000000
vn 0.000000 1.000000 0.000000
vn 0.000000 1.000000 0.000000
vn 0.000000 1.000000 0.000000
vn 0.000000 1.000000 0.000000
vn 0.000000 1.000000 0.000000
vn 0.000000 1.000000 0.000001
vn 0.000000 1.000000 0.000000
vn 0.000000 1.000000 0.000001
vn 0.000000 1.000000 0.000000
vn 0.000000 1.000000 0.000001
vn 0.000000 1.000000 0.000000
vn 0.000000 1.000000 0.000001
vn 0.000000 1.000000 -0.000002
vn 0.000000 1.000000 0.000001
vn 0.000000 1.000000 0.000000
vn 0.000000 1.000000 0.000001
vn 0.000000 1.000000 0.000000
vn 0.000000 1.000000 0.000000
vn 0.000000 1.000000 0.000000
vn 0.000000 1.000000 0.000000
vn 0.000000 1.000000 0.000000
vn 0.000000 1.000000 0.000000
vn 0.000000 1.000000 0.000000
vn 0.000000 1.000000 0.000000
vn 0.000000 1.000000 0.000000
vn 0.000000 1.000000 0.000000
vn 0.000000 1.000000 0.000000
vn 0.000000 1.000000 0.000000
vn 0.000000 1.000000 0.000000
vn 0.000000 1.000000 0.000000
vn 0.000000 1.000000 0.000000
vn 0.000000 1.000000 0.000000
vn 0.000000 1.000000 0.000001
vn 0.000000 1.000000 0.000001
vn 0.000000 1.000000 0.000000
vn 0.000000 1.000000 0.000001
vn 0.000000 1.000000 0.000001
vn 0.000000 1.000000 0.000000
vn 0.000000 1.000000 0.000001
vn 0.000000 1.000000 0.000002
vn 0.000000 1.000000 0.000003
vn 0.000000 1.000000 0.000003
vn 0.000000 1.000000 0.000001
vn 0.000000 1.000000 0.000001
vn 0.000000 1.000000 -0.000001
vn 0.000000 1.000000 0.000000
vn 0.000000 1.000000 0.000002
vn 0.000000 1.000000 -0.000002
vn 0.000000 1.000000 0.000000
vn 0.000000 1.000000 -0.000001
vn 0.000000 1.000000 -0.000002
vn 0.000000 1.000000 -0.000002
vn 0.000000 1.000000 -0.000001
vn 0.000000 1.000000 -0.000001
vn 0.000000 1.000000 -0.000002
vn 0.000000 1.000000 0.000002
vn 0.000000 1.000000 -0.000001
vn 0.000000 1.000000 -0.000001
vn 0.000000 1.000000 0.000002
vn 0.000000 1.000000 0.000002
vn 0.000000 1.000000 0.000003
vn 0.000000 1.000000 0.000003
vn 0.000000 1.000000 0.000002
vn -0.017048 0.999750 0.014470
vn -0.009749 0.999896 -0.010615
vn -0.011113 0.999937 -0.001813
vn -0.005862 0.999970 0.004975
vn 0.015592 0.999709 -0.018397
vn 0.000000 1.000000 -0.000002
vn 0.000000 1.000000 0.000000
vn 0.005334 0.999966 -0.006294
vn 0.000000 1.000000 0.000000
vn 0.000000 1.000000 0.000000
vn 0.000000 1.000000 0.000000
vn 0.005334 0.999966 -0.006294
vn -0.002217 0.999934 -0.011266
vn -0.009749 0.999896 -0.010615
vn 0.015592 0.999709 -0.018397
vn 0.005334 0.999966 -0.006294
vn -0.011113 0.999937 -0.001813
vn -0.009749 0.999896 -0.010615
vn -0.002217 0.999934 -0.011266
vn -0.006461 0.999958 -0.006461
vn 0.222740 0.631382 0.742794
vn 0.222740 0.631382 0.742794
vn 0.150196 0.640894 0.752792
vn 0.150060 0.640909 0.752807
vn 0.823955 0.557843 0.099549
vn 0.821267 0.563878 0.086959
vn 0.818465 0.569697 0.074572
vn 0.818465 0.569697 0.074572
vn 0.780020 0.578206 0.239265
vn 0.756723 0.567141 0.325148
vn 0.569678 0.594593 0.567385
vn 0.571176 0.594207 0.566283
vn 0.069087 0.627901 0.775221
vn 0.069087 0.627901 0.775221
vn 0.270514 0.634213 0.724290
vn 0.266145 0.634371 0.725769
vn 0.727917 0.648973 0.221292
vn 0.727917 0.648973 0.221292
vn 0.745482 0.649826 0.148270
vn 0.745485 0.649825 0.148252
vn 0.266145 0.634371 0.725769
vn 0.270514 0.634213 0.724290
vn 0.571176 0.594207 0.566283
vn 0.569678 0.594593 0.567385
vn 0.760919 0.648846 0.000001
vn 0.760920 0.648846 0.000001
vn 0.745485 0.649825 0.148252
vn 0.745482 0.649826 0.148270
vn 0.760920 0.648846 0.000001
vn 0.760919 0.648846 0.000001
vn 0.746307 0.648837 -0.148449
vn 0.746307 0.648837 -0.148449
vn 0.746307 0.648837 -0.148449
vn 0.746307 0.648837 -0.148449
vn 0.703008 0.648835 -0.291194
vn 0.703008 0.648835 -0.291194
vn 0.703008 0.648835 -0.291194
vn 0.703008 0.648835 -0.291194
vn 0.632686 0.648842 -0.422745
vn 0.632686 0.648842 -0.422745
vn 0.632686 0.648842 -0.422745
vn 0.632686 0.648842 -0.422745
vn 0.556706 0.648608 -0.519024
vn 0.556706 0.648608 -0.519024
vn 0.483697 0.647035 -0.589392
vn 0.483697 0.647035 -0.589392
vn 0.403209 0.648668 -0.645486
vn 0.403209 0.648668 -0.645486
vn 0.403209 0.648668 -0.645486
vn 0.403209 0.648668 -0.645486
vn 0.291197 0.648833 -0.703008
vn 0.291196 0.648833 -0.703008
vn 0.291196 0.648833 -0.703008
vn 0.291197 0.648833 -0.703008
vn 0.148449 0.648834 -0.746309
vn 0.148448 0.648835 -0.746309
vn 0.148448 0.648835 -0.746309
vn 0.148449 0.648834 -0.746309
vn 0.000000 0.648845 -0.760921
vn 0.000000 0.648845 -0.760921
vn 0.000000 0.648845 -0.760921
vn 0.000000 0.648845 -0.760921
vn -0.148448 0.648834 -0.746309
vn -0.148448 0.648834 -0.746309
vn -0.148448 0.648834 -0.746309
vn -0.148448 0.648834 -0.746309
vn -0.291197 0.648833 -0.703008
vn -0.291196 0.648833 -0.703008
vn -0.291196 0.648833 -0.703008
vn -0.291197 0.648833 -0.703008
vn -0.422745 0.648841 -0.632687
vn -0.422744 0.648841 -0.632687
vn -0.422744 0.648841 -0.632687
vn -0.422745 0.648841 -0.632687
vn -0.538058 0.648833 -0.538061
vn -0.538058 0.648833 -0.538061
vn -0.538058 0.648833 -0.538061
vn -0.538058 0.648833 -0.538061
vn -0.632697 0.648829 -0.422749
vn -0.632694 0.648829 -0.422753
vn -0.632694 0.648829 -0.422753
vn -0.632697 0.648829 -0.422749
vn -0.703011 0.648830 -0.291196
vn -0.703011 0.648830 -0.291196
vn -0.703011 0.648830 -0.291196
vn -0.703011 0.648830 -0.291196
vn -0.746306 0.648838 -0.148449
vn -0.746306 0.648838 -0.148449
vn -0.746306 0.648838 -0.148449
vn -0.746306 0.648838 -0.148449
vn -0.760919 0.648846 0.000000
vn -0.760919 0.648846 0.000000
vn -0.760919 0.648846 0.000000
vn -0.760919 0.648846 0.000000
vn -0.746307 0.648837 0.148449
vn -0.746307 0.648837 0.148449
vn -0.746307 0.648837 0.148449
vn -0.746307 0.648837 0.148449
vn -0.703008 0.648835 0.291194
vn -0.703008 0.648835 0.291194
vn -0.703008 0.648835 0.291194
vn -0.703008 0.648835 0.291194
vn -0.642491 0.648743 0.407845
vn -0.642492 0.648743 0.407844
vn -0.589405 0.647019 0.483703
vn -0.589405 0.647019 0.483703
vn -0.514209 0.648465 0.561322
vn -0.514209 0.648465 0.561322
vn -0.514209 0.648465 0.561322
vn -0.514209 0.648465 0.561322
vn -0.422748 0.648828 0.632698
vn -0.422753 0.648828 0.632695
vn -0.422753 0.648828 0.632695
vn -0.422748 0.648828 0.632698
vn -0.291200 0.648829 0.703010
vn -0.291200 0.648829 0.703010
vn -0.291200 0.648829 0.703010
vn -0.291200 0.648829 0.703010
vn -0.148449 0.648834 0.746309
vn -0.148448 0.648834 0.746309
vn -0.148448 0.648834 0.746309
vn -0.148449 0.648834 0.746309
vn 0.000000 0.648845 0.760921
vn 0.000000 0.648845 0.760921
vn 0.000000 0.648845 0.760921
vn 0.000000 0.648845 0.760921
vn 0.150060 0.640909 0.752807
vn 0.150196 0.640894 0.752792
vn -0.188090 0.980415 -0.058377
vn 0.002517 0.999996 -0.000985
vn -0.030876 0.999352 0.018483
vn 0.996089 -0.000000 0.088351
vn 0.996089 -0.000000 0.088351
vn 0.996089 -0.000000 0.088351
vn 0.996089 -0.000000 0.088351
vn 0.088351 -0.000000 0.996089
vn 0.088351 -0.000000 0.996089
vn 0.321843 -0.000000 0.946793
vn 0.315060 -0.000000 0.949072
vn 0.321843 -0.000000 0.946793
vn 0.467172 -0.000000 0.884167
vn 0.467172 -0.000000 0.884167
vn 0.315060 -0.000000 0.949072
vn 0.870636 -0.000000 0.491928
vn 0.943345 -0.000000 0.331815
vn 0.945462 -0.000000 0.325734
vn 0.870636 -0.000000 0.491928
vn 0.980786 -0.000000 -0.195088
vn 1.000000 -0.000000 0.000000
vn 1.000000 -0.000000 0.000000
vn 0.980786 -0.000000 -0.195088
vn 0.923878 -0.000000 -0.382687
vn 0.980786 -0.000000 -0.195088
vn 0.980786 -0.000000 -0.195088
vn 0.923878 -0.000000 -0.382687
vn 0.831471 -0.000000 -0.555568
vn 0.923878 -0.000000 -0.382687
vn 0.923878 -0.000000 -0.382687
vn 0.831471 -0.000000 -0.555568
vn 0.731429 -0.000000 -0.681917
vn 0.831471 -0.000000 -0.555568
vn 0.831471 -0.000000 -0.555568
vn 0.731429 -0.000000 -0.681917
vn 0.529792 -0.000000 -0.848128
vn 0.634388 -0.000000 -0.773015
vn 0.634388 -0.000000 -0.773015
vn 0.529792 -0.000000 -0.848128
vn 0.382687 -0.000000 -0.923878
vn 0.529792 -0.000000 -0.848128
vn 0.529792 -0.000000 -0.848128
vn 0.382687 -0.000000 -0.923878
vn 0.195088 -0.000000 -0.980786
vn 0.382687 -0.000000 -0.923878
vn 0.382687 -0.000000 -0.923878
vn 0.195088 -0.000000 -0.980786
vn 0.000000 0.000000 -1.000000
vn 0.195088 -0.000000 -0.980786
vn 0.195088 -0.000000 -0.980786
vn 0.000000 0.000000 -1.000000
vn -0.195088 0.000000 -0.980786
vn 0.000000 0.000000 -1.000000
vn 0.000000 0.000000 -1.000000
vn -0.195088 0.000000 -0.980786
vn -0.382687 0.000000 -0.923878
vn -0.195088 0.000000 -0.980786
vn -0.195088 0.000000 -0.980786
vn -0.382687 0.000000 -0.923878
vn -0.555569 0.000000 -0.831471
vn -0.382687 0.000000 -0.923878
vn -0.382687 0.000000 -0.923878
vn -0.555569 0.000000 -0.831471
vn -0.707107 0.000000 -0.707106
vn -0.555569 0.000000 -0.831471
vn -0.555569 0.000000 -0.831471
vn -0.707107 0.000000 -0.707106
vn -0.831471 0.000000 -0.555568
vn -0.707107 0.000000 -0.707106
vn -0.707107 0.000000 -0.707106
vn -0.831471 0.000000 -0.555568
vn -0.923878 0.000000 -0.382687
vn -0.831471 0.000000 -0.555568
vn -0.831471 0.000000 -0.555568
vn -0.923878 0.000000 -0.382687
vn -0.980786 0.000000 -0.195088
vn -0.923878 0.000000 -0.382687
vn -0.923878 0.000000 -0.382687
vn -0.980786 0.000000 -0.195088
vn -1.000000 0.000000 0.000000
vn -0.980786 0.000000 -0.195088
vn -0.980786 0.000000 -0.195088
vn -1.000000 0.000000 0.000000
vn -0.980786 0.000000 0.195088
vn -1.000000 0.000000 0.000000
vn -1.000000 0.000000 0.000000
vn -0.980786 0.000000 0.195088
vn -0.923878 0.000000 0.382687
vn -0.980786 0.000000 0.195088
vn -0.980786 0.000000 0.195088
vn -0.923878 0.000000 0.382687
vn -0.844259 0.000000 0.535936
vn -0.923878 0.000000 0.382687
vn -0.923878 0.000000 0.382687
vn -0.844259 0.000000 0.535936
vn -0.675491 0.000000 0.737368
vn -0.773015 0.000000 0.634388
vn -0.773015 0.000000 0.634388
vn -0.675491 0.000000 0.737368
vn -0.555569 0.000000 0.831471
vn -0.675491 0.000000 0.737368
vn -0.675491 0.000000 0.737368
vn -0.555569 0.000000 0.831471
vn -0.382687 0.000000 0.923878
vn -0.555569 0.000000 0.831471
vn -0.555569 0.000000 0.831471
vn -0.382687 0.000000 0.923878
vn -0.195088 0.000000 0.980786
vn -0.382687 0.000000 0.923878
vn -0.382687 0.000000 0.923878
vn -0.195088 0.000000 0.980786
vn 0.000000 0.000000 1.000000
vn -0.195088 0.000000 0.980786
vn -0.195088 0.000000 0.980786
vn 0.000000 0.000000 1.000000
vn 0.194919 -0.000000 0.980819
vn 0.000000 0.000000 1.000000
vn 0.000000 0.000000 1.000000
vn 0.194675 -0.000000 0.980868
vn 0.290290 -0.000000 0.956939
vn 0.194919 -0.000000 0.980819
vn 0.194675 -0.000000 0.980868
vn 0.290290 -0.000000 0.956939
vn 0.980781 -0.000000 0.195114
vn 0.956939 -0.000000 0.290290
vn 0.956939 -0.000000 0.290290
vn 0.980773 -0.000000 0.195151
vn 1.000000 -0.000000 0.000000
vn 0.980781 -0.000000 0.195114
vn 0.980773 -0.000000 0.195151
vn 1.000000 -0.000000 0.000000
vn 0.823955 0.557843 0.099549
vn 0.844020 0.457398 0.280032
vn 0.821267 0.563878 0.086959
vn 0.094304 0.610636 0.786276
vn 0.079379 0.617549 0.782517
vn 0.291792 0.500957 0.814800
vn 0.547474 0.131320 0.826455
vn 0.101315 0.988932 0.108397
vn 0.121049 0.986846 0.107151
vn 0.633671 0.095257 0.767716
vn -0.042187 0.997538 0.056013
vn -0.841353 0.045709 0.538550
vn -0.841679 0.021377 0.539554
vn -0.138275 0.989094 0.050725
vn -0.033898 0.983853 -0.175739
vn -0.717586 0.020584 -0.696166
vn -0.495862 0.066516 -0.865850
vn 0.050333 0.998562 -0.018438
vn 0.076633 0.991633 -0.103878
vn 0.991887 -0.019511 0.125619
vn 0.981263 0.088134 0.171333
vn 0.131132 0.949865 0.283832
vn -0.836463 -0.093660 0.539961
vn -0.836463 -0.093660 0.539961
vn -0.841679 0.021377 0.539554
vn -0.841353 0.045709 0.538550
vn -0.518990 -0.008700 -0.854736
vn -0.518990 -0.008700 -0.854736
vn -0.495862 0.066516 -0.865850
vn -0.717586 0.020584 -0.696166
vn 0.541529 0.039750 0.839742
vn 0.541529 0.039750 0.839742
vn 0.547474 0.131320 0.826455
vn 0.633671 0.095257 0.767716
vn 0.991123 -0.095937 0.092040
vn 0.991123 -0.095937 0.092040
vn 0.981263 0.088134 0.171333
vn 0.991887 -0.019511 0.125619
vn -0.138275 0.989094 0.050725
vn -0.036198 0.999213 -0.016216
vn -0.009363 0.999922 0.008220
vn -0.042187 0.997538 0.056013
vn 0.050333 0.998562 -0.018438
vn 0.064343 0.997838 0.013411
vn 0.060152 0.998187 0.002138
vn -0.033898 0.983853 -0.175739
vn -0.033898 0.983853 -0.175739
vn -0.188090 0.980415 -0.058377
vn -0.717586 0.020584 -0.696166
vn -0.760890 0.648881 0.000001
vn -0.760890 0.648881 0.000001
vn -0.746278 0.648871 -0.148441
vn -0.746278 0.648871 -0.148442
vn -0.760890 0.648881 0.000001
vn -0.760890 0.648881 0.000001
vn -0.746272 0.648879 0.148442
vn -0.746272 0.648879 0.148441
vn -0.746272 0.648879 0.148441
vn -0.746272 0.648879 0.148442
vn -0.702978 0.648870 0.291186
vn -0.702977 0.648870 0.291188
vn -0.702977 0.648870 0.291188
vn -0.702978 0.648870 0.291186
vn -0.632669 0.648862 0.422738
vn -0.632668 0.648862 0.422740
vn -0.632668 0.648862 0.422740
vn -0.632669 0.648862 0.422738
vn -0.556687 0.648638 0.519008
vn -0.556687 0.648638 0.519008
vn -0.483701 0.647025 0.589400
vn -0.483701 0.647025 0.589400
vn -0.403203 0.648676 0.645481
vn -0.403204 0.648677 0.645480
vn -0.403204 0.648677 0.645480
vn -0.403203 0.648676 0.645481
vn -0.291183 0.648869 0.702980
vn -0.291185 0.648869 0.702979
vn -0.291185 0.648869 0.702979
vn -0.291183 0.648869 0.702980
vn -0.148442 0.648879 0.746272
vn -0.148441 0.648879 0.746272
vn -0.148441 0.648879 0.746272
vn -0.148442 0.648879 0.746272
vn 0.000000 0.648880 0.760891
vn 0.000000 0.648880 0.760891
vn 0.000000 0.648880 0.760891
vn 0.000000 0.648880 0.760891
vn 0.148442 0.648879 0.746272
vn 0.148441 0.648878 0.746272
vn 0.148441 0.648878 0.746272
vn 0.148442 0.648879 0.746272
vn 0.291183 0.648869 0.702980
vn 0.291185 0.648869 0.702979
vn 0.291185 0.648869 0.702979
vn 0.291183 0.648869 0.702980
vn 0.422736 0.648863 0.632670
vn 0.422738 0.648863 0.632669
vn 0.422738 0.648863 0.632669
vn 0.422736 0.648863 0.632670
vn 0.538043 0.648863 0.538040
vn 0.538043 0.648863 0.538040
vn 0.538043 0.648863 0.538040
vn 0.538043 0.648863 0.538040
vn 0.632668 0.648861 0.422741
vn 0.632667 0.648861 0.422743
vn 0.632667 0.648861 0.422743
vn 0.632668 0.648861 0.422741
vn 0.702977 0.648870 0.291189
vn 0.702977 0.648870 0.291191
vn 0.702977 0.648870 0.291191
vn 0.702977 0.648870 0.291189
vn 0.746271 0.648880 0.148441
vn 0.746271 0.648880 0.148440
vn 0.746271 0.648880 0.148440
vn 0.746271 0.648880 0.148441
vn 0.760890 0.648881 -0.000001
vn 0.760890 0.648881 -0.000001
vn 0.760890 0.648881 -0.000001
vn 0.760890 0.648881 -0.000001
vn 0.746272 0.648879 -0.148442
vn 0.746272 0.648879 -0.148441
vn 0.746272 0.648879 -0.148441
vn 0.746272 0.648879 -0.148442
vn 0.702978 0.648870 -0.291186
vn 0.702977 0.648870 -0.291188
vn 0.702977 0.648870 -0.291188
vn 0.702978 0.648870 -0.291186
vn 0.642477 0.648754 -0.407849
vn 0.642476 0.648754 -0.407851
vn 0.589365 0.647075 -0.483676
vn 0.589365 0.647075 -0.483676
vn 0.514191 0.648512 -0.561284
vn 0.514191 0.648512 -0.561284
vn 0.514191 0.648512 -0.561284
vn 0.514191 0.648512 -0.561284
vn 0.422737 0.648863 -0.632670
vn 0.422738 0.648863 -0.632669
vn 0.422738 0.648863 -0.632669
vn 0.422737 0.648863 -0.632670
vn 0.291183 0.648869 -0.702980
vn 0.291185 0.648869 -0.702979
vn 0.291185 0.648869 -0.702979
vn 0.291183 0.648869 -0.702980
vn 0.148442 0.648879 -0.746272
vn 0.148441 0.648879 -0.746272
vn 0.148441 0.648879 -0.746272
vn 0.148442 0.648879 -0.746272
vn 0.000000 0.648880 -0.760891
vn 0.000000 0.648880 -0.760891
vn 0.000000 0.648880 -0.760891
vn 0.000000 0.648880 -0.760891
vn -0.148443 0.648875 -0.746274
vn -0.148442 0.648875 -0.746275
vn -0.148442 0.648875 -0.746275
vn -0.148443 0.648875 -0.746274
vn -0.290699 0.651395 -0.700841
vn -0.290673 0.651394 -0.700853
vn -0.290673 0.651394 -0.700853
vn -0.290699 0.651395 -0.700841
vn -0.398539 0.654425 -0.642568
vn -0.398541 0.654425 -0.642567
vn -0.481366 0.649595 -0.588483
vn -0.481366 0.649595 -0.588483
vn -0.526585 0.649339 -0.548696
vn -0.526654 0.649336 -0.548633
vn -0.594516 0.637524 -0.490014
vn -0.594516 0.637524 -0.490014
vn -0.647177 0.640852 -0.412881
vn -0.647175 0.640852 -0.412884
vn -0.647175 0.640852 -0.412884
vn -0.647177 0.640852 -0.412881
vn -0.705959 0.645315 -0.291875
vn -0.705934 0.645312 -0.291941
vn -0.705934 0.645312 -0.291941
vn -0.705959 0.645315 -0.291875
vn -0.746278 0.648871 -0.148442
vn -0.746278 0.648871 -0.148441
vn 0.000000 1.000000 0.000001
vn 0.000000 1.000000 0.000000
vn 0.000000 1.000000 0.000000
vn 0.000000 1.000000 0.000001
vn 0.000000 1.000000 -0.000001
vn 0.000000 1.000000 -0.000001
vn 0.000000 1.000000 -0.000001
vn 0.000000 1.000000 -0.000001
vn 0.000000 1.000000 -0.000001
vn 0.000000 1.000000 -0.000001
vn 0.000000 1.000000 0.000001
vn 0.000000 1.000000 0.000001
vn 0.000000 1.000000 0.000001
vn 0.000000 1.000000 0.000001
vn 0.000000 1.000000 0.000001
vn 0.000000 1.000000 0.000001
vn 0.000000 1.000000 0.000003
vn 0.000000 1.000000 0.000003
vn 0.000000 1.000000 0.000000
vn 0.000000 1.000000 0.000000
vn 0.000000 1.000000 -0.000002
vn 0.000000 1.000000 -0.000002
vn 0.000000 1.000000 0.000000
vn 0.000000 1.000000 0.000000
vn 0.000000 1.000000 0.000000
vn 0.000000 1.000000 0.000000
vn 0.000000 1.000000 0.000000
vn 0.000000 1.000000 0.000000
vn 0.000000 1.000000 -0.000001
vn 0.000000 1.000000 -0.000001
vn 0.000000 1.000000 -0.000001
vn 0.000000 1.000000 -0.000001
vn 0.000000 1.000000 0.000001
vn 0.000000 1.000000 0.000001
vn 0.000000 1.000000 0.000000
vn 0.000000 1.000000 0.000000
vn 0.000000 1.000000 -0.000001
vn 0.000000 1.000000 -0.000001
vn 0.000000 1.000000 0.000001
vn 0.000000 1.000000 0.000001
vn 0.000000 1.000000 0.000001
vn 0.000000 1.000000 0.000001
vn 0.000000 1.000000 0.000000
vn 0.000000 1.000000 0.000000
vn 0.000000 1.000000 0.000000
vn 0.000000 1.000000 0.000000
vn 0.000000 1.000000 0.000000
vn 0.000000 1.000000 0.000000
vn 0.000000 1.000000 -0.000001
vn 0.000000 1.000000 -0.000001
vn 0.000000 1.000000 -0.000001
vn 0.000000 1.000000 -0.000001
vn 0.000000 1.000000 0.000000
vn 0.000000 1.000000 0.000000
vn 0.000000 1.000000 0.000000
vn 0.000000 1.000000 0.000000
vn -0.000792 0.999996 0.002743
vn -0.000641 0.999997 0.002220
vn 0.000000 1.000000 -0.000001
vn -0.004343 0.999990 0.001053
vn -0.003564 0.999993 0.000864
vn 0.000000 1.000000 -0.000001
vn 0.007243 0.999674 0.024488
vn 0.121049 0.986846 0.107151
vn 0.101315 0.988932 0.108397
vn 0.019555 0.999808 0.000963
vn 0.012757 0.999893 -0.007165
vn 0.076633 0.991633 -0.103878
vn 0.131132 0.949865 0.283832
vn 0.048769 0.963482 0.263294
vn 0.154321 0.983259 0.096883
vn 0.024053 0.995940 -0.086745
vn -0.760904 0.648864 0.000000
vn -0.760904 0.648864 0.000000
vn -0.746289 0.648858 -0.148444
vn -0.746289 0.648858 -0.148444
vn -0.760904 0.648864 0.000000
vn -0.760904 0.648864 0.000000
vn -0.746288 0.648859 0.148446
vn -0.746288 0.648859 0.148446
vn -0.746288 0.648859 0.148446
vn -0.746288 0.648859 0.148446
vn -0.702980 0.648868 0.291186
vn -0.702982 0.648868 0.291182
vn -0.702982 0.648868 0.291182
vn -0.702980 0.648868 0.291186
vn -0.632660 0.648879 0.422726
vn -0.632662 0.648879 0.422723
vn -0.632662 0.648879 0.422723
vn -0.632660 0.648879 0.422726
vn -0.556694 0.648636 0.519002
vn -0.556694 0.648636 0.519002
vn -0.483673 0.647086 0.589356
vn -0.483673 0.647086 0.589356
vn -0.403197 0.648712 0.645449
vn -0.403195 0.648712 0.645451
vn -0.403195 0.648712 0.645451
vn -0.403197 0.648712 0.645449
vn -0.291188 0.648862 0.702985
vn -0.291188 0.648862 0.702985
vn -0.291188 0.648862 0.702985
vn -0.291188 0.648862 0.702985
vn -0.148446 0.648851 0.746295
vn -0.148446 0.648851 0.746295
vn -0.148446 0.648851 0.746295
vn -0.148446 0.648851 0.746295
vn 0.000000 0.648866 0.760903
vn 0.000000 0.648866 0.760903
vn 0.000000 0.648866 0.760903
vn 0.000000 0.648866 0.760903
vn 0.148447 0.648860 0.746287
vn 0.148447 0.648860 0.746287
vn 0.148447 0.648860 0.746287
vn 0.148447 0.648860 0.746287
vn 0.291188 0.648867 0.702980
vn 0.291184 0.648867 0.702982
vn 0.291184 0.648867 0.702982
vn 0.291188 0.648867 0.702980
vn 0.422733 0.648878 0.632656
vn 0.422730 0.648878 0.632658
vn 0.422730 0.648878 0.632658
vn 0.422733 0.648878 0.632656
vn 0.538038 0.648875 0.538030
vn 0.538038 0.648875 0.538030
vn 0.538038 0.648875 0.538030
vn 0.538038 0.648875 0.538030
vn 0.632662 0.648876 0.422728
vn 0.632664 0.648876 0.422724
vn 0.632664 0.648876 0.422724
vn 0.632662 0.648876 0.422728
vn 0.702986 0.648863 0.291184
vn 0.702986 0.648863 0.291184
vn 0.702986 0.648863 0.291184
vn 0.702986 0.648863 0.291184
vn 0.746291 0.648856 0.148445
vn 0.746291 0.648856 0.148445
vn 0.746291 0.648856 0.148445
vn 0.746291 0.648856 0.148445
vn 0.760904 0.648864 0.000000
vn 0.760904 0.648864 0.000000
vn 0.760904 0.648864 0.000000
vn 0.760904 0.648864 0.000000
vn 0.746288 0.648859 -0.148446
vn 0.746288 0.648859 -0.148446
vn 0.746288 0.648859 -0.148446
vn 0.746288 0.648859 -0.148446
vn 0.702980 0.648868 -0.291186
vn 0.702982 0.648868 -0.291182
vn 0.702982 0.648868 -0.291182
vn 0.702980 0.648868 -0.291186
vn 0.642456 0.648783 -0.407838
vn 0.642458 0.648783 -0.407835
vn 0.589398 0.647021 -0.483708
vn 0.589398 0.647021 -0.483708
vn 0.514194 0.648503 -0.561291
vn 0.514194 0.648503 -0.561291
vn 0.514194 0.648503 -0.561291
vn 0.514194 0.648503 -0.561291
vn 0.422736 0.648878 -0.632654
vn 0.422733 0.648878 -0.632656
vn 0.422733 0.648878 -0.632656
vn 0.422736 0.648878 -0.632654
vn 0.291188 0.648862 -0.702985
vn 0.291188 0.648862 -0.702985
vn 0.291188 0.648862 -0.702985
vn 0.291188 0.648862 -0.702985
vn 0.148446 0.648851 -0.746295
vn 0.148446 0.648851 -0.746295
vn 0.148446 0.648851 -0.746295
vn 0.148446 0.648851 -0.746295
vn 0.000000 0.648862 -0.760906
vn 0.000000 0.648862 -0.760906
vn 0.000000 0.648862 -0.760906
vn 0.000000 0.648862 -0.760906
vn -0.148446 0.648851 -0.746295
vn -0.148446 0.648851 -0.746295
vn -0.148446 0.648851 -0.746295
vn -0.148446 0.648851 -0.746295
vn -0.291188 0.648862 -0.702985
vn -0.291188 0.648862 -0.702985
vn -0.291188 0.648862 -0.702985
vn -0.291188 0.648862 -0.702985
vn -0.400883 0.648668 -0.646934
vn -0.400880 0.648668 -0.646935
vn -0.483705 0.647035 -0.589386
vn -0.483705 0.647035 -0.589386
vn -0.527784 0.648777 -0.548208
vn -0.527784 0.648777 -0.548208
vn -0.589361 0.647077 -0.483679
vn -0.589361 0.647077 -0.483679
vn -0.641394 0.648804 -0.409471
vn -0.641396 0.648804 -0.409468
vn -0.641396 0.648804 -0.409468
vn -0.641394 0.648804 -0.409471
vn -0.702981 0.648868 -0.291184
vn -0.702982 0.648868 -0.291180
vn -0.702982 0.648868 -0.291180
vn -0.702981 0.648868 -0.291184
vn -0.746289 0.648858 -0.148444
vn -0.746289 0.648858 -0.148444
vn -1.000000 0.000000 0.000000
vn -0.980785 0.000000 0.195090
vn -0.980785 0.000000 0.195090
vn -1.000000 0.000000 0.000000
vn -0.980785 0.000000 0.195090
vn -0.923878 0.000000 0.382687
vn -0.923878 0.000000 0.382687
vn -0.980785 0.000000 0.195090
vn -0.923878 0.000000 0.382687
vn -0.831469 0.000000 0.555572
vn -0.831469 0.000000 0.555572
vn -0.923878 0.000000 0.382687
vn -0.831469 0.000000 0.555572
vn -0.731429 0.000000 0.681917
vn -0.731429 0.000000 0.681917
vn -0.831469 0.000000 0.555572
vn -0.634387 0.000000 0.773015
vn -0.634387 0.000000 0.773015
vn -0.529796 0.000000 0.848125
vn -0.529796 0.000000 0.848125
vn -0.529796 0.000000 0.848125
vn -0.382687 0.000000 0.923878
vn -0.382687 0.000000 0.923878
vn -0.529796 0.000000 0.848125
vn -0.382687 0.000000 0.923878
vn -0.195090 0.000000 0.980785
vn -0.195090 0.000000 0.980785
vn -0.382687 0.000000 0.923878
vn -0.195090 0.000000 0.980785
vn 0.000000 0.000000 1.000000
vn 0.000000 0.000000 1.000000
vn -0.195090 0.000000 0.980785
vn 0.000000 0.000000 1.000000
vn 0.195090 -0.000000 0.980785
vn 0.195090 -0.000000 0.980785
vn 0.000000 0.000000 1.000000
vn 0.195090 -0.000000 0.980785
vn 0.382687 -0.000000 0.923878
vn 0.382687 -0.000000 0.923878
vn 0.195090 -0.000000 0.980785
vn 0.382687 -0.000000 0.923878
vn 0.555571 -0.000000 0.831469
vn 0.555571 -0.000000 0.831469
vn 0.382687 -0.000000 0.923878
vn 0.555571 -0.000000 0.831469
vn 0.707107 -0.000000 0.707107
vn 0.707107 -0.000000 0.707107
vn 0.555571 -0.000000 0.831469
vn 0.707107 -0.000000 0.707107
vn 0.831469 -0.000000 0.555572
vn 0.831469 -0.000000 0.555572
vn 0.707107 -0.000000 0.707107
vn 0.831469 -0.000000 0.555572
vn 0.923878 -0.000000 0.382687
vn 0.923878 -0.000000 0.382687
vn 0.831469 -0.000000 0.555572
vn 0.923878 -0.000000 0.382687
vn 0.980785 -0.000000 0.195090
vn 0.980785 -0.000000 0.195090
vn 0.923878 -0.000000 0.382687
vn 0.980785 -0.000000 0.195090
vn 1.000000 -0.000000 0.000000
vn 1.000000 -0.000000 0.000000
vn 0.980785 -0.000000 0.195090
vn 1.000000 -0.000000 0.000000
vn 0.980785 -0.000000 -0.195090
vn 0.980785 -0.000000 -0.195090
vn 1.000000 -0.000000 0.000000
vn 0.980785 -0.000000 -0.195090
vn 0.923878 -0.000000 -0.382687
vn 0.923878 -0.000000 -0.382687
vn 0.980785 -0.000000 -0.195090
vn 0.923878 -0.000000 -0.382687
vn 0.844256 -0.000000 -0.535940
vn 0.844256 -0.000000 -0.535940
vn 0.923878 -0.000000 -0.382687
vn 0.773016 -0.000000 -0.634387
vn 0.773016 -0.000000 -0.634387
vn 0.675491 -0.000000 -0.737369
vn 0.675491 -0.000000 -0.737369
vn 0.675491 -0.000000 -0.737369
vn 0.555571 -0.000000 -0.831469
vn 0.555571 -0.000000 -0.831469
vn 0.675491 -0.000000 -0.737369
vn 0.555571 -0.000000 -0.831469
vn 0.382687 -0.000000 -0.923878
vn 0.382687 -0.000000 -0.923878
vn 0.555571 -0.000000 -0.831469
vn 0.382687 -0.000000 -0.923878
vn 0.195090 -0.000000 -0.980785
vn 0.195090 -0.000000 -0.980785
vn 0.382687 -0.000000 -0.923878
vn 0.195090 -0.000000 -0.980785
vn 0.000000 0.000000 -1.000000
vn 0.000000 0.000000 -1.000000
vn 0.195090 -0.000000 -0.980785
vn 0.000000 0.000000 -1.000000
vn -0.195090 0.000000 -0.980785
vn -0.195090 0.000000 -0.980785
vn 0.000000 0.000000 -1.000000
vn -0.195090 0.000000 -0.980785
vn -0.382666 0.000000 -0.923887
vn -0.382639 0.000000 -0.923898
vn -0.195090 0.000000 -0.980785
vn -0.382666 0.000000 -0.923887
vn -0.526720 0.000000 -0.850039
vn -0.526720 0.000000 -0.850039
vn -0.382639 0.000000 -0.923898
vn -0.634388 0.000000 -0.773015
vn -0.634388 0.000000 -0.773015
vn -0.693570 0.000000 -0.720390
vn -0.693617 0.000000 -0.720344
vn -0.773016 0.000000 -0.634387
vn -0.773016 0.000000 -0.634387
vn -0.842876 0.000000 -0.538108
vn -0.842876 0.000000 -0.538108
vn -0.842876 0.000000 -0.538108
vn -0.923867 0.000000 -0.382715
vn -0.923852 0.000000 -0.382751
vn -0.842876 0.000000 -0.538108
vn -0.923867 0.000000 -0.382715
vn -0.980785 0.000000 -0.195090
vn -0.980785 0.000000 -0.195090
vn -0.923852 0.000000 -0.382751
vn -0.980785 0.000000 -0.195090
vn -1.000000 0.000000 0.000000
vn -1.000000 0.000000 0.000000
vn -0.980785 0.000000 -0.195090
vn -0.760930 0.648834 0.000000
vn -0.760930 0.648834 0.000000
vn -0.746295 0.648850 -0.148447
vn -0.746295 0.648850 -0.148449
vn -0.760930 0.648834 0.000000
vn -0.760930 0.648834 0.000000
vn -0.746294 0.648852 0.148448
vn -0.746294 0.648852 0.148447
vn -0.746294 0.648852 0.148447
vn -0.746294 0.648852 0.148448
vn -0.702971 0.648881 0.291179
vn -0.702970 0.648881 0.291180
vn -0.702970 0.648881 0.291180
vn -0.702971 0.648881 0.291179
vn -0.632653 0.648889 0.422722
vn -0.632651 0.648889 0.422725
vn -0.632651 0.648889 0.422725
vn -0.632653 0.648889 0.422722
vn -0.556680 0.648650 0.518999
vn -0.556680 0.648650 0.518999
vn -0.483675 0.647078 0.589363
vn -0.483675 0.647077 0.589363
vn -0.403186 0.648716 0.645452
vn -0.403189 0.648716 0.645450
vn -0.403189 0.648716 0.645450
vn -0.403186 0.648716 0.645452
vn -0.291179 0.648882 0.702970
vn -0.291180 0.648882 0.702970
vn -0.291180 0.648882 0.702970
vn -0.291179 0.648882 0.702970
vn -0.148448 0.648853 0.746293
vn -0.148446 0.648853 0.746294
vn -0.148446 0.648853 0.746294
vn -0.148448 0.648853 0.746293
vn 0.000000 0.648836 0.760929
vn 0.000000 0.648836 0.760929
vn 0.000000 0.648836 0.760929
vn 0.000000 0.648836 0.760929
vn 0.148448 0.648853 0.746293
vn 0.148446 0.648853 0.746293
vn 0.148446 0.648853 0.746293
vn 0.148448 0.648853 0.746293
vn 0.291179 0.648882 0.702970
vn 0.291180 0.648882 0.702970
vn 0.291180 0.648882 0.702970
vn 0.291179 0.648882 0.702970
vn 0.422723 0.648889 0.632651
vn 0.422727 0.648889 0.632649
vn 0.422727 0.648889 0.632649
vn 0.422723 0.648889 0.632651
vn 0.538029 0.648883 0.538029
vn 0.538029 0.648883 0.538029
vn 0.538029 0.648883 0.538029
vn 0.538029 0.648883 0.538029
vn 0.632653 0.648888 0.422723
vn 0.632651 0.648888 0.422726
vn 0.632651 0.648888 0.422726
vn 0.632653 0.648888 0.422723
vn 0.702972 0.648881 0.291178
vn 0.702971 0.648881 0.291179
vn 0.702971 0.648881 0.291179
vn 0.702972 0.648881 0.291178
vn 0.746295 0.648850 0.148449
vn 0.746295 0.648850 0.148447
vn 0.746295 0.648850 0.148447
vn 0.746295 0.648850 0.148449
vn 0.760930 0.648834 0.000000
vn 0.760930 0.648834 0.000000
vn 0.760930 0.648834 0.000000
vn 0.760930 0.648834 0.000000
vn 0.746294 0.648851 -0.148448
vn 0.746294 0.648851 -0.148447
vn 0.746294 0.648851 -0.148447
vn 0.746294 0.648851 -0.148448
vn 0.702971 0.648881 -0.291179
vn 0.702970 0.648881 -0.291180
vn 0.702970 0.648881 -0.291180
vn 0.702971 0.648881 -0.291179
vn 0.642453 0.648790 -0.407829
vn 0.642451 0.648790 -0.407832
vn 0.589375 0.647060 -0.483685
vn 0.589375 0.647060 -0.483685
vn 0.514184 0.648523 -0.561278
vn 0.514184 0.648523 -0.561278
vn 0.514184 0.648523 -0.561278
vn 0.514184 0.648523 -0.561278
vn 0.422723 0.648890 -0.632651
vn 0.422726 0.648890 -0.632649
vn 0.422726 0.648890 -0.632649
vn 0.422723 0.648890 -0.632651
vn 0.291179 0.648882 -0.702970
vn 0.291180 0.648882 -0.702970
vn 0.291180 0.648882 -0.702970
vn 0.291179 0.648882 -0.702970
vn 0.148448 0.648852 -0.746293
vn 0.148446 0.648853 -0.746294
vn 0.148446 0.648853 -0.746294
vn 0.148448 0.648852 -0.746293
vn 0.000000 0.648836 -0.760929
vn 0.000000 0.648836 -0.760929
vn 0.000000 0.648836 -0.760929
vn 0.000000 0.648836 -0.760929
vn -0.148448 0.648853 -0.746293
vn -0.148446 0.648853 -0.746293
vn -0.148446 0.648853 -0.746293
vn -0.148448 0.648853 -0.746293
vn -0.291179 0.648882 -0.702970
vn -0.291180 0.648882 -0.702970
vn -0.291180 0.648882 -0.702970
vn -0.291179 0.648882 -0.702970
vn -0.400873 0.648671 -0.646937
vn -0.400875 0.648671 -0.646935
vn -0.483685 0.647061 -0.589374
vn -0.483685 0.647061 -0.589374
vn -0.527763 0.648807 -0.548194
vn -0.527763 0.648807 -0.548194
vn -0.589366 0.647074 -0.483678
vn -0.589366 0.647074 -0.483678
vn -0.641395 0.648809 -0.409462
vn -0.641393 0.648809 -0.409465
vn -0.641393 0.648809 -0.409465
vn -0.641395 0.648809 -0.409462
vn -0.702972 0.648881 -0.291178
vn -0.702972 0.648881 -0.291179
vn -0.702972 0.648881 -0.291179
vn -0.702972 0.648881 -0.291178
vn -0.746295 0.648850 -0.148449
vn -0.746295 0.648850 -0.148447
vn 0.000000 1.000000 0.000000
vn 0.000000 1.000000 0.000000
vn 0.000000 1.000000 0.000000
vn 0.000000 1.000000 0.000000
vn 0.000000 1.000000 0.000000
vn 0.000000 1.000000 0.000000
vn 0.000000 1.000000 0.000000
vn 0.000000 1.000000 0.000000
vn 0.000000 1.000000 0.000000
vn 0.000000 1.000000 0.000000
vn 0.000000 1.000000 0.000000
vn 0.000000 1.000000 0.000000
vn 0.000000 1.000000 0.000001
vn 0.000000 1.000000 0.000000
vn 0.000000 1.000000 0.000000
vn 0.000000 1.000000 0.000001
vn 0.000000 1.000000 0.000001
vn 0.000000 1.000000 0.000000
vn 0.000000 1.000000 0.000000
vn 0.000000 1.000000 0.000001
vn 0.000000 1.000000 0.000000
vn 0.000000 1.000000 0.000001
vn 0.000000 1.000000 0.000001
vn 0.000000 1.000000 0.000000
vn 0.000000 1.000000 -0.000002
vn 0.000000 1.000000 0.000000
vn 0.000000 1.000000 0.000000
vn 0.000000 1.000000 -0.000002
vn 0.000000 1.000000 0.000000
vn 0.000000 1.000000 -0.000002
vn 0.000000 1.000000 -0.000002
vn 0.000000 1.000000 0.000000
vn 0.000000 1.000000 0.000001
vn 0.000000 1.000000 0.000000
vn 0.000000 1.000000 0.000000
vn 0.000000 1.000000 0.000001
vn 0.000000 1.000000 0.000000
vn 0.000000 1.000000 0.000001
vn 0.000000 1.000000 0.000001
vn 0.000000 1.000000 0.000000
vn 0.000000 1.000000 0.000001
vn 0.000000 1.000000 0.000000
vn 0.000000 1.000000 0.000000
vn 0.000000 1.000000 0.000001
vn 0.000000 1.000000 0.000001
vn 0.000000 1.000000 0.000001
vn 0.000000 1.000000 0.000001
vn 0.000000 1.000000 0.000001
vn 0.000000 1.000000 0.000000
vn 0.000000 1.000000 0.000001
vn 0.000000 1.000000 0.000001
vn 0.000000 1.000000 0.000000
vn 0.000000 1.000000 0.000000
vn 0.000000 1.000000 0.000000
vn 0.000000 1.000000 0.000000
vn 0.000000 1.000000 0.000000
vn 0.000000 1.000000 0.000000
vn 0.000000 1.000000 0.000000
vn 0.000000 1.000000 0.000000
vn 0.000000 1.000000 0.000000
vn 0.000000 1.000000 0.000000
vn 0.000000 1.000000 0.000000
vn 0.000000 1.000000 0.000000
vn 0.000000 1.000000 0.000000
vn 0.000000 1.000000 0.000000
vn 0.000000 1.000000 0.000000
vn 0.000000 1.000000 0.000000
vn 0.000000 1.000000 0.000000
vn 0.000000 1.000000 0.000000
vn 0.000000 1.000000 0.000000
vn 0.000000 1.000000 0.000000
vn 0.000000 1.000000 0.000000
vn 0.000000 1.000000 0.000000
vn 0.000000 1.000000 0.000000
vn 0.000000 1.000000 0.000000
vn 0.000000 1.000000 0.000000
vn 0.000000 1.000000 -0.000002
vn 0.000000 1.000000 0.000000
vn 0.000000 1.000000 0.000000
vn 0.000000 1.000000 -0.000002
vn 0.000000 1.000000 -0.000002
vn 0.000000 1.000000 -0.000002
vn 0.000000 1.000000 -0.000002
vn 0.000000 1.000000 -0.000002
vn 0.000000 1.000000 0.000000
vn 0.000000 1.000000 -0.000002
vn 0.000000 1.000000 -0.000002
vn 0.000000 1.000000 0.000000
vn 0.000000 1.000000 0.000001
vn 0.000000 1.000000 0.000000
vn 0.000000 1.000000 0.000000
vn 0.000000 1.000000 0.000001
vn 0.000000 1.000000 0.000000
vn 0.000000 1.000000 0.000001
vn 0.000000 1.000000 0.000001
vn 0.000000 1.000000 0.000000
vn 0.000000 1.000000 0.000000
vn 0.000000 1.000000 0.000000
vn 0.000000 1.000000 0.000000
vn 0.000000 1.000000 0.000000
vn 0.000000 1.000000 0.000000
vn 0.000000 1.000000 0.000000
vn 0.000000 1.000000 0.000000
vn 0.000000 1.000000 0.000000
vn 0.000000 1.000000 -0.000001
vn 0.000000 1.000000 0.000000
vn 0.000000 1.000000 0.000000
vn 0.000000 1.000000 -0.000001
vn 0.000000 1.000000 0.000000
vn 0.000000 1.000000 0.000000
vn 0.000000 1.000000 0.000000
vn 0.000000 1.000000 0.000000
vn 0.000000 1.000000 0.000000
vn 0.000000 1.000000 -0.000001
vn 0.000000 1.000000 -0.000001
vn 0.000000 1.000000 0.000000
vn 0.000000 1.000000 0.000000
vn 0.000000 1.000000 0.000000
vn 0.000000 1.000000 0.000000
vn 0.000000 1.000000 0.000000
vn 0.000000 1.000000 0.000000
vn 0.000000 1.000000 0.000000
vn 0.000000 1.000000 0.000000
vn 0.000000 1.000000 0.000000
vn 0.000000 1.000000 0.000000
vn 0.000000 1.000000 0.000000
vn 0.000000 1.000000 0.000000
vn 0.000000 1.000000 0.000000
vn -0.805140 0.593085 0.000000
vn -0.805140 0.593085 0.000000
vn -0.789681 0.593068 -0.157081
vn -0.789681 0.593068 -0.157080
vn -0.805140 0.593085 0.000000
vn -0.805140 0.593085 0.000000
vn -0.789680 0.593071 0.157076
vn -0.789679 0.593071 0.157077
vn -0.789679 0.593071 0.157077
vn -0.789680 0.593071 0.157076
vn -0.743869 0.593061 0.308119
vn -0.743870 0.593061 0.308119
vn -0.743870 0.593061 0.308119
vn -0.743869 0.593061 0.308119
vn -0.669464 0.593055 0.447329
vn -0.669465 0.593055 0.447328
vn -0.669465 0.593055 0.447328
vn -0.669464 0.593055 0.447329
vn -0.589049 0.592805 0.549185
vn -0.589049 0.592805 0.549185
vn -0.511652 0.591211 0.623443
vn -0.511652 0.591211 0.623444
vn -0.426635 0.592885 0.682986
vn -0.426633 0.592885 0.682987
vn -0.426633 0.592885 0.682987
vn -0.426635 0.592885 0.682986
vn -0.308117 0.593063 0.743869
vn -0.308117 0.593063 0.743869
vn -0.308117 0.593063 0.743869
vn -0.308117 0.593063 0.743869
vn -0.157074 0.593074 0.789678
vn -0.157075 0.593074 0.789678
vn -0.157075 0.593074 0.789678
vn -0.157074 0.593074 0.789678
vn 0.000000 0.593088 0.805138
vn 0.000000 0.593088 0.805138
vn 0.000000 0.593088 0.805138
vn 0.000000 0.593088 0.805138
vn 0.157074 0.593074 0.789678
vn 0.157076 0.593074 0.789677
vn 0.157076 0.593074 0.789677
vn 0.157074 0.593074 0.789678
vn 0.308115 0.593060 0.743872
vn 0.308114 0.593060 0.743872
vn 0.308114 0.593060 0.743872
vn 0.308115 0.593060 0.743872
vn 0.447323 0.593055 0.669468
vn 0.447322 0.593055 0.669470
vn 0.447322 0.593055 0.669470
vn 0.447323 0.593055 0.669468
vn 0.569339 0.593048 0.569339
vn 0.569339 0.593048 0.569339
vn 0.569339 0.593048 0.569339
vn 0.569339 0.593048 0.569339
vn 0.669464 0.593055 0.447329
vn 0.669466 0.593055 0.447327
vn 0.669466 0.593055 0.447327
vn 0.669464 0.593055 0.447329
vn 0.743868 0.593060 0.308123
vn 0.743869 0.593060 0.308122
vn 0.743869 0.593060 0.308122
vn 0.743868 0.593060 0.308123
vn 0.789679 0.593071 0.157080
vn 0.789679 0.593071 0.157081
vn 0.789679 0.593071 0.157081
vn 0.789679 0.593071 0.157080
vn 0.805140 0.593085 0.000000
vn 0.805140 0.593085 0.000000
vn 0.805140 0.593085 0.000000
vn 0.805140 0.593085 0.000000
vn 0.789680 0.593071 -0.157076
vn 0.789679 0.593071 -0.157077
vn 0.789679 0.593071 -0.157077
vn 0.789680 0.593071 -0.157076
vn 0.743869 0.593061 -0.308119
vn 0.743870 0.593061 -0.308119
vn 0.743870 0.593061 -0.308119
vn 0.743869 0.593061 -0.308119
vn 0.679823 0.592957 -0.431559
vn 0.679824 0.592957 -0.431557
vn 0.623466 0.591170 -0.511671
vn 0.623466 0.591170 -0.511671
vn 0.544085 0.592655 -0.593913
vn 0.544085 0.592655 -0.593913
vn 0.544085 0.592655 -0.593913
vn 0.544085 0.592655 -0.593913
vn 0.447331 0.593033 -0.669482
vn 0.447339 0.593033 -0.669477
vn 0.447339 0.593033 -0.669477
vn 0.447331 0.593033 -0.669482
vn 0.308120 0.593051 -0.743876
vn 0.308120 0.593051 -0.743877
vn 0.308120 0.593051 -0.743877
vn 0.308120 0.593051 -0.743876
vn 0.157074 0.593074 -0.789678
vn 0.157076 0.593074 -0.789678
vn 0.157076 0.593074 -0.789678
vn 0.157074 0.593074 -0.789678
vn 0.000000 0.593088 -0.805138
vn 0.000000 0.593089 -0.805137
vn 0.000000 0.593089 -0.805137
vn 0.000000 0.593088 -0.805138
vn -0.157074 0.593067 -0.789683
vn -0.157075 0.593067 -0.789683
vn -0.157075 0.593067 -0.789683
vn -0.157074 0.593067 -0.789683
vn -0.308115 0.593052 -0.743878
vn -0.308120 0.593051 -0.743877
vn -0.308120 0.593051 -0.743877
vn -0.308115 0.593052 -0.743878
vn -0.424184 0.592835 -0.684554
vn -0.424183 0.592835 -0.684555
vn -0.511663 0.591170 -0.623473
vn -0.511663 0.591170 -0.623473
vn -0.558469 0.592957 -0.580099
vn -0.558469 0.592956 -0.580099
vn -0.623444 0.591210 -0.511652
vn -0.623444 0.591210 -0.511652
vn -0.678707 0.592974 -0.433289
vn -0.678708 0.592974 -0.433287
vn -0.678708 0.592974 -0.433287
vn -0.678707 0.592974 -0.433289
vn -0.743875 0.593052 -0.308122
vn -0.743873 0.593052 -0.308128
vn -0.743873 0.593052 -0.308128
vn -0.743875 0.593052 -0.308122
vn -0.789681 0.593068 -0.157080
vn -0.789681 0.593068 -0.157081
vn -0.980786 0.000000 0.195086
vn -1.000000 0.000000 0.000000
vn -1.000000 0.000000 0.000000
vn -0.980786 0.000000 0.195086
vn -0.923881 0.000000 0.382680
vn -0.980786 0.000000 0.195086
vn -0.980786 0.000000 0.195086
vn -0.923881 0.000000 0.382680
vn -0.831469 0.000000 0.555571
vn -0.923881 0.000000 0.382680
vn -0.923881 0.000000 0.382680
vn -0.831469 0.000000 0.555571
vn -0.731427 0.000000 0.681920
vn -0.831469 0.000000 0.555571
vn -0.831469 0.000000 0.555571
vn -0.731427 0.000000 0.681920
vn -0.529791 0.000000 0.848128
vn -0.634395 0.000000 0.773009
vn -0.634395 0.000000 0.773009
vn -0.529791 0.000000 0.848128
vn -0.382679 0.000000 0.923881
vn -0.529791 0.000000 0.848128
vn -0.529791 0.000000 0.848128
vn -0.382679 0.000000 0.923881
vn -0.195086 0.000000 0.980786
vn -0.382679 0.000000 0.923881
vn -0.382679 0.000000 0.923881
vn -0.195086 0.000000 0.980786
vn 0.000000 0.000000 1.000000
vn -0.195086 0.000000 0.980786
vn -0.195086 0.000000 0.980786
vn 0.000000 0.000000 1.000000
vn 0.195086 -0.000000 0.980786
vn 0.000000 0.000000 1.000000
vn 0.000000 0.000000 1.000000
vn 0.195086 -0.000000 0.980786
vn 0.382680 -0.000000 0.923881
vn 0.195086 -0.000000 0.980786
vn 0.195086 -0.000000 0.980786
vn 0.382680 -0.000000 0.923881
vn 0.555571 -0.000000 0.831469
vn 0.382680 -0.000000 0.923881
vn 0.382680 -0.000000 0.923881
vn 0.555571 -0.000000 0.831469
vn 0.707107 -0.000000 0.707107
vn 0.555571 -0.000000 0.831469
vn 0.555571 -0.000000 0.831469
vn 0.707107 -0.000000 0.707107
vn 0.831469 -0.000000 0.555571
vn 0.707107 -0.000000 0.707107
vn 0.707107 -0.000000 0.707107
vn 0.831469 -0.000000 0.555571
vn 0.923881 -0.000000 0.382680
vn 0.831469 -0.000000 0.555571
vn 0.831469 -0.000000 0.555571
vn 0.923881 -0.000000 0.382680
vn 0.980786 -0.000000 0.195086
vn 0.923881 -0.000000 0.382680
vn 0.923881 -0.000000 0.382680
vn 0.980786 -0.000000 0.195086
vn 1.000000 -0.000000 0.000000
vn 0.980786 -0.000000 0.195086
vn 0.980786 -0.000000 0.195086
vn 1.000000 -0.000000 0.000000
vn 0.980786 -0.000000 -0.195086
vn 1.000000 -0.000000 0.000000
vn 1.000000 -0.000000 0.000000
vn 0.980786 -0.000000 -0.195086
vn 0.923881 -0.000000 -0.382680
vn 0.980786 -0.000000 -0.195086
vn 0.980786 -0.000000 -0.195086
vn 0.923881 -0.000000 -0.382680
vn 0.844258 -0.000000 -0.535937
vn 0.923881 -0.000000 -0.382680
vn 0.923881 -0.000000 -0.382680
vn 0.844258 -0.000000 -0.535937
vn 0.675494 -0.000000 -0.737366
vn 0.773009 -0.000000 -0.634395
vn 0.773009 -0.000000 -0.634395
vn 0.675494 -0.000000 -0.737366
vn 0.555570 -0.000000 -0.831470
vn 0.675494 -0.000000 -0.737366
vn 0.675494 -0.000000 -0.737366
vn 0.555570 -0.000000 -0.831470
vn 0.382679 -0.000000 -0.923881
vn 0.555570 -0.000000 -0.831470
vn 0.555570 -0.000000 -0.831470
vn 0.382679 -0.000000 -0.923881
vn 0.195086 -0.000000 -0.980786
vn 0.382679 -0.000000 -0.923881
vn 0.382679 -0.000000 -0.923881
vn 0.195086 -0.000000 -0.980786
vn 0.000000 0.000000 -1.000000
vn 0.195086 -0.000000 -0.980786
vn 0.195086 -0.000000 -0.980786
vn 0.000000 0.000000 -1.000000
vn -0.195086 0.000000 -0.980786
vn 0.000000 0.000000 -1.000000
vn 0.000000 0.000000 -1.000000
vn -0.195086 0.000000 -0.980786
vn -0.382680 0.000000 -0.923881
vn -0.195086 0.000000 -0.980786
vn -0.195086 0.000000 -0.980786
vn -0.382680 0.000000 -0.923881
vn -0.526726 0.000000 -0.850035
vn -0.382680 0.000000 -0.923881
vn -0.382680 0.000000 -0.923881
vn -0.526726 0.000000 -0.850035
vn -0.693556 0.000000 -0.720403
vn -0.634396 0.000000 -0.773008
vn -0.634396 0.000000 -0.773008
vn -0.693556 0.000000 -0.720403
vn -0.842883 0.000000 -0.538098
vn -0.773009 0.000000 -0.634395
vn -0.773009 0.000000 -0.634395
vn -0.842883 0.000000 -0.538098
vn -0.923881 0.000000 -0.382680
vn -0.842883 0.000000 -0.538098
vn -0.842883 0.000000 -0.538098
vn -0.923881 0.000000 -0.382680
vn -0.980786 0.000000 -0.195086
vn -0.923881 0.000000 -0.382680
vn -0.923881 0.000000 -0.382680
vn -0.980786 0.000000 -0.195086
vn -1.000000 0.000000 0.000000
vn -0.980786 0.000000 -0.195086
vn -0.980786 0.000000 -0.195086
vn -1.000000 0.000000 0.000000
vn -0.805182 0.593027 0.000000
vn -0.805182 0.593027 0.000000
vn -0.789716 0.593021 -0.157082
vn -0.789717 0.593021 -0.157076
vn -0.805182 0.593027 0.000000
vn -0.805182 0.593027 0.000000
vn -0.789714 0.593025 0.157081
vn -0.789714 0.593025 0.157078
vn -0.789714 0.593025 0.157078
vn -0.789714 0.593025 0.157081
vn -0.743941 0.592961 0.308137
vn -0.743938 0.592961 0.308146
vn -0.743938 0.592961 0.308146
vn -0.743941 0.592961 0.308137
vn -0.669546 0.592918 0.447387
vn -0.669553 0.592918 0.447377
vn -0.669553 0.592918 0.447377
vn -0.669546 0.592918 0.447387
vn -0.589094 0.592716 0.549232
vn -0.589094 0.592716 0.549232
vn -0.511728 0.591031 0.623552
vn -0.511728 0.591031 0.623552
vn -0.426701 0.592714 0.683093
vn -0.426692 0.592714 0.683099
vn -0.426692 0.592714 0.683099
vn -0.426701 0.592714 0.683093
vn -0.308141 0.592951 0.743948
vn -0.308150 0.592951 0.743944
vn -0.308150 0.592951 0.743944
vn -0.308141 0.592951 0.743948
vn -0.157079 0.593015 0.789721
vn -0.157085 0.593015 0.789720
vn -0.157085 0.593015 0.789720
vn -0.157079 0.593015 0.789721
vn 0.000000 0.593030 0.805181
vn 0.000000 0.593030 0.805181
vn 0.000000 0.593030 0.805181
vn 0.000000 0.593030 0.805181
vn 0.157082 0.593021 0.789716
vn 0.157080 0.593021 0.789717
vn 0.157080 0.593021 0.789717
vn 0.157082 0.593021 0.789716
vn 0.308128 0.593006 0.743909
vn 0.308137 0.593006 0.743905
vn 0.308137 0.593006 0.743905
vn 0.308128 0.593006 0.743909
vn 0.447338 0.593016 0.669493
vn 0.447345 0.593016 0.669488
vn 0.447345 0.593016 0.669488
vn 0.447338 0.593016 0.669493
vn 0.569372 0.592980 0.569377
vn 0.569372 0.592980 0.569377
vn 0.569372 0.592980 0.569377
vn 0.569372 0.592980 0.569377
vn 0.669546 0.592918 0.447388
vn 0.669553 0.592918 0.447378
vn 0.669553 0.592918 0.447378
vn 0.669546 0.592918 0.447388
vn 0.743942 0.592961 0.308137
vn 0.743938 0.592961 0.308146
vn 0.743938 0.592961 0.308146
vn 0.743942 0.592961 0.308137
vn 0.789717 0.593021 0.157076
vn 0.789716 0.593021 0.157082
vn 0.789716 0.593021 0.157082
vn 0.789717 0.593021 0.157076
vn 0.805182 0.593027 0.000000
vn 0.805182 0.593027 0.000000
vn 0.805182 0.593027 0.000000
vn 0.805182 0.593027 0.000000
vn 0.789714 0.593025 -0.157081
vn 0.789714 0.593025 -0.157078
vn 0.789714 0.593025 -0.157078
vn 0.789714 0.593025 -0.157081
vn 0.743941 0.592961 -0.308137
vn 0.743938 0.592961 -0.308146
vn 0.743938 0.592961 -0.308146
vn 0.743941 0.592961 -0.308137
vn 0.679924 0.592797 -0.431619
vn 0.679930 0.592797 -0.431609
vn 0.623479 0.591151 -0.511678
vn 0.623479 0.591151 -0.511678
vn 0.544117 0.592592 -0.593946
vn 0.544117 0.592592 -0.593946
vn 0.544117 0.592592 -0.593946
vn 0.544117 0.592592 -0.593946
vn 0.447385 0.592922 -0.669545
vn 0.447376 0.592922 -0.669551
vn 0.447376 0.592922 -0.669551
vn 0.447385 0.592922 -0.669545
vn 0.308141 0.592951 -0.743948
vn 0.308150 0.592951 -0.743944
vn 0.308150 0.592951 -0.743944
vn 0.308141 0.592951 -0.743948
vn 0.157079 0.593015 -0.789721
vn 0.157085 0.593015 -0.789720
vn 0.157085 0.593015 -0.789720
vn 0.157079 0.593015 -0.789721
vn 0.000000 0.593030 -0.805181
vn 0.000000 0.593030 -0.805181
vn 0.000000 0.593030 -0.805181
vn 0.000000 0.593030 -0.805181
vn -0.157082 0.593021 -0.789716
vn -0.157080 0.593021 -0.789717
vn -0.157080 0.593021 -0.789717
vn -0.157082 0.593021 -0.789716
vn -0.308140 0.592955 -0.743945
vn -0.308149 0.592955 -0.743941
vn -0.308149 0.592955 -0.743941
vn -0.308140 0.592955 -0.743945
vn -0.424249 0.592667 -0.684659
vn -0.424240 0.592667 -0.684665
vn -0.511686 0.591137 -0.623486
vn -0.511686 0.591137 -0.623486
vn -0.558487 0.592928 -0.580110
vn -0.558487 0.592928 -0.580110
vn -0.623532 0.591049 -0.511732
vn -0.623532 0.591049 -0.511732
vn -0.678800 0.592821 -0.433352
vn -0.678807 0.592821 -0.433342
vn -0.678807 0.592821 -0.433342
vn -0.678800 0.592821 -0.433352
vn -0.743942 0.592961 -0.308137
vn -0.743938 0.592961 -0.308146
vn -0.743938 0.592961 -0.308146
vn -0.743942 0.592961 -0.308137
vn -0.789717 0.593021 -0.157076
vn -0.789716 0.593021 -0.157082
vn -0.166660 0.985457 0.033151
vn -0.169924 0.985457 0.000000
vn -0.169924 0.985457 0.000000
vn -0.166659 0.985457 0.033151
vn -0.156989 0.985457 0.065027
vn -0.166660 0.985457 0.033151
vn -0.166659 0.985457 0.033151
vn -0.156989 0.985457 0.065027
vn -0.141285 0.985458 0.094403
vn -0.156989 0.985457 0.065027
vn -0.156989 0.985457 0.065027
vn -0.141285 0.985458 0.094403
vn -0.124359 0.985440 0.115942
vn -0.141285 0.985458 0.094403
vn -0.141285 0.985458 0.094403
vn -0.124359 0.985440 0.115942
vn -0.090064 0.985444 0.144180
vn -0.108305 0.985320 0.131962
vn -0.108305 0.985320 0.131962
vn -0.090064 0.985444 0.144180
vn -0.065025 0.985458 0.156988
vn -0.090064 0.985444 0.144180
vn -0.090064 0.985444 0.144180
vn -0.065026 0.985457 0.156988
vn -0.033150 0.985457 0.166660
vn -0.065025 0.985458 0.156988
vn -0.065026 0.985457 0.156988
vn -0.033150 0.985457 0.166660
vn 0.000000 0.985456 0.169928
vn -0.033150 0.985457 0.166660
vn -0.033150 0.985457 0.166660
vn 0.000000 0.985456 0.169928
vn 0.033150 0.985457 0.166659
vn 0.000000 0.985456 0.169928
vn 0.000000 0.985456 0.169928
vn 0.033150 0.985457 0.166659
vn 0.065028 0.985457 0.156989
vn 0.033150 0.985457 0.166659
vn 0.033150 0.985457 0.166659
vn 0.065028 0.985457 0.156989
vn 0.094407 0.985456 0.141290
vn 0.065028 0.985457 0.156989
vn 0.065028 0.985457 0.156989
vn 0.094408 0.985456 0.141290
vn 0.120154 0.985457 0.120157
vn 0.094407 0.985456 0.141290
vn 0.094408 0.985456 0.141290
vn 0.120154 0.985457 0.120157
vn 0.141284 0.985458 0.094405
vn 0.120154 0.985457 0.120157
vn 0.120154 0.985457 0.120157
vn 0.141285 0.985458 0.094404
vn 0.156989 0.985457 0.065026
vn 0.141284 0.985458 0.094405
vn 0.141285 0.985458 0.094404
vn 0.156988 0.985457 0.065027
vn 0.166659 0.985457 0.033150
vn 0.156989 0.985457 0.065026
vn 0.156988 0.985457 0.065027
vn 0.166659 0.985457 0.033150
vn 0.169924 0.985457 0.000000
vn 0.166659 0.985457 0.033150
vn 0.166659 0.985457 0.033150
vn 0.169924 0.985457 0.000000
vn 0.166660 0.985457 -0.033151
vn 0.169924 0.985457 0.000000
vn 0.169924 0.985457 0.000000
vn 0.166659 0.985457 -0.033151
vn 0.156989 0.985457 -0.065027
vn 0.166660 0.985457 -0.033151
vn 0.166659 0.985457 -0.033151
vn 0.156989 0.985457 -0.065027
vn 0.143496 0.985450 -0.091092
vn 0.156989 0.985457 -0.065027
vn 0.156989 0.985457 -0.065027
vn 0.143496 0.985450 -0.091092
vn 0.114887 0.985430 -0.125412
vn 0.131968 0.985319 -0.108310
vn 0.131968 0.985319 -0.108310
vn 0.114887 0.985430 -0.125412
vn 0.094402 0.985458 -0.141282
vn 0.114887 0.985430 -0.125412
vn 0.114887 0.985430 -0.125412
vn 0.094403 0.985458 -0.141282
vn 0.065025 0.985458 -0.156985
vn 0.094402 0.985458 -0.141282
vn 0.094403 0.985458 -0.141282
vn 0.065026 0.985458 -0.156985
vn 0.033150 0.985457 -0.166660
vn 0.065025 0.985458 -0.156985
vn 0.065026 0.985458 -0.156985
vn 0.033150 0.985457 -0.166660
vn 0.000000 0.985457 -0.169928
vn 0.033150 0.985457 -0.166660
vn 0.033150 0.985457 -0.166660
vn 0.000000 0.985457 -0.169928
vn -0.033150 0.985457 -0.166658
vn 0.000000 0.985457 -0.169928
vn 0.000000 0.985457 -0.169928
vn -0.033150 0.985457 -0.166658
vn -0.065025 0.985458 -0.156984
vn -0.033150 0.985457 -0.166658
vn -0.033150 0.985457 -0.166658
vn -0.065026 0.985458 -0.156984
vn -0.089553 0.985441 -0.144520
vn -0.065025 0.985458 -0.156984
vn -0.065026 0.985458 -0.156984
vn -0.089553 0.985441 -0.144520
vn -0.117872 0.985453 -0.122431
vn -0.108306 0.985320 -0.131964
vn -0.108306 0.985320 -0.131964
vn -0.117872 0.985453 -0.122431
vn -0.143254 0.985451 -0.091454
vn -0.131967 0.985320 -0.108304
vn -0.131967 0.985320 -0.108304
vn -0.143254 0.985451 -0.091454
vn -0.156989 0.985457 -0.065026
vn -0.143254 0.985451 -0.091454
vn -0.143254 0.985451 -0.091454
vn -0.156988 0.985457 -0.065027
vn -0.166659 0.985457 -0.033150
vn -0.156989 0.985457 -0.065026
vn -0.156988 0.985457 -0.065027
vn -0.166659 0.985457 -0.033150
vn -0.169924 0.985457 0.000000
vn -0.166659 0.985457 -0.033150
vn -0.166659 0.985457 -0.033150
vn -0.169924 0.985457 0.000000
vn -0.117422 -0.993082 0.000000
vn -0.117422 -0.993082 0.000000
vn -0.115165 -0.993082 -0.022908
vn -0.115165 -0.993082 -0.022908
vn -0.117422 -0.993082 0.000000
vn -0.117422 -0.993082 0.000000
vn -0.115165 -0.993082 0.022907
vn -0.115165 -0.993082 0.022907
vn -0.115165 -0.993082 0.022907
vn -0.115165 -0.993082 0.022907
vn -0.108483 -0.993082 0.044936
vn -0.108483 -0.993082 0.044936
vn -0.108483 -0.993082 0.044936
vn -0.108483 -0.993082 0.044936
vn -0.097632 -0.993082 0.065237
vn -0.097632 -0.993082 0.065237
vn -0.097632 -0.993082 0.065237
vn -0.097632 -0.993082 0.065237
vn -0.085937 -0.993074 0.080122
vn -0.085937 -0.993074 0.080122
vn -0.074845 -0.993016 0.091201
vn -0.074845 -0.993016 0.091201
vn -0.062237 -0.993076 0.099633
vn -0.062237 -0.993076 0.099633
vn -0.062237 -0.993076 0.099633
vn -0.062237 -0.993076 0.099633
vn -0.044935 -0.993082 0.108481
vn -0.044935 -0.993082 0.108481
vn -0.044935 -0.993082 0.108481
vn -0.044935 -0.993082 0.108481
vn -0.022908 -0.993082 0.115166
vn -0.022908 -0.993082 0.115166
vn -0.022908 -0.993082 0.115166
vn -0.022908 -0.993082 0.115166
vn -0.000000 -0.993082 0.117423
vn -0.000000 -0.993082 0.117423
vn -0.000000 -0.993082 0.117423
vn -0.000000 -0.993082 0.117423
vn 0.022908 -0.993082 0.115166
vn 0.022908 -0.993082 0.115166
vn 0.022908 -0.993082 0.115166
vn 0.022908 -0.993082 0.115166
vn 0.044935 -0.993082 0.108483
vn 0.044935 -0.993082 0.108483
vn 0.044935 -0.993082 0.108483
vn 0.044935 -0.993082 0.108483
vn 0.065236 -0.993082 0.097632
vn 0.065236 -0.993082 0.097632
vn 0.065236 -0.993082 0.097632
vn 0.065236 -0.993082 0.097632
vn 0.083029 -0.993082 0.083029
vn 0.083029 -0.993082 0.083029
vn 0.083029 -0.993082 0.083029
vn 0.083029 -0.993082 0.083029
vn 0.097632 -0.993082 0.065236
vn 0.097632 -0.993082 0.065236
vn 0.097632 -0.993082 0.065236
vn 0.097632 -0.993082 0.065236
vn 0.108482 -0.993082 0.044936
vn 0.108482 -0.993082 0.044936
vn 0.108482 -0.993082 0.044936
vn 0.108482 -0.993082 0.044936
vn 0.115165 -0.993082 0.022908
vn 0.115165 -0.993082 0.022908
vn 0.115165 -0.993082 0.022908
vn 0.115165 -0.993082 0.022908
vn 0.117422 -0.993082 0.000000
vn 0.117422 -0.993082 0.000000
vn 0.117422 -0.993082 0.000000
vn 0.117422 -0.993082 0.000000
vn 0.115165 -0.993082 -0.022907
vn 0.115165 -0.993082 -0.022907
vn 0.115165 -0.993082 -0.022907
vn 0.115165 -0.993082 -0.022907
vn 0.108483 -0.993082 -0.044936
vn 0.108483 -0.993082 -0.044936
vn 0.108483 -0.993082 -0.044936
vn 0.108483 -0.993082 -0.044936
vn 0.099161 -0.993078 -0.062949
vn 0.099161 -0.993078 -0.062949
vn 0.091202 -0.993016 -0.074850
vn 0.091202 -0.993016 -0.074850
vn 0.079392 -0.993069 -0.086667
vn 0.079392 -0.993069 -0.086667
vn 0.079392 -0.993069 -0.086667
vn 0.079392 -0.993069 -0.086667
vn 0.065235 -0.993082 -0.097632
vn 0.065235 -0.993082 -0.097632
vn 0.065235 -0.993082 -0.097632
vn 0.065235 -0.993082 -0.097632
vn 0.044935 -0.993082 -0.108481
vn 0.044935 -0.993082 -0.108481
vn 0.044935 -0.993082 -0.108481
vn 0.044935 -0.993082 -0.108481
vn 0.022908 -0.993082 -0.115166
vn 0.022908 -0.993082 -0.115166
vn 0.022908 -0.993082 -0.115166
vn 0.022908 -0.993082 -0.115166
vn -0.000000 -0.993082 -0.117423
vn -0.000000 -0.993082 -0.117423
vn -0.000000 -0.993082 -0.117423
vn -0.000000 -0.993082 -0.117423
vn -0.022908 -0.993082 -0.115166
vn -0.022908 -0.993082 -0.115166
vn -0.022908 -0.993082 -0.115166
vn -0.022908 -0.993082 -0.115166
vn -0.044935 -0.993082 -0.108483
vn -0.044935 -0.993082 -0.108483
vn -0.044935 -0.993082 -0.108483
vn -0.044935 -0.993082 -0.108483
vn -0.061885 -0.993074 -0.099871
vn -0.061885 -0.993074 -0.099871
vn -0.074847 -0.993016 -0.091198
vn -0.074847 -0.993016 -0.091198
vn -0.081453 -0.993080 -0.084604
vn -0.081453 -0.993080 -0.084604
vn -0.091201 -0.993016 -0.074847
vn -0.091202 -0.993016 -0.074847
vn -0.098994 -0.993079 -0.063198
vn -0.098994 -0.993079 -0.063198
vn -0.098994 -0.993079 -0.063198
vn -0.098994 -0.993079 -0.063198
vn -0.108483 -0.993082 -0.044936
vn -0.108483 -0.993082 -0.044936
vn -0.108483 -0.993082 -0.044936
vn -0.108483 -0.993082 -0.044936
vn -0.115165 -0.993082 -0.022908
vn -0.115165 -0.993082 -0.022908
vn -0.980786 0.000000 0.195088
vn -1.000000 0.000000 0.000000
vn -1.000000 0.000000 0.000000
vn -0.980786 0.000000 0.195088
vn -0.923879 0.000000 0.382684
vn -0.980786 0.000000 0.195088
vn -0.980786 0.000000 0.195088
vn -0.923879 0.000000 0.382684
vn -0.831470 0.000000 0.555570
vn -0.923879 0.000000 0.382684
vn -0.923879 0.000000 0.382684
vn -0.831470 0.000000 0.555570
vn -0.731429 -0.000003 0.681918
vn -0.831470 0.000000 0.555570
vn -0.831470 0.000000 0.555570
vn -0.731429 -0.000003 0.681918
vn -0.529792 -0.000001 0.848128
vn -0.634399 -0.000004 0.773006
vn -0.634399 -0.000004 0.773006
vn -0.529792 -0.000001 0.848128
vn -0.382682 0.000000 0.923880
vn -0.529792 -0.000001 0.848128
vn -0.529792 -0.000001 0.848128
vn -0.382682 0.000000 0.923880
vn -0.195089 0.000000 0.980786
vn -0.382682 0.000000 0.923880
vn -0.382682 0.000000 0.923880
vn -0.195089 0.000000 0.980786
vn 0.000000 0.000000 1.000000
vn -0.195089 0.000000 0.980786
vn -0.195089 0.000000 0.980786
vn 0.000000 0.000000 1.000000
vn 0.195089 -0.000000 0.980786
vn 0.000000 0.000000 1.000000
vn 0.000000 0.000000 1.000000
vn 0.195089 -0.000000 0.980786
vn 0.382682 -0.000000 0.923880
vn 0.195089 -0.000000 0.980786
vn 0.195089 -0.000000 0.980786
vn 0.382682 -0.000000 0.923880
vn 0.555567 -0.000000 0.831472
vn 0.382682 -0.000000 0.923880
vn 0.382682 -0.000000 0.923880
vn 0.555567 -0.000000 0.831472
vn 0.707105 -0.000000 0.707108
vn 0.555567 -0.000000 0.831472
vn 0.555567 -0.000000 0.831472
vn 0.707105 -0.000000 0.707108
vn 0.831470 -0.000000 0.555570
vn 0.707105 -0.000000 0.707108
vn 0.707105 -0.000000 0.707108
vn 0.831470 -0.000000 0.555570
vn 0.923880 -0.000000 0.382683
vn 0.831470 -0.000000 0.555570
vn 0.831470 -0.000000 0.555570
vn 0.923880 -0.000000 0.382683
vn 0.980786 -0.000000 0.195088
vn 0.923880 -0.000000 0.382683
vn 0.923880 -0.000000 0.382683
vn 0.980786 -0.000000 0.195088
vn 1.000000 -0.000000 0.000000
vn 0.980786 -0.000000 0.195088
vn 0.980786 -0.000000 0.195088
vn 1.000000 -0.000000 0.000000
vn 0.980786 -0.000000 -0.195088
vn 1.000000 -0.000000 0.000000
vn 1.000000 -0.000000 0.000000
vn 0.980786 -0.000000 -0.195088
vn 0.923879 -0.000000 -0.382684
vn 0.980786 -0.000000 -0.195088
vn 0.980786 -0.000000 -0.195088
vn 0.923879 -0.000000 -0.382684
vn 0.844259 -0.000000 -0.535935
vn 0.923879 -0.000000 -0.382684
vn 0.923879 -0.000000 -0.382684
vn 0.844259 -0.000000 -0.535935
vn 0.675491 -0.000000 -0.737369
vn 0.773011 -0.000000 -0.634392
vn 0.773011 -0.000000 -0.634392
vn 0.675491 -0.000000 -0.737369
vn 0.555567 -0.000000 -0.831472
vn 0.675491 -0.000000 -0.737369
vn 0.675491 -0.000000 -0.737369
vn 0.555567 -0.000000 -0.831472
vn 0.382682 -0.000000 -0.923880
vn 0.555567 -0.000000 -0.831472
vn 0.555567 -0.000000 -0.831472
vn 0.382682 -0.000000 -0.923880
vn 0.195089 -0.000000 -0.980786
vn 0.382682 -0.000000 -0.923880
vn 0.382682 -0.000000 -0.923880
vn 0.195089 -0.000000 -0.980786
vn 0.000000 0.000000 -1.000000
vn 0.195089 -0.000000 -0.980786
vn 0.195089 -0.000000 -0.980786
vn 0.000000 0.000000 -1.000000
vn -0.195089 0.000000 -0.980786
vn 0.000000 0.000000 -1.000000
vn 0.000000 0.000000 -1.000000
vn -0.195089 0.000000 -0.980786
vn -0.382682 0.000000 -0.923880
vn -0.195089 0.000000 -0.980786
vn -0.195089 0.000000 -0.980786
vn -0.382682 0.000000 -0.923880
vn -0.526724 -0.000003 -0.850037
vn -0.382682 0.000000 -0.923880
vn -0.382682 0.000000 -0.923880
vn -0.526724 -0.000003 -0.850037
vn -0.693556 -0.000006 -0.720402
vn -0.634391 -0.000007 -0.773012
vn -0.634391 -0.000007 -0.773012
vn -0.693556 -0.000006 -0.720402
vn -0.842883 -0.000002 -0.538097
vn -0.773012 -0.000006 -0.634392
vn -0.773012 -0.000006 -0.634392
vn -0.842883 -0.000002 -0.538097
vn -0.923880 0.000000 -0.382683
vn -0.842883 -0.000002 -0.538097
vn -0.842883 -0.000002 -0.538097
vn -0.923880 0.000000 -0.382683
vn -0.980786 0.000000 -0.195088
vn -0.923880 0.000000 -0.382683
vn -0.923880 0.000000 -0.382683
vn -0.980786 0.000000 -0.195088
vn -1.000000 0.000000 0.000000
vn -0.980786 0.000000 -0.195088
vn -0.980786 0.000000 -0.195088
vn -1.000000 0.000000 0.000000
vn 0.995184 -0.000000 0.098022
vn 0.995184 -0.000000 0.098022
vn 0.995184 -0.000000 0.098022
vn 0.995184 -0.000000 0.098022
vn 0.995184 -0.000000 -0.098022
vn 0.995184 -0.000000 -0.098022
vn 0.995184 -0.000000 -0.098022
vn 0.995184 -0.000000 -0.098022
vn 0.956941 -0.000000 -0.290281
vn 0.956941 -0.000000 -0.290281
vn 0.956941 -0.000000 -0.290281
vn 0.956941 -0.000000 -0.290281
vn 0.881920 -0.000000 -0.471400
vn 0.881920 -0.000000 -0.471400
vn 0.881920 -0.000000 -0.471400
vn 0.881920 -0.000000 -0.471400
vn 0.773013 -0.000000 -0.634390
vn 0.773013 -0.000000 -0.634390
vn 0.773013 -0.000000 -0.634390
vn 0.773013 -0.000000 -0.634390
vn 0.634386 -0.000000 -0.773016
vn 0.634386 -0.000000 -0.773016
vn 0.634386 -0.000000 -0.773016
vn 0.634386 -0.000000 -0.773016
vn 0.471404 -0.000000 -0.881918
vn 0.471404 -0.000000 -0.881918
vn 0.471404 -0.000000 -0.881918
vn 0.471404 -0.000000 -0.881918
vn 0.290281 -0.000000 -0.956941
vn 0.290281 -0.000000 -0.956941
vn 0.290281 -0.000000 -0.956941
vn 0.290281 -0.000000 -0.956941
vn 0.098022 -0.000000 -0.995184
vn 0.098022 -0.000000 -0.995184
vn 0.098022 -0.000000 -0.995184
vn 0.098022 -0.000000 -0.995184
vn -0.098022 0.000000 -0.995184
vn -0.098022 0.000000 -0.995184
vn -0.098022 0.000000 -0.995184
vn -0.098022 0.000000 -0.995184
vn -0.290281 0.000000 -0.956941
vn -0.290281 0.000000 -0.956941
vn -0.290281 0.000000 -0.956941
vn -0.290281 0.000000 -0.956941
vn -0.471400 0.000000 -0.881920
vn -0.471400 0.000000 -0.881920
vn -0.471400 0.000000 -0.881920
vn -0.471400 0.000000 -0.881920
vn -0.634390 0.000000 -0.773013
vn -0.634390 0.000000 -0.773013
vn -0.634390 0.000000 -0.773013
vn -0.634390 0.000000 -0.773013
vn -0.773016 0.000000 -0.634386
vn -0.773016 0.000000 -0.634386
vn -0.773016 0.000000 -0.634386
vn -0.773016 0.000000 -0.634386
vn -0.881918 0.000000 -0.471403
vn -0.881918 0.000000 -0.471403
vn -0.881918 0.000000 -0.471403
vn -0.881918 0.000000 -0.471403
vn -0.956941 0.000000 -0.290281
vn -0.956941 0.000000 -0.290281
vn -0.956941 0.000000 -0.290281
vn -0.956941 0.000000 -0.290281
vn -0.995184 0.000000 -0.098022
vn -0.995184 0.000000 -0.098022
vn -0.995184 0.000000 -0.098022
vn -0.995184 0.000000 -0.098022
vn -0.995184 0.000000 0.098022
vn -0.995184 0.000000 0.098022
vn -0.995184 0.000000 0.098022
vn -0.995184 0.000000 0.098022
vn -0.956941 0.000000 0.290281
vn -0.956941 0.000000 0.290281
vn -0.956941 0.000000 0.290281
vn -0.956941 0.000000 0.290281
vn -0.881920 0.000000 0.471400
vn -0.881920 0.000000 0.471400
vn -0.881920 0.000000 0.471400
vn -0.881920 0.000000 0.471400
vn -0.773013 0.000000 0.634391
vn -0.773013 0.000000 0.634391
vn -0.773013 0.000000 0.634391
vn -0.773013 0.000000 0.634391
vn -0.634386 0.000000 0.773017
vn -0.634386 0.000000 0.773017
vn -0.634386 0.000000 0.773017
vn -0.634386 0.000000 0.773017
vn -0.471404 0.000000 0.881918
vn -0.471404 0.000000 0.881918
vn -0.471404 0.000000 0.881918
vn -0.471404 0.000000 0.881918
vn -0.290281 0.000000 0.956941
vn -0.290281 0.000000 0.956941
vn -0.290281 0.000000 0.956941
vn -0.290281 0.000000 0.956941
vn -0.098022 0.000000 0.995184
vn -0.098022 0.000000 0.995184
vn -0.098022 0.000000 0.995184
vn -0.098022 0.000000 0.995184
vn 0.098022 -0.000000 0.995184
vn 0.098022 -0.000000 0.995184
vn 0.098022 -0.000000 0.995184
vn 0.098022 -0.000000 0.995184
vn 0.290281 -0.000000 0.956941
vn 0.290281 -0.000000 0.956941
vn 0.290281 -0.000000 0.956941
vn 0.290281 -0.000000 0.956941
vn 0.471400 -0.000000 0.881920
vn 0.471400 -0.000000 0.881920
vn 0.471400 -0.000000 0.881920
vn 0.471400 -0.000000 0.881920
vn 0.634390 -0.000000 0.773013
vn 0.634390 -0.000000 0.773013
vn 0.634390 -0.000000 0.773013
vn 0.634390 -0.000000 0.773013
vn 0.773014 -0.000000 0.634389
vn 0.773014 -0.000000 0.634389
vn 0.773014 -0.000000 0.634389
vn 0.773014 -0.000000 0.634389
vn 0.881920 -0.000000 0.471400
vn 0.881920 -0.000000 0.471400
vn 0.881920 -0.000000 0.471400
vn 0.881920 -0.000000 0.471400
vn 0.956941 -0.000000 0.290281
vn 0.956941 -0.000000 0.290281
vn 0.956941 -0.000000 0.290281
vn 0.956941 -0.000000 0.290281
vn -0.495862 0.066516 -0.865850
vn -0.518990 -0.008700 -0.854736
vn 0.991123 -0.095937 0.092040
vn 0.991887 -0.019511 0.125619
vn 0.050333 0.998562 -0.018438
vn -0.495862 0.066516 -0.865850
vn 0.991887 -0.019511 0.125619
vn 0.076633 0.991633 -0.103878
vn 0.079379 0.617549 0.782517
vn 0.094304 0.610636 0.786276
vn 0.069502 0.622021 0.779910
vn 0.069502 0.622021 0.779910
vn 0.088351 -0.000000 0.996089
vn 0.088351 -0.000000 0.996089
vn 0.088351 -0.000000 0.996089
vn 0.088351 -0.000000 0.996089
vn 0.067404 0.647236 0.759304
vn 0.067404 0.647236 0.759304
vn 0.067404 0.647236 0.759304
vn 0.067404 0.647236 0.759304
vn 0.000000 1.000000 -0.000001
vn 0.000000 1.000000 0.000000
vn 0.000000 1.000000 0.000000
vn 0.000000 1.000000 -0.000001
vn 0.000000 1.000000 -0.000001
vn 0.000000 1.000000 -0.000001
vn 0.000000 1.000000 -0.000001
vn 0.000000 1.000000 -0.000001
vn 0.000000 1.000000 0.000000
vn 0.000000 1.000000 -0.000001
vn 0.000000 1.000000 -0.000001
vn 0.000000 1.000000 0.000000
vn 0.000000 1.000000 0.000000
vn 0.000000 1.000000 0.000000
vn 0.000000 1.000000 0.000001
vn 0.000000 1.000000 0.000000
vn 0.000000 1.000000 -0.000001
vn 0.000000 1.000000 0.000001
vn 0.000000 1.000000 0.000000
vn 0.000000 1.000000 0.000001
vn 0.000000 1.000000 0.000001
vn 0.000000 1.000000 -0.000003
vn 0.000000 1.000000 -0.000003
vn 0.000000 1.000000 -0.000001
vn 0.556683 0.648647 -0.519000
vn 0.556683 0.648647 -0.519000
vn 0.483682 0.647072 -0.589364
vn 0.483682 0.647072 -0.589364
vn 0.634388 -0.000000 -0.773015
vn 0.634388 -0.000000 -0.773015
vn 0.731429 -0.000000 -0.681917
vn 0.731429 -0.000000 -0.681917
vn 0.556706 0.648608 -0.519024
vn 0.556706 0.648608 -0.519024
vn 0.483707 0.647021 -0.589399
vn 0.483707 0.647021 -0.589399
vn -0.556687 0.648638 0.519008
vn -0.556687 0.648638 0.519008
vn -0.483680 0.647067 0.589371
vn -0.483680 0.647067 0.589371
vn -0.731429 0.000000 0.681917
vn -0.634388 0.000000 0.773015
vn -0.634388 0.000000 0.773015
vn -0.731429 0.000000 0.681917
vn -0.556694 0.648636 0.519002
vn -0.556694 0.648636 0.519002
vn -0.483705 0.647030 0.589391
vn -0.483705 0.647030 0.589391
vn 0.000000 1.000000 0.000002
vn 0.000000 1.000000 0.000002
vn 0.000000 1.000000 0.000001
vn 0.000000 1.000000 0.000001
vn -0.556680 0.648650 0.518999
vn -0.556680 0.648650 0.518999
vn -0.483685 0.647060 0.589374
vn -0.483685 0.647060 0.589374
vn -0.634396 0.000000 0.773008
vn -0.634396 0.000000 0.773008
vn -0.731427 0.000000 0.681920
vn -0.731427 0.000000 0.681920
vn -0.589049 0.592805 0.549185
vn -0.589049 0.592805 0.549185
vn -0.511671 0.591173 0.623464
vn -0.511671 0.591173 0.623464
vn -0.108305 0.985319 0.131969
vn -0.108305 0.985319 0.131969
vn -0.124359 0.985440 0.115942
vn -0.124359 0.985440 0.115942
vn -0.589094 0.592716 0.549232
vn -0.589094 0.592716 0.549232
vn -0.511683 0.591140 0.623485
vn -0.511683 0.591140 0.623485
vn -0.634396 -0.000008 0.773009
vn -0.634396 -0.000008 0.773009
vn -0.731429 -0.000003 0.681918
vn -0.731429 -0.000003 0.681918
vn -0.085937 -0.993074 0.080122
vn -0.085937 -0.993074 0.080122
vn -0.074847 -0.993016 0.091204
vn -0.074847 -0.993016 0.091204
vn 0.634386 -0.000000 -0.773016
vn 0.634386 -0.000000 -0.773016
vn 0.634386 -0.000000 -0.773016
vn 0.634386 -0.000000 -0.773016
vn -0.841679 0.021377 0.539554
vn -0.836463 -0.093660 0.539961
vn -0.518990 -0.008700 -0.854736
vn -0.717586 0.020584 -0.696166
vn -0.138275 0.989094 0.050725
vn -0.841679 0.021377 0.539554
vn -0.717586 0.020584 -0.696166
vn -0.188090 0.980415 -0.058377
vn 0.806699 0.586379 0.073456
vn 0.806699 0.586379 0.073456
vn 0.756723 0.567141 0.325148
vn 0.780020 0.578206 0.239265
vn 0.943345 -0.000000 0.331815
vn 0.996089 -0.000000 0.088351
vn 0.996089 -0.000000 0.088351
vn 0.945462 -0.000000 0.325734
vn 0.759958 0.646449 0.067576
vn 0.759958 0.646449 0.067576
vn 0.703302 0.659700 0.264881
vn 0.701750 0.659679 0.269018
vn 0.000000 1.000000 -0.000002
vn 0.000000 1.000000 -0.000002
vn -0.017048 0.999750 0.014470
vn -0.005862 0.999970 0.004975
vn 0.000000 1.000000 0.000000
vn 0.000000 1.000000 0.000000
vn 0.000000 1.000000 -0.000002
vn -0.005862 0.999970 0.004975
vn 0.000000 1.000000 0.000003
vn 0.000000 1.000000 0.000000
vn 0.000000 1.000000 0.000000
vn 0.000000 1.000000 0.000001
vn 0.000000 1.000000 0.000000
vn 0.000000 1.000000 0.000001
vn 0.000000 1.000000 0.000003
vn 0.000000 1.000000 0.000001
vn 0.000000 1.000000 0.000001
vn 0.000000 1.000000 0.000001
vn 0.000000 1.000000 0.000000
vn 0.000000 1.000000 0.000001
vn 0.000000 1.000000 0.000000
vn 0.000000 1.000000 0.000004
vn 0.000000 1.000000 0.000001
vn 0.000000 1.000000 0.000001
vn -0.642479 0.648753 0.407849
vn -0.642478 0.648753 0.407850
vn -0.589380 0.647050 0.483692
vn -0.589380 0.647050 0.483692
vn -0.773014 0.000000 0.634389
vn -0.773014 0.000000 0.634389
vn -0.844259 0.000000 0.535936
vn -0.844259 0.000000 0.535936
vn -0.642492 0.648743 0.407844
vn -0.642491 0.648743 0.407845
vn -0.589397 0.647038 0.483688
vn -0.589397 0.647038 0.483688
vn 0.642476 0.648754 -0.407851
vn 0.642477 0.648754 -0.407849
vn 0.589390 0.647033 -0.483702
vn 0.589390 0.647033 -0.483702
vn 0.844256 -0.000000 -0.535940
vn 0.773015 -0.000000 -0.634388
vn 0.773015 -0.000000 -0.634388
vn 0.844256 -0.000000 -0.535940
vn 0.642458 0.648783 -0.407835
vn 0.642456 0.648783 -0.407838
vn 0.589359 0.647075 -0.483683
vn 0.589359 0.647075 -0.483683
vn 0.000000 1.000000 0.000000
vn 0.000000 1.000000 0.000000
vn 0.000000 1.000000 0.000000
vn 0.000000 1.000000 0.000000
vn 0.642451 0.648790 -0.407832
vn 0.642453 0.648790 -0.407829
vn 0.589362 0.647078 -0.483677
vn 0.589362 0.647078 -0.483677
vn 0.773009 -0.000000 -0.634395
vn 0.773009 -0.000000 -0.634395
vn 0.844258 -0.000000 -0.535937
vn 0.844258 -0.000000 -0.535937
vn 0.679824 0.592957 -0.431557
vn 0.679823 0.592957 -0.431559
vn 0.623444 0.591204 -0.511660
vn 0.623444 0.591204 -0.511660
vn 0.131967 0.985320 -0.108305
vn 0.131967 0.985320 -0.108305
vn 0.143496 0.985450 -0.091092
vn 0.143496 0.985450 -0.091092
vn 0.679930 0.592797 -0.431609
vn 0.679924 0.592797 -0.431619
vn 0.623539 0.591045 -0.511728
vn 0.623539 0.591045 -0.511728
vn 0.773014 -0.000000 -0.634390
vn 0.773014 -0.000000 -0.634390
vn 0.844259 -0.000000 -0.535935
vn 0.844259 -0.000000 -0.535935
vn 0.099161 -0.993078 -0.062949
vn 0.099161 -0.993078 -0.062949
vn 0.091201 -0.993016 -0.074849
vn 0.091201 -0.993016 -0.074849
vn -0.773014 0.000000 0.634389
vn -0.773014 0.000000 0.634389
vn -0.773014 0.000000 0.634389
vn -0.773014 0.000000 0.634389
vn 0.981263 0.088134 0.171333
vn 0.991123 -0.095937 0.092040
vn 0.541529 0.039750 0.839742
vn 0.633671 0.095257 0.767716
vn 0.131132 0.949865 0.283832
vn 0.981263 0.088134 0.171333
vn -0.526654 0.649336 -0.548633
vn -0.526585 0.649339 -0.548696
vn -0.589910 0.644643 -0.486252
vn -0.589910 0.644643 -0.486252
vn -0.693570 0.000000 -0.720390
vn -0.773015 0.000000 -0.634388
vn -0.773015 0.000000 -0.634388
vn -0.693617 0.000000 -0.720344
vn -0.527784 0.648777 -0.548208
vn -0.527784 0.648777 -0.548208
vn -0.589399 0.647023 -0.483705
vn -0.589399 0.647023 -0.483705
vn 0.000000 1.000000 0.000001
vn 0.000000 1.000000 0.000001
vn 0.000000 1.000000 0.000000
vn 0.000000 1.000000 0.000000
vn -0.527763 0.648807 -0.548194
vn -0.527763 0.648807 -0.548194
vn -0.589374 0.647059 -0.483688
vn -0.589374 0.647059 -0.483688
vn -0.773008 0.000000 -0.634396
vn -0.773008 0.000000 -0.634396
vn -0.693556 0.000000 -0.720403
vn -0.693556 0.000000 -0.720403
vn -0.558469 0.592956 -0.580099
vn -0.558469 0.592957 -0.580099
vn -0.623465 0.591170 -0.511674
vn -0.623465 0.591170 -0.511674
vn -0.131968 0.985320 -0.108304
vn -0.131968 0.985320 -0.108304
vn -0.117872 0.985453 -0.122431
vn -0.117872 0.985453 -0.122431
vn -0.558487 0.592928 -0.580110
vn -0.558487 0.592928 -0.580110
vn -0.623473 0.591150 -0.511687
vn -0.623473 0.591150 -0.511687
vn -0.773015 -0.000005 -0.634388
vn -0.773015 -0.000005 -0.634388
vn -0.693556 -0.000006 -0.720402
vn -0.693556 -0.000006 -0.720402
vn -0.081453 -0.993080 -0.084604
vn -0.081453 -0.993080 -0.084604
vn -0.091202 -0.993016 -0.074847
vn -0.091202 -0.993016 -0.074847
vn 0.773013 -0.000000 0.634390
vn 0.773013 -0.000000 0.634390
vn 0.773013 -0.000000 0.634390
vn 0.773013 -0.000000 0.634390
vn 0.547474 0.131320 0.826455
vn 0.541529 0.039750 0.839742
vn -0.836463 -0.093660 0.539961
vn -0.841353 0.045709 0.538550
vn -0.841353 0.045709 0.538550
vn -0.042187 0.997538 0.056013
vn 0.101315 0.988932 0.108397
vn 0.547474 0.131320 0.826455
vn -0.398541 0.654425 -0.642567
vn -0.398539 0.654425 -0.642568
vn -0.478624 0.654640 -0.585120
vn -0.478624 0.654640 -0.585120
vn -0.526720 0.000000 -0.850039
vn -0.634387 0.000000 -0.773015
vn -0.634387 0.000000 -0.773015
vn -0.526720 0.000000 -0.850039
vn -0.400880 0.648668 -0.646935
vn -0.400883 0.648668 -0.646934
vn -0.483670 0.647087 -0.589357
vn -0.483670 0.647087 -0.589357
vn 0.000000 1.000000 -0.000002
vn 0.000000 1.000000 -0.000002
vn 0.000000 1.000000 -0.000001
vn 0.000000 1.000000 -0.000001
vn -0.400875 0.648671 -0.646935
vn -0.400873 0.648671 -0.646937
vn -0.483675 0.647077 -0.589364
vn -0.483675 0.647077 -0.589364
vn -0.634396 0.000000 -0.773008
vn -0.634396 0.000000 -0.773008
vn -0.526726 0.000000 -0.850035
vn -0.526726 0.000000 -0.850035
vn -0.424183 0.592835 -0.684555
vn -0.424184 0.592835 -0.684554
vn -0.511651 0.591215 -0.623440
vn -0.511651 0.591215 -0.623440
vn -0.108305 0.985319 -0.131969
vn -0.108305 0.985319 -0.131969
vn -0.089553 0.985441 -0.144520
vn -0.089553 0.985441 -0.144520
vn -0.424240 0.592667 -0.684665
vn -0.424249 0.592667 -0.684659
vn -0.511728 0.591025 -0.623557
vn -0.511728 0.591025 -0.623557
vn -0.634396 -0.000008 -0.773008
vn -0.634396 -0.000008 -0.773009
vn -0.526724 -0.000003 -0.850037
vn -0.526724 -0.000003 -0.850037
vn -0.061885 -0.993074 -0.099871
vn -0.061885 -0.993074 -0.099871
vn -0.074847 -0.993016 -0.091203
vn -0.074847 -0.993016 -0.091203
vn 0.634389 -0.000000 0.773014
vn 0.634389 -0.000000 0.773014
vn 0.634389 -0.000000 0.773014
vn 0.634389 -0.000000 0.773014
vn 0.995626 -0.093429 0.000001
vn 0.919839 -0.093429 -0.381009
vn 0.919969 -0.091914 -0.381063
vn 0.995767 -0.091914 0.000001
vn 0.919838 -0.093429 0.381010
vn 0.995626 -0.093429 0.000001
vn 0.995767 -0.091914 0.000001
vn 0.919968 -0.091914 0.381064
vn 0.704014 -0.093428 0.704014
vn 0.919838 -0.093429 0.381010
vn 0.919968 -0.091914 0.381064
vn 0.704114 -0.091914 0.704113
vn 0.381009 -0.093429 0.919839
vn 0.704014 -0.093428 0.704014
vn 0.704114 -0.091914 0.704113
vn 0.381064 -0.091914 0.919968
vn -0.000000 -0.093429 0.995626
vn 0.381009 -0.093429 0.919839
vn 0.381064 -0.091914 0.919968
vn -0.000000 -0.091914 0.995767
vn -0.381009 -0.093429 0.919839
vn -0.000000 -0.093429 0.995626
vn -0.000000 -0.091914 0.995767
vn -0.381064 -0.091915 0.919968
vn -0.704014 -0.093429 0.704014
vn -0.381009 -0.093429 0.919839
vn -0.381064 -0.091915 0.919968
vn -0.704113 -0.091915 0.704114
vn -0.919839 -0.093430 0.381009
vn -0.704014 -0.093429 0.704014
vn -0.704113 -0.091915 0.704114
vn -0.919968 -0.091914 0.381064
vn -0.995626 -0.093430 -0.000002
vn -0.919839 -0.093430 0.381009
vn -0.919968 -0.091914 0.381064
vn -0.995767 -0.091915 -0.000002
vn -0.919838 -0.093429 -0.381010
vn -0.995626 -0.093430 -0.000002
vn -0.995767 -0.091915 -0.000002
vn -0.919968 -0.091915 -0.381064
vn -0.704014 -0.093429 -0.704014
vn -0.919838 -0.093429 -0.381010
vn -0.919968 -0.091915 -0.381064
vn -0.704114 -0.091915 -0.704113
vn -0.381009 -0.093430 -0.919839
vn -0.704014 -0.093429 -0.704014
vn -0.704114 -0.091915 -0.704113
vn -0.381063 -0.091914 -0.919969
vn 0.000002 -0.093430 -0.995626
vn -0.381009 -0.093430 -0.919839
vn -0.381063 -0.091914 -0.919969
vn 0.000002 -0.091915 -0.995767
vn 0.381009 -0.093429 -0.919839
vn 0.000002 -0.093430 -0.995626
vn 0.000002 -0.091915 -0.995767
vn 0.381064 -0.091915 -0.919968
vn 0.704013 -0.093429 -0.704015
vn 0.381009 -0.093429 -0.919839
vn 0.381064 -0.091915 -0.919968
vn 0.704114 -0.091915 -0.704113
vn 0.919839 -0.093429 -0.381009
vn 0.704013 -0.093429 -0.704015
vn 0.704114 -0.091915 -0.704113
vn 0.919969 -0.091914 -0.381063
vn 0.000000 0.000000 0.000000
vn 0.000000 0.000000 0.000000
vn 0.000000 0.000000 0.000000
vn 0.000000 0.000000 0.000000
vn 0.000000 0.000000 0.000000
vn 0.000000 0.000000 0.000000
vn 0.000000 0.000000 0.000000
vn 0.000000 0.000000 0.000000
vn 0.000000 0.000000 0.000000
vn 0.000000 0.000000 0.000000
vn 0.000000 0.000000 0.000000
vn 0.000000 0.000000 0.000000
vn 0.000000 0.000000 0.000000
vn 0.000000 0.000000 0.000000
vn 0.000000 0.000000 0.000000
vn 0.000000 0.000000 0.000000
vn 0.000000 0.000000 0.000000
vn 0.000000 0.000000 0.000000
vn 0.000000 0.000000 0.000000
vn 0.000000 0.000000 0.000000
vn 0.000000 0.000000 0.000000
vn 0.000000 0.000000 0.000000
vn 0.000000 0.000000 0.000000
vn 0.000000 0.000000 0.000000
vn 0.000000 0.000000 0.000000
vn 0.000000 0.000000 0.000000
vn 0.000000 0.000000 0.000000
vn 0.000000 0.000000 0.000000
vn 0.000000 0.000000 0.000000
vn 0.000000 0.000000 0.000000
vn 0.000000 0.000000 0.000000
vn 0.000000 0.000000 0.000000
vn 0.000000 0.000000 0.000000
vn 0.000000 0.000000 0.000000
vn 0.000000 0.000000 0.000000
vn 0.000000 0.000000 0.000000
vn 0.000000 0.000000 0.000000
vn 0.000000 0.000000 0.000000
vn 0.000000 0.000000 0.000000
vn 0.000000 0.000000 0.000000
vn 0.000000 0.000000 0.000000
vn 0.000000 0.000000 0.000000
vn 0.000000 0.000000 0.000000
vn 0.000000 0.000000 0.000000
vn 0.000000 0.000000 0.000000
vn 0.000000 0.000000 0.000000
vn 0.000000 0.000000 0.000000
vn 0.000000 0.000000 0.000000
vn 0.000000 0.000000 0.000000
vn 0.000000 0.000000 0.000000
vn 0.000000 0.000000 0.000000
vn 0.000000 0.000000 0.000000
vn 0.000000 0.000000 0.000000
vn 0.000000 0.000000 0.000000
vn 0.000000 0.000000 0.000000
vn 0.000000 0.000000 0.000000
vn 0.000000 0.000000 0.000000
vn 0.000000 0.000000 0.000000
vn 0.000000 0.000000 0.000000
vn 0.000000 0.000000 0.000000
vn 0.000000 0.000000 0.000000
vn 0.000000 0.000000 0.000000
vn 0.000000 0.000000 0.000000
vn 0.000000 0.000000 0.000000
vn 0.000000 0.000000 0.000000
vn 0.000000 0.000000 0.000000
vn 0.000000 0.000000 0.000000
vn 0.000000 0.000000 0.000000
vn 0.000000 0.000000 0.000000
vn 0.000000 0.000000 0.000000
vn 0.000000 0.000000 0.000000
vn 0.000000 0.000000 0.000000
vn 0.000000 0.000000 0.000000
vn 0.000000 0.000000 0.000000
vn 0.000000 0.000000 0.000000
vn 0.000000 0.000000 0.000000
vn 0.000000 0.000000 0.000000
vn 0.000000 0.000000 0.000000
vn 0.000000 0.000000 0.000000
vn 0.000000 0.000000 0.000000
vn 0.000000 0.000000 0.000000
vn 0.000000 0.000000 0.000000
vn 0.000000 0.000000 0.000000
vn 0.000000 0.000000 0.000000
vn 0.000000 0.000000 0.000000
vn 0.000000 0.000000 0.000000
vn 0.000000 0.000000 0.000000
vn 0.000000 0.000000 0.000000
vn 0.000000 0.000000 0.000000
vn 0.000000 0.000000 0.000000
vn 0.000000 0.000000 0.000000
vn 0.000000 0.000000 0.000000
vn 0.000000 0.000000 0.000000
vn 0.000000 0.000000 0.000000
vn 0.000000 0.000000 0.000000
vn 0.000000 0.000000 0.000000
vn 0.000000 0.000000 0.000000
vn 0.000000 0.000000 0.000000
vn 0.000000 0.000000 0.000000
vn 0.000000 0.000000 0.000000
vn 0.000000 0.000000 0.000000
vn 0.000000 0.000000 0.000000
vn 0.000000 0.000000 0.000000
vn 0.000000 0.000000 0.000000
vn 0.000000 0.000000 0.000000
vn 0.000000 0.000000 0.000000
vn 0.000000 0.000000 0.000000
vn 0.000000 0.000000 0.000000
vn 0.000000 0.000000 0.000000
vn 0.000000 0.000000 0.000000
vn 0.000000 0.000000 0.000000
vn 0.000000 0.000000 0.000000
vn 0.000000 0.000000 0.000000
vn 0.000000 0.000000 0.000000
vn 0.000000 0.000000 0.000000
vn 0.000000 0.000000 0.000000
vn 0.000000 0.000000 0.000000
vn 0.000000 0.000000 0.000000
vn 0.000000 0.000000 0.000000
vn 0.000000 0.000000 0.000000
vn 0.000000 0.000000 0.000000
vn 0.000000 0.000000 0.000000
vn 0.000000 0.000000 0.000000
vn 0.000000 0.000000 0.000000
vn 0.000000 0.000000 0.000000
vn 0.000000 0.000000 0.000000
vn 0.000000 0.000000 0.000000
vn 0.000000 0.000000 0.000000
vn 0.704926 0.646390 -0.291991
vn 0.704928 0.646390 -0.291987
vn 0.539523 0.646391 -0.539531
vn 0.539532 0.646391 -0.539522
vn 0.704928 0.646390 -0.291987
vn 0.704926 0.646390 -0.291991
vn 0.763002 0.646396 0.000000
vn 0.763002 0.646396 0.000000
vn 0.763002 0.646396 0.000000
vn 0.763002 0.646396 0.000000
vn 0.704918 0.646401 0.291988
vn 0.704920 0.646401 0.291984
vn 0.582548 -0.776153 -0.241296
vn 0.582547 -0.776153 -0.241299
vn 0.445863 -0.776157 -0.445855
vn 0.445856 -0.776157 -0.445862
vn 0.582547 -0.776153 -0.241299
vn 0.582548 -0.776153 -0.241296
vn 0.630570 -0.776133 0.000001
vn 0.630570 -0.776133 0.000001
vn 0.630570 -0.776133 0.000001
vn 0.630570 -0.776133 0.000001
vn 0.582580 -0.776125 0.241309
vn 0.582578 -0.776125 0.241313
vn 0.704920 0.646401 0.291984
vn 0.704918 0.646401 0.291988
vn 0.539519 0.646406 0.539517
vn 0.539519 0.646406 0.539517
vn 0.582578 -0.776125 0.241313
vn 0.582580 -0.776125 0.241309
vn 0.445882 -0.776131 0.445881
vn 0.445882 -0.776131 0.445881
vn 0.539519 0.646406 0.539517
vn 0.539519 0.646406 0.539517
vn 0.291989 0.646403 0.704916
vn 0.291985 0.646403 0.704917
vn 0.445882 -0.776131 0.445881
vn 0.445882 -0.776131 0.445881
vn 0.241308 -0.776127 0.582578
vn 0.241312 -0.776127 0.582577
vn 0.291985 0.646403 0.704917
vn 0.291989 0.646403 0.704916
vn 0.000000 0.646400 0.762999
vn 0.000000 0.646400 0.762999
vn 0.241312 -0.776127 0.582577
vn 0.241308 -0.776127 0.582578
vn -0.000000 -0.776123 0.630581
vn -0.000000 -0.776124 0.630581
vn 0.000000 0.646400 0.762999
vn 0.000000 0.646400 0.762999
vn -0.291986 0.646410 0.704910
vn -0.291990 0.646410 0.704909
vn -0.000000 -0.776124 0.630581
vn -0.000000 -0.776123 0.630581
vn -0.241310 -0.776131 0.582572
vn -0.241308 -0.776131 0.582573
vn -0.291990 0.646410 0.704909
vn -0.291986 0.646410 0.704910
vn -0.539516 0.646415 0.539509
vn -0.539516 0.646415 0.539509
vn -0.241308 -0.776131 0.582573
vn -0.241310 -0.776131 0.582572
vn -0.445877 -0.776137 0.445876
vn -0.445878 -0.776136 0.445876
vn -0.539516 0.646415 0.539509
vn -0.539516 0.646415 0.539509
vn -0.704915 0.646407 0.291982
vn -0.704913 0.646407 0.291986
vn -0.445878 -0.776136 0.445876
vn -0.445877 -0.776137 0.445876
vn -0.582573 -0.776130 0.241310
vn -0.582574 -0.776130 0.241308
vn -0.704913 0.646407 0.291986
vn -0.704915 0.646407 0.291982
vn -0.762999 0.646399 0.000000
vn -0.762999 0.646399 0.000000
vn -0.582574 -0.776130 0.241308
vn -0.582573 -0.776130 0.241310
vn -0.630579 -0.776125 0.000000
vn -0.630579 -0.776125 0.000000
vn -0.762999 0.646399 0.000000
vn -0.762999 0.646399 0.000000
vn -0.704921 0.646399 -0.291985
vn -0.704920 0.646399 -0.291988
vn -0.630579 -0.776125 0.000000
vn -0.630579 -0.776125 0.000000
vn -0.582573 -0.776130 -0.241310
vn -0.582574 -0.776130 -0.241308
vn -0.704920 0.646399 -0.291988
vn -0.704921 0.646399 -0.291985
vn -0.539521 0.646395 -0.539529
vn -0.539530 0.646395 -0.539520
vn -0.582574 -0.776130 -0.241308
vn -0.582573 -0.776130 -0.241310
vn -0.445876 -0.776136 -0.445877
vn -0.445876 -0.776136 -0.445877
vn -0.539530 0.646395 -0.539520
vn -0.539521 0.646395 -0.539529
vn -0.291987 0.646397 -0.704922
vn -0.291991 0.646396 -0.704920
vn -0.445876 -0.776136 -0.445877
vn -0.445876 -0.776136 -0.445877
vn -0.241309 -0.776130 -0.582574
vn -0.241307 -0.776130 -0.582575
vn -0.291991 0.646396 -0.704920
vn -0.291987 0.646397 -0.704922
vn 0.000000 0.646398 -0.763000
vn 0.000000 0.646398 -0.763000
vn -0.241307 -0.776130 -0.582575
vn -0.241309 -0.776130 -0.582574
vn -0.000000 -0.776124 -0.630580
vn -0.000000 -0.776124 -0.630580
vn 0.000000 0.646398 -0.763000
vn 0.000000 0.646398 -0.763000
vn 0.291986 0.646397 -0.704922
vn 0.291990 0.646397 -0.704921
vn -0.000000 -0.776124 -0.630580
vn -0.000000 -0.776124 -0.630580
vn 0.241307 -0.776139 -0.582563
vn 0.241305 -0.776139 -0.582563
vn 0.291990 0.646397 -0.704921
vn 0.291986 0.646397 -0.704922
vn 0.539532 0.646391 -0.539522
vn 0.539523 0.646391 -0.539531
vn 0.241305 -0.776139 -0.582563
vn 0.241307 -0.776139 -0.582563
vn 0.445856 -0.776157 -0.445862
vn 0.445863 -0.776157 -0.445855
vn 0.995767 -0.091914 0.000001
vn 0.919969 -0.091914 -0.381063
vn 0.920033 -0.091163 -0.381090
vn 0.995836 -0.091164 0.000001
vn 0.995550 -0.094235 0.000001
vn 0.919769 -0.094233 -0.380980
vn 0.919839 -0.093429 -0.381009
vn 0.995626 -0.093429 0.000001
vn 0.919968 -0.091914 0.381064
vn 0.995767 -0.091914 0.000001
vn 0.995836 -0.091164 0.000001
vn 0.920032 -0.091165 0.381090
vn 0.919769 -0.094235 0.380980
vn 0.995550 -0.094235 0.000001
vn 0.995626 -0.093429 0.000001
vn 0.919838 -0.093429 0.381010
vn 0.704114 -0.091914 0.704113
vn 0.919968 -0.091914 0.381064
vn 0.920032 -0.091165 0.381090
vn 0.704163 -0.091165 0.704162
vn 0.703960 -0.094234 0.703960
vn 0.919769 -0.094235 0.380980
vn 0.919838 -0.093429 0.381010
vn 0.704014 -0.093428 0.704014
vn 0.381064 -0.091914 0.919968
vn 0.704114 -0.091914 0.704113
vn 0.704163 -0.091165 0.704162
vn 0.381090 -0.091165 0.920032
vn 0.380980 -0.094235 0.919769
vn 0.703960 -0.094234 0.703960
vn 0.704014 -0.093428 0.704014
vn 0.381009 -0.093429 0.919839
vn -0.000000 -0.091914 0.995767
vn 0.381064 -0.091914 0.919968
vn 0.381090 -0.091165 0.920032
vn -0.000000 -0.091164 0.995836
vn -0.000000 -0.094236 0.995550
vn 0.380980 -0.094235 0.919769
vn 0.381009 -0.093429 0.919839
vn -0.000000 -0.093429 0.995626
vn -0.381064 -0.091915 0.919968
vn -0.000000 -0.091914 0.995767
vn -0.000000 -0.091164 0.995836
vn -0.381091 -0.091165 0.920032
vn -0.380980 -0.094234 0.919769
vn -0.000000 -0.094236 0.995550
vn -0.000000 -0.093429 0.995626
vn -0.381009 -0.093429 0.919839
vn -0.704113 -0.091915 0.704114
vn -0.381064 -0.091915 0.919968
vn -0.381091 -0.091165 0.920032
vn -0.704162 -0.091164 0.704163
vn -0.703961 -0.094233 0.703960
vn -0.380980 -0.094234 0.919769
vn -0.381009 -0.093429 0.919839
vn -0.704014 -0.093429 0.704014
vn -0.919968 -0.091914 0.381064
vn -0.704113 -0.091915 0.704114
vn -0.704162 -0.091164 0.704163
vn -0.920033 -0.091163 0.381090
vn -0.919769 -0.094235 0.380980
vn -0.703961 -0.094233 0.703960
vn -0.704014 -0.093429 0.704014
vn -0.919839 -0.093430 0.381009
vn -0.995767 -0.091915 -0.000002
vn -0.919968 -0.091914 0.381064
vn -0.920033 -0.091163 0.381090
vn -0.995836 -0.091164 -0.000001
vn -0.995550 -0.094235 -0.000001
vn -0.919769 -0.094235 0.380980
vn -0.919839 -0.093430 0.381009
vn -0.995626 -0.093430 -0.000002
vn -0.919968 -0.091915 -0.381064
vn -0.995767 -0.091915 -0.000002
vn -0.995836 -0.091164 -0.000001
vn -0.920032 -0.091165 -0.381090
vn -0.919769 -0.094233 -0.380980
vn -0.995550 -0.094235 -0.000001
vn -0.995626 -0.093430 -0.000002
vn -0.919838 -0.093429 -0.381010
vn -0.704114 -0.091915 -0.704113
vn -0.919968 -0.091915 -0.381064
vn -0.920032 -0.091165 -0.381090
vn -0.704163 -0.091164 -0.704162
vn -0.703960 -0.094233 -0.703960
vn -0.919769 -0.094233 -0.380980
vn -0.919838 -0.093429 -0.381010
vn -0.704014 -0.093429 -0.704014
vn -0.381063 -0.091914 -0.919969
vn -0.704114 -0.091915 -0.704113
vn -0.704163 -0.091164 -0.704162
vn -0.381090 -0.091163 -0.920033
vn -0.380979 -0.094235 -0.919769
vn -0.703960 -0.094233 -0.703960
vn -0.704014 -0.093429 -0.704014
vn -0.381009 -0.093430 -0.919839
vn 0.000002 -0.091915 -0.995767
vn -0.381063 -0.091914 -0.919969
vn -0.381090 -0.091163 -0.920033
vn 0.000001 -0.091164 -0.995836
vn 0.000001 -0.094235 -0.995550
vn -0.380979 -0.094235 -0.919769
vn -0.381009 -0.093430 -0.919839
vn 0.000002 -0.093430 -0.995626
vn 0.381064 -0.091915 -0.919968
vn 0.000002 -0.091915 -0.995767
vn 0.000001 -0.091164 -0.995836
vn 0.381090 -0.091164 -0.920032
vn 0.380980 -0.094233 -0.919769
vn 0.000001 -0.094235 -0.995550
vn 0.000002 -0.093430 -0.995626
vn 0.381009 -0.093429 -0.919839
vn 0.704114 -0.091915 -0.704113
vn 0.381064 -0.091915 -0.919968
vn 0.381090 -0.091164 -0.920032
vn 0.704163 -0.091163 -0.704162
vn 0.703959 -0.094232 -0.703961
vn 0.380980 -0.094233 -0.919769
vn 0.381009 -0.093429 -0.919839
vn 0.704013 -0.093429 -0.704015
vn 0.919969 -0.091914 -0.381063
vn 0.704114 -0.091915 -0.704113
vn 0.704163 -0.091163 -0.704162
vn 0.920033 -0.091163 -0.381090
vn 0.919769 -0.094233 -0.380980
vn 0.703959 -0.094232 -0.703961
vn 0.704013 -0.093429 -0.704015
vn 0.919839 -0.093429 -0.381009
vn 0.085644 0.995694 -0.035474
vn 0.092702 0.995694 0.000000
vn 0.092702 0.995694 0.000001
vn 0.085644 0.995694 -0.035474
vn -0.092674 -0.995696 0.000000
vn -0.085620 -0.995697 0.035465
vn -0.085620 -0.995696 0.035466
vn -0.092674 -0.995696 0.000000
vn 0.092702 0.995694 0.000000
vn 0.085645 0.995694 0.035474
vn 0.085645 0.995694 0.035474
vn 0.092702 0.995694 0.000001
vn -0.085617 -0.995697 -0.035464
vn -0.092674 -0.995696 0.000000
vn -0.092674 -0.995696 0.000000
vn -0.085617 -0.995697 -0.035464
vn 0.085645 0.995694 0.035474
vn 0.065549 0.995694 0.065551
vn 0.065550 0.995694 0.065550
vn 0.085645 0.995694 0.035474
vn -0.065528 -0.995697 -0.065527
vn -0.085617 -0.995697 -0.035464
vn -0.085617 -0.995697 -0.035464
vn -0.065528 -0.995697 -0.065527
vn 0.065549 0.995694 0.065551
vn 0.035475 0.995694 0.085650
vn 0.035476 0.995694 0.085650
vn 0.065550 0.995694 0.065550
vn -0.035464 -0.995697 -0.085617
vn -0.065528 -0.995697 -0.065527
vn -0.065528 -0.995697 -0.065527
vn -0.035464 -0.995697 -0.085617
vn 0.035475 0.995694 0.085650
vn 0.000000 0.995694 0.092705
vn 0.000000 0.995694 0.092705
vn 0.035476 0.995694 0.085650
vn -0.000000 -0.995697 -0.092673
vn -0.035464 -0.995697 -0.085617
vn -0.035464 -0.995697 -0.085617
vn -0.000000 -0.995697 -0.092673
vn 0.000000 0.995694 0.092705
vn -0.035475 0.995694 0.085645
vn -0.035475 0.995694 0.085645
vn 0.000000 0.995694 0.092705
vn 0.035464 -0.995697 -0.085617
vn -0.000000 -0.995697 -0.092673
vn -0.000000 -0.995697 -0.092673
vn 0.035464 -0.995697 -0.085617
vn -0.035475 0.995694 0.085645
vn -0.065550 0.995694 0.065548
vn -0.065550 0.995694 0.065548
vn -0.035475 0.995694 0.085645
vn 0.065528 -0.995697 -0.065527
vn 0.035464 -0.995697 -0.085617
vn 0.035464 -0.995697 -0.085617
vn 0.065528 -0.995697 -0.065527
vn -0.065550 0.995694 0.065548
vn -0.085645 0.995694 0.035475
vn -0.085646 0.995694 0.035475
vn -0.065550 0.995694 0.065548
vn 0.085617 -0.995697 -0.035464
vn 0.065528 -0.995697 -0.065527
vn 0.065528 -0.995697 -0.065527
vn 0.085617 -0.995697 -0.035464
vn -0.085645 0.995694 0.035475
vn -0.092702 0.995694 -0.000001
vn -0.092702 0.995694 -0.000001
vn -0.085646 0.995694 0.035475
vn 0.092673 -0.995697 0.000000
vn 0.085617 -0.995697 -0.035464
vn 0.085617 -0.995697 -0.035464
vn 0.092673 -0.995697 0.000000
vn -0.092702 0.995694 -0.000001
vn -0.085644 0.995694 -0.035474
vn -0.085644 0.995694 -0.035474
vn -0.092702 0.995694 -0.000001
vn 0.085618 -0.995697 0.035464
vn 0.092673 -0.995697 0.000000
vn 0.092673 -0.995697 0.000000
vn 0.085618 -0.995697 0.035464
vn -0.085644 0.995694 -0.035474
vn -0.065548 0.995694 -0.065545
vn -0.065548 0.995694 -0.065545
vn -0.085644 0.995694 -0.035474
vn 0.065529 -0.995697 0.065529
vn 0.085618 -0.995697 0.035464
vn 0.085618 -0.995697 0.035464
vn 0.065529 -0.995697 0.065529
vn -0.065548 0.995694 -0.065545
vn -0.035474 0.995694 -0.085644
vn -0.035474 0.995694 -0.085644
vn -0.065548 0.995694 -0.065545
vn 0.035465 -0.995696 0.085621
vn 0.065529 -0.995697 0.065529
vn 0.065529 -0.995697 0.065529
vn 0.035465 -0.995696 0.085620
vn -0.035474 0.995694 -0.085644
vn 0.000000 0.995694 -0.092700
vn 0.000000 0.995694 -0.092700
vn -0.035474 0.995694 -0.085644
vn -0.000000 -0.995696 0.092675
vn 0.035465 -0.995696 0.085621
vn 0.035465 -0.995696 0.085620
vn -0.000000 -0.995696 0.092675
vn 0.000000 0.995694 -0.092700
vn 0.035474 0.995694 -0.085641
vn 0.035475 0.995694 -0.085640
vn 0.000000 0.995694 -0.092700
vn -0.035464 -0.995697 0.085618
vn -0.000000 -0.995696 0.092675
vn -0.000000 -0.995696 0.092675
vn -0.035464 -0.995697 0.085618
vn 0.035474 0.995694 -0.085641
vn 0.065548 0.995694 -0.065546
vn 0.065548 0.995694 -0.065546
vn 0.035475 0.995694 -0.085640
vn -0.065530 -0.995697 0.065530
vn -0.035464 -0.995697 0.085618
vn -0.035464 -0.995697 0.085618
vn -0.065530 -0.995697 0.065529
vn 0.065548 0.995694 -0.065546
vn 0.085644 0.995694 -0.035474
vn 0.085644 0.995694 -0.035474
vn 0.065548 0.995694 -0.065546
vn -0.085620 -0.995697 0.035465
vn -0.065530 -0.995697 0.065530
vn -0.065530 -0.995697 0.065529
vn -0.085620 -0.995696 0.035466
vn 0.000000 -1.000000 0.000000
vn 0.000000 -1.000000 0.000000
vn 0.000000 -1.000000 0.000000
vn 0.000000 -1.000000 0.000000
vn -0.000000 -1.000000 0.000000
vn -0.000000 -1.000000 0.000000
vn -0.000000 -1.000000 0.000000
vn -0.000000 -1.000000 0.000000
vn -0.000000 -1.000000 0.000000
vn -0.000000 -1.000000 0.000000
vn -0.000000 -1.000000 0.000000
vn -0.000000 -1.000000 0.000000
vn -0.000000 -1.000000 0.000000
vn -0.000000 -1.000000 0.000000
vn -0.000000 -1.000000 0.000000
vn -0.000000 -1.000000 0.000000
vn 0.636260 -0.725063 -0.263548
vn 0.636260 -0.725063 -0.263548
vn 0.486971 -0.725064 -0.486971
vn 0.486970 -0.725064 -0.486972
vn 0.636260 -0.725063 -0.263548
vn 0.636260 -0.725063 -0.263548
vn 0.688680 -0.725065 0.000001
vn 0.688680 -0.725065 0.000001
vn 0.486970 -0.725064 -0.486972
vn 0.486971 -0.725064 -0.486971
vn 0.263548 -0.725063 -0.636260
vn 0.263548 -0.725063 -0.636259
vn 0.263548 -0.725063 -0.636259
vn 0.263548 -0.725063 -0.636260
vn 0.000002 -0.725062 -0.688684
vn 0.000002 -0.725062 -0.688684
vn 0.000002 -0.725062 -0.688684
vn 0.000002 -0.725062 -0.688684
vn -0.263547 -0.725063 -0.636260
vn -0.263548 -0.725063 -0.636260
vn -0.263548 -0.725063 -0.636260
vn -0.263547 -0.725063 -0.636260
vn -0.486969 -0.725067 -0.486970
vn -0.486970 -0.725067 -0.486968
vn -0.486970 -0.725067 -0.486968
vn -0.486969 -0.725067 -0.486970
vn -0.636253 -0.725070 -0.263546
vn -0.636254 -0.725070 -0.263544
vn -0.636254 -0.725070 -0.263544
vn -0.636253 -0.725070 -0.263546
vn -0.688676 -0.725069 0.000000
vn -0.688676 -0.725069 0.000000
vn -0.688676 -0.725069 0.000000
vn -0.688676 -0.725069 0.000000
vn -0.636253 -0.725069 0.263546
vn -0.636254 -0.725069 0.263544
vn -0.636254 -0.725069 0.263544
vn -0.636253 -0.725069 0.263546
vn -0.486968 -0.725070 0.486966
vn -0.486966 -0.725070 0.486967
vn -0.486966 -0.725070 0.486967
vn -0.486968 -0.725070 0.486966
vn -0.263546 -0.725070 0.636252
vn -0.263544 -0.725070 0.636253
vn -0.263544 -0.725070 0.636253
vn -0.263546 -0.725070 0.636252
vn -0.000000 -0.725069 0.688676
vn -0.000000 -0.725069 0.688676
vn -0.000000 -0.725069 0.688676
vn -0.000000 -0.725069 0.688676
vn 0.263546 -0.725071 0.636251
vn 0.263544 -0.725071 0.636252
vn 0.263544 -0.725071 0.636252
vn 0.263546 -0.725071 0.636251
vn 0.486965 -0.725072 0.486966
vn 0.486965 -0.725072 0.486966
vn 0.486965 -0.725072 0.486966
vn 0.486965 -0.725072 0.486966
vn 0.636252 -0.725070 0.263547
vn 0.636254 -0.725070 0.263543
vn 0.636254 -0.725070 0.263543
vn 0.636252 -0.725070 0.263547
vn 0.688680 -0.725065 0.000001
vn 0.688680 -0.725065 0.000001
vn 0.919640 -0.095695 -0.380927
vn 0.703862 -0.095695 -0.703861
vn 0.703862 -0.095695 -0.703861
vn 0.919640 -0.095695 -0.380927
vn 0.703862 -0.095695 -0.703861
vn 0.380928 -0.095695 -0.919639
vn 0.380928 -0.095695 -0.919639
vn 0.703862 -0.095695 -0.703861
vn 0.380928 -0.095695 -0.919639
vn 0.000001 -0.095695 -0.995411
vn 0.000001 -0.095695 -0.995411
vn 0.380928 -0.095695 -0.919639
vn 0.000001 -0.095695 -0.995411
vn -0.380927 -0.095695 -0.919640
vn -0.380927 -0.095695 -0.919640
vn 0.000001 -0.095695 -0.995411
vn -0.380927 -0.095695 -0.919640
vn -0.703861 -0.095695 -0.703862
vn -0.703861 -0.095695 -0.703862
vn -0.380927 -0.095695 -0.919640
vn -0.703861 -0.095695 -0.703862
vn -0.919639 -0.095695 -0.380928
vn -0.919639 -0.095695 -0.380928
vn -0.703861 -0.095695 -0.703862
vn -0.919639 -0.095695 -0.380928
vn -0.995411 -0.095695 0.000000
vn -0.995411 -0.095695 0.000000
vn -0.919639 -0.095695 -0.380928
vn -0.995411 -0.095695 0.000000
vn -0.919639 -0.095695 0.380928
vn -0.919639 -0.095695 0.380928
vn -0.995411 -0.095695 0.000000
vn -0.919639 -0.095695 0.380928
vn -0.703862 -0.095694 0.703861
vn -0.703862 -0.095694 0.703861
vn -0.919639 -0.095695 0.380928
vn -0.703862 -0.095694 0.703861
vn -0.380928 -0.095695 0.919639
vn -0.380928 -0.095695 0.919639
vn -0.703862 -0.095694 0.703861
vn -0.380928 -0.095695 0.919639
vn -0.000000 -0.095695 0.995411
vn -0.000000 -0.095695 0.995411
vn -0.380928 -0.095695 0.919639
vn -0.000000 -0.095695 0.995411
vn 0.380928 -0.095695 0.919639
vn 0.380928 -0.095695 0.919639
vn -0.000000 -0.095695 0.995411
vn 0.380928 -0.095695 0.919639
vn 0.703862 -0.095694 0.703862
vn 0.703862 -0.095694 0.703862
vn 0.380928 -0.095695 0.919639
vn 0.703862 -0.095694 0.703862
vn 0.919639 -0.095695 0.380928
vn 0.919639 -0.095695 0.380928
vn 0.703862 -0.095694 0.703862
vn 0.919639 -0.095695 0.380928
vn 0.995411 -0.095695 0.000000
vn 0.995411 -0.095695 0.000000
vn 0.919639 -0.095695 0.380928
vn 0.995411 -0.095695 0.000000
vn 0.919640 -0.095695 -0.380927
vn 0.919640 -0.095695 -0.380927
vn 0.995411 -0.095695 0.000000
vn -0.000000 -1.000000 0.000000
vn -0.000000 -1.000000 0.000000
vn -0.000000 -1.000000 0.000000
vn -0.000000 -1.000000 0.000000
vn -0.000000 -1.000000 0.000000
vn -0.000000 -1.000000 0.000000
vn -0.000000 -1.000000 0.000000
vn -0.000000 -1.000000 0.000000
vn -0.000000 -1.000000 0.000000
vn -0.000000 -1.000000 0.000000
vn -0.000000 -1.000000 0.000000
vn -0.000000 -1.000000 0.000000
vn -0.000000 -1.000000 0.000000
vn -0.000000 -1.000000 0.000000
vn -0.000000 -1.000000 0.000000
vn -0.000000 -1.000000 0.000000
vn -0.000000 -1.000000 0.000000
vn -0.000000 -1.000000 0.000000
vn -0.000000 -1.000000 0.000000
vn -0.000000 -1.000000 0.000000
vn -0.000000 -1.000000 0.000000
vn -0.000000 -1.000000 0.000000
vn -0.000000 -1.000000 0.000000
vn -0.000000 -1.000000 0.000000
vn -0.000000 -1.000000 0.000000
vn -0.000000 -1.000000 0.000000
vn -0.000000 -1.000000 0.000000
vn -0.000000 -1.000000 0.000000
vn -0.000000 -1.000000 0.000000
vn -0.000000 -1.000000 0.000000
vn -0.000000 -1.000000 0.000000
vn -0.000000 -1.000000 0.000000
vn -0.000000 -1.000000 0.000000
vn -0.000000 -1.000000 0.000000
vn -0.000000 -1.000000 0.000000
vn -0.000000 -1.000000 0.000000
vn -0.000000 -1.000000 0.000000
vn -0.000000 -1.000000 0.000000
vn -0.000000 -1.000000 0.000000
vn -0.000000 -1.000000 0.000000
vn -0.000000 -1.000000 0.000000
vn -0.000000 -1.000000 0.000000
vn -0.000000 -1.000000 0.000000
vn -0.000000 -1.000000 0.000000
vn -0.000000 -1.000000 0.000000
vn -0.000000 -1.000000 0.000000
vn -0.000000 -1.000000 0.000000
vn -0.000000 -1.000000 0.000000
f 12/1/1 4/2/2 10/3/3 13/4/4
f 11/5/5 5/6/6 12/1/7 13/4/8
f 14/7/9 5/6/10 11/5/11 15/8/12
f 16/9/13 3/10/14 17/11/15 18/12/16
f 17/11/17 5/6/18 14/7/19 18/12/20
f 17/11/21 3/10/22 19/13/23 21/14/24
f 19/13/25 2/15/26 20/16/27 21/14/28
f 20/16/29 4/2/30 12/1/31 21/14/32
f 12/1/33 5/6/34 17/11/35 21/14/36
f 23/17/37 3/10/38 16/9/39 24/18/40
f 22/19/41 7/20/42 23/17/43 24/18/44
f 25/21/45 7/20/46 22/19/47 26/22/48
f 27/23/49 6/24/50 28/25/51 29/26/52
f 28/25/53 7/20/54 25/21/55 29/26/56
f 28/25/57 6/24/58 30/27/59 31/28/60
f 30/27/61 2/15/62 19/13/63 31/28/64
f 19/13/65 3/10/66 23/17/67 31/28/68
f 23/17/69 7/20/70 28/25/71 31/28/72
f 33/29/73 6/24/74 27/23/75 34/30/76
f 32/31/77 9/32/78 33/29/79 34/30/80
f 35/33/81 9/32/82 32/31/83 36/34/84
f 37/35/85 8/36/86 38/37/87 39/38/88
f 38/37/89 9/32/90 35/33/91 39/38/92
f 38/37/93 8/36/94 40/39/95 41/40/96
f 40/39/97 2/15/98 30/27/99 41/40/100
f 30/27/101 6/24/102 33/29/103 41/40/104
f 33/29/105 9/32/106 38/37/107 41/40/108
f 42/41/109 8/36/110 37/35/111 43/42/112
f 10/3/113 4/2/114 47/43/115 48/44/116
f 47/43/117 4/2/118 20/16/119 49/45/120
f 20/16/121 2/15/122 40/39/123 49/45/124
f 40/39/125 8/36/126 42/41/127 49/45/128
f 50/46/129 51/47/130 53/48/131 52/49/132
f 51/47/133 50/46/134 112/50/135 113/51/136
f 52/49/137 53/48/138 55/52/139 54/53/140
f 54/53/141 55/52/142 57/54/143 56/55/144
f 56/55/145 57/54/146 59/56/147 58/57/148
f 617/58/149 618/59/150 61/60/151 60/61/152
f 60/61/153 61/60/154 63/62/155 62/63/156
f 62/63/157 63/62/158 65/64/159 64/65/160
f 64/65/161 65/64/162 67/66/163 66/67/164
f 66/67/165 67/66/166 69/68/167 68/69/168
f 68/69/169 69/68/170 71/70/171 70/71/172
f 70/71/173 71/70/174 73/72/175 72/73/176
f 72/73/177 73/72/178 75/74/179 74/75/180
f 74/75/181 75/74/182 77/76/183 76/77/184
f 76/77/185 77/76/186 79/78/187 78/79/188
f 78/79/189 79/78/190 81/80/191 80/81/192
f 80/81/193 81/80/194 83/82/195 82/83/196
f 82/83/197 83/82/198 85/84/199 84/85/200
f 84/85/201 85/84/202 87/86/203 86/87/204
f 86/87/205 87/86/206 89/88/207 88/89/208
f 646/90/209 647/91/210 91/92/211 90/93/212
f 90/93/213 91/92/214 93/94/215 92/95/216
f 92/95/217 93/94/218 95/96/219 94/97/220
f 94/97/221 95/96/222 97/98/223 96/99/224
f 96/99/225 97/98/226 99/100/227 98/101/228
f 98/101/229 99/100/230 101/102/231 100/103/232
f 100/103/233 101/102/234 103/104/235 102/105/236
f 102/105/237 103/104/238 639/106/239 640/107/240
f 104/108/241 105/109/242 107/110/243 106/111/244
f 106/111/245 107/110/246 111/112/247 110/113/248
f 108/114/249 109/115/250 113/51/251 112/50/252
f 610/116/253 611/117/254 110/113/255 111/112/256
f 10/3/257 613/118/258 614/119/259 13/4/260
f 614/119/261 615/120/262 11/5/263 13/4/264
f 11/5/265 615/120/266 616/121/267 15/8/268
f 616/121/269 617/58/270 60/61/271 15/8/272
f 60/61/273 62/63/274 14/7/275 15/8/276
f 14/7/277 62/63/278 64/65/279 18/12/280
f 64/65/281 66/67/282 16/9/283 18/12/284
f 16/9/285 66/67/286 68/69/287 24/18/288
f 68/69/289 70/71/290 22/19/291 24/18/292
f 22/19/293 70/71/294 72/73/295 26/22/296
f 72/73/297 74/75/298 76/77/299 26/22/300
f 76/77/301 78/79/302 25/21/303 26/22/304
f 25/21/305 78/79/306 80/81/307 29/26/308
f 80/81/309 82/83/310 27/23/311 29/26/312
f 27/23/313 82/83/314 84/85/315 34/30/316
f 84/85/317 86/87/318 32/31/319 34/30/320
f 32/31/321 86/87/322 88/89/323 36/34/324
f 645/122/325 646/90/326 90/93/327 92/95/328
f 92/95/329 94/97/330 644/123/331 645/122/332
f 643/124/333 644/123/334 94/97/335 96/99/336
f 96/99/337 98/101/338 642/125/339 643/124/340
f 641/126/341 642/125/342 98/101/343 100/103/344
f 100/103/345 102/105/346 640/107/347 641/126/348
f 104/108/349 106/111/350 42/41/351 43/42/352
f 110/113/353 611/117/354 612/127/355 48/44/356
f 612/127/357 613/118/358 10/3/359 48/44/360
f 47/43/361 106/111/362 110/113/363 48/44/364
f 42/41/365 106/111/366 47/43/367 49/45/368
f 115/128/369 114/129/370 177/130/371 176/131/372
f 114/129/373 116/132/374 637/133/375 638/134/376
f 118/135/377 117/136/378 124/137/379 125/138/380
f 608/139/381 609/140/382 123/141/383 122/142/384
f 119/143/385 121/144/386 178/145/387 179/146/388
f 122/142/389 123/141/390 125/138/391 124/137/392
f 126/147/393 127/148/394 179/146/395 178/145/396
f 127/148/397 126/147/398 128/149/399 129/150/400
f 129/150/401 128/149/402 130/151/403 131/152/404
f 131/152/405 130/151/406 132/153/407 133/154/408
f 133/154/409 132/153/410 134/155/411 135/156/412
f 619/157/413 620/158/414 136/159/415 137/160/416
f 137/160/417 136/159/418 138/161/419 139/162/420
f 139/162/421 138/161/422 140/163/423 141/164/424
f 141/164/425 140/163/426 142/165/427 143/166/428
f 143/166/429 142/165/430 144/167/431 145/168/432
f 145/168/433 144/167/434 146/169/435 147/170/436
f 147/170/437 146/169/438 148/171/439 149/172/440
f 149/172/441 148/171/442 150/173/443 151/174/444
f 151/174/445 150/173/446 152/175/447 153/176/448
f 153/176/449 152/175/450 154/177/451 155/178/452
f 155/178/453 154/177/454 156/179/455 157/180/456
f 157/180/457 156/179/458 158/181/459 159/182/460
f 159/182/461 158/181/462 160/183/463 161/184/464
f 161/184/465 160/183/466 162/185/467 163/186/468
f 163/186/469 162/185/470 164/187/471 165/188/472
f 648/189/473 649/190/474 166/191/475 167/192/476
f 167/192/477 166/191/478 168/193/479 169/194/480
f 169/194/481 168/193/482 170/195/483 171/196/484
f 171/196/485 170/195/486 172/197/487 173/198/488
f 173/198/489 172/197/490 174/199/491 175/200/492
f 175/200/493 174/199/494 176/131/495 177/130/496
f 183/201/497 124/137/498 117/136/499
f 638/134/500 639/106/501 103/104/502 114/129/503
f 609/140/504 610/116/505 111/112/506 123/141/507
f 111/112/508 107/110/509 125/138/510 123/141/511
f 107/110/512 105/109/513 118/135/514 125/138/515
f 53/48/516 51/47/517 127/148/518 129/150/519
f 55/52/520 53/48/521 129/150/522 131/152/523
f 57/54/524 55/52/525 131/152/526 133/154/527
f 59/56/528 57/54/529 133/154/530 135/156/531
f 61/60/532 618/59/533 619/157/534 137/160/535
f 63/62/536 61/60/537 137/160/538 139/162/539
f 65/64/540 63/62/541 139/162/542 141/164/543
f 67/66/544 65/64/545 141/164/546 143/166/547
f 69/68/548 67/66/549 143/166/550 145/168/551
f 71/70/552 69/68/553 145/168/554 147/170/555
f 73/72/556 71/70/557 147/170/558 149/172/559
f 75/74/560 73/72/561 149/172/562 151/174/563
f 77/76/564 75/74/565 151/174/566 153/176/567
f 79/78/568 77/76/569 153/176/570 155/178/571
f 81/80/572 79/78/573 155/178/574 157/180/575
f 83/82/576 81/80/577 157/180/578 159/182/579
f 85/84/580 83/82/581 159/182/582 161/184/583
f 87/86/584 85/84/585 161/184/586 163/186/587
f 89/88/588 87/86/589 163/186/590 165/188/591
f 91/92/592 647/91/593 648/189/594 167/192/595
f 93/94/596 91/92/597 167/192/598 169/194/599
f 95/96/600 93/94/601 169/194/602 171/196/603
f 97/98/604 95/96/605 171/196/606 173/198/607
f 99/100/608 97/98/609 173/198/610 175/200/611
f 101/102/612 99/100/613 175/200/614 177/130/615
f 103/104/616 101/102/617 177/130/618 114/129/619
f 113/51/620 109/115/621 119/143/622 179/146/623
f 51/47/624 113/51/625 179/146/626 127/148/627
f 114/129/628 115/128/629 116/132/630
f 119/143/631 120/202/632 121/144/633
f 680/203/634 681/204/635 188/205/636 187/206/637
f 181/207/638 180/208/639 635/209/640 636/210/641
f 182/211/642 184/212/643 606/213/644 607/214/645
f 186/215/646 185/216/647 664/217/648 665/218/649
f 44/219/650 634/220/651 635/209/652 180/208/653
f 46/221/654 605/222/655 606/213/656 184/212/657
f 1/223/658 679/224/659 680/203/660 187/206/661
f 45/225/662 663/226/663 664/217/664 185/216/665
f 636/210/666 637/133/667 116/132/668 181/207/669
f 607/214/670 608/139/671 122/142/672 182/211/673
f 182/211/674 183/201/675 184/212/676
f 189/227/677 190/228/678 252/229/679 251/230/680
f 190/228/681 189/227/682 191/231/683 192/232/684
f 192/232/685 191/231/686 193/233/687 194/234/688
f 194/234/689 193/233/690 195/235/691 196/236/692
f 196/236/693 195/235/694 197/237/695 198/238/696
f 621/239/697 622/240/698 199/241/699 200/242/700
f 200/242/701 199/241/702 201/243/703 202/244/704
f 202/244/705 201/243/706 203/245/707 204/246/708
f 204/246/709 203/245/710 205/247/711 206/248/712
f 206/248/713 205/247/714 207/249/715 208/250/716
f 208/250/717 207/249/718 209/251/719 210/252/720
f 210/252/721 209/251/722 211/253/723 212/254/724
f 212/254/725 211/253/726 213/255/727 214/256/728
f 214/256/729 213/255/730 215/257/731 216/258/732
f 216/258/733 215/257/734 217/259/735 218/260/736
f 218/260/737 217/259/738 219/261/739 220/262/740
f 220/262/741 219/261/742 221/263/743 222/264/744
f 222/264/745 221/263/746 223/265/747 224/266/748
f 224/266/749 223/265/750 225/267/751 226/268/752
f 226/268/753 225/267/754 227/269/755 228/270/756
f 650/271/757 651/272/758 229/273/759 230/274/760
f 230/274/761 229/273/762 231/275/763 232/276/764
f 232/276/765 231/275/766 233/277/767 234/278/768
f 234/278/769 233/277/770 235/279/771 236/280/772
f 236/280/773 235/279/774 237/281/775 238/282/776
f 238/282/777 237/281/778 239/283/779 240/284/780
f 240/284/781 239/283/782 241/285/783 242/286/784
f 242/286/785 241/285/786 243/287/787 244/288/788
f 682/289/789 683/290/790 245/291/791 246/292/792
f 666/293/793 667/294/794 247/295/795 248/296/796
f 248/296/797 247/295/798 249/297/799 250/298/800
f 250/298/801 249/297/802 251/230/803 252/229/804
f 128/149/805 126/147/806 190/228/807 192/232/808
f 130/151/809 128/149/805 192/232/808 194/234/810
f 132/153/811 130/151/809 194/234/810 196/236/812
f 134/155/813 132/153/811 196/236/812 198/238/814
f 136/159/815 620/158/816 621/239/817 200/242/818
f 138/161/819 136/159/815 200/242/818 202/244/820
f 140/163/821 138/161/819 202/244/820 204/246/822
f 142/165/823 140/163/821 204/246/822 206/248/824
f 144/167/825 142/165/823 206/248/824 208/250/826
f 146/169/827 144/167/825 208/250/826 210/252/828
f 148/171/829 146/169/827 210/252/828 212/254/830
f 150/173/831 148/171/829 212/254/830 214/256/832
f 152/175/833 150/173/831 214/256/832 216/258/834
f 154/177/835 152/175/833 216/258/834 218/260/836
f 156/179/837 154/177/835 218/260/836 220/262/838
f 158/181/839 156/179/837 220/262/838 222/264/840
f 160/183/841 158/181/839 222/264/840 224/266/842
f 162/185/843 160/183/841 224/266/842 226/268/844
f 164/187/845 162/185/843 226/268/844 228/270/846
f 166/191/847 649/190/848 650/271/849 230/274/850
f 168/193/851 166/191/847 230/274/850 232/276/852
f 170/195/853 168/193/851 232/276/852 234/278/854
f 172/197/855 170/195/853 234/278/854 236/280/856
f 174/199/857 172/197/855 236/280/856 238/282/858
f 176/131/859 174/199/857 238/282/858 240/284/860
f 115/128/861 176/131/859 240/284/860 242/286/862
f 178/145/863 121/144/864 250/298/865 252/229/866
f 126/147/806 178/145/863 252/229/866 190/228/807
f 244/288/867 116/132/668 115/128/861 242/286/862
f 188/205/868 681/204/869 682/289/870 246/292/871
f 186/215/872 665/218/873 666/293/874 248/296/875
f 121/144/864 120/202/876 248/296/875 250/298/865
f 253/299/877 254/300/878 316/301/879 315/302/880
f 254/300/881 253/299/882 255/303/883 256/304/884
f 256/304/885 255/303/886 257/305/887 258/306/888
f 258/306/889 257/305/890 259/307/891 260/308/892
f 260/308/893 259/307/894 261/309/895 262/310/896
f 623/311/897 624/312/898 263/313/899 264/314/900
f 264/314/901 263/313/902 265/315/903 266/316/904
f 266/316/905 265/315/906 267/317/907 268/318/908
f 268/318/909 267/317/910 269/319/911 270/320/912
f 270/320/913 269/319/914 271/321/915 272/322/916
f 272/322/917 271/321/918 273/323/919 274/324/920
f 274/324/921 273/323/922 275/325/923 276/326/924
f 276/326/925 275/325/926 277/327/927 278/328/928
f 278/328/929 277/327/930 279/329/931 280/330/932
f 280/330/933 279/329/934 281/331/935 282/332/936
f 282/332/937 281/331/938 283/333/939 284/334/940
f 284/334/941 283/333/942 285/335/943 286/336/944
f 286/336/945 285/335/946 287/337/947 288/338/948
f 288/338/949 287/337/950 289/339/951 290/340/952
f 290/340/953 289/339/954 291/341/955 292/342/956
f 652/343/957 653/344/958 293/345/959 294/346/960
f 294/346/961 293/345/962 295/347/963 296/348/964
f 296/348/965 295/347/966 297/349/967 298/350/968
f 298/350/969 297/349/970 299/351/971 300/352/972
f 300/352/973 299/351/974 301/353/975 302/354/976
f 302/354/977 301/353/978 303/355/979 304/356/980
f 304/356/981 303/355/982 305/357/983 306/358/984
f 306/358/985 305/357/986 307/359/987 308/360/988
f 684/361/989 685/362/990 309/363/991 310/364/992
f 668/365/993 669/366/994 311/367/995 312/368/996
f 312/368/997 311/367/998 313/369/999 314/370/1000
f 314/370/1001 313/369/1002 315/302/1003 316/301/1004
f 254/300/1005 256/304/1006 191/231/1007 189/227/1008
f 256/304/1009 258/306/1010 193/233/1011 191/231/1012
f 258/306/1013 260/308/1014 195/235/1015 193/233/1016
f 260/308/1017 262/310/1018 197/237/1019 195/235/1020
f 622/240/1021 623/311/1022 264/314/1023 199/241/1024
f 264/314/1025 266/316/1026 201/243/1027 199/241/1028
f 266/316/1029 268/318/1030 203/245/1031 201/243/1032
f 268/318/1033 270/320/1034 205/247/1035 203/245/1036
f 270/320/1037 272/322/1038 207/249/1039 205/247/1040
f 272/322/1041 274/324/1042 209/251/1043 207/249/1044
f 274/324/1045 276/326/1046 211/253/1047 209/251/1048
f 276/326/1049 278/328/1050 213/255/1051 211/253/1052
f 278/328/1053 280/330/1054 215/257/1055 213/255/1056
f 280/330/1057 282/332/1058 217/259/1059 215/257/1060
f 282/332/1061 284/334/1062 219/261/1063 217/259/1064
f 284/334/1065 286/336/1066 221/263/1067 219/261/1068
f 286/336/1069 288/338/1070 223/265/1071 221/263/1072
f 288/338/1073 290/340/1074 225/267/1075 223/265/1076
f 290/340/1077 292/342/1078 227/269/1079 225/267/1080
f 651/272/1081 652/343/1082 294/346/1083 229/273/1084
f 294/346/1085 296/348/1086 231/275/1087 229/273/1088
f 296/348/1089 298/350/1090 233/277/1091 231/275/1092
f 298/350/1093 300/352/1094 235/279/1095 233/277/1096
f 300/352/1097 302/354/1098 237/281/1099 235/279/1100
f 302/354/1101 304/356/1102 239/283/1103 237/281/1104
f 304/356/1105 306/358/1106 241/285/1107 239/283/1108
f 306/358/1109 308/360/1110 243/287/1111 241/285/1112
f 683/290/1113 684/361/1114 310/364/1115 245/291/1116
f 667/294/1117 668/365/1118 312/368/1119 247/295/1120
f 312/368/1121 314/370/1122 249/297/1123 247/295/1124
f 314/370/1125 316/301/1126 251/230/1127 249/297/1128
f 316/301/1129 254/300/1130 189/227/1131 251/230/1132
f 317/371/1133 318/372/1134 380/373/1135 379/374/1136
f 318/372/1137 317/371/1138 319/375/1139 320/376/1140
f 320/376/1141 319/375/1142 321/377/1143 322/378/1144
f 322/378/1145 321/377/1146 323/379/1147 324/380/1148
f 324/380/1149 323/379/1150 325/381/1151 326/382/1152
f 625/383/1153 626/384/1154 327/385/1155 328/386/1156
f 328/386/1157 327/385/1158 329/387/1159 330/388/1160
f 330/388/1161 329/387/1162 331/389/1163 332/390/1164
f 332/390/1165 331/389/1166 333/391/1167 334/392/1168
f 334/392/1169 333/391/1170 335/393/1171 336/394/1172
f 336/394/1173 335/393/1174 337/395/1175 338/396/1176
f 338/396/1177 337/395/1178 339/397/1179 340/398/1180
f 340/398/1181 339/397/1182 341/399/1183 342/400/1184
f 342/400/1185 341/399/1186 343/401/1187 344/402/1188
f 344/402/1189 343/401/1190 345/403/1191 346/404/1192
f 346/404/1193 345/403/1194 347/405/1195 348/406/1196
f 348/406/1197 347/405/1198 349/407/1199 350/408/1200
f 350/408/1201 349/407/1202 351/409/1203 352/410/1204
f 352/410/1205 351/409/1206 353/411/1207 354/412/1208
f 354/412/1209 353/411/1210 355/413/1211 356/414/1212
f 654/415/1213 655/416/1214 357/417/1215 358/418/1216
f 358/418/1217 357/417/1218 359/419/1219 360/420/1220
f 360/420/1221 359/419/1222 361/421/1223 362/422/1224
f 362/422/1225 361/421/1226 363/423/1227 364/424/1228
f 364/424/1229 363/423/1230 365/425/1231 366/426/1232
f 366/426/1233 365/425/1234 367/427/1235 368/428/1236
f 368/428/1237 367/427/1238 369/429/1239 370/430/1240
f 370/430/1241 369/429/1242 371/431/1243 372/432/1244
f 686/433/1245 687/434/1246 373/435/1247 374/436/1248
f 670/437/1249 671/438/1250 375/439/1251 376/440/1252
f 376/440/1253 375/439/1254 377/441/1255 378/442/1256
f 378/442/1257 377/441/1258 379/374/1259 380/373/1260
f 255/303/1261 253/299/1262 318/372/1263 320/376/1264
f 257/305/1265 255/303/1266 320/376/1267 322/378/1268
f 259/307/1269 257/305/1270 322/378/1271 324/380/1272
f 261/309/1273 259/307/1274 324/380/1275 326/382/1276
f 263/313/1277 624/312/1278 625/383/1279 328/386/1280
f 265/315/1281 263/313/1282 328/386/1283 330/388/1284
f 267/317/1285 265/315/1286 330/388/1287 332/390/1288
f 269/319/1289 267/317/1290 332/390/1291 334/392/1292
f 271/321/1293 269/319/1294 334/392/1295 336/394/1296
f 273/323/1297 271/321/1298 336/394/1299 338/396/1300
f 275/325/1301 273/323/1302 338/396/1303 340/398/1304
f 277/327/1305 275/325/1306 340/398/1307 342/400/1308
f 279/329/1309 277/327/1310 342/400/1311 344/402/1312
f 281/331/1313 279/329/1314 344/402/1315 346/404/1316
f 283/333/1317 281/331/1318 346/404/1319 348/406/1320
f 285/335/1321 283/333/1322 348/406/1323 350/408/1324
f 287/337/1325 285/335/1326 350/408/1327 352/410/1328
f 289/339/1329 287/337/1330 352/410/1331 354/412/1332
f 291/341/1333 289/339/1334 354/412/1335 356/414/1336
f 293/345/1337 653/344/1338 654/415/1339 358/418/1340
f 295/347/1341 293/345/1342 358/418/1343 360/420/1344
f 297/349/1345 295/347/1346 360/420/1347 362/422/1348
f 299/351/1349 297/349/1350 362/422/1351 364/424/1352
f 301/353/1353 299/351/1354 364/424/1355 366/426/1356
f 303/355/1357 301/353/1358 366/426/1359 368/428/1360
f 305/357/1361 303/355/1362 368/428/1363 370/430/1364
f 307/359/1365 305/357/1366 370/430/1367 372/432/1368
f 309/363/1369 685/362/1370 686/433/1371 374/436/1372
f 311/367/1373 669/366/1374 670/437/1375 376/440/1376
f 313/369/1377 311/367/1378 376/440/1379 378/442/1380
f 315/302/1381 313/369/1382 378/442/1383 380/373/1384
f 253/299/1385 315/302/1386 380/373/1387 318/372/1388
f 381/443/1389 382/444/1390 444/445/1391 443/446/1392
f 382/444/1393 381/443/1394 383/447/1395 384/448/1396
f 384/448/1397 383/447/1398 385/449/1399 386/450/1400
f 386/450/1401 385/449/1402 387/451/1403 388/452/1404
f 388/452/1405 387/451/1406 389/453/1407 390/454/1408
f 627/455/1409 628/456/1410 391/457/1411 392/458/1412
f 392/458/1413 391/457/1414 393/459/1415 394/460/1416
f 394/460/1417 393/459/1418 395/461/1419 396/462/1420
f 396/462/1421 395/461/1422 397/463/1423 398/464/1424
f 398/464/1425 397/463/1426 399/465/1427 400/466/1428
f 400/466/1429 399/465/1430 401/467/1431 402/468/1432
f 402/468/1433 401/467/1434 403/469/1435 404/470/1436
f 404/470/1437 403/469/1438 405/471/1439 406/472/1440
f 406/472/1441 405/471/1442 407/473/1443 408/474/1444
f 408/474/1445 407/473/1446 409/475/1447 410/476/1448
f 410/476/1449 409/475/1450 411/477/1451 412/478/1452
f 412/478/1453 411/477/1454 413/479/1455 414/480/1456
f 414/480/1457 413/479/1458 415/481/1459 416/482/1460
f 416/482/1461 415/481/1462 417/483/1463 418/484/1464
f 418/484/1465 417/483/1466 419/485/1467 420/486/1468
f 656/487/1469 657/488/1470 421/489/1471 422/490/1472
f 422/490/1473 421/489/1474 423/491/1475 424/492/1476
f 424/492/1477 423/491/1478 425/493/1479 426/494/1480
f 426/494/1481 425/493/1482 427/495/1483 428/496/1484
f 428/496/1485 427/495/1486 429/497/1487 430/498/1488
f 430/498/1489 429/497/1490 431/499/1491 432/500/1492
f 432/500/1493 431/499/1494 433/501/1495 434/502/1496
f 434/502/1497 433/501/1498 435/503/1499 436/504/1500
f 688/505/1501 689/506/1502 437/507/1503 438/508/1504
f 672/509/1505 673/510/1506 439/511/1507 440/512/1508
f 440/512/1509 439/511/1510 441/513/1511 442/514/1512
f 442/514/1513 441/513/1514 443/446/1515 444/445/1516
f 319/375/1517 317/371/1518 382/444/1519 384/448/1520
f 321/377/1521 319/375/1522 384/448/1523 386/450/1524
f 323/379/1525 321/377/1526 386/450/1527 388/452/1528
f 325/381/1529 323/379/1530 388/452/1531 390/454/1532
f 327/385/1533 626/384/1534 627/455/1535 392/458/1536
f 329/387/1537 327/385/1538 392/458/1539 394/460/1540
f 331/389/1541 329/387/1542 394/460/1543 396/462/1544
f 333/391/1545 331/389/1546 396/462/1547 398/464/1548
f 335/393/1549 333/391/1550 398/464/1551 400/466/1552
f 337/395/1553 335/393/1554 400/466/1555 402/468/1556
f 339/397/1557 337/395/1558 402/468/1559 404/470/1560
f 341/399/1561 339/397/1562 404/470/1563 406/472/1564
f 343/401/1565 341/399/1566 406/472/1567 408/474/1568
f 345/403/1569 343/401/1570 408/474/1571 410/476/1572
f 347/405/1573 345/403/1574 410/476/1575 412/478/1576
f 349/407/1577 347/405/1578 412/478/1579 414/480/1580
f 351/409/1581 349/407/1582 414/480/1583 416/482/1584
f 353/411/1585 351/409/1586 416/482/1587 418/484/1588
f 355/413/1589 353/411/1590 418/484/1591 420/486/1592
f 357/417/1593 655/416/1594 656/487/1595 422/490/1596
f 359/419/1597 357/417/1598 422/490/1599 424/492/1600
f 361/421/1601 359/419/1602 424/492/1603 426/494/1604
f 363/423/1605 361/421/1606 426/494/1607 428/496/1608
f 365/425/1609 363/423/1610 428/496/1611 430/498/1612
f 367/427/1613 365/425/1614 430/498/1615 432/500/1616
f 369/429/1617 367/427/1618 432/500/1619 434/502/1620
f 371/431/1621 369/429/1622 434/502/1623 436/504/1624
f 373/435/1625 687/434/1626 688/505/1627 438/508/1628
f 375/439/1629 671/438/1630 672/509/1631 440/512/1632
f 377/441/1633 375/439/1634 440/512/1635 442/514/1636
f 379/374/1637 377/441/1638 442/514/1639 444/445/1640
f 317/371/1641 379/374/1642 444/445/1643 382/444/1644
f 445/515/1645 446/516/1646 508/517/1647 507/518/1648
f 446/516/1649 445/515/1650 447/519/1651 448/520/1652
f 448/520/1653 447/519/1654 449/521/1655 450/522/1656
f 450/522/1657 449/521/1658 451/523/1659 452/524/1660
f 452/524/1661 451/523/1662 453/525/1663 454/526/1664
f 629/527/1665 630/528/1666 455/529/1667 456/530/1668
f 456/530/1669 455/529/1670 457/531/1671 458/532/1672
f 458/532/1673 457/531/1674 459/533/1675 460/534/1676
f 460/534/1677 459/533/1678 461/535/1679 462/536/1680
f 462/536/1681 461/535/1682 463/537/1683 464/538/1684
f 464/538/1685 463/537/1686 465/539/1687 466/540/1688
f 466/540/1689 465/539/1690 467/541/1691 468/542/1692
f 468/542/1693 467/541/1694 469/543/1695 470/544/1696
f 470/544/1697 469/543/1698 471/545/1699 472/546/1700
f 472/546/1701 471/545/1702 473/547/1703 474/548/1704
f 474/548/1705 473/547/1706 475/549/1707 476/550/1708
f 476/550/1709 475/549/1710 477/551/1711 478/552/1712
f 478/552/1713 477/551/1714 479/553/1715 480/554/1716
f 480/554/1717 479/553/1718 481/555/1719 482/556/1720
f 482/556/1721 481/555/1722 483/557/1723 484/558/1724
f 658/559/1725 659/560/1726 485/561/1727 486/562/1728
f 486/562/1729 485/561/1730 487/563/1731 488/564/1732
f 488/564/1733 487/563/1734 489/565/1735 490/566/1736
f 490/566/1737 489/565/1738 491/567/1739 492/568/1740
f 492/568/1741 491/567/1742 493/569/1743 494/570/1744
f 494/570/1745 493/569/1746 495/571/1747 496/572/1748
f 496/572/1749 495/571/1750 497/573/1751 498/574/1752
f 498/574/1753 497/573/1754 499/575/1755 500/576/1756
f 690/577/1757 691/578/1758 501/579/1759 502/580/1760
f 674/581/1761 675/582/1762 503/583/1763 504/584/1764
f 504/584/1765 503/583/1766 505/585/1767 506/586/1768
f 506/586/1769 505/585/1770 507/518/1771 508/517/1772
f 383/447/1773 381/443/1774 446/516/1775 448/520/1776
f 385/449/1777 383/447/1778 448/520/1779 450/522/1780
f 387/451/1781 385/449/1782 450/522/1783 452/524/1784
f 389/453/1785 387/451/1786 452/524/1787 454/526/1788
f 391/457/1789 628/456/1790 629/527/1791 456/530/1792
f 393/459/1793 391/457/1794 456/530/1795 458/532/1796
f 395/461/1797 393/459/1798 458/532/1799 460/534/1800
f 397/463/1801 395/461/1802 460/534/1803 462/536/1804
f 399/465/1805 397/463/1806 462/536/1807 464/538/1808
f 401/467/1809 399/465/1810 464/538/1811 466/540/1812
f 403/469/1813 401/467/1814 466/540/1815 468/542/1816
f 405/471/1817 403/469/1818 468/542/1819 470/544/1820
f 407/473/1821 405/471/1822 470/544/1823 472/546/1824
f 409/475/1825 407/473/1826 472/546/1827 474/548/1828
f 411/477/1829 409/475/1830 474/548/1831 476/550/1832
f 413/479/1833 411/477/1834 476/550/1835 478/552/1836
f 415/481/1837 413/479/1838 478/552/1839 480/554/1840
f 417/483/1841 415/481/1842 480/554/1843 482/556/1844
f 419/485/1845 417/483/1846 482/556/1847 484/558/1848
f 421/489/1849 657/488/1850 658/559/1851 486/562/1852
f 423/491/1853 421/489/1854 486/562/1855 488/564/1856
f 425/493/1857 423/491/1858 488/564/1859 490/566/1860
f 427/495/1861 425/493/1862 490/566/1863 492/568/1864
f 429/497/1865 427/495/1866 492/568/1867 494/570/1868
f 431/499/1869 429/497/1870 494/570/1871 496/572/1872
f 433/501/1873 431/499/1874 496/572/1875 498/574/1876
f 435/503/1877 433/501/1878 498/574/1879 500/576/1880
f 437/507/1881 689/506/1882 690/577/1883 502/580/1884
f 439/511/1885 673/510/1886 674/581/1887 504/584/1888
f 441/513/1889 439/511/1890 504/584/1891 506/586/1892
f 443/446/1893 441/513/1894 506/586/1895 508/517/1896
f 381/443/1897 443/446/1898 508/517/1899 446/516/1900
f 509/587/1901 510/588/1902 572/589/1903 571/590/1904
f 510/588/1905 509/587/1906 511/591/1907 512/592/1908
f 512/592/1909 511/591/1910 513/593/1911 514/594/1912
f 514/594/1913 513/593/1914 515/595/1915 516/596/1916
f 516/596/1917 515/595/1918 517/597/1919 518/598/1920
f 631/599/1921 632/600/1922 519/601/1923 520/602/1924
f 520/602/1925 519/601/1926 521/603/1927 522/604/1928
f 522/604/1929 521/603/1930 523/605/1931 524/606/1932
f 524/606/1933 523/605/1934 525/607/1935 526/608/1936
f 526/608/1937 525/607/1938 527/609/1939 528/610/1940
f 528/610/1941 527/609/1942 529/611/1943 530/612/1944
f 530/612/1945 529/611/1946 531/613/1947 532/614/1948
f 532/614/1949 531/613/1950 533/615/1951 534/616/1952
f 534/616/1953 533/615/1954 535/617/1955 536/618/1956
f 536/618/1957 535/617/1958 537/619/1959 538/620/1960
f 538/620/1961 537/619/1962 539/621/1963 540/622/1964
f 540/622/1965 539/621/1966 541/623/1967 542/624/1968
f 542/624/1969 541/623/1970 543/625/1971 544/626/1972
f 544/626/1973 543/625/1974 545/627/1975 546/628/1976
f 546/628/1977 545/627/1978 547/629/1979 548/630/1980
f 660/631/1981 661/632/1982 549/633/1983 550/634/1984
f 550/634/1985 549/633/1986 551/635/1987 552/636/1988
f 552/636/1989 551/635/1990 553/637/1991 554/638/1992
f 554/638/1993 553/637/1994 555/639/1995 556/640/1996
f 556/640/1997 555/639/1998 557/641/1999 558/642/2000
f 558/642/2001 557/641/2002 559/643/2003 560/644/2004
f 560/644/2005 559/643/2006 561/645/2007 562/646/2008
f 562/646/2009 561/645/2010 563/647/2011 564/648/2012
f 692/649/2013 693/650/2014 565/651/2015 566/652/2016
f 676/653/2017 677/654/2018 567/655/2019 568/656/2020
f 568/656/2021 567/655/2022 569/657/2023 570/658/2024
f 570/658/2025 569/657/2026 571/590/2027 572/589/2028
f 447/519/2029 445/515/2030 510/588/2031 512/592/2032
f 449/521/2033 447/519/2034 512/592/2035 514/594/2036
f 451/523/2037 449/521/2038 514/594/2039 516/596/2040
f 453/525/2041 451/523/2042 516/596/2043 518/598/2044
f 455/529/2045 630/528/2046 631/599/2047 520/602/2048
f 457/531/2049 455/529/2050 520/602/2051 522/604/2052
f 459/533/2053 457/531/2054 522/604/2055 524/606/2056
f 461/535/2057 459/533/2058 524/606/2059 526/608/2060
f 463/537/2061 461/535/2062 526/608/2063 528/610/2064
f 465/539/2065 463/537/2066 528/610/2067 530/612/2068
f 467/541/2069 465/539/2070 530/612/2071 532/614/2072
f 469/543/2073 467/541/2074 532/614/2075 534/616/2076
f 471/545/2077 469/543/2078 534/616/2079 536/618/2080
f 473/547/2081 471/545/2082 536/618/2083 538/620/2084
f 475/549/2085 473/547/2086 538/620/2087 540/622/2088
f 477/551/2089 475/549/2090 540/622/2091 542/624/2092
f 479/553/2093 477/551/2094 542/624/2095 544/626/2096
f 481/555/2097 479/553/2098 544/626/2099 546/628/2100
f 483/557/2101 481/555/2102 546/628/2103 548/630/2104
f 485/561/2105 659/560/2106 660/631/2107 550/634/2108
f 487/563/2109 485/561/2110 550/634/2111 552/636/2112
f 489/565/2113 487/563/2114 552/636/2115 554/638/2116
f 491/567/2117 489/565/2118 554/638/2119 556/640/2120
f 493/569/2121 491/567/2122 556/640/2123 558/642/2124
f 495/571/2125 493/569/2126 558/642/2127 560/644/2128
f 497/573/2129 495/571/2130 560/644/2131 562/646/2132
f 499/575/2133 497/573/2134 562/646/2135 564/648/2136
f 501/579/2137 691/578/2138 692/649/2139 566/652/2140
f 503/583/2141 675/582/2142 676/653/2143 568/656/2144
f 505/585/2145 503/583/2146 568/656/2147 570/658/2148
f 507/518/2149 505/585/2150 570/658/2151 572/589/2152
f 445/515/2153 507/518/2154 572/589/2155 510/588/2156
f 509/587/2157 571/590/2158 573/659/2159 574/660/2160
f 511/591/2161 509/587/2162 574/660/2163 575/661/2164
f 513/593/2165 511/591/2166 575/661/2167 576/662/2168
f 515/595/2169 513/593/2170 576/662/2171 577/663/2172
f 517/597/2173 515/595/2174 577/663/2175 578/664/2176
f 519/601/2177 632/600/2178 633/665/2179 579/666/2180
f 521/603/2181 519/601/2182 579/666/2183 580/667/2184
f 523/605/2185 521/603/2186 580/667/2187 581/668/2188
f 525/607/2189 523/605/2190 581/668/2191 582/669/2192
f 527/609/2193 525/607/2194 582/669/2195 583/670/2196
f 529/611/2197 527/609/2198 583/670/2199 584/671/2200
f 531/613/2201 529/611/2202 584/671/2203 585/672/2204
f 533/615/2205 531/613/2206 585/672/2207 586/673/2208
f 535/617/2209 533/615/2210 586/673/2211 587/674/2212
f 537/619/2213 535/617/2214 587/674/2215 588/675/2216
f 539/621/2217 537/619/2218 588/675/2219 589/676/2220
f 541/623/2221 539/621/2222 589/676/2223 590/677/2224
f 543/625/2225 541/623/2226 590/677/2227 591/678/2228
f 545/627/2229 543/625/2230 591/678/2231 592/679/2232
f 547/629/2233 545/627/2234 592/679/2235 593/680/2236
f 549/633/2237 661/632/2238 662/681/2239 594/682/2240
f 551/635/2241 549/633/2242 594/682/2243 595/683/2244
f 553/637/2245 551/635/2246 595/683/2247 596/684/2248
f 555/639/2249 553/637/2250 596/684/2251 597/685/2252
f 557/641/2253 555/639/2254 597/685/2255 598/686/2256
f 559/643/2257 557/641/2258 598/686/2259 599/687/2260
f 561/645/2261 559/643/2262 599/687/2263 600/688/2264
f 563/647/2265 561/645/2266 600/688/2267 601/689/2268
f 565/651/2269 693/650/2270 694/690/2271 602/691/2272
f 567/655/2273 677/654/2274 678/692/2275 603/693/2276
f 569/657/2277 567/655/2278 603/693/2279 604/694/2280
f 571/590/2281 569/657/2282 604/694/2283 573/659/2284
f 181/207/669 116/132/668 244/288/867
f 122/142/672 124/137/498 182/211/673
f 182/211/673 124/137/498 183/201/497
f 248/296/875 120/202/876 186/215/872
f 606/213/2285 605/222/2286 45/225/2287 185/216/2288
f 607/214/2289 606/213/2290 185/216/2291 186/215/2292
f 186/215/872 120/202/876 608/139/671 607/214/670
f 120/202/2293 119/143/2294 609/140/2295 608/139/2296
f 109/115/2297 610/116/2298 609/140/2299 119/143/2300
f 109/115/2301 108/114/2302 611/117/2303 610/116/2304
f 612/127/2305 611/117/2306 108/114/2307 112/50/2308
f 112/50/2309 50/46/2310 613/118/2311 612/127/2312
f 614/119/2313 613/118/2314 50/46/2315 52/49/2316
f 52/49/2317 54/53/2318 615/120/2319 614/119/2320
f 616/121/2321 615/120/2322 54/53/2323 56/55/2324
f 56/55/2325 58/57/2326 617/58/2327 616/121/2328
f 58/57/2329 59/56/2330 618/59/2331 617/58/2332
f 619/157/2333 618/59/2334 59/56/2335 135/156/2336
f 135/156/2337 134/155/2338 620/158/2339 619/157/2340
f 621/239/817 620/158/816 134/155/813 198/238/814
f 198/238/2341 197/237/2342 622/240/2343 621/239/2344
f 262/310/2345 623/311/2346 622/240/2347 197/237/2348
f 262/310/2349 261/309/2350 624/312/2351 623/311/2352
f 625/383/2353 624/312/2354 261/309/2355 326/382/2356
f 326/382/2357 325/381/2358 626/384/2359 625/383/2360
f 627/455/2361 626/384/2362 325/381/2363 390/454/2364
f 390/454/2365 389/453/2366 628/456/2367 627/455/2368
f 629/527/2369 628/456/2370 389/453/2371 454/526/2372
f 454/526/2373 453/525/2374 630/528/2375 629/527/2376
f 631/599/2377 630/528/2378 453/525/2379 518/598/2380
f 518/598/2381 517/597/2382 632/600/2383 631/599/2384
f 633/665/2385 632/600/2386 517/597/2387 578/664/2388
f 635/209/2389 634/220/2390 46/221/2391 184/212/2392
f 636/210/2393 635/209/2394 184/212/2395 183/201/2396
f 117/136/499 637/133/667 636/210/666 183/201/497
f 638/134/2397 637/133/2398 117/136/2399 118/135/2400
f 105/109/2401 639/106/2402 638/134/2403 118/135/2404
f 640/107/2405 639/106/2406 105/109/2407 104/108/2408
f 641/126/2409 640/107/2410 104/108/2411 43/42/2412
f 37/35/2413 642/125/2414 641/126/2415 43/42/2416
f 643/124/2417 642/125/2418 37/35/2419 39/38/2420
f 35/33/2421 644/123/2422 643/124/2423 39/38/2424
f 645/122/2425 644/123/2426 35/33/2427 36/34/2428
f 88/89/2429 646/90/2430 645/122/2431 36/34/2432
f 88/89/2433 89/88/2434 647/91/2435 646/90/2436
f 648/189/2437 647/91/2438 89/88/2439 165/188/2440
f 165/188/2441 164/187/2442 649/190/2443 648/189/2444
f 650/271/849 649/190/848 164/187/845 228/270/846
f 228/270/2445 227/269/2446 651/272/2447 650/271/2448
f 292/342/2449 652/343/2450 651/272/2451 227/269/2452
f 292/342/2453 291/341/2454 653/344/2455 652/343/2456
f 654/415/2457 653/344/2458 291/341/2459 356/414/2460
f 356/414/2461 355/413/2462 655/416/2463 654/415/2464
f 656/487/2465 655/416/2466 355/413/2467 420/486/2468
f 420/486/2469 419/485/2470 657/488/2471 656/487/2472
f 658/559/2473 657/488/2474 419/485/2475 484/558/2476
f 484/558/2477 483/557/2478 659/560/2479 658/559/2480
f 660/631/2481 659/560/2482 483/557/2483 548/630/2484
f 548/630/2485 547/629/2486 661/632/2487 660/631/2488
f 662/681/2489 661/632/2490 547/629/2491 593/680/2492
f 664/217/2493 663/226/2494 1/695/2495 187/696/2496
f 665/218/2497 664/217/2498 187/696/637 188/697/636
f 666/293/874 665/218/873 188/697/868 246/698/871
f 246/698/2499 245/699/2500 667/294/2501 666/293/2502
f 310/700/2503 668/365/2504 667/294/2505 245/699/2506
f 310/700/2507 309/701/2508 669/366/2509 668/365/2510
f 670/437/2511 669/366/2512 309/701/2513 374/702/2514
f 374/702/2515 373/703/2516 671/438/2517 670/437/2518
f 672/509/2519 671/438/2520 373/703/2521 438/704/2522
f 438/704/2523 437/705/2524 673/510/2525 672/509/2526
f 674/581/2527 673/510/2528 437/705/2529 502/706/2530
f 502/706/2531 501/707/2532 675/582/2533 674/581/2534
f 676/653/2535 675/582/2536 501/707/2537 566/708/2538
f 566/708/2539 565/709/2540 677/654/2541 676/653/2542
f 678/692/2543 677/654/2544 565/709/2545 602/710/2546
f 680/203/2547 679/224/2548 44/219/2549 180/208/2550
f 180/208/2551 181/207/2552 681/204/2553 680/203/2554
f 682/289/870 681/204/869 181/207/669 244/288/867
f 244/288/2555 243/287/2556 683/290/2557 682/289/2558
f 308/360/2559 684/361/2560 683/290/2561 243/287/2562
f 308/360/2563 307/359/2564 685/362/2565 684/361/2566
f 686/433/2567 685/362/2568 307/359/2569 372/432/2570
f 372/432/2571 371/431/2572 687/434/2573 686/433/2574
f 688/505/2575 687/434/2576 371/431/2577 436/504/2578
f 436/504/2579 435/503/2580 689/506/2581 688/505/2582
f 690/577/2583 689/506/2584 435/503/2585 500/576/2586
f 500/576/2587 499/575/2588 691/578/2589 690/577/2590
f 692/649/2591 691/578/2592 499/575/2593 564/648/2594
f 564/648/2595 563/647/2596 693/650/2597 692/649/2598
f 694/690/2599 693/650/2600 563/647/2601 601/689/2602
f 762/711/2603 761/712/2604 759/713/2605 760/714/2606
f 764/715/2607 762/711/2608 760/714/2609 763/716/2610
f 766/717/2611 764/715/2612 763/716/2613 765/718/2614
f 768/719/2615 766/717/2616 765/718/2617 767/720/2618
f 770/721/2619 768/719/2620 767/720/2621 769/722/2622
f 772/723/2623 770/721/2624 769/722/2625 771/724/2626
f 774/725/2627 772/723/2628 771/724/2629 773/726/2630
f 776/727/2631 774/725/2632 773/726/2633 775/728/2634
f 778/729/2635 776/727/2636 775/728/2637 777/730/2638
f 780/731/2639 778/729/2640 777/730/2641 779/732/2642
f 782/733/2643 780/731/2644 779/732/2645 781/734/2646
f 784/735/2647 782/733/2648 781/734/2649 783/736/2650
f 786/737/2651 784/735/2652 783/736/2653 785/738/2654
f 788/739/2655 786/737/2656 785/738/2657 787/740/2658
f 790/741/2659 788/739/2660 787/740/2661 789/742/2662
f 761/712/2663 790/743/2664 789/744/2665 759/713/2666
f 723/745/2667 696/746/2668 728/747/2669 727/748/2670
f 695/749/2671 724/750/2672 729/751/2673 730/752/2674
f 696/746/2675 698/753/2676 731/754/2677 728/747/2678
f 697/755/2679 695/749/2680 730/752/2681 732/756/2682
f 698/753/2683 700/757/2684 733/758/2685 731/754/2686
f 699/759/2687 697/755/2688 732/756/2689 734/760/2690
f 700/757/2691 702/761/2692 735/762/2693 733/758/2694
f 701/763/2695 699/759/2696 734/760/2697 736/764/2698
f 702/761/2699 704/765/2700 737/766/2701 735/762/2702
f 703/767/2703 701/763/2704 736/764/2705 738/768/2706
f 704/765/2707 706/769/2708 739/770/2709 737/766/2710
f 705/771/2711 703/767/2712 738/768/2713 740/772/2714
f 706/769/2715 708/773/2716 741/774/2717 739/770/2718
f 707/775/2719 705/771/2720 740/772/2721 742/776/2722
f 708/773/2723 710/777/2724 743/778/2725 741/774/2726
f 709/779/2727 707/775/2728 742/776/2729 744/780/2730
f 710/777/2731 712/781/2732 745/782/2733 743/778/2734
f 711/783/2735 709/779/2736 744/780/2737 746/784/2738
f 712/781/2739 714/785/2740 747/786/2741 745/782/2742
f 713/787/2743 711/783/2744 746/784/2745 748/788/2746
f 714/785/2747 716/789/2748 749/790/2749 747/786/2750
f 715/791/2751 713/787/2752 748/788/2753 750/792/2754
f 716/789/2755 718/793/2756 751/794/2757 749/790/2758
f 717/795/2759 715/791/2760 750/792/2761 752/796/2762
f 718/793/2763 720/797/2764 753/798/2765 751/794/2766
f 719/799/2767 717/795/2768 752/796/2769 754/800/2770
f 720/797/2771 722/801/2772 755/802/2773 753/798/2774
f 721/803/2775 719/799/2776 754/800/2777 756/804/2778
f 722/801/2779 726/805/2780 757/806/2781 755/802/2782
f 725/807/2783 721/803/2784 756/804/2785 758/808/2786
f 726/809/2787 723/745/2788 727/748/2789 757/810/2790
f 724/750/2791 725/811/2792 758/812/2793 729/751/2794
f 791/813/2795 792/814/2796 851/815/2797 852/816/2798
f 792/814/2799 791/813/2800 794/817/2801 793/818/2802
f 793/818/2803 794/817/2804 800/819/2805 799/820/2806
f 795/821/2807 796/822/2808 853/823/2809 854/824/2810
f 796/822/2811 795/821/2812 798/825/2813 797/826/2814
f 797/826/2815 798/825/2816 802/827/2817 801/828/2818
f 799/820/2819 800/819/2820 804/829/2821 803/830/2822
f 801/828/2823 802/827/2824 806/831/2825 805/832/2826
f 803/830/2827 804/829/2828 808/833/2829 807/834/2830
f 805/832/2831 806/831/2832 810/835/2833 809/836/2834
f 807/834/2835 808/833/2836 812/837/2837 811/838/2838
f 809/836/2839 810/835/2840 814/839/2841 813/840/2842
f 811/838/2843 812/837/2844 816/841/2845 815/842/2846
f 813/840/2847 814/839/2848 818/843/2849 817/844/2850
f 815/842/2851 816/841/2852 820/845/2853 819/846/2854
f 817/844/2855 818/843/2856 822/847/2857 821/848/2858
f 819/846/2859 820/845/2860 824/849/2861 823/850/2862
f 821/848/2863 822/847/2864 826/851/2865 825/852/2866
f 823/850/2867 824/849/2868 828/853/2869 827/854/2870
f 825/852/2871 826/851/2872 830/855/2873 829/856/2874
f 827/854/2875 828/853/2876 832/857/2877 831/858/2878
f 829/856/2879 830/855/2880 834/859/2881 833/860/2882
f 831/858/2883 832/857/2884 836/861/2885 835/862/2886
f 833/860/2887 834/859/2888 838/863/2889 837/864/2890
f 835/862/2891 836/861/2892 840/865/2893 839/866/2894
f 837/864/2895 838/863/2896 842/867/2897 841/868/2898
f 839/866/2899 840/865/2900 844/869/2901 843/870/2902
f 841/868/2903 842/867/2904 846/871/2905 845/872/2906
f 843/870/2907 844/869/2908 848/873/2909 847/874/2910
f 845/872/2911 846/871/2912 850/875/2913 849/876/2914
f 847/874/2915 848/873/2916 852/877/2917 851/878/2918
f 849/876/2919 850/875/2920 854/879/2921 853/880/2922
f 760/714/2923 759/713/2924 792/814/2925 793/818/2926
f 798/825/2927 795/821/2928 761/712/2929 762/711/2930
f 763/716/2931 760/714/2932 793/818/2933 799/820/2934
f 802/827/2935 798/825/2936 762/711/2937 764/715/2938
f 765/718/2939 763/716/2940 799/820/2941 803/830/2942
f 806/831/2943 802/827/2944 764/715/2945 766/717/2946
f 767/720/2947 765/718/2948 803/830/2949 807/834/2950
f 810/835/2951 806/831/2952 766/717/2953 768/719/2954
f 769/722/2955 767/720/2956 807/834/2957 811/838/2958
f 814/839/2959 810/835/2960 768/719/2961 770/721/2962
f 771/724/2963 769/722/2964 811/838/2965 815/842/2966
f 818/843/2967 814/839/2968 770/721/2969 772/723/2970
f 773/726/2971 771/724/2972 815/842/2973 819/846/2974
f 822/847/2975 818/843/2976 772/723/2977 774/725/2978
f 775/728/2979 773/726/2980 819/846/2981 823/850/2982
f 826/851/2983 822/847/2984 774/725/2985 776/727/2986
f 777/730/2987 775/728/2988 823/850/2989 827/854/2990
f 830/855/2991 826/851/2992 776/727/2993 778/729/2994
f 779/732/2995 777/730/2996 827/854/2997 831/858/2998
f 834/859/2999 830/855/3000 778/729/3001 780/731/3002
f 781/734/3003 779/732/3004 831/858/3005 835/862/3006
f 838/863/3007 834/859/3008 780/731/3009 782/733/3010
f 783/736/3011 781/734/3012 835/862/3013 839/866/3014
f 842/867/3015 838/863/3016 782/733/3017 784/735/3018
f 785/738/3019 783/736/3020 839/866/3021 843/870/3022
f 846/871/3023 842/867/3024 784/735/3025 786/737/3026
f 787/740/3027 785/738/3028 843/870/3029 847/874/3030
f 850/875/3031 846/871/3032 786/737/3033 788/739/3034
f 789/742/3035 787/740/3036 847/874/3037 851/878/3038
f 854/879/3039 850/875/3040 788/739/3041 790/741/3042
f 759/713/3043 789/744/3044 851/815/3045 792/814/3046
f 795/821/3047 854/824/3048 790/743/3049 761/712/3050
f 727/748/3051 728/747/3052 794/817/3053 791/813/3054
f 730/752/3055 729/751/3056 796/822/3057 797/826/3058
f 728/747/3059 731/754/3060 800/819/3061 794/817/3062
f 732/756/3063 730/752/3064 797/826/3065 801/828/3066
f 731/754/3067 733/758/3068 804/829/3069 800/819/3070
f 734/760/3071 732/756/3072 801/828/3073 805/832/3074
f 733/758/3075 735/762/3076 808/833/3077 804/829/3078
f 736/764/3079 734/760/3080 805/832/3081 809/836/3082
f 735/762/3083 737/766/3084 812/837/3085 808/833/3086
f 738/768/3087 736/764/3088 809/836/3089 813/840/3090
f 737/766/3091 739/770/3092 816/841/3093 812/837/3094
f 740/772/3095 738/768/3096 813/840/3097 817/844/3098
f 739/770/3099 741/774/3100 820/845/3101 816/841/3102
f 742/776/3103 740/772/3104 817/844/3105 821/848/3106
f 741/774/3107 743/778/3108 824/849/3109 820/845/3110
f 744/780/3111 742/776/3112 821/848/3113 825/852/3114
f 743/778/3115 745/782/3116 828/853/3117 824/849/3118
f 746/784/3119 744/780/3120 825/852/3121 829/856/3122
f 745/782/3123 747/786/3124 832/857/3125 828/853/3126
f 748/788/3127 746/784/3128 829/856/3129 833/860/3130
f 747/786/3131 749/790/3132 836/861/3133 832/857/3134
f 750/792/3135 748/788/3136 833/860/3137 837/864/3138
f 749/790/3139 751/794/3140 840/865/3141 836/861/3142
f 752/796/3143 750/792/3144 837/864/3145 841/868/3146
f 751/794/3147 753/798/3148 844/869/3149 840/865/3150
f 754/800/3151 752/796/3152 841/868/3153 845/872/3154
f 753/798/3155 755/802/3156 848/873/3157 844/869/3158
f 756/804/3159 754/800/3160 845/872/3161 849/876/3162
f 755/802/3163 757/806/3164 852/877/3165 848/873/3166
f 758/808/3167 756/804/3168 849/876/3169 853/880/3170
f 757/810/3171 727/748/3172 791/813/3173 852/816/3174
f 729/751/3175 758/812/3176 853/823/3177 796/822/3178
f 873/881/3179 878/882/3180 879/883/3181 871/884/3182
f 875/885/3183 877/886/3184 878/882/3185 873/887/3186
f 878/882/3187 877/886/3188 876/888/3189 874/889/3190
f 879/883/3191 878/882/3192 874/889/3193 872/890/3194
f 880/891/3195 881/892/3196 882/893/3197 883/894/3198
f 881/892/3199 880/891/3200 910/895/3201 911/896/3202
f 883/894/3203 882/893/3204 885/897/3205 884/898/3206
f 884/898/3207 885/897/3208 887/899/3209 886/900/3210
f 886/900/3211 887/899/3212 889/901/3213 888/902/3214
f 888/902/3215 889/901/3216 890/903/3217 891/904/3218
f 891/904/3219 890/903/3220 893/905/3221 892/906/3222
f 892/906/3223 893/905/3224 895/907/3225 894/908/3226
f 894/908/3227 895/907/3228 897/909/3229 896/910/3230
f 896/910/3231 897/909/3232 898/911/3233 899/912/3234
f 899/912/3235 898/911/3236 901/913/3237 900/914/3238
f 900/914/3239 901/913/3240 903/915/3241 902/916/3242
f 902/916/3243 903/915/3244 905/917/3245 904/918/3246
f 904/918/3247 905/917/3248 906/919/3249 907/920/3250
f 907/920/3251 906/919/3252 909/921/3253 908/922/3254
f 908/923/3255 909/924/3256 911/896/3257 910/895/3258
f 880/891/3259 883/894/3260 856/925/3261 855/926/3262
f 883/894/3263 884/898/3264 857/927/3265 856/925/3266
f 884/898/3267 886/900/3268 858/928/3269 857/927/3270
f 886/900/3271 888/902/3272 859/929/3273 858/928/3274
f 888/902/3275 891/904/3276 860/930/3277 859/929/3278
f 891/904/3279 892/906/3280 861/931/3281 860/930/3282
f 892/906/3283 894/908/3284 862/932/3285 861/931/3286
f 894/908/3287 896/910/3288 863/933/3289 862/932/3290
f 896/910/3291 899/912/3292 864/934/3293 863/933/3294
f 899/912/3295 900/914/3296 865/935/3297 864/934/3298
f 900/914/3299 902/916/3300 866/936/3301 865/935/3302
f 902/916/3303 904/918/3304 867/937/3305 866/936/3306
f 904/918/3307 907/920/3308 868/938/3309 867/937/3310
f 907/920/3311 908/922/3312 869/939/3313 868/938/3314
f 908/923/3315 910/895/3316 870/940/3317 869/941/3318
f 910/895/3319 880/891/3320 855/926/3321 870/940/3322
f 882/942/3323 881/943/3324 872/890/3325 885/944/3326
f 905/945/3327 871/946/3328 909/947/3329 906/948/3330
f 871/884/3331 879/883/3332 911/949/3333 909/950/3334
f 903/951/3335 873/887/3336 871/946/3337 905/945/3338
f 885/944/3339 872/890/3340 874/889/3341 887/952/3342
f 901/953/3343 875/885/3344 873/887/3345 903/951/3346
f 887/952/3347 874/889/3348 876/888/3349 889/954/3350
f 897/955/3351 875/885/3352 901/953/3353 898/956/3354
f 895/957/3355 877/886/3356 875/885/3357 897/955/3358
f 889/954/3359 876/888/3360 893/958/3361 890/959/3362
f 893/958/3363 876/888/3364 877/886/3365 895/957/3366
f 911/949/3367 879/883/3368 872/890/3369 881/943/3370
