# This file uses centimeters as units for non-parametric coordinates.

mtllib Glasses.mtl
g default
v -0.759679 0.595344 1.871501
v -0.770703 0.568680 1.869017
v -0.767285 0.537231 1.866216
v -0.749196 0.481675 1.861741
v -0.727384 0.434850 1.859523
v -0.725019 0.607669 1.870842
v -0.704740 0.419287 1.858423
v -0.662992 0.606611 1.863161
v -0.668676 0.413999 1.856205
v -0.605619 0.601685 1.856873
v -0.624341 0.413754 1.847667
v -0.549939 0.593211 1.840518
v -0.576543 0.414321 1.838518
v -0.502736 0.577661 1.826071
v -0.525350 0.416460 1.823748
v -0.478246 0.570688 1.815725
v -0.491407 0.435290 1.814193
v -0.471067 0.553251 1.811354
v -0.465512 0.512481 1.807508
v -0.474988 0.469286 1.808189
v -0.884984 0.683144 1.872990
v -0.808011 0.717967 1.860568
v -0.697705 0.718949 1.839415
v -0.602491 0.711206 1.820585
v -0.504781 0.695820 1.800756
v -0.419080 0.667856 1.782378
v -0.362523 0.641506 1.769712
v -0.345571 0.593856 1.763207
v -0.334973 0.515161 1.755807
v -0.345304 0.429283 1.751942
v -0.386304 0.355430 1.754791
v -0.462850 0.312413 1.766574
v -0.560063 0.306195 1.784836
v -0.639943 0.305210 1.800122
v -0.716245 0.306043 1.814846
v -0.786527 0.318748 1.829220
v -0.839421 0.356824 1.841982
v -0.882413 0.445008 1.856254
v -0.913510 0.544913 1.869039
v -0.917516 0.614974 1.874582
v -0.970136 0.742079 1.869351
v -1.017369 0.646317 1.871906
v -1.012982 0.550478 1.864532
v -0.972852 0.420841 1.847985
v -0.915074 0.304819 1.828975
v -0.864293 0.791696 1.852387
v -0.841451 0.251523 1.811192
v -0.720906 0.793856 1.824973
v -0.747411 0.233648 1.791898
v -0.599637 0.784011 1.800992
v -0.649594 0.232425 1.773013
v -0.474652 0.764230 1.775621
v -0.548459 0.233687 1.753660
v -0.364087 0.728163 1.751911
v -0.421453 0.242847 1.729871
v -0.286756 0.689101 1.734386
v -0.316991 0.302200 1.713836
v -0.259923 0.621405 1.724615
v -0.245954 0.517390 1.714843
v -0.260213 0.402889 1.709783
v -0.762288 0.596420 1.852718
v -0.773343 0.569607 1.853017
v -0.769933 0.538238 1.850223
v -0.752400 0.483003 1.843091
v -0.731595 0.436633 1.835932
v -0.728658 0.609052 1.847115
v -0.709806 0.421391 1.830705
v -0.668607 0.608237 1.835517
v -0.673490 0.415996 1.830250
v -0.610837 0.603207 1.830963
v -0.628583 0.415509 1.825289
v -0.551694 0.593655 1.830772
v -0.581594 0.416317 1.812608
v -0.504285 0.578108 1.816897
v -0.529363 0.418039 1.803917
v -0.494710 0.436540 1.798517
v -0.869924 0.671422 1.851606
v -0.899465 0.609395 1.853057
v -0.895551 0.545107 1.847926
v -0.866490 0.451908 1.835990
v -0.826818 0.369990 1.822782
v -0.778554 0.335313 1.811142
v -0.713613 0.323762 1.797873
v -0.642171 0.323016 1.784089
v -0.567105 0.323938 1.769724
v -0.476606 0.329503 1.752708
v -0.406308 0.368865 1.741877
v -0.368840 0.436706 1.739297
v -0.359387 0.516154 1.742894
v -0.369229 0.589154 1.749759
v -0.383992 0.632333 1.755539
v -0.435895 0.655857 1.767118
v -0.515981 0.681991 1.784293
v -0.607526 0.696384 1.802869
v -0.696843 0.703652 1.820533
v -0.799420 0.702945 1.840201
v -0.478879 0.470645 1.789674
v -0.474446 0.513544 1.791744
v -0.479993 0.554212 1.795581
v -0.482129 0.571792 1.797191
v -1.005925 0.642889 1.846907
v -0.961026 0.734187 1.844497
v -1.001607 0.551239 1.839832
v -0.962957 0.426482 1.823903
v -0.907598 0.315016 1.805666
v -0.837331 0.264184 1.788697
v -0.747167 0.247146 1.770205
v -0.652890 0.245986 1.752005
v -0.555265 0.247203 1.733323
v -0.433141 0.255889 1.710441
v -0.333219 0.312591 1.695097
v -0.278997 0.408916 1.691238
v -0.265378 0.518745 1.696103
v -0.278791 0.618621 1.705487
v -0.304044 0.683077 1.714733
v -0.378003 0.720093 1.731470
v -0.484479 0.754829 1.754304
v -0.604970 0.773887 1.778762
v -0.721944 0.783385 1.801894
v -0.859868 0.781413 1.828271
v 0.765689 0.622650 1.470730
v 0.774959 0.596349 1.462915
v 0.771655 0.564780 1.461881
v 0.755580 0.508613 1.466382
v 0.737071 0.461066 1.474755
v 0.734782 0.633802 1.487299
v 0.717349 0.444745 1.484789
v 0.677066 0.630599 1.511080
v 0.685038 0.438232 1.500535
v 0.624209 0.623701 1.533752
v 0.642268 0.436428 1.514882
v 0.568004 0.613223 1.546794
v 0.596164 0.435314 1.530406
v 0.520343 0.595975 1.557272
v 0.544276 0.435608 1.542719
v 0.494174 0.588095 1.560234
v 0.509410 0.453205 1.551243
v 0.486369 0.570390 1.559800
v 0.481006 0.529425 1.558822
v 0.491031 0.486579 1.554381
v 0.872531 0.714606 1.411227
v 0.798274 0.746721 1.438537
v 0.691852 0.743824 1.474329
v 0.599986 0.732732 1.504651
v 0.505725 0.713909 1.535260
v 0.423045 0.682931 1.561121
v 0.368487 0.654592 1.577649
v 0.352130 0.606346 1.579895
v 0.341906 0.527278 1.577968
v 0.351870 0.441763 1.568770
v 0.391421 0.369352 1.550454
v 0.465274 0.329028 1.522721
v 0.559062 0.326229 1.490801
v 0.636119 0.328053 1.464854
v 0.709735 0.331570 1.440188
v 0.777537 0.346746 1.418285
v 0.828570 0.386684 1.403741
v 0.870044 0.476380 1.395819
v 0.900050 0.577378 1.392550
v 0.903911 0.647580 1.396027
v 0.988452 0.682224 1.344903
v 0.942881 0.776325 1.366732
v 0.984218 0.586230 1.339796
v 0.945498 0.455182 1.343966
v 0.889758 0.337128 1.354779
v 0.840762 0.822219 1.404406
v 0.818728 0.281242 1.375002
v 0.702434 0.819335 1.451010
v 0.728007 0.260060 1.404253
v 0.585437 0.805225 1.489630
v 0.633639 0.255397 1.435861
v 0.464862 0.781048 1.528776
v 0.536067 0.253102 1.468714
v 0.358195 0.741092 1.562141
v 0.413539 0.257794 1.510488
v 0.283595 0.699311 1.584534
v 0.312762 0.313474 1.548378
v 0.257701 0.630671 1.588617
v 0.244227 0.526164 1.586055
v 0.257983 0.412165 1.573634
v 0.755656 0.623594 1.453900
v 0.766322 0.597169 1.448490
v 0.763026 0.565680 1.447459
v 0.746119 0.509829 1.449374
v 0.726046 0.462727 1.452955
v 0.723208 0.635042 1.465656
v 0.705020 0.446718 1.458978
v 0.665278 0.632115 1.485056
v 0.673373 0.440107 1.476380
v 0.612933 0.625114 1.509435
v 0.631869 0.438073 1.494122
v 0.561686 0.613586 1.538247
v 0.584720 0.437195 1.506176
v 0.514132 0.596339 1.549322
v 0.534930 0.437092 1.524289
v 0.501506 0.454373 1.536776
v 0.846270 0.702145 1.400698
v 0.874774 0.641157 1.386902
v 0.870997 0.576731 1.383788
v 0.842967 0.482510 1.386853
v 0.804683 0.399196 1.394127
v 0.758120 0.362821 1.407402
v 0.695475 0.348986 1.427655
v 0.626544 0.345728 1.450752
v 0.554133 0.344010 1.475134
v 0.466823 0.346392 1.504835
v 0.399005 0.383281 1.530293
v 0.362849 0.449804 1.547056
v 0.353732 0.528920 1.555531
v 0.363231 0.602266 1.557316
v 0.377475 0.645964 1.555475
v 0.427546 0.671314 1.540261
v 0.504809 0.700264 1.516094
v 0.593127 0.717877 1.487416
v 0.679294 0.728287 1.458971
v 0.778254 0.731188 1.425689
v 0.477961 0.530594 1.541511
v 0.482242 0.487850 1.537152
v 0.483310 0.571456 1.542487
v 0.485377 0.589112 1.542990
v 0.919963 0.767859 1.350291
v 0.963283 0.678141 1.329524
v 0.959117 0.586339 1.324679
v 0.921832 0.460223 1.328700
v 0.868419 0.346809 1.339044
v 0.800631 0.293506 1.358346
v 0.713641 0.273297 1.386398
v 0.622691 0.268821 1.416863
v 0.528506 0.266604 1.448576
v 0.410693 0.270995 1.488736
v 0.314288 0.324182 1.524975
v 0.261981 0.418601 1.549104
v 0.248835 0.527950 1.561000
v 0.261783 0.628298 1.563459
v 0.286143 0.693642 1.559668
v 0.357493 0.733259 1.538229
v 0.460215 0.771740 1.506097
v 0.576457 0.795036 1.468357
v 0.689311 0.808648 1.431105
v 0.822375 0.811528 1.386284
vt 0.344450 0.138843
vt 0.326586 0.146074
vt 0.322348 0.127834
vt 0.335023 0.122898
vt 0.309329 0.143996
vt 0.309799 0.126162
vt 0.286342 0.134888
vt 0.292181 0.119124
vt 0.266062 0.122599
vt 0.276821 0.109974
vt 0.355062 0.120334
vt 0.342442 0.109440
vt 0.257162 0.108364
vt 0.270492 0.099769
vt 0.357921 0.094008
vt 0.344464 0.089295
vt 0.254674 0.090772
vt 0.268771 0.086704
vt 0.357921 0.071372
vt 0.344416 0.071697
vt 0.255343 0.072543
vt 0.269351 0.072639
vt 0.355615 0.047942
vt 0.342673 0.053538
vt 0.257000 0.053734
vt 0.270608 0.057968
vt 0.350027 0.027120
vt 0.338397 0.037501
vt 0.260875 0.030457
vt 0.273386 0.040273
vt 0.343577 0.012494
vt 0.334143 0.026867
vt 0.273245 0.012307
vt 0.282321 0.026998
vt 0.331689 0.006578
vt 0.325774 0.023073
vt 0.313067 0.002500
vt 0.311750 0.019980
vt 0.292203 0.003454
vt 0.296161 0.020614
vt 0.300835 0.096070
vt 0.321011 0.099557
vt 0.316078 0.101136
vt 0.310497 0.100081
vt 0.323647 0.093570
vt 0.324230 0.082502
vt 0.323965 0.072240
vt 0.323252 0.061877
vt 0.321086 0.052954
vt 0.320147 0.048173
vt 0.317109 0.046512
vt 0.309885 0.044915
vt 0.302063 0.046076
vt 0.295842 0.048867
vt 0.292158 0.054915
vt 0.291268 0.064290
vt 0.290582 0.072863
vt 0.290100 0.080820
vt 0.290456 0.087256
vt 0.292842 0.091501
vt 0.525483 0.021943
vt 0.537008 0.026467
vt 0.525008 0.046430
vt 0.520085 0.044804
vt 0.513955 0.023466
vt 0.514528 0.045847
vt 0.497493 0.029992
vt 0.504888 0.049772
vt 0.483238 0.038452
vt 0.496855 0.054170
vt 0.477495 0.047734
vt 0.494385 0.058310
vt 0.475959 0.059753
vt 0.494021 0.064792
vt 0.476440 0.072882
vt 0.494545 0.072763
vt 0.477503 0.086645
vt 0.495063 0.081355
vt 0.479914 0.103154
vt 0.496060 0.090706
vt 0.488028 0.115421
vt 0.499769 0.096686
vt 0.500689 0.121398
vt 0.505916 0.099740
vt 0.515119 0.122104
vt 0.513600 0.100004
vt 0.528168 0.119307
vt 0.520775 0.098497
vt 0.535797 0.115983
vt 0.523880 0.097892
vt 0.539682 0.106215
vt 0.524680 0.092687
vt 0.543917 0.091169
vt 0.526803 0.083900
vt 0.545435 0.074034
vt 0.528004 0.073455
vt 0.545479 0.057548
vt 0.528336 0.063155
vt 0.543716 0.038820
vt 0.527703 0.052319
vt 0.530077 0.002499
vt 0.547132 0.009456
vt 0.513504 0.004423
vt 0.491255 0.013141
vt 0.471710 0.024965
vt 0.463193 0.038580
vt 0.460800 0.055454
vt 0.461381 0.072990
vt 0.462847 0.091147
vt 0.466442 0.113612
vt 0.478192 0.131088
vt 0.496304 0.139725
vt 0.516380 0.140823
vt 0.534369 0.137013
vt 0.545764 0.131463
vt 0.552079 0.117478
vt 0.557744 0.097320
vt 0.559994 0.074508
vt 0.559994 0.052609
vt 0.557275 0.027202
vt 0.239353 0.009730
vt 0.229926 0.025675
vt 0.217251 0.020739
vt 0.221488 0.002500
vt 0.204702 0.022412
vt 0.204233 0.004578
vt 0.187084 0.029449
vt 0.181245 0.013685
vt 0.171724 0.038600
vt 0.160965 0.025974
vt 0.249965 0.028240
vt 0.237345 0.039134
vt 0.165395 0.048804
vt 0.152065 0.040209
vt 0.252825 0.054565
vt 0.239367 0.059279
vt 0.163674 0.061869
vt 0.149577 0.057801
vt 0.252825 0.077202
vt 0.239319 0.076877
vt 0.164254 0.075934
vt 0.150246 0.076031
vt 0.250518 0.100632
vt 0.237576 0.095035
vt 0.165511 0.090605
vt 0.151903 0.094840
vt 0.244930 0.121453
vt 0.233300 0.111072
vt 0.168289 0.108301
vt 0.155778 0.118117
vt 0.238480 0.136079
vt 0.229046 0.121706
vt 0.177224 0.121576
vt 0.168148 0.136266
vt 0.226592 0.141995
vt 0.220677 0.125501
vt 0.207970 0.146074
vt 0.206653 0.128594
vt 0.187106 0.145119
vt 0.191064 0.127959
vt 0.195738 0.052503
vt 0.205401 0.048493
vt 0.210981 0.047437
vt 0.215914 0.049017
vt 0.218550 0.055003
vt 0.219133 0.066071
vt 0.218868 0.076333
vt 0.218155 0.086697
vt 0.215989 0.095619
vt 0.215050 0.100401
vt 0.212012 0.102062
vt 0.204788 0.103658
vt 0.196966 0.102498
vt 0.190745 0.099707
vt 0.187061 0.093659
vt 0.186171 0.084284
vt 0.185485 0.075711
vt 0.185003 0.067754
vt 0.185359 0.061317
vt 0.187744 0.057072
vt 0.394282 0.021942
vt 0.399680 0.044804
vt 0.394757 0.046430
vt 0.382757 0.026466
vt 0.405810 0.023466
vt 0.405236 0.045846
vt 0.422272 0.029992
vt 0.414877 0.049772
vt 0.436527 0.038452
vt 0.422909 0.054170
vt 0.442270 0.047734
vt 0.425380 0.058310
vt 0.443806 0.059753
vt 0.425744 0.064792
vt 0.443325 0.072882
vt 0.425220 0.072763
vt 0.442262 0.086645
vt 0.424702 0.081355
vt 0.439851 0.103154
vt 0.423705 0.090706
vt 0.431737 0.115420
vt 0.419995 0.096686
vt 0.419076 0.121398
vt 0.413849 0.099740
vt 0.404645 0.122103
vt 0.406165 0.100004
vt 0.391597 0.119307
vt 0.398990 0.098497
vt 0.383967 0.115983
vt 0.395884 0.097892
vt 0.380082 0.106215
vt 0.395085 0.092687
vt 0.375847 0.091169
vt 0.392962 0.083900
vt 0.374329 0.074033
vt 0.391761 0.073455
vt 0.374286 0.057548
vt 0.391429 0.063155
vt 0.376049 0.038820
vt 0.392062 0.052319
vt 0.389688 0.002499
vt 0.372632 0.009456
vt 0.406261 0.004423
vt 0.428510 0.013141
vt 0.448055 0.024964
vt 0.456572 0.038580
vt 0.458965 0.055454
vt 0.458384 0.072990
vt 0.456918 0.091147
vt 0.453322 0.113612
vt 0.441573 0.131088
vt 0.423460 0.139725
vt 0.403385 0.140823
vt 0.385396 0.137013
vt 0.374000 0.131463
vt 0.367685 0.117478
vt 0.362021 0.097320
vt 0.359771 0.074508
vt 0.359771 0.052609
vt 0.362490 0.027201
vn 0.023063 0.092132 0.995480
vn -0.031910 -0.015260 0.999374
vn -0.014787 -0.031551 0.999393
vn 0.036346 0.084448 0.995765
vn -0.051642 -0.111588 0.992412
vn -0.026050 -0.109881 0.993603
vn -0.048161 -0.159886 0.985960
vn -0.030758 -0.142930 0.989255
vn -0.016100 -0.218934 0.975607
vn -0.015732 -0.204221 0.978799
vn 0.116439 0.197741 0.973314
vn 0.127497 0.194049 0.972671
vn 0.068572 -0.309926 0.948285
vn 0.063291 -0.312695 0.947743
vn 0.189707 0.243237 0.951235
vn 0.181096 0.247244 0.951880
vn 0.145207 -0.355868 0.923186
vn 0.137692 -0.372623 0.917711
vn 0.218574 0.245717 0.944378
vn 0.219404 0.261386 0.939968
vn 0.175832 -0.364120 0.914603
vn 0.174147 -0.390922 0.903799
vn 0.254523 0.232713 0.938650
vn 0.264229 0.235519 0.935261
vn 0.189401 -0.363078 0.912306
vn 0.195313 -0.381031 0.903697
vn 0.291952 0.208449 0.933442
vn 0.295068 0.192843 0.935813
vn 0.264112 -0.322237 0.909070
vn 0.261244 -0.328657 0.907599
vn 0.366688 0.096882 0.925286
vn 0.351359 0.096041 0.931302
vn 0.355253 -0.232600 0.905369
vn 0.352556 -0.223677 0.908666
vn 0.413752 -0.007127 0.910362
vn 0.394558 -0.017418 0.918706
vn 0.418741 -0.061973 0.905989
vn 0.397421 -0.060849 0.915617
vn 0.405544 -0.136733 0.903791
vn 0.393956 -0.123345 0.910816
vn -0.009313 -0.110685 0.993812
vn 0.037403 0.030747 0.998827
vn 0.012485 -0.054048 0.998460
vn 0.003672 -0.099493 0.995032
vn 0.110356 0.107473 0.988064
vn 0.134271 0.118608 0.983821
vn 0.205502 0.113837 0.972013
vn 0.280414 0.104786 0.954143
vn 0.307422 0.085077 0.947762
vn 0.353167 0.044764 0.934489
vn 0.368847 -0.031952 0.928941
vn 0.370113 -0.059803 0.927060
vn 0.382253 -0.094026 0.919261
vn 0.337879 -0.159339 0.927604
vn 0.273280 -0.222391 0.935874
vn 0.223230 -0.222205 0.949101
vn 0.183952 -0.232428 0.955060
vn 0.133771 -0.211666 0.968144
vn 0.069614 -0.184805 0.980307
vn 0.021275 -0.134210 0.990725
vn 0.044726 0.020873 -0.998781
vn -0.024122 -0.114170 -0.993168
vn -0.086723 -0.054575 -0.994737
vn -0.009247 0.039468 -0.999178
vn 0.060745 0.121238 -0.990763
vn 0.004298 0.114130 -0.993457
vn 0.054622 0.163254 -0.985071
vn -0.037655 0.127338 -0.991144
vn 0.023509 0.226375 -0.973756
vn -0.086496 0.143853 -0.985812
vn -0.065815 0.327926 -0.942408
vn -0.087427 0.158381 -0.983500
vn -0.129530 0.378298 -0.916577
vn -0.112445 0.174747 -0.978171
vn -0.172924 0.401089 -0.899569
vn -0.185688 0.200502 -0.961935
vn -0.188103 0.399860 -0.897067
vn -0.153426 0.222603 -0.962761
vn -0.254043 0.363606 -0.896244
vn -0.187920 0.252197 -0.949254
vn -0.370599 0.246867 -0.895384
vn -0.337847 0.187574 -0.922321
vn -0.422429 0.129747 -0.897062
vn -0.459846 0.091462 -0.883276
vn -0.424723 0.060849 -0.903276
vn -0.391574 0.060843 -0.918133
vn -0.421376 0.009631 -0.906835
vn -0.390165 0.024360 -0.920423
vn -0.379649 -0.115577 -0.917883
vn -0.462795 -0.026140 -0.886080
vn -0.325021 -0.232564 -0.916665
vn -0.339723 -0.094408 -0.935775
vn -0.254247 -0.297187 -0.920347
vn -0.177455 -0.100210 -0.979014
vn -0.197146 -0.287687 -0.937214
vn -0.121584 -0.098148 -0.987717
vn -0.186862 -0.254666 -0.948803
vn -0.140219 -0.087453 -0.986251
vn -0.135490 -0.223331 -0.965280
vn -0.170500 -0.089678 -0.981268
vn 0.060631 0.008947 -0.998120
vn -0.001925 -0.112591 -0.993640
vn 0.082835 0.117515 -0.989610
vn 0.078826 0.171105 -0.982095
vn 0.042825 0.237259 -0.970502
vn -0.053390 0.339916 -0.938939
vn -0.139330 0.390495 -0.910001
vn -0.173150 0.399282 -0.900329
vn -0.187952 0.398225 -0.897826
vn -0.271669 0.353359 -0.895172
vn -0.375000 0.252709 -0.891916
vn -0.431704 0.144694 -0.890335
vn -0.446354 0.060943 -0.892779
vn -0.441013 0.000416 -0.897501
vn -0.387523 -0.117373 -0.914357
vn -0.302208 -0.242844 -0.921790
vn -0.261057 -0.268709 -0.927171
vn -0.220826 -0.283158 -0.933305
vn -0.188890 -0.280623 -0.941048
vn -0.107581 -0.230940 -0.967002
vn 0.466009 0.100060 0.879104
vn 0.454845 0.091939 0.885812
vn 0.505012 -0.022237 0.862826
vn 0.519357 -0.005384 0.854540
vn 0.514596 -0.100216 0.851556
vn 0.536335 -0.101068 0.837932
vn 0.517669 -0.133096 0.845165
vn 0.531761 -0.149496 0.833596
vn 0.501510 -0.194962 0.842898
vn 0.500755 -0.209692 0.839806
vn 0.370324 0.202268 0.906613
vn 0.360517 0.198201 0.911451
vn 0.421097 -0.306303 0.853731
vn 0.416682 -0.303709 0.856818
vn 0.294193 0.245103 0.923783
vn 0.301868 0.249410 0.920147
vn 0.343595 -0.368927 0.863618
vn 0.339187 -0.352390 0.872223
vn 0.265608 0.246569 0.932017
vn 0.262194 0.262143 0.928728
vn 0.305654 -0.388576 0.869244
vn 0.308595 -0.361745 0.879721
vn 0.231944 0.232308 0.944582
vn 0.221740 0.234743 0.946429
vn 0.286850 -0.379391 0.879648
vn 0.295623 -0.361163 0.884403
vn 0.197626 0.206778 0.958221
vn 0.196599 0.191087 0.961683
vn 0.229637 -0.329241 0.915897
vn 0.227653 -0.322911 0.918642
vn 0.132316 0.092688 0.986865
vn 0.148637 0.092433 0.984562
vn 0.147178 -0.227365 0.962623
vn 0.143512 -0.236408 0.960997
vn 0.087505 -0.012990 0.996079
vn 0.108655 -0.022548 0.993824
vn 0.082841 -0.067986 0.994241
vn 0.106095 -0.066073 0.992158
vn 0.095746 -0.142267 0.985187
vn 0.108838 -0.128442 0.985727
vn 0.500159 -0.101536 0.859960
vn 0.489088 -0.090827 0.867493
vn 0.481574 -0.045639 0.875216
vn 0.457225 0.038260 0.888528
vn 0.385903 0.112403 0.915666
vn 0.362616 0.122702 0.923826
vn 0.294982 0.115424 0.948506
vn 0.221319 0.103700 0.969672
vn 0.195329 0.083064 0.977214
vn 0.150326 0.041147 0.987780
vn 0.136539 -0.036108 0.989977
vn 0.135449 -0.064020 0.988714
vn 0.122185 -0.098688 0.987589
vn 0.167104 -0.162400 0.972472
vn 0.229502 -0.223190 0.947373
vn 0.279554 -0.221195 0.934303
vn 0.317009 -0.230047 0.920100
vn 0.366398 -0.207493 0.907028
vn 0.427310 -0.178403 0.886329
vn 0.472827 -0.126116 0.872084
vn -0.530415 0.010582 -0.847672
vn -0.484273 0.031016 -0.874367
vn -0.411496 -0.060381 -0.909409
vn -0.463223 -0.122022 -0.877801
vn -0.543776 0.110392 -0.831939
vn -0.495742 0.105162 -0.862079
vn -0.537052 0.152658 -0.829621
vn -0.458519 0.119792 -0.880574
vn -0.506521 0.216910 -0.834498
vn -0.413958 0.138013 -0.899773
vn -0.416792 0.321642 -0.850194
vn -0.412516 0.152571 -0.898083
vn -0.350337 0.374335 -0.858567
vn -0.388669 0.169793 -0.905597
vn -0.304975 0.398727 -0.864874
vn -0.317805 0.198140 -0.927222
vn -0.290496 0.398040 -0.870159
vn -0.347016 0.219148 -0.911896
vn -0.231496 0.364014 -0.902166
vn -0.311348 0.249984 -0.916826
vn -0.125727 0.251226 -0.959728
vn -0.165480 0.190631 -0.967614
vn -0.077517 0.135905 -0.987685
vn -0.036890 0.098995 -0.994404
vn -0.076267 0.067085 -0.994828
vn -0.112424 0.065836 -0.991477
vn -0.079216 0.015754 -0.996733
vn -0.113557 0.029307 -0.993099
vn -0.116763 -0.110881 -0.986951
vn -0.031763 -0.018443 -0.999325
vn -0.159795 -0.229616 -0.960074
vn -0.161013 -0.091216 -0.982728
vn -0.221028 -0.296589 -0.929076
vn -0.323277 -0.102820 -0.940702
vn -0.279337 -0.289156 -0.915620
vn -0.376262 -0.102702 -0.920803
vn -0.295088 -0.256610 -0.920367
vn -0.359696 -0.091385 -0.928584
vn -0.348937 -0.227165 -0.909197
vn -0.330796 -0.092564 -0.939152
vn -0.543532 -0.001885 -0.839387
vn -0.482826 -0.121196 -0.867289
vn -0.562313 0.105927 -0.820112
vn -0.556917 0.159725 -0.815065
vn -0.522100 0.227154 -0.822078
vn -0.426302 0.333210 -0.840974
vn -0.338980 0.386909 -0.857551
vn -0.305090 0.396924 -0.865662
vn -0.290947 0.396395 -0.870759
vn -0.215290 0.354368 -0.909986
vn -0.120387 0.257250 -0.958817
vn -0.066636 0.151228 -0.986250
vn -0.052281 0.067998 -0.996315
vn -0.057224 0.007287 -0.998335
vn -0.108111 -0.112375 -0.987767
vn -0.181817 -0.240711 -0.953415
vn -0.219411 -0.267972 -0.938110
vn -0.256955 -0.283806 -0.923812
vn -0.288638 -0.282415 -0.914839
vn -0.373825 -0.235714 -0.897047
g glasses:FCSET_polySurface1_001_0p0_1p0_1p0 glasses:polySurface1 glasses1
usemtl lambert5SG
f 41/1/1 42/2/2 40/3/3 21/4/4
f 42/2/2 43/5/5 39/6/6 40/3/3
f 43/5/5 44/7/7 38/8/8 39/6/6
f 44/7/7 45/9/9 37/10/10 38/8/8
f 46/11/11 41/1/1 21/4/4 22/12/12
f 45/9/9 47/13/13 36/14/14 37/10/10
f 48/15/15 46/11/11 22/12/12 23/16/16
f 47/13/13 49/17/17 35/18/18 36/14/14
f 50/19/19 48/15/15 23/16/16 24/20/20
f 49/17/17 51/21/21 34/22/22 35/18/18
f 52/23/23 50/19/19 24/20/20 25/24/24
f 51/21/21 53/25/25 33/26/26 34/22/22
f 54/27/27 52/23/23 25/24/24 26/28/28
f 53/25/25 55/29/29 32/30/30 33/26/26
f 56/31/31 54/27/27 26/28/28 27/32/32
f 55/29/29 57/33/33 31/34/34 32/30/30
f 58/35/35 56/31/31 27/32/32 28/36/36
f 59/37/37 58/35/35 28/36/36 29/38/38
f 60/39/39 59/37/37 29/38/38 30/40/40
f 57/33/33 60/39/39 30/40/40 31/34/34
f 4/41/41 1/42/42 2/43/43 3/44/44
f 22/12/12 21/4/4 1/42/42 6/45/45
f 23/16/16 22/12/12 6/45/45 8/46/46
f 24/20/20 23/16/16 8/46/46 10/47/47
f 25/24/24 24/20/20 10/47/47 12/48/48
f 26/28/28 25/24/24 12/48/48 14/49/49
f 27/32/32 26/28/28 14/49/49 16/50/50
f 28/36/36 27/32/32 16/50/50 18/51/51
f 29/38/38 28/36/36 18/51/51 19/52/52
f 30/40/40 29/38/38 19/52/52 20/53/53
f 31/34/34 30/40/40 20/53/53 17/54/54
f 32/30/30 31/34/34 17/54/54 15/55/55
f 33/26/26 32/30/30 15/55/55 13/56/56
f 34/22/22 33/26/26 13/56/56 11/57/57
f 35/18/18 34/22/22 11/57/57 9/58/58
f 36/14/14 35/18/18 9/58/58 7/59/59
f 37/10/10 36/14/14 7/59/59 5/60/60
f 38/8/8 37/10/10 5/60/60 4/41/41
f 39/6/6 38/8/8 4/41/41 3/44/44
f 40/3/3 39/6/6 3/44/44 2/43/43
f 21/4/4 40/3/3 2/43/43 1/42/42
f 5/60/60 6/45/45 1/42/42 4/41/41
f 7/59/59 8/46/46 6/45/45 5/60/60
f 16/50/50 20/53/53 19/52/52 18/51/51
f 14/49/49 17/54/54 20/53/53 16/50/50
f 12/48/48 15/55/55 17/54/54 14/49/49
f 9/58/58 10/47/47 8/46/46 7/59/59
f 13/56/56 10/47/47 9/58/58 11/57/57
f 12/48/48 10/47/47 13/56/56 15/55/55
g glasses:FCSET_polySurface2_001_0p0_1p0_1p0 glasses:polySurface1 glasses1
f 78/61/61 77/62/62 61/63/63 62/64/64
f 79/65/65 78/61/61 62/64/64 63/66/66
f 80/67/67 79/65/65 63/66/66 64/68/68
f 81/69/69 80/67/67 64/68/68 65/70/70
f 82/71/71 81/69/69 65/70/70 67/72/72
f 83/73/73 82/71/71 67/72/72 69/74/74
f 84/75/75 83/73/73 69/74/74 71/76/76
f 85/77/77 84/75/75 71/76/76 73/78/78
f 86/79/79 85/77/77 73/78/78 75/80/80
f 87/81/81 86/79/79 75/80/80 76/82/82
f 88/83/83 87/81/81 76/82/82 97/84/84
f 89/85/85 88/83/83 97/84/84 98/86/86
f 90/87/87 89/85/85 98/86/86 99/88/88
f 91/89/89 90/87/87 99/88/88 100/90/90
f 92/91/91 91/89/89 100/90/90 74/92/92
f 93/93/93 92/91/91 74/92/92 72/94/94
f 94/95/95 93/93/93 72/94/94 70/96/96
f 95/97/97 94/95/95 70/96/96 68/98/98
f 96/99/99 95/97/97 68/98/98 66/100/100
f 77/62/62 96/99/99 66/100/100 61/63/63
f 69/74/74 70/96/96 73/78/78 71/76/76
f 101/101/101 102/102/102 77/62/62 78/61/61
f 103/103/103 101/101/101 78/61/61 79/65/65
f 104/104/104 103/103/103 79/65/65 80/67/67
f 105/105/105 104/104/104 80/67/67 81/69/69
f 106/106/106 105/105/105 81/69/69 82/71/71
f 107/107/107 106/106/106 82/71/71 83/73/73
f 108/108/108 107/107/107 83/73/73 84/75/75
f 109/109/109 108/108/108 84/75/75 85/77/77
f 110/110/110 109/109/109 85/77/77 86/79/79
f 111/111/111 110/110/110 86/79/79 87/81/81
f 112/112/112 111/111/111 87/81/81 88/83/83
f 113/113/113 112/112/112 88/83/83 89/85/85
f 114/114/114 113/113/113 89/85/85 90/87/87
f 115/115/115 114/114/114 90/87/87 91/89/89
f 116/116/116 115/115/115 91/89/89 92/91/91
f 117/117/117 116/116/116 92/91/91 93/93/93
f 118/118/118 117/117/117 93/93/93 94/95/95
f 119/119/119 118/118/118 94/95/95 95/97/97
f 120/120/120 119/119/119 95/97/97 96/99/99
f 102/102/102 120/120/120 96/99/99 77/62/62
f 67/72/72 68/98/98 70/96/96 69/74/74
f 73/78/78 70/96/96 72/94/94 75/80/80
f 75/80/80 72/94/94 74/92/92 76/82/82
f 76/82/82 74/92/92 100/90/90 97/84/84
f 61/63/63 64/68/68 63/66/66 62/64/64
f 66/100/100 68/98/98 67/72/72 65/70/70
f 66/100/100 65/70/70 64/68/68 61/63/63
g glasses:FCSET_polySurface3_001_0p0_1p0_1p0 glasses:polySurface1 glasses1
f 162/121/121 141/122/122 160/123/123 161/124/124
f 161/124/124 160/123/123 159/125/125 163/126/126
f 163/126/126 159/125/125 158/127/127 164/128/128
f 164/128/128 158/127/127 157/129/129 165/130/130
f 166/131/131 142/132/132 141/122/122 162/121/121
f 165/130/130 157/129/129 156/133/133 167/134/134
f 168/135/135 143/136/136 142/132/132 166/131/131
f 167/134/134 156/133/133 155/137/137 169/138/138
f 170/139/139 144/140/140 143/136/136 168/135/135
f 169/138/138 155/137/137 154/141/141 171/142/142
f 172/143/143 145/144/144 144/140/140 170/139/139
f 171/142/142 154/141/141 153/145/145 173/146/146
f 174/147/147 146/148/148 145/144/144 172/143/143
f 173/146/146 153/145/145 152/149/149 175/150/150
f 176/151/151 147/152/152 146/148/148 174/147/147
f 175/150/150 152/149/149 151/153/153 177/154/154
f 178/155/155 148/156/156 147/152/152 176/151/151
f 179/157/157 149/158/158 148/156/156 178/155/155
f 180/159/159 150/160/160 149/158/158 179/157/157
f 177/154/154 151/153/153 150/160/160 180/159/159
f 124/161/161 123/162/162 122/163/163 121/164/164
f 142/132/132 126/165/165 121/164/164 141/122/122
f 143/136/136 128/166/166 126/165/165 142/132/132
f 144/140/140 130/167/167 128/166/166 143/136/136
f 145/144/144 132/168/168 130/167/167 144/140/140
f 146/148/148 134/169/169 132/168/168 145/144/144
f 147/152/152 136/170/170 134/169/169 146/148/148
f 148/156/156 138/171/171 136/170/170 147/152/152
f 149/158/158 139/172/172 138/171/171 148/156/156
f 150/160/160 140/173/173 139/172/172 149/158/158
f 151/153/153 137/174/174 140/173/173 150/160/160
f 152/149/149 135/175/175 137/174/174 151/153/153
f 153/145/145 133/176/176 135/175/175 152/149/149
f 154/141/141 131/177/177 133/176/176 153/145/145
f 155/137/137 129/178/178 131/177/177 154/141/141
f 156/133/133 127/179/179 129/178/178 155/137/137
f 157/129/129 125/180/180 127/179/179 156/133/133
f 158/127/127 124/161/161 125/180/180 157/129/129
f 159/125/125 123/162/162 124/161/161 158/127/127
f 160/123/123 122/163/163 123/162/162 159/125/125
f 141/122/122 121/164/164 122/163/163 160/123/123
f 125/180/180 124/161/161 121/164/164 126/165/165
f 127/179/179 125/180/180 126/165/165 128/166/166
f 136/170/170 138/171/171 139/172/172 140/173/173
f 134/169/169 136/170/170 140/173/173 137/174/174
f 132/168/168 134/169/169 137/174/174 135/175/175
f 129/178/178 127/179/179 128/166/166 130/167/167
f 133/176/176 131/177/177 129/178/178 130/167/167
f 132/168/168 135/175/175 133/176/176 130/167/167
g glasses:FCSET_polySurface4_001_0p0_1p0_1p0 glasses:polySurface1 glasses1
f 198/181/181 182/182/182 181/183/183 197/184/184
f 199/185/185 183/186/186 182/182/182 198/181/181
f 200/187/187 184/188/188 183/186/186 199/185/185
f 201/189/189 185/190/190 184/188/188 200/187/187
f 202/191/191 187/192/192 185/190/190 201/189/189
f 203/193/193 189/194/194 187/192/192 202/191/191
f 204/195/195 191/196/196 189/194/194 203/193/193
f 205/197/197 193/198/198 191/196/196 204/195/195
f 206/199/199 195/200/200 193/198/198 205/197/197
f 207/201/201 196/202/202 195/200/200 206/199/199
f 208/203/203 218/204/204 196/202/202 207/201/201
f 209/205/205 217/206/206 218/204/204 208/203/203
f 210/207/207 219/208/208 217/206/206 209/205/205
f 211/209/209 220/210/210 219/208/208 210/207/207
f 212/211/211 194/212/212 220/210/210 211/209/209
f 213/213/213 192/214/214 194/212/212 212/211/211
f 214/215/215 190/216/216 192/214/214 213/213/213
f 215/217/217 188/218/218 190/216/216 214/215/215
f 216/219/219 186/220/220 188/218/218 215/217/217
f 197/184/184 181/183/183 186/220/220 216/219/219
f 189/194/194 191/196/196 193/198/198 190/216/216
f 222/221/221 198/181/181 197/184/184 221/222/222
f 223/223/223 199/185/185 198/181/181 222/221/221
f 224/224/224 200/187/187 199/185/185 223/223/223
f 225/225/225 201/189/189 200/187/187 224/224/224
f 226/226/226 202/191/191 201/189/189 225/225/225
f 227/227/227 203/193/193 202/191/191 226/226/226
f 228/228/228 204/195/195 203/193/193 227/227/227
f 229/229/229 205/197/197 204/195/195 228/228/228
f 230/230/230 206/199/199 205/197/197 229/229/229
f 231/231/231 207/201/201 206/199/199 230/230/230
f 232/232/232 208/203/203 207/201/201 231/231/231
f 233/233/233 209/205/205 208/203/203 232/232/232
f 234/234/234 210/207/207 209/205/205 233/233/233
f 235/235/235 211/209/209 210/207/207 234/234/234
f 236/236/236 212/211/211 211/209/209 235/235/235
f 237/237/237 213/213/213 212/211/211 236/236/236
f 238/238/238 214/215/215 213/213/213 237/237/237
f 239/239/239 215/217/217 214/215/215 238/238/238
f 240/240/240 216/219/219 215/217/217 239/239/239
f 221/222/222 197/184/184 216/219/219 240/240/240
f 187/192/192 189/194/194 190/216/216 188/218/218
f 193/198/198 195/200/200 192/214/214 190/216/216
f 195/200/200 196/202/202 194/212/212 192/214/214
f 196/202/202 218/204/204 220/210/210 194/212/212
f 181/183/183 182/182/182 183/186/186 184/188/188
f 186/220/220 185/190/190 187/192/192 188/218/218
f 186/220/220 181/183/183 184/188/188 185/190/190
g default
v -1.119252 0.854289 1.873706
v -1.127362 0.758428 1.868732
v -1.100354 0.613264 1.853651
v -1.081876 0.506406 1.842819
v -1.062223 0.410291 1.832492
v -1.030606 0.338804 1.821545
v -0.981313 0.272108 1.807524
v -1.045301 0.879763 1.861225
v -1.056790 0.759711 1.855255
v -1.057950 0.637085 1.847123
v -1.048337 0.526275 1.837726
v -1.022817 0.417677 1.825421
v -0.984037 0.330351 1.812018
v -0.938626 0.237991 1.796996
v -0.920896 0.866164 1.836388
v -0.976049 0.743947 1.838661
v -1.023236 0.648275 1.841213
v -1.018857 0.552525 1.833847
v -0.978757 0.423010 1.817315
v -0.921033 0.307097 1.798323
v -0.897389 0.221017 1.787912
v -0.812169 0.856500 1.814830
v -0.870298 0.793518 1.821713
v -0.847486 0.253850 1.780556
v -0.828397 0.208479 1.773796
v -0.708509 0.848655 1.794371
v -0.727048 0.795676 1.794324
v -0.753530 0.235992 1.761281
v -0.722303 0.207913 1.753366
v -0.610143 0.841124 1.774950
v -0.605886 0.785840 1.770366
v -0.655805 0.234770 1.742414
v -0.636129 0.209048 1.736879
v -0.515546 0.833823 1.756270
v -0.481031 0.766077 1.745019
v -0.554769 0.236031 1.723078
v -0.540395 0.210299 1.718564
v -0.419911 0.826162 1.737366
v -0.370565 0.730044 1.721331
v -0.427877 0.245182 1.699312
v -0.441693 0.214572 1.699881
v -0.323003 0.817859 1.718172
v -0.293309 0.691019 1.703822
v -0.266492 0.623386 1.694060
v -0.252538 0.519468 1.684298
v -0.266790 0.405075 1.679242
v -0.323506 0.304480 1.683291
v -0.344274 0.236744 1.682666
v -0.226369 0.814334 1.699357
v -0.221685 0.712012 1.691485
v -0.195378 0.616362 1.679911
v -0.187780 0.517850 1.671740
v -0.205464 0.409055 1.667727
v -0.249288 0.325649 1.670466
v -0.276746 0.262358 1.671432
v -0.132794 0.796777 1.680175
v -0.128415 0.712688 1.673603
v -0.123845 0.619841 1.666400
v -0.118650 0.513112 1.658128
v -0.154363 0.421181 1.658730
v -0.188359 0.345357 1.660098
v -0.223363 0.292942 1.663255
v -0.071561 0.750388 1.665243
v -0.066480 0.695958 1.660560
v -0.065755 0.634360 1.656224
v -0.065763 0.571568 1.651945
v -0.005658 0.743764 1.649639
v -0.005658 0.694415 1.646277
v -0.005658 0.637169 1.642377
v -0.005658 0.578751 1.638396
v -1.048108 0.756760 1.898568
v -1.049268 0.634134 1.890436
v -1.039655 0.523324 1.881039
v -1.014134 0.414726 1.868735
v -0.975362 0.327400 1.855332
v -0.213002 0.709061 1.734799
v -0.186696 0.613411 1.723225
v -0.179097 0.514899 1.715054
v -0.196790 0.406104 1.711041
v -0.240605 0.322697 1.713780
v -0.119733 0.709737 1.716916
v -0.115163 0.616889 1.709714
v -0.057798 0.693006 1.703873
v -0.057080 0.631409 1.699537
v 0.005595 0.691510 1.688914
v 0.005595 0.634264 1.685014
v -0.976712 0.750815 1.884441
v -0.969815 0.741863 1.869248
v -1.017003 0.646191 1.871800
v -1.027455 0.647953 1.887185
v -1.012616 0.550441 1.864434
v -1.022840 0.547134 1.879428
v -0.972524 0.420926 1.847902
v -0.981938 0.415026 1.862566
v -0.914800 0.305013 1.828910
v -0.922361 0.295378 1.842962
v -0.864362 0.803484 1.866433
v -0.864064 0.791434 1.852300
v -0.841245 0.251766 1.811143
v -0.844037 0.238679 1.824043
v -0.717794 0.805692 1.838410
v -0.720815 0.793592 1.824912
v -0.747289 0.233908 1.791868
v -0.746266 0.220096 1.803985
v -0.595555 0.795769 1.814239
v -0.599652 0.783756 1.800953
v -0.649572 0.232686 1.773001
v -0.647290 0.218859 1.784876
v -0.469243 0.775777 1.788598
v -0.474797 0.763993 1.775606
v -0.548535 0.233947 1.753665
v -0.545720 0.220126 1.765438
v -0.356938 0.739141 1.764515
v -0.364331 0.727960 1.751918
v -0.421636 0.243098 1.729899
v -0.415601 0.229510 1.741066
v -0.274564 0.697533 1.745847
v -0.287076 0.688935 1.734409
v -0.317273 0.302396 1.713878
v -0.305570 0.292023 1.724177
v -0.245389 0.623931 1.735223
v -0.260259 0.621302 1.724647
v -0.230992 0.516745 1.725154
v -0.246305 0.517384 1.714885
v -0.245771 0.398067 1.719909
v -0.260556 0.402991 1.709829
v -1.104199 0.846287 1.915451
v -1.111875 0.851798 1.910256
v -1.037915 0.877273 1.897775
v -1.035932 0.869801 1.903931
v -1.111844 0.755915 1.910762
v -1.119977 0.755938 1.905282
v -1.085553 0.613751 1.896022
v -1.093015 0.610786 1.890025
v -1.066541 0.504835 1.884947
v -1.074498 0.503916 1.879369
v -1.047055 0.409552 1.874709
v -1.054837 0.407800 1.869042
v -1.016042 0.339431 1.863970
v -1.023229 0.336314 1.858094
v -0.967710 0.274044 1.850226
v -0.973928 0.269617 1.844074
v -0.926457 0.241067 1.840049
v -0.931249 0.235500 1.833546
v -0.913518 0.863674 1.872937
v -0.912961 0.856357 1.879377
v -0.890012 0.218527 1.824462
v -0.886739 0.224721 1.831301
v -0.805005 0.854085 1.850266
v -0.809659 0.848469 1.858985
v -0.821019 0.205989 1.810346
v -0.819013 0.212413 1.817444
v -0.701161 0.846178 1.830721
v -0.702741 0.839222 1.837802
v -0.714925 0.205423 1.789916
v -0.713567 0.211850 1.797137
v -0.602780 0.838640 1.811411
v -0.600499 0.831276 1.817609
v -0.629064 0.206670 1.771785
v -0.634526 0.210650 1.781863
v -0.508321 0.831389 1.792000
v -0.502568 0.824565 1.798326
v -0.533017 0.207809 1.755113
v -0.531819 0.214234 1.762366
v -0.412679 0.823724 1.773142
v -0.407109 0.816832 1.779453
v -0.434308 0.212082 1.736431
v -0.433820 0.218476 1.743817
v -0.315618 0.815368 1.754721
v -0.314809 0.808030 1.761111
v -0.336888 0.234254 1.719215
v -0.337445 0.240409 1.726787
v -0.218991 0.811843 1.735907
v -0.218511 0.804517 1.742362
v -0.270871 0.265665 1.715711
v -0.269361 0.259868 1.707981
v -0.125417 0.794287 1.716724
v -0.126966 0.787341 1.723594
v -0.115796 0.513828 1.702812
v -0.111264 0.510622 1.694678
v -0.146978 0.418690 1.695279
v -0.151921 0.420854 1.703421
v -0.180982 0.342866 1.696648
v -0.185598 0.345732 1.704777
v -0.219365 0.295171 1.707822
v -0.215978 0.290452 1.699805
v -0.064176 0.747898 1.701789
v -0.065793 0.740999 1.708679
v -0.060605 0.574845 1.696360
v -0.058377 0.569078 1.688488
v 0.005595 0.733755 1.691793
v 0.003825 0.741317 1.685558
v 0.005595 0.582943 1.681517
v 0.003825 0.576304 1.674317
v -0.481923 0.571888 1.797251
v -0.479779 0.554279 1.795638
v -0.474225 0.513547 1.791796
v -0.478665 0.470580 1.789722
v -0.961576 0.734539 1.844632
v -1.006551 0.643098 1.847045
v -1.002217 0.551302 1.839959
v -0.963506 0.426348 1.824005
v -0.908055 0.314705 1.805740
v -0.837682 0.263793 1.788743
v -0.747373 0.246728 1.770222
v -0.652951 0.245566 1.751994
v -0.555173 0.246784 1.733282
v -0.432851 0.255484 1.710363
v -0.332769 0.312276 1.694995
v -0.278470 0.408754 1.691131
v -0.264821 0.518757 1.696003
v -0.278264 0.618791 1.705402
v -0.303548 0.683349 1.714663
v -0.377629 0.720423 1.731426
v -0.484273 0.755214 1.754296
v -0.604947 0.774302 1.778793
v -0.722112 0.783815 1.801961
v -0.860257 0.781841 1.828380
v -1.436605 0.692732 0.436194
v -1.439962 0.680499 0.409548
v -1.458982 0.669817 0.412475
v -1.457494 0.691165 0.439215
v -1.073155 0.762130 1.796218
v -1.142179 0.760874 1.809400
v -1.115773 0.618888 1.794649
v -1.074285 0.642188 1.788264
v -1.109372 0.767481 1.665571
v -1.174977 0.766288 1.678100
v -1.149869 0.631335 1.664080
v -1.110456 0.653480 1.658011
v -1.069669 0.770753 1.790673
v -1.146642 0.769353 1.805372
v -1.105107 0.774966 1.670735
v -1.178258 0.773636 1.684705
v -1.117185 0.611033 1.788924
v -1.150266 0.623157 1.669072
v -1.070935 0.637013 1.781804
v -1.106313 0.647850 1.662305
v -1.433499 0.710455 0.459762
v -1.456044 0.708858 0.463096
v -1.423856 0.661338 0.499587
v -1.403852 0.672577 0.496507
v -1.379201 0.296401 0.432089
v -1.359197 0.307639 0.429009
v -1.403447 0.300841 0.353847
v -1.384435 0.311523 0.350919
v -1.435025 0.615583 0.423051
v -1.415013 0.626822 0.419970
v -1.442197 0.656821 0.381519
v -1.461217 0.646139 0.384446
v -1.424459 0.735311 0.505471
v -1.448476 0.733687 0.509089
v -1.417432 0.679122 0.538163
v -1.396535 0.690859 0.534946
v -1.394277 0.753678 0.615760
v -1.421758 0.751991 0.620039
v -1.399526 0.682897 0.612218
v -1.376546 0.695804 0.608681
v -1.433576 0.542837 0.376981
v -1.413571 0.554076 0.373901
v -1.433553 0.556495 0.340445
v -1.452573 0.545813 0.343372
v -1.396695 0.378731 0.417403
v -1.376683 0.389970 0.414323
v -1.402379 0.394149 0.339651
v -1.421399 0.383467 0.342578
v 1.069911 0.893478 1.298535
v 1.077723 0.797902 1.289378
v 1.051661 0.651788 1.288237
v 1.033847 0.544280 1.286942
v 1.014880 0.447474 1.286762
v 0.984378 0.374875 1.292135
v 0.936816 0.306445 1.303562
v 0.998553 0.916351 1.324234
v 1.009631 0.796703 1.312331
v 1.010760 0.674117 1.303599
v 1.001483 0.562969 1.299163
v 0.976863 0.453474 1.300032
v 0.939464 0.364785 1.306645
v 0.895648 0.270827 1.315066
v 0.878535 0.898376 1.363611
v 0.931743 0.778099 1.337416
v 0.977267 0.684087 1.315608
v 0.973033 0.588183 1.310505
v 0.934352 0.457257 1.314671
v 0.878673 0.339314 1.325474
v 0.855853 0.252402 1.327272
v 0.773639 0.884888 1.398180
v 0.829722 0.823951 1.375055
v 0.807712 0.283480 1.345679
v 0.789294 0.237438 1.348771
v 0.673640 0.873397 1.431231
v 0.691516 0.821070 1.421615
v 0.717067 0.262318 1.374902
v 0.686946 0.233140 1.383105
v 0.578730 0.862407 1.462588
v 0.574634 0.806973 1.460200
v 0.622790 0.257659 1.406480
v 0.603808 0.231245 1.411103
v 0.487483 0.851779 1.492739
v 0.454165 0.782819 1.499309
v 0.525309 0.255366 1.439303
v 0.511454 0.229128 1.442204
v 0.395213 0.840754 1.523202
v 0.347606 0.742900 1.532643
v 0.402896 0.260054 1.481038
v 0.416224 0.229930 1.474476
v 0.301715 0.829042 1.554036
v 0.273066 0.701158 1.555015
v 0.247203 0.632582 1.559094
v 0.233745 0.528173 1.556534
v 0.247485 0.414281 1.544124
v 0.302211 0.315681 1.518892
v 0.322230 0.248675 1.507552
v 0.208491 0.822118 1.585104
v 0.203967 0.719632 1.579651
v 0.178584 0.623057 1.581657
v 0.171267 0.524277 1.577405
v 0.188334 0.416104 1.564262
v 0.230594 0.334239 1.544384
v 0.257090 0.271914 1.531175
v 0.118213 0.801271 1.614226
v 0.113978 0.717027 1.609917
v 0.109591 0.624019 1.605068
v 0.104564 0.517108 1.599482
v 0.139026 0.426433 1.581647
v 0.171817 0.351804 1.565465
v 0.205592 0.300621 1.550553
v 0.059131 0.752728 1.630906
v 0.054248 0.698119 1.628841
v 0.053546 0.636495 1.624878
v 0.053546 0.573703 1.620600
v 1.023463 0.793844 1.354292
v 1.024585 0.671258 1.345560
v 1.015315 0.560110 1.341124
v 0.990695 0.450615 1.341993
v 0.953288 0.361926 1.348606
v 0.217799 0.716773 1.621611
v 0.192416 0.620198 1.623618
v 0.185100 0.521418 1.619365
v 0.202159 0.413245 1.606223
v 0.244426 0.331380 1.586344
v 0.127810 0.714168 1.651878
v 0.123416 0.621160 1.647029
v 0.068072 0.695260 1.670802
v 0.067370 0.633637 1.666839
v 0.954593 0.785388 1.377016
v 0.941417 0.776077 1.367099
v 0.986941 0.682064 1.345291
v 1.003543 0.684310 1.353569
v 0.982707 0.586160 1.340188
v 0.999080 0.583329 1.348196
v 0.944034 0.455235 1.344354
v 0.959636 0.449783 1.352446
v 0.888347 0.337291 1.355158
v 0.902148 0.328039 1.363597
v 0.846194 0.834105 1.417008
v 0.839396 0.821928 1.404738
v 0.817386 0.281457 1.375362
v 0.826579 0.268585 1.385111
v 0.704791 0.831158 1.464646
v 0.701190 0.819047 1.451298
v 0.726741 0.260295 1.404585
v 0.732272 0.246564 1.415520
v 0.586871 0.816936 1.503573
v 0.584315 0.804951 1.489883
v 0.632464 0.255636 1.436164
v 0.636775 0.241845 1.447505
v 0.465007 0.792501 1.543136
v 0.463847 0.780796 1.528991
v 0.534984 0.253343 1.468986
v 0.538783 0.239540 1.480500
v 0.356662 0.751916 1.577027
v 0.357280 0.740878 1.562325
v 0.412578 0.258032 1.510721
v 0.413249 0.244348 1.523299
v 0.277194 0.707410 1.600880
v 0.282741 0.699136 1.584698
v 0.311885 0.313659 1.548575
v 0.307109 0.302990 1.563205
v 0.249041 0.632782 1.605319
v 0.256877 0.630559 1.588777
v 0.235156 0.525090 1.602679
v 0.243419 0.526151 1.586217
v 0.249423 0.406932 1.589804
v 0.257159 0.412258 1.573807
v 1.077594 0.885344 1.342216
v 1.081530 0.891063 1.333970
v 1.010173 0.913937 1.359669
v 1.011737 0.906457 1.365936
v 1.084956 0.795241 1.333583
v 1.089343 0.795488 1.324814
v 1.059588 0.652152 1.332415
v 1.063228 0.649385 1.323502
v 1.041247 0.542567 1.331154
v 1.045466 0.541866 1.322377
v 1.022448 0.446599 1.330976
v 1.026507 0.445059 1.322197
v 0.992534 0.375388 1.336246
v 0.995997 0.372461 1.327570
v 0.945903 0.308300 1.347450
v 0.948436 0.304030 1.338998
v 0.906108 0.273873 1.358568
v 0.907267 0.268412 1.350501
v 0.890155 0.895962 1.399047
v 0.893077 0.888688 1.404864
v 0.867473 0.249988 1.362707
v 0.867785 0.256130 1.370324
v 0.784900 0.882547 1.432541
v 0.793429 0.877167 1.437794
v 0.800914 0.235024 1.384206
v 0.802440 0.241439 1.391429
v 0.685191 0.870996 1.466475
v 0.690272 0.864158 1.471807
v 0.698565 0.230726 1.418540
v 0.700717 0.237167 1.425555
v 0.590327 0.859998 1.497938
v 0.591639 0.852617 1.504391
v 0.614894 0.228939 1.444953
v 0.624461 0.233188 1.451081
v 0.498835 0.849418 1.527384
v 0.497149 0.842462 1.535665
v 0.523074 0.226714 1.477640
v 0.525378 0.233159 1.484601
v 0.406581 0.838390 1.557892
v 0.405070 0.831371 1.566063
v 0.427844 0.227515 1.509912
v 0.430827 0.233955 1.516642
v 0.313334 0.826628 1.589471
v 0.316028 0.819323 1.595369
v 0.333850 0.246261 1.542987
v 0.337855 0.252498 1.549361
v 0.220111 0.819704 1.620540
v 0.223117 0.812423 1.626330
v 0.273623 0.275412 1.572654
v 0.268710 0.269500 1.566610
v 0.129832 0.798856 1.649662
v 0.134791 0.792026 1.654822
v 0.124019 0.518121 1.639804
v 0.116183 0.514694 1.634918
v 0.150645 0.424018 1.617082
v 0.158870 0.426418 1.621765
v 0.183444 0.349390 1.600901
v 0.191363 0.352480 1.605734
v 0.223941 0.303107 1.591349
v 0.217212 0.298206 1.585988
v 0.070750 0.750314 1.666338
v 0.075778 0.743534 1.671482
v 0.070773 0.577196 1.661844
v 0.065165 0.571289 1.656029
v 0.487117 0.589235 1.542648
v 0.485049 0.571551 1.542144
v 0.479693 0.530624 1.541167
v 0.483981 0.487813 1.536800
v 0.922397 0.768265 1.349644
v 0.965777 0.678405 1.328844
v 0.961612 0.586457 1.323991
v 0.924266 0.460142 1.328019
v 0.870768 0.346548 1.338379
v 0.802867 0.293161 1.357711
v 0.715747 0.272920 1.385807
v 0.624644 0.268437 1.416321
v 0.530322 0.266216 1.448084
v 0.412318 0.270614 1.488307
v 0.315761 0.323886 1.524604
v 0.263362 0.418454 1.548771
v 0.250209 0.527977 1.560687
v 0.263171 0.628483 1.563149
v 0.287578 0.693931 1.559352
v 0.359027 0.733611 1.537879
v 0.461924 0.772152 1.505696
v 0.578349 0.795485 1.467897
v 0.691379 0.809119 1.430585
v 0.824656 0.812003 1.385694
v 0.645114 0.729998 -0.110750
v 0.635356 0.717650 -0.135714
v 0.653697 0.707637 -0.142603
v 0.664828 0.729157 -0.118397
v 0.994784 0.799148 1.252895
v 1.061381 0.800321 1.230445
v 1.035891 0.657406 1.229329
v 0.995883 0.679246 1.244355
v 0.961924 0.804560 1.121365
v 1.025226 0.805674 1.100028
v 1.001002 0.669838 1.098966
v 0.962970 0.690597 1.113248
v 0.988742 0.807601 1.249853
v 1.062999 0.808909 1.224820
v 0.960505 0.811944 1.128023
v 1.031085 0.813186 1.104230
v 1.034587 0.649552 1.223575
v 1.004077 0.661723 1.103047
v 0.989970 0.673905 1.240330
v 0.961665 0.684870 1.118972
v 0.653399 0.747813 -0.088544
v 0.674708 0.747001 -0.096729
v 0.666224 0.698754 -0.049554
v 0.646922 0.709289 -0.042305
v 0.606410 0.331946 -0.089602
v 0.587100 0.342481 -0.082354
v 0.588908 0.336507 -0.169619
v 0.570559 0.346520 -0.162729
v 0.639857 0.652726 -0.122097
v 0.620562 0.663262 -0.114849
v 0.624316 0.693814 -0.161429
v 0.642657 0.683801 -0.168318
v 0.667163 0.772754 -0.044074
v 0.689891 0.771967 -0.052739
v 0.678988 0.716650 -0.012642
v 0.658824 0.727653 -0.005072
v 0.694468 0.791069 0.066970
v 0.720546 0.790341 0.057178
v 0.699664 0.720475 0.060684
v 0.677508 0.732574 0.069007
v 0.618396 0.579570 -0.162146
v 0.599093 0.590105 -0.154898
v 0.599971 0.592898 -0.193835
v 0.618312 0.582884 -0.200725
v 0.611651 0.414683 -0.110265
v 0.592357 0.425218 -0.103017
v 0.577891 0.429599 -0.180638
v 0.596232 0.419585 -0.187527
vt 0.201495 0.516709
vt 0.222123 0.524469
vt 0.200888 0.538847
vt 0.184142 0.527966
vt 0.189313 0.509200
vt 0.176736 0.515014
vt 0.172675 0.499083
vt 0.184954 0.497279
vt 0.223879 0.922966
vt 0.134071 0.910223
vt 0.145178 0.922820
vt 0.214702 0.910243
vt 0.158673 0.936555
vt 0.158673 0.936558
vt 0.158673 0.936560
vt 0.158673 0.936557
vt 0.159361 0.878543
vt 0.166923 0.850372
vt 0.176332 0.846576
vt 0.180260 0.873913
vt 0.164908 0.822384
vt 0.174655 0.823281
vt 0.164064 0.798815
vt 0.172847 0.805867
vt 0.169741 0.776225
vt 0.171583 0.788323
vt 0.245382 0.932925
vt 0.115842 0.906117
vt 0.147220 0.879252
vt 0.157537 0.854739
vt 0.154098 0.819817
vt 0.154602 0.784486
vt 0.168625 0.766240
vt 0.261442 0.948507
vt 0.096908 0.934793
vt 0.156944 0.758996
vt 0.167218 0.750959
vt 0.275827 0.968456
vt 0.079451 0.966956
vt 0.158779 0.733733
vt 0.165291 0.725325
vt 0.288772 0.988788
vt 0.004221 0.499793
vt 0.157952 0.709301
vt 0.163979 0.704071
vt 0.279148 0.464886
vt 0.031561 0.513837
vt 0.156294 0.684378
vt 0.162464 0.680590
vt 0.259899 0.478124
vt 0.057830 0.529585
vt 0.153142 0.652445
vt 0.160529 0.656365
vt 0.242164 0.488520
vt 0.080029 0.539992
vt 0.144052 0.622168
vt 0.159312 0.632872
vt 0.225497 0.492609
vt 0.095142 0.530672
vt 0.116628 0.542574
vt 0.098935 0.551462
vt 0.135757 0.557250
vt 0.121195 0.567183
vt 0.145535 0.581688
vt 0.133755 0.592400
vt 0.149734 0.603778
vt 0.158812 0.617098
vt 0.211665 0.493950
vt 0.112773 0.519210
vt 0.130721 0.529014
vt 0.152546 0.545953
vt 0.155364 0.571938
vt 0.157205 0.590662
vt 0.158726 0.604152
vt 0.204624 0.496310
vt 0.121320 0.508878
vt 0.134565 0.514352
vt 0.150201 0.521265
vt 0.120924 0.496008
vt 0.204069 0.491903
vt 0.133926 0.497899
vt 0.148656 0.499625
vt 0.248954 0.890766
vt 0.252216 0.888233
vt 0.273416 0.919722
vt 0.269609 0.921945
vt 0.216764 0.868147
vt 0.220784 0.865774
vt 0.203316 0.848169
vt 0.207683 0.846839
vt 0.200452 0.814970
vt 0.204796 0.814279
vt 0.192888 0.781236
vt 0.197266 0.780469
vt 0.185700 0.756457
vt 0.190083 0.755699
vt 0.294324 0.952207
vt 0.290393 0.954310
vt 0.179674 0.732214
vt 0.184119 0.731629
vt 0.310165 0.978291
vt 0.307010 0.470297
vt 0.177435 0.708016
vt 0.181883 0.707698
vt 0.286085 0.493082
vt 0.282907 0.489900
vt 0.175734 0.682908
vt 0.180182 0.682674
vt 0.263104 0.515209
vt 0.260011 0.512115
vt 0.173953 0.650712
vt 0.178480 0.650885
vt 0.240567 0.531700
vt 0.237495 0.528503
vt 0.180726 0.619197
vt 0.185129 0.619805
vt 0.220916 0.546193
vt 0.217522 0.543325
vt 0.186765 0.587488
vt 0.191105 0.588510
vt 0.199759 0.563010
vt 0.195672 0.560945
vt 0.231238 0.890281
vt 0.208444 0.867932
vt 0.196810 0.845232
vt 0.193422 0.818951
vt 0.189238 0.796145
vt 0.182842 0.554670
vt 0.176628 0.579391
vt 0.175454 0.601619
vt 0.221829 0.906387
vt 0.220428 0.907457
vt 0.216189 0.894905
vt 0.217791 0.893689
vt 0.231067 0.914311
vt 0.229624 0.916086
vt 0.252876 0.923973
vt 0.251376 0.925913
vt 0.191769 0.869791
vt 0.194991 0.869233
vt 0.186048 0.844724
vt 0.188560 0.844232
vt 0.183377 0.821960
vt 0.185667 0.821669
vt 0.181450 0.804822
vt 0.183682 0.804556
vt 0.179433 0.786871
vt 0.181516 0.786903
vt 0.178717 0.775020
vt 0.181150 0.774916
vt 0.177829 0.765302
vt 0.180223 0.765101
vt 0.269040 0.940109
vt 0.268127 0.942748
vt 0.176560 0.749993
vt 0.179010 0.749847
vt 0.284811 0.961352
vt 0.283172 0.963193
vt 0.174571 0.724487
vt 0.177000 0.724350
vt 0.298265 0.982921
vt 0.303545 0.460378
vt 0.172701 0.703390
vt 0.175194 0.704984
vt 0.283851 0.475347
vt 0.283562 0.472660
vt 0.171558 0.679769
vt 0.173943 0.679645
vt 0.264836 0.488495
vt 0.264507 0.485848
vt 0.169741 0.655716
vt 0.172143 0.655554
vt 0.246878 0.499088
vt 0.245945 0.496880
vt 0.168693 0.632122
vt 0.171131 0.631896
vt 0.227705 0.503454
vt 0.227254 0.501289
vt 0.168005 0.616370
vt 0.170393 0.616114
vt 0.211154 0.504601
vt 0.211232 0.502530
vt 0.166280 0.603041
vt 0.168284 0.602905
vt 0.198654 0.504925
vt 0.199775 0.503057
vt 0.166250 0.545489
vt 0.163384 0.545428
vt 0.161331 0.521461
vt 0.164256 0.521688
vt 0.167172 0.571075
vt 0.164703 0.571060
vt 0.167779 0.589634
vt 0.165585 0.589719
vt 0.194022 0.495163
vt 0.196313 0.494534
vt 0.157646 0.500156
vt 0.159968 0.500150
vt 0.112122 0.904577
vt 0.143196 0.876886
vt 0.153352 0.853244
vt 0.150018 0.819349
vt 0.150692 0.784156
vt 0.092788 0.934654
vt 0.153268 0.757978
vt 0.075829 0.966170
vt 0.155171 0.732932
vt 0.002441 0.502668
vt 0.154380 0.709248
vt 0.029144 0.516506
vt 0.152774 0.685117
vt 0.054749 0.531944
vt 0.149632 0.653950
vt 0.077143 0.542791
vt 0.140424 0.623683
vt 0.096266 0.554542
vt 0.117717 0.569540
vt 0.129934 0.593971
vt 0.164706 0.888268
vt 0.143092 0.914243
vt 0.178841 0.886504
vt 0.148892 0.922843
vt 0.213775 0.907597
vt 0.143722 0.915142
vt 0.155360 0.932368
vt 0.210164 0.920152
vt 0.177965 0.886656
vt 0.182573 0.904183
vt 0.165631 0.888606
vt 0.172649 0.905825
vt 0.209418 0.921184
vt 0.156200 0.933397
vt 0.158657 0.936410
vt 0.158672 0.936563
vt 0.183296 0.905304
vt 0.158674 0.936563
vt 0.172595 0.906811
vt 0.158714 0.936388
vt 0.158673 0.936555
vt 0.158673 0.936551
vt 0.158673 0.936563
vt 0.158673 0.936563
vt 0.158673 0.936563
vt 0.158673 0.936563
vt 0.158673 0.936563
vt 0.158673 0.936552
vt 0.158673 0.936563
vt 0.158673 0.936561
vt 0.158673 0.936561
vt 0.158673 0.936560
vt 0.158673 0.936563
vt 0.158673 0.936562
vt 0.158673 0.936562
vt 0.158673 0.936562
vt 0.158673 0.936550
vt 0.158672 0.936537
vt 0.158673 0.936563
vt 0.158676 0.936525
vt 0.158673 0.936563
vt 0.158673 0.936563
vt 0.158673 0.936563
vt 0.158673 0.936563
vt 0.005832 0.020637
vt 0.005832 0.002441
vt 0.006120 0.005617
vt 0.006892 0.012968
vt 0.194170 0.471464
vt 0.173710 0.469156
vt 0.181998 0.453014
vt 0.203006 0.450692
vt 0.186929 0.484193
vt 0.172357 0.483049
vt 0.111746 0.102779
vt 0.106311 0.117294
vt 0.099934 0.131817
vt 0.090761 0.107757
vt 0.067654 0.128349
vt 0.067651 0.128350
vt 0.067647 0.128351
vt 0.067649 0.128351
vt 0.064918 0.088562
vt 0.052505 0.085258
vt 0.106314 0.178885
vt 0.097126 0.179002
vt 0.111184 0.201634
vt 0.102130 0.205160
vt 0.113548 0.218835
vt 0.106452 0.227622
vt 0.115942 0.236206
vt 0.116523 0.248283
vt 0.118277 0.078209
vt 0.066362 0.137406
vt 0.075771 0.159877
vt 0.087880 0.177821
vt 0.092232 0.210025
vt 0.099989 0.243137
vt 0.117102 0.258144
vt 0.120889 0.054646
vt 0.081338 0.355060
vt 0.106669 0.267170
vt 0.118002 0.273379
vt 0.121288 0.030366
vt 0.101105 0.385292
vt 0.112008 0.291563
vt 0.119561 0.298986
vt 0.287017 0.387069
vt 0.111564 0.414116
vt 0.114347 0.315799
vt 0.120995 0.320225
vt 0.273007 0.406255
vt 0.110434 0.419511
vt 0.115934 0.340809
vt 0.122606 0.343761
vt 0.257999 0.424287
vt 0.115084 0.426165
vt 0.118133 0.374093
vt 0.124652 0.368366
vt 0.244397 0.441717
vt 0.115050 0.426959
vt 0.120431 0.412067
vt 0.129962 0.391350
vt 0.233419 0.459351
vt 0.106403 0.444855
vt 0.117012 0.427379
vt 0.122305 0.448563
vt 0.120439 0.428427
vt 0.133121 0.442193
vt 0.120845 0.420998
vt 0.135415 0.427206
vt 0.133133 0.413527
vt 0.135407 0.402402
vt 0.221883 0.474999
vt 0.108403 0.468127
vt 0.129316 0.467070
vt 0.146130 0.455658
vt 0.145647 0.434006
vt 0.143401 0.420055
vt 0.140680 0.410317
vt 0.210105 0.484463
vt 0.116090 0.482350
vt 0.131369 0.481600
vt 0.146497 0.478496
vt 0.144170 0.112002
vt 0.143777 0.072680
vt 0.148154 0.072332
vt 0.148310 0.112185
vt 0.134707 0.145099
vt 0.130061 0.144956
vt 0.133697 0.167561
vt 0.129168 0.167936
vt 0.142531 0.202125
vt 0.138193 0.202543
vt 0.142759 0.238565
vt 0.138330 0.238575
vt 0.139910 0.265149
vt 0.135484 0.265017
vt 0.141334 0.033479
vt 0.145754 0.032900
vt 0.137342 0.290179
vt 0.132862 0.290165
vt 0.139314 0.003196
vt 0.267141 0.374883
vt 0.138258 0.314339
vt 0.133805 0.314562
vt 0.248722 0.400628
vt 0.246076 0.397055
vt 0.139776 0.339183
vt 0.135320 0.339529
vt 0.225103 0.419443
vt 0.222774 0.415676
vt 0.143582 0.368874
vt 0.139146 0.370054
vt 0.206794 0.435308
vt 0.205480 0.431060
vt 0.159659 0.391000
vt 0.155575 0.392706
vt 0.190903 0.440761
vt 0.192446 0.436531
vt 0.174466 0.414116
vt 0.170510 0.415754
vt 0.176833 0.435984
vt 0.180478 0.433450
vt 0.123176 0.148428
vt 0.128150 0.123655
vt 0.124584 0.173051
vt 0.130291 0.200479
vt 0.131593 0.224264
vt 0.167348 0.444378
vt 0.162135 0.424397
vt 0.156331 0.407535
vt 0.114066 0.117332
vt 0.112282 0.130403
vt 0.109738 0.131099
vt 0.112490 0.117066
vt 0.118568 0.104138
vt 0.120294 0.104637
vt 0.127192 0.080362
vt 0.129504 0.081125
vt 0.110868 0.151997
vt 0.107781 0.152428
vt 0.117768 0.176880
vt 0.115385 0.177250
vt 0.122098 0.199962
vt 0.119825 0.200260
vt 0.124315 0.217313
vt 0.122086 0.217547
vt 0.125964 0.235174
vt 0.123927 0.235596
vt 0.128004 0.247147
vt 0.125591 0.247489
vt 0.128733 0.257129
vt 0.126339 0.257355
vt 0.129914 0.055851
vt 0.132275 0.057569
vt 0.129808 0.272579
vt 0.127369 0.272824
vt 0.130311 0.030415
vt 0.132710 0.030967
vt 0.131259 0.298343
vt 0.128841 0.298510
vt 0.128952 0.006010
vt 0.277528 0.381631
vt 0.131965 0.317835
vt 0.129703 0.319713
vt 0.265533 0.401435
vt 0.262856 0.401015
vt 0.134044 0.342944
vt 0.131667 0.343128
vt 0.250502 0.419468
vt 0.247855 0.418995
vt 0.136264 0.366105
vt 0.133848 0.366535
vt 0.236387 0.437468
vt 0.234440 0.436186
vt 0.141931 0.386554
vt 0.139431 0.387377
vt 0.225134 0.456393
vt 0.223146 0.455485
vt 0.146749 0.398195
vt 0.144383 0.398850
vt 0.213472 0.472834
vt 0.211416 0.472213
vt 0.149525 0.408491
vt 0.147702 0.408947
vt 0.201291 0.483730
vt 0.199098 0.483056
vt 0.156525 0.455907
vt 0.158950 0.478533
vt 0.156419 0.478863
vt 0.154399 0.456228
vt 0.153133 0.433674
vt 0.155058 0.433216
vt 0.150716 0.419035
vt 0.152586 0.418636
vt 0.072150 0.162214
vt 0.062424 0.139014
vt 0.084154 0.180062
vt 0.088296 0.211138
vt 0.096176 0.244128
vt 0.085400 0.354866
vt 0.103179 0.268718
vt 0.104630 0.384431
vt 0.108537 0.292820
vt 0.114176 0.415996
vt 0.110813 0.316306
vt 0.116231 0.420611
vt 0.112347 0.340558
vt 0.115099 0.426071
vt 0.114425 0.373312
vt 0.115105 0.426068
vt 0.116984 0.415776
vt 0.115122 0.426059
vt 0.116121 0.424456
vt 0.116233 0.420567
vt 0.084267 0.115292
vt 0.060273 0.099881
vt 0.048746 0.100016
vt 0.087474 0.134152
vt 0.086414 0.132561
vt 0.080814 0.133238
vt 0.070886 0.127648
vt 0.084097 0.116329
vt 0.078523 0.135836
vt 0.063590 0.129293
vt 0.059300 0.100648
vt 0.068568 0.128133
vt 0.080495 0.133269
vt 0.067749 0.128329
vt 0.067793 0.128319
vt 0.070486 0.127735
vt 0.067641 0.128352
vt 0.067641 0.128352
vt 0.068535 0.128144
vt 0.067694 0.128340
vt 0.067656 0.128349
vt 0.067661 0.128348
vt 0.067641 0.128352
vt 0.067641 0.128352
vt 0.067642 0.128352
vt 0.067642 0.128352
vt 0.067641 0.128352
vt 0.067653 0.128350
vt 0.067644 0.128351
vt 0.067641 0.128352
vt 0.067644 0.128351
vt 0.067645 0.128351
vt 0.067642 0.128352
vt 0.067641 0.128352
vt 0.067643 0.128352
vt 0.067642 0.128352
vt 0.067669 0.128346
vt 0.067682 0.128343
vt 0.067641 0.128352
vt 0.067668 0.128346
vt 0.067642 0.128352
vt 0.067641 0.128352
vt 0.067642 0.128352
vt 0.067642 0.128352
vt 0.004265 0.020553
vt 0.002441 0.013028
vt 0.002473 0.005636
vt 0.002441 0.002447
vt 0.067641 0.128352
vt 0.067641 0.128352
vt 0.067641 0.128352
vt 0.067641 0.128352
vt 0.067641 0.128352
vt 0.067641 0.128352
vt 0.067641 0.128352
vt 0.077923 0.133634
vt 0.078523 0.135836
vt 0.047837 0.102709
vt 0.095804 0.152018
vt 0.089072 0.086293
vt 0.075969 0.326841
vt 0.080238 0.328153
vt 0.270214 0.378049
vt 0.131222 0.005585
vt 0.279484 0.382709
vt 0.100569 0.415551
vt 0.120084 0.006293
vt 0.143624 0.002499
vt 0.101543 0.481602
vt 0.109314 0.495318
vt 0.087698 0.465181
vt 0.086002 0.440116
vt 0.099574 0.419712
vt 0.103790 0.419489
vt 0.102540 0.419305
vt 0.091287 0.394643
vt 0.076989 0.375563
vt 0.102672 0.064092
vt 0.083587 0.155496
vt 0.070475 0.084482
vt 0.158673 0.936563
vt 0.158673 0.936563
vt 0.173076 0.946754
vt 0.158673 0.936563
vt 0.158673 0.936563
vt 0.158673 0.936563
vt 0.158673 0.936563
vt 0.148916 0.922869
vt 0.156836 0.936547
vt 0.158637 0.936563
vt 0.212921 0.906885
vt 0.212563 0.901854
vt 0.063371 0.991280
vt 0.060226 0.989942
vt 0.306236 0.980183
vt 0.304354 0.462508
vt 0.296169 0.983888
vt 0.074387 0.997559
vt 0.005857 0.486824
vt 0.299754 0.452512
vt 0.310165 0.473290
vt 0.110523 0.505336
vt 0.101982 0.505806
vt 0.087571 0.507897
vt 0.069199 0.509255
vt 0.049354 0.503956
vt 0.028467 0.495110
vt 0.089069 0.977005
vt 0.102185 0.955147
vt 0.115796 0.940054
vt 0.135927 0.936958
vt 0.147085 0.934808
vn 0.188337 -0.066751 0.979833
vn 0.188341 -0.066763 0.979832
vn 0.188335 -0.066754 0.979834
vn 0.188342 -0.066759 0.979832
vn 0.206368 -0.065664 0.976269
vn 0.206232 -0.066750 0.976224
vn 0.254665 -0.066229 0.964759
vn 0.254669 -0.064097 0.964902
vn -0.188336 0.066753 -0.979833
vn -0.188336 0.066756 -0.979833
vn -0.188349 0.066763 -0.979830
vn -0.188349 0.066763 -0.979830
vn 0.633033 0.610907 -0.475460
vn 0.747076 0.499551 -0.438550
vn -0.417229 0.741841 -0.524969
vn -0.233395 0.811134 -0.536272
vn -0.188342 0.066760 -0.979832
vn -0.188350 0.066762 -0.979830
vn -0.188349 0.066753 -0.979831
vn -0.188350 0.066738 -0.979832
vn -0.188344 0.066758 -0.979832
vn -0.188339 0.066752 -0.979833
vn -0.188333 0.066773 -0.979833
vn -0.188317 0.066759 -0.979837
vn -0.188350 0.066773 -0.979829
vn -0.188290 0.066852 -0.979836
vn -0.188334 0.066757 -0.979834
vn -0.148458 0.027527 -0.988536
vn -0.092456 0.044204 -0.994735
vn -0.032061 0.096531 -0.994814
vn -0.039398 0.126803 -0.991145
vn -0.079111 0.150428 -0.985451
vn -0.188352 0.066769 -0.979829
vn -0.188339 0.066757 -0.979833
vn -0.166261 -0.020358 -0.985872
vn -0.130933 0.187653 -0.973469
vn -0.188337 0.066784 -0.979831
vn -0.188338 0.066763 -0.979832
vn -0.191149 -0.073115 -0.978834
vn -0.163326 0.246728 -0.955222
vn -0.188335 0.066766 -0.979833
vn -0.188340 0.066759 -0.979832
vn -0.204310 -0.073381 -0.976152
vn -0.179802 0.303275 -0.935786
vn -0.188338 0.066795 -0.979830
vn -0.188339 0.066755 -0.979833
vn -0.215560 -0.047521 -0.975334
vn -0.190843 0.306340 -0.932596
vn -0.188340 0.066769 -0.979832
vn -0.188337 0.066770 -0.979832
vn -0.220285 -0.012171 -0.975360
vn -0.234067 0.219873 -0.947031
vn -0.188344 0.066765 -0.979831
vn -0.188341 0.066759 -0.979832
vn -0.224575 0.033663 -0.973875
vn -0.277967 0.156468 -0.947762
vn -0.188351 0.066787 -0.979828
vn -0.188339 0.066759 -0.979833
vn -0.188339 0.066760 -0.979832
vn -0.188340 0.066759 -0.979832
vn -0.274937 0.043997 -0.960455
vn -0.188342 0.066761 -0.979832
vn -0.286334 0.065322 -0.955901
vn -0.188339 0.066768 -0.979832
vn -0.286591 0.098919 -0.952933
vn -0.188337 0.066773 -0.979832
vn -0.188346 0.066786 -0.979829
vn -0.188341 0.066759 -0.979832
vn -0.188335 0.066757 -0.979833
vn -0.188337 0.066761 -0.979833
vn -0.188347 0.066766 -0.979831
vn -0.188355 0.066771 -0.979829
vn -0.188341 0.066774 -0.979831
vn -0.188322 0.066759 -0.979836
vn -0.200180 0.065984 -0.977535
vn -0.205330 0.066033 -0.976463
vn -0.205276 0.066482 -0.976444
vn -0.200733 0.066612 -0.977379
vn -0.254663 0.064721 -0.964862
vn -0.254661 0.063850 -0.964920
vn -0.254664 0.065617 -0.964801
vn -0.254661 0.065762 -0.964792
vn 0.254589 -0.139458 0.956941
vn 0.594275 -0.545252 0.591217
vn 0.265276 -0.730987 0.628718
vn 0.217092 -0.230201 0.948619
vn 0.359160 -0.103904 0.927474
vn 0.800931 -0.194362 0.566334
vn 0.489434 0.003788 0.872032
vn 0.812019 0.098566 0.575247
vn 0.448576 0.049698 0.892362
vn 0.776408 0.224423 0.588919
vn 0.391000 0.105408 0.914335
vn 0.673933 0.388125 0.628628
vn 0.289799 0.193416 0.937340
vn 0.406973 0.595725 0.692448
vn 0.104641 -0.752085 0.650707
vn 0.172014 -0.316473 0.932875
vn 0.216323 0.344162 0.913651
vn 0.210167 0.653549 0.727120
vn 0.042855 -0.747634 0.662727
vn 0.148852 -0.320841 0.935363
vn 0.165240 0.482573 0.860128
vn 0.141973 0.658319 0.739230
vn -0.032458 -0.733433 0.678987
vn 0.135179 -0.268042 0.953876
vn 0.140763 0.486445 0.862298
vn 0.110804 0.657449 0.745308
vn -0.128310 -0.703134 0.699385
vn 0.129803 -0.207194 0.969650
vn 0.082096 0.277246 0.957285
vn -0.050327 0.620721 0.782415
vn -0.343252 -0.531151 0.774634
vn 0.125143 -0.129167 0.983695
vn 0.002320 0.122240 0.992498
vn -0.337157 0.443880 0.830239
vn -0.538760 -0.221768 0.812746
vn 0.034361 -0.105217 0.993856
vn 0.006114 -0.006539 0.999960
vn -0.516807 0.167307 0.839595
vn -0.557700 -0.055327 0.828197
vn 0.012809 -0.067694 0.997624
vn 0.188336 -0.066767 0.979833
vn 0.188341 -0.066763 0.979832
vn 0.188344 -0.066752 0.979832
vn 0.188338 -0.066765 0.979832
vn 0.188341 -0.066782 0.979830
vn 0.188340 -0.066765 0.979832
vn 0.188341 -0.066762 0.979832
vn 0.188343 -0.066762 0.979832
vn 0.085795 0.003124 0.996308
vn -0.771563 0.543867 0.329999
vn -0.938983 -0.101136 0.328759
vn 0.066445 -0.077812 0.994752
vn 0.184089 0.018486 0.982736
vn -0.016471 0.976475 0.215000
vn 0.197182 0.022229 0.980115
vn 0.134615 0.972636 0.189363
vn -0.924502 -0.200071 0.324449
vn 0.039706 -0.095234 0.994663
vn -0.922184 -0.207337 0.326478
vn 0.021974 -0.099526 0.994792
vn -0.897607 -0.313967 0.309397
vn 0.020847 -0.119546 0.992610
vn -0.806546 -0.522514 0.276519
vn 0.027345 -0.162207 0.986378
vn -0.686932 -0.685813 0.240385
vn 0.036055 -0.205160 0.978064
vn -0.478421 -0.858249 0.185803
vn 0.119327 -0.178853 0.976613
vn -0.230121 -0.964345 0.130704
vn 0.148326 -0.206542 0.967130
vn 0.198783 0.061487 0.978113
vn 0.116295 0.976293 0.182560
vn -0.055113 -0.993912 0.095402
vn 0.158465 -0.333634 0.929288
vn 0.199164 0.081957 0.976533
vn 0.112675 0.974452 0.194287
vn 0.016492 -0.997194 0.073022
vn 0.163111 -0.504979 0.847580
vn 0.198870 0.078935 0.976842
vn 0.113747 0.973696 0.197428
vn 0.025172 -0.997808 0.061204
vn 0.164102 -0.538463 0.826516
vn 0.198557 0.067959 0.977731
vn 0.113603 0.975691 0.187406
vn 0.042348 -0.996574 0.071043
vn 0.177536 -0.482823 0.857533
vn 0.197251 0.039618 0.979552
vn 0.116889 0.976373 0.181748
vn 0.143928 -0.987997 0.056091
vn 0.218500 -0.434989 0.873523
vn 0.193561 0.013860 0.980990
vn 0.098623 0.974933 0.199445
vn 0.283363 -0.958510 0.031042
vn 0.238521 -0.267608 0.933538
vn 0.197266 0.013177 0.980261
vn 0.145826 0.970947 0.189730
vn 0.422474 -0.906359 0.005472
vn 0.248987 -0.209250 0.945632
vn 0.225486 0.026016 0.973899
vn 0.403646 0.905956 0.127721
vn 0.681808 -0.730373 -0.041153
vn 0.317328 -0.211735 0.924376
vn 0.236171 0.022810 0.971444
vn 0.409296 0.897912 0.161957
vn 0.253277 -0.105982 0.961571
vn 0.860043 -0.509088 -0.033999
vn 0.502920 -0.863581 0.036035
vn 0.234396 -0.127769 0.963708
vn 0.293223 -0.110696 0.949614
vn 0.921849 -0.383678 -0.054637
vn 0.315475 -0.136491 0.939067
vn 0.878499 -0.474376 -0.056628
vn 0.252738 0.057462 0.965827
vn 0.044365 0.970971 0.235045
vn 0.043967 -0.994051 0.099642
vn 0.253355 -0.166325 0.952968
vn -0.046340 0.995937 0.077218
vn -0.806806 0.555647 0.200800
vn -0.966551 -0.146471 0.210536
vn -0.958879 -0.196746 0.204555
vn -0.963005 -0.199832 0.180802
vn -0.936529 -0.307617 0.168180
vn -0.844365 -0.518429 0.135202
vn -0.723229 -0.683403 0.099500
vn -0.512421 -0.857553 0.045036
vn 0.108347 0.993058 0.045781
vn -0.261684 -0.965067 -0.012933
vn 0.091775 0.994563 0.049217
vn -0.084960 -0.995096 -0.050648
vn 0.085694 0.995042 0.050477
vn -0.009874 -0.997771 -0.065993
vn 0.086413 0.994987 0.050334
vn 0.000078 -0.997686 -0.067996
vn 0.088109 0.994856 0.049978
vn 0.014912 -0.997367 -0.070964
vn 0.092188 0.994529 0.049130
vn 0.116182 -0.989063 -0.090860
vn 0.071387 0.996016 0.053440
vn 0.257234 -0.959200 -0.117330
vn 0.118241 0.992022 0.043720
vn 0.397946 -0.906327 -0.142161
vn 0.378096 0.925671 -0.013282
vn 0.902336 -0.377522 -0.208005
vn 0.839716 -0.503264 -0.203968
vn 0.858678 -0.469553 -0.205409
vn 0.659674 -0.728952 -0.182918
vn 0.377615 0.925844 -0.014815
vn 0.470021 -0.868834 -0.155590
vn 0.000835 0.997466 0.071136
vn 0.000746 -0.997875 -0.065160
vn 0.168331 -0.326758 -0.929997
vn 0.318278 -0.040824 -0.947118
vn 0.351280 0.174965 -0.919777
vn 0.338417 0.268130 -0.901987
vn 0.263733 0.401730 -0.876960
vn -0.065218 -0.536357 -0.841467
vn 0.059954 0.597792 -0.799406
vn -0.175829 -0.584554 -0.792073
vn -0.088066 0.667363 -0.739507
vn -0.227025 -0.586523 -0.777464
vn -0.139263 0.677764 -0.721971
vn -0.290005 -0.569727 -0.768966
vn -0.164971 0.676585 -0.717647
vn -0.369852 -0.531527 -0.762029
vn -0.291915 0.629829 -0.719793
vn -0.535413 -0.355661 -0.766054
vn -0.525519 0.453574 -0.719792
vn -0.677698 -0.076740 -0.731325
vn -0.690812 0.049380 -0.721347
vn -0.660624 0.221575 -0.717273
vn 0.963727 0.008577 -0.266751
vn 0.923040 -0.264701 -0.279159
vn 0.946860 -0.279504 -0.159167
vn 0.862932 0.504089 -0.035251
vn 0.455857 -0.866894 -0.201714
vn 0.482290 -0.874182 -0.056586
vn -0.908177 0.232981 0.347755
vn -0.942375 -0.202934 0.265984
vn -0.009831 0.998999 0.043640
vn -0.009831 0.998999 0.043640
vn -0.911946 0.301338 0.278478
vn 0.844045 0.501152 -0.190881
vn 0.808046 0.533709 -0.249430
vn -0.939234 0.258058 0.226375
vn -0.947953 -0.201920 0.246196
vn -0.852680 -0.495869 0.164468
vn 0.926917 -0.268059 -0.262619
vn 0.461553 -0.869642 -0.175189
vn 0.907088 -0.277992 -0.316089
vn -0.950531 0.237213 0.200554
vn 0.797695 0.559190 -0.225809
vn 0.785537 0.579554 -0.216906
vn -0.035156 0.999289 -0.013610
vn -0.810081 -0.563989 0.160269
vn -0.943566 -0.247489 0.220073
vn -0.943215 -0.248469 0.220472
vn 0.946073 -0.187434 -0.264223
vn 0.466774 -0.871710 -0.149143
vn 0.945069 -0.199576 -0.258870
vn -0.134319 0.855325 -0.500378
vn 0.640415 0.613099 -0.462577
vn -0.883841 -0.339564 0.321747
vn -0.882776 -0.344805 0.319086
vn -0.881555 -0.347653 0.319370
vn -0.884818 -0.330435 0.328495
vn 0.942766 -0.101314 -0.317692
vn 0.458111 -0.868085 -0.191213
vn 0.458111 -0.868085 -0.191213
vn 0.851310 -0.092014 -0.516531
vn 0.874688 0.343843 -0.341604
vn 0.499055 -0.791966 0.351758
vn 0.498089 -0.786644 0.364827
vn 0.450884 -0.629129 0.633167
vn 0.469762 -0.682912 0.559424
vn -0.877538 -0.292818 0.379717
vn -0.877947 -0.294307 0.377614
vn 0.645340 0.435105 -0.627870
vn -0.359830 0.410938 -0.837647
vn 0.867890 0.306046 -0.391284
vn -0.769758 -0.144619 0.621738
vn 0.193590 -0.076584 0.978089
vn 0.898171 0.185884 -0.398418
vn 0.683312 0.216985 -0.697138
vn -0.198753 0.086298 -0.976243
vn -0.906446 -0.183968 0.380148
vn -0.099956 0.965105 -0.242037
vn 0.611307 0.714206 -0.340901
vn -0.897936 -0.344029 0.274507
vn -0.895241 -0.343786 0.283469
vn 0.493369 -0.869169 0.033650
vn 0.496619 -0.865207 0.069191
vn 0.891936 0.337302 -0.301127
vn -0.809261 -0.067217 0.583592
vn 0.021757 0.228064 0.973403
vn 0.928194 0.149569 -0.340711
vn 0.777377 0.113645 -0.618684
vn -0.108797 -0.077894 -0.991007
vn -0.929373 -0.151301 0.336711
vn -0.188431 0.067036 -0.979796
vn -0.188431 0.067036 -0.979796
vn -0.188431 0.067036 -0.979796
vn -0.188431 0.067036 -0.979796
vn -0.851893 -0.096956 0.514664
vn 0.047125 0.185119 0.981586
vn -0.068003 -0.149314 -0.986449
vn -0.943389 -0.156781 0.292296
vn 0.319809 -0.064420 0.945290
vn 0.319809 -0.064402 0.945291
vn 0.319809 -0.064403 0.945291
vn 0.319800 -0.064413 0.945293
vn 0.302335 -0.063954 0.951054
vn 0.302470 -0.065035 0.950938
vn -0.319800 0.064403 -0.945294
vn -0.319780 0.064430 -0.945299
vn -0.319780 0.064430 -0.945299
vn -0.319800 0.064414 -0.945293
vn -0.805206 0.584908 -0.097604
vn -0.087538 0.813810 -0.574500
vn 0.080349 0.750832 -0.655588
vn -0.882363 0.470454 -0.010392
vn -0.319800 0.064421 -0.945292
vn -0.319835 0.064404 -0.945282
vn -0.319806 0.064406 -0.945292
vn -0.319798 0.064407 -0.945294
vn -0.319803 0.064407 -0.945293
vn -0.319794 0.064400 -0.945296
vn -0.319838 0.064413 -0.945280
vn -0.319811 0.064397 -0.945290
vn -0.319879 0.064446 -0.945264
vn -0.319791 0.064404 -0.945297
vn -0.319809 0.064377 -0.945292
vn -0.357476 0.023783 -0.933619
vn -0.409809 0.038545 -0.911357
vn -0.464188 0.088787 -0.881275
vn -0.457022 0.119321 -0.881416
vn -0.420424 0.144315 -0.895777
vn -0.319815 0.064429 -0.945287
vn -0.319811 0.064397 -0.945291
vn -0.339072 -0.023473 -0.940468
vn -0.370701 0.183365 -0.910471
vn -0.319813 0.064448 -0.945286
vn -0.319807 0.064396 -0.945292
vn -0.312186 -0.075258 -0.947035
vn -0.335493 0.243636 -0.909992
vn -0.319810 0.064386 -0.945292
vn -0.319812 0.064393 -0.945290
vn -0.299411 -0.075090 -0.951165
vn -0.313515 0.300872 -0.900658
vn -0.319808 0.064422 -0.945290
vn -0.319819 0.064420 -0.945286
vn -0.290079 -0.048877 -0.955754
vn -0.302442 0.304300 -0.903289
vn -0.319811 0.064343 -0.945294
vn -0.319808 0.064431 -0.945289
vn -0.287165 -0.013388 -0.957788
vn -0.269013 0.219225 -0.937855
vn -0.319807 0.064356 -0.945294
vn -0.319802 0.064413 -0.945292
vn -0.284234 0.032601 -0.958201
vn -0.229052 0.157354 -0.960612
vn -0.319800 0.064436 -0.945291
vn -0.319807 0.064418 -0.945290
vn -0.319808 0.064404 -0.945291
vn -0.234145 0.044713 -0.971173
vn -0.319810 0.064393 -0.945291
vn -0.222698 0.066457 -0.972620
vn -0.319806 0.064395 -0.945292
vn -0.222159 0.100084 -0.969860
vn -0.319800 0.064402 -0.945294
vn -0.319804 0.064402 -0.945292
vn -0.319806 0.064394 -0.945292
vn -0.319808 0.064413 -0.945291
vn -0.319818 0.064394 -0.945288
vn -0.319820 0.064402 -0.945287
vn -0.319810 0.064395 -0.945291
vn -0.319792 0.064362 -0.945299
vn -0.319791 0.064397 -0.945297
vn -0.319822 0.064312 -0.945293
vn -0.308351 0.064040 -0.949115
vn -0.303345 0.064282 -0.950710
vn -0.303395 0.064721 -0.950664
vn -0.307811 0.064683 -0.949246
vn 0.253322 -0.139477 0.957275
vn 0.284935 -0.228937 0.930806
vn 0.102566 -0.733844 0.671531
vn -0.208303 -0.559579 0.802173
vn -0.412170 -0.216096 0.885109
vn 0.146648 -0.107714 0.983307
vn -0.427348 0.076394 0.900854
vn 0.002439 -0.004938 0.999985
vn -0.393842 0.203442 0.896381
vn 0.046480 0.042477 0.998016
vn -0.290692 0.370884 0.882011
vn 0.105490 0.100304 0.989349
vn -0.033975 0.587861 0.808248
vn 0.201934 0.191886 0.960418
vn 0.319304 -0.313866 0.894166
vn 0.253870 -0.749421 0.611488
vn 0.152519 0.652526 0.742258
vn 0.249168 0.344845 0.904985
vn 0.340828 -0.317394 0.884928
vn 0.313374 -0.742810 0.591633
vn 0.217648 0.659698 0.719324
vn 0.262696 0.484312 0.834525
vn 0.360059 -0.263996 0.894798
vn 0.386475 -0.725873 0.568987
vn 0.247817 0.659838 0.709366
vn 0.284953 0.488949 0.824458
vn 0.370460 -0.202900 0.906417
vn 0.478941 -0.692195 0.539890
vn 0.407450 0.628814 0.662252
vn 0.389733 0.282612 0.876492
vn 0.378788 -0.124635 0.917053
vn 0.697248 -0.512505 0.501183
vn 0.686554 0.462237 0.561232
vn 0.481584 0.130808 0.866583
vn 0.461980 -0.097563 0.881508
vn 0.875670 -0.196433 0.441153
vn 0.856847 0.191946 0.478508
vn 0.486275 0.002061 0.873803
vn 0.481343 -0.059316 0.874523
vn 0.894194 -0.029349 0.446717
vn 0.319808 -0.064405 0.945291
vn 0.319801 -0.064422 0.945292
vn 0.319817 -0.064407 0.945288
vn 0.319813 -0.064396 0.945290
vn 0.319814 -0.064415 0.945288
vn 0.319804 -0.064406 0.945292
vn 0.319797 -0.064429 0.945293
vn 0.319787 -0.064426 0.945296
vn 0.414823 0.008983 0.909858
vn 0.433588 -0.071259 0.898289
vn 0.982113 -0.066826 -0.176034
vn 0.815382 0.572349 -0.086999
vn 0.087277 0.978332 0.187748
vn 0.322076 0.020918 0.946483
vn -0.056657 0.969211 0.239624
vn 0.309264 0.024249 0.950667
vn 0.457422 -0.087771 0.884908
vn 0.970723 -0.166114 -0.173502
vn 0.473058 -0.091457 0.876271
vn 0.969969 -0.173381 -0.170588
vn 0.473614 -0.111446 0.873653
vn 0.943723 -0.281047 -0.174357
vn 0.466356 -0.154355 0.871026
vn 0.855270 -0.492810 -0.160162
vn 0.456154 -0.197666 0.867670
vn 0.738942 -0.660244 -0.134320
vn 0.382026 -0.174151 0.907594
vn 0.536355 -0.840113 -0.080831
vn 0.353051 -0.202831 0.913354
vn 0.296747 -0.954925 -0.007697
vn -0.044190 0.973417 0.224738
vn 0.305591 0.063341 0.950054
vn 0.329922 -0.330462 0.884278
vn 0.128124 -0.990631 0.047271
vn -0.035212 0.971799 0.233166
vn 0.303789 0.083781 0.949048
vn 0.291447 -0.502655 0.813878
vn 0.054915 -0.996506 0.062923
vn -0.034574 0.971037 0.236416
vn 0.304294 0.080836 0.949142
vn 0.281358 -0.536350 0.795718
vn 0.041576 -0.997514 0.056896
vn -0.039440 0.972953 0.227613
vn 0.305373 0.069898 0.949664
vn 0.283045 -0.480941 0.829808
vn 0.031417 -0.996770 0.073904
vn -0.045104 0.973475 0.224303
vn 0.308360 0.041605 0.950359
vn 0.253621 -0.434386 0.864283
vn -0.064609 -0.991731 0.110882
vn -0.020458 0.972799 0.230747
vn 0.313131 0.015991 0.949575
vn 0.260085 -0.267318 0.927845
vn -0.199262 -0.967146 0.157871
vn -0.066193 0.967150 0.245439
vn 0.309570 0.015186 0.950755
vn 0.254977 -0.209156 0.944055
vn -0.334652 -0.919901 0.204426
vn -0.318850 0.893022 0.317564
vn 0.281463 0.026985 0.959193
vn 0.185123 -0.214111 0.959107
vn -0.589112 -0.753134 0.292809
vn -0.306717 0.885063 0.350125
vn 0.271044 0.023407 0.962282
vn 0.255623 -0.105942 0.960954
vn 0.273870 -0.127055 0.953337
vn -0.391148 -0.879532 0.270973
vn -0.748145 -0.537875 0.388549
vn -0.816279 -0.414760 0.402073
vn 0.215141 -0.112079 0.970130
vn -0.776499 -0.503937 0.378282
vn 0.191456 -0.138749 0.971645
vn 0.044916 0.997571 0.053235
vn 0.782202 0.584128 -0.216693
vn 0.949527 -0.112226 -0.292922
vn 0.941609 -0.162719 -0.294779
vn 0.933651 -0.165776 -0.317513
vn 0.907952 -0.274641 -0.316538
vn 0.818610 -0.488681 -0.301775
vn 0.701229 -0.657863 -0.274764
vn 0.496766 -0.839514 -0.220091
vn -0.105037 0.989241 0.101837
vn 0.253683 -0.955850 -0.148310
vn -0.088986 0.991327 0.096710
vn 0.082378 -0.992101 -0.094606
vn -0.083087 0.992020 0.094827
vn 0.009573 -0.997424 -0.071096
vn -0.083781 0.991940 0.095054
vn -0.000076 -0.997689 -0.067950
vn -0.085426 0.991750 0.095570
vn -0.014458 -0.997893 -0.063251
vn -0.089378 0.991279 0.096835
vn -0.112650 -0.993159 -0.030733
vn -0.069208 0.993500 0.090380
vn -0.249413 -0.968268 0.015811
vn -0.114630 0.987855 0.104891
vn -0.385865 -0.920345 0.063821
vn -0.366543 0.912355 0.182357
vn -0.874860 -0.409297 0.259028
vn -0.814155 -0.532862 0.230672
vn -0.832523 -0.499772 0.239025
vn -0.639561 -0.752221 0.158510
vn -0.366913 0.912512 0.180821
vn -0.456428 -0.885409 0.087893
vn -0.741056 -0.059802 -0.668774
vn -0.592569 -0.340334 -0.730092
vn -0.763776 0.155038 -0.626586
vn -0.746943 0.248776 -0.616593
vn -0.673953 0.385026 -0.630510
vn -0.338807 -0.541206 -0.769614
vn -0.465002 0.588340 -0.661535
vn -0.216650 -0.585194 -0.781416
vn -0.309080 0.663405 -0.681442
vn -0.164841 -0.585368 -0.793833
vn -0.256257 0.675685 -0.691218
vn -0.106431 -0.566547 -0.817127
vn -0.231744 0.675358 -0.700133
vn -0.034790 -0.525643 -0.849994
vn -0.120760 0.632888 -0.764768
vn 0.101330 -0.344315 -0.933370
vn 0.088492 0.464634 -0.881070
vn 0.233018 -0.060431 -0.970593
vn 0.245211 0.066113 -0.967213
vn 0.215148 0.237281 -0.947317
vn -0.970100 -0.026090 0.241301
vn -0.785279 0.474553 0.397664
vn -0.892960 -0.312382 0.324098
vn -0.931653 -0.297839 0.208124
vn -0.418363 -0.890245 0.180100
vn -0.466946 -0.883346 0.040768
vn 0.957655 -0.168981 -0.233116
vn 0.953499 0.266235 -0.141276
vn -0.003444 0.999113 0.041967
vn -0.003444 0.999113 0.041967
vn 0.920431 0.334127 -0.202892
vn 0.920032 0.291290 -0.262091
vn -0.843676 0.504127 0.184571
vn -0.845138 0.470910 0.252953
vn 0.952754 -0.167901 -0.253120
vn 0.839524 -0.465563 -0.280092
vn -0.926758 -0.301257 0.224419
vn -0.935437 -0.310985 0.168065
vn -0.458610 -0.886146 0.066504
vn 0.917820 0.270752 -0.290346
vn -0.009555 0.999748 -0.020333
vn -0.809660 0.550966 0.202205
vn -0.823931 0.530129 0.200252
vn 0.802660 -0.535088 -0.263472
vn 0.937540 -0.214758 -0.273676
vn 0.937616 -0.213771 -0.274187
vn -0.946905 -0.221405 0.233132
vn -0.942993 -0.233465 0.237187
vn -0.450351 -0.888117 0.091821
vn -0.157583 0.854984 -0.494136
vn -0.805267 0.587106 -0.082781
vn 0.938670 -0.306943 -0.157112
vn 0.942478 -0.297867 -0.151690
vn 0.935772 -0.315142 -0.158166
vn 0.936622 -0.312208 -0.158949
vn -0.973210 -0.135570 0.185695
vn -0.991642 -0.124916 -0.032291
vn -0.463494 -0.884635 0.050943
vn -0.463494 -0.884635 0.050943
vn -0.940648 0.311249 0.135299
vn -0.234973 -0.805123 0.544577
vn -0.111086 -0.693288 0.712047
vn -0.060180 -0.638199 0.767516
vn -0.227890 -0.799652 0.555538
vn 0.959452 -0.261507 -0.105199
vn 0.960080 -0.260012 -0.103152
vn -0.112183 0.415527 -0.902637
vn -0.884742 0.407773 -0.225728
vn -0.957827 0.273411 0.088394
vn 0.314773 -0.074299 0.946255
vn 0.980286 -0.113259 0.161902
vn -0.944545 0.187806 -0.269378
vn -0.983696 0.152122 0.095924
vn -0.309692 0.084337 -0.947089
vn 0.981842 -0.150141 -0.115947
vn -0.064262 0.965742 -0.251421
vn -0.723501 0.690254 0.009789
vn 0.927894 -0.311308 -0.205182
vn 0.929946 -0.311070 -0.196050
vn -0.383796 -0.884830 0.264152
vn -0.369283 -0.880673 0.296722
vn -0.935531 0.304526 0.179016
vn 0.451795 0.235813 0.860392
vn 0.993322 -0.034885 0.109976
vn -0.984367 0.082119 -0.155816
vn -0.980237 0.115458 0.160637
vn -0.389741 -0.082917 -0.917184
vn 0.979364 -0.117077 -0.164743
vn -0.319808 0.064405 -0.945291
vn -0.319808 0.064405 -0.945291
vn -0.319808 0.064405 -0.945291
vn -0.319808 0.064405 -0.945291
vn 0.435122 0.192147 0.879630
vn 0.997551 -0.063747 0.028776
vn -0.420586 -0.155564 -0.893816
vn 0.969920 -0.122448 -0.210385
g glasses:FCSET_polySurface5_001_0p555_0p499_0p485 glasses1 glasses:polySurface5
usemtl glasses:lambert2SG
f 321/241/241 316/242/242 317/243/243 322/244/244
f 323/245/245 321/241/241 322/244/244 324/246/246
f 326/247/247 325/248/248 323/245/245 324/246/246
f 248/825/249 249/250/250 242/251/251 241/826/252
f 459/253/253 460/254/254 461/255/255 462/256/256
f 250/257/257 251/258/258 244/259/259 243/260/260
f 251/258/258 252/261/261 245/262/262 244/259/259
f 252/261/261 253/263/263 246/264/264 245/262/262
f 253/263/263 254/265/265 247/266/266 246/264/264
f 255/824/267 256/268/268 249/250/250 248/825/249
f 256/268/268 257/269/269 250/257/257 249/250/250
f 257/269/269 258/270/270 251/258/258 250/257/257
f 258/270/270 259/271/271 252/261/261 251/258/258
f 259/271/271 260/272/272 253/263/263 252/261/261
f 260/272/272 261/273/273 254/265/265 253/263/263
f 262/823/274 263/275/275 256/268/268 255/824/267
f 264/276/276 265/277/277 261/273/273 260/272/272
f 266/822/278 267/279/279 263/275/275 262/823/274
f 268/280/280 269/281/281 265/277/277 264/276/276
f 270/812/282 271/807/283 267/279/279 266/822/278
f 272/284/284 273/285/285 269/281/281 268/280/280
f 274/821/286 275/287/287 271/283/283 270/813/282
f 276/288/288 277/289/289 273/285/285 272/284/284
f 278/820/290 279/291/291 275/287/287 274/821/286
f 280/292/292 281/293/293 277/289/289 276/288/288
f 282/819/294 283/295/295 279/291/291 278/820/290
f 287/296/296 288/297/297 281/293/293 280/292/292
f 289/818/298 290/299/299 283/295/295 282/819/294
f 290/299/299 291/300/300 284/301/301 283/295/295
f 291/300/300 292/302/302 285/303/303 284/301/301
f 292/302/302 293/304/304 286/305/305 285/303/303
f 293/304/304 294/306/306 287/296/296 286/305/305
f 294/306/306 295/307/307 288/297/297 287/296/296
f 296/817/308 297/309/309 290/299/299 289/818/298
f 297/309/309 298/310/310 291/300/300 290/299/299
f 298/310/310 299/311/311 292/302/302 291/300/300
f 299/311/311 300/312/312 293/304/304 292/302/302
f 300/312/312 301/313/313 294/306/306 293/304/304
f 301/313/313 302/314/314 295/307/307 294/306/306
f 303/816/315 304/316/316 297/309/309 296/817/308
f 304/316/316 305/317/317 298/310/310 297/309/309
f 305/317/317 306/318/318 299/311/311 298/310/310
f 308/319/319 304/316/316 303/816/315 307/784/320
f 309/321/321 305/317/317 304/316/316 308/319/319
f 310/322/322 306/318/318 305/317/317 309/321/321
f 327/323/323 328/324/324 338/325/325 337/326/326
f 328/324/324 327/323/323 330/327/327 329/328/328
f 329/328/328 330/327/327 332/329/329 331/330/330
f 331/330/330 332/329/329 334/331/331 333/332/332
f 333/332/332 334/331/331 336/333/333 335/334/334
f 335/334/334 336/333/333 340/335/335 339/336/336
f 337/326/326 338/325/325 342/337/337 341/338/338
f 339/336/336 340/335/335 344/339/339 343/340/340
f 341/338/338 342/337/337 346/341/341 345/809/342
f 343/340/340 344/339/339 348/343/343 347/344/344
f 345/342/342 346/815/341 350/345/345 349/346/346
f 347/344/344 348/343/343 352/347/347 351/348/348
f 349/346/346 350/345/345 354/349/349 353/350/350
f 351/348/348 352/347/347 356/351/351 355/352/352
f 353/350/350 354/349/349 358/353/353 357/354/354
f 355/352/352 356/351/351 360/355/355 359/356/356
f 357/354/354 358/353/353 362/357/357 361/358/358
f 359/356/356 360/355/355 365/359/359 366/360/360
f 361/358/358 362/357/357 364/361/361 363/362/362
f 363/362/362 364/361/361 366/360/360 365/359/359
f 327/323/323 311/363/363 312/364/364 330/327/327
f 330/327/327 312/364/364 313/365/365 332/329/329
f 332/329/329 313/365/365 314/366/366 334/331/331
f 334/331/331 314/366/366 315/367/367 336/333/333
f 316/242/242 357/354/354 361/358/358 317/243/243
f 317/243/243 361/358/358 363/362/362 318/368/368
f 318/368/368 363/362/362 365/359/359 319/369/369
f 319/369/369 365/359/359 360/355/355 320/370/370
f 367/371/371 368/372/372 372/373/373 371/374/374
f 368/372/372 367/371/371 370/375/375 369/376/376
f 369/376/376 370/375/375 386/377/377 385/378/378
f 371/374/374 372/373/373 374/379/379 373/380/380
f 373/380/380 374/379/379 376/381/381 375/382/382
f 375/382/382 376/381/381 378/383/383 377/384/384
f 377/384/384 378/383/383 380/385/385 379/386/386
f 379/386/386 380/385/385 382/387/387 381/388/388
f 381/388/388 382/387/387 384/389/389 383/390/390
f 383/390/390 384/389/389 387/391/391 388/392/392
f 385/378/378 386/377/377 390/393/393 389/394/394
f 388/392/392 387/391/391 391/395/395 392/396/396
f 389/394/394 390/393/393 394/397/397 393/398/398
f 392/396/396 391/395/395 395/399/399 396/400/400
f 393/398/398 394/397/397 398/401/401 397/811/402
f 396/400/400 395/399/399 399/403/403 400/404/404
f 397/402/402 398/810/401 402/405/405 401/406/406
f 400/404/404 399/403/403 403/407/407 404/408/408
f 401/406/406 402/405/405 406/409/409 405/410/410
f 404/408/408 403/407/407 407/411/411 408/412/412
f 405/410/410 406/409/409 410/413/413 409/414/414
f 408/412/412 407/411/411 411/415/415 412/416/416
f 409/414/414 410/413/413 414/417/417 413/418/418
f 412/416/416 411/415/415 416/419/419 415/420/420
f 413/418/418 414/417/417 418/421/421 417/422/422
f 415/420/420 416/419/419 426/423/423 425/424/424
f 417/422/422 418/421/421 428/425/425 427/426/426
f 419/427/427 420/428/428 430/429/429 429/430/430
f 420/428/428 419/427/427 422/431/431 421/432/432
f 421/432/432 422/431/431 424/433/433 423/434/434
f 423/434/434 424/433/433 425/424/424 426/423/423
f 427/426/426 428/425/425 431/435/435 432/436/436
f 429/430/430 430/429/429 434/437/437 433/438/438
f 370/375/375 367/371/371 371/374/374 311/363/363
f 311/363/363 371/374/374 373/380/380 312/364/364
f 312/364/364 373/380/380 375/382/382 313/365/365
f 313/365/365 375/382/382 377/384/384 314/366/366
f 314/366/366 377/384/384 379/386/386 315/367/367
f 315/367/367 379/386/386 381/388/388 383/390/390
f 418/421/421 414/417/417 316/242/242 321/241/241
f 322/244/244 317/243/243 318/368/368 419/427/427
f 419/427/427 318/368/368 319/369/369 422/431/431
f 422/431/431 319/369/369 320/370/370 424/433/433
f 424/433/433 320/370/370 415/420/420 425/424/424
f 428/425/425 418/421/421 321/241/241 323/245/245
f 324/246/246 322/244/244 419/427/427 429/430/430
f 325/248/248 431/435/435 428/425/425 323/245/245
f 433/438/438 326/247/247 324/246/246 429/430/430
f 248/249/439 241/252/440 368/372/372 369/376/376
f 241/252/440 242/806/441 372/373/373 368/372/372
f 242/806/441 243/260/442 374/379/379 372/373/373
f 243/260/442 244/259/443 376/381/381 374/379/379
f 244/259/443 245/262/444 378/383/383 376/381/381
f 245/262/444 246/264/445 380/385/385 378/383/383
f 246/264/445 247/266/446 382/387/387 380/385/385
f 247/266/446 254/265/447 384/389/389 382/387/387
f 255/267/448 248/249/439 369/376/376 385/378/378
f 254/265/447 261/273/449 387/391/391 384/389/389
f 262/274/450 255/267/448 385/378/378 389/394/394
f 261/273/449 265/277/451 391/395/395 387/391/391
f 266/278/452 262/274/450 389/394/394 393/398/398
f 265/277/451 269/281/453 395/399/399 391/395/395
f 270/282/454 266/278/452 393/398/398 397/811/402
f 269/281/453 273/285/455 399/403/403 395/399/399
f 274/286/456 270/814/454 397/402/402 401/406/406
f 273/285/455 277/289/457 403/407/407 399/403/403
f 278/290/458 274/286/456 401/406/406 405/410/410
f 277/289/457 281/293/459 407/411/411 403/407/407
f 282/294/460 278/290/458 405/410/410 409/414/414
f 281/293/459 288/297/461 411/415/415 407/411/411
f 289/298/462 282/294/460 409/414/414 413/418/418
f 288/297/461 295/307/463 416/419/419 411/415/415
f 296/308/464 289/298/462 413/418/418 417/422/422
f 300/312/465 299/311/466 420/428/428 421/432/432
f 301/313/467 300/312/465 421/432/432 423/434/434
f 295/307/463 302/314/468 426/423/423 416/419/419
f 302/314/468 301/313/467 423/434/434 426/423/423
f 303/315/469 296/308/464 417/422/422 427/426/426
f 299/311/466 306/318/470 430/429/429 420/428/428
f 307/320/471 303/315/469 427/426/426 432/436/436
f 306/318/470 310/322/472 434/437/437 430/429/429
f 386/377/377 370/375/375 311/363/363 327/323/323
f 336/333/333 315/367/367 383/390/390 388/392/392
f 390/393/393 386/377/377 327/323/323 337/326/326
f 340/335/335 336/333/333 388/392/392 392/396/396
f 394/397/397 390/393/393 337/326/326 341/338/338
f 344/339/339 340/335/335 392/396/396 396/400/400
f 398/401/401 394/397/397 341/338/338 345/809/342
f 348/343/343 344/339/339 396/400/400 400/404/404
f 402/405/405 398/810/401 345/342/342 349/346/346
f 352/347/347 348/343/343 400/404/404 404/408/408
f 406/409/409 402/405/405 349/346/346 353/350/350
f 356/351/351 352/347/347 404/408/408 408/412/412
f 410/413/413 406/409/409 353/350/350 357/354/354
f 360/355/355 356/351/351 408/412/412 412/416/416
f 414/417/417 410/413/413 357/354/354 316/242/242
f 320/370/370 360/355/355 412/416/416 415/420/420
f 257/269/269 256/268/268 439/439/473 440/440/474
f 258/270/270 257/269/269 440/440/474 441/441/475
f 259/271/271 258/270/270 441/441/475 442/442/476
f 260/272/272 259/271/271 442/442/476 443/443/477
f 256/268/268 263/275/275 458/444/478 439/439/473
f 264/276/276 260/272/272 443/443/477 444/445/479
f 263/275/275 267/279/279 457/446/480 458/444/478
f 268/280/280 264/276/276 444/445/479 445/447/481
f 267/279/279 271/807/283 456/808/482 457/446/480
f 272/284/284 268/280/280 445/447/481 446/449/483
f 271/283/283 275/287/287 455/450/484 456/448/482
f 276/288/288 272/284/284 446/449/483 447/451/485
f 275/287/287 279/291/291 454/452/486 455/450/484
f 280/292/292 276/288/288 447/451/485 448/453/487
f 279/291/291 283/295/295 453/454/488 454/452/486
f 287/296/296 280/292/292 448/453/487 449/455/489
f 283/295/295 284/301/301 452/456/490 453/454/488
f 284/301/301 285/303/303 451/457/491 452/456/490
f 285/303/303 286/305/305 450/458/492 451/457/491
f 286/305/305 287/296/296 449/455/489 450/458/492
f 249/250/493 250/257/494 466/459/495 463/460/496
f 250/257/494 243/260/497 465/461/498 466/459/495
f 243/260/442 242/806/441 464/805/499 465/461/500
f 242/251/501 249/250/502 463/460/496 464/462/499
f 472/802/503 471/464/504 473/465/505 474/803/506
f 475/467/507 472/463/503 474/466/506 476/468/508
f 477/469/509 475/467/510 476/468/508 478/470/511
f 471/464/504 477/469/509 478/470/511 473/465/505
f 468/804/512 467/472/513 495/473/514 496/474/515
f 469/475/516 468/471/512 496/797/517 497/476/518
f 470/477/519 469/475/516 497/476/520 498/478/521
f 467/472/513 470/477/519 498/478/521 495/473/514
f 464/462/499 463/460/496 471/464/504 472/802/503
f 467/472/513 468/804/512 474/803/506 473/465/505
f 465/461/500 464/805/499 472/463/503 475/467/507
f 468/471/512 469/475/516 476/468/508 474/466/506
f 466/459/495 465/461/498 475/467/510 477/469/509
f 469/475/516 470/477/519 478/470/511 476/468/508
f 463/460/496 466/459/495 477/469/509 471/464/504
f 470/477/519 467/472/513 473/465/505 478/470/511
f 480/479/522 479/480/523 459/253/253 462/256/256
f 481/800/524 480/479/525 462/256/526 461/255/527
f 484/482/528 483/483/529 485/484/530 486/485/531
f 479/480/523 482/486/532 460/254/254 459/253/253
f 482/486/533 481/481/534 487/801/535 488/488/536
f 481/800/524 461/255/527 490/489/537 487/487/538
f 461/255/255 460/254/254 489/490/539 490/489/540
f 460/254/254 482/486/532 488/488/541 489/490/539
f 488/488/536 487/801/535 499/796/542 500/492/543
f 489/490/539 488/488/541 500/492/544 501/493/545
f 490/489/540 489/490/539 501/493/545 502/494/546
f 487/487/538 490/489/537 502/494/547 499/491/542
f 492/495/548 491/496/549 479/480/523 480/479/522
f 493/799/550 492/495/551 480/479/525 481/800/524
f 494/498/552 493/497/553 481/481/534 482/486/533
f 491/496/549 494/498/554 482/486/532 479/480/523
f 496/474/515 495/473/514 491/496/549 492/495/548
f 497/798/518 496/474/517 492/495/551 493/799/550
f 498/478/521 497/476/520 493/497/553 494/498/552
f 495/473/514 498/478/521 494/498/554 491/496/549
f 500/492/543 499/796/542 503/795/555 504/500/556
f 501/493/545 500/492/544 504/500/557 505/501/558
f 502/494/546 501/493/545 505/501/558 506/502/559
f 499/491/542 502/494/547 506/502/560 503/499/555
f 438/503/561 435/504/562 436/505/563 437/506/564
f 504/500/556 503/795/555 483/483/565 484/482/566
f 505/501/558 504/500/557 484/482/528 486/485/531
f 506/502/559 505/501/558 486/485/531 485/484/567
f 503/499/555 506/502/560 485/484/568 483/483/565
f 583/507/569 584/508/570 579/509/571 578/510/572
f 585/511/573 586/512/574 584/508/570 583/507/569
f 326/247/247 586/512/574 585/511/573 325/248/248
f 514/513/575 507/514/576 508/515/577 515/516/578
f 715/517/579 718/518/580 717/519/581 716/520/582
f 516/793/583 509/773/584 510/523/585 517/524/586
f 517/524/586 510/523/585 511/525/587 518/526/588
f 518/526/588 511/525/587 512/527/589 519/528/590
f 519/528/590 512/527/589 513/529/591 520/530/592
f 521/531/593 514/513/575 515/516/578 522/774/594
f 522/774/594 515/516/578 516/521/583 523/794/595
f 523/533/595 516/793/583 517/524/586 524/534/596
f 524/534/596 517/524/586 518/526/588 525/535/597
f 525/535/597 518/526/588 519/528/590 526/536/598
f 526/536/598 519/528/590 520/530/592 527/537/599
f 528/538/600 521/531/593 522/774/594 529/792/601
f 530/540/602 526/536/598 527/537/599 531/541/603
f 532/790/604 528/791/600 529/539/601 533/543/605
f 534/544/606 530/540/602 531/541/603 535/545/607
f 536/780/608 532/790/604 533/543/605 537/547/609
f 538/548/610 534/544/606 535/545/607 539/549/611
f 540/789/612 536/780/608 537/547/609 541/551/613
f 542/552/614 538/548/610 539/549/611 543/553/615
f 544/788/616 540/789/612 541/551/613 545/555/617
f 546/556/618 542/552/614 543/553/615 547/557/619
f 548/787/620 544/788/616 545/555/617 549/559/621
f 553/560/622 546/556/618 547/557/619 554/561/623
f 555/786/624 548/787/620 549/559/621 556/563/625
f 556/563/625 549/559/621 550/564/626 557/565/627
f 557/565/627 550/564/626 551/566/628 558/567/629
f 558/567/629 551/566/628 552/568/630 559/569/631
f 559/569/631 552/568/630 553/560/622 560/570/632
f 560/570/632 553/560/622 554/561/623 561/571/633
f 562/785/634 555/786/624 556/563/625 563/573/635
f 563/573/635 556/563/625 557/565/627 564/574/636
f 564/574/636 557/565/627 558/567/629 565/575/637
f 565/575/637 558/567/629 559/569/631 566/576/638
f 566/576/638 559/569/631 560/570/632 567/577/639
f 567/577/639 560/570/632 561/571/633 568/578/640
f 569/783/641 562/785/634 563/573/635 570/580/642
f 570/580/642 563/573/635 564/574/636 571/581/643
f 571/581/643 564/574/636 565/575/637 572/582/644
f 308/319/319 307/784/320 569/783/641 570/580/642
f 309/321/321 308/319/319 570/580/642 571/581/643
f 310/322/322 309/321/321 571/581/643 572/582/644
f 587/583/645 597/584/646 598/585/647 588/586/648
f 588/586/648 589/587/649 590/588/650 587/583/645
f 589/587/649 591/589/651 592/590/652 590/588/650
f 591/589/651 593/591/653 594/592/654 592/590/652
f 593/591/653 595/593/655 596/594/656 594/592/654
f 595/593/655 599/595/657 600/596/658 596/594/656
f 597/584/646 601/597/659 602/598/660 598/585/647
f 599/595/657 603/599/661 604/600/662 600/596/658
f 601/597/659 605/601/663 606/782/664 602/598/660
f 603/599/661 607/603/665 608/604/666 604/600/662
f 605/777/663 609/605/667 610/606/668 606/602/664
f 607/603/665 611/607/669 612/608/670 608/604/666
f 609/605/667 613/609/671 614/610/672 610/606/668
f 611/607/669 615/611/673 616/612/674 612/608/670
f 613/609/671 617/613/675 618/614/676 614/610/672
f 615/611/673 619/615/677 620/616/678 616/612/674
f 617/613/675 621/617/679 622/618/680 618/614/676
f 619/615/677 626/619/681 625/620/682 620/616/678
f 621/617/679 623/621/683 624/622/684 622/618/680
f 623/621/683 625/620/682 626/619/681 624/622/684
f 587/583/645 590/588/650 574/623/685 573/624/686
f 590/588/650 592/590/652 575/625/687 574/623/685
f 592/590/652 594/592/654 576/626/688 575/625/687
f 594/592/654 596/594/656 577/627/689 576/626/688
f 578/510/572 579/509/571 621/617/679 617/613/675
f 579/509/571 580/628/690 623/621/683 621/617/679
f 580/628/690 581/629/691 625/620/682 623/621/683
f 581/629/691 582/630/692 620/616/678 625/620/682
f 627/631/693 631/632/694 632/633/695 628/634/696
f 628/634/696 629/635/697 630/636/698 627/631/693
f 629/635/697 645/637/699 646/638/700 630/636/698
f 631/632/694 633/639/701 634/640/702 632/633/695
f 633/639/701 635/641/703 636/642/704 634/640/702
f 635/641/703 637/643/705 638/644/706 636/642/704
f 637/643/705 639/645/707 640/646/708 638/644/706
f 639/645/707 641/647/709 642/648/710 640/646/708
f 641/647/709 643/649/711 644/650/712 642/648/710
f 643/649/711 648/651/713 647/652/714 644/650/712
f 645/637/699 649/653/715 650/654/716 646/638/700
f 648/651/713 652/655/717 651/656/718 647/652/714
f 649/653/715 653/657/719 654/658/720 650/654/716
f 652/655/717 656/659/721 655/660/722 651/656/718
f 653/657/719 657/661/723 658/778/724 654/658/720
f 656/659/721 660/663/725 659/664/726 655/660/722
f 657/779/723 661/665/727 662/666/728 658/662/724
f 660/663/725 664/667/729 663/668/730 659/664/726
f 661/665/727 665/669/731 666/670/732 662/666/728
f 664/667/729 668/671/733 667/672/734 663/668/730
f 665/669/731 669/673/735 670/674/736 666/670/732
f 668/671/733 672/675/737 671/676/738 667/672/734
f 669/673/735 673/677/739 674/678/740 670/674/736
f 672/675/737 675/679/741 676/680/742 671/676/738
f 673/677/739 677/681/743 678/682/744 674/678/740
f 675/679/741 685/683/745 686/684/746 676/680/742
f 677/681/743 687/685/747 688/686/748 678/682/744
f 679/687/749 689/688/750 690/689/751 680/690/752
f 680/690/752 681/691/753 682/692/754 679/687/749
f 681/691/753 683/693/755 684/694/756 682/692/754
f 683/693/755 686/684/746 685/683/745 684/694/756
f 687/685/747 432/436/436 431/435/435 688/686/748
f 689/688/750 433/438/438 434/437/437 690/689/751
f 630/636/698 573/624/686 631/632/694 627/631/693
f 573/624/686 574/623/685 633/639/701 631/632/694
f 574/623/685 575/625/687 635/641/703 633/639/701
f 575/625/687 576/626/688 637/643/705 635/641/703
f 576/626/688 577/627/689 639/645/707 637/643/705
f 577/627/689 643/649/711 641/647/709 639/645/707
f 678/682/744 583/507/569 578/510/572 674/678/740
f 584/508/570 679/687/749 580/628/690 579/509/571
f 679/687/749 682/692/754 581/629/691 580/628/690
f 682/692/754 684/694/756 582/630/692 581/629/691
f 684/694/756 685/683/745 675/679/741 582/630/692
f 688/686/748 585/511/573 583/507/569 678/682/744
f 586/512/574 689/688/750 679/687/749 584/508/570
f 325/248/248 585/511/573 688/686/748 431/435/435
f 433/438/438 689/688/750 586/512/574 326/247/247
f 514/513/757 629/635/697 628/634/696 507/514/758
f 507/514/758 628/634/696 632/633/695 508/515/759
f 508/515/759 632/633/695 634/640/702 509/773/760
f 509/773/760 634/640/702 636/642/704 510/523/761
f 510/523/761 636/642/704 638/644/706 511/525/762
f 511/525/762 638/644/706 640/646/708 512/527/763
f 512/527/763 640/646/708 642/648/710 513/529/764
f 513/529/764 642/648/710 644/650/712 520/530/765
f 521/531/766 645/637/699 629/635/697 514/513/757
f 520/530/765 644/650/712 647/652/714 527/537/767
f 528/538/768 649/653/715 645/637/699 521/531/766
f 527/537/767 647/652/714 651/656/718 531/541/769
f 532/542/770 653/657/719 649/653/715 528/538/768
f 531/541/769 651/656/718 655/660/722 535/545/771
f 536/781/772 657/661/723 653/657/719 532/542/770
f 535/545/771 655/660/722 659/664/726 539/549/773
f 540/550/774 661/665/727 657/779/723 536/546/772
f 539/549/773 659/664/726 663/668/730 543/553/775
f 544/554/776 665/669/731 661/665/727 540/550/774
f 543/553/775 663/668/730 667/672/734 547/557/777
f 548/558/778 669/673/735 665/669/731 544/554/776
f 547/557/777 667/672/734 671/676/738 554/561/779
f 555/562/780 673/677/739 669/673/735 548/558/778
f 554/561/779 671/676/738 676/680/742 561/571/781
f 562/572/782 677/681/743 673/677/739 555/562/780
f 566/576/783 681/691/753 680/690/752 565/575/784
f 567/577/785 683/693/755 681/691/753 566/576/783
f 561/571/781 676/680/742 686/684/746 568/578/786
f 568/578/786 686/684/746 683/693/755 567/577/785
f 569/579/787 687/685/747 677/681/743 562/572/782
f 565/575/784 680/690/752 690/689/751 572/582/788
f 307/320/471 432/436/436 687/685/747 569/579/787
f 572/582/788 690/689/751 434/437/437 310/322/472
f 646/638/700 587/583/645 573/624/686 630/636/698
f 596/594/656 648/651/713 643/649/711 577/627/689
f 650/654/716 597/584/646 587/583/645 646/638/700
f 600/596/658 652/655/717 648/651/713 596/594/656
f 654/658/720 601/597/659 597/584/646 650/654/716
f 604/600/662 656/659/721 652/655/717 600/596/658
f 658/778/724 605/601/663 601/597/659 654/658/720
f 608/604/666 660/663/725 656/659/721 604/600/662
f 662/666/728 609/605/667 605/777/663 658/662/724
f 612/608/670 664/667/729 660/663/725 608/604/666
f 666/670/732 613/609/671 609/605/667 662/666/728
f 616/612/674 668/671/733 664/667/729 612/608/670
f 670/674/736 617/613/675 613/609/671 666/670/732
f 620/616/678 672/675/737 668/671/733 616/612/674
f 674/678/740 578/510/572 617/613/675 670/674/736
f 582/630/692 675/679/741 672/675/737 620/616/678
f 523/533/595 696/695/789 695/696/790 522/532/594
f 524/534/596 697/697/791 696/695/789 523/533/595
f 525/535/597 698/698/792 697/697/791 524/534/596
f 526/536/598 699/699/793 698/698/792 525/535/597
f 522/775/594 695/776/790 714/700/794 529/539/601
f 530/540/602 700/701/795 699/699/793 526/536/598
f 529/539/601 714/700/794 713/702/796 533/543/605
f 534/544/606 701/703/797 700/701/795 530/540/602
f 533/543/605 713/702/796 712/704/798 537/547/609
f 538/548/610 702/705/799 701/703/797 534/544/606
f 537/547/609 712/704/798 711/706/800 541/551/613
f 542/552/614 703/707/801 702/705/799 538/548/610
f 541/551/613 711/706/800 710/708/802 545/555/617
f 546/556/618 704/709/803 703/707/801 542/552/614
f 545/555/617 710/708/802 709/710/804 549/559/621
f 553/560/622 705/711/805 704/709/803 546/556/618
f 549/559/621 709/710/804 708/712/806 550/564/626
f 550/564/626 708/712/806 707/713/807 551/566/628
f 551/566/628 707/713/807 706/714/808 552/568/630
f 552/568/630 706/714/808 705/711/805 553/560/622
f 515/516/809 719/715/810 722/716/811 516/521/812
f 516/521/812 722/716/811 721/717/813 509/522/814
f 509/773/760 721/771/815 720/718/816 508/515/759
f 508/515/817 720/718/816 719/715/810 515/516/818
f 728/719/819 730/720/820 729/721/821 727/722/822
f 731/723/823 732/770/824 730/720/820 728/719/819
f 733/725/825 734/726/826 732/724/824 731/772/827
f 727/722/822 729/721/821 734/726/826 733/725/825
f 724/727/828 752/728/829 751/729/830 723/730/831
f 725/731/832 753/765/833 752/728/834 724/727/828
f 726/733/835 754/734/836 753/732/837 725/769/832
f 723/730/831 751/729/830 754/734/836 726/733/835
f 720/718/816 728/719/819 727/722/822 719/715/810
f 723/730/831 729/721/821 730/720/820 724/727/828
f 721/771/815 731/723/823 728/719/819 720/718/816
f 724/727/828 730/720/820 732/770/824 725/731/832
f 722/716/811 733/725/825 731/772/827 721/717/813
f 725/769/832 732/724/824 734/726/826 726/733/835
f 719/715/810 727/722/822 733/725/825 722/716/811
f 726/733/835 734/726/826 729/721/821 723/730/831
f 736/735/838 718/518/580 715/517/579 735/736/839
f 737/737/840 717/519/841 718/518/842 736/735/843
f 740/738/844 742/739/845 741/740/846 739/741/847
f 735/736/839 715/517/579 716/520/582 738/742/848
f 738/742/849 744/743/850 743/744/851 737/767/852
f 737/737/840 743/768/853 746/745/854 717/519/841
f 717/519/581 746/745/855 745/746/856 716/520/582
f 716/520/582 745/746/856 744/743/857 738/742/848
f 744/743/850 756/747/858 755/748/859 743/744/851
f 745/746/856 757/749/860 756/747/861 744/743/857
f 746/745/855 758/750/862 757/749/860 745/746/856
f 743/768/853 755/764/859 758/750/863 746/745/854
f 748/751/864 736/735/838 735/736/839 747/752/865
f 749/753/866 737/737/840 736/735/843 748/751/867
f 750/754/868 738/742/849 737/767/852 749/766/869
f 747/752/865 735/736/839 738/742/848 750/754/870
f 752/728/829 748/751/864 747/752/865 751/729/830
f 753/765/833 749/753/866 748/751/867 752/728/834
f 754/734/836 750/754/868 749/766/869 753/732/837
f 751/729/830 747/752/865 750/754/870 754/734/836
f 756/747/858 760/755/871 759/756/872 755/748/859
f 757/749/860 761/757/873 760/755/874 756/747/861
f 758/750/862 762/758/875 761/757/873 757/749/860
f 755/764/859 759/763/872 762/758/876 758/750/863
f 694/759/877 693/760/878 692/761/879 691/762/880
f 760/755/871 740/738/881 739/741/882 759/756/872
f 761/757/873 742/739/845 740/738/844 760/755/874
f 762/758/875 741/740/883 742/739/845 761/757/873
f 759/763/872 739/741/882 741/740/884 762/758/876
