# This file uses centimeters as units for non-parametric coordinates.

v -0.171573 -0.579804 0.454965
v -0.141261 -0.533754 0.568802
v -0.103183 -0.470558 0.668902
v -0.048808 -0.367967 0.628920
v -0.027030 -0.351618 0.504698
v -0.037593 -0.422080 0.400314
v 0.017224 -0.308461 0.407056
v 0.019803 -0.274001 0.527310
v 0.012734 -0.221849 0.645034
v 0.007359 -0.131711 0.733731
v -0.000121 -0.005862 0.750316
v -0.041469 0.108089 0.709372
v -0.091388 0.211174 0.666033
v -0.154777 0.297203 0.636423
v -0.058471 0.245881 0.657642
v -0.012767 0.139740 0.669075
v 0.015187 0.021534 0.704045
v 0.075597 -0.084992 0.742579
v 0.150578 -0.184255 0.716903
v 0.141004 -0.266290 0.621292
v 0.078233 -0.327585 0.527531
v 0.027326 -0.393695 0.431630
v -0.004878 -0.467641 0.336708
v 0.005956 -0.556649 0.250908
v 0.057183 -0.647797 0.179844
v -0.286845 -0.529898 0.465947
v -0.255397 -0.479066 0.578529
v -0.215507 -0.412764 0.677358
v -0.163703 -0.315057 0.615767
v -0.147525 -0.317273 0.489248
v -0.145152 -0.360120 0.369252
v -0.083835 -0.251627 0.381762
v -0.097560 -0.230466 0.507481
v -0.112567 -0.213876 0.631353
v -0.119136 -0.134593 0.730378
v -0.121318 -0.017687 0.788514
v -0.121821 0.114022 0.795666
v -0.117030 0.237823 0.789759
v -0.123675 0.354950 0.751758
v -0.075465 0.257140 0.661661
v 0.019826 0.175938 0.791475
v 0.107476 0.086464 0.766859
v 0.179543 -0.008317 0.719670
v 0.215894 -0.102611 0.640609
v 0.171552 -0.174335 0.541945
v 0.106824 -0.235086 0.448155
v 0.060635 -0.302910 0.351584
v 0.030026 -0.378791 0.253637
v 0.033040 -0.469519 0.161905
v 0.067693 -0.568549 0.085131
v -0.394118 -0.469830 0.468999
v -0.367911 -0.420806 0.584686
v -0.327907 -0.350866 0.679201
v -0.276275 -0.266221 0.600312
v -0.265975 -0.282266 0.472688
v -0.253757 -0.296474 0.347667
v -0.189426 -0.188779 0.360484
v -0.214389 -0.194153 0.487466
v -0.237193 -0.199576 0.611234
v -0.241359 -0.129639 0.717008
v -0.242427 -0.004326 0.760165
v -0.224193 0.122567 0.735117
v -0.213969 0.244083 0.714178
v -0.171535 0.363292 0.676061
v -0.039264 0.298427 0.677375
v 0.061673 0.244986 0.695415
v 0.157742 0.169466 0.684114
v 0.237794 0.077394 0.648148
v 0.247098 -0.011968 0.559586
v 0.190446 -0.078500 0.466818
v 0.138753 -0.143884 0.369400
v 0.113377 -0.221952 0.270156
v 0.126561 -0.322023 0.189952
v 0.159680 -0.439808 0.152693
v 0.173242 -0.568784 0.161589
v -0.494144 -0.406017 0.462519
v -0.478435 -0.356258 0.581491
v -0.439403 -0.280743 0.672397
v -0.384727 -0.219544 0.583992
v -0.379428 -0.230031 0.458923
v -0.362487 -0.225256 0.332258
v -0.292140 -0.127384 0.341715
v -0.331725 -0.174159 0.463444
v -0.363879 -0.179384 0.590217
v -0.361442 -0.123375 0.712077
v -0.347385 0.012749 0.705209
v -0.306300 0.117771 0.643885
v -0.250114 0.235651 0.591591
v -0.160438 0.306686 0.560247
v -0.025855 0.350622 0.580561
v 0.097829 0.315983 0.598248
v 0.197625 0.245065 0.590999
v 0.289540 0.164443 0.568378
v 0.272519 0.079831 0.475646
v 0.243173 -0.000298 0.388118
v 0.208585 -0.077934 0.293419
v 0.225655 -0.180821 0.219215
v 0.254243 -0.306591 0.213700
v 0.249196 -0.431275 0.246438
v 0.206853 -0.544753 0.285190
v -0.558505 -0.316927 0.429780
v -0.560931 -0.270662 0.550162
v -0.540691 -0.198645 0.653622
v -0.466167 -0.131108 0.580303
v -0.464343 -0.142974 0.451009
v -0.464519 -0.147202 0.323376
v -0.390231 -0.049707 0.357925
v -0.358298 -0.055696 0.474539
v -0.343570 -0.054758 0.582603
v -0.254687 -0.093962 0.639287
v -0.215785 -0.017787 0.717554
v -0.194888 0.075578 0.630231
v -0.173457 0.165947 0.530962
v -0.117087 0.266599 0.467690
v -0.009852 0.347250 0.461741
v 0.119004 0.365795 0.484492
v 0.235940 0.320549 0.497253
v 0.333127 0.248204 0.487506
v 0.286168 0.176297 0.395151
v 0.283013 0.079952 0.294824
v 0.323346 -0.040066 0.247086
v 0.339745 -0.169871 0.282556
v 0.302663 -0.283480 0.331805
v 0.243863 -0.389840 0.368088
v 0.178334 -0.493067 0.398601
v -0.526355 -0.203461 0.391204
v -0.565223 -0.152555 0.499120
v -0.632438 -0.119585 0.613483
v -0.560870 -0.044216 0.561463
v -0.515998 -0.031245 0.445555
v -0.559657 -0.063296 0.325143
v -0.490604 -0.001343 0.423138
v -0.411502 0.062369 0.500675
v -0.290019 0.061344 0.569827
v -0.176601 0.000242 0.588080
v -0.106105 -0.072745 0.663438
v -0.111095 0.014217 0.587336
v -0.099887 0.096494 0.480718
v -0.043704 0.188653 0.409502
v 0.028912 0.285725 0.366212
v 0.140538 0.368953 0.356536
v 0.270753 0.377360 0.380807
v 0.371190 0.330446 0.400912
v 0.361600 0.213533 0.325322
v 0.397912 0.096172 0.319273
v 0.369412 -0.014647 0.362024
v 0.314988 -0.116934 0.400542
v 0.253236 -0.220143 0.431784
v 0.190343 -0.326513 0.466168
v 0.137952 -0.436282 0.506374
v -0.601283 -0.302095 0.432840
v -0.676318 -0.217783 0.482758
v -0.714709 -0.097822 0.511785
v -0.666034 0.017960 0.503542
v -0.584811 0.068860 0.428485
v -0.555888 0.059512 0.292292
v -0.442660 0.061271 0.333701
v -0.345664 0.098170 0.411194
v -0.247462 0.044911 0.449885
v -0.184051 -0.060910 0.497406
v -0.109626 -0.153710 0.547735
v -0.050277 -0.058963 0.507217
v 0.007405 0.037062 0.481220
v 0.066110 0.138266 0.456396
v 0.129746 0.209789 0.386016
v 0.186177 0.271723 0.291976
v 0.295552 0.340516 0.257368
v 0.424081 0.336125 0.283049
v 0.484639 0.234789 0.354485
v 0.452248 0.129070 0.434681
v 0.379079 0.030130 0.483318
v 0.299825 -0.068374 0.517237
v 0.229398 -0.170767 0.546468
v 0.181516 -0.282472 0.584463
v 0.157353 -0.399514 0.628198
v -0.670806 -0.324471 0.342689
v -0.732204 -0.213585 0.372331
v -0.754947 -0.088494 0.394114
v -0.746825 0.040457 0.407613
v -0.670501 0.144266 0.375613
v -0.548850 0.187452 0.308673
v -0.419761 0.172701 0.281693
v -0.290004 0.124201 0.298827
v -0.199149 0.030323 0.343321
v -0.137446 -0.075074 0.391414
v -0.072959 -0.188450 0.425178
v 0.043820 -0.138138 0.463598
v 0.113412 -0.030714 0.510149
v 0.170197 0.085757 0.506492
v 0.236424 0.148073 0.408527
v 0.274861 0.182874 0.295899
v 0.317918 0.234992 0.186757
v 0.433968 0.235672 0.190463
v 0.495885 0.173872 0.267638
v 0.439702 0.071248 0.327181
v 0.405888 -0.036321 0.383115
v 0.351121 -0.130898 0.423127
v 0.291341 -0.228432 0.455230
v 0.230557 -0.333800 0.484364
v 0.179696 -0.449014 0.515505
v -0.699271 -0.311959 0.225486
v -0.749484 -0.199646 0.250255
v -0.785388 -0.078503 0.274683
v -0.800822 0.050749 0.296135
v -0.688239 0.105372 0.259150
v -0.564437 0.081695 0.250713
v -0.445518 0.061166 0.237489
v -0.322360 0.037870 0.215525
v -0.220622 -0.030815 0.243823
v -0.147731 -0.129919 0.284929
v -0.026469 -0.174615 0.303181
v 0.032864 -0.072861 0.354794
v 0.015206 0.028917 0.436994
v 0.110009 0.078120 0.393459
v 0.211385 0.037261 0.356186
v 0.245759 0.083974 0.244015
v 0.316541 0.113736 0.139735
v 0.439298 0.125621 0.111698
v 0.522221 0.076968 0.188523
v 0.542485 0.011256 0.309554
v 0.500451 -0.034660 0.433414
v 0.428151 -0.134417 0.521793
v 0.380052 -0.263383 0.529995
v 0.338643 -0.384198 0.510814
v 0.286885 -0.495806 0.471726
v -0.736575 -0.303925 0.104471
v -0.788463 -0.192766 0.132293
v -0.820003 -0.071864 0.158927
v -0.818236 0.056055 0.166599
v -0.697665 0.005915 0.186860
v -0.591373 -0.041598 0.218418
v -0.471240 -0.056406 0.187652
v -0.358943 -0.054763 0.139796
v -0.251514 -0.115136 0.160043
v -0.129886 -0.155931 0.159082
v -0.017016 -0.106663 0.182882
v -0.035464 -0.011283 0.266538
v -0.038211 0.091830 0.335773
v 0.056043 0.004256 0.305211
v 0.157063 -0.056393 0.291041
v 0.257752 -0.038231 0.211951
v 0.327706 -0.009237 0.115701
v 0.429562 0.007783 0.051162
v 0.493337 -0.042381 0.143198
v 0.486264 -0.081155 0.261364
v 0.449162 -0.126516 0.365866
v 0.504300 -0.182808 0.455984
v 0.463727 -0.288048 0.442328
v 0.407643 -0.390532 0.408856
v 0.314847 -0.456515 0.350441
v -0.761348 -0.283990 -0.020398
v -0.817599 -0.178024 0.011140
v -0.836421 -0.055516 0.035089
v -0.765491 0.047451 0.048261
v -0.716994 -0.067935 0.099820
v -0.624774 -0.145985 0.145044
v -0.494655 -0.162293 0.130653
v -0.379600 -0.162234 0.073796
v -0.254619 -0.142484 0.035947
v -0.131023 -0.096371 0.043687
v -0.037948 -0.025507 0.087327
v -0.054908 0.068014 0.168611
v 0.027837 0.142206 0.227561
v 0.037129 0.013631 0.194872
v 0.101758 -0.100181 0.182692
v 0.218167 -0.143376 0.156612
v 0.320256 -0.129377 0.080676
v 0.408505 -0.117682 0.004338
v 0.445775 -0.157622 0.106340
v 0.447713 -0.195962 0.219003
v 0.494965 -0.242625 0.319601
v 0.590257 -0.193132 0.374402
v 0.551312 -0.310196 0.352189
v 0.474782 -0.392339 0.301403
v 0.375939 -0.435772 0.239027
v -0.784038 -0.256523 -0.147087
v -0.839400 -0.153797 -0.110758
v -0.825606 -0.029933 -0.084296
v -0.705684 0.011454 -0.053328
v -0.706115 -0.109016 -0.012106
v -0.621711 -0.191408 0.021797
v -0.526675 -0.104853 0.019910
v -0.410449 -0.057493 0.018063
v -0.290454 -0.030672 -0.004427
v -0.174235 0.007897 -0.018993
v -0.064433 0.063319 -0.002945
v -0.031009 0.153543 0.080913
v 0.084126 0.164944 0.119413
v 0.073926 0.041287 0.084633
v 0.092694 -0.088605 0.056863
v 0.164697 -0.194982 0.051729
v 0.282288 -0.236894 0.034643
v 0.385014 -0.242509 -0.031744
v 0.389268 -0.274347 0.086232
v 0.475728 -0.315233 0.177973
v 0.585690 -0.294538 0.241396
v 0.657514 -0.196111 0.285058
v 0.627637 -0.315425 0.251740
v 0.546845 -0.394996 0.197050
v 0.452237 -0.459984 0.140384
v -0.801719 -0.219328 -0.272802
v -0.860339 -0.116965 -0.229325
v -0.792789 -0.009085 -0.196043
v -0.669185 -0.026043 -0.163625
v -0.690456 -0.147217 -0.135262
v -0.591758 -0.211626 -0.097140
v -0.529765 -0.096806 -0.100152
v -0.440471 -0.001232 -0.091797
v -0.332610 0.067375 -0.076977
v -0.218886 0.119549 -0.065551
v -0.112140 0.172627 -0.055241
v -0.002112 0.228391 -0.022646
v 0.115857 0.195139 0.001191
v 0.125165 0.067371 -0.020838
v 0.144620 -0.055528 -0.048847
v 0.179116 -0.178833 -0.074448
v 0.241971 -0.295793 -0.076061
v 0.332524 -0.385330 -0.045430
v 0.441922 -0.381339 0.035141
v 0.550824 -0.317493 0.076122
v 0.630574 -0.255486 0.132286
v 0.710324 -0.179155 0.190835
v 0.673711 -0.280202 0.134489
v 0.594266 -0.364220 0.083808
v 0.501077 -0.434101 0.030534
v -0.808024 -0.167394 -0.392700
v -0.865356 -0.066700 -0.340439
v -0.756923 0.002968 -0.306257
v -0.646754 -0.056689 -0.281638
v -0.658473 -0.180117 -0.256012
v -0.557304 -0.233724 -0.211182
v -0.482783 -0.127517 -0.209206
v -0.400371 -0.032343 -0.204467
v -0.314075 0.062650 -0.199800
v -0.216716 0.147326 -0.188650
v -0.098163 0.203907 -0.169347
v 0.025620 0.230559 -0.148826
v 0.145398 0.207134 -0.123163
v 0.211629 0.100755 -0.103662
v 0.248433 -0.016859 -0.105558
v 0.279653 -0.133128 -0.132134
v 0.334294 -0.247450 -0.146187
v 0.406278 -0.346330 -0.124967
v 0.424287 -0.266583 -0.018346
v 0.479749 -0.203528 0.065150
v 0.576661 -0.140518 0.101682
v 0.700894 -0.109834 0.086981
v 0.681626 -0.219134 0.022894
v 0.618585 -0.313970 -0.030879
v 0.534482 -0.397094 -0.079974
v -0.797477 -0.098684 -0.502593
v -0.856383 -0.001546 -0.437583
v -0.727214 0.000758 -0.418339
v -0.641940 -0.085788 -0.402828
v -0.618194 -0.207675 -0.373658
v -0.513141 -0.254831 -0.326620
v -0.408626 -0.189084 -0.289597
v -0.322845 -0.098545 -0.278089
v -0.246631 0.001922 -0.283819
v -0.168201 0.103164 -0.291159
v -0.075103 0.192484 -0.289964
v 0.048394 0.215710 -0.272729
v 0.170976 0.187837 -0.247327
v 0.276063 0.122588 -0.210512
v 0.347226 0.024607 -0.170341
v 0.403024 -0.084170 -0.149865
v 0.436501 -0.189040 -0.129265
v 0.518567 -0.274870 -0.148502
v 0.466195 -0.180778 -0.092756
v 0.450597 -0.093786 -0.007348
v 0.548085 -0.040834 0.028958
v 0.668248 -0.044984 -0.015571
v 0.670335 -0.150635 -0.084980
v 0.614995 -0.250473 -0.140203
v 0.537969 -0.340999 -0.187813
v -0.748031 -0.001145 -0.577075
v -0.825374 0.070073 -0.519255
v -0.730868 -0.029516 -0.534322
v -0.659713 -0.127200 -0.524724
v -0.569537 -0.215040 -0.492708
v -0.460773 -0.265698 -0.438085
v -0.344981 -0.242066 -0.380118
v -0.251632 -0.158909 -0.360624
v -0.188197 -0.050810 -0.377151
v -0.130206 0.064041 -0.396557
v -0.053893 0.170035 -0.411142
v 0.070481 0.182994 -0.394830
v 0.183034 0.132900 -0.361433
v 0.272767 0.058966 -0.320075
v 0.277467 -0.047571 -0.257685
v 0.386876 -0.109048 -0.270610
v 0.431085 -0.225673 -0.256421
v 0.543946 -0.184810 -0.243206
v 0.476262 -0.103327 -0.179114
v 0.432389 -0.009213 -0.102446
v 0.528104 0.057523 -0.056857
v 0.633744 0.021823 -0.115912
v 0.640950 -0.079825 -0.188798
v 0.590581 -0.179920 -0.239708
v 0.530442 -0.279957 -0.295374
v -0.684562 0.119346 -0.575098
v -0.730228 0.108383 -0.450478
v -0.655742 0.045336 -0.531970
v -0.572440 -0.051857 -0.573257
v -0.497764 -0.158472 -0.568372
v -0.403735 -0.249253 -0.535260
v -0.285953 -0.290155 -0.475318
v -0.165607 -0.224348 -0.423274
v -0.095721 -0.106004 -0.432026
v -0.060878 0.015124 -0.474949
v -0.033721 0.130643 -0.525413
v 0.090886 0.139908 -0.511608
v 0.197877 0.076475 -0.472842
v 0.272309 -0.012231 -0.423404
v 0.239758 -0.113608 -0.361520
v 0.353398 -0.151897 -0.372808
v 0.465817 -0.222064 -0.381298
v 0.522401 -0.117576 -0.346022
v 0.477754 -0.025470 -0.274335
v 0.429448 0.068610 -0.203665
v 0.510289 0.145667 -0.147580
v 0.600697 0.091669 -0.217935
v 0.604115 -0.009617 -0.290486
v 0.567750 -0.113880 -0.347526
v 0.517545 -0.216343 -0.402725
v -0.694827 0.242539 -0.526992
v -0.627399 0.188334 -0.425622
v -0.561313 0.088747 -0.461192
v -0.503154 -0.008733 -0.478878
v -0.440021 -0.098805 -0.483587
v -0.351112 -0.141391 -0.504666
v -0.262508 -0.191560 -0.522290
v -0.153796 -0.206024 -0.543890
v -0.063075 -0.140221 -0.539392
v 0.004777 -0.034662 -0.556535
v -0.002498 0.077409 -0.627244
v 0.092935 0.044571 -0.609111
v 0.184049 0.004971 -0.555356
v 0.267857 -0.080153 -0.530835
v 0.225495 -0.183601 -0.465504
v 0.340775 -0.198935 -0.477090
v 0.456567 -0.171666 -0.499793
v 0.485925 -0.060344 -0.447835
v 0.468884 0.043648 -0.376266
v 0.435559 0.144936 -0.307314
v 0.495381 0.231808 -0.240319
v 0.563741 0.160438 -0.319051
v 0.561093 0.059509 -0.391111
v 0.535199 -0.045017 -0.452469
v 0.495358 -0.146065 -0.505878
v -0.790065 0.225548 -0.428931
v -0.725741 0.115412 -0.402946
v -0.645831 0.021671 -0.383437
v -0.549628 -0.058460 -0.362998
v -0.420043 -0.096998 -0.354920
v -0.294784 -0.086718 -0.395683
v -0.202724 -0.068060 -0.487076
v -0.206050 -0.113834 -0.624684
v -0.167270 -0.042140 -0.534656
v -0.107913 -0.003863 -0.619418
v -0.029464 -0.034101 -0.705648
v 0.050210 -0.080090 -0.629712
v 0.109132 -0.104469 -0.520112
v 0.185922 -0.143003 -0.612209
v 0.235936 -0.255897 -0.573553
v 0.333375 -0.204806 -0.604857
v 0.405057 -0.105537 -0.600889
v 0.436429 0.001702 -0.545230
v 0.464250 0.110810 -0.481869
v 0.464536 0.214609 -0.407426
v 0.486337 0.315715 -0.336457
v 0.521748 0.229174 -0.418292
v 0.510991 0.128871 -0.489005
v 0.485768 0.023081 -0.550774
v 0.447530 -0.083185 -0.603515
v -0.833057 0.217275 -0.311445
v -0.748714 0.127274 -0.283838
v -0.657214 0.042167 -0.257959
v -0.528163 0.002042 -0.257136
v -0.404441 0.017557 -0.308699
v -0.315116 0.037907 -0.397682
v -0.276164 0.029381 -0.519683
v -0.334907 -0.068822 -0.573983
v -0.255988 0.028016 -0.610225
v -0.188266 -0.047147 -0.703291
v -0.102859 -0.144639 -0.694473
v -0.030368 -0.162543 -0.594083
v 0.057103 -0.225432 -0.530777
v 0.102731 -0.225736 -0.633197
v 0.216084 -0.279167 -0.701785
v 0.278691 -0.166143 -0.716170
v 0.324498 -0.046486 -0.678999
v 0.360021 0.064710 -0.619818
v 0.394002 0.172985 -0.560408
v 0.427270 0.280229 -0.496329
v 0.466233 0.391150 -0.431577
v 0.467214 0.302467 -0.516097
v 0.441098 0.195995 -0.577834
v 0.410970 0.087025 -0.632478
v 0.385896 -0.020750 -0.693455
v -0.816783 0.265217 -0.199296
v -0.738044 0.177811 -0.165885
v -0.625217 0.110519 -0.151316
v -0.509524 0.114806 -0.225219
v -0.439448 0.138761 -0.323928
v -0.386741 0.141480 -0.436392
v -0.385566 0.088916 -0.543061
v -0.403976 0.043787 -0.645232
v -0.349746 -0.032656 -0.700211
v -0.275722 -0.126057 -0.661882
v -0.193027 -0.192627 -0.609164
v -0.107551 -0.258785 -0.557373
v -0.008967 -0.333720 -0.572679
v 0.058942 -0.317433 -0.684556
v 0.123784 -0.235343 -0.779521
v 0.168286 -0.115590 -0.735014
v 0.205750 -0.008671 -0.673394
v 0.241773 0.098309 -0.611120
v 0.277585 0.206090 -0.549147
v 0.313821 0.307057 -0.477548
v 0.354146 0.428988 -0.457635
v 0.355779 0.354813 -0.561823
v 0.331143 0.247520 -0.621277
v 0.304028 0.137973 -0.679208
v 0.274300 0.025747 -0.731410
v -0.773860 0.344967 -0.112221
v -0.674907 0.278495 -0.101997
v -0.581744 0.236121 -0.161999
v -0.594455 0.197769 -0.279033
v -0.530528 0.210080 -0.373576
v -0.512626 0.172549 -0.480140
v -0.513873 0.058090 -0.520468
v -0.503619 0.000477 -0.631707
v -0.447814 -0.102862 -0.640433
v -0.371593 -0.177670 -0.593940
v -0.287150 -0.269934 -0.561434
v -0.189899 -0.358178 -0.552937
v -0.096225 -0.386521 -0.652905
v -0.037837 -0.296405 -0.740395
v 0.009911 -0.183258 -0.778995
v 0.052350 -0.076952 -0.731637
v 0.088117 0.030797 -0.668777
v 0.125466 0.137713 -0.607413
v 0.159833 0.238949 -0.535725
v 0.196290 0.345639 -0.473240
v 0.242497 0.465544 -0.478162
v 0.236020 0.397566 -0.584252
v 0.209927 0.285833 -0.639307
v 0.182103 0.172750 -0.687401
v 0.151837 0.055633 -0.727168
v -0.707416 0.453568 -0.077177
v -0.606494 0.390750 -0.109740
v -0.562877 0.346108 -0.218769
v -0.640582 0.315207 -0.317002
v -0.649566 0.260919 -0.422908
v -0.642463 0.173041 -0.498842
v -0.635821 0.073859 -0.559895
v -0.616698 -0.044586 -0.612599
v -0.553004 -0.163411 -0.618018
v -0.468608 -0.262013 -0.584150
v -0.375438 -0.360855 -0.576808
v -0.262431 -0.439180 -0.613971
v -0.188975 -0.373515 -0.717925
v -0.144366 -0.259623 -0.774732
v -0.099696 -0.136628 -0.792611
v -0.056972 -0.014657 -0.764051
v -0.021381 0.081617 -0.682558
v 0.008698 0.179896 -0.606117
v 0.043462 0.282392 -0.539094
v 0.080674 0.390237 -0.481176
v 0.129601 0.508215 -0.491707
v 0.111325 0.428662 -0.588539
v 0.085843 0.309013 -0.623500
v 0.058423 0.190704 -0.657933
v 0.028912 0.089778 -0.729365
v -0.625987 0.560355 -0.075349
v -0.550914 0.494990 -0.150650
v -0.567664 0.462094 -0.268534
v -0.589324 0.414745 -0.382649
v -0.593528 0.340972 -0.488343
v -0.584724 0.243751 -0.581449
v -0.563808 0.127350 -0.643164
v -0.522372 0.007749 -0.669588
v -0.469058 -0.110718 -0.681095
v -0.394702 -0.194283 -0.641484
v -0.344642 -0.304385 -0.674009
v -0.218440 -0.310601 -0.600277
v -0.284747 -0.314002 -0.703362
v -0.239566 -0.212433 -0.762604
v -0.214542 -0.092994 -0.786330
v -0.174388 0.011913 -0.724942
v -0.141784 0.113896 -0.663318
v -0.110179 0.213336 -0.591939
v -0.074657 0.322831 -0.536497
v -0.035880 0.434390 -0.486074
v 0.009145 0.550852 -0.505876
v -0.010821 0.445177 -0.564558
v -0.035312 0.325709 -0.587397
v -0.064281 0.214714 -0.640031
v -0.093371 0.112395 -0.714408
v -0.530574 0.643503 -0.076318
v -0.493472 0.598770 -0.191462
v -0.478274 0.535929 -0.309689
v -0.478522 0.461238 -0.419940
v -0.477225 0.372956 -0.517186
v -0.471286 0.277137 -0.604215
v -0.450950 0.173200 -0.674378
v -0.413810 0.060268 -0.708694
v -0.370982 -0.048003 -0.730342
v -0.298778 -0.132356 -0.705216
v -0.296207 -0.229370 -0.735497
v -0.204978 -0.200514 -0.664193
v -0.337550 -0.217192 -0.627519
v -0.361434 -0.156368 -0.722031
v -0.325179 -0.050458 -0.751423
v -0.290649 0.031076 -0.681369
v -0.265067 0.142835 -0.641735
v -0.230216 0.250448 -0.586893
v -0.193126 0.362124 -0.534660
v -0.153873 0.478666 -0.494324
v -0.108615 0.589388 -0.538804
v -0.133155 0.474083 -0.582463
v -0.135589 0.370681 -0.658597
v -0.099441 0.281285 -0.743250
v -0.040851 0.178703 -0.797057
v -0.181811 -0.604936 0.468510
v -0.151172 -0.557445 0.584696
v -0.266147 -0.502308 0.594779
v -0.298160 -0.554503 0.479551
v -0.105487 -0.475989 0.691856
v -0.218478 -0.418142 0.707058
v -0.041247 -0.348068 0.644321
v -0.154536 -0.290876 0.631616
v -0.015517 -0.325254 0.499891
v -0.135738 -0.289632 0.485137
v -0.034774 -0.409301 0.408651
v -0.139796 -0.336815 0.387908
v 0.006917 -0.321179 0.424481
v -0.096595 -0.268917 0.403164
v 0.009576 -0.301602 0.533757
v -0.107432 -0.258949 0.510801
v 0.008275 -0.247379 0.658878
v -0.117633 -0.241279 0.643323
v 0.008721 -0.147305 0.758195
v -0.121017 -0.152191 0.755008
v 0.009896 -0.007128 0.777346
v -0.120391 -0.020983 0.818649
v -0.020446 0.115059 0.728229
v -0.117358 0.120564 0.824944
v -0.063697 0.219161 0.669236
v -0.108245 0.248684 0.803679
v -0.151618 0.291738 0.637029
v -0.120326 0.367130 0.763724
v -0.081763 0.226745 0.660883
v -0.047362 0.258318 0.804474
v -0.035113 0.125596 0.681285
v 0.013535 0.179860 0.820706
v 0.003133 0.014495 0.728814
v 0.112042 0.088889 0.796744
v 0.082578 -0.088416 0.769828
v 0.197240 -0.009402 0.744278
v 0.172986 -0.192297 0.730472
v 0.243428 -0.111465 0.649719
v 0.167378 -0.280068 0.618736
v 0.198407 -0.187674 0.537388
v 0.104421 -0.341481 0.521432
v 0.133450 -0.248750 0.443257
v 0.054917 -0.405808 0.429110
v 0.087888 -0.316117 0.353235
v 0.023900 -0.475260 0.339661
v 0.055795 -0.390184 0.264864
v 0.034722 -0.556267 0.259186
v 0.053521 -0.476239 0.183242
v 0.085359 -0.642961 0.189987
v 0.078359 -0.571006 0.104149
v -0.380565 -0.442843 0.601242
v -0.407718 -0.493541 0.482066
v -0.331100 -0.352858 0.709295
v -0.265815 -0.240612 0.612745
v -0.253322 -0.254774 0.470708
v -0.247375 -0.275776 0.368896
v -0.201179 -0.209271 0.379504
v -0.222415 -0.223287 0.484909
v -0.242267 -0.228428 0.619084
v -0.247325 -0.147552 0.740742
v -0.253223 -0.004474 0.788505
v -0.242244 0.130337 0.758218
v -0.237537 0.251418 0.724208
v -0.182872 0.373298 0.671168
v -0.027873 0.318373 0.677881
v 0.075025 0.264611 0.713939
v 0.175641 0.182164 0.705051
v 0.263432 0.079310 0.664229
v 0.275758 -0.021507 0.562320
v 0.216939 -0.092940 0.463746
v 0.164475 -0.159711 0.372178
v 0.134999 -0.236756 0.285430
v 0.135156 -0.333528 0.216666
v 0.149281 -0.445420 0.180625
v 0.156693 -0.570726 0.182533
v -0.496390 -0.375484 0.596584
v -0.513431 -0.426188 0.472824
v -0.444038 -0.281071 0.702367
v -0.369437 -0.196108 0.595691
v -0.361880 -0.205295 0.458619
v -0.352195 -0.208475 0.355331
v -0.307326 -0.144999 0.361180
v -0.351546 -0.196565 0.458456
v -0.387633 -0.196774 0.597504
v -0.384402 -0.127666 0.731430
v -0.377521 0.015711 0.706910
v -0.335765 0.115122 0.637176
v -0.277873 0.234020 0.581299
v -0.176879 0.332428 0.550267
v -0.025291 0.372376 0.583229
v 0.106820 0.340398 0.613834
v 0.213132 0.261917 0.610883
v 0.316537 0.167094 0.581942
v 0.301248 0.070188 0.476876
v 0.270177 -0.013286 0.392804
v 0.227921 -0.092570 0.311634
v 0.226331 -0.189188 0.248360
v 0.235425 -0.306103 0.237485
v 0.221356 -0.424448 0.256347
v 0.180177 -0.536386 0.288084
v -0.588046 -0.282873 0.556122
v -0.585246 -0.324783 0.430887
v -0.552692 -0.197240 0.681441
v -0.448363 -0.111322 0.594844
v -0.441684 -0.122825 0.450493
v -0.446788 -0.138523 0.346395
v -0.404025 -0.067623 0.378139
v -0.385409 -0.067178 0.481821
v -0.367667 -0.046033 0.598816
v -0.268436 -0.067195 0.643076
v -0.229663 -0.016203 0.690633
v -0.210517 0.060651 0.608953
v -0.193996 0.157059 0.509497
v -0.135856 0.266498 0.446433
v -0.020320 0.369288 0.451024
v 0.120217 0.395577 0.490095
v 0.246865 0.343390 0.513948
v 0.359311 0.251859 0.502368
v 0.312505 0.164196 0.404081
v 0.298089 0.068878 0.318699
v 0.312486 -0.045168 0.274941
v 0.312310 -0.165771 0.294823
v 0.273557 -0.275368 0.329201
v 0.216813 -0.380557 0.357999
v 0.152562 -0.483516 0.386520
v -0.584598 -0.171171 0.513186
v -0.533683 -0.209628 0.399509
v -0.646609 -0.118725 0.640282
v -0.552249 -0.023456 0.581825
v -0.491744 -0.013321 0.448776
v -0.539088 -0.049746 0.342840
v -0.511149 -0.000660 0.445433
v -0.431827 0.078206 0.516674
v -0.290477 0.085285 0.588440
v -0.161227 0.026078 0.592080
v -0.122226 -0.059632 0.641349
v -0.133792 0.004130 0.569931
v -0.115993 0.085661 0.457413
v -0.055026 0.182780 0.381982
v 0.015584 0.291938 0.339685
v 0.131394 0.393531 0.341296
v 0.274590 0.407415 0.382154
v 0.390538 0.347053 0.417336
v 0.371568 0.207185 0.353253
v 0.379010 0.099299 0.342786
v 0.341035 -0.005436 0.367481
v 0.287476 -0.106445 0.393264
v 0.227319 -0.210180 0.419572
v 0.163682 -0.317251 0.455059
v 0.111291 -0.427621 0.497504
v -0.688617 -0.237033 0.502710
v -0.603362 -0.318418 0.450974
v -0.736789 -0.100483 0.532404
v -0.675258 0.036603 0.525614
v -0.567741 0.088213 0.444419
v -0.545550 0.075037 0.316210
v -0.454917 0.081147 0.353056
v -0.346011 0.127043 0.420473
v -0.230277 0.069421 0.454753
v -0.159740 -0.042786 0.496876
v -0.103938 -0.129323 0.530624
v -0.067592 -0.055336 0.482581
v 0.004323 0.029650 0.451973
v 0.066007 0.123201 0.430073
v 0.121053 0.192977 0.362319
v 0.169957 0.270404 0.266387
v 0.290620 0.362158 0.236701
v 0.442017 0.360226 0.278905
v 0.508862 0.240451 0.371830
v 0.460961 0.130410 0.463701
v 0.377820 0.041582 0.511374
v 0.291875 -0.054990 0.543266
v 0.218793 -0.156984 0.571316
v 0.173421 -0.270092 0.610942
v 0.156678 -0.397536 0.633137
v -0.758372 -0.226368 0.380798
v -0.693713 -0.341063 0.351317
v -0.783153 -0.091974 0.404714
v -0.769702 0.054370 0.421860
v -0.674838 0.172986 0.384341
v -0.544376 0.217445 0.309163
v -0.422786 0.202439 0.276560
v -0.278339 0.151308 0.291829
v -0.175887 0.049487 0.339941
v -0.113257 -0.056790 0.391846
v -0.069823 -0.158717 0.420075
v 0.019643 -0.123633 0.452419
v 0.090943 -0.022002 0.491734
v 0.157399 0.090239 0.479363
v 0.214257 0.144035 0.388226
v 0.249089 0.181503 0.279969
v 0.305257 0.247147 0.162022
v 0.448254 0.252800 0.169914
v 0.525121 0.181836 0.266305
v 0.465978 0.074979 0.341861
v 0.420308 -0.026498 0.407923
v 0.356023 -0.125047 0.452479
v 0.297097 -0.227155 0.484980
v 0.244061 -0.336128 0.511421
v 0.194268 -0.452476 0.536453
v -0.776950 -0.211004 0.256316
v -0.725589 -0.325862 0.230975
v -0.814300 -0.083944 0.282057
v -0.827155 0.065547 0.298815
v -0.694827 0.130436 0.243393
v -0.566257 0.096824 0.224491
v -0.447517 0.075228 0.210692
v -0.313842 0.054247 0.191463
v -0.200755 -0.014774 0.227455
v -0.130267 -0.105717 0.279531
v -0.038879 -0.147644 0.309378
v 0.004445 -0.070162 0.365039
v -0.008594 0.041318 0.451124
v 0.102986 0.107023 0.387523
v 0.193570 0.055889 0.340204
v 0.219052 0.091905 0.232018
v 0.298146 0.122993 0.117470
v 0.449544 0.138224 0.086084
v 0.551232 0.082603 0.181725
v 0.571027 0.012614 0.319735
v 0.519250 -0.021918 0.453516
v 0.432866 -0.123008 0.549495
v 0.382794 -0.263893 0.560195
v 0.349137 -0.393822 0.537592
v 0.298337 -0.507059 0.489934
v -0.816012 -0.203927 0.138310
v -0.762851 -0.317871 0.110101
v -0.849948 -0.074479 0.162941
v -0.837634 0.078658 0.160877
v -0.685084 0.026123 0.168066
v -0.587047 -0.027810 0.191752
v -0.477031 -0.041449 0.161911
v -0.359019 -0.035911 0.116038
v -0.241771 -0.089848 0.146426
v -0.130923 -0.125895 0.163162
v -0.041957 -0.092270 0.192408
v -0.065242 -0.012707 0.272101
v -0.057124 0.112879 0.346686
v 0.073235 0.027655 0.296459
v 0.155095 -0.033651 0.271071
v 0.236928 -0.025572 0.193895
v 0.308118 -0.001041 0.094041
v 0.436963 0.014932 0.022632
v 0.521340 -0.046755 0.132401
v 0.515160 -0.090188 0.259600
v 0.479405 -0.124699 0.364370
v 0.531236 -0.181309 0.469845
v 0.482758 -0.300848 0.462178
v 0.426122 -0.411498 0.420636
v 0.331696 -0.480481 0.355998
v -0.846267 -0.187494 0.014009
v -0.787837 -0.298462 -0.017657
v -0.865977 -0.048816 0.033945
v -0.763991 0.077442 0.043999
v -0.692935 -0.050870 0.092763
v -0.616241 -0.121487 0.129331
v -0.501998 -0.134701 0.120428
v -0.380748 -0.132154 0.077494
v -0.253734 -0.116230 0.051106
v -0.141086 -0.075553 0.063315
v -0.064521 -0.017224 0.099376
v -0.083972 0.076144 0.171672
v 0.034779 0.166951 0.243666
v 0.065522 0.023486 0.198960
v 0.119718 -0.077565 0.173425
v 0.213666 -0.119968 0.137860
v 0.304097 -0.115199 0.059284
v 0.416966 -0.112620 -0.024343
v 0.474103 -0.162810 0.096829
v 0.476869 -0.193141 0.211145
v 0.510434 -0.220417 0.305913
v 0.615682 -0.177853 0.380706
v 0.570340 -0.326564 0.369213
v 0.488522 -0.417077 0.312322
v 0.386640 -0.462952 0.246565
v -0.869159 -0.159577 -0.109800
v -0.810542 -0.271205 -0.146370
v -0.849403 -0.011246 -0.086402
v -0.688457 0.036341 -0.051424
v -0.679278 -0.094945 -0.010825
v -0.617953 -0.161491 0.018532
v -0.540488 -0.079065 0.027905
v -0.415721 -0.036213 0.039019
v -0.293490 -0.015641 0.021739
v -0.182117 0.019885 0.007728
v -0.085815 0.072822 0.016349
v -0.051379 0.172995 0.092168
v 0.101766 0.182988 0.136236
v 0.102513 0.042482 0.094695
v 0.119946 -0.076486 0.062345
v 0.182328 -0.171338 0.044661
v 0.281987 -0.215608 0.013041
v 0.399594 -0.234353 -0.057056
v 0.415574 -0.268510 0.072307
v 0.488156 -0.290745 0.165100
v 0.577695 -0.267207 0.230959
v 0.676587 -0.173622 0.292152
v 0.649800 -0.333197 0.262370
v 0.562955 -0.419848 0.203585
v 0.465344 -0.486014 0.146013
v -0.890666 -0.116800 -0.229725
v -0.828448 -0.233273 -0.275192
v -0.806018 0.018205 -0.195790
v -0.645686 -0.007313 -0.159539
v -0.663310 -0.134047 -0.132174
v -0.595866 -0.182359 -0.103954
v -0.551993 -0.076854 -0.105415
v -0.458392 0.023135 -0.089584
v -0.346709 0.091521 -0.065229
v -0.231261 0.140828 -0.047833
v -0.127894 0.194244 -0.040952
v -0.009608 0.256283 -0.013390
v 0.134213 0.215410 0.014303
v 0.150578 0.069219 -0.004379
v 0.167619 -0.052383 -0.029329
v 0.201707 -0.167542 -0.057657
v 0.260598 -0.273048 -0.068607
v 0.340222 -0.355998 -0.044969
v 0.438805 -0.351223 0.036932
v 0.535336 -0.296718 0.091877
v 0.612019 -0.236262 0.146640
v 0.730672 -0.167409 0.210014
v 0.700231 -0.294904 0.135175
v 0.615445 -0.385899 0.082660
v 0.520062 -0.457514 0.029504
v -0.894740 -0.059447 -0.342355
v -0.834956 -0.179191 -0.399588
v -0.757934 0.033170 -0.303676
v -0.620853 -0.041331 -0.278045
v -0.632594 -0.164583 -0.253085
v -0.560001 -0.205282 -0.221360
v -0.501151 -0.110429 -0.226250
v -0.417537 -0.014776 -0.222261
v -0.331912 0.083217 -0.213167
v -0.233371 0.171852 -0.195048
v -0.109706 0.231889 -0.171278
v 0.025044 0.260879 -0.149273
v 0.161153 0.232247 -0.116752
v 0.232739 0.112368 -0.085239
v 0.263795 -0.013146 -0.079670
v 0.289899 -0.131110 -0.103659
v 0.341523 -0.240993 -0.117448
v 0.394685 -0.328181 -0.103613
v 0.396081 -0.257376 -0.012059
v 0.458630 -0.199765 0.086589
v 0.566251 -0.128170 0.127352
v 0.723603 -0.096307 0.101854
v 0.710145 -0.227628 0.017026
v 0.642877 -0.330891 -0.037458
v 0.556634 -0.416409 -0.086171
v -0.880580 0.015313 -0.444675
v -0.822723 -0.106712 -0.516356
v -0.714641 0.028325 -0.417000
v -0.616016 -0.070049 -0.403560
v -0.595752 -0.187373 -0.371569
v -0.511676 -0.225509 -0.334228
v -0.420676 -0.169032 -0.308899
v -0.337909 -0.085041 -0.300685
v -0.265086 0.014825 -0.304134
v -0.187694 0.121187 -0.305826
v -0.087035 0.219013 -0.298549
v 0.050767 0.245388 -0.278517
v 0.185819 0.214034 -0.250977
v 0.300687 0.140230 -0.208981
v 0.373273 0.037639 -0.161894
v 0.426385 -0.071680 -0.135096
v 0.449170 -0.176887 -0.104532
v 0.493813 -0.257488 -0.146259
v 0.437005 -0.180982 -0.100983
v 0.424092 -0.086136 0.005261
v 0.542443 -0.020849 0.051064
v 0.692235 -0.028352 -0.007335
v 0.699315 -0.153898 -0.093291
v 0.640782 -0.262475 -0.150733
v 0.562428 -0.355360 -0.198192
v -0.848060 0.089284 -0.525247
v -0.766780 0.006656 -0.594447
v -0.713924 -0.018279 -0.511814
v -0.638652 -0.112114 -0.508959
v -0.553599 -0.192722 -0.479759
v -0.455642 -0.235843 -0.436585
v -0.350947 -0.216629 -0.395519
v -0.265250 -0.145030 -0.383901
v -0.207141 -0.043410 -0.399653
v -0.153098 0.074185 -0.413679
v -0.068248 0.193801 -0.423350
v 0.076154 0.211415 -0.403770
v 0.200421 0.155974 -0.370662
v 0.299626 0.069456 -0.329483
v 0.302258 -0.036216 -0.270966
v 0.408132 -0.090279 -0.281364
v 0.444783 -0.198656 -0.254933
v 0.515424 -0.175093 -0.246641
v 0.448342 -0.112377 -0.186736
v 0.403367 -0.004324 -0.095117
v 0.525147 0.080404 -0.037170
v 0.659154 0.037595 -0.110867
v 0.669881 -0.080360 -0.197896
v 0.617322 -0.188540 -0.251116
v 0.556657 -0.290577 -0.306175
v -0.751067 0.105658 -0.428613
v -0.705466 0.135303 -0.580457
v -0.657664 0.032140 -0.504730
v -0.577083 -0.056499 -0.543646
v -0.500342 -0.153576 -0.538553
v -0.403651 -0.230900 -0.511114
v -0.291545 -0.260900 -0.469597
v -0.181933 -0.202237 -0.436103
v -0.117232 -0.097125 -0.451474
v -0.085643 0.018060 -0.492213
v -0.049827 0.149081 -0.543312
v 0.100518 0.165076 -0.525525
v 0.217877 0.095681 -0.485129
v 0.301595 -0.007048 -0.429368
v 0.265675 -0.101569 -0.371681
v 0.364781 -0.125499 -0.382474
v 0.456712 -0.193536 -0.376505
v 0.492223 -0.116010 -0.343427
v 0.449387 -0.035190 -0.278867
v 0.399617 0.071856 -0.199279
v 0.508000 0.170240 -0.129949
v 0.627610 0.105503 -0.215918
v 0.632962 -0.008596 -0.299790
v 0.595372 -0.119611 -0.358660
v 0.544816 -0.224022 -0.413414
v -0.648128 0.169847 -0.437793
v -0.710849 0.237627 -0.535123
v -0.579337 0.064355 -0.460898
v -0.523662 -0.030412 -0.473463
v -0.453914 -0.121681 -0.469317
v -0.353671 -0.159007 -0.480111
v -0.256854 -0.186568 -0.492913
v -0.165919 -0.187043 -0.523575
v -0.087276 -0.124648 -0.529810
v -0.021957 -0.020373 -0.557567
v -0.009807 0.097043 -0.649175
v 0.109445 0.054731 -0.632435
v 0.201375 0.015225 -0.578042
v 0.293946 -0.075948 -0.545717
v 0.248311 -0.167607 -0.477486
v 0.337682 -0.169067 -0.481351
v 0.435498 -0.152747 -0.488932
v 0.456666 -0.061324 -0.439924
v 0.439080 0.038111 -0.377128
v 0.405461 0.148225 -0.305660
v 0.492852 0.258567 -0.226270
v 0.591885 0.171662 -0.320414
v 0.589410 0.061967 -0.401693
v 0.562634 -0.047345 -0.465194
v 0.522294 -0.150328 -0.518894
v -0.743369 0.096393 -0.418670
v -0.803691 0.205951 -0.443002
v -0.665141 0.001276 -0.394882
v -0.563819 -0.085192 -0.361023
v -0.419719 -0.122364 -0.338298
v -0.279273 -0.099871 -0.373181
v -0.175181 -0.060993 -0.476524
v -0.200503 -0.107969 -0.595448
v -0.171752 -0.029104 -0.507641
v -0.110690 0.026309 -0.618088
v -0.022143 -0.026474 -0.734074
v 0.067796 -0.089490 -0.652567
v 0.113519 -0.104108 -0.550120
v 0.192864 -0.129029 -0.638217
v 0.240186 -0.228564 -0.585991
v 0.315057 -0.182205 -0.596291
v 0.381452 -0.098191 -0.583321
v 0.410333 -0.000776 -0.529966
v 0.435513 0.107425 -0.472784
v 0.434857 0.215848 -0.401294
v 0.485547 0.343527 -0.324385
v 0.550206 0.237568 -0.424573
v 0.537736 0.132377 -0.502871
v 0.511521 0.024172 -0.566756
v 0.472958 -0.083279 -0.619775
v -0.770915 0.107143 -0.279190
v -0.855922 0.199201 -0.309463
v -0.671207 0.018521 -0.245116
v -0.525462 -0.017306 -0.233938
v -0.387889 0.014552 -0.283465
v -0.292163 0.050313 -0.382220
v -0.253402 0.048180 -0.526636
v -0.319907 -0.042926 -0.578925
v -0.255450 0.057916 -0.605176
v -0.189200 -0.036279 -0.731590
v -0.098682 -0.157813 -0.721470
v -0.018611 -0.177735 -0.617554
v 0.049184 -0.219010 -0.559340
v 0.089940 -0.202722 -0.648255
v 0.203610 -0.252681 -0.693859
v 0.261655 -0.160372 -0.691752
v 0.310094 -0.052004 -0.652886
v 0.346349 0.054841 -0.594609
v 0.379155 0.161831 -0.536426
v 0.409642 0.271726 -0.473158
v 0.480126 0.414684 -0.418420
v 0.489709 0.314536 -0.532466
v 0.461720 0.203056 -0.598917
v 0.430837 0.093239 -0.654537
v 0.405118 -0.014901 -0.714950
v -0.752986 0.162107 -0.144673
v -0.835784 0.251060 -0.182345
v -0.621989 0.096554 -0.124588
v -0.490665 0.118349 -0.201731
v -0.420867 0.157359 -0.308809
v -0.369517 0.166359 -0.438452
v -0.375033 0.111872 -0.559853
v -0.406383 0.065682 -0.666081
v -0.355979 -0.024680 -0.728801
v -0.279895 -0.137652 -0.689595
v -0.193709 -0.209539 -0.634331
v -0.105487 -0.263525 -0.587259
v -0.020457 -0.313297 -0.591934
v 0.046594 -0.290472 -0.678193
v 0.115903 -0.223582 -0.752700
v 0.161836 -0.123946 -0.706581
v 0.201802 -0.021800 -0.646340
v 0.238984 0.083793 -0.584637
v 0.275464 0.190589 -0.523165
v 0.311330 0.296226 -0.449329
v 0.366597 0.451262 -0.441247
v 0.368153 0.371765 -0.583717
v 0.342309 0.258306 -0.647333
v 0.313741 0.148234 -0.706045
v 0.282910 0.035730 -0.758141
v -0.672439 0.271021 -0.072707
v -0.781169 0.337442 -0.085302
v -0.556842 0.234434 -0.144772
v -0.568774 0.213320 -0.274751
v -0.515422 0.236383 -0.373595
v -0.504100 0.195621 -0.497883
v -0.514289 0.078820 -0.542603
v -0.511462 0.013883 -0.657757
v -0.452636 -0.109940 -0.669528
v -0.372199 -0.189870 -0.621701
v -0.285785 -0.275034 -0.591300
v -0.192805 -0.344142 -0.579666
v -0.106017 -0.357831 -0.651933
v -0.043361 -0.277136 -0.717635
v 0.005483 -0.180908 -0.749083
v 0.045236 -0.087947 -0.704282
v 0.081277 0.016704 -0.642808
v 0.120454 0.122766 -0.581503
v 0.155377 0.224041 -0.509692
v 0.192830 0.338615 -0.443939
v 0.250638 0.491247 -0.464273
v 0.243565 0.415571 -0.607463
v 0.213124 0.297221 -0.667235
v 0.183679 0.184479 -0.715326
v 0.153417 0.067776 -0.754809
v -0.588058 0.386271 -0.086078
v -0.700259 0.449566 -0.048747
v -0.533038 0.340736 -0.217781
v -0.610492 0.314211 -0.320675
v -0.620021 0.267496 -0.421002
v -0.613982 0.181982 -0.504208
v -0.608432 0.086148 -0.564214
v -0.592425 -0.026415 -0.613278
v -0.527438 -0.148485 -0.624601
v -0.442168 -0.252101 -0.595218
v -0.356372 -0.339588 -0.587013
v -0.253860 -0.410295 -0.617453
v -0.182807 -0.349900 -0.699919
v -0.143199 -0.248747 -0.746444
v -0.101333 -0.138206 -0.762367
v -0.061519 -0.027371 -0.736893
v -0.026359 0.065418 -0.657404
v 0.004361 0.164218 -0.580519
v 0.038640 0.268691 -0.512470
v 0.077180 0.385576 -0.451412
v 0.135014 0.536063 -0.480979
v 0.113213 0.444597 -0.614275
v 0.082726 0.319398 -0.651824
v 0.056527 0.204272 -0.684992
v 0.028905 0.105509 -0.755195
v -0.527034 0.484725 -0.135017
v -0.609080 0.552281 -0.052439
v -0.541507 0.447183 -0.264906
v -0.566291 0.396287 -0.375670
v -0.573100 0.324373 -0.473273
v -0.565555 0.231229 -0.561562
v -0.546321 0.120883 -0.619245
v -0.507796 0.007738 -0.642991
v -0.459117 -0.101184 -0.654074
v -0.381229 -0.183622 -0.616490
v -0.337207 -0.292191 -0.647253
v -0.205836 -0.286620 -0.586643
v -0.259051 -0.300802 -0.694120
v -0.227813 -0.204513 -0.735790
v -0.209018 -0.098760 -0.757071
v -0.171599 -0.003728 -0.699107
v -0.140998 0.097508 -0.637810
v -0.112342 0.198277 -0.565702
v -0.078326 0.310659 -0.508961
v -0.038920 0.432143 -0.455982
v 0.015611 0.579671 -0.498982
v -0.005698 0.457574 -0.591759
v -0.027576 0.336885 -0.614511
v -0.047660 0.228680 -0.661207
v -0.078342 0.122116 -0.724699
v -0.471252 0.584160 -0.178608
v -0.510364 0.631227 -0.057320
v -0.457370 0.516257 -0.301099
v -0.463500 0.439195 -0.406137
v -0.465884 0.352580 -0.497983
v -0.460887 0.261051 -0.580976
v -0.440337 0.164764 -0.647692
v -0.402728 0.058781 -0.680597
v -0.362437 -0.040196 -0.703387
v -0.285678 -0.125687 -0.681192
v -0.293285 -0.221079 -0.714731
v -0.207759 -0.189778 -0.668857
v -0.321891 -0.209141 -0.633630
v -0.345039 -0.148162 -0.699733
v -0.318156 -0.057724 -0.725361
v -0.286750 0.015037 -0.656062
v -0.263507 0.128193 -0.615394
v -0.232467 0.236541 -0.560105
v -0.196834 0.351027 -0.506715
v -0.156947 0.478218 -0.465679
v -0.105205 0.599228 -0.537838
v -0.122092 0.484292 -0.608673
v -0.116214 0.380526 -0.677958
v -0.071757 0.287178 -0.747859
v -0.010852 0.180477 -0.792987
vt 0.527738 0.500776
vt 0.527738 0.521837
vt 0.494721 0.521837
vt 0.494721 0.500776
vt 0.527738 0.544740
vt 0.494721 0.544740
vt 0.527738 0.567901
vt 0.494721 0.567901
vt 0.527738 0.589339
vt 0.494721 0.589339
vt 0.527738 0.383491
vt 0.494721 0.608068
vt 0.527738 0.377607
vt 0.494721 0.624523
vt 0.527738 0.358004
vt 0.494721 0.642595
vt 0.527738 0.337810
vt 0.494721 0.663192
vt 0.527738 0.317865
vt 0.494721 0.684523
vt 0.527738 0.298766
vt 0.494721 0.707637
vt 0.527738 0.277697
vt 0.494721 0.728846
vt 0.527738 0.256632
vt 0.494721 0.748642
vt 0.527738 0.768074
vt 0.494721 0.768074
vt 0.496131 0.785708
vt 0.494721 0.785708
vt 0.496131 0.803849
vt 0.494721 0.803849
vt 0.496131 0.823276
vt 0.494721 0.823276
vt 0.496131 0.842977
vt 0.494721 0.842977
vt 0.496131 0.863202
vt 0.494721 0.863202
vt 0.496131 0.884172
vt 0.494721 0.884172
vt 0.496131 0.905879
vt 0.494721 0.905879
vt 0.496131 0.924553
vt 0.494721 0.924553
vt 0.496131 0.941987
vt 0.494721 0.941987
vt 0.496131 0.959957
vt 0.494721 0.959957
vt 0.493661 0.025219
vt 0.494721 0.025219
vt 0.475407 0.521837
vt 0.475407 0.500776
vt 0.475407 0.544740
vt 0.475407 0.567901
vt 0.475407 0.589339
vt 0.475407 0.608068
vt 0.475407 0.624523
vt 0.475407 0.642595
vt 0.475407 0.663192
vt 0.475407 0.684523
vt 0.475407 0.707637
vt 0.475407 0.728846
vt 0.475407 0.748642
vt 0.475407 0.768074
vt 0.475407 0.785708
vt 0.475407 0.803849
vt 0.475407 0.823276
vt 0.475407 0.842977
vt 0.475407 0.863202
vt 0.475407 0.884172
vt 0.475407 0.905879
vt 0.475407 0.924553
vt 0.475407 0.941987
vt 0.475407 0.959957
vt 0.475407 0.025219
vt 0.456216 0.521837
vt 0.456216 0.500776
vt 0.456216 0.544740
vt 0.456216 0.567901
vt 0.456216 0.589339
vt 0.456216 0.608068
vt 0.456216 0.624523
vt 0.456216 0.642595
vt 0.456216 0.663192
vt 0.456216 0.684523
vt 0.456216 0.707637
vt 0.456216 0.728846
vt 0.456216 0.748642
vt 0.456216 0.768074
vt 0.456216 0.785708
vt 0.456216 0.803849
vt 0.456216 0.823276
vt 0.456216 0.842977
vt 0.456216 0.863202
vt 0.456216 0.884172
vt 0.456216 0.905879
vt 0.456216 0.924553
vt 0.456216 0.941987
vt 0.456216 0.959957
vt 0.456216 0.025219
vt 0.437507 0.521837
vt 0.437507 0.500776
vt 0.437507 0.544740
vt 0.437507 0.567901
vt 0.437507 0.589339
vt 0.437507 0.608068
vt 0.437507 0.624523
vt 0.437507 0.642595
vt 0.437507 0.663192
vt 0.437507 0.684523
vt 0.437507 0.707637
vt 0.437507 0.728846
vt 0.437507 0.748642
vt 0.437507 0.768074
vt 0.437507 0.785708
vt 0.437507 0.803849
vt 0.437507 0.823276
vt 0.437507 0.842977
vt 0.437507 0.863202
vt 0.437507 0.884172
vt 0.437507 0.905879
vt 0.437507 0.924553
vt 0.437507 0.941987
vt 0.437507 0.959957
vt 0.437507 0.025219
vt 0.417842 0.521837
vt 0.417842 0.500776
vt 0.417842 0.544740
vt 0.417842 0.567901
vt 0.417842 0.589339
vt 0.417842 0.608068
vt 0.417842 0.624523
vt 0.417842 0.642595
vt 0.417842 0.663192
vt 0.417842 0.684523
vt 0.417842 0.707637
vt 0.417842 0.728846
vt 0.417842 0.748642
vt 0.417842 0.768074
vt 0.417842 0.785708
vt 0.417842 0.803849
vt 0.417842 0.823276
vt 0.417842 0.842977
vt 0.417842 0.863202
vt 0.417842 0.884172
vt 0.417842 0.905879
vt 0.417842 0.924553
vt 0.417842 0.941987
vt 0.417842 0.959957
vt 0.417842 0.025219
vt 0.398449 0.521837
vt 0.398449 0.500776
vt 0.398449 0.544740
vt 0.398449 0.567901
vt 0.398449 0.589339
vt 0.398449 0.608068
vt 0.398449 0.624523
vt 0.398449 0.642595
vt 0.398449 0.663192
vt 0.398449 0.684523
vt 0.398449 0.707637
vt 0.398449 0.728846
vt 0.398449 0.748642
vt 0.398449 0.768074
vt 0.398449 0.785708
vt 0.398449 0.803849
vt 0.398449 0.823276
vt 0.398449 0.842977
vt 0.398449 0.863202
vt 0.398449 0.884172
vt 0.398449 0.905879
vt 0.398449 0.924553
vt 0.398449 0.941987
vt 0.398449 0.959957
vt 0.370458 0.025219
vt 0.378734 0.521837
vt 0.378734 0.500776
vt 0.378734 0.544740
vt 0.378734 0.567901
vt 0.378734 0.589339
vt 0.378734 0.608068
vt 0.378734 0.624523
vt 0.378734 0.642595
vt 0.378734 0.663192
vt 0.378734 0.684523
vt 0.378734 0.707637
vt 0.378734 0.728846
vt 0.378734 0.748642
vt 0.378734 0.768074
vt 0.378734 0.785708
vt 0.378734 0.803849
vt 0.378734 0.823276
vt 0.378734 0.842977
vt 0.378734 0.863202
vt 0.378734 0.884172
vt 0.378734 0.905879
vt 0.378734 0.924553
vt 0.378734 0.941987
vt 0.378734 0.959957
vt 0.378734 0.025219
vt 0.359284 0.521837
vt 0.359284 0.500776
vt 0.359284 0.544740
vt 0.359284 0.567901
vt 0.359284 0.589339
vt 0.359284 0.608068
vt 0.359284 0.624523
vt 0.359284 0.642595
vt 0.359284 0.663192
vt 0.359284 0.684523
vt 0.359284 0.707637
vt 0.359284 0.728846
vt 0.359284 0.748642
vt 0.359284 0.768074
vt 0.359284 0.785708
vt 0.359284 0.803849
vt 0.359284 0.823276
vt 0.359284 0.842977
vt 0.359284 0.863202
vt 0.359284 0.884172
vt 0.359284 0.905879
vt 0.359284 0.924553
vt 0.359284 0.941987
vt 0.359284 0.959957
vt 0.359284 0.025219
vt 0.338515 0.521837
vt 0.338515 0.500776
vt 0.338515 0.544740
vt 0.338515 0.567901
vt 0.338515 0.589339
vt 0.338515 0.608068
vt 0.338515 0.624523
vt 0.338515 0.642595
vt 0.338515 0.663192
vt 0.338515 0.684523
vt 0.338515 0.707637
vt 0.338515 0.728846
vt 0.338515 0.748642
vt 0.338515 0.768074
vt 0.338515 0.785708
vt 0.338515 0.803849
vt 0.338515 0.823276
vt 0.338515 0.842977
vt 0.338515 0.863202
vt 0.338515 0.884172
vt 0.338515 0.905879
vt 0.338515 0.924553
vt 0.338515 0.941987
vt 0.338515 0.959957
vt 0.338515 0.025219
vt 0.318657 0.521837
vt 0.318657 0.500776
vt 0.318657 0.544740
vt 0.318657 0.567901
vt 0.318657 0.589339
vt 0.318657 0.608068
vt 0.318657 0.624523
vt 0.318657 0.642595
vt 0.318657 0.663192
vt 0.318657 0.684523
vt 0.318657 0.707637
vt 0.318657 0.728846
vt 0.318657 0.748642
vt 0.318657 0.768074
vt 0.318657 0.785708
vt 0.318657 0.803849
vt 0.318657 0.823276
vt 0.318657 0.842977
vt 0.318657 0.863202
vt 0.318657 0.884172
vt 0.318657 0.905879
vt 0.318657 0.924553
vt 0.318657 0.941987
vt 0.318657 0.959957
vt 0.318657 0.025219
vt 0.300082 0.521837
vt 0.300082 0.500776
vt 0.300082 0.544740
vt 0.300082 0.567901
vt 0.300082 0.589339
vt 0.300082 0.608068
vt 0.300082 0.624523
vt 0.300082 0.642595
vt 0.300082 0.663192
vt 0.300082 0.684523
vt 0.300082 0.707637
vt 0.300082 0.728846
vt 0.300082 0.748642
vt 0.300082 0.768074
vt 0.300082 0.785708
vt 0.300082 0.803849
vt 0.300082 0.823276
vt 0.300082 0.842977
vt 0.300082 0.863202
vt 0.300082 0.884172
vt 0.300082 0.905879
vt 0.300082 0.924553
vt 0.300082 0.941987
vt 0.300082 0.959957
vt 0.300082 0.025219
vt 0.280754 0.521837
vt 0.280754 0.500776
vt 0.280754 0.544740
vt 0.280754 0.567901
vt 0.280754 0.589339
vt 0.280754 0.608068
vt 0.280754 0.624523
vt 0.280754 0.642595
vt 0.280754 0.663192
vt 0.280754 0.684523
vt 0.280754 0.707637
vt 0.280754 0.728846
vt 0.280754 0.748642
vt 0.280754 0.768074
vt 0.280754 0.785708
vt 0.280754 0.803849
vt 0.280754 0.823276
vt 0.280754 0.842977
vt 0.280754 0.863202
vt 0.280754 0.884172
vt 0.280754 0.905879
vt 0.280754 0.924553
vt 0.280754 0.941987
vt 0.280754 0.959957
vt 0.280754 0.025219
vt 0.261163 0.521837
vt 0.261163 0.500776
vt 0.261163 0.544740
vt 0.261163 0.567901
vt 0.261163 0.589339
vt 0.261163 0.608068
vt 0.261163 0.624523
vt 0.261163 0.642595
vt 0.261163 0.663192
vt 0.261163 0.684523
vt 0.261163 0.707637
vt 0.261163 0.728846
vt 0.261163 0.748642
vt 0.261163 0.768074
vt 0.261163 0.785708
vt 0.261163 0.803849
vt 0.261163 0.823276
vt 0.261163 0.842977
vt 0.261163 0.863202
vt 0.261163 0.884172
vt 0.261163 0.905879
vt 0.261163 0.924553
vt 0.261163 0.941987
vt 0.261163 0.959957
vt 0.261163 0.025219
vt 0.241599 0.521837
vt 0.241599 0.500776
vt 0.241599 0.544740
vt 0.241599 0.567901
vt 0.241599 0.589339
vt 0.241599 0.608068
vt 0.241599 0.624523
vt 0.241599 0.642595
vt 0.241599 0.663192
vt 0.241599 0.684523
vt 0.241599 0.707637
vt 0.241599 0.728846
vt 0.241599 0.748642
vt 0.241599 0.768074
vt 0.241599 0.785708
vt 0.241599 0.803849
vt 0.241599 0.823276
vt 0.241599 0.842977
vt 0.241599 0.863202
vt 0.241599 0.884172
vt 0.241599 0.905879
vt 0.241599 0.924553
vt 0.241599 0.941987
vt 0.241599 0.959957
vt 0.241599 0.025219
vt 0.221700 0.521837
vt 0.221700 0.500776
vt 0.221700 0.544740
vt 0.221700 0.567901
vt 0.221700 0.589339
vt 0.221700 0.608068
vt 0.221700 0.624523
vt 0.221700 0.642595
vt 0.221700 0.663192
vt 0.221700 0.684523
vt 0.221700 0.707637
vt 0.221700 0.728846
vt 0.221700 0.748642
vt 0.221700 0.768074
vt 0.221700 0.785708
vt 0.221700 0.803849
vt 0.221700 0.823276
vt 0.221700 0.842977
vt 0.221700 0.863202
vt 0.221700 0.884172
vt 0.221700 0.905879
vt 0.221700 0.924553
vt 0.221700 0.941987
vt 0.221700 0.959957
vt 0.221700 0.025219
vt 0.202117 0.521837
vt 0.202117 0.500776
vt 0.202117 0.544740
vt 0.202117 0.567901
vt 0.202117 0.589339
vt 0.202117 0.608068
vt 0.202117 0.624523
vt 0.202117 0.642595
vt 0.202117 0.663192
vt 0.202117 0.684523
vt 0.202117 0.707637
vt 0.202117 0.728846
vt 0.202117 0.748642
vt 0.202117 0.768074
vt 0.202117 0.785708
vt 0.202117 0.803849
vt 0.202117 0.823276
vt 0.202117 0.842977
vt 0.202117 0.863202
vt 0.202117 0.884172
vt 0.202117 0.905879
vt 0.202117 0.924553
vt 0.202117 0.941987
vt 0.202117 0.959957
vt 0.202117 0.025219
vt 0.182196 0.521837
vt 0.182196 0.500776
vt 0.182196 0.544740
vt 0.182196 0.567901
vt 0.182196 0.589339
vt 0.182196 0.608068
vt 0.182196 0.624523
vt 0.182196 0.642595
vt 0.182196 0.663192
vt 0.182196 0.684523
vt 0.182196 0.707637
vt 0.182196 0.728846
vt 0.182196 0.748642
vt 0.182196 0.768074
vt 0.182196 0.785708
vt 0.182196 0.803849
vt 0.182196 0.823276
vt 0.182196 0.842977
vt 0.182196 0.863202
vt 0.182196 0.884172
vt 0.182196 0.905879
vt 0.182196 0.924553
vt 0.182196 0.941987
vt 0.182196 0.959957
vt 0.182196 0.025219
vt 0.160969 0.521837
vt 0.160969 0.500776
vt 0.160969 0.544740
vt 0.160969 0.567901
vt 0.160969 0.589339
vt 0.160969 0.608068
vt 0.160969 0.624523
vt 0.160969 0.642595
vt 0.160969 0.663192
vt 0.160969 0.684523
vt 0.160969 0.707637
vt 0.160969 0.728846
vt 0.160969 0.748642
vt 0.160969 0.768074
vt 0.160969 0.785708
vt 0.160969 0.803849
vt 0.160969 0.823276
vt 0.160969 0.842977
vt 0.160969 0.863202
vt 0.160969 0.884172
vt 0.160969 0.905879
vt 0.160969 0.924553
vt 0.160969 0.941987
vt 0.160969 0.959957
vt 0.160969 0.025219
vt 0.138742 0.521837
vt 0.138742 0.500776
vt 0.138742 0.544740
vt 0.138742 0.567901
vt 0.138742 0.589339
vt 0.138742 0.608068
vt 0.138742 0.624523
vt 0.138742 0.642595
vt 0.138742 0.663192
vt 0.138742 0.684523
vt 0.138742 0.707637
vt 0.138742 0.728846
vt 0.138742 0.748642
vt 0.138742 0.768074
vt 0.138742 0.785708
vt 0.138742 0.803849
vt 0.138742 0.823276
vt 0.138742 0.842977
vt 0.138742 0.863202
vt 0.138742 0.884172
vt 0.138742 0.905879
vt 0.138742 0.924553
vt 0.138742 0.941987
vt 0.138742 0.959957
vt 0.138742 0.025219
vt 0.116512 0.521837
vt 0.116512 0.500776
vt 0.116512 0.544740
vt 0.116512 0.567901
vt 0.116512 0.589339
vt 0.116512 0.608068
vt 0.116512 0.624523
vt 0.116512 0.642595
vt 0.116512 0.663192
vt 0.116512 0.684523
vt 0.116512 0.707637
vt 0.116512 0.728846
vt 0.116512 0.748642
vt 0.116512 0.768074
vt 0.116512 0.785708
vt 0.116512 0.803849
vt 0.116512 0.823276
vt 0.116512 0.842977
vt 0.116512 0.863202
vt 0.116512 0.884172
vt 0.116512 0.905879
vt 0.116512 0.924553
vt 0.116512 0.941987
vt 0.116512 0.959957
vt 0.116512 0.025219
vt 0.094820 0.521837
vt 0.094820 0.500776
vt 0.094820 0.544740
vt 0.094820 0.567901
vt 0.094820 0.589339
vt 0.094820 0.608068
vt 0.094820 0.624523
vt 0.094820 0.642595
vt 0.094820 0.663192
vt 0.094820 0.684523
vt 0.094820 0.707637
vt 0.094820 0.728846
vt 0.094820 0.748642
vt 0.094820 0.768074
vt 0.094820 0.785708
vt 0.094820 0.803849
vt 0.094820 0.823276
vt 0.094820 0.842977
vt 0.094820 0.863202
vt 0.094820 0.884172
vt 0.094820 0.905879
vt 0.094820 0.924553
vt 0.094820 0.941987
vt 0.094820 0.959957
vt 0.094820 0.025219
vt 0.073846 0.521837
vt 0.073846 0.500776
vt 0.073846 0.544740
vt 0.073846 0.567901
vt 0.073846 0.589339
vt 0.073846 0.608068
vt 0.073846 0.624523
vt 0.073846 0.642595
vt 0.073846 0.663192
vt 0.073846 0.684523
vt 0.073846 0.707637
vt 0.073846 0.728846
vt 0.073846 0.748642
vt 0.073846 0.768074
vt 0.073846 0.785708
vt 0.073846 0.803849
vt 0.073846 0.823276
vt 0.073846 0.842977
vt 0.073846 0.863202
vt 0.073846 0.884172
vt 0.073846 0.905879
vt 0.073846 0.924553
vt 0.073846 0.941987
vt 0.073846 0.959957
vt 0.039666 0.025219
vt 0.054914 0.521837
vt 0.054914 0.500776
vt 0.054914 0.544740
vt 0.054914 0.567901
vt 0.054914 0.589339
vt 0.054914 0.608068
vt 0.054914 0.624523
vt 0.054914 0.642595
vt 0.054914 0.663192
vt 0.054914 0.684523
vt 0.054914 0.707637
vt 0.054914 0.728846
vt 0.054914 0.748642
vt 0.054914 0.768074
vt 0.054914 0.785708
vt 0.054914 0.803849
vt 0.054914 0.823276
vt 0.054914 0.842977
vt 0.054914 0.863202
vt 0.054914 0.884172
vt 0.054914 0.905879
vt 0.054914 0.924553
vt 0.054914 0.941987
vt 0.054914 0.959957
vt 0.022533 0.025219
vt 0.037229 0.521837
vt 0.037229 0.500776
vt 0.037229 0.544740
vt 0.037229 0.567901
vt 0.037229 0.589339
vt 0.037229 0.608068
vt 0.037229 0.624523
vt 0.037229 0.642595
vt 0.037229 0.663192
vt 0.037229 0.684523
vt 0.037229 0.707637
vt 0.037229 0.728846
vt 0.037229 0.748642
vt 0.037229 0.768074
vt 0.037229 0.785708
vt 0.037229 0.803849
vt 0.037229 0.823276
vt 0.037229 0.842977
vt 0.037229 0.863202
vt 0.037229 0.884172
vt 0.037229 0.905879
vt 0.037229 0.924553
vt 0.037229 0.941987
vt 0.037229 0.959957
vt 0.037229 0.025219
vt 0.527738 0.497306
vt 0.494721 0.497306
vt 0.494721 0.479063
vt 0.527738 0.521837
vt 0.494721 0.457837
vt 0.527738 0.544740
vt 0.494721 0.437495
vt 0.527738 0.567901
vt 0.494721 0.417208
vt 0.527738 0.589339
vt 0.494721 0.397159
vt 0.527738 0.397159
vt 0.494721 0.377607
vt 0.527738 0.377607
vt 0.494721 0.358004
vt 0.527738 0.358004
vt 0.494721 0.337810
vt 0.527738 0.337810
vt 0.494721 0.317865
vt 0.527738 0.317865
vt 0.494721 0.298766
vt 0.527738 0.298766
vt 0.494721 0.277697
vt 0.527738 0.277697
vt 0.494721 0.256632
vt 0.527738 0.256632
vt 0.494721 0.237052
vt 0.516570 0.785337
vt 0.494721 0.218879
vt 0.496131 0.804168
vt 0.494721 0.198426
vt 0.496131 0.803849
vt 0.494721 0.179567
vt 0.496131 0.823276
vt 0.494721 0.159434
vt 0.496131 0.842977
vt 0.494721 0.140081
vt 0.496131 0.863202
vt 0.494721 0.120985
vt 0.496131 0.884172
vt 0.494721 0.102073
vt 0.496131 0.905879
vt 0.494721 0.084919
vt 0.496131 0.924553
vt 0.494721 0.066435
vt 0.496131 0.941987
vt 0.494721 0.047450
vt 0.496131 0.959957
vt 0.494721 0.025219
vt 0.493661 0.025219
vt 0.475407 0.497306
vt 0.475407 0.479063
vt 0.475407 0.457837
vt 0.475407 0.437495
vt 0.475407 0.417208
vt 0.475407 0.397159
vt 0.475407 0.377607
vt 0.475407 0.358004
vt 0.475407 0.337810
vt 0.475407 0.317865
vt 0.475407 0.298766
vt 0.475407 0.277697
vt 0.475407 0.256632
vt 0.475407 0.237052
vt 0.475407 0.218879
vt 0.475407 0.198426
vt 0.475407 0.179567
vt 0.475407 0.159434
vt 0.475407 0.140081
vt 0.475407 0.120985
vt 0.475407 0.102073
vt 0.475407 0.084919
vt 0.475407 0.066435
vt 0.475407 0.047450
vt 0.475407 0.025219
vt 0.456216 0.497306
vt 0.456216 0.479063
vt 0.456216 0.457837
vt 0.456216 0.437495
vt 0.456216 0.417208
vt 0.456216 0.397159
vt 0.456216 0.377607
vt 0.456216 0.358004
vt 0.456216 0.337810
vt 0.456216 0.317865
vt 0.456216 0.298766
vt 0.456216 0.277697
vt 0.456216 0.256632
vt 0.456216 0.237052
vt 0.456216 0.218879
vt 0.456216 0.198426
vt 0.456216 0.179567
vt 0.456216 0.159434
vt 0.456216 0.140081
vt 0.456216 0.120985
vt 0.456216 0.102073
vt 0.456216 0.084919
vt 0.456216 0.066435
vt 0.456216 0.047450
vt 0.456216 0.025219
vt 0.437507 0.497306
vt 0.437507 0.479063
vt 0.437507 0.457837
vt 0.437507 0.437495
vt 0.437507 0.417208
vt 0.437507 0.397159
vt 0.437507 0.377607
vt 0.437507 0.358004
vt 0.437507 0.337810
vt 0.437507 0.317865
vt 0.437507 0.298766
vt 0.437507 0.277697
vt 0.437507 0.256632
vt 0.437507 0.237052
vt 0.437507 0.218879
vt 0.437507 0.198426
vt 0.437507 0.179567
vt 0.437507 0.159434
vt 0.437507 0.140081
vt 0.437507 0.120985
vt 0.437507 0.102073
vt 0.437507 0.084919
vt 0.437507 0.066435
vt 0.437507 0.047450
vt 0.437507 0.025219
vt 0.417842 0.497306
vt 0.417842 0.479063
vt 0.417842 0.457837
vt 0.417842 0.437495
vt 0.417842 0.417208
vt 0.417842 0.397159
vt 0.417842 0.377607
vt 0.417842 0.358004
vt 0.417842 0.337810
vt 0.417842 0.317865
vt 0.417842 0.298766
vt 0.417842 0.277697
vt 0.417842 0.256632
vt 0.417842 0.237052
vt 0.417842 0.218879
vt 0.417842 0.198426
vt 0.417842 0.179567
vt 0.417842 0.159434
vt 0.417842 0.140081
vt 0.417842 0.120985
vt 0.417842 0.102073
vt 0.417842 0.084919
vt 0.417842 0.066435
vt 0.417842 0.047450
vt 0.417842 0.025219
vt 0.398449 0.497306
vt 0.398449 0.479063
vt 0.398449 0.457837
vt 0.398449 0.437495
vt 0.398449 0.417208
vt 0.398449 0.397159
vt 0.398449 0.377607
vt 0.398449 0.358004
vt 0.398449 0.337810
vt 0.398449 0.317865
vt 0.398449 0.298766
vt 0.398449 0.277697
vt 0.398449 0.256632
vt 0.398449 0.237052
vt 0.398449 0.218879
vt 0.398449 0.198426
vt 0.398449 0.179567
vt 0.398449 0.159434
vt 0.398449 0.140081
vt 0.398449 0.120985
vt 0.398449 0.102073
vt 0.398449 0.084919
vt 0.398449 0.066435
vt 0.398449 0.047450
vt 0.398449 0.025219
vt 0.378734 0.497306
vt 0.378734 0.479063
vt 0.378734 0.457837
vt 0.378734 0.437495
vt 0.378734 0.417208
vt 0.378734 0.397159
vt 0.378734 0.377607
vt 0.378734 0.358004
vt 0.378734 0.337810
vt 0.378734 0.317865
vt 0.378734 0.298766
vt 0.378734 0.277697
vt 0.378734 0.256632
vt 0.378734 0.237052
vt 0.378734 0.218879
vt 0.378734 0.198426
vt 0.378734 0.179567
vt 0.378734 0.159434
vt 0.378734 0.140081
vt 0.378734 0.120985
vt 0.378734 0.102073
vt 0.378734 0.084919
vt 0.378734 0.066435
vt 0.378734 0.047450
vt 0.378734 0.025219
vt 0.359284 0.497306
vt 0.359284 0.479063
vt 0.359284 0.457837
vt 0.359284 0.437495
vt 0.359284 0.417208
vt 0.359284 0.397159
vt 0.359284 0.377607
vt 0.359284 0.358004
vt 0.359284 0.337810
vt 0.359284 0.317865
vt 0.359284 0.298766
vt 0.359284 0.277697
vt 0.359284 0.256632
vt 0.359284 0.237052
vt 0.359284 0.218879
vt 0.359284 0.198426
vt 0.359284 0.179567
vt 0.359284 0.159434
vt 0.359284 0.140081
vt 0.359284 0.120985
vt 0.359284 0.102073
vt 0.359284 0.084919
vt 0.359284 0.066435
vt 0.359284 0.047450
vt 0.359284 0.025219
vt 0.338515 0.497306
vt 0.338515 0.479063
vt 0.338515 0.457837
vt 0.338515 0.437495
vt 0.338515 0.417208
vt 0.338515 0.397159
vt 0.338515 0.377607
vt 0.338515 0.358004
vt 0.338515 0.337810
vt 0.338515 0.317865
vt 0.338515 0.298766
vt 0.338515 0.277697
vt 0.338515 0.256632
vt 0.338515 0.237052
vt 0.338515 0.218879
vt 0.338515 0.198426
vt 0.338515 0.179567
vt 0.338515 0.159434
vt 0.338515 0.140081
vt 0.338515 0.120985
vt 0.338515 0.102073
vt 0.338515 0.084919
vt 0.338515 0.066435
vt 0.338515 0.047450
vt 0.338515 0.025219
vt 0.318657 0.497306
vt 0.318657 0.479063
vt 0.318657 0.457837
vt 0.318657 0.437495
vt 0.318657 0.417208
vt 0.318657 0.397159
vt 0.318657 0.377607
vt 0.318657 0.358004
vt 0.318657 0.337810
vt 0.318657 0.317865
vt 0.318657 0.298766
vt 0.318657 0.277697
vt 0.318657 0.256632
vt 0.318657 0.237052
vt 0.318657 0.218879
vt 0.318657 0.198426
vt 0.318657 0.179567
vt 0.318657 0.159434
vt 0.318657 0.140081
vt 0.318657 0.120985
vt 0.318657 0.102073
vt 0.318657 0.084919
vt 0.318657 0.066435
vt 0.318657 0.047450
vt 0.318657 0.025219
vt 0.300082 0.497306
vt 0.300082 0.479063
vt 0.300082 0.457837
vt 0.300082 0.437495
vt 0.300082 0.417208
vt 0.300082 0.397159
vt 0.300082 0.377607
vt 0.300082 0.358004
vt 0.300082 0.337810
vt 0.300082 0.317865
vt 0.300082 0.298766
vt 0.300082 0.277697
vt 0.300082 0.256632
vt 0.300082 0.237052
vt 0.300082 0.218879
vt 0.300082 0.198426
vt 0.300082 0.179567
vt 0.300082 0.159434
vt 0.300082 0.140081
vt 0.300082 0.120985
vt 0.300082 0.102073
vt 0.300082 0.084919
vt 0.300082 0.066435
vt 0.300082 0.047450
vt 0.300082 0.025219
vt 0.280754 0.497306
vt 0.280754 0.479063
vt 0.280754 0.457837
vt 0.280754 0.437495
vt 0.280754 0.417208
vt 0.280754 0.397159
vt 0.280754 0.377607
vt 0.280754 0.358004
vt 0.280754 0.337810
vt 0.280754 0.317865
vt 0.280754 0.298766
vt 0.280754 0.277697
vt 0.280754 0.256632
vt 0.280754 0.237052
vt 0.280754 0.218879
vt 0.280754 0.198426
vt 0.280754 0.179567
vt 0.280754 0.159434
vt 0.280754 0.140081
vt 0.280754 0.120985
vt 0.280754 0.102073
vt 0.280754 0.084919
vt 0.280754 0.066435
vt 0.280754 0.047450
vt 0.280754 0.025219
vt 0.261163 0.497306
vt 0.261163 0.479063
vt 0.261163 0.457837
vt 0.261163 0.437495
vt 0.261163 0.417208
vt 0.261163 0.397159
vt 0.261163 0.377607
vt 0.261163 0.358004
vt 0.261163 0.337810
vt 0.261163 0.317865
vt 0.261163 0.298766
vt 0.261163 0.277697
vt 0.261163 0.256632
vt 0.261163 0.237052
vt 0.261163 0.218879
vt 0.261163 0.198426
vt 0.261163 0.179567
vt 0.261163 0.159434
vt 0.261163 0.140081
vt 0.261163 0.120985
vt 0.261163 0.102073
vt 0.261163 0.084919
vt 0.261163 0.066435
vt 0.261163 0.047450
vt 0.261163 0.025219
vt 0.241599 0.497306
vt 0.241599 0.479063
vt 0.241599 0.457837
vt 0.241599 0.437495
vt 0.241599 0.417208
vt 0.241599 0.397159
vt 0.241599 0.377607
vt 0.241599 0.358004
vt 0.241599 0.337810
vt 0.241599 0.317865
vt 0.241599 0.298766
vt 0.241599 0.277697
vt 0.241599 0.256632
vt 0.241599 0.237052
vt 0.241599 0.218879
vt 0.241599 0.198426
vt 0.241599 0.179567
vt 0.241599 0.159434
vt 0.241599 0.140081
vt 0.241599 0.120985
vt 0.241599 0.102073
vt 0.241599 0.084919
vt 0.241599 0.066435
vt 0.241599 0.047450
vt 0.241599 0.025219
vt 0.221700 0.497306
vt 0.221700 0.479063
vt 0.221700 0.457837
vt 0.221700 0.437495
vt 0.221700 0.417208
vt 0.221700 0.397159
vt 0.221700 0.377607
vt 0.221700 0.358004
vt 0.221700 0.337810
vt 0.221700 0.317865
vt 0.221700 0.298766
vt 0.221700 0.277697
vt 0.221700 0.256632
vt 0.221700 0.237052
vt 0.221700 0.218879
vt 0.221700 0.198426
vt 0.221700 0.179567
vt 0.221700 0.159434
vt 0.221700 0.140081
vt 0.221700 0.120985
vt 0.221700 0.102073
vt 0.221700 0.084919
vt 0.221700 0.066435
vt 0.221700 0.047450
vt 0.221700 0.025219
vt 0.202117 0.497306
vt 0.202117 0.479063
vt 0.202117 0.457837
vt 0.202117 0.437495
vt 0.202117 0.417208
vt 0.202117 0.397159
vt 0.202117 0.377607
vt 0.202117 0.358004
vt 0.202117 0.337810
vt 0.202117 0.317865
vt 0.202117 0.298766
vt 0.202117 0.277697
vt 0.202117 0.256632
vt 0.202117 0.237052
vt 0.202117 0.218879
vt 0.202117 0.198426
vt 0.202117 0.179567
vt 0.202117 0.159434
vt 0.202117 0.140081
vt 0.202117 0.120985
vt 0.202117 0.102073
vt 0.202117 0.084919
vt 0.202117 0.066435
vt 0.202117 0.047450
vt 0.202117 0.025219
vt 0.182196 0.497306
vt 0.182196 0.479063
vt 0.182196 0.457837
vt 0.182196 0.437495
vt 0.182196 0.417208
vt 0.182196 0.397159
vt 0.182196 0.377607
vt 0.182196 0.358004
vt 0.182196 0.337810
vt 0.182196 0.317865
vt 0.182196 0.298766
vt 0.182196 0.277697
vt 0.182196 0.256632
vt 0.182196 0.237052
vt 0.182196 0.218879
vt 0.182196 0.198426
vt 0.182196 0.179567
vt 0.182196 0.159434
vt 0.182196 0.140081
vt 0.182196 0.120985
vt 0.182196 0.102073
vt 0.182196 0.084919
vt 0.182196 0.066435
vt 0.182196 0.047450
vt 0.182196 0.025219
vt 0.160969 0.497306
vt 0.160969 0.479063
vt 0.160969 0.457837
vt 0.160969 0.437495
vt 0.160969 0.417208
vt 0.160969 0.397159
vt 0.160969 0.377607
vt 0.160969 0.358004
vt 0.160969 0.337810
vt 0.160969 0.317865
vt 0.160969 0.298766
vt 0.160969 0.277697
vt 0.160969 0.256632
vt 0.160969 0.237052
vt 0.160969 0.218879
vt 0.160969 0.198426
vt 0.160969 0.179567
vt 0.160969 0.159434
vt 0.160969 0.140081
vt 0.160969 0.120985
vt 0.160969 0.102073
vt 0.160969 0.084919
vt 0.160969 0.066435
vt 0.160969 0.047450
vt 0.160969 0.025219
vt 0.138742 0.497306
vt 0.138742 0.479063
vt 0.138742 0.457837
vt 0.138742 0.437495
vt 0.138742 0.417208
vt 0.138742 0.397159
vt 0.138742 0.377607
vt 0.138742 0.358004
vt 0.138742 0.337810
vt 0.138742 0.317865
vt 0.138742 0.298766
vt 0.138742 0.277697
vt 0.138742 0.256632
vt 0.138742 0.237052
vt 0.138742 0.218879
vt 0.138742 0.198426
vt 0.138742 0.179567
vt 0.138742 0.159434
vt 0.138742 0.140081
vt 0.138742 0.120985
vt 0.138742 0.102073
vt 0.138742 0.084919
vt 0.138742 0.066435
vt 0.138742 0.047450
vt 0.138742 0.025219
vt 0.116512 0.497306
vt 0.116512 0.479063
vt 0.116512 0.457837
vt 0.116512 0.437495
vt 0.116512 0.417208
vt 0.116512 0.397159
vt 0.116512 0.377607
vt 0.116512 0.358004
vt 0.116512 0.337810
vt 0.116512 0.317865
vt 0.116512 0.298766
vt 0.116512 0.277697
vt 0.116512 0.256632
vt 0.116512 0.237052
vt 0.116512 0.218879
vt 0.116512 0.198426
vt 0.116512 0.179567
vt 0.116512 0.159434
vt 0.116512 0.140081
vt 0.116512 0.120985
vt 0.116512 0.102073
vt 0.116512 0.084919
vt 0.116512 0.066435
vt 0.116512 0.047450
vt 0.116512 0.025219
vt 0.094820 0.497306
vt 0.094820 0.479063
vt 0.094820 0.457837
vt 0.094820 0.437495
vt 0.094820 0.417208
vt 0.094820 0.397159
vt 0.094820 0.377607
vt 0.094820 0.358004
vt 0.094820 0.337810
vt 0.094820 0.317865
vt 0.094820 0.298766
vt 0.094820 0.277697
vt 0.094820 0.256632
vt 0.094820 0.237052
vt 0.094820 0.218879
vt 0.094820 0.198426
vt 0.094820 0.179567
vt 0.094820 0.159434
vt 0.094820 0.140081
vt 0.094820 0.120985
vt 0.094820 0.102073
vt 0.094820 0.084919
vt 0.094820 0.066435
vt 0.094820 0.047450
vt 0.094820 0.025219
vt 0.073846 0.497306
vt 0.073846 0.479063
vt 0.073846 0.457837
vt 0.073846 0.437495
vt 0.073846 0.417208
vt 0.073846 0.397159
vt 0.073846 0.377607
vt 0.073846 0.358004
vt 0.073846 0.337810
vt 0.073846 0.317865
vt 0.073846 0.298766
vt 0.073846 0.277697
vt 0.073846 0.256632
vt 0.073846 0.237052
vt 0.073846 0.218879
vt 0.073846 0.198426
vt 0.073846 0.179567
vt 0.073846 0.159434
vt 0.073846 0.140081
vt 0.073846 0.120985
vt 0.073846 0.102073
vt 0.073846 0.084919
vt 0.073846 0.066435
vt 0.073846 0.047450
vt 0.073846 0.025219
vt 0.054914 0.497306
vt 0.054914 0.479063
vt 0.054914 0.457837
vt 0.054914 0.437495
vt 0.054914 0.417208
vt 0.054914 0.397159
vt 0.054914 0.377607
vt 0.054914 0.358004
vt 0.054914 0.337810
vt 0.054914 0.317865
vt 0.054914 0.298766
vt 0.054914 0.277697
vt 0.054914 0.256632
vt 0.054914 0.237052
vt 0.054914 0.218879
vt 0.054914 0.198426
vt 0.054914 0.179567
vt 0.054914 0.159434
vt 0.054914 0.140081
vt 0.054914 0.120985
vt 0.054914 0.102073
vt 0.054914 0.084919
vt 0.054914 0.066435
vt 0.054914 0.047450
vt 0.054914 0.025219
vt 0.037229 0.497306
vt 0.037229 0.479063
vt 0.037229 0.457837
vt 0.037229 0.437495
vt 0.037229 0.417208
vt 0.037229 0.397159
vt 0.037229 0.377607
vt 0.037229 0.358004
vt 0.037229 0.337810
vt 0.037229 0.317865
vt 0.037229 0.298766
vt 0.037229 0.277697
vt 0.037229 0.256632
vt 0.037229 0.237052
vt 0.037229 0.218879
vt 0.037229 0.198426
vt 0.037229 0.179567
vt 0.037229 0.159434
vt 0.037229 0.140081
vt 0.037229 0.120985
vt 0.037229 0.102073
vt 0.037229 0.084919
vt 0.037229 0.066435
vt 0.037229 0.047450
vt 0.037229 0.025219
vt 0.037229 0.047450
vt 0.037229 0.979785
vt 0.054914 0.979785
vt 0.037229 0.066435
vt 0.037229 0.084919
vt 0.037229 0.102073
vt 0.037229 0.120985
vt 0.037229 0.140081
vt 0.037229 0.159434
vt 0.037229 0.179567
vt 0.037229 0.198426
vt 0.037229 0.218879
vt 0.037229 0.237052
vt 0.037229 0.269132
vt 0.037229 0.277697
vt 0.037229 0.298766
vt 0.037229 0.317865
vt 0.037229 0.337810
vt 0.037229 0.358004
vt 0.037229 0.377607
vt 0.037229 0.397159
vt 0.037229 0.417208
vt 0.037229 0.437495
vt 0.037229 0.457837
vt 0.037229 0.479063
vt 0.073846 0.979785
vt 0.094820 0.979785
vt 0.116512 0.979785
vt 0.138742 0.979785
vt 0.160969 0.979785
vt 0.182196 0.979785
vt 0.202117 0.979785
vt 0.221700 0.979785
vt 0.241599 0.979785
vt 0.261163 0.979785
vt 0.280754 0.979785
vt 0.300082 0.979785
vt 0.318657 0.979785
vt 0.338515 0.979785
vt 0.359284 0.979785
vt 0.378734 0.979785
vt 0.398449 0.979785
vt 0.417842 0.979785
vt 0.437507 0.979785
vt 0.456216 0.979785
vt 0.475407 0.979785
vt 0.494721 0.979785
vt 0.496131 0.979785
vt 0.496131 0.979785
vt 0.527738 0.748642
vt 0.507051 0.224201
vt 0.527738 0.237052
vt 0.527738 0.728846
vt 0.527738 0.707637
vt 0.527738 0.684523
vt 0.527738 0.663192
vt 0.527738 0.642595
vt 0.527738 0.624523
vt 0.527738 0.608068
vt 0.527738 0.617862
vt 0.493661 0.047450
vt 0.493661 0.066435
vt 0.493661 0.084919
vt 0.493661 0.102073
vt 0.493661 0.120985
vt 0.493661 0.140081
vt 0.493661 0.159434
vt 0.493661 0.179567
vt 0.493661 0.198426
vt 0.490276 0.206146
vt 0.527738 0.417208
vt 0.527738 0.437495
vt 0.527738 0.457837
vt 0.527738 0.479063
vn -0.171787 -0.962566 0.209656
vn -0.136692 -0.833279 0.535687
vn -0.341441 -0.749352 0.567354
vn -0.416561 -0.874452 0.248619
vn 0.056090 -0.258521 0.964376
vn -0.068340 -0.149292 0.986429
vn 0.417834 0.658644 0.625782
vn 0.306661 0.764973 0.566370
vn 0.524663 0.836168 -0.159849
vn 0.397198 0.904681 -0.154228
vn 0.764726 0.560338 0.318143
vn 0.288560 0.876282 0.385827
vn -0.141036 -0.771383 0.620546
vn -0.421928 -0.694185 0.583167
vn -0.098765 -0.972532 0.210776
vn -0.298339 -0.950702 0.084619
vn 0.058251 -0.865051 0.498291
vn -0.161551 -0.896837 0.411806
vn 0.222830 -0.519588 0.824848
vn -0.061563 -0.574743 0.816015
vn 0.498643 -0.045418 0.865617
vn 0.022320 -0.115476 0.993060
vn 0.811938 0.229117 0.536900
vn 0.115057 0.235037 0.965153
vn 0.944247 0.326337 0.043602
vn 0.254973 0.523950 0.812690
vn 0.286635 -0.947561 -0.141310
vn -0.051290 0.708596 0.703748
vn -0.829048 -0.508568 0.232461
vn -0.471211 0.223866 0.853138
vn -0.812403 -0.455430 0.364123
vn -0.220668 0.128334 0.966869
vn -0.514298 -0.350236 0.782836
vn 0.182424 0.089072 0.979177
vn 0.127542 -0.245401 0.960995
vn 0.594397 -0.036195 0.803357
vn 0.708556 -0.394714 0.584935
vn 0.902038 -0.291952 0.317948
vn 0.809474 -0.584473 0.056065
vn 0.888281 -0.439000 -0.135043
vn 0.779288 -0.625233 -0.042353
vn 0.876217 -0.449832 -0.172900
vn 0.815394 -0.573976 0.075392
vn 0.900216 -0.434567 0.027607
vn 0.857635 -0.443480 0.260362
vn 0.867068 -0.377420 0.325190
vn 0.893272 -0.161715 0.419420
vn 0.732220 -0.210917 0.647586
vn 0.939482 -0.096520 0.328722
vn 0.743569 -0.421868 0.518780
vn -0.411275 -0.705963 0.576602
vn -0.483968 -0.842010 0.238317
vn -0.101059 -0.051569 0.993543
vn 0.329743 0.818258 0.470875
vn 0.411423 0.906784 -0.092053
vn 0.281052 0.790439 0.544258
vn -0.405645 -0.805211 0.432536
vn -0.258064 -0.959508 -0.112903
vn -0.198104 -0.941266 0.273445
vn -0.234405 -0.582657 0.778181
vn -0.385292 0.010891 0.922730
vn -0.597572 0.290815 0.747218
vn -0.757740 0.413654 0.504699
vn -0.436394 0.859725 0.265393
vn 0.282610 0.889372 0.359374
vn 0.417663 0.631682 0.653097
vn 0.582583 0.403207 0.705706
vn 0.839727 0.063719 0.539258
vn 0.946684 -0.302344 0.111252
vn 0.876528 -0.469090 -0.107955
vn 0.854972 -0.516012 0.052484
vn 0.741369 -0.492202 0.456190
vn 0.313814 -0.396250 0.862848
vn -0.393024 -0.195892 0.898420
vn -0.604298 -0.373655 0.703709
vn -0.586883 -0.614098 0.527685
vn -0.664302 -0.726387 0.176254
vn -0.166637 -0.020828 0.985798
vn 0.474909 0.749715 0.460857
vn 0.576706 0.815779 -0.043768
vn 0.412835 0.647739 0.640314
vn -0.570897 -0.701193 0.427090
vn -0.637161 -0.746019 -0.193600
vn -0.710517 -0.665403 0.228921
vn -0.645636 -0.312278 0.696876
vn -0.964354 0.054888 0.258861
vn -0.982218 -0.039511 -0.183539
vn -0.912247 0.254233 -0.321204
vn -0.588997 0.749618 -0.301920
vn -0.084060 0.991115 0.103082
vn 0.259621 0.818634 0.512285
vn 0.522622 0.548909 0.652354
vn 0.886476 0.096900 0.452516
vn 0.952728 -0.301355 0.038651
vn 0.901803 -0.424060 0.083216
vn 0.697327 -0.513943 0.499597
vn 0.077960 -0.317447 0.945066
vn -0.638430 0.024708 0.769283
vn -0.933436 0.231512 0.274044
vn -0.988598 0.012395 0.150067
vn -0.891193 -0.382747 0.243474
vn -0.951607 -0.288430 -0.106073
vn -0.337984 0.064459 0.938942
vn 0.549840 0.634167 0.543607
vn 0.751369 0.658489 -0.042870
vn 0.692127 0.357892 0.626796
vn -0.548552 -0.618797 0.562299
vn -0.918244 -0.307944 0.248994
vn -0.798327 0.244489 0.550362
vn -0.562704 0.737873 0.372704
vn -0.496723 -0.216672 -0.840428
vn -0.547000 -0.492359 -0.677033
vn -0.686087 -0.170105 -0.707353
vn -0.636978 0.369774 -0.676407
vn -0.393722 0.854185 -0.339635
vn 0.003450 0.986306 0.164890
vn 0.360707 0.761198 0.538951
vn 0.858391 0.173326 0.482829
vn 0.916185 -0.352698 0.190285
vn 0.710549 -0.368390 0.599507
vn -0.413042 -0.202027 0.888021
vn -0.955772 0.178784 0.233530
vn -0.941546 0.282407 -0.183677
vn -0.876456 0.303315 -0.373933
vn -0.932522 0.098940 -0.347295
vn -0.665941 -0.541053 0.513599
vn -0.782283 -0.570233 0.250734
vn -0.418954 0.133218 0.898182
vn 0.249323 0.663733 0.705193
vn 0.783935 0.612681 0.100335
vn 0.735442 0.481931 0.476306
vn -0.781257 0.023129 0.623781
vn -0.632799 0.600640 0.488670
vn -0.012812 0.769640 0.638350
vn 0.587410 0.760005 0.278105
vn -0.317014 0.272385 -0.908465
vn -0.730415 -0.403834 -0.550828
vn -0.529293 -0.347172 -0.774158
vn -0.385825 -0.168881 -0.906983
vn -0.463895 0.250939 -0.849607
vn -0.297891 0.830524 -0.470628
vn 0.126879 0.991490 0.029150
vn 0.577210 0.654660 0.488107
vn 0.407407 -0.026293 0.912868
vn -0.643712 0.339389 0.685894
vn -0.887320 0.441875 0.131949
vn -0.885291 0.420600 -0.198384
vn -0.867237 0.375712 -0.326712
vn -0.905224 0.329446 -0.268392
vn -0.973445 0.178351 -0.143515
vn -0.440781 -0.611022 0.657545
vn -0.009590 -0.720936 0.692935
vn -0.730425 -0.039673 0.681839
vn -0.322534 0.603681 0.729069
vn 0.478929 0.697932 0.532464
vn 0.406415 0.584491 0.702280
vn -0.417421 0.717657 0.557430
vn -0.000352 0.952176 0.305549
vn 0.530219 0.829418 0.175883
vn 0.815389 0.576481 0.053018
vn 0.415319 0.776499 -0.473877
vn -0.554214 -0.059716 -0.830229
vn -0.053761 -0.306310 -0.950413
vn 0.021812 -0.507452 -0.861404
vn -0.262256 -0.526922 -0.808440
vn -0.506777 0.055685 -0.860277
vn -0.094891 0.750899 -0.653565
vn 0.557065 0.801138 -0.218761
vn 0.864693 0.215719 0.453620
vn 0.348916 0.146234 0.925674
vn -0.170817 0.448586 0.877264
vn -0.431567 0.524216 0.734130
vn -0.540406 0.528025 0.655096
vn -0.502676 0.419839 0.755680
vn -0.306436 0.239208 0.921345
vn -0.853912 -0.427256 0.297131
vn -0.655399 -0.707978 0.263097
vn -0.923670 -0.101767 0.369428
vn -0.743972 0.484815 0.459847
vn -0.198572 0.942735 0.267992
vn 0.088841 0.990918 -0.100941
vn -0.038266 0.959858 -0.277863
vn 0.394404 0.881219 -0.260573
vn 0.757146 0.641909 -0.121171
vn 0.834305 0.550893 0.021275
vn 0.264239 0.960124 -0.091326
vn -0.874667 0.343490 -0.342012
vn -0.838884 0.238116 -0.489464
vn -0.311430 0.085030 -0.946457
vn -0.688579 -0.254427 -0.679062
vn -0.832844 -0.021642 -0.553084
vn -0.341515 0.442008 -0.829455
vn 0.472101 0.573822 -0.669215
vn 0.953247 0.295914 -0.061275
vn 0.872212 0.098500 0.479107
vn 0.473889 0.297583 0.828779
vn 0.140320 0.199001 0.969902
vn 0.168167 0.062734 0.983760
vn 0.391555 -0.060618 0.918156
vn 0.388483 -0.302007 0.870559
vn -0.906080 -0.372088 0.201420
vn -0.748759 -0.649356 0.133032
vn -0.960120 -0.145619 0.238674
vn -0.875067 0.470989 0.111472
vn -0.273654 0.860146 -0.430421
vn -0.071585 0.554505 -0.829096
vn -0.049860 0.511788 -0.857664
vn 0.298419 0.556523 -0.775389
vn 0.660488 0.513338 -0.547941
vn 0.654544 0.722795 -0.221676
vn -0.443221 0.862971 0.242563
vn -0.919929 -0.008597 0.391991
vn -0.755279 0.329619 0.566484
vn -0.140208 0.990119 0.002530
vn -0.580385 0.625267 -0.521722
vn -0.882637 0.249946 -0.398095
vn -0.566464 0.323912 -0.757760
vn 0.349580 0.408254 -0.843281
vn 0.941965 0.185059 -0.280099
vn 0.962406 -0.015163 0.271191
vn 0.633592 0.436294 0.638912
vn 0.144461 0.363929 0.920156
vn 0.130825 -0.049233 0.990182
vn 0.365575 -0.366329 0.855662
vn 0.399492 -0.652013 0.644427
vn -0.912305 -0.360320 0.194601
vn -0.752428 -0.644924 0.133884
vn -0.992415 -0.046640 0.113739
vn -0.718963 0.675559 -0.163439
vn 0.361601 0.720102 -0.592198
vn 0.122357 0.440212 -0.889518
vn -0.182707 0.459431 -0.869219
vn 0.015438 0.566143 -0.824162
vn 0.357566 0.768844 -0.530118
vn 0.022764 0.995840 0.088233
vn -0.881819 0.378861 0.280821
vn -0.982271 -0.032009 0.184714
vn -0.730181 0.593293 0.338879
vn 0.559156 0.812286 -0.165940
vn -0.124978 0.748428 -0.651334
vn -0.723636 0.355470 -0.591601
vn -0.609068 0.267840 -0.746524
vn 0.273097 0.237817 -0.932127
vn 0.913080 -0.115414 -0.391107
vn 0.949103 -0.313213 -0.033182
vn 0.997023 0.021847 0.073942
vn 0.817486 -0.006638 0.575910
vn 0.633628 -0.385172 0.670938
vn 0.599939 -0.681476 0.419122
vn 0.377413 -0.917359 0.126540
vn -0.950583 -0.297470 0.088907
vn -0.752590 -0.657730 0.031629
vn -0.965575 0.252551 -0.062323
vn -0.060229 0.988807 -0.136501
vn 0.793899 0.581808 -0.176704
vn 0.290252 0.786271 -0.545465
vn -0.262463 0.906530 -0.330630
vn -0.075995 0.982186 0.171860
vn 0.025267 0.823557 0.566670
vn -0.327235 0.659923 0.676327
vn -0.903700 0.228354 0.362189
vn -0.937054 0.338182 0.086970
vn 0.140322 0.826500 0.545167
vn 0.921949 0.302550 0.241814
vn 0.624176 0.730840 -0.276183
vn -0.211061 0.744758 -0.633079
vn -0.517100 0.426642 -0.742014
vn 0.292378 0.159763 -0.942863
vn 0.919119 -0.171769 -0.354563
vn 0.972650 0.004920 -0.232224
vn 0.496749 0.783524 -0.373271
vn 0.830901 0.387643 0.399170
vn 0.660433 -0.500331 0.559908
vn 0.454559 -0.814602 0.360277
vn 0.156277 -0.979640 0.126027
vn -0.985103 -0.170523 0.022217
vn -0.759339 -0.649238 -0.043532
vn -0.760697 0.643950 -0.081659
vn 0.505519 0.860115 0.068206
vn 0.900185 0.427435 0.083468
vn 0.038746 0.993636 -0.105768
vn -0.517312 0.799941 0.304111
vn -0.223486 0.682204 0.696169
vn -0.126445 0.486653 0.864396
vn -0.249949 0.398284 0.882551
vn -0.706631 0.333351 0.624140
vn -0.582692 0.712954 0.390085
vn 0.545799 0.618050 0.565790
vn 0.931801 0.050031 0.359505
vn 0.908201 0.364435 0.205812
vn 0.571716 0.784584 -0.239937
vn -0.103340 0.618249 -0.779159
vn 0.465852 0.121614 -0.876466
vn 0.888151 0.029383 -0.458611
vn 0.532869 0.714290 -0.453697
vn -0.220872 0.926437 -0.304845
vn 0.750186 0.535169 0.388350
vn 0.752848 -0.544769 0.369387
vn 0.538084 -0.815315 0.213839
vn 0.294770 -0.950621 0.097108
vn -0.999325 0.028301 -0.023417
vn -0.784042 -0.601816 -0.151974
vn -0.418669 0.908096 0.008830
vn 0.734255 0.664892 0.137071
vn 0.927416 0.349075 0.134337
vn -0.272403 0.931455 -0.241224
vn -0.751203 0.639764 -0.162468
vn -0.591250 0.804268 0.059804
vn -0.472883 0.802256 0.364372
vn -0.412953 0.718503 0.559664
vn -0.511273 0.742190 0.433307
vn -0.185975 0.936234 0.298126
vn 0.558146 0.708191 0.432364
vn 0.837362 0.084562 0.540069
vn 0.745631 0.082159 0.661275
vn 0.727341 0.311754 0.611379
vn 0.633619 0.727047 0.264442
vn 0.466201 0.860730 -0.204450
vn -0.159320 0.674950 0.720458
vn -0.569978 0.436404 0.696187
vn -0.526794 0.619347 0.582149
vn 0.812144 0.270606 0.516908
vn 0.894368 -0.444681 0.048640
vn 0.700483 -0.712846 -0.034273
vn 0.473145 -0.873008 -0.118286
vn -0.964746 0.252171 -0.075335
vn -0.811513 -0.498358 -0.305101
vn -0.053577 0.994263 0.092578
vn 0.833937 0.538295 0.121607
vn 0.896842 0.424373 0.124830
vn -0.190905 0.911129 -0.365238
vn -0.627681 0.544225 -0.556629
vn -0.572282 0.595410 -0.563897
vn -0.588425 0.696258 -0.411073
vn -0.547778 0.815735 -0.185786
vn -0.380659 0.923051 -0.055457
vn -0.008633 0.999959 -0.002658
vn 0.494775 0.845432 0.201101
vn 0.701011 0.418255 0.577621
vn 0.514596 0.148482 0.844478
vn 0.333026 0.073402 0.940056
vn 0.256411 0.152628 0.954441
vn -0.457170 0.492339 0.740674
vn -0.969605 0.140419 0.200371
vn -0.692792 0.098307 0.714406
vn -0.286726 0.453191 0.844041
vn 0.779538 0.441578 0.444219
vn 0.956298 -0.239990 -0.167028
vn 0.803271 -0.554662 -0.217040
vn 0.593656 -0.754833 -0.278927
vn -0.836192 0.486420 -0.253336
vn -0.773755 -0.348721 -0.528863
vn 0.332195 0.942649 0.032552
vn 0.843149 0.535173 -0.051852
vn 0.779356 0.622005 0.075588
vn 0.013187 0.963747 -0.266491
vn -0.408685 0.635925 -0.654657
vn -0.499462 0.442555 -0.744770
vn -0.608778 0.432421 -0.665133
vn -0.638605 0.604045 -0.476775
vn -0.382788 0.879253 -0.283527
vn 0.078042 0.978678 -0.189996
vn 0.492974 0.862384 -0.115199
vn 0.806266 0.589482 0.049457
vn 0.846315 0.440594 0.299379
vn 0.793475 0.386341 0.470253
vn 0.550839 0.253158 0.795291
vn -0.956423 0.274314 0.100033
vn -0.969167 -0.059908 -0.239011
vn -0.847700 0.286414 0.446512
vn -0.167248 0.673142 0.720352
vn 0.777618 0.556776 0.292079
vn 0.964441 -0.079230 -0.252142
vn 0.851937 -0.393442 -0.345553
vn 0.665989 -0.618074 -0.417663
vn -0.762823 0.555581 -0.330804
vn -0.616937 0.170616 -0.768296
vn 0.522209 0.493357 0.695626
vn 0.742430 0.538445 0.398592
vn 0.548747 0.748348 0.372628
vn 0.146814 0.989162 -0.002114
vn -0.218352 0.795732 -0.564919
vn -0.451740 0.423227 -0.785372
vn -0.626088 0.235838 -0.743233
vn -0.755361 0.356623 -0.549772
vn -0.447642 0.799797 -0.399927
vn 0.173006 0.936933 -0.303687
vn 0.575080 0.759993 -0.302809
vn 0.875398 0.378461 -0.300743
vn 0.842234 0.370782 -0.391359
vn 0.744040 0.579195 -0.333074
vn 0.726252 0.687408 -0.005271
vn -0.978776 0.028259 -0.202975
vn -0.919875 -0.312228 -0.237367
vn -0.938212 0.206141 0.277965
vn -0.098034 0.760913 0.641405
vn 0.818784 0.540415 0.193765
vn 0.958884 0.002285 -0.283788
vn 0.883227 -0.280747 -0.375622
vn 0.737930 -0.511542 -0.440208
vn -0.665219 -0.001690 0.746647
vn -0.560200 0.731513 -0.388670
vn -0.099341 -0.433408 0.895706
vn -0.158402 -0.161705 0.974043
vn -0.102915 0.167983 0.980403
vn -0.000551 0.655766 0.754964
vn -0.220454 0.975174 -0.020874
vn -0.520132 0.598220 -0.609586
vn -0.674970 0.221672 -0.703759
vn -0.795363 0.095577 -0.598550
vn -0.485839 0.636297 -0.599238
vn 0.295385 0.836076 -0.462303
vn 0.661209 0.631045 -0.405691
vn 0.963850 0.173026 -0.202618
vn 0.900359 0.323440 -0.291103
vn 0.372123 0.857489 -0.355298
vn -0.210153 0.969423 0.126705
vn -0.994845 -0.072498 0.070902
vn -0.937117 -0.315585 -0.149054
vn -0.968121 0.164295 0.189075
vn -0.085916 0.810618 0.579239
vn 0.864985 0.490874 0.104135
vn 0.954052 0.045442 -0.296175
vn 0.911253 -0.186367 -0.367269
vn 0.788782 -0.424332 -0.444709
vn -0.689353 -0.563819 -0.454864
vn -0.750825 0.124370 -0.648687
vn -0.564723 -0.811888 -0.148072
vn -0.651139 -0.757545 0.046292
vn -0.410474 -0.844021 0.345166
vn 0.003654 -0.726655 0.686993
vn 0.328950 -0.204206 0.922004
vn -0.402543 0.576904 0.710733
vn -0.770981 0.517516 0.371169
vn -0.875748 0.472194 -0.100485
vn -0.113677 0.626410 -0.771160
vn 0.531014 0.368309 -0.763133
vn 0.602559 0.362040 -0.711231
vn 0.877585 0.100164 -0.468842
vn 0.856148 0.348292 -0.381711
vn -0.130285 0.981587 -0.139690
vn -0.725160 0.579184 0.372409
vn -0.963482 -0.077716 0.256249
vn -0.982936 -0.179360 -0.040822
vn -0.978705 0.176183 0.105336
vn -0.070494 0.871861 0.484653
vn 0.907671 0.419644 0.005695
vn 0.935429 0.085485 -0.343022
vn 0.904532 -0.074956 -0.419766
vn 0.799262 -0.311766 -0.513791
vn -0.590318 -0.630475 -0.504010
vn -0.628801 -0.528797 -0.570073
vn -0.616962 -0.715279 -0.328228
vn -0.422258 -0.896883 0.131524
vn 0.076515 -0.806499 0.586264
vn 0.571257 -0.369837 0.732725
vn 0.942866 0.209529 0.259040
vn 0.282564 0.318252 0.904916
vn -0.108756 0.500102 0.859110
vn 0.017345 0.997156 -0.073340
vn 0.301997 0.187323 -0.934723
vn 0.588398 -0.298550 -0.751436
vn 0.225633 0.035084 -0.973580
vn 0.249329 0.380911 -0.890360
vn 0.285018 0.794505 -0.536215
vn -0.631884 0.706680 0.318319
vn -0.783354 0.214157 0.583518
vn -0.866100 -0.088214 0.492025
vn -0.960494 -0.099565 0.259880
vn -0.965957 0.153440 0.208289
vn 0.079688 0.907531 0.412357
vn 0.933701 0.322070 -0.156439
vn 0.881197 0.119077 -0.457507
vn 0.846721 0.038535 -0.530640
vn 0.760888 -0.183658 -0.622350
vn -0.726960 -0.666213 0.166400
vn -0.876316 -0.481005 0.026537
vn -0.460345 -0.777465 0.428522
vn 0.072783 -0.654223 0.752792
vn 0.543681 -0.107323 0.832402
vn 0.754843 0.402302 0.518040
vn 0.787340 0.577541 -0.215739
vn 0.543249 0.760112 -0.356525
vn -0.047942 0.998797 -0.010282
vn -0.033925 0.363151 -0.931113
vn 0.138327 -0.417055 -0.898293
vn 0.412978 -0.540280 -0.733175
vn -0.225031 0.189631 -0.955720
vn -0.461126 0.719371 -0.519488
vn -0.450947 0.842236 0.295442
vn -0.536406 0.112432 0.836438
vn -0.451861 -0.206645 0.867825
vn -0.430505 -0.336236 0.837622
vn -0.464035 -0.376692 0.801732
vn -0.540597 -0.169748 0.823979
vn 0.535102 0.798023 0.277172
vn 0.742243 0.445201 -0.500871
vn 0.681322 0.235926 -0.692921
vn 0.652458 0.204091 -0.729826
vn 0.594738 0.036243 -0.803102
vn -0.481679 -0.519537 0.705738
vn -0.762910 -0.354552 0.540612
vn 0.035048 -0.497063 0.867006
vn 0.600152 0.055364 0.797967
vn 0.606465 0.610925 0.508892
vn 0.586623 0.809490 -0.024483
vn 0.390783 0.738667 -0.549235
vn -0.107140 0.695858 -0.710143
vn -0.199401 0.181136 -0.963031
vn -0.143828 -0.353810 -0.924193
vn -0.032798 -0.561209 -0.827024
vn 0.096498 -0.293874 -0.950961
vn -0.367404 0.691243 -0.622252
vn -0.434974 0.862814 0.257583
vn -0.246858 0.244968 0.937578
vn -0.189556 -0.330197 0.924683
vn -0.117870 -0.445426 0.887526
vn -0.082099 -0.483514 0.871478
vn -0.056640 -0.511468 0.857434
vn -0.051883 -0.274635 0.960148
vn 0.394356 0.784912 0.477909
vn 0.416439 0.607907 -0.676038
vn 0.373981 0.356947 -0.855995
vn 0.325687 0.334992 -0.884143
vn 0.243954 0.150599 -0.958022
vn 0.073862 -0.237911 0.968475
vn -0.395573 -0.148697 0.906317
vn 0.751375 -0.087302 0.654075
vn 0.839614 0.502692 0.205792
vn 0.448300 0.893327 0.031530
vn 0.234931 0.804053 -0.546174
vn -0.095855 0.708175 -0.699500
vn -0.403978 0.392696 -0.826191
vn -0.285384 -0.284271 -0.915285
vn -0.114206 -0.466433 -0.877153
vn -0.018675 -0.275518 -0.961114
vn -0.109442 0.311396 -0.943957
vn -0.329732 0.940293 0.084417
vn -0.178181 0.606222 0.775078
vn -0.144915 0.038835 0.988682
vn -0.235895 -0.382014 0.893543
vn -0.225343 -0.465347 0.855963
vn -0.164751 -0.492541 0.854553
vn -0.147417 -0.487655 0.860500
vn -0.097561 -0.156151 0.982903
vn 0.268612 0.856778 0.440203
vn 0.267461 0.645329 -0.715553
vn 0.111956 0.378090 -0.918974
vn 0.056359 0.385008 -0.921191
vn 0.000321 0.182802 -0.983150
vn 0.592462 -0.138084 0.793676
vn 0.058807 -0.004042 0.998261
vn 0.980402 -0.185039 0.067622
vn 0.989631 -0.049990 -0.134652
vn 0.957013 0.289204 0.022091
vn 0.888755 0.384759 -0.249150
vn 0.858665 0.487626 -0.157844
vn 0.294536 0.955449 -0.019130
vn -0.768631 -0.552388 -0.322606
vn 0.656032 -0.340868 -0.673373
vn 0.533812 0.503137 -0.679631
vn 0.284751 0.945893 -0.155572
vn 0.142589 0.740524 0.656729
vn 0.017373 0.338008 0.940983
vn -0.060495 -0.067581 0.995878
vn -0.154801 -0.427128 0.890842
vn -0.166487 -0.533728 0.829106
vn -0.143178 -0.516475 0.844247
vn -0.159470 -0.446316 0.880552
vn -0.095052 -0.074133 0.992708
vn 0.195379 0.905805 0.375957
vn 0.094472 0.590726 -0.801322
vn -0.109194 0.342212 -0.933257
vn -0.096351 0.437651 -0.893968
vn -0.092720 0.336791 -0.937003
vn 0.788452 -0.332062 0.517763
vn 0.411050 -0.104938 0.905553
vn 0.860423 -0.488848 0.143874
vn 0.739035 -0.628742 0.241891
vn 0.620234 -0.582748 0.525085
vn 0.564481 -0.453468 0.689731
vn 0.494762 -0.241954 0.834667
vn 0.398534 -0.041121 0.916231
vn 0.250192 0.245905 0.936448
vn 0.363500 0.288602 0.885764
vn 0.175392 0.332144 0.926778
vn 0.198558 0.695975 0.690068
vn 0.816837 0.358421 0.452009
vn 0.361133 0.247061 0.899191
vn 0.175356 -0.205565 0.962805
vn 0.090686 -0.524207 0.846748
vn 0.026430 -0.540301 0.841057
vn -0.071855 -0.495293 0.865749
vn -0.122673 -0.393619 0.911052
vn -0.091788 0.015346 0.995660
vn 0.170195 0.938455 0.300559
vn 0.173798 0.494784 -0.851459
vn 0.222773 0.367448 -0.902970
vn 0.480775 0.476599 -0.736009
vn 0.476254 0.140962 -0.867936
vn 0.888958 -0.285591 0.358039
vn 0.686794 -0.130739 0.714997
vn 0.866589 -0.461644 0.189496
vn 0.713686 -0.601030 0.359743
vn 0.597263 -0.579354 0.554641
vn 0.570362 -0.442898 0.691758
vn 0.582066 -0.170394 0.795088
vn 0.563772 0.044206 0.824746
vn 0.489658 0.374180 0.787543
vn 0.571165 0.333804 0.749897
vn 0.341326 0.470514 0.813703
vn -0.227795 0.951081 0.208698
vn 0.729116 0.532316 0.430150
vn 0.277747 0.348959 0.895033
vn -0.036191 -0.197771 0.979580
vn -0.066070 -0.495553 0.866061
vn -0.193556 -0.426320 0.883622
vn -0.295128 -0.383336 0.875187
vn -0.328212 -0.281676 0.901629
vn -0.235025 0.128470 0.963462
vn 0.148827 0.981722 0.118625
vn 0.167693 0.470995 -0.866050
vn 0.399658 0.417561 -0.816037
vn 0.858483 0.328559 -0.393772
vn 0.999925 0.009794 -0.007355
vn 0.469355 0.607885 -0.640455
vn 0.304437 0.697651 -0.648538
vn 0.354566 0.766541 -0.535442
vn 0.528279 0.666139 -0.526479
vn 0.099116 0.179764 -0.978704
vn 0.381849 0.072333 -0.921390
vn -0.302613 -0.798975 -0.519676
vn -0.010541 -0.849149 -0.528048
vn -0.388413 -0.911593 0.134662
vn -0.185464 -0.965601 0.182259
vn -0.179097 -0.771445 -0.610571
vn -0.141011 -0.865630 -0.480417
vn 0.420378 0.569513 -0.706355
vn 0.520769 0.486825 -0.701285
vn 0.325120 0.939352 -0.109159
vn 0.543912 0.818982 -0.182836
vn 0.166571 0.902818 -0.396451
vn 0.410886 0.803309 -0.431124
vn 0.062557 0.579067 -0.812876
vn 0.234128 0.518503 -0.822398
vn -0.022232 0.116379 -0.992956
vn -0.066022 0.071626 -0.995244
vn -0.123903 -0.212970 -0.969171
vn -0.531968 -0.256211 -0.807073
vn -0.300737 -0.450682 -0.840501
vn -0.897375 -0.327459 -0.295787
vn -0.199672 -0.600929 -0.773961
vn -0.986386 -0.012923 -0.163936
vn 0.512524 0.097131 -0.853162
vn 0.765206 0.393639 -0.509420
vn 0.178438 -0.189786 -0.965475
vn 0.640959 0.291875 -0.709916
vn -0.179430 -0.094843 -0.979188
vn 0.233162 0.108768 -0.966336
vn -0.593773 0.032214 -0.803987
vn -0.451111 -0.052666 -0.890913
vn -0.909043 0.293358 -0.295942
vn -0.944963 0.080911 -0.317015
vn -0.885353 0.439930 0.150372
vn -0.934791 0.258507 0.243598
vn -0.877900 0.450680 0.161802
vn -0.897187 0.282693 0.339322
vn -0.898733 0.435259 -0.053183
vn -0.946701 0.235809 0.219435
vn -0.852020 0.373879 -0.366437
vn -0.993196 0.112348 0.030656
vn -0.692161 0.214578 -0.689108
vn -0.980220 -0.146965 -0.132556
vn -0.516874 0.013018 -0.855962
vn -0.869609 -0.425688 -0.250140
vn 0.390300 0.675278 -0.625832
vn 0.417182 0.726308 -0.546293
vn 0.111409 0.077721 -0.990731
vn -0.344871 -0.844894 -0.408924
vn -0.417601 -0.906331 0.064608
vn -0.215111 -0.688407 -0.692693
vn 0.387868 0.675847 -0.626729
vn 0.264254 0.960791 0.083966
vn 0.167076 0.951209 -0.259399
vn 0.196044 0.593856 -0.780321
vn 0.352852 0.012057 -0.935602
vn 0.596671 -0.256678 -0.760329
vn 0.784106 -0.367445 -0.500163
vn 0.521104 -0.814237 -0.255868
vn -0.143538 -0.870257 -0.471222
vn -0.338189 -0.640261 -0.689706
vn -0.591086 -0.416611 -0.690690
vn -0.844954 -0.063936 -0.531003
vn -0.945241 0.313530 -0.090661
vn -0.873707 0.475466 0.102807
vn -0.848980 0.520973 -0.088426
vn -0.717081 0.488437 -0.497215
vn -0.290271 0.381508 -0.877607
vn 0.345554 0.182821 -0.920418
vn 0.640281 -0.089194 -0.762945
vn 0.601357 0.567630 -0.562286
vn 0.589227 0.634397 -0.500352
vn 0.166068 0.029558 -0.985671
vn -0.504475 -0.773790 -0.383086
vn -0.577800 -0.816126 0.009278
vn -0.346538 -0.563451 -0.749956
vn 0.484470 0.576829 -0.657691
vn 0.629904 0.758930 0.165068
vn 0.691415 0.687041 -0.223428
vn 0.666031 0.308302 -0.679229
vn 0.996120 -0.042774 -0.076911
vn 0.964873 0.100914 0.242563
vn 0.915126 -0.234282 0.328110
vn 0.579511 -0.743500 0.333728
vn 0.037056 -0.992848 -0.113488
vn -0.298014 -0.805010 -0.512978
vn -0.512429 -0.554116 -0.656027
vn -0.890919 -0.085196 -0.446100
vn -0.947893 0.315796 -0.042104
vn -0.892732 0.425727 -0.147603
vn -0.648614 0.488682 -0.583515
vn -0.031211 0.281867 -0.958946
vn 0.625556 -0.018598 -0.779958
vn 0.920672 -0.228624 -0.316377
vn 0.891967 -0.450105 -0.042423
vn 0.944220 0.211774 -0.252192
vn 0.893678 0.401309 -0.200726
vn 0.384552 -0.047229 -0.921894
vn -0.588141 -0.652684 -0.477592
vn -0.746717 -0.664930 0.016819
vn -0.587572 -0.293429 -0.754095
vn 0.438160 0.580927 -0.685959
vn 0.895819 0.381216 -0.228438
vn 0.785906 -0.269288 -0.556628
vn 0.454745 -0.877689 -0.151228
vn 0.436288 0.086106 0.895678
vn 0.509785 0.493100 0.704962
vn 0.675943 0.208701 0.706785
vn 0.638592 -0.384545 0.666577
vn 0.369568 -0.868854 0.329412
vn -0.039645 -0.982083 -0.184233
vn -0.356446 -0.758142 -0.546046
vn -0.865260 -0.119335 -0.486913
vn -0.885758 0.388643 -0.253752
vn -0.584996 0.365772 -0.723872
vn 0.363488 0.169550 -0.916040
vn 0.920353 -0.144894 -0.363257
vn 0.957704 -0.268205 0.104257
vn 0.890596 -0.305757 0.336677
vn 0.746784 -0.486496 0.453470
vn 0.708041 0.386342 -0.591115
vn 0.665605 0.597906 -0.446629
vn 0.457357 -0.065971 -0.886833
vn -0.286100 -0.684210 -0.670823
vn -0.802238 -0.588494 -0.100447
vn -0.724112 -0.416355 -0.549828
vn 0.670387 -0.017141 -0.741813
vn 0.650032 -0.564448 -0.508780
vn -0.005317 -0.793830 -0.608116
vn -0.563158 -0.815816 -0.131522
vn 0.491643 -0.332431 0.804846
vn 0.747941 0.338232 0.571125
vn 0.529527 0.357955 0.769070
vn 0.371711 0.196059 0.907410
vn 0.437656 -0.211678 0.873871
vn 0.287510 -0.834080 0.470795
vn -0.124826 -0.991101 -0.046241
vn -0.639541 -0.579370 -0.505291
vn -0.337603 0.228275 -0.913189
vn 0.670785 -0.147757 -0.726784
vn 0.935833 -0.323574 -0.139703
vn 0.905341 -0.347694 0.243859
vn 0.854228 -0.327917 0.403442
vn 0.878498 -0.305179 0.367570
vn 0.806243 -0.469465 0.359965
vn 0.268988 0.511442 -0.816133
vn 0.425695 0.626278 -0.653115
vn 0.740489 0.067788 -0.668641
vn 0.314217 -0.610021 -0.727422
vn -0.566823 -0.639629 -0.519217
vn -0.374124 -0.504107 -0.778401
vn 0.401841 -0.655821 -0.639080
vn 0.004348 -0.953293 -0.302015
vn -0.566991 -0.806853 -0.165859
vn -0.803679 -0.594870 0.015168
vn -0.282254 -0.805708 0.520737
vn 0.563001 -0.121904 0.817416
vn 0.081405 0.242086 0.966834
vn 0.003123 0.497145 0.867662
vn 0.281311 0.562715 0.777313
vn 0.535181 0.044491 0.843565
vn 0.144876 -0.722284 0.676252
vn -0.552170 -0.798746 0.238985
vn -0.847933 -0.185934 -0.496425
vn -0.309145 -0.049518 -0.949725
vn 0.158352 -0.433101 -0.887326
vn 0.375162 -0.492123 -0.785537
vn 0.439616 -0.486458 -0.755048
vn 0.341786 -0.428845 -0.836226
vn -0.273806 -0.872572 -0.404535
vn 0.880655 0.330000 -0.339923
vn 0.865626 0.417283 -0.276708
vn 0.930051 0.116385 -0.348512
vn 0.762006 -0.449279 -0.466364
vn 0.163530 -0.946023 -0.279820
vn -0.128747 -0.991454 0.021051
vn 0.089222 -0.967952 0.234753
vn -0.396666 -0.879593 0.262624
vn -0.767205 -0.630929 0.115432
vn -0.799434 -0.600533 -0.016317
vn -0.132093 -0.981804 0.136428
vn 0.811888 -0.473689 0.341259
vn 0.724619 -0.253313 0.640906
vn 0.366066 -0.017366 0.930427
vn 0.714949 0.213955 0.665636
vn 0.852614 0.044836 0.520614
vn 0.401885 -0.416347 0.815563
vn -0.462214 -0.566392 0.682319
vn -0.963187 -0.262555 0.057759
vn -0.882154 -0.084658 -0.463289
vn -0.498780 -0.291618 -0.816197
vn -0.159832 -0.192384 -0.968216
vn -0.197572 -0.039891 -0.979476
vn -0.463291 0.081480 -0.882452
vn -0.632339 0.018377 -0.774474
vn 0.942742 0.248578 -0.222364
vn 0.905570 0.374149 -0.199888
vn 0.953500 0.178159 -0.243101
vn 0.890672 -0.439710 -0.115582
vn 0.226621 -0.824688 0.518201
vn 0.060489 -0.494611 0.867007
vn 0.065072 -0.463325 0.883796
vn -0.281448 -0.539894 0.793285
vn -0.655886 -0.525466 0.541941
vn -0.579205 -0.795340 0.178761
vn 0.424644 -0.881606 -0.206033
vn 0.937413 -0.080616 -0.338758
vn 0.825382 -0.293239 -0.482447
vn 0.240430 -0.951355 0.192657
vn 0.598549 -0.600321 0.530427
vn 0.880513 -0.258032 0.397640
vn 0.605949 -0.304740 0.734819
vn -0.340613 -0.414142 0.844079
vn -0.953354 -0.175001 0.245950
vn -0.956591 0.012404 -0.291170
vn -0.607624 -0.402305 -0.684795
vn -0.059312 -0.388922 -0.919360
vn -0.085712 0.014620 -0.996213
vn -0.355920 0.324667 -0.876306
vn -0.629759 0.175956 -0.756600
vn 0.946643 0.225118 -0.230629
vn 0.908501 0.367945 -0.198097
vn 0.986413 0.091683 -0.136323
vn 0.711570 -0.685021 0.156252
vn -0.420059 -0.651274 0.631975
vn -0.134769 -0.455441 0.880006
vn 0.189517 -0.492910 0.849190
vn 0.006189 -0.615815 0.787867
vn -0.325304 -0.831132 0.450995
vn 0.050225 -0.987893 -0.146780
vn 0.830276 -0.461347 -0.312731
vn 0.980583 0.061023 -0.186367
vn 0.731919 -0.546613 -0.406827
vn -0.584907 -0.753968 0.299025
vn 0.072070 -0.748152 0.659601
vn 0.691313 -0.408919 0.595711
vn 0.646500 -0.268477 0.714113
vn -0.251469 -0.234943 0.938917
vn -0.923272 0.143752 0.356236
vn -0.950004 0.306462 0.059778
vn -0.999337 0.002135 0.036348
vn -0.860556 0.004958 -0.509332
vn -0.627358 0.424741 -0.652700
vn -0.607382 0.694318 -0.386018
vn -0.690222 0.671833 -0.268764
vn 0.957484 0.247645 -0.147974
vn 0.944759 0.313726 -0.094905
vn 0.979118 -0.200970 0.030653
vn -0.054547 -0.989718 0.132226
vn -0.794489 -0.560825 0.232945
vn -0.290914 -0.793981 0.533820
vn 0.240686 -0.894681 0.376320
vn 0.044808 -0.989158 -0.139855
vn -0.026188 -0.841196 -0.540096
vn 0.334526 -0.677704 -0.654836
vn 0.876666 -0.271474 -0.397188
vn 0.964887 -0.244224 -0.096685
vn -0.281379 -0.791067 -0.543174
vn -0.939303 -0.311371 -0.144074
vn -0.603131 -0.740542 0.296363
vn 0.154673 -0.769711 0.619372
vn 0.537861 -0.462058 0.705129
vn -0.283538 -0.165167 0.944630
vn -0.934092 0.173687 0.311938
vn -0.964187 -0.074800 0.254459
vn -0.505772 -0.731169 0.457806
vn -0.859657 -0.425802 -0.282281
vn -0.625918 0.544239 -0.558597
vn -0.451408 0.817379 -0.357942
vn -0.503310 0.792799 -0.343728
vn 0.962317 0.254612 -0.095497
vn 0.979516 0.198909 -0.031363
vn 0.794437 -0.603800 0.065536
vn -0.607610 -0.790692 -0.074945
vn -0.885143 -0.463459 -0.041554
vn -0.143072 -0.983153 0.113761
vn 0.464077 -0.846473 -0.260993
vn 0.172235 -0.698821 -0.694251
vn 0.099277 -0.493954 -0.863802
vn 0.259180 -0.395297 -0.881230
vn 0.699626 -0.313438 -0.642090
vn 0.673582 -0.640069 -0.369593
vn -0.617437 -0.561129 -0.551277
vn -0.942414 -0.038899 -0.332180
vn -0.901021 -0.390443 -0.188988
vn -0.595676 -0.773103 0.217905
vn 0.017623 -0.701670 0.712284
vn -0.490432 -0.260175 0.831736
vn -0.875101 -0.170506 0.452909
vn -0.408371 -0.809242 0.422327
vn 0.276798 -0.899173 0.338926
vn -0.654646 -0.710442 -0.258284
vn -0.727376 0.592676 -0.345918
vn -0.532081 0.819169 -0.214133
vn -0.623926 0.718256 -0.307936
vn 0.972644 0.231960 -0.012543
vn 0.999805 0.011991 0.015707
vn 0.439597 -0.898151 -0.008951
vn -0.794223 -0.590943 -0.141405
vn -0.898115 -0.427266 -0.104080
vn 0.138589 -0.964055 0.226697
vn 0.733444 -0.655641 0.179430
vn 0.592310 -0.802935 -0.066808
vn 0.464738 -0.795656 -0.388523
vn 0.406722 -0.699284 -0.587860
vn 0.511325 -0.718518 -0.471464
vn 0.229754 -0.927275 -0.295590
vn -0.603695 -0.672804 -0.427653
vn -0.839347 -0.058188 -0.540472
vn -0.759276 -0.103610 -0.642468
vn -0.738840 -0.358208 -0.570791
vn -0.615448 -0.726559 -0.305509
vn -0.334156 -0.941942 -0.032942
vn 0.066906 -0.993981 -0.086748
vn 0.525983 -0.643291 -0.556344
vn 0.614701 -0.626315 -0.479449
vn -0.731223 -0.350532 -0.585184
vn -0.872294 0.488651 -0.017999
vn -0.698318 0.714813 0.037335
vn -0.778685 0.623367 -0.071159
vn 0.979197 0.168264 0.113402
vn 0.977095 -0.198970 0.075476
vn 0.032437 -0.996002 -0.083230
vn -0.863721 -0.488744 -0.122943
vn -0.856457 -0.506789 -0.098214
vn 0.091664 -0.937679 0.335196
vn 0.606551 -0.562745 0.561617
vn 0.565796 -0.578582 0.587467
vn 0.588003 -0.677604 0.441706
vn 0.549299 -0.808438 0.211422
vn 0.378862 -0.923213 0.064352
vn 0.016167 -0.999754 0.015216
vn -0.508838 -0.836531 -0.203223
vn -0.695664 -0.384233 -0.606973
vn -0.505884 -0.119259 -0.854318
vn -0.344445 -0.067814 -0.936354
vn -0.245682 -0.214999 -0.945207
vn 0.338323 -0.592267 -0.731271
vn 0.931278 -0.291647 -0.218321
vn 0.684012 -0.123272 -0.718979
vn 0.340563 -0.407178 -0.847480
vn -0.781927 -0.427922 -0.453292
vn -0.940077 0.280401 0.193984
vn -0.801401 0.557348 0.217070
vn -0.878078 0.467847 0.100487
vn 0.956270 0.052012 0.287822
vn 0.849345 -0.453051 0.270845
vn -0.426507 -0.903950 -0.031087
vn -0.858250 -0.512755 0.022128
vn -0.736432 -0.672917 -0.069653
vn -0.055693 -0.967965 0.244832
vn 0.397189 -0.660145 0.637534
vn 0.496254 -0.445119 0.745387
vn 0.607557 -0.425532 0.670669
vn 0.642537 -0.594658 0.483248
vn 0.390708 -0.876240 0.282047
vn -0.079376 -0.978381 0.190972
vn -0.486467 -0.864846 0.124062
vn -0.809207 -0.585903 -0.043610
vn -0.857415 -0.425000 -0.290198
vn -0.769351 -0.406505 -0.492801
vn -0.428331 -0.356446 -0.830348
vn 0.881053 -0.469990 -0.053430
vn 0.961422 0.015143 0.274662
vn 0.866865 -0.257941 -0.426628
vn 0.181911 -0.660712 -0.728264
vn -0.793832 -0.545771 -0.268263
vn -0.955816 0.107446 0.273625
vn -0.850296 0.395736 0.346971
vn -0.924462 0.295236 0.241260
vn 0.849127 -0.376625 0.370321
vn 0.809116 -0.531552 0.250568
vn -0.577614 -0.366354 -0.729484
vn -0.697610 -0.503703 -0.509532
vn -0.524566 -0.738710 -0.423246
vn -0.170769 -0.984209 -0.046579
vn 0.201018 -0.833190 0.515156
vn 0.446419 -0.458137 0.768649
vn 0.622397 -0.243579 0.743836
vn 0.753612 -0.337586 0.564007
vn 0.462051 -0.792526 0.398009
vn -0.189982 -0.936617 0.294373
vn -0.570992 -0.762559 0.304090
vn -0.882983 -0.352099 0.310432
vn -0.821247 -0.368993 0.435198
vn -0.701253 -0.617310 0.356614
vn -0.490300 -0.871054 -0.029516
vn 0.964833 -0.217915 0.147005
vn 0.920963 0.298261 0.250733
vn 0.956314 -0.162623 -0.242936
vn 0.093121 -0.755367 -0.648652
vn -0.837907 -0.519904 -0.166169
vn -0.953997 0.016407 0.299366
vn -0.881961 0.284348 0.375888
vn -0.954858 0.161375 0.249407
vn 0.829598 -0.557386 -0.032983
vn 0.655882 0.128162 -0.743904
vn 0.071352 0.441231 -0.894552
vn 0.152785 0.150647 -0.976710
vn 0.064751 -0.189468 -0.979750
vn -0.024976 -0.651937 -0.757862
vn 0.179725 -0.980576 -0.078545
vn 0.527940 -0.690495 0.494465
vn 0.701473 -0.283677 0.653807
vn 0.815365 -0.094642 0.571160
vn 0.533449 -0.610419 0.585509
vn -0.319861 -0.832767 0.451871
vn -0.657209 -0.638062 0.401191
vn -0.968418 -0.161816 0.189689
vn -0.872844 -0.368443 0.319989
vn -0.375485 -0.866907 0.327846
vn 0.339491 -0.925059 -0.170329
vn 0.996007 -0.032815 -0.083027
vn 0.935573 0.319404 0.150611
vn 0.984157 -0.105013 -0.142853
vn 0.072257 -0.810592 -0.581137
vn -0.887662 -0.455736 -0.066039
vn -0.951233 -0.034159 0.306575
vn -0.910772 0.189258 0.366983
vn -0.970814 0.055227 0.233389
vn 0.843526 0.445004 0.300724
vn 0.656802 0.633748 0.408625
vn 0.593764 0.804548 -0.012144
vn 0.676784 0.714926 -0.175626
vn 0.460243 0.760802 -0.457555
vn 0.079163 0.603595 -0.793352
vn -0.168829 -0.129575 -0.977091
vn 0.477056 -0.616678 -0.626200
vn 0.803530 -0.517290 -0.294533
vn 0.904190 -0.421560 0.068755
vn 0.218569 -0.594764 0.773617
vn -0.550097 -0.324301 0.769560
vn -0.589713 -0.329110 0.737513
vn -0.889084 -0.111910 0.443853
vn -0.789704 -0.484030 0.376938
vn 0.103715 -0.984191 0.143568
vn 0.728792 -0.577006 -0.368681
vn 0.964093 0.030933 -0.263759
vn 0.982782 0.182340 0.029847
vn 0.992814 -0.106750 -0.054088
vn 0.073612 -0.882684 -0.464166
vn -0.928069 -0.369586 0.045764
vn -0.933572 -0.080658 0.349196
vn -0.904644 0.076170 0.419305
vn -0.948786 -0.066351 0.308874
vn 0.316738 0.856648 0.407224
vn 0.586204 0.628215 0.511576
vn 0.637684 0.675712 0.369827
vn 0.468053 0.881061 -0.068251
vn -0.021877 0.826992 -0.561788
vn -0.524463 0.410004 -0.746214
vn -0.909733 -0.278640 -0.307807
vn -0.145885 -0.247697 -0.957791
vn 0.148784 -0.423395 -0.893644
vn 0.050304 -0.996231 -0.070667
vn -0.314620 -0.144542 0.938148
vn -0.579342 0.317116 0.750866
vn -0.168814 0.013328 0.985558
vn -0.234067 -0.457188 0.858016
vn -0.125410 -0.913575 0.386851
vn 0.615619 -0.727718 -0.302390
vn 0.782206 -0.220381 -0.582740
vn 0.859436 0.081338 -0.504731
vn 0.947687 0.111290 -0.299171
vn 0.979048 -0.041680 -0.199320
vn 0.009312 -0.918011 -0.396446
vn -0.938047 -0.274853 0.211008
vn -0.881462 -0.115537 0.457904
vn -0.849040 -0.036801 0.527045
vn -0.883479 -0.209792 0.418870
vn 0.575370 0.808695 -0.122321
vn 0.730409 0.664404 -0.158335
vn 0.469121 0.777361 -0.419088
vn -0.077022 0.646550 -0.758973
vn -0.548071 0.093944 -0.831140
vn -0.755901 -0.407227 -0.512621
vn -0.751145 -0.620211 0.226096
vn -0.546943 -0.788440 0.281452
vn -0.014188 -0.989555 -0.143453
vn 0.043471 -0.306917 0.950743
vn -0.142129 0.465184 0.873729
vn -0.388594 0.501524 0.772961
vn 0.258317 -0.209428 0.943087
vn 0.459752 -0.737228 0.495100
vn 0.454619 -0.816761 -0.355279
vn 0.555847 -0.176924 -0.812239
vn 0.473658 0.183383 -0.861405
vn 0.450832 0.325320 -0.831214
vn 0.486287 0.368182 -0.792443
vn 0.580131 0.280803 -0.764590
vn -0.466468 -0.783718 -0.410115
vn -0.741007 -0.394604 0.543320
vn -0.680744 -0.232666 0.694589
vn -0.654565 -0.205267 0.727605
vn -0.687799 -0.436949 0.579662
vn 0.451328 0.650597 -0.610759
vn 0.498583 0.522522 -0.691654
vn -0.033679 0.497755 -0.866663
vn -0.605258 -0.110831 -0.788276
vn -0.612377 -0.615389 -0.496277
vn -0.576885 -0.815436 0.047624
vn -0.359028 -0.754571 0.549292
vn 0.062834 -0.684568 0.726236
vn 0.208978 -0.110162 0.971696
vn 0.141536 0.405339 0.903143
vn 0.024786 0.554047 0.832116
vn -0.067921 0.160913 0.984629
vn 0.381518 -0.675698 0.630775
vn 0.414188 -0.881166 -0.228025
vn 0.249410 -0.312994 -0.916422
vn 0.211657 0.276894 -0.937300
vn 0.130237 0.432798 -0.892034
vn 0.092077 0.478532 -0.873229
vn 0.070218 0.510961 -0.856731
vn 0.082041 0.358004 -0.930109
vn -0.416681 -0.746738 -0.518421
vn -0.407818 -0.555723 0.724470
vn -0.368368 -0.355630 0.858971
vn -0.320394 -0.338294 0.884819
vn -0.338101 -0.556123 0.759220
vn 0.011866 0.414456 -0.909992
vn -0.069542 0.247347 -0.966428
vn -0.814339 0.075673 -0.575436
vn -0.845939 -0.516773 -0.131658
vn -0.492208 -0.870472 -0.003094
vn -0.283868 -0.759838 0.584863
vn 0.009324 -0.679660 0.733468
vn 0.253609 -0.439392 0.861753
vn 0.149052 0.247034 0.957475
vn 0.017880 0.397572 0.917397
vn -0.047354 0.159836 0.986007
vn 0.083428 -0.440118 0.894056
vn 0.322798 -0.945415 -0.044638
vn 0.181786 -0.633094 -0.752426
vn 0.147798 -0.067770 -0.986693
vn 0.235287 0.363103 -0.901552
vn 0.226626 0.464466 -0.856103
vn 0.165034 0.492809 -0.854344
vn 0.147141 0.491459 -0.858381
vn 0.114400 0.233508 -0.965602
vn -0.269689 -0.849777 -0.452932
vn -0.247691 -0.590779 0.767873
vn -0.105719 -0.375522 0.920764
vn -0.052296 -0.386617 0.920757
vn -0.106674 -0.596020 0.795853
vn -0.445890 0.282297 -0.849406
vn -0.596699 0.147813 -0.788734
vn -0.983606 0.178774 -0.023659
vn -0.990309 0.060979 0.124775
vn -0.979643 -0.188603 -0.068771
vn -0.941586 -0.287986 0.174587
vn -0.914133 -0.388260 0.116682
vn -0.821112 -0.569525 -0.037639
vn -0.847998 -0.455698 0.270628
vn -0.812656 -0.265738 0.518627
vn -0.569547 -0.621087 0.538394
vn -0.193253 -0.953625 0.230765
vn -0.119856 -0.784427 -0.608530
vn -0.032002 -0.361567 -0.931797
vn 0.057635 0.058907 -0.996598
vn 0.151304 0.419676 -0.894974
vn 0.165060 0.533837 -0.829321
vn 0.142676 0.517066 -0.843971
vn 0.159224 0.451632 -0.877882
vn 0.115223 0.153829 -0.981356
vn -0.175495 -0.908261 -0.379821
vn -0.060892 -0.522957 0.850182
vn 0.102191 -0.342584 0.933913
vn 0.062555 -0.447690 0.891998
vn -0.051423 -0.682193 0.729362
vn -0.688831 0.398070 -0.605848
vn -0.784208 0.340681 -0.518608
vn -0.858849 0.497684 -0.121202
vn -0.754105 0.612698 -0.236490
vn -0.664587 0.553141 -0.502355
vn -0.623935 0.417616 -0.660532
vn -0.572374 0.214313 -0.791491
vn -0.479769 0.000299 -0.877395
vn -0.331725 -0.307567 -0.891830
vn -0.431101 -0.365152 -0.825116
vn -0.217693 -0.419333 -0.881346
vn -0.226225 -0.784255 -0.577725
vn -0.802264 -0.439647 -0.403835
vn -0.387151 -0.258141 -0.885143
vn -0.183332 0.190029 -0.964509
vn -0.091141 0.514694 -0.852516
vn -0.024903 0.541010 -0.840648
vn 0.071376 0.496331 -0.865194
vn 0.121057 0.400950 -0.908067
vn 0.100221 0.074285 -0.992188
vn -0.209055 -0.940662 -0.267304
vn -0.166959 -0.407156 0.897969
vn -0.243265 -0.367979 0.897448
vn -0.508559 -0.469409 0.721820
vn -0.640990 -0.570790 0.513157
vn -0.552868 0.718286 -0.422376
vn -0.552501 0.688444 -0.469879
vn -0.483355 0.795854 -0.364670
vn -0.287123 0.802489 -0.523040
vn -0.160297 0.718997 -0.676275
vn -0.141950 0.584564 -0.798834
vn -0.167094 0.349051 -0.922086
vn -0.181942 0.131761 -0.974441
vn -0.154350 -0.170240 -0.973239
vn -0.186144 -0.189675 -0.964040
vn -0.075074 -0.344873 -0.935642
vn 0.505172 -0.854526 -0.120771
vn -0.916238 -0.398028 0.045625
vn -0.646198 -0.212794 -0.732903
vn -0.372111 0.297177 -0.879329
vn -0.351680 0.545979 -0.760413
vn -0.265488 0.516154 -0.814310
vn -0.156374 0.510723 -0.845405
vn -0.112855 0.429702 -0.895891
vn -0.114904 0.092924 -0.989021
vn -0.793517 -0.577572 -0.191682
vn -0.517414 -0.287663 0.805936
vn -0.808031 -0.255515 0.530847
vn -0.993996 -0.105028 -0.030668
vn -0.880725 -0.062697 -0.469460
f 626/1/1 627/2/2 628/3/3 629/4/4
f 627/2/2 630/5/5 631/6/6 628/3/3
f 630/5/5 632/7/7 633/8/8 631/6/6
f 632/7/7 634/9/9 635/10/10 633/8/8
f 634/9/9 636/1309/11 637/12/12 635/10/10
f 636/1309/11 638/1308/13 639/14/14 637/12/12
f 638/1308/13 640/1307/15 641/16/16 639/14/14
f 640/1307/15 642/1306/17 643/18/18 641/16/16
f 642/1306/17 644/1305/19 645/20/20 643/18/18
f 644/1305/19 646/1304/21 647/22/22 645/20/20
f 646/1304/21 648/1303/23 649/24/24 647/22/22
f 648/1303/23 650/1300/25 651/26/26 649/24/24
f 650/1300/25 652/27/27 653/28/28 651/26/26
f 652/27/27 654/29/29 655/30/30 653/28/28
f 654/29/29 656/31/31 657/32/32 655/30/30
f 656/31/31 658/33/33 659/34/34 657/32/32
f 658/33/33 660/35/35 661/36/36 659/34/34
f 660/35/35 662/37/37 663/38/38 661/36/36
f 662/37/37 664/39/39 665/40/40 663/38/38
f 664/39/39 666/41/41 667/42/42 665/40/40
f 666/41/41 668/43/43 669/44/44 667/42/42
f 668/43/43 670/45/45 671/46/46 669/44/44
f 670/45/45 672/47/47 673/48/48 671/46/46
f 672/47/47 674/1298/49 675/1297/50 673/48/48
f 629/4/4 628/3/3 676/51/51 677/52/52
f 628/3/3 631/6/6 678/53/53 676/51/51
f 631/6/6 633/8/8 679/54/54 678/53/53
f 633/8/8 635/10/10 680/55/55 679/54/54
f 635/10/10 637/12/12 681/56/56 680/55/55
f 637/12/12 639/14/14 682/57/57 681/56/56
f 639/14/14 641/16/16 683/58/58 682/57/57
f 641/16/16 643/18/18 684/59/59 683/58/58
f 643/18/18 645/20/20 685/60/60 684/59/59
f 645/20/20 647/22/22 686/61/61 685/60/60
f 647/22/22 649/24/24 687/62/62 686/61/61
f 649/24/24 651/26/26 688/63/63 687/62/62
f 651/26/26 653/28/28 689/64/64 688/63/63
f 653/28/28 655/30/30 690/65/65 689/64/64
f 655/30/30 657/32/32 691/66/66 690/65/65
f 657/32/32 659/34/34 692/67/67 691/66/66
f 659/34/34 661/36/36 693/68/68 692/67/67
f 661/36/36 663/38/38 694/69/69 693/68/68
f 663/38/38 665/40/40 695/70/70 694/69/69
f 665/40/40 667/42/42 696/71/71 695/70/70
f 667/42/42 669/44/44 697/72/72 696/71/71
f 669/44/44 671/46/46 698/73/73 697/72/72
f 671/46/46 673/48/48 699/74/74 698/73/73
f 673/48/48 675/1297/50 700/1296/75 699/74/74
f 677/52/52 676/51/51 701/76/76 702/77/77
f 676/51/51 678/53/53 703/78/78 701/76/76
f 678/53/53 679/54/54 704/79/79 703/78/78
f 679/54/54 680/55/55 705/80/80 704/79/79
f 680/55/55 681/56/56 706/81/81 705/80/80
f 681/56/56 682/57/57 707/82/82 706/81/81
f 682/57/57 683/58/58 708/83/83 707/82/82
f 683/58/58 684/59/59 709/84/84 708/83/83
f 684/59/59 685/60/60 710/85/85 709/84/84
f 685/60/60 686/61/61 711/86/86 710/85/85
f 686/61/61 687/62/62 712/87/87 711/86/86
f 687/62/62 688/63/63 713/88/88 712/87/87
f 688/63/63 689/64/64 714/89/89 713/88/88
f 689/64/64 690/65/65 715/90/90 714/89/89
f 690/65/65 691/66/66 716/91/91 715/90/90
f 691/66/66 692/67/67 717/92/92 716/91/91
f 692/67/67 693/68/68 718/93/93 717/92/92
f 693/68/68 694/69/69 719/94/94 718/93/93
f 694/69/69 695/70/70 720/95/95 719/94/94
f 695/70/70 696/71/71 721/96/96 720/95/95
f 696/71/71 697/72/72 722/97/97 721/96/96
f 697/72/72 698/73/73 723/98/98 722/97/97
f 698/73/73 699/74/74 724/99/99 723/98/98
f 699/74/74 700/1296/75 725/1295/100 724/99/99
f 702/77/77 701/76/76 726/101/101 727/102/102
f 701/76/76 703/78/78 728/103/103 726/101/101
f 703/78/78 704/79/79 729/104/104 728/103/103
f 704/79/79 705/80/80 730/105/105 729/104/104
f 705/80/80 706/81/81 731/106/106 730/105/105
f 706/81/81 707/82/82 732/107/107 731/106/106
f 707/82/82 708/83/83 733/108/108 732/107/107
f 708/83/83 709/84/84 734/109/109 733/108/108
f 709/84/84 710/85/85 735/110/110 734/109/109
f 710/85/85 711/86/86 736/111/111 735/110/110
f 711/86/86 712/87/87 737/112/112 736/111/111
f 712/87/87 713/88/88 738/113/113 737/112/112
f 713/88/88 714/89/89 739/114/114 738/113/113
f 714/89/89 715/90/90 740/115/115 739/114/114
f 715/90/90 716/91/91 741/116/116 740/115/115
f 716/91/91 717/92/92 742/117/117 741/116/116
f 717/92/92 718/93/93 743/118/118 742/117/117
f 718/93/93 719/94/94 744/119/119 743/118/118
f 719/94/94 720/95/95 745/120/120 744/119/119
f 720/95/95 721/96/96 746/121/121 745/120/120
f 721/96/96 722/97/97 747/122/122 746/121/121
f 722/97/97 723/98/98 748/123/123 747/122/122
f 723/98/98 724/99/99 749/124/124 748/123/123
f 724/99/99 725/1295/100 750/1294/125 749/124/124
f 727/102/102 726/101/101 751/126/126 752/127/127
f 726/101/101 728/103/103 753/128/128 751/126/126
f 728/103/103 729/104/104 754/129/129 753/128/128
f 729/104/104 730/105/105 755/130/130 754/129/129
f 730/105/105 731/106/106 756/131/131 755/130/130
f 731/106/106 732/107/107 757/132/132 756/131/131
f 732/107/107 733/108/108 758/133/133 757/132/132
f 733/108/108 734/109/109 759/134/134 758/133/133
f 734/109/109 735/110/110 760/135/135 759/134/134
f 735/110/110 736/111/111 761/136/136 760/135/135
f 736/111/111 737/112/112 762/137/137 761/136/136
f 737/112/112 738/113/113 763/138/138 762/137/137
f 738/113/113 739/114/114 764/139/139 763/138/138
f 739/114/114 740/115/115 765/140/140 764/139/139
f 740/115/115 741/116/116 766/141/141 765/140/140
f 741/116/116 742/117/117 767/142/142 766/141/141
f 742/117/117 743/118/118 768/143/143 767/142/142
f 743/118/118 744/119/119 769/144/144 768/143/143
f 744/119/119 745/120/120 770/145/145 769/144/144
f 745/120/120 746/121/121 771/146/146 770/145/145
f 746/121/121 747/122/122 772/147/147 771/146/146
f 747/122/122 748/123/123 773/148/148 772/147/147
f 748/123/123 749/124/124 774/149/149 773/148/148
f 749/124/124 750/1294/125 775/1293/150 774/149/149
f 752/127/127 751/126/126 776/151/151 777/152/152
f 751/126/126 753/128/128 778/153/153 776/151/151
f 753/128/128 754/129/129 779/154/154 778/153/153
f 754/129/129 755/130/130 780/155/155 779/154/154
f 755/130/130 756/131/131 781/156/156 780/155/155
f 756/131/131 757/132/132 782/157/157 781/156/156
f 757/132/132 758/133/133 783/158/158 782/157/157
f 758/133/133 759/134/134 784/159/159 783/158/158
f 759/134/134 760/135/135 785/160/160 784/159/159
f 760/135/135 761/136/136 786/161/161 785/160/160
f 761/136/136 762/137/137 787/162/162 786/161/161
f 762/137/137 763/138/138 788/163/163 787/162/162
f 763/138/138 764/139/139 789/164/164 788/163/163
f 764/139/139 765/140/140 790/165/165 789/164/164
f 765/140/140 766/141/141 791/166/166 790/165/165
f 766/141/141 767/142/142 792/167/167 791/166/166
f 767/142/142 768/143/143 793/168/168 792/167/167
f 768/143/143 769/144/144 794/169/169 793/168/168
f 769/144/144 770/145/145 795/170/170 794/169/169
f 770/145/145 771/146/146 796/171/171 795/170/170
f 771/146/146 772/147/147 797/172/172 796/171/171
f 772/147/147 773/148/148 798/173/173 797/172/172
f 773/148/148 774/149/149 799/174/174 798/173/173
f 774/149/149 775/1293/150 800/1292/175 799/174/174
f 777/152/152 776/151/151 801/176/176 802/177/177
f 776/151/151 778/153/153 803/178/178 801/176/176
f 778/153/153 779/154/154 804/179/179 803/178/178
f 779/154/154 780/155/155 805/180/180 804/179/179
f 780/155/155 781/156/156 806/181/181 805/180/180
f 781/156/156 782/157/157 807/182/182 806/181/181
f 782/157/157 783/158/158 808/183/183 807/182/182
f 783/158/158 784/159/159 809/184/184 808/183/183
f 784/159/159 785/160/160 810/185/185 809/184/184
f 785/160/160 786/161/161 811/186/186 810/185/185
f 786/161/161 787/162/162 812/187/187 811/186/186
f 787/162/162 788/163/163 813/188/188 812/187/187
f 788/163/163 789/164/164 814/189/189 813/188/188
f 789/164/164 790/165/165 815/190/190 814/189/189
f 790/165/165 791/166/166 816/191/191 815/190/190
f 791/166/166 792/167/167 817/192/192 816/191/191
f 792/167/167 793/168/168 818/193/193 817/192/192
f 793/168/168 794/169/169 819/194/194 818/193/193
f 794/169/169 795/170/170 820/195/195 819/194/194
f 795/170/170 796/171/171 821/196/196 820/195/195
f 796/171/171 797/172/172 822/197/197 821/196/196
f 797/172/172 798/173/173 823/198/198 822/197/197
f 798/173/173 799/174/174 824/199/199 823/198/198
f 799/174/174 800/1292/175 825/1291/200 824/199/199
f 802/177/177 801/176/176 826/201/201 827/202/202
f 801/176/176 803/178/178 828/203/203 826/201/201
f 803/178/178 804/179/179 829/204/204 828/203/203
f 804/179/179 805/180/180 830/205/205 829/204/204
f 805/180/180 806/181/181 831/206/206 830/205/205
f 806/181/181 807/182/182 832/207/207 831/206/206
f 807/182/182 808/183/183 833/208/208 832/207/207
f 808/183/183 809/184/184 834/209/209 833/208/208
f 809/184/184 810/185/185 835/210/210 834/209/209
f 810/185/185 811/186/186 836/211/211 835/210/210
f 811/186/186 812/187/187 837/212/212 836/211/211
f 812/187/187 813/188/188 838/213/213 837/212/212
f 813/188/188 814/189/189 839/214/214 838/213/213
f 814/189/189 815/190/190 840/215/215 839/214/214
f 815/190/190 816/191/191 841/216/216 840/215/215
f 816/191/191 817/192/192 842/217/217 841/216/216
f 817/192/192 818/193/193 843/218/218 842/217/217
f 818/193/193 819/194/194 844/219/219 843/218/218
f 819/194/194 820/195/195 845/220/220 844/219/219
f 820/195/195 821/196/196 846/221/221 845/220/220
f 821/196/196 822/197/197 847/222/222 846/221/221
f 822/197/197 823/198/198 848/223/223 847/222/222
f 823/198/198 824/199/199 849/224/224 848/223/223
f 824/199/199 825/1291/200 850/1290/225 849/224/224
f 827/202/202 826/201/201 851/226/226 852/227/227
f 826/201/201 828/203/203 853/228/228 851/226/226
f 828/203/203 829/204/204 854/229/229 853/228/228
f 829/204/204 830/205/205 855/230/230 854/229/229
f 830/205/205 831/206/206 856/231/231 855/230/230
f 831/206/206 832/207/207 857/232/232 856/231/231
f 832/207/207 833/208/208 858/233/233 857/232/232
f 833/208/208 834/209/209 859/234/234 858/233/233
f 834/209/209 835/210/210 860/235/235 859/234/234
f 835/210/210 836/211/211 861/236/236 860/235/235
f 836/211/211 837/212/212 862/237/237 861/236/236
f 837/212/212 838/213/213 863/238/238 862/237/237
f 838/213/213 839/214/214 864/239/239 863/238/238
f 839/214/214 840/215/215 865/240/240 864/239/239
f 840/215/215 841/216/216 866/241/241 865/240/240
f 841/216/216 842/217/217 867/242/242 866/241/241
f 842/217/217 843/218/218 868/243/243 867/242/242
f 843/218/218 844/219/219 869/244/244 868/243/243
f 844/219/219 845/220/220 870/245/245 869/244/244
f 845/220/220 846/221/221 871/246/246 870/245/245
f 846/221/221 847/222/222 872/247/247 871/246/246
f 847/222/222 848/223/223 873/248/248 872/247/247
f 848/223/223 849/224/224 874/249/249 873/248/248
f 849/224/224 850/1290/225 875/1289/250 874/249/249
f 852/227/227 851/226/226 876/251/251 877/252/252
f 851/226/226 853/228/228 878/253/253 876/251/251
f 853/228/228 854/229/229 879/254/254 878/253/253
f 854/229/229 855/230/230 880/255/255 879/254/254
f 855/230/230 856/231/231 881/256/256 880/255/255
f 856/231/231 857/232/232 882/257/257 881/256/256
f 857/232/232 858/233/233 883/258/258 882/257/257
f 858/233/233 859/234/234 884/259/259 883/258/258
f 859/234/234 860/235/235 885/260/260 884/259/259
f 860/235/235 861/236/236 886/261/261 885/260/260
f 861/236/236 862/237/237 887/262/262 886/261/261
f 862/237/237 863/238/238 888/263/263 887/262/262
f 863/238/238 864/239/239 889/264/264 888/263/263
f 864/239/239 865/240/240 890/265/265 889/264/264
f 865/240/240 866/241/241 891/266/266 890/265/265
f 866/241/241 867/242/242 892/267/267 891/266/266
f 867/242/242 868/243/243 893/268/268 892/267/267
f 868/243/243 869/244/244 894/269/269 893/268/268
f 869/244/244 870/245/245 895/270/270 894/269/269
f 870/245/245 871/246/246 896/271/271 895/270/270
f 871/246/246 872/247/247 897/272/272 896/271/271
f 872/247/247 873/248/248 898/273/273 897/272/272
f 873/248/248 874/249/249 899/274/274 898/273/273
f 874/249/249 875/1289/250 900/1288/275 899/274/274
f 877/252/252 876/251/251 901/276/276 902/277/277
f 876/251/251 878/253/253 903/278/278 901/276/276
f 878/253/253 879/254/254 904/279/279 903/278/278
f 879/254/254 880/255/255 905/280/280 904/279/279
f 880/255/255 881/256/256 906/281/281 905/280/280
f 881/256/256 882/257/257 907/282/282 906/281/281
f 882/257/257 883/258/258 908/283/283 907/282/282
f 883/258/258 884/259/259 909/284/284 908/283/283
f 884/259/259 885/260/260 910/285/285 909/284/284
f 885/260/260 886/261/261 911/286/286 910/285/285
f 886/261/261 887/262/262 912/287/287 911/286/286
f 887/262/262 888/263/263 913/288/288 912/287/287
f 888/263/263 889/264/264 914/289/289 913/288/288
f 889/264/264 890/265/265 915/290/290 914/289/289
f 890/265/265 891/266/266 916/291/291 915/290/290
f 891/266/266 892/267/267 917/292/292 916/291/291
f 892/267/267 893/268/268 918/293/293 917/292/292
f 893/268/268 894/269/269 919/294/294 918/293/293
f 894/269/269 895/270/270 920/295/295 919/294/294
f 895/270/270 896/271/271 921/296/296 920/295/295
f 896/271/271 897/272/272 922/297/297 921/296/296
f 897/272/272 898/273/273 923/298/298 922/297/297
f 898/273/273 899/274/274 924/299/299 923/298/298
f 899/274/274 900/1288/275 925/1287/300 924/299/299
f 902/277/277 901/276/276 926/301/301 927/302/302
f 901/276/276 903/278/278 928/303/303 926/301/301
f 903/278/278 904/279/279 929/304/304 928/303/303
f 904/279/279 905/280/280 930/305/305 929/304/304
f 905/280/280 906/281/281 931/306/306 930/305/305
f 906/281/281 907/282/282 932/307/307 931/306/306
f 907/282/282 908/283/283 933/308/308 932/307/307
f 908/283/283 909/284/284 934/309/309 933/308/308
f 909/284/284 910/285/285 935/310/310 934/309/309
f 910/285/285 911/286/286 936/311/311 935/310/310
f 911/286/286 912/287/287 937/312/312 936/311/311
f 912/287/287 913/288/288 938/313/313 937/312/312
f 913/288/288 914/289/289 939/314/314 938/313/313
f 914/289/289 915/290/290 940/315/315 939/314/314
f 915/290/290 916/291/291 941/316/316 940/315/315
f 916/291/291 917/292/292 942/317/317 941/316/316
f 917/292/292 918/293/293 943/318/318 942/317/317
f 918/293/293 919/294/294 944/319/319 943/318/318
f 919/294/294 920/295/295 945/320/320 944/319/319
f 920/295/295 921/296/296 946/321/321 945/320/320
f 921/296/296 922/297/297 947/322/322 946/321/321
f 922/297/297 923/298/298 948/323/323 947/322/322
f 923/298/298 924/299/299 949/324/324 948/323/323
f 924/299/299 925/1287/300 950/1286/325 949/324/324
f 927/302/302 926/301/301 951/326/326 952/327/327
f 926/301/301 928/303/303 953/328/328 951/326/326
f 928/303/303 929/304/304 954/329/329 953/328/328
f 929/304/304 930/305/305 955/330/330 954/329/329
f 930/305/305 931/306/306 956/331/331 955/330/330
f 931/306/306 932/307/307 957/332/332 956/331/331
f 932/307/307 933/308/308 958/333/333 957/332/332
f 933/308/308 934/309/309 959/334/334 958/333/333
f 934/309/309 935/310/310 960/335/335 959/334/334
f 935/310/310 936/311/311 961/336/336 960/335/335
f 936/311/311 937/312/312 962/337/337 961/336/336
f 937/312/312 938/313/313 963/338/338 962/337/337
f 938/313/313 939/314/314 964/339/339 963/338/338
f 939/314/314 940/315/315 965/340/340 964/339/339
f 940/315/315 941/316/316 966/341/341 965/340/340
f 941/316/316 942/317/317 967/342/342 966/341/341
f 942/317/317 943/318/318 968/343/343 967/342/342
f 943/318/318 944/319/319 969/344/344 968/343/343
f 944/319/319 945/320/320 970/345/345 969/344/344
f 945/320/320 946/321/321 971/346/346 970/345/345
f 946/321/321 947/322/322 972/347/347 971/346/346
f 947/322/322 948/323/323 973/348/348 972/347/347
f 948/323/323 949/324/324 974/349/349 973/348/348
f 949/324/324 950/1286/325 975/1285/350 974/349/349
f 952/327/327 951/326/326 976/351/351 977/352/352
f 951/326/326 953/328/328 978/353/353 976/351/351
f 953/328/328 954/329/329 979/354/354 978/353/353
f 954/329/329 955/330/330 980/355/355 979/354/354
f 955/330/330 956/331/331 981/356/356 980/355/355
f 956/331/331 957/332/332 982/357/357 981/356/356
f 957/332/332 958/333/333 983/358/358 982/357/357
f 958/333/333 959/334/334 984/359/359 983/358/358
f 959/334/334 960/335/335 985/360/360 984/359/359
f 960/335/335 961/336/336 986/361/361 985/360/360
f 961/336/336 962/337/337 987/362/362 986/361/361
f 962/337/337 963/338/338 988/363/363 987/362/362
f 963/338/338 964/339/339 989/364/364 988/363/363
f 964/339/339 965/340/340 990/365/365 989/364/364
f 965/340/340 966/341/341 991/366/366 990/365/365
f 966/341/341 967/342/342 992/367/367 991/366/366
f 967/342/342 968/343/343 993/368/368 992/367/367
f 968/343/343 969/344/344 994/369/369 993/368/368
f 969/344/344 970/345/345 995/370/370 994/369/369
f 970/345/345 971/346/346 996/371/371 995/370/370
f 971/346/346 972/347/347 997/372/372 996/371/371
f 972/347/347 973/348/348 998/373/373 997/372/372
f 973/348/348 974/349/349 999/374/374 998/373/373
f 974/349/349 975/1285/350 1000/1284/375 999/374/374
f 977/352/352 976/351/351 1001/376/376 1002/377/377
f 976/351/351 978/353/353 1003/378/378 1001/376/376
f 978/353/353 979/354/354 1004/379/379 1003/378/378
f 979/354/354 980/355/355 1005/380/380 1004/379/379
f 980/355/355 981/356/356 1006/381/381 1005/380/380
f 981/356/356 982/357/357 1007/382/382 1006/381/381
f 982/357/357 983/358/358 1008/383/383 1007/382/382
f 983/358/358 984/359/359 1009/384/384 1008/383/383
f 984/359/359 985/360/360 1010/385/385 1009/384/384
f 985/360/360 986/361/361 1011/386/386 1010/385/385
f 986/361/361 987/362/362 1012/387/387 1011/386/386
f 987/362/362 988/363/363 1013/388/388 1012/387/387
f 988/363/363 989/364/364 1014/389/389 1013/388/388
f 989/364/364 990/365/365 1015/390/390 1014/389/389
f 990/365/365 991/366/366 1016/391/391 1015/390/390
f 991/366/366 992/367/367 1017/392/392 1016/391/391
f 992/367/367 993/368/368 1018/393/393 1017/392/392
f 993/368/368 994/369/369 1019/394/394 1018/393/393
f 994/369/369 995/370/370 1020/395/395 1019/394/394
f 995/370/370 996/371/371 1021/396/396 1020/395/395
f 996/371/371 997/372/372 1022/397/397 1021/396/396
f 997/372/372 998/373/373 1023/398/398 1022/397/397
f 998/373/373 999/374/374 1024/399/399 1023/398/398
f 999/374/374 1000/1284/375 1025/1283/400 1024/399/399
f 1002/377/377 1001/376/376 1026/401/401 1027/402/402
f 1001/376/376 1003/378/378 1028/403/403 1026/401/401
f 1003/378/378 1004/379/379 1029/404/404 1028/403/403
f 1004/379/379 1005/380/380 1030/405/405 1029/404/404
f 1005/380/380 1006/381/381 1031/406/406 1030/405/405
f 1006/381/381 1007/382/382 1032/407/407 1031/406/406
f 1007/382/382 1008/383/383 1033/408/408 1032/407/407
f 1008/383/383 1009/384/384 1034/409/409 1033/408/408
f 1009/384/384 1010/385/385 1035/410/410 1034/409/409
f 1010/385/385 1011/386/386 1036/411/411 1035/410/410
f 1011/386/386 1012/387/387 1037/412/412 1036/411/411
f 1012/387/387 1013/388/388 1038/413/413 1037/412/412
f 1013/388/388 1014/389/389 1039/414/414 1038/413/413
f 1014/389/389 1015/390/390 1040/415/415 1039/414/414
f 1015/390/390 1016/391/391 1041/416/416 1040/415/415
f 1016/391/391 1017/392/392 1042/417/417 1041/416/416
f 1017/392/392 1018/393/393 1043/418/418 1042/417/417
f 1018/393/393 1019/394/394 1044/419/419 1043/418/418
f 1019/394/394 1020/395/395 1045/420/420 1044/419/419
f 1020/395/395 1021/396/396 1046/421/421 1045/420/420
f 1021/396/396 1022/397/397 1047/422/422 1046/421/421
f 1022/397/397 1023/398/398 1048/423/423 1047/422/422
f 1023/398/398 1024/399/399 1049/424/424 1048/423/423
f 1024/399/399 1025/1283/400 1050/1282/425 1049/424/424
f 1027/402/402 1026/401/401 1051/426/426 1052/427/427
f 1026/401/401 1028/403/403 1053/428/428 1051/426/426
f 1028/403/403 1029/404/404 1054/429/429 1053/428/428
f 1029/404/404 1030/405/405 1055/430/430 1054/429/429
f 1030/405/405 1031/406/406 1056/431/431 1055/430/430
f 1031/406/406 1032/407/407 1057/432/432 1056/431/431
f 1032/407/407 1033/408/408 1058/433/433 1057/432/432
f 1033/408/408 1034/409/409 1059/434/434 1058/433/433
f 1034/409/409 1035/410/410 1060/435/435 1059/434/434
f 1035/410/410 1036/411/411 1061/436/436 1060/435/435
f 1036/411/411 1037/412/412 1062/437/437 1061/436/436
f 1037/412/412 1038/413/413 1063/438/438 1062/437/437
f 1038/413/413 1039/414/414 1064/439/439 1063/438/438
f 1039/414/414 1040/415/415 1065/440/440 1064/439/439
f 1040/415/415 1041/416/416 1066/441/441 1065/440/440
f 1041/416/416 1042/417/417 1067/442/442 1066/441/441
f 1042/417/417 1043/418/418 1068/443/443 1067/442/442
f 1043/418/418 1044/419/419 1069/444/444 1068/443/443
f 1044/419/419 1045/420/420 1070/445/445 1069/444/444
f 1045/420/420 1046/421/421 1071/446/446 1070/445/445
f 1046/421/421 1047/422/422 1072/447/447 1071/446/446
f 1047/422/422 1048/423/423 1073/448/448 1072/447/447
f 1048/423/423 1049/424/424 1074/449/449 1073/448/448
f 1049/424/424 1050/1282/425 1075/1281/450 1074/449/449
f 1052/427/427 1051/426/426 1076/451/451 1077/452/452
f 1051/426/426 1053/428/428 1078/453/453 1076/451/451
f 1053/428/428 1054/429/429 1079/454/454 1078/453/453
f 1054/429/429 1055/430/430 1080/455/455 1079/454/454
f 1055/430/430 1056/431/431 1081/456/456 1080/455/455
f 1056/431/431 1057/432/432 1082/457/457 1081/456/456
f 1057/432/432 1058/433/433 1083/458/458 1082/457/457
f 1058/433/433 1059/434/434 1084/459/459 1083/458/458
f 1059/434/434 1060/435/435 1085/460/460 1084/459/459
f 1060/435/435 1061/436/436 1086/461/461 1085/460/460
f 1061/436/436 1062/437/437 1087/462/462 1086/461/461
f 1062/437/437 1063/438/438 1088/463/463 1087/462/462
f 1063/438/438 1064/439/439 1089/464/464 1088/463/463
f 1064/439/439 1065/440/440 1090/465/465 1089/464/464
f 1065/440/440 1066/441/441 1091/466/466 1090/465/465
f 1066/441/441 1067/442/442 1092/467/467 1091/466/466
f 1067/442/442 1068/443/443 1093/468/468 1092/467/467
f 1068/443/443 1069/444/444 1094/469/469 1093/468/468
f 1069/444/444 1070/445/445 1095/470/470 1094/469/469
f 1070/445/445 1071/446/446 1096/471/471 1095/470/470
f 1071/446/446 1072/447/447 1097/472/472 1096/471/471
f 1072/447/447 1073/448/448 1098/473/473 1097/472/472
f 1073/448/448 1074/449/449 1099/474/474 1098/473/473
f 1074/449/449 1075/1281/450 1100/1280/475 1099/474/474
f 1077/452/452 1076/451/451 1101/476/476 1102/477/477
f 1076/451/451 1078/453/453 1103/478/478 1101/476/476
f 1078/453/453 1079/454/454 1104/479/479 1103/478/478
f 1079/454/454 1080/455/455 1105/480/480 1104/479/479
f 1080/455/455 1081/456/456 1106/481/481 1105/480/480
f 1081/456/456 1082/457/457 1107/482/482 1106/481/481
f 1082/457/457 1083/458/458 1108/483/483 1107/482/482
f 1083/458/458 1084/459/459 1109/484/484 1108/483/483
f 1084/459/459 1085/460/460 1110/485/485 1109/484/484
f 1085/460/460 1086/461/461 1111/486/486 1110/485/485
f 1086/461/461 1087/462/462 1112/487/487 1111/486/486
f 1087/462/462 1088/463/463 1113/488/488 1112/487/487
f 1088/463/463 1089/464/464 1114/489/489 1113/488/488
f 1089/464/464 1090/465/465 1115/490/490 1114/489/489
f 1090/465/465 1091/466/466 1116/491/491 1115/490/490
f 1091/466/466 1092/467/467 1117/492/492 1116/491/491
f 1092/467/467 1093/468/468 1118/493/493 1117/492/492
f 1093/468/468 1094/469/469 1119/494/494 1118/493/493
f 1094/469/469 1095/470/470 1120/495/495 1119/494/494
f 1095/470/470 1096/471/471 1121/496/496 1120/495/495
f 1096/471/471 1097/472/472 1122/497/497 1121/496/496
f 1097/472/472 1098/473/473 1123/498/498 1122/497/497
f 1098/473/473 1099/474/474 1124/499/499 1123/498/498
f 1099/474/474 1100/1280/475 1125/1279/500 1124/499/499
f 1102/477/477 1101/476/476 1126/501/501 1127/502/502
f 1101/476/476 1103/478/478 1128/503/503 1126/501/501
f 1103/478/478 1104/479/479 1129/504/504 1128/503/503
f 1104/479/479 1105/480/480 1130/505/505 1129/504/504
f 1105/480/480 1106/481/481 1131/506/506 1130/505/505
f 1106/481/481 1107/482/482 1132/507/507 1131/506/506
f 1107/482/482 1108/483/483 1133/508/508 1132/507/507
f 1108/483/483 1109/484/484 1134/509/509 1133/508/508
f 1109/484/484 1110/485/485 1135/510/510 1134/509/509
f 1110/485/485 1111/486/486 1136/511/511 1135/510/510
f 1111/486/486 1112/487/487 1137/512/512 1136/511/511
f 1112/487/487 1113/488/488 1138/513/513 1137/512/512
f 1113/488/488 1114/489/489 1139/514/514 1138/513/513
f 1114/489/489 1115/490/490 1140/515/515 1139/514/514
f 1115/490/490 1116/491/491 1141/516/516 1140/515/515
f 1116/491/491 1117/492/492 1142/517/517 1141/516/516
f 1117/492/492 1118/493/493 1143/518/518 1142/517/517
f 1118/493/493 1119/494/494 1144/519/519 1143/518/518
f 1119/494/494 1120/495/495 1145/520/520 1144/519/519
f 1120/495/495 1121/496/496 1146/521/521 1145/520/520
f 1121/496/496 1122/497/497 1147/522/522 1146/521/521
f 1122/497/497 1123/498/498 1148/523/523 1147/522/522
f 1123/498/498 1124/499/499 1149/524/524 1148/523/523
f 1124/499/499 1125/1279/500 1150/1278/525 1149/524/524
f 1127/502/502 1126/501/501 1151/526/526 1152/527/527
f 1126/501/501 1128/503/503 1153/528/528 1151/526/526
f 1128/503/503 1129/504/504 1154/529/529 1153/528/528
f 1129/504/504 1130/505/505 1155/530/530 1154/529/529
f 1130/505/505 1131/506/506 1156/531/531 1155/530/530
f 1131/506/506 1132/507/507 1157/532/532 1156/531/531
f 1132/507/507 1133/508/508 1158/533/533 1157/532/532
f 1133/508/508 1134/509/509 1159/534/534 1158/533/533
f 1134/509/509 1135/510/510 1160/535/535 1159/534/534
f 1135/510/510 1136/511/511 1161/536/536 1160/535/535
f 1136/511/511 1137/512/512 1162/537/537 1161/536/536
f 1137/512/512 1138/513/513 1163/538/538 1162/537/537
f 1138/513/513 1139/514/514 1164/539/539 1163/538/538
f 1139/514/514 1140/515/515 1165/540/540 1164/539/539
f 1140/515/515 1141/516/516 1166/541/541 1165/540/540
f 1141/516/516 1142/517/517 1167/542/542 1166/541/541
f 1142/517/517 1143/518/518 1168/543/543 1167/542/542
f 1143/518/518 1144/519/519 1169/544/544 1168/543/543
f 1144/519/519 1145/520/520 1170/545/545 1169/544/544
f 1145/520/520 1146/521/521 1171/546/546 1170/545/545
f 1146/521/521 1147/522/522 1172/547/547 1171/546/546
f 1147/522/522 1148/523/523 1173/548/548 1172/547/547
f 1148/523/523 1149/524/524 1174/549/549 1173/548/548
f 1149/524/524 1150/1278/525 1175/1277/550 1174/549/549
f 1152/527/527 1151/526/526 1176/551/551 1177/552/552
f 1151/526/526 1153/528/528 1178/553/553 1176/551/551
f 1153/528/528 1154/529/529 1179/554/554 1178/553/553
f 1154/529/529 1155/530/530 1180/555/555 1179/554/554
f 1155/530/530 1156/531/531 1181/556/556 1180/555/555
f 1156/531/531 1157/532/532 1182/557/557 1181/556/556
f 1157/532/532 1158/533/533 1183/558/558 1182/557/557
f 1158/533/533 1159/534/534 1184/559/559 1183/558/558
f 1159/534/534 1160/535/535 1185/560/560 1184/559/559
f 1160/535/535 1161/536/536 1186/561/561 1185/560/560
f 1161/536/536 1162/537/537 1187/562/562 1186/561/561
f 1162/537/537 1163/538/538 1188/563/563 1187/562/562
f 1163/538/538 1164/539/539 1189/564/564 1188/563/563
f 1164/539/539 1165/540/540 1190/565/565 1189/564/564
f 1165/540/540 1166/541/541 1191/566/566 1190/565/565
f 1166/541/541 1167/542/542 1192/567/567 1191/566/566
f 1167/542/542 1168/543/543 1193/568/568 1192/567/567
f 1168/543/543 1169/544/544 1194/569/569 1193/568/568
f 1169/544/544 1170/545/545 1195/570/570 1194/569/569
f 1170/545/545 1171/546/546 1196/571/571 1195/570/570
f 1171/546/546 1172/547/547 1197/572/572 1196/571/571
f 1172/547/547 1173/548/548 1198/573/573 1197/572/572
f 1173/548/548 1174/549/549 1199/574/574 1198/573/573
f 1174/549/549 1175/1277/550 1200/1276/575 1199/574/574
f 1177/552/552 1176/551/551 1201/576/576 1202/577/577
f 1176/551/551 1178/553/553 1203/578/578 1201/576/576
f 1178/553/553 1179/554/554 1204/579/579 1203/578/578
f 1179/554/554 1180/555/555 1205/580/580 1204/579/579
f 1180/555/555 1181/556/556 1206/581/581 1205/580/580
f 1181/556/556 1182/557/557 1207/582/582 1206/581/581
f 1182/557/557 1183/558/558 1208/583/583 1207/582/582
f 1183/558/558 1184/559/559 1209/584/584 1208/583/583
f 1184/559/559 1185/560/560 1210/585/585 1209/584/584
f 1185/560/560 1186/561/561 1211/586/586 1210/585/585
f 1186/561/561 1187/562/562 1212/587/587 1211/586/586
f 1187/562/562 1188/563/563 1213/588/588 1212/587/587
f 1188/563/563 1189/564/564 1214/589/589 1213/588/588
f 1189/564/564 1190/565/565 1215/590/590 1214/589/589
f 1190/565/565 1191/566/566 1216/591/591 1215/590/590
f 1191/566/566 1192/567/567 1217/592/592 1216/591/591
f 1192/567/567 1193/568/568 1218/593/593 1217/592/592
f 1193/568/568 1194/569/569 1219/594/594 1218/593/593
f 1194/569/569 1195/570/570 1220/595/595 1219/594/594
f 1195/570/570 1196/571/571 1221/596/596 1220/595/595
f 1196/571/571 1197/572/572 1222/597/597 1221/596/596
f 1197/572/572 1198/573/573 1223/598/598 1222/597/597
f 1198/573/573 1199/574/574 1224/599/599 1223/598/598
f 1199/574/574 1200/1276/575 1225/1253/600 1224/599/599
f 1202/577/577 1201/576/576 1226/601/601 1227/602/602
f 1201/576/576 1203/578/578 1228/603/603 1226/601/601
f 1203/578/578 1204/579/579 1229/604/604 1228/603/603
f 1204/579/579 1205/580/580 1230/605/605 1229/604/604
f 1205/580/580 1206/581/581 1231/606/606 1230/605/605
f 1206/581/581 1207/582/582 1232/607/607 1231/606/606
f 1207/582/582 1208/583/583 1233/608/608 1232/607/607
f 1208/583/583 1209/584/584 1234/609/609 1233/608/608
f 1209/584/584 1210/585/585 1235/610/610 1234/609/609
f 1210/585/585 1211/586/586 1236/611/611 1235/610/610
f 1211/586/586 1212/587/587 1237/612/612 1236/611/611
f 1212/587/587 1213/588/588 1238/613/613 1237/612/612
f 1213/588/588 1214/589/589 1239/614/614 1238/613/613
f 1214/589/589 1215/590/590 1240/615/615 1239/614/614
f 1215/590/590 1216/591/591 1241/616/616 1240/615/615
f 1216/591/591 1217/592/592 1242/617/617 1241/616/616
f 1217/592/592 1218/593/593 1243/618/618 1242/617/617
f 1218/593/593 1219/594/594 1244/619/619 1243/618/618
f 1219/594/594 1220/595/595 1245/620/620 1244/619/619
f 1220/595/595 1221/596/596 1246/621/621 1245/620/620
f 1221/596/596 1222/597/597 1247/622/622 1246/621/621
f 1222/597/597 1223/598/598 1248/623/623 1247/622/622
f 1223/598/598 1224/599/599 1249/624/624 1248/623/623
f 1224/599/599 1225/1253/600 1250/1252/625 1249/624/624
f 1/626/626 26/627/627 27/628/628 2/1324/629
f 2/1324/629 27/628/628 28/630/630 3/1323/631
f 3/1323/631 28/630/630 29/632/632 4/1322/633
f 4/1322/633 29/632/632 30/634/634 5/1321/635
f 5/1321/635 30/634/634 31/636/636 6/637/637
f 6/637/637 31/636/636 32/638/638 7/639/639
f 7/639/639 32/638/638 33/640/640 8/641/641
f 8/641/641 33/640/640 34/642/642 9/643/643
f 9/643/643 34/642/642 35/644/644 10/645/645
f 10/645/645 35/644/644 36/646/646 11/647/647
f 11/647/647 36/646/646 37/648/648 12/649/649
f 12/649/649 37/648/648 38/650/650 13/651/651
f 13/651/651 38/650/650 39/652/652 14/1302/653
f 14/1302/653 39/652/652 40/654/654 15/1320/655
f 15/1320/655 40/654/654 41/656/656 16/1319/657
f 16/1319/657 41/656/656 42/658/658 17/1318/659
f 17/1318/659 42/658/658 43/660/660 18/1317/661
f 18/1317/661 43/660/660 44/662/662 19/1316/663
f 19/1316/663 44/662/662 45/664/664 20/1315/665
f 20/1315/665 45/664/664 46/666/666 21/1314/667
f 21/1314/667 46/666/666 47/668/668 22/1313/669
f 22/1313/669 47/668/668 48/670/670 23/1312/671
f 23/1312/671 48/670/670 49/672/672 24/1311/673
f 24/1311/673 49/672/672 50/674/674 25/675/675
f 26/627/627 51/676/676 52/677/677 27/628/628
f 27/628/628 52/677/677 53/678/678 28/630/630
f 28/630/630 53/678/678 54/679/679 29/632/632
f 29/632/632 54/679/679 55/680/680 30/634/634
f 30/634/634 55/680/680 56/681/681 31/636/636
f 31/636/636 56/681/681 57/682/682 32/638/638
f 32/638/638 57/682/682 58/683/683 33/640/640
f 33/640/640 58/683/683 59/684/684 34/642/642
f 34/642/642 59/684/684 60/685/685 35/644/644
f 35/644/644 60/685/685 61/686/686 36/646/646
f 36/646/646 61/686/686 62/687/687 37/648/648
f 37/648/648 62/687/687 63/688/688 38/650/650
f 38/650/650 63/688/688 64/689/689 39/652/652
f 39/652/652 64/689/689 65/690/690 40/654/654
f 40/654/654 65/690/690 66/691/691 41/656/656
f 41/656/656 66/691/691 67/692/692 42/658/658
f 42/658/658 67/692/692 68/693/693 43/660/660
f 43/660/660 68/693/693 69/694/694 44/662/662
f 44/662/662 69/694/694 70/695/695 45/664/664
f 45/664/664 70/695/695 71/696/696 46/666/666
f 46/666/666 71/696/696 72/697/697 47/668/668
f 47/668/668 72/697/697 73/698/698 48/670/670
f 48/670/670 73/698/698 74/699/699 49/672/672
f 49/672/672 74/699/699 75/700/700 50/674/674
f 51/676/676 76/701/701 77/702/702 52/677/677
f 52/677/677 77/702/702 78/703/703 53/678/678
f 53/678/678 78/703/703 79/704/704 54/679/679
f 54/679/679 79/704/704 80/705/705 55/680/680
f 55/680/680 80/705/705 81/706/706 56/681/681
f 56/681/681 81/706/706 82/707/707 57/682/682
f 57/682/682 82/707/707 83/708/708 58/683/683
f 58/683/683 83/708/708 84/709/709 59/684/684
f 59/684/684 84/709/709 85/710/710 60/685/685
f 60/685/685 85/710/710 86/711/711 61/686/686
f 61/686/686 86/711/711 87/712/712 62/687/687
f 62/687/687 87/712/712 88/713/713 63/688/688
f 63/688/688 88/713/713 89/714/714 64/689/689
f 64/689/689 89/714/714 90/715/715 65/690/690
f 65/690/690 90/715/715 91/716/716 66/691/691
f 66/691/691 91/716/716 92/717/717 67/692/692
f 67/692/692 92/717/717 93/718/718 68/693/693
f 68/693/693 93/718/718 94/719/719 69/694/694
f 69/694/694 94/719/719 95/720/720 70/695/695
f 70/695/695 95/720/720 96/721/721 71/696/696
f 71/696/696 96/721/721 97/722/722 72/697/697
f 72/697/697 97/722/722 98/723/723 73/698/698
f 73/698/698 98/723/723 99/724/724 74/699/699
f 74/699/699 99/724/724 100/725/725 75/700/700
f 76/701/701 101/726/726 102/727/727 77/702/702
f 77/702/702 102/727/727 103/728/728 78/703/703
f 78/703/703 103/728/728 104/729/729 79/704/704
f 79/704/704 104/729/729 105/730/730 80/705/705
f 80/705/705 105/730/730 106/731/731 81/706/706
f 81/706/706 106/731/731 107/732/732 82/707/707
f 82/707/707 107/732/732 108/733/733 83/708/708
f 83/708/708 108/733/733 109/734/734 84/709/709
f 84/709/709 109/734/734 110/735/735 85/710/710
f 85/710/710 110/735/735 111/736/736 86/711/711
f 86/711/711 111/736/736 112/737/737 87/712/712
f 87/712/712 112/737/737 113/738/738 88/713/713
f 88/713/713 113/738/738 114/739/739 89/714/714
f 89/714/714 114/739/739 115/740/740 90/715/715
f 90/715/715 115/740/740 116/741/741 91/716/716
f 91/716/716 116/741/741 117/742/742 92/717/717
f 92/717/717 117/742/742 118/743/743 93/718/718
f 93/718/718 118/743/743 119/744/744 94/719/719
f 94/719/719 119/744/744 120/745/745 95/720/720
f 95/720/720 120/745/745 121/746/746 96/721/721
f 96/721/721 121/746/746 122/747/747 97/722/722
f 97/722/722 122/747/747 123/748/748 98/723/723
f 98/723/723 123/748/748 124/749/749 99/724/724
f 99/724/724 124/749/749 125/750/750 100/725/725
f 101/726/726 126/751/751 127/752/752 102/727/727
f 102/727/727 127/752/752 128/753/753 103/728/728
f 103/728/728 128/753/753 129/754/754 104/729/729
f 104/729/729 129/754/754 130/755/755 105/730/730
f 105/730/730 130/755/755 131/756/756 106/731/731
f 106/731/731 131/756/756 132/757/757 107/732/732
f 107/732/732 132/757/757 133/758/758 108/733/733
f 108/733/733 133/758/758 134/759/759 109/734/734
f 109/734/734 134/759/759 135/760/760 110/735/735
f 110/735/735 135/760/760 136/761/761 111/736/736
f 111/736/736 136/761/761 137/762/762 112/737/737
f 112/737/737 137/762/762 138/763/763 113/738/738
f 113/738/738 138/763/763 139/764/764 114/739/739
f 114/739/739 139/764/764 140/765/765 115/740/740
f 115/740/740 140/765/765 141/766/766 116/741/741
f 116/741/741 141/766/766 142/767/767 117/742/742
f 117/742/742 142/767/767 143/768/768 118/743/743
f 118/743/743 143/768/768 144/769/769 119/744/744
f 119/744/744 144/769/769 145/770/770 120/745/745
f 120/745/745 145/770/770 146/771/771 121/746/746
f 121/746/746 146/771/771 147/772/772 122/747/747
f 122/747/747 147/772/772 148/773/773 123/748/748
f 123/748/748 148/773/773 149/774/774 124/749/749
f 124/749/749 149/774/774 150/775/775 125/750/750
f 126/751/751 151/776/776 152/777/777 127/752/752
f 127/752/752 152/777/777 153/778/778 128/753/753
f 128/753/753 153/778/778 154/779/779 129/754/754
f 129/754/754 154/779/779 155/780/780 130/755/755
f 130/755/755 155/780/780 156/781/781 131/756/756
f 131/756/756 156/781/781 157/782/782 132/757/757
f 132/757/757 157/782/782 158/783/783 133/758/758
f 133/758/758 158/783/783 159/784/784 134/759/759
f 134/759/759 159/784/784 160/785/785 135/760/760
f 135/760/760 160/785/785 161/786/786 136/761/761
f 136/761/761 161/786/786 162/787/787 137/762/762
f 137/762/762 162/787/787 163/788/788 138/763/763
f 138/763/763 163/788/788 164/789/789 139/764/764
f 139/764/764 164/789/789 165/790/790 140/765/765
f 140/765/765 165/790/790 166/791/791 141/766/766
f 141/766/766 166/791/791 167/792/792 142/767/767
f 142/767/767 167/792/792 168/793/793 143/768/768
f 143/768/768 168/793/793 169/794/794 144/769/769
f 144/769/769 169/794/794 170/795/795 145/770/770
f 145/770/770 170/795/795 171/796/796 146/771/771
f 146/771/771 171/796/796 172/797/797 147/772/772
f 147/772/772 172/797/797 173/798/798 148/773/773
f 148/773/773 173/798/798 174/799/799 149/774/774
f 149/774/774 174/799/799 175/800/800 150/775/775
f 151/776/776 176/801/801 177/802/802 152/777/777
f 152/777/777 177/802/802 178/803/803 153/778/778
f 153/778/778 178/803/803 179/804/804 154/779/779
f 154/779/779 179/804/804 180/805/805 155/780/780
f 155/780/780 180/805/805 181/806/806 156/781/781
f 156/781/781 181/806/806 182/807/807 157/782/782
f 157/782/782 182/807/807 183/808/808 158/783/783
f 158/783/783 183/808/808 184/809/809 159/784/784
f 159/784/784 184/809/809 185/810/810 160/785/785
f 160/785/785 185/810/810 186/811/811 161/786/786
f 161/786/786 186/811/811 187/812/812 162/787/787
f 162/787/787 187/812/812 188/813/813 163/788/788
f 163/788/788 188/813/813 189/814/814 164/789/789
f 164/789/789 189/814/814 190/815/815 165/790/790
f 165/790/790 190/815/815 191/816/816 166/791/791
f 166/791/791 191/816/816 192/817/817 167/792/792
f 167/792/792 192/817/817 193/818/818 168/793/793
f 168/793/793 193/818/818 194/819/819 169/794/794
f 169/794/794 194/819/819 195/820/820 170/795/795
f 170/795/795 195/820/820 196/821/821 171/796/796
f 171/796/796 196/821/821 197/822/822 172/797/797
f 172/797/797 197/822/822 198/823/823 173/798/798
f 173/798/798 198/823/823 199/824/824 174/799/799
f 174/799/799 199/824/824 200/825/825 175/800/800
f 176/801/801 201/826/826 202/827/827 177/802/802
f 177/802/802 202/827/827 203/828/828 178/803/803
f 178/803/803 203/828/828 204/829/829 179/804/804
f 179/804/804 204/829/829 205/830/830 180/805/805
f 180/805/805 205/830/830 206/831/831 181/806/806
f 181/806/806 206/831/831 207/832/832 182/807/807
f 182/807/807 207/832/832 208/833/833 183/808/808
f 183/808/808 208/833/833 209/834/834 184/809/809
f 184/809/809 209/834/834 210/835/835 185/810/810
f 185/810/810 210/835/835 211/836/836 186/811/811
f 186/811/811 211/836/836 212/837/837 187/812/812
f 187/812/812 212/837/837 213/838/838 188/813/813
f 188/813/813 213/838/838 214/839/839 189/814/814
f 189/814/814 214/839/839 215/840/840 190/815/815
f 190/815/815 215/840/840 216/841/841 191/816/816
f 191/816/816 216/841/841 217/842/842 192/817/817
f 192/817/817 217/842/842 218/843/843 193/818/818
f 193/818/818 218/843/843 219/844/844 194/819/819
f 194/819/819 219/844/844 220/845/845 195/820/820
f 195/820/820 220/845/845 221/846/846 196/821/821
f 196/821/821 221/846/846 222/847/847 197/822/822
f 197/822/822 222/847/847 223/848/848 198/823/823
f 198/823/823 223/848/848 224/849/849 199/824/824
f 199/824/824 224/849/849 225/850/850 200/825/825
f 201/826/826 226/851/851 227/852/852 202/827/827
f 202/827/827 227/852/852 228/853/853 203/828/828
f 203/828/828 228/853/853 229/854/854 204/829/829
f 204/829/829 229/854/854 230/855/855 205/830/830
f 205/830/830 230/855/855 231/856/856 206/831/831
f 206/831/831 231/856/856 232/857/857 207/832/832
f 207/832/832 232/857/857 233/858/858 208/833/833
f 208/833/833 233/858/858 234/859/859 209/834/834
f 209/834/834 234/859/859 235/860/860 210/835/835
f 210/835/835 235/860/860 236/861/861 211/836/836
f 211/836/836 236/861/861 237/862/862 212/837/837
f 212/837/837 237/862/862 238/863/863 213/838/838
f 213/838/838 238/863/863 239/864/864 214/839/839
f 214/839/839 239/864/864 240/865/865 215/840/840
f 215/840/840 240/865/865 241/866/866 216/841/841
f 216/841/841 241/866/866 242/867/867 217/842/842
f 217/842/842 242/867/867 243/868/868 218/843/843
f 218/843/843 243/868/868 244/869/869 219/844/844
f 219/844/844 244/869/869 245/870/870 220/845/845
f 220/845/845 245/870/870 246/871/871 221/846/846
f 221/846/846 246/871/871 247/872/872 222/847/847
f 222/847/847 247/872/872 248/873/873 223/848/848
f 223/848/848 248/873/873 249/874/874 224/849/849
f 224/849/849 249/874/874 250/875/875 225/850/850
f 226/851/851 251/876/876 252/877/877 227/852/852
f 227/852/852 252/877/877 253/878/878 228/853/853
f 228/853/853 253/878/878 254/879/879 229/854/854
f 229/854/854 254/879/879 255/880/880 230/855/855
f 230/855/855 255/880/880 256/881/881 231/856/856
f 231/856/856 256/881/881 257/882/882 232/857/857
f 232/857/857 257/882/882 258/883/883 233/858/858
f 233/858/858 258/883/883 259/884/884 234/859/859
f 234/859/859 259/884/884 260/885/885 235/860/860
f 235/860/860 260/885/885 261/886/886 236/861/861
f 236/861/861 261/886/886 262/887/887 237/862/862
f 237/862/862 262/887/887 263/888/888 238/863/863
f 238/863/863 263/888/888 264/889/889 239/864/864
f 239/864/864 264/889/889 265/890/890 240/865/865
f 240/865/865 265/890/890 266/891/891 241/866/866
f 241/866/866 266/891/891 267/892/892 242/867/867
f 242/867/867 267/892/892 268/893/893 243/868/868
f 243/868/868 268/893/893 269/894/894 244/869/869
f 244/869/869 269/894/894 270/895/895 245/870/870
f 245/870/870 270/895/895 271/896/896 246/871/871
f 246/871/871 271/896/896 272/897/897 247/872/872
f 247/872/872 272/897/897 273/898/898 248/873/873
f 248/873/873 273/898/898 274/899/899 249/874/874
f 249/874/874 274/899/899 275/900/900 250/875/875
f 251/876/876 276/901/901 277/902/902 252/877/877
f 252/877/877 277/902/902 278/903/903 253/878/878
f 253/878/878 278/903/903 279/904/904 254/879/879
f 254/879/879 279/904/904 280/905/905 255/880/880
f 255/880/880 280/905/905 281/906/906 256/881/881
f 256/881/881 281/906/906 282/907/907 257/882/882
f 257/882/882 282/907/907 283/908/908 258/883/883
f 258/883/883 283/908/908 284/909/909 259/884/884
f 259/884/884 284/909/909 285/910/910 260/885/885
f 260/885/885 285/910/910 286/911/911 261/886/886
f 261/886/886 286/911/911 287/912/912 262/887/887
f 262/887/887 287/912/912 288/913/913 263/888/888
f 263/888/888 288/913/913 289/914/914 264/889/889
f 264/889/889 289/914/914 290/915/915 265/890/890
f 265/890/890 290/915/915 291/916/916 266/891/891
f 266/891/891 291/916/916 292/917/917 267/892/892
f 267/892/892 292/917/917 293/918/918 268/893/893
f 268/893/893 293/918/918 294/919/919 269/894/894
f 269/894/894 294/919/919 295/920/920 270/895/895
f 270/895/895 295/920/920 296/921/921 271/896/896
f 271/896/896 296/921/921 297/922/922 272/897/897
f 272/897/897 297/922/922 298/923/923 273/898/898
f 273/898/898 298/923/923 299/924/924 274/899/899
f 274/899/899 299/924/924 300/925/925 275/900/900
f 276/901/901 301/926/926 302/927/927 277/902/902
f 277/902/902 302/927/927 303/928/928 278/903/903
f 278/903/903 303/928/928 304/929/929 279/904/904
f 279/904/904 304/929/929 305/930/930 280/905/905
f 280/905/905 305/930/930 306/931/931 281/906/906
f 281/906/906 306/931/931 307/932/932 282/907/907
f 282/907/907 307/932/932 308/933/933 283/908/908
f 283/908/908 308/933/933 309/934/934 284/909/909
f 284/909/909 309/934/934 310/935/935 285/910/910
f 285/910/910 310/935/935 311/936/936 286/911/911
f 286/911/911 311/936/936 312/937/937 287/912/912
f 287/912/912 312/937/937 313/938/938 288/913/913
f 288/913/913 313/938/938 314/939/939 289/914/914
f 289/914/914 314/939/939 315/940/940 290/915/915
f 290/915/915 315/940/940 316/941/941 291/916/916
f 291/916/916 316/941/941 317/942/942 292/917/917
f 292/917/917 317/942/942 318/943/943 293/918/918
f 293/918/918 318/943/943 319/944/944 294/919/919
f 294/919/919 319/944/944 320/945/945 295/920/920
f 295/920/920 320/945/945 321/946/946 296/921/921
f 296/921/921 321/946/946 322/947/947 297/922/922
f 297/922/922 322/947/947 323/948/948 298/923/923
f 298/923/923 323/948/948 324/949/949 299/924/924
f 299/924/924 324/949/949 325/950/950 300/925/925
f 301/926/926 326/951/951 327/952/952 302/927/927
f 302/927/927 327/952/952 328/953/953 303/928/928
f 303/928/928 328/953/953 329/954/954 304/929/929
f 304/929/929 329/954/954 330/955/955 305/930/930
f 305/930/930 330/955/955 331/956/956 306/931/931
f 306/931/931 331/956/956 332/957/957 307/932/932
f 307/932/932 332/957/957 333/958/958 308/933/933
f 308/933/933 333/958/958 334/959/959 309/934/934
f 309/934/934 334/959/959 335/960/960 310/935/935
f 310/935/935 335/960/960 336/961/961 311/936/936
f 311/936/936 336/961/961 337/962/962 312/937/937
f 312/937/937 337/962/962 338/963/963 313/938/938
f 313/938/938 338/963/963 339/964/964 314/939/939
f 314/939/939 339/964/964 340/965/965 315/940/940
f 315/940/940 340/965/965 341/966/966 316/941/941
f 316/941/941 341/966/966 342/967/967 317/942/942
f 317/942/942 342/967/967 343/968/968 318/943/943
f 318/943/943 343/968/968 344/969/969 319/944/944
f 319/944/944 344/969/969 345/970/970 320/945/945
f 320/945/945 345/970/970 346/971/971 321/946/946
f 321/946/946 346/971/971 347/972/972 322/947/947
f 322/947/947 347/972/972 348/973/973 323/948/948
f 323/948/948 348/973/973 349/974/974 324/949/949
f 324/949/949 349/974/974 350/975/975 325/950/950
f 326/951/951 351/976/976 352/977/977 327/952/952
f 327/952/952 352/977/977 353/978/978 328/953/953
f 328/953/953 353/978/978 354/979/979 329/954/954
f 329/954/954 354/979/979 355/980/980 330/955/955
f 330/955/955 355/980/980 356/981/981 331/956/956
f 331/956/956 356/981/981 357/982/982 332/957/957
f 332/957/957 357/982/982 358/983/983 333/958/958
f 333/958/958 358/983/983 359/984/984 334/959/959
f 334/959/959 359/984/984 360/985/985 335/960/960
f 335/960/960 360/985/985 361/986/986 336/961/961
f 336/961/961 361/986/986 362/987/987 337/962/962
f 337/962/962 362/987/987 363/988/988 338/963/963
f 338/963/963 363/988/988 364/989/989 339/964/964
f 339/964/964 364/989/989 365/990/990 340/965/965
f 340/965/965 365/990/990 366/991/991 341/966/966
f 341/966/966 366/991/991 367/992/992 342/967/967
f 342/967/967 367/992/992 368/993/993 343/968/968
f 343/968/968 368/993/993 369/994/994 344/969/969
f 344/969/969 369/994/994 370/995/995 345/970/970
f 345/970/970 370/995/995 371/996/996 346/971/971
f 346/971/971 371/996/996 372/997/997 347/972/972
f 347/972/972 372/997/997 373/998/998 348/973/973
f 348/973/973 373/998/998 374/999/999 349/974/974
f 349/974/974 374/999/999 375/1000/1000 350/975/975
f 351/976/976 376/1001/1001 377/1002/1002 352/977/977
f 352/977/977 377/1002/1002 378/1003/1003 353/978/978
f 353/978/978 378/1003/1003 379/1004/1004 354/979/979
f 354/979/979 379/1004/1004 380/1005/1005 355/980/980
f 355/980/980 380/1005/1005 381/1006/1006 356/981/981
f 356/981/981 381/1006/1006 382/1007/1007 357/982/982
f 357/982/982 382/1007/1007 383/1008/1008 358/983/983
f 358/983/983 383/1008/1008 384/1009/1009 359/984/984
f 359/984/984 384/1009/1009 385/1010/1010 360/985/985
f 360/985/985 385/1010/1010 386/1011/1011 361/986/986
f 361/986/986 386/1011/1011 387/1012/1012 362/987/987
f 362/987/987 387/1012/1012 388/1013/1013 363/988/988
f 363/988/988 388/1013/1013 389/1014/1014 364/989/989
f 364/989/989 389/1014/1014 390/1015/1015 365/990/990
f 365/990/990 390/1015/1015 391/1016/1016 366/991/991
f 366/991/991 391/1016/1016 392/1017/1017 367/992/992
f 367/992/992 392/1017/1017 393/1018/1018 368/993/993
f 368/993/993 393/1018/1018 394/1019/1019 369/994/994
f 369/994/994 394/1019/1019 395/1020/1020 370/995/995
f 370/995/995 395/1020/1020 396/1021/1021 371/996/996
f 371/996/996 396/1021/1021 397/1022/1022 372/997/997
f 372/997/997 397/1022/1022 398/1023/1023 373/998/998
f 373/998/998 398/1023/1023 399/1024/1024 374/999/999
f 374/999/999 399/1024/1024 400/1025/1025 375/1000/1000
f 376/1001/1001 401/1026/1026 402/1027/1027 377/1002/1002
f 377/1002/1002 402/1027/1027 403/1028/1028 378/1003/1003
f 378/1003/1003 403/1028/1028 404/1029/1029 379/1004/1004
f 379/1004/1004 404/1029/1029 405/1030/1030 380/1005/1005
f 380/1005/1005 405/1030/1030 406/1031/1031 381/1006/1006
f 381/1006/1006 406/1031/1031 407/1032/1032 382/1007/1007
f 382/1007/1007 407/1032/1032 408/1033/1033 383/1008/1008
f 383/1008/1008 408/1033/1033 409/1034/1034 384/1009/1009
f 384/1009/1009 409/1034/1034 410/1035/1035 385/1010/1010
f 385/1010/1010 410/1035/1035 411/1036/1036 386/1011/1011
f 386/1011/1011 411/1036/1036 412/1037/1037 387/1012/1012
f 387/1012/1012 412/1037/1037 413/1038/1038 388/1013/1013
f 388/1013/1013 413/1038/1038 414/1039/1039 389/1014/1014
f 389/1014/1014 414/1039/1039 415/1040/1040 390/1015/1015
f 390/1015/1015 415/1040/1040 416/1041/1041 391/1016/1016
f 391/1016/1016 416/1041/1041 417/1042/1042 392/1017/1017
f 392/1017/1017 417/1042/1042 418/1043/1043 393/1018/1018
f 393/1018/1018 418/1043/1043 419/1044/1044 394/1019/1019
f 394/1019/1019 419/1044/1044 420/1045/1045 395/1020/1020
f 395/1020/1020 420/1045/1045 421/1046/1046 396/1021/1021
f 396/1021/1021 421/1046/1046 422/1047/1047 397/1022/1022
f 397/1022/1022 422/1047/1047 423/1048/1048 398/1023/1023
f 398/1023/1023 423/1048/1048 424/1049/1049 399/1024/1024
f 399/1024/1024 424/1049/1049 425/1050/1050 400/1025/1025
f 401/1026/1026 426/1051/1051 427/1052/1052 402/1027/1027
f 402/1027/1027 427/1052/1052 428/1053/1053 403/1028/1028
f 403/1028/1028 428/1053/1053 429/1054/1054 404/1029/1029
f 404/1029/1029 429/1054/1054 430/1055/1055 405/1030/1030
f 405/1030/1030 430/1055/1055 431/1056/1056 406/1031/1031
f 406/1031/1031 431/1056/1056 432/1057/1057 407/1032/1032
f 407/1032/1032 432/1057/1057 433/1058/1058 408/1033/1033
f 408/1033/1033 433/1058/1058 434/1059/1059 409/1034/1034
f 409/1034/1034 434/1059/1059 435/1060/1060 410/1035/1035
f 410/1035/1035 435/1060/1060 436/1061/1061 411/1036/1036
f 411/1036/1036 436/1061/1061 437/1062/1062 412/1037/1037
f 412/1037/1037 437/1062/1062 438/1063/1063 413/1038/1038
f 413/1038/1038 438/1063/1063 439/1064/1064 414/1039/1039
f 414/1039/1039 439/1064/1064 440/1065/1065 415/1040/1040
f 415/1040/1040 440/1065/1065 441/1066/1066 416/1041/1041
f 416/1041/1041 441/1066/1066 442/1067/1067 417/1042/1042
f 417/1042/1042 442/1067/1067 443/1068/1068 418/1043/1043
f 418/1043/1043 443/1068/1068 444/1069/1069 419/1044/1044
f 419/1044/1044 444/1069/1069 445/1070/1070 420/1045/1045
f 420/1045/1045 445/1070/1070 446/1071/1071 421/1046/1046
f 421/1046/1046 446/1071/1071 447/1072/1072 422/1047/1047
f 422/1047/1047 447/1072/1072 448/1073/1073 423/1048/1048
f 423/1048/1048 448/1073/1073 449/1074/1074 424/1049/1049
f 424/1049/1049 449/1074/1074 450/1075/1075 425/1050/1050
f 426/1051/1051 451/1076/1076 452/1077/1077 427/1052/1052
f 427/1052/1052 452/1077/1077 453/1078/1078 428/1053/1053
f 428/1053/1053 453/1078/1078 454/1079/1079 429/1054/1054
f 429/1054/1054 454/1079/1079 455/1080/1080 430/1055/1055
f 430/1055/1055 455/1080/1080 456/1081/1081 431/1056/1056
f 431/1056/1056 456/1081/1081 457/1082/1082 432/1057/1057
f 432/1057/1057 457/1082/1082 458/1083/1083 433/1058/1058
f 433/1058/1058 458/1083/1083 459/1084/1084 434/1059/1059
f 434/1059/1059 459/1084/1084 460/1085/1085 435/1060/1060
f 435/1060/1060 460/1085/1085 461/1086/1086 436/1061/1061
f 436/1061/1061 461/1086/1086 462/1087/1087 437/1062/1062
f 437/1062/1062 462/1087/1087 463/1088/1088 438/1063/1063
f 438/1063/1063 463/1088/1088 464/1089/1089 439/1064/1064
f 439/1064/1064 464/1089/1089 465/1090/1090 440/1065/1065
f 440/1065/1065 465/1090/1090 466/1091/1091 441/1066/1066
f 441/1066/1066 466/1091/1091 467/1092/1092 442/1067/1067
f 442/1067/1067 467/1092/1092 468/1093/1093 443/1068/1068
f 443/1068/1068 468/1093/1093 469/1094/1094 444/1069/1069
f 444/1069/1069 469/1094/1094 470/1095/1095 445/1070/1070
f 445/1070/1070 470/1095/1095 471/1096/1096 446/1071/1071
f 446/1071/1071 471/1096/1096 472/1097/1097 447/1072/1072
f 447/1072/1072 472/1097/1097 473/1098/1098 448/1073/1073
f 448/1073/1073 473/1098/1098 474/1099/1099 449/1074/1074
f 449/1074/1074 474/1099/1099 475/1100/1100 450/1075/1075
f 451/1076/1076 476/1101/1101 477/1102/1102 452/1077/1077
f 452/1077/1077 477/1102/1102 478/1103/1103 453/1078/1078
f 453/1078/1078 478/1103/1103 479/1104/1104 454/1079/1079
f 454/1079/1079 479/1104/1104 480/1105/1105 455/1080/1080
f 455/1080/1080 480/1105/1105 481/1106/1106 456/1081/1081
f 456/1081/1081 481/1106/1106 482/1107/1107 457/1082/1082
f 457/1082/1082 482/1107/1107 483/1108/1108 458/1083/1083
f 458/1083/1083 483/1108/1108 484/1109/1109 459/1084/1084
f 459/1084/1084 484/1109/1109 485/1110/1110 460/1085/1085
f 460/1085/1085 485/1110/1110 486/1111/1111 461/1086/1086
f 461/1086/1086 486/1111/1111 487/1112/1112 462/1087/1087
f 462/1087/1087 487/1112/1112 488/1113/1113 463/1088/1088
f 463/1088/1088 488/1113/1113 489/1114/1114 464/1089/1089
f 464/1089/1089 489/1114/1114 490/1115/1115 465/1090/1090
f 465/1090/1090 490/1115/1115 491/1116/1116 466/1091/1091
f 466/1091/1091 491/1116/1116 492/1117/1117 467/1092/1092
f 467/1092/1092 492/1117/1117 493/1118/1118 468/1093/1093
f 468/1093/1093 493/1118/1118 494/1119/1119 469/1094/1094
f 469/1094/1094 494/1119/1119 495/1120/1120 470/1095/1095
f 470/1095/1095 495/1120/1120 496/1121/1121 471/1096/1096
f 471/1096/1096 496/1121/1121 497/1122/1122 472/1097/1097
f 472/1097/1097 497/1122/1122 498/1123/1123 473/1098/1098
f 473/1098/1098 498/1123/1123 499/1124/1124 474/1099/1099
f 474/1099/1099 499/1124/1124 500/1125/1125 475/1100/1100
f 476/1101/1101 501/1126/1126 502/1127/1127 477/1102/1102
f 477/1102/1102 502/1127/1127 503/1128/1128 478/1103/1103
f 478/1103/1103 503/1128/1128 504/1129/1129 479/1104/1104
f 479/1104/1104 504/1129/1129 505/1130/1130 480/1105/1105
f 480/1105/1105 505/1130/1130 506/1131/1131 481/1106/1106
f 481/1106/1106 506/1131/1131 507/1132/1132 482/1107/1107
f 482/1107/1107 507/1132/1132 508/1133/1133 483/1108/1108
f 483/1108/1108 508/1133/1133 509/1134/1134 484/1109/1109
f 484/1109/1109 509/1134/1134 510/1135/1135 485/1110/1110
f 485/1110/1110 510/1135/1135 511/1136/1136 486/1111/1111
f 486/1111/1111 511/1136/1136 512/1137/1137 487/1112/1112
f 487/1112/1112 512/1137/1137 513/1138/1138 488/1113/1113
f 488/1113/1113 513/1138/1138 514/1139/1139 489/1114/1114
f 489/1114/1114 514/1139/1139 515/1140/1140 490/1115/1115
f 490/1115/1115 515/1140/1140 516/1141/1141 491/1116/1116
f 491/1116/1116 516/1141/1141 517/1142/1142 492/1117/1117
f 492/1117/1117 517/1142/1142 518/1143/1143 493/1118/1118
f 493/1118/1118 518/1143/1143 519/1144/1144 494/1119/1119
f 494/1119/1119 519/1144/1144 520/1145/1145 495/1120/1120
f 495/1120/1120 520/1145/1145 521/1146/1146 496/1121/1121
f 496/1121/1121 521/1146/1146 522/1147/1147 497/1122/1122
f 497/1122/1122 522/1147/1147 523/1148/1148 498/1123/1123
f 498/1123/1123 523/1148/1148 524/1149/1149 499/1124/1124
f 499/1124/1124 524/1149/1149 525/1150/1150 500/1125/1125
f 501/1126/1126 526/1151/1151 527/1152/1152 502/1127/1127
f 502/1127/1127 527/1152/1152 528/1153/1153 503/1128/1128
f 503/1128/1128 528/1153/1153 529/1154/1154 504/1129/1129
f 504/1129/1129 529/1154/1154 530/1155/1155 505/1130/1130
f 505/1130/1130 530/1155/1155 531/1156/1156 506/1131/1131
f 506/1131/1131 531/1156/1156 532/1157/1157 507/1132/1132
f 507/1132/1132 532/1157/1157 533/1158/1158 508/1133/1133
f 508/1133/1133 533/1158/1158 534/1159/1159 509/1134/1134
f 509/1134/1134 534/1159/1159 535/1160/1160 510/1135/1135
f 510/1135/1135 535/1160/1160 536/1161/1161 511/1136/1136
f 511/1136/1136 536/1161/1161 537/1162/1162 512/1137/1137
f 512/1137/1137 537/1162/1162 538/1163/1163 513/1138/1138
f 513/1138/1138 538/1163/1163 539/1164/1164 514/1139/1139
f 514/1139/1139 539/1164/1164 540/1165/1165 515/1140/1140
f 515/1140/1140 540/1165/1165 541/1166/1166 516/1141/1141
f 516/1141/1141 541/1166/1166 542/1167/1167 517/1142/1142
f 517/1142/1142 542/1167/1167 543/1168/1168 518/1143/1143
f 518/1143/1143 543/1168/1168 544/1169/1169 519/1144/1144
f 519/1144/1144 544/1169/1169 545/1170/1170 520/1145/1145
f 520/1145/1145 545/1170/1170 546/1171/1171 521/1146/1146
f 521/1146/1146 546/1171/1171 547/1172/1172 522/1147/1147
f 522/1147/1147 547/1172/1172 548/1173/1173 523/1148/1148
f 523/1148/1148 548/1173/1173 549/1174/1174 524/1149/1149
f 524/1149/1149 549/1174/1174 550/1175/1175 525/1150/1150
f 526/1151/1151 551/1176/1176 552/1177/1177 527/1152/1152
f 527/1152/1152 552/1177/1177 553/1178/1178 528/1153/1153
f 528/1153/1153 553/1178/1178 554/1179/1179 529/1154/1154
f 529/1154/1154 554/1179/1179 555/1180/1180 530/1155/1155
f 530/1155/1155 555/1180/1180 556/1181/1181 531/1156/1156
f 531/1156/1156 556/1181/1181 557/1182/1182 532/1157/1157
f 532/1157/1157 557/1182/1182 558/1183/1183 533/1158/1158
f 533/1158/1158 558/1183/1183 559/1184/1184 534/1159/1159
f 534/1159/1159 559/1184/1184 560/1185/1185 535/1160/1160
f 535/1160/1160 560/1185/1185 561/1186/1186 536/1161/1161
f 536/1161/1161 561/1186/1186 562/1187/1187 537/1162/1162
f 537/1162/1162 562/1187/1187 563/1188/1188 538/1163/1163
f 538/1163/1163 563/1188/1188 564/1189/1189 539/1164/1164
f 539/1164/1164 564/1189/1189 565/1190/1190 540/1165/1165
f 540/1165/1165 565/1190/1190 566/1191/1191 541/1166/1166
f 541/1166/1166 566/1191/1191 567/1192/1192 542/1167/1167
f 542/1167/1167 567/1192/1192 568/1193/1193 543/1168/1168
f 543/1168/1168 568/1193/1193 569/1194/1194 544/1169/1169
f 544/1169/1169 569/1194/1194 570/1195/1195 545/1170/1170
f 545/1170/1170 570/1195/1195 571/1196/1196 546/1171/1171
f 546/1171/1171 571/1196/1196 572/1197/1197 547/1172/1172
f 547/1172/1172 572/1197/1197 573/1198/1198 548/1173/1173
f 548/1173/1173 573/1198/1198 574/1199/1199 549/1174/1174
f 549/1174/1174 574/1199/1199 575/1200/1200 550/1175/1175
f 551/1176/1176 576/1201/1201 577/1202/1202 552/1177/1177
f 552/1177/1177 577/1202/1202 578/1203/1203 553/1178/1178
f 553/1178/1178 578/1203/1203 579/1204/1204 554/1179/1179
f 554/1179/1179 579/1204/1204 580/1205/1205 555/1180/1180
f 555/1180/1180 580/1205/1205 581/1206/1206 556/1181/1181
f 556/1181/1181 581/1206/1206 582/1207/1207 557/1182/1182
f 557/1182/1182 582/1207/1207 583/1208/1208 558/1183/1183
f 558/1183/1183 583/1208/1208 584/1209/1209 559/1184/1184
f 559/1184/1184 584/1209/1209 585/1210/1210 560/1185/1185
f 560/1185/1185 585/1210/1210 586/1211/1211 561/1186/1186
f 561/1186/1186 586/1211/1211 587/1212/1212 562/1187/1187
f 562/1187/1187 587/1212/1212 588/1213/1213 563/1188/1188
f 563/1188/1188 588/1213/1213 589/1214/1214 564/1189/1189
f 564/1189/1189 589/1214/1214 590/1215/1215 565/1190/1190
f 565/1190/1190 590/1215/1215 591/1216/1216 566/1191/1191
f 566/1191/1191 591/1216/1216 592/1217/1217 567/1192/1192
f 567/1192/1192 592/1217/1217 593/1218/1218 568/1193/1193
f 568/1193/1193 593/1218/1218 594/1219/1219 569/1194/1194
f 569/1194/1194 594/1219/1219 595/1220/1220 570/1195/1195
f 570/1195/1195 595/1220/1220 596/1221/1221 571/1196/1196
f 571/1196/1196 596/1221/1221 597/1222/1222 572/1197/1197
f 572/1197/1197 597/1222/1222 598/1223/1223 573/1198/1198
f 573/1198/1198 598/1223/1223 599/1224/1224 574/1199/1199
f 574/1199/1199 599/1224/1224 600/1225/1225 575/1200/1200
f 576/1201/1201 601/1226/1226 602/1227/1227 577/1202/1202
f 577/1202/1202 602/1227/1227 603/1228/1228 578/1203/1203
f 578/1203/1203 603/1228/1228 604/1229/1229 579/1204/1204
f 579/1204/1204 604/1229/1229 605/1230/1230 580/1205/1205
f 580/1205/1205 605/1230/1230 606/1231/1231 581/1206/1206
f 581/1206/1206 606/1231/1231 607/1232/1232 582/1207/1207
f 582/1207/1207 607/1232/1232 608/1233/1233 583/1208/1208
f 583/1208/1208 608/1233/1233 609/1234/1234 584/1209/1209
f 584/1209/1209 609/1234/1234 610/1235/1235 585/1210/1210
f 585/1210/1210 610/1235/1235 611/1236/1236 586/1211/1211
f 586/1211/1211 611/1236/1236 612/1237/1237 587/1212/1212
f 587/1212/1212 612/1237/1237 613/1238/1238 588/1213/1213
f 588/1213/1213 613/1238/1238 614/1239/1239 589/1214/1214
f 589/1214/1214 614/1239/1239 615/1240/1240 590/1215/1215
f 590/1215/1215 615/1240/1240 616/1241/1241 591/1216/1216
f 591/1216/1216 616/1241/1241 617/1242/1242 592/1217/1217
f 592/1217/1217 617/1242/1242 618/1243/1243 593/1218/1218
f 593/1218/1218 618/1243/1243 619/1244/1244 594/1219/1219
f 594/1219/1219 619/1244/1244 620/1245/1245 595/1220/1220
f 595/1220/1220 620/1245/1245 621/1246/1246 596/1221/1221
f 596/1221/1221 621/1246/1246 622/1247/1247 597/1222/1222
f 597/1222/1222 622/1247/1247 623/1248/1248 598/1223/1223
f 598/1223/1223 623/1248/1248 624/1249/1249 599/1224/1224
f 599/1224/1224 624/1249/1249 625/1250/1250 600/1225/1225
f 1/626/626 2/629/629 627/2/2 626/1/1
f 26/627/627 1/626/626 626/1/1 629/4/4
f 2/629/629 3/631/631 630/5/5 627/2/2
f 3/631/631 4/633/633 632/7/7 630/5/5
f 4/633/633 5/635/635 634/9/9 632/7/7
f 5/635/635 6/1310/637 636/1309/11 634/9/9
f 6/637/637 7/639/639 638/13/13 636/11/11
f 7/639/639 8/641/641 640/15/15 638/13/13
f 8/641/641 9/643/643 642/17/17 640/15/15
f 9/643/643 10/645/645 644/19/19 642/17/17
f 10/645/645 11/647/647 646/21/21 644/19/19
f 11/647/647 12/649/649 648/23/23 646/21/21
f 12/649/649 13/651/651 650/25/25 648/23/23
f 13/651/651 14/1302/653 652/1301/27 650/25/25
f 14/653/653 15/655/655 654/29/29 652/27/27
f 15/655/655 16/657/657 656/31/31 654/29/29
f 16/657/657 17/659/659 658/33/33 656/31/31
f 17/659/659 18/661/661 660/35/35 658/33/33
f 18/661/661 19/663/663 662/37/37 660/35/35
f 19/663/663 20/665/665 664/39/39 662/37/37
f 20/665/665 21/667/667 666/41/41 664/39/39
f 21/667/667 22/669/669 668/43/43 666/41/41
f 22/669/669 23/671/671 670/45/45 668/43/43
f 23/671/671 24/673/673 672/47/47 670/45/45
f 24/673/673 25/1299/675 674/1298/49 672/47/47
f 25/675/675 50/674/674 675/50/50 674/49/49
f 51/676/676 26/627/627 629/4/4 677/52/52
f 50/674/674 75/700/700 700/75/75 675/50/50
f 76/701/701 51/676/676 677/52/52 702/77/77
f 75/700/700 100/725/725 725/100/100 700/75/75
f 101/726/726 76/701/701 702/77/77 727/102/102
f 100/725/725 125/750/750 750/125/125 725/100/100
f 126/751/751 101/726/726 727/102/102 752/127/127
f 125/750/750 150/775/775 775/150/150 750/125/125
f 151/776/776 126/751/751 752/127/127 777/152/152
f 150/775/775 175/800/800 800/175/175 775/150/150
f 176/801/801 151/776/776 777/152/152 802/177/177
f 175/800/800 200/825/825 825/200/200 800/175/175
f 201/826/826 176/801/801 802/177/177 827/202/202
f 200/825/825 225/850/850 850/225/225 825/200/200
f 226/851/851 201/826/826 827/202/202 852/227/227
f 225/850/850 250/875/875 875/250/250 850/225/225
f 251/876/876 226/851/851 852/227/227 877/252/252
f 250/875/875 275/900/900 900/275/275 875/250/250
f 276/901/901 251/876/876 877/252/252 902/277/277
f 275/900/900 300/925/925 925/300/300 900/275/275
f 301/926/926 276/901/901 902/277/277 927/302/302
f 300/925/925 325/950/950 950/325/325 925/300/300
f 326/951/951 301/926/926 927/302/302 952/327/327
f 325/950/950 350/975/975 975/350/350 950/325/325
f 351/976/976 326/951/951 952/327/327 977/352/352
f 350/975/975 375/1000/1000 1000/375/375 975/350/350
f 376/1001/1001 351/976/976 977/352/352 1002/377/377
f 375/1000/1000 400/1025/1025 1025/400/400 1000/375/375
f 401/1026/1026 376/1001/1001 1002/377/377 1027/402/402
f 400/1025/1025 425/1050/1050 1050/425/425 1025/400/400
f 426/1051/1051 401/1026/1026 1027/402/402 1052/427/427
f 425/1050/1050 450/1075/1075 1075/450/450 1050/425/425
f 451/1076/1076 426/1051/1051 1052/427/427 1077/452/452
f 450/1075/1075 475/1100/1100 1100/475/475 1075/450/450
f 476/1101/1101 451/1076/1076 1077/452/452 1102/477/477
f 475/1100/1100 500/1125/1125 1125/500/500 1100/475/475
f 501/1126/1126 476/1101/1101 1102/477/477 1127/502/502
f 500/1125/1125 525/1150/1150 1150/525/525 1125/500/500
f 526/1151/1151 501/1126/1126 1127/502/502 1152/527/527
f 525/1150/1150 550/1175/1175 1175/550/550 1150/525/525
f 551/1176/1176 526/1151/1151 1152/527/527 1177/552/552
f 550/1175/1175 575/1200/1200 1200/575/575 1175/550/550
f 576/1201/1201 551/1176/1176 1177/552/552 1202/577/577
f 575/1200/1200 600/1225/1225 1225/600/600 1200/575/575
f 602/1227/1227 601/1226/1226 1227/602/602 1226/1275/601
f 601/1226/1226 576/1201/1201 1202/577/577 1227/602/602
f 603/1228/1228 602/1227/1227 1226/1275/601 1228/1274/603
f 604/1229/1229 603/1228/1228 1228/1274/603 1229/1273/604
f 605/1230/1230 604/1229/1229 1229/1273/604 1230/1272/605
f 606/1231/1231 605/1230/1230 1230/1272/605 1231/1271/606
f 607/1232/1232 606/1231/1231 1231/1271/606 1232/1270/607
f 608/1233/1233 607/1232/1232 1232/1270/607 1233/1269/608
f 609/1234/1234 608/1233/1233 1233/1269/608 1234/1268/609
f 610/1235/1235 609/1234/1234 1234/1268/609 1235/1267/610
f 611/1236/1236 610/1235/1235 1235/1267/610 1236/1266/611
f 612/1237/1237 611/1236/1236 1236/1266/611 1237/1265/612
f 613/1238/1238 612/1237/1237 1237/1265/612 1238/1264/613
f 614/1239/1239 613/1238/1238 1238/1264/613 1239/1263/614
f 615/1240/1240 614/1239/1239 1239/1263/614 1240/1262/615
f 616/1241/1241 615/1240/1240 1240/1262/615 1241/1261/616
f 617/1242/1242 616/1241/1241 1241/1261/616 1242/1260/617
f 618/1243/1243 617/1242/1242 1242/1260/617 1243/1259/618
f 619/1244/1244 618/1243/1243 1243/1259/618 1244/1258/619
f 620/1245/1245 619/1244/1244 1244/1258/619 1245/1257/620
f 621/1246/1246 620/1245/1245 1245/1257/620 1246/1256/621
f 622/1247/1247 621/1246/1246 1246/1256/621 1247/1255/622
f 623/1248/1248 622/1247/1247 1247/1255/622 1248/1254/623
f 624/1249/1249 623/1248/1248 1248/1254/623 1249/1251/624
f 600/1225/1225 625/1250/1250 1250/625/625 1225/600/600
f 625/1250/1250 624/1249/1249 1249/1251/624 1250/625/625
