# This file uses centimeters as units for non-parametric coordinates.

mtllib PillBottle.mtl
g default
v 0.340241 0.109678 0.250999
v 0.315224 0.109678 0.125238
v 0.243985 0.109678 0.018624
v 0.137371 0.109678 -0.052613
v 0.011612 0.109678 -0.077629
v -0.114147 0.109678 -0.052613
v -0.220760 0.109678 0.018624
v -0.291999 0.109678 0.125238
v -0.317016 0.109678 0.250999
v -0.291999 0.109678 0.376759
v -0.220760 0.109678 0.483373
v -0.114147 0.109678 0.554610
v 0.011612 0.109678 0.579626
v 0.137371 0.109678 0.554610
v 0.243985 0.109678 0.483373
v 0.315224 0.109678 0.376759
v 0.340241 1.293519 0.250999
v 0.315224 1.293519 0.125238
v 0.243985 1.293519 0.018624
v 0.137371 1.293519 -0.052613
v 0.011612 1.293519 -0.077629
v -0.114147 1.293519 -0.052613
v -0.220760 1.293519 0.018624
v -0.291999 1.293519 0.125238
v -0.317016 1.293519 0.250999
v -0.291999 1.293519 0.376759
v -0.220760 1.293519 0.483373
v -0.114147 1.293519 0.554610
v 0.011612 1.293519 0.579626
v 0.137371 1.293519 0.554610
v 0.243985 1.293519 0.483373
v 0.315224 1.293519 0.376759
v 0.362145 1.280563 0.250999
v 0.335465 1.280563 0.116854
v 0.259480 1.280563 0.003132
v 0.145760 1.280563 -0.072854
v 0.011612 1.280563 -0.099537
v -0.122528 1.280563 -0.072854
v -0.236255 1.280563 0.003132
v -0.312240 1.280563 0.116854
v -0.338920 1.280563 0.250999
v -0.312240 1.280563 0.385143
v -0.236255 1.280563 0.498865
v -0.122528 1.280563 0.574851
v 0.011612 1.280563 0.601534
v 0.145760 1.280563 0.574851
v 0.259480 1.280563 0.498864
v 0.335465 1.280563 0.385143
v 0.362145 0.109678 0.250999
v 0.335465 0.109678 0.116854
v 0.259480 0.109678 0.003132
v 0.145760 0.109678 -0.072854
v 0.011612 0.109678 -0.099537
v -0.122528 0.109678 -0.072854
v -0.236255 0.109678 0.003132
v -0.312240 0.109678 0.116854
v -0.338920 0.109678 0.250999
v -0.312240 0.109678 0.385143
v -0.236255 0.109678 0.498865
v -0.122528 0.109678 0.574851
v 0.011612 0.109678 0.601534
v 0.145760 0.109678 0.574851
v 0.259480 0.109678 0.498864
v 0.335465 0.109678 0.385143
v 0.383809 1.254314 0.250999
v 0.355477 1.254314 0.108565
v 0.274796 1.254314 -0.012184
v 0.154045 1.254314 -0.092867
v 0.011612 1.254314 -0.121198
v -0.130821 1.254314 -0.092867
v -0.251567 1.254314 -0.012184
v -0.332252 1.254314 0.108565
v -0.360584 1.254314 0.250999
v -0.332252 1.254314 0.393432
v -0.251567 1.254314 0.514181
v -0.130821 1.254314 0.594864
v 0.011612 1.254314 0.623195
v 0.154045 1.254314 0.594863
v 0.274796 1.254314 0.514181
v 0.355477 1.254314 0.393432
v 0.383809 1.225004 0.250999
v 0.355477 1.225004 0.108565
v 0.274796 1.225004 -0.012184
v 0.154045 1.225004 -0.092867
v 0.011612 1.225004 -0.121198
v -0.130821 1.225004 -0.092867
v -0.251567 1.225004 -0.012184
v -0.332252 1.225004 0.108565
v -0.360584 1.225004 0.250999
v -0.332252 1.225004 0.393432
v -0.251567 1.225004 0.514181
v -0.130821 1.225004 0.594864
v 0.011612 1.225004 0.623195
v 0.154045 1.225004 0.594863
v 0.274796 1.225004 0.514181
v 0.355477 1.225004 0.393432
v 0.362145 1.198598 0.250999
v 0.335465 1.198598 0.116854
v 0.259480 1.198598 0.003132
v 0.145760 1.198598 -0.072854
v 0.011612 1.198598 -0.099537
v -0.122528 1.198598 -0.072854
v -0.236255 1.198598 0.003133
v -0.312240 1.198598 0.116854
v -0.338920 1.198598 0.250999
v -0.312240 1.198598 0.385143
v -0.236255 1.198598 0.498865
v -0.122528 1.198598 0.574851
v 0.011612 1.198598 0.601534
v 0.145760 1.198598 0.574851
v 0.259480 1.198598 0.498864
v 0.335465 1.198598 0.385143
v 0.340241 0.154592 0.250999
v 0.315224 0.154592 0.125238
v 0.243985 0.154592 0.018624
v 0.137371 0.154592 -0.052613
v 0.011612 0.154592 -0.077629
v -0.114147 0.154592 -0.052613
v -0.220760 0.154592 0.018624
v -0.291999 0.154592 0.125238
v -0.317016 0.154592 0.250999
v -0.291999 0.154592 0.376759
v -0.220760 0.154592 0.483373
v -0.114147 0.154592 0.554610
v 0.011612 0.154592 0.579626
v 0.137371 0.154592 0.554610
v 0.243985 0.154592 0.483373
v 0.315224 0.154592 0.376759
v 0.092282 0.126624 0.250999
v 0.086125 0.126624 0.220135
v 0.092282 0.137647 0.250999
v 0.086125 0.137647 0.220135
v 0.068638 0.126624 0.193970
v 0.068638 0.137647 0.193970
v 0.042473 0.126624 0.176487
v 0.042473 0.137647 0.176487
v 0.011612 0.126624 0.170347
v 0.011612 0.137647 0.170347
v -0.019249 0.126624 0.176487
v -0.019249 0.137647 0.176487
v -0.045414 0.126624 0.193970
v -0.045414 0.137647 0.193970
v -0.062900 0.126624 0.220135
v -0.062900 0.137647 0.220135
v -0.069019 0.126624 0.250999
v -0.069019 0.137647 0.250999
v -0.062900 0.126624 0.281862
v -0.062900 0.137647 0.281862
v -0.045414 0.126624 0.308027
v -0.045414 0.137647 0.308027
v -0.019249 0.126624 0.325510
v -0.019249 0.137647 0.325510
v 0.011612 0.126624 0.331650
v 0.011612 0.137647 0.331650
v 0.042473 0.126624 0.325510
v 0.042473 0.137647 0.325510
v 0.068638 0.126624 0.308027
v 0.068638 0.137647 0.308027
v 0.086125 0.126624 0.281862
v 0.086125 0.137647 0.281862
vt 0.403097 0.181835
vt 0.394357 0.218947
vt 0.041392 0.013316
vt 0.006330 0.008798
vt 0.411697 0.144862
vt 0.192114 0.759509
vt 0.423907 0.109063
vt 0.228741 0.751409
vt 0.438144 0.074525
vt 0.265302 0.742568
vt 0.453714 0.041434
vt 0.301328 0.733168
vt 0.415646 0.580693
vt 0.336242 0.724420
vt 0.409775 0.547523
vt 0.378563 0.087320
vt 0.403116 0.513527
vt 0.343372 0.074037
vt 0.396530 0.478685
vt 0.307290 0.060870
vt 0.390661 0.443018
vt 0.270302 0.048767
vt 0.386051 0.406593
vt 0.232614 0.038260
vt 0.383181 0.369535
vt 0.194551 0.029481
vt 0.382485 0.332047
vt 0.156037 0.021634
vt 0.384057 0.294305
vt 0.115668 0.017342
vt 0.388000 0.256527
vt 0.077624 0.015593
vt 0.039968 0.021968
vt 0.153076 0.758905
vt 0.190096 0.750957
vt 0.226754 0.742873
vt 0.263296 0.734037
vt 0.299365 0.724658
vt 0.412555 0.107739
vt 0.376461 0.095901
vt 0.341055 0.082460
vt 0.304960 0.069247
vt 0.268046 0.057140
vt 0.230455 0.046643
vt 0.192433 0.037858
vt 0.154043 0.030274
vt 0.114553 0.026003
vt 0.076573 0.024188
vt 0.089292 0.456784
vt 0.032069 0.327923
vt 0.036150 0.333494
vt 0.011752 0.351711
vt 0.123900 0.460609
vt 0.123975 0.455609
vt 0.158885 0.458760
vt 0.157784 0.454371
vt 0.193981 0.451029
vt 0.191885 0.447007
vt 0.228752 0.436875
vt 0.225154 0.433243
vt 0.262178 0.413700
vt 0.253168 0.412167
vt 0.250806 0.382037
vt 0.245837 0.384496
vt 0.233532 0.357757
vt 0.229790 0.360935
vt 0.213335 0.338393
vt 0.210411 0.342035
vt 0.190921 0.323595
vt 0.188775 0.327662
vt 0.166798 0.313233
vt 0.165468 0.317650
vt 0.141377 0.307257
vt 0.140891 0.311926
vt 0.115002 0.305695
vt 0.115370 0.310549
vt 0.087979 0.308622
vt 0.089226 0.313648
vt 0.060396 0.316051
vt 0.062703 0.321283
vt 0.038912 0.029529
vt 0.151333 0.751268
vt 0.188377 0.743573
vt 0.224999 0.735473
vt 0.261519 0.726637
vt 0.297570 0.717279
vt 0.410548 0.115894
vt 0.374526 0.103301
vt 0.339045 0.089761
vt 0.302961 0.076513
vt 0.266118 0.064402
vt 0.228615 0.053911
vt 0.190663 0.045144
vt 0.152431 0.037801
vt 0.113565 0.033555
vt 0.075669 0.031665
vt 0.037783 0.038357
vt 0.150486 0.742285
vt 0.186505 0.735025
vt 0.223023 0.726937
vt 0.259513 0.718096
vt 0.295469 0.708696
vt 0.406991 0.125050
vt 0.372091 0.111810
vt 0.336647 0.098142
vt 0.300603 0.084849
vt 0.263854 0.072732
vt 0.226460 0.062247
vt 0.188611 0.053526
vt 0.150577 0.046488
vt 0.112358 0.042277
vt 0.074588 0.040284
vt 0.673149 0.251302
vt 0.665244 0.273593
vt 0.684505 0.230033
vt 0.699426 0.209907
vt 0.718010 0.191077
vt 0.740349 0.173601
vt 0.732380 0.512752
vt 0.715020 0.485386
vt 0.700499 0.459365
vt 0.688489 0.434385
vt 0.678742 0.410288
vt 0.671076 0.386994
vt 0.665408 0.364473
vt 0.661366 0.341993
vt 0.659687 0.319284
vt 0.660809 0.296376
vt 0.119324 0.383546
vt 0.122032 0.392469
vt 0.724891 0.288819
vt 0.721336 0.298444
vt 0.131932 0.397918
vt 0.730004 0.280551
vt 0.143136 0.400451
vt 0.736091 0.274083
vt 0.154084 0.400241
vt 0.742925 0.270224
vt 0.163337 0.397624
vt 0.749934 0.270109
vt 0.169458 0.393102
vt 0.766517 0.409182
vt 0.171305 0.387582
vt 0.759052 0.403194
vt 0.169591 0.381670
vt 0.758491 0.305654
vt 0.164837 0.376200
vt 0.754954 0.321918
vt 0.157851 0.371826
vt 0.748071 0.336762
vt 0.149605 0.368888
vt 0.738539 0.348673
vt 0.141004 0.367583
vt 0.731044 0.340470
vt 0.132852 0.368164
vt 0.725081 0.330787
vt 0.125827 0.370954
vt 0.721189 0.320135
vt 0.120934 0.376179
vt 0.719998 0.309099
vt 0.330093 0.699402
vt 0.333489 0.707916
vt 0.335342 0.715528
vt 0.413538 0.098182
vt 0.159116 0.015533
vt 0.150121 0.008507
vt 0.413830 0.091250
vt 0.196194 0.023261
vt 0.234237 0.032003
vt 0.271996 0.042520
vt 0.309040 0.054628
vt 0.345106 0.067768
vt 0.380102 0.080927
vt 0.091983 0.449049
vt 0.002514 0.035559
vt 0.002441 0.344842
vt 0.002441 0.025870
vt 0.003592 0.017732
vt 0.396399 0.182160
vt 0.008715 0.002450
vt 0.078390 0.009135
vt 0.042566 0.006893
vt 0.115010 0.010725
vt 0.147420 0.002441
vt 0.742375 0.365300
vt 0.747024 0.380307
vt 0.752564 0.393183
vt 0.758766 0.289511
vt 0.756184 0.274832
vt 0.766517 0.157061
vt 0.470588 0.010390
vt 0.447781 0.038432
vt 0.465469 0.006155
vt 0.431961 0.072123
vt 0.417560 0.107104
vt 0.405129 0.143552
vt 0.156268 0.767388
vn 0.470261 0.860762 -0.194790
vn 0.509090 0.860713 0.000001
vn 0.509090 0.860713 0.000001
vn 0.470261 0.860762 -0.194791
vn 0.359909 0.860775 -0.359906
vn 0.359918 0.860775 -0.359897
vn 0.194772 0.860767 -0.470260
vn 0.194791 0.860767 -0.470252
vn -0.000001 0.860763 -0.509005
vn -0.000000 0.860763 -0.509005
vn -0.194799 0.860756 -0.470269
vn -0.194786 0.860756 -0.470274
vn -0.359920 0.860759 -0.359933
vn -0.359929 0.860759 -0.359924
vn -0.470289 0.860744 -0.194802
vn -0.470288 0.860744 -0.194803
vn -0.509052 0.860736 -0.000002
vn -0.509052 0.860736 -0.000002
vn -0.470240 0.860776 0.194780
vn -0.470240 0.860776 0.194780
vn -0.359889 0.860783 0.359908
vn -0.359899 0.860782 0.359898
vn -0.194802 0.860753 0.470273
vn -0.194788 0.860753 0.470279
vn 0.000002 0.860754 0.509021
vn 0.000002 0.860754 0.509021
vn 0.194794 0.860746 0.470288
vn 0.194814 0.860746 0.470280
vn 0.359913 0.860765 0.359926
vn 0.359923 0.860765 0.359917
vn 0.470290 0.860743 0.194803
vn 0.470290 0.860743 0.194803
vn 0.712621 0.636434 -0.295168
vn 0.771310 0.636459 0.000001
vn 0.771310 0.636459 0.000001
vn 0.712620 0.636434 -0.295169
vn 0.545406 0.636451 -0.545400
vn 0.545404 0.636451 -0.545403
vn 0.295169 0.636483 -0.712576
vn 0.295150 0.636483 -0.712584
vn -0.000002 0.636493 -0.771283
vn -0.000002 0.636493 -0.771283
vn -0.295143 0.636511 -0.712561
vn -0.295161 0.636511 -0.712554
vn -0.545397 0.636469 -0.545389
vn -0.545385 0.636469 -0.545402
vn -0.712610 0.636444 -0.295170
vn -0.712610 0.636444 -0.295170
vn -0.771309 0.636461 0.000004
vn -0.771309 0.636461 0.000004
vn -0.712620 0.636435 0.295168
vn -0.712619 0.636435 0.295169
vn -0.545394 0.636470 0.545391
vn -0.545381 0.636470 0.545404
vn -0.295149 0.636508 0.712562
vn -0.295167 0.636508 0.712555
vn 0.000003 0.636485 0.771289
vn 0.000003 0.636485 0.771289
vn 0.295171 0.636475 0.712583
vn 0.295152 0.636475 0.712591
vn 0.545398 0.636472 0.545385
vn 0.545394 0.636472 0.545388
vn 0.712590 0.636472 0.295158
vn 0.712590 0.636472 0.295159
vn 0.000000 -1.000000 -0.000000
vn 0.000000 -1.000000 0.000000
vn 0.000000 -1.000000 0.000000
vn 0.000000 -1.000000 -0.000000
vn 0.000000 -1.000000 -0.000000
vn 0.000000 -1.000000 -0.000000
vn 0.000000 -1.000000 0.000000
vn 0.000000 -1.000000 0.000000
vn 0.000000 -1.000000 -0.000000
vn 0.000000 -1.000000 -0.000000
vn 0.000000 -1.000000 -0.000000
vn 0.000000 -1.000000 -0.000000
vn 0.000000 -1.000000 -0.000000
vn 0.000000 -1.000000 -0.000000
vn 0.000000 -1.000000 -0.000000
vn 0.000000 -1.000000 -0.000000
vn 0.000000 -1.000000 0.000000
vn 0.000000 -1.000000 0.000000
vn 0.000000 -1.000000 0.000000
vn 0.000000 -1.000000 0.000000
vn 0.000000 -1.000000 0.000000
vn 0.000000 -1.000000 0.000000
vn 0.000000 -1.000000 0.000000
vn 0.000000 -1.000000 0.000000
vn 0.000000 -1.000000 0.000000
vn 0.000000 -1.000000 0.000000
vn 0.000000 -1.000000 0.000000
vn 0.000000 -1.000000 0.000000
vn 0.000000 -1.000000 0.000000
vn 0.000000 -1.000000 0.000000
vn 0.000000 -1.000000 0.000000
vn 0.000000 -1.000000 0.000000
vn 0.923881 0.000000 -0.382680
vn 1.000000 0.000000 -0.000000
vn 1.000000 0.000000 -0.000000
vn 0.923881 0.000000 -0.382680
vn 0.707106 0.000000 -0.707107
vn 0.707106 0.000000 -0.707107
vn 0.382682 0.000000 -0.923880
vn 0.382682 0.000000 -0.923880
vn -0.000000 0.000000 -1.000000
vn -0.000000 0.000000 -1.000000
vn -0.382688 0.000000 -0.923878
vn -0.382688 0.000000 -0.923878
vn -0.707107 0.000005 -0.707107
vn -0.707107 0.000005 -0.707107
vn -0.923877 0.000005 -0.382690
vn -0.923876 0.000005 -0.382692
vn -1.000000 0.000000 0.000000
vn -1.000000 0.000000 0.000000
vn -0.923876 0.000000 0.382691
vn -0.923876 0.000000 0.382691
vn -0.707107 0.000000 0.707106
vn -0.707107 0.000000 0.707106
vn -0.382687 0.000000 0.923878
vn -0.382687 0.000000 0.923878
vn 0.000001 0.000000 1.000000
vn 0.000001 0.000000 1.000000
vn 0.382682 0.000000 0.923880
vn 0.382682 0.000000 0.923880
vn 0.707107 0.000000 0.707107
vn 0.707107 0.000000 0.707107
vn 0.923881 0.000000 0.382680
vn 0.923881 0.000000 0.382680
vn 0.714341 -0.634169 -0.295882
vn 0.773173 -0.634195 0.000001
vn 0.773173 -0.634195 0.000001
vn 0.714342 -0.634169 -0.295881
vn 0.546721 -0.634187 -0.546720
vn 0.546724 -0.634187 -0.546717
vn 0.295862 -0.634226 -0.714299
vn 0.295881 -0.634226 -0.714291
vn -0.000001 -0.634242 -0.773134
vn -0.000002 -0.634242 -0.773134
vn -0.295874 -0.634242 -0.714280
vn -0.295856 -0.634242 -0.714287
vn -0.546709 -0.634194 -0.546724
vn -0.546722 -0.634194 -0.546711
vn -0.714352 -0.634152 -0.295893
vn -0.714352 -0.634152 -0.295892
vn -0.773197 -0.634166 -0.000001
vn -0.773197 -0.634166 -0.000001
vn -0.714338 -0.634170 0.295887
vn -0.714339 -0.634170 0.295886
vn -0.546701 -0.634205 0.546719
vn -0.546714 -0.634205 0.546706
vn -0.295874 -0.634243 0.714280
vn -0.295855 -0.634243 0.714287
vn 0.000002 -0.634228 0.773146
vn 0.000002 -0.634228 0.773146
vn 0.295862 -0.634218 0.714306
vn 0.295881 -0.634218 0.714298
vn 0.546712 -0.634208 0.546705
vn 0.546715 -0.634208 0.546702
vn 0.714312 -0.634207 0.295871
vn 0.714312 -0.634207 0.295871
vn 0.923886 0.000000 -0.382669
vn 1.000000 0.000000 0.000000
vn 1.000000 0.000000 0.000000
vn 0.923886 0.000000 -0.382669
vn 0.707113 0.000000 -0.707100
vn 0.707113 0.000000 -0.707100
vn 0.382681 0.000000 -0.923881
vn 0.382681 0.000000 -0.923881
vn -0.000001 0.000000 -1.000000
vn -0.000001 0.000000 -1.000000
vn -0.382681 0.000000 -0.923881
vn -0.382681 0.000000 -0.923881
vn -0.707099 0.000000 -0.707115
vn -0.707099 0.000000 -0.707115
vn -0.923886 0.000000 -0.382669
vn -0.923886 0.000000 -0.382669
vn -1.000000 0.000000 0.000000
vn -1.000000 0.000000 0.000000
vn -0.923886 0.000000 0.382669
vn -0.923886 0.000000 0.382669
vn -0.707099 -0.000000 0.707115
vn -0.707099 -0.000000 0.707115
vn -0.382681 -0.000000 0.923880
vn -0.382681 -0.000000 0.923881
vn -0.000000 0.000000 1.000000
vn -0.000000 0.000000 1.000000
vn 0.382682 0.000000 0.923880
vn 0.382682 0.000000 0.923880
vn 0.707113 0.000000 0.707100
vn 0.707113 0.000000 0.707100
vn 0.923886 0.000000 0.382669
vn 0.923886 0.000000 0.382669
vn -0.923874 0.000000 0.382696
vn -1.000000 0.000000 0.000000
vn -1.000000 0.000000 0.000000
vn -0.923874 0.000000 0.382696
vn -0.707105 0.000000 0.707108
vn -0.707105 0.000000 0.707108
vn -0.382687 0.000000 0.923878
vn -0.382687 0.000000 0.923878
vn 0.000001 0.000000 1.000000
vn 0.000001 0.000000 1.000000
vn 0.382687 0.000000 0.923878
vn 0.382687 0.000000 0.923878
vn 0.707105 0.000000 0.707109
vn 0.707105 0.000000 0.707109
vn 0.923874 0.000000 0.382696
vn 0.923874 0.000000 0.382696
vn 1.000000 0.000000 0.000000
vn 1.000000 0.000000 0.000000
vn 0.923874 0.000000 -0.382696
vn 0.923874 0.000000 -0.382696
vn 0.707105 0.000000 -0.707109
vn 0.707105 0.000000 -0.707109
vn 0.382687 0.000000 -0.923878
vn 0.382687 0.000000 -0.923878
vn 0.000000 0.000000 -1.000000
vn 0.000000 0.000000 -1.000000
vn -0.382687 0.000000 -0.923878
vn -0.382687 0.000000 -0.923878
vn -0.707105 0.000000 -0.707109
vn -0.707105 0.000000 -0.707109
vn -0.923874 0.000000 -0.382696
vn -0.923874 0.000000 -0.382696
vn -0.068170 -0.997582 0.013568
vn -0.068170 -0.997582 0.013568
vn -0.068170 -0.997582 0.013568
vn -0.068170 -0.997582 0.013568
vn -0.068170 0.997581 0.013568
vn -0.068170 0.997582 0.013568
vn -0.068170 0.997582 0.013568
vn -0.068170 0.997582 0.013568
vn -0.057792 -0.997581 0.038618
vn -0.057792 -0.997582 0.038618
vn -0.057792 -0.997582 0.038618
vn -0.057792 -0.997581 0.038618
vn -0.057793 0.997581 0.038619
vn -0.057793 0.997581 0.038619
vn -0.057793 0.997581 0.038619
vn -0.057793 0.997581 0.038619
vn -0.038615 -0.997582 0.057791
vn -0.038615 -0.997582 0.057791
vn -0.038615 -0.997582 0.057791
vn -0.038615 -0.997582 0.057791
vn -0.038616 0.997582 0.057791
vn -0.038616 0.997582 0.057791
vn -0.038616 0.997582 0.057791
vn -0.038616 0.997582 0.057791
vn -0.013560 -0.997582 0.068168
vn -0.013560 -0.997582 0.068168
vn -0.013560 -0.997582 0.068168
vn -0.013560 -0.997582 0.068168
vn -0.013560 0.997582 0.068169
vn -0.013560 0.997582 0.068169
vn -0.013560 0.997582 0.068168
vn -0.013560 0.997582 0.068169
vn 0.013561 -0.997581 0.068172
vn 0.013561 -0.997581 0.068172
vn 0.013561 -0.997582 0.068172
vn 0.013561 -0.997581 0.068172
vn 0.013561 0.997582 0.068172
vn 0.013561 0.997582 0.068172
vn 0.013561 0.997582 0.068172
vn 0.013561 0.997582 0.068172
vn 0.038617 -0.997581 0.057794
vn 0.038617 -0.997581 0.057794
vn 0.038617 -0.997581 0.057794
vn 0.038617 -0.997581 0.057794
vn 0.038615 0.997582 0.057791
vn 0.038615 0.997582 0.057791
vn 0.038615 0.997582 0.057791
vn 0.038615 0.997582 0.057791
vn 0.057789 -0.997582 0.038616
vn 0.057789 -0.997582 0.038616
vn 0.057789 -0.997582 0.038616
vn 0.057789 -0.997582 0.038616
vn 0.057789 0.997582 0.038616
vn 0.057789 0.997582 0.038616
vn 0.057789 0.997582 0.038616
vn 0.057789 0.997582 0.038616
vn 0.068170 -0.997582 0.013552
vn 0.068170 -0.997582 0.013552
vn 0.068170 -0.997582 0.013552
vn 0.068170 -0.997582 0.013552
vn 0.068170 0.997582 0.013552
vn 0.068170 0.997582 0.013552
vn 0.068170 0.997582 0.013552
vn 0.068170 0.997582 0.013552
vn 0.068170 -0.997582 -0.013552
vn 0.068170 -0.997582 -0.013552
vn 0.068170 -0.997582 -0.013552
vn 0.068170 -0.997582 -0.013552
vn 0.068170 0.997582 -0.013552
vn 0.068170 0.997582 -0.013552
vn 0.068170 0.997582 -0.013552
vn 0.068170 0.997582 -0.013552
vn 0.057792 -0.997582 -0.038618
vn 0.057792 -0.997581 -0.038618
vn 0.057792 -0.997581 -0.038618
vn 0.057792 -0.997582 -0.038618
vn 0.057790 0.997582 -0.038617
vn 0.057790 0.997582 -0.038617
vn 0.057790 0.997582 -0.038617
vn 0.057790 0.997582 -0.038617
vn 0.038615 -0.997582 -0.057791
vn 0.038615 -0.997582 -0.057791
vn 0.038615 -0.997582 -0.057791
vn 0.038615 -0.997582 -0.057791
vn 0.038617 0.997581 -0.057794
vn 0.038617 0.997581 -0.057794
vn 0.038617 0.997581 -0.057794
vn 0.038617 0.997581 -0.057794
vn 0.013561 -0.997581 -0.068172
vn 0.013561 -0.997581 -0.068172
vn 0.013561 -0.997581 -0.068172
vn 0.013561 -0.997582 -0.068172
vn 0.013561 0.997582 -0.068172
vn 0.013561 0.997582 -0.068172
vn 0.013561 0.997582 -0.068172
vn 0.013561 0.997582 -0.068172
vn -0.013560 -0.997582 -0.068168
vn -0.013560 -0.997582 -0.068168
vn -0.013560 -0.997582 -0.068168
vn -0.013560 -0.997582 -0.068168
vn -0.013560 0.997582 -0.068168
vn -0.013560 0.997582 -0.068168
vn -0.013560 0.997582 -0.068168
vn -0.013560 0.997582 -0.068168
vn -0.038615 -0.997582 -0.057791
vn -0.038615 -0.997582 -0.057791
vn -0.038615 -0.997582 -0.057791
vn -0.038615 -0.997582 -0.057791
vn -0.038615 0.997582 -0.057791
vn -0.038615 0.997582 -0.057791
vn -0.038615 0.997582 -0.057791
vn -0.038615 0.997582 -0.057791
vn -0.057793 -0.997581 -0.038619
vn -0.057793 -0.997581 -0.038619
vn -0.057793 -0.997581 -0.038619
vn -0.057793 -0.997581 -0.038619
vn -0.057792 0.997581 -0.038618
vn -0.057792 0.997582 -0.038618
vn -0.057792 0.997582 -0.038618
vn -0.057792 0.997581 -0.038618
vn -0.068170 -0.997581 -0.013568
vn -0.068170 -0.997581 -0.013568
vn -0.068170 -0.997582 -0.013568
vn -0.068170 -0.997582 -0.013568
vn -0.068170 0.997581 -0.013568
vn -0.068170 0.997581 -0.013568
vn -0.068170 0.997581 -0.013568
vn -0.068170 0.997581 -0.013568
vn 0.000000 1.000000 -0.000000
vn 0.000000 1.000000 -0.000000
vn 0.000000 1.000000 -0.000000
vn 0.000000 1.000000 -0.000000
vn 0.000000 1.000000 0.000000
vn 0.000000 1.000000 0.000000
vn 0.000000 1.000000 0.000000
vn 0.000000 1.000000 0.000000
vn 0.000000 1.000000 0.000000
vn 0.000000 1.000000 0.000000
vn 0.000000 1.000000 0.000000
vn 0.000000 1.000000 0.000000
vn 0.000000 1.000000 -0.000000
vn 0.000000 1.000000 -0.000000
vn 0.000000 1.000000 -0.000000
vn 0.000000 1.000000 -0.000000
vn 0.000000 1.000000 -0.000000
vn 0.000000 1.000000 -0.000000
vn 0.000000 1.000000 -0.000000
vn 0.000000 1.000000 -0.000000
vn 0.000000 1.000000 0.000000
vn 0.000000 1.000000 0.000000
vn 0.000000 1.000000 0.000000
vn 0.000000 1.000000 0.000000
vn 0.000000 1.000000 0.000000
vn 0.000000 1.000000 0.000000
vn 0.000000 1.000000 0.000000
vn 0.000000 1.000000 0.000000
vn 0.000000 -1.000000 0.000000
vn 0.000000 -1.000000 0.000000
vn 0.000000 -1.000000 0.000000
vn 0.000000 -1.000000 0.000000
vn 0.000000 -1.000000 0.000000
vn 0.000000 -1.000000 0.000000
vn 0.000000 -1.000000 0.000000
vn 0.000000 -1.000000 0.000000
vn 0.000000 -1.000000 -0.000000
vn 0.000000 -1.000000 -0.000000
vn 0.000000 -1.000000 -0.000000
vn 0.000000 -1.000000 -0.000000
vn 0.000000 -1.000000 0.000000
vn 0.000000 -1.000000 0.000000
vn 0.000000 -1.000000 0.000000
vn 0.000000 -1.000000 0.000000
vn 0.000000 -1.000000 -0.000000
vn 0.000000 -1.000000 -0.000000
vn 0.000000 -1.000000 -0.000000
vn 0.000000 -1.000000 -0.000000
vn 0.000000 -1.000000 0.000000
vn 0.000000 -1.000000 0.000000
vn 0.000000 -1.000000 0.000000
vn 0.000000 -1.000000 0.000000
vn 0.000000 -1.000000 -0.000000
vn 0.000000 -1.000000 -0.000000
vn 0.000000 -1.000000 -0.000000
vn 0.000000 -1.000000 -0.000000
g FCSET_pPipe3_001_0p253_0p528_0p84 pPipe3 PillBottle
usemtl lambert5SG
f 18/180/1 17/182/2 33/3/3 34/4/4
f 19/5/5 18/1/1 34/179/4 35/196/6
f 20/7/7 19/5/5 35/196/6 36/195/8
f 21/9/9 20/7/7 36/195/8 37/194/10
f 22/11/11 21/9/9 37/194/10 38/192/12
f 23/191/13 22/11/11 38/192/12 39/193/14
f 24/173/15 23/167/13 39/164/14 40/16/16
f 25/172/17 24/173/15 40/16/16 41/18/18
f 26/171/19 25/172/17 41/18/18 42/20/20
f 27/170/21 26/171/19 42/20/20 43/22/22
f 28/169/23 27/170/21 43/22/22 44/24/24
f 29/168/25 28/169/23 44/24/24 45/26/26
f 30/165/27 29/168/25 45/26/26 46/28/28
f 31/183/29 30/184/27 46/166/28 47/30/30
f 32/181/31 31/183/29 47/30/30 48/32/32
f 17/182/2 32/181/31 48/32/32 33/3/3
f 34/4/33 33/3/34 65/33/35 66/178/36
f 35/6/37 34/197/33 66/34/36 67/35/38
f 36/8/39 35/6/37 67/35/38 68/36/40
f 37/10/41 36/8/39 68/36/40 69/37/42
f 38/12/43 37/10/41 69/37/42 70/38/44
f 39/14/45 38/12/43 70/38/44 71/163/46
f 40/16/47 39/164/45 71/39/46 72/40/48
f 41/18/49 40/16/47 72/40/48 73/41/50
f 42/20/51 41/18/49 73/41/50 74/42/52
f 43/22/53 42/20/51 74/42/52 75/43/54
f 44/24/55 43/22/53 75/43/54 76/44/56
f 45/26/57 44/24/55 76/44/56 77/45/58
f 46/28/59 45/26/57 77/45/58 78/46/60
f 47/30/61 46/28/59 78/46/60 79/47/62
f 48/32/63 47/30/61 79/47/62 80/48/64
f 33/3/34 48/32/63 80/48/64 65/33/35
f 50/176/65 49/50/66 1/51/67 2/52/68
f 51/53/69 50/49/65 2/174/68 3/54/70
f 52/55/71 51/53/69 3/54/70 4/56/72
f 53/57/73 52/55/71 4/56/72 5/58/74
f 54/59/75 53/57/73 5/58/74 6/60/76
f 55/61/77 54/59/75 6/60/76 7/62/78
f 56/63/79 55/61/77 7/62/78 8/64/80
f 57/65/81 56/63/79 8/64/80 9/66/82
f 58/67/83 57/65/81 9/66/82 10/68/84
f 59/69/85 58/67/83 10/68/84 11/70/86
f 60/71/87 59/69/85 11/70/86 12/72/88
f 61/73/89 60/71/87 12/72/88 13/74/90
f 62/75/91 61/73/89 13/74/90 14/76/92
f 63/77/93 62/75/91 14/76/92 15/78/94
f 64/79/95 63/77/93 15/78/94 16/80/96
f 49/50/66 64/79/95 16/80/96 1/51/67
f 66/178/97 65/33/98 81/81/99 82/177/100
f 67/35/101 66/34/97 82/82/100 83/83/102
f 68/36/103 67/35/101 83/83/102 84/84/104
f 69/37/105 68/36/103 84/84/104 85/85/106
f 70/38/107 69/37/105 85/85/106 86/86/108
f 71/163/109 70/38/107 86/86/108 87/162/110
f 72/40/111 71/39/109 87/87/110 88/88/112
f 73/41/113 72/40/111 88/88/112 89/89/114
f 74/42/115 73/41/113 89/89/114 90/90/116
f 75/43/117 74/42/115 90/90/116 91/91/118
f 76/44/119 75/43/117 91/91/118 92/92/120
f 77/45/121 76/44/119 92/92/120 93/93/122
f 78/46/123 77/45/121 93/93/122 94/94/124
f 79/47/125 78/46/123 94/94/124 95/95/126
f 80/48/127 79/47/125 95/95/126 96/96/128
f 65/33/98 80/48/127 96/96/128 81/81/99
f 82/177/129 81/81/130 97/97/131 98/175/132
f 83/83/133 82/82/129 98/98/132 99/99/134
f 84/84/135 83/83/133 99/99/134 100/100/136
f 85/85/137 84/84/135 100/100/136 101/101/138
f 86/86/139 85/85/137 101/101/138 102/102/140
f 87/162/141 86/86/139 102/102/140 103/161/142
f 88/88/143 87/87/141 103/103/142 104/104/144
f 89/89/145 88/88/143 104/104/144 105/105/146
f 90/90/147 89/89/145 105/105/146 106/106/148
f 91/91/149 90/90/147 106/106/148 107/107/150
f 92/92/151 91/91/149 107/107/150 108/108/152
f 93/93/153 92/92/151 108/108/152 109/109/154
f 94/94/155 93/93/153 109/109/154 110/110/156
f 95/95/157 94/94/155 110/110/156 111/111/158
f 96/96/159 95/95/157 111/111/158 112/112/160
f 81/81/130 96/96/159 112/112/160 97/97/131
f 98/175/161 97/97/162 49/50/163 50/176/164
f 99/99/165 98/98/161 50/49/164 51/53/166
f 100/100/167 99/99/165 51/53/166 52/55/168
f 101/101/169 100/100/167 52/55/168 53/57/170
f 102/102/171 101/101/169 53/57/170 54/59/172
f 103/161/173 102/102/171 54/59/172 55/61/174
f 104/104/175 103/103/173 55/61/174 56/63/176
f 105/105/177 104/104/175 56/63/176 57/65/178
f 106/106/179 105/105/177 57/65/178 58/67/180
f 107/107/181 106/106/179 58/67/180 59/69/182
f 108/108/183 107/107/181 59/69/182 60/71/184
f 109/109/185 108/108/183 60/71/184 61/73/186
f 110/110/187 109/109/185 61/73/186 62/75/188
f 111/111/189 110/110/187 62/75/188 63/77/190
f 112/112/191 111/111/189 63/77/190 64/79/192
f 97/97/162 112/112/191 64/79/192 49/50/163
f 114/113/193 113/114/194 17/2/195 18/1/196
f 115/115/197 114/113/193 18/1/196 19/5/198
f 116/116/199 115/115/197 19/5/198 20/7/200
f 117/117/201 116/116/199 20/7/200 21/9/202
f 118/118/203 117/117/201 21/9/202 22/11/204
f 119/190/205 118/118/203 22/11/204 23/191/206
f 120/120/207 119/119/205 23/13/206 24/15/208
f 121/121/209 120/120/207 24/15/208 25/17/210
f 122/122/211 121/121/209 25/17/210 26/19/212
f 123/123/213 122/122/211 26/19/212 27/21/214
f 124/124/215 123/123/213 27/21/214 28/23/216
f 125/125/217 124/124/215 28/23/216 29/25/218
f 126/126/219 125/125/217 29/25/218 30/27/220
f 127/127/221 126/126/219 30/27/220 31/29/222
f 128/128/223 127/127/221 31/29/222 32/31/224
f 113/114/194 128/128/223 32/31/224 17/2/195
f 2/52/225 1/51/226 129/129/227 130/130/228
f 113/114/229 114/113/230 132/131/231 131/132/232
f 3/54/233 2/174/234 130/130/235 133/133/236
f 114/113/237 115/115/238 134/134/239 132/131/240
f 4/56/241 3/54/242 133/133/243 135/135/244
f 115/115/245 116/116/246 136/136/247 134/134/248
f 5/58/249 4/56/250 135/135/251 137/137/252
f 116/116/253 117/117/254 138/138/255 136/136/256
f 6/60/257 5/58/258 137/137/259 139/139/260
f 117/117/261 118/118/262 140/140/263 138/138/264
f 7/62/265 6/60/266 139/139/267 141/141/268
f 118/118/269 119/190/270 142/189/271 140/140/272
f 8/64/273 7/62/274 141/141/275 143/143/276
f 119/119/277 120/120/278 144/144/279 142/142/280
f 9/66/281 8/64/282 143/143/283 145/145/284
f 120/120/285 121/121/286 146/187/287 144/144/288
f 10/68/289 9/66/290 145/145/291 147/147/292
f 121/121/293 122/122/294 148/186/295 146/187/296
f 11/70/297 10/68/298 147/147/299 149/149/300
f 122/122/301 123/123/302 150/185/303 148/186/304
f 12/72/305 11/70/306 149/149/307 151/151/308
f 123/123/309 124/124/310 152/152/311 150/185/312
f 13/74/313 12/72/314 151/151/315 153/153/316
f 124/124/317 125/125/318 154/154/319 152/152/320
f 14/76/321 13/74/322 153/153/323 155/155/324
f 125/125/325 126/126/326 156/156/327 154/154/328
f 15/78/329 14/76/330 155/155/331 157/157/332
f 126/126/333 127/127/334 158/158/335 156/156/336
f 16/80/337 15/78/338 157/157/339 159/159/340
f 127/127/341 128/128/342 160/160/343 158/158/344
f 1/51/345 16/80/346 159/159/347 129/129/348
f 128/128/349 113/114/350 131/132/351 160/160/352
f 134/134/353 136/136/354 150/150/355 152/152/356
f 132/131/357 134/134/358 152/152/359 154/154/360
f 131/132/361 132/131/362 154/154/363 156/156/364
f 131/132/365 156/156/366 158/158/367 160/160/368
f 136/136/369 138/138/370 148/148/371 150/150/372
f 138/138/373 140/140/374 146/146/375 148/148/376
f 142/189/377 144/188/378 146/146/379 140/140/380
f 143/143/381 141/141/382 139/139/383 145/145/384
f 145/145/385 139/139/386 137/137/387 147/147/388
f 147/147/389 137/137/390 135/135/391 149/149/392
f 159/159/393 157/157/394 155/155/395 129/129/396
f 129/129/397 155/155/398 153/153/399 130/130/400
f 130/130/401 153/153/402 151/151/403 133/133/404
f 133/133/405 151/151/406 149/149/407 135/135/408
g default
v 0.010166 1.257134 0.461473
v -0.193508 1.257134 0.257794
v 0.213848 1.257134 0.257794
v 0.010166 1.257134 0.054115
v -0.352848 1.388244 0.257794
v -0.325214 1.388244 0.396715
v -0.246525 1.388244 0.514487
v -0.128750 1.388244 0.593179
v 0.010166 1.388244 0.620812
v 0.149090 1.388244 0.593179
v 0.266861 1.388244 0.514487
v 0.345554 1.388244 0.396715
v 0.373188 1.388244 0.257794
v 0.345554 1.388244 0.118873
v 0.266861 1.388244 0.001101
v 0.149090 1.388244 -0.077591
v 0.010166 1.388244 -0.105224
v -0.128750 1.388244 -0.077591
v -0.246525 1.388244 0.001101
v -0.325214 1.388244 0.118873
v -0.286743 1.478076 0.257794
v -0.264141 1.478076 0.371418
v -0.199780 1.478076 0.467743
v -0.103451 1.478076 0.532106
v 0.010166 1.478076 0.554707
v 0.123791 1.478076 0.532106
v 0.220119 1.478076 0.467743
v 0.284481 1.478076 0.371418
v 0.307087 1.478076 0.257794
v 0.284481 1.478076 0.144171
v 0.220119 1.478076 0.047845
v 0.123791 1.478076 -0.016518
v 0.010166 1.478076 -0.039119
v -0.103451 1.478076 -0.016518
v -0.199780 1.478076 0.047845
v -0.264141 1.478076 0.144171
v -0.138287 1.496991 0.257794
v -0.116547 1.496991 0.384510
v 0.010166 1.496991 0.406250
v 0.010166 1.496991 0.257794
v 0.136883 1.496991 0.384510
v 0.158627 1.496991 0.257794
v 0.136883 1.496991 0.131079
v 0.010166 1.496991 0.109338
v -0.116547 1.496991 0.131079
v -0.389023 1.257134 0.257794
v -0.397190 1.265142 0.257794
v -0.358639 1.257134 0.410559
v -0.366180 1.265142 0.413683
v -0.272102 1.257134 0.540066
v -0.277874 1.265142 0.545840
v -0.142597 1.257134 0.626600
v -0.145721 1.265142 0.634144
v 0.010166 1.257134 0.656987
v 0.010166 1.265142 0.665152
v 0.162937 1.257134 0.626600
v 0.166058 1.265142 0.634144
v 0.292442 1.257134 0.540066
v 0.298214 1.265142 0.545840
v 0.378979 1.257134 0.410559
v 0.386520 1.265142 0.413683
v 0.409363 1.257134 0.257794
v 0.417530 1.265142 0.257794
v 0.378979 1.257134 0.105030
v 0.386520 1.265142 0.101905
v 0.292442 1.257134 -0.024477
v 0.298214 1.265142 -0.030251
v 0.162937 1.257134 -0.111012
v 0.166058 1.265142 -0.118555
v 0.010166 1.257134 -0.141398
v 0.010166 1.265142 -0.149564
v -0.142597 1.257134 -0.111012
v -0.145721 1.265142 -0.118555
v -0.272102 1.257134 -0.024477
v -0.277874 1.265142 -0.030251
v -0.358639 1.257134 0.105030
v -0.366180 1.265142 0.101905
v -0.397190 1.280103 0.257794
v -0.389023 1.288111 0.257794
v -0.366180 1.280103 0.413683
v -0.358639 1.288111 0.410559
v -0.277874 1.280103 0.545840
v -0.272102 1.288111 0.540066
v -0.145721 1.280103 0.634144
v -0.142597 1.288111 0.626600
v 0.010166 1.280103 0.665152
v 0.010166 1.288111 0.656987
v 0.166058 1.280103 0.634144
v 0.162937 1.288111 0.626600
v 0.298214 1.280103 0.545840
v 0.292442 1.288111 0.540066
v 0.386520 1.280103 0.413683
v 0.378979 1.288111 0.410559
v 0.417530 1.280103 0.257794
v 0.409363 1.288111 0.257794
v 0.386520 1.280103 0.101905
v 0.378979 1.288111 0.105030
v 0.298214 1.280103 -0.030251
v 0.292442 1.288111 -0.024477
v 0.166058 1.280103 -0.118555
v 0.162937 1.288111 -0.111012
v 0.010166 1.280103 -0.149564
v 0.010166 1.288111 -0.141398
v -0.145721 1.280103 -0.118555
v -0.142597 1.288111 -0.111012
v -0.277874 1.280103 -0.030251
v -0.272102 1.288111 -0.024477
v -0.366180 1.280103 0.101905
v -0.358639 1.288111 0.105030
v -0.361015 1.288111 0.257794
v -0.352848 1.296119 0.257794
v -0.332760 1.288111 0.399840
v -0.325214 1.296119 0.396715
v -0.252300 1.288111 0.520260
v -0.246525 1.296119 0.514487
v -0.131874 1.288111 0.600723
v -0.128750 1.296119 0.593179
v 0.010166 1.288111 0.628978
v 0.010166 1.296119 0.620812
v 0.152218 1.288111 0.600723
v 0.149090 1.296119 0.593179
v 0.272633 1.288111 0.520260
v 0.266861 1.296119 0.514487
v 0.353100 1.288111 0.399840
v 0.345554 1.296119 0.396715
v 0.381355 1.288111 0.257794
v 0.373188 1.296119 0.257794
v 0.353100 1.288111 0.115748
v 0.345554 1.296119 0.118873
v 0.272633 1.288111 -0.004672
v 0.266861 1.296119 0.001101
v 0.152218 1.288111 -0.085135
v 0.149090 1.296119 -0.077591
v 0.010166 1.288111 -0.113389
v 0.010166 1.296119 -0.105224
v -0.131874 1.288111 -0.085135
v -0.128750 1.296119 -0.077591
v -0.252300 1.288111 -0.004672
v -0.246525 1.296119 0.001101
v -0.332760 1.288111 0.115748
v -0.325214 1.296119 0.118873
v -0.352848 1.408399 0.257794
v -0.344685 1.416407 0.257794
v -0.325214 1.408399 0.396715
v -0.317673 1.416407 0.393590
v -0.246525 1.408399 0.514487
v -0.240749 1.416407 0.508713
v -0.128750 1.408399 0.593179
v -0.125629 1.416407 0.585636
v 0.010166 1.408399 0.620812
v 0.010166 1.416407 0.612648
v 0.149090 1.408399 0.593179
v 0.145966 1.416407 0.585636
v 0.266861 1.408399 0.514487
v 0.261089 1.416407 0.508713
v 0.345554 1.408399 0.396715
v 0.338013 1.416407 0.393590
v 0.373188 1.408399 0.257794
v 0.365025 1.416407 0.257794
v 0.345554 1.408399 0.118873
v 0.338013 1.416407 0.121998
v 0.266861 1.408399 0.001101
v 0.261089 1.416407 0.006875
v 0.149090 1.408399 -0.077591
v 0.145966 1.416407 -0.070047
v 0.010166 1.408399 -0.105224
v 0.010166 1.416407 -0.097059
v -0.128750 1.408399 -0.077591
v -0.125629 1.416407 -0.070047
v -0.246525 1.408399 0.001101
v -0.240749 1.416407 0.006875
v -0.325214 1.408399 0.118873
v -0.317673 1.416407 0.121998
v -0.294910 1.416407 0.257794
v -0.286743 1.424416 0.257794
v -0.271687 1.416407 0.374542
v -0.264141 1.424416 0.371418
v -0.205555 1.416407 0.473517
v -0.199780 1.424416 0.467743
v -0.106579 1.416407 0.539649
v -0.103451 1.424416 0.532106
v 0.010166 1.416407 0.562872
v 0.010166 1.424416 0.554707
v 0.126919 1.416407 0.539649
v 0.123791 1.424416 0.532106
v 0.225891 1.416407 0.473517
v 0.220119 1.424416 0.467743
v 0.292027 1.416407 0.374542
v 0.284481 1.424416 0.371418
v 0.315250 1.416407 0.257794
v 0.307087 1.424416 0.257794
v 0.292027 1.416407 0.141046
v 0.284481 1.424416 0.144171
v 0.225891 1.416407 0.042071
v 0.220119 1.424416 0.047845
v 0.126919 1.416407 -0.024061
v 0.123791 1.424416 -0.016518
v 0.010166 1.416407 -0.047284
v 0.010166 1.424416 -0.039119
v -0.106579 1.416407 -0.024061
v -0.103451 1.424416 -0.016518
v -0.205555 1.416407 0.042071
v -0.199780 1.424416 0.047845
v -0.271687 1.416407 0.141046
v -0.264141 1.424416 0.144171
v -0.286743 1.488982 0.257794
v -0.278576 1.496991 0.257794
v -0.256599 1.496991 0.368293
v -0.264141 1.488982 0.371418
v -0.194004 1.496991 0.461970
v -0.199780 1.488982 0.467743
v -0.100330 1.496991 0.524562
v -0.103451 1.488982 0.532106
v 0.010166 1.496991 0.546542
v 0.010166 1.488982 0.554707
v 0.120670 1.496991 0.524562
v 0.123791 1.488982 0.532106
v 0.214344 1.496991 0.461970
v 0.220119 1.488982 0.467743
v 0.276939 1.496991 0.368293
v 0.284481 1.488982 0.371418
v 0.298920 1.496991 0.257794
v 0.307087 1.488982 0.257794
v 0.276939 1.496991 0.147295
v 0.284481 1.488982 0.144171
v 0.214344 1.496991 0.053618
v 0.220119 1.488982 0.047845
v 0.120670 1.496991 -0.008974
v 0.123791 1.488982 -0.016518
v 0.010166 1.496991 -0.030954
v 0.010166 1.488982 -0.039119
v -0.100330 1.496991 -0.008974
v -0.103451 1.488982 -0.016518
v -0.194004 1.496991 0.053618
v -0.199780 1.488982 0.047845
v -0.256599 1.496991 0.147295
v -0.264141 1.488982 0.144171
v 0.010166 1.188614 0.257794
v 0.010166 1.224042 0.461473
v 0.010166 1.188614 0.425527
v -0.157566 1.188614 0.257794
v -0.193508 1.224042 0.257794
v 0.213848 1.224042 0.257794
v 0.177906 1.188614 0.257794
v 0.010166 1.224042 0.054115
v 0.010166 1.188614 0.090061
v 0.166042 1.188614 0.326938
v 0.079311 1.188614 0.413663
v 0.109997 1.224042 0.444345
v 0.196720 1.224042 0.357620
v -0.145702 1.188614 0.326938
v -0.058971 1.188614 0.413663
v -0.176384 1.224042 0.357620
v -0.089657 1.224042 0.444345
v -0.058971 1.188614 0.101925
v -0.145702 1.188614 0.188651
v -0.089657 1.224042 0.071243
v -0.176384 1.224042 0.157968
v 0.079311 1.188614 0.101925
v 0.166042 1.188614 0.188651
v 0.196720 1.224042 0.157968
v 0.109997 1.224042 0.071243
v -0.089657 1.257134 0.444345
v -0.156155 1.257134 0.501260
v -0.233295 1.257134 0.424115
v -0.176384 1.257134 0.357620
v 0.196720 1.257134 0.357620
v 0.253635 1.257134 0.424115
v 0.176495 1.257134 0.501260
v 0.109997 1.257134 0.444345
v 0.109997 1.257134 0.071243
v 0.176495 1.257134 0.014328
v 0.253635 1.257134 0.091473
v 0.196720 1.257134 0.157968
v -0.176384 1.257134 0.157968
v -0.233295 1.257134 0.091473
v -0.156155 1.257134 0.014328
v -0.089657 1.257134 0.071243
v 0.010166 1.188614 0.326938
v 0.010166 1.188614 0.188651
v -0.099461 0.141657 0.305321
v -0.099461 0.141657 0.357504
v -0.177704 0.141657 0.305321
v -0.166248 0.141657 0.349862
v -0.021217 0.141657 0.305321
v -0.032677 0.141657 0.349862
v -0.099461 0.141657 0.253139
v -0.032677 0.141657 0.260781
v -0.166248 0.141657 0.260781
v -0.177704 0.248743 0.305321
v -0.166248 0.248743 0.349862
v -0.099461 0.248743 0.357504
v -0.099461 0.248743 0.305321
v -0.032677 0.248743 0.349862
v -0.021217 0.248743 0.305321
v -0.032677 0.248743 0.260781
v -0.099461 0.248743 0.253139
v -0.166248 0.248743 0.260781
v -0.236248 0.141657 0.305321
v -0.255947 0.167100 0.305321
v -0.227318 0.141657 0.335278
v -0.244038 0.167100 0.345260
v -0.199242 0.141657 0.363293
v -0.210114 0.167100 0.379119
v -0.154156 0.141657 0.383386
v -0.159348 0.167100 0.401742
v -0.099461 0.141657 0.390642
v -0.099461 0.167100 0.409687
v -0.044769 0.141657 0.383386
v -0.039577 0.167100 0.401742
v 0.000320 0.141657 0.363293
v 0.011189 0.167100 0.379119
v 0.028389 0.141657 0.335278
v 0.045113 0.167100 0.345260
v 0.037327 0.141657 0.305321
v 0.057026 0.167100 0.305321
v 0.028389 0.141657 0.275365
v 0.045113 0.167100 0.265382
v 0.000320 0.141657 0.247350
v 0.011189 0.167100 0.231524
v -0.044769 0.141657 0.227256
v -0.039577 0.167100 0.208900
v -0.099461 0.141657 0.220001
v -0.099461 0.167100 0.200956
v -0.154156 0.141657 0.227256
v -0.159348 0.167100 0.208900
v -0.199242 0.141657 0.247350
v -0.210114 0.167100 0.231524
v -0.227318 0.141657 0.275365
v -0.244038 0.167100 0.265382
v -0.255947 0.223300 0.305321
v -0.236248 0.248743 0.305321
v -0.227318 0.248743 0.335278
v -0.244038 0.223300 0.345260
v -0.199242 0.248743 0.363293
v -0.210114 0.223300 0.379119
v -0.154156 0.248743 0.383386
v -0.159348 0.223300 0.401742
v -0.099461 0.248743 0.390642
v -0.099461 0.223300 0.409687
v -0.044769 0.248743 0.383386
v -0.039577 0.223300 0.401742
v 0.000320 0.248743 0.363293
v 0.011189 0.223300 0.379119
v 0.028389 0.248743 0.335278
v 0.045113 0.223300 0.345260
v 0.037327 0.248743 0.305321
v 0.057026 0.223300 0.305321
v 0.028389 0.248743 0.275365
v 0.045113 0.223300 0.265382
v 0.000320 0.248743 0.247350
v 0.011189 0.223300 0.231524
v -0.044769 0.248743 0.227256
v -0.039577 0.223300 0.208900
v -0.099461 0.248743 0.220001
v -0.099461 0.223300 0.200956
v -0.154156 0.248743 0.227256
v -0.159348 0.223300 0.208900
v -0.199242 0.248743 0.247350
v -0.210114 0.223300 0.231524
v -0.227318 0.248743 0.275365
v -0.244038 0.223300 0.265382
v 0.116127 0.141657 0.416496
v 0.159286 0.141657 0.445827
v 0.072147 0.141657 0.481209
v 0.115425 0.141657 0.496769
v 0.160107 0.141657 0.351782
v 0.190506 0.141657 0.386294
v 0.072968 0.141657 0.387164
v 0.116829 0.141657 0.336222
v 0.041748 0.141657 0.446697
v 0.072147 0.248743 0.481209
v 0.115425 0.248743 0.496769
v 0.159286 0.248743 0.445827
v 0.116127 0.248743 0.416496
v 0.190506 0.248743 0.386294
v 0.160107 0.248743 0.351782
v 0.116829 0.248743 0.336222
v 0.072968 0.248743 0.387164
v 0.041748 0.248743 0.446697
v 0.039238 0.141657 0.529629
v 0.028168 0.167100 0.545922
v 0.069035 0.141657 0.539081
v 0.067894 0.167100 0.558520
v 0.107986 0.141657 0.531608
v 0.114967 0.167100 0.549493
v 0.149948 0.141657 0.505612
v 0.162212 0.167100 0.520223
v 0.186691 0.141657 0.464453
v 0.202442 0.167100 0.475158
v 0.211433 0.141657 0.415138
v 0.229534 0.167100 0.421163
v 0.220158 0.141657 0.366554
v 0.239357 0.167100 0.366460
v 0.212765 0.141657 0.327590
v 0.230423 0.167100 0.319369
v 0.193012 0.141657 0.303362
v 0.204086 0.167100 0.287069
v 0.163216 0.141657 0.293914
v 0.164356 0.167100 0.274471
v 0.124264 0.141657 0.301383
v 0.117287 0.167100 0.283498
v 0.082302 0.141657 0.327379
v 0.070038 0.167100 0.312768
v 0.045559 0.141657 0.368538
v 0.029808 0.167100 0.357833
v 0.020817 0.141657 0.417853
v 0.002716 0.167100 0.411828
v 0.012093 0.141657 0.466437
v -0.007107 0.167100 0.466531
v 0.019482 0.141657 0.505404
v 0.001827 0.167100 0.513622
v 0.028168 0.223300 0.545922
v 0.039238 0.248743 0.529629
v 0.069035 0.248743 0.539081
v 0.067894 0.223300 0.558520
v 0.107986 0.248743 0.531608
v 0.114967 0.223300 0.549493
v 0.149948 0.248743 0.505612
v 0.162212 0.223300 0.520223
v 0.186691 0.248743 0.464453
v 0.202442 0.223300 0.475158
v 0.211433 0.248743 0.415138
v 0.229534 0.223300 0.421163
v 0.220158 0.248743 0.366554
v 0.239357 0.223300 0.366460
v 0.212765 0.248743 0.327590
v 0.230423 0.223300 0.319369
v 0.193012 0.248743 0.303362
v 0.204086 0.223300 0.287069
v 0.163216 0.248743 0.293914
v 0.164356 0.223300 0.274471
v 0.124264 0.248743 0.301383
v 0.117287 0.223300 0.283498
v 0.082302 0.248743 0.327379
v 0.070038 0.223300 0.312768
v 0.045559 0.248743 0.368538
v 0.029808 0.223300 0.357833
v 0.020817 0.248743 0.417853
v 0.002716 0.223300 0.411828
v 0.012093 0.248743 0.466437
v -0.007107 0.223300 0.466531
v 0.019482 0.248743 0.505404
v 0.001827 0.223300 0.513622
v -0.054153 0.203349 0.135431
v -0.002747 0.205474 0.144145
v -0.067356 0.235831 0.205378
v -0.021545 0.232889 0.202575
v -0.040951 0.170867 0.065483
v 0.000992 0.177437 0.083164
v -0.105560 0.201223 0.126715
v -0.086761 0.173809 0.068286
v -0.109299 0.229261 0.187697
v -0.063828 0.333156 0.160847
v -0.018017 0.330214 0.158044
v 0.000778 0.302799 0.099615
v -0.050629 0.300674 0.090900
v 0.004520 0.274762 0.038633
v -0.037426 0.268191 0.020953
v -0.083237 0.271133 0.023756
v -0.102032 0.298548 0.082185
v -0.105774 0.326586 0.143167
v -0.077232 0.260135 0.257715
v -0.079720 0.291437 0.264745
v -0.046215 0.257648 0.254734
v -0.038364 0.288119 0.260768
v -0.013878 0.247134 0.234314
v 0.000713 0.275414 0.236094
v 0.013523 0.229235 0.197364
v 0.031567 0.255261 0.194490
v 0.029896 0.206824 0.149680
v 0.049496 0.230723 0.142281
v 0.031979 0.183822 0.099573
v 0.051773 0.205538 0.087418
v 0.019791 0.164286 0.055911
v 0.038052 0.183542 0.038257
v -0.003071 0.151492 0.026137
v 0.010422 0.168079 0.002274
v -0.031075 0.146562 0.013147
v -0.026913 0.161508 -0.015044
v -0.062092 0.149052 0.016131
v -0.068268 0.164825 -0.011067
v -0.094425 0.159564 0.036547
v -0.107346 0.177531 0.013607
v -0.121826 0.177463 0.073497
v -0.138195 0.197684 0.055211
v -0.138203 0.199874 0.121181
v -0.156128 0.222221 0.107420
v -0.140285 0.222875 0.171288
v -0.158405 0.247406 0.162283
v -0.128098 0.242411 0.214950
v -0.144684 0.269402 0.211444
v -0.105236 0.255208 0.244728
v -0.117054 0.284866 0.247427
v -0.077869 0.342515 0.241375
v -0.073708 0.357460 0.213184
v -0.042690 0.354973 0.210204
v -0.036514 0.339197 0.237397
v -0.010353 0.344459 0.189784
v 0.002563 0.326492 0.212723
v 0.017048 0.326560 0.152833
v 0.033417 0.306339 0.171120
v 0.033424 0.304149 0.105150
v 0.051346 0.281801 0.118910
v 0.035503 0.281147 0.055042
v 0.053623 0.256616 0.064047
v 0.023315 0.261611 0.011380
v 0.039902 0.234620 0.014887
v 0.000454 0.248817 -0.018393
v 0.012272 0.219157 -0.021097
v -0.027550 0.243887 -0.031384
v -0.025063 0.212586 -0.038415
v -0.058567 0.246376 -0.028399
v -0.066418 0.215903 -0.034437
v -0.090900 0.256889 -0.007984
v -0.105495 0.228608 -0.009763
v -0.118301 0.274788 0.028966
v -0.136345 0.248761 0.031840
v -0.134678 0.297198 0.076651
v -0.154278 0.273299 0.084050
v -0.136757 0.320200 0.126758
v -0.156555 0.298484 0.138913
v -0.124573 0.339736 0.170420
v -0.142834 0.320480 0.188073
v -0.101711 0.352533 0.200197
v -0.115204 0.335944 0.224057
vt 0.591075 0.860684
vt 0.625225 0.863118
vt 0.625549 0.895117
vt 0.596092 0.889502
vt 0.627077 0.831365
vt 0.598131 0.832914
vt 0.659500 0.863215
vt 0.655210 0.836556
vt 0.654756 0.890348
vt 0.662732 0.541887
vt 0.662876 0.538944
vt 0.707591 0.551865
vt 0.706326 0.554514
vt 0.618176 0.547358
vt 0.617123 0.544603
vt 0.579952 0.569565
vt 0.577865 0.567477
vt 0.553627 0.604832
vt 0.550862 0.603792
vt 0.543215 0.647562
vt 0.540265 0.647769
vt 0.550106 0.689690
vt 0.547518 0.691167
vt 0.570863 0.725646
vt 0.568873 0.728793
vt 0.605916 0.731210
vt 0.605213 0.733672
vt 0.642088 0.736527
vt 0.641665 0.738702
vt 0.679096 0.740750
vt 0.678777 0.743181
vt 0.716819 0.747872
vt 0.717826 0.751717
vt 0.747516 0.714604
vt 0.753485 0.799501
vt 0.764510 0.671945
vt 0.767357 0.852447
vt 0.762941 0.624851
vt 0.760006 0.906200
vt 0.741858 0.582604
vt 0.744146 0.580697
vt 0.663046 0.535124
vt 0.632355 0.994597
vt 0.684486 0.981870
vt 0.709220 0.548403
vt 0.615743 0.541036
vt 0.579475 0.986352
vt 0.575151 0.564781
vt 0.533971 0.959015
vt 0.547275 0.602457
vt 0.502147 0.918112
vt 0.536447 0.648061
vt 0.485883 0.872518
vt 0.544192 0.693112
vt 0.524323 0.759296
vt 0.566395 0.732931
vt 0.566226 0.736561
vt 0.604439 0.736908
vt 0.603924 0.739357
vt 0.641114 0.741593
vt 0.640683 0.743772
vt 0.678243 0.746392
vt 0.677728 0.748833
vt 0.716384 0.756063
vt 0.715211 0.759375
vt 0.750225 0.801492
vt 0.747704 0.803012
vt 0.763575 0.852940
vt 0.760662 0.853305
vt 0.756312 0.905238
vt 0.753488 0.904485
vt 0.730225 0.951418
vt 0.727819 0.949641
vt 0.631811 0.987457
vt 0.631589 0.984599
vt 0.679822 0.972983
vt 0.681158 0.975521
vt 0.581730 0.979557
vt 0.582626 0.976835
vt 0.538585 0.953544
vt 0.540422 0.951343
vt 0.508330 0.914503
vt 0.510800 0.913014
vt 0.492832 0.870680
vt 0.495683 0.869802
vt 0.486769 0.832333
vt 0.529323 0.768564
vt 0.565958 0.745331
vt 0.565951 0.748852
vt 0.602879 0.745339
vt 0.602531 0.747783
vt 0.639624 0.748980
vt 0.639190 0.751109
vt 0.676309 0.754636
vt 0.675636 0.756994
vt 0.712147 0.767127
vt 0.710837 0.770139
vt 0.741610 0.806753
vt 0.739164 0.808268
vt 0.753628 0.854195
vt 0.750808 0.854557
vt 0.746676 0.902658
vt 0.743944 0.901920
vt 0.722040 0.945330
vt 0.719734 0.943593
vt 0.629320 0.958597
vt 0.629122 0.955969
vt 0.666214 0.947634
vt 0.667436 0.949977
vt 0.590561 0.951924
vt 0.591398 0.949427
vt 0.557057 0.930940
vt 0.558780 0.928940
vt 0.533665 0.898673
vt 0.536011 0.897407
vt 0.523551 0.858901
vt 0.526419 0.858404
vt 0.517776 0.826010
vt 0.539763 0.806503
vt 0.569436 0.779444
vt 0.570224 0.782272
vt 0.602204 0.772104
vt 0.602332 0.774572
vt 0.635353 0.772796
vt 0.634925 0.775053
vt 0.667433 0.779221
vt 0.666392 0.781466
vt 0.695650 0.793751
vt 0.693956 0.795944
vt 0.716526 0.822317
vt 0.714179 0.823665
vt 0.724885 0.858154
vt 0.722241 0.858462
vt 0.718830 0.895184
vt 0.716291 0.894439
vt 0.698971 0.927517
vt 0.696906 0.925845
vt 0.628280 0.944725
vt 0.628100 0.942196
vt 0.659815 0.935336
vt 0.660986 0.937599
vt 0.594983 0.938753
vt 0.595805 0.936362
vt 0.566174 0.920415
vt 0.567866 0.918527
vt 0.546115 0.892112
vt 0.548451 0.891008
vt 0.538615 0.857204
vt 0.541356 0.857092
vt 0.549327 0.816886
vt 0.551533 0.819007
vt 0.574360 0.794057
vt 0.575442 0.796611
vt 0.603252 0.785160
vt 0.603543 0.787552
vt 0.633144 0.784754
vt 0.632759 0.786973
vt 0.661799 0.790995
vt 0.660725 0.793154
vt 0.686486 0.805008
vt 0.684749 0.806997
vt 0.704041 0.829320
vt 0.701727 0.830566
vt 0.710879 0.859730
vt 0.708304 0.859995
vt 0.705403 0.891216
vt 0.702946 0.890473
vt 0.688085 0.918660
vt 0.686106 0.917029
vt 0.627129 0.928255
vt 0.626996 0.925734
vt 0.652238 0.920577
vt 0.653368 0.922850
vt 0.600371 0.923212
vt 0.601241 0.920853
vt 0.577314 0.908252
vt 0.579075 0.906437
vt 0.561422 0.885321
vt 0.563814 0.884367
vt 0.556145 0.857605
vt 0.558825 0.857758
vt 0.563786 0.829083
vt 0.566040 0.830736
vt 0.582477 0.809887
vt 0.583856 0.812174
vt 0.605849 0.800992
vt 0.606331 0.803409
vt 0.630869 0.799745
vt 0.630544 0.802072
vt 0.654686 0.805314
vt 0.653569 0.807511
vt 0.674873 0.817558
vt 0.673050 0.819403
vt 0.688788 0.837188
vt 0.686427 0.838323
vt 0.694006 0.861315
vt 0.691417 0.861497
vt 0.689333 0.886306
vt 0.686884 0.885510
vt 0.675205 0.907978
vt 0.673265 0.906308
vt 0.660387 0.589993
vt 0.629592 0.593083
vt 0.611771 0.579107
vt 0.587831 0.599649
vt 0.601263 0.616338
vt 0.592981 0.643638
vt 0.596398 0.670977
vt 0.581666 0.690276
vt 0.601868 0.706514
vt 0.620494 0.692247
vt 0.649171 0.697267
vt 0.678587 0.699863
vt 0.691880 0.718943
vt 0.716625 0.707999
vt 0.707001 0.684808
vt 0.717093 0.657788
vt 0.714448 0.627832
vt 0.730019 0.613040
vt 0.709323 0.587682
vt 0.690077 0.599069
vt 0.589132 0.956304
vt 0.629695 0.963191
vt 0.554085 0.934477
vt 0.529598 0.901008
vt 0.518624 0.861131
vt 0.512682 0.826997
vt 0.568227 0.774389
vt 0.602062 0.767751
vt 0.636107 0.768830
vt 0.669202 0.775265
vt 0.698550 0.789841
vt 0.720600 0.819910
vt 0.729500 0.857572
vt 0.723277 0.896448
vt 0.702606 0.930408
vt 0.669600 0.954059
vt 0.599568 0.925443
vt 0.627271 0.930632
vt 0.575669 0.909976
vt 0.559178 0.886235
vt 0.553628 0.857468
vt 0.561674 0.827503
vt 0.581201 0.807706
vt 0.605414 0.798698
vt 0.631184 0.797542
vt 0.655736 0.803231
vt 0.676584 0.815798
vt 0.691011 0.836096
vt 0.696448 0.861124
vt 0.691649 0.887043
vt 0.677048 0.909541
vt 0.654448 0.924987
vt 0.613622 0.643455
vt 0.617972 0.628202
vt 0.641632 0.609970
vt 0.638328 0.644219
vt 0.634744 0.677342
vt 0.615247 0.658551
vt 0.672813 0.648204
vt 0.668382 0.681468
vt 0.651335 0.681222
vt 0.655679 0.645601
vt 0.659048 0.608706
vt 0.676042 0.613354
vt 0.624834 0.686076
vt 0.604150 0.667001
vt 0.608270 0.619812
vt 0.633094 0.600072
vt 0.695645 0.636783
vt 0.685832 0.605194
vt 0.706713 0.630148
vt 0.692115 0.667880
vt 0.700721 0.679047
vt 0.675852 0.692469
vt 0.600759 0.643431
vt 0.659908 0.596997
vt 0.650044 0.691304
vt 0.709588 0.655826
vt 0.696955 0.653042
vt 0.746412 0.577520
vt 0.685859 0.984504
vt 0.476702 0.831879
vt 0.483029 0.873228
vt 0.499585 0.919586
vt 0.532054 0.961275
vt 0.578535 0.989167
vt 0.632576 0.997559
vt 0.733814 0.952998
vt 0.765853 0.624282
vt 0.767357 0.672772
vt 0.749635 0.716670
vt 0.489652 0.832304
vt 0.535478 0.797008
vt 0.537592 0.803867
vt 0.479652 0.831907
vt 0.528008 0.765675
vt 0.522897 0.756741
vt 0.839729 0.023047
vt 0.839729 0.043651
vt 0.819125 0.043651
vt 0.822142 0.026064
vt 0.860333 0.043651
vt 0.857316 0.026064
vt 0.839729 0.064255
vt 0.857316 0.061238
vt 0.822142 0.061238
vt 0.839729 0.023047
vt 0.822142 0.026064
vt 0.819125 0.043651
vt 0.839729 0.043651
vt 0.860333 0.043651
vt 0.857316 0.026064
vt 0.839729 0.064255
vt 0.857316 0.061238
vt 0.822142 0.061238
vt 0.803708 0.043651
vt 0.798521 0.043651
vt 0.801658 0.059421
vt 0.806060 0.055479
vt 0.806060 0.031823
vt 0.801658 0.027881
vt 0.813453 0.020761
vt 0.810591 0.014513
vt 0.825326 0.012828
vt 0.823959 0.005580
vt 0.839729 0.009963
vt 0.839729 0.002443
vt 0.854132 0.012828
vt 0.855499 0.005580
vt 0.866005 0.020761
vt 0.868867 0.014513
vt 0.873396 0.031823
vt 0.877800 0.027881
vt 0.875750 0.043651
vt 0.880937 0.043651
vt 0.873396 0.055479
vt 0.877800 0.059421
vt 0.866005 0.066541
vt 0.868867 0.072789
vt 0.854132 0.074474
vt 0.855499 0.081722
vt 0.839729 0.077339
vt 0.839729 0.084859
vt 0.825326 0.074474
vt 0.823959 0.081722
vt 0.813453 0.066541
vt 0.810591 0.072789
vt 0.798521 0.043651
vt 0.803708 0.043651
vt 0.806060 0.055479
vt 0.801658 0.059421
vt 0.801658 0.027881
vt 0.806060 0.031823
vt 0.810591 0.014513
vt 0.813453 0.020761
vt 0.823959 0.005580
vt 0.825326 0.012828
vt 0.839729 0.002443
vt 0.839729 0.009963
vt 0.855499 0.005580
vt 0.854132 0.012828
vt 0.868867 0.014513
vt 0.866005 0.020761
vt 0.877800 0.027881
vt 0.873396 0.031823
vt 0.880937 0.043651
vt 0.875750 0.043651
vt 0.877800 0.059421
vt 0.873396 0.055479
vt 0.868867 0.072789
vt 0.866005 0.066541
vt 0.855499 0.081722
vt 0.854132 0.074474
vt 0.839729 0.084859
vt 0.839729 0.077339
vt 0.823959 0.081722
vt 0.825326 0.074474
vt 0.810591 0.072789
vt 0.813453 0.066541
vt 0.670350 0.023047
vt 0.670350 0.043651
vt 0.649746 0.043651
vt 0.652764 0.026064
vt 0.690954 0.043651
vt 0.687937 0.026064
vt 0.670350 0.064255
vt 0.687937 0.061238
vt 0.652764 0.061238
vt 0.670350 0.023047
vt 0.652764 0.026064
vt 0.649746 0.043651
vt 0.670350 0.043651
vt 0.690954 0.043651
vt 0.687937 0.026064
vt 0.670350 0.064255
vt 0.687937 0.061238
vt 0.652764 0.061238
vt 0.634330 0.043651
vt 0.629142 0.043651
vt 0.632279 0.059421
vt 0.636682 0.055479
vt 0.636682 0.031823
vt 0.632279 0.027881
vt 0.644075 0.020761
vt 0.641212 0.014513
vt 0.655948 0.012828
vt 0.654581 0.005580
vt 0.670350 0.009963
vt 0.670350 0.002443
vt 0.684753 0.012828
vt 0.686120 0.005580
vt 0.696626 0.020761
vt 0.699489 0.014513
vt 0.704018 0.031823
vt 0.708422 0.027881
vt 0.706371 0.043651
vt 0.711559 0.043651
vt 0.704018 0.055479
vt 0.708422 0.059421
vt 0.696626 0.066541
vt 0.699489 0.072790
vt 0.684753 0.074474
vt 0.686120 0.081722
vt 0.670350 0.077339
vt 0.670350 0.084859
vt 0.655948 0.074474
vt 0.654581 0.081722
vt 0.644075 0.066541
vt 0.641212 0.072790
vt 0.629142 0.043651
vt 0.634330 0.043651
vt 0.636682 0.055479
vt 0.632279 0.059421
vt 0.632279 0.027881
vt 0.636682 0.031823
vt 0.641212 0.014513
vt 0.644075 0.020761
vt 0.654581 0.005580
vt 0.655948 0.012828
vt 0.670350 0.002443
vt 0.670350 0.009963
vt 0.686120 0.005580
vt 0.684753 0.012828
vt 0.699489 0.014513
vt 0.696626 0.020761
vt 0.708422 0.027881
vt 0.704018 0.031823
vt 0.711559 0.043651
vt 0.706371 0.043651
vt 0.708422 0.059421
vt 0.704018 0.055479
vt 0.699489 0.072790
vt 0.696626 0.066541
vt 0.686120 0.081722
vt 0.684753 0.074474
vt 0.670350 0.084859
vt 0.670350 0.077339
vt 0.654581 0.081722
vt 0.655948 0.074474
vt 0.641212 0.072790
vt 0.644075 0.066541
vt 0.775644 0.043651
vt 0.755040 0.043651
vt 0.755040 0.023047
vt 0.772626 0.026064
vt 0.755040 0.064255
vt 0.772626 0.061238
vt 0.734436 0.043651
vt 0.737453 0.061238
vt 0.737453 0.026064
vt 0.775644 0.043651
vt 0.772626 0.026064
vt 0.755040 0.023047
vt 0.755040 0.043651
vt 0.755040 0.064255
vt 0.772626 0.061238
vt 0.734436 0.043651
vt 0.737453 0.061238
vt 0.737453 0.026064
vt 0.755040 0.007630
vt 0.755040 0.002443
vt 0.739270 0.005580
vt 0.743212 0.009982
vt 0.766868 0.009982
vt 0.770809 0.005580
vt 0.777929 0.017375
vt 0.784178 0.014513
vt 0.785863 0.029248
vt 0.793111 0.027881
vt 0.788728 0.043651
vt 0.796248 0.043651
vt 0.785863 0.058054
vt 0.793111 0.059421
vt 0.777929 0.069927
vt 0.784178 0.072789
vt 0.766868 0.077318
vt 0.770809 0.081722
vt 0.755040 0.079672
vt 0.755040 0.084859
vt 0.743212 0.077318
vt 0.739270 0.081722
vt 0.732150 0.069927
vt 0.725901 0.072789
vt 0.724216 0.058054
vt 0.716968 0.059421
vt 0.721351 0.043651
vt 0.713832 0.043651
vt 0.724216 0.029248
vt 0.716968 0.027881
vt 0.732150 0.017375
vt 0.725901 0.014513
vt 0.755040 0.002443
vt 0.755040 0.007630
vt 0.743212 0.009982
vt 0.739270 0.005580
vt 0.770809 0.005580
vt 0.766868 0.009982
vt 0.784178 0.014513
vt 0.777929 0.017375
vt 0.793111 0.027881
vt 0.785863 0.029248
vt 0.796248 0.043651
vt 0.788728 0.043651
vt 0.793111 0.059421
vt 0.785863 0.058054
vt 0.784178 0.072789
vt 0.777929 0.069927
vt 0.770809 0.081722
vt 0.766868 0.077318
vt 0.755040 0.084859
vt 0.755040 0.079672
vt 0.739270 0.081722
vt 0.743212 0.077318
vt 0.725901 0.072789
vt 0.732150 0.069927
vt 0.716968 0.059421
vt 0.724216 0.058054
vt 0.713832 0.043651
vt 0.721351 0.043651
vt 0.716968 0.027881
vt 0.724216 0.029248
vt 0.725901 0.014513
vt 0.732150 0.017375
vn -0.000000 1.000000 0.000000
vn 0.000000 1.000000 -0.000000
vn -0.000000 1.000000 -0.000000
vn -0.000000 1.000000 0.000000
vn 0.000000 1.000000 0.000000
vn 0.000000 1.000000 0.000000
vn -0.000000 1.000000 -0.000000
vn 0.000000 1.000000 -0.000000
vn -0.000000 1.000000 -0.000001
vn -0.092804 -0.995685 -0.000000
vn -0.949070 -0.315065 0.000000
vn -0.876829 -0.315041 -0.363208
vn -0.119766 -0.991562 -0.049609
vn -0.119766 -0.991562 0.049609
vn -0.876830 -0.315038 0.363207
vn -0.124876 -0.984283 0.124872
vn -0.671102 -0.315025 0.671104
vn -0.049610 -0.991562 0.119765
vn -0.363199 -0.315054 0.876828
vn -0.000000 -0.995684 0.092805
vn -0.000000 -0.315061 0.949071
vn 0.049613 -0.991562 0.119764
vn 0.363182 -0.315031 0.876844
vn 0.124877 -0.984283 0.124874
vn 0.671102 -0.315005 0.671114
vn 0.119765 -0.991562 0.049609
vn 0.876830 -0.315038 0.363207
vn 0.092804 -0.995685 0.000000
vn 0.949070 -0.315065 0.000000
vn 0.119766 -0.991562 -0.049608
vn 0.876829 -0.315041 -0.363208
vn 0.124877 -0.984283 -0.124874
vn 0.671101 -0.315007 -0.671114
vn 0.049613 -0.991562 -0.119764
vn 0.363182 -0.315027 -0.876845
vn -0.000000 -0.995684 -0.092805
vn 0.000000 -0.315053 -0.949074
vn -0.049610 -0.991562 -0.119765
vn -0.363200 -0.315050 -0.876829
vn -0.124876 -0.984283 -0.124871
vn -0.671101 -0.315027 -0.671105
vn -0.949069 0.315069 -0.000000
vn -0.260644 0.965435 -0.000001
vn -0.240816 0.965432 -0.099748
vn -0.876828 0.315044 -0.363207
vn -0.876830 0.315042 0.363206
vn -0.240815 0.965432 0.099748
vn -0.671101 0.315028 0.671104
vn -0.184312 0.965433 0.184307
vn -0.363198 0.315057 0.876827
vn -0.099747 0.965434 0.240806
vn 0.000000 0.315066 0.949070
vn -0.000000 0.965435 0.260644
vn 0.363182 0.315035 0.876842
vn 0.099755 0.965433 0.240806
vn 0.671100 0.315008 0.671114
vn 0.184306 0.965434 0.184304
vn 0.876830 0.315042 0.363206
vn 0.240805 0.965435 0.099745
vn 0.949069 0.315069 0.000000
vn 0.260644 0.965435 0.000001
vn 0.876828 0.315045 -0.363206
vn 0.240805 0.965435 -0.099744
vn 0.671099 0.315010 -0.671114
vn 0.184307 0.965434 -0.184304
vn 0.363182 0.315031 -0.876843
vn 0.099755 0.965433 -0.240808
vn 0.000000 0.315058 -0.949072
vn -0.000000 0.965435 -0.260646
vn -0.363199 0.315054 -0.876828
vn -0.099747 0.965434 -0.240806
vn -0.671099 0.315030 -0.671105
vn -0.184312 0.965433 -0.184307
vn -0.177276 0.984161 -0.000000
vn -0.986837 0.161721 0.000000
vn -0.911722 0.161715 -0.377640
vn -0.163787 0.984160 -0.067840
vn -0.163787 0.984160 0.067839
vn -0.911721 0.161715 0.377641
vn -0.125356 0.984161 0.125353
vn -0.697798 0.161701 0.697804
vn -0.067844 0.984159 0.163791
vn -0.377651 0.161684 0.911723
vn 0.000000 0.984160 0.177281
vn -0.000000 0.161686 0.986842
vn 0.067847 0.984161 0.163780
vn 0.377641 0.161689 0.911726
vn 0.125354 0.984160 0.125358
vn 0.697805 0.161682 0.697802
vn 0.163778 0.984162 0.067839
vn 0.911719 0.161701 0.377653
vn 0.177276 0.984161 0.000000
vn 0.986837 0.161721 -0.000000
vn 0.163779 0.984162 -0.067839
vn 0.911718 0.161701 -0.377654
vn 0.125355 0.984160 -0.125359
vn 0.697805 0.161682 -0.697802
vn 0.067847 0.984161 -0.163782
vn 0.377641 0.161688 -0.911726
vn 0.000000 0.984160 -0.177282
vn -0.000000 0.161684 -0.986843
vn -0.067844 0.984160 -0.163790
vn -0.377651 0.161682 -0.911723
vn -0.125357 0.984161 -0.125353
vn -0.697798 0.161701 -0.697804
vn -0.920243 0.391347 -0.000000
vn -0.175471 0.984485 0.000000
vn -0.162112 0.984485 -0.067147
vn -0.850180 0.391384 -0.352155
vn -0.850179 0.391384 0.352156
vn -0.162112 0.984485 0.067147
vn -0.650700 0.391401 0.650688
vn -0.124072 0.984486 0.124075
vn -0.352140 0.391394 0.850181
vn -0.067155 0.984486 0.162106
vn 0.000000 0.391406 0.920218
vn -0.000000 0.984486 0.175464
vn 0.352149 0.391402 0.850174
vn 0.067148 0.984486 0.162108
vn 0.650696 0.391372 0.650710
vn 0.124075 0.984485 0.124073
vn 0.850190 0.391350 0.352168
vn 0.162112 0.984485 0.067149
vn 0.920243 0.391348 0.000000
vn 0.175471 0.984485 -0.000000
vn 0.850189 0.391350 -0.352169
vn 0.162112 0.984485 -0.067149
vn 0.650696 0.391373 -0.650709
vn 0.124075 0.984485 -0.124073
vn 0.352148 0.391404 -0.850174
vn 0.067147 0.984486 -0.162109
vn 0.000000 0.391410 -0.920216
vn 0.000000 0.984486 -0.175464
vn -0.352141 0.391398 -0.850179
vn -0.067155 0.984486 -0.162106
vn -0.650698 0.391399 -0.650691
vn -0.124072 0.984486 -0.124075
vn -0.105410 0.994429 0.000000
vn -0.969510 0.245052 -0.000000
vn -0.895712 0.245044 -0.371017
vn -0.097389 0.994429 -0.040339
vn -0.097389 0.994429 0.040339
vn -0.895712 0.245044 0.371017
vn -0.074539 0.994429 0.074537
vn -0.685543 0.245037 0.685556
vn -0.040344 0.994429 0.097387
vn -0.371017 0.245018 0.895719
vn 0.000000 0.994429 0.105412
vn -0.000000 0.245004 0.969522
vn 0.040343 0.994429 0.097386
vn 0.371006 0.245001 0.895728
vn 0.074539 0.994428 0.074541
vn 0.685556 0.244996 0.685559
vn 0.097389 0.994429 0.040341
vn 0.895718 0.244992 0.371037
vn 0.105415 0.994428 -0.000000
vn 0.969524 0.244998 0.000000
vn 0.097389 0.994428 -0.040341
vn 0.895718 0.244992 -0.371036
vn 0.074539 0.994428 -0.074542
vn 0.685555 0.244995 -0.685560
vn 0.040343 0.994429 -0.097387
vn 0.371007 0.245002 -0.895727
vn 0.000000 0.994429 -0.105413
vn -0.000000 0.245004 -0.969522
vn -0.040344 0.994429 -0.097387
vn -0.371016 0.245017 -0.895720
vn -0.074539 0.994429 -0.074537
vn -0.685544 0.245037 -0.685555
vn -0.865023 0.501732 0.000001
vn -0.063378 0.997990 -0.000000
vn -0.063477 0.997637 -0.026292
vn -0.799172 0.501737 -0.331033
vn -0.799175 0.501733 0.331033
vn -0.063477 0.997637 0.026292
vn -0.611675 0.501707 0.611673
vn -0.059423 0.996463 0.059426
vn -0.331020 0.501707 0.799197
vn -0.026295 0.997637 0.063474
vn 0.000000 0.501714 0.865033
vn -0.000000 0.997990 0.063377
vn 0.331008 0.501704 0.799204
vn 0.026294 0.997637 0.063475
vn 0.611674 0.501707 0.611673
vn 0.059421 0.996463 0.059425
vn 0.799171 0.501734 0.331043
vn 0.063474 0.997637 0.026293
vn 0.865023 0.501733 0.000001
vn 0.063379 0.997990 0.000000
vn 0.799168 0.501737 -0.331046
vn 0.063474 0.997637 -0.026293
vn 0.611672 0.501713 -0.611671
vn 0.059421 0.996463 -0.059425
vn 0.331007 0.501710 -0.799200
vn 0.026294 0.997637 -0.063475
vn 0.000000 0.501722 -0.865029
vn -0.000000 0.997990 -0.063378
vn -0.331016 0.501709 -0.799198
vn -0.026295 0.997637 -0.063474
vn -0.611672 0.501713 -0.611671
vn -0.059423 0.996463 -0.059426
vn -0.243787 -0.969829 0.000000
vn -0.272433 -0.950147 0.151660
vn 0.000000 -1.000000 -0.000000
vn 0.000000 -1.000000 -0.000001
vn -0.000000 -0.969830 0.243782
vn -0.151666 -0.950146 0.272436
vn 0.151659 -0.950148 0.272430
vn 0.000000 -1.000000 -0.000000
vn 0.000000 -1.000000 0.000000
vn 0.243780 -0.969831 -0.000000
vn 0.272431 -0.950148 0.151660
vn 0.272431 -0.950148 -0.151660
vn 0.000000 -1.000000 0.000000
vn 0.000000 -1.000000 0.000001
vn -0.000000 -0.969830 -0.243782
vn 0.151659 -0.950148 -0.272430
vn -0.151666 -0.950145 -0.272436
vn 0.000000 -1.000000 0.000000
vn 0.000000 -1.000000 0.000000
vn -0.272433 -0.950147 -0.151660
vn -0.923882 0.000000 0.382676
vn -1.000000 0.000000 0.000000
vn -0.707106 0.000000 0.707107
vn -0.382686 0.000000 0.923879
vn 0.000000 0.000000 1.000000
vn 0.382681 0.000000 0.923880
vn 0.707106 0.000000 0.707107
vn 0.923878 0.000000 0.382688
vn 1.000000 0.000000 -0.000000
vn 0.923878 0.000000 -0.382688
vn 0.707106 0.000000 -0.707107
vn 0.382681 0.000000 -0.923881
vn -0.000000 0.000000 -1.000000
vn -0.382686 0.000000 -0.923878
vn -0.707106 0.000000 -0.707108
vn -0.923883 0.000000 -0.382676
vn -0.923880 0.000000 0.382683
vn -1.000000 0.000000 0.000000
vn -0.707102 0.000000 0.707112
vn -0.382689 0.000000 0.923877
vn 0.000000 0.000000 1.000000
vn 0.382675 0.000000 0.923883
vn 0.707103 0.000000 0.707111
vn 0.923874 0.000000 0.382697
vn 1.000000 0.000000 0.000001
vn 0.923874 0.000000 -0.382697
vn 0.707102 0.000000 -0.707112
vn 0.382677 0.000000 -0.923882
vn -0.000000 0.000000 -1.000000
vn -0.382687 0.000000 -0.923878
vn -0.707103 0.000000 -0.707111
vn -0.923880 0.000000 -0.382683
vn -0.000000 -0.967528 0.252764
vn -0.139494 -0.955655 0.259353
vn -0.249289 -0.959102 0.134085
vn 0.000000 -1.000000 -0.000000
vn 0.249284 -0.959104 0.134081
vn 0.139488 -0.955656 0.259353
vn 0.000000 -1.000000 -0.000001
vn 0.249284 -0.959104 -0.134081
vn 0.236409 -0.971654 -0.000000
vn 0.000000 -1.000000 0.000000
vn -0.236414 -0.971652 0.000000
vn -0.249289 -0.959102 -0.134084
vn 0.745773 -0.490079 0.451270
vn 0.451261 -0.490086 0.745774
vn -0.451266 -0.490096 0.745765
vn -0.745769 -0.490089 0.451266
vn -0.139494 -0.955656 -0.259353
vn -0.745769 -0.490090 -0.451266
vn -0.451266 -0.490098 -0.745763
vn 0.139488 -0.955656 -0.259353
vn 0.451261 -0.490088 -0.745773
vn 0.745772 -0.490080 -0.451271
vn 0.000000 -0.419495 0.907758
vn -0.907767 -0.419476 0.000000
vn 0.907775 -0.419457 -0.000000
vn 0.000000 -0.419496 -0.907757
vn -0.000000 -0.967528 -0.252763
vn 0.000000 -1.000000 0.000001
vn 0.000000 -1.000000 0.000000
vn 0.000000 1.000000 -0.000000
vn 0.000000 1.000000 -0.000000
vn 0.000000 1.000000 -0.000000
vn 0.000000 1.000000 -0.000000
vn 0.000000 1.000000 -0.000000
vn 0.000000 1.000000 0.000000
vn 0.000000 1.000000 0.000000
vn 0.000000 1.000000 -0.000000
vn 0.000000 1.000000 0.000000
vn 0.000000 -1.000000 0.000000
vn 0.000000 -1.000000 -0.000000
vn 0.000000 -1.000000 -0.000000
vn 0.000000 -1.000000 0.000000
vn 0.000000 -1.000000 0.000000
vn 0.000000 -1.000000 0.000000
vn 0.000000 -1.000000 0.000000
vn 0.000000 -1.000000 0.000000
vn 0.000000 -1.000000 -0.000000
vn -0.365023 -0.930999 -0.000000
vn -0.980302 -0.197507 0.000000
vn -0.831364 -0.201186 -0.518033
vn -0.337975 -0.916858 -0.212470
vn -0.337975 -0.916859 0.212470
vn -0.831364 -0.201186 0.518033
vn -0.288079 -0.853211 0.434790
vn -0.542062 -0.207713 0.814263
vn -0.125844 -0.880391 0.457248
vn -0.259972 -0.211885 0.942083
vn 0.000000 -0.888191 0.459474
vn -0.000000 -0.213153 0.977019
vn 0.125848 -0.880388 0.457252
vn 0.259981 -0.211883 0.942080
vn 0.288093 -0.853208 0.434787
vn 0.542062 -0.207709 0.814264
vn 0.337941 -0.916872 0.212465
vn 0.831348 -0.201188 0.518058
vn 0.365079 -0.930977 0.000000
vn 0.980297 -0.197528 0.000000
vn 0.337942 -0.916872 -0.212465
vn 0.831349 -0.201189 -0.518057
vn 0.288092 -0.853209 -0.434784
vn 0.542062 -0.207710 -0.814264
vn 0.125847 -0.880388 -0.457252
vn 0.259980 -0.211882 -0.942081
vn 0.000000 -0.888192 -0.459472
vn -0.000000 -0.213151 -0.977019
vn -0.125844 -0.880391 -0.457248
vn -0.259972 -0.211884 -0.942083
vn -0.288078 -0.853212 -0.434788
vn -0.542062 -0.207713 -0.814263
vn -0.980302 0.197507 0.000000
vn -0.365023 0.930999 -0.000000
vn -0.337975 0.916858 -0.212471
vn -0.831364 0.201186 -0.518033
vn -0.831364 0.201186 0.518033
vn -0.337975 0.916859 0.212470
vn -0.542061 0.207713 0.814263
vn -0.288079 0.853211 0.434789
vn -0.259972 0.211885 0.942083
vn -0.125843 0.880391 0.457248
vn -0.000000 0.213153 0.977019
vn 0.000000 0.888192 0.459474
vn 0.259981 0.211883 0.942080
vn 0.125848 0.880388 0.457252
vn 0.542062 0.207709 0.814264
vn 0.288092 0.853208 0.434787
vn 0.831348 0.201188 0.518058
vn 0.337941 0.916872 0.212465
vn 0.980297 0.197528 0.000000
vn 0.365079 0.930977 -0.000000
vn 0.831349 0.201189 -0.518057
vn 0.337941 0.916872 -0.212465
vn 0.542062 0.207710 -0.814264
vn 0.288091 0.853209 -0.434784
vn 0.259980 0.211882 -0.942081
vn 0.125847 0.880388 -0.457252
vn -0.000000 0.213151 -0.977019
vn 0.000000 0.888192 -0.459472
vn -0.259972 0.211884 -0.942083
vn -0.125844 0.880391 -0.457248
vn -0.542062 0.207713 -0.814263
vn -0.288078 0.853212 -0.434787
vn 0.000000 1.000000 -0.000000
vn 0.000000 1.000000 0.000000
vn 0.000000 1.000000 -0.000000
vn 0.000000 1.000000 0.000000
vn 0.000000 1.000000 0.000000
vn 0.000000 1.000000 -0.000000
vn 0.000000 1.000000 0.000000
vn 0.000000 1.000000 -0.000000
vn 0.000000 1.000000 -0.000000
vn 0.000000 -1.000000 -0.000000
vn 0.000000 -1.000000 -0.000000
vn 0.000000 -1.000000 0.000000
vn 0.000000 -1.000000 -0.000000
vn 0.000000 -1.000000 0.000000
vn 0.000000 -1.000000 0.000000
vn 0.000000 -1.000000 0.000000
vn 0.000000 -1.000000 0.000000
vn 0.000000 -1.000000 0.000000
vn -0.205179 -0.930997 0.301903
vn -0.551009 -0.197499 0.810792
vn -0.895757 -0.201176 0.396419
vn -0.365701 -0.916859 0.160102
vn -0.014242 -0.916859 0.398958
vn -0.038830 -0.201178 0.978785
vn 0.197672 -0.853211 0.482657
vn 0.368775 -0.207709 0.906014
vn 0.307450 -0.880386 0.361102
vn 0.633053 -0.211882 0.744547
vn 0.380031 -0.888186 0.258268
vn 0.808072 -0.213151 0.549168
vn 0.448929 -0.880382 0.152937
vn 0.925300 -0.211884 0.314522
vn 0.521547 -0.853200 0.006115
vn 0.978143 -0.207721 0.009365
vn 0.365685 -0.916869 -0.160080
vn 0.895764 -0.201204 -0.396388
vn 0.205201 -0.930982 -0.301934
vn 0.551013 -0.197530 -0.810782
vn 0.014241 -0.916866 -0.398941
vn 0.038828 -0.201195 -0.978781
vn -0.197665 -0.853213 -0.482655
vn -0.368767 -0.207712 -0.906017
vn -0.307438 -0.880393 -0.361096
vn -0.633040 -0.211875 -0.744560
vn -0.380013 -0.888197 -0.258256
vn -0.808072 -0.213151 -0.549168
vn -0.448908 -0.880395 -0.152930
vn -0.925300 -0.211885 -0.314523
vn -0.521520 -0.853217 -0.006127
vn -0.978145 -0.207712 -0.009371
vn -0.551009 0.197499 0.810792
vn -0.205179 0.930997 0.301903
vn -0.365701 0.916859 0.160102
vn -0.895757 0.201176 0.396419
vn -0.038830 0.201179 0.978785
vn -0.014242 0.916859 0.398958
vn 0.368775 0.207709 0.906014
vn 0.197672 0.853211 0.482657
vn 0.633053 0.211882 0.744547
vn 0.307450 0.880386 0.361102
vn 0.808072 0.213151 0.549168
vn 0.380031 0.888186 0.258268
vn 0.925300 0.211884 0.314522
vn 0.448929 0.880382 0.152937
vn 0.978143 0.207721 0.009365
vn 0.521547 0.853201 0.006115
vn 0.895764 0.201204 -0.396388
vn 0.365685 0.916869 -0.160080
vn 0.551013 0.197531 -0.810782
vn 0.205201 0.930983 -0.301934
vn 0.038828 0.201195 -0.978781
vn 0.014241 0.916866 -0.398941
vn -0.368767 0.207712 -0.906017
vn -0.197665 0.853213 -0.482655
vn -0.633040 0.211875 -0.744560
vn -0.307438 0.880393 -0.361096
vn -0.808072 0.213151 -0.549168
vn -0.380013 0.888197 -0.258255
vn -0.925300 0.211885 -0.314523
vn -0.448907 0.880395 -0.152930
vn -0.978145 0.207712 -0.009371
vn -0.521520 0.853217 -0.006127
vn 0.032921 0.908843 -0.415837
vn 0.032921 0.908843 -0.415837
vn 0.032921 0.908843 -0.415837
vn 0.032922 0.908843 -0.415837
vn 0.032921 0.908843 -0.415838
vn 0.032920 0.908843 -0.415837
vn 0.032921 0.908843 -0.415837
vn 0.032922 0.908843 -0.415837
vn 0.032920 0.908843 -0.415837
vn -0.032921 -0.908843 0.415838
vn -0.032919 -0.908843 0.415838
vn -0.032920 -0.908843 0.415837
vn -0.032921 -0.908843 0.415837
vn -0.032921 -0.908843 0.415838
vn -0.032921 -0.908843 0.415838
vn -0.032921 -0.908843 0.415837
vn -0.032921 -0.908843 0.415837
vn -0.032921 -0.908843 0.415837
vn -0.092236 -0.694590 0.713469
vn -0.171904 0.227465 0.958493
vn -0.657238 0.141186 0.740341
vn -0.296522 -0.701623 0.647920
vn 0.122100 -0.684316 0.718890
vn 0.363445 0.183397 0.913386
vn 0.351617 -0.638132 0.684948
vn 0.703847 0.069440 0.706950
vn 0.400233 -0.729267 0.554962
vn 0.877222 -0.046257 0.477852
vn 0.423384 -0.788519 0.446076
vn 0.955461 -0.153927 0.251794
vn 0.442707 -0.833750 0.329958
vn 0.964949 -0.262115 0.013027
vn 0.448833 -0.877323 0.169864
vn 0.886767 -0.380634 -0.262225
vn 0.236147 -0.964933 0.114628
vn 0.643986 -0.506881 -0.573022
vn 0.030944 -0.997671 0.060785
vn 0.158896 -0.586490 -0.794217
vn -0.182467 -0.982242 0.043666
vn -0.376690 -0.549090 -0.746060
vn -0.407796 -0.912740 0.024646
vn -0.717536 -0.446976 -0.534186
vn -0.458198 -0.871003 0.177226
vn -0.891167 -0.338873 -0.301640
vn -0.481873 -0.825945 0.292597
vn -0.969489 -0.233524 -0.074551
vn -0.500668 -0.766511 0.402234
vn -0.978897 -0.123007 0.163184
vn -0.505006 -0.673550 0.539722
vn -0.900443 0.003097 0.434963
vn -0.158899 0.586468 0.794234
vn -0.030938 0.997669 -0.060826
vn -0.236150 0.964934 -0.114615
vn -0.643992 0.506868 0.573027
vn 0.376691 0.549073 0.746072
vn 0.182469 0.982243 -0.043634
vn 0.717521 0.446967 0.534213
vn 0.407804 0.912737 -0.024633
vn 0.891171 0.338855 0.301650
vn 0.458197 0.871003 -0.177226
vn 0.969497 0.233495 0.074531
vn 0.481889 0.825933 -0.292607
vn 0.978899 0.122995 -0.163184
vn 0.500673 0.766504 -0.402242
vn 0.900442 -0.003095 -0.434966
vn 0.505029 0.673525 -0.539730
vn 0.657233 -0.141176 -0.740348
vn 0.296508 0.701645 -0.647902
vn 0.171902 -0.227440 -0.958499
vn 0.092239 0.694568 -0.713490
vn -0.363443 -0.183379 -0.913390
vn -0.122098 0.684336 -0.718871
vn -0.703860 -0.069415 -0.706939
vn -0.351620 0.638127 -0.684950
vn -0.877218 0.046266 -0.477859
vn -0.400226 0.729267 -0.554968
vn -0.955455 0.153925 -0.251820
vn -0.423393 0.788512 -0.446081
vn -0.964944 0.262131 -0.013034
vn -0.442678 0.833762 -0.329966
vn -0.886769 0.380636 0.262216
vn -0.448843 0.877315 -0.169877
g FCSET_pDisc2_001_0p554_0p709_0p556 PillBottle pill_bottle1
f 199/198/409 200/199/410 197/200/411 198/201/412
f 202/202/413 200/199/410 199/198/409 201/203/414
f 204/204/415 200/199/410 202/202/413 203/205/416
f 197/200/411 200/199/410 204/204/415 205/206/417
f 206/207/418 207/208/419 237/209/420 236/210/421
f 207/208/419 206/207/418 208/211/422 209/212/423
f 209/212/423 208/211/422 210/213/424 211/214/425
f 211/214/425 210/213/424 212/215/426 213/216/427
f 213/216/427 212/215/426 214/217/428 215/218/429
f 215/218/429 214/217/428 216/219/430 217/220/431
f 217/220/431 216/219/430 218/221/432 219/222/433
f 219/222/433 218/221/432 220/223/434 221/224/435
f 221/224/435 220/223/434 222/225/436 223/226/437
f 223/226/437 222/225/436 224/227/438 225/228/439
f 225/228/439 224/227/438 226/229/440 227/230/441
f 227/230/441 226/229/440 228/231/442 229/489/443
f 229/489/443 228/231/442 230/233/444 231/488/445
f 231/488/445 230/233/444 232/235/446 233/487/447
f 233/487/447 232/235/446 234/237/448 235/238/449
f 235/238/449 234/237/448 236/210/421 237/209/420
f 238/485/450 239/240/451 269/241/452 268/479/453
f 239/240/451 238/485/450 240/484/454 241/244/455
f 241/244/455 240/484/454 242/483/456 243/246/457
f 243/246/457 242/483/456 244/482/458 245/248/459
f 245/248/459 244/482/458 246/481/460 247/250/461
f 247/250/461 246/481/460 248/480/462 249/493/463
f 249/252/463 248/495/462 250/253/464 251/254/465
f 251/254/465 250/253/464 252/255/466 253/256/467
f 253/256/467 252/255/466 254/257/468 255/258/469
f 255/258/469 254/257/468 256/259/470 257/260/471
f 257/260/471 256/259/470 258/261/472 259/262/473
f 259/262/473 258/261/472 260/263/474 261/264/475
f 261/264/475 260/263/474 262/265/476 263/266/477
f 263/266/477 262/265/476 264/267/478 265/268/479
f 265/268/479 264/267/478 266/269/480 267/270/481
f 267/270/481 266/269/480 268/479/453 269/241/452
f 270/271/482 271/272/483 301/273/484 300/274/485
f 271/272/483 270/271/482 272/275/486 273/276/487
f 273/276/487 272/275/486 274/277/488 275/278/489
f 275/278/489 274/277/488 276/279/490 277/280/491
f 277/280/491 276/279/490 278/281/492 279/282/493
f 279/282/493 278/281/492 280/283/494 281/490/495
f 281/284/495 280/494/494 282/285/496 283/286/497
f 283/286/497 282/285/496 284/287/498 285/288/499
f 285/288/499 284/287/498 286/289/500 287/290/501
f 287/290/501 286/289/500 288/291/502 289/292/503
f 289/292/503 288/291/502 290/293/504 291/294/505
f 291/294/505 290/293/504 292/295/506 293/296/507
f 293/296/507 292/295/506 294/297/508 295/298/509
f 295/298/509 294/297/508 296/299/510 297/300/511
f 297/300/511 296/299/510 298/301/512 299/302/513
f 299/302/513 298/301/512 300/274/485 301/273/484
f 302/303/514 303/304/515 333/305/516 332/306/517
f 303/304/515 302/303/514 304/307/518 305/308/519
f 305/308/519 304/307/518 306/309/520 307/310/521
f 307/310/521 306/309/520 308/311/522 309/312/523
f 309/312/523 308/311/522 310/313/524 311/314/525
f 311/314/525 310/313/524 312/492/526 313/316/527
f 313/316/527 312/492/526 314/317/528 315/318/529
f 315/318/529 314/317/528 316/319/530 317/320/531
f 317/320/531 316/319/530 318/321/532 319/322/533
f 319/322/533 318/321/532 320/323/534 321/324/535
f 321/324/535 320/323/534 322/325/536 323/326/537
f 323/326/537 322/325/536 324/327/538 325/328/539
f 325/328/539 324/327/538 326/329/540 327/330/541
f 327/330/541 326/329/540 328/331/542 329/332/543
f 329/332/543 328/331/542 330/333/544 331/334/545
f 331/334/545 330/333/544 332/306/517 333/305/516
f 334/335/546 335/336/547 365/337/548 364/338/549
f 335/336/547 334/335/546 336/339/550 337/340/551
f 337/340/551 336/339/550 338/341/552 339/342/553
f 339/342/553 338/341/552 340/343/554 341/344/555
f 341/344/555 340/343/554 342/345/556 343/346/557
f 343/346/557 342/345/556 344/347/558 345/348/559
f 345/348/559 344/347/558 346/349/560 347/350/561
f 347/350/561 346/349/560 348/351/562 349/352/563
f 349/352/563 348/351/562 350/353/564 351/354/565
f 351/354/565 350/353/564 352/355/566 353/356/567
f 353/356/567 352/355/566 354/357/568 355/358/569
f 355/358/569 354/357/568 356/359/570 357/360/571
f 357/360/571 356/359/570 358/361/572 359/362/573
f 359/362/573 358/361/572 360/363/574 361/364/575
f 361/364/575 360/363/574 362/365/576 363/366/577
f 363/366/577 362/365/576 364/338/549 365/337/548
f 366/367/578 367/368/579 396/369/580 397/370/581
f 367/368/579 366/367/578 369/371/582 368/372/583
f 368/372/583 369/371/582 371/373/584 370/374/585
f 370/374/585 371/373/584 373/375/586 372/376/587
f 372/376/587 373/375/586 375/377/588 374/378/589
f 374/378/589 375/377/588 377/379/590 376/380/591
f 376/380/591 377/379/590 379/381/592 378/382/593
f 378/382/593 379/381/592 381/383/594 380/384/595
f 380/384/595 381/383/594 383/385/596 382/386/597
f 382/386/597 383/385/596 385/387/598 384/388/599
f 384/388/599 385/387/598 387/389/600 386/390/601
f 386/390/601 387/389/600 389/391/602 388/392/603
f 388/392/603 389/391/602 391/393/604 390/394/605
f 390/394/605 391/393/604 393/395/606 392/396/607
f 392/396/607 393/395/606 395/397/608 394/398/609
f 394/398/609 395/397/608 397/370/581 396/369/580
f 197/200/411 367/368/579 368/372/583 198/201/412
f 368/372/583 370/374/585 372/376/587 198/201/412
f 372/376/587 374/378/589 199/198/409 198/201/412
f 199/198/409 374/378/589 376/380/591 201/203/414
f 376/380/591 378/382/593 380/384/595 201/203/414
f 380/384/595 382/386/597 202/202/413 201/203/414
f 202/202/413 382/386/597 384/388/599 203/205/416
f 384/388/599 386/390/601 388/392/603 203/205/416
f 388/392/603 390/394/605 204/204/415 203/205/416
f 204/204/415 390/394/605 392/396/607 205/206/417
f 392/396/607 394/398/609 396/369/580 205/206/417
f 396/369/580 367/368/579 197/200/411 205/206/417
f 206/207/418 162/399/610 208/211/422
f 162/399/610 426/400/611 208/211/422
f 426/400/611 425/401/612 208/211/422
f 208/211/422 425/401/612 210/213/424
f 212/215/426 210/213/424 424/402/613
f 425/401/612 424/402/613 210/213/424
f 214/217/428 212/215/426 161/404/614
f 161/404/614 212/215/426 423/403/615
f 212/215/426 424/402/613 423/403/615
f 214/217/428 161/404/614 216/219/430
f 161/404/614 430/405/616 216/219/430
f 430/405/616 429/406/617 216/219/430
f 216/219/430 429/406/617 218/221/432
f 220/223/434 218/221/432 428/407/618
f 429/406/617 428/407/618 218/221/432
f 222/225/436 220/223/434 163/409/619
f 163/409/619 220/223/434 427/408/620
f 220/223/434 428/407/618 427/408/620
f 222/225/436 163/409/619 224/227/438
f 163/409/619 434/410/621 224/227/438
f 434/410/621 433/411/622 224/227/438
f 224/227/438 433/411/622 226/229/440
f 228/231/442 226/229/440 432/412/623
f 433/411/622 432/412/623 226/229/440
f 230/233/444 228/231/442 164/414/624
f 164/414/624 228/231/442 431/413/625
f 228/231/442 432/412/623 431/413/625
f 230/233/444 164/414/624 232/235/446
f 164/414/624 438/415/626 232/235/446
f 438/415/626 437/416/627 232/235/446
f 232/235/446 437/416/627 234/237/448
f 236/210/421 234/237/448 436/417/628
f 437/416/627 436/417/628 234/237/448
f 206/207/418 236/210/421 162/399/610
f 162/399/610 236/210/421 435/418/629
f 236/210/421 436/417/628 435/418/629
f 207/208/419 209/212/423 240/243/454 238/239/450
f 209/212/423 211/214/425 242/245/456 240/243/454
f 211/214/425 213/216/427 244/247/458 242/245/456
f 213/216/427 215/218/429 246/249/460 244/247/458
f 215/218/429 217/220/431 248/251/462 246/249/460
f 217/220/431 219/222/433 250/253/464 248/251/462
f 219/222/433 221/224/435 252/255/466 250/253/464
f 221/224/435 223/226/437 254/257/468 252/255/466
f 223/226/437 225/228/439 256/259/470 254/257/468
f 225/228/439 227/230/441 258/261/472 256/259/470
f 227/230/441 229/232/443 260/263/474 258/261/472
f 229/232/443 231/234/445 262/265/476 260/263/474
f 231/234/445 233/236/447 264/267/478 262/265/476
f 233/236/447 235/486/449 266/269/480 264/267/478
f 235/238/449 237/209/420 268/242/453 266/478/480
f 237/209/420 207/208/419 238/239/450 268/242/453
f 239/240/451 241/244/455 272/275/486 270/271/482
f 241/244/455 243/246/457 274/277/488 272/275/486
f 243/246/457 245/248/459 276/279/490 274/277/488
f 245/248/459 247/250/461 278/281/492 276/279/490
f 247/250/461 249/493/463 280/283/494 278/281/492
f 249/252/463 251/254/465 282/285/496 280/494/494
f 251/254/465 253/256/467 284/287/498 282/285/496
f 253/256/467 255/258/469 286/289/500 284/287/498
f 255/258/469 257/260/471 288/291/502 286/289/500
f 257/260/471 259/262/473 290/293/504 288/291/502
f 259/262/473 261/264/475 292/295/506 290/293/504
f 261/264/475 263/266/477 294/297/508 292/295/506
f 263/266/477 265/268/479 296/299/510 294/297/508
f 265/268/479 267/270/481 298/301/512 296/299/510
f 267/270/481 269/241/452 300/274/485 298/301/512
f 269/241/452 239/240/451 270/271/482 300/274/485
f 304/307/518 302/303/514 166/419/630
f 302/303/514 165/420/631 166/419/630
f 166/419/630 165/420/631 273/276/487
f 165/420/631 271/272/483 273/276/487
f 306/309/520 304/307/518 167/421/632
f 304/307/518 166/419/630 167/421/632
f 167/421/632 166/419/630 275/278/489
f 166/419/630 273/276/487 275/278/489
f 308/311/522 306/309/520 168/422/633
f 306/309/520 167/421/632 168/422/633
f 168/422/633 167/421/632 277/280/491
f 167/421/632 275/278/489 277/280/491
f 310/313/524 308/311/522 169/423/634
f 308/311/522 168/422/633 169/423/634
f 169/423/634 168/422/633 279/282/493
f 168/422/633 277/280/491 279/282/493
f 312/315/526 310/313/524 170/424/635
f 310/313/524 169/423/634 170/424/635
f 170/424/635 169/423/634 281/490/495
f 169/423/634 279/282/493 281/490/495
f 314/317/528 312/492/526 171/425/636
f 312/492/526 170/491/635 171/425/636
f 171/425/636 170/491/635 283/286/497
f 170/491/635 281/284/495 283/286/497
f 316/319/530 314/317/528 172/426/637
f 314/317/528 171/425/636 172/426/637
f 172/426/637 171/425/636 285/288/499
f 171/425/636 283/286/497 285/288/499
f 318/321/532 316/319/530 173/427/638
f 316/319/530 172/426/637 173/427/638
f 173/427/638 172/426/637 287/290/501
f 172/426/637 285/288/499 287/290/501
f 320/323/534 318/321/532 174/428/639
f 318/321/532 173/427/638 174/428/639
f 174/428/639 173/427/638 289/292/503
f 173/427/638 287/290/501 289/292/503
f 322/325/536 320/323/534 175/429/640
f 320/323/534 174/428/639 175/429/640
f 175/429/640 174/428/639 291/294/505
f 174/428/639 289/292/503 291/294/505
f 324/327/538 322/325/536 176/430/641
f 322/325/536 175/429/640 176/430/641
f 176/430/641 175/429/640 293/296/507
f 175/429/640 291/294/505 293/296/507
f 326/329/540 324/327/538 177/431/642
f 324/327/538 176/430/641 177/431/642
f 177/431/642 176/430/641 295/298/509
f 176/430/641 293/296/507 295/298/509
f 328/331/542 326/329/540 178/432/643
f 326/329/540 177/431/642 178/432/643
f 178/432/643 177/431/642 297/300/511
f 177/431/642 295/298/509 297/300/511
f 330/333/544 328/331/542 179/433/644
f 328/331/542 178/432/643 179/433/644
f 179/433/644 178/432/643 299/302/513
f 178/432/643 297/300/511 299/302/513
f 332/306/517 330/333/544 180/434/645
f 330/333/544 179/433/644 180/434/645
f 180/434/645 179/433/644 301/273/484
f 179/433/644 299/302/513 301/273/484
f 302/303/514 332/306/517 165/420/631
f 332/306/517 180/434/645 165/420/631
f 165/420/631 180/434/645 271/272/483
f 180/434/645 301/273/484 271/272/483
f 303/304/515 305/308/519 336/339/550 334/335/546
f 305/308/519 307/310/521 338/341/552 336/339/550
f 307/310/521 309/312/523 340/343/554 338/341/552
f 309/312/523 311/314/525 342/345/556 340/343/554
f 311/314/525 313/316/527 344/347/558 342/345/556
f 313/316/527 315/318/529 346/349/560 344/347/558
f 315/318/529 317/320/531 348/351/562 346/349/560
f 317/320/531 319/322/533 350/353/564 348/351/562
f 319/322/533 321/324/535 352/355/566 350/353/564
f 321/324/535 323/326/537 354/357/568 352/355/566
f 323/326/537 325/328/539 356/359/570 354/357/568
f 325/328/539 327/330/541 358/361/572 356/359/570
f 327/330/541 329/332/543 360/363/574 358/361/572
f 329/332/543 331/334/545 362/365/576 360/363/574
f 331/334/545 333/305/516 364/338/549 362/365/576
f 333/305/516 303/304/515 334/335/546 364/338/549
f 369/371/582 366/367/578 182/435/646
f 366/367/578 181/436/647 182/435/646
f 182/435/646 181/436/647 337/340/551
f 181/436/647 335/336/547 337/340/551
f 371/373/584 369/371/582 183/437/648
f 369/371/582 182/435/646 183/437/648
f 183/437/648 182/435/646 339/342/553
f 182/435/646 337/340/551 339/342/553
f 373/375/586 371/373/584 184/438/649
f 371/373/584 183/437/648 184/438/649
f 184/438/649 183/437/648 341/344/555
f 183/437/648 339/342/553 341/344/555
f 375/377/588 373/375/586 185/439/650
f 373/375/586 184/438/649 185/439/650
f 185/439/650 184/438/649 343/346/557
f 184/438/649 341/344/555 343/346/557
f 377/379/590 375/377/588 186/440/651
f 375/377/588 185/439/650 186/440/651
f 186/440/651 185/439/650 345/348/559
f 185/439/650 343/346/557 345/348/559
f 379/381/592 377/379/590 187/441/652
f 377/379/590 186/440/651 187/441/652
f 187/441/652 186/440/651 347/350/561
f 186/440/651 345/348/559 347/350/561
f 381/383/594 379/381/592 188/442/653
f 379/381/592 187/441/652 188/442/653
f 188/442/653 187/441/652 349/352/563
f 187/441/652 347/350/561 349/352/563
f 383/385/596 381/383/594 189/443/654
f 381/383/594 188/442/653 189/443/654
f 189/443/654 188/442/653 351/354/565
f 188/442/653 349/352/563 351/354/565
f 385/387/598 383/385/596 190/444/655
f 383/385/596 189/443/654 190/444/655
f 190/444/655 189/443/654 353/356/567
f 189/443/654 351/354/565 353/356/567
f 387/389/600 385/387/598 191/445/656
f 385/387/598 190/444/655 191/445/656
f 191/445/656 190/444/655 355/358/569
f 190/444/655 353/356/567 355/358/569
f 389/391/602 387/389/600 192/446/657
f 387/389/600 191/445/656 192/446/657
f 192/446/657 191/445/656 357/360/571
f 191/445/656 355/358/569 357/360/571
f 391/393/604 389/391/602 193/447/658
f 389/391/602 192/446/657 193/447/658
f 193/447/658 192/446/657 359/362/573
f 192/446/657 357/360/571 359/362/573
f 393/395/606 391/393/604 194/448/659
f 391/393/604 193/447/658 194/448/659
f 194/448/659 193/447/658 361/364/575
f 193/447/658 359/362/573 361/364/575
f 395/397/608 393/395/606 195/449/660
f 393/395/606 194/448/659 195/449/660
f 195/449/660 194/448/659 363/366/577
f 194/448/659 361/364/575 363/366/577
f 397/370/581 395/397/608 196/450/661
f 395/397/608 195/449/660 196/450/661
f 196/450/661 195/449/660 365/337/548
f 195/449/660 363/366/577 365/337/548
f 366/367/578 397/370/581 181/436/647
f 397/370/581 196/450/661 181/436/647
f 181/436/647 196/450/661 335/336/547
f 196/450/661 365/337/548 335/336/547
f 400/451/662 412/452/663 411/453/664 439/454/665
f 439/454/665 407/455/666 408/456/667 400/451/662
f 440/457/668 420/458/669 404/459/670 398/460/671
f 401/461/672 416/462/673 440/457/668 398/460/671
f 408/456/667 407/455/666 410/463/674 409/464/675
f 409/464/675 410/463/674 427/408/620 430/405/616
f 411/453/664 412/452/663 414/465/676 413/466/677
f 413/466/677 414/465/676 423/403/615 426/400/611
f 415/467/678 416/462/673 418/468/679 417/469/680
f 417/469/680 418/468/679 435/418/629 438/415/626
f 420/458/669 419/470/681 422/471/682 421/472/683
f 421/472/683 422/471/682 431/413/625 434/410/621
f 399/473/684 400/451/662 408/456/667 409/464/675
f 400/451/662 399/473/684 414/465/676 412/452/663
f 411/453/664 413/466/677 402/474/685 401/461/672
f 401/461/672 402/474/685 418/468/679 416/462/673
f 403/475/686 404/459/670 420/458/669 421/472/683
f 404/459/670 403/475/686 410/463/674 407/455/666
f 405/476/687 406/477/688 415/467/678 417/469/680
f 406/477/688 405/476/687 422/471/682 419/470/681
f 161/404/614 423/403/615 414/465/676 399/473/684
f 413/466/677 426/400/611 162/399/610 402/474/685
f 163/409/619 427/408/620 410/463/674 403/475/686
f 409/464/675 430/405/616 161/404/614 399/473/684
f 164/414/624 431/413/625 422/471/682 405/476/687
f 421/472/683 434/410/621 163/409/619 403/475/686
f 162/399/610 435/418/629 418/468/679 402/474/685
f 417/469/680 438/415/626 164/414/624 405/476/687
f 423/403/615 424/402/613 425/401/612 426/400/611
f 427/408/620 428/407/618 429/406/617 430/405/616
f 431/413/625 432/412/623 433/411/622 434/410/621
f 435/418/629 436/417/628 437/416/627 438/415/626
f 439/454/689 411/453/664 401/461/672 398/460/671
f 404/459/670 407/455/666 439/454/689 398/460/671
f 440/457/690 416/462/673 415/467/678 406/477/688
f 406/477/688 419/470/681 420/458/669 440/457/690
g PillBottle pill_bottle1
f 452/496/691 453/497/692 450/498/693 451/499/694
f 455/500/695 453/497/692 452/496/691 454/501/696
f 457/502/697 453/497/692 455/500/695 456/503/698
f 450/498/693 453/497/692 457/502/697 458/504/699
f 442/505/700 444/506/701 443/507/702 441/508/703
f 445/509/704 446/510/705 442/505/700 441/508/703
f 447/511/706 448/512/707 445/509/704 441/508/703
f 443/507/702 449/513/708 447/511/706 441/508/703
f 459/514/709 460/515/710 490/516/711 489/517/712
f 460/515/710 459/514/709 461/518/713 462/519/714
f 462/519/714 461/518/713 463/520/715 464/521/716
f 464/521/716 463/520/715 465/522/717 466/523/718
f 466/523/718 465/522/717 467/524/719 468/525/720
f 468/525/720 467/524/719 469/526/721 470/527/722
f 470/527/722 469/526/721 471/528/723 472/529/724
f 472/529/724 471/528/723 473/530/725 474/531/726
f 474/531/726 473/530/725 475/532/727 476/533/728
f 476/533/728 475/532/727 477/534/729 478/535/730
f 478/535/730 477/534/729 479/536/731 480/537/732
f 480/537/732 479/536/731 481/538/733 482/539/734
f 482/539/734 481/538/733 483/540/735 484/541/736
f 484/541/736 483/540/735 485/542/737 486/543/738
f 486/543/738 485/542/737 487/544/739 488/545/740
f 488/545/740 487/544/739 489/517/712 490/516/711
f 491/546/741 492/547/742 521/548/743 522/549/744
f 492/547/742 491/546/741 494/550/745 493/551/746
f 493/551/746 494/550/745 496/552/747 495/553/748
f 495/553/748 496/552/747 498/554/749 497/555/750
f 497/555/750 498/554/749 500/556/751 499/557/752
f 499/557/752 500/556/751 502/558/753 501/559/754
f 501/559/754 502/558/753 504/560/755 503/561/756
f 503/561/756 504/560/755 506/562/757 505/563/758
f 505/563/758 506/562/757 508/564/759 507/565/760
f 507/565/760 508/564/759 510/566/761 509/567/762
f 509/567/762 510/566/761 512/568/763 511/569/764
f 511/569/764 512/568/763 514/570/765 513/571/766
f 513/571/766 514/570/765 516/572/767 515/573/768
f 515/573/768 516/572/767 518/574/769 517/575/770
f 517/575/770 518/574/769 520/576/771 519/577/772
f 519/577/772 520/576/771 522/549/744 521/548/743
f 450/498/693 492/547/742 493/551/746 451/499/694
f 493/551/746 495/553/748 497/555/750 451/499/694
f 497/555/750 499/557/752 452/496/691 451/499/694
f 452/496/691 499/557/752 501/559/754 454/501/696
f 501/559/754 503/561/756 505/563/758 454/501/696
f 505/563/758 507/565/760 455/500/695 454/501/696
f 455/500/695 507/565/760 509/567/762 456/503/698
f 509/567/762 511/569/764 513/571/766 456/503/698
f 513/571/766 515/573/768 457/502/697 456/503/698
f 457/502/697 515/573/768 517/575/770 458/504/699
f 517/575/770 519/577/772 521/548/743 458/504/699
f 521/548/743 492/547/742 450/498/693 458/504/699
f 443/507/702 444/506/701 461/518/713 459/514/709
f 461/518/713 444/506/701 465/522/717 463/520/715
f 465/522/717 444/506/701 442/505/700 467/524/719
f 442/505/700 446/510/705 469/526/721 467/524/719
f 469/526/721 446/510/705 473/530/725 471/528/723
f 473/530/725 446/510/705 445/509/704 475/532/727
f 445/509/704 448/512/707 477/534/729 475/532/727
f 477/534/729 448/512/707 481/538/733 479/536/731
f 481/538/733 448/512/707 447/511/706 483/540/735
f 447/511/706 449/513/708 485/542/737 483/540/735
f 485/542/737 449/513/708 489/517/712 487/544/739
f 489/517/712 449/513/708 443/507/702 459/514/709
f 460/515/710 462/519/714 494/550/745 491/546/741
f 462/519/714 464/521/716 496/552/747 494/550/745
f 464/521/716 466/523/718 498/554/749 496/552/747
f 466/523/718 468/525/720 500/556/751 498/554/749
f 468/525/720 470/527/722 502/558/753 500/556/751
f 470/527/722 472/529/724 504/560/755 502/558/753
f 472/529/724 474/531/726 506/562/757 504/560/755
f 474/531/726 476/533/728 508/564/759 506/562/757
f 476/533/728 478/535/730 510/566/761 508/564/759
f 478/535/730 480/537/732 512/568/763 510/566/761
f 480/537/732 482/539/734 514/570/765 512/568/763
f 482/539/734 484/541/736 516/572/767 514/570/765
f 484/541/736 486/543/738 518/574/769 516/572/767
f 486/543/738 488/545/740 520/576/771 518/574/769
f 488/545/740 490/516/711 522/549/744 520/576/771
f 490/516/711 460/515/710 491/546/741 522/549/744
f 534/578/773 535/579/774 532/580/775 533/581/776
f 537/582/777 535/579/774 534/578/773 536/583/778
f 539/584/779 535/579/774 537/582/777 538/585/780
f 532/580/775 535/579/774 539/584/779 540/586/781
f 524/587/782 526/588/783 525/589/784 523/590/785
f 527/591/786 528/592/787 524/587/782 523/590/785
f 529/593/788 530/594/789 527/591/786 523/590/785
f 525/589/784 531/595/790 529/593/788 523/590/785
f 541/596/791 542/597/792 572/598/793 571/599/794
f 542/597/792 541/596/791 543/600/795 544/601/796
f 544/601/796 543/600/795 545/602/797 546/603/798
f 546/603/798 545/602/797 547/604/799 548/605/800
f 548/605/800 547/604/799 549/606/801 550/607/802
f 550/607/802 549/606/801 551/608/803 552/609/804
f 552/609/804 551/608/803 553/610/805 554/611/806
f 554/611/806 553/610/805 555/612/807 556/613/808
f 556/613/808 555/612/807 557/614/809 558/615/810
f 558/615/810 557/614/809 559/616/811 560/617/812
f 560/617/812 559/616/811 561/618/813 562/619/814
f 562/619/814 561/618/813 563/620/815 564/621/816
f 564/621/816 563/620/815 565/622/817 566/623/818
f 566/623/818 565/622/817 567/624/819 568/625/820
f 568/625/820 567/624/819 569/626/821 570/627/822
f 570/627/822 569/626/821 571/599/794 572/598/793
f 573/628/823 574/629/824 603/630/825 604/631/826
f 574/629/824 573/628/823 576/632/827 575/633/828
f 575/633/828 576/632/827 578/634/829 577/635/830
f 577/635/830 578/634/829 580/636/831 579/637/832
f 579/637/832 580/636/831 582/638/833 581/639/834
f 581/639/834 582/638/833 584/640/835 583/641/836
f 583/641/836 584/640/835 586/642/837 585/643/838
f 585/643/838 586/642/837 588/644/839 587/645/840
f 587/645/840 588/644/839 590/646/841 589/647/842
f 589/647/842 590/646/841 592/648/843 591/649/844
f 591/649/844 592/648/843 594/650/845 593/651/846
f 593/651/846 594/650/845 596/652/847 595/653/848
f 595/653/848 596/652/847 598/654/849 597/655/850
f 597/655/850 598/654/849 600/656/851 599/657/852
f 599/657/852 600/656/851 602/658/853 601/659/854
f 601/659/854 602/658/853 604/631/826 603/630/825
f 532/580/775 574/629/824 575/633/828 533/581/776
f 575/633/828 577/635/830 579/637/832 533/581/776
f 579/637/832 581/639/834 534/578/773 533/581/776
f 534/578/773 581/639/834 583/641/836 536/583/778
f 583/641/836 585/643/838 587/645/840 536/583/778
f 587/645/840 589/647/842 537/582/777 536/583/778
f 537/582/777 589/647/842 591/649/844 538/585/780
f 591/649/844 593/651/846 595/653/848 538/585/780
f 595/653/848 597/655/850 539/584/779 538/585/780
f 539/584/779 597/655/850 599/657/852 540/586/781
f 599/657/852 601/659/854 603/630/825 540/586/781
f 603/630/825 574/629/824 532/580/775 540/586/781
f 525/589/784 526/588/783 543/600/795 541/596/791
f 543/600/795 526/588/783 547/604/799 545/602/797
f 547/604/799 526/588/783 524/587/782 549/606/801
f 524/587/782 528/592/787 551/608/803 549/606/801
f 551/608/803 528/592/787 555/612/807 553/610/805
f 555/612/807 528/592/787 527/591/786 557/614/809
f 527/591/786 530/594/789 559/616/811 557/614/809
f 559/616/811 530/594/789 563/620/815 561/618/813
f 563/620/815 530/594/789 529/593/788 565/622/817
f 529/593/788 531/595/790 567/624/819 565/622/817
f 567/624/819 531/595/790 571/599/794 569/626/821
f 571/599/794 531/595/790 525/589/784 541/596/791
f 542/597/792 544/601/796 576/632/827 573/628/823
f 544/601/796 546/603/798 578/634/829 576/632/827
f 546/603/798 548/605/800 580/636/831 578/634/829
f 548/605/800 550/607/802 582/638/833 580/636/831
f 550/607/802 552/609/804 584/640/835 582/638/833
f 552/609/804 554/611/806 586/642/837 584/640/835
f 554/611/806 556/613/808 588/644/839 586/642/837
f 556/613/808 558/615/810 590/646/841 588/644/839
f 558/615/810 560/617/812 592/648/843 590/646/841
f 560/617/812 562/619/814 594/650/845 592/648/843
f 562/619/814 564/621/816 596/652/847 594/650/845
f 564/621/816 566/623/818 598/654/849 596/652/847
f 566/623/818 568/625/820 600/656/851 598/654/849
f 568/625/820 570/627/822 602/658/853 600/656/851
f 570/627/822 572/598/793 604/631/826 602/658/853
f 572/598/793 542/597/792 573/628/823 604/631/826
f 616/660/855 617/661/856 614/662/857 615/663/858
f 619/664/859 617/661/856 616/660/855 618/665/860
f 621/666/861 617/661/856 619/664/859 620/667/862
f 614/662/857 617/661/856 621/666/861 622/668/863
f 606/669/864 608/670/865 607/671/866 605/672/867
f 609/673/868 610/674/869 606/669/864 605/672/867
f 611/675/870 612/676/871 609/673/868 605/672/867
f 607/671/866 613/677/872 611/675/870 605/672/867
f 623/678/873 624/679/874 654/680/875 653/681/876
f 624/679/874 623/678/873 625/682/877 626/683/878
f 626/683/878 625/682/877 627/684/879 628/685/880
f 628/685/880 627/684/879 629/686/881 630/687/882
f 630/687/882 629/686/881 631/688/883 632/689/884
f 632/689/884 631/688/883 633/690/885 634/691/886
f 634/691/886 633/690/885 635/692/887 636/693/888
f 636/693/888 635/692/887 637/694/889 638/695/890
f 638/695/890 637/694/889 639/696/891 640/697/892
f 640/697/892 639/696/891 641/698/893 642/699/894
f 642/699/894 641/698/893 643/700/895 644/701/896
f 644/701/896 643/700/895 645/702/897 646/703/898
f 646/703/898 645/702/897 647/704/899 648/705/900
f 648/705/900 647/704/899 649/706/901 650/707/902
f 650/707/902 649/706/901 651/708/903 652/709/904
f 652/709/904 651/708/903 653/681/876 654/680/875
f 655/710/905 656/711/906 685/712/907 686/713/908
f 656/711/906 655/710/905 658/714/909 657/715/910
f 657/715/910 658/714/909 660/716/911 659/717/912
f 659/717/912 660/716/911 662/718/913 661/719/914
f 661/719/914 662/718/913 664/720/915 663/721/916
f 663/721/916 664/720/915 666/722/917 665/723/918
f 665/723/918 666/722/917 668/724/919 667/725/920
f 667/725/920 668/724/919 670/726/921 669/727/922
f 669/727/922 670/726/921 672/728/923 671/729/924
f 671/729/924 672/728/923 674/730/925 673/731/926
f 673/731/926 674/730/925 676/732/927 675/733/928
f 675/733/928 676/732/927 678/734/929 677/735/930
f 677/735/930 678/734/929 680/736/931 679/737/932
f 679/737/932 680/736/931 682/738/933 681/739/934
f 681/739/934 682/738/933 684/740/935 683/741/936
f 683/741/936 684/740/935 686/713/908 685/712/907
f 614/662/857 656/711/906 657/715/910 615/663/858
f 657/715/910 659/717/912 661/719/914 615/663/858
f 661/719/914 663/721/916 616/660/855 615/663/858
f 616/660/855 663/721/916 665/723/918 618/665/860
f 665/723/918 667/725/920 669/727/922 618/665/860
f 669/727/922 671/729/924 619/664/859 618/665/860
f 619/664/859 671/729/924 673/731/926 620/667/862
f 673/731/926 675/733/928 677/735/930 620/667/862
f 677/735/930 679/737/932 621/666/861 620/667/862
f 621/666/861 679/737/932 681/739/934 622/668/863
f 681/739/934 683/741/936 685/712/907 622/668/863
f 685/712/907 656/711/906 614/662/857 622/668/863
f 607/671/866 608/670/865 625/682/877 623/678/873
f 625/682/877 608/670/865 629/686/881 627/684/879
f 629/686/881 608/670/865 606/669/864 631/688/883
f 606/669/864 610/674/869 633/690/885 631/688/883
f 633/690/885 610/674/869 637/694/889 635/692/887
f 637/694/889 610/674/869 609/673/868 639/696/891
f 609/673/868 612/676/871 641/698/893 639/696/891
f 641/698/893 612/676/871 645/702/897 643/700/895
f 645/702/897 612/676/871 611/675/870 647/704/899
f 611/675/870 613/677/872 649/706/901 647/704/899
f 649/706/901 613/677/872 653/681/876 651/708/903
f 653/681/876 613/677/872 607/671/866 623/678/873
f 624/679/874 626/683/878 658/714/909 655/710/905
f 626/683/878 628/685/880 660/716/911 658/714/909
f 628/685/880 630/687/882 662/718/913 660/716/911
f 630/687/882 632/689/884 664/720/915 662/718/913
f 632/689/884 634/691/886 666/722/917 664/720/915
f 634/691/886 636/693/888 668/724/919 666/722/917
f 636/693/888 638/695/890 670/726/921 668/724/919
f 638/695/890 640/697/892 672/728/923 670/726/921
f 640/697/892 642/699/894 674/730/925 672/728/923
f 642/699/894 644/701/896 676/732/927 674/730/925
f 644/701/896 646/703/898 678/734/929 676/732/927
f 646/703/898 648/705/900 680/736/931 678/734/929
f 648/705/900 650/707/902 682/738/933 680/736/931
f 650/707/902 652/709/904 684/740/935 682/738/933
f 652/709/904 654/680/875 686/713/908 684/740/935
f 654/680/875 624/679/874 655/710/905 686/713/908
