# This file uses centimeters as units for non-parametric coordinates.

v 1.727510 0.501772 -2.583627
v 0.887296 0.559344 -2.722611
v 0.870019 0.546755 -2.692218
v 0.887296 0.608152 -2.690005
v 0.870019 0.584890 -2.666743
v 0.887296 0.640764 -2.641192
v 0.870019 0.610371 -2.628608
v 0.887296 0.652216 -2.583627
v 0.870023 0.619319 -2.583627
v 0.887296 0.640764 -2.526054
v 0.870023 0.610371 -2.538638
v 0.887296 0.608152 -2.477250
v 0.870023 0.584890 -2.500504
v 0.887296 0.559345 -2.444634
v 0.870023 0.546755 -2.475029
v 0.887296 0.501772 -2.433184
v 0.870019 0.501772 -2.466082
v 0.887296 0.444200 -2.444634
v 0.870023 0.456789 -2.475029
v 0.887296 0.395393 -2.477250
v 0.870023 0.418654 -2.500504
v 0.887296 0.362781 -2.526054
v 0.870023 0.393173 -2.538638
v 0.887296 0.351329 -2.583627
v 0.870023 0.384226 -2.583628
v 0.887296 0.362781 -2.641192
v 0.870019 0.393173 -2.628608
v 0.887296 0.395393 -2.690005
v 0.870019 0.418654 -2.666743
v 0.887296 0.444200 -2.722611
v 0.870019 0.456789 -2.692218
v 0.887296 0.501772 -2.734062
v 0.870023 0.501772 -2.701173
v 1.710237 0.559344 -2.722611
v 1.727510 0.552604 -2.706336
v 1.710237 0.608152 -2.690005
v 1.727510 0.595696 -2.677549
v 1.710237 0.640764 -2.641192
v 1.727510 0.624490 -2.634456
v 1.710237 0.652216 -2.583627
v 1.727510 0.634601 -2.583627
v 1.710237 0.640764 -2.526054
v 1.727510 0.624490 -2.532789
v 1.710237 0.608152 -2.477250
v 1.727510 0.595696 -2.489697
v 1.710237 0.559344 -2.444634
v 1.727510 0.552604 -2.460910
v 1.710237 0.501772 -2.433184
v 1.727510 0.501772 -2.450800
v 1.710237 0.444200 -2.444634
v 1.727510 0.450941 -2.460910
v 1.710237 0.395393 -2.477250
v 1.727510 0.407848 -2.489697
v 1.710237 0.362781 -2.526054
v 1.727510 0.379055 -2.532789
v 1.710237 0.351329 -2.583627
v 1.727510 0.368944 -2.583628
v 1.710237 0.362781 -2.641192
v 1.727510 0.379055 -2.634456
v 1.710237 0.395393 -2.690005
v 1.727510 0.407848 -2.677549
v 1.710237 0.444200 -2.722611
v 1.727510 0.450941 -2.706336
v 1.710237 0.501772 -2.734062
v 1.727510 0.501772 -2.716455
v -5.156371 1.018013 1.751069
v -5.156371 0.947756 1.615869
v 2.825288 0.947756 1.615869
v 2.825288 1.018013 1.751069
v -4.813216 0.622512 1.956595
v -4.813216 5.774285 -0.720569
v -4.813216 5.704027 -0.855769
v -4.813216 0.860795 1.448526
v -4.813216 0.552254 1.821395
v -5.156371 5.374039 -0.684288
v -5.156371 5.444294 -0.549087
v 2.825288 5.444294 -0.549087
v 2.825288 5.374039 -0.684288
v -4.813216 5.287078 -0.851630
v 2.490632 0.622512 1.956595
v 2.490632 0.552254 1.821395
v 2.490632 0.860795 1.448526
v 2.490632 5.287078 -0.851630
v 2.490632 5.704027 -0.855769
v 2.490632 5.774285 -0.720569
v 2.490632 5.481922 -0.476679
v 2.490632 1.055640 1.823477
v -4.813216 5.481922 -0.476679
v -4.813216 1.055640 1.823477
v -5.156371 5.620749 -0.640783
v -4.983344 5.774285 -0.720569
v -5.156371 5.550491 -0.775982
v -4.983344 5.704027 -0.855769
v 2.652246 5.774285 -0.720569
v 2.825288 5.620749 -0.640783
v 2.652246 5.704027 -0.855769
v 2.825288 5.550491 -0.775982
v -4.983344 0.622512 1.956595
v -5.156371 0.776048 1.876808
v -5.156371 0.705790 1.741609
v -4.983344 0.552254 1.821395
v 2.652246 0.622512 1.956595
v 2.825288 0.776048 1.876808
v 2.652246 0.552254 1.821395
v 2.825288 0.705790 1.741609
v -4.963256 0.972063 1.929487
v -4.874213 1.053713 1.910114
v -4.962409 5.607861 -0.487988
v -4.870597 5.549647 -0.431328
v 2.638612 5.607233 -0.488948
v 2.547433 5.548982 -0.431774
v 2.639516 0.971577 1.928453
v 2.551099 1.053729 1.909373
v -0.424510 0.551812 -2.704427
v -0.429603 0.540870 -2.678010
v -0.424510 0.594233 -2.676087
v -0.429603 0.574015 -2.655869
v -0.424510 0.622578 -2.633660
v -0.429603 0.596162 -2.622723
v -0.424510 0.632532 -2.583627
v -0.429603 0.603939 -2.583627
v -0.424510 0.622578 -2.533587
v -0.429603 0.596162 -2.544525
v -0.424510 0.594233 -2.491169
v -0.429603 0.574015 -2.511380
v -0.424510 0.551812 -2.462820
v -0.429603 0.540870 -2.489238
v -0.424510 0.501772 -2.452868
v -0.429603 0.501772 -2.481462
v -0.424510 0.451733 -2.462820
v -0.429603 0.462675 -2.489238
v -0.424510 0.409311 -2.491169
v -0.429603 0.429530 -2.511380
v -0.424510 0.380966 -2.533587
v -0.429603 0.407383 -2.544525
v -0.424510 0.371013 -2.583627
v -0.429603 0.399606 -2.583628
v -0.424510 0.380966 -2.633660
v -0.429603 0.407383 -2.622723
v -0.424510 0.409311 -2.676087
v -0.429603 0.429529 -2.655869
v -0.424510 0.451733 -2.704427
v -0.429603 0.462675 -2.678010
v -0.424510 0.501772 -2.714379
v -0.429603 0.501772 -2.685793
v -0.182128 0.551812 -2.704427
v -0.177035 0.545953 -2.690280
v -0.182128 0.594233 -2.676087
v -0.177035 0.583407 -2.665260
v -0.182128 0.622578 -2.633660
v -0.177035 0.608433 -2.627806
v -0.182128 0.632532 -2.583627
v -0.177035 0.617222 -2.583627
v -0.182128 0.622578 -2.533587
v -0.177035 0.608433 -2.539441
v -0.182128 0.594233 -2.491169
v -0.177035 0.583407 -2.501987
v -0.182128 0.551812 -2.462820
v -0.177035 0.545953 -2.476967
v -0.182128 0.501772 -2.452868
v -0.177035 0.501772 -2.468180
v -0.182128 0.451733 -2.462820
v -0.177035 0.457592 -2.476967
v -0.182128 0.409312 -2.491169
v -0.177035 0.420137 -2.501987
v -0.182128 0.380966 -2.533587
v -0.177035 0.395111 -2.539441
v -0.182128 0.371013 -2.583627
v -0.177035 0.386323 -2.583628
v -0.182128 0.380966 -2.633660
v -0.177035 0.395111 -2.627806
v -0.182128 0.409311 -2.676087
v -0.177035 0.420137 -2.665260
v -0.182128 0.451733 -2.704427
v -0.177035 0.457592 -2.690280
v -0.182128 0.501772 -2.714379
v -0.177035 0.501772 -2.699075
v -0.195590 2.391512 -0.520663
v -0.195590 2.274276 -0.487337
v -1.847140 2.391512 -0.520663
v -1.847140 2.274276 -0.487337
v -1.847140 2.449455 0.128913
v -1.847140 2.566690 0.095587
v -1.847140 2.361866 -0.179212
v -1.847140 2.479101 -0.212538
v -0.195590 2.361866 -0.179212
v -0.195590 2.479101 -0.212538
v -0.195590 2.449455 0.128913
v -0.195590 2.566690 0.095587
v -0.422450 2.391512 -0.520663
v -0.422450 2.274276 -0.487337
v -1.656020 2.391512 -0.520663
v -1.656020 2.274276 -0.487337
v -0.422450 2.556436 0.505254
v -1.656020 2.556436 0.505254
v -1.656020 2.673671 0.471928
v -0.422450 2.449455 0.128913
v -0.422450 2.361866 -0.179212
v -0.422450 2.566690 0.095587
v -0.422450 2.479101 -0.212538
v -1.656020 2.361866 -0.179212
v -1.656020 2.449455 0.128913
v -1.656020 2.479101 -0.212538
v -1.656020 2.566690 0.095587
v -0.416606 0.457421 -2.629794
v -0.189742 0.457421 -2.629794
v -0.416820 0.522639 -2.650875
v -0.189963 0.522639 -2.650875
v -0.189776 1.058602 -2.119762
v -0.190082 1.136297 -2.145376
v -0.416945 1.136296 -2.145376
v -0.416633 1.058602 -2.119762
v -0.194827 1.499565 -1.621095
v -0.195132 1.590109 -1.650203
v -0.421988 1.590109 -1.650203
v -0.421683 1.499565 -1.621095
v -0.195590 1.956375 -1.078244
v -0.195590 2.060813 -1.107932
v -0.422450 2.060813 -1.107932
v -0.422450 1.956375 -1.078244
v -1.841636 1.136296 -2.145376
v -1.841327 1.058602 -2.119762
v -1.650203 1.058602 -2.119762
v -1.650515 1.136297 -2.145376
v -1.846682 1.590109 -1.650203
v -1.846381 1.499565 -1.621095
v -1.655253 1.499565 -1.621095
v -1.655559 1.590109 -1.650203
v -1.847140 2.060813 -1.107932
v -1.847140 1.956375 -1.078244
v -1.656020 1.956375 -1.078244
v -1.656020 2.060813 -1.107932
v -1.829123 2.415789 0.456225
v -1.828921 2.434207 0.474041
v -1.847140 2.433645 0.456149
v -1.656020 2.415833 0.456381
v -1.656020 2.433892 0.473960
v -1.829123 2.761316 0.380970
v -1.828921 2.767451 0.356091
v -1.847140 2.752270 0.365575
v -1.656020 2.767540 0.356403
v -1.656020 2.761428 0.380853
v -1.847140 2.556187 0.486798
v -1.829307 2.556436 0.505254
v -0.213813 2.415745 0.456069
v -0.195590 2.433645 0.456149
v -0.213813 2.434207 0.474041
v -0.195590 2.556187 0.486798
v -0.213408 2.556436 0.505254
v -1.847140 2.666784 0.067134
v -1.829307 2.683926 0.062261
v -0.213813 2.761203 0.381087
v -0.195590 2.752270 0.365575
v -0.213813 2.767451 0.356091
v -0.195590 2.666784 0.067134
v -0.213408 2.683926 0.062261
v -1.829307 2.157041 -0.454011
v -1.847140 2.173701 -0.460579
v -1.847140 2.261771 -0.150759
v -1.829307 2.244630 -0.145886
v -0.195590 2.173701 -0.460579
v -0.213408 2.157041 -0.454011
v -0.195590 2.261771 -0.150759
v -0.213408 2.244630 -0.145886
v -0.195590 2.349361 0.157366
v -0.213408 2.332219 0.162239
v -1.847140 2.349361 0.157366
v -1.829307 2.332219 0.162239
v -0.195590 2.579195 -0.240991
v -0.213408 2.596337 -0.245864
v -0.213408 2.508747 -0.553989
v -0.195590 2.492230 -0.546919
v -1.847140 2.579195 -0.240991
v -1.829307 2.596337 -0.245864
v -1.847140 2.492230 -0.546919
v -1.829307 2.508747 -0.553989
v -0.213973 2.660717 0.475610
v -0.195590 2.664657 0.456907
v -0.213973 2.683014 0.462231
v -1.847140 2.664174 0.456101
v -1.829307 2.673671 0.471928
v -0.422450 2.767540 0.356403
v -0.422450 2.761428 0.380853
v -0.422450 2.415833 0.456381
v -0.422450 2.433892 0.473960
v -0.404620 2.157041 -0.454011
v -0.422450 2.173701 -0.460579
v -0.404620 2.244630 -0.145886
v -0.422450 2.261771 -0.150759
v -0.404620 2.337092 0.179380
v -0.422450 2.349361 0.157366
v -1.673831 2.157041 -0.454011
v -1.656020 2.173701 -0.460579
v -1.673831 2.244630 -0.145886
v -1.656020 2.261771 -0.150759
v -1.673831 2.337092 0.179380
v -1.656020 2.349361 0.157366
v -0.404620 2.688798 0.079402
v -0.422450 2.666784 0.067134
v -0.404620 2.596337 -0.245864
v -0.422450 2.579195 -0.240991
v -0.404620 2.508747 -0.553989
v -0.422450 2.492230 -0.546919
v -1.673831 2.688798 0.079402
v -1.656020 2.666784 0.067134
v -1.673831 2.596337 -0.245864
v -1.656020 2.579195 -0.240991
v -1.673831 2.508747 -0.553989
v -1.656020 2.492230 -0.546919
v -0.435035 2.673671 0.471928
v -0.422450 2.661116 0.475497
v -0.422450 2.682726 0.462530
v -1.829307 2.165253 -1.137620
v -1.847140 2.150788 -1.127064
v -1.673831 2.165253 -1.137620
v -1.656020 2.150788 -1.127064
v -1.823749 0.598872 -2.663502
v -1.823401 0.574164 -2.667217
v -1.841731 0.584102 -2.652897
v -1.650607 0.584102 -2.652897
v -1.668582 0.574332 -2.667265
v -1.668712 0.598872 -2.663502
v -1.669784 0.522861 -2.650258
v -1.650371 0.537729 -2.638264
v -1.821990 0.522863 -2.650249
v -1.841498 0.537729 -2.638264
v -1.673831 1.851935 -1.048555
v -1.656020 1.866956 -1.058316
v -1.669520 0.457523 -2.629509
v -1.650161 0.472244 -2.617126
v -1.667354 0.410971 -2.593277
v -1.666812 0.415502 -2.616985
v -1.650092 0.431072 -2.601399
v -1.847140 1.866956 -1.058316
v -1.829307 1.851935 -1.048555
v -1.841220 0.431072 -2.601399
v -1.823939 0.416270 -2.617235
v -1.823924 0.410971 -2.593277
v -1.821879 0.457523 -2.629509
v -1.841281 0.472244 -2.617126
v -0.404620 1.851935 -1.048555
v -0.422450 1.866956 -1.058316
v -0.213408 1.851935 -1.048555
v -0.195590 1.866956 -1.058316
v -0.416522 0.414040 -2.616601
v -0.397029 0.411766 -2.592583
v -0.209136 0.411766 -2.592583
v -0.189670 0.414040 -2.616601
v -0.404620 2.165253 -1.137620
v -0.422450 2.150788 -1.127064
v -0.195590 2.150788 -1.127064
v -0.213408 2.165253 -1.137620
v -0.398189 0.598498 -2.663528
v -0.416999 0.572237 -2.666960
v -0.190143 0.572237 -2.666960
v -0.209067 0.598498 -2.663528
v -0.416522 0.993043 -2.108647
v -0.398684 0.980189 -2.096130
v -0.207473 0.980189 -2.096130
v -0.189670 0.993043 -2.108647
v -0.190467 1.201431 -2.158741
v -0.208453 1.213107 -2.173474
v -0.399665 1.213107 -2.173474
v -0.417331 1.201431 -2.158741
v -0.421454 1.426636 -1.597662
v -0.402858 1.409002 -1.592028
v -0.213080 1.409002 -1.592028
v -0.194594 1.426636 -1.597662
v -0.195338 1.662957 -1.673290
v -0.214118 1.680788 -1.678947
v -0.403510 1.680788 -1.678947
v -0.422198 1.662957 -1.673290
v -1.650893 1.201431 -2.158741
v -1.668879 1.213107 -2.173474
v -1.824359 1.213107 -2.173474
v -1.842021 1.201431 -2.158741
v -1.841220 0.993043 -2.108647
v -1.823378 0.980189 -2.096130
v -1.667895 0.980189 -2.096130
v -1.650092 0.993043 -2.108647
v -1.655768 1.662957 -1.673290
v -1.674560 1.680788 -1.678947
v -1.828196 1.680788 -1.678947
v -1.846888 1.662957 -1.673290
v -1.846141 1.426636 -1.597662
v -1.827552 1.409002 -1.592028
v -1.673510 1.409002 -1.592028
v -1.655024 1.426636 -1.597662
v -1.856074 0.551812 -2.704427
v -1.860759 0.540870 -2.678010
v -1.856074 0.594233 -2.676087
v -1.860759 0.574015 -2.655869
v -1.856074 0.622578 -2.633660
v -1.860759 0.596162 -2.622723
v -1.856074 0.632532 -2.583627
v -1.860755 0.603939 -2.583627
v -1.856074 0.622578 -2.533587
v -1.860755 0.596162 -2.544525
v -1.856074 0.594233 -2.491169
v -1.860755 0.574015 -2.511380
v -1.856074 0.551812 -2.462820
v -1.860755 0.540870 -2.489238
v -1.856074 0.501772 -2.452869
v -1.860759 0.501772 -2.481462
v -1.856074 0.451733 -2.462820
v -1.860755 0.462675 -2.489238
v -1.856074 0.409311 -2.491169
v -1.860755 0.429530 -2.511380
v -1.856074 0.380966 -2.533587
v -1.860755 0.407383 -2.544525
v -1.856074 0.371013 -2.583627
v -1.860755 0.399606 -2.583628
v -1.856074 0.380966 -2.633660
v -1.860759 0.407383 -2.622723
v -1.856074 0.409311 -2.676087
v -1.860759 0.429529 -2.655869
v -1.856074 0.451733 -2.704427
v -1.860759 0.462675 -2.678010
v -1.856074 0.501772 -2.714379
v -1.860755 0.501772 -2.685793
v -1.632392 0.551812 -2.704427
v -1.627692 0.545953 -2.690280
v -1.632392 0.594233 -2.676087
v -1.627692 0.583407 -2.665260
v -1.632392 0.622578 -2.633660
v -1.627692 0.608433 -2.627806
v -1.632392 0.632532 -2.583627
v -1.627692 0.617222 -2.583627
v -1.632392 0.622578 -2.533587
v -1.627692 0.608433 -2.539441
v -1.632392 0.594233 -2.491169
v -1.627692 0.583407 -2.501987
v -1.632392 0.551812 -2.462820
v -1.627692 0.545953 -2.476967
v -1.632392 0.501772 -2.452869
v -1.627692 0.501772 -2.468180
v -1.632392 0.451733 -2.462820
v -1.627692 0.457592 -2.476967
v -1.632392 0.409312 -2.491169
v -1.627692 0.420137 -2.501987
v -1.632392 0.380966 -2.533587
v -1.627692 0.395111 -2.539441
v -1.632392 0.371013 -2.583627
v -1.627692 0.386323 -2.583628
v -1.632392 0.380966 -2.633660
v -1.627692 0.395111 -2.627806
v -1.632392 0.409311 -2.676087
v -1.627692 0.420137 -2.665260
v -1.632392 0.451733 -2.704427
v -1.627692 0.457592 -2.690280
v -1.632392 0.501772 -2.714379
v -1.627692 0.501772 -2.699075
v -1.404742 2.752543 0.431483
v -1.404742 2.793777 0.444516
v -1.435328 2.779677 0.417383
v -0.619327 2.779677 0.417383
v -0.649913 2.793777 0.444516
v -0.649913 2.752543 0.431483
v -1.435328 3.409065 0.090316
v -1.404742 3.423164 0.117450
v -1.404742 3.436198 0.076216
v -0.649913 3.436198 0.076216
v -0.649913 3.423164 0.117450
v -0.619327 3.409065 0.090316
v -1.435328 3.382723 0.039627
v -1.404742 3.409857 0.025527
v -1.404742 3.368623 0.012493
v -0.649913 3.368623 0.012493
v -0.649913 3.409857 0.025527
v -0.619327 3.382723 0.039627
v -1.435328 2.753336 0.366694
v -1.404742 2.739235 0.339560
v -1.404742 2.726202 0.380794
v -0.649913 2.726202 0.380794
v -0.649913 2.739235 0.339560
v -0.619327 2.753336 0.366694
v 2.925695 3.764908 0.349646
v 2.963658 3.764857 0.349548
v 2.998696 3.758109 0.336561
v 3.025460 3.745693 0.312669
v 3.039887 3.729497 0.281504
v 3.039777 3.711991 0.247815
v 3.025144 3.695837 0.216728
v 2.998216 3.683493 0.192975
v 2.963094 3.676841 0.180176
v 2.925126 3.676892 0.180274
v 2.890092 3.683641 0.193261
v 2.863324 3.696056 0.217153
v 2.848901 3.712250 0.248315
v 2.849011 3.729759 0.282007
v 2.863645 3.745913 0.313094
v 2.890573 3.758257 0.336847
v 2.925695 4.175665 0.136192
v 2.963658 4.175614 0.136094
v 2.998696 4.168866 0.123108
v 3.025460 4.156450 0.099216
v 3.039887 4.140254 0.068050
v 3.039777 4.122748 0.034361
v 3.025144 4.106594 0.003275
v 2.998216 4.094250 -0.020478
v 2.963094 4.087599 -0.033277
v 2.925126 4.087650 -0.033179
v 2.890092 4.094398 -0.020193
v 2.863324 4.106814 0.003699
v 2.848901 4.123008 0.034862
v 2.849011 4.140516 0.068553
v 2.863645 4.156671 0.099640
v 2.890573 4.169014 0.123394
v 2.920720 4.187370 0.158716
v 2.968782 4.187305 0.158591
v 3.013127 4.178764 0.142155
v 3.047013 4.163047 0.111910
v 3.065274 4.142547 0.072461
v 3.065129 4.120387 0.029818
v 3.046605 4.099937 -0.009534
v 3.012525 4.084312 -0.039602
v 2.968064 4.075894 -0.055801
v 2.920007 4.075958 -0.055679
v 2.875661 4.084500 -0.039240
v 2.841775 4.100217 -0.008995
v 2.823518 4.120716 0.030450
v 2.823659 4.142877 0.073097
v 2.842179 4.163327 0.112449
v 2.876264 4.178950 0.142514
v 2.920720 3.776612 0.372170
v 2.968782 3.776547 0.372045
v 3.013127 3.768006 0.355609
v 3.047013 3.752289 0.325364
v 3.065274 3.731790 0.285915
v 3.065129 3.709630 0.243272
v 3.046605 3.689180 0.203920
v 3.012525 3.673554 0.173851
v 2.968064 3.665137 0.157653
v 2.920007 3.665200 0.157774
v 2.875661 3.673743 0.174214
v 2.841775 3.689460 0.204459
v 2.823518 3.709958 0.243904
v 2.823659 3.732120 0.286551
v 2.842179 3.752570 0.325902
v 2.876268 3.768193 0.355968
v 1.186467 0.595873 -2.585505
v 1.186467 0.588396 -2.623096
v 1.186460 0.567102 -2.654964
v 1.186467 0.535234 -2.676258
v 1.186467 0.497642 -2.683735
v 1.186467 0.460051 -2.676257
v 1.186467 0.428183 -2.654964
v 1.186467 0.406889 -2.623096
v 1.186467 0.399412 -2.585504
v 1.186460 0.406889 -2.547913
v 1.186467 0.428183 -2.516045
v 1.186467 0.460051 -2.494751
v 1.186467 0.497642 -2.487274
v 1.186460 0.535234 -2.494751
v 1.186460 0.567102 -2.516045
v 1.186467 0.588396 -2.547913
v -3.901603 0.595873 -2.585505
v -3.901603 0.588396 -2.623096
v -3.901603 0.567102 -2.654964
v -3.901603 0.535234 -2.676258
v -3.901603 0.497642 -2.683735
v -3.901595 0.460051 -2.676257
v -3.901595 0.428183 -2.654964
v -3.901603 0.406889 -2.623096
v -3.901603 0.399412 -2.585504
v -3.901603 0.406889 -2.547913
v -3.901603 0.428183 -2.516045
v -3.901603 0.460051 -2.494751
v -3.901603 0.497642 -2.487274
v -3.901603 0.535234 -2.494751
v -3.901603 0.567102 -2.516045
v -3.901595 0.588396 -2.547913
v -3.901603 0.621985 -2.585505
v -3.901603 0.612520 -2.633088
v -3.901603 0.585566 -2.673428
v -3.901603 0.545226 -2.700382
v -3.901603 0.497642 -2.709847
v -3.901603 0.450059 -2.700382
v -3.901603 0.409719 -2.673428
v -3.901595 0.382765 -2.633088
v -3.901603 0.373300 -2.585505
v -3.901595 0.382765 -2.537920
v -3.901603 0.409719 -2.497581
v -3.901603 0.450059 -2.470627
v -3.901603 0.497642 -2.461162
v -3.901603 0.545226 -2.470627
v -3.901603 0.585566 -2.497581
v -3.901595 0.612520 -2.537921
v 1.186467 0.621985 -2.585505
v 1.186460 0.612520 -2.633088
v 1.186467 0.585566 -2.673428
v 1.186467 0.545226 -2.700382
v 1.186467 0.497642 -2.709847
v 1.186467 0.450059 -2.700382
v 1.186467 0.409719 -2.673428
v 1.186467 0.382765 -2.633088
v 1.186467 0.373300 -2.585505
v 1.186467 0.382765 -2.537920
v 1.186467 0.409719 -2.497581
v 1.186467 0.450059 -2.470627
v 1.186467 0.497642 -2.461162
v 1.186467 0.545226 -2.470627
v 1.186467 0.585566 -2.497581
v 1.186467 0.612520 -2.537921
v -1.792369 2.743336 0.633473
v -1.792369 2.862304 0.653529
v -1.881274 2.828802 0.589060
v -0.173381 2.828802 0.589060
v -0.262282 2.862304 0.653529
v -0.262282 2.743336 0.633473
v -1.881274 4.959395 -0.518122
v -1.792369 4.992898 -0.453652
v -1.792369 5.044862 -0.562535
v -0.262282 5.044862 -0.562535
v -0.262282 4.992898 -0.453652
v -0.173381 4.959395 -0.518122
v -1.881274 4.896810 -0.638557
v -1.792369 4.982276 -0.682971
v -1.792369 4.863308 -0.703027
v -0.262282 4.863308 -0.703027
v -0.262282 4.982276 -0.682971
v -0.173381 4.896810 -0.638557
v -1.881274 2.766217 0.468624
v -1.792369 2.732715 0.404155
v -1.792369 2.680750 0.513038
v -0.262282 2.680750 0.513038
v -0.262282 2.732715 0.404155
v -0.173381 2.766217 0.468624
v -4.052878 0.501772 -2.583627
v -3.212668 0.444200 -2.722611
v -3.195388 0.456789 -2.692218
v -3.212668 0.395393 -2.690005
v -3.195388 0.418654 -2.666743
v -3.212668 0.362781 -2.641192
v -3.195388 0.393173 -2.628608
v -3.212668 0.351329 -2.583627
v -3.195388 0.384226 -2.583627
v -3.212668 0.362781 -2.526054
v -3.195388 0.393173 -2.538638
v -3.212668 0.395393 -2.477250
v -3.195388 0.418654 -2.500504
v -3.212668 0.444200 -2.444634
v -3.195388 0.456789 -2.475029
v -3.212668 0.501772 -2.433184
v -3.195388 0.501772 -2.466082
v -3.212668 0.559344 -2.444634
v -3.195388 0.546755 -2.475029
v -3.212668 0.608152 -2.477250
v -3.195388 0.584890 -2.500504
v -3.212668 0.640764 -2.526054
v -3.195388 0.610371 -2.538638
v -3.212668 0.652216 -2.583627
v -3.195388 0.619319 -2.583628
v -3.212668 0.640764 -2.641192
v -3.195388 0.610371 -2.628608
v -3.212668 0.608152 -2.690005
v -3.195388 0.584890 -2.666743
v -3.212668 0.559344 -2.722611
v -3.195388 0.546755 -2.692218
v -3.212668 0.501772 -2.734062
v -3.195388 0.501772 -2.701173
v -4.035598 0.444200 -2.722611
v -4.052878 0.450941 -2.706336
v -4.035598 0.395393 -2.690005
v -4.052878 0.407848 -2.677549
v -4.035598 0.362781 -2.641192
v -4.052878 0.379055 -2.634456
v -4.035598 0.351329 -2.583627
v -4.052878 0.368944 -2.583627
v -4.035598 0.362781 -2.526054
v -4.052878 0.379055 -2.532789
v -4.035598 0.395393 -2.477250
v -4.052878 0.407848 -2.489697
v -4.035598 0.444200 -2.444634
v -4.052878 0.450941 -2.460910
v -4.035598 0.501772 -2.433184
v -4.052878 0.501772 -2.450800
v -4.035598 0.559344 -2.444634
v -4.052878 0.552604 -2.460910
v -4.035598 0.608152 -2.477250
v -4.052878 0.595696 -2.489697
v -4.035598 0.640764 -2.526054
v -4.052878 0.624490 -2.532789
v -4.035598 0.652216 -2.583627
v -4.052878 0.634601 -2.583628
v -4.035598 0.640764 -2.641192
v -4.052878 0.624490 -2.634456
v -4.035598 0.608152 -2.690005
v -4.052878 0.595696 -2.677549
v -4.035598 0.559344 -2.722611
v -4.052878 0.552604 -2.706336
v -4.035598 0.501772 -2.734062
v -4.052878 0.501772 -2.716455
v 3.013669 4.734204 -0.305321
v 2.996694 4.722486 -0.327868
v 2.971284 4.714658 -0.342934
v 2.941312 4.711909 -0.348224
v 2.911336 4.714658 -0.342934
v 2.885919 4.722486 -0.327868
v 2.868939 4.734204 -0.305321
v 2.862985 4.748025 -0.278724
v 2.868939 4.761846 -0.252128
v 2.885919 4.773563 -0.229580
v 2.911336 4.781392 -0.214514
v 2.939603 4.784142 -0.209224
v 2.974706 4.781392 -0.214514
v 2.996694 4.773563 -0.229580
v 3.013669 4.761846 -0.252128
v 3.019628 4.748025 -0.278724
v 2.939603 3.144042 0.554800
v 3.016149 3.153841 0.514772
v 2.999902 3.138076 0.530548
v 2.998586 3.141723 0.491452
v 2.986154 3.128544 0.512313
v 2.972310 3.133473 0.475950
v 2.965577 3.122204 0.500114
v 2.941312 3.130630 0.470479
v 2.941312 3.119834 0.495905
v 2.910310 3.133258 0.476061
v 2.917043 3.122060 0.500189
v 2.884023 3.141266 0.491689
v 2.896459 3.128255 0.512463
v 2.866464 3.153385 0.515009
v 2.882711 3.137743 0.530721
v 2.860303 3.167679 0.542516
v 2.877885 3.148934 0.552257
v 2.866464 3.181974 0.570024
v 2.882711 3.160126 0.573794
v 2.884023 3.194092 0.593343
v 2.896459 3.169614 0.592051
v 2.910310 3.202278 0.608879
v 2.917043 3.176098 0.604176
v 2.939603 3.205336 0.614239
v 2.939603 3.178324 0.608460
v 2.975915 3.202720 0.608649
v 2.968030 3.176286 0.604078
v 2.998586 3.194549 0.593106
v 2.986154 3.169902 0.591901
v 3.016149 3.182430 0.569786
v 2.999902 3.160459 0.573621
v 3.022309 3.168136 0.542279
v 3.004735 3.149267 0.552084
v 3.006196 4.502401 -0.224212
v 3.026097 4.516129 -0.197794
v 3.033067 4.532323 -0.166633
v 3.026097 4.548516 -0.135471
v 3.006196 4.562244 -0.109053
v 2.980733 4.571417 -0.091402
v 2.939603 4.574638 -0.085203
v 2.906190 4.571417 -0.091402
v 2.876412 4.562244 -0.109053
v 2.856523 4.548516 -0.135471
v 2.849542 4.532323 -0.166633
v 2.856523 4.516129 -0.197794
v 2.876412 4.502401 -0.224212
v 2.906190 4.493228 -0.241863
v 2.941312 4.490007 -0.248062
v 2.976430 4.493228 -0.241863
v 3.012685 4.522349 -0.241285
v 3.034383 4.537464 -0.212215
v 3.041967 4.558212 -0.179929
v 3.034383 4.578911 -0.147720
v 3.012685 4.593966 -0.118739
v 2.985120 4.604066 -0.099299
v 2.940068 4.607657 -0.092388
v 2.903142 4.604188 -0.099060
v 2.870427 4.594188 -0.118298
v 2.848504 4.579193 -0.147138
v 2.840791 4.558188 -0.179917
v 2.848504 4.537151 -0.212780
v 2.870427 4.522117 -0.241721
v 2.903142 4.512111 -0.260979
v 2.941667 4.508643 -0.267658
v 2.980126 4.512237 -0.260742
v 3.003606 4.771528 -0.321401
v 2.989827 4.761054 -0.341297
v 2.967565 4.754192 -0.354498
v 2.941300 4.751783 -0.359134
v 2.915044 4.754190 -0.354501
v 2.892762 4.761049 -0.341302
v 2.878991 4.771523 -0.321405
v 2.877107 4.783444 -0.298747
v 2.884996 4.794200 -0.277825
v 2.899060 4.802933 -0.260777
v 2.918458 4.808901 -0.249292
v 2.939599 4.810997 -0.245259
v 2.966367 4.808899 -0.249294
v 2.983537 4.802929 -0.260783
v 2.997583 4.794195 -0.277832
v 3.005467 4.783442 -0.298749
v 2.988557 4.831704 -0.347091
v 2.978154 4.823783 -0.362138
v 2.961289 4.818599 -0.372113
v 2.941300 4.816765 -0.375641
v 2.921308 4.818597 -0.372114
v 2.904435 4.823780 -0.362141
v 2.894029 4.831700 -0.347098
v 2.892617 4.840848 -0.329704
v 2.898625 4.849125 -0.313608
v 2.909249 4.855733 -0.300709
v 2.923909 4.860238 -0.292041
v 2.939599 4.861832 -0.288973
v 2.959966 4.860236 -0.292042
v 2.973348 4.855730 -0.300713
v 2.983949 4.849123 -0.313612
v 2.989961 4.840850 -0.329702
v 2.972028 4.875518 -0.363490
v 2.965295 4.870381 -0.373249
v 2.954339 4.867022 -0.379712
v 2.941289 4.865826 -0.382015
v 2.928258 4.867020 -0.379714
v 2.917291 4.870378 -0.373251
v 2.910550 4.875514 -0.363496
v 2.909650 4.881530 -0.352060
v 2.913571 4.886984 -0.341454
v 2.920442 4.891272 -0.333083
v 2.929959 4.894187 -0.327474
v 2.939591 4.895227 -0.325473
v 2.952878 4.894185 -0.327475
v 2.962144 4.891269 -0.333087
v 2.969003 4.886981 -0.341456
v 2.972940 4.881532 -0.352056
v 2.971978 4.902875 -0.377867
v 2.965295 4.897760 -0.387580
v 2.954362 4.894420 -0.394009
v 2.941289 4.893221 -0.396316
v 2.928224 4.894419 -0.394011
v 2.917295 4.897758 -0.387584
v 2.910607 4.902871 -0.377874
v 2.909703 4.908943 -0.366328
v 2.913640 4.914461 -0.355600
v 2.920465 4.918731 -0.347261
v 2.929936 4.921628 -0.341690
v 2.939599 4.922669 -0.339685
v 2.952901 4.921627 -0.341691
v 2.962121 4.918729 -0.347265
v 2.968934 4.914458 -0.355601
v 2.972882 4.908946 -0.366322
v 2.961370 4.904644 -0.374462
v 2.956986 4.901299 -0.380816
v 2.949845 4.899114 -0.385022
v 2.941289 4.898330 -0.386531
v 2.932744 4.899114 -0.385023
v 2.925599 4.901297 -0.380819
v 2.921216 4.904642 -0.374467
v 2.920636 4.908614 -0.366915
v 2.923204 4.912224 -0.359898
v 2.927674 4.915017 -0.354443
v 2.933862 4.916911 -0.350798
v 2.939591 4.917592 -0.349487
v 2.948293 4.916910 -0.350799
v 2.954911 4.915014 -0.354445
v 2.959371 4.912221 -0.359898
v 2.961949 4.908615 -0.366910
v 2.961370 4.904644 -0.374462
v 2.956986 4.901296 -0.380815
v 2.949845 4.899110 -0.385020
v 2.941289 4.898326 -0.386529
v 2.932744 4.899110 -0.385021
v 2.925599 4.901294 -0.380817
v 2.921216 4.904641 -0.374467
v 2.920636 4.908617 -0.366916
v 2.923204 4.912224 -0.359898
v 2.927674 4.915014 -0.354441
v 2.933862 4.916908 -0.350797
v 2.939591 4.917590 -0.349486
v 2.948293 4.916908 -0.350798
v 2.954911 4.915012 -0.354444
v 2.959371 4.912221 -0.359898
v 2.961949 4.908619 -0.366912
v 3.012769 4.535245 -0.248077
v 3.034486 4.550377 -0.218975
v 3.042081 4.571145 -0.186650
v 3.034486 4.591863 -0.154401
v 3.012769 4.606936 -0.125388
v 2.985166 4.617049 -0.105926
v 2.940068 4.620642 -0.099006
v 2.903096 4.617170 -0.105687
v 2.870343 4.607159 -0.124947
v 2.848397 4.592145 -0.153820
v 2.840673 4.571122 -0.186638
v 2.848397 4.550064 -0.219539
v 2.870343 4.535013 -0.248513
v 2.903096 4.524995 -0.267794
v 2.941667 4.521523 -0.274480
v 2.980172 4.525120 -0.267557
v 3.038442 4.709300 -0.303395
v 3.015794 4.693527 -0.333733
v 2.981816 4.682973 -0.354040
v 2.941674 4.679224 -0.361255
v 2.901460 4.682845 -0.354282
v 2.867318 4.693289 -0.334181
v 2.844441 4.708979 -0.303974
v 2.836389 4.730879 -0.269653
v 2.844441 4.752745 -0.235418
v 2.867318 4.768395 -0.205314
v 2.901460 4.778834 -0.185235
v 2.940034 4.782455 -0.178268
v 2.987050 4.778710 -0.185480
v 3.015794 4.768168 -0.205768
v 3.038442 4.752454 -0.236014
v 3.046361 4.730905 -0.269666
v 3.005605 4.408856 -0.174938
v 3.025331 4.422460 -0.148760
v 3.032235 4.438507 -0.117880
v 3.025331 4.454554 -0.087001
v 3.005605 4.468157 -0.060823
v 2.980355 4.477247 -0.043331
v 2.939603 4.480439 -0.037189
v 2.906510 4.477247 -0.043331
v 2.877004 4.468157 -0.060823
v 2.857289 4.454554 -0.087001
v 2.850373 4.438507 -0.117880
v 2.857289 4.422460 -0.148760
v 2.877004 4.408856 -0.174938
v 2.906510 4.399766 -0.192430
v 2.941312 4.396574 -0.198572
v 2.976110 4.399766 -0.192429
v 3.003678 4.101609 -0.013098
v 3.022801 4.114805 0.012294
v 3.029508 4.130369 0.042246
v 3.022801 4.145934 0.072198
v 3.003678 4.159129 0.097590
v 2.979146 4.167946 0.114557
v 2.939603 4.171042 0.120515
v 2.907552 4.167946 0.114557
v 2.878934 4.159129 0.097590
v 2.859811 4.145934 0.072198
v 2.853101 4.130369 0.042246
v 2.859811 4.114804 0.012294
v 2.878934 4.101609 -0.013098
v 2.907552 4.092793 -0.030064
v 2.941312 4.089696 -0.036022
v 2.975061 4.092793 -0.030064
v 2.972779 4.189850 0.137360
v 2.979146 4.176782 0.131561
v 2.939603 4.179460 0.136713
v 2.947541 4.191901 0.139540
v 2.974618 4.482461 -0.012023
v 2.980355 4.486095 -0.026304
v 2.947679 4.482930 -0.008819
v 2.939603 4.488808 -0.021083
v 3.011319 4.713440 -0.339172
v 3.015874 4.704978 -0.339765
v 3.038533 4.720745 -0.309386
v 3.032579 4.728279 -0.310648
v 3.039674 4.748024 -0.278604
v 3.046464 4.741996 -0.275430
v 3.031812 4.767492 -0.246835
v 3.038533 4.763155 -0.241534
v 3.010533 4.782214 -0.218509
v 3.015874 4.778866 -0.211251
v 2.983811 4.792029 -0.199652
v 2.987096 4.789381 -0.190927
v 2.939920 4.795429 -0.193064
v 2.940034 4.793142 -0.183715
v 2.904119 4.792026 -0.199605
v 2.901425 4.789527 -0.190694
v 2.872327 4.782284 -0.218343
v 2.867253 4.779083 -0.210793
v 2.851049 4.767690 -0.246415
v 2.844361 4.763451 -0.240941
v 2.843186 4.748006 -0.278595
v 2.836293 4.741975 -0.275419
v 2.850270 4.728042 -0.311082
v 2.844350 4.720424 -0.309966
v 2.871686 4.713258 -0.339514
v 2.867250 4.704742 -0.340214
v 2.903783 4.703427 -0.358433
v 2.901425 4.694288 -0.360335
v 2.941587 4.700012 -0.365012
v 2.941674 4.690662 -0.367314
v 2.979341 4.703526 -0.358249
v 2.981862 4.694416 -0.360091
v 3.016809 4.763181 -0.322113
v 3.010511 4.770344 -0.323679
v 2.999932 4.750459 -0.346059
v 2.995290 4.758888 -0.345437
v 2.973039 4.742168 -0.362007
v 2.970586 4.751276 -0.360081
v 2.941312 4.739258 -0.367608
v 2.941312 4.748590 -0.365250
v 2.909581 4.742167 -0.362010
v 2.912023 4.751275 -0.360084
v 2.882665 4.750452 -0.346063
v 2.887319 4.758884 -0.345441
v 2.865789 4.763175 -0.322117
v 2.872098 4.770341 -0.323676
v 2.862844 4.777923 -0.294771
v 2.869668 4.783469 -0.298726
v 2.871907 4.791462 -0.269181
v 2.878259 4.795643 -0.275055
v 2.889077 4.802387 -0.248122
v 2.894120 4.805567 -0.255686
v 2.913049 4.809767 -0.233920
v 2.915879 4.812264 -0.242796
v 2.939603 4.812358 -0.228933
v 2.939736 4.814594 -0.238313
v 2.972699 4.809772 -0.233927
v 2.969712 4.812245 -0.242831
v 2.993524 4.802388 -0.248131
v 2.988355 4.805645 -0.255534
v 3.010671 4.791461 -0.269190
v 3.004315 4.795640 -0.275058
v 3.019742 4.777925 -0.294774
v 3.012921 4.783468 -0.298728
v 3.003514 4.823307 -0.348614
v 2.996888 4.830257 -0.349873
v 2.989812 4.812876 -0.368426
v 2.984830 4.821078 -0.367311
v 2.967610 4.806050 -0.381562
v 2.964986 4.814976 -0.379049
v 2.941300 4.803637 -0.386206
v 2.941300 4.812804 -0.383230
v 2.914998 4.806047 -0.381564
v 2.917623 4.814974 -0.379051
v 2.892774 4.812871 -0.368430
v 2.897760 4.821073 -0.367314
v 2.879083 4.823301 -0.348621
v 2.885709 4.830253 -0.349878
v 2.877221 4.835331 -0.325754
v 2.884057 4.840909 -0.329621
v 2.885129 4.846210 -0.304597
v 2.891213 4.850764 -0.310466
v 2.899118 4.854908 -0.287611
v 2.903855 4.858630 -0.295109
v 2.918424 4.860841 -0.276196
v 2.921090 4.863924 -0.284920
v 2.939599 4.862939 -0.272158
v 2.939748 4.865772 -0.281362
v 2.966401 4.860839 -0.276198
v 2.963662 4.863899 -0.284966
v 2.983491 4.854905 -0.287617
v 2.978631 4.858701 -0.294969
v 2.997449 4.846204 -0.304602
v 2.991365 4.850760 -0.310467
v 3.005353 4.835333 -0.325752
v 2.998517 4.840909 -0.329619
v 2.988500 4.866838 -0.365555
v 2.981874 4.873786 -0.366819
v 2.978143 4.858946 -0.380545
v 2.973165 4.867149 -0.379428
v 2.961312 4.853787 -0.390477
v 2.958699 4.862713 -0.387963
v 2.941300 4.851951 -0.394011
v 2.941300 4.861117 -0.391034
v 2.921277 4.853784 -0.390479
v 2.923898 4.862711 -0.387964
v 2.904447 4.858942 -0.380549
v 2.909421 4.867146 -0.379431
v 2.894086 4.866833 -0.365563
v 2.900727 4.873782 -0.366827
v 2.892694 4.876057 -0.348030
v 2.899530 4.881637 -0.351892
v 2.898717 4.884416 -0.331775
v 2.904809 4.888974 -0.337633
v 2.909284 4.891000 -0.318916
v 2.914022 4.894721 -0.326413
v 2.923890 4.895481 -0.310296
v 2.926572 4.898568 -0.319012
v 2.939599 4.897077 -0.307224
v 2.939759 4.899909 -0.316432
v 2.959989 4.895479 -0.310298
v 2.957299 4.898535 -0.319075
v 2.973317 4.890996 -0.318921
v 2.968488 4.894775 -0.326310
v 2.983857 4.884412 -0.331778
v 2.977765 4.888972 -0.337634
v 2.989881 4.876060 -0.348025
v 2.983049 4.881639 -0.351889
v 2.971990 4.898650 -0.375646
v 2.965295 4.893534 -0.385368
v 2.954362 4.890190 -0.391802
v 2.941289 4.888991 -0.394109
v 2.928235 4.890187 -0.391804
v 2.917295 4.893530 -0.385371
v 2.910596 4.898646 -0.375654
v 2.909696 4.904709 -0.364125
v 2.913629 4.910218 -0.353416
v 2.920465 4.914490 -0.345072
v 2.929948 4.917390 -0.339494
v 2.939599 4.918432 -0.337490
v 2.952893 4.917389 -0.339495
v 2.962125 4.914489 -0.345076
v 2.968946 4.910215 -0.353417
v 2.972882 4.904712 -0.364119
v 2.962762 4.936039 -0.390951
v 2.956327 4.943267 -0.391946
v 2.953290 4.941221 -0.395803
v 2.957765 4.932796 -0.397261
v 2.947324 4.939655 -0.398816
v 2.949639 4.930692 -0.401432
v 2.939580 4.939063 -0.399955
v 2.939851 4.929908 -0.402941
v 2.931897 4.939715 -0.398700
v 2.930081 4.930624 -0.401397
v 2.926068 4.941315 -0.395621
v 2.921971 4.932649 -0.397188
v 2.923146 4.943316 -0.391854
v 2.916986 4.935829 -0.390848
v 2.922704 4.945684 -0.387370
v 2.916299 4.939836 -0.383162
v 2.924665 4.948161 -0.382530
v 2.919282 4.943582 -0.376041
v 2.928155 4.950106 -0.378721
v 2.924356 4.946452 -0.370701
v 2.933179 4.951473 -0.376091
v 2.931363 4.948423 -0.367175
v 2.939591 4.951998 -0.375082
v 2.939591 4.949168 -0.365895
v 2.946000 4.951495 -0.376050
v 2.948293 4.948484 -0.367207
v 2.951100 4.950155 -0.378627
v 2.955381 4.946590 -0.370778
v 2.954675 4.948210 -0.382432
v 2.960446 4.943773 -0.376141
v 2.956746 4.945703 -0.387335
v 2.963456 4.940061 -0.383272
v 2.954808 4.942244 -0.393874
v 2.960263 4.934418 -0.394106
v 2.959180 4.902970 -0.377638
v 2.959180 4.902972 -0.377639
v 2.968637 4.900318 -0.382723
v 2.968640 4.896092 -0.380507
v 2.968663 4.872949 -0.368369
v 2.977517 4.870467 -0.373124
v 2.983323 4.862892 -0.373050
v 2.983357 4.827743 -0.354614
v 2.990861 4.825668 -0.358592
v 2.996659 4.818091 -0.358520
v 2.996717 4.766291 -0.331349
v 3.002900 4.764616 -0.334558
v 3.008370 4.756820 -0.334086
v 3.005181 4.728345 -0.316594
v 3.021947 4.720860 -0.324910
v 3.027204 4.712862 -0.324575
v 3.027120 4.701413 -0.318563
v 3.023625 4.542811 -0.233526
v 3.023534 4.529907 -0.226750
v 3.016149 4.509265 -0.211003
v 3.015470 4.415658 -0.161849
v 3.013238 4.108207 -0.000402
v 3.007367 3.147782 0.503112
v 2.993028 3.133310 0.521431
v 2.962880 3.136292 0.533557
v 2.972169 3.146655 0.553442
v 3.002320 3.143672 0.541316
v 3.019231 3.160989 0.528525
v 3.026155 4.122587 0.027270
v 3.028787 4.430483 -0.133320
v 3.029584 4.524226 -0.182214
v 3.038175 4.547838 -0.196072
v 3.038282 4.560761 -0.202813
v 3.042401 4.720103 -0.286530
v 3.042501 4.731370 -0.292408
v 3.036126 4.738152 -0.294626
v 3.016648 4.741115 -0.292022
v 3.018270 4.770553 -0.308444
v 3.011716 4.776906 -0.311203
v 3.004537 4.777485 -0.310075
v 3.004430 4.829319 -0.337183
v 2.997705 4.835584 -0.339746
v 2.989259 4.836277 -0.338397
v 2.989186 4.871449 -0.356790
v 2.982461 4.877713 -0.359354
v 2.972486 4.878525 -0.357773
v 2.972436 4.901681 -0.369883
v 2.972428 4.905910 -0.372094
v 2.961660 4.906631 -0.370686
v 2.961660 4.906631 -0.370687
v 2.963109 4.938050 -0.387111
v 2.956536 4.944485 -0.389640
v -1.592570 2.449781 -0.163611
v -1.592570 2.474571 -0.119785
v -1.656650 2.489316 -0.150640
v -0.425624 2.489316 -0.150640
v -0.489711 2.474571 -0.119785
v -0.489711 2.449781 -0.163611
v -1.656650 3.474877 0.172727
v -1.592570 3.441652 0.197519
v -1.592570 3.490917 0.177990
v -0.489711 3.457273 0.166951
v -0.489711 3.411643 0.187672
v -0.425624 3.473130 0.172154
v -1.656650 3.502424 0.115087
v -1.592570 3.518464 0.120350
v -1.592570 3.498691 0.078169
v -0.489711 3.468681 0.068323
v -0.489711 3.484819 0.109311
v -0.425624 3.500676 0.114514
v -1.656650 2.516863 -0.208280
v -1.592570 2.531609 -0.239134
v -1.592570 2.477329 -0.221251
v -0.489711 2.477329 -0.221251
v -0.489711 2.531609 -0.239134
v -0.425624 2.516863 -0.208280
v -0.866572 2.449781 -0.163611
v -0.866572 2.474571 -0.119785
v -0.866572 3.183825 0.112924
v -0.866572 3.214587 0.087325
v -0.866572 3.242133 0.029685
v -0.866572 3.240862 -0.006425
v -0.866572 2.531609 -0.239134
v -0.866572 2.477328 -0.221251
v -1.201827 2.449781 -0.163611
v -1.201827 2.474571 -0.119785
v -1.201827 3.183825 0.112924
v -1.201827 3.214587 0.087325
v -1.201827 3.242133 0.029685
v -1.201827 3.240862 -0.006425
v -1.201827 2.531609 -0.239134
v -1.201827 2.477328 -0.221251
v -0.661361 2.474571 -0.119785
v -0.661361 2.449781 -0.163611
v -0.661361 2.477329 -0.221251
v -0.661361 2.531609 -0.239134
v -0.661361 3.299738 0.012892
v -0.661361 3.302537 0.049503
v -0.661361 3.274991 0.107143
v -0.661361 3.242700 0.132242
v -1.389152 2.449782 -0.163611
v -1.389152 2.474571 -0.119785
v -1.389152 3.237995 0.130698
v -1.389152 3.270101 0.105539
v -1.389152 3.297647 0.047899
v -1.389152 3.295033 0.011349
v -1.389152 2.531609 -0.239134
v -1.389152 2.477329 -0.221251
vt 0.706559 0.749134
vt 0.703614 0.749201
vt 0.703601 0.744562
vt 0.706542 0.744476
vt 0.706566 0.753792
vt 0.703621 0.753852
vt 0.703572 0.739950
vt 0.706500 0.739815
vt 0.703503 0.735409
vt 0.706401 0.735146
vt 0.703318 0.731038
vt 0.706163 0.730460
vt 0.702701 0.727133
vt 0.705593 0.800420
vt 0.703173 0.795201
vt 0.706091 0.795754
vt 0.703399 0.790872
vt 0.706330 0.791080
vt 0.703501 0.786356
vt 0.706442 0.786411
vt 0.703553 0.781756
vt 0.706498 0.781747
vt 0.703582 0.777120
vt 0.706528 0.777086
vt 0.703600 0.772470
vt 0.706546 0.772425
vt 0.703612 0.767816
vt 0.706557 0.767767
vt 0.703619 0.763160
vt 0.706564 0.763108
vt 0.703622 0.758505
vt 0.706567 0.758450
vt 0.772822 0.748902
vt 0.035116 0.150455
vt 0.033518 0.146594
vt 0.772841 0.753644
vt 0.772798 0.744161
vt 0.035116 0.154633
vt 0.772772 0.739419
vt 0.033517 0.158493
vt 0.772764 0.734681
vt 0.030562 0.161447
vt 0.772825 0.729950
vt 0.026701 0.163046
vt 0.773091 0.725245
vt 0.022522 0.163045
vt 0.772839 0.796306
vt 0.018663 0.161446
vt 0.772767 0.791563
vt 0.015709 0.158491
vt 0.772771 0.786823
vt 0.014110 0.154630
vt 0.772795 0.782084
vt 0.014110 0.150452
vt 0.772820 0.777346
vt 0.015709 0.146592
vt 0.772839 0.772606
vt 0.018665 0.143637
vt 0.772851 0.767867
vt 0.022525 0.142039
vt 0.772855 0.763126
vt 0.026704 0.142039
vt 0.772852 0.758385
vt 0.030563 0.143639
vt 0.024613 0.152542
vt 0.774808 0.753622
vt 0.774820 0.758366
vt 0.774823 0.763109
vt 0.774818 0.767852
vt 0.774807 0.772594
vt 0.774787 0.777335
vt 0.774762 0.782072
vt 0.774736 0.786799
vt 0.774723 0.791496
vt 0.774773 0.796110
vt 0.775113 0.800462
vt 0.774787 0.730135
vt 0.774729 0.734724
vt 0.774739 0.739413
vt 0.774765 0.744139
vt 0.774790 0.748879
vt 0.705617 0.725751
vt 0.773135 0.801059
vt 0.775113 0.725803
vt 0.702555 0.799118
vt 0.671584 0.981526
vt 0.677815 0.991934
vt 0.659952 0.997559
vt 0.658624 0.985296
vt 0.681207 0.531510
vt 0.650138 0.539723
vt 0.672816 0.507205
vt 0.647561 0.501696
vt 0.658828 0.501213
vt 0.660437 0.491725
vt 0.648165 0.489739
vt 0.047622 0.487598
vt 0.051990 0.501826
vt 0.043020 0.525581
vt 0.031425 0.521308
vt 0.679320 0.492379
vt 0.693092 0.528147
vt 0.688778 0.951659
vt 0.701083 0.952309
vt 0.695036 0.972782
vt 0.685634 0.967467
vt 0.002441 0.925487
vt 0.014818 0.925567
vt 0.017610 0.941318
vt 0.006642 0.946623
vt 0.042573 0.960473
vt 0.040530 0.972607
vt 0.024187 0.965548
vt 0.030254 0.956674
vt 0.045896 0.927109
vt 0.072960 0.535827
vt 0.077531 0.498363
vt 0.067012 0.497643
vt 0.077123 0.486375
vt 0.065552 0.487552
vt 0.657102 0.951631
vt 0.075054 0.446144
vt 0.070635 0.037618
vt 0.667724 0.051707
vt 0.651842 0.449956
vt 0.665556 0.463038
vt 0.658487 0.456220
vt 0.674595 0.046109
vt 0.682578 0.039856
vt 0.061089 0.459014
vt 0.068282 0.452262
vt 0.063993 0.031881
vt 0.056217 0.025254
vt 0.701083 0.049710
vt 0.700506 0.032630
vt 0.686142 0.017643
vt 0.671593 0.016389
vt 0.042380 0.451724
vt 0.037978 0.034741
vt 0.039103 0.017533
vt 0.067780 0.002443
vt 0.053955 0.003089
vt 0.685011 0.456555
vt 0.022750 0.015845
vt 0.025119 0.015947
vt 0.025002 0.020019
vt 0.022630 0.019972
vt 0.022931 0.011709
vt 0.025291 0.011932
vt 0.024919 0.024113
vt 0.022546 0.024097
vt 0.024862 0.028215
vt 0.022489 0.028218
vt 0.024829 0.032319
vt 0.022456 0.032339
vt 0.024820 0.036424
vt 0.022447 0.036459
vt 0.024834 0.040526
vt 0.022461 0.040578
vt 0.024870 0.044627
vt 0.022498 0.044696
vt 0.024929 0.048723
vt 0.022559 0.048811
vt 0.025010 0.052811
vt 0.022643 0.052925
vt 0.025119 0.056880
vt 0.022761 0.057040
vt 0.025275 0.060901
vt 0.022941 0.061166
vt 0.025548 0.064797
vt 0.023266 0.065321
vt 0.026241 0.068298
vt 0.023953 0.069549
vt 0.023834 0.003445
vt 0.026241 0.004593
vt 0.025585 0.008070
vt 0.023239 0.007565
vt 0.004129 0.015257
vt 0.002819 0.015249
vt 0.002973 0.011029
vt 0.004278 0.011015
vt 0.003991 0.019498
vt 0.002680 0.019489
vt 0.003882 0.023741
vt 0.002571 0.023737
vt 0.003806 0.027984
vt 0.002495 0.027988
vt 0.003763 0.032229
vt 0.002452 0.032242
vt 0.003752 0.036475
vt 0.002441 0.036497
vt 0.003774 0.040723
vt 0.002463 0.040752
vt 0.003829 0.044971
vt 0.002518 0.045010
vt 0.003918 0.049222
vt 0.002607 0.049268
vt 0.004041 0.053475
vt 0.002732 0.053525
vt 0.004198 0.057729
vt 0.002889 0.057775
vt 0.004373 0.061981
vt 0.003062 0.061999
vt 0.004504 0.066221
vt 0.003190 0.066134
vt 0.004383 0.070415
vt 0.003024 0.070007
vt 0.002864 0.002901
vt 0.004189 0.002443
vt 0.004373 0.006757
vt 0.003078 0.006866
vt 0.738237 0.433777
vt 0.737755 0.455876
vt 0.726106 0.456148
vt 0.726229 0.433625
vt 0.727442 0.481704
vt 0.737981 0.480309
vt 0.739329 0.247906
vt 0.738490 0.272231
vt 0.727206 0.271633
vt 0.728788 0.246287
vt 0.738777 0.293344
vt 0.727455 0.293609
vt 0.745419 0.008691
vt 0.772223 0.008509
vt 0.769357 0.013923
vt 0.748394 0.013761
vt 0.789274 0.278194
vt 0.788801 0.308145
vt 0.778706 0.307687
vt 0.778945 0.277699
vt 0.787193 0.248706
vt 0.777169 0.249777
vt 0.786160 0.452789
vt 0.783112 0.482173
vt 0.773012 0.480370
vt 0.775818 0.452682
vt 0.787285 0.423061
vt 0.777240 0.423028
vt 0.777289 0.539958
vt 0.768944 0.536364
vt 0.737541 0.535265
vt 0.728900 0.538226
vt 0.775081 0.193605
vt 0.783556 0.190706
vt 0.732106 0.189938
vt 0.740648 0.193036
vt 0.744115 0.077904
vt 0.738227 0.074217
vt 0.780026 0.074416
vt 0.774085 0.078036
vt 0.742157 0.133760
vt 0.734839 0.130304
vt 0.782190 0.130881
vt 0.774822 0.134140
vt 0.729308 0.597829
vt 0.736807 0.594518
vt 0.736516 0.649788
vt 0.730386 0.653336
vt 0.766521 0.595752
vt 0.773754 0.599696
vt 0.769502 0.656354
vt 0.763807 0.651797
vt 0.728280 0.405298
vt 0.728753 0.322549
vt 0.737611 0.405482
vt 0.738735 0.323208
vt 0.737682 0.322433
vt 0.720543 0.416137
vt 0.722044 0.416738
vt 0.715860 0.431350
vt 0.713353 0.430513
vt 0.721895 0.415411
vt 0.717065 0.407486
vt 0.718919 0.407038
vt 0.729197 0.414355
vt 0.729367 0.415765
vt 0.716476 0.320361
vt 0.718478 0.320789
vt 0.743715 0.415439
vt 0.743490 0.416733
vt 0.736204 0.415328
vt 0.736423 0.413924
vt 0.745046 0.416198
vt 0.746894 0.407345
vt 0.748721 0.407792
vt 0.751182 0.430825
vt 0.748637 0.431538
vt 0.749089 0.320894
vt 0.751087 0.320444
vt 0.721325 0.310490
vt 0.722676 0.311226
vt 0.722884 0.309937
vt 0.715497 0.296707
vt 0.717839 0.295913
vt 0.730321 0.311023
vt 0.730120 0.312385
vt 0.737287 0.311593
vt 0.736732 0.312966
vt 0.750010 0.454628
vt 0.747636 0.454868
vt 0.744640 0.311120
vt 0.746012 0.310440
vt 0.744431 0.309944
vt 0.738343 0.312861
vt 0.748466 0.295875
vt 0.750812 0.296712
vt 0.748190 0.273360
vt 0.750507 0.273717
vt 0.716297 0.483101
vt 0.718501 0.483021
vt 0.721790 0.541313
vt 0.719646 0.541408
vt 0.714040 0.455514
vt 0.716357 0.455697
vt 0.719876 0.244979
vt 0.717670 0.244915
vt 0.722952 0.186723
vt 0.725095 0.186821
vt 0.717579 0.271993
vt 0.715320 0.272240
vt 0.748147 0.249583
vt 0.750311 0.249716
vt 0.747677 0.196102
vt 0.749811 0.196094
vt 0.749054 0.478841
vt 0.746879 0.478870
vt 0.746804 0.532484
vt 0.744672 0.532390
vt 0.739810 0.322309
vt 0.701230 0.244989
vt 0.699106 0.244968
vt 0.704706 0.185775
vt 0.706817 0.185897
vt 0.698157 0.274967
vt 0.696073 0.275344
vt 0.698617 0.307459
vt 0.696628 0.308276
vt 0.698039 0.422126
vt 0.696073 0.421394
vt 0.702895 0.483486
vt 0.700777 0.483562
vt 0.697992 0.453683
vt 0.700100 0.453934
vt 0.706502 0.542285
vt 0.704396 0.542444
vt 0.768234 0.306645
vt 0.770172 0.307336
vt 0.768764 0.422883
vt 0.766879 0.423488
vt 0.767890 0.276745
vt 0.770051 0.276997
vt 0.766519 0.250679
vt 0.768647 0.250750
vt 0.765969 0.196420
vt 0.768092 0.196488
vt 0.766735 0.452887
vt 0.764512 0.452987
vt 0.764479 0.478873
vt 0.762338 0.478796
vt 0.762063 0.532990
vt 0.759940 0.532915
vt 0.745089 0.591441
vt 0.742876 0.591986
vt 0.760633 0.592699
vt 0.758457 0.591934
vt 0.745226 0.702655
vt 0.744074 0.703055
vt 0.741203 0.646618
vt 0.743484 0.646768
vt 0.744965 0.704205
vt 0.752063 0.706038
vt 0.751995 0.707788
vt 0.743664 0.706787
vt 0.742541 0.705255
vt 0.753151 0.706690
vt 0.757198 0.647503
vt 0.759442 0.647795
vt 0.754242 0.710274
vt 0.752208 0.712114
vt 0.754179 0.717021
vt 0.749373 0.718184
vt 0.742078 0.710348
vt 0.740732 0.708629
vt 0.708205 0.602658
vt 0.706072 0.602279
vt 0.753842 0.721713
vt 0.742513 0.722053
vt 0.737202 0.721486
vt 0.735424 0.722260
vt 0.709655 0.661920
vt 0.711675 0.661269
vt 0.739430 0.712686
vt 0.740684 0.712205
vt 0.723331 0.600650
vt 0.721211 0.601399
vt 0.739727 0.710819
vt 0.723924 0.657534
vt 0.726103 0.657120
vt 0.708897 0.126115
vt 0.711060 0.125656
vt 0.726935 0.126707
vt 0.729012 0.127451
vt 0.723337 0.002441
vt 0.725298 0.004448
vt 0.715974 0.068446
vt 0.713862 0.068224
vt 0.743356 0.005018
vt 0.740911 0.006427
vt 0.734085 0.070449
vt 0.731996 0.070212
vt 0.766662 0.137317
vt 0.768849 0.136721
vt 0.748088 0.136501
vt 0.750269 0.137169
vt 0.765472 0.019558
vt 0.767022 0.017665
vt 0.769541 0.081421
vt 0.767321 0.081352
vt 0.752326 0.019219
vt 0.750761 0.017296
vt 0.750853 0.081326
vt 0.748618 0.081355
vt 0.774220 0.004888
vt 0.795697 0.247410
vt 0.798055 0.278658
vt 0.797497 0.308630
vt 0.795949 0.422945
vt 0.795018 0.452922
vt 0.791552 0.484136
vt 0.784101 0.543600
vt 0.790515 0.187724
vt 0.784211 0.070677
vt 0.788057 0.128190
vt 0.773284 0.660805
vt 0.779482 0.603015
vt 0.031137 0.086344
vt 0.033425 0.086442
vt 0.033312 0.090376
vt 0.031021 0.090331
vt 0.031311 0.082349
vt 0.033591 0.082564
vt 0.033231 0.094331
vt 0.030939 0.094315
vt 0.033176 0.098294
vt 0.030884 0.098297
vt 0.033144 0.102259
vt 0.030852 0.102278
vt 0.033135 0.106223
vt 0.030843 0.106258
vt 0.033149 0.110186
vt 0.030857 0.110237
vt 0.033184 0.114148
vt 0.030893 0.114214
vt 0.033241 0.118105
vt 0.030951 0.118190
vt 0.033319 0.122054
vt 0.031033 0.122164
vt 0.033424 0.125984
vt 0.031147 0.126139
vt 0.033575 0.129868
vt 0.031321 0.130124
vt 0.033840 0.133632
vt 0.031635 0.134139
vt 0.034509 0.137015
vt 0.032299 0.138222
vt 0.032184 0.074366
vt 0.034509 0.075475
vt 0.033875 0.078834
vt 0.031609 0.078346
vt 0.013147 0.085776
vt 0.011882 0.085768
vt 0.012030 0.081692
vt 0.013291 0.081678
vt 0.013014 0.089873
vt 0.011748 0.089864
vt 0.012909 0.093971
vt 0.011642 0.093967
vt 0.012835 0.098070
vt 0.011568 0.098074
vt 0.012794 0.102171
vt 0.011527 0.102184
vt 0.012783 0.106273
vt 0.011517 0.106294
vt 0.012805 0.110376
vt 0.011538 0.110405
vt 0.012857 0.114481
vt 0.011591 0.114518
vt 0.012943 0.118587
vt 0.011677 0.118631
vt 0.013063 0.122695
vt 0.011798 0.122743
vt 0.013214 0.126804
vt 0.011949 0.126849
vt 0.013383 0.130912
vt 0.012117 0.130929
vt 0.013510 0.135008
vt 0.012240 0.134924
vt 0.013393 0.139060
vt 0.012080 0.138665
vt 0.011926 0.073840
vt 0.013205 0.073397
vt 0.013383 0.077565
vt 0.012132 0.077670
vt 0.862987 0.625218
vt 0.860581 0.627445
vt 0.857510 0.623918
vt 0.859357 0.622150
vt 0.864581 0.629031
vt 0.862908 0.551665
vt 0.864581 0.547759
vt 0.786828 0.628981
vt 0.790683 0.627425
vt 0.860721 0.549307
vt 0.859519 0.554581
vt 0.857699 0.552657
vt 0.790865 0.549252
vt 0.786870 0.547644
vt 0.788492 0.625070
vt 0.791875 0.622148
vt 0.793699 0.624070
vt 0.788451 0.551453
vt 0.793944 0.552795
vt 0.792062 0.554552
vt 0.794875 0.621097
vt 0.856353 0.620994
vt 0.795058 0.555731
vt 0.856519 0.555630
vt 0.838122 0.311243
vt 0.840365 0.313467
vt 0.812474 0.337648
vt 0.810758 0.335114
vt 0.868784 0.346983
vt 0.870496 0.349508
vt 0.842635 0.372996
vt 0.840375 0.370882
vt 0.866911 0.344549
vt 0.838270 0.368608
vt 0.864971 0.342156
vt 0.836239 0.366266
vt 0.863004 0.339781
vt 0.834238 0.363899
vt 0.861029 0.337410
vt 0.832247 0.361525
vt 0.859051 0.335042
vt 0.830258 0.359148
vt 0.857073 0.332673
vt 0.828269 0.356771
vt 0.855096 0.330304
vt 0.826279 0.354394
vt 0.853119 0.327936
vt 0.824287 0.352018
vt 0.851141 0.325569
vt 0.822293 0.349642
vt 0.849146 0.323201
vt 0.820299 0.347266
vt 0.847011 0.320758
vt 0.818305 0.344887
vt 0.844811 0.318294
vt 0.816319 0.342500
vt 0.842590 0.315847
vt 0.814360 0.340095
vt 0.810666 0.338643
vt 0.808869 0.335596
vt 0.841811 0.374871
vt 0.838987 0.372486
vt 0.836735 0.370009
vt 0.834663 0.367582
vt 0.832649 0.365185
vt 0.830653 0.362800
vt 0.828662 0.360419
vt 0.826673 0.358041
vt 0.824682 0.355664
vt 0.822690 0.353288
vt 0.820695 0.350910
vt 0.818697 0.348531
vt 0.816694 0.346143
vt 0.814685 0.343733
vt 0.812670 0.341265
vt 0.865366 0.282860
vt 0.868055 0.285627
vt 0.841438 0.311679
vt 0.838668 0.309073
vt 0.862674 0.280090
vt 0.835952 0.306272
vt 0.859979 0.277317
vt 0.833238 0.303474
vt 0.857283 0.274541
vt 0.830526 0.300679
vt 0.854585 0.271764
vt 0.827815 0.297886
vt 0.851885 0.268984
vt 0.825106 0.295094
vt 0.849185 0.266204
vt 0.822398 0.292303
vt 0.846484 0.263422
vt 0.819691 0.289514
vt 0.843782 0.260639
vt 0.816984 0.286726
vt 0.841079 0.257856
vt 0.814279 0.283939
vt 0.838376 0.255071
vt 0.811573 0.281152
vt 0.835672 0.252286
vt 0.808869 0.278366
vt 0.876135 0.293994
vt 0.878813 0.296806
vt 0.851190 0.322270
vt 0.848754 0.319568
vt 0.873451 0.291194
vt 0.846362 0.316929
vt 0.870757 0.288405
vt 0.843949 0.314309
vt 0.870590 0.345985
vt 0.872385 0.349022
vt 0.868599 0.343377
vt 0.866602 0.340922
vt 0.864614 0.338523
vt 0.862630 0.336145
vt 0.860648 0.333772
vt 0.858669 0.331403
vt 0.856691 0.329033
vt 0.854716 0.326664
vt 0.852770 0.324319
vt 0.930914 0.662476
vt 0.927824 0.662476
vt 0.927824 0.252266
vt 0.930914 0.252266
vt 0.884564 0.662476
vt 0.881474 0.662476
vt 0.881474 0.252266
vt 0.884564 0.252266
vt 0.887654 0.662476
vt 0.887654 0.252266
vt 0.890744 0.662476
vt 0.890744 0.252266
vt 0.893834 0.662476
vt 0.893834 0.252266
vt 0.896924 0.662476
vt 0.896924 0.252266
vt 0.900014 0.662476
vt 0.900014 0.252266
vt 0.903104 0.662476
vt 0.903104 0.252266
vt 0.906194 0.662476
vt 0.906194 0.252266
vt 0.909284 0.662476
vt 0.909284 0.252266
vt 0.912374 0.662476
vt 0.912374 0.252266
vt 0.915464 0.662476
vt 0.915464 0.252266
vt 0.918554 0.662476
vt 0.918554 0.252266
vt 0.921644 0.662476
vt 0.921644 0.252266
vt 0.924734 0.662476
vt 0.924734 0.252266
vt 0.997214 0.662443
vt 0.993302 0.662443
vt 0.993302 0.252233
vt 0.997214 0.252233
vt 0.938542 0.662443
vt 0.934630 0.662443
vt 0.934630 0.252233
vt 0.938542 0.252233
vt 0.942453 0.662443
vt 0.942453 0.252233
vt 0.946365 0.662443
vt 0.946365 0.252233
vt 0.950276 0.662443
vt 0.950276 0.252233
vt 0.954188 0.662443
vt 0.954188 0.252233
vt 0.958099 0.662443
vt 0.958099 0.252233
vt 0.962011 0.662443
vt 0.962011 0.252233
vt 0.965922 0.662443
vt 0.965922 0.252233
vt 0.969834 0.662443
vt 0.969834 0.252233
vt 0.973745 0.662443
vt 0.973745 0.252233
vt 0.977656 0.662443
vt 0.977657 0.252233
vt 0.981568 0.662443
vt 0.981568 0.252233
vt 0.985479 0.662443
vt 0.985479 0.252233
vt 0.989391 0.662443
vt 0.989391 0.252233
vt 0.964759 0.005790
vt 0.972051 0.012573
vt 0.963057 0.019111
vt 0.957790 0.014057
vt 0.976561 0.002443
vt 0.811963 0.006334
vt 0.799794 0.002721
vt 0.976698 0.248964
vt 0.972143 0.239227
vt 0.804325 0.012475
vt 0.818685 0.014045
vt 0.812975 0.019044
vt 0.804367 0.238955
vt 0.799794 0.249074
vt 0.964510 0.245383
vt 0.957770 0.237689
vt 0.963482 0.232676
vt 0.811570 0.245787
vt 0.813378 0.232322
vt 0.818619 0.237562
vt 0.955098 0.229989
vt 0.954808 0.021953
vt 0.821675 0.229682
vt 0.821362 0.021734
vt 0.993871 0.757874
vt 0.996822 0.758391
vt 0.996822 0.762088
vt 0.993871 0.762606
vt 0.996822 0.833076
vt 0.993871 0.833593
vt 0.993871 0.828861
vt 0.996822 0.829378
vt 0.996822 0.763124
vt 0.996822 0.766821
vt 0.993871 0.767339
vt 0.996822 0.767856
vt 0.996822 0.771553
vt 0.993871 0.772071
vt 0.996822 0.772588
vt 0.996822 0.776286
vt 0.993871 0.776803
vt 0.996822 0.777321
vt 0.996822 0.781019
vt 0.993871 0.781536
vt 0.996822 0.782053
vt 0.996822 0.785751
vt 0.993871 0.786268
vt 0.996822 0.786786
vt 0.996822 0.790483
vt 0.993871 0.791001
vt 0.996822 0.791518
vt 0.996822 0.795216
vt 0.993871 0.795733
vt 0.996822 0.796251
vt 0.996822 0.799948
vt 0.993871 0.800466
vt 0.996822 0.800983
vt 0.996822 0.804681
vt 0.993871 0.805198
vt 0.996822 0.805715
vt 0.996822 0.809414
vt 0.993871 0.809931
vt 0.996822 0.810448
vt 0.996822 0.814146
vt 0.993871 0.814663
vt 0.996822 0.815181
vt 0.996822 0.818878
vt 0.993871 0.819396
vt 0.996822 0.819913
vt 0.996822 0.823611
vt 0.993871 0.824128
vt 0.996822 0.824646
vt 0.996822 0.828343
vt 0.927525 0.833593
vt 0.925555 0.833316
vt 0.925555 0.829138
vt 0.927525 0.828861
vt 0.925555 0.758151
vt 0.927525 0.757874
vt 0.927525 0.762606
vt 0.925555 0.762329
vt 0.925555 0.762883
vt 0.927525 0.767339
vt 0.925555 0.767062
vt 0.925555 0.767615
vt 0.927525 0.772071
vt 0.925555 0.771794
vt 0.925555 0.772348
vt 0.927525 0.776803
vt 0.925555 0.776527
vt 0.925555 0.777081
vt 0.927525 0.781536
vt 0.925555 0.781259
vt 0.925555 0.781813
vt 0.927525 0.786268
vt 0.925555 0.785991
vt 0.925555 0.786545
vt 0.927525 0.791001
vt 0.925555 0.790724
vt 0.925555 0.791278
vt 0.927525 0.795733
vt 0.925555 0.795456
vt 0.925555 0.796011
vt 0.927525 0.800466
vt 0.925555 0.800189
vt 0.925555 0.800742
vt 0.927525 0.805198
vt 0.925555 0.804921
vt 0.925555 0.805475
vt 0.927525 0.809931
vt 0.925555 0.809654
vt 0.925555 0.810208
vt 0.927525 0.814663
vt 0.925555 0.814386
vt 0.925555 0.814940
vt 0.927525 0.819396
vt 0.925555 0.819119
vt 0.925555 0.819673
vt 0.927525 0.824128
vt 0.925555 0.823851
vt 0.925555 0.824405
vt 0.925555 0.828584
vt 0.714486 0.010859
vt 0.714486 0.015037
vt 0.703983 0.012946
vt 0.712887 0.018897
vt 0.709932 0.021851
vt 0.706071 0.023450
vt 0.701892 0.023450
vt 0.698033 0.021850
vt 0.695079 0.018895
vt 0.693480 0.015034
vt 0.693480 0.010856
vt 0.695079 0.006996
vt 0.698035 0.004042
vt 0.701895 0.002443
vt 0.706074 0.002444
vt 0.709933 0.004043
vt 0.712888 0.006998
vt 0.805166 0.536569
vt 0.813395 0.541927
vt 0.812211 0.541927
vt 0.803825 0.536569
vt 0.815526 0.541927
vt 0.807810 0.536569
vt 0.809112 0.536569
vt 0.816228 0.541927
vt 0.810535 0.541927
vt 0.801102 0.536569
vt 0.842728 0.536569
vt 0.842071 0.541927
vt 0.840247 0.541927
vt 0.839012 0.536569
vt 0.838292 0.541927
vt 0.836467 0.536569
vt 0.832427 0.541927
vt 0.832427 0.536569
vt 0.830325 0.541927
vt 0.830325 0.536569
vt 0.828828 0.541927
vt 0.828828 0.536569
vt 0.825780 0.541927
vt 0.825780 0.536569
vt 0.825780 0.541927
vt 0.825780 0.536569
vt 0.822305 0.541927
vt 0.822305 0.536569
vt 0.820028 0.541927
vt 0.820028 0.536569
vt 0.816978 0.541927
vt 0.816978 0.536569
vt 0.814777 0.541927
vt 0.814777 0.536569
vt 0.812207 0.541927
vt 0.812207 0.536569
vt 0.803825 0.448195
vt 0.805166 0.448195
vt 0.801102 0.448195
vt 0.839013 0.448195
vt 0.842728 0.448195
vt 0.836468 0.448195
vt 0.832427 0.448195
vt 0.830325 0.448195
vt 0.828828 0.448195
vt 0.825780 0.448195
vt 0.825780 0.448195
vt 0.822305 0.448195
vt 0.820028 0.448195
vt 0.816978 0.448195
vt 0.814777 0.448195
vt 0.812207 0.448195
vt 0.809112 0.448195
vt 0.807810 0.448195
vt 0.816001 0.544441
vt 0.818401 0.541927
vt 0.825780 0.541927
vt 0.820772 0.541927
vt 0.805166 0.408651
vt 0.803825 0.408651
vt 0.803825 0.407356
vt 0.805166 0.407356
vt 0.809112 0.408651
vt 0.807810 0.408651
vt 0.807810 0.407356
vt 0.809112 0.407356
vt 0.812207 0.408651
vt 0.812207 0.407356
vt 0.814777 0.408651
vt 0.814777 0.407356
vt 0.816978 0.408651
vt 0.816978 0.407356
vt 0.820028 0.408651
vt 0.820028 0.407356
vt 0.822305 0.408651
vt 0.822305 0.407356
vt 0.825780 0.408651
vt 0.825780 0.407356
vt 0.825780 0.408651
vt 0.825780 0.407356
vt 0.828828 0.408651
vt 0.828828 0.407356
vt 0.830325 0.408651
vt 0.830325 0.407356
vt 0.832427 0.408651
vt 0.832427 0.407356
vt 0.836468 0.408651
vt 0.836468 0.407356
vt 0.839013 0.408651
vt 0.839013 0.407356
vt 0.842728 0.408651
vt 0.842728 0.407356
vt 0.801102 0.408651
vt 0.801102 0.407356
vt 0.805166 0.410925
vt 0.803825 0.410925
vt 0.809112 0.410925
vt 0.807810 0.410925
vt 0.812208 0.410925
vt 0.814777 0.410925
vt 0.816978 0.410925
vt 0.820028 0.410925
vt 0.822305 0.410925
vt 0.825780 0.410925
vt 0.825780 0.410925
vt 0.828828 0.410925
vt 0.830325 0.410925
vt 0.832427 0.410925
vt 0.836468 0.410925
vt 0.839013 0.410925
vt 0.842728 0.410925
vt 0.801102 0.410925
vt 0.817762 0.370526
vt 0.817204 0.369912
vt 0.818431 0.369912
vt 0.818672 0.369945
vt 0.817204 0.369266
vt 0.818051 0.369266
vt 0.830543 0.370889
vt 0.829701 0.372592
vt 0.828947 0.371072
vt 0.829560 0.370889
vt 0.828825 0.372592
vt 0.828242 0.372050
vt 0.832427 0.372592
vt 0.832427 0.372050
vt 0.830325 0.372592
vt 0.830325 0.372050
vt 0.828828 0.372592
vt 0.828828 0.372050
vt 0.825780 0.372592
vt 0.825780 0.372050
vt 0.825780 0.372592
vt 0.825780 0.372050
vt 0.822305 0.372592
vt 0.822305 0.372050
vt 0.820028 0.372592
vt 0.820028 0.372050
vt 0.821918 0.372592
vt 0.821918 0.372050
vt 0.820399 0.372592
vt 0.820841 0.372050
vt 0.819593 0.372049
vt 0.820160 0.371343
vt 0.818742 0.371536
vt 0.819497 0.370827
vt 0.818409 0.371191
vt 0.819204 0.370539
vt 0.818431 0.369912
vt 0.818672 0.369945
vt 0.818051 0.369266
vt 0.828947 0.371072
vt 0.829560 0.370631
vt 0.828242 0.372049
vt 0.826764 0.372049
vt 0.830325 0.372049
vt 0.828828 0.372049
vt 0.825780 0.372049
vt 0.825780 0.372049
vt 0.822305 0.372049
vt 0.820028 0.372049
vt 0.821918 0.372049
vt 0.820842 0.372049
vt 0.820160 0.371344
vt 0.819497 0.370826
vt 0.819205 0.370539
vt 0.803825 0.391647
vt 0.805166 0.391646
vt 0.801102 0.391646
vt 0.839013 0.391647
vt 0.842728 0.391647
vt 0.836468 0.391647
vt 0.832427 0.391647
vt 0.830325 0.391647
vt 0.828828 0.391647
vt 0.825780 0.391647
vt 0.825780 0.391647
vt 0.822305 0.391647
vt 0.820028 0.391647
vt 0.816978 0.391647
vt 0.814777 0.391647
vt 0.812207 0.391647
vt 0.809112 0.391647
vt 0.807810 0.391647
vt 0.805166 0.419722
vt 0.803825 0.419722
vt 0.809112 0.419722
vt 0.807810 0.419722
vt 0.812207 0.419722
vt 0.814777 0.419722
vt 0.816978 0.419722
vt 0.820028 0.419722
vt 0.822305 0.419722
vt 0.825780 0.419722
vt 0.825780 0.419722
vt 0.828828 0.419722
vt 0.830325 0.419722
vt 0.832427 0.419722
vt 0.836468 0.419722
vt 0.839013 0.419722
vt 0.842728 0.419722
vt 0.801102 0.419722
vt 0.813340 0.446430
vt 0.813340 0.447425
vt 0.813340 0.419722
vt 0.813340 0.420528
vt 0.815405 0.446430
vt 0.815405 0.447425
vt 0.815405 0.420528
vt 0.815405 0.419722
vt 0.803825 0.389468
vt 0.803825 0.390358
vt 0.801102 0.390358
vt 0.801102 0.389468
vt 0.805166 0.389468
vt 0.805166 0.390358
vt 0.807810 0.390358
vt 0.807810 0.389468
vt 0.809112 0.389468
vt 0.809112 0.390358
vt 0.812207 0.389468
vt 0.812207 0.390358
vt 0.814777 0.389468
vt 0.814777 0.390358
vt 0.816978 0.389468
vt 0.816978 0.390358
vt 0.820028 0.389468
vt 0.820028 0.390358
vt 0.822305 0.389468
vt 0.822305 0.390358
vt 0.825780 0.389468
vt 0.825780 0.390358
vt 0.825780 0.389468
vt 0.825780 0.390358
vt 0.828828 0.389468
vt 0.828828 0.390358
vt 0.830325 0.389468
vt 0.830325 0.390358
vt 0.832427 0.389468
vt 0.832427 0.390358
vt 0.836468 0.389468
vt 0.836468 0.390358
vt 0.839013 0.389468
vt 0.839013 0.390358
vt 0.842728 0.389468
vt 0.842728 0.390358
vt 0.807810 0.384673
vt 0.807810 0.384515
vt 0.809112 0.384515
vt 0.809112 0.384673
vt 0.805896 0.384515
vt 0.805166 0.384673
vt 0.804147 0.384673
vt 0.804759 0.384515
vt 0.801893 0.384673
vt 0.802666 0.381092
vt 0.841013 0.384515
vt 0.842728 0.384673
vt 0.839013 0.384673
vt 0.839013 0.384515
vt 0.836468 0.384673
vt 0.836468 0.384515
vt 0.832427 0.384673
vt 0.832427 0.384515
vt 0.830325 0.384673
vt 0.830325 0.384515
vt 0.828828 0.384673
vt 0.828828 0.384515
vt 0.825780 0.384673
vt 0.825780 0.384515
vt 0.825780 0.384673
vt 0.825780 0.384515
vt 0.822305 0.384673
vt 0.822305 0.384515
vt 0.820028 0.384673
vt 0.820028 0.384515
vt 0.816978 0.384673
vt 0.816978 0.384515
vt 0.814777 0.384673
vt 0.814777 0.384515
vt 0.812207 0.384673
vt 0.812207 0.384515
vt 0.811525 0.379924
vt 0.812063 0.379207
vt 0.812917 0.379207
vt 0.812416 0.379924
vt 0.810458 0.376897
vt 0.809789 0.377583
vt 0.808935 0.377040
vt 0.809653 0.376384
vt 0.807394 0.375614
vt 0.808298 0.375008
vt 0.837175 0.379207
vt 0.839192 0.379924
vt 0.839013 0.379925
vt 0.835399 0.379207
vt 0.836468 0.379925
vt 0.836468 0.379207
vt 0.832427 0.379925
vt 0.832427 0.379207
vt 0.830325 0.379925
vt 0.830325 0.379207
vt 0.828828 0.379925
vt 0.828828 0.379207
vt 0.825780 0.379925
vt 0.825780 0.379207
vt 0.825780 0.379925
vt 0.825780 0.379207
vt 0.822305 0.379924
vt 0.822305 0.379207
vt 0.820028 0.379924
vt 0.820028 0.379207
vt 0.816978 0.379924
vt 0.816978 0.379207
vt 0.814777 0.379924
vt 0.814777 0.379207
vt 0.812207 0.379924
vt 0.814773 0.379207
vt 0.814992 0.374508
vt 0.815613 0.373677
vt 0.816177 0.375387
vt 0.815597 0.376096
vt 0.814592 0.373004
vt 0.813838 0.373584
vt 0.813278 0.373085
vt 0.814075 0.372569
vt 0.812368 0.371416
vt 0.813330 0.371416
vt 0.833416 0.373903
vt 0.834175 0.374543
vt 0.832771 0.376096
vt 0.832210 0.375387
vt 0.831331 0.376096
vt 0.830892 0.375387
vt 0.832427 0.376096
vt 0.832427 0.375387
vt 0.830325 0.376096
vt 0.830325 0.375387
vt 0.828828 0.376096
vt 0.828828 0.375387
vt 0.825780 0.376096
vt 0.825780 0.375387
vt 0.825780 0.376096
vt 0.825780 0.375387
vt 0.822305 0.376096
vt 0.822305 0.375387
vt 0.820028 0.376096
vt 0.820028 0.375387
vt 0.816978 0.376096
vt 0.816978 0.375387
vt 0.814777 0.376096
vt 0.818904 0.375387
vt 0.816975 0.376096
vt 0.817476 0.375387
vt 0.818075 0.371510
vt 0.818450 0.371850
vt 0.817375 0.370801
vt 0.817060 0.370417
vt 0.816519 0.369266
vt 0.830867 0.371483
vt 0.829978 0.372946
vt 0.829051 0.372946
vt 0.832427 0.372946
vt 0.830325 0.372946
vt 0.828828 0.372946
vt 0.825780 0.372946
vt 0.825780 0.372946
vt 0.822305 0.372946
vt 0.820028 0.372946
vt 0.816978 0.372946
vt 0.820170 0.372946
vt 0.819327 0.372946
vt 0.821684 0.368386
vt 0.822622 0.368386
vt 0.822622 0.368386
vt 0.821684 0.368566
vt 0.822330 0.367631
vt 0.821684 0.367631
vt 0.820992 0.367408
vt 0.822085 0.367408
vt 0.820992 0.366821
vt 0.821733 0.366821
vt 0.826879 0.367402
vt 0.827673 0.367953
vt 0.827033 0.368420
vt 0.826283 0.368386
vt 0.826434 0.368386
vt 0.825347 0.368386
vt 0.826764 0.369252
vt 0.825347 0.368386
vt 0.830325 0.369708
vt 0.825347 0.368386
vt 0.828828 0.369708
vt 0.828828 0.368386
vt 0.825780 0.370236
vt 0.825780 0.369138
vt 0.825780 0.370236
vt 0.825780 0.369138
vt 0.822305 0.370236
vt 0.822305 0.369138
vt 0.820028 0.370236
vt 0.820028 0.369138
vt 0.821918 0.369910
vt 0.822996 0.369138
vt 0.822255 0.369501
vt 0.822622 0.369138
vt 0.821684 0.369053
vt 0.822622 0.369138
vt 0.803825 0.387675
vt 0.805166 0.387675
vt 0.807810 0.387675
vt 0.809112 0.387675
vt 0.812207 0.387675
vt 0.814777 0.387675
vt 0.816978 0.387675
vt 0.820028 0.387675
vt 0.822305 0.387675
vt 0.825780 0.387675
vt 0.825780 0.387675
vt 0.828828 0.387675
vt 0.830325 0.387675
vt 0.832427 0.387675
vt 0.836468 0.387675
vt 0.839013 0.387675
vt 0.842728 0.387675
vt 0.799794 0.387675
vt 0.805198 0.383930
vt 0.806311 0.383930
vt 0.803238 0.380504
vt 0.839013 0.383930
vt 0.839192 0.383930
vt 0.836468 0.383930
vt 0.832427 0.383930
vt 0.830325 0.383930
vt 0.828828 0.383930
vt 0.825780 0.383930
vt 0.825780 0.383930
vt 0.822305 0.383930
vt 0.820028 0.383930
vt 0.816978 0.383930
vt 0.814777 0.383930
vt 0.812207 0.383930
vt 0.809810 0.383930
vt 0.808625 0.383930
vt 0.810320 0.375756
vt 0.811062 0.376300
vt 0.809107 0.374492
vt 0.834912 0.378583
vt 0.836463 0.378583
vt 0.836468 0.378583
vt 0.832427 0.378583
vt 0.830325 0.378583
vt 0.828828 0.378583
vt 0.825780 0.378583
vt 0.825780 0.378583
vt 0.822305 0.378583
vt 0.820028 0.378583
vt 0.816978 0.378583
vt 0.814777 0.378583
vt 0.815146 0.378583
vt 0.813467 0.378583
vt 0.812635 0.378583
vt 0.814977 0.371975
vt 0.815412 0.372406
vt 0.814330 0.371416
vt 0.831523 0.374685
vt 0.832480 0.373350
vt 0.830405 0.374685
vt 0.832427 0.374685
vt 0.830325 0.374685
vt 0.828828 0.374685
vt 0.825780 0.374685
vt 0.825780 0.374685
vt 0.822305 0.374685
vt 0.820028 0.374685
vt 0.816978 0.374685
vt 0.818904 0.374685
vt 0.817986 0.374685
vt 0.816885 0.374685
vt 0.816361 0.373231
vt 0.824004 0.368386
vt 0.824760 0.368386
vt 0.822622 0.368386
vt 0.821684 0.368386
vt 0.818914 0.370249
vt 0.818914 0.370249
vt 0.818022 0.370898
vt 0.817705 0.371176
vt 0.815841 0.372851
vt 0.815007 0.373677
vt 0.814356 0.374108
vt 0.811806 0.378583
vt 0.811179 0.379207
vt 0.810609 0.379924
vt 0.807444 0.383930
vt 0.807001 0.384515
vt 0.806494 0.384673
vt 0.806494 0.387675
vt 0.806494 0.389468
vt 0.806494 0.390358
vt 0.806494 0.391647
vt 0.806494 0.407356
vt 0.806494 0.408651
vt 0.806494 0.410925
vt 0.806494 0.419722
vt 0.806494 0.448195
vt 0.806493 0.536569
vt 0.814553 0.541927
vt 0.820772 0.544441
vt 0.822937 0.368386
vt 0.823237 0.368386
vt 0.871795 0.750902
vt 0.866744 0.751865
vt 0.865180 0.747043
vt 0.869746 0.743495
vt 0.878991 0.743905
vt 0.874894 0.743746
vt 0.875307 0.726955
vt 0.879419 0.727063
vt 0.869768 0.756780
vt 0.790189 0.766691
vt 0.789618 0.761043
vt 0.865013 0.647086
vt 0.870494 0.648093
vt 0.868140 0.655130
vt 0.863674 0.651838
vt 0.868081 0.642191
vt 0.785251 0.639491
vt 0.790371 0.633890
vt 0.785165 0.761843
vt 0.784411 0.753242
vt 0.788599 0.756148
vt 0.779997 0.751375
vt 0.777753 0.748159
vt 0.787836 0.727304
vt 0.790505 0.729020
vt 0.780184 0.652082
vt 0.778260 0.646739
vt 0.783950 0.644735
vt 0.784425 0.650486
vt 0.787861 0.750644
vt 0.865116 0.741537
vt 0.795500 0.730781
vt 0.798821 0.731140
vt 0.787534 0.651052
vt 0.863576 0.657308
vt 0.865358 0.726325
vt 0.870108 0.726723
vt 0.915183 0.754632
vt 0.915183 0.738233
vt 0.979960 0.738233
vt 0.997240 0.754632
vt 0.777753 0.654762
vt 0.878157 0.668896
vt 0.874046 0.669130
vt 0.873275 0.654807
vt 0.877376 0.654537
vt 0.980359 0.679556
vt 0.915183 0.679556
vt 0.915183 0.665718
vt 0.994694 0.665718
vt 0.789310 0.669914
vt 0.786650 0.671715
vt 0.794387 0.667831
vt 0.797649 0.667250
vt 0.864167 0.670113
vt 0.868835 0.669558
vt 0.879158 0.711917
vt 0.875035 0.711956
vt 0.874346 0.685533
vt 0.878469 0.685429
vt 0.975364 0.723130
vt 0.915183 0.723130
vt 0.915183 0.696101
vt 0.975364 0.696101
vt 0.794195 0.713764
vt 0.790987 0.713316
vt 0.790677 0.687046
vt 0.793908 0.686430
vt 0.799384 0.714310
vt 0.799105 0.685647
vt 0.802367 0.714441
vt 0.802104 0.685412
vt 0.865053 0.711951
vt 0.864338 0.685859
vt 0.869783 0.711963
vt 0.869085 0.685698
vn -0.885326 0.177957 -0.429570
vn -0.885326 0.177957 -0.429570
vn -0.885307 0.328840 -0.328779
vn -0.885307 0.328843 -0.328776
vn -0.885334 0.000008 -0.464956
vn -0.885334 0.000008 -0.464956
vn -0.885322 0.429590 -0.177926
vn -0.885322 0.429597 -0.177909
vn -0.885342 0.464941 0.000008
vn -0.885342 0.464941 0.000011
vn -0.885327 0.429588 0.177904
vn -0.885327 0.429594 0.177890
vn -0.885339 0.328781 0.328753
vn -0.885339 0.328796 0.328738
vn -0.885362 0.177896 0.429520
vn -0.885362 0.177897 0.429519
vn -0.885364 0.000000 0.464898
vn -0.885364 0.000000 0.464898
vn -0.885357 -0.177926 0.429518
vn -0.885357 -0.177927 0.429518
vn -0.885329 -0.328811 0.328749
vn -0.885329 -0.328825 0.328735
vn -0.885351 -0.429538 0.177906
vn -0.885351 -0.429544 0.177892
vn -0.885367 -0.464892 0.000011
vn -0.885367 -0.464892 0.000015
vn -0.885322 -0.429589 -0.177927
vn -0.885322 -0.429596 -0.177910
vn -0.885318 -0.328811 -0.328778
vn -0.885318 -0.328813 -0.328776
vn -0.885333 -0.177918 -0.429570
vn -0.885333 -0.177918 -0.429570
vn 0.713976 0.267927 -0.646879
vn 0.713976 0.267930 -0.646878
vn 0.713950 -0.000000 -0.700196
vn 0.713950 0.000000 -0.700196
vn 0.714017 0.495032 -0.495099
vn 0.714017 0.495029 -0.495102
vn 0.713984 0.646867 -0.267938
vn 0.713984 0.646853 -0.267971
vn 0.713923 0.700224 -0.000002
vn 0.713923 0.700224 -0.000004
vn 0.713930 0.646931 0.267924
vn 0.713930 0.646917 0.267960
vn 0.713947 0.495095 0.495136
vn 0.713947 0.495061 0.495170
vn 0.713997 0.267889 0.646873
vn 0.713997 0.267891 0.646872
vn 0.714039 -0.000001 0.700106
vn 0.714039 -0.000000 0.700106
vn 0.713998 -0.267889 0.646872
vn 0.713998 -0.267890 0.646871
vn 0.713930 -0.495125 0.495131
vn 0.713930 -0.495091 0.495165
vn 0.713910 -0.646961 0.267908
vn 0.713910 -0.646946 0.267944
vn 0.713924 -0.700223 0.000004
vn 0.713924 -0.700223 0.000000
vn 0.713984 -0.646865 -0.267940
vn 0.713985 -0.646851 -0.267973
vn 0.714019 -0.495031 -0.495098
vn 0.714019 -0.495029 -0.495100
vn 0.713976 -0.267929 -0.646879
vn 0.713977 -0.267930 -0.646878
vn -0.000000 0.382634 -0.923900
vn -0.000000 0.707107 -0.707106
vn -0.000000 0.707107 -0.707106
vn -0.000000 0.382634 -0.923900
vn -0.000000 0.923876 -0.382691
vn -0.000000 0.923876 -0.382691
vn -0.000000 1.000000 -0.000001
vn -0.000000 1.000000 -0.000001
vn 0.000000 0.923877 0.382691
vn 0.000000 0.923877 0.382691
vn -0.000000 0.707109 0.707105
vn -0.000000 0.707109 0.707105
vn -0.000000 0.382699 0.923873
vn -0.000000 0.382699 0.923873
vn -0.000000 -0.000000 1.000000
vn -0.000000 0.000000 1.000000
vn -0.000000 -0.382699 0.923873
vn -0.000000 -0.382699 0.923873
vn 0.000000 -0.707109 0.707105
vn 0.000000 -0.707109 0.707105
vn -0.000000 -0.923876 0.382692
vn -0.000000 -0.923876 0.382692
vn -0.000000 -1.000000 0.000000
vn -0.000000 -1.000000 0.000000
vn -0.000000 -0.923877 -0.382690
vn -0.000000 -0.923877 -0.382690
vn 0.000000 -0.707107 -0.707106
vn 0.000000 -0.707107 -0.707106
vn -0.000000 -0.382631 -0.923901
vn -0.000000 -0.382631 -0.923901
vn -0.000000 0.000000 -1.000000
vn -0.000000 -0.000000 -1.000000
vn 1.000000 0.000000 0.000000
vn 1.000000 0.000000 0.000000
vn 1.000000 -0.000004 0.000000
vn 1.000000 0.000000 0.000000
vn 1.000000 0.000000 0.000000
vn 1.000000 0.000035 0.000000
vn 1.000000 -0.000035 0.000000
vn 1.000000 -0.000071 0.000000
vn 1.000000 0.000000 0.000000
vn 1.000000 0.000000 0.000000
vn 1.000000 0.000000 0.000000
vn 1.000000 0.000000 0.000000
vn 1.000000 0.000001 0.000000
vn 1.000000 0.000001 0.000000
vn 1.000000 0.000000 0.000000
vn 1.000000 0.000000 0.000000
vn 1.000000 0.000000 0.000000
vn 0.000000 0.887340 -0.461116
vn 0.000000 0.887340 -0.461116
vn 0.000000 0.887340 -0.461116
vn 0.000000 0.887340 -0.461116
vn -0.481632 -0.404107 -0.777642
vn -0.325160 -0.591780 -0.737609
vn -0.361698 -0.579748 -0.730114
vn 0.000000 -0.770432 -0.637523
vn -0.163320 -0.722197 -0.672129
vn 0.000000 -0.887344 0.461107
vn 0.000000 -0.887344 0.461107
vn 0.000000 -0.887344 0.461107
vn 0.000000 -0.887344 0.461107
vn 1.000000 0.000011 0.000000
vn 1.000000 0.000011 0.000000
vn 1.000000 0.000011 0.000000
vn 1.000000 0.000011 0.000000
vn -1.000000 0.000011 0.000000
vn -1.000000 0.000011 0.000000
vn -1.000000 0.000011 0.000000
vn -1.000000 0.000011 0.000000
vn -1.000000 0.000000 0.000000
vn -1.000000 0.000000 0.000000
vn -1.000000 0.000000 0.000000
vn -1.000000 0.000000 0.000000
vn 1.000000 0.000016 0.000000
vn 1.000000 0.000016 0.000000
vn 1.000000 0.000016 0.000000
vn 1.000000 0.000016 0.000000
vn 0.000000 0.887341 -0.461113
vn 0.000000 0.887341 -0.461113
vn 0.000000 0.887341 -0.461113
vn 0.000000 0.887341 -0.461113
vn 0.490945 -0.401722 -0.773041
vn 0.313128 -0.194766 -0.929525
vn 0.387761 -0.236803 -0.890823
vn 0.000000 -0.009925 -0.999951
vn 0.195970 -0.085654 -0.976862
vn 0.490944 -0.401715 -0.773045
vn 0.366293 -0.581969 -0.726045
vn 0.336238 -0.588087 -0.735593
vn 0.000000 -0.770436 -0.637517
vn 0.166251 -0.723114 -0.670423
vn 0.000000 -0.887341 0.461114
vn 0.000000 -0.887341 0.461114
vn 0.000000 -0.887341 0.461114
vn 0.000000 -0.887341 0.461114
vn -1.000000 -0.000020 0.000000
vn -1.000000 -0.000020 0.000000
vn -1.000000 -0.000020 0.000000
vn -1.000000 -0.000020 0.000000
vn 1.000000 0.000010 0.000000
vn 1.000000 0.000010 0.000000
vn 1.000000 0.000010 0.000000
vn 1.000000 0.000010 0.000000
vn 0.490944 -0.401717 -0.773044
vn 0.490944 -0.401717 -0.773044
vn 0.490944 -0.401717 -0.773044
vn 0.490944 -0.401717 -0.773044
vn -0.481633 -0.404107 -0.777642
vn -0.481633 -0.404107 -0.777642
vn -0.481633 -0.404107 -0.777642
vn -0.481633 -0.404107 -0.777642
vn 0.000000 -0.887341 0.461115
vn 0.000000 -0.887341 0.461115
vn 0.000000 -0.887341 0.461115
vn 0.000000 -0.887341 0.461115
vn 0.000000 -0.770435 -0.637518
vn 0.000000 -0.770435 -0.637518
vn 0.000000 -0.770435 -0.637518
vn 0.000000 -0.770435 -0.637518
vn 0.000000 -0.461114 -0.887341
vn 0.000000 -0.461114 -0.887341
vn 0.000000 -0.461114 -0.887341
vn 0.000000 -0.461114 -0.887341
vn 0.000000 -0.009925 -0.999951
vn 0.000000 -0.009925 -0.999951
vn 0.000000 -0.009925 -0.999951
vn 0.000000 -0.009925 -0.999951
vn 0.000000 0.887342 -0.461112
vn 0.000000 0.887342 -0.461112
vn 0.000000 0.887342 -0.461112
vn 0.000000 0.887342 -0.461112
vn 0.000000 0.461114 0.887341
vn 0.000000 0.461114 0.887341
vn 0.000000 0.461114 0.887341
vn 0.000000 0.461114 0.887341
vn -0.481634 -0.404110 -0.777640
vn -0.382383 -0.242049 -0.891737
vn -0.301920 -0.194146 -0.933355
vn 0.000000 -0.009925 -0.999951
vn -0.192685 -0.088324 -0.977278
vn -0.707107 0.627447 -0.326051
vn -0.707107 0.627447 -0.326051
vn -0.707107 0.627447 -0.326051
vn -0.707107 0.627447 -0.326051
vn 0.707084 0.627465 -0.326067
vn 0.707084 0.627465 -0.326067
vn 0.707084 0.627465 -0.326067
vn 0.707084 0.627465 -0.326067
vn -0.707113 -0.627439 0.326055
vn -0.707113 -0.627439 0.326055
vn -0.707113 -0.627439 0.326055
vn -0.707112 -0.627439 0.326055
vn 0.707083 -0.627464 0.326070
vn 0.707083 -0.627464 0.326070
vn 0.707083 -0.627464 0.326070
vn 0.707083 -0.627464 0.326070
vn -0.171504 0.206748 0.963246
vn -0.100931 0.326363 0.939840
vn -0.101335 0.603807 0.790663
vn -0.202795 0.678974 0.705598
vn 0.170771 0.203688 0.964027
vn 0.103756 0.326129 0.939614
vn 0.104162 0.603790 0.790308
vn 0.202320 0.681925 0.702883
vn -0.567340 0.380297 0.730411
vn -0.475214 0.589721 0.652994
vn -0.171355 0.793853 0.583468
vn 0.000071 0.812162 0.583432
vn 0.579148 0.376469 0.723090
vn 0.454219 0.202390 0.867597
vn 0.000071 0.078847 0.996887
vn 0.145801 0.084778 0.985675
vn 0.578863 0.376564 0.723268
vn 0.482222 0.592177 0.645591
vn 0.000071 0.812149 0.583450
vn 0.172407 0.794068 0.582865
vn -0.567625 0.380204 0.730237
vn 0.000071 0.078827 0.996888
vn -0.779867 0.288647 0.555419
vn -0.779867 0.288647 0.555419
vn -0.779867 0.288647 0.555419
vn -0.779867 0.288647 0.555419
vn 0.000000 -0.556397 0.830916
vn 0.000000 -0.556397 0.830916
vn 0.000000 -0.556397 0.830916
vn 0.000000 -0.556397 0.830916
vn 0.779812 0.288646 0.555496
vn 0.779812 0.288646 0.555496
vn 0.779812 0.288645 0.555496
vn 0.779812 0.288646 0.555497
vn 0.000000 0.999753 0.022241
vn 0.000000 0.999753 0.022241
vn 0.000000 0.999753 0.022241
vn 0.000000 0.999753 0.022241
vn -0.449048 0.208927 0.868738
vn -0.144516 0.084754 0.985866
vn -0.984503 0.067122 -0.162014
vn -0.984503 0.067121 -0.162014
vn -0.984492 0.124102 -0.123994
vn -0.984492 0.124103 -0.123993
vn -0.984503 -0.000011 -0.175367
vn -0.984503 -0.000011 -0.175367
vn -0.984490 0.162097 -0.067109
vn -0.984490 0.162099 -0.067103
vn -0.984505 0.175358 -0.000000
vn -0.984505 0.175358 0.000000
vn -0.984505 0.162006 0.067108
vn -0.984505 0.162008 0.067103
vn -0.984501 0.124019 0.124008
vn -0.984500 0.124025 0.124002
vn -0.984504 0.067128 0.162006
vn -0.984504 0.067128 0.162006
vn -0.984508 -0.000000 0.175342
vn -0.984508 -0.000000 0.175342
vn -0.984504 -0.067128 0.162006
vn -0.984504 -0.067128 0.162006
vn -0.984501 -0.124019 0.124008
vn -0.984501 -0.124025 0.124002
vn -0.984505 -0.162005 0.067109
vn -0.984505 -0.162007 0.067103
vn -0.984505 -0.175358 -0.000001
vn -0.984505 -0.175358 0.000001
vn -0.984505 -0.162007 -0.067110
vn -0.984505 -0.162009 -0.067104
vn -0.984503 -0.124012 -0.123995
vn -0.984503 -0.124013 -0.123994
vn -0.984502 -0.067133 -0.162014
vn -0.984502 -0.067133 -0.162014
vn 0.948873 0.120810 -0.291625
vn 0.948873 0.120811 -0.291625
vn 0.948868 0.000020 -0.315672
vn 0.948868 0.000020 -0.315672
vn 0.948883 0.223176 -0.223188
vn 0.948883 0.223175 -0.223189
vn 0.948848 0.291719 -0.120781
vn 0.948848 0.291712 -0.120799
vn 0.948857 0.315706 0.000002
vn 0.948857 0.315706 0.000000
vn 0.948887 0.291590 0.120786
vn 0.948887 0.291581 0.120807
vn 0.948865 0.223225 0.223219
vn 0.948865 0.223205 0.223239
vn 0.948873 0.120840 0.291612
vn 0.948873 0.120841 0.291612
vn 0.948893 0.000039 0.315599
vn 0.948893 0.000039 0.315599
vn 0.948877 -0.120802 0.291614
vn 0.948877 -0.120803 0.291614
vn 0.948881 -0.223152 0.223222
vn 0.948881 -0.223132 0.223242
vn 0.948909 -0.291516 0.120790
vn 0.948909 -0.291507 0.120812
vn 0.948857 -0.315706 0.000002
vn 0.948857 -0.315706 -0.000001
vn 0.948847 -0.291721 -0.120781
vn 0.948847 -0.291714 -0.120799
vn 0.948883 -0.223175 -0.223188
vn 0.948883 -0.223175 -0.223189
vn 0.948876 -0.120789 -0.291623
vn 0.948876 -0.120790 -0.291623
vn 0.000000 0.382629 -0.923902
vn -0.000001 0.707102 -0.707111
vn -0.000001 0.707102 -0.707111
vn 0.000000 0.382629 -0.923902
vn -0.000001 0.923875 -0.382693
vn -0.000001 0.923875 -0.382693
vn -0.000000 1.000000 -0.000001
vn -0.000000 1.000000 -0.000001
vn 0.000000 0.923877 0.382690
vn 0.000000 0.923877 0.382690
vn 0.000000 0.707110 0.707104
vn 0.000000 0.707110 0.707104
vn 0.000000 0.382698 0.923874
vn 0.000000 0.382698 0.923874
vn -0.000000 -0.000000 1.000000
vn -0.000000 0.000000 1.000000
vn 0.000000 -0.382698 0.923874
vn 0.000000 -0.382698 0.923874
vn 0.000000 -0.707110 0.707104
vn 0.000000 -0.707110 0.707104
vn 0.000000 -0.923877 0.382690
vn 0.000000 -0.923877 0.382690
vn -0.000000 -1.000000 0.000000
vn -0.000000 -1.000000 0.000000
vn 0.000000 -0.923876 -0.382693
vn 0.000000 -0.923876 -0.382693
vn 0.000000 -0.707102 -0.707111
vn 0.000000 -0.707103 -0.707111
vn -0.000000 -0.382629 -0.923902
vn -0.000000 -0.382629 -0.923902
vn -0.000000 0.000000 -1.000000
vn -0.000000 -0.000000 -1.000000
vn -1.000000 -0.000009 0.000000
vn -1.000000 -0.000006 0.000000
vn -1.000000 -0.000004 0.000000
vn -1.000000 -0.000007 0.000000
vn -1.000000 -0.000016 0.000000
vn -1.000000 -0.000003 0.000000
vn 1.000000 0.000014 0.000000
vn 1.000000 -0.000008 0.000000
vn 1.000000 -0.000001 0.000000
vn 1.000000 0.000016 0.000000
vn 1.000000 -0.000024 0.000000
vn 1.000000 -0.000006 0.000000
vn 0.000000 -0.300959 -0.953637
vn 0.000000 -0.300984 -0.953629
vn 0.000000 -0.307977 -0.951394
vn 0.000000 -0.307975 -0.951394
vn -1.000000 -0.000002 0.000000
vn -1.000000 -0.000003 0.000000
vn -1.000000 -0.000020 0.000000
vn -1.000000 -0.000005 0.000000
vn -1.000000 -0.000000 0.000000
vn -1.000000 0.000010 0.000000
vn 1.000000 0.000012 0.000000
vn 1.000000 0.000003 0.000000
vn 1.000000 -0.000005 0.000000
vn 1.000000 0.000016 0.000000
vn 1.000000 0.000021 0.000000
vn 1.000000 0.000036 0.000000
vn 0.000000 -0.273432 -0.961891
vn 0.000000 -0.273432 -0.961891
vn 0.000000 -0.273432 -0.961891
vn 0.000000 -0.273432 -0.961891
vn 1.000000 0.000012 0.000000
vn 1.000000 0.000015 0.000000
vn 1.000000 0.000705 0.000001
vn 1.000000 0.000618 -0.000139
vn -1.000000 -0.000618 0.000135
vn -1.000000 -0.000709 0.000005
vn -1.000000 0.000000 0.000000
vn -1.000000 0.000000 0.000000
vn -1.000000 -0.000610 0.000139
vn -1.000000 -0.000699 -0.000001
vn 1.000000 0.000707 -0.000004
vn 1.000000 0.000622 -0.000136
vn 0.999990 0.004460 0.000926
vn 0.999992 0.003534 0.001857
vn 0.999996 0.001887 -0.002128
vn 0.999990 0.002959 -0.003374
vn -0.999992 -0.003545 -0.001837
vn -0.999990 -0.004452 -0.000910
vn -0.999990 -0.002918 0.003371
vn -0.999996 -0.001936 0.002208
vn 0.999993 0.003151 0.002047
vn 0.999992 0.003087 0.002675
vn -0.999992 -0.003098 -0.002672
vn -0.999993 -0.003169 -0.002032
vn -0.999992 -0.003105 -0.002662
vn -0.999993 -0.003175 -0.002050
vn -0.999989 -0.004647 -0.000857
vn -0.999992 -0.003563 -0.001918
vn 0.999993 0.003164 0.002044
vn 0.999992 0.003103 0.002672
vn 0.999992 0.003555 0.001923
vn 0.999989 0.004647 0.000861
vn 0.000000 0.273432 0.961891
vn 0.000000 0.273431 0.961892
vn 0.000000 0.273432 0.961891
vn 0.001818 0.514521 0.857476
vn 0.000248 0.287064 0.957911
vn -0.697338 -0.687094 0.204015
vn -0.735356 -0.570856 0.365206
vn -0.702876 -0.684281 0.194229
vn -0.702874 -0.684283 0.194230
vn -0.000120 -0.328770 0.944410
vn -0.000058 -0.949689 0.313194
vn -0.000007 -0.950458 0.310852
vn -0.000015 -0.328392 0.944542
vn -0.693350 -0.197055 0.693134
vn -0.713997 0.001516 0.700147
vn -0.714008 0.001851 0.700135
vn 0.000009 -0.950441 0.310905
vn 0.000019 -0.328456 0.944519
vn -0.695525 0.530917 0.484120
vn -0.734513 0.678523 0.009867
vn -0.715058 0.365462 0.595927
vn -0.715052 0.365684 0.595799
vn -0.000060 0.972457 -0.233084
vn -0.000119 0.776289 0.630377
vn -0.000023 0.806725 0.590927
vn -0.000007 0.971847 -0.235612
vn -0.695247 0.693586 -0.188602
vn -0.701912 0.685082 -0.194892
vn -0.701915 0.685078 -0.194891
vn 0.000033 0.811941 0.583740
vn 0.000009 0.971865 -0.235537
vn 0.000064 -0.949755 0.312995
vn 0.000132 -0.328835 0.944388
vn 0.733946 -0.572246 0.365865
vn 0.695355 -0.688914 0.204641
vn 0.702177 -0.684899 0.194581
vn 0.702181 -0.684895 0.194580
vn 0.693336 -0.197780 0.692942
vn 0.707241 -0.003034 0.706966
vn 0.707240 -0.002820 0.706968
vn 0.695976 0.375975 0.611768
vn 0.688651 0.208454 0.694483
vn -0.706882 0.680370 -0.193428
vn -0.706882 0.680370 -0.193428
vn 0.000145 0.781851 0.623465
vn 0.000064 0.972382 -0.233396
vn 0.729188 0.684303 0.003799
vn 0.678623 0.544124 0.493356
vn 0.678638 0.521492 0.517200
vn 0.695395 0.693513 -0.188324
vn 0.702109 0.684900 -0.194818
vn 0.702105 0.684904 -0.194820
vn 0.707104 0.680169 -0.193323
vn 0.707104 0.680169 -0.193323
vn -0.708420 -0.647178 0.281605
vn -0.708420 -0.647178 0.281605
vn -0.701983 -0.595199 0.391099
vn -0.701959 -0.595076 0.391329
vn -0.706871 -0.680383 0.193421
vn -0.706871 -0.680383 0.193421
vn 0.708556 -0.647111 0.281418
vn 0.708556 -0.647111 0.281418
vn 0.702591 -0.594078 0.391710
vn 0.702605 -0.594157 0.391565
vn 0.707149 -0.680120 0.193332
vn 0.707149 -0.680120 0.193332
vn 0.709645 0.634325 -0.306653
vn 0.709645 0.634325 -0.306653
vn 0.699981 0.574509 -0.424224
vn 0.699982 0.574514 -0.424216
vn -0.709347 0.634593 -0.306787
vn -0.709347 0.634593 -0.306788
vn -0.700197 0.574256 -0.424210
vn -0.700198 0.574261 -0.424200
vn 0.000099 0.320859 0.947127
vn 0.000096 0.685821 0.727770
vn 0.000239 0.710536 0.703661
vn -0.708573 -0.647011 0.281605
vn -0.708573 -0.647011 0.281605
vn -0.702032 -0.595130 0.391115
vn -0.702008 -0.595008 0.391345
vn -0.706968 -0.680287 0.193406
vn -0.706968 -0.680287 0.193406
vn -0.706868 -0.680399 0.193379
vn -0.706868 -0.680399 0.193379
vn 0.000000 -0.873504 -0.486816
vn 0.000000 -0.873504 -0.486816
vn 0.000000 -0.873504 -0.486816
vn 0.000000 -0.873504 -0.486816
vn 0.708720 -0.646954 0.281364
vn 0.708720 -0.646954 0.281364
vn 0.707248 -0.680033 0.193276
vn 0.707248 -0.680033 0.193276
vn 0.702670 -0.594035 0.391634
vn 0.702685 -0.594114 0.391489
vn 0.707338 -0.679932 0.193301
vn 0.707338 -0.679932 0.193301
vn 0.000000 0.486817 -0.873504
vn 0.000000 0.486817 -0.873504
vn 0.000000 0.486817 -0.873504
vn 0.000000 0.486817 -0.873504
vn -0.706970 0.680283 -0.193411
vn -0.706970 0.680283 -0.193411
vn -0.706979 0.680274 -0.193413
vn -0.706978 0.680274 -0.193413
vn -0.709430 0.634515 -0.306758
vn -0.709430 0.634515 -0.306758
vn -0.700245 0.574242 -0.424150
vn -0.700247 0.574247 -0.424141
vn 0.707220 0.680064 -0.193272
vn 0.707220 0.680064 -0.193272
vn 0.707259 0.680019 -0.193283
vn 0.707260 0.680019 -0.193283
vn 0.709794 0.634191 -0.306586
vn 0.709794 0.634191 -0.306586
vn 0.699994 0.574521 -0.424187
vn 0.699995 0.574525 -0.424179
vn -0.693393 0.530286 -0.487855
vn -0.694751 0.526090 -0.490460
vn 0.692478 0.531666 -0.487653
vn 0.691592 0.534350 -0.485974
vn -0.712945 0.434775 -0.550163
vn -0.719217 0.399896 -0.568164
vn -0.706769 0.475729 -0.523602
vn -0.707318 0.472917 -0.525405
vn -0.000081 -0.168318 -0.985733
vn -0.000007 0.611660 -0.791121
vn -0.000007 0.611509 -0.791238
vn -0.000081 -0.169537 -0.985524
vn -0.651079 -0.203013 -0.731356
vn -0.643718 -0.238025 -0.727304
vn -0.648102 -0.239587 -0.722884
vn 0.715237 0.403365 -0.570729
vn 0.708659 0.438103 -0.553053
vn 0.703570 0.478965 -0.524959
vn 0.703111 0.481675 -0.523092
vn 0.654734 -0.196569 -0.729852
vn 0.650114 -0.235138 -0.722539
vn 0.644978 -0.233990 -0.727497
vn 0.657633 -0.225549 -0.718782
vn 0.671965 -0.220052 -0.707135
vn -0.669777 -0.225416 -0.707522
vn -0.656120 -0.230165 -0.718700
vn 0.693979 -0.550459 0.464099
vn 0.694101 -0.552478 0.461510
vn 0.702274 -0.207814 -0.680900
vn 0.702274 -0.207814 -0.680900
vn 0.727931 -0.451385 0.516109
vn 0.727931 -0.451385 0.516109
vn 0.712999 -0.495970 0.495628
vn 0.713026 -0.495893 0.495665
vn -0.002235 -0.979377 -0.202030
vn -0.002235 -0.979377 -0.202030
vn -0.002235 -0.979377 -0.202030
vn -0.002235 -0.979377 -0.202030
vn -0.693291 -0.556479 0.457907
vn -0.693234 -0.555300 0.459422
vn -0.727201 -0.451927 0.516663
vn -0.727201 -0.451927 0.516663
vn -0.712616 -0.499435 0.492690
vn -0.712477 -0.499850 0.492470
vn -0.698289 -0.214986 -0.682769
vn -0.698289 -0.214986 -0.682769
vn -0.693234 -0.556544 0.457914
vn -0.693177 -0.555365 0.459429
vn 0.693960 -0.550462 0.464125
vn 0.694091 -0.552451 0.461559
vn -0.708127 -0.465672 0.530758
vn -0.708128 -0.465672 0.530758
vn -0.702371 -0.505691 0.500951
vn -0.702306 -0.506073 0.500655
vn 0.000000 -0.995546 -0.094274
vn 0.000000 -0.995546 -0.094274
vn 0.000000 -0.995546 -0.094274
vn 0.000000 -0.995546 -0.094274
vn 0.708735 -0.465220 0.530344
vn 0.708735 -0.465220 0.530344
vn 0.702739 -0.502341 0.503797
vn 0.702756 -0.502252 0.503863
vn -0.693430 0.530272 -0.487819
vn -0.694788 0.526054 -0.490446
vn 0.692570 0.531586 -0.487609
vn 0.691686 0.534253 -0.485947
vn -0.665686 0.466437 -0.582495
vn -0.665685 0.466436 -0.582495
vn -0.682174 0.491524 -0.541334
vn -0.681016 0.489715 -0.544423
vn 0.000000 -0.215424 -0.976521
vn 0.000000 0.603388 -0.797448
vn 0.000000 0.603349 -0.797477
vn 0.000000 -0.215974 -0.976399
vn 0.661447 0.469395 -0.584942
vn 0.661447 0.469395 -0.584942
vn 0.677435 0.495652 -0.543518
vn 0.678508 0.497478 -0.540503
vn 0.000000 -0.247428 0.968906
vn 0.000000 -0.247430 0.968906
vn -0.000000 0.961891 -0.273433
vn -0.000000 0.961889 -0.273439
vn -0.000018 -0.307638 -0.951504
vn -0.000018 -0.307655 -0.951498
vn 0.000000 -0.916985 0.398921
vn 0.000000 -0.916985 0.398921
vn 0.000000 -0.961891 0.273435
vn 0.000000 -0.961891 0.273435
vn 1.000000 0.000059 0.000000
vn 1.000000 0.000019 0.000000
vn 1.000000 -0.000015 0.000000
vn -1.000000 -0.000004 0.000000
vn -1.000000 0.000009 0.000000
vn -1.000000 0.000014 0.000000
vn -1.000000 -0.000026 0.000000
vn -1.000000 0.000000 0.000000
vn -1.000000 -0.000025 0.000000
vn -1.000000 0.000017 0.000000
vn -1.000000 0.000003 0.000000
vn -1.000000 0.000005 0.000000
vn -1.000000 0.000011 0.000000
vn 1.000000 -0.000014 0.000000
vn 1.000000 0.000000 0.000000
vn 1.000000 0.000002 0.000000
vn 1.000000 -0.000012 0.000000
vn 1.000000 -0.000020 0.000000
vn 1.000000 -0.000040 0.000000
vn 1.000000 -0.000013 0.000000
vn -0.000000 -0.961892 0.273431
vn -0.000000 -0.961891 0.273432
vn -0.000000 -0.961891 0.273433
vn -0.000000 -0.961891 0.273433
vn 0.000000 -0.916984 0.398923
vn 0.000000 -0.916984 0.398923
vn 0.000000 -0.961892 0.273431
vn 0.000000 -0.961891 0.273434
vn 0.000000 -0.290960 -0.956735
vn 0.000000 -0.290960 -0.956735
vn 0.000009 -0.295766 -0.955260
vn 0.000010 -0.295717 -0.955276
vn 0.000066 -0.285418 -0.958403
vn 0.000066 -0.285418 -0.958403
vn 0.000000 0.900322 -0.435225
vn -0.000000 0.961891 -0.273433
vn -0.000000 0.961891 -0.273433
vn 0.000000 0.900322 -0.435225
vn -0.000000 0.961892 -0.273431
vn -0.000000 0.961892 -0.273431
vn 0.000000 0.961891 -0.273432
vn 0.000000 0.961891 -0.273432
vn 0.000000 0.900322 -0.435225
vn 0.000000 0.900322 -0.435225
vn 0.000000 -0.247428 0.968906
vn 0.000000 -0.247428 0.968906
vn 0.000000 0.273431 0.961892
vn 0.000000 0.720099 0.693871
vn 0.000000 0.720103 0.693868
vn 0.000000 0.273430 0.961892
vn 0.000000 0.273430 0.961892
vn -1.000000 -0.000025 0.000000
vn -1.000000 0.000007 0.000000
vn -1.000000 0.000039 0.000000
vn -1.000000 0.000004 0.000000
vn -1.000000 -0.000000 0.000000
vn -1.000000 -0.000004 0.000000
vn 1.000000 -0.000036 0.000000
vn 1.000000 -0.000014 0.000000
vn 1.000000 0.000007 0.000000
vn 1.000000 -0.000011 0.000000
vn 1.000000 -0.000007 0.000000
vn 1.000000 -0.000004 0.000000
vn 0.000000 -0.273432 -0.961891
vn 0.000000 -0.273432 -0.961891
vn 0.000000 -0.273432 -0.961891
vn 0.000000 -0.273432 -0.961891
vn 0.000000 0.805577 -0.592492
vn 0.000000 0.805586 -0.592478
vn 1.000000 0.000000 0.000000
vn 1.000000 0.000385 -0.000126
vn -1.000000 -0.000365 0.000122
vn 1.000000 0.000000 0.000000
vn 1.000000 0.000865 0.000213
vn 0.000000 -0.835818 0.549006
vn 0.000000 -0.835764 0.549089
vn -1.000000 -0.000845 -0.000184
vn -1.000000 0.000000 0.000000
vn -1.000000 -0.000865 -0.000213
vn 1.000000 0.000832 0.000202
vn 0.000000 -0.835791 0.549047
vn 0.000000 -0.835736 0.549131
vn -1.000000 0.000000 0.000000
vn -1.000000 -0.000385 0.000126
vn 0.000000 0.805540 -0.592542
vn 0.000000 0.805550 -0.592528
vn 1.000000 0.000374 -0.000122
vn 0.000000 -0.708305 0.705907
vn 0.000000 -0.708550 0.705661
vn 0.000000 -0.657812 0.753182
vn 0.000000 -0.657812 0.753182
vn 0.999996 0.002325 0.001334
vn 0.999998 0.001366 -0.001489
vn 0.999984 0.005093 0.002406
vn 0.999984 0.003842 -0.004257
vn 0.000000 0.673074 -0.739575
vn 0.000000 0.672826 -0.739801
vn -0.999984 -0.005146 -0.002387
vn -0.999984 -0.003792 0.004245
vn -0.999996 -0.002411 -0.001249
vn -0.999998 -0.001476 0.001624
vn 0.000000 -0.768646 0.639675
vn 0.000000 -0.768684 0.639629
vn 0.999989 0.002932 0.003760
vn 0.999996 0.002491 0.001224
vn 0.000000 0.736249 -0.676711
vn 0.000000 0.736206 -0.676758
vn -0.999996 -0.002543 -0.001205
vn -0.999988 -0.002972 -0.003772
vn 0.000000 0.673032 -0.739613
vn 0.000000 0.672787 -0.739837
vn -0.999983 -0.005279 -0.002353
vn -0.999979 -0.004341 0.004883
vn -0.999989 -0.003093 0.003500
vn -0.999996 -0.001826 0.002062
vn -0.999996 -0.002268 -0.001431
vn -0.999998 -0.001230 0.001376
vn 0.000000 -0.707875 0.706338
vn 0.000000 -0.708120 0.706092
vn 0.000000 -0.657805 0.753188
vn 0.000000 -0.657805 0.753188
vn 0.999996 0.002287 0.001385
vn 0.999998 0.001286 -0.001476
vn 0.999996 0.001859 -0.002109
vn 0.999989 0.003093 -0.003472
vn 0.999983 0.005279 0.002380
vn 0.999979 0.004341 -0.004848
vn 0.000000 0.736250 -0.676709
vn 0.000000 0.736207 -0.676756
vn -0.999996 -0.002529 -0.001222
vn -0.999989 -0.002957 -0.003724
vn 0.000000 -0.768647 0.639674
vn 0.000000 -0.768685 0.639628
vn 0.999989 0.002947 0.003772
vn 0.999996 0.002529 0.001220
vn 0.731035 -0.673094 -0.111944
vn 0.731035 -0.673094 -0.111944
vn 0.731035 -0.673094 -0.111944
vn -0.718811 -0.678890 -0.149734
vn -0.718810 -0.678890 -0.149734
vn -0.718811 -0.678890 -0.149734
vn -0.986842 0.061938 -0.149354
vn -0.986842 0.061938 -0.149354
vn -0.986831 0.114427 -0.114327
vn -0.986831 0.114428 -0.114326
vn -0.986850 -0.000000 -0.161638
vn -0.986850 0.000000 -0.161638
vn -0.986831 0.149465 -0.061850
vn -0.986831 0.149467 -0.061844
vn -0.986848 0.161650 0.000013
vn -0.986848 0.161650 0.000014
vn -0.986860 0.149283 0.061827
vn -0.986860 0.149285 0.061822
vn -0.986860 0.114254 0.114249
vn -0.986860 0.114259 0.114244
vn -0.986857 0.061865 0.149285
vn -0.986857 0.061865 0.149285
vn -0.986856 -0.000000 0.161601
vn -0.986856 -0.000000 0.161601
vn -0.986854 -0.061910 0.149285
vn -0.986854 -0.061911 0.149284
vn -0.986866 -0.114208 0.114249
vn -0.986866 -0.114213 0.114243
vn -0.986873 -0.149192 0.061828
vn -0.986873 -0.149195 0.061823
vn -0.986848 -0.161651 0.000013
vn -0.986848 -0.161651 0.000014
vn -0.986831 -0.149466 -0.061850
vn -0.986831 -0.149468 -0.061845
vn -0.986836 -0.114382 -0.114328
vn -0.986836 -0.114383 -0.114327
vn -0.986845 -0.061892 -0.149355
vn -0.986845 -0.061892 -0.149355
vn 0.955966 0.112311 -0.271137
vn 0.955966 0.112312 -0.271137
vn 0.955961 -0.000000 -0.293495
vn 0.955961 0.000000 -0.293494
vn 0.955949 0.207614 -0.207503
vn 0.955949 0.207614 -0.207504
vn 0.955963 0.271153 -0.112297
vn 0.955963 0.271146 -0.112314
vn 0.956026 0.293282 0.000001
vn 0.956026 0.293282 0.000000
vn 0.955959 0.271166 0.112298
vn 0.955959 0.271158 0.112318
vn 0.955934 0.207660 0.207529
vn 0.955934 0.207641 0.207548
vn 0.955969 0.112320 0.271122
vn 0.955969 0.112322 0.271121
vn 0.955983 0.000019 0.293422
vn 0.955983 0.000019 0.293422
vn 0.955971 -0.112301 0.271123
vn 0.955971 -0.112303 0.271122
vn 0.955949 -0.207586 0.207532
vn 0.955949 -0.207567 0.207551
vn 0.955981 -0.271090 0.112300
vn 0.955981 -0.271082 0.112321
vn 0.955982 -0.293427 0.000001
vn 0.955982 -0.293427 -0.000001
vn 0.955921 -0.271302 -0.112293
vn 0.955921 -0.271295 -0.112310
vn 0.955949 -0.207615 -0.207502
vn 0.955949 -0.207614 -0.207503
vn 0.955967 -0.112310 -0.271134
vn 0.955967 -0.112310 -0.271134
vn 0.000000 0.382631 -0.923901
vn -0.000001 0.707107 -0.707107
vn -0.000001 0.707107 -0.707107
vn 0.000000 0.382631 -0.923901
vn -0.000001 0.923877 -0.382690
vn -0.000001 0.923877 -0.382690
vn -0.000000 1.000000 -0.000001
vn -0.000000 1.000000 -0.000001
vn 0.000000 0.923877 0.382690
vn 0.000000 0.923877 0.382690
vn 0.000000 0.707104 0.707109
vn 0.000000 0.707104 0.707110
vn 0.000000 0.382694 0.923875
vn 0.000000 0.382694 0.923875
vn 0.000000 -0.000000 1.000000
vn 0.000000 0.000000 1.000000
vn 0.000000 -0.382694 0.923875
vn 0.000000 -0.382694 0.923875
vn 0.000000 -0.707104 0.707110
vn 0.000000 -0.707104 0.707110
vn 0.000000 -0.923876 0.382691
vn 0.000000 -0.923876 0.382691
vn 0.000000 -1.000000 0.000000
vn 0.000000 -1.000000 0.000000
vn 0.000000 -0.923877 -0.382691
vn 0.000000 -0.923877 -0.382691
vn 0.000000 -0.707107 -0.707107
vn 0.000000 -0.707107 -0.707107
vn -0.000000 -0.382631 -0.923901
vn -0.000000 -0.382631 -0.923901
vn -0.000000 0.000000 -1.000000
vn -0.000000 -0.000000 -1.000000
vn -0.706970 -0.627590 0.326074
vn -0.706970 -0.627590 0.326074
vn -0.706970 -0.627590 0.326074
vn -0.706970 -0.627590 0.326074
vn 0.000000 -0.301383 0.953503
vn 0.000000 -0.301383 0.953503
vn 0.000000 -0.301383 0.953503
vn 0.000000 -0.301383 0.953503
vn -0.707016 0.326107 0.627521
vn -0.707016 0.326107 0.627521
vn -0.707016 0.326107 0.627521
vn -0.707016 0.326107 0.627521
vn 0.707012 -0.627532 0.326094
vn 0.707012 -0.627532 0.326094
vn 0.707012 -0.627532 0.326094
vn 0.707012 -0.627532 0.326094
vn 0.707024 0.326079 0.627527
vn 0.707024 0.326079 0.627527
vn 0.707024 0.326079 0.627527
vn 0.707024 0.326079 0.627527
vn -0.707006 0.627535 -0.326102
vn -0.707006 0.627535 -0.326102
vn -0.707006 0.627536 -0.326102
vn -0.707006 0.627535 -0.326102
vn 0.000000 0.953501 0.301389
vn 0.000000 0.953501 0.301389
vn 0.000000 0.953501 0.301389
vn 0.000000 0.953501 0.301389
vn 0.707049 0.627477 -0.326121
vn 0.707048 0.627477 -0.326121
vn 0.707049 0.627477 -0.326121
vn 0.707048 0.627477 -0.326121
vn -0.707018 -0.326106 -0.627519
vn -0.707019 -0.326106 -0.627519
vn -0.707019 -0.326106 -0.627519
vn -0.707019 -0.326106 -0.627519
vn 0.000000 0.301392 -0.953501
vn 0.000000 0.301392 -0.953501
vn 0.000000 0.301392 -0.953501
vn 0.000000 0.301392 -0.953501
vn 0.707025 -0.326078 -0.627525
vn 0.707025 -0.326078 -0.627525
vn 0.707026 -0.326078 -0.627525
vn 0.707026 -0.326078 -0.627525
vn 0.000000 -0.953502 -0.301388
vn 0.000000 -0.953502 -0.301388
vn 0.000000 -0.953502 -0.301388
vn 0.000000 -0.953502 -0.301388
vn 0.000000 0.887342 -0.461113
vn 0.000000 0.887342 -0.461113
vn 0.000000 0.887342 -0.461113
vn 0.000000 0.887342 -0.461113
vn 0.000000 -0.461113 -0.887341
vn 0.000000 -0.461113 -0.887341
vn 0.000000 -0.461113 -0.887341
vn 0.000000 -0.461113 -0.887341
vn 0.000000 -0.887340 0.461115
vn 0.000000 -0.887340 0.461115
vn 0.000000 -0.887340 0.461115
vn 0.000000 -0.887340 0.461115
vn 1.000000 -0.000024 0.000000
vn 1.000000 -0.000024 0.000000
vn 1.000000 -0.000024 0.000000
vn 1.000000 -0.000024 0.000000
vn -1.000000 0.000000 0.000000
vn -1.000000 0.000000 0.000000
vn -1.000000 0.000000 0.000000
vn -1.000000 0.000000 0.000000
vn -0.577267 -0.246026 0.778610
vn -0.577267 -0.246026 0.778610
vn -0.577267 -0.246026 0.778610
vn 0.577246 -0.246164 0.778582
vn 0.577246 -0.246164 0.778582
vn 0.577246 -0.246164 0.778582
vn -0.577266 0.778579 0.246126
vn -0.577266 0.778579 0.246126
vn -0.577266 0.778579 0.246126
vn 0.577266 0.778579 0.246126
vn 0.577266 0.778579 0.246126
vn 0.577266 0.778579 0.246126
vn -0.577259 0.246097 -0.778594
vn -0.577259 0.246097 -0.778594
vn -0.577259 0.246097 -0.778594
vn 0.577259 0.246097 -0.778594
vn 0.577259 0.246097 -0.778594
vn 0.577259 0.246097 -0.778594
vn -0.577347 -0.778515 -0.246143
vn -0.577347 -0.778515 -0.246143
vn -0.577347 -0.778514 -0.246143
vn 0.577214 -0.778630 -0.246086
vn 0.577214 -0.778630 -0.246086
vn 0.577214 -0.778630 -0.246086
vn -0.197995 -0.451954 -0.869791
vn 0.192190 -0.452513 -0.870802
vn 0.192190 -0.452513 -0.870801
vn -0.197996 -0.451954 -0.869790
vn -0.558040 -0.382625 -0.736335
vn -0.558041 -0.382625 -0.736335
vn -0.833120 -0.255071 -0.490764
vn -0.833119 -0.255072 -0.490765
vn -0.981351 -0.088629 -0.170571
vn -0.981351 -0.088629 -0.170571
vn -0.980205 0.091316 0.175669
vn -0.980205 0.091317 0.175670
vn -0.829812 0.257337 0.495167
vn -0.829812 0.257337 0.495166
vn -0.553080 0.384186 0.739259
vn -0.553081 0.384186 0.739259
vn -0.192183 0.452517 0.870801
vn -0.192184 0.452517 0.870801
vn 0.197994 0.451976 0.869780
vn 0.197994 0.451976 0.869779
vn 0.558040 0.382625 0.736335
vn 0.558039 0.382625 0.736336
vn 0.833110 0.255057 0.490789
vn 0.833110 0.255057 0.490789
vn 0.981359 0.088629 0.170527
vn 0.981359 0.088629 0.170526
vn 0.980207 -0.091311 -0.175660
vn 0.980207 -0.091311 -0.175660
vn 0.829807 -0.257362 -0.495162
vn 0.829807 -0.257362 -0.495162
vn 0.553082 -0.384185 -0.739258
vn 0.553082 -0.384185 -0.739258
vn -0.000000 0.887345 -0.461106
vn -0.000002 0.887361 -0.461075
vn -0.000002 0.887361 -0.461075
vn -0.000000 0.887345 -0.461106
vn 0.000002 0.887350 -0.461096
vn 0.000002 0.887350 -0.461096
vn -0.000000 0.887361 -0.461075
vn -0.000000 0.887361 -0.461075
vn -0.000006 0.887361 -0.461075
vn -0.000006 0.887361 -0.461075
vn -0.000005 0.887356 -0.461085
vn -0.000005 0.887356 -0.461085
vn -0.000003 0.887344 -0.461108
vn -0.000003 0.887344 -0.461108
vn -0.000001 0.887337 -0.461121
vn -0.000001 0.887338 -0.461121
vn 0.000002 0.887333 -0.461130
vn 0.000002 0.887333 -0.461130
vn 0.000001 0.887333 -0.461130
vn 0.000001 0.887333 -0.461130
vn -0.000002 0.887335 -0.461126
vn -0.000002 0.887335 -0.461126
vn -0.000001 0.887344 -0.461108
vn -0.000001 0.887344 -0.461108
vn 0.000002 0.887333 -0.461130
vn 0.000002 0.887333 -0.461130
vn -0.000001 0.887326 -0.461143
vn -0.000001 0.887326 -0.461143
vn -0.000004 0.887359 -0.461080
vn -0.000004 0.887359 -0.461080
vn -0.000004 0.887373 -0.461052
vn -0.000004 0.887373 -0.461051
vn 0.197971 0.451991 0.869777
vn -0.192187 0.452516 0.870801
vn -0.192187 0.452516 0.870801
vn 0.197971 0.451991 0.869777
vn 0.558024 0.382644 0.736338
vn 0.558024 0.382644 0.736338
vn 0.833098 0.255060 0.490808
vn 0.833097 0.255061 0.490808
vn 0.981362 0.088617 0.170519
vn 0.981362 0.088617 0.170519
vn 0.980195 -0.091325 -0.175723
vn 0.980194 -0.091325 -0.175723
vn 0.829850 -0.257294 -0.495126
vn 0.829849 -0.257294 -0.495126
vn 0.553090 -0.384161 -0.739264
vn 0.553090 -0.384161 -0.739264
vn 0.192184 -0.452509 -0.870805
vn 0.192184 -0.452509 -0.870805
vn -0.197980 -0.451988 -0.869776
vn -0.197980 -0.451988 -0.869776
vn -0.558051 -0.382635 -0.736322
vn -0.558052 -0.382635 -0.736321
vn -0.833105 -0.255053 -0.490800
vn -0.833105 -0.255053 -0.490800
vn -0.981362 -0.088617 -0.170519
vn -0.981362 -0.088617 -0.170519
vn -0.980212 0.091280 0.175647
vn -0.980212 0.091279 0.175647
vn -0.829829 0.257300 0.495157
vn -0.829829 0.257301 0.495157
vn -0.553089 0.384161 0.739266
vn -0.553087 0.384162 0.739267
vn 0.000001 -0.887349 0.461099
vn 0.000001 -0.887367 0.461065
vn 0.000001 -0.887367 0.461065
vn 0.000001 -0.887349 0.461099
vn -0.000003 -0.887343 0.461109
vn -0.000003 -0.887343 0.461109
vn -0.000002 -0.887329 0.461136
vn -0.000002 -0.887329 0.461136
vn 0.000000 -0.887334 0.461128
vn 0.000000 -0.887334 0.461128
vn -0.000010 -0.887355 0.461088
vn -0.000010 -0.887355 0.461088
vn -0.000013 -0.887360 0.461077
vn -0.000013 -0.887360 0.461077
vn -0.000004 -0.887342 0.461113
vn -0.000004 -0.887342 0.461113
vn -0.000002 -0.887330 0.461135
vn -0.000002 -0.887330 0.461135
vn -0.000002 -0.887344 0.461109
vn -0.000002 -0.887344 0.461109
vn 0.000003 -0.887341 0.461113
vn 0.000003 -0.887341 0.461113
vn 0.000002 -0.887343 0.461110
vn 0.000002 -0.887343 0.461110
vn -0.000001 -0.887336 0.461124
vn -0.000001 -0.887336 0.461124
vn -0.000002 -0.887330 0.461135
vn -0.000002 -0.887330 0.461135
vn -0.000005 -0.887338 0.461119
vn -0.000005 -0.887338 0.461119
vn -0.000002 -0.887357 0.461082
vn -0.000002 -0.887357 0.461082
vn -0.000000 -0.923884 0.382672
vn 0.000000 -1.000000 0.000000
vn 0.000000 -1.000000 0.000013
vn -0.000000 -0.923880 0.382684
vn -0.000000 -0.707109 0.707105
vn -0.000000 -0.707109 0.707105
vn 0.000000 -0.382672 0.923884
vn 0.000000 -0.382684 0.923879
vn 0.000000 0.000006 1.000000
vn 0.000000 -0.000006 1.000000
vn 0.000000 0.382685 0.923879
vn 0.000000 0.382673 0.923884
vn 0.000000 0.707106 0.707107
vn 0.000000 0.707115 0.707099
vn 0.000000 0.923881 0.382681
vn 0.000000 0.923886 0.382669
vn 0.000000 1.000000 0.000013
vn 0.000000 1.000000 0.000000
vn 0.000000 0.923879 -0.382686
vn 0.000000 0.923879 -0.382686
vn 0.000000 0.707098 -0.707115
vn 0.000000 0.707107 -0.707107
vn 0.000000 0.382682 -0.923880
vn 0.000000 0.382682 -0.923880
vn 0.000000 0.000010 -1.000000
vn 0.000000 -0.000003 -1.000000
vn -0.000000 -0.382673 -0.923884
vn -0.000000 -0.382684 -0.923879
vn -0.000000 -0.707115 -0.707098
vn -0.000000 -0.707098 -0.707116
vn 0.000000 -0.923884 -0.382673
vn 0.000000 -0.923879 -0.382684
vn 0.000000 0.923879 -0.382684
vn 0.000000 1.000000 -0.000010
vn 0.000000 1.000000 0.000009
vn 0.000000 0.923879 -0.382684
vn 0.000000 0.707107 -0.707107
vn 0.000000 0.707100 -0.707114
vn -0.000000 0.382684 -0.923879
vn -0.000000 0.382684 -0.923879
vn -0.000000 0.000000 -1.000000
vn -0.000000 0.000000 -1.000000
vn -0.000000 -0.382684 -0.923879
vn -0.000000 -0.382684 -0.923879
vn -0.000000 -0.707100 -0.707114
vn -0.000000 -0.707107 -0.707107
vn -0.000000 -0.923879 -0.382684
vn -0.000000 -0.923879 -0.382684
vn 0.000000 -1.000000 0.000001
vn 0.000000 -1.000000 0.000001
vn -0.000000 -0.923880 0.382682
vn -0.000000 -0.923880 0.382682
vn -0.000000 -0.707099 0.707114
vn -0.000000 -0.707106 0.707107
vn -0.000000 -0.382682 0.923880
vn -0.000000 -0.382682 0.923880
vn -0.000000 0.000003 1.000000
vn -0.000000 0.000003 1.000000
vn -0.000000 0.382686 0.923878
vn -0.000000 0.382686 0.923878
vn -0.000000 0.707100 0.707114
vn -0.000000 0.707107 0.707107
vn 0.000000 0.923880 0.382683
vn 0.000000 0.923880 0.382683
vn -0.734839 -0.601820 0.312768
vn -0.734839 -0.601820 0.312768
vn -0.734840 -0.601820 0.312768
vn -0.734839 -0.601820 0.312768
vn 0.000000 -0.166236 0.986086
vn 0.000000 -0.166236 0.986086
vn 0.000000 -0.166236 0.986086
vn 0.000000 -0.166236 0.986086
vn -0.632788 0.357053 0.687090
vn -0.632788 0.357053 0.687090
vn -0.632788 0.357053 0.687090
vn -0.632788 0.357053 0.687090
vn 0.734843 -0.601822 0.312756
vn 0.734843 -0.601822 0.312756
vn 0.734843 -0.601822 0.312756
vn 0.734843 -0.601822 0.312756
vn 0.632804 0.357048 0.687078
vn 0.632804 0.357048 0.687078
vn 0.632804 0.357048 0.687078
vn 0.632804 0.357048 0.687078
vn -0.734805 0.601869 -0.312754
vn -0.734805 0.601869 -0.312754
vn -0.734805 0.601869 -0.312754
vn -0.734805 0.601869 -0.312754
vn 0.000000 0.902487 0.430716
vn 0.000000 0.902487 0.430716
vn 0.000000 0.902487 0.430716
vn 0.000000 0.902487 0.430716
vn 0.734832 0.601837 -0.312752
vn 0.734832 0.601837 -0.312752
vn 0.734832 0.601837 -0.312752
vn 0.734832 0.601837 -0.312752
vn -0.632788 -0.357053 -0.687090
vn -0.632788 -0.357053 -0.687090
vn -0.632788 -0.357053 -0.687090
vn -0.632788 -0.357053 -0.687090
vn 0.000000 0.166237 -0.986086
vn 0.000000 0.166237 -0.986086
vn 0.000000 0.166237 -0.986086
vn 0.000000 0.166237 -0.986086
vn 0.632804 -0.357048 -0.687078
vn 0.632804 -0.357048 -0.687078
vn 0.632804 -0.357048 -0.687078
vn 0.632804 -0.357048 -0.687078
vn 0.000000 -0.902489 -0.430714
vn 0.000000 -0.902489 -0.430714
vn 0.000000 -0.902489 -0.430714
vn 0.000000 -0.902489 -0.430714
vn 0.000000 0.887340 -0.461117
vn 0.000000 0.887340 -0.461117
vn 0.000000 0.887340 -0.461117
vn 0.000000 0.887340 -0.461117
vn 0.000000 -0.461115 -0.887341
vn 0.000000 -0.461115 -0.887341
vn 0.000000 -0.461115 -0.887341
vn 0.000000 -0.461115 -0.887341
vn 0.000000 -0.887340 0.461117
vn 0.000000 -0.887340 0.461117
vn 0.000000 -0.887340 0.461117
vn 0.000000 -0.887340 0.461117
vn 1.000000 0.000000 0.000000
vn 1.000000 0.000000 0.000000
vn 1.000000 0.000000 0.000000
vn 1.000000 0.000000 0.000000
vn -1.000000 -0.000012 0.000000
vn -1.000000 -0.000012 0.000000
vn -1.000000 -0.000012 0.000000
vn -1.000000 -0.000012 0.000000
vn -0.546411 -0.139212 0.825866
vn -0.546411 -0.139212 0.825866
vn -0.546411 -0.139212 0.825866
vn 0.546423 -0.139253 0.825851
vn 0.546424 -0.139253 0.825851
vn 0.546424 -0.139253 0.825851
vn -0.546427 0.755832 0.360742
vn -0.546427 0.755832 0.360742
vn -0.546427 0.755832 0.360742
vn 0.546430 0.755836 0.360730
vn 0.546430 0.755836 0.360730
vn 0.546430 0.755836 0.360730
vn -0.546412 0.139212 -0.825866
vn -0.546412 0.139212 -0.825865
vn -0.546412 0.139212 -0.825866
vn 0.546427 0.139216 -0.825855
vn 0.546427 0.139216 -0.825855
vn 0.546427 0.139216 -0.825855
vn -0.546395 -0.755867 -0.360719
vn -0.546395 -0.755867 -0.360719
vn -0.546395 -0.755867 -0.360719
vn 0.546413 -0.755856 -0.360715
vn 0.546413 -0.755855 -0.360715
vn 0.546413 -0.755856 -0.360715
vn 0.885272 -0.178002 -0.429662
vn 0.885272 -0.178001 -0.429663
vn 0.885286 -0.328834 -0.328842
vn 0.885286 -0.328836 -0.328840
vn 0.885273 -0.000031 -0.465073
vn 0.885273 -0.000031 -0.465073
vn 0.885265 -0.429687 -0.177976
vn 0.885265 -0.429693 -0.177960
vn 0.885265 -0.465087 -0.000001
vn 0.885265 -0.465087 0.000001
vn 0.885268 -0.429684 0.177970
vn 0.885268 -0.429689 0.177956
vn 0.885260 -0.328878 0.328868
vn 0.885260 -0.328892 0.328854
vn 0.885286 -0.177960 0.429649
vn 0.885286 -0.177960 0.429649
vn 0.885299 -0.000000 0.465022
vn 0.885299 -0.000000 0.465022
vn 0.885292 0.177929 0.429650
vn 0.885292 0.177930 0.429650
vn 0.885269 0.328849 0.328872
vn 0.885269 0.328864 0.328858
vn 0.885267 0.429684 0.177971
vn 0.885267 0.429690 0.177957
vn 0.885264 0.465089 -0.000001
vn 0.885264 0.465089 0.000002
vn 0.885265 0.429687 -0.177976
vn 0.885265 0.429693 -0.177961
vn 0.885287 0.328832 -0.328840
vn 0.885287 0.328834 -0.328839
vn 0.885278 0.177969 -0.429663
vn 0.885278 0.177971 -0.429662
vn -0.713816 -0.268005 -0.647023
vn -0.713816 -0.268007 -0.647023
vn -0.713795 -0.000000 -0.700354
vn -0.713795 0.000000 -0.700354
vn -0.713828 -0.495209 -0.495195
vn -0.713828 -0.495206 -0.495197
vn -0.713819 -0.647028 -0.267986
vn -0.713819 -0.647014 -0.268019
vn -0.713837 -0.700312 -0.000003
vn -0.713837 -0.700312 -0.000005
vn -0.713806 -0.647040 0.267994
vn -0.713806 -0.647025 0.268030
vn -0.713776 -0.495243 0.495235
vn -0.713776 -0.495209 0.495270
vn -0.713823 -0.268036 0.647004
vn -0.713823 -0.268038 0.647003
vn -0.713881 -0.000022 0.700267
vn -0.713881 -0.000022 0.700267
vn -0.713828 0.268016 0.647006
vn -0.713828 0.268018 0.647006
vn -0.713774 0.495240 0.495241
vn -0.713774 0.495206 0.495275
vn -0.713805 0.647044 0.267985
vn -0.713805 0.647029 0.268021
vn -0.713835 0.700314 0.000002
vn -0.713835 0.700314 -0.000002
vn -0.713817 0.647032 -0.267985
vn -0.713817 0.647018 -0.268018
vn -0.713832 0.495206 -0.495192
vn -0.713832 0.495204 -0.495193
vn -0.713820 0.268003 -0.647021
vn -0.713820 0.268005 -0.647020
vn 0.000000 -0.382634 -0.923900
vn 0.000000 -0.707108 -0.707106
vn 0.000000 -0.707108 -0.707106
vn 0.000000 -0.382634 -0.923900
vn 0.000000 -0.923876 -0.382691
vn 0.000000 -0.923876 -0.382691
vn 0.000000 -1.000000 -0.000000
vn 0.000000 -1.000000 -0.000000
vn -0.000000 -0.923877 0.382690
vn -0.000000 -0.923877 0.382690
vn -0.000000 -0.707110 0.707104
vn -0.000000 -0.707110 0.707104
vn 0.000000 -0.382699 0.923873
vn 0.000000 -0.382699 0.923873
vn 0.000000 0.000000 1.000000
vn 0.000000 0.000000 1.000000
vn 0.000000 0.382699 0.923873
vn 0.000000 0.382699 0.923873
vn 0.000000 0.707110 0.707104
vn 0.000000 0.707110 0.707104
vn 0.000000 0.923877 0.382690
vn 0.000000 0.923877 0.382690
vn -0.000000 1.000000 0.000001
vn -0.000000 1.000000 0.000001
vn -0.000000 0.923877 -0.382689
vn -0.000000 0.923877 -0.382689
vn 0.000000 0.707108 -0.707106
vn 0.000000 0.707108 -0.707106
vn 0.000000 0.382631 -0.923901
vn 0.000000 0.382631 -0.923901
vn 0.000000 0.000000 -1.000000
vn 0.000000 -0.000000 -1.000000
vn -1.000000 0.000071 0.000000
vn -1.000000 0.000071 0.000000
vn -1.000000 0.000019 0.000000
vn -1.000000 0.000071 0.000000
vn -1.000000 0.000000 0.000000
vn -1.000000 -0.000035 0.000000
vn -1.000000 0.000035 0.000000
vn -1.000000 0.000071 0.000000
vn -1.000000 0.000000 0.000000
vn -1.000000 -0.000071 0.000000
vn -1.000000 0.000000 0.000000
vn -1.000000 0.000071 0.000000
vn -1.000000 0.000009 0.000000
vn -1.000000 -0.000027 0.000000
vn -1.000000 0.000035 0.000000
vn -1.000000 0.000000 0.000000
vn -1.000000 -0.000000 0.000000
vn 0.646324 -0.757447 -0.092411
vn 0.646324 -0.757446 -0.092411
vn 0.509343 -0.831882 -0.220323
vn 0.509530 -0.831809 -0.220167
vn 0.761768 -0.628798 0.155958
vn 0.761768 -0.628798 0.155958
vn 0.769688 -0.541157 0.338717
vn 0.769688 -0.541153 0.338723
vn 0.296227 -0.893859 -0.336551
vn 0.296666 -0.893774 -0.336388
vn 0.002163 -0.921371 -0.388679
vn 0.002706 -0.921369 -0.388679
vn -0.291474 -0.895488 -0.336368
vn -0.290886 -0.895598 -0.336586
vn -0.542356 -0.818950 -0.187538
vn -0.542112 -0.819063 -0.187753
vn -0.710053 -0.703324 0.034068
vn -0.710051 -0.703326 0.034065
vn -0.768625 -0.567616 0.295004
vn -0.768625 -0.567616 0.295004
vn -0.710093 -0.432076 0.555948
vn -0.710091 -0.432074 0.555952
vn -0.542338 -0.317260 0.777956
vn -0.542093 -0.317149 0.778172
vn -0.300543 -0.240583 0.922927
vn -0.299264 -0.240328 0.923409
vn 0.002816 -0.210935 0.977496
vn 0.006052 -0.210895 0.977490
vn 0.283559 -0.243327 0.927570
vn 0.289533 -0.244666 0.925370
vn 0.566855 -0.325045 0.756982
vn 0.564434 -0.323975 0.759246
vn 0.712226 -0.429257 0.555403
vn 0.712256 -0.429291 0.555338
vn 0.831430 -0.261916 -0.490024
vn 0.658535 -0.352910 -0.664670
vn 0.658765 -0.352817 -0.664491
vn 0.831430 -0.261916 -0.490024
vn 0.382381 -0.431967 -0.816817
vn 0.382700 -0.431906 -0.816699
vn -0.000482 -0.466958 -0.884280
vn 0.000000 -0.466958 -0.884280
vn -0.383262 -0.431773 -0.816506
vn -0.382630 -0.431894 -0.816739
vn -0.707197 -0.331877 -0.624284
vn -0.707054 -0.331942 -0.624410
vn -0.923883 -0.182311 -0.336457
vn -0.923883 -0.182311 -0.336457
vn -0.999978 -0.005918 0.003061
vn -0.999978 -0.005918 0.003061
vn -0.923880 0.170554 0.342575
vn -0.923880 0.170553 0.342575
vn -0.707192 0.320119 0.630399
vn -0.707050 0.320185 0.630526
vn -0.392817 0.418134 0.819060
vn -0.392173 0.418260 0.819304
vn -0.000910 0.455192 0.890393
vn 0.000018 0.455192 0.890393
vn 0.373239 0.421788 0.826310
vn 0.373604 0.421720 0.826179
vn 0.737478 0.305513 0.602318
vn 0.737344 0.305581 0.602448
vn 0.923888 0.170500 0.342580
vn 0.923888 0.170500 0.342580
vn 0.997790 0.024645 0.061714
vn 0.997790 0.024645 0.061714
vn 0.980810 -0.095577 -0.169933
vn 0.980810 -0.095577 -0.169933
vn 0.056547 -0.916434 0.396171
vn 0.077416 -0.906342 0.415392
vn 0.061918 -0.913914 0.401156
vn 0.038023 -0.921684 0.386074
vn -0.000513 -0.886666 0.462411
vn 0.003751 -0.924888 0.380221
vn -0.031091 -0.922723 0.384209
vn -0.059787 -0.913831 0.401670
vn -0.081990 -0.899564 0.429024
vn -0.088993 -0.883808 0.459309
vn -0.081989 -0.868110 0.489554
vn -0.059793 -0.853928 0.516944
vn -0.032108 -0.844950 0.533881
vn 0.004470 -0.842655 0.538435
vn 0.036880 -0.845807 0.532212
vn 0.065846 -0.855482 0.513629
vn 0.083802 -0.868277 0.488951
vn 0.090050 -0.878720 0.468767
vn 0.090057 -0.882205 0.462174
vn 0.090033 -0.891869 0.443243
vn 0.833739 -0.261411 -0.486358
vn 0.661655 -0.352884 -0.661578
vn 0.661693 -0.352869 -0.661548
vn 0.833739 -0.261411 -0.486358
vn 0.998371 0.019268 0.053708
vn 0.980973 -0.096136 -0.168673
vn 0.980972 -0.096143 -0.168675
vn 0.997025 0.028576 0.071589
vn 0.925973 0.167240 0.338534
vn 0.921637 0.172062 0.347820
vn 0.742216 0.302127 0.598193
vn 0.742199 0.302136 0.598209
vn 0.378516 0.419754 0.824944
vn 0.378492 0.419759 0.824952
vn 0.003250 0.454133 0.890928
vn 0.003284 0.454133 0.890928
vn -0.386677 0.418197 0.821944
vn -0.386694 0.418194 0.821938
vn -0.704105 0.320488 0.633659
vn -0.704113 0.320484 0.633652
vn -0.925283 0.167870 0.340104
vn -0.920908 0.172725 0.349421
vn -0.999911 -0.012123 -0.005632
vn -0.999897 -0.001771 0.014267
vn -0.921606 -0.186004 -0.340653
vn -0.925932 -0.181204 -0.331382
vn -0.705018 -0.333939 -0.625647
vn -0.705031 -0.333933 -0.625635
vn -0.379550 -0.433607 -0.817268
vn -0.379576 -0.433602 -0.817259
vn 0.003474 -0.468092 -0.883673
vn 0.003475 -0.468092 -0.883673
vn 0.386007 -0.432510 -0.814821
vn 0.386032 -0.432505 -0.814812
vn 0.789098 -0.525239 -0.318509
vn 0.623462 -0.616188 -0.481256
vn 0.625561 -0.615381 -0.479563
vn 0.789106 -0.525219 -0.318524
vn 0.955152 -0.213558 0.205130
vn 0.937302 -0.348305 -0.012199
vn 0.937474 -0.347829 -0.012516
vn 0.954472 -0.208239 0.213588
vn 0.885058 -0.063835 0.461083
vn 0.883658 -0.062143 0.463991
vn 0.714293 0.065508 0.696774
vn 0.714181 0.065561 0.696884
vn 0.359724 0.174128 0.916667
vn 0.365719 0.172888 0.914527
vn -0.000395 0.212418 0.977179
vn 0.003718 0.212412 0.977173
vn -0.376662 0.177731 0.909141
vn -0.374168 0.178217 0.910075
vn -0.681817 0.082328 0.726875
vn -0.679972 0.083179 0.728505
vn -0.886011 -0.063028 0.459361
vn -0.882747 -0.059213 0.466102
vn -0.957253 -0.244653 0.154311
vn -0.957187 -0.238405 0.164186
vn -0.882396 -0.440515 -0.165300
vn -0.883554 -0.439083 -0.162908
vn -0.668614 -0.596799 -0.443605
vn -0.666684 -0.597688 -0.445311
vn -0.361655 -0.691403 -0.625433
vn -0.359011 -0.691906 -0.626401
vn 0.000248 -0.724584 -0.689187
vn 0.003205 -0.724582 -0.689181
vn 0.362177 -0.691373 -0.625165
vn 0.364931 -0.690844 -0.624148
vn -0.001538 0.885208 -0.465194
vn -0.001514 0.885306 -0.465007
vn -0.001514 0.885306 -0.465007
vn -0.001538 0.885208 -0.465193
vn 0.001087 0.886575 -0.462584
vn 0.001087 0.886575 -0.462584
vn 0.001087 0.886575 -0.462584
vn 0.001087 0.886575 -0.462584
vn 0.000391 0.886423 -0.462875
vn 0.000391 0.886423 -0.462875
vn 0.000391 0.886423 -0.462875
vn 0.000391 0.886423 -0.462875
vn -0.000375 0.886391 -0.462937
vn -0.000375 0.886391 -0.462937
vn -0.000375 0.886391 -0.462937
vn -0.000375 0.886391 -0.462938
vn -0.001110 0.886721 -0.462304
vn -0.001110 0.886721 -0.462304
vn -0.001110 0.886721 -0.462304
vn -0.001110 0.886721 -0.462304
vn 0.001601 0.885232 -0.465146
vn 0.001601 0.885232 -0.465146
vn 0.001601 0.885232 -0.465146
vn 0.001601 0.885232 -0.465146
vn 0.001669 0.885194 -0.465219
vn 0.001669 0.885194 -0.465219
vn 0.001669 0.885194 -0.465219
vn 0.001669 0.885194 -0.465219
vn 0.002140 0.888906 -0.458085
vn 0.002140 0.888906 -0.458085
vn 0.002140 0.888906 -0.458085
vn 0.002140 0.888906 -0.458085
vn 0.002525 0.889273 -0.457371
vn 0.002525 0.889273 -0.457371
vn 0.002525 0.889273 -0.457371
vn 0.002525 0.889273 -0.457371
vn -0.000825 0.887869 -0.460096
vn -0.000825 0.887869 -0.460096
vn -0.000825 0.887869 -0.460096
vn -0.000825 0.887869 -0.460096
vn -0.000332 0.887949 -0.459942
vn -0.000332 0.887949 -0.459942
vn -0.000332 0.887949 -0.459942
vn -0.000332 0.887949 -0.459942
vn 0.000253 0.887925 -0.459989
vn 0.000253 0.887925 -0.459989
vn 0.000253 0.887925 -0.459989
vn 0.000253 0.887925 -0.459989
vn 0.000778 0.887752 -0.460321
vn 0.000778 0.887752 -0.460321
vn 0.000778 0.887752 -0.460321
vn 0.000778 0.887752 -0.460321
vn -0.002452 0.889223 -0.457468
vn -0.002452 0.889223 -0.457468
vn -0.002452 0.889223 -0.457468
vn -0.002452 0.889223 -0.457468
vn -0.002189 0.888944 -0.458010
vn -0.002189 0.888944 -0.458010
vn -0.002189 0.888944 -0.458010
vn -0.002189 0.888944 -0.458010
vn -0.001666 0.885151 -0.465301
vn -0.001673 0.885172 -0.465260
vn -0.001672 0.885170 -0.465264
vn -0.001666 0.885151 -0.465301
vn -0.597477 0.748776 0.286977
vn -0.843695 0.346494 0.410027
vn -0.843694 0.346494 0.410027
vn -0.570419 0.774452 0.273580
vn -0.534003 0.477535 0.697711
vn -0.534003 0.477535 0.697711
vn -0.534003 0.477535 0.697711
vn -0.534003 0.477535 0.697711
vn -0.181075 0.495404 0.849580
vn -0.181075 0.495404 0.849580
vn -0.181075 0.495404 0.849580
vn -0.181075 0.495404 0.849580
vn 0.176505 0.530448 0.829139
vn 0.176505 0.530447 0.829139
vn 0.176505 0.530447 0.829139
vn 0.176505 0.530447 0.829139
vn 0.586052 0.056832 0.808278
vn 0.586052 0.056832 0.808278
vn 0.586052 0.056832 0.808278
vn 0.586052 0.056832 0.808278
vn 0.798809 0.485319 0.355484
vn 0.798809 0.485319 0.355484
vn 0.798809 0.485319 0.355484
vn 0.798809 0.485319 0.355484
vn -0.436130 0.899418 -0.028958
vn -0.436130 0.899418 -0.028958
vn -0.436130 0.899418 -0.028958
vn -0.436130 0.899418 -0.028958
vn -0.891608 0.365332 0.267520
vn -0.891608 0.365333 0.267520
vn -0.874213 0.132446 0.467130
vn -0.984532 -0.045043 0.169314
vn 0.622901 -0.696174 -0.356843
vn 0.622901 -0.696174 -0.356843
vn -0.659112 0.289379 0.694140
vn 0.583982 -0.161963 -0.795445
vn 0.583982 -0.161963 -0.795445
vn 0.583982 -0.161963 -0.795445
vn 0.583982 -0.161963 -0.795445
vn 0.212560 -0.368956 -0.904815
vn 0.212560 -0.368956 -0.904815
vn 0.212560 -0.368956 -0.904815
vn 0.212560 -0.368956 -0.904815
vn -0.155966 -0.441856 -0.883424
vn -0.155966 -0.441856 -0.883424
vn -0.155966 -0.441856 -0.883424
vn -0.155966 -0.441856 -0.883424
vn -0.594065 -0.478056 -0.646954
vn -0.594065 -0.478055 -0.646954
vn -0.594065 -0.478055 -0.646954
vn -0.594065 -0.478055 -0.646954
vn -0.414483 -0.884369 -0.214698
vn -0.000000 -0.000000 -0.000000
vn -0.000000 -0.000000 -0.000000
vn -0.414483 -0.884369 -0.214698
vn 0.000000 0.000000 0.000000
vn 0.963993 0.000000 0.265929
vn 0.963993 0.000000 0.265929
vn 0.000000 0.000000 0.000000
vn 0.676937 -0.734954 -0.039997
vn 0.724881 -0.687857 -0.037434
vn 0.996439 -0.070352 -0.046471
vn 0.979380 0.057992 0.193524
vn 0.833517 -0.275286 -0.479028
vn 0.661528 -0.366700 -0.654150
vn 0.661549 -0.365746 -0.654663
vn 0.833541 -0.274337 -0.479529
vn 0.385933 -0.446341 -0.807363
vn 0.385931 -0.445391 -0.807889
vn 0.003442 -0.482063 -0.876130
vn 0.003437 -0.481102 -0.876658
vn -0.379478 -0.447580 -0.809734
vn -0.379496 -0.446613 -0.810259
vn -0.704843 -0.348042 -0.618112
vn -0.704853 -0.347068 -0.618649
vn -0.921641 -0.199731 -0.332694
vn -0.925632 -0.194377 -0.324690
vn -0.999676 -0.025299 0.002923
vn -0.999677 -0.014898 0.020568
vn -0.924793 0.153991 0.347914
vn -0.920859 0.159372 0.355836
vn -0.704015 0.306210 0.640780
vn -0.704030 0.307137 0.640319
vn -0.386538 0.404040 0.829060
vn -0.386534 0.404961 0.828612
vn 0.003212 0.439879 0.898051
vn 0.003247 0.440791 0.897604
vn 0.378357 0.405166 0.832278
vn 0.378539 0.406053 0.831763
vn 0.742174 0.287787 0.605274
vn 0.742078 0.288732 0.604942
vn 0.925459 0.153295 0.346449
vn 0.921566 0.158599 0.354349
vn 0.998035 0.005671 0.062403
vn 0.996813 0.015087 0.078330
vn 0.981000 -0.109483 -0.160163
vn 0.981001 -0.108631 -0.160737
vn 0.831300 -0.263133 -0.489593
vn 0.658740 -0.353898 -0.663941
vn 0.658744 -0.353897 -0.663938
vn 0.831300 -0.263133 -0.489593
vn 0.997785 0.023514 0.062226
vn 0.980847 -0.096566 -0.169156
vn 0.980847 -0.096566 -0.169156
vn 0.997785 0.023514 0.062225
vn 0.923890 0.169392 0.343124
vn 0.923890 0.169392 0.343124
vn 0.738257 0.304022 0.602120
vn 0.738221 0.304040 0.602154
vn 0.374185 0.420478 0.826550
vn 0.374279 0.420460 0.826516
vn -0.000016 0.454103 0.890949
vn 0.000019 0.454103 0.890949
vn -0.391451 0.417341 0.820117
vn -0.391447 0.417342 0.820119
vn -0.707053 0.319055 0.631094
vn -0.707058 0.319053 0.631090
vn -0.923885 0.169423 0.343121
vn -0.923885 0.169423 0.343121
vn -0.999969 -0.006998 0.003623
vn -0.999969 -0.006998 0.003624
vn -0.923877 -0.183421 -0.335869
vn -0.923877 -0.183421 -0.335870
vn -0.707052 -0.333048 -0.623824
vn -0.707056 -0.333046 -0.623821
vn -0.382623 -0.433023 -0.816144
vn -0.382628 -0.433022 -0.816142
vn 0.000004 -0.468088 -0.883682
vn 0.000004 -0.468088 -0.883682
vn 0.382704 -0.432987 -0.816125
vn 0.382709 -0.432986 -0.816123
vn 0.831335 -0.263122 -0.489539
vn 0.658742 -0.353868 -0.663955
vn 0.658740 -0.353869 -0.663957
vn 0.831335 -0.263122 -0.489539
vn 0.997784 0.023503 0.062246
vn 0.980827 -0.096638 -0.169235
vn 0.980827 -0.096638 -0.169235
vn 0.997784 0.023503 0.062246
vn 0.923872 0.169472 0.343133
vn 0.923872 0.169472 0.343132
vn 0.738058 0.304152 0.602298
vn 0.738017 0.304173 0.602337
vn 0.615036 0.356662 0.703223
vn 0.615036 0.356662 0.703223
vn -0.391647 0.417289 0.820050
vn -0.204887 0.444441 0.872063
vn -0.204887 0.444441 0.872063
vn -0.391636 0.417292 0.820054
vn -0.707036 0.319125 0.631078
vn -0.707036 0.319125 0.631078
vn -0.923863 0.169489 0.343149
vn -0.923863 0.169490 0.343149
vn -0.999969 -0.006970 0.003622
vn -0.999969 -0.006970 0.003623
vn -0.923863 -0.183430 -0.335902
vn -0.923863 -0.183431 -0.335902
vn -0.707039 -0.333065 -0.623830
vn -0.707039 -0.333065 -0.623830
vn -0.382642 -0.432959 -0.816169
vn -0.382641 -0.432960 -0.816169
vn 0.000002 -0.468041 -0.883707
vn 0.000001 -0.468041 -0.883707
vn 0.382711 -0.432956 -0.816139
vn 0.382713 -0.432955 -0.816138
vn 0.877807 0.214183 0.428464
vn 0.877807 0.214183 0.428464
vn 0.877807 0.214183 0.428464
vn 0.877807 0.214183 0.428464
vn 0.083031 -0.323853 0.942457
vn 0.083031 -0.323853 0.942457
vn 0.083031 -0.323853 0.942457
vn 0.083031 -0.323853 0.942457
vn -0.716033 0.317194 0.621840
vn -0.716033 0.317194 0.621840
vn -0.716033 0.317194 0.621840
vn -0.716033 0.317194 0.621840
vn 0.085203 0.940333 0.329414
vn 0.085203 0.940333 0.329414
vn 0.085203 0.940333 0.329414
vn 0.085203 0.940333 0.329414
vn 0.113140 0.451187 0.885228
vn 0.113140 0.451187 0.885228
vn 0.113140 0.451187 0.885228
vn 0.113140 0.451187 0.885228
vn -0.000004 -0.887349 0.461098
vn -0.000004 -0.887349 0.461098
vn -0.000004 -0.887349 0.461098
vn -0.000004 -0.887349 0.461098
vn 0.999994 -0.003043 0.001606
vn 0.999994 -0.003043 0.001606
vn 0.999994 -0.003043 0.001606
vn 0.999994 -0.003043 0.001606
vn -0.000001 0.887330 -0.461136
vn -0.000001 0.887330 -0.461136
vn -0.000001 0.887330 -0.461136
vn -0.000001 0.887330 -0.461136
vn -1.000000 0.000038 0.000000
vn -1.000000 0.000038 0.000000
vn -1.000000 0.000038 0.000000
vn -1.000000 0.000038 0.000000
vn 0.497092 0.325012 -0.804529
vn 0.497923 0.325407 -0.803855
vn 0.290498 0.266107 -0.919129
vn 0.289124 0.265841 -0.919639
vn 0.631517 0.386951 -0.671904
vn 0.631517 0.386950 -0.671904
vn 0.712235 0.512053 -0.480128
vn 0.711756 0.512542 -0.480317
vn 0.696608 0.635576 -0.332838
vn 0.697485 0.630855 -0.339907
vn 0.624027 0.769276 -0.137131
vn 0.626896 0.766002 -0.142273
vn 0.488559 0.871369 0.045009
vn 0.488604 0.871347 0.044965
vn 0.243872 0.950832 0.190908
vn 0.250473 0.949657 0.188188
vn -0.000322 0.970793 0.239918
vn 0.003446 0.970758 0.240035
vn -0.255288 0.948083 0.189647
vn -0.253650 0.948398 0.190270
vn -0.461846 0.884658 0.063865
vn -0.460850 0.885113 0.064757
vn -0.623021 0.769589 -0.139918
vn -0.624273 0.768159 -0.142182
vn -0.702489 0.607897 -0.370096
vn -0.703411 0.602245 -0.377511
vn -0.675518 0.456091 -0.579359
vn -0.673638 0.453080 -0.583892
vn -0.530408 0.341122 -0.776082
vn -0.529525 0.340711 -0.776865
vn -0.285978 0.265203 -0.920806
vn -0.284874 0.264993 -0.921209
vn 0.001698 0.239068 -0.971001
vn 0.003029 0.239070 -0.970998
vn 0.721005 0.578217 -0.381860
vn 0.721042 0.578181 -0.381843
vn 0.682705 0.692730 -0.232465
vn 0.682065 0.694130 -0.230155
vn 0.633718 0.404803 -0.659193
vn 0.633684 0.404853 -0.659195
vn 0.495516 0.333457 -0.802042
vn 0.495339 0.333368 -0.802188
vn 0.285894 0.271195 -0.919085
vn 0.285816 0.271180 -0.919114
vn 0.000038 0.244935 -0.969540
vn 0.000049 0.244935 -0.969540
vn -0.285696 0.271207 -0.919143
vn -0.285777 0.271222 -0.919114
vn -0.531586 0.353917 -0.769518
vn -0.531281 0.353759 -0.769802
vn -0.686557 0.499109 -0.528705
vn -0.685857 0.497723 -0.530916
vn -0.696073 0.665739 -0.268836
vn -0.696762 0.663986 -0.271377
vn -0.602273 0.794860 -0.073927
vn -0.602821 0.794377 -0.074643
vn -0.456606 0.886648 0.073256
vn -0.456691 0.886610 0.073189
vn -0.257659 0.948406 0.184766
vn -0.257684 0.948401 0.184757
vn 0.000273 0.972794 0.231671
vn 0.000058 0.972795 0.231668
vn 0.241521 0.952778 0.184070
vn 0.240916 0.952886 0.184302
vn 0.476359 0.877327 0.058136
vn 0.476688 0.877166 0.057862
vn 0.602045 0.795020 -0.074060
vn 0.602558 0.794569 -0.074730
vn 0.704262 0.603428 -0.374018
vn 0.704264 0.603424 -0.374021
vn 0.687197 0.694839 -0.212035
vn 0.687198 0.694836 -0.212041
vn 0.602172 0.455163 -0.655909
vn 0.602172 0.455162 -0.655909
vn 0.466345 0.391439 -0.793283
vn 0.466365 0.391449 -0.793266
vn 0.267621 0.333167 -0.904090
vn 0.267628 0.333169 -0.904087
vn 0.000009 0.308791 -0.951130
vn 0.000016 0.308791 -0.951130
vn -0.267536 0.333211 -0.904099
vn -0.267505 0.333205 -0.904110
vn -0.501873 0.408932 -0.762167
vn -0.501847 0.408920 -0.762190
vn -0.662074 0.536468 -0.523317
vn -0.662070 0.536463 -0.523326
vn -0.693902 0.673591 -0.254509
vn -0.693902 0.673591 -0.254508
vn -0.624480 0.779906 -0.042103
vn -0.624478 0.779907 -0.042101
vn -0.485533 0.865570 0.122659
vn -0.485579 0.865550 0.122621
vn -0.277780 0.929243 0.243610
vn -0.277828 0.929233 0.243592
vn 0.000450 0.955733 0.294236
vn 0.000446 0.955733 0.294236
vn 0.256849 0.934647 0.245895
vn 0.256954 0.934628 0.245855
vn 0.504608 0.856483 0.108663
vn 0.504630 0.856473 0.108643
vn 0.624416 0.779952 -0.042185
vn 0.624416 0.779952 -0.042185
vn 0.704421 0.603851 -0.373034
vn 0.704420 0.603851 -0.373038
vn 0.687448 0.694476 -0.212413
vn 0.687448 0.694475 -0.212414
vn 0.602327 0.455297 -0.655673
vn 0.602327 0.455296 -0.655674
vn 0.465803 0.391152 -0.793743
vn 0.465839 0.391170 -0.793713
vn 0.266860 0.332892 -0.904416
vn 0.266979 0.332915 -0.904373
vn 0.000008 0.308855 -0.951109
vn 0.000025 0.308855 -0.951109
vn -0.266768 0.332951 -0.904422
vn -0.266744 0.332946 -0.904430
vn -0.501526 0.408593 -0.762577
vn -0.501610 0.408633 -0.762500
vn -0.662606 0.537410 -0.521674
vn -0.662569 0.537356 -0.521776
vn -0.693764 0.673694 -0.254615
vn -0.693762 0.673699 -0.254606
vn -0.625219 0.779209 -0.043988
vn -0.625210 0.779217 -0.043972
vn -0.485504 0.865618 0.122443
vn -0.485561 0.865592 0.122394
vn -0.280436 0.928674 0.242737
vn -0.280432 0.928674 0.242739
vn 0.000845 0.955830 0.293919
vn 0.000722 0.955831 0.293917
vn 0.253580 0.935007 0.247910
vn 0.253588 0.935006 0.247906
vn 0.500332 0.858600 0.111688
vn 0.500370 0.858582 0.111655
vn 0.625334 0.779120 -0.043928
vn 0.625330 0.779124 -0.043920
vn 0.997595 -0.030532 -0.062227
vn 0.997633 -0.030591 -0.061583
vn 0.982743 0.085954 0.163794
vn 0.982640 0.086982 0.163869
vn 0.854126 -0.240453 -0.461142
vn 0.853734 -0.241314 -0.461418
vn 0.666054 -0.345621 -0.660998
vn 0.665884 -0.345275 -0.661349
vn 0.380038 -0.428293 -0.819840
vn 0.379479 -0.428133 -0.820182
vn 0.000092 -0.462821 -0.886452
vn 0.000067 -0.462823 -0.886451
vn -0.379992 -0.428329 -0.819842
vn -0.379741 -0.428635 -0.819798
vn -0.718733 -0.322142 -0.616156
vn -0.718792 -0.322130 -0.616092
vn -0.953075 -0.139496 -0.268680
vn -0.953407 -0.138851 -0.267835
vn -0.992734 0.056800 0.106078
vn -0.992796 0.056343 0.105748
vn -0.892967 0.207892 0.399237
vn -0.893629 0.206810 0.398317
vn -0.692412 0.331587 0.640794
vn -0.692587 0.330947 0.640934
vn -0.408097 0.419682 0.810755
vn -0.407787 0.419269 0.811125
vn 0.000103 0.459894 0.887974
vn 0.000083 0.459847 0.887998
vn 0.355148 0.429687 0.830205
vn 0.354850 0.429811 0.830268
vn 0.698258 0.329200 0.635659
vn 0.698317 0.329256 0.635566
vn 0.892909 0.208140 0.399239
vn 0.893475 0.207401 0.398355
vn 0.718362 0.586920 -0.373471
vn 0.718370 0.586912 -0.373468
vn 0.695126 0.693772 -0.188359
vn 0.694945 0.694189 -0.187492
vn 0.586570 0.429195 -0.686824
vn 0.586569 0.429195 -0.686824
vn 0.427373 0.371651 -0.824153
vn 0.429772 0.372597 -0.822477
vn 0.232811 0.327103 -0.915862
vn 0.232598 0.327072 -0.915927
vn -0.002330 0.309152 -0.951010
vn -0.006986 0.309083 -0.951009
vn -0.240284 0.319673 -0.916555
vn -0.248719 0.320612 -0.913973
vn -0.478966 0.369959 -0.796067
vn -0.488535 0.373101 -0.788752
vn -0.686046 0.491368 -0.536562
vn -0.689071 0.494653 -0.529622
vn -0.731412 0.645491 -0.219948
vn -0.731893 0.643923 -0.222927
vn -0.639795 0.768465 0.011178
vn -0.643904 0.765087 0.005415
vn -0.467375 0.866914 0.173265
vn -0.475065 0.863717 0.168244
vn -0.242553 0.932284 0.268354
vn -0.250496 0.930756 0.266356
vn -0.002932 0.955289 0.295660
vn -0.003145 0.955287 0.295662
vn 0.232012 0.937445 0.259553
vn 0.232111 0.937429 0.259522
vn 0.450422 0.879375 0.154336
vn 0.451997 0.878760 0.153230
vn 0.615665 0.787958 -0.008863
vn 0.616978 0.786907 -0.010741
vn 0.090282 0.831404 -0.548285
vn 0.115949 0.843038 -0.525207
vn 0.115951 0.843037 -0.525209
vn 0.090553 0.831534 -0.548044
vn 0.063339 0.859982 -0.506378
vn -0.025696 0.863165 -0.504268
vn -0.025650 0.863167 -0.504267
vn 0.063249 0.859996 -0.506366
vn -0.083357 0.853813 -0.513863
vn -0.082981 0.853923 -0.513741
vn -0.096347 0.839550 -0.534671
vn -0.095622 0.839242 -0.535284
vn -0.046948 0.825515 -0.562424
vn -0.048783 0.825930 -0.561658
vn 0.000235 0.819839 -0.572594
vn -0.000853 0.819837 -0.572596
vn 0.051033 0.824517 -0.563531
vn 0.050511 0.824416 -0.563726
vn 0.091803 0.837426 -0.538786
vn 0.091503 0.837286 -0.539054
vn 0.082158 0.854152 -0.513492
vn 0.082709 0.853989 -0.513675
vn -0.005449 0.862498 -0.506031
vn -0.005520 0.862497 -0.506032
vn -0.090291 0.851814 -0.516005
vn -0.090832 0.851633 -0.516208
vn -0.096924 0.834296 -0.542730
vn -0.096638 0.834165 -0.542983
vn -0.052438 0.820624 -0.569058
vn -0.052066 0.820553 -0.569193
vn -0.000020 0.815861 -0.578248
vn 0.000395 0.815861 -0.578248
vn 0.052379 0.820682 -0.568979
vn 0.052768 0.820757 -0.568835
vn 0.834861 -0.353031 -0.422347
vn 0.656701 -0.461089 -0.596776
vn 0.656837 -0.461032 -0.596670
vn 0.834857 -0.353069 -0.422324
vn 0.379144 -0.543386 -0.748987
vn 0.379140 -0.543387 -0.748989
vn 0.000030 -0.578251 -0.815859
vn 0.000029 -0.578251 -0.815859
vn -0.378962 -0.543584 -0.748935
vn -0.378945 -0.543587 -0.748941
vn -0.706748 -0.435547 -0.557501
vn -0.706920 -0.435458 -0.557351
vn -0.933124 -0.238687 -0.268902
vn -0.932717 -0.239324 -0.269746
vn -0.998554 0.022562 0.048794
vn -0.998655 0.021224 0.047298
vn -0.906859 0.262365 0.329805
vn -0.907010 0.262162 0.329553
vn -0.695828 0.434343 0.571987
vn -0.695662 0.434426 0.572125
vn -0.389782 0.535644 0.749103
vn -0.389951 0.535611 0.749039
vn 0.000337 0.572773 0.819714
vn -0.000257 0.572773 0.819714
vn 0.370042 0.541849 0.754632
vn 0.368601 0.542106 0.755152
vn 0.724026 0.421434 0.546058
vn 0.724467 0.421187 0.545664
vn 0.906823 0.263067 0.329346
vn 0.906958 0.262884 0.329119
vn 0.992573 0.075577 0.095329
vn 0.992785 0.074487 0.093961
vn 0.988290 -0.112008 -0.103624
vn 0.988268 -0.112391 -0.103414
vn -0.001492 0.885284 -0.465048
vn 0.000097 0.886173 -0.463355
vn 0.000180 0.886218 -0.463268
vn -0.001491 0.885285 -0.465047
vn 0.000671 0.886577 -0.462581
vn 0.000650 0.886572 -0.462590
vn -0.000005 0.886491 -0.462746
vn -0.000006 0.886491 -0.462746
vn -0.000714 0.886568 -0.462597
vn -0.000691 0.886562 -0.462609
vn 0.000280 0.885937 -0.463805
vn 0.000187 0.885989 -0.463707
vn 0.001562 0.885190 -0.465227
vn 0.001567 0.885185 -0.465237
vn 0.001772 0.886845 -0.462065
vn 0.001790 0.887130 -0.461517
vn 0.002161 0.889057 -0.457791
vn 0.002175 0.889064 -0.457779
vn 0.000774 0.888484 -0.458908
vn 0.000883 0.888529 -0.458819
vn -0.000533 0.887893 -0.460050
vn -0.000552 0.887888 -0.460059
vn 0.000022 0.887977 -0.459887
vn 0.000008 0.887976 -0.459889
vn 0.000519 0.887944 -0.459952
vn 0.000511 0.887946 -0.459948
vn -0.000728 0.888476 -0.458923
vn -0.000962 0.888565 -0.458749
vn -0.002157 0.889077 -0.457754
vn -0.002171 0.889079 -0.457748
vn -0.001802 0.887575 -0.460659
vn -0.001819 0.887833 -0.460162
vn -0.001681 0.885174 -0.465257
vn -0.001678 0.885174 -0.465258
vn 0.852791 -0.241902 -0.462852
vn 0.667120 -0.345165 -0.660161
vn 0.667116 -0.345166 -0.660164
vn 0.852791 -0.241902 -0.462852
vn 0.382225 -0.427887 -0.819034
vn 0.382239 -0.427885 -0.819029
vn 0.000061 -0.462819 -0.886453
vn 0.000065 -0.462819 -0.886453
vn -0.382033 -0.427992 -0.819069
vn -0.382037 -0.427991 -0.819067
vn -0.719442 -0.321815 -0.615499
vn -0.719445 -0.321813 -0.615496
vn -0.951302 -0.142033 -0.273588
vn -0.951304 -0.142030 -0.273584
vn -0.992637 0.057229 0.106753
vn -0.992635 0.057236 0.106766
vn -0.889902 0.210799 0.404523
vn -0.889904 0.210798 0.404519
vn -0.692313 0.331758 0.640812
vn -0.692290 0.331767 0.640831
vn -0.395652 0.422150 0.815628
vn -0.395656 0.422149 0.815626
vn 0.000057 0.459852 0.887996
vn 0.000060 0.459852 0.887996
vn 0.369451 0.427114 0.825275
vn 0.369452 0.427114 0.825275
vn 0.717057 0.320440 0.618989
vn 0.717048 0.320444 0.618997
vn 0.890109 0.210585 0.404179
vn 0.890109 0.210584 0.404178
vn 0.982263 0.087950 0.165605
vn 0.982259 0.087957 0.165620
vn 0.997420 -0.031661 -0.064428
vn 0.997420 -0.031660 -0.064429
vn -0.001578 0.885277 -0.465061
vn 0.000090 0.886152 -0.463395
vn 0.000160 0.886188 -0.463326
vn -0.001578 0.885277 -0.465061
vn 0.000692 0.886560 -0.462612
vn 0.000673 0.886557 -0.462619
vn -0.000032 0.886484 -0.462759
vn -0.000032 0.886484 -0.462759
vn -0.000756 0.886533 -0.462664
vn -0.000737 0.886529 -0.462672
vn 0.000248 0.885868 -0.463936
vn 0.000170 0.885912 -0.463853
vn 0.001566 0.885127 -0.465348
vn 0.001573 0.885123 -0.465355
vn 0.001852 0.886776 -0.462196
vn 0.001879 0.887055 -0.461661
vn 0.002279 0.889008 -0.457886
vn 0.002288 0.889012 -0.457877
vn 0.000794 0.888488 -0.458900
vn 0.000913 0.888531 -0.458815
vn -0.000568 0.887929 -0.459980
vn -0.000587 0.887926 -0.459985
vn 0.000025 0.888006 -0.459833
vn 0.000010 0.888004 -0.459836
vn 0.000549 0.888006 -0.459832
vn 0.000538 0.888007 -0.459830
vn -0.000724 0.888550 -0.458779
vn -0.000946 0.888631 -0.458621
vn -0.002194 0.889055 -0.457796
vn -0.002204 0.889059 -0.457786
vn -0.001850 0.887488 -0.460828
vn -0.001868 0.887739 -0.460343
vn -0.001688 0.885155 -0.465293
vn -0.001687 0.885156 -0.465291
vn 0.853071 -0.241843 -0.462366
vn 0.666480 -0.345427 -0.660670
vn 0.666468 -0.345432 -0.660680
vn 0.853071 -0.241843 -0.462366
vn 0.381270 -0.428036 -0.819402
vn 0.381233 -0.428043 -0.819415
vn 0.000062 -0.462798 -0.886464
vn 0.000072 -0.462798 -0.886464
vn -0.381049 -0.428134 -0.819453
vn -0.381043 -0.428135 -0.819455
vn -0.719096 -0.321981 -0.615816
vn -0.719087 -0.321985 -0.615824
vn -0.952113 -0.140878 -0.271357
vn -0.952118 -0.140870 -0.271342
vn -0.992677 0.057078 0.106467
vn -0.992675 0.057084 0.106478
vn -0.891324 0.209510 0.402054
vn -0.891324 0.209510 0.402053
vn -0.692419 0.331724 0.640715
vn -0.692409 0.331728 0.640723
vn -0.399067 0.421462 0.814319
vn -0.399045 0.421466 0.814328
vn 0.000061 0.459838 0.888003
vn 0.000063 0.459838 0.888003
vn 0.364588 0.428017 0.826969
vn 0.364582 0.428018 0.826971
vn 0.711325 0.323111 0.624193
vn 0.711321 0.323112 0.624196
vn 0.891530 0.209261 0.401727
vn 0.891532 0.209260 0.401724
vn 0.982482 0.087383 0.164602
vn 0.982478 0.087392 0.164620
vn 0.997518 -0.031019 -0.063213
vn 0.997518 -0.031018 -0.063214
vn -0.001521 0.885349 -0.464925
vn 0.000153 0.886191 -0.463321
vn 0.000213 0.886221 -0.463263
vn -0.001520 0.885349 -0.464925
vn 0.000720 0.886536 -0.462659
vn 0.000701 0.886530 -0.462670
vn -0.000025 0.886481 -0.462765
vn -0.000025 0.886481 -0.462764
vn -0.000725 0.886581 -0.462573
vn -0.000709 0.886578 -0.462579
vn 0.000320 0.886024 -0.463640
vn 0.000252 0.886055 -0.463579
vn 0.001637 0.885314 -0.464992
vn 0.001643 0.885304 -0.465011
vn 0.001848 0.886836 -0.462082
vn 0.001868 0.887085 -0.461603
vn 0.002225 0.889055 -0.457795
vn 0.002230 0.889059 -0.457786
vn 0.000744 0.888535 -0.458808
vn 0.000864 0.888586 -0.458710
vn -0.000605 0.887932 -0.459973
vn -0.000626 0.887926 -0.459986
vn 0.000026 0.887997 -0.459848
vn 0.000009 0.887998 -0.459847
vn 0.000523 0.887908 -0.460020
vn 0.000508 0.887913 -0.460011
vn -0.000753 0.888501 -0.458875
vn -0.000930 0.888578 -0.458724
vn -0.002229 0.889086 -0.457735
vn -0.002234 0.889089 -0.457729
vn -0.001893 0.887481 -0.460840
vn -0.001915 0.887718 -0.460383
vn -0.001688 0.885085 -0.465427
vn -0.001687 0.885085 -0.465426
vn 0.853662 -0.241471 -0.461468
vn 0.666063 -0.345693 -0.660951
vn 0.380078 -0.428333 -0.819800
vn 0.000084 -0.462820 -0.886452
vn -0.380080 -0.428265 -0.819834
vn -0.718718 -0.322146 -0.616171
vn -0.953017 -0.139609 -0.268827
vn -0.992723 0.056883 0.106136
vn -0.892841 0.208094 0.399414
vn -0.692403 0.331693 0.640748
vn -0.408247 0.419738 0.810651
vn 0.000034 0.459903 0.887969
vn 0.355240 0.429657 0.830180
vn 0.698246 0.329190 0.635678
vn 0.892801 0.208279 0.399407
vn 0.982624 0.087165 0.163870
vn 0.997588 -0.030523 -0.062345
vn 0.835430 -0.277256 -0.474538
vn 0.636607 -0.365460 -0.679096
vn 0.639025 -0.364657 -0.677253
vn 0.835432 -0.277314 -0.474501
vn 0.356688 -0.431023 -0.828851
vn 0.355172 -0.431252 -0.829382
vn 0.004846 -0.463850 -0.885901
vn -0.004082 -0.464180 -0.885732
vn -0.348285 -0.457287 -0.818283
vn -0.362197 -0.456149 -0.812860
vn -0.683647 -0.397872 -0.611821
vn -0.696679 -0.393776 -0.599650
vn -0.939517 -0.247793 -0.236445
vn -0.942933 -0.243562 -0.227058
vn -0.985004 -0.046860 0.166044
vn -0.878850 0.127632 0.459709
vn -0.669553 0.283659 0.686467
vn -0.371484 0.404851 0.835521
vn -0.383375 0.401380 0.831816
vn 0.000159 0.458188 0.888855
vn 0.000656 0.458197 0.888851
vn 0.336265 0.432501 0.836582
vn 0.336023 0.432543 0.836657
vn 0.657517 0.337242 0.673750
vn 0.658929 0.336607 0.672688
vn 0.879586 0.194807 0.434025
vn 0.880811 0.193641 0.432059
vn 0.979599 0.057496 0.192562
vn 0.996441 -0.070322 -0.046469
vn -0.000014 0.887381 -0.461037
vn -0.000014 0.887381 -0.461037
vn -0.000014 0.887381 -0.461037
vn 0.661725 -0.352775 -0.661566
vn 0.833781 -0.261367 -0.486309
vn 0.980928 -0.096726 -0.168599
vn 0.997292 0.026352 0.068668
vn 0.922702 0.170498 0.345762
vn 0.742541 0.301545 0.598084
vn 0.378819 0.419428 0.824970
vn 0.003086 0.454103 0.890944
vn -0.386641 0.418347 0.821885
vn -0.704369 0.320556 0.633331
vn -0.922060 0.171923 0.346769
vn -0.999949 -0.003227 0.009621
vn -0.925035 -0.181727 -0.333596
vn -0.704936 -0.333777 -0.625826
vn -0.379546 -0.433475 -0.817339
vn 0.003411 -0.468015 -0.883714
vn 0.386060 -0.432418 -0.814845
vn 0.664666 0.517710 -0.538698
vn 0.663394 0.516177 -0.541729
vn 0.945948 -0.181211 -0.268972
vn 0.947071 -0.179736 -0.265992
vn -0.000000 0.000000 0.000000
vn -0.000000 0.000000 0.000000
vn -0.001561 0.885110 -0.465380
vn -0.001561 0.885110 -0.465380
vn 0.953597 -0.138125 -0.267532
vn 0.953131 -0.139375 -0.268543
vn 0.953036 -0.139618 -0.268755
vn -0.001617 0.885223 -0.465164
vn -0.001622 0.885214 -0.465182
vn 0.662955 0.537341 -0.521301
vn 0.662945 0.537327 -0.521329
vn 0.952253 -0.140786 -0.270913
vn 0.952260 -0.140775 -0.270892
vn -0.001627 0.885207 -0.465194
vn -0.001630 0.885203 -0.465201
vn 0.662250 0.536483 -0.523079
vn 0.662256 0.536491 -0.523062
vn 0.951359 -0.142016 -0.273401
vn 0.951359 -0.142015 -0.273399
vn -0.001617 0.885217 -0.465176
vn -0.001622 0.885215 -0.465179
vn 0.689151 0.495033 -0.529163
vn 0.689933 0.496361 -0.526895
vn 0.932365 -0.245365 -0.265503
vn 0.931965 -0.245929 -0.266385
vn 0.104517 0.849066 -0.517844
vn 0.104363 0.849146 -0.517745
vn 0.681128 0.449279 -0.578111
vn 0.679943 0.447708 -0.580720
vn 0.926357 -0.193533 -0.323122
vn 0.926013 -0.180962 -0.331290
vn 0.922344 -0.198916 -0.331231
vn 0.922285 -0.185060 -0.339327
vn 0.926607 -0.180222 -0.330031
vn 0.878680 -0.447717 -0.165745
vn 0.882115 -0.443652 -0.158258
vn 0.923860 -0.183465 -0.335892
vn 0.923860 -0.183465 -0.335892
vn 0.923861 -0.183411 -0.335919
vn 0.923862 -0.183410 -0.335917
vn 0.923868 -0.182301 -0.336504
vn 0.923868 -0.182301 -0.336504
vn 0.712114 -0.701325 0.032208
vn 0.712082 -0.701361 0.032139
vn 0.083801 -0.899159 0.429524
vn -0.001680 0.885192 -0.465224
vn -0.001680 0.885192 -0.465224
vn 0.000000 0.000000 0.000000
vn 0.000008 0.890483 -0.455017
vn 0.000008 0.890483 -0.455017
vn 0.000008 0.890483 -0.455017
vn 0.000008 0.890483 -0.455017
vn 0.000018 0.890307 -0.455362
vn 0.000018 0.890307 -0.455362
vn 0.000018 0.890307 -0.455362
vn 0.000018 0.890307 -0.455362
vn 0.000007 0.884182 -0.467143
vn 0.000000 0.884093 -0.467312
vn 0.000007 0.884186 -0.467136
vn -0.000004 0.884238 -0.467037
vn -0.000008 0.884439 -0.466657
vn -0.000016 0.883162 -0.469068
vn -0.000049 0.883323 -0.468765
vn -0.000017 0.883167 -0.469059
vn -0.000064 0.883357 -0.468702
vn -0.000067 0.883280 -0.468845
vn -0.000008 0.887494 -0.460819
vn -0.000008 0.887494 -0.460819
vn -0.000008 0.887494 -0.460819
vn -0.000008 0.887494 -0.460819
vn -0.000010 0.887288 -0.461215
vn -0.000010 0.887288 -0.461215
vn -0.000010 0.887288 -0.461215
vn -0.000010 0.887288 -0.461215
vn -0.000010 0.887328 -0.461139
vn -0.000010 0.887328 -0.461139
vn -0.000010 0.887328 -0.461139
vn -0.541401 -0.758588 -0.362532
vn -0.541401 -0.758588 -0.362532
vn -0.541401 -0.758588 -0.362532
vn -0.541401 -0.758588 -0.362532
vn 0.000001 -0.870409 0.492329
vn 0.000001 -0.870409 0.492329
vn 0.000001 -0.870409 0.492329
vn 0.000001 -0.870409 0.492329
vn -0.467776 -0.275542 0.839799
vn -0.467776 -0.275542 0.839799
vn -0.467776 -0.275542 0.839799
vn -0.467776 -0.275542 0.839799
vn 0.541372 -0.758596 -0.362558
vn 0.541372 -0.758596 -0.362558
vn 0.541372 -0.758596 -0.362558
vn 0.541372 -0.758596 -0.362558
vn 0.467734 -0.275544 0.839822
vn 0.467734 -0.275544 0.839822
vn 0.467734 -0.275544 0.839822
vn 0.467734 -0.275544 0.839822
vn -0.252775 0.872956 0.417196
vn -0.252775 0.872956 0.417196
vn -0.252775 0.872956 0.417196
vn -0.252775 0.872956 0.417196
vn 0.625789 0.375454 0.683683
vn 0.625788 0.375454 0.683683
vn 0.625789 0.375454 0.683683
vn 0.625789 0.375454 0.683683
vn -0.250054 0.873589 0.417511
vn -0.250054 0.873589 0.417511
vn -0.250054 0.873589 0.417511
vn -0.250054 0.873589 0.417511
vn -0.467774 0.275554 -0.839796
vn -0.467774 0.275554 -0.839796
vn -0.467774 0.275554 -0.839796
vn -0.467774 0.275554 -0.839796
vn 0.673011 0.711430 -0.202296
vn 0.673011 0.711430 -0.202296
vn 0.673011 0.711430 -0.202296
vn 0.673011 0.711430 -0.202296
vn 0.467731 0.275556 -0.839820
vn 0.467731 0.275556 -0.839820
vn 0.467731 0.275556 -0.839820
vn 0.467731 0.275556 -0.839820
vn 0.000000 -0.312913 -0.949782
vn 0.000000 -0.312913 -0.949782
vn 0.000000 -0.312913 -0.949782
vn 0.000000 -0.312913 -0.949782
vn 0.000000 -0.311751 0.950164
vn 0.000000 -0.311751 0.950164
vn 0.000000 -0.311751 0.950164
vn 0.000000 -0.311751 0.950164
vn 0.749749 0.597040 0.285341
vn 0.749749 0.597040 0.285341
vn 0.749749 0.597040 0.285341
vn 0.749749 0.597040 0.285341
vn 0.000000 0.311751 -0.950164
vn 0.000000 0.311751 -0.950164
vn 0.000000 0.311751 -0.950164
vn 0.000000 0.311751 -0.950164
vn 0.000001 -0.902253 -0.431207
vn 0.000001 -0.902253 -0.431207
vn 0.000001 -0.902253 -0.431207
vn 0.000001 -0.902253 -0.431207
vn 1.000000 -0.000029 0.000000
vn 1.000000 -0.000029 0.000000
vn 1.000000 -0.000029 0.000000
vn 1.000000 -0.000029 0.000000
vn -1.000000 0.000000 0.000000
vn -1.000000 0.000000 0.000000
vn -1.000000 0.000000 0.000000
vn -1.000000 0.000000 0.000000
vn -0.400676 -0.797512 0.451036
vn -0.400676 -0.797512 0.451036
vn -0.400676 -0.797512 0.451036
vn 0.400687 -0.797466 0.451107
vn 0.400687 -0.797466 0.451107
vn 0.400687 -0.797466 0.451107
vn -0.166251 0.363353 0.916698
vn -0.166251 0.363353 0.916698
vn -0.166251 0.363353 0.916698
vn -0.173549 0.407207 0.896696
vn -0.173549 0.407207 0.896696
vn -0.173549 0.407207 0.896696
vn -0.188363 0.889228 -0.416885
vn -0.188363 0.889228 -0.416885
vn -0.188363 0.889228 -0.416885
vn -0.196594 0.912298 -0.359254
vn -0.196594 0.912298 -0.359254
vn -0.196594 0.912298 -0.359254
vn -0.359545 -0.291992 -0.886266
vn -0.359545 -0.291992 -0.886266
vn -0.359545 -0.291992 -0.886266
vn 0.359507 -0.292022 -0.886272
vn 0.359507 -0.292022 -0.886272
vn 0.359507 -0.292022 -0.886272
vn -0.000001 -0.870411 0.492325
vn -0.000001 -0.870411 0.492325
vn -0.000001 -0.870411 0.492325
vn -0.000001 -0.870411 0.492325
vn -0.000000 -0.311754 0.950163
vn -0.000000 -0.311754 0.950163
vn -0.000000 -0.311754 0.950163
vn -0.000000 -0.311754 0.950163
vn -0.628458 0.394281 0.670509
vn -0.628458 0.394281 0.670509
vn -0.628458 0.394281 0.670509
vn -0.628458 0.394281 0.670509
vn -0.742483 0.604388 0.288849
vn -0.742483 0.604388 0.288849
vn -0.742483 0.604388 0.288849
vn -0.742483 0.604388 0.288849
vn -0.674785 0.716972 -0.174976
vn -0.674785 0.716972 -0.174976
vn -0.674785 0.716972 -0.174976
vn -0.674785 0.716972 -0.174976
vn 0.000000 0.311755 -0.950163
vn 0.000000 0.311755 -0.950163
vn 0.000000 0.311754 -0.950163
vn 0.000000 0.311754 -0.950163
vn -0.000000 -0.312916 -0.949781
vn -0.000000 -0.312916 -0.949781
vn -0.000000 -0.312916 -0.949781
vn -0.000000 -0.312916 -0.949781
vn 0.000000 -0.902255 -0.431203
vn 0.000000 -0.902255 -0.431203
vn 0.000000 -0.902255 -0.431203
vn 0.000000 -0.902255 -0.431203
vn 0.000000 -0.870411 0.492326
vn 0.000000 -0.870411 0.492326
vn 0.000000 -0.870411 0.492326
vn 0.000000 -0.870411 0.492326
vn 0.000000 -0.311750 0.950164
vn 0.000000 -0.311750 0.950164
vn 0.000000 -0.311750 0.950164
vn 0.000000 -0.311750 0.950164
vn 0.000000 0.639659 0.768659
vn 0.000000 0.639659 0.768659
vn 0.000000 0.639659 0.768659
vn 0.000000 0.639659 0.768659
vn 0.000000 0.902260 0.431193
vn 0.000000 0.902260 0.431193
vn 0.000000 0.902260 0.431193
vn 0.000000 0.902260 0.431193
vn 0.000000 0.999381 -0.035182
vn 0.000000 0.999381 -0.035182
vn 0.000000 0.999381 -0.035182
vn 0.000000 0.999381 -0.035182
vn 0.000000 0.311754 -0.950163
vn 0.000000 0.311754 -0.950163
vn 0.000000 0.311754 -0.950163
vn 0.000000 0.311754 -0.950163
vn 0.000000 -0.312910 -0.949783
vn 0.000000 -0.312910 -0.949783
vn 0.000000 -0.312910 -0.949783
vn 0.000000 -0.312910 -0.949783
vn 0.000000 -0.902260 -0.431193
vn 0.000000 -0.902260 -0.431193
vn 0.000000 -0.902260 -0.431193
vn 0.000000 -0.902260 -0.431193
vn 0.000000 -0.870408 0.492330
vn 0.000000 -0.870408 0.492330
vn 0.000000 -0.870408 0.492330
vn 0.000000 -0.870408 0.492330
vn 0.000001 -0.902256 -0.431201
vn 0.000001 -0.902256 -0.431201
vn 0.000001 -0.902256 -0.431201
vn 0.000001 -0.902256 -0.431201
vn 0.000001 -0.312906 -0.949784
vn 0.000001 -0.312906 -0.949784
vn 0.000001 -0.312906 -0.949784
vn 0.000001 -0.312906 -0.949784
vn -0.000000 0.311757 -0.950162
vn -0.000000 0.311757 -0.950162
vn -0.000000 0.311757 -0.950162
vn -0.000000 0.311757 -0.950162
vn -0.273939 0.960245 -0.053739
vn -0.273939 0.960245 -0.053739
vn -0.273939 0.960245 -0.053739
vn -0.273939 0.960245 -0.053739
vn -0.293674 0.862477 0.412176
vn -0.293674 0.862477 0.412176
vn -0.293674 0.862477 0.412176
vn -0.293674 0.862477 0.412176
vn -0.248389 0.606970 0.754910
vn -0.248389 0.606970 0.754910
vn -0.248389 0.606970 0.754910
vn -0.248389 0.606970 0.754910
vn 0.000000 -0.311748 0.950165
vn 0.000000 -0.311748 0.950165
vn 0.000000 -0.311748 0.950165
vn 0.000000 -0.311748 0.950165
vn -0.000000 -0.870409 0.492329
vn -0.000000 -0.870409 0.492329
vn -0.000000 -0.870409 0.492329
vn -0.000000 -0.870409 0.492329
vn -0.000000 -0.311756 0.950162
vn -0.000000 -0.311756 0.950162
vn -0.000000 -0.311756 0.950162
vn -0.000000 -0.311756 0.950162
vn 0.250410 0.608184 0.753264
vn 0.250410 0.608184 0.753264
vn 0.250410 0.608184 0.753264
vn 0.250410 0.608184 0.753264
vn 0.295497 0.861970 0.411933
vn 0.295497 0.861970 0.411933
vn 0.295497 0.861970 0.411933
vn 0.295497 0.861970 0.411933
vn 0.276062 0.959769 -0.051319
vn 0.276062 0.959769 -0.051319
vn 0.276062 0.959769 -0.051319
vn 0.276062 0.959769 -0.051319
vn -0.000000 0.311751 -0.950164
vn -0.000000 0.311751 -0.950164
vn -0.000000 0.311751 -0.950164
vn -0.000000 0.311751 -0.950164
vn -0.000001 -0.312914 -0.949781
vn -0.000001 -0.312914 -0.949781
vn -0.000001 -0.312914 -0.949781
vn -0.000001 -0.312914 -0.949781
vn -0.000002 -0.902255 -0.431202
vn -0.000002 -0.902255 -0.431202
vn -0.000002 -0.902255 -0.431202
vn -0.000002 -0.902255 -0.431202
f 2/1/1 3/2/2 5/3/3 4/4/4
f 3/2/2 2/1/1 32/5/5 33/6/6
f 4/4/4 5/3/3 7/7/7 6/8/8
f 6/8/8 7/7/7 9/9/9 8/10/10
f 8/10/10 9/9/9 11/11/11 10/12/12
f 10/12/12 11/11/11 13/13/13 12/82/14
f 12/14/14 13/85/13 15/15/15 14/16/16
f 14/16/16 15/15/15 17/17/17 16/18/18
f 16/18/18 17/17/17 19/19/19 18/20/20
f 18/20/20 19/19/19 21/21/21 20/22/22
f 20/22/22 21/21/21 23/23/23 22/24/24
f 22/24/24 23/23/23 25/25/25 24/26/26
f 24/26/26 25/25/25 27/27/27 26/28/28
f 26/28/28 27/27/27 29/29/29 28/30/30
f 28/30/30 29/29/29 31/31/31 30/32/32
f 30/32/32 31/31/31 33/6/6 32/5/5
f 34/33/33 35/81/34 65/66/35 64/36/36
f 35/81/34 34/33/33 36/37/37 37/80/38
f 37/80/38 36/37/37 38/39/39 39/79/40
f 39/79/40 38/39/39 40/41/41 41/78/42
f 41/78/42 40/41/41 42/43/43 43/77/44
f 43/77/44 42/43/43 44/45/45 45/84/46
f 45/76/46 44/83/45 46/47/47 47/75/48
f 47/75/48 46/47/47 48/49/49 49/74/50
f 49/74/50 48/49/49 50/51/51 51/73/52
f 51/73/52 50/51/51 52/53/53 53/72/54
f 53/72/54 52/53/53 54/55/55 55/71/56
f 55/71/56 54/55/55 56/57/57 57/70/58
f 57/70/58 56/57/57 58/59/59 59/69/60
f 59/69/60 58/59/59 60/61/61 61/68/62
f 61/68/62 60/61/61 62/63/63 63/67/64
f 63/67/64 62/63/63 64/36/36 65/66/35
f 2/1/65 4/4/66 36/37/67 34/33/68
f 4/4/66 6/8/69 38/39/70 36/37/67
f 6/8/69 8/10/71 40/41/72 38/39/70
f 8/10/71 10/12/73 42/43/74 40/41/72
f 10/12/73 12/82/75 44/45/76 42/43/74
f 12/14/75 14/16/77 46/47/78 44/83/76
f 14/16/77 16/18/79 48/49/80 46/47/78
f 16/18/79 18/20/81 50/51/82 48/49/80
f 18/20/81 20/22/83 52/53/84 50/51/82
f 20/22/83 22/24/85 54/55/86 52/53/84
f 22/24/85 24/26/87 56/57/88 54/55/86
f 24/26/87 26/28/89 58/59/90 56/57/88
f 26/28/89 28/30/91 60/61/92 58/59/90
f 28/30/91 30/32/93 62/63/94 60/61/92
f 30/32/93 32/5/95 64/36/96 62/63/94
f 32/5/95 2/1/65 34/33/68 64/36/96
f 35/34/97 37/38/98 1/65/99
f 37/38/98 39/40/100 1/65/99
f 39/40/100 41/42/101 1/65/99
f 41/42/101 43/44/102 1/65/99
f 43/44/102 45/46/103 1/65/99
f 45/46/103 47/48/104 1/65/99
f 47/48/104 49/50/105 1/65/99
f 49/50/105 51/52/106 1/65/99
f 51/52/106 53/54/107 1/65/99
f 53/54/107 55/56/108 1/65/99
f 55/56/108 57/58/109 1/65/99
f 57/58/109 59/60/110 1/65/99
f 59/60/110 61/62/111 1/65/99
f 61/62/111 63/64/112 1/65/99
f 63/64/112 65/35/113 1/65/99
f 65/35/113 35/34/97 1/65/99
f 93/86/114 91/87/115 71/88/116 72/89/117
f 67/90/118 73/91/119 100/92/120
f 74/93/121 101/94/122 73/91/119
f 73/91/119 101/94/122 100/92/120
f 98/95/123 101/94/124 74/93/125 70/96/126
f 103/97/127 105/98/128 68/99/129 69/100/130
f 100/92/131 99/101/132 66/102/133 67/90/134
f 75/103/135 76/104/136 90/105/137 92/106/138
f 77/107/139 78/108/140 97/109/141 95/110/142
f 84/111/143 85/112/144 94/113/145 96/114/146
f 78/108/147 83/115/148 97/109/149
f 84/111/150 96/114/151 83/115/148
f 83/115/148 96/114/151 97/109/149
f 68/99/152 105/98/153 82/116/154
f 81/117/155 82/116/154 104/118/156
f 82/116/154 105/98/153 104/118/156
f 80/119/157 81/117/158 104/118/159 102/120/160
f 67/90/161 66/102/162 76/104/163 75/103/164
f 69/100/165 68/99/166 78/108/167 77/107/168
f 82/116/169 83/115/170 78/108/171 68/99/172
f 75/103/173 79/121/174 73/91/175 67/90/176
f 70/96/177 74/93/178 81/117/179 80/119/180
f 74/93/181 73/91/182 82/116/183 81/117/184
f 73/91/185 79/121/186 83/115/187 82/116/188
f 84/111/189 83/115/190 79/121/191 72/89/192
f 72/89/193 71/88/194 85/112/195 84/111/196
f 87/122/197 86/123/198 88/124/199 89/125/200
f 75/103/201 92/106/202 79/121/203
f 72/89/204 79/121/203 93/86/205
f 92/106/202 93/86/205 79/121/203
f 90/105/206 91/87/207 93/86/208 92/106/209
f 94/113/210 95/110/211 97/109/212 96/114/213
f 98/95/214 99/101/215 100/92/216 101/94/217
f 103/97/218 102/120/219 104/118/220 105/98/221
f 106/126/222 107/127/223 109/128/224 108/129/225
f 107/127/223 106/126/222 112/130/226 113/131/227
f 108/129/225 109/128/224 111/132/228 110/133/229
f 110/133/229 111/132/228 113/131/227 112/130/226
f 76/134/230 108/129/225 90/135/231
f 90/135/231 108/129/225 91/136/232
f 108/129/225 71/137/233 91/136/232
f 69/138/234 112/130/226 103/97/235
f 80/119/236 102/120/237 112/130/226
f 112/130/226 102/120/237 103/97/235
f 77/139/238 95/140/239 110/133/229
f 85/141/240 110/133/229 94/142/241
f 110/133/229 95/140/239 94/142/241
f 66/143/242 106/126/222 108/129/225 76/134/230
f 77/139/238 110/133/229 112/130/226 69/138/234
f 106/126/222 70/96/243 80/119/236 112/130/226
f 71/137/233 108/129/225 110/133/229 85/141/240
f 113/131/244 111/132/245 86/123/246 87/122/247
f 111/132/248 109/128/249 88/124/250 86/123/251
f 109/128/252 107/127/253 89/125/254 88/124/255
f 107/127/256 113/131/257 87/122/258 89/125/259
f 66/143/242 99/101/260 106/126/222
f 70/96/243 106/126/222 98/95/261
f 99/101/260 98/95/261 106/126/222
f 114/144/262 115/145/263 117/146/264 116/147/265
f 115/145/263 114/144/262 144/148/266 145/149/267
f 116/147/265 117/146/264 119/150/268 118/151/269
f 118/151/269 119/150/268 121/152/270 120/153/271
f 120/153/271 121/152/270 123/154/272 122/155/273
f 122/155/273 123/154/272 125/156/274 124/157/275
f 124/157/275 125/156/274 127/158/276 126/159/277
f 126/159/277 127/158/276 129/160/278 128/161/279
f 128/161/279 129/160/278 131/162/280 130/163/281
f 130/163/281 131/162/280 133/164/282 132/165/283
f 132/165/283 133/164/282 135/166/284 134/167/285
f 134/167/285 135/166/284 137/168/286 136/169/287
f 136/169/287 137/168/286 139/170/288 138/171/289
f 138/171/289 139/170/288 141/172/290 140/173/291
f 140/174/291 141/175/290 143/176/292 142/177/293
f 142/177/293 143/176/292 145/149/267 144/148/266
f 146/178/294 147/179/295 177/180/296 176/181/297
f 147/179/295 146/178/294 148/182/298 149/183/299
f 149/183/299 148/182/298 150/184/300 151/185/301
f 151/185/301 150/184/300 152/186/302 153/187/303
f 153/187/303 152/186/302 154/188/304 155/189/305
f 155/189/305 154/188/304 156/190/306 157/191/307
f 157/191/307 156/190/306 158/192/308 159/193/309
f 159/193/309 158/192/308 160/194/310 161/195/311
f 161/195/311 160/194/310 162/196/312 163/197/313
f 163/197/313 162/196/312 164/198/314 165/199/315
f 165/199/315 164/198/314 166/200/316 167/201/317
f 167/201/317 166/200/316 168/202/318 169/203/319
f 169/203/319 168/202/318 170/204/320 171/205/321
f 171/205/321 170/204/320 172/206/322 173/207/323
f 173/208/323 172/209/322 174/210/324 175/211/325
f 175/211/325 174/210/324 176/181/297 177/180/296
f 114/144/326 116/147/327 148/182/328 146/178/329
f 116/147/327 118/151/330 150/184/331 148/182/328
f 118/151/330 120/153/332 152/186/333 150/184/331
f 120/153/332 122/155/334 154/188/335 152/186/333
f 122/155/334 124/157/336 156/190/337 154/188/335
f 124/157/336 126/159/338 158/192/339 156/190/337
f 126/159/338 128/161/340 160/194/341 158/192/339
f 128/161/340 130/163/342 162/196/343 160/194/341
f 130/163/342 132/165/344 164/198/345 162/196/343
f 132/165/344 134/167/346 166/200/347 164/198/345
f 134/167/346 136/169/348 168/202/349 166/200/347
f 136/169/348 138/171/350 170/204/351 168/202/349
f 138/171/350 140/173/352 172/206/353 170/204/351
f 140/174/352 142/177/354 174/210/355 172/209/353
f 142/177/354 144/148/356 176/181/357 174/210/355
f 144/148/356 114/144/326 146/178/329 176/181/357
f 183/212/358 185/213/359 184/214/360 182/215/361
f 181/216/362 184/214/360 185/213/359 180/217/363
f 178/218/364 187/219/365 186/220/366 179/221/367
f 187/219/365 189/222/368 188/223/369 186/220/366
f 206/224/370 205/225/371 207/226/372 208/227/373
f 198/228/374 197/229/375 199/230/376 200/231/377
f 191/232/378 198/228/374 200/231/377 190/233/379
f 201/234/380 193/235/381 192/236/382 203/237/383
f 202/238/384 201/234/380 203/237/383 204/239/385
f 197/229/386 202/238/387 204/239/388 199/230/389
f 192/236/390 193/235/391 231/240/392 232/241/393
f 181/216/362 180/217/363 229/242/394 230/243/395
f 191/232/396 190/233/397 219/244/398 220/245/399
f 178/218/364 179/221/367 217/246/400 218/247/401
f 210/248/402 209/249/403 206/224/404 208/227/405
f 212/250/406 211/251/407 207/226/408 205/225/409
f 214/252/410 213/253/411 209/249/403 210/248/402
f 216/254/412 215/255/413 211/251/407 212/250/406
f 218/247/401 217/246/400 213/253/411 214/252/410
f 220/245/399 219/244/398 215/255/413 216/254/412
f 226/256/414 225/257/415 221/258/416 222/259/417
f 228/260/418 227/261/419 223/262/420 224/263/421
f 230/243/395 229/242/394 225/257/415 226/256/414
f 232/241/393 231/240/392 227/261/419 228/260/418
f 195/264/422 194/265/423 196/266/424
f 310/267/425 196/266/424 311/268/426
f 311/268/426 196/266/424 194/265/423
f 233/269/427 235/270/428 267/271/429 268/272/430
f 234/273/431 233/269/432 236/274/433 237/275/434
f 235/270/428 234/273/435 244/276/436 243/277/437
f 237/275/434 236/274/433 284/278/438 285/279/439
f 238/280/440 240/281/441 280/282/442 281/283/443
f 239/284/444 238/280/445 242/285/446 241/286/447
f 240/281/441 239/284/448 251/287/449 250/288/450
f 241/286/447 242/285/446 283/289/451 282/290/452
f 243/277/437 244/276/436 281/283/443 280/282/442
f 245/291/453 247/292/454 285/279/439 284/278/438
f 246/293/455 245/291/456 266/294/457 265/295/458
f 247/292/459 246/293/455 248/296/460 249/297/461
f 249/297/461 248/296/460 278/298/462 277/299/463
f 250/288/450 251/287/449 274/300/464 273/301/465
f 252/302/466 254/303/467 282/290/452 283/289/451
f 253/304/468 252/302/469 279/305/470 278/298/462
f 254/303/471 253/304/468 255/306/472 256/307/473
f 256/307/473 255/306/472 269/308/474 270/309/475
f 257/310/476 258/311/477 334/312/478 335/313/479
f 258/311/477 257/310/476 260/314/480 259/315/481
f 259/315/481 260/314/480 268/272/430 267/271/429
f 261/316/482 262/317/483 343/318/484 344/319/485
f 262/317/483 261/316/482 263/320/486 264/321/487
f 264/321/487 263/320/486 265/295/458 266/294/457
f 270/309/475 269/308/474 272/322/488 271/323/489
f 271/323/489 272/322/488 351/324/490 352/325/491
f 273/301/465 274/300/464 276/326/492 275/327/493
f 275/327/493 276/326/492 313/328/494 314/329/495
f 277/299/496 279/305/497 312/330/498 311/268/426
f 286/331/499 287/332/500 342/333/501 341/334/502
f 287/332/500 286/331/499 288/335/503 289/336/504
f 289/336/504 288/335/503 290/337/505 291/338/506
f 291/338/507 290/337/508 296/339/509 297/340/510
f 292/341/511 293/342/512 295/343/513 294/344/514
f 293/342/512 292/341/511 327/345/515 328/346/516
f 294/344/514 295/343/513 297/340/517 296/339/518
f 298/347/519 299/348/520 305/349/521 304/350/522
f 299/348/523 298/347/524 300/351/525 301/352/526
f 301/352/526 300/351/525 302/353/527 303/354/528
f 303/354/528 302/353/527 349/355/529 350/356/530
f 304/350/531 305/349/532 307/357/533 306/358/534
f 306/358/534 307/357/533 309/359/535 308/360/536
f 308/360/536 309/359/535 316/361/537 315/362/538
f 314/329/495 313/328/494 383/363/539 384/364/540
f 315/362/538 316/361/537 381/365/541 382/366/542
f 317/367/543 319/368/544 376/369/545 375/370/546
f 318/371/547 317/367/548 322/372/549 321/373/550
f 319/368/544 318/371/551 325/374/552 326/375/553
f 320/376/554 322/372/555 374/377/556 373/378/557
f 321/373/558 320/376/554 324/379/559 323/380/560
f 323/380/560 324/379/559 330/381/561 329/382/562
f 326/375/553 325/374/552 339/383/563 340/384/564
f 328/346/516 327/345/515 387/385/565 388/386/566
f 329/382/562 330/381/561 333/387/567 332/388/568
f 331/389/569 333/390/570 380/391/571 379/392/572
f 332/388/573 331/389/574 338/393/575 337/394/576
f 335/313/479 334/312/478 385/395/577 386/396/578
f 336/397/579 338/393/580 378/398/581 377/399/582
f 337/394/583 336/397/584 340/384/564 339/383/563
f 341/334/502 342/333/501 365/400/585 366/401/586
f 344/319/485 343/318/484 367/402/587 368/403/588
f 345/404/589 346/405/590 358/406/591 357/407/592
f 346/405/593 345/404/594 348/408/595 347/409/596
f 347/409/597 348/408/598 360/410/599 359/411/600
f 350/356/530 349/355/529 371/412/601 372/413/602
f 352/325/491 351/324/490 369/414/603 370/415/604
f 353/416/605 354/417/606 364/418/607 363/419/608
f 354/417/609 353/416/610 356/420/611 355/421/612
f 355/421/613 356/420/614 362/422/615 361/423/616
f 357/407/592 358/406/591 366/401/586 365/400/585
f 359/411/600 360/410/599 368/403/588 367/402/587
f 361/423/616 362/422/615 370/415/604 369/414/603
f 363/419/608 364/418/607 372/413/602 371/412/601
f 373/378/557 374/377/556 382/366/542 381/365/541
f 375/370/546 376/369/545 384/364/540 383/363/539
f 377/399/582 378/398/581 386/396/578 385/395/577
f 379/392/572 380/391/571 388/386/566 387/385/565
f 234/273/431 237/275/434 195/264/617 244/276/618
f 239/284/444 241/286/447 304/350/619 251/287/620
f 318/371/547 321/373/550 323/380/621 325/374/622
f 257/310/623 292/341/624 294/344/625 260/314/626
f 246/293/627 265/295/628 188/223/369 248/296/629
f 258/311/630 259/315/631 184/214/360 181/216/362
f 250/288/632 183/212/358 280/282/633 240/281/634
f 243/277/635 182/215/361 267/271/636 235/270/637
f 280/282/633 183/212/358 182/215/361 243/277/635
f 273/301/638 185/213/359 183/212/358 250/288/632
f 182/215/361 184/214/360 259/315/631 267/271/636
f 180/217/363 185/213/359 273/301/638 275/327/639
f 269/308/640 187/219/365 178/218/364 272/322/641
f 179/221/367 186/220/366 263/320/642 261/316/643
f 255/306/644 189/222/368 187/219/365 269/308/640
f 186/220/366 188/223/369 265/295/628 263/320/642
f 278/298/645 189/222/368 255/306/644 253/304/646
f 248/296/629 188/223/369 189/222/368 278/298/645
f 284/278/438 290/337/647 266/294/648 245/291/453
f 264/321/649 288/335/650 286/331/651 262/317/652
f 266/294/648 290/337/647 288/335/650 264/321/649
f 236/274/433 296/339/653 290/337/647 284/278/438
f 268/272/654 296/339/653 236/274/433 233/269/432
f 260/314/626 294/344/625 296/339/653 268/272/654
f 345/424/655 205/225/371 206/224/370 348/408/656
f 208/227/373 207/226/372 354/417/609 355/421/612
f 339/383/657 329/382/658 332/388/659 337/394/660
f 325/374/622 323/380/621 329/382/658 339/383/657
f 302/353/661 300/351/662 270/309/663 271/323/664
f 256/307/665 298/347/666 282/290/452 254/303/467
f 270/309/663 300/351/662 298/347/666 256/307/665
f 298/347/666 304/350/619 241/286/447 282/290/452
f 274/300/667 306/358/668 308/360/669 276/326/670
f 251/287/620 304/350/619 306/358/668 274/300/667
f 283/289/451 312/330/498 279/305/497 252/302/466
f 249/297/671 194/265/672 285/279/439 247/292/454
f 277/299/496 311/268/426 194/265/423 249/297/673
f 310/267/425 312/330/498 196/266/674
f 242/285/446 196/266/674 283/289/451
f 196/266/674 312/330/498 283/289/451
f 194/265/672 195/264/617 237/275/434 285/279/439
f 281/283/675 196/266/674 242/285/446 238/280/445
f 244/276/676 195/264/422 196/266/424 281/283/677
f 287/425/678 289/426/679 198/228/374 191/232/378
f 289/426/679 291/427/680 197/229/375 198/228/374
f 200/231/377 199/230/376 299/348/681 301/352/682
f 190/233/379 200/231/377 301/352/682 303/354/683
f 297/428/684 295/429/685 201/234/380 202/238/384
f 295/429/685 293/430/686 193/235/381 201/234/380
f 203/237/383 192/236/382 309/359/687 307/357/688
f 204/239/385 203/237/383 307/357/688 305/349/689
f 291/427/690 297/428/691 202/238/387 197/229/386
f 199/230/389 204/239/388 305/349/692 299/348/693
f 276/326/670 308/360/669 315/362/694 313/328/695
f 309/359/696 192/236/390 232/241/393 316/361/697
f 180/217/363 275/327/639 314/329/698 229/242/394
f 193/235/391 293/430/699 328/431/700 231/240/392
f 292/341/624 257/310/623 335/313/701 327/345/702
f 258/311/630 181/216/362 230/243/395 334/312/703
f 287/425/704 191/232/396 220/245/399 342/432/705
f 179/221/367 261/316/643 344/319/706 217/246/400
f 262/317/652 286/331/651 341/334/707 343/318/708
f 190/233/397 303/354/709 350/356/710 219/244/398
f 302/353/661 271/323/664 352/325/711 349/355/712
f 272/322/641 178/218/364 218/247/401 351/324/713
f 359/411/714 358/406/715 346/405/716 347/409/717
f 209/249/403 360/410/718 348/408/719 206/224/404
f 361/423/720 210/248/402 208/227/405 355/421/721
f 363/419/722 362/422/723 356/420/611 353/416/610
f 211/251/407 364/418/724 354/417/725 207/226/408
f 357/433/726 212/250/406 205/225/409 345/424/727
f 367/402/728 366/401/729 358/406/715 359/411/714
f 213/253/411 368/403/730 360/410/718 209/249/403
f 369/414/731 214/252/410 210/248/402 361/423/720
f 371/412/732 370/415/733 362/422/723 363/419/722
f 215/255/413 372/413/734 364/418/724 211/251/407
f 365/434/735 216/254/412 212/250/406 357/433/726
f 343/318/708 341/334/707 366/401/729 367/402/728
f 217/246/400 344/319/706 368/403/730 213/253/411
f 351/324/713 218/247/401 214/252/410 369/414/731
f 349/355/712 352/325/711 370/415/733 371/412/732
f 219/244/398 350/356/710 372/413/734 215/255/413
f 342/432/705 220/245/399 216/254/412 365/434/735
f 375/370/736 374/377/737 322/372/549 317/367/548
f 221/258/416 376/369/738 319/368/739 326/375/740
f 222/259/417 221/258/416 326/375/740 340/384/741
f 377/399/742 222/259/417 340/384/741 336/397/743
f 379/392/744 378/398/745 338/393/746 331/389/747
f 223/262/420 380/435/748 333/387/749 330/381/750
f 224/263/421 223/262/420 330/381/750 324/379/751
f 373/378/752 224/263/421 324/379/751 320/376/753
f 383/363/754 382/366/755 374/377/737 375/370/736
f 225/257/415 384/364/756 376/369/738 221/258/416
f 385/395/757 226/256/414 222/259/417 377/399/742
f 387/385/758 386/396/759 378/398/745 379/392/744
f 227/261/419 388/436/760 380/435/748 223/262/420
f 381/365/761 228/260/418 224/263/421 373/378/752
f 313/328/695 315/362/694 382/366/755 383/363/754
f 229/242/394 314/329/698 384/364/756 225/257/415
f 334/312/703 230/243/395 226/256/414 385/395/757
f 327/345/702 335/313/701 386/396/759 387/385/758
f 231/240/392 328/431/700 388/436/760 227/261/419
f 316/361/697 232/241/393 228/260/418 381/365/761
f 233/269/427 234/273/435 235/270/428
f 238/280/440 239/284/448 240/281/441
f 245/291/456 246/293/455 247/292/459
f 252/302/469 253/304/468 254/303/471
f 277/299/463 278/298/462 279/305/470
f 310/267/425 311/268/426 312/330/498
f 317/367/543 318/371/551 319/368/544
f 320/376/554 321/373/558 322/372/555
f 331/389/762 332/388/763 333/390/764
f 336/397/765 337/394/766 338/393/767
f 389/437/768 390/438/769 392/439/770 391/440/771
f 390/438/769 389/437/768 419/441/772 420/442/773
f 391/440/771 392/439/770 394/443/774 393/444/775
f 393/444/775 394/443/774 396/445/776 395/446/777
f 395/446/777 396/445/776 398/447/778 397/448/779
f 397/448/779 398/447/778 400/449/780 399/450/781
f 399/450/781 400/449/780 402/451/782 401/452/783
f 401/452/783 402/451/782 404/453/784 403/454/785
f 403/454/785 404/453/784 406/455/786 405/456/787
f 405/456/787 406/455/786 408/457/788 407/458/789
f 407/458/789 408/457/788 410/459/790 409/460/791
f 409/460/791 410/459/790 412/461/792 411/462/793
f 411/462/793 412/461/792 414/463/794 413/464/795
f 413/464/795 414/463/794 416/465/796 415/466/797
f 415/467/797 416/468/796 418/469/798 417/470/799
f 417/470/799 418/469/798 420/442/773 419/441/772
f 421/471/800 422/472/801 452/473/802 451/474/803
f 422/472/801 421/471/800 423/475/804 424/476/805
f 424/476/805 423/475/804 425/477/806 426/478/807
f 426/478/807 425/477/806 427/479/808 428/480/809
f 428/480/809 427/479/808 429/481/810 430/482/811
f 430/482/811 429/481/810 431/483/812 432/484/813
f 432/484/813 431/483/812 433/485/814 434/486/815
f 434/486/815 433/485/814 435/487/816 436/488/817
f 436/488/817 435/487/816 437/489/818 438/490/819
f 438/490/819 437/489/818 439/491/820 440/492/821
f 440/492/821 439/491/820 441/493/822 442/494/823
f 442/494/823 441/493/822 443/495/824 444/496/825
f 444/496/825 443/495/824 445/497/826 446/498/827
f 446/498/827 445/497/826 447/499/828 448/500/829
f 448/501/829 447/502/828 449/503/830 450/504/831
f 450/504/831 449/503/830 451/474/803 452/473/802
f 389/437/832 391/440/833 423/475/834 421/471/835
f 391/440/833 393/444/836 425/477/837 423/475/834
f 393/444/836 395/446/838 427/479/839 425/477/837
f 395/446/838 397/448/840 429/481/841 427/479/839
f 397/448/840 399/450/842 431/483/843 429/481/841
f 399/450/842 401/452/844 433/485/845 431/483/843
f 401/452/844 403/454/846 435/487/847 433/485/845
f 403/454/846 405/456/848 437/489/849 435/487/847
f 405/456/848 407/458/850 439/491/851 437/489/849
f 407/458/850 409/460/852 441/493/853 439/491/851
f 409/460/852 411/462/854 443/495/855 441/493/853
f 411/462/854 413/464/856 445/497/857 443/495/855
f 413/464/856 415/466/858 447/499/859 445/497/857
f 415/467/858 417/470/860 449/503/861 447/502/859
f 417/470/860 419/441/862 451/474/863 449/503/861
f 419/441/862 389/437/832 421/471/835 451/474/863
f 453/505/864 455/506/865 471/507/866 473/508/867
f 454/509/868 453/505/869 458/510/870 457/511/871
f 455/506/872 454/509/873 460/512/874 459/513/875
f 456/514/876 458/510/877 474/515/878 476/516/879
f 457/511/880 456/514/881 464/517/882 463/518/883
f 459/513/884 461/519/885 466/520/886 465/521/887
f 461/519/888 460/512/889 463/518/890 462/522/891
f 462/522/892 464/517/893 470/523/894 469/524/895
f 465/521/896 467/525/897 472/526/898 471/507/899
f 467/525/900 466/520/901 469/524/902 468/527/903
f 468/527/904 470/523/905 476/516/906 475/528/907
f 473/508/908 472/526/909 475/528/910 474/515/911
f 461/519/912 462/522/913 469/524/914 466/520/915
f 467/525/916 468/527/917 475/528/918 472/526/919
f 473/508/920 474/515/921 458/510/922 453/505/923
f 456/514/924 476/516/925 470/523/926 464/517/927
f 471/507/928 455/506/929 459/513/930 465/521/931
f 453/505/932 454/509/933 455/506/934
f 456/514/935 457/511/936 458/510/937
f 459/513/938 460/512/939 461/519/940
f 462/522/941 463/518/942 464/517/943
f 465/521/944 466/520/945 467/525/946
f 468/527/947 469/524/948 470/523/949
f 471/507/950 472/526/951 473/508/952
f 474/515/953 475/528/954 476/516/955
f 478/529/956 477/530/957 493/531/958 494/532/959
f 479/533/960 478/534/956 494/535/959 495/536/961
f 480/537/962 479/533/960 495/536/961 496/538/963
f 481/539/964 480/537/962 496/538/963 497/540/965
f 482/541/966 481/539/964 497/540/965 498/542/967
f 483/543/968 482/541/966 498/542/967 499/544/969
f 484/545/970 483/543/968 499/544/969 500/546/971
f 485/547/972 484/545/970 500/546/971 501/548/973
f 486/549/974 485/547/972 501/548/973 502/550/975
f 487/551/976 486/549/974 502/550/975 503/552/977
f 488/553/978 487/551/976 503/552/977 504/554/979
f 489/555/980 488/553/978 504/554/979 505/556/981
f 490/557/982 489/555/980 505/556/981 506/558/983
f 491/559/984 490/557/982 506/558/983 507/560/985
f 492/561/986 491/559/984 507/560/985 508/562/987
f 477/530/957 492/561/986 508/562/987 493/531/958
f 494/532/988 493/531/989 509/563/990 510/564/991
f 495/536/992 494/535/988 510/565/991 511/566/993
f 496/538/994 495/536/992 511/566/993 512/567/995
f 497/540/996 496/538/994 512/567/995 513/568/997
f 498/542/998 497/540/996 513/568/997 514/569/999
f 499/544/1000 498/542/998 514/569/999 515/570/1001
f 500/546/1002 499/544/1000 515/570/1001 516/571/1003
f 501/548/1004 500/546/1002 516/571/1003 517/572/1005
f 502/550/1006 501/548/1004 517/572/1005 518/573/1007
f 503/552/1008 502/550/1006 518/573/1007 519/574/1009
f 504/554/1010 503/552/1008 519/574/1009 520/575/1011
f 505/556/1012 504/554/1010 520/575/1011 521/576/1013
f 506/558/1014 505/556/1012 521/576/1013 522/577/1015
f 507/560/1016 506/558/1014 522/577/1015 523/578/1017
f 508/562/1018 507/560/1016 523/578/1017 524/579/1019
f 493/531/989 508/562/1018 524/579/1019 509/563/990
f 510/580/1020 509/581/1021 525/582/1022 526/583/1023
f 511/584/1024 510/580/1020 526/583/1023 527/585/1025
f 512/586/1026 511/584/1024 527/585/1025 528/587/1027
f 513/588/1028 512/586/1026 528/587/1027 529/589/1029
f 514/590/1030 513/588/1028 529/589/1029 530/591/1031
f 515/592/1032 514/590/1030 530/591/1031 531/593/1033
f 516/594/1034 515/592/1032 531/593/1033 532/595/1035
f 517/596/1036 516/594/1034 532/595/1035 533/597/1037
f 518/598/1038 517/596/1036 533/597/1037 534/599/1039
f 519/600/1040 518/598/1038 534/599/1039 535/601/1041
f 520/602/1042 519/600/1040 535/601/1041 536/603/1043
f 521/604/1044 520/602/1042 536/603/1043 537/605/1045
f 522/606/1046 521/607/1044 537/608/1045 538/609/1047
f 523/610/1048 522/606/1046 538/609/1047 539/611/1049
f 524/612/1050 523/610/1048 539/611/1049 540/613/1051
f 509/581/1021 524/612/1050 540/613/1051 525/582/1022
f 526/583/1052 525/582/1053 477/530/1054 478/529/1055
f 527/614/1056 526/615/1052 478/534/1055 479/533/1057
f 528/616/1058 527/614/1056 479/533/1057 480/537/1059
f 529/617/1060 528/616/1058 480/537/1059 481/539/1061
f 530/618/1062 529/617/1060 481/539/1061 482/541/1063
f 531/619/1064 530/618/1062 482/541/1063 483/543/1065
f 532/620/1066 531/619/1064 483/543/1065 484/545/1067
f 533/621/1068 532/620/1066 484/545/1067 485/547/1069
f 534/622/1070 533/621/1068 485/547/1069 486/549/1071
f 535/623/1072 534/622/1070 486/549/1071 487/551/1073
f 536/624/1074 535/623/1072 487/551/1073 488/553/1075
f 537/608/1076 536/624/1074 488/553/1075 489/555/1077
f 538/609/1078 537/608/1076 489/555/1077 490/557/1079
f 539/611/1080 538/609/1078 490/557/1079 491/559/1081
f 540/613/1082 539/611/1080 491/559/1081 492/561/1083
f 525/582/1053 540/613/1082 492/561/1083 477/530/1054
f 542/625/1084 541/626/1085 557/627/1086 558/628/1087
f 543/629/1088 542/630/1084 558/631/1087 559/632/1089
f 544/633/1090 543/629/1088 559/632/1089 560/634/1091
f 545/635/1092 544/633/1090 560/634/1091 561/636/1093
f 546/637/1094 545/635/1092 561/636/1093 562/638/1095
f 547/639/1096 546/637/1094 562/638/1095 563/640/1097
f 548/641/1098 547/639/1096 563/640/1097 564/642/1099
f 549/643/1100 548/641/1098 564/642/1099 565/644/1101
f 550/645/1102 549/643/1100 565/644/1101 566/646/1103
f 551/647/1104 550/645/1102 566/646/1103 567/648/1105
f 552/649/1106 551/647/1104 567/648/1105 568/650/1107
f 553/651/1108 552/649/1106 568/650/1107 569/652/1109
f 554/653/1110 553/651/1108 569/652/1109 570/654/1111
f 555/655/1112 554/653/1110 570/654/1111 571/656/1113
f 556/657/1114 555/655/1112 571/656/1113 572/658/1115
f 541/626/1085 556/657/1114 572/658/1115 557/627/1086
f 574/659/1116 573/660/1117 589/661/1118 590/662/1119
f 575/663/1120 574/664/1116 590/665/1119 591/666/1121
f 576/667/1122 575/663/1120 591/666/1121 592/668/1123
f 577/669/1124 576/667/1122 592/668/1123 593/670/1125
f 578/671/1126 577/669/1124 593/670/1125 594/672/1127
f 579/673/1128 578/671/1126 594/672/1127 595/674/1129
f 580/675/1130 579/673/1128 595/674/1129 596/676/1131
f 581/677/1132 580/675/1130 596/676/1131 597/678/1133
f 582/679/1134 581/677/1132 597/678/1133 598/680/1135
f 583/681/1136 582/679/1134 598/680/1135 599/682/1137
f 584/683/1138 583/681/1136 599/682/1137 600/684/1139
f 585/685/1140 584/683/1138 600/684/1139 601/686/1141
f 586/687/1142 585/685/1140 601/686/1141 602/688/1143
f 587/689/1144 586/687/1142 602/688/1143 603/690/1145
f 588/691/1146 587/689/1144 603/690/1145 604/692/1147
f 573/660/1117 588/691/1146 604/692/1147 589/661/1118
f 605/693/1148 607/694/1149 623/695/1150 625/696/1151
f 606/697/1152 605/693/1153 610/698/1154 609/699/1155
f 607/694/1156 606/697/1157 612/700/1158 611/701/1159
f 608/702/1160 610/698/1161 626/703/1162 628/704/1163
f 609/699/1164 608/702/1165 616/705/1166 615/706/1167
f 611/701/1168 613/707/1169 618/708/1170 617/709/1171
f 613/707/1172 612/700/1173 615/706/1174 614/710/1175
f 614/710/1176 616/705/1177 622/711/1178 621/712/1179
f 617/709/1180 619/713/1181 624/714/1182 623/695/1183
f 619/713/1184 618/708/1185 621/712/1186 620/715/1187
f 620/715/1188 622/711/1189 628/704/1190 627/716/1191
f 625/696/1192 624/714/1193 627/716/1194 626/703/1195
f 613/707/1196 614/710/1197 621/712/1198 618/708/1199
f 619/713/1200 620/715/1201 627/716/1202 624/714/1203
f 625/696/1204 626/703/1205 610/698/1206 605/693/1207
f 608/702/1208 628/704/1209 622/711/1210 616/705/1211
f 623/695/1212 607/694/1213 611/701/1214 617/709/1215
f 605/693/1216 606/697/1217 607/694/1218
f 608/702/1219 609/699/1220 610/698/1221
f 611/701/1222 612/700/1223 613/707/1224
f 614/710/1225 615/706/1226 616/705/1227
f 617/709/1228 618/708/1229 619/713/1230
f 620/715/1231 621/712/1232 622/711/1233
f 623/695/1234 624/714/1235 625/696/1236
f 626/703/1237 627/716/1238 628/704/1239
f 630/717/1240 631/718/1241 633/719/1242 632/720/1243
f 631/721/1241 630/722/1240 660/723/1244 661/724/1245
f 632/720/1243 633/725/1242 635/726/1246 634/727/1247
f 634/727/1247 635/728/1246 637/729/1248 636/730/1249
f 636/730/1249 637/731/1248 639/732/1250 638/733/1251
f 638/733/1251 639/734/1250 641/735/1252 640/736/1253
f 640/736/1253 641/737/1252 643/738/1254 642/739/1255
f 642/739/1255 643/740/1254 645/741/1256 644/742/1257
f 644/742/1257 645/743/1256 647/744/1258 646/745/1259
f 646/745/1259 647/746/1258 649/747/1260 648/748/1261
f 648/748/1261 649/749/1260 651/750/1262 650/751/1263
f 650/751/1263 651/752/1262 653/753/1264 652/754/1265
f 652/754/1265 653/755/1264 655/756/1266 654/757/1267
f 654/757/1267 655/758/1266 657/759/1268 656/760/1269
f 656/760/1269 657/761/1268 659/762/1270 658/763/1271
f 658/763/1271 659/764/1270 661/765/1245 660/723/1244
f 662/766/1272 663/767/1273 693/768/1274 692/769/1275
f 663/770/1273 662/771/1272 664/772/1276 665/773/1277
f 665/774/1277 664/772/1276 666/775/1278 667/776/1279
f 667/777/1279 666/775/1278 668/778/1280 669/779/1281
f 669/780/1281 668/778/1280 670/781/1282 671/782/1283
f 671/783/1283 670/781/1282 672/784/1284 673/785/1285
f 673/786/1285 672/784/1284 674/787/1286 675/788/1287
f 675/789/1287 674/787/1286 676/790/1288 677/791/1289
f 677/792/1289 676/790/1288 678/793/1290 679/794/1291
f 679/795/1291 678/793/1290 680/796/1292 681/797/1293
f 681/798/1293 680/796/1292 682/799/1294 683/800/1295
f 683/801/1295 682/799/1294 684/802/1296 685/803/1297
f 685/804/1297 684/802/1296 686/805/1298 687/806/1299
f 687/807/1299 686/805/1298 688/808/1300 689/809/1301
f 689/810/1301 688/808/1300 690/811/1302 691/812/1303
f 691/813/1303 690/811/1302 692/769/1275 693/814/1274
f 630/717/1304 632/720/1305 664/772/1306 662/771/1307
f 632/720/1305 634/727/1308 666/775/1309 664/772/1306
f 634/727/1308 636/730/1310 668/778/1311 666/775/1309
f 636/730/1310 638/733/1312 670/781/1313 668/778/1311
f 638/733/1312 640/736/1314 672/784/1315 670/781/1313
f 640/736/1314 642/739/1316 674/787/1317 672/784/1315
f 642/739/1316 644/742/1318 676/790/1319 674/787/1317
f 644/742/1318 646/745/1320 678/793/1321 676/790/1319
f 646/745/1320 648/748/1322 680/796/1323 678/793/1321
f 648/748/1322 650/751/1324 682/799/1325 680/796/1323
f 650/751/1324 652/754/1326 684/802/1327 682/799/1325
f 652/754/1326 654/757/1328 686/805/1329 684/802/1327
f 654/757/1328 656/760/1330 688/808/1331 686/805/1329
f 656/760/1330 658/763/1332 690/811/1333 688/808/1331
f 658/763/1332 660/723/1334 692/769/1335 690/811/1333
f 660/723/1334 630/722/1304 662/766/1307 692/769/1335
f 663/815/1336 665/816/1337 629/817/1338
f 665/816/1337 667/818/1339 629/817/1338
f 667/818/1339 669/819/1340 629/817/1338
f 669/819/1340 671/820/1341 629/817/1338
f 671/820/1341 673/821/1342 629/817/1338
f 673/821/1342 675/822/1343 629/817/1338
f 675/822/1343 677/823/1344 629/817/1338
f 677/823/1344 679/824/1345 629/817/1338
f 679/824/1345 681/825/1346 629/817/1338
f 681/825/1346 683/826/1347 629/817/1338
f 683/826/1347 685/827/1348 629/817/1338
f 685/827/1348 687/828/1349 629/817/1338
f 687/828/1349 689/829/1350 629/817/1338
f 689/829/1350 691/830/1351 629/817/1338
f 691/830/1351 693/831/1352 629/817/1338
f 693/831/1352 663/815/1336 629/817/1338
f 1143/832/1353 1144/833/1354 714/834/1355 713/835/1356
f 1147/836/1357 1148/837/1358 741/838/1359 742/839/1360
f 713/835/1356 714/834/1355 716/840/1361 715/841/1362
f 715/842/1362 716/843/1361 718/844/1363 717/845/1364
f 717/845/1364 718/844/1363 720/846/1365 719/847/1366
f 719/847/1366 720/846/1365 722/848/1367 721/849/1368
f 721/849/1368 722/848/1367 724/850/1369 723/851/1370
f 723/851/1370 724/850/1369 726/852/1371 725/853/1372
f 725/853/1372 726/852/1371 728/854/1373 727/855/1374
f 727/855/1374 728/854/1373 730/856/1375 729/857/1376
f 729/857/1376 730/856/1375 732/858/1377 731/859/1378
f 731/859/1378 732/858/1377 734/860/1379 733/861/1380
f 733/861/1380 734/860/1379 736/862/1381 735/863/1382
f 735/863/1382 736/862/1381 738/864/1383 737/865/1384
f 737/865/1384 738/864/1383 740/866/1385 739/867/1386
f 739/867/1386 740/866/1385 742/839/1360 741/838/1359
f 1143/832/1387 713/835/1388 919/868/1389 1142/869/1390
f 713/835/1388 715/841/1391 934/870/1392 919/868/1389
f 715/842/1391 717/845/1393 933/871/1394 934/872/1392
f 717/845/1393 719/847/1395 932/873/1396 933/871/1394
f 719/847/1395 721/849/1397 931/874/1398 932/873/1396
f 721/849/1397 723/851/1399 930/875/1400 931/874/1398
f 723/851/1399 725/853/1401 929/876/1402 930/875/1400
f 725/853/1401 727/855/1403 928/877/1404 929/876/1402
f 727/855/1403 729/857/1405 927/878/1406 928/877/1404
f 729/857/1405 731/859/1407 926/879/1408 927/878/1406
f 731/859/1407 733/861/1409 925/880/1410 926/879/1408
f 733/861/1409 735/863/1411 924/881/1412 925/880/1410
f 735/863/1411 737/865/1413 923/882/1414 924/881/1412
f 737/865/1413 739/867/1415 922/883/1416 923/882/1414
f 739/867/1415 741/838/1417 921/884/1418 922/883/1416
f 741/838/1417 1148/837/1419 1149/885/1420 921/884/1418
f 714/834/1421 1144/833/1422 1145/886/1423
f 716/840/1424 714/834/1421 1145/886/1423 710/887/1425
f 718/844/1426 716/843/1424 710/888/1425
f 720/846/1427 718/844/1426 710/888/1425
f 722/848/1428 720/846/1427 710/888/1425
f 724/850/1429 722/848/1428 710/888/1425
f 726/852/1430 724/850/1429 710/888/1425
f 728/854/1431 726/852/1430 710/888/1425
f 730/856/1432 728/854/1431 710/888/1425
f 732/858/1433 730/856/1432 710/888/1425
f 734/860/1434 732/858/1433 710/888/1425
f 736/862/1435 734/860/1434 710/888/1425
f 738/864/1436 736/862/1435 710/888/1425
f 740/866/1437 738/864/1436 710/888/1425
f 742/839/1438 740/866/1437 710/888/1425 1146/889/1439
f 1147/836/1440 742/839/1438 1146/889/1439
f 1139/890/1441 759/891/1442 871/892/1443 1138/893/1444
f 761/894/1445 1152/895/1446 1153/896/1447 873/897/1448
f 762/898/1449 761/894/1445 873/897/1448 874/899/1450
f 763/900/1451 762/898/1449 874/899/1450 875/901/1452
f 764/902/1453 763/900/1451 875/901/1452 876/903/1454
f 765/904/1455 764/902/1453 876/903/1454 877/905/1456
f 766/906/1457 765/904/1455 877/905/1456 878/907/1458
f 767/908/1459 766/906/1457 878/907/1458 879/909/1460
f 768/910/1461 767/908/1459 879/909/1460 880/911/1462
f 769/912/1463 768/910/1461 880/911/1462 881/913/1464
f 770/914/1465 769/912/1463 881/913/1464 882/915/1466
f 771/916/1467 770/914/1465 882/915/1466 883/917/1468
f 772/918/1469 771/916/1467 883/917/1468 884/919/1470
f 773/920/1471 772/918/1469 884/919/1470 885/921/1472
f 774/922/1473 773/920/1471 885/921/1472 886/923/1474
f 759/891/1442 774/924/1473 886/925/1474 871/892/1443
f 1140/926/1475 743/927/1476 759/891/1477 1139/890/1478
f 745/928/1479 1151/929/1480 1152/895/1481 761/894/1482
f 746/930/1483 745/928/1479 761/894/1482 762/898/1484
f 747/931/1485 746/930/1483 762/898/1484 763/900/1486
f 748/932/1487 747/931/1485 763/900/1486 764/902/1488
f 749/933/1489 748/932/1487 764/902/1488 765/904/1490
f 750/934/1491 749/933/1489 765/904/1490 766/906/1492
f 751/935/1493 750/934/1491 766/906/1492 767/908/1494
f 752/936/1495 751/935/1493 767/908/1494 768/910/1496
f 753/937/1497 752/936/1495 768/910/1496 769/912/1498
f 754/938/1499 753/937/1497 769/912/1498 770/914/1500
f 755/939/1501 754/938/1499 770/914/1500 771/916/1502
f 756/940/1503 755/939/1501 771/916/1502 772/918/1504
f 757/941/1505 756/940/1503 772/918/1504 773/920/1506
f 758/942/1507 757/941/1505 773/920/1506 774/922/1508
f 743/927/1476 758/943/1507 774/924/1508 759/891/1477
f 1123/944/1509 824/945/1510 840/946/1511 1122/947/1512
f 824/945/1513 825/948/1514 841/949/1515 840/946/1516
f 825/950/1517 826/951/1518 842/952/1519 841/953/1520
f 826/951/1521 827/954/1522 843/955/1523 842/952/1524
f 827/954/1525 828/956/1526 844/957/1527 843/955/1528
f 828/956/1529 829/958/1530 845/959/1531 844/957/1532
f 829/958/1533 830/960/1534 846/961/1535 845/959/1536
f 830/960/1537 831/962/1538 847/963/1539 846/961/1540
f 831/962/1541 832/964/1542 848/965/1543 847/963/1544
f 832/964/1545 833/966/1546 849/967/1547 848/965/1548
f 833/966/1549 834/968/1550 850/969/1551 849/967/1552
f 834/968/1553 835/970/1554 851/971/1555 850/969/1556
f 835/970/1557 836/972/1558 852/973/1559 851/971/1560
f 836/972/1561 837/974/1562 853/975/1563 852/973/1564
f 837/974/1565 838/976/1566 854/977/1567 853/975/1568
f 838/976/1569 1168/978/1570 1169/979/1571 854/977/1572
f 1122/947/1573 840/946/1574 856/980/1575 1121/981/1576
f 840/946/1577 841/949/1578 857/982/1579 856/980/1580
f 841/953/1581 842/952/1582 858/983/1583 857/984/1584
f 842/952/1585 843/955/1586 859/985/1587 858/983/1588
f 843/955/1589 844/957/1590 860/986/1591 859/985/1592
f 844/957/1593 845/959/1594 861/987/1595 860/986/1596
f 845/959/1597 846/961/1598 862/988/1599 861/987/1600
f 846/961/1601 847/963/1602 863/989/1603 862/988/1604
f 847/963/1605 848/965/1606 864/990/1607 863/989/1603
f 848/965/1608 849/967/1609 865/991/1610 864/990/1611
f 849/967/1612 850/969/1613 866/992/1614 865/991/1615
f 850/969/1616 851/971/1617 867/993/1618 866/992/1619
f 851/971/1620 852/973/1621 868/994/1622 867/993/1623
f 852/973/1624 853/975/1625 869/995/1626 868/994/1627
f 853/975/1628 854/977/1629 870/996/1630 869/995/1631
f 854/977/1632 1169/979/1633 1170/997/1634 870/996/1635
f 1138/893/1636 871/892/1637 888/998/1638 1137/999/1639
f 871/892/1637 886/925/1640 889/1000/1641 888/998/1638
f 886/923/1640 885/921/1642 890/1001/1643 889/1002/1641
f 885/921/1642 884/919/1644 891/1003/1645 890/1001/1643
f 884/919/1644 883/917/1646 892/1004/1647 891/1003/1645
f 883/917/1646 882/915/1648 893/1005/1649 892/1004/1647
f 882/915/1648 881/913/1650 894/1006/1651 893/1005/1649
f 881/913/1650 880/911/1652 895/1007/1653 894/1006/1651
f 880/911/1652 879/909/1654 896/1008/1655 895/1007/1653
f 879/909/1654 878/907/1656 897/1009/1657 896/1008/1655
f 878/907/1656 877/905/1658 898/1010/1659 897/1009/1657
f 877/905/1658 876/903/1660 899/1011/1661 898/1010/1659
f 876/903/1660 875/901/1662 900/1012/1663 899/1011/1661
f 875/901/1662 874/899/1664 901/1013/1665 900/1012/1663
f 874/899/1664 873/897/1666 902/1014/1667 901/1013/1665
f 873/897/1666 1153/896/1668 1154/1015/1669 902/1014/1667
f 1141/1016/1670 903/1017/1671 743/927/1672 1140/926/1673
f 905/1018/1674 1150/1019/1675 1151/929/1676 745/928/1677
f 906/1020/1678 905/1018/1674 745/928/1677 746/930/1679
f 907/1021/1680 906/1020/1678 746/930/1679 747/931/1681
f 908/1022/1682 907/1021/1680 747/931/1681 748/932/1683
f 909/1023/1684 908/1022/1682 748/932/1683 749/933/1685
f 910/1024/1686 909/1023/1684 749/933/1685 750/934/1687
f 911/1025/1688 910/1024/1686 750/934/1687 751/935/1689
f 912/1026/1690 911/1025/1688 751/935/1689 752/936/1691
f 913/1027/1692 912/1026/1690 752/936/1691 753/937/1693
f 914/1028/1694 913/1027/1692 753/937/1693 754/938/1695
f 915/1029/1696 914/1028/1694 754/938/1695 755/939/1697
f 916/1030/1698 915/1029/1696 755/939/1697 756/940/1699
f 917/1031/1700 916/1030/1698 756/940/1699 757/941/1701
f 918/1032/1702 917/1031/1700 757/941/1701 758/942/1703
f 903/1017/1671 918/1033/1702 758/943/1703 743/927/1672
f 1142/869/1704 919/868/1705 903/1017/1706 1141/1016/1707
f 921/884/1708 1149/885/1709 1150/1019/1710 905/1018/1711
f 922/883/1712 921/884/1708 905/1018/1711 906/1020/1713
f 923/882/1714 922/883/1712 906/1020/1713 907/1021/1715
f 924/881/1716 923/882/1714 907/1021/1715 908/1022/1717
f 926/879/1718 925/880/1719 909/1023/1720 910/1024/1721
f 927/878/1722 926/879/1718 910/1024/1721 911/1025/1723
f 928/877/1724 927/878/1722 911/1025/1723 912/1026/1725
f 929/876/1726 928/877/1724 912/1026/1725 913/1027/1727
f 930/875/1728 929/876/1726 913/1027/1727 914/1028/1729
f 931/874/1730 930/875/1728 914/1028/1729 915/1029/1731
f 932/873/1732 931/874/1730 915/1029/1731 916/1030/1733
f 933/871/1734 932/873/1732 916/1030/1733 917/1031/1735
f 934/872/1736 933/871/1734 917/1031/1735 918/1032/1737
f 919/868/1705 934/870/1736 918/1033/1737 903/1017/1706
f 935/1034/1738 936/1035/1739 940/1036/1740 939/1037/1741
f 936/1035/1742 935/1034/1743 938/1038/1744 937/1039/1745
f 937/1039/1746 938/1038/1747 941/1040/1748 942/1041/1749
f 939/1037/1750 940/1036/1751 942/1041/1752 941/1040/1753
f 938/1038/1754 935/1034/1755 939/1037/1756 941/1040/1757
f 925/880/1758 924/881/1759 936/1035/1760 937/1039/1761
f 924/881/1762 908/1022/1763 940/1036/1764 936/1035/1765
f 908/1022/1766 909/1023/1767 942/1041/1768 940/1036/1769
f 909/1023/1770 925/880/1771 937/1039/1772 942/1041/1773
f 943/1042/1774 944/1043/1775 974/1044/1776 973/1045/1777
f 944/1043/1775 943/1042/1774 1135/1046/1778 1136/1047/1779
f 1155/1048/1780 1156/1049/1781 947/1050/1782 948/1051/1783
f 948/1051/1783 947/1050/1782 949/1052/1784 950/1053/1785
f 950/1053/1785 949/1052/1784 951/1054/1786 952/1055/1787
f 952/1055/1787 951/1054/1786 953/1056/1788 954/1057/1789
f 954/1057/1789 953/1056/1788 955/1058/1790 956/1059/1791
f 956/1059/1791 955/1058/1790 957/1060/1792 958/1061/1793
f 958/1061/1793 957/1060/1792 959/1062/1794 960/1063/1795
f 960/1063/1795 959/1062/1794 961/1064/1796 962/1065/1797
f 962/1065/1797 961/1064/1796 963/1066/1798 964/1067/1799
f 964/1067/1799 963/1066/1798 965/1068/1800 966/1069/1801
f 966/1069/1801 965/1068/1800 967/1070/1802 968/1071/1803
f 968/1071/1803 967/1070/1802 969/1072/1804 970/1073/1805
f 970/1073/1805 969/1072/1804 971/1074/1806 972/1075/1807
f 972/1075/1807 971/1074/1806 973/1076/1777 974/1077/1776
f 1158/1078/1808 1159/1079/1809 1006/1080/1810 1005/1081/1811
f 1132/1082/1812 1133/1083/1813 977/1084/1814 978/1085/1815
f 978/1085/1815 977/1084/1814 979/1086/1816 980/1087/1817
f 980/1088/1817 979/1089/1816 981/1090/1818 982/1091/1819
f 982/1091/1819 981/1090/1818 983/1092/1820 984/1093/1821
f 984/1093/1821 983/1092/1820 985/1094/1822 986/1095/1823
f 986/1095/1823 985/1094/1822 987/1096/1824 988/1097/1825
f 988/1097/1825 987/1096/1824 989/1098/1826 990/1099/1827
f 990/1099/1827 989/1098/1826 991/1100/1828 992/1101/1829
f 992/1101/1829 991/1100/1828 993/1102/1830 994/1103/1831
f 994/1103/1831 993/1102/1830 995/1104/1832 996/1105/1833
f 996/1105/1833 995/1104/1832 997/1106/1834 998/1107/1835
f 998/1107/1835 997/1106/1834 999/1108/1836 1000/1109/1837
f 1000/1109/1837 999/1108/1836 1001/1110/1838 1002/1111/1839
f 1002/1111/1839 1001/1110/1838 1003/1112/1840 1004/1113/1841
f 1004/1113/1841 1003/1112/1840 1005/1081/1811 1006/1080/1810
f 1161/1114/1842 1162/1115/1843 1038/1116/1844 1037/1117/1845
f 1129/1118/1846 1130/1119/1847 1009/1120/1848 1010/1121/1849
f 1010/1121/1849 1009/1120/1848 1011/1122/1850 1012/1123/1851
f 1012/1124/1851 1011/1125/1850 1013/1126/1852 1014/1127/1853
f 1014/1127/1853 1013/1126/1852 1015/1128/1854 1016/1129/1855
f 1016/1129/1855 1015/1128/1854 1017/1130/1856 1018/1131/1857
f 1018/1131/1857 1017/1130/1856 1019/1132/1858 1020/1133/1859
f 1020/1133/1859 1019/1132/1858 1021/1134/1860 1022/1135/1861
f 1022/1135/1861 1021/1134/1860 1023/1136/1862 1024/1137/1863
f 1024/1137/1863 1023/1136/1862 1025/1138/1864 1026/1139/1865
f 1026/1139/1865 1025/1138/1864 1027/1140/1866 1028/1141/1867
f 1028/1141/1867 1027/1140/1866 1029/1142/1868 1030/1143/1869
f 1030/1143/1869 1029/1142/1868 1031/1144/1870 1032/1145/1871
f 1032/1145/1871 1031/1144/1870 1033/1146/1872 1034/1147/1873
f 1034/1147/1873 1033/1146/1872 1035/1148/1874 1036/1149/1875
f 1036/1149/1875 1035/1148/1874 1037/1117/1845 1038/1116/1844
f 1164/1150/1876 1165/1151/1877 1070/1152/1878 1069/1153/1879
f 1126/1154/1880 1127/1155/1881 1041/1156/1882 1042/1157/1883
f 1042/1157/1883 1041/1156/1882 1043/1158/1884 1044/1159/1885
f 1044/1160/1885 1043/1161/1884 1045/1162/1886 1046/1163/1887
f 1046/1163/1887 1045/1162/1886 1047/1164/1888 1048/1165/1889
f 1048/1165/1889 1047/1164/1888 1049/1166/1890 1050/1167/1891
f 1050/1167/1891 1049/1166/1890 1051/1168/1892 1052/1169/1893
f 1052/1169/1893 1051/1168/1892 1053/1170/1894 1054/1171/1895
f 1054/1171/1895 1053/1170/1894 1055/1172/1896 1056/1173/1897
f 1056/1173/1897 1055/1172/1896 1057/1174/1898 1058/1175/1899
f 1058/1175/1899 1057/1174/1898 1059/1176/1900 1060/1177/1901
f 1060/1177/1901 1059/1176/1900 1061/1178/1902 1062/1179/1903
f 1062/1179/1903 1061/1178/1902 1063/1180/1904 1064/1181/1905
f 1064/1181/1905 1063/1180/1904 1065/1182/1906 1066/1183/1907
f 1066/1183/1907 1065/1182/1906 1067/1184/1908 1068/1185/1909
f 1068/1185/1909 1067/1184/1908 1069/1153/1879 1070/1152/1878
f 1167/1186/1910 1168/978/1911 838/976/1912 1086/1187/1913
f 1123/944/1914 1124/1188/1915 1072/1189/1916 824/945/1917
f 824/945/1917 1072/1189/1916 1073/1190/1918 825/948/1919
f 825/950/1919 1073/1191/1918 1074/1192/1920 826/951/1921
f 826/951/1921 1074/1192/1920 1075/1193/1922 827/954/1923
f 827/954/1923 1075/1193/1922 1076/1194/1924 828/956/1925
f 828/956/1925 1076/1194/1924 1077/1195/1926 829/958/1927
f 829/958/1927 1077/1195/1926 1078/1196/1928 830/960/1929
f 830/960/1929 1078/1196/1928 1079/1197/1930 831/962/1931
f 831/962/1931 1079/1197/1930 1080/1198/1932 832/964/1933
f 832/964/1933 1080/1198/1932 1081/1199/1934 833/966/1935
f 833/966/1935 1081/1199/1934 1082/1200/1936 834/968/1937
f 834/968/1937 1082/1200/1936 1083/1201/1938 835/970/1939
f 835/970/1939 1083/1201/1938 1084/1202/1940 836/972/1941
f 836/972/1941 1084/1202/1940 1085/1203/1942 837/974/1943
f 837/974/1943 1085/1203/1942 1086/1187/1913 838/976/1912
f 1171/1204/1944 1172/1205/1945 1117/1206/1946 1118/1207/1947
f 1119/1208/1948 1120/1209/1949 1090/1210/1950 1089/1211/1951
f 1089/1211/1951 1090/1210/1950 1092/1212/1952 1091/1213/1953
f 1091/1214/1953 1092/1215/1952 1094/1216/1954 1093/1217/1955
f 1093/1217/1955 1094/1216/1954 1096/1218/1956 1095/1219/1957
f 1095/1219/1957 1096/1218/1956 1098/1220/1958 1097/1221/1959
f 1097/1221/1959 1098/1220/1958 1100/1222/1960 1099/1223/1961
f 1099/1223/1961 1100/1222/1960 1102/1224/1962 1101/1225/1963
f 1101/1225/1963 1102/1224/1962 1104/1226/1964 1103/1227/1965
f 1103/1227/1965 1104/1226/1964 1106/1228/1966 1105/1229/1967
f 1105/1229/1967 1106/1228/1966 1108/1230/1968 1107/1231/1969
f 1107/1231/1969 1108/1230/1968 1110/1232/1970 1109/1233/1971
f 1109/1233/1971 1110/1232/1970 1112/1234/1972 1111/1235/1973
f 1111/1235/1973 1112/1234/1972 1114/1236/1974 1113/1237/1975
f 1113/1237/1975 1114/1236/1974 1116/1238/1976 1115/1239/1977
f 1115/1239/1977 1116/1238/1976 1118/1207/1947 1117/1206/1946
f 695/1240/1978 1134/1241/1979 1135/1046/1980 943/1042/1981
f 1157/1242/1982 709/1243/1983 947/1050/1984 1156/1049/1985
f 709/1243/1983 708/1244/1986 949/1052/1987 947/1050/1984
f 708/1244/1986 707/1245/1988 951/1054/1989 949/1052/1987
f 707/1245/1988 706/1246/1990 953/1056/1991 951/1054/1989
f 706/1246/1990 705/1247/1992 955/1058/1993 953/1056/1991
f 705/1247/1992 704/1248/1994 957/1060/1995 955/1058/1993
f 704/1248/1994 703/1249/1996 959/1062/1997 957/1060/1995
f 703/1249/1996 702/1250/1998 961/1064/1999 959/1062/1997
f 702/1250/1998 701/1251/2000 963/1066/2001 961/1064/1999
f 701/1251/2000 700/1252/2002 965/1068/2003 963/1066/2001
f 700/1252/2002 699/1253/2004 967/1070/2005 965/1068/2003
f 699/1253/2004 698/1254/2006 969/1072/2007 967/1070/2005
f 698/1254/2006 697/1255/2008 971/1074/2009 969/1072/2007
f 697/1255/2008 696/1256/2010 973/1076/2011 971/1074/2009
f 696/1257/2010 695/1240/1978 943/1042/1981 973/1045/2011
f 1134/1241/2012 695/1240/2013 977/1084/2014 1133/1083/2015
f 695/1240/2013 696/1257/2016 979/1086/2017 977/1084/2014
f 696/1256/2016 697/1255/2018 981/1090/2019 979/1089/2017
f 697/1255/2018 698/1254/2020 983/1092/2021 981/1090/2019
f 698/1254/2020 699/1253/2022 985/1094/2023 983/1092/2021
f 699/1253/2022 700/1252/2024 987/1096/2025 985/1094/2023
f 700/1252/2024 701/1251/2026 989/1098/2027 987/1096/2025
f 701/1251/2026 702/1250/2028 991/1100/2029 989/1098/2027
f 702/1250/2028 703/1249/2030 993/1102/2031 991/1100/2029
f 703/1249/2030 704/1248/2032 995/1104/2033 993/1102/2031
f 704/1248/2032 705/1247/2034 997/1106/2035 995/1104/2033
f 705/1247/2034 706/1246/2036 999/1108/2037 997/1106/2035
f 706/1246/2036 707/1245/2038 1001/1110/2039 999/1108/2037
f 707/1245/2038 708/1244/2040 1003/1112/2041 1001/1110/2039
f 708/1244/2040 709/1243/2042 1005/1081/2043 1003/1112/2041
f 709/1243/2042 1157/1242/2044 1158/1078/2045 1005/1081/2043
f 1132/1082/2046 978/1085/2047 776/1258/2048 1131/1259/2049
f 978/1085/2047 980/1087/2050 777/1260/2051 776/1258/2048
f 980/1088/2050 982/1091/2052 778/1261/2053 777/1262/2051
f 982/1091/2052 984/1093/2054 779/1263/2055 778/1261/2053
f 984/1093/2054 986/1095/2056 780/1264/2057 779/1263/2055
f 986/1095/2056 988/1097/2058 781/1265/2059 780/1264/2057
f 988/1097/2058 990/1099/2060 782/1266/2061 781/1265/2059
f 990/1099/2060 992/1101/2062 783/1267/2063 782/1266/2061
f 992/1101/2062 994/1103/2064 784/1268/2065 783/1267/2063
f 994/1103/2064 996/1105/2066 785/1269/2067 784/1268/2065
f 996/1105/2066 998/1107/2068 786/1270/2069 785/1269/2067
f 998/1107/2068 1000/1109/2070 787/1271/2071 786/1270/2069
f 1000/1109/2070 1002/1111/2072 788/1272/2073 787/1271/2071
f 1002/1111/2072 1004/1113/2074 789/1273/2075 788/1272/2073
f 1004/1113/2074 1006/1080/2076 790/1274/2077 789/1273/2075
f 1006/1080/2076 1159/1079/2078 1160/1275/2079 790/1274/2077
f 1131/1259/2080 776/1258/2081 1009/1120/2082 1130/1119/2083
f 776/1258/2081 777/1260/2084 1011/1122/2085 1009/1120/2082
f 777/1262/2084 778/1261/2086 1013/1126/2087 1011/1125/2085
f 778/1261/2086 779/1263/2088 1015/1128/2089 1013/1126/2087
f 779/1263/2088 780/1264/2090 1017/1130/2091 1015/1128/2089
f 780/1264/2090 781/1265/2092 1019/1132/2093 1017/1130/2091
f 781/1265/2092 782/1266/2094 1021/1134/2095 1019/1132/2093
f 782/1266/2094 783/1267/2096 1023/1136/2097 1021/1134/2095
f 783/1267/2096 784/1268/2098 1025/1138/2099 1023/1136/2097
f 784/1268/2098 785/1269/2100 1027/1140/2101 1025/1138/2099
f 785/1269/2100 786/1270/2102 1029/1142/2103 1027/1140/2101
f 786/1270/2102 787/1271/2104 1031/1144/2105 1029/1142/2103
f 787/1271/2104 788/1272/2106 1033/1146/2107 1031/1144/2105
f 788/1272/2106 789/1273/2108 1035/1148/2109 1033/1146/2107
f 789/1273/2108 790/1274/2110 1037/1117/2111 1035/1148/2109
f 790/1274/2110 1160/1275/2112 1161/1114/2113 1037/1117/2111
f 1129/1118/2114 1010/1121/2115 792/1276/2116 1128/1277/2117
f 1010/1121/2115 1012/1123/2118 793/1278/2119 792/1276/2116
f 1012/1124/2118 1014/1127/2120 794/1279/2121 793/1280/2119
f 1014/1127/2120 1016/1129/2122 795/1281/2123 794/1279/2121
f 1016/1129/2122 1018/1131/2124 796/1282/2125 795/1281/2123
f 1018/1131/2124 1020/1133/2126 797/1283/2127 796/1282/2125
f 1020/1133/2126 1022/1135/2128 798/1284/2129 797/1283/2127
f 1022/1135/2128 1024/1137/2130 799/1285/2131 798/1284/2129
f 1024/1137/2130 1026/1139/2132 800/1286/2133 799/1285/2131
f 1026/1139/2132 1028/1141/2134 801/1287/2135 800/1286/2133
f 1028/1141/2134 1030/1143/2136 802/1288/2137 801/1287/2135
f 1030/1143/2136 1032/1145/2138 803/1289/2139 802/1288/2137
f 1032/1145/2138 1034/1147/2140 804/1290/2141 803/1289/2139
f 1034/1147/2140 1036/1149/2142 805/1291/2143 804/1290/2141
f 1036/1149/2142 1038/1116/2144 806/1292/2145 805/1291/2143
f 1038/1116/2144 1162/1115/2146 1163/1293/2147 806/1292/2145
f 1128/1277/2148 792/1276/2149 1041/1156/2150 1127/1155/2151
f 792/1276/2149 793/1278/2152 1043/1158/2153 1041/1156/2150
f 793/1280/2152 794/1279/2154 1045/1162/2155 1043/1161/2153
f 794/1279/2154 795/1281/2156 1047/1164/2157 1045/1162/2155
f 795/1281/2156 796/1282/2158 1049/1166/2159 1047/1164/2157
f 796/1282/2158 797/1283/2160 1051/1168/2161 1049/1166/2159
f 797/1283/2160 798/1284/2162 1053/1170/2163 1051/1168/2161
f 798/1284/2162 799/1285/2164 1055/1172/2165 1053/1170/2163
f 799/1285/2164 800/1286/2166 1057/1174/2167 1055/1172/2165
f 800/1286/2166 801/1287/2168 1059/1176/2169 1057/1174/2167
f 801/1287/2168 802/1288/2170 1061/1178/2171 1059/1176/2169
f 802/1288/2170 803/1289/2172 1063/1180/2173 1061/1178/2171
f 803/1289/2172 804/1290/2174 1065/1182/2175 1063/1180/2173
f 804/1290/2174 805/1291/2176 1067/1184/2177 1065/1182/2175
f 805/1291/2176 806/1292/2178 1069/1153/2179 1067/1184/2177
f 806/1292/2178 1163/1293/2180 1164/1150/2181 1069/1153/2179
f 1126/1154/2182 1042/1157/2183 808/1294/2184 1125/1295/2185
f 1042/1157/2183 1044/1159/2186 809/1296/2187 808/1294/2184
f 1044/1160/2186 1046/1163/2188 810/1297/2189 809/1298/2187
f 1046/1163/2188 1048/1165/2190 811/1299/2191 810/1297/2189
f 1048/1165/2190 1050/1167/2192 812/1300/2193 811/1299/2191
f 1050/1167/2192 1052/1169/2194 813/1301/2195 812/1300/2193
f 1052/1169/2194 1054/1171/2196 814/1302/2197 813/1301/2195
f 1054/1171/2196 1056/1173/2198 815/1303/2199 814/1302/2197
f 1056/1173/2198 1058/1175/2200 816/1304/2201 815/1303/2199
f 1058/1175/2200 1060/1177/2202 817/1305/2203 816/1304/2201
f 1060/1177/2202 1062/1179/2204 818/1306/2205 817/1305/2203
f 1062/1179/2204 1064/1181/2206 819/1307/2207 818/1306/2205
f 1064/1181/2206 1066/1183/2208 820/1308/2209 819/1307/2207
f 1066/1183/2208 1068/1185/2210 821/1309/2211 820/1308/2209
f 1068/1185/2210 1070/1152/2212 822/1310/2213 821/1309/2211
f 1070/1152/2212 1165/1151/2214 1166/1311/2215 822/1310/2213
f 1125/1295/2216 808/1294/2217 1072/1189/1916 1124/1188/1915
f 808/1294/2217 809/1296/2218 1073/1190/1918 1072/1189/1916
f 809/1298/2218 810/1297/2219 1074/1192/1920 1073/1191/1918
f 810/1297/2219 811/1299/2220 1075/1193/1922 1074/1192/1920
f 811/1299/2220 812/1300/2221 1076/1194/1924 1075/1193/1922
f 812/1300/2221 813/1301/2222 1077/1195/1926 1076/1194/1924
f 813/1301/2222 814/1302/2223 1078/1196/1928 1077/1195/1926
f 814/1302/2223 815/1303/2224 1079/1197/1930 1078/1196/1928
f 815/1303/2224 816/1304/2225 1080/1198/1932 1079/1197/1930
f 816/1304/2225 817/1305/2226 1081/1199/1934 1080/1198/1932
f 817/1305/2226 818/1306/2227 1082/1200/1936 1081/1199/1934
f 818/1306/2227 819/1307/2228 1083/1201/1938 1082/1200/1936
f 819/1307/2228 820/1308/2229 1084/1202/1940 1083/1201/1938
f 820/1308/2229 821/1309/2230 1085/1203/1942 1084/1202/1940
f 821/1309/2230 822/1310/2231 1086/1187/1913 1085/1203/1942
f 822/1310/2231 1166/1311/2232 1167/1186/1910 1086/1187/1913
f 1121/981/2233 856/980/2234 1090/1210/2235 1120/1209/2236
f 856/980/2234 857/982/2237 1092/1212/2238 1090/1210/2235
f 857/984/2237 858/983/2239 1094/1216/2240 1092/1215/2238
f 858/983/2239 859/985/2241 1096/1218/2242 1094/1216/2240
f 859/985/2241 860/986/2243 1098/1220/2244 1096/1218/2242
f 860/986/2243 861/987/2245 1100/1222/2246 1098/1220/2244
f 861/987/2245 862/988/1604 1102/1224/2247 1100/1222/2246
f 862/988/1604 863/989/1603 1104/1226/2248 1102/1224/2247
f 863/989/1603 864/990/1607 1106/1228/2249 1104/1226/2248
f 864/990/1607 865/991/2250 1108/1230/2251 1106/1228/2249
f 865/991/2250 866/992/2252 1110/1232/2253 1108/1230/2251
f 866/992/2252 867/993/2254 1112/1234/2255 1110/1232/2253
f 867/993/2254 868/994/2256 1114/1236/2257 1112/1234/2255
f 868/994/2256 869/995/2258 1116/1238/2259 1114/1236/2257
f 869/995/2258 870/996/1635 1118/1207/2260 1116/1238/2259
f 870/996/1635 1170/997/1634 1171/1204/2261 1118/1207/2260
f 1095/1219/2262 1091/1312/2263 1093/1313/2264
f 1137/999/1639 888/998/1638 944/1043/2265 1136/1047/2266
f 902/1014/1667 1154/1015/1669 1155/1048/2267 948/1051/2268
f 901/1013/1665 902/1014/1667 948/1051/2268 950/1053/2269
f 900/1012/1663 901/1013/1665 950/1053/2269 952/1055/2270
f 899/1011/1661 900/1012/1663 952/1055/2270 954/1057/2271
f 898/1010/1659 899/1011/1661 954/1057/2271 956/1059/2272
f 897/1009/1657 898/1010/1659 956/1059/2272 958/1061/2273
f 896/1008/1655 897/1009/1657 958/1061/2273 960/1063/2274
f 895/1007/1653 896/1008/1655 960/1063/2274 962/1065/2275
f 894/1006/1651 895/1007/1653 962/1065/2275 964/1067/2276
f 893/1005/1649 894/1006/1651 964/1067/2276 966/1069/2277
f 892/1004/1647 893/1005/1649 966/1069/2277 968/1071/2278
f 891/1003/1645 892/1004/1647 968/1071/2278 970/1073/2279
f 890/1001/1643 891/1003/1645 970/1073/2279 972/1075/2280
f 889/1002/1641 890/1001/1643 972/1075/2280 974/1077/2281
f 888/998/1638 889/1000/1641 974/1044/2281 944/1043/2265
f 1088/1314/2282 1087/1315/2283 1120/1209/1949 1119/1208/1948
f 855/1316/2284 1121/981/2233 1120/1209/2236 1087/1315/2285
f 839/1317/2286 1122/947/1573 1121/981/1576 855/1316/2287
f 823/1318/2288 1123/944/1509 1122/947/1512 839/1317/2289
f 823/1318/2290 1071/1319/2291 1124/1188/1915 1123/944/1914
f 807/1320/2292 1125/1295/2216 1124/1188/1915 1071/1319/2291
f 1040/1321/2293 1126/1154/2182 1125/1295/2185 807/1320/2294
f 1040/1321/2295 1039/1322/2296 1127/1155/1881 1126/1154/1880
f 791/1323/2297 1128/1277/2148 1127/1155/2151 1039/1322/2298
f 1008/1324/2299 1129/1118/2114 1128/1277/2117 791/1323/2300
f 1008/1324/2301 1007/1325/2302 1130/1119/1847 1129/1118/1846
f 775/1326/2303 1131/1259/2080 1130/1119/2083 1007/1325/2304
f 976/1327/2305 1132/1082/2046 1131/1259/2049 775/1326/2306
f 976/1327/2307 975/1328/2308 1133/1083/1813 1132/1082/1812
f 694/1329/2309 1134/1241/2012 1133/1083/2015 975/1328/2310
f 1135/1046/1980 1134/1241/1979 694/1329/2311 946/1330/2312
f 1136/1047/1779 1135/1046/1778 946/1330/2313 945/1331/2314
f 887/1332/2315 1137/999/1639 1136/1047/2266 945/1331/2316
f 872/1333/2317 1138/893/1636 1137/999/1639 887/1332/2315
f 760/1334/2318 1139/890/1441 1138/893/1444 872/1333/2319
f 744/1335/2320 1140/926/1475 1139/890/1478 760/1334/2321
f 904/1336/2322 1141/1016/1670 1140/926/1673 744/1335/2323
f 920/1337/2324 1142/869/1704 1141/1016/1707 904/1336/2325
f 711/1338/2326 1143/832/1387 1142/869/1390 920/1337/2327
f 711/1338/2328 712/1339/2329 1144/833/1354 1143/832/1353
f 1145/886/1423 1144/833/1422 712/1339/2330 710/1340/1425
f 712/1339/2330 1147/836/1440 1146/889/1439 710/1340/1425
f 712/1339/2329 711/1338/2328 1148/837/1358 1147/836/1357
f 1149/885/1420 1148/837/1419 711/1338/2326 920/1337/2327
f 1150/1019/1710 1149/885/1709 920/1337/2324 904/1336/2325
f 1151/929/1676 1150/1019/1675 904/1336/2322 744/1335/2323
f 1152/895/1481 1151/929/1480 744/1335/2320 760/1334/2321
f 1153/896/1447 1152/895/1446 760/1334/2318 872/1333/2319
f 1154/1015/1669 1153/896/1668 872/1333/2317 887/1332/2315
f 1155/1048/2267 1154/1015/1669 887/1332/2315 945/1331/2316
f 945/1331/2314 946/1330/2313 1156/1049/1781 1155/1048/1780
f 694/1329/2311 1157/1242/1982 1156/1049/1985 946/1330/2312
f 1158/1078/2045 1157/1242/2044 694/1329/2309 975/1328/2310
f 975/1328/2308 976/1327/2307 1159/1079/1809 1158/1078/1808
f 1160/1275/2079 1159/1079/2078 976/1327/2305 775/1326/2306
f 1161/1114/2113 1160/1275/2112 775/1326/2303 1007/1325/2304
f 1007/1325/2302 1008/1324/2301 1162/1115/1843 1161/1114/1842
f 1163/1293/2147 1162/1115/2146 1008/1324/2299 791/1323/2300
f 1164/1150/2181 1163/1293/2180 791/1323/2297 1039/1322/2298
f 1039/1322/2296 1040/1321/2295 1165/1151/1877 1164/1150/1876
f 1166/1311/2215 1165/1151/2214 1040/1321/2293 807/1320/2294
f 1167/1186/1910 1166/1311/2232 807/1320/2292 1071/1319/2291
f 1071/1319/2291 823/1318/2290 1168/978/1911 1167/1186/1910
f 1169/979/1571 1168/978/1570 823/1318/2331 839/1317/2332
f 1170/997/1634 1169/979/1633 839/1317/2333 855/1316/2284
f 1171/1204/2261 1170/997/1634 855/1316/2284 1087/1315/2285
f 1087/1315/2283 1088/1314/2282 1172/1205/1945 1171/1204/1944
f 1115/1239/2334 1103/1227/2335 1105/1229/2336 1113/1237/2337
f 1117/1206/2338 1101/1225/2339 1103/1227/2340 1115/1239/2341
f 1101/1225/2342 1117/1206/2343 1099/1223/2344
f 1117/1206/2343 1172/1205/2345 1099/1223/2344
f 1088/1314/2346 1099/1223/2344 1172/1205/2345
f 1099/1223/2347 1088/1314/2348 1097/1221/2349
f 1088/1314/2348 1119/1341/2350 1097/1221/2349
f 1089/1342/2351 1097/1221/2349 1119/1341/2350
f 1089/1342/2352 1091/1312/2353 1095/1219/2354 1097/1221/2355
f 1113/1237/2356 1105/1229/2357 1107/1231/2358 1111/1235/2359
f 1111/1235/2360 1107/1231/2361 1109/1233/2362
f 1173/1343/2363 1175/1344/2364 1191/1345/2365 1193/1346/2366
f 1174/1347/2367 1173/1348/2368 1221/1349/2369 1222/1350/2370
f 1175/1344/2371 1174/1351/2372 1180/1352/2373 1179/1353/2374
f 1176/1354/2375 1178/1355/2376 1194/1356/2377 1196/1357/2378
f 1177/1358/2379 1176/1354/2380 1184/1359/2381 1183/1360/2382
f 1179/1353/2383 1181/1361/2384 1186/1362/2385 1185/1363/2386
f 1181/1364/2387 1180/1365/2388 1223/1366/2389 1224/1367/2390
f 1182/1368/2391 1184/1369/2392 1190/1370/2393 1189/1371/2394
f 1185/1363/2395 1187/1372/2396 1192/1373/2397 1191/1345/2398
f 1187/1372/2399 1186/1362/2400 1225/1374/2401 1226/1375/2402
f 1188/1376/2403 1190/1370/2404 1196/1357/2405 1195/1377/2406
f 1193/1346/2407 1192/1373/2408 1227/1378/2409 1228/1379/2410
f 1174/1380/2411 1222/1381/2412 1223/1382/2413 1180/1383/2414
f 1181/1364/2415 1224/1367/2416 1225/1374/2417 1186/1362/2418
f 1187/1372/2419 1226/1375/2420 1227/1378/2421 1192/1373/2422
f 1193/1346/2423 1228/1379/2424 1221/1349/2425 1173/1348/2426
f 1176/1354/2427 1196/1357/2428 1190/1370/2429 1184/1359/2430
f 1191/1345/2431 1175/1344/2432 1179/1353/2433 1185/1363/2434
f 1173/1343/2435 1174/1351/2436 1175/1344/2437
f 1176/1354/2438 1177/1358/2439 1178/1355/2440
f 1179/1353/2441 1180/1352/2442 1181/1361/2443
f 1182/1368/2444 1183/1384/2445 1184/1369/2446
f 1185/1363/2447 1186/1362/2448 1187/1372/2449
f 1188/1376/2450 1189/1371/2451 1190/1370/2452
f 1191/1345/2453 1192/1373/2454 1193/1346/2455
f 1194/1356/2456 1195/1377/2457 1196/1357/2458
f 1213/1385/2459 1214/1386/2460 1178/1387/2461 1177/1388/2462
f 1220/1389/2463 1213/1390/2464 1177/1391/2465 1183/1392/2466
f 1219/1393/2467 1220/1394/2468 1183/1384/2469 1182/1368/2470
f 1218/1395/2471 1219/1393/2472 1182/1368/2473 1189/1371/2474
f 1217/1396/2475 1218/1395/2476 1189/1371/2477 1188/1376/2478
f 1216/1397/2479 1217/1396/2480 1188/1376/2481 1195/1377/2482
f 1215/1398/2483 1216/1397/2484 1195/1377/2485 1194/1356/2486
f 1214/1386/2487 1215/1398/2488 1194/1356/2489 1178/1387/2490
f 1206/1399/2491 1205/1400/2492 1197/1401/2493 1198/1402/2494
f 1207/1403/2495 1206/1404/2496 1198/1405/2497 1199/1406/2498
f 1208/1407/2499 1207/1408/2500 1199/1409/2501 1200/1410/2502
f 1209/1411/2503 1208/1407/2504 1200/1410/2505 1201/1412/2506
f 1210/1413/2507 1209/1411/2508 1201/1412/2509 1202/1414/2510
f 1211/1415/2511 1210/1413/2512 1202/1414/2513 1203/1416/2514
f 1212/1417/2515 1211/1415/2516 1203/1416/2517 1204/1418/2518
f 1205/1400/2519 1212/1417/2520 1204/1418/2521 1197/1401/2522
f 1198/1402/2523 1197/1401/2524 1214/1386/2525 1213/1385/2526
f 1197/1401/2527 1204/1418/2528 1215/1398/2529 1214/1386/2530
f 1204/1418/2531 1203/1416/2532 1216/1397/2533 1215/1398/2534
f 1203/1416/2535 1202/1414/2536 1217/1396/2537 1216/1397/2538
f 1202/1414/2539 1201/1412/2540 1218/1395/2541 1217/1396/2542
f 1201/1412/2543 1200/1410/2544 1219/1393/2545 1218/1395/2546
f 1200/1410/2547 1199/1409/2548 1220/1394/2549 1219/1393/2550
f 1199/1406/2551 1198/1405/2552 1213/1390/2553 1220/1389/2554
f 1222/1350/2555 1221/1349/2556 1205/1400/2557 1206/1399/2558
f 1223/1382/2559 1222/1381/2560 1206/1404/2561 1207/1403/2562
f 1224/1367/2563 1223/1366/2564 1207/1408/2565 1208/1407/2566
f 1225/1374/2567 1224/1367/2568 1208/1407/2569 1209/1411/2570
f 1226/1375/2571 1225/1374/2572 1209/1411/2573 1210/1413/2574
f 1227/1378/2575 1226/1375/2576 1210/1413/2577 1211/1415/2578
f 1228/1379/2579 1227/1378/2580 1211/1415/2581 1212/1417/2582
f 1221/1349/2583 1228/1379/2584 1212/1417/2585 1205/1400/2586
